date,stock_id,stock_name,market,open,high,low,close,volume,trading_value,source
20240828,006201,元大富櫃50,TPEx,24.44,24.47,24.39,24.47,365000,8911770,TPEX_OTC_QUOTES_NO1430_JSON
20240828,00858,永豐美國500大,TPEx,31.2,31.33,31.16,31.33,256000,8008720,TPEX_OTC_QUOTES_NO1430_JSON
20240828,00877,復華中國5G,TPEx,10.18,10.25,10.09,10.1,1381000,13965780,TPEX_OTC_QUOTES_NO1430_JSON
20240828,00886,永豐美國科技,TPEx,32.61,32.61,32.44,32.54,16000,519790,TPEX_OTC_QUOTES_NO1430_JSON
20240828,00887,永豐中國科技50大,TPEx,9.21,9.25,9.13,9.17,1016000,9319010,TPEX_OTC_QUOTES_NO1430_JSON
20240828,00888,永豐台灣ESG,TPEx,16.8,17.01,16.79,17.0,2828000,47893790,TPEX_OTC_QUOTES_NO1430_JSON
20240828,00928,中信上櫃ESG 30,TPEx,17.36,17.4,17.25,17.34,552000,9569960,TPEX_OTC_QUOTES_NO1430_JSON
20240828,00955,中信日本商社,TPEx,9.92,9.97,9.92,9.95,3288000,32703320,TPEX_OTC_QUOTES_NO1430_JSON
20240828,020001,富邦存股雙十N,TPEx,11.93,11.93,11.93,11.93,1000,11930,TPEX_OTC_QUOTES_NO1430_JSON
20240828,020023,元大櫃買半導體N,TPEx,6.58,6.58,6.45,6.48,25000,162260,TPEX_OTC_QUOTES_NO1430_JSON
20240828,020025,統一亞洲半導體N,TPEx,10.28,10.35,10.28,10.35,7000,72030,TPEX_OTC_QUOTES_NO1430_JSON
20240828,020027,元大上櫃ESG成長N,TPEx,6.43,6.43,6.34,6.39,86000,547930,TPEX_OTC_QUOTES_NO1430_JSON
20240828,020033,統一恒生科期N,TPEx,2.97,2.98,2.97,2.97,132000,393120,TPEX_OTC_QUOTES_NO1430_JSON
20240828,020035,元大上櫃ESG高息N,TPEx,8.08,8.08,8.0,8.04,20000,160900,TPEX_OTC_QUOTES_NO1430_JSON
20240828,020040,元大上櫃ESG龍頭N,TPEx,5.61,5.61,5.61,5.61,4000,22440,TPEX_OTC_QUOTES_NO1430_JSON
20240828,020041,兆豐半導體氣候N,TPEx,6.1,6.1,6.09,6.09,7000,42680,TPEX_OTC_QUOTES_NO1430_JSON
20240828,1240,茂生農經,TPEx,51.7,52.3,50.9,52.3,133000,6885800,TPEX_OTC_QUOTES_NO1430_JSON
20240828,1259,安心,TPEx,70.0,70.7,70.0,70.7,4000,282100,TPEX_OTC_QUOTES_NO1430_JSON
20240828,1264,德麥,TPEx,316.5,319.0,316.5,318.5,7000,2226500,TPEX_OTC_QUOTES_NO1430_JSON
20240828,1268,漢來美食,TPEx,159.5,160.0,159.0,159.0,14000,2231500,TPEX_OTC_QUOTES_NO1430_JSON
20240828,1336,台翰,TPEx,23.55,23.6,23.25,23.45,167000,3908250,TPEX_OTC_QUOTES_NO1430_JSON
20240828,1565,精華,TPEx,175.5,177.5,175.0,177.5,125000,22022500,TPEX_OTC_QUOTES_NO1430_JSON
20240828,1569,濱川,TPEx,28.9,29.7,28.6,28.65,2977000,86353000,TPEX_OTC_QUOTES_NO1430_JSON
20240828,1570,力肯,TPEx,34.5,35.8,34.0,34.05,3131000,109321350,TPEX_OTC_QUOTES_NO1430_JSON
20240828,1580,新麥,TPEx,152.0,152.5,151.0,152.5,29000,4402000,TPEX_OTC_QUOTES_NO1430_JSON
20240828,1584,精剛,TPEx,41.05,41.1,40.3,40.35,4074000,165451700,TPEX_OTC_QUOTES_NO1430_JSON
20240828,1586,和勤,TPEx,32.45,33.95,32.25,33.2,705000,23413800,TPEX_OTC_QUOTES_NO1430_JSON
20240828,1591,駿吉-KY,TPEx,54.5,55.2,52.8,53.0,705000,37740200,TPEX_OTC_QUOTES_NO1430_JSON
20240828,1593,祺驊,TPEx,42.05,42.1,41.1,41.6,19000,790800,TPEX_OTC_QUOTES_NO1430_JSON
20240828,1595,川寶,TPEx,39.75,40.0,39.35,39.8,64000,2533600,TPEX_OTC_QUOTES_NO1430_JSON
20240828,1599,宏佳騰,TPEx,33.9,34.65,33.75,34.2,131000,4494950,TPEX_OTC_QUOTES_NO1430_JSON
20240828,1742,台蠟,TPEx,17.1,17.25,17.1,17.2,29000,498750,TPEX_OTC_QUOTES_NO1430_JSON
20240828,1777,生泰,TPEx,91.6,95.0,91.6,94.6,134000,12566800,TPEX_OTC_QUOTES_NO1430_JSON
20240828,1781,合世,TPEx,17.0,17.85,17.0,17.4,341000,5970100,TPEX_OTC_QUOTES_NO1430_JSON
20240828,1784,訊聯,TPEx,122.5,123.0,119.0,119.0,985000,118995000,TPEX_OTC_QUOTES_NO1430_JSON
20240828,1785,光洋科,TPEx,63.6,63.8,62.3,62.9,7092000,445795000,TPEX_OTC_QUOTES_NO1430_JSON
20240828,1788,杏昌,TPEx,138.0,138.5,138.0,138.0,17000,2352000,TPEX_OTC_QUOTES_NO1430_JSON
20240828,1796,金穎生技,TPEx,46.9,49.05,46.9,49.05,34000,1643600,TPEX_OTC_QUOTES_NO1430_JSON
20240828,1799,易威,TPEx,220.0,224.5,209.0,210.0,540000,115906000,TPEX_OTC_QUOTES_NO1430_JSON
20240828,1813,寶利徠,TPEx,19.85,19.85,19.8,19.8,6000,118850,TPEX_OTC_QUOTES_NO1430_JSON
20240828,1815,富喬,TPEx,23.2,23.35,22.65,22.65,8524000,195695200,TPEX_OTC_QUOTES_NO1430_JSON
20240828,2035,唐榮公司,TPEx,31.95,31.95,31.95,31.95,1000,31950,TPEX_OTC_QUOTES_NO1430_JSON
20240828,2061,風青,TPEx,23.85,25.25,23.85,24.55,863000,21351350,TPEX_OTC_QUOTES_NO1430_JSON
20240828,2063,世鎧精密,TPEx,44.9,45.1,44.6,45.05,32000,1437300,TPEX_OTC_QUOTES_NO1430_JSON
20240828,2064,晉椿,TPEx,15.0,15.0,14.95,14.95,8000,119950,TPEX_OTC_QUOTES_NO1430_JSON
20240828,2065,世豐,TPEx,59.2,59.7,59.2,59.2,34000,2017700,TPEX_OTC_QUOTES_NO1430_JSON
20240828,2066,世德,TPEx,110.0,111.0,108.5,108.5,82000,8987000,TPEX_OTC_QUOTES_NO1430_JSON
20240828,2067,嘉鋼,TPEx,11.0,11.05,11.0,11.0,8000,88050,TPEX_OTC_QUOTES_NO1430_JSON
20240828,2070,精湛,TPEx,82.4,83.9,82.4,83.0,385000,31958200,TPEX_OTC_QUOTES_NO1430_JSON
20240828,2221,大甲,TPEx,29.6,29.7,29.6,29.6,3000,88900,TPEX_OTC_QUOTES_NO1430_JSON
20240828,2230,泰茂,TPEx,162.0,163.0,160.0,161.5,242000,39145000,TPEX_OTC_QUOTES_NO1430_JSON
20240828,2235,謚源,TPEx,48.85,49.95,48.6,49.2,10000,491700,TPEX_OTC_QUOTES_NO1430_JSON
20240828,2596,綠意,TPEx,44.75,45.55,44.55,44.55,192000,8616850,TPEX_OTC_QUOTES_NO1430_JSON
20240828,2640,大車隊,TPEx,115.5,116.0,114.5,116.0,24000,2765500,TPEX_OTC_QUOTES_NO1430_JSON
20240828,2641,正德,TPEx,18.95,19.1,18.9,19.0,546000,10369650,TPEX_OTC_QUOTES_NO1430_JSON
20240828,2643,捷迅,TPEx,77.3,77.3,76.6,77.2,23000,1767200,TPEX_OTC_QUOTES_NO1430_JSON
20240828,2718,全心投控,TPEx,120.5,120.5,118.0,119.0,22000,2608500,TPEX_OTC_QUOTES_NO1430_JSON
20240828,2719,燦星旅,TPEx,52.2,53.0,52.2,52.5,10000,526300,TPEX_OTC_QUOTES_NO1430_JSON
20240828,2724,藝舍-KY,TPEx,37.0,37.0,35.3,36.9,9000,330350,TPEX_OTC_QUOTES_NO1430_JSON
20240828,2726,雅茗-KY,TPEx,30.7,31.55,30.35,31.25,10000,308300,TPEX_OTC_QUOTES_NO1430_JSON
20240828,2729,瓦城,TPEx,206.5,206.5,204.0,205.0,39000,7997000,TPEX_OTC_QUOTES_NO1430_JSON
20240828,2732,六角,TPEx,106.5,109.0,106.5,107.5,280000,30255500,TPEX_OTC_QUOTES_NO1430_JSON
20240828,2734,易飛網,TPEx,28.55,29.4,28.3,29.2,87000,2492050,TPEX_OTC_QUOTES_NO1430_JSON
20240828,2736,富野,TPEx,19.65,19.85,19.55,19.7,75000,1472150,TPEX_OTC_QUOTES_NO1430_JSON
20240828,2740,華軒,TPEx,26.95,27.7,26.1,26.1,9000,246850,TPEX_OTC_QUOTES_NO1430_JSON
20240828,2743,山富,TPEx,117.5,118.0,116.5,117.5,164000,19239000,TPEX_OTC_QUOTES_NO1430_JSON
20240828,2745,五福,TPEx,95.5,96.2,95.3,95.3,110000,10526800,TPEX_OTC_QUOTES_NO1430_JSON
20240828,2752,豆府,TPEx,258.0,258.0,255.0,255.0,5000,1278000,TPEX_OTC_QUOTES_NO1430_JSON
20240828,2754,亞洲藏壽司,TPEx,105.5,107.0,103.5,105.0,150000,15862500,TPEX_OTC_QUOTES_NO1430_JSON
20240828,2755,揚秦,TPEx,96.7,98.5,96.7,97.6,28000,2741500,TPEX_OTC_QUOTES_NO1430_JSON
20240828,2756,聯發國際,TPEx,80.0,80.5,79.2,79.5,25000,1993300,TPEX_OTC_QUOTES_NO1430_JSON
20240828,2916,滿心,TPEx,46.0,46.1,45.5,46.1,58000,2653700,TPEX_OTC_QUOTES_NO1430_JSON
20240828,2924,宏太-KY,TPEx,38.5,40.0,38.1,39.95,29000,1125450,TPEX_OTC_QUOTES_NO1430_JSON
20240828,2926,誠品生活,TPEx,54.3,54.4,53.8,54.4,19000,1029000,TPEX_OTC_QUOTES_NO1430_JSON
20240828,2937,集雅社,TPEx,34.4,34.4,34.4,34.4,1000,34400,TPEX_OTC_QUOTES_NO1430_JSON
20240828,2941,米斯特,TPEx,81.0,81.0,81.0,81.0,2000,162000,TPEX_OTC_QUOTES_NO1430_JSON
20240828,2947,振宇五金,TPEx,82.0,82.0,81.8,81.8,13000,1065600,TPEX_OTC_QUOTES_NO1430_JSON
20240828,2948,寶陞,TPEx,56.6,56.6,56.6,56.6,1000,56600,TPEX_OTC_QUOTES_NO1430_JSON
20240828,2949,欣新網,TPEx,85.7,86.6,85.1,86.6,8000,688000,TPEX_OTC_QUOTES_NO1430_JSON
20240828,3064,泰偉,TPEx,82.5,82.5,80.0,81.9,12000,976100,TPEX_OTC_QUOTES_NO1430_JSON
20240828,3066,李洲,TPEx,23.7,25.0,23.7,24.9,657000,16205350,TPEX_OTC_QUOTES_NO1430_JSON
20240828,3067,全域,TPEx,32.5,32.6,32.35,32.35,24000,778900,TPEX_OTC_QUOTES_NO1430_JSON
20240828,3071,協禧,TPEx,31.8,31.95,31.45,31.8,206000,6534600,TPEX_OTC_QUOTES_NO1430_JSON
20240828,3073,天方能源,TPEx,91.1,91.1,87.5,90.0,312000,27715700,TPEX_OTC_QUOTES_NO1430_JSON
20240828,3078,僑威,TPEx,72.0,72.0,70.9,71.0,3317000,236261500,TPEX_OTC_QUOTES_NO1430_JSON
20240828,3081,聯亞,TPEx,136.0,145.0,136.0,145.0,4207000,605616000,TPEX_OTC_QUOTES_NO1430_JSON
20240828,3083,網龍,TPEx,46.75,46.95,46.3,46.65,114000,5310400,TPEX_OTC_QUOTES_NO1430_JSON
20240828,3085,新零售,TPEx,13.85,14.2,13.4,13.8,13000,180300,TPEX_OTC_QUOTES_NO1430_JSON
20240828,3086,華義*,TPEx,175.0,183.5,174.0,178.5,533000,95887000,TPEX_OTC_QUOTES_NO1430_JSON
20240828,3088,艾訊,TPEx,89.0,89.7,88.4,88.5,210000,18668600,TPEX_OTC_QUOTES_NO1430_JSON
20240828,3093,港建*,TPEx,28.7,28.75,28.35,28.45,62000,1764900,TPEX_OTC_QUOTES_NO1430_JSON
20240828,3095,及成,TPEx,62.0,62.0,59.0,59.8,82000,4953500,TPEX_OTC_QUOTES_NO1430_JSON
20240828,3105,穩懋,TPEx,133.0,134.5,131.5,132.5,1763000,233474500,TPEX_OTC_QUOTES_NO1430_JSON
20240828,3114,好德,TPEx,26.7,26.7,26.5,26.65,28000,743900,TPEX_OTC_QUOTES_NO1430_JSON
20240828,3115,富榮綱,TPEx,9.83,9.83,9.59,9.59,2000,19420,TPEX_OTC_QUOTES_NO1430_JSON
20240828,3118,進階,TPEx,32.5,32.85,32.45,32.85,19000,618800,TPEX_OTC_QUOTES_NO1430_JSON
20240828,3122,笙泉,TPEx,40.0,40.0,39.15,39.7,308000,12186250,TPEX_OTC_QUOTES_NO1430_JSON
20240828,3128,昇銳,TPEx,28.7,28.9,28.6,28.7,29000,832750,TPEX_OTC_QUOTES_NO1430_JSON
20240828,3131,弘塑,TPEx,2060.0,2135.0,2020.0,2095.0,1371000,2861190000,TPEX_OTC_QUOTES_NO1430_JSON
20240828,3141,晶宏,TPEx,81.6,82.1,81.1,81.1,180000,14668700,TPEX_OTC_QUOTES_NO1430_JSON
20240828,3147,大綜,TPEx,149.5,163.5,148.0,158.5,7547000,1186389000,TPEX_OTC_QUOTES_NO1430_JSON
20240828,3152,璟德,TPEx,172.0,172.0,171.0,172.0,31000,5313000,TPEX_OTC_QUOTES_NO1430_JSON
20240828,3162,精確,TPEx,32.2,32.3,31.85,32.3,252000,8096350,TPEX_OTC_QUOTES_NO1430_JSON
20240828,3163,波若威,TPEx,165.5,176.5,164.5,165.5,30027000,5119385500,TPEX_OTC_QUOTES_NO1430_JSON
20240828,3169,亞信,TPEx,110.0,110.5,110.0,110.5,51000,5624000,TPEX_OTC_QUOTES_NO1430_JSON
20240828,3171,炎洲流通,TPEx,25.65,25.9,25.65,25.75,70000,1800450,TPEX_OTC_QUOTES_NO1430_JSON
20240828,3176,基亞,TPEx,38.25,38.8,38.2,38.7,105000,4047550,TPEX_OTC_QUOTES_NO1430_JSON
20240828,3178,公準,TPEx,88.2,89.3,87.4,88.5,100000,8821900,TPEX_OTC_QUOTES_NO1430_JSON
20240828,3188,鑫龍騰,TPEx,42.8,43.7,42.0,42.0,1188000,50627950,TPEX_OTC_QUOTES_NO1430_JSON
20240828,3202,樺晟,TPEx,15.95,16.0,15.75,15.75,456000,7236200,TPEX_OTC_QUOTES_NO1430_JSON
20240828,3205,佰研,TPEx,38.75,39.4,38.75,39.1,53000,2076400,TPEX_OTC_QUOTES_NO1430_JSON
20240828,3206,志豐,TPEx,48.4,48.75,48.4,48.6,55000,2672950,TPEX_OTC_QUOTES_NO1430_JSON
20240828,3207,耀勝,TPEx,129.0,137.5,129.0,134.5,467000,62882000,TPEX_OTC_QUOTES_NO1430_JSON
20240828,3211,順達,TPEx,102.5,103.0,101.5,102.5,403000,41268000,TPEX_OTC_QUOTES_NO1430_JSON
20240828,3213,茂訊,TPEx,93.6,94.5,93.2,93.8,138000,12948700,TPEX_OTC_QUOTES_NO1430_JSON
20240828,3217,優群,TPEx,150.5,151.0,149.0,149.0,768000,115271500,TPEX_OTC_QUOTES_NO1430_JSON
20240828,3218,大學光,TPEx,233.0,233.0,228.5,228.5,218000,50082000,TPEX_OTC_QUOTES_NO1430_JSON
20240828,3219,倚強科,TPEx,57.0,57.2,56.1,56.2,137000,7753600,TPEX_OTC_QUOTES_NO1430_JSON
20240828,3221,台嘉碩,TPEx,26.85,27.35,26.85,27.15,254000,6886250,TPEX_OTC_QUOTES_NO1430_JSON
20240828,3224,三顧,TPEx,45.4,48.5,45.4,47.6,1285000,60868850,TPEX_OTC_QUOTES_NO1430_JSON
20240828,3226,龍鋒,TPEx,52.4,52.4,52.4,52.4,1000,52400,TPEX_OTC_QUOTES_NO1430_JSON
20240828,3227,原相,TPEx,207.0,210.0,203.5,205.0,3077000,635360000,TPEX_OTC_QUOTES_NO1430_JSON
20240828,3228,金麗科,TPEx,276.0,283.5,269.0,269.0,617000,169693000,TPEX_OTC_QUOTES_NO1430_JSON
20240828,3230,錦明,TPEx,46.3,49.2,46.3,48.85,653000,31651900,TPEX_OTC_QUOTES_NO1430_JSON
20240828,3232,昱捷,TPEx,28.45,28.8,28.2,28.3,43000,1217350,TPEX_OTC_QUOTES_NO1430_JSON
20240828,3234,光環,TPEx,39.6,41.25,39.15,40.2,1566000,63509950,TPEX_OTC_QUOTES_NO1430_JSON
20240828,3236,千如,TPEx,20.2,20.3,20.15,20.25,59000,1194050,TPEX_OTC_QUOTES_NO1430_JSON
20240828,3252,海灣,TPEx,21.25,21.3,21.0,21.0,21000,442900,TPEX_OTC_QUOTES_NO1430_JSON
20240828,3259,鑫創,TPEx,28.2,28.9,28.0,28.0,31000,880950,TPEX_OTC_QUOTES_NO1430_JSON
20240828,3260,威剛,TPEx,96.9,96.9,95.0,95.0,3508000,335422100,TPEX_OTC_QUOTES_NO1430_JSON
20240828,3264,欣銓,TPEx,67.5,68.9,67.1,68.8,4002000,273359800,TPEX_OTC_QUOTES_NO1430_JSON
20240828,3265,台星科,TPEx,105.0,109.5,105.0,108.5,1086000,117074500,TPEX_OTC_QUOTES_NO1430_JSON
20240828,3268,海德威,TPEx,24.85,26.15,24.85,25.6,103000,2628050,TPEX_OTC_QUOTES_NO1430_JSON
20240828,3272,東碩,TPEx,29.6,31.5,29.6,30.4,152000,4676350,TPEX_OTC_QUOTES_NO1430_JSON
20240828,3276,宇環,TPEx,16.45,16.8,16.45,16.65,91000,1518600,TPEX_OTC_QUOTES_NO1430_JSON
20240828,3284,太普高,TPEx,59.9,62.8,59.9,62.2,919000,56579700,TPEX_OTC_QUOTES_NO1430_JSON
20240828,3285,微端,TPEx,28.5,29.2,28.5,29.05,139000,4004850,TPEX_OTC_QUOTES_NO1430_JSON
20240828,3287,廣寰科,TPEx,41.0,42.55,40.3,42.05,855000,35933000,TPEX_OTC_QUOTES_NO1430_JSON
20240828,3288,點晶,TPEx,26.2,26.2,25.8,26.0,12000,312250,TPEX_OTC_QUOTES_NO1430_JSON
20240828,3289,宜特,TPEx,152.0,158.5,148.5,156.0,2541000,394083000,TPEX_OTC_QUOTES_NO1430_JSON
20240828,3290,東浦,TPEx,31.15,31.4,31.15,31.2,596000,18621800,TPEX_OTC_QUOTES_NO1430_JSON
20240828,3293,鈊象,TPEx,810.0,818.0,800.0,810.0,2662000,2154925000,TPEX_OTC_QUOTES_NO1430_JSON
20240828,3294,英濟,TPEx,31.1,34.0,30.55,32.0,5476000,180771250,TPEX_OTC_QUOTES_NO1430_JSON
20240828,3297,杭特,TPEx,28.8,29.2,28.55,28.65,340000,9800700,TPEX_OTC_QUOTES_NO1430_JSON
20240828,3303,岱稜,TPEx,63.7,66.5,63.0,65.8,2348000,152311200,TPEX_OTC_QUOTES_NO1430_JSON
20240828,3306,鼎天,TPEx,54.3,54.9,54.1,54.6,128000,6970700,TPEX_OTC_QUOTES_NO1430_JSON
20240828,3310,佳穎,TPEx,82.0,83.1,82.0,82.6,11000,907100,TPEX_OTC_QUOTES_NO1430_JSON
20240828,3313,斐成,TPEx,19.6,19.8,19.15,19.4,623000,12106850,TPEX_OTC_QUOTES_NO1430_JSON
20240828,3317,尼克森,TPEx,50.4,50.6,49.55,49.75,167000,8341850,TPEX_OTC_QUOTES_NO1430_JSON
20240828,3322,建舜電,TPEx,22.7,22.9,22.45,22.5,597000,13505950,TPEX_OTC_QUOTES_NO1430_JSON
20240828,3323,加百裕,TPEx,25.2,25.3,25.0,25.2,125000,3141300,TPEX_OTC_QUOTES_NO1430_JSON
20240828,3324,雙鴻,TPEx,641.0,644.0,625.0,636.0,3467000,2201117000,TPEX_OTC_QUOTES_NO1430_JSON
20240828,3325,旭品,TPEx,25.3,25.7,25.2,25.3,507000,12870550,TPEX_OTC_QUOTES_NO1430_JSON
20240828,3332,幸康,TPEx,41.85,41.85,41.85,41.85,1000,41850,TPEX_OTC_QUOTES_NO1430_JSON
20240828,3339,泰谷,TPEx,46.3,47.15,45.0,45.0,4018000,185238200,TPEX_OTC_QUOTES_NO1430_JSON
20240828,3349,寶德,TPEx,28.5,28.8,27.7,28.5,38000,1065200,TPEX_OTC_QUOTES_NO1430_JSON
20240828,3354,律勝,TPEx,20.3,20.45,20.1,20.45,74000,1500500,TPEX_OTC_QUOTES_NO1430_JSON
20240828,3357,臺慶科,TPEx,143.5,143.5,139.0,139.0,472000,66008000,TPEX_OTC_QUOTES_NO1430_JSON
20240828,3360,尚立,TPEx,15.45,15.5,15.4,15.45,125000,1930900,TPEX_OTC_QUOTES_NO1430_JSON
20240828,3362,先進光,TPEx,247.0,252.5,245.5,248.5,2084000,519580500,TPEX_OTC_QUOTES_NO1430_JSON
20240828,3363,上詮,TPEx,176.0,183.5,174.0,177.0,14573000,2605595000,TPEX_OTC_QUOTES_NO1430_JSON
20240828,3372,典範,TPEx,19.05,19.1,18.85,18.95,420000,7969850,TPEX_OTC_QUOTES_NO1430_JSON
20240828,3373,熱映,TPEx,24.05,24.45,23.8,24.15,104000,2505000,TPEX_OTC_QUOTES_NO1430_JSON
20240828,3374,精材,TPEx,271.0,280.5,267.5,276.0,17370000,4756699500,TPEX_OTC_QUOTES_NO1430_JSON
20240828,3379,彬台,TPEx,43.1,43.5,41.5,41.9,1191000,50728700,TPEX_OTC_QUOTES_NO1430_JSON
20240828,3388,崇越電,TPEx,71.4,71.5,71.3,71.4,30000,2141500,TPEX_OTC_QUOTES_NO1430_JSON
20240828,3390,旭軟,TPEx,36.05,37.3,35.8,35.9,3247000,118143000,TPEX_OTC_QUOTES_NO1430_JSON
20240828,3402,漢科,TPEx,114.0,114.0,111.0,113.0,896000,101134000,TPEX_OTC_QUOTES_NO1430_JSON
20240828,3426,台興,TPEx,52.1,52.4,51.0,51.7,13000,671500,TPEX_OTC_QUOTES_NO1430_JSON
20240828,3430,奇鈦科,TPEx,62.7,67.5,62.7,64.7,1426000,94051200,TPEX_OTC_QUOTES_NO1430_JSON
20240828,3434,哲固,TPEx,28.9,29.35,28.6,28.9,15000,433650,TPEX_OTC_QUOTES_NO1430_JSON
20240828,3438,類比科,TPEx,81.0,81.0,79.5,79.5,435000,34908100,TPEX_OTC_QUOTES_NO1430_JSON
20240828,3441,聯一光電,TPEx,40.2,40.35,39.6,39.8,961000,38406950,TPEX_OTC_QUOTES_NO1430_JSON
20240828,3444,利機,TPEx,96.1,96.2,93.8,94.3,274000,25948800,TPEX_OTC_QUOTES_NO1430_JSON
20240828,3455,由田,TPEx,139.5,146.0,137.0,137.0,3410000,479503000,TPEX_OTC_QUOTES_NO1430_JSON
20240828,3465,進泰電子,TPEx,65.0,65.3,64.2,65.0,19000,1229800,TPEX_OTC_QUOTES_NO1430_JSON
20240828,3466,德晉,TPEx,67.6,71.4,67.5,69.4,496000,34342500,TPEX_OTC_QUOTES_NO1430_JSON
20240828,3479,安勤,TPEx,104.5,106.5,104.5,105.5,247000,26076500,TPEX_OTC_QUOTES_NO1430_JSON
20240828,3483,力致,TPEx,176.0,177.5,168.5,169.0,2439000,419875500,TPEX_OTC_QUOTES_NO1430_JSON
20240828,3484,崧騰,TPEx,57.3,60.1,57.2,58.7,1661000,97747000,TPEX_OTC_QUOTES_NO1430_JSON
20240828,3489,森寶,TPEx,31.3,31.7,31.2,31.3,150000,4710650,TPEX_OTC_QUOTES_NO1430_JSON
20240828,3490,單井,TPEx,34.25,35.15,33.85,34.5,1062000,36711950,TPEX_OTC_QUOTES_NO1430_JSON
20240828,3491,昇達科,TPEx,340.0,342.0,331.5,336.0,2530000,853675500,TPEX_OTC_QUOTES_NO1430_JSON
20240828,3492,長盛,TPEx,30.7,31.0,28.85,29.05,2058000,61569250,TPEX_OTC_QUOTES_NO1430_JSON
20240828,3498,陽程,TPEx,57.0,58.8,55.5,56.0,12496000,714181300,TPEX_OTC_QUOTES_NO1430_JSON
20240828,3499,環天科,TPEx,20.1,20.3,20.05,20.2,83000,1671250,TPEX_OTC_QUOTES_NO1430_JSON
20240828,3508,位速,TPEx,25.7,26.6,25.55,26.4,116000,3020900,TPEX_OTC_QUOTES_NO1430_JSON
20240828,3511,矽瑪,TPEx,25.45,26.7,25.45,26.15,170000,4461100,TPEX_OTC_QUOTES_NO1430_JSON
20240828,3512,皇龍,TPEx,36.45,36.8,35.9,36.5,102000,3709650,TPEX_OTC_QUOTES_NO1430_JSON
20240828,3516,亞帝歐,TPEx,24.6,24.8,24.5,24.5,20000,491550,TPEX_OTC_QUOTES_NO1430_JSON
20240828,3520,華盈,TPEx,22.4,22.75,22.2,22.5,854000,19222900,TPEX_OTC_QUOTES_NO1430_JSON
20240828,3521,台鋼建設,TPEx,17.75,17.8,17.65,17.8,57000,1010850,TPEX_OTC_QUOTES_NO1430_JSON
20240828,3522,御嵿,TPEx,29.0,29.45,28.0,28.3,5023000,144335000,TPEX_OTC_QUOTES_NO1430_JSON
20240828,3523,迎輝,TPEx,20.0,20.4,20.0,20.4,115000,2325000,TPEX_OTC_QUOTES_NO1430_JSON
20240828,3526,凡甲,TPEx,234.5,237.0,232.5,233.0,181000,42431000,TPEX_OTC_QUOTES_NO1430_JSON
20240828,3527,聚積,TPEx,82.9,83.6,82.9,83.3,23000,1914300,TPEX_OTC_QUOTES_NO1430_JSON
20240828,3529,力旺,TPEx,2595.0,2630.0,2540.0,2555.0,189000,487375000,TPEX_OTC_QUOTES_NO1430_JSON
20240828,3531,先益,TPEx,30.05,30.05,29.4,29.8,13000,387100,TPEX_OTC_QUOTES_NO1430_JSON
20240828,3537,堡達,TPEx,55.8,57.0,55.5,57.0,470000,26497100,TPEX_OTC_QUOTES_NO1430_JSON
20240828,3540,曜越,TPEx,41.5,41.5,40.2,40.3,842000,34126400,TPEX_OTC_QUOTES_NO1430_JSON
20240828,3541,西柏,TPEx,29.6,29.95,29.6,29.9,41000,1219650,TPEX_OTC_QUOTES_NO1430_JSON
20240828,3546,宇峻,TPEx,81.5,81.5,80.8,80.8,68000,5512300,TPEX_OTC_QUOTES_NO1430_JSON
20240828,3548,兆利,TPEx,164.5,164.5,161.0,161.5,256000,41496500,TPEX_OTC_QUOTES_NO1430_JSON
20240828,3551,世禾,TPEx,111.0,113.0,109.5,109.5,956000,106157000,TPEX_OTC_QUOTES_NO1430_JSON
20240828,3552,同致,TPEx,85.4,85.4,84.4,84.4,104000,8812000,TPEX_OTC_QUOTES_NO1430_JSON
20240828,3555,博士旺,TPEx,38.2,38.2,37.8,38.15,23000,872350,TPEX_OTC_QUOTES_NO1430_JSON
20240828,3556,禾瑞亞,TPEx,48.75,49.0,48.7,48.9,54000,2637150,TPEX_OTC_QUOTES_NO1430_JSON
20240828,3558,神準,TPEx,166.0,166.0,163.0,163.0,87000,14236500,TPEX_OTC_QUOTES_NO1430_JSON
20240828,3564,其陽,TPEx,89.5,92.5,89.1,91.0,1306000,119009400,TPEX_OTC_QUOTES_NO1430_JSON
20240828,3567,逸昌,TPEx,35.5,36.05,35.4,36.05,79000,2819400,TPEX_OTC_QUOTES_NO1430_JSON
20240828,3570,大塚,TPEx,154.5,156.5,154.5,156.5,43000,6690000,TPEX_OTC_QUOTES_NO1430_JSON
20240828,3577,泓格,TPEx,50.5,52.8,50.5,51.7,47000,2422500,TPEX_OTC_QUOTES_NO1430_JSON
20240828,3580,友威科,TPEx,120.0,125.0,115.0,118.0,20742000,2478497500,TPEX_OTC_QUOTES_NO1430_JSON
20240828,3581,博磊,TPEx,52.6,55.5,51.4,52.1,5901000,314655100,TPEX_OTC_QUOTES_NO1430_JSON
20240828,3587,閎康,TPEx,292.0,296.0,291.0,291.0,1457000,427392000,TPEX_OTC_QUOTES_NO1430_JSON
20240828,3594,磐儀,TPEx,45.05,45.65,43.8,43.9,1103000,49072000,TPEX_OTC_QUOTES_NO1430_JSON
20240828,3597,映興,TPEx,27.9,28.0,27.25,27.6,162000,4456450,TPEX_OTC_QUOTES_NO1430_JSON
20240828,3609,三一東林,TPEx,38.45,40.5,38.45,39.9,144000,5712250,TPEX_OTC_QUOTES_NO1430_JSON
20240828,3611,鼎翰,TPEx,213.0,214.5,210.5,213.5,81000,17218000,TPEX_OTC_QUOTES_NO1430_JSON
20240828,3615,安可,TPEx,33.0,33.45,31.5,31.75,9995000,326055000,TPEX_OTC_QUOTES_NO1430_JSON
20240828,3623,富晶通,TPEx,25.65,28.15,25.65,28.15,345000,9488750,TPEX_OTC_QUOTES_NO1430_JSON
20240828,3624,光頡,TPEx,52.1,52.1,51.0,51.3,328000,16865200,TPEX_OTC_QUOTES_NO1430_JSON
20240828,3625,西勝,TPEx,12.65,12.65,12.4,12.5,70000,872550,TPEX_OTC_QUOTES_NO1430_JSON
20240828,3628,盈正,TPEx,44.45,44.7,43.9,44.2,49000,2168200,TPEX_OTC_QUOTES_NO1430_JSON
20240828,3629,地心引力,TPEx,30.05,30.5,30.05,30.4,16000,486150,TPEX_OTC_QUOTES_NO1430_JSON
20240828,3630,新鉅科,TPEx,28.1,28.3,27.9,28.0,136000,3823100,TPEX_OTC_QUOTES_NO1430_JSON
20240828,3631,晟楠,TPEx,43.9,44.35,43.6,44.1,332000,14608900,TPEX_OTC_QUOTES_NO1430_JSON
20240828,3632,研勤,TPEx,14.45,14.45,14.45,14.45,3000,43350,TPEX_OTC_QUOTES_NO1430_JSON
20240828,3646,艾恩特,TPEx,30.05,30.05,29.6,29.6,109000,3254800,TPEX_OTC_QUOTES_NO1430_JSON
20240828,3663,鑫科,TPEx,101.0,109.0,100.0,101.5,18317000,1915662500,TPEX_OTC_QUOTES_NO1430_JSON
20240828,3664,安瑞-KY,TPEx,21.6,22.25,21.6,22.1,12000,264600,TPEX_OTC_QUOTES_NO1430_JSON
20240828,3666,光耀,TPEx,34.6,35.25,34.6,34.85,68000,2371750,TPEX_OTC_QUOTES_NO1430_JSON
20240828,3672,康聯訊,TPEx,20.45,20.45,19.55,20.05,32000,639500,TPEX_OTC_QUOTES_NO1430_JSON
20240828,3675,德微,TPEx,307.0,308.0,298.5,301.5,352000,106444000,TPEX_OTC_QUOTES_NO1430_JSON
20240828,3680,家登,TPEx,563.0,583.0,561.0,572.0,2743000,1577104000,TPEX_OTC_QUOTES_NO1430_JSON
20240828,3684,榮昌,TPEx,44.0,44.5,44.0,44.5,6000,265000,TPEX_OTC_QUOTES_NO1430_JSON
20240828,3685,元創精密,TPEx,17.8,18.2,17.7,18.1,115000,2070950,TPEX_OTC_QUOTES_NO1430_JSON
20240828,3687,歐買尬,TPEx,94.9,95.6,93.5,94.5,141000,13342700,TPEX_OTC_QUOTES_NO1430_JSON
20240828,3689,湧德,TPEx,88.9,94.9,88.6,90.7,13237000,1220391400,TPEX_OTC_QUOTES_NO1430_JSON
20240828,3691,碩禾,TPEx,113.0,113.0,110.5,110.5,268000,29782000,TPEX_OTC_QUOTES_NO1430_JSON
20240828,3693,營邦,TPEx,375.0,383.5,367.5,382.0,455000,170847500,TPEX_OTC_QUOTES_NO1430_JSON
20240828,3707,漢磊,TPEx,65.4,65.7,64.0,64.0,2609000,168266100,TPEX_OTC_QUOTES_NO1430_JSON
20240828,3709,鑫聯大投控,TPEx,26.95,26.95,26.45,26.5,34000,905750,TPEX_OTC_QUOTES_NO1430_JSON
20240828,3710,連展投控,TPEx,11.05,11.75,11.05,11.6,3955000,45292600,TPEX_OTC_QUOTES_NO1430_JSON
20240828,3713,新晶投控,TPEx,26.85,26.9,26.0,26.5,97000,2563900,TPEX_OTC_QUOTES_NO1430_JSON
20240828,4102,永日,TPEx,40.25,40.5,39.85,40.5,212000,8525800,TPEX_OTC_QUOTES_NO1430_JSON
20240828,4105,東洋,TPEx,74.4,74.8,74.3,74.7,158000,11777800,TPEX_OTC_QUOTES_NO1430_JSON
20240828,4107,邦特,TPEx,136.5,138.0,136.5,138.0,76000,10422500,TPEX_OTC_QUOTES_NO1430_JSON
20240828,4109,加捷生醫,TPEx,31.1,31.7,30.65,31.45,1380000,43007100,TPEX_OTC_QUOTES_NO1430_JSON
20240828,4111,濟生,TPEx,26.2,26.3,26.1,26.15,95000,2482850,TPEX_OTC_QUOTES_NO1430_JSON
20240828,4113,聯上,TPEx,45.5,46.35,45.15,45.4,767000,35032900,TPEX_OTC_QUOTES_NO1430_JSON
20240828,4114,健喬,TPEx,38.15,38.25,38.05,38.15,432000,16483900,TPEX_OTC_QUOTES_NO1430_JSON
20240828,4116,明基醫,TPEx,50.6,50.6,50.1,50.1,37000,1861300,TPEX_OTC_QUOTES_NO1430_JSON
20240828,4120,友華,TPEx,49.35,51.4,49.2,49.85,213000,10706900,TPEX_OTC_QUOTES_NO1430_JSON
20240828,4121,優盛,TPEx,19.1,19.2,19.0,19.0,53000,1012500,TPEX_OTC_QUOTES_NO1430_JSON
20240828,4123,晟德,TPEx,46.5,46.7,45.75,46.0,1398000,64458300,TPEX_OTC_QUOTES_NO1430_JSON
20240828,4126,太醫,TPEx,86.7,86.7,85.6,86.1,100000,8601200,TPEX_OTC_QUOTES_NO1430_JSON
20240828,4127,天良,TPEx,34.0,37.4,34.0,37.4,1513000,56160850,TPEX_OTC_QUOTES_NO1430_JSON
20240828,4128,中天,TPEx,44.9,45.5,44.8,45.05,3214000,145238350,TPEX_OTC_QUOTES_NO1430_JSON
20240828,4129,聯合,TPEx,99.5,100.5,99.5,99.8,194000,19376500,TPEX_OTC_QUOTES_NO1430_JSON
20240828,4130,健亞,TPEx,22.45,22.6,22.4,22.55,78000,1755250,TPEX_OTC_QUOTES_NO1430_JSON
20240828,4131,浩泰,TPEx,31.9,31.9,31.0,31.0,9000,283450,TPEX_OTC_QUOTES_NO1430_JSON
20240828,4138,曜亞,TPEx,96.9,97.2,96.6,96.7,17000,1646200,TPEX_OTC_QUOTES_NO1430_JSON
20240828,4139,馬光-KY,TPEx,31.6,32.4,31.2,31.5,92000,2918850,TPEX_OTC_QUOTES_NO1430_JSON
20240828,4147,中裕,TPEx,82.7,84.9,82.6,83.7,619000,51945000,TPEX_OTC_QUOTES_NO1430_JSON
20240828,4153,鈺緯,TPEx,46.8,46.8,46.05,46.3,66000,3055300,TPEX_OTC_QUOTES_NO1430_JSON
20240828,4157,太景*-KY,TPEx,14.5,14.7,14.5,14.65,1199000,17507450,TPEX_OTC_QUOTES_NO1430_JSON
20240828,4160,訊聯基因,TPEx,112.5,114.5,111.0,111.0,495000,55762000,TPEX_OTC_QUOTES_NO1430_JSON
20240828,4161,聿新科,TPEx,34.1,34.1,33.4,33.55,89000,2982350,TPEX_OTC_QUOTES_NO1430_JSON
20240828,4162,智擎,TPEx,86.5,87.2,86.1,86.6,184000,15926200,TPEX_OTC_QUOTES_NO1430_JSON
20240828,4163,鐿鈦,TPEx,122.0,122.5,120.5,120.5,32000,3891500,TPEX_OTC_QUOTES_NO1430_JSON
20240828,4167,松瑞藥,TPEx,22.85,23.15,22.85,22.95,1512000,34794750,TPEX_OTC_QUOTES_NO1430_JSON
20240828,4168,醣聯,TPEx,27.5,27.8,27.35,27.55,207000,5695350,TPEX_OTC_QUOTES_NO1430_JSON
20240828,4171,瑞基,TPEx,31.4,31.75,31.3,31.7,111000,3497950,TPEX_OTC_QUOTES_NO1430_JSON
20240828,4173,久裕,TPEx,20.95,21.1,20.9,21.05,32000,672450,TPEX_OTC_QUOTES_NO1430_JSON
20240828,4174,浩鼎,TPEx,85.6,91.5,85.5,90.0,6968000,624805900,TPEX_OTC_QUOTES_NO1430_JSON
20240828,4175,杏一,TPEx,72.0,72.1,71.7,71.7,21000,1509000,TPEX_OTC_QUOTES_NO1430_JSON
20240828,4183,福永生技,TPEx,24.5,24.65,24.45,24.5,14000,343300,TPEX_OTC_QUOTES_NO1430_JSON
20240828,4188,安克,TPEx,22.4,23.95,22.35,22.95,232000,5373200,TPEX_OTC_QUOTES_NO1430_JSON
20240828,4192,杏國,TPEx,39.7,39.7,39.55,39.55,2000,79250,TPEX_OTC_QUOTES_NO1430_JSON
20240828,4198,欣大健康,TPEx,37.35,37.35,36.3,36.3,29000,1062150,TPEX_OTC_QUOTES_NO1430_JSON
20240828,4205,中華食,TPEx,90.7,91.3,90.7,90.9,16000,1456200,TPEX_OTC_QUOTES_NO1430_JSON
20240828,4207,環泰,TPEx,17.05,17.15,17.0,17.1,268000,4585200,TPEX_OTC_QUOTES_NO1430_JSON
20240828,4303,信立,TPEx,50.0,52.0,48.5,51.5,20476000,1037136850,TPEX_OTC_QUOTES_NO1430_JSON
20240828,4304,勝昱,TPEx,13.0,13.0,13.0,13.0,15000,195000,TPEX_OTC_QUOTES_NO1430_JSON
20240828,4305,世坤,TPEx,44.7,44.85,44.5,44.8,9000,402200,TPEX_OTC_QUOTES_NO1430_JSON
20240828,4401,東隆興,TPEx,22.75,23.1,22.7,22.7,26000,593050,TPEX_OTC_QUOTES_NO1430_JSON
20240828,4402,郡都開發,TPEx,51.1,51.9,49.0,49.5,630000,31711500,TPEX_OTC_QUOTES_NO1430_JSON
20240828,4406,新昕纖,TPEx,10.5,10.85,10.4,10.85,11000,115600,TPEX_OTC_QUOTES_NO1430_JSON
20240828,4413,飛寶企業,TPEx,17.9,17.9,17.35,17.65,15000,265900,TPEX_OTC_QUOTES_NO1430_JSON
20240828,4416,三圓,TPEx,104.5,104.5,103.0,103.5,37000,3831500,TPEX_OTC_QUOTES_NO1430_JSON
20240828,4417,金洲,TPEx,39.1,39.45,39.05,39.25,46000,1804550,TPEX_OTC_QUOTES_NO1430_JSON
20240828,4419,皇家美食,TPEx,50.0,51.0,49.8,51.0,8000,400800,TPEX_OTC_QUOTES_NO1430_JSON
20240828,4420,光明,TPEx,62.5,63.3,62.0,62.9,272000,17063100,TPEX_OTC_QUOTES_NO1430_JSON
20240828,4430,耀億,TPEx,21.65,21.65,21.55,21.6,8000,172700,TPEX_OTC_QUOTES_NO1430_JSON
20240828,4432,銘旺實,TPEx,24.8,24.8,24.35,24.6,73000,1785900,TPEX_OTC_QUOTES_NO1430_JSON
20240828,4433,興采,TPEx,28.85,28.95,28.85,28.9,7000,202300,TPEX_OTC_QUOTES_NO1430_JSON
20240828,4442,竣邦-KY,TPEx,27.0,27.0,26.95,27.0,9000,242800,TPEX_OTC_QUOTES_NO1430_JSON
20240828,4502,健信,TPEx,28.15,28.15,27.7,27.7,45000,1251200,TPEX_OTC_QUOTES_NO1430_JSON
20240828,4503,金雨,TPEx,48.85,49.2,48.3,48.95,113000,5516700,TPEX_OTC_QUOTES_NO1430_JSON
20240828,4506,崇友,TPEx,99.9,100.5,99.4,100.5,27000,2695900,TPEX_OTC_QUOTES_NO1430_JSON
20240828,4510,高鋒,TPEx,50.8,53.2,50.5,53.2,18540000,963850400,TPEX_OTC_QUOTES_NO1430_JSON
20240828,4513,福裕,TPEx,82.5,86.0,80.3,80.6,21878000,1825273700,TPEX_OTC_QUOTES_NO1430_JSON
20240828,4523,永彰,TPEx,45.75,47.7,45.4,46.5,559000,26164350,TPEX_OTC_QUOTES_NO1430_JSON
20240828,4527,方方土霖,TPEx,44.75,44.75,44.5,44.75,6000,267900,TPEX_OTC_QUOTES_NO1430_JSON
20240828,4528,江興鍛,TPEx,29.5,29.6,29.5,29.6,7000,207000,TPEX_OTC_QUOTES_NO1430_JSON
20240828,4529,淳紳,TPEx,9.2,9.2,9.05,9.09,24000,218220,TPEX_OTC_QUOTES_NO1430_JSON
20240828,4530,宏易,TPEx,8.27,8.47,8.13,8.45,35000,289900,TPEX_OTC_QUOTES_NO1430_JSON
20240828,4533,協易機,TPEx,42.95,46.5,42.85,44.25,14853000,667713450,TPEX_OTC_QUOTES_NO1430_JSON
20240828,4534,慶騰,TPEx,27.75,28.8,26.8,28.6,4191000,117413100,TPEX_OTC_QUOTES_NO1430_JSON
20240828,4535,至興,TPEx,35.3,35.4,35.25,35.3,80000,2826100,TPEX_OTC_QUOTES_NO1430_JSON
20240828,4538,大詠城,TPEx,20.45,20.75,20.45,20.65,127000,2616950,TPEX_OTC_QUOTES_NO1430_JSON
20240828,4541,晟田,TPEx,26.85,28.05,26.85,27.55,159000,4403300,TPEX_OTC_QUOTES_NO1430_JSON
20240828,4542,科嶠,TPEx,82.9,88.0,81.8,84.8,1938000,165807400,TPEX_OTC_QUOTES_NO1430_JSON
20240828,4543,萬在,TPEx,50.5,50.5,49.55,49.7,185000,9211200,TPEX_OTC_QUOTES_NO1430_JSON
20240828,4549,桓達,TPEx,162.5,172.0,160.0,172.0,8575000,1451364000,TPEX_OTC_QUOTES_NO1430_JSON
20240828,4550,長佳,TPEx,29.5,29.5,29.05,29.15,22000,641800,TPEX_OTC_QUOTES_NO1430_JSON
20240828,4554,橙的,TPEx,30.05,30.3,29.9,29.9,24000,719100,TPEX_OTC_QUOTES_NO1430_JSON
20240828,4556,旭然,TPEx,33.7,34.9,33.7,34.55,21000,721300,TPEX_OTC_QUOTES_NO1430_JSON
20240828,4558,寶緯,TPEx,28.9,29.15,28.8,29.05,24000,693100,TPEX_OTC_QUOTES_NO1430_JSON
20240828,4561,健椿,TPEx,71.8,75.5,71.0,75.5,10609000,780270900,TPEX_OTC_QUOTES_NO1430_JSON
20240828,4563,百德,TPEx,77.0,82.0,76.5,82.0,5692000,451099600,TPEX_OTC_QUOTES_NO1430_JSON
20240828,4568,科際精密,TPEx,54.5,54.5,53.8,53.8,16000,864500,TPEX_OTC_QUOTES_NO1430_JSON
20240828,4577,達航科技,TPEx,20.3,20.3,20.0,20.1,41000,822600,TPEX_OTC_QUOTES_NO1430_JSON
20240828,4580,捷流閥業,TPEx,99.9,101.0,99.9,100.5,62000,6219000,TPEX_OTC_QUOTES_NO1430_JSON
20240828,4584,君帆,TPEx,66.7,66.7,66.0,66.0,5000,331600,TPEX_OTC_QUOTES_NO1430_JSON
20240828,4609,唐鋒,TPEx,8.97,9.49,8.97,9.49,20000,188760,TPEX_OTC_QUOTES_NO1430_JSON
20240828,4702,中美實,TPEx,12.95,13.0,12.95,12.95,8000,103700,TPEX_OTC_QUOTES_NO1430_JSON
20240828,4706,大恭,TPEx,31.2,32.8,31.2,32.45,69000,2191150,TPEX_OTC_QUOTES_NO1430_JSON
20240828,4707,磐亞,TPEx,15.85,16.1,15.65,15.7,1770000,27989450,TPEX_OTC_QUOTES_NO1430_JSON
20240828,4711,永純,TPEx,19.1,19.55,18.75,18.85,994000,19007000,TPEX_OTC_QUOTES_NO1430_JSON
20240828,4714,永捷,TPEx,19.3,20.25,19.0,19.6,16746000,330852900,TPEX_OTC_QUOTES_NO1430_JSON
20240828,4716,大立,TPEx,26.5,26.5,25.0,25.55,4715000,121202150,TPEX_OTC_QUOTES_NO1430_JSON
20240828,4721,美琪瑪,TPEx,73.7,73.7,72.8,72.8,104000,7606900,TPEX_OTC_QUOTES_NO1430_JSON
20240828,4726,永昕,TPEx,50.9,52.2,50.9,51.7,837000,43285000,TPEX_OTC_QUOTES_NO1430_JSON
20240828,4728,雙美,TPEx,289.5,304.5,289.5,290.0,37000,10867000,TPEX_OTC_QUOTES_NO1430_JSON
20240828,4729,熒茂,TPEx,25.6,27.0,25.4,26.9,2297000,60621000,TPEX_OTC_QUOTES_NO1430_JSON
20240828,4735,豪展,TPEx,42.05,42.05,41.8,42.0,51000,2138800,TPEX_OTC_QUOTES_NO1430_JSON
20240828,4741,泓瀚,TPEx,53.5,54.0,51.6,54.0,457000,24208600,TPEX_OTC_QUOTES_NO1430_JSON
20240828,4743,合一,TPEx,163.0,163.0,159.5,161.5,1839000,296867500,TPEX_OTC_QUOTES_NO1430_JSON
20240828,4744,皇將,TPEx,23.85,24.0,23.7,23.7,115000,2740550,TPEX_OTC_QUOTES_NO1430_JSON
20240828,4745,合富-KY,TPEx,21.65,21.8,21.6,21.8,17000,368100,TPEX_OTC_QUOTES_NO1430_JSON
20240828,4747,強生製藥,TPEx,70.0,70.9,70.0,70.8,27000,1906600,TPEX_OTC_QUOTES_NO1430_JSON
20240828,4754,國碳科,TPEx,41.0,41.8,40.8,41.4,75000,3102050,TPEX_OTC_QUOTES_NO1430_JSON
20240828,4760,勤凱科技,TPEx,125.0,129.0,124.5,127.5,599000,76028000,TPEX_OTC_QUOTES_NO1430_JSON
20240828,4767,誠泰科技,TPEx,42.0,42.0,40.65,41.8,868000,36315900,TPEX_OTC_QUOTES_NO1430_JSON
20240828,4768,晶呈科技,TPEx,220.5,225.5,218.0,218.0,428000,94470500,TPEX_OTC_QUOTES_NO1430_JSON
20240828,4806,桂田文創,TPEx,14.75,14.8,14.3,14.3,17000,246400,TPEX_OTC_QUOTES_NO1430_JSON
20240828,4903,聯光通,TPEx,29.0,29.7,28.1,28.15,3246000,93285250,TPEX_OTC_QUOTES_NO1430_JSON
20240828,4905,台聯電,TPEx,94.0,94.0,93.0,93.0,14000,1310100,TPEX_OTC_QUOTES_NO1430_JSON
20240828,4907,富宇,TPEx,85.4,88.1,84.4,85.1,241000,20607300,TPEX_OTC_QUOTES_NO1430_JSON
20240828,4908,前鼎,TPEx,95.0,100.5,95.0,96.8,6170000,606768000,TPEX_OTC_QUOTES_NO1430_JSON
20240828,4909,新復興,TPEx,124.5,126.0,119.5,121.5,5636000,687911000,TPEX_OTC_QUOTES_NO1430_JSON
20240828,4911,德英,TPEx,54.7,56.0,54.7,55.6,17000,948400,TPEX_OTC_QUOTES_NO1430_JSON
20240828,4923,力士,TPEx,39.9,40.15,39.75,40.0,33000,1317950,TPEX_OTC_QUOTES_NO1430_JSON
20240828,4924,欣厚-KY,TPEx,20.45,21.4,19.75,20.1,110000,2226500,TPEX_OTC_QUOTES_NO1430_JSON
20240828,4931,新盛力,TPEx,34.6,34.6,33.85,34.1,469000,16031750,TPEX_OTC_QUOTES_NO1430_JSON
20240828,4933,友輝,TPEx,68.6,68.6,67.0,67.3,360000,24265500,TPEX_OTC_QUOTES_NO1430_JSON
20240828,4939,亞電,TPEx,20.0,22.0,20.0,22.0,1612000,34584150,TPEX_OTC_QUOTES_NO1430_JSON
20240828,4945,陞達科技,TPEx,80.5,81.7,80.0,81.3,47000,3793400,TPEX_OTC_QUOTES_NO1430_JSON
20240828,4946,辣椒,TPEx,39.7,40.7,38.5,40.65,27000,1063400,TPEX_OTC_QUOTES_NO1430_JSON
20240828,4951,精拓科,TPEx,75.2,75.2,74.6,74.8,45000,3374300,TPEX_OTC_QUOTES_NO1430_JSON
20240828,4953,緯致,TPEx,114.5,114.5,113.0,114.5,132000,15027500,TPEX_OTC_QUOTES_NO1430_JSON
20240828,4966,譜瑞-KY,TPEx,780.0,784.0,767.0,770.0,309000,239239000,TPEX_OTC_QUOTES_NO1430_JSON
20240828,4971,IET-KY,TPEx,54.9,56.8,54.9,56.1,92000,5150400,TPEX_OTC_QUOTES_NO1430_JSON
20240828,4972,湯石照明,TPEx,26.6,26.7,26.6,26.6,26000,692000,TPEX_OTC_QUOTES_NO1430_JSON
20240828,4973,廣穎電通,TPEx,34.8,34.9,34.5,34.65,250000,8674900,TPEX_OTC_QUOTES_NO1430_JSON
20240828,4974,亞泰,TPEx,83.6,84.4,83.5,84.0,302000,25343100,TPEX_OTC_QUOTES_NO1430_JSON
20240828,4979,華星光,TPEx,112.5,117.0,112.0,115.0,9089000,1044266000,TPEX_OTC_QUOTES_NO1430_JSON
20240828,4987,科誠,TPEx,66.7,73.2,66.7,73.2,521000,37438900,TPEX_OTC_QUOTES_NO1430_JSON
20240828,4991,環宇-KY,TPEx,39.75,41.3,39.2,39.8,128000,5127050,TPEX_OTC_QUOTES_NO1430_JSON
20240828,4995,晶達,TPEx,74.8,74.8,73.5,74.5,16000,1185400,TPEX_OTC_QUOTES_NO1430_JSON
20240828,5009,榮剛,TPEx,48.3,48.3,47.8,48.3,1966000,94416800,TPEX_OTC_QUOTES_NO1430_JSON
20240828,5011,久陽,TPEx,25.35,25.35,25.1,25.1,370000,9338400,TPEX_OTC_QUOTES_NO1430_JSON
20240828,5013,強新,TPEx,33.65,33.65,33.45,33.45,16000,536100,TPEX_OTC_QUOTES_NO1430_JSON
20240828,5014,建錩,TPEx,16.25,16.4,15.95,16.25,1153000,18735150,TPEX_OTC_QUOTES_NO1430_JSON
20240828,5015,華祺,TPEx,42.0,42.35,42.0,42.35,21000,884300,TPEX_OTC_QUOTES_NO1430_JSON
20240828,5016,松和,TPEx,27.5,27.7,27.4,27.5,41000,1125750,TPEX_OTC_QUOTES_NO1430_JSON
20240828,5201,凱衛,TPEx,29.15,29.15,28.9,29.1,55000,1595050,TPEX_OTC_QUOTES_NO1430_JSON
20240828,5202,力新,TPEx,25.0,25.4,24.9,25.05,1148000,28873700,TPEX_OTC_QUOTES_NO1430_JSON
20240828,5205,中茂,TPEx,35.6,39.7,35.6,39.7,42000,1657200,TPEX_OTC_QUOTES_NO1430_JSON
20240828,5206,坤悅,TPEx,47.95,48.15,47.45,47.65,80000,3820900,TPEX_OTC_QUOTES_NO1430_JSON
20240828,5209,新鼎,TPEx,186.5,186.5,185.5,185.5,22000,4090000,TPEX_OTC_QUOTES_NO1430_JSON
20240828,5210,寶碩,TPEx,24.35,24.8,24.2,24.35,119000,2914150,TPEX_OTC_QUOTES_NO1430_JSON
20240828,5211,蒙恬,TPEx,26.95,27.3,26.8,27.15,27000,729500,TPEX_OTC_QUOTES_NO1430_JSON
20240828,5212,凌網,TPEx,58.6,58.6,57.4,57.9,5000,290100,TPEX_OTC_QUOTES_NO1430_JSON
20240828,5213,亞昕,TPEx,39.95,40.3,39.65,40.25,943000,37670100,TPEX_OTC_QUOTES_NO1430_JSON
20240828,5220,萬達光電,TPEx,25.4,25.85,25.3,25.3,56000,1430850,TPEX_OTC_QUOTES_NO1430_JSON
20240828,5223,安力-KY,TPEx,32.15,32.5,32.15,32.5,13000,420550,TPEX_OTC_QUOTES_NO1430_JSON
20240828,5227,立凱-KY,TPEx,30.15,30.15,29.6,30.1,131000,3902500,TPEX_OTC_QUOTES_NO1430_JSON
20240828,5228,鈺鎧,TPEx,21.5,21.75,21.05,21.75,9000,192150,TPEX_OTC_QUOTES_NO1430_JSON
20240828,5230,雷笛克光學,TPEx,31.7,32.1,31.55,31.9,457000,14562950,TPEX_OTC_QUOTES_NO1430_JSON
20240828,5236,凌陽創新,TPEx,170.0,170.0,164.5,165.0,390000,64568000,TPEX_OTC_QUOTES_NO1430_JSON
20240828,5245,智晶,TPEx,30.65,33.6,30.6,33.6,350000,11301800,TPEX_OTC_QUOTES_NO1430_JSON
20240828,5251,天鉞電,TPEx,32.05,32.05,31.65,31.7,66000,2099250,TPEX_OTC_QUOTES_NO1430_JSON
20240828,5263,智崴,TPEx,192.0,192.5,182.0,184.5,1752000,325781500,TPEX_OTC_QUOTES_NO1430_JSON
20240828,5272,笙科,TPEx,31.0,31.3,30.7,30.8,87000,2691050,TPEX_OTC_QUOTES_NO1430_JSON
20240828,5274,信驊,TPEx,4985.0,5125.0,4790.0,4890.0,517000,2543685000,TPEX_OTC_QUOTES_NO1430_JSON
20240828,5276,達輝-KY,TPEx,15.8,15.8,15.65,15.8,32000,502700,TPEX_OTC_QUOTES_NO1430_JSON
20240828,5278,尚凡*,TPEx,234.0,235.0,231.0,231.5,10000,2329500,TPEX_OTC_QUOTES_NO1430_JSON
20240828,5287,數字,TPEx,200.0,201.0,200.0,200.0,124000,24846000,TPEX_OTC_QUOTES_NO1430_JSON
20240828,5289,宜鼎,TPEx,293.0,293.0,289.5,289.5,216000,62791500,TPEX_OTC_QUOTES_NO1430_JSON
20240828,5291,邑昇,TPEx,28.3,28.35,28.25,28.3,40000,1132500,TPEX_OTC_QUOTES_NO1430_JSON
20240828,5299,杰力,TPEx,107.0,107.5,106.0,106.0,90000,9582000,TPEX_OTC_QUOTES_NO1430_JSON
20240828,5301,寶得利,TPEx,9.35,9.5,9.35,9.5,8000,75050,TPEX_OTC_QUOTES_NO1430_JSON
20240828,5302,太欣,TPEx,11.95,12.2,11.8,12.05,276000,3303300,TPEX_OTC_QUOTES_NO1430_JSON
20240828,5309,系統電,TPEx,40.05,40.15,39.2,39.5,3543000,140503250,TPEX_OTC_QUOTES_NO1430_JSON
20240828,5310,天剛,TPEx,50.5,51.6,49.65,49.65,63000,3188050,TPEX_OTC_QUOTES_NO1430_JSON
20240828,5312,寶島科,TPEx,98.3,99.3,98.3,99.2,15000,1482700,TPEX_OTC_QUOTES_NO1430_JSON
20240828,5314,世紀*,TPEx,167.5,169.5,164.5,169.5,68000,11292500,TPEX_OTC_QUOTES_NO1430_JSON
20240828,5315,光聯,TPEx,18.1,18.1,17.95,17.95,72000,1294750,TPEX_OTC_QUOTES_NO1430_JSON
20240828,5321,美而快,TPEx,69.5,69.8,69.0,69.4,24000,1664300,TPEX_OTC_QUOTES_NO1430_JSON
20240828,5324,士開,TPEx,13.0,13.6,12.85,13.35,355000,4722100,TPEX_OTC_QUOTES_NO1430_JSON
20240828,5328,華容,TPEx,15.65,16.0,15.4,15.85,1315000,20675300,TPEX_OTC_QUOTES_NO1430_JSON
20240828,5340,建榮,TPEx,45.0,45.2,44.45,44.8,309000,13828450,TPEX_OTC_QUOTES_NO1430_JSON
20240828,5344,立衛,TPEx,18.5,18.7,18.2,18.4,28000,514200,TPEX_OTC_QUOTES_NO1430_JSON
20240828,5345,馥鴻,TPEx,30.0,33.0,30.0,32.95,81000,2603600,TPEX_OTC_QUOTES_NO1430_JSON
20240828,5347,世界,TPEx,122.5,123.0,121.0,121.5,3184000,388184000,TPEX_OTC_QUOTES_NO1430_JSON
20240828,5348,正能量智能,TPEx,13.4,13.45,12.9,13.25,17000,221950,TPEX_OTC_QUOTES_NO1430_JSON
20240828,5351,鈺創,TPEx,39.85,39.95,39.2,39.25,820000,32316750,TPEX_OTC_QUOTES_NO1430_JSON
20240828,5353,台林,TPEx,32.05,32.15,31.9,31.95,44000,1407950,TPEX_OTC_QUOTES_NO1430_JSON
20240828,5355,佳總,TPEx,12.2,12.7,12.05,12.45,252000,3131200,TPEX_OTC_QUOTES_NO1430_JSON
20240828,5356,協益,TPEx,35.45,36.05,35.45,35.8,93000,3325400,TPEX_OTC_QUOTES_NO1430_JSON
20240828,5364,力麗店,TPEx,46.95,49.5,45.8,47.5,1030000,48764450,TPEX_OTC_QUOTES_NO1430_JSON
20240828,5371,中光電,TPEx,80.9,81.2,79.7,79.8,2247000,180055900,TPEX_OTC_QUOTES_NO1430_JSON
20240828,5381,光譜,TPEx,27.05,27.05,26.5,26.65,225000,5998750,TPEX_OTC_QUOTES_NO1430_JSON
20240828,5386,青雲,TPEx,103.0,105.0,97.0,101.5,17045000,1722174300,TPEX_OTC_QUOTES_NO1430_JSON
20240828,5392,能率,TPEx,34.1,34.1,33.35,33.45,894000,30063000,TPEX_OTC_QUOTES_NO1430_JSON
20240828,5398,慕康生醫,TPEx,18.8,20.2,18.8,19.2,626000,12130100,TPEX_OTC_QUOTES_NO1430_JSON
20240828,5403,中菲,TPEx,117.5,118.0,116.5,118.0,26000,3048500,TPEX_OTC_QUOTES_NO1430_JSON
20240828,5410,國眾,TPEx,33.2,33.7,33.15,33.7,365000,12153950,TPEX_OTC_QUOTES_NO1430_JSON
20240828,5425,台半,TPEx,66.0,66.4,65.1,65.3,1300000,85088600,TPEX_OTC_QUOTES_NO1430_JSON
20240828,5426,振發,TPEx,30.75,30.75,30.1,30.1,594000,17979000,TPEX_OTC_QUOTES_NO1430_JSON
20240828,5432,新門,TPEx,285.5,287.5,283.0,287.0,442000,126132000,TPEX_OTC_QUOTES_NO1430_JSON
20240828,5438,東友,TPEx,16.8,16.95,16.6,16.85,55000,921900,TPEX_OTC_QUOTES_NO1430_JSON
20240828,5439,高技,TPEx,91.4,91.6,90.6,90.7,426000,38769100,TPEX_OTC_QUOTES_NO1430_JSON
20240828,5443,均豪,TPEx,151.5,155.0,148.5,151.5,82168000,12470425000,TPEX_OTC_QUOTES_NO1430_JSON
20240828,5450,南良,TPEx,18.75,18.9,18.7,18.7,101000,1892950,TPEX_OTC_QUOTES_NO1430_JSON
20240828,5452,佶優,TPEx,38.05,38.8,37.3,37.95,10106000,384749700,TPEX_OTC_QUOTES_NO1430_JSON
20240828,5455,昇益,TPEx,77.8,79.6,77.0,79.6,3000,234400,TPEX_OTC_QUOTES_NO1430_JSON
20240828,5457,宣德,TPEx,48.95,49.85,48.7,48.7,258000,12678500,TPEX_OTC_QUOTES_NO1430_JSON
20240828,5460,同協,TPEx,14.65,14.7,14.6,14.6,32000,467900,TPEX_OTC_QUOTES_NO1430_JSON
20240828,5464,霖宏,TPEx,31.5,32.05,31.25,31.75,573000,18191900,TPEX_OTC_QUOTES_NO1430_JSON
20240828,5465,富驊,TPEx,34.6,35.0,34.25,34.35,79000,2724000,TPEX_OTC_QUOTES_NO1430_JSON
20240828,5468,凱鈺,TPEx,23.05,23.25,22.6,22.65,22000,499800,TPEX_OTC_QUOTES_NO1430_JSON
20240828,5474,聰泰,TPEx,162.0,162.0,158.5,159.0,253000,40477000,TPEX_OTC_QUOTES_NO1430_JSON
20240828,5475,德宏,TPEx,14.5,14.8,14.45,14.5,356000,5182750,TPEX_OTC_QUOTES_NO1430_JSON
20240828,5478,智冠,TPEx,131.5,132.0,130.0,130.0,66000,8644500,TPEX_OTC_QUOTES_NO1430_JSON
20240828,5481,新華,TPEx,24.5,26.15,24.5,25.4,3982000,100737800,TPEX_OTC_QUOTES_NO1430_JSON
20240828,5483,中美晶,TPEx,199.0,199.5,196.5,196.5,1124000,221683000,TPEX_OTC_QUOTES_NO1430_JSON
20240828,5487,通泰,TPEx,37.6,37.9,37.3,37.9,33000,1240650,TPEX_OTC_QUOTES_NO1430_JSON
20240828,5488,松普,TPEx,13.3,13.3,13.0,13.15,424000,5577000,TPEX_OTC_QUOTES_NO1430_JSON
20240828,5489,彩富,TPEx,44.3,44.3,43.8,44.1,30000,1320200,TPEX_OTC_QUOTES_NO1430_JSON
20240828,5490,同亨,TPEx,28.6,28.8,28.5,28.5,107000,3063200,TPEX_OTC_QUOTES_NO1430_JSON
20240828,5493,三聯,TPEx,101.0,101.5,99.8,100.0,131000,13171000,TPEX_OTC_QUOTES_NO1430_JSON
20240828,5498,凱崴,TPEx,14.7,15.75,14.4,15.25,4745000,71955550,TPEX_OTC_QUOTES_NO1430_JSON
20240828,5508,永信建,TPEx,255.0,262.0,253.5,256.0,960000,247183500,TPEX_OTC_QUOTES_NO1430_JSON
20240828,5511,德昌,TPEx,60.5,61.8,60.5,61.2,72000,4411600,TPEX_OTC_QUOTES_NO1430_JSON
20240828,5512,力麒,TPEx,12.0,12.15,11.95,12.1,2617000,31555550,TPEX_OTC_QUOTES_NO1430_JSON
20240828,5514,三豐,TPEx,22.2,22.7,22.15,22.7,35000,779850,TPEX_OTC_QUOTES_NO1430_JSON
20240828,5516,雙喜,TPEx,19.65,19.8,19.65,19.8,11000,216600,TPEX_OTC_QUOTES_NO1430_JSON
20240828,5520,力泰,TPEx,82.3,82.3,82.3,82.3,1000,82300,TPEX_OTC_QUOTES_NO1430_JSON
20240828,5523,豐謙,TPEx,30.6,30.95,30.5,30.75,59000,1807000,TPEX_OTC_QUOTES_NO1430_JSON
20240828,5529,鉅陞,TPEx,31.15,31.85,31.15,31.5,168000,5306900,TPEX_OTC_QUOTES_NO1430_JSON
20240828,5530,龍巖,TPEx,48.55,49.65,48.55,49.65,314000,15502200,TPEX_OTC_QUOTES_NO1430_JSON
20240828,5536,聖暉*,TPEx,284.0,286.0,280.0,280.0,493000,139693500,TPEX_OTC_QUOTES_NO1430_JSON
20240828,5543,桓鼎-KY,TPEx,35.55,36.0,35.55,35.75,16000,571050,TPEX_OTC_QUOTES_NO1430_JSON
20240828,5548,安倉,TPEx,37.0,37.2,36.85,37.2,57000,2113450,TPEX_OTC_QUOTES_NO1430_JSON
20240828,5603,陸海,TPEx,27.4,27.4,26.8,27.3,277000,7510050,TPEX_OTC_QUOTES_NO1430_JSON
20240828,5604,中連,TPEx,43.2,43.35,43.05,43.25,9000,388650,TPEX_OTC_QUOTES_NO1430_JSON
20240828,5609,中菲行,TPEx,88.3,88.7,88.1,88.4,52000,4596900,TPEX_OTC_QUOTES_NO1430_JSON
20240828,5701,劍湖山,TPEx,4.87,4.96,4.86,4.94,50000,245810,TPEX_OTC_QUOTES_NO1430_JSON
20240828,5703,亞都麗緻,TPEx,20.05,20.05,20.05,20.05,5000,100250,TPEX_OTC_QUOTES_NO1430_JSON
20240828,5704,老爺知,TPEx,46.25,46.35,45.25,45.55,61000,2784500,TPEX_OTC_QUOTES_NO1430_JSON
20240828,5864,致和證,TPEx,19.3,19.35,19.1,19.25,561000,10799500,TPEX_OTC_QUOTES_NO1430_JSON
20240828,5902,德記,TPEx,41.35,41.45,41.1,41.3,42000,1733550,TPEX_OTC_QUOTES_NO1430_JSON
20240828,5903,全家,TPEx,188.0,190.0,188.0,188.0,86000,16236000,TPEX_OTC_QUOTES_NO1430_JSON
20240828,5904,寶雅,TPEx,517.0,519.0,514.0,517.0,101000,52228000,TPEX_OTC_QUOTES_NO1430_JSON
20240828,5905,南仁湖,TPEx,24.85,25.4,24.8,24.85,6237000,155944000,TPEX_OTC_QUOTES_NO1430_JSON
20240828,6015,宏遠證,TPEx,11.55,11.6,11.5,11.55,508000,5868600,TPEX_OTC_QUOTES_NO1430_JSON
20240828,6016,康和證,TPEx,15.6,15.65,15.5,15.5,3371000,52475700,TPEX_OTC_QUOTES_NO1430_JSON
20240828,6020,大展證,TPEx,19.1,19.1,19.1,19.1,4000,76400,TPEX_OTC_QUOTES_NO1430_JSON
20240828,6021,美好證,TPEx,21.75,21.75,21.35,21.55,173000,3739450,TPEX_OTC_QUOTES_NO1430_JSON
20240828,6023,元大期貨,TPEx,83.2,83.4,82.5,82.9,80000,6635600,TPEX_OTC_QUOTES_NO1430_JSON
20240828,6026,福邦證,TPEx,13.55,13.65,13.55,13.6,333000,4528700,TPEX_OTC_QUOTES_NO1430_JSON
20240828,6101,寬魚國際,TPEx,48.4,49.45,47.95,48.05,450000,21792450,TPEX_OTC_QUOTES_NO1430_JSON
20240828,6104,創惟,TPEx,112.0,113.5,111.0,111.5,1538000,172899000,TPEX_OTC_QUOTES_NO1430_JSON
20240828,6109,亞元,TPEx,12.85,13.0,12.7,12.95,141000,1808750,TPEX_OTC_QUOTES_NO1430_JSON
20240828,6111,光聚晶電,TPEx,64.5,64.6,63.1,63.6,286000,18177800,TPEX_OTC_QUOTES_NO1430_JSON
20240828,6113,亞矽,TPEx,27.3,28.15,27.3,27.95,148000,4109900,TPEX_OTC_QUOTES_NO1430_JSON
20240828,6114,久威,TPEx,33.3,33.75,33.3,33.55,56000,1876000,TPEX_OTC_QUOTES_NO1430_JSON
20240828,6118,建達,TPEx,20.1,20.7,20.1,20.35,151000,3080600,TPEX_OTC_QUOTES_NO1430_JSON
20240828,6121,新普,TPEx,372.0,373.5,370.0,370.0,126000,46774000,TPEX_OTC_QUOTES_NO1430_JSON
20240828,6122,擎邦,TPEx,56.2,56.2,55.5,56.0,333000,18577300,TPEX_OTC_QUOTES_NO1430_JSON
20240828,6123,上奇,TPEx,61.1,61.3,60.6,61.0,51000,3111600,TPEX_OTC_QUOTES_NO1430_JSON
20240828,6124,業強,TPEx,31.95,32.0,31.75,32.0,5000,159700,TPEX_OTC_QUOTES_NO1430_JSON
20240828,6125,廣運,TPEx,99.6,100.0,97.5,97.5,5032000,495889400,TPEX_OTC_QUOTES_NO1430_JSON
20240828,6126,信音,TPEx,33.4,33.5,33.15,33.35,758000,25292850,TPEX_OTC_QUOTES_NO1430_JSON
20240828,6127,九豪,TPEx,27.65,27.75,27.25,27.5,590000,16196400,TPEX_OTC_QUOTES_NO1430_JSON
20240828,6129,普誠,TPEx,22.55,22.85,22.45,22.75,261000,5911850,TPEX_OTC_QUOTES_NO1430_JSON
20240828,6130,上亞科技,TPEx,31.5,31.5,30.85,30.9,56000,1744350,TPEX_OTC_QUOTES_NO1430_JSON
20240828,6134,萬旭,TPEx,28.3,29.35,28.0,28.35,2704000,77593500,TPEX_OTC_QUOTES_NO1430_JSON
20240828,6138,茂達,TPEx,184.0,186.5,183.5,185.0,700000,129770000,TPEX_OTC_QUOTES_NO1430_JSON
20240828,6140,訊達電腦,TPEx,29.6,29.6,29.0,29.1,118000,3440850,TPEX_OTC_QUOTES_NO1430_JSON
20240828,6143,振曜,TPEx,150.5,159.5,149.5,150.0,20235000,3095961500,TPEX_OTC_QUOTES_NO1430_JSON
20240828,6144,得利影,TPEx,98.9,100.0,93.1,99.5,30000,2913900,TPEX_OTC_QUOTES_NO1430_JSON
20240828,6146,耕興,TPEx,223.5,226.0,223.5,225.5,141000,31695000,TPEX_OTC_QUOTES_NO1430_JSON
20240828,6147,頎邦,TPEx,66.0,66.5,65.9,66.2,1136000,75247700,TPEX_OTC_QUOTES_NO1430_JSON
20240828,6148,驊宏資,TPEx,24.0,24.15,23.8,23.8,70000,1677400,TPEX_OTC_QUOTES_NO1430_JSON
20240828,6150,撼訊,TPEx,79.0,80.5,76.8,80.2,2565000,201520300,TPEX_OTC_QUOTES_NO1430_JSON
20240828,6151,晉倫,TPEx,45.35,47.3,43.2,47.3,15485000,709811850,TPEX_OTC_QUOTES_NO1430_JSON
20240828,6154,順發,TPEx,16.0,16.0,15.95,15.95,8000,127800,TPEX_OTC_QUOTES_NO1430_JSON
20240828,6156,松上,TPEx,31.2,32.6,31.05,31.05,6395000,203467000,TPEX_OTC_QUOTES_NO1430_JSON
20240828,6158,禾昌,TPEx,31.7,31.95,31.35,31.5,318000,10082700,TPEX_OTC_QUOTES_NO1430_JSON
20240828,6160,欣技,TPEx,28.05,28.1,27.5,27.65,367000,10155350,TPEX_OTC_QUOTES_NO1430_JSON
20240828,6161,捷波,TPEx,52.8,53.4,52.0,52.1,236000,12373700,TPEX_OTC_QUOTES_NO1430_JSON
20240828,6163,華電網,TPEx,24.55,24.55,24.2,24.2,783000,19075150,TPEX_OTC_QUOTES_NO1430_JSON
20240828,6167,久正,TPEx,13.85,14.3,13.85,14.15,288000,4073950,TPEX_OTC_QUOTES_NO1430_JSON
20240828,6169,昱泉,TPEx,22.45,22.45,21.9,22.1,17000,375950,TPEX_OTC_QUOTES_NO1430_JSON
20240828,6170,統振,TPEx,46.5,47.85,46.5,47.35,356000,16883200,TPEX_OTC_QUOTES_NO1430_JSON
20240828,6171,大城地產,TPEx,49.5,50.5,48.35,49.25,475000,23486600,TPEX_OTC_QUOTES_NO1430_JSON
20240828,6173,信昌電,TPEx,48.35,48.6,48.2,48.25,389000,18792800,TPEX_OTC_QUOTES_NO1430_JSON
20240828,6174,安碁,TPEx,19.5,19.7,19.5,19.55,15000,293750,TPEX_OTC_QUOTES_NO1430_JSON
20240828,6175,立敦,TPEx,39.0,39.25,38.9,39.2,365000,14272350,TPEX_OTC_QUOTES_NO1430_JSON
20240828,6179,亞通,TPEx,31.4,31.65,31.1,31.35,1874000,58871300,TPEX_OTC_QUOTES_NO1430_JSON
20240828,6180,橘子,TPEx,78.9,79.8,78.8,79.2,850000,67372200,TPEX_OTC_QUOTES_NO1430_JSON
20240828,6182,合晶,TPEx,34.45,35.3,34.45,34.85,1447000,50654150,TPEX_OTC_QUOTES_NO1430_JSON
20240828,6185,幃翔,TPEx,15.55,15.6,15.45,15.5,99000,1536850,TPEX_OTC_QUOTES_NO1430_JSON
20240828,6186,新潤,TPEx,105.5,108.0,105.5,106.5,551000,58879000,TPEX_OTC_QUOTES_NO1430_JSON
20240828,6187,萬潤,TPEx,366.0,369.0,357.5,360.0,1296000,472441500,TPEX_OTC_QUOTES_NO1430_JSON
20240828,6188,廣明,TPEx,101.0,102.0,99.6,100.0,3693000,371023300,TPEX_OTC_QUOTES_NO1430_JSON
20240828,6190,萬泰科,TPEx,39.35,39.4,38.9,39.4,685000,26890050,TPEX_OTC_QUOTES_NO1430_JSON
20240828,6194,育富,TPEx,38.9,39.2,38.65,39.05,126000,4905500,TPEX_OTC_QUOTES_NO1430_JSON
20240828,6195,詩肯,TPEx,38.2,38.3,38.2,38.3,43000,1644400,TPEX_OTC_QUOTES_NO1430_JSON
20240828,6198,瑞築,TPEx,54.1,54.9,53.2,53.4,36000,1944400,TPEX_OTC_QUOTES_NO1430_JSON
20240828,6199,天品,TPEx,59.0,59.5,57.5,58.0,103000,6004400,TPEX_OTC_QUOTES_NO1430_JSON
20240828,6203,海韻電,TPEx,73.9,74.1,73.7,73.9,63000,4656200,TPEX_OTC_QUOTES_NO1430_JSON
20240828,6204,艾華,TPEx,120.0,120.5,118.5,119.0,128000,15290000,TPEX_OTC_QUOTES_NO1430_JSON
20240828,6207,雷科,TPEx,77.8,78.5,75.5,75.7,7293000,561147400,TPEX_OTC_QUOTES_NO1430_JSON
20240828,6208,日揚,TPEx,57.3,57.3,55.2,55.6,1820000,101697800,TPEX_OTC_QUOTES_NO1430_JSON
20240828,6210,慶生,TPEx,25.95,26.1,25.35,26.1,181000,4658700,TPEX_OTC_QUOTES_NO1430_JSON
20240828,6212,理銘,TPEx,93.1,98.9,93.1,95.3,101000,9736700,TPEX_OTC_QUOTES_NO1430_JSON
20240828,6217,中探針,TPEx,42.6,42.6,42.15,42.3,258000,10922400,TPEX_OTC_QUOTES_NO1430_JSON
20240828,6218,豪勉,TPEx,30.9,30.95,29.65,30.25,1351000,40712700,TPEX_OTC_QUOTES_NO1430_JSON
20240828,6219,富旺,TPEx,49.45,50.5,49.2,49.25,403000,20012300,TPEX_OTC_QUOTES_NO1430_JSON
20240828,6220,岳豐,TPEx,25.3,25.3,24.4,24.5,735000,18190750,TPEX_OTC_QUOTES_NO1430_JSON
20240828,6221,晉泰,TPEx,78.5,79.3,78.5,79.3,20000,1572900,TPEX_OTC_QUOTES_NO1430_JSON
20240828,6222,立軒,TPEx,32.1,32.4,32.05,32.4,14000,449400,TPEX_OTC_QUOTES_NO1430_JSON
20240828,6223,旺矽,TPEx,812.0,824.0,763.0,774.0,5680000,4451333000,TPEX_OTC_QUOTES_NO1430_JSON
20240828,6227,茂綸,TPEx,76.4,76.6,75.2,76.1,380000,28885800,TPEX_OTC_QUOTES_NO1430_JSON
20240828,6228,全譜,TPEx,50.2,52.0,49.6,51.0,156000,7935650,TPEX_OTC_QUOTES_NO1430_JSON
20240828,6229,研通,TPEx,35.7,35.85,34.65,34.8,122000,4283600,TPEX_OTC_QUOTES_NO1430_JSON
20240828,6231,系微,TPEx,429.0,434.0,419.0,422.0,797000,339543000,TPEX_OTC_QUOTES_NO1430_JSON
20240828,6233,旺玖,TPEx,32.55,32.7,32.2,32.2,205000,6651450,TPEX_OTC_QUOTES_NO1430_JSON
20240828,6234,高僑,TPEx,27.5,27.6,27.15,27.15,344000,9379900,TPEX_OTC_QUOTES_NO1430_JSON
20240828,6236,中湛,TPEx,29.75,29.75,29.75,29.75,1000,29750,TPEX_OTC_QUOTES_NO1430_JSON
20240828,6237,驊訊,TPEx,47.3,48.85,46.6,46.9,763000,36442150,TPEX_OTC_QUOTES_NO1430_JSON
20240828,6240,松崗,TPEx,25.0,25.5,25.0,25.15,32000,803650,TPEX_OTC_QUOTES_NO1430_JSON
20240828,6241,鑫永洋,TPEx,15.95,16.05,15.8,15.85,327000,5218650,TPEX_OTC_QUOTES_NO1430_JSON
20240828,6242,立康,TPEx,43.8,44.3,43.8,44.3,21000,922000,TPEX_OTC_QUOTES_NO1430_JSON
20240828,6244,茂迪,TPEx,26.7,26.7,26.25,26.45,4514000,119447950,TPEX_OTC_QUOTES_NO1430_JSON
20240828,6245,立端,TPEx,97.8,98.5,97.3,97.9,854000,83682300,TPEX_OTC_QUOTES_NO1430_JSON
20240828,6246,臺龍,TPEx,14.85,14.95,14.8,14.9,37000,549100,TPEX_OTC_QUOTES_NO1430_JSON
20240828,6248,沛波,TPEx,32.4,32.45,32.15,32.15,254000,8185250,TPEX_OTC_QUOTES_NO1430_JSON
20240828,6259,百徽,TPEx,21.9,22.3,21.9,22.2,30000,661900,TPEX_OTC_QUOTES_NO1430_JSON
20240828,6261,久元,TPEx,71.3,71.6,70.5,70.7,1412000,100445200,TPEX_OTC_QUOTES_NO1430_JSON
20240828,6263,普萊德,TPEx,177.5,177.5,174.0,174.0,177000,31080000,TPEX_OTC_QUOTES_NO1430_JSON
20240828,6264,富裔,TPEx,13.3,13.45,13.25,13.3,199000,2654600,TPEX_OTC_QUOTES_NO1430_JSON
20240828,6265,方土昶,TPEx,13.65,13.85,13.55,13.6,778000,10657050,TPEX_OTC_QUOTES_NO1430_JSON
20240828,6266,泰詠,TPEx,31.55,31.75,31.5,31.6,65000,2052700,TPEX_OTC_QUOTES_NO1430_JSON
20240828,6270,倍微,TPEx,28.0,28.0,27.75,27.75,163000,4543600,TPEX_OTC_QUOTES_NO1430_JSON
20240828,6274,台燿,TPEx,162.5,168.0,161.5,167.0,5518000,915339500,TPEX_OTC_QUOTES_NO1430_JSON
20240828,6275,元山,TPEx,48.75,49.2,48.6,48.65,165000,8063000,TPEX_OTC_QUOTES_NO1430_JSON
20240828,6276,安鈦克,TPEx,46.35,46.35,45.45,45.55,22000,1004150,TPEX_OTC_QUOTES_NO1430_JSON
20240828,6279,胡連,TPEx,156.5,157.5,155.5,156.5,154000,24086000,TPEX_OTC_QUOTES_NO1430_JSON
20240828,6284,佳邦,TPEx,95.9,99.4,95.3,97.3,6766000,658357900,TPEX_OTC_QUOTES_NO1430_JSON
20240828,6287,元隆,TPEx,16.8,16.8,16.45,16.45,10000,166000,TPEX_OTC_QUOTES_NO1430_JSON
20240828,6290,良維,TPEx,85.1,85.5,84.2,84.4,1533000,129856200,TPEX_OTC_QUOTES_NO1430_JSON
20240828,6291,沛亨,TPEx,127.0,133.5,125.5,131.0,77000,9990500,TPEX_OTC_QUOTES_NO1430_JSON
20240828,6292,迅德,TPEx,67.3,67.3,66.6,67.3,39000,2609300,TPEX_OTC_QUOTES_NO1430_JSON
20240828,6294,智基,TPEx,102.0,102.0,100.5,100.5,73000,7353000,TPEX_OTC_QUOTES_NO1430_JSON
20240828,6411,晶焱,TPEx,93.0,93.0,91.2,91.7,258000,23691200,TPEX_OTC_QUOTES_NO1430_JSON
20240828,6417,韋僑,TPEx,102.5,102.5,100.5,101.5,109000,11105000,TPEX_OTC_QUOTES_NO1430_JSON
20240828,6418,詠昇,TPEx,22.5,22.6,22.25,22.35,112000,2505050,TPEX_OTC_QUOTES_NO1430_JSON
20240828,6419,京晨科,TPEx,113.5,116.0,112.5,113.0,127000,14438000,TPEX_OTC_QUOTES_NO1430_JSON
20240828,6425,易發,TPEx,64.6,65.1,63.5,65.0,412000,26551700,TPEX_OTC_QUOTES_NO1430_JSON
20240828,6432,今展科,TPEx,34.35,34.55,34.35,34.45,67000,2308500,TPEX_OTC_QUOTES_NO1430_JSON
20240828,6435,大中,TPEx,98.6,98.9,97.9,98.0,41000,4030800,TPEX_OTC_QUOTES_NO1430_JSON
20240828,6441,廣錠,TPEx,44.45,44.45,43.6,43.65,108000,4743600,TPEX_OTC_QUOTES_NO1430_JSON
20240828,6457,紘康,TPEx,60.9,61.1,60.4,60.4,264000,16058100,TPEX_OTC_QUOTES_NO1430_JSON
20240828,6461,益得,TPEx,30.3,30.8,30.0,30.15,230000,6968550,TPEX_OTC_QUOTES_NO1430_JSON
20240828,6462,神盾,TPEx,247.0,248.5,238.5,238.5,2346000,568196500,TPEX_OTC_QUOTES_NO1430_JSON
20240828,6465,威潤,TPEx,22.3,22.5,22.1,22.25,26000,577300,TPEX_OTC_QUOTES_NO1430_JSON
20240828,6469,大樹,TPEx,191.0,192.0,190.5,190.5,48000,9177500,TPEX_OTC_QUOTES_NO1430_JSON
20240828,6470,宇智,TPEx,49.65,50.0,49.65,49.85,113000,5629300,TPEX_OTC_QUOTES_NO1430_JSON
20240828,6482,弘煜科,TPEx,53.1,54.3,53.1,53.9,10000,539500,TPEX_OTC_QUOTES_NO1430_JSON
20240828,6485,點序,TPEx,62.3,63.0,61.5,61.7,60000,3708200,TPEX_OTC_QUOTES_NO1430_JSON
20240828,6486,互動,TPEx,83.7,83.8,83.5,83.6,44000,3681400,TPEX_OTC_QUOTES_NO1430_JSON
20240828,6488,環球晶,TPEx,477.0,481.0,473.5,480.0,540000,258223000,TPEX_OTC_QUOTES_NO1430_JSON
20240828,6492,生華科,TPEx,49.45,50.6,49.0,50.3,520000,26036700,TPEX_OTC_QUOTES_NO1430_JSON
20240828,6494,九齊,TPEx,63.1,63.1,61.7,61.7,34000,2122600,TPEX_OTC_QUOTES_NO1430_JSON
20240828,6496,科懋,TPEx,31.95,31.95,31.2,31.6,11000,346750,TPEX_OTC_QUOTES_NO1430_JSON
20240828,6499,益安,TPEx,43.8,44.0,43.6,43.8,18000,788500,TPEX_OTC_QUOTES_NO1430_JSON
20240828,6506,雙邦,TPEx,17.2,17.3,17.15,17.25,40000,688850,TPEX_OTC_QUOTES_NO1430_JSON
20240828,6508,惠光,TPEx,31.6,31.65,31.55,31.55,57000,1800250,TPEX_OTC_QUOTES_NO1430_JSON
20240828,6509,聚和,TPEx,40.55,40.7,40.35,40.4,405000,16388450,TPEX_OTC_QUOTES_NO1430_JSON
20240828,6510,精測,TPEx,495.5,495.5,486.5,490.5,63000,30930500,TPEX_OTC_QUOTES_NO1430_JSON
20240828,6512,啟發電,TPEx,23.15,23.7,23.15,23.7,21000,488650,TPEX_OTC_QUOTES_NO1430_JSON
20240828,6514,芮特-KY,TPEx,50.5,50.6,50.5,50.6,31000,1568200,TPEX_OTC_QUOTES_NO1430_JSON
20240828,6516,勤崴國際,TPEx,70.2,70.4,70.1,70.1,9000,631900,TPEX_OTC_QUOTES_NO1430_JSON
20240828,6517,保勝光學,TPEx,63.9,64.1,63.4,63.9,19000,1212500,TPEX_OTC_QUOTES_NO1430_JSON
20240828,6523,達爾膚,TPEx,153.5,154.0,152.5,154.0,52000,7954000,TPEX_OTC_QUOTES_NO1430_JSON
20240828,6527,明達醫,TPEx,90.5,90.6,90.2,90.4,33000,2985500,TPEX_OTC_QUOTES_NO1430_JSON
20240828,6530,創威,TPEx,46.05,48.5,46.05,46.25,1866000,88160450,TPEX_OTC_QUOTES_NO1430_JSON
20240828,6532,瑞耘,TPEx,71.8,71.8,70.7,71.1,233000,16613300,TPEX_OTC_QUOTES_NO1430_JSON
20240828,6535,順藥,TPEx,251.5,255.0,247.0,247.5,602000,150209000,TPEX_OTC_QUOTES_NO1430_JSON
20240828,6538,倉和,TPEx,154.0,154.5,153.0,153.0,450000,69230500,TPEX_OTC_QUOTES_NO1430_JSON
20240828,6542,隆中,TPEx,62.0,62.0,61.1,61.1,11000,674700,TPEX_OTC_QUOTES_NO1430_JSON
20240828,6546,正基,TPEx,178.0,180.5,175.5,177.0,1019000,181221500,TPEX_OTC_QUOTES_NO1430_JSON
20240828,6547,高端疫苗,TPEx,48.35,48.75,48.05,48.3,389000,18821550,TPEX_OTC_QUOTES_NO1430_JSON
20240828,6548,長科*,TPEx,40.15,40.2,39.3,39.35,1710000,67756400,TPEX_OTC_QUOTES_NO1430_JSON
20240828,6556,勝品,TPEx,126.0,132.0,124.5,126.0,1006000,129226500,TPEX_OTC_QUOTES_NO1430_JSON
20240828,6560,欣普羅,TPEx,33.7,34.3,33.45,33.8,70000,2355450,TPEX_OTC_QUOTES_NO1430_JSON
20240828,6561,是方,TPEx,499.0,499.0,489.5,495.0,160000,79010000,TPEX_OTC_QUOTES_NO1430_JSON
20240828,6568,宏觀,TPEx,123.5,126.0,122.5,125.0,107000,13337500,TPEX_OTC_QUOTES_NO1430_JSON
20240828,6569,醫揚,TPEx,196.0,205.0,195.5,195.5,190000,37799500,TPEX_OTC_QUOTES_NO1430_JSON
20240828,6570,維田,TPEx,70.7,71.0,68.7,69.6,697000,48820300,TPEX_OTC_QUOTES_NO1430_JSON
20240828,6574,霈方,TPEx,51.8,52.0,51.8,52.0,17000,882700,TPEX_OTC_QUOTES_NO1430_JSON
20240828,6576,逸達,TPEx,80.4,83.3,79.4,82.3,649000,52709100,TPEX_OTC_QUOTES_NO1430_JSON
20240828,6577,勁豐,TPEx,104.0,104.0,100.0,102.5,64000,6518000,TPEX_OTC_QUOTES_NO1430_JSON
20240828,6578,達邦蛋白,TPEx,23.45,23.65,23.25,23.3,96000,2245300,TPEX_OTC_QUOTES_NO1430_JSON
20240828,6584,南俊國際,TPEx,182.0,183.5,181.0,182.5,103000,18793500,TPEX_OTC_QUOTES_NO1430_JSON
20240828,6588,東典光電,TPEx,34.45,35.15,33.0,35.15,48000,1627050,TPEX_OTC_QUOTES_NO1430_JSON
20240828,6589,台康生技,TPEx,85.1,85.6,84.6,85.1,138000,11730100,TPEX_OTC_QUOTES_NO1430_JSON
20240828,6590,普鴻,TPEx,70.6,70.7,70.5,70.6,8000,564900,TPEX_OTC_QUOTES_NO1430_JSON
20240828,6593,台灣銘板,TPEx,93.0,93.0,88.0,88.2,132000,11729200,TPEX_OTC_QUOTES_NO1430_JSON
20240828,6596,寬宏藝術,TPEx,73.9,77.0,73.6,74.2,1362000,101921800,TPEX_OTC_QUOTES_NO1430_JSON
20240828,6603,富強鑫,TPEx,21.15,22.95,21.05,22.95,30998000,705624000,TPEX_OTC_QUOTES_NO1430_JSON
20240828,6609,瀧澤科,TPEx,74.2,78.9,73.1,74.4,14689000,1111138800,TPEX_OTC_QUOTES_NO1430_JSON
20240828,6612,奈米醫材,TPEx,135.0,136.5,134.0,134.5,44000,5931500,TPEX_OTC_QUOTES_NO1430_JSON
20240828,6613,朋億*,TPEx,151.5,153.0,151.5,153.0,53000,8077500,TPEX_OTC_QUOTES_NO1430_JSON
20240828,6615,慧智,TPEx,55.4,56.7,55.0,56.0,122000,6806300,TPEX_OTC_QUOTES_NO1430_JSON
20240828,6616,特昇-KY,TPEx,12.95,12.95,12.3,12.45,638000,7957100,TPEX_OTC_QUOTES_NO1430_JSON
20240828,6617,共信-KY,TPEx,129.0,135.5,127.0,133.5,636000,83901000,TPEX_OTC_QUOTES_NO1430_JSON
20240828,6624,萬年清,TPEx,38.55,38.7,38.5,38.7,13000,502050,TPEX_OTC_QUOTES_NO1430_JSON
20240828,6629,泰金-KY,TPEx,144.0,151.5,141.5,141.5,570000,83690000,TPEX_OTC_QUOTES_NO1430_JSON
20240828,6637,醫影,TPEx,97.0,97.0,95.7,96.0,66000,6343700,TPEX_OTC_QUOTES_NO1430_JSON
20240828,6640,均華,TPEx,1080.0,1080.0,979.0,985.0,2404000,2449776000,TPEX_OTC_QUOTES_NO1430_JSON
20240828,6642,富致,TPEx,67.9,68.6,67.6,68.3,86000,5859200,TPEX_OTC_QUOTES_NO1430_JSON
20240828,6643,M31,TPEx,967.0,973.0,936.0,943.0,807000,766752000,TPEX_OTC_QUOTES_NO1430_JSON
20240828,6649,台生材,TPEx,30.5,30.5,30.45,30.45,4000,121950,TPEX_OTC_QUOTES_NO1430_JSON
20240828,6651,全宇昕,TPEx,86.0,88.6,86.0,88.2,424000,37154600,TPEX_OTC_QUOTES_NO1430_JSON
20240828,6654,天正國際,TPEx,44.85,44.9,44.85,44.9,2000,89750,TPEX_OTC_QUOTES_NO1430_JSON
20240828,6661,威健生技,TPEx,28.65,29.65,28.45,29.35,190000,5523500,TPEX_OTC_QUOTES_NO1430_JSON
20240828,6662,樂斯科,TPEx,36.7,36.7,36.5,36.5,24000,880200,TPEX_OTC_QUOTES_NO1430_JSON
20240828,6664,群翊,TPEx,345.0,354.0,332.5,335.5,3450000,1174630000,TPEX_OTC_QUOTES_NO1430_JSON
20240828,6667,信紘科,TPEx,238.5,240.0,227.0,228.0,3508000,812192000,TPEX_OTC_QUOTES_NO1430_JSON
20240828,6679,鈺太,TPEx,332.5,334.0,325.0,330.0,540000,177852500,TPEX_OTC_QUOTES_NO1430_JSON
20240828,6680,鑫創電子,TPEx,79.6,82.5,79.6,82.5,23000,1865700,TPEX_OTC_QUOTES_NO1430_JSON
20240828,6683,雍智科技,TPEx,404.5,405.0,391.0,395.0,499000,197917000,TPEX_OTC_QUOTES_NO1430_JSON
20240828,6684,安格,TPEx,71.3,71.6,69.8,70.1,233000,16452100,TPEX_OTC_QUOTES_NO1430_JSON
20240828,6690,安碁資訊,TPEx,227.5,232.0,227.0,230.5,99000,22770000,TPEX_OTC_QUOTES_NO1430_JSON
20240828,6692,進能服,TPEx,43.35,43.7,42.5,42.7,270000,11625200,TPEX_OTC_QUOTES_NO1430_JSON
20240828,6693,廣閎科,TPEx,80.4,80.5,79.2,80.0,91000,7277100,TPEX_OTC_QUOTES_NO1430_JSON
20240828,6697,東捷資訊,TPEx,43.7,45.95,43.65,44.5,18000,799700,TPEX_OTC_QUOTES_NO1430_JSON
20240828,6703,軒郁,TPEx,204.0,206.0,204.0,204.5,41000,8411500,TPEX_OTC_QUOTES_NO1430_JSON
20240828,6708,天擎,TPEx,40.3,40.5,40.3,40.35,11000,444800,TPEX_OTC_QUOTES_NO1430_JSON
20240828,6712,長聖,TPEx,183.5,183.5,182.0,182.0,129000,23586500,TPEX_OTC_QUOTES_NO1430_JSON
20240828,6716,應廣,TPEx,109.0,111.0,108.5,110.5,56000,6147500,TPEX_OTC_QUOTES_NO1430_JSON
20240828,6721,信實,TPEx,52.5,52.5,52.2,52.5,24000,1254600,TPEX_OTC_QUOTES_NO1430_JSON
20240828,6727,亞泰金屬,TPEx,68.4,69.2,68.4,69.0,78000,5371200,TPEX_OTC_QUOTES_NO1430_JSON
20240828,6728,上洋,TPEx,119.0,120.0,119.0,119.5,37000,4426000,TPEX_OTC_QUOTES_NO1430_JSON
20240828,6732,昇佳電子,TPEx,278.0,278.0,273.0,275.0,60000,16496000,TPEX_OTC_QUOTES_NO1430_JSON
20240828,6733,博晟生醫,TPEx,37.5,38.0,37.2,37.25,92000,3441300,TPEX_OTC_QUOTES_NO1430_JSON
20240828,6735,美達科技,TPEx,78.6,79.2,77.0,78.8,89000,6962800,TPEX_OTC_QUOTES_NO1430_JSON
20240828,6741,91APP*-KY,TPEx,84.7,85.5,84.1,84.2,84000,7107200,TPEX_OTC_QUOTES_NO1430_JSON
20240828,6747,亨泰光,TPEx,155.5,155.5,152.0,152.0,23000,3530000,TPEX_OTC_QUOTES_NO1430_JSON
20240828,6751,智聯服務,TPEx,54.1,54.7,54.0,54.7,20000,1088200,TPEX_OTC_QUOTES_NO1430_JSON
20240828,6752,叡揚,TPEx,113.5,113.5,112.5,112.5,18000,2035000,TPEX_OTC_QUOTES_NO1430_JSON
20240828,6761,穩得,TPEx,109.0,112.5,109.0,110.5,605000,67245500,TPEX_OTC_QUOTES_NO1430_JSON
20240828,6762,達亞,TPEx,276.0,283.0,276.0,283.0,3000,842000,TPEX_OTC_QUOTES_NO1430_JSON
20240828,6763,綠界科技*,TPEx,488.5,498.0,485.5,491.0,124000,60960500,TPEX_OTC_QUOTES_NO1430_JSON
20240828,6767,台微醫,TPEx,31.6,32.25,31.35,32.25,6000,189800,TPEX_OTC_QUOTES_NO1430_JSON
20240828,6785,昱展新藥,TPEx,202.5,205.0,197.0,201.0,197000,39438500,TPEX_OTC_QUOTES_NO1430_JSON
20240828,6788,華景電,TPEx,277.0,303.0,277.0,297.0,4652000,1363667500,TPEX_OTC_QUOTES_NO1430_JSON
20240828,6791,虎門科技,TPEx,85.1,85.1,84.6,84.8,9000,763500,TPEX_OTC_QUOTES_NO1430_JSON
20240828,6803,崑鼎,TPEx,293.0,294.0,293.0,294.0,25000,7330500,TPEX_OTC_QUOTES_NO1430_JSON
20240828,6804,明係,TPEx,35.0,35.2,34.4,34.8,98000,3403200,TPEX_OTC_QUOTES_NO1430_JSON
20240828,6811,宏碁資訊,TPEx,258.5,261.5,257.0,257.0,115000,29825500,TPEX_OTC_QUOTES_NO1430_JSON
20240828,6821,聯寶,TPEx,32.2,32.45,32.2,32.45,12000,387700,TPEX_OTC_QUOTES_NO1430_JSON
20240828,6823,濾能,TPEx,61.5,61.5,59.0,59.3,35000,2082800,TPEX_OTC_QUOTES_NO1430_JSON
20240828,6829,千附精密,TPEx,108.5,111.5,108.5,109.5,374000,41170000,TPEX_OTC_QUOTES_NO1430_JSON
20240828,6840,東研信超,TPEx,66.0,66.8,65.6,66.8,13000,857600,TPEX_OTC_QUOTES_NO1430_JSON
20240828,6841,長佳智能,TPEx,91.0,91.5,89.6,89.8,406000,36654300,TPEX_OTC_QUOTES_NO1430_JSON
20240828,6843,進典,TPEx,50.7,50.7,50.7,50.7,1000,50700,TPEX_OTC_QUOTES_NO1430_JSON
20240828,6844,諾貝兒,TPEx,152.0,152.0,151.0,152.0,18000,2729000,TPEX_OTC_QUOTES_NO1430_JSON
20240828,6846,綠茵,TPEx,72.3,72.3,72.3,72.3,1000,72300,TPEX_OTC_QUOTES_NO1430_JSON
20240828,6855,數泓科,TPEx,122.0,122.0,121.5,122.0,6000,731000,TPEX_OTC_QUOTES_NO1430_JSON
20240828,6856,鑫傳,TPEx,63.9,64.2,63.9,64.2,6000,384800,TPEX_OTC_QUOTES_NO1430_JSON
20240828,6859,伯特光,TPEx,123.5,123.5,123.5,123.5,6000,741000,TPEX_OTC_QUOTES_NO1430_JSON
20240828,6865,偉康科技,TPEx,46.55,46.55,46.4,46.4,11000,511150,TPEX_OTC_QUOTES_NO1430_JSON
20240828,6870,騰雲,TPEx,215.0,215.0,212.5,212.5,22000,4700000,TPEX_OTC_QUOTES_NO1430_JSON
20240828,6874,倍力,TPEx,103.0,103.0,101.5,101.5,13000,1331000,TPEX_OTC_QUOTES_NO1430_JSON
20240828,6875,國邑*,TPEx,59.7,60.6,59.0,59.4,194000,11532800,TPEX_OTC_QUOTES_NO1430_JSON
20240828,6877,鏵友益,TPEx,82.6,86.0,81.5,82.3,5268000,441185400,TPEX_OTC_QUOTES_NO1430_JSON
20240828,6881,潤德,TPEx,229.0,229.0,229.0,229.0,5000,1145000,TPEX_OTC_QUOTES_NO1430_JSON
20240828,6894,衛司特,TPEx,195.5,203.0,190.0,198.5,44000,8700500,TPEX_OTC_QUOTES_NO1430_JSON
20240828,6895,宏碩系統,TPEx,194.5,213.0,185.5,212.0,1326000,267503500,TPEX_OTC_QUOTES_NO1430_JSON
20240828,6899,創為精密,TPEx,52.2,53.6,52.2,53.6,6000,320000,TPEX_OTC_QUOTES_NO1430_JSON
20240828,6903,巨漢,TPEx,152.5,167.0,152.5,167.0,393000,63734500,TPEX_OTC_QUOTES_NO1430_JSON
20240828,6904,伯鑫,TPEx,150.0,150.0,150.0,150.0,2000,300000,TPEX_OTC_QUOTES_NO1430_JSON
20240828,6922,宸曜,TPEx,170.0,177.0,165.0,171.0,186000,31892000,TPEX_OTC_QUOTES_NO1430_JSON
20240828,6929,佑全,TPEx,58.0,58.0,57.8,57.8,6000,347800,TPEX_OTC_QUOTES_NO1430_JSON
20240828,6953,家碩,TPEx,280.0,282.0,275.5,277.0,129000,35954500,TPEX_OTC_QUOTES_NO1430_JSON
20240828,6968,萬達寵物,TPEx,79.7,80.3,79.3,79.5,80000,6370900,TPEX_OTC_QUOTES_NO1430_JSON
20240828,7402,邑錡,TPEx,87.0,88.9,85.5,86.6,235000,20496500,TPEX_OTC_QUOTES_NO1430_JSON
20240828,7556,意德士科技,TPEx,126.0,126.0,124.0,125.0,11000,1375500,TPEX_OTC_QUOTES_NO1430_JSON
20240828,7584,樂意,TPEx,80.3,81.0,79.9,80.3,30000,2409700,TPEX_OTC_QUOTES_NO1430_JSON
20240828,8024,佑華,TPEx,18.6,18.7,18.45,18.5,37000,686800,TPEX_OTC_QUOTES_NO1430_JSON
20240828,8027,鈦昇,TPEx,111.0,112.0,107.5,109.0,5994000,656584000,TPEX_OTC_QUOTES_NO1430_JSON
20240828,8032,光菱,TPEx,27.95,28.45,27.75,27.9,72000,2025600,TPEX_OTC_QUOTES_NO1430_JSON
20240828,8034,榮群,TPEx,20.45,20.8,20.45,20.6,130000,2677050,TPEX_OTC_QUOTES_NO1430_JSON
20240828,8038,長園科,TPEx,24.15,24.6,24.15,24.5,130000,3165550,TPEX_OTC_QUOTES_NO1430_JSON
20240828,8040,九暘,TPEx,82.8,84.4,82.8,83.4,435000,36394700,TPEX_OTC_QUOTES_NO1430_JSON
20240828,8042,金山電,TPEx,34.6,34.6,34.25,34.4,29000,995650,TPEX_OTC_QUOTES_NO1430_JSON
20240828,8043,蜜望實,TPEx,47.35,48.7,46.0,46.55,5716000,269234600,TPEX_OTC_QUOTES_NO1430_JSON
20240828,8044,網家,TPEx,30.25,30.25,30.05,30.05,99000,2983100,TPEX_OTC_QUOTES_NO1430_JSON
20240828,8047,星雲,TPEx,14.7,14.9,14.7,14.7,13000,191950,TPEX_OTC_QUOTES_NO1430_JSON
20240828,8048,德勝,TPEx,55.3,55.5,54.9,55.4,170000,9389700,TPEX_OTC_QUOTES_NO1430_JSON
20240828,8049,晶采,TPEx,34.15,34.4,34.15,34.2,664000,22757100,TPEX_OTC_QUOTES_NO1430_JSON
20240828,8050,廣積,TPEx,72.8,72.9,72.2,72.2,225000,16291300,TPEX_OTC_QUOTES_NO1430_JSON
20240828,8054,安國,TPEx,162.0,164.0,160.0,160.5,2178000,351808000,TPEX_OTC_QUOTES_NO1430_JSON
20240828,8059,凱碩,TPEx,31.0,32.1,29.8,31.0,300000,9231500,TPEX_OTC_QUOTES_NO1430_JSON
20240828,8064,東捷,TPEx,69.0,69.4,65.9,66.3,36405000,2466021600,TPEX_OTC_QUOTES_NO1430_JSON
20240828,8066,來思達,TPEx,28.9,29.4,28.8,29.05,33000,958600,TPEX_OTC_QUOTES_NO1430_JSON
20240828,8067,志旭,TPEx,18.05,19.15,17.9,18.85,18000,331400,TPEX_OTC_QUOTES_NO1430_JSON
20240828,8068,全達,TPEx,29.6,29.95,29.25,29.25,189000,5571450,TPEX_OTC_QUOTES_NO1430_JSON
20240828,8069,元太,TPEx,301.0,304.0,295.0,303.0,5038000,1515955500,TPEX_OTC_QUOTES_NO1430_JSON
20240828,8071,能率網通,TPEx,25.0,25.0,24.25,24.55,2887000,71068450,TPEX_OTC_QUOTES_NO1430_JSON
20240828,8074,鉅橡,TPEx,21.45,21.65,21.45,21.6,84000,1812700,TPEX_OTC_QUOTES_NO1430_JSON
20240828,8076,伍豐,TPEx,34.65,35.45,34.3,35.05,3463000,121066300,TPEX_OTC_QUOTES_NO1430_JSON
20240828,8077,洛碁,TPEx,55.1,55.1,55.1,55.1,1000,55100,TPEX_OTC_QUOTES_NO1430_JSON
20240828,8080,泰霖,TPEx,25.0,29.5,25.0,29.5,1311000,36466000,TPEX_OTC_QUOTES_NO1430_JSON
20240828,8083,瑞穎,TPEx,166.5,166.5,164.5,166.0,80000,13215000,TPEX_OTC_QUOTES_NO1430_JSON
20240828,8084,巨虹,TPEx,72.4,73.4,71.3,71.4,168000,12103000,TPEX_OTC_QUOTES_NO1430_JSON
20240828,8085,福華,TPEx,43.45,43.55,42.3,42.45,678000,28937500,TPEX_OTC_QUOTES_NO1430_JSON
20240828,8086,宏捷科,TPEx,103.5,104.0,102.0,103.0,675000,69379500,TPEX_OTC_QUOTES_NO1430_JSON
20240828,8087,麗升能源,TPEx,51.5,52.7,51.5,52.6,48000,2506100,TPEX_OTC_QUOTES_NO1430_JSON
20240828,8088,品安,TPEx,31.8,32.1,31.5,31.9,151000,4805800,TPEX_OTC_QUOTES_NO1430_JSON
20240828,8089,康全電訊,TPEx,128.5,128.5,122.5,123.0,2429000,303235000,TPEX_OTC_QUOTES_NO1430_JSON
20240828,8091,翔名,TPEx,154.0,162.5,151.5,160.0,2864000,452219000,TPEX_OTC_QUOTES_NO1430_JSON
20240828,8092,建暐,TPEx,25.75,26.05,25.55,25.7,150000,3864850,TPEX_OTC_QUOTES_NO1430_JSON
20240828,8093,保銳,TPEx,21.85,21.85,21.6,21.85,40000,870300,TPEX_OTC_QUOTES_NO1430_JSON
20240828,8096,擎亞,TPEx,57.6,58.0,55.2,55.4,21617000,1215566900,TPEX_OTC_QUOTES_NO1430_JSON
20240828,8097,常珵,TPEx,65.7,67.0,65.0,67.0,160000,10605800,TPEX_OTC_QUOTES_NO1430_JSON
20240828,8099,大世科,TPEx,83.2,83.4,78.1,78.2,721000,57841800,TPEX_OTC_QUOTES_NO1430_JSON
20240828,8107,大億金茂,TPEx,27.0,28.65,27.0,27.2,1582000,44024950,TPEX_OTC_QUOTES_NO1430_JSON
20240828,8109,博大,TPEx,87.3,90.5,87.3,89.1,96000,8572300,TPEX_OTC_QUOTES_NO1430_JSON
20240828,8111,立碁,TPEx,26.15,28.7,26.1,28.0,21509000,595022300,TPEX_OTC_QUOTES_NO1430_JSON
20240828,8121,越峰,TPEx,45.2,46.0,44.5,44.8,1924000,87033550,TPEX_OTC_QUOTES_NO1430_JSON
20240828,8147,正淩,TPEx,140.0,146.0,137.0,138.0,2860000,403776000,TPEX_OTC_QUOTES_NO1430_JSON
20240828,8155,博智,TPEx,121.5,124.0,121.5,123.0,180000,22145000,TPEX_OTC_QUOTES_NO1430_JSON
20240828,8171,天宇,TPEx,30.95,31.75,30.95,31.5,189000,5921850,TPEX_OTC_QUOTES_NO1430_JSON
20240828,8176,智捷,TPEx,14.25,14.9,14.15,14.65,316000,4592400,TPEX_OTC_QUOTES_NO1430_JSON
20240828,8182,加高,TPEx,36.75,37.5,36.3,36.65,364000,13423500,TPEX_OTC_QUOTES_NO1430_JSON
20240828,8183,精星,TPEx,37.2,37.65,37.0,37.5,170000,6339650,TPEX_OTC_QUOTES_NO1430_JSON
20240828,8227,巨有科技,TPEx,203.5,204.0,199.5,199.5,245000,49391000,TPEX_OTC_QUOTES_NO1430_JSON
20240828,8234,新漢,TPEx,58.4,58.4,57.3,57.7,824000,47555200,TPEX_OTC_QUOTES_NO1430_JSON
20240828,8240,華宏,TPEx,34.35,35.0,34.35,34.8,66000,2289050,TPEX_OTC_QUOTES_NO1430_JSON
20240828,8255,朋程,TPEx,171.5,172.5,170.5,171.0,142000,24301000,TPEX_OTC_QUOTES_NO1430_JSON
20240828,8277,商丞,TPEx,14.5,14.55,14.15,14.2,376000,5377650,TPEX_OTC_QUOTES_NO1430_JSON
20240828,8279,生展,TPEx,138.0,138.0,138.0,138.0,1000,138000,TPEX_OTC_QUOTES_NO1430_JSON
20240828,8284,三竹,TPEx,64.7,64.7,64.1,64.3,28000,1802900,TPEX_OTC_QUOTES_NO1430_JSON
20240828,8289,泰藝,TPEx,28.15,28.35,28.15,28.2,43000,1212400,TPEX_OTC_QUOTES_NO1430_JSON
20240828,8291,尚茂,TPEx,8.23,9.0,8.23,9.0,25000,216680,TPEX_OTC_QUOTES_NO1430_JSON
20240828,8299,群聯,TPEx,540.0,546.0,539.0,542.0,1191000,646387000,TPEX_OTC_QUOTES_NO1430_JSON
20240828,8342,益張,TPEx,85.0,86.5,85.0,86.5,9000,776500,TPEX_OTC_QUOTES_NO1430_JSON
20240828,8349,恒耀國際,TPEx,75.0,75.3,74.6,74.8,195000,14613400,TPEX_OTC_QUOTES_NO1430_JSON
20240828,8354,冠好,TPEx,19.0,19.2,18.5,18.7,1343000,25345200,TPEX_OTC_QUOTES_NO1430_JSON
20240828,8358,金居,TPEx,64.2,64.4,63.6,63.7,1711000,109374300,TPEX_OTC_QUOTES_NO1430_JSON
20240828,8383,千附,TPEx,43.1,43.8,43.1,43.8,343000,14912700,TPEX_OTC_QUOTES_NO1430_JSON
20240828,8390,金益鼎,TPEx,76.5,76.5,74.4,74.4,574000,43078900,TPEX_OTC_QUOTES_NO1430_JSON
20240828,8401,白紗科,TPEx,27.35,27.4,26.95,27.1,71000,1926550,TPEX_OTC_QUOTES_NO1430_JSON
20240828,8403,盛弘,TPEx,30.65,30.9,30.6,30.65,116000,3556750,TPEX_OTC_QUOTES_NO1430_JSON
20240828,8409,商之器,TPEx,22.25,23.0,22.2,22.55,61000,1375250,TPEX_OTC_QUOTES_NO1430_JSON
20240828,8410,森田,TPEx,85.6,88.3,85.2,88.2,308000,26812600,TPEX_OTC_QUOTES_NO1430_JSON
20240828,8415,大國鋼,TPEx,33.4,33.55,33.3,33.35,327000,10933800,TPEX_OTC_QUOTES_NO1430_JSON
20240828,8416,實威,TPEx,157.5,157.5,157.0,157.5,9000,1416500,TPEX_OTC_QUOTES_NO1430_JSON
20240828,8420,明揚,TPEx,42.85,43.0,42.45,42.7,30000,1284900,TPEX_OTC_QUOTES_NO1430_JSON
20240828,8421,旭源,TPEx,15.05,15.2,14.85,14.9,254000,3814050,TPEX_OTC_QUOTES_NO1430_JSON
20240828,8423,保綠-KY,TPEx,24.5,25.3,24.05,24.25,221000,5441400,TPEX_OTC_QUOTES_NO1430_JSON
20240828,8424,惠普,TPEx,70.0,70.1,70.0,70.1,10000,700500,TPEX_OTC_QUOTES_NO1430_JSON
20240828,8426,紅木-KY,TPEx,49.0,50.0,47.25,48.7,256000,12323700,TPEX_OTC_QUOTES_NO1430_JSON
20240828,8431,匯鑽科,TPEx,60.3,60.3,59.3,59.8,91000,5435300,TPEX_OTC_QUOTES_NO1430_JSON
20240828,8432,東生華,TPEx,59.2,59.6,58.7,59.3,48000,2841300,TPEX_OTC_QUOTES_NO1430_JSON
20240828,8433,弘帆,TPEx,87.5,88.2,87.5,87.6,42000,3686000,TPEX_OTC_QUOTES_NO1430_JSON
20240828,8435,鉅邁,TPEx,71.3,71.5,70.8,71.4,45000,3206000,TPEX_OTC_QUOTES_NO1430_JSON
20240828,8436,大江,TPEx,143.5,143.5,141.0,141.5,169000,23946500,TPEX_OTC_QUOTES_NO1430_JSON
20240828,8437,大地-KY,TPEx,29.4,30.8,29.4,30.45,68000,2061000,TPEX_OTC_QUOTES_NO1430_JSON
20240828,8440,綠電,TPEx,52.1,52.3,51.3,51.7,586000,30306400,TPEX_OTC_QUOTES_NO1430_JSON
20240828,8444,綠河-KY,TPEx,39.2,39.35,39.0,39.25,32000,1254600,TPEX_OTC_QUOTES_NO1430_JSON
20240828,8446,華研,TPEx,115.0,116.5,114.5,115.5,224000,25889000,TPEX_OTC_QUOTES_NO1430_JSON
20240828,8450,霹靂,TPEx,24.25,24.45,24.0,24.15,68000,1646450,TPEX_OTC_QUOTES_NO1430_JSON
20240828,8455,大拓-KY,TPEx,40.55,41.35,39.6,40.15,120000,4862600,TPEX_OTC_QUOTES_NO1430_JSON
20240828,8472,夠麻吉,TPEx,27.8,27.8,27.4,27.4,4000,110200,TPEX_OTC_QUOTES_NO1430_JSON
20240828,8477,創業家,TPEx,12.1,12.1,11.7,11.9,60000,713450,TPEX_OTC_QUOTES_NO1430_JSON
20240828,8489,三貝德,TPEx,30.2,30.2,28.8,28.85,176000,5172550,TPEX_OTC_QUOTES_NO1430_JSON
20240828,8905,裕國,TPEx,31.6,31.65,31.35,31.65,12000,377850,TPEX_OTC_QUOTES_NO1430_JSON
20240828,8906,花王,TPEx,47.8,48.4,47.0,47.35,112000,5333200,TPEX_OTC_QUOTES_NO1430_JSON
20240828,8908,欣雄,TPEx,53.0,53.0,52.4,52.9,33000,1743200,TPEX_OTC_QUOTES_NO1430_JSON
20240828,8916,光隆,TPEx,57.9,58.8,57.9,58.6,122000,7142100,TPEX_OTC_QUOTES_NO1430_JSON
20240828,8921,沈氏,TPEx,20.0,20.05,19.2,19.95,22000,437450,TPEX_OTC_QUOTES_NO1430_JSON
20240828,8923,時報,TPEx,19.7,19.7,19.4,19.55,10000,194750,TPEX_OTC_QUOTES_NO1430_JSON
20240828,8924,大田,TPEx,89.5,89.8,89.4,89.4,41000,3671900,TPEX_OTC_QUOTES_NO1430_JSON
20240828,8927,北基,TPEx,63.8,69.7,63.8,67.8,8491000,579085600,TPEX_OTC_QUOTES_NO1430_JSON
20240828,8928,鉅明,TPEx,32.0,32.0,31.75,31.85,29000,922750,TPEX_OTC_QUOTES_NO1430_JSON
20240828,8929,富堡,TPEx,21.25,21.25,21.0,21.15,20000,422400,TPEX_OTC_QUOTES_NO1430_JSON
20240828,8930,青鋼,TPEx,34.8,34.95,34.55,34.55,98000,3406800,TPEX_OTC_QUOTES_NO1430_JSON
20240828,8931,大汽電,TPEx,49.0,49.7,48.6,48.95,33000,1614650,TPEX_OTC_QUOTES_NO1430_JSON
20240828,8932,智通*,TPEx,170.0,171.0,164.0,169.5,705000,118540000,TPEX_OTC_QUOTES_NO1430_JSON
20240828,8933,愛地雅,TPEx,9.09,9.12,9.06,9.12,122000,1109280,TPEX_OTC_QUOTES_NO1430_JSON
20240828,8935,邦泰,TPEx,17.05,17.05,16.6,16.9,96000,1613300,TPEX_OTC_QUOTES_NO1430_JSON
20240828,8936,國統,TPEx,68.6,69.7,67.4,67.4,2969000,202718700,TPEX_OTC_QUOTES_NO1430_JSON
20240828,8937,合騏*,TPEx,59.0,64.2,57.8,62.0,2146000,131269600,TPEX_OTC_QUOTES_NO1430_JSON
20240828,8938,明安,TPEx,83.3,83.6,83.3,83.5,68000,5676600,TPEX_OTC_QUOTES_NO1430_JSON
20240828,8941,關中,TPEx,69.5,69.5,67.0,67.6,68000,4588100,TPEX_OTC_QUOTES_NO1430_JSON
20240828,8942,森鉅,TPEx,61.0,61.5,61.0,61.4,163000,9990900,TPEX_OTC_QUOTES_NO1430_JSON
20240828,9949,琉園,TPEx,25.15,25.15,24.35,24.35,34000,847300,TPEX_OTC_QUOTES_NO1430_JSON
20240828,9950,萬國通,TPEx,14.9,14.9,14.65,14.65,46000,676750,TPEX_OTC_QUOTES_NO1430_JSON
20240828,9951,皇田,TPEx,66.5,66.5,66.4,66.4,52000,3456100,TPEX_OTC_QUOTES_NO1430_JSON
20240828,9960,邁達康,TPEx,26.4,26.4,26.15,26.15,14000,367650,TPEX_OTC_QUOTES_NO1430_JSON
20240828,9962,有益,TPEx,15.3,15.3,15.2,15.2,85000,1297000,TPEX_OTC_QUOTES_NO1430_JSON
20240828,0050,元大台灣50,TWSE,180.5,183.0,179.85,183.0,5848299,1061370161,TWSE_RWD_JSON_MI_INDEX
20240828,0051,元大中型100,TWSE,81.7,81.7,81.25,81.35,54887,4469289,TWSE_RWD_JSON_MI_INDEX
20240828,0052,富邦科技,TWSE,176.5,179.3,176.0,179.2,368537,65596741,TWSE_RWD_JSON_MI_INDEX
20240828,0053,元大電子,TWSE,97.4,98.6,97.35,98.45,8112,793463,TWSE_RWD_JSON_MI_INDEX
20240828,0055,元大MSCI金融,TWSE,29.0,29.0,28.78,28.9,74089,2138251,TWSE_RWD_JSON_MI_INDEX
20240828,0056,元大高股息,TWSE,38.89,39.0,38.79,38.99,8032047,312420648,TWSE_RWD_JSON_MI_INDEX
20240828,0057,富邦摩台,TWSE,134.2,135.05,134.2,134.75,13344,1797687,TWSE_RWD_JSON_MI_INDEX
20240828,0061,元大寶滬深,TWSE,16.49,16.5,16.35,16.41,246833,4049279,TWSE_RWD_JSON_MI_INDEX
20240828,006203,元大MSCI台灣,TWSE,85.5,86.5,85.3,86.3,6563,563289,TWSE_RWD_JSON_MI_INDEX
20240828,006204,永豐臺灣加權,TWSE,112.2,112.65,111.8,112.65,12380,1386575,TWSE_RWD_JSON_MI_INDEX
20240828,006205,富邦上証,TWSE,29.0,29.0,28.73,28.78,769745,22192263,TWSE_RWD_JSON_MI_INDEX
20240828,006206,元大上證50,TWSE,27.85,27.96,27.62,27.76,61415,1704794,TWSE_RWD_JSON_MI_INDEX
20240828,006207,復華滬深,TWSE,21.46,21.46,20.96,21.01,92256,1939750,TWSE_RWD_JSON_MI_INDEX
20240828,006208,富邦台50,TWSE,105.7,106.95,105.15,106.95,4141223,439155791,TWSE_RWD_JSON_MI_INDEX
20240828,00636,國泰中國A50,TWSE,20.29,20.31,20.02,20.05,2376180,47711263,TWSE_RWD_JSON_MI_INDEX
20240828,00639,富邦深100,TWSE,9.45,9.45,9.35,9.36,850604,7985972,TWSE_RWD_JSON_MI_INDEX
20240828,00643,群益深証中小,TWSE,10.51,10.51,10.43,10.48,312888,3276311,TWSE_RWD_JSON_MI_INDEX
20240828,00645,富邦日本,TWSE,36.56,36.72,36.56,36.71,488683,17915130,TWSE_RWD_JSON_MI_INDEX
20240828,00646,元大S&P500,TWSE,55.95,56.1,55.95,56.1,660264,37004940,TWSE_RWD_JSON_MI_INDEX
20240828,00652,富邦印度,TWSE,39.92,40.08,39.92,40.02,175769,7035032,TWSE_RWD_JSON_MI_INDEX
20240828,00657,國泰日經225,TWSE,44.82,45.0,44.82,44.97,181725,8157688,TWSE_RWD_JSON_MI_INDEX
20240828,00660,元大歐洲50,TWSE,35.85,35.89,35.85,35.89,4165,149352,TWSE_RWD_JSON_MI_INDEX
20240828,00661,元大日經225,TWSE,48.91,49.0,48.81,48.97,616819,30160586,TWSE_RWD_JSON_MI_INDEX
20240828,00662,富邦NASDAQ,TWSE,80.3,80.6,80.3,80.6,387396,31171968,TWSE_RWD_JSON_MI_INDEX
20240828,00668,國泰美國道瓊,TWSE,47.81,47.97,47.81,47.97,22817,1092580,TWSE_RWD_JSON_MI_INDEX
20240828,00678,群益那斯達克生技,TWSE,31.0,31.01,30.95,31.01,626163,19397572,TWSE_RWD_JSON_MI_INDEX
20240828,00690,兆豐藍籌30,TWSE,34.25,34.25,33.86,34.24,634934,21630338,TWSE_RWD_JSON_MI_INDEX
20240828,00692,富邦公司治理,TWSE,42.45,42.97,42.27,42.97,1472460,62790522,TWSE_RWD_JSON_MI_INDEX
20240828,00700,富邦恒生國企,TWSE,12.59,12.59,12.4,12.45,233832,2915556,TWSE_RWD_JSON_MI_INDEX
20240828,00701,國泰股利精選30,TWSE,28.97,28.97,28.76,28.92,479006,13830368,TWSE_RWD_JSON_MI_INDEX
20240828,00702,國泰標普低波高息,TWSE,24.68,24.71,24.66,24.71,114017,2813959,TWSE_RWD_JSON_MI_INDEX
20240828,00703,台新MSCI中國,TWSE,14.8,14.87,14.59,14.62,30611,448683,TWSE_RWD_JSON_MI_INDEX
20240828,00709,富邦歐洲,TWSE,30.58,30.7,30.58,30.7,25445,778067,TWSE_RWD_JSON_MI_INDEX
20240828,00712,復華富時不動產,TWSE,9.97,9.97,9.94,9.97,9013899,89763462,TWSE_RWD_JSON_MI_INDEX
20240828,00713,元大台灣高息低波,TWSE,58.2,58.25,58.0,58.1,6898051,400886300,TWSE_RWD_JSON_MI_INDEX
20240828,00714,群益道瓊美國地產,TWSE,21.7,21.73,21.7,21.73,159652,3467792,TWSE_RWD_JSON_MI_INDEX
20240828,00717,富邦美國特別股,TWSE,15.97,16.02,15.97,16.01,249817,3999306,TWSE_RWD_JSON_MI_INDEX
20240828,00728,第一金工業30,TWSE,32.34,32.45,32.23,32.45,128891,4165503,TWSE_RWD_JSON_MI_INDEX
20240828,00730,富邦臺灣優質高息,TWSE,23.06,23.1,22.96,23.09,172040,3961283,TWSE_RWD_JSON_MI_INDEX
20240828,00731,復華富時高息低波,TWSE,72.8,73.25,72.6,73.25,768400,55943523,TWSE_RWD_JSON_MI_INDEX
20240828,00733,富邦臺灣中小,TWSE,56.3,56.65,56.0,56.1,715078,40251051,TWSE_RWD_JSON_MI_INDEX
20240828,00735,國泰臺韓科技,TWSE,33.71,34.0,33.6,34.0,191487,6469655,TWSE_RWD_JSON_MI_INDEX
20240828,00736,國泰新興市場,TWSE,23.09,23.09,23.09,23.09,101057,2333131,TWSE_RWD_JSON_MI_INDEX
20240828,00737,國泰AI機器人,TWSE,30.25,30.29,30.24,30.28,77856,2355354,TWSE_RWD_JSON_MI_INDEX
20240828,00739,元大MSCI A股,TWSE,19.71,19.72,19.5,19.58,79245,1552907,TWSE_RWD_JSON_MI_INDEX
20240828,00752,中信中國50,TWSE,17.93,17.93,17.67,17.69,1600298,28406258,TWSE_RWD_JSON_MI_INDEX
20240828,00757,統一FANG+,TWSE,84.85,85.05,84.7,85.05,983600,83516614,TWSE_RWD_JSON_MI_INDEX
20240828,00762,元大全球AI,TWSE,59.2,59.25,59.05,59.25,192375,11376048,TWSE_RWD_JSON_MI_INDEX
20240828,00770,國泰北美科技,TWSE,45.78,45.9,45.75,45.9,110512,5066385,TWSE_RWD_JSON_MI_INDEX
20240828,00771,元大US高息特別股,TWSE,17.7,17.7,17.65,17.66,13721,242262,TWSE_RWD_JSON_MI_INDEX
20240828,00783,富邦中証500,TWSE,15.67,15.7,15.6,15.65,98064,1537853,TWSE_RWD_JSON_MI_INDEX
20240828,00830,國泰費城半導體,TWSE,46.06,46.38,46.06,46.36,6932932,320799919,TWSE_RWD_JSON_MI_INDEX
20240828,00850,元大臺灣ESG永續,TWSE,44.12,44.35,43.78,44.35,802552,35408979,TWSE_RWD_JSON_MI_INDEX
20240828,00851,台新全球AI,TWSE,45.86,45.91,45.83,45.83,16319,748071,TWSE_RWD_JSON_MI_INDEX
20240828,00861,元大全球未來通訊,TWSE,41.98,41.98,41.82,41.97,68138,2856419,TWSE_RWD_JSON_MI_INDEX
20240828,00875,國泰網路資安,TWSE,32.94,33.0,32.94,33.0,31824,1049316,TWSE_RWD_JSON_MI_INDEX
20240828,00876,元大全球5G,TWSE,37.91,38.14,37.9,38.11,213029,8092444,TWSE_RWD_JSON_MI_INDEX
20240828,00878,國泰永續高股息,TWSE,22.89,22.98,22.8,22.93,33703282,771525994,TWSE_RWD_JSON_MI_INDEX
20240828,00881,國泰台灣科技龍頭,TWSE,23.2,23.45,23.08,23.45,10529351,244982192,TWSE_RWD_JSON_MI_INDEX
20240828,00882,中信中國高股息,TWSE,11.06,11.08,10.99,11.01,6180571,68141112,TWSE_RWD_JSON_MI_INDEX
20240828,00885,富邦越南,TWSE,12.03,12.08,11.97,11.98,7527570,90601270,TWSE_RWD_JSON_MI_INDEX
20240828,00891,中信關鍵半導體,TWSE,18.26,18.37,18.13,18.36,4246769,77570192,TWSE_RWD_JSON_MI_INDEX
20240828,00892,富邦台灣半導體,TWSE,17.04,17.15,16.9,17.12,2323824,39600803,TWSE_RWD_JSON_MI_INDEX
20240828,00893,國泰智能電動車,TWSE,21.51,21.55,21.49,21.53,896405,19290946,TWSE_RWD_JSON_MI_INDEX
20240828,00894,中信小資高價30,TWSE,20.48,20.56,20.27,20.53,359990,7356961,TWSE_RWD_JSON_MI_INDEX
20240828,00895,富邦未來車,TWSE,27.87,28.2,27.87,28.2,3277716,92002098,TWSE_RWD_JSON_MI_INDEX
20240828,00896,中信綠能及電動車,TWSE,17.81,17.82,17.64,17.81,614549,10901378,TWSE_RWD_JSON_MI_INDEX
20240828,00897,富邦基因免疫生技,TWSE,8.48,8.48,8.43,8.45,520692,4396013,TWSE_RWD_JSON_MI_INDEX
20240828,00898,國泰基因免疫革命,TWSE,7.59,7.62,7.59,7.6,602922,4583701,TWSE_RWD_JSON_MI_INDEX
20240828,00899,FT潔淨能源,TWSE,16.57,16.57,16.53,16.54,68570,1133824,TWSE_RWD_JSON_MI_INDEX
20240828,00900,富邦特選高股息30,TWSE,15.15,15.15,15.04,15.1,7969971,120202255,TWSE_RWD_JSON_MI_INDEX
20240828,00901,永豐智能車供應鏈,TWSE,20.42,20.52,20.22,20.52,526438,10741673,TWSE_RWD_JSON_MI_INDEX
20240828,00902,中信電池及儲能,TWSE,8.8,8.81,8.72,8.74,917047,8031869,TWSE_RWD_JSON_MI_INDEX
20240828,00903,富邦元宇宙,TWSE,14.0,14.02,13.99,14.02,383550,5371580,TWSE_RWD_JSON_MI_INDEX
20240828,00904,新光臺灣半導體30,TWSE,18.11,18.18,17.91,18.16,760446,13748694,TWSE_RWD_JSON_MI_INDEX
20240828,00905,FT臺灣Smart,TWSE,13.35,13.42,13.28,13.41,1880267,25118382,TWSE_RWD_JSON_MI_INDEX
20240828,00907,永豐優息存股,TWSE,15.88,15.9,15.79,15.85,2715094,42980751,TWSE_RWD_JSON_MI_INDEX
20240828,00908,富邦入息REITs+,TWSE,13.36,13.38,13.36,13.37,278116,3718721,TWSE_RWD_JSON_MI_INDEX
20240828,00909,國泰數位支付服務,TWSE,26.57,26.57,26.38,26.55,590651,15632249,TWSE_RWD_JSON_MI_INDEX
20240828,00910,第一金太空衛星,TWSE,22.75,22.75,22.67,22.71,162273,3684732,TWSE_RWD_JSON_MI_INDEX
20240828,00911,兆豐洲際半導體,TWSE,26.55,26.57,26.5,26.54,286730,7608378,TWSE_RWD_JSON_MI_INDEX
20240828,00912,中信臺灣智慧50,TWSE,19.18,19.18,18.99,19.16,628680,12011829,TWSE_RWD_JSON_MI_INDEX
20240828,00913,兆豐台灣晶圓製造,TWSE,20.97,21.12,20.89,21.12,735579,15462694,TWSE_RWD_JSON_MI_INDEX
20240828,00915,凱基優選高股息30,TWSE,27.1,27.17,27.01,27.17,5595938,151659532,TWSE_RWD_JSON_MI_INDEX
20240828,00916,國泰全球品牌50,TWSE,22.41,22.47,22.41,22.47,130570,2930865,TWSE_RWD_JSON_MI_INDEX
20240828,00917,中信特選金融,TWSE,20.74,20.79,20.73,20.79,72858,1512099,TWSE_RWD_JSON_MI_INDEX
20240828,00918,大華優利高填息30,TWSE,24.65,24.69,24.49,24.62,9267674,227972337,TWSE_RWD_JSON_MI_INDEX
20240828,00919,群益台灣精選高息,TWSE,24.61,24.7,24.52,24.65,35885992,883629305,TWSE_RWD_JSON_MI_INDEX
20240828,00920,富邦ESG綠色電力,TWSE,14.99,15.05,14.99,15.05,61569,923486,TWSE_RWD_JSON_MI_INDEX
20240828,00921,兆豐龍頭等權重,TWSE,18.83,18.88,18.74,18.83,693242,13046979,TWSE_RWD_JSON_MI_INDEX
20240828,00922,國泰台灣領袖50,TWSE,21.4,21.57,21.28,21.57,1641490,35170325,TWSE_RWD_JSON_MI_INDEX
20240828,00923,群益台ESG低碳50,TWSE,20.9,21.03,20.75,21.03,4546633,95053619,TWSE_RWD_JSON_MI_INDEX
20240828,00924,復華S&P500成長,TWSE,22.41,22.49,22.41,22.48,1234869,27728961,TWSE_RWD_JSON_MI_INDEX
20240828,00925,新光標普電動車,TWSE,16.2,16.23,16.2,16.22,344217,5584220,TWSE_RWD_JSON_MI_INDEX
20240828,00926,凱基全球菁英55,TWSE,22.72,22.74,22.67,22.73,214396,4868963,TWSE_RWD_JSON_MI_INDEX
20240828,00927,群益半導體收益,TWSE,19.14,19.27,19.02,19.25,2727062,52254444,TWSE_RWD_JSON_MI_INDEX
20240828,00929,復華台灣科技優息,TWSE,19.54,19.61,19.52,19.59,54585106,1068535013,TWSE_RWD_JSON_MI_INDEX
20240828,00930,永豐ESG低碳高息,TWSE,19.5,19.58,19.44,19.55,986727,19255775,TWSE_RWD_JSON_MI_INDEX
20240828,00932,兆豐永續高息等權,TWSE,16.86,16.89,16.81,16.86,1512437,25491891,TWSE_RWD_JSON_MI_INDEX
20240828,00934,中信成長高股息,TWSE,19.7,19.71,19.56,19.65,11590314,227577522,TWSE_RWD_JSON_MI_INDEX
20240828,00935,野村臺灣新科技50,TWSE,22.0,22.14,21.83,22.14,4537863,99907513,TWSE_RWD_JSON_MI_INDEX
20240828,00936,台新永續高息中小,TWSE,16.89,16.89,16.8,16.86,10967029,184749683,TWSE_RWD_JSON_MI_INDEX
20240828,00939,統一台灣高息動能,TWSE,14.68,14.68,14.58,14.64,8175211,119645394,TWSE_RWD_JSON_MI_INDEX
20240828,00940,元大台灣價值高息,TWSE,9.75,9.76,9.69,9.74,35814294,348327667,TWSE_RWD_JSON_MI_INDEX
20240828,00941,中信上游半導體,TWSE,14.67,14.7,14.64,14.7,2412368,35396067,TWSE_RWD_JSON_MI_INDEX
20240828,00943,兆豐電子高息等權,TWSE,14.75,14.79,14.72,14.74,632388,9320661,TWSE_RWD_JSON_MI_INDEX
20240828,00944,野村趨勢動能高息,TWSE,15.01,15.06,14.98,15.04,2704501,40641974,TWSE_RWD_JSON_MI_INDEX
20240828,00946,群益科技高息成長,TWSE,10.13,10.13,10.06,10.1,7528605,76059360,TWSE_RWD_JSON_MI_INDEX
20240828,00947,台新臺灣IC設計,TWSE,14.64,14.68,14.34,14.48,2779496,40243235,TWSE_RWD_JSON_MI_INDEX
20240828,00949,復華日本龍頭,TWSE,15.12,15.26,15.12,15.25,8702909,132293771,TWSE_RWD_JSON_MI_INDEX
20240828,00951,台新日本半導體,TWSE,9.12,9.2,9.09,9.18,4720326,43116927,TWSE_RWD_JSON_MI_INDEX
20240828,00954,中信日本半導體,TWSE,9.63,9.73,9.62,9.7,3407180,32952445,TWSE_RWD_JSON_MI_INDEX
20240828,00956,中信日經高股息,TWSE,10.03,10.05,10.02,10.04,2909183,29198643,TWSE_RWD_JSON_MI_INDEX
20240828,020000,富邦特選蘋果N,TWSE,12.11,12.24,12.07,12.24,44000,533270,TWSE_RWD_JSON_MI_INDEX
20240828,020019,統一特選台灣5GN,TWSE,19.18,19.21,19.18,19.21,2000,38390,TWSE_RWD_JSON_MI_INDEX
20240828,020020,元大台股領航N,TWSE,11.49,11.55,11.4,11.55,70000,804150,TWSE_RWD_JSON_MI_INDEX
20240828,020028,元大特選電動車N,TWSE,9.33,9.37,9.29,9.36,44000,410170,TWSE_RWD_JSON_MI_INDEX
20240828,020029,元大ESG高股息N,TWSE,8.93,8.96,8.88,8.95,25000,223350,TWSE_RWD_JSON_MI_INDEX
20240828,020030,統一智慧電動車N,TWSE,6.24,6.3,6.23,6.3,87000,544180,TWSE_RWD_JSON_MI_INDEX
20240828,020031,統一IC設計臺灣N,TWSE,5.85,5.9,5.85,5.9,18000,105990,TWSE_RWD_JSON_MI_INDEX
20240828,020032,元大綠能N,TWSE,6.29,6.29,6.29,6.29,4000,25160,TWSE_RWD_JSON_MI_INDEX
20240828,020034,元大IC設計N,TWSE,7.8,7.81,7.74,7.8,26000,202490,TWSE_RWD_JSON_MI_INDEX
20240828,020036,元大金融配息N,TWSE,6.65,6.65,6.65,6.65,1000,6650,TWSE_RWD_JSON_MI_INDEX
20240828,020038,元大ESG配息N,TWSE,7.69,7.72,7.68,7.72,31000,238410,TWSE_RWD_JSON_MI_INDEX
20240828,020039,元大加權N,TWSE,6.78,6.82,6.75,6.81,57000,387340,TWSE_RWD_JSON_MI_INDEX
20240828,1101,台泥,TWSE,32.8,32.95,32.75,32.9,7826706,256981494,TWSE_RWD_JSON_MI_INDEX
20240828,1102,亞泥,TWSE,44.8,44.9,44.4,44.9,4942762,221204931,TWSE_RWD_JSON_MI_INDEX
20240828,1103,嘉泥,TWSE,18.15,18.15,18.05,18.15,243889,4418621,TWSE_RWD_JSON_MI_INDEX
20240828,1104,環泥,TWSE,30.3,30.55,30.3,30.4,348033,10588122,TWSE_RWD_JSON_MI_INDEX
20240828,1108,幸福,TWSE,15.15,15.25,15.05,15.2,1570016,23803579,TWSE_RWD_JSON_MI_INDEX
20240828,1109,信大,TWSE,18.4,18.4,18.3,18.35,52637,965941,TWSE_RWD_JSON_MI_INDEX
20240828,1110,東泥,TWSE,23.5,23.6,22.9,23.05,448602,10420883,TWSE_RWD_JSON_MI_INDEX
20240828,1201,味全,TWSE,18.45,18.5,18.35,18.35,346653,6386195,TWSE_RWD_JSON_MI_INDEX
20240828,1203,味王,TWSE,53.9,53.9,53.9,53.9,1571,84919,TWSE_RWD_JSON_MI_INDEX
20240828,1210,大成,TWSE,52.1,53.0,52.1,52.8,1507560,79379919,TWSE_RWD_JSON_MI_INDEX
20240828,1213,大飲,TWSE,12.0,12.0,11.8,11.9,13008,154446,TWSE_RWD_JSON_MI_INDEX
20240828,1215,卜蜂,TWSE,98.7,98.9,98.5,98.5,127648,12596295,TWSE_RWD_JSON_MI_INDEX
20240828,1216,統一,TWSE,83.3,83.3,82.2,82.8,8144465,672016373,TWSE_RWD_JSON_MI_INDEX
20240828,1217,愛之味,TWSE,12.0,12.1,11.95,11.95,510027,6127173,TWSE_RWD_JSON_MI_INDEX
20240828,1218,泰山,TWSE,20.8,20.95,20.75,20.85,257209,5368858,TWSE_RWD_JSON_MI_INDEX
20240828,1219,福壽,TWSE,17.3,17.4,17.25,17.3,212666,3678749,TWSE_RWD_JSON_MI_INDEX
20240828,1220,台榮,TWSE,17.15,17.25,17.0,17.0,601275,10308447,TWSE_RWD_JSON_MI_INDEX
20240828,1225,福懋油,TWSE,158.0,160.0,158.0,159.0,20767,3311197,TWSE_RWD_JSON_MI_INDEX
20240828,1227,佳格,TWSE,38.8,38.95,38.5,38.6,244657,9460471,TWSE_RWD_JSON_MI_INDEX
20240828,1229,聯華,TWSE,63.0,63.0,62.6,62.8,576664,36206589,TWSE_RWD_JSON_MI_INDEX
20240828,1231,聯華食,TWSE,106.5,108.5,106.5,107.5,108874,11736509,TWSE_RWD_JSON_MI_INDEX
20240828,1232,大統益,TWSE,146.5,147.0,146.0,147.0,47748,6993616,TWSE_RWD_JSON_MI_INDEX
20240828,1233,天仁,TWSE,32.3,32.4,32.3,32.4,23135,748343,TWSE_RWD_JSON_MI_INDEX
20240828,1234,黑松,TWSE,42.4,42.45,42.25,42.3,57958,2454297,TWSE_RWD_JSON_MI_INDEX
20240828,1235,興泰,TWSE,131.0,133.5,130.5,130.5,19261,2539558,TWSE_RWD_JSON_MI_INDEX
20240828,1236,宏亞,TWSE,24.25,24.25,24.25,24.25,6793,165001,TWSE_RWD_JSON_MI_INDEX
20240828,1256,鮮活果汁-KY,TWSE,159.5,159.5,159.5,159.5,1561,248938,TWSE_RWD_JSON_MI_INDEX
20240828,1301,台塑,TWSE,51.7,51.9,51.3,51.7,7369041,379516904,TWSE_RWD_JSON_MI_INDEX
20240828,1303,南亞,TWSE,45.8,45.95,45.35,45.85,7678634,350445244,TWSE_RWD_JSON_MI_INDEX
20240828,1304,台聚,TWSE,15.05,15.1,14.85,15.05,675093,10121262,TWSE_RWD_JSON_MI_INDEX
20240828,1305,華夏,TWSE,17.2,17.25,17.0,17.05,891230,15244834,TWSE_RWD_JSON_MI_INDEX
20240828,1307,三芳,TWSE,32.35,32.35,31.75,32.1,565624,18144328,TWSE_RWD_JSON_MI_INDEX
20240828,1308,亞聚,TWSE,18.0,18.1,17.8,17.9,444226,7973600,TWSE_RWD_JSON_MI_INDEX
20240828,1309,台達化,TWSE,18.1,18.2,17.75,18.05,1228037,22098177,TWSE_RWD_JSON_MI_INDEX
20240828,1310,台苯,TWSE,13.35,13.35,13.2,13.2,401080,5312843,TWSE_RWD_JSON_MI_INDEX
20240828,1312,國喬,TWSE,13.35,13.35,13.2,13.2,1057806,14032997,TWSE_RWD_JSON_MI_INDEX
20240828,1313,聯成,TWSE,11.85,11.85,11.8,11.8,481776,5690963,TWSE_RWD_JSON_MI_INDEX
20240828,1314,中石化,TWSE,10.25,10.3,10.05,10.05,17499679,177061100,TWSE_RWD_JSON_MI_INDEX
20240828,1315,達新,TWSE,72.5,72.8,72.3,72.3,96262,6987146,TWSE_RWD_JSON_MI_INDEX
20240828,1316,上曜,TWSE,19.35,19.8,19.2,19.5,7318751,142311555,TWSE_RWD_JSON_MI_INDEX
20240828,1319,東陽,TWSE,93.7,97.2,93.5,96.4,4885467,469568343,TWSE_RWD_JSON_MI_INDEX
20240828,1321,大洋,TWSE,39.35,40.05,39.1,39.25,980029,38738593,TWSE_RWD_JSON_MI_INDEX
20240828,1323,永裕,TWSE,29.9,29.9,29.7,29.75,75005,2229246,TWSE_RWD_JSON_MI_INDEX
20240828,1324,地球,TWSE,13.1,13.4,13.0,13.3,192204,2539912,TWSE_RWD_JSON_MI_INDEX
20240828,1325,恆大,TWSE,28.6,30.75,28.3,30.35,2181768,65257376,TWSE_RWD_JSON_MI_INDEX
20240828,1326,台化,TWSE,43.95,44.1,43.7,43.95,2828539,124079596,TWSE_RWD_JSON_MI_INDEX
20240828,1337,再生-KY,TWSE,7.21,7.21,7.08,7.1,172245,1227772,TWSE_RWD_JSON_MI_INDEX
20240828,1338,廣華-KY,TWSE,32.75,33.35,32.7,33.1,67367,2221685,TWSE_RWD_JSON_MI_INDEX
20240828,1339,昭輝,TWSE,59.1,60.1,58.9,59.1,99198,5885226,TWSE_RWD_JSON_MI_INDEX
20240828,1340,勝悅-KY,TWSE,9.87,9.9,9.84,9.87,66261,653622,TWSE_RWD_JSON_MI_INDEX
20240828,1341,富林-KY,TWSE,66.7,66.9,66.7,66.9,3147,210472,TWSE_RWD_JSON_MI_INDEX
20240828,1342,八貫,TWSE,93.5,94.6,93.3,94.1,109113,10255175,TWSE_RWD_JSON_MI_INDEX
20240828,1402,遠東新,TWSE,36.5,36.6,36.1,36.25,4694300,170418233,TWSE_RWD_JSON_MI_INDEX
20240828,1409,新纖,TWSE,16.25,16.35,16.05,16.05,4061526,65616800,TWSE_RWD_JSON_MI_INDEX
20240828,1410,南染,TWSE,37.85,38.0,37.65,37.85,21697,821340,TWSE_RWD_JSON_MI_INDEX
20240828,1413,宏洲,TWSE,9.44,9.58,9.44,9.51,20256,193177,TWSE_RWD_JSON_MI_INDEX
20240828,1414,東和,TWSE,22.05,22.2,21.9,22.0,371304,8180337,TWSE_RWD_JSON_MI_INDEX
20240828,1416,廣豐,TWSE,13.2,13.35,13.05,13.15,1176245,15531194,TWSE_RWD_JSON_MI_INDEX
20240828,1417,嘉裕,TWSE,11.15,11.15,11.0,11.0,130215,1436826,TWSE_RWD_JSON_MI_INDEX
20240828,1418,東華,TWSE,33.8,34.5,33.7,34.35,25377,869271,TWSE_RWD_JSON_MI_INDEX
20240828,1419,新紡,TWSE,48.8,48.8,47.9,48.15,22007,1059139,TWSE_RWD_JSON_MI_INDEX
20240828,1423,利華,TWSE,44.1,44.1,43.85,43.9,39575,1739136,TWSE_RWD_JSON_MI_INDEX
20240828,1432,大魯閣,TWSE,17.6,17.7,17.55,17.6,53648,946838,TWSE_RWD_JSON_MI_INDEX
20240828,1434,福懋,TWSE,21.5,21.5,21.3,21.5,922897,19755888,TWSE_RWD_JSON_MI_INDEX
20240828,1436,華友聯,TWSE,167.0,168.0,165.0,165.0,281548,46809413,TWSE_RWD_JSON_MI_INDEX
20240828,1437,勤益控,TWSE,36.15,36.2,35.9,36.05,597527,21540200,TWSE_RWD_JSON_MI_INDEX
20240828,1438,三地開發,TWSE,79.9,82.2,79.1,79.1,429456,34450840,TWSE_RWD_JSON_MI_INDEX
20240828,1439,雋揚,TWSE,33.75,34.4,33.75,34.15,43071,1473182,TWSE_RWD_JSON_MI_INDEX
20240828,1440,南紡,TWSE,16.4,16.5,16.3,16.35,618532,10152898,TWSE_RWD_JSON_MI_INDEX
20240828,1441,大東,TWSE,16.25,16.8,16.1,16.55,101701,1660480,TWSE_RWD_JSON_MI_INDEX
20240828,1442,名軒,TWSE,61.1,61.7,60.5,60.9,1439570,87747182,TWSE_RWD_JSON_MI_INDEX
20240828,1443,立益物流,TWSE,33.0,33.3,32.8,33.2,44221,1463554,TWSE_RWD_JSON_MI_INDEX
20240828,1444,力麗,TWSE,9.49,9.53,9.47,9.5,839563,7976716,TWSE_RWD_JSON_MI_INDEX
20240828,1445,大宇,TWSE,19.1,19.6,18.9,19.35,528888,10184219,TWSE_RWD_JSON_MI_INDEX
20240828,1446,宏和,TWSE,48.9,48.95,47.95,47.95,512047,24774127,TWSE_RWD_JSON_MI_INDEX
20240828,1447,力鵬,TWSE,9.08,9.13,9.03,9.03,731097,6623735,TWSE_RWD_JSON_MI_INDEX
20240828,1449,佳和,TWSE,20.75,20.8,20.0,20.1,1442828,29143264,TWSE_RWD_JSON_MI_INDEX
20240828,1451,年興,TWSE,20.15,20.2,20.1,20.1,61691,1242910,TWSE_RWD_JSON_MI_INDEX
20240828,1452,宏益,TWSE,17.15,17.25,17.1,17.15,184803,3175793,TWSE_RWD_JSON_MI_INDEX
20240828,1453,大將,TWSE,21.0,21.0,20.6,20.7,402690,8372187,TWSE_RWD_JSON_MI_INDEX
20240828,1454,台富,TWSE,20.65,20.65,19.65,19.85,450843,9059459,TWSE_RWD_JSON_MI_INDEX
20240828,1455,集盛,TWSE,11.65,11.65,11.5,11.55,649970,7526636,TWSE_RWD_JSON_MI_INDEX
20240828,1456,怡華,TWSE,20.35,20.75,20.35,20.5,81339,1667373,TWSE_RWD_JSON_MI_INDEX
20240828,1457,宜進,TWSE,20.4,20.5,20.15,20.3,283125,5747840,TWSE_RWD_JSON_MI_INDEX
20240828,1459,聯發,TWSE,10.4,10.45,10.4,10.45,64602,674173,TWSE_RWD_JSON_MI_INDEX
20240828,1460,宏遠,TWSE,7.4,7.4,7.31,7.31,176859,1298677,TWSE_RWD_JSON_MI_INDEX
20240828,1463,強盛新,TWSE,25.85,26.3,25.8,26.0,479434,12478658,TWSE_RWD_JSON_MI_INDEX
20240828,1464,得力,TWSE,13.45,13.55,13.4,13.5,130502,1758903,TWSE_RWD_JSON_MI_INDEX
20240828,1465,偉全,TWSE,15.6,15.65,15.35,15.5,253391,3922821,TWSE_RWD_JSON_MI_INDEX
20240828,1466,聚隆,TWSE,12.65,12.65,12.45,12.5,18022,225071,TWSE_RWD_JSON_MI_INDEX
20240828,1467,南緯,TWSE,10.6,10.7,10.55,10.65,204751,2172903,TWSE_RWD_JSON_MI_INDEX
20240828,1468,昶和,TWSE,14.45,14.45,14.2,14.2,39000,557900,TWSE_RWD_JSON_MI_INDEX
20240828,1470,大統新創,TWSE,23.8,23.8,23.6,23.75,319090,7578159,TWSE_RWD_JSON_MI_INDEX
20240828,1471,首利,TWSE,14.1,14.3,14.0,14.2,394322,5571322,TWSE_RWD_JSON_MI_INDEX
20240828,1472,三洋實業,TWSE,57.2,57.2,56.5,57.0,27985,1589961,TWSE_RWD_JSON_MI_INDEX
20240828,1473,台南,TWSE,36.9,37.2,36.5,36.55,458942,16879544,TWSE_RWD_JSON_MI_INDEX
20240828,1474,弘裕,TWSE,12.6,12.7,12.6,12.7,122267,1546901,TWSE_RWD_JSON_MI_INDEX
20240828,1475,業旺,TWSE,60.4,61.1,60.4,60.6,73391,4456689,TWSE_RWD_JSON_MI_INDEX
20240828,1476,儒鴻,TWSE,537.0,537.0,528.0,531.0,215398,114475227,TWSE_RWD_JSON_MI_INDEX
20240828,1477,聚陽,TWSE,386.5,389.0,383.0,388.0,1278333,493386144,TWSE_RWD_JSON_MI_INDEX
20240828,1503,士電,TWSE,224.5,225.5,221.0,224.5,1854285,414255123,TWSE_RWD_JSON_MI_INDEX
20240828,1504,東元,TWSE,48.8,48.95,48.1,48.95,3045448,148071991,TWSE_RWD_JSON_MI_INDEX
20240828,1506,正道,TWSE,15.25,15.3,15.1,15.2,124772,1896559,TWSE_RWD_JSON_MI_INDEX
20240828,1512,瑞利,TWSE,7.86,7.94,7.8,7.8,78381,613147,TWSE_RWD_JSON_MI_INDEX
20240828,1513,中興電,TWSE,175.0,177.0,174.0,174.5,5266113,921145171,TWSE_RWD_JSON_MI_INDEX
20240828,1514,亞力,TWSE,138.0,138.5,135.0,136.0,3854554,524997665,TWSE_RWD_JSON_MI_INDEX
20240828,1515,力山,TWSE,37.0,37.4,36.7,37.0,573131,21226712,TWSE_RWD_JSON_MI_INDEX
20240828,1516,川飛,TWSE,20.75,20.9,20.6,20.6,129450,2678333,TWSE_RWD_JSON_MI_INDEX
20240828,1517,利奇,TWSE,16.15,16.2,16.1,16.15,148698,2403504,TWSE_RWD_JSON_MI_INDEX
20240828,1519,華城,TWSE,679.0,682.0,665.0,665.0,3184680,2134228580,TWSE_RWD_JSON_MI_INDEX
20240828,1521,大億,TWSE,39.05,39.05,38.75,39.0,26089,1017312,TWSE_RWD_JSON_MI_INDEX
20240828,1522,堤維西,TWSE,67.2,68.1,67.2,68.1,1650754,111657970,TWSE_RWD_JSON_MI_INDEX
20240828,1524,耿鼎,TWSE,30.45,30.75,30.4,30.65,599255,18317561,TWSE_RWD_JSON_MI_INDEX
20240828,1525,江申,TWSE,70.2,70.2,69.5,70.0,7071,494709,TWSE_RWD_JSON_MI_INDEX
20240828,1526,日馳,TWSE,30.0,30.0,29.7,29.7,13751,409487,TWSE_RWD_JSON_MI_INDEX
20240828,1527,鑽全,TWSE,48.4,48.6,47.65,48.15,2338912,112560151,TWSE_RWD_JSON_MI_INDEX
20240828,1528,恩德,TWSE,14.65,15.4,14.45,14.9,8225838,123498941,TWSE_RWD_JSON_MI_INDEX
20240828,1529,樂事綠能,TWSE,31.6,31.7,31.05,31.15,582081,18201870,TWSE_RWD_JSON_MI_INDEX
20240828,1530,亞崴,TWSE,31.25,31.35,30.95,31.25,323984,10096458,TWSE_RWD_JSON_MI_INDEX
20240828,1531,高林股,TWSE,14.2,14.35,14.2,14.35,127549,1818722,TWSE_RWD_JSON_MI_INDEX
20240828,1532,勤美,TWSE,40.5,40.55,39.85,40.3,2554509,102650046,TWSE_RWD_JSON_MI_INDEX
20240828,1533,車王電,TWSE,40.7,40.7,40.0,40.25,39094,1572711,TWSE_RWD_JSON_MI_INDEX
20240828,1535,中宇,TWSE,61.9,62.2,61.5,62.2,83589,5177677,TWSE_RWD_JSON_MI_INDEX
20240828,1536,和大,TWSE,68.4,68.7,67.4,68.5,5616147,382611868,TWSE_RWD_JSON_MI_INDEX
20240828,1537,廣隆,TWSE,142.5,143.0,142.0,142.0,114041,16234507,TWSE_RWD_JSON_MI_INDEX
20240828,1538,正峰,TWSE,18.05,18.65,17.8,18.4,19014,344665,TWSE_RWD_JSON_MI_INDEX
20240828,1539,巨庭,TWSE,24.4,24.4,24.0,24.35,221516,5360430,TWSE_RWD_JSON_MI_INDEX
20240828,1540,喬福,TWSE,44.0,46.4,43.6,46.4,32295607,1457879140,TWSE_RWD_JSON_MI_INDEX
20240828,1541,錩泰,TWSE,31.7,33.0,31.7,32.45,148193,4792628,TWSE_RWD_JSON_MI_INDEX
20240828,1558,伸興,TWSE,107.0,107.5,106.5,106.5,51345,5483474,TWSE_RWD_JSON_MI_INDEX
20240828,1560,中砂,TWSE,335.0,350.0,333.5,347.0,4485848,1541352464,TWSE_RWD_JSON_MI_INDEX
20240828,1563,巧新,TWSE,65.3,65.3,64.4,64.4,390695,25251271,TWSE_RWD_JSON_MI_INDEX
20240828,1568,倉佑,TWSE,28.1,28.7,28.1,28.4,639518,18174099,TWSE_RWD_JSON_MI_INDEX
20240828,1582,信錦,TWSE,111.5,112.0,110.5,110.5,992803,110487549,TWSE_RWD_JSON_MI_INDEX
20240828,1583,程泰,TWSE,63.4,63.5,63.2,63.4,21110,1336874,TWSE_RWD_JSON_MI_INDEX
20240828,1587,吉茂,TWSE,50.9,53.0,50.8,52.0,1241872,64818008,TWSE_RWD_JSON_MI_INDEX
20240828,1589,永冠-KY,TWSE,41.6,41.6,40.65,40.8,183246,7495945,TWSE_RWD_JSON_MI_INDEX
20240828,1590,亞德客-KY,TWSE,875.0,886.0,846.0,850.0,475833,406783057,TWSE_RWD_JSON_MI_INDEX
20240828,1597,直得,TWSE,105.0,108.5,104.5,105.5,12994586,1379298962,TWSE_RWD_JSON_MI_INDEX
20240828,1598,岱宇,TWSE,27.35,27.55,27.35,27.45,124331,3410828,TWSE_RWD_JSON_MI_INDEX
20240828,1603,華電,TWSE,40.85,41.1,40.3,40.3,1303776,53037852,TWSE_RWD_JSON_MI_INDEX
20240828,1604,聲寶,TWSE,28.4,28.55,28.4,28.5,96470,2745470,TWSE_RWD_JSON_MI_INDEX
20240828,1605,華新,TWSE,34.85,35.0,34.55,34.9,4741572,164935020,TWSE_RWD_JSON_MI_INDEX
20240828,1608,華榮,TWSE,34.6,34.65,34.05,34.1,1779894,60825284,TWSE_RWD_JSON_MI_INDEX
20240828,1609,大亞,TWSE,54.5,54.7,53.6,53.6,8387712,451324676,TWSE_RWD_JSON_MI_INDEX
20240828,1611,中電,TWSE,18.05,18.05,17.8,17.85,841794,15077450,TWSE_RWD_JSON_MI_INDEX
20240828,1612,宏泰,TWSE,36.85,36.9,36.35,36.4,673929,24610345,TWSE_RWD_JSON_MI_INDEX
20240828,1614,三洋電,TWSE,40.45,40.7,40.45,40.6,35279,1431421,TWSE_RWD_JSON_MI_INDEX
20240828,1615,大山,TWSE,61.6,62.0,60.9,61.4,246400,15125903,TWSE_RWD_JSON_MI_INDEX
20240828,1616,億泰,TWSE,20.5,20.55,20.35,20.4,336366,6882283,TWSE_RWD_JSON_MI_INDEX
20240828,1617,榮星,TWSE,23.35,25.0,23.25,24.7,2942583,71521971,TWSE_RWD_JSON_MI_INDEX
20240828,1618,合機,TWSE,50.3,50.3,49.3,49.8,1112120,55332681,TWSE_RWD_JSON_MI_INDEX
20240828,1626,艾美特-KY,TWSE,15.8,16.0,15.8,16.0,95437,1517116,TWSE_RWD_JSON_MI_INDEX
20240828,1702,南僑,TWSE,55.0,55.2,54.9,55.0,288152,15869783,TWSE_RWD_JSON_MI_INDEX
20240828,1707,葡萄王,TWSE,142.0,142.5,141.0,141.0,200165,28325502,TWSE_RWD_JSON_MI_INDEX
20240828,1708,東鹼,TWSE,41.1,41.95,41.0,41.1,7819419,323604424,TWSE_RWD_JSON_MI_INDEX
20240828,1709,和益,TWSE,23.25,23.4,23.25,23.35,1021819,23837121,TWSE_RWD_JSON_MI_INDEX
20240828,1710,東聯,TWSE,17.9,17.95,17.8,17.85,627618,11219650,TWSE_RWD_JSON_MI_INDEX
20240828,1711,永光,TWSE,24.6,25.45,24.45,24.55,36034921,895365702,TWSE_RWD_JSON_MI_INDEX
20240828,1712,興農,TWSE,43.4,43.95,43.4,43.6,432579,18903581,TWSE_RWD_JSON_MI_INDEX
20240828,1713,國化,TWSE,58.9,58.9,58.6,58.7,25689,1508857,TWSE_RWD_JSON_MI_INDEX
20240828,1714,和桐,TWSE,9.05,9.05,9.0,9.01,1251219,11285725,TWSE_RWD_JSON_MI_INDEX
20240828,1717,長興,TWSE,31.0,31.25,30.8,30.9,2091395,64817096,TWSE_RWD_JSON_MI_INDEX
20240828,1718,中纖,TWSE,8.15,8.18,8.14,8.15,1460464,11914312,TWSE_RWD_JSON_MI_INDEX
20240828,1720,生達,TWSE,66.4,67.2,66.2,66.8,324876,21701009,TWSE_RWD_JSON_MI_INDEX
20240828,1721,三晃,TWSE,16.6,17.1,16.45,16.6,4869274,81742878,TWSE_RWD_JSON_MI_INDEX
20240828,1722,台肥,TWSE,59.5,59.9,59.4,59.6,1901957,113352747,TWSE_RWD_JSON_MI_INDEX
20240828,1723,中碳,TWSE,99.6,99.7,99.0,99.3,298718,29696999,TWSE_RWD_JSON_MI_INDEX
20240828,1725,元禎,TWSE,43.85,44.15,42.6,42.8,198741,8542155,TWSE_RWD_JSON_MI_INDEX
20240828,1726,永記,TWSE,78.5,78.8,78.5,78.8,3247,255583,TWSE_RWD_JSON_MI_INDEX
20240828,1727,中華化,TWSE,33.8,34.5,33.5,33.8,3027600,102720406,TWSE_RWD_JSON_MI_INDEX
20240828,1730,花仙子,TWSE,54.0,54.6,54.0,54.3,34482,1873181,TWSE_RWD_JSON_MI_INDEX
20240828,1731,美吾華,TWSE,23.45,23.5,23.35,23.45,142616,3343080,TWSE_RWD_JSON_MI_INDEX
20240828,1732,毛寶,TWSE,29.4,30.5,29.0,29.8,1143231,34003854,TWSE_RWD_JSON_MI_INDEX
20240828,1733,五鼎,TWSE,30.25,30.25,29.8,30.0,126710,3800803,TWSE_RWD_JSON_MI_INDEX
20240828,1734,杏輝,TWSE,37.05,37.4,37.05,37.35,396847,14812552,TWSE_RWD_JSON_MI_INDEX
20240828,1735,日勝化,TWSE,18.2,18.2,17.8,18.0,84826,1527573,TWSE_RWD_JSON_MI_INDEX
20240828,1736,喬山,TWSE,124.0,127.5,123.0,124.5,570836,71549851,TWSE_RWD_JSON_MI_INDEX
20240828,1737,臺鹽,TWSE,34.2,34.4,34.15,34.3,411745,14116362,TWSE_RWD_JSON_MI_INDEX
20240828,1752,南光,TWSE,46.25,46.4,46.1,46.4,73833,3412311,TWSE_RWD_JSON_MI_INDEX
20240828,1760,寶齡富錦,TWSE,93.4,94.6,93.4,93.9,130598,12272117,TWSE_RWD_JSON_MI_INDEX
20240828,1762,中化生,TWSE,45.4,45.8,45.4,45.5,32152,1464576,TWSE_RWD_JSON_MI_INDEX
20240828,1773,勝一,TWSE,164.5,165.0,160.5,161.0,548518,89120677,TWSE_RWD_JSON_MI_INDEX
20240828,1776,展宇,TWSE,23.0,24.0,21.7,23.7,4777871,110073190,TWSE_RWD_JSON_MI_INDEX
20240828,1783,和康生,TWSE,46.1,46.9,46.0,46.55,144314,6716392,TWSE_RWD_JSON_MI_INDEX
20240828,1786,科妍,TWSE,139.5,144.0,132.5,133.0,5634284,789218705,TWSE_RWD_JSON_MI_INDEX
20240828,1789,神隆,TWSE,25.45,25.7,25.2,25.6,565746,14444658,TWSE_RWD_JSON_MI_INDEX
20240828,1795,美時,TWSE,284.5,287.0,281.0,281.0,1456459,413934760,TWSE_RWD_JSON_MI_INDEX
20240828,1802,台玻,TWSE,16.35,16.45,16.25,16.35,1688166,27541516,TWSE_RWD_JSON_MI_INDEX
20240828,1805,寶徠,TWSE,22.0,22.1,21.7,21.85,252962,5528879,TWSE_RWD_JSON_MI_INDEX
20240828,1806,冠軍,TWSE,12.05,12.15,11.9,11.95,704999,8447421,TWSE_RWD_JSON_MI_INDEX
20240828,1808,潤隆,TWSE,117.0,119.0,117.0,118.5,1573381,186151033,TWSE_RWD_JSON_MI_INDEX
20240828,1809,中釉,TWSE,21.9,21.95,21.5,21.75,684594,14857022,TWSE_RWD_JSON_MI_INDEX
20240828,1810,和成,TWSE,18.2,18.35,18.0,18.0,316272,5722004,TWSE_RWD_JSON_MI_INDEX
20240828,1817,凱撒衛,TWSE,40.65,40.7,40.5,40.6,27938,1134478,TWSE_RWD_JSON_MI_INDEX
20240828,1903,士紙,TWSE,57.1,57.4,56.5,57.3,110699,6304802,TWSE_RWD_JSON_MI_INDEX
20240828,1904,正隆,TWSE,25.9,25.9,25.65,25.7,791861,20377166,TWSE_RWD_JSON_MI_INDEX
20240828,1905,華紙,TWSE,19.2,19.2,18.95,19.05,956059,18227164,TWSE_RWD_JSON_MI_INDEX
20240828,1906,寶隆,TWSE,15.35,15.45,15.35,15.35,19358,297440,TWSE_RWD_JSON_MI_INDEX
20240828,1907,永豐餘,TWSE,30.85,30.85,30.45,30.6,472604,14478958,TWSE_RWD_JSON_MI_INDEX
20240828,1909,榮成,TWSE,13.8,13.9,13.7,13.8,532187,7332471,TWSE_RWD_JSON_MI_INDEX
20240828,2002,中鋼,TWSE,22.4,22.45,22.25,22.35,11119546,248184651,TWSE_RWD_JSON_MI_INDEX
20240828,2006,東和鋼鐵,TWSE,78.5,79.2,77.9,78.8,1090607,85618343,TWSE_RWD_JSON_MI_INDEX
20240828,2007,燁興,TWSE,10.45,10.5,10.4,10.4,193960,2020549,TWSE_RWD_JSON_MI_INDEX
20240828,2008,高興昌,TWSE,35.2,37.6,35.1,36.95,594267,21676279,TWSE_RWD_JSON_MI_INDEX
20240828,2009,第一銅,TWSE,43.7,44.25,43.2,43.2,1725462,75487824,TWSE_RWD_JSON_MI_INDEX
20240828,2010,春源,TWSE,18.3,18.35,18.25,18.3,308518,5646447,TWSE_RWD_JSON_MI_INDEX
20240828,2012,春雨,TWSE,27.35,27.45,27.35,27.35,76828,2104100,TWSE_RWD_JSON_MI_INDEX
20240828,2013,中鋼構,TWSE,54.2,54.8,54.2,54.6,25589,1398338,TWSE_RWD_JSON_MI_INDEX
20240828,2014,中鴻,TWSE,19.05,19.2,18.9,19.05,1208825,22974797,TWSE_RWD_JSON_MI_INDEX
20240828,2015,豐興,TWSE,83.0,83.1,82.4,83.1,182043,15079266,TWSE_RWD_JSON_MI_INDEX
20240828,2017,官田鋼,TWSE,12.75,12.9,12.65,12.8,478060,6101743,TWSE_RWD_JSON_MI_INDEX
20240828,2020,美亞,TWSE,28.5,28.7,28.35,28.6,621662,17754213,TWSE_RWD_JSON_MI_INDEX
20240828,2022,聚亨,TWSE,10.05,10.1,9.99,10.05,215987,2163085,TWSE_RWD_JSON_MI_INDEX
20240828,2023,燁輝,TWSE,15.15,15.15,14.9,15.0,980843,14703244,TWSE_RWD_JSON_MI_INDEX
20240828,2025,千興,TWSE,12.1,12.3,12.05,12.1,792882,9643810,TWSE_RWD_JSON_MI_INDEX
20240828,2027,大成鋼,TWSE,35.9,35.95,35.55,35.75,2578702,92024616,TWSE_RWD_JSON_MI_INDEX
20240828,2028,威致,TWSE,24.0,24.0,23.8,23.9,27002,645297,TWSE_RWD_JSON_MI_INDEX
20240828,2029,盛餘,TWSE,25.65,25.75,25.6,25.7,195539,5022432,TWSE_RWD_JSON_MI_INDEX
20240828,2030,彰源,TWSE,17.7,17.75,17.65,17.7,113742,2011891,TWSE_RWD_JSON_MI_INDEX
20240828,2031,新光鋼,TWSE,60.0,60.2,59.6,59.7,440277,26343450,TWSE_RWD_JSON_MI_INDEX
20240828,2032,新鋼,TWSE,15.1,15.25,15.1,15.15,38855,588968,TWSE_RWD_JSON_MI_INDEX
20240828,2033,佳大,TWSE,16.4,16.45,15.85,16.45,91148,1476650,TWSE_RWD_JSON_MI_INDEX
20240828,2034,允強,TWSE,23.1,23.3,23.1,23.25,340864,7920344,TWSE_RWD_JSON_MI_INDEX
20240828,2038,海光,TWSE,17.6,17.7,17.55,17.6,139848,2464324,TWSE_RWD_JSON_MI_INDEX
20240828,2049,上銀,TWSE,213.0,218.0,211.0,211.0,2628920,563037673,TWSE_RWD_JSON_MI_INDEX
20240828,2059,川湖,TWSE,1280.0,1290.0,1250.0,1260.0,602559,761933600,TWSE_RWD_JSON_MI_INDEX
20240828,2062,橋椿,TWSE,40.85,42.6,39.8,39.9,18282119,750035655,TWSE_RWD_JSON_MI_INDEX
20240828,2069,運錩,TWSE,18.05,18.05,17.7,17.85,261836,4662810,TWSE_RWD_JSON_MI_INDEX
20240828,2101,南港,TWSE,53.6,54.5,53.2,53.9,3409002,183952076,TWSE_RWD_JSON_MI_INDEX
20240828,2102,泰豐,TWSE,22.0,22.35,21.85,22.2,430495,9455695,TWSE_RWD_JSON_MI_INDEX
20240828,2103,台橡,TWSE,23.05,23.3,23.05,23.3,482104,11193576,TWSE_RWD_JSON_MI_INDEX
20240828,2104,國際中橡,TWSE,16.55,16.55,16.35,16.45,803227,13195783,TWSE_RWD_JSON_MI_INDEX
20240828,2105,正新,TWSE,50.4,50.4,49.55,49.75,2323796,115825012,TWSE_RWD_JSON_MI_INDEX
20240828,2106,建大,TWSE,31.15,31.15,31.0,31.05,651390,20219088,TWSE_RWD_JSON_MI_INDEX
20240828,2107,厚生,TWSE,26.9,26.95,26.8,26.8,229290,6156420,TWSE_RWD_JSON_MI_INDEX
20240828,2108,南帝,TWSE,38.65,40.35,38.6,39.5,1190188,46974782,TWSE_RWD_JSON_MI_INDEX
20240828,2109,華豐,TWSE,19.35,19.55,19.3,19.5,254146,4952078,TWSE_RWD_JSON_MI_INDEX
20240828,2114,鑫永銓,TWSE,98.7,98.7,98.7,98.7,4303,425074,TWSE_RWD_JSON_MI_INDEX
20240828,2115,六暉-KY,TWSE,31.55,31.55,31.3,31.45,69464,2182464,TWSE_RWD_JSON_MI_INDEX
20240828,2201,裕隆,TWSE,54.5,54.8,54.1,54.8,969958,52899831,TWSE_RWD_JSON_MI_INDEX
20240828,2204,中華,TWSE,81.4,81.5,80.8,80.9,1578034,127919439,TWSE_RWD_JSON_MI_INDEX
20240828,2206,三陽工業,TWSE,75.3,75.8,74.8,75.8,861419,64965670,TWSE_RWD_JSON_MI_INDEX
20240828,2207,和泰車,TWSE,655.0,655.0,642.0,647.0,113748,73549974,TWSE_RWD_JSON_MI_INDEX
20240828,2208,台船,TWSE,19.15,19.2,18.75,18.8,5755741,108741145,TWSE_RWD_JSON_MI_INDEX
20240828,2211,長榮鋼,TWSE,123.0,124.0,122.0,122.0,287075,35187803,TWSE_RWD_JSON_MI_INDEX
20240828,2227,裕日車,TWSE,120.0,120.0,118.0,118.0,104378,12342293,TWSE_RWD_JSON_MI_INDEX
20240828,2228,劍麟,TWSE,100.0,100.5,98.7,99.0,467579,46480086,TWSE_RWD_JSON_MI_INDEX
20240828,2231,為升,TWSE,101.0,101.5,99.7,100.5,211059,21213223,TWSE_RWD_JSON_MI_INDEX
20240828,2233,宇隆,TWSE,141.0,146.5,141.0,144.0,461844,66460160,TWSE_RWD_JSON_MI_INDEX
20240828,2236,百達-KY,TWSE,100.0,100.5,95.1,99.0,827169,81507951,TWSE_RWD_JSON_MI_INDEX
20240828,2239,英利-KY,TWSE,47.3,48.8,47.2,48.5,156050,7524286,TWSE_RWD_JSON_MI_INDEX
20240828,2241,艾姆勒,TWSE,29.25,29.6,29.0,29.3,543524,15952446,TWSE_RWD_JSON_MI_INDEX
20240828,2243,宏旭-KY,TWSE,25.05,25.75,24.15,24.3,4105282,101842674,TWSE_RWD_JSON_MI_INDEX
20240828,2247,汎德永業,TWSE,296.0,296.0,294.5,295.0,33863,9997687,TWSE_RWD_JSON_MI_INDEX
20240828,2250,IKKA-KY,TWSE,99.4,99.7,98.0,98.4,117339,11566828,TWSE_RWD_JSON_MI_INDEX
20240828,2254,巨鎧精密-創,TWSE,86.0,87.9,85.7,87.8,227000,19799300,TWSE_RWD_JSON_MI_INDEX
20240828,2258,鴻華先進-創,TWSE,41.55,42.5,41.55,42.05,141070,5936025,TWSE_RWD_JSON_MI_INDEX
20240828,2301,光寶科,TWSE,107.5,108.0,106.0,106.5,5442206,580632254,TWSE_RWD_JSON_MI_INDEX
20240828,2302,麗正,TWSE,17.1,17.1,16.95,16.95,95258,1619601,TWSE_RWD_JSON_MI_INDEX
20240828,2303,聯電,TWSE,54.2,55.2,54.1,55.2,29808271,1636807090,TWSE_RWD_JSON_MI_INDEX
20240828,2305,全友,TWSE,21.7,21.9,21.45,21.45,256182,5531305,TWSE_RWD_JSON_MI_INDEX
20240828,2308,台達電,TWSE,400.0,400.5,394.5,400.5,3159735,1259870092,TWSE_RWD_JSON_MI_INDEX
20240828,2312,金寶,TWSE,23.55,23.55,23.25,23.4,8870558,207615668,TWSE_RWD_JSON_MI_INDEX
20240828,2313,華通,TWSE,76.0,80.4,76.0,78.3,52708404,4158962534,TWSE_RWD_JSON_MI_INDEX
20240828,2314,台揚,TWSE,28.8,30.35,28.35,30.35,2963126,89081917,TWSE_RWD_JSON_MI_INDEX
20240828,2316,楠梓電,TWSE,48.4,49.05,48.05,48.15,1020670,49472178,TWSE_RWD_JSON_MI_INDEX
20240828,2317,鴻海,TWSE,181.0,186.0,179.5,185.5,60573731,11100743471,TWSE_RWD_JSON_MI_INDEX
20240828,2321,東訊,TWSE,15.3,15.3,15.3,15.3,1600,24062,TWSE_RWD_JSON_MI_INDEX
20240828,2323,中環,TWSE,13.45,13.6,13.35,13.4,9017142,121410007,TWSE_RWD_JSON_MI_INDEX
20240828,2324,仁寶,TWSE,33.8,33.8,33.05,33.25,14493408,481654173,TWSE_RWD_JSON_MI_INDEX
20240828,2327,國巨*,TWSE,654.0,655.0,644.0,654.0,2045899,1329306750,TWSE_RWD_JSON_MI_INDEX
20240828,2328,廣宇,TWSE,36.3,36.5,36.1,36.25,1557442,56560204,TWSE_RWD_JSON_MI_INDEX
20240828,2329,華泰,TWSE,42.45,42.45,41.45,41.9,2755912,115384623,TWSE_RWD_JSON_MI_INDEX
20240828,2330,台積電,TWSE,945.0,964.0,943.0,964.0,33519083,31994192847,TWSE_RWD_JSON_MI_INDEX
20240828,2331,精英,TWSE,26.9,27.2,26.4,26.5,4489126,119638896,TWSE_RWD_JSON_MI_INDEX
20240828,2332,友訊,TWSE,18.75,18.85,18.6,18.8,1414055,26517476,TWSE_RWD_JSON_MI_INDEX
20240828,2337,旺宏,TWSE,27.85,27.85,27.3,27.4,5394861,148145659,TWSE_RWD_JSON_MI_INDEX
20240828,2338,光罩,TWSE,63.6,63.6,63.1,63.4,542697,34365582,TWSE_RWD_JSON_MI_INDEX
20240828,2340,台亞,TWSE,38.8,39.0,37.75,38.0,3033406,115856081,TWSE_RWD_JSON_MI_INDEX
20240828,2342,茂矽,TWSE,31.7,31.75,31.15,31.35,137782,4321138,TWSE_RWD_JSON_MI_INDEX
20240828,2344,華邦電,TWSE,23.5,23.6,23.25,23.45,11412946,267843497,TWSE_RWD_JSON_MI_INDEX
20240828,2345,智邦,TWSE,523.0,524.0,510.0,510.0,1208016,620455995,TWSE_RWD_JSON_MI_INDEX
20240828,2347,聯強,TWSE,71.0,71.0,70.2,70.8,1956307,138187766,TWSE_RWD_JSON_MI_INDEX
20240828,2348,海悅,TWSE,255.0,260.5,248.0,249.5,1510770,381486493,TWSE_RWD_JSON_MI_INDEX
20240828,2349,錸德,TWSE,17.4,17.7,17.1,17.4,25508577,442656286,TWSE_RWD_JSON_MI_INDEX
20240828,2351,順德,TWSE,135.0,136.0,133.0,133.0,1074161,144170302,TWSE_RWD_JSON_MI_INDEX
20240828,2352,佳世達,TWSE,35.8,35.85,35.25,35.6,2327787,82568477,TWSE_RWD_JSON_MI_INDEX
20240828,2353,宏碁,TWSE,44.95,44.95,44.25,44.3,14155014,629080876,TWSE_RWD_JSON_MI_INDEX
20240828,2354,鴻準,TWSE,68.5,69.2,67.9,69.0,9866623,678629224,TWSE_RWD_JSON_MI_INDEX
20240828,2355,敬鵬,TWSE,42.35,42.5,42.0,42.25,1425800,60196156,TWSE_RWD_JSON_MI_INDEX
20240828,2356,英業達,TWSE,46.2,46.6,45.65,46.6,13839683,638765500,TWSE_RWD_JSON_MI_INDEX
20240828,2357,華碩,TWSE,555.0,556.0,543.0,552.0,2395345,1316155946,TWSE_RWD_JSON_MI_INDEX
20240828,2359,所羅門,TWSE,165.0,167.0,162.0,162.5,11516446,1887442759,TWSE_RWD_JSON_MI_INDEX
20240828,2360,致茂,TWSE,333.5,340.0,323.0,329.5,1382484,454386189,TWSE_RWD_JSON_MI_INDEX
20240828,2362,藍天,TWSE,61.0,62.9,60.5,60.8,11332195,695500996,TWSE_RWD_JSON_MI_INDEX
20240828,2363,矽統,TWSE,70.4,71.2,69.7,69.7,6536662,459643550,TWSE_RWD_JSON_MI_INDEX
20240828,2364,倫飛,TWSE,128.0,129.0,121.5,124.5,1869453,231492555,TWSE_RWD_JSON_MI_INDEX
20240828,2365,昆盈,TWSE,62.4,62.5,60.2,60.7,22465061,1369610257,TWSE_RWD_JSON_MI_INDEX
20240828,2367,燿華,TWSE,36.1,37.75,35.85,36.6,46376217,1712990018,TWSE_RWD_JSON_MI_INDEX
20240828,2368,金像電,TWSE,212.0,212.0,207.0,209.0,3787018,790193750,TWSE_RWD_JSON_MI_INDEX
20240828,2369,菱生,TWSE,20.0,20.2,20.0,20.05,771837,15501690,TWSE_RWD_JSON_MI_INDEX
20240828,2371,大同,TWSE,46.15,46.15,45.4,45.9,7954084,363355957,TWSE_RWD_JSON_MI_INDEX
20240828,2373,震旦行,TWSE,68.9,69.0,68.7,69.0,22657,1561646,TWSE_RWD_JSON_MI_INDEX
20240828,2374,佳能,TWSE,51.2,51.3,50.3,50.5,2921353,147957553,TWSE_RWD_JSON_MI_INDEX
20240828,2375,凱美,TWSE,67.8,68.1,67.7,67.8,126599,8585732,TWSE_RWD_JSON_MI_INDEX
20240828,2376,技嘉,TWSE,268.0,268.0,263.5,266.5,4447419,1184061102,TWSE_RWD_JSON_MI_INDEX
20240828,2377,微星,TWSE,183.5,186.0,181.0,183.5,10576549,1946691011,TWSE_RWD_JSON_MI_INDEX
20240828,2379,瑞昱,TWSE,536.0,539.0,524.0,532.0,920980,487512110,TWSE_RWD_JSON_MI_INDEX
20240828,2380,虹光,TWSE,6.46,6.48,6.43,6.43,133448,861204,TWSE_RWD_JSON_MI_INDEX
20240828,2382,廣達,TWSE,275.5,280.0,272.0,278.5,19139358,5277903686,TWSE_RWD_JSON_MI_INDEX
20240828,2383,台光電,TWSE,444.0,457.0,441.0,451.5,4654769,2090745909,TWSE_RWD_JSON_MI_INDEX
20240828,2385,群光,TWSE,161.5,166.0,161.5,163.0,2583425,423777340,TWSE_RWD_JSON_MI_INDEX
20240828,2387,精元,TWSE,60.0,60.1,59.6,59.6,226395,13531010,TWSE_RWD_JSON_MI_INDEX
20240828,2388,威盛,TWSE,134.5,143.5,133.0,133.0,19584425,2697648657,TWSE_RWD_JSON_MI_INDEX
20240828,2390,云辰,TWSE,12.65,12.75,12.65,12.65,245432,3118818,TWSE_RWD_JSON_MI_INDEX
20240828,2392,正崴,TWSE,70.9,72.2,69.8,71.5,22396952,1592244831,TWSE_RWD_JSON_MI_INDEX
20240828,2393,億光,TWSE,78.0,79.6,77.7,77.9,1503456,118033469,TWSE_RWD_JSON_MI_INDEX
20240828,2395,研華,TWSE,345.5,350.0,345.0,347.5,431828,150370975,TWSE_RWD_JSON_MI_INDEX
20240828,2397,友通,TWSE,78.3,80.3,77.0,78.4,1490503,117495786,TWSE_RWD_JSON_MI_INDEX
20240828,2399,映泰,TWSE,24.6,25.0,24.1,24.4,14458283,353939038,TWSE_RWD_JSON_MI_INDEX
20240828,2401,凌陽,TWSE,31.95,32.0,31.55,31.55,2151129,68064648,TWSE_RWD_JSON_MI_INDEX
20240828,2402,毅嘉,TWSE,46.35,47.2,45.45,46.0,41217864,1903989545,TWSE_RWD_JSON_MI_INDEX
20240828,2404,漢唐,TWSE,344.0,346.5,342.5,343.5,351910,121249171,TWSE_RWD_JSON_MI_INDEX
20240828,2405,輔信,TWSE,23.25,23.3,22.6,22.6,11138850,256093777,TWSE_RWD_JSON_MI_INDEX
20240828,2406,國碩,TWSE,20.9,20.9,20.5,20.5,1689419,34892349,TWSE_RWD_JSON_MI_INDEX
20240828,2408,南亞科,TWSE,53.7,54.0,52.8,53.5,9799177,523575028,TWSE_RWD_JSON_MI_INDEX
20240828,2409,友達,TWSE,17.1,17.15,16.7,16.75,50144352,847868237,TWSE_RWD_JSON_MI_INDEX
20240828,2412,中華電,TWSE,124.5,124.5,123.5,124.0,8483082,1052913670,TWSE_RWD_JSON_MI_INDEX
20240828,2413,環科,TWSE,21.7,21.75,21.6,21.65,81118,1757290,TWSE_RWD_JSON_MI_INDEX
20240828,2414,精技,TWSE,36.25,36.5,36.15,36.15,38272,1387684,TWSE_RWD_JSON_MI_INDEX
20240828,2415,錩新,TWSE,26.35,26.9,26.3,26.3,70254,1861823,TWSE_RWD_JSON_MI_INDEX
20240828,2417,圓剛,TWSE,49.7,50.4,49.3,50.1,4288304,213798629,TWSE_RWD_JSON_MI_INDEX
20240828,2419,仲琦,TWSE,31.45,32.2,31.1,31.65,1802247,57256742,TWSE_RWD_JSON_MI_INDEX
20240828,2420,新巨,TWSE,65.3,65.8,62.5,63.2,2768819,177847794,TWSE_RWD_JSON_MI_INDEX
20240828,2421,建準,TWSE,97.6,98.0,95.3,95.8,2711679,260854531,TWSE_RWD_JSON_MI_INDEX
20240828,2423,固緯,TWSE,38.05,38.25,37.8,38.05,121415,4614057,TWSE_RWD_JSON_MI_INDEX
20240828,2424,隴華,TWSE,46.8,46.8,46.8,46.8,201882,9448071,TWSE_RWD_JSON_MI_INDEX
20240828,2425,承啟,TWSE,39.4,39.4,38.55,39.4,14334032,563140239,TWSE_RWD_JSON_MI_INDEX
20240828,2426,鼎元,TWSE,19.3,21.1,19.25,21.1,8949262,185402802,TWSE_RWD_JSON_MI_INDEX
20240828,2427,三商電,TWSE,28.25,28.3,27.85,28.05,696596,19547547,TWSE_RWD_JSON_MI_INDEX
20240828,2428,興勤,TWSE,170.0,170.0,168.5,168.5,119129,20111934,TWSE_RWD_JSON_MI_INDEX
20240828,2429,銘旺科,TWSE,35.4,36.5,34.05,34.05,1798727,62796867,TWSE_RWD_JSON_MI_INDEX
20240828,2430,燦坤,TWSE,33.25,33.4,33.2,33.4,31072,1034670,TWSE_RWD_JSON_MI_INDEX
20240828,2431,聯昌,TWSE,12.55,13.65,12.5,13.1,938504,12307504,TWSE_RWD_JSON_MI_INDEX
20240828,2432,倚天酷碁-創,TWSE,35.3,35.6,35.3,35.6,19067,673567,TWSE_RWD_JSON_MI_INDEX
20240828,2433,互盛電,TWSE,50.5,50.7,50.5,50.7,23312,1178687,TWSE_RWD_JSON_MI_INDEX
20240828,2434,統懋,TWSE,31.8,32.3,31.8,32.0,4239,135974,TWSE_RWD_JSON_MI_INDEX
20240828,2436,偉詮電,TWSE,56.7,56.7,56.0,56.5,293801,16571044,TWSE_RWD_JSON_MI_INDEX
20240828,2438,翔耀,TWSE,60.5,61.0,59.5,59.5,329187,19759262,TWSE_RWD_JSON_MI_INDEX
20240828,2439,美律,TWSE,133.5,134.5,132.0,134.0,1295915,173265013,TWSE_RWD_JSON_MI_INDEX
20240828,2440,太空梭,TWSE,15.45,15.7,15.4,15.6,258337,4025603,TWSE_RWD_JSON_MI_INDEX
20240828,2441,超豐,TWSE,59.8,60.2,59.6,59.9,569346,34131187,TWSE_RWD_JSON_MI_INDEX
20240828,2442,新美齊,TWSE,33.6,34.85,33.35,34.1,2329397,79620912,TWSE_RWD_JSON_MI_INDEX
20240828,2444,兆勁,TWSE,13.45,13.95,13.4,13.6,828970,11289519,TWSE_RWD_JSON_MI_INDEX
20240828,2449,京元電子,TWSE,120.0,123.0,119.0,120.5,13979859,1691291628,TWSE_RWD_JSON_MI_INDEX
20240828,2450,神腦,TWSE,35.75,36.0,35.75,35.85,51082,1831659,TWSE_RWD_JSON_MI_INDEX
20240828,2451,創見,TWSE,103.0,103.0,100.5,101.5,410299,41576990,TWSE_RWD_JSON_MI_INDEX
20240828,2453,凌群,TWSE,56.9,56.9,55.9,56.0,545361,30662177,TWSE_RWD_JSON_MI_INDEX
20240828,2454,聯發科,TWSE,1205.0,1220.0,1185.0,1200.0,4883821,5851724725,TWSE_RWD_JSON_MI_INDEX
20240828,2455,全新,TWSE,134.5,137.0,133.0,134.0,1620561,218367235,TWSE_RWD_JSON_MI_INDEX
20240828,2457,飛宏,TWSE,40.35,40.35,39.75,39.85,630414,25182553,TWSE_RWD_JSON_MI_INDEX
20240828,2458,義隆,TWSE,145.0,147.5,144.5,144.5,1320896,192386840,TWSE_RWD_JSON_MI_INDEX
20240828,2459,敦吉,TWSE,72.1,72.1,71.7,71.9,25255,1814411,TWSE_RWD_JSON_MI_INDEX
20240828,2460,建通,TWSE,28.2,28.35,28.0,28.3,193211,5428888,TWSE_RWD_JSON_MI_INDEX
20240828,2461,光群雷,TWSE,23.25,23.25,23.05,23.05,272383,6295751,TWSE_RWD_JSON_MI_INDEX
20240828,2462,良得電,TWSE,33.0,33.0,32.7,32.75,132300,4342618,TWSE_RWD_JSON_MI_INDEX
20240828,2464,盟立,TWSE,84.2,85.7,83.2,84.1,24204776,2039479170,TWSE_RWD_JSON_MI_INDEX
20240828,2465,麗臺,TWSE,105.5,105.5,101.5,103.0,1731816,178909136,TWSE_RWD_JSON_MI_INDEX
20240828,2466,冠西電,TWSE,37.0,37.15,36.25,36.25,10641,390511,TWSE_RWD_JSON_MI_INDEX
20240828,2467,志聖,TWSE,251.5,258.0,245.5,250.0,18241145,4578474220,TWSE_RWD_JSON_MI_INDEX
20240828,2468,華經,TWSE,25.3,25.3,25.05,25.05,323247,8133820,TWSE_RWD_JSON_MI_INDEX
20240828,2471,資通,TWSE,51.3,51.6,51.0,51.4,70286,3603901,TWSE_RWD_JSON_MI_INDEX
20240828,2472,立隆電,TWSE,78.6,78.9,78.1,78.4,570983,44796597,TWSE_RWD_JSON_MI_INDEX
20240828,2474,可成,TWSE,237.5,238.0,235.0,236.0,1278975,302723307,TWSE_RWD_JSON_MI_INDEX
20240828,2476,鉅祥,TWSE,108.5,108.5,106.5,107.5,1981156,213071787,TWSE_RWD_JSON_MI_INDEX
20240828,2477,美隆電,TWSE,26.35,26.7,26.1,26.1,284447,7476289,TWSE_RWD_JSON_MI_INDEX
20240828,2478,大毅,TWSE,50.5,50.8,50.1,50.6,124698,6288546,TWSE_RWD_JSON_MI_INDEX
20240828,2480,敦陽科,TWSE,120.0,120.0,119.5,120.0,53120,6359330,TWSE_RWD_JSON_MI_INDEX
20240828,2481,強茂,TWSE,54.7,55.4,54.4,54.6,802062,43865716,TWSE_RWD_JSON_MI_INDEX
20240828,2482,連宇,TWSE,31.0,31.3,30.65,31.2,278173,8623801,TWSE_RWD_JSON_MI_INDEX
20240828,2483,百容,TWSE,23.35,24.15,23.35,23.5,107331,2530630,TWSE_RWD_JSON_MI_INDEX
20240828,2484,希華,TWSE,28.95,29.1,28.8,28.95,270754,7836905,TWSE_RWD_JSON_MI_INDEX
20240828,2485,兆赫,TWSE,17.95,18.25,17.85,18.0,575628,10404237,TWSE_RWD_JSON_MI_INDEX
20240828,2486,一詮,TWSE,98.6,100.5,96.5,97.1,11142593,1096421185,TWSE_RWD_JSON_MI_INDEX
20240828,2488,漢平,TWSE,48.35,48.75,48.35,48.7,335249,16277941,TWSE_RWD_JSON_MI_INDEX
20240828,2489,瑞軒,TWSE,23.05,23.15,22.55,22.7,10086824,230463992,TWSE_RWD_JSON_MI_INDEX
20240828,2491,吉祥全,TWSE,13.9,14.1,13.85,14.1,26664,373000,TWSE_RWD_JSON_MI_INDEX
20240828,2492,華新科,TWSE,110.0,110.0,107.5,108.0,858182,92979081,TWSE_RWD_JSON_MI_INDEX
20240828,2493,揚博,TWSE,88.4,88.5,88.0,88.1,50085,4418602,TWSE_RWD_JSON_MI_INDEX
20240828,2495,普安,TWSE,30.95,31.65,30.95,31.6,2182649,68563410,TWSE_RWD_JSON_MI_INDEX
20240828,2496,卓越,TWSE,75.0,75.0,74.5,74.5,33420,2496407,TWSE_RWD_JSON_MI_INDEX
20240828,2497,怡利電,TWSE,63.9,64.0,62.9,62.9,726497,46022265,TWSE_RWD_JSON_MI_INDEX
20240828,2498,宏達電,TWSE,45.75,45.8,45.0,45.0,3762507,170774600,TWSE_RWD_JSON_MI_INDEX
20240828,2501,國建,TWSE,27.6,28.65,27.6,28.05,5120631,144348874,TWSE_RWD_JSON_MI_INDEX
20240828,2504,國產,TWSE,52.2,54.7,52.2,53.1,6682319,357574543,TWSE_RWD_JSON_MI_INDEX
20240828,2505,國揚,TWSE,27.05,27.25,26.85,27.05,360209,9737506,TWSE_RWD_JSON_MI_INDEX
20240828,2506,太設,TWSE,11.75,11.75,11.55,11.55,611969,7110798,TWSE_RWD_JSON_MI_INDEX
20240828,2509,全坤建,TWSE,23.45,24.0,23.25,23.5,335497,7908369,TWSE_RWD_JSON_MI_INDEX
20240828,2511,太子,TWSE,11.25,11.35,11.2,11.2,739034,8311986,TWSE_RWD_JSON_MI_INDEX
20240828,2514,龍邦,TWSE,22.2,22.6,22.1,22.25,461617,10318628,TWSE_RWD_JSON_MI_INDEX
20240828,2515,中工,TWSE,14.0,14.05,13.75,13.75,12691806,176028613,TWSE_RWD_JSON_MI_INDEX
20240828,2516,新建,TWSE,11.75,11.85,11.7,11.75,525546,6179582,TWSE_RWD_JSON_MI_INDEX
20240828,2520,冠德,TWSE,57.0,58.2,56.0,56.4,7019812,398984810,TWSE_RWD_JSON_MI_INDEX
20240828,2524,京城,TWSE,120.5,124.0,117.0,119.0,3328771,401451657,TWSE_RWD_JSON_MI_INDEX
20240828,2527,宏璟,TWSE,37.95,38.75,37.6,38.65,667297,25500635,TWSE_RWD_JSON_MI_INDEX
20240828,2528,皇普,TWSE,43.85,44.95,43.2,43.3,668200,29143980,TWSE_RWD_JSON_MI_INDEX
20240828,2530,華建,TWSE,47.0,47.6,46.9,47.25,1074510,50769903,TWSE_RWD_JSON_MI_INDEX
20240828,2534,宏盛,TWSE,26.75,27.2,26.45,26.75,1522590,40779592,TWSE_RWD_JSON_MI_INDEX
20240828,2535,達欣工,TWSE,54.3,54.7,54.2,54.5,210066,11425844,TWSE_RWD_JSON_MI_INDEX
20240828,2536,宏普,TWSE,33.35,33.75,33.35,33.5,141846,4758211,TWSE_RWD_JSON_MI_INDEX
20240828,2537,聯上發,TWSE,21.0,21.55,20.9,21.15,5325652,113083251,TWSE_RWD_JSON_MI_INDEX
20240828,2538,基泰,TWSE,19.85,20.0,19.75,19.8,1014007,20116501,TWSE_RWD_JSON_MI_INDEX
20240828,2539,櫻花建,TWSE,71.0,71.2,69.8,69.8,595479,41877157,TWSE_RWD_JSON_MI_INDEX
20240828,2540,愛山林,TWSE,182.0,186.0,181.0,185.0,1283541,234427128,TWSE_RWD_JSON_MI_INDEX
20240828,2542,興富發,TWSE,52.7,53.4,52.2,52.6,6743274,355457415,TWSE_RWD_JSON_MI_INDEX
20240828,2543,皇昌,TWSE,75.7,79.4,75.1,76.7,25958555,2004850916,TWSE_RWD_JSON_MI_INDEX
20240828,2545,皇翔,TWSE,62.1,63.7,61.8,62.1,1941605,121595288,TWSE_RWD_JSON_MI_INDEX
20240828,2546,根基,TWSE,79.7,80.7,79.7,80.3,82176,6593772,TWSE_RWD_JSON_MI_INDEX
20240828,2547,日勝生,TWSE,10.6,10.8,10.6,10.65,1929541,20594210,TWSE_RWD_JSON_MI_INDEX
20240828,2548,華固,TWSE,144.5,145.5,142.5,143.0,875922,125882489,TWSE_RWD_JSON_MI_INDEX
20240828,2597,潤弘,TWSE,151.5,153.0,150.0,151.0,179816,27179747,TWSE_RWD_JSON_MI_INDEX
20240828,2601,益航,TWSE,7.34,7.4,7.34,7.39,585745,4323084,TWSE_RWD_JSON_MI_INDEX
20240828,2603,長榮,TWSE,183.5,184.0,181.0,183.0,11042920,2018751112,TWSE_RWD_JSON_MI_INDEX
20240828,2605,新興,TWSE,27.4,27.5,27.15,27.15,2384798,64971860,TWSE_RWD_JSON_MI_INDEX
20240828,2606,裕民,TWSE,53.5,53.6,53.0,53.3,1333541,70956483,TWSE_RWD_JSON_MI_INDEX
20240828,2607,榮運,TWSE,31.1,31.25,30.95,31.0,548510,17024536,TWSE_RWD_JSON_MI_INDEX
20240828,2608,嘉里大榮,TWSE,39.45,39.75,39.3,39.35,115127,4541754,TWSE_RWD_JSON_MI_INDEX
20240828,2609,陽明,TWSE,63.0,63.1,62.3,62.6,11130476,697470937,TWSE_RWD_JSON_MI_INDEX
20240828,2610,華航,TWSE,20.65,20.85,20.65,20.85,21660693,450086000,TWSE_RWD_JSON_MI_INDEX
20240828,2611,志信,TWSE,24.5,24.5,24.25,24.3,324006,7887001,TWSE_RWD_JSON_MI_INDEX
20240828,2612,中航,TWSE,42.75,42.75,42.05,42.45,76713,3257451,TWSE_RWD_JSON_MI_INDEX
20240828,2613,中櫃,TWSE,32.3,32.3,31.8,31.9,334605,10696168,TWSE_RWD_JSON_MI_INDEX
20240828,2614,東森,TWSE,21.25,21.25,20.75,20.75,713535,14910851,TWSE_RWD_JSON_MI_INDEX
20240828,2615,萬海,TWSE,78.3,78.8,77.6,78.1,8083186,632073481,TWSE_RWD_JSON_MI_INDEX
20240828,2616,山隆,TWSE,21.5,21.85,21.45,21.75,152051,3294285,TWSE_RWD_JSON_MI_INDEX
20240828,2617,台航,TWSE,31.95,32.1,31.85,31.9,311659,9964577,TWSE_RWD_JSON_MI_INDEX
20240828,2618,長榮航,TWSE,35.0,35.0,34.8,34.9,12123673,422983036,TWSE_RWD_JSON_MI_INDEX
20240828,2630,亞航,TWSE,34.25,34.5,33.8,34.1,582883,19878511,TWSE_RWD_JSON_MI_INDEX
20240828,2633,台灣高鐵,TWSE,29.7,29.75,29.35,29.5,2890166,85087234,TWSE_RWD_JSON_MI_INDEX
20240828,2634,漢翔,TWSE,50.7,50.7,49.75,50.5,2563497,128687893,TWSE_RWD_JSON_MI_INDEX
20240828,2636,台驊控股,TWSE,89.0,89.0,88.0,88.2,304779,26886633,TWSE_RWD_JSON_MI_INDEX
20240828,2637,慧洋-KY,TWSE,68.3,69.3,67.6,67.7,1718621,117036214,TWSE_RWD_JSON_MI_INDEX
20240828,2642,宅配通,TWSE,34.55,34.95,34.4,34.7,28330,983990,TWSE_RWD_JSON_MI_INDEX
20240828,2645,長榮航太,TWSE,100.5,100.5,99.2,99.4,299526,29825194,TWSE_RWD_JSON_MI_INDEX
20240828,2701,萬企,TWSE,13.05,13.1,13.0,13.05,47175,615618,TWSE_RWD_JSON_MI_INDEX
20240828,2702,華園,TWSE,17.9,17.95,17.9,17.9,70809,1269311,TWSE_RWD_JSON_MI_INDEX
20240828,2704,國賓,TWSE,61.2,61.6,61.2,61.4,52809,3251325,TWSE_RWD_JSON_MI_INDEX
20240828,2705,六福,TWSE,18.3,18.3,18.15,18.2,57793,1054289,TWSE_RWD_JSON_MI_INDEX
20240828,2706,第一店,TWSE,15.1,15.2,15.05,15.1,93310,1410211,TWSE_RWD_JSON_MI_INDEX
20240828,2707,晶華,TWSE,206.0,206.0,204.0,204.5,164664,33666068,TWSE_RWD_JSON_MI_INDEX
20240828,2712,遠雄來,TWSE,27.95,27.95,27.95,27.95,3000,83850,TWSE_RWD_JSON_MI_INDEX
20240828,2722,夏都,TWSE,41.55,41.7,41.35,41.55,50394,2094105,TWSE_RWD_JSON_MI_INDEX
20240828,2723,美食-KY,TWSE,83.0,83.0,82.0,82.0,159546,13104778,TWSE_RWD_JSON_MI_INDEX
20240828,2727,王品,TWSE,221.0,222.0,219.5,220.5,108893,24023927,TWSE_RWD_JSON_MI_INDEX
20240828,2731,雄獅,TWSE,136.0,138.0,135.5,136.5,282423,38675542,TWSE_RWD_JSON_MI_INDEX
20240828,2739,寒舍,TWSE,58.7,58.7,57.5,57.5,790811,45865327,TWSE_RWD_JSON_MI_INDEX
20240828,2748,雲品,TWSE,58.7,59.2,58.4,58.6,87084,5117307,TWSE_RWD_JSON_MI_INDEX
20240828,2753,八方雲集,TWSE,151.0,152.5,151.0,152.5,51897,7875965,TWSE_RWD_JSON_MI_INDEX
20240828,2762,世界健身-KY,TWSE,85.0,88.9,84.6,86.1,1165935,101818309,TWSE_RWD_JSON_MI_INDEX
20240828,2801,彰銀,TWSE,18.0,18.0,17.9,18.0,12398532,222455380,TWSE_RWD_JSON_MI_INDEX
20240828,2809,京城銀,TWSE,53.4,54.0,53.1,53.1,1307524,69691569,TWSE_RWD_JSON_MI_INDEX
20240828,2812,台中銀,TWSE,17.9,17.95,17.8,17.8,2832539,50558881,TWSE_RWD_JSON_MI_INDEX
20240828,2816,旺旺保,TWSE,35.05,35.05,34.2,34.3,1046170,35970693,TWSE_RWD_JSON_MI_INDEX
20240828,2820,華票,TWSE,15.0,15.0,14.95,15.0,183460,2747867,TWSE_RWD_JSON_MI_INDEX
20240828,2832,台產,TWSE,30.4,30.4,29.8,29.95,436588,13091312,TWSE_RWD_JSON_MI_INDEX
20240828,2834,臺企銀,TWSE,15.85,15.9,15.8,15.8,7340480,116237292,TWSE_RWD_JSON_MI_INDEX
20240828,2836,高雄銀,TWSE,12.05,12.05,11.9,11.9,1654728,19807602,TWSE_RWD_JSON_MI_INDEX
20240828,2838,聯邦銀,TWSE,15.3,15.4,15.25,15.35,1106540,16945535,TWSE_RWD_JSON_MI_INDEX
20240828,2845,遠東銀,TWSE,14.6,14.65,14.4,14.45,8996902,130669322,TWSE_RWD_JSON_MI_INDEX
20240828,2849,安泰銀,TWSE,14.95,15.0,14.9,15.0,35657,533208,TWSE_RWD_JSON_MI_INDEX
20240828,2850,新產,TWSE,93.9,93.9,92.6,93.3,138601,12897466,TWSE_RWD_JSON_MI_INDEX
20240828,2851,中再保,TWSE,26.95,26.95,26.6,26.75,1949717,52226121,TWSE_RWD_JSON_MI_INDEX
20240828,2852,第一保,TWSE,23.9,24.4,23.9,24.05,433889,10478562,TWSE_RWD_JSON_MI_INDEX
20240828,2855,統一證,TWSE,26.5,26.7,26.25,26.4,1320875,34886030,TWSE_RWD_JSON_MI_INDEX
20240828,2867,三商壽,TWSE,8.12,8.15,7.98,8.0,22535931,181259042,TWSE_RWD_JSON_MI_INDEX
20240828,2880,華南金,TWSE,25.5,25.55,25.2,25.45,10951934,277654735,TWSE_RWD_JSON_MI_INDEX
20240828,2881,富邦金,TWSE,92.2,92.8,91.4,92.0,11255327,1035621857,TWSE_RWD_JSON_MI_INDEX
20240828,2882,國泰金,TWSE,63.4,63.5,62.6,63.5,13341197,842389225,TWSE_RWD_JSON_MI_INDEX
20240828,2883,凱基金,TWSE,16.05,16.1,15.9,16.0,18615260,297927811,TWSE_RWD_JSON_MI_INDEX
20240828,2884,玉山金,TWSE,27.8,27.85,27.65,27.85,7828394,217339699,TWSE_RWD_JSON_MI_INDEX
20240828,2885,元大金,TWSE,31.7,31.9,31.65,31.8,7413808,235611920,TWSE_RWD_JSON_MI_INDEX
20240828,2886,兆豐金,TWSE,39.55,39.7,39.2,39.3,17566635,691109739,TWSE_RWD_JSON_MI_INDEX
20240828,2887,台新新光金,TWSE,19.2,19.2,18.7,18.9,37566054,708015163,TWSE_RWD_JSON_MI_INDEX
20240828,2888,新光金,TWSE,13.0,13.1,12.9,13.0,320016785,4158682514,TWSE_RWD_JSON_MI_INDEX
20240828,2889,國票金,TWSE,15.6,15.65,15.5,15.5,2428981,37794242,TWSE_RWD_JSON_MI_INDEX
20240828,2890,永豐金,TWSE,24.4,24.4,24.0,24.05,20202176,487208363,TWSE_RWD_JSON_MI_INDEX
20240828,2891,中信金,TWSE,32.9,33.3,32.7,33.1,129316599,4269966362,TWSE_RWD_JSON_MI_INDEX
20240828,2892,第一金,TWSE,27.15,27.25,27.05,27.2,8992705,244099797,TWSE_RWD_JSON_MI_INDEX
20240828,2897,王道銀行,TWSE,10.3,10.3,10.2,10.25,2357248,24184220,TWSE_RWD_JSON_MI_INDEX
20240828,2901,欣欣,TWSE,28.3,28.4,27.8,28.2,15792,443469,TWSE_RWD_JSON_MI_INDEX
20240828,2903,遠百,TWSE,28.5,28.7,28.45,28.5,1576341,45035165,TWSE_RWD_JSON_MI_INDEX
20240828,2904,匯僑,TWSE,18.65,18.7,18.55,18.7,50467,939746,TWSE_RWD_JSON_MI_INDEX
20240828,2905,三商,TWSE,20.15,20.25,19.9,20.1,1839635,36963618,TWSE_RWD_JSON_MI_INDEX
20240828,2906,高林,TWSE,20.1,20.3,20.0,20.05,562249,11347027,TWSE_RWD_JSON_MI_INDEX
20240828,2908,特力,TWSE,20.85,20.9,20.8,20.9,331360,6910569,TWSE_RWD_JSON_MI_INDEX
20240828,2910,統領,TWSE,29.3,29.3,28.65,29.05,23050,666856,TWSE_RWD_JSON_MI_INDEX
20240828,2911,麗嬰房,TWSE,7.1,7.2,7.1,7.2,125104,893597,TWSE_RWD_JSON_MI_INDEX
20240828,2912,統一超,TWSE,291.5,291.5,285.5,287.0,1188078,341290205,TWSE_RWD_JSON_MI_INDEX
20240828,2913,農林,TWSE,21.0,21.1,20.8,20.85,967737,20235232,TWSE_RWD_JSON_MI_INDEX
20240828,2915,潤泰全,TWSE,80.9,80.9,79.9,80.6,2314727,185974925,TWSE_RWD_JSON_MI_INDEX
20240828,2923,鼎固-KY,TWSE,34.35,34.7,33.3,34.65,76531,2585777,TWSE_RWD_JSON_MI_INDEX
20240828,2929,淘帝-KY,TWSE,8.65,8.89,8.65,8.77,333662,2934048,TWSE_RWD_JSON_MI_INDEX
20240828,2939,永邑-KY,TWSE,27.45,27.45,27.2,27.2,803018,21843890,TWSE_RWD_JSON_MI_INDEX
20240828,2945,三商家購,TWSE,42.8,42.9,42.8,42.9,3870,165657,TWSE_RWD_JSON_MI_INDEX
20240828,3002,歐格,TWSE,14.8,14.8,14.55,14.65,37484,548637,TWSE_RWD_JSON_MI_INDEX
20240828,3003,健和興,TWSE,86.0,87.8,85.3,86.5,1270409,110509094,TWSE_RWD_JSON_MI_INDEX
20240828,3004,豐達科,TWSE,98.9,99.8,98.9,98.9,34367,3413179,TWSE_RWD_JSON_MI_INDEX
20240828,3005,神基,TWSE,113.0,113.0,111.5,112.5,894745,100570123,TWSE_RWD_JSON_MI_INDEX
20240828,3006,晶豪科,TWSE,80.2,80.4,78.9,79.5,1536999,122127065,TWSE_RWD_JSON_MI_INDEX
20240828,3008,大立光,TWSE,3050.0,3115.0,2995.0,3015.0,1097705,3339906000,TWSE_RWD_JSON_MI_INDEX
20240828,3010,華立,TWSE,135.5,138.5,134.0,135.5,6339320,862646543,TWSE_RWD_JSON_MI_INDEX
20240828,3011,今皓,TWSE,29.1,29.45,28.6,28.7,431691,12460981,TWSE_RWD_JSON_MI_INDEX
20240828,3013,晟銘電,TWSE,121.5,124.5,119.5,120.0,10927357,1328999898,TWSE_RWD_JSON_MI_INDEX
20240828,3014,聯陽,TWSE,144.0,144.5,143.0,143.0,299074,42919718,TWSE_RWD_JSON_MI_INDEX
20240828,3015,全漢,TWSE,56.0,59.0,56.0,58.2,2174701,125529285,TWSE_RWD_JSON_MI_INDEX
20240828,3016,嘉晶,TWSE,61.7,62.4,61.3,61.4,409105,25225194,TWSE_RWD_JSON_MI_INDEX
20240828,3017,奇鋐,TWSE,617.0,620.0,603.0,613.0,6124327,3753278356,TWSE_RWD_JSON_MI_INDEX
20240828,3018,隆銘綠能,TWSE,27.1,27.1,26.5,26.5,52972,1419503,TWSE_RWD_JSON_MI_INDEX
20240828,3019,亞光,TWSE,120.5,124.0,118.5,121.5,17127094,2080925487,TWSE_RWD_JSON_MI_INDEX
20240828,3021,鴻名,TWSE,24.3,24.3,23.85,24.05,89191,2144522,TWSE_RWD_JSON_MI_INDEX
20240828,3022,威強電,TWSE,80.2,80.3,79.0,79.7,595901,47451834,TWSE_RWD_JSON_MI_INDEX
20240828,3023,信邦,TWSE,288.0,289.0,286.0,286.0,394022,113101659,TWSE_RWD_JSON_MI_INDEX
20240828,3024,憶聲,TWSE,20.7,20.9,20.6,20.8,933355,19359910,TWSE_RWD_JSON_MI_INDEX
20240828,3025,星通,TWSE,63.1,64.3,62.9,62.9,454572,28856481,TWSE_RWD_JSON_MI_INDEX
20240828,3026,禾伸堂,TWSE,90.6,90.9,90.3,90.8,93528,8470224,TWSE_RWD_JSON_MI_INDEX
20240828,3027,盛達,TWSE,37.0,37.45,36.55,36.55,212883,7811203,TWSE_RWD_JSON_MI_INDEX
20240828,3028,增你強,TWSE,31.75,31.8,31.65,31.7,249251,7902143,TWSE_RWD_JSON_MI_INDEX
20240828,3029,零壹,TWSE,93.4,93.4,92.1,92.2,355091,32839088,TWSE_RWD_JSON_MI_INDEX
20240828,3030,德律,TWSE,163.0,163.0,159.0,160.0,1736250,279102913,TWSE_RWD_JSON_MI_INDEX
20240828,3031,佰鴻,TWSE,19.45,20.05,19.4,19.75,653066,12912377,TWSE_RWD_JSON_MI_INDEX
20240828,3032,偉訓,TWSE,74.9,75.0,73.1,73.5,3206522,236867359,TWSE_RWD_JSON_MI_INDEX
20240828,3033,威健,TWSE,35.5,36.1,35.0,35.0,5992739,212790480,TWSE_RWD_JSON_MI_INDEX
20240828,3034,聯詠,TWSE,547.0,548.0,539.0,541.0,1532702,831789235,TWSE_RWD_JSON_MI_INDEX
20240828,3035,智原,TWSE,297.5,298.5,290.5,291.5,5769742,1694343672,TWSE_RWD_JSON_MI_INDEX
20240828,3036,文曄,TWSE,118.5,120.0,116.5,116.5,3477973,410300428,TWSE_RWD_JSON_MI_INDEX
20240828,3037,欣興,TWSE,161.0,161.5,157.5,159.0,7163922,1137292930,TWSE_RWD_JSON_MI_INDEX
20240828,3038,全台,TWSE,27.9,27.9,27.55,27.7,421583,11667256,TWSE_RWD_JSON_MI_INDEX
20240828,3040,遠見,TWSE,38.2,40.2,38.2,39.3,928913,36640369,TWSE_RWD_JSON_MI_INDEX
20240828,3041,揚智,TWSE,19.8,19.8,19.5,19.65,416135,8172502,TWSE_RWD_JSON_MI_INDEX
20240828,3042,晶技,TWSE,111.0,112.0,110.5,112.0,659428,73524028,TWSE_RWD_JSON_MI_INDEX
20240828,3043,科風,TWSE,30.8,30.8,30.25,30.45,149937,4569680,TWSE_RWD_JSON_MI_INDEX
20240828,3044,健鼎,TWSE,209.0,209.0,205.0,206.5,1100738,227386406,TWSE_RWD_JSON_MI_INDEX
20240828,3045,台灣大,TWSE,111.5,112.0,110.5,111.5,4852057,541405324,TWSE_RWD_JSON_MI_INDEX
20240828,3046,建碁,TWSE,64.9,64.9,63.6,64.0,177249,11341545,TWSE_RWD_JSON_MI_INDEX
20240828,3047,訊舟,TWSE,42.35,42.5,41.1,41.35,12976258,540983085,TWSE_RWD_JSON_MI_INDEX
20240828,3048,益登,TWSE,46.5,46.65,45.05,45.05,2390506,108885138,TWSE_RWD_JSON_MI_INDEX
20240828,3049,精金,TWSE,9.78,9.87,9.6,9.6,3748102,36447284,TWSE_RWD_JSON_MI_INDEX
20240828,3050,鈺德,TWSE,23.4,23.45,22.6,22.75,2337311,53786107,TWSE_RWD_JSON_MI_INDEX
20240828,3051,力特,TWSE,28.35,29.45,28.2,29.2,813724,23556134,TWSE_RWD_JSON_MI_INDEX
20240828,3052,夆典,TWSE,12.6,12.6,12.5,12.5,439239,5503497,TWSE_RWD_JSON_MI_INDEX
20240828,3054,立萬利,TWSE,20.75,22.75,20.75,22.75,398670,9009280,TWSE_RWD_JSON_MI_INDEX
20240828,3055,蔚華科,TWSE,72.2,72.5,70.6,71.2,405401,28988572,TWSE_RWD_JSON_MI_INDEX
20240828,3056,富華新,TWSE,36.5,37.7,36.45,37.05,2061625,76585728,TWSE_RWD_JSON_MI_INDEX
20240828,3057,喬鼎,TWSE,13.1,13.2,12.9,13.2,137384,1800399,TWSE_RWD_JSON_MI_INDEX
20240828,3058,立德,TWSE,16.4,16.6,16.3,16.6,448579,7382674,TWSE_RWD_JSON_MI_INDEX
20240828,3059,華晶科,TWSE,37.25,38.65,36.8,38.65,7672222,293259606,TWSE_RWD_JSON_MI_INDEX
20240828,3060,銘異,TWSE,26.95,27.05,26.55,26.55,757482,20214769,TWSE_RWD_JSON_MI_INDEX
20240828,3062,建漢,TWSE,32.9,34.3,32.55,33.0,30833248,1036708244,TWSE_RWD_JSON_MI_INDEX
20240828,3090,日電貿,TWSE,62.6,62.6,62.0,62.2,271840,16918879,TWSE_RWD_JSON_MI_INDEX
20240828,3092,鴻碩,TWSE,27.3,27.55,27.2,27.25,90056,2459967,TWSE_RWD_JSON_MI_INDEX
20240828,3094,聯傑,TWSE,30.9,31.2,30.7,30.95,194952,6048668,TWSE_RWD_JSON_MI_INDEX
20240828,3130,一零四,TWSE,229.0,231.0,227.5,230.5,29051,6644442,TWSE_RWD_JSON_MI_INDEX
20240828,3138,耀登,TWSE,121.5,126.0,120.5,125.0,339921,42122213,TWSE_RWD_JSON_MI_INDEX
20240828,3149,正達,TWSE,28.15,30.8,28.1,30.8,21306749,640446982,TWSE_RWD_JSON_MI_INDEX
20240828,3150,鈺寶-創,TWSE,38.1,38.1,38.05,38.1,14000,533100,TWSE_RWD_JSON_MI_INDEX
20240828,3164,景岳,TWSE,23.95,24.0,23.8,23.8,54261,1296392,TWSE_RWD_JSON_MI_INDEX
20240828,3167,大量,TWSE,96.0,98.8,92.5,94.1,12196225,1164575352,TWSE_RWD_JSON_MI_INDEX
20240828,3168,眾福科,TWSE,59.0,59.2,58.9,58.9,31003,1830978,TWSE_RWD_JSON_MI_INDEX
20240828,3189,景碩,TWSE,110.0,113.0,109.0,113.0,12697322,1417502163,TWSE_RWD_JSON_MI_INDEX
20240828,3209,全科,TWSE,35.8,35.85,35.55,35.7,417215,14895524,TWSE_RWD_JSON_MI_INDEX
20240828,3229,晟鈦,TWSE,27.95,28.0,27.2,27.25,176885,4871492,TWSE_RWD_JSON_MI_INDEX
20240828,3231,緯創,TWSE,102.0,103.5,101.0,103.5,18890688,1938460957,TWSE_RWD_JSON_MI_INDEX
20240828,3257,虹冠電,TWSE,52.4,53.4,52.3,53.1,106836,5642926,TWSE_RWD_JSON_MI_INDEX
20240828,3266,昇陽,TWSE,22.65,23.3,22.65,22.85,225245,5186348,TWSE_RWD_JSON_MI_INDEX
20240828,3296,勝德,TWSE,26.6,26.8,26.15,26.4,725805,19150745,TWSE_RWD_JSON_MI_INDEX
20240828,3305,昇貿,TWSE,65.5,65.7,64.8,65.2,369877,24137776,TWSE_RWD_JSON_MI_INDEX
20240828,3308,聯德,TWSE,24.65,25.0,24.5,24.95,110996,2751543,TWSE_RWD_JSON_MI_INDEX
20240828,3311,閎暉,TWSE,39.3,39.4,38.6,39.1,104349,4077627,TWSE_RWD_JSON_MI_INDEX
20240828,3312,弘憶股,TWSE,90.0,92.2,89.1,91.9,14081467,1278227001,TWSE_RWD_JSON_MI_INDEX
20240828,3321,同泰,TWSE,19.5,19.85,19.35,19.7,162593,3183523,TWSE_RWD_JSON_MI_INDEX
20240828,3338,泰碩,TWSE,77.1,77.3,76.0,76.0,585837,44824540,TWSE_RWD_JSON_MI_INDEX
20240828,3346,麗清,TWSE,39.7,39.8,39.4,39.5,226422,8961931,TWSE_RWD_JSON_MI_INDEX
20240828,3356,奇偶,TWSE,67.1,67.2,66.4,66.9,488643,32623671,TWSE_RWD_JSON_MI_INDEX
20240828,3376,新日興,TWSE,225.0,227.5,215.0,216.5,10054822,2204214318,TWSE_RWD_JSON_MI_INDEX
20240828,3380,明泰,TWSE,33.95,35.45,33.75,35.15,3605763,125702198,TWSE_RWD_JSON_MI_INDEX
20240828,3406,玉晶光,TWSE,532.0,534.0,521.0,528.0,1143373,603683023,TWSE_RWD_JSON_MI_INDEX
20240828,3413,京鼎,TWSE,337.5,352.5,337.5,351.0,2224993,774083762,TWSE_RWD_JSON_MI_INDEX
20240828,3416,融程電,TWSE,139.0,140.0,137.0,137.5,96735,13385325,TWSE_RWD_JSON_MI_INDEX
20240828,3419,譁裕,TWSE,17.1,17.4,16.8,17.15,545041,9322123,TWSE_RWD_JSON_MI_INDEX
20240828,3432,台端,TWSE,24.85,25.1,24.8,24.85,41795,1040364,TWSE_RWD_JSON_MI_INDEX
20240828,3437,榮創,TWSE,23.35,25.85,23.3,25.85,1610848,40591987,TWSE_RWD_JSON_MI_INDEX
20240828,3443,創意,TWSE,1140.0,1145.0,1110.0,1120.0,1240647,1396197490,TWSE_RWD_JSON_MI_INDEX
20240828,3447,展達,TWSE,39.15,42.35,38.75,39.3,1752037,71810519,TWSE_RWD_JSON_MI_INDEX
20240828,3450,聯鈞,TWSE,147.0,160.0,146.5,160.0,57083150,8981651269,TWSE_RWD_JSON_MI_INDEX
20240828,3454,晶睿,TWSE,114.5,116.0,114.5,115.0,53001,6102421,TWSE_RWD_JSON_MI_INDEX
20240828,3481,群創,TWSE,15.95,16.7,15.8,16.25,180021698,2937427804,TWSE_RWD_JSON_MI_INDEX
20240828,3494,誠研,TWSE,7.03,7.03,6.95,6.98,57005,398313,TWSE_RWD_JSON_MI_INDEX
20240828,3501,維熹,TWSE,70.5,71.8,70.0,71.1,487222,34606761,TWSE_RWD_JSON_MI_INDEX
20240828,3504,揚明光,TWSE,57.3,57.4,57.0,57.1,73323,4194682,TWSE_RWD_JSON_MI_INDEX
20240828,3515,華擎,TWSE,212.5,212.5,206.0,206.5,913761,190251183,TWSE_RWD_JSON_MI_INDEX
20240828,3518,柏騰,TWSE,38.1,40.1,38.05,38.75,4250256,166281420,TWSE_RWD_JSON_MI_INDEX
20240828,3528,安馳,TWSE,54.1,54.7,53.2,53.2,280908,15061244,TWSE_RWD_JSON_MI_INDEX
20240828,3530,晶相光,TWSE,92.2,92.4,90.7,91.0,75302,6874357,TWSE_RWD_JSON_MI_INDEX
20240828,3532,台勝科,TWSE,145.5,147.0,144.0,145.0,263031,38226544,TWSE_RWD_JSON_MI_INDEX
20240828,3533,嘉澤,TWSE,1500.0,1500.0,1465.0,1475.0,548552,810429860,TWSE_RWD_JSON_MI_INDEX
20240828,3535,晶彩科,TWSE,79.5,81.3,77.5,77.7,17101664,1352040239,TWSE_RWD_JSON_MI_INDEX
20240828,3543,州巧,TWSE,23.1,23.3,22.75,23.0,279629,6423454,TWSE_RWD_JSON_MI_INDEX
20240828,3545,敦泰,TWSE,81.5,81.8,80.3,80.3,788346,63656137,TWSE_RWD_JSON_MI_INDEX
20240828,3550,聯穎,TWSE,21.9,24.35,21.45,24.35,23990735,560900273,TWSE_RWD_JSON_MI_INDEX
20240828,3557,嘉威,TWSE,72.3,72.9,72.3,72.6,114216,8293590,TWSE_RWD_JSON_MI_INDEX
20240828,3563,牧德,TWSE,365.0,366.0,353.5,358.5,222857,80001045,TWSE_RWD_JSON_MI_INDEX
20240828,3576,聯合再生,TWSE,11.9,12.0,11.7,11.95,4453030,52698902,TWSE_RWD_JSON_MI_INDEX
20240828,3583,辛耘,TWSE,445.0,446.0,433.5,436.0,3506283,1538849074,TWSE_RWD_JSON_MI_INDEX
20240828,3588,通嘉,TWSE,71.8,72.7,71.7,72.4,162924,11767017,TWSE_RWD_JSON_MI_INDEX
20240828,3591,艾笛森,TWSE,25.75,27.1,25.75,26.4,2238517,59743571,TWSE_RWD_JSON_MI_INDEX
20240828,3592,瑞鼎,TWSE,352.0,355.0,350.5,353.0,257905,90903184,TWSE_RWD_JSON_MI_INDEX
20240828,3593,力銘,TWSE,16.4,16.65,16.05,16.1,415956,6763854,TWSE_RWD_JSON_MI_INDEX
20240828,3596,智易,TWSE,147.0,147.5,145.5,146.5,248539,36403464,TWSE_RWD_JSON_MI_INDEX
20240828,3605,宏致,TWSE,54.4,56.9,52.4,55.2,8353632,455901133,TWSE_RWD_JSON_MI_INDEX
20240828,3607,谷崧,TWSE,21.9,21.9,21.15,21.15,1290831,27689500,TWSE_RWD_JSON_MI_INDEX
20240828,3617,碩天,TWSE,282.0,283.5,279.5,280.5,445644,125341503,TWSE_RWD_JSON_MI_INDEX
20240828,3622,洋華,TWSE,58.7,59.3,58.2,58.2,760099,44613204,TWSE_RWD_JSON_MI_INDEX
20240828,3645,達邁,TWSE,60.8,60.8,57.7,58.9,6142466,361770173,TWSE_RWD_JSON_MI_INDEX
20240828,3652,精聯,TWSE,49.2,51.5,48.7,49.0,2590988,129890379,TWSE_RWD_JSON_MI_INDEX
20240828,3653,健策,TWSE,1330.0,1345.0,1285.0,1305.0,997629,1302365915,TWSE_RWD_JSON_MI_INDEX
20240828,3661,世芯-KY,TWSE,2685.0,2750.0,2630.0,2645.0,2572003,6897860285,TWSE_RWD_JSON_MI_INDEX
20240828,3665,貿聯-KY,TWSE,477.0,477.5,447.0,451.0,6764980,3091610907,TWSE_RWD_JSON_MI_INDEX
20240828,3669,圓展,TWSE,46.95,47.95,46.8,47.25,74056,3509111,TWSE_RWD_JSON_MI_INDEX
20240828,3673,TPK-KY,TWSE,42.65,45.6,42.65,43.95,13940676,614884816,TWSE_RWD_JSON_MI_INDEX
20240828,3679,新至陞,TWSE,132.0,133.0,132.0,132.0,20390,2700231,TWSE_RWD_JSON_MI_INDEX
20240828,3686,達能,TWSE,28.8,28.85,28.0,28.2,1013312,28694438,TWSE_RWD_JSON_MI_INDEX
20240828,3694,海華,TWSE,43.9,46.1,43.9,45.3,1381210,62514487,TWSE_RWD_JSON_MI_INDEX
20240828,3701,大眾控,TWSE,40.15,40.15,39.6,39.7,138143,5500312,TWSE_RWD_JSON_MI_INDEX
20240828,3702,大聯大,TWSE,80.4,80.6,79.8,80.0,2459197,197139925,TWSE_RWD_JSON_MI_INDEX
20240828,3703,欣陸,TWSE,34.75,34.75,34.3,34.45,634719,21886280,TWSE_RWD_JSON_MI_INDEX
20240828,3704,合勤控,TWSE,36.8,37.3,36.5,37.0,671217,24825705,TWSE_RWD_JSON_MI_INDEX
20240828,3705,永信,TWSE,55.8,57.6,55.8,57.4,634446,36070480,TWSE_RWD_JSON_MI_INDEX
20240828,3706,神達,TWSE,45.0,45.0,44.35,44.75,2142493,95747870,TWSE_RWD_JSON_MI_INDEX
20240828,3708,上緯投控,TWSE,113.0,113.5,111.0,111.5,677493,76073862,TWSE_RWD_JSON_MI_INDEX
20240828,3711,日月光投控,TWSE,148.0,153.0,147.0,152.0,10209101,1540058270,TWSE_RWD_JSON_MI_INDEX
20240828,3712,永崴投控,TWSE,56.5,56.9,56.0,56.2,1245916,70270150,TWSE_RWD_JSON_MI_INDEX
20240828,3714,富采,TWSE,40.15,40.5,40.0,40.2,868904,34965198,TWSE_RWD_JSON_MI_INDEX
20240828,3715,定穎投控,TWSE,64.7,66.5,64.2,64.5,18301207,1191870811,TWSE_RWD_JSON_MI_INDEX
20240828,4104,佳醫,TWSE,88.6,88.8,88.1,88.2,101196,8958902,TWSE_RWD_JSON_MI_INDEX
20240828,4106,雃博,TWSE,26.05,26.15,26.0,26.1,48702,1270222,TWSE_RWD_JSON_MI_INDEX
20240828,4108,懷特,TWSE,18.45,18.5,18.35,18.5,84071,1550491,TWSE_RWD_JSON_MI_INDEX
20240828,4119,旭富,TWSE,88.7,89.0,88.7,88.9,46805,4156708,TWSE_RWD_JSON_MI_INDEX
20240828,4133,亞諾法,TWSE,31.0,32.1,30.95,31.4,306107,9667111,TWSE_RWD_JSON_MI_INDEX
20240828,4137,麗豐-KY,TWSE,138.0,139.0,138.0,138.5,34504,4777351,TWSE_RWD_JSON_MI_INDEX
20240828,4142,國光生,TWSE,29.05,29.4,29.0,29.15,1169409,34185684,TWSE_RWD_JSON_MI_INDEX
20240828,4148,全宇生技-KY,TWSE,46.5,46.5,45.5,46.0,9228,423488,TWSE_RWD_JSON_MI_INDEX
20240828,4155,訊映,TWSE,26.1,26.1,25.6,25.7,837029,21604820,TWSE_RWD_JSON_MI_INDEX
20240828,4164,承業醫,TWSE,44.25,44.85,44.25,44.45,123850,5510106,TWSE_RWD_JSON_MI_INDEX
20240828,4190,佐登-KY,TWSE,49.15,49.15,48.8,49.0,67056,3289851,TWSE_RWD_JSON_MI_INDEX
20240828,4306,炎洲,TWSE,19.8,19.85,19.6,19.65,1264208,24903602,TWSE_RWD_JSON_MI_INDEX
20240828,4414,如興,TWSE,3.5,3.5,3.39,3.43,150290,517188,TWSE_RWD_JSON_MI_INDEX
20240828,4426,利勤,TWSE,14.0,14.05,13.85,13.9,190001,2646112,TWSE_RWD_JSON_MI_INDEX
20240828,4438,廣越,TWSE,109.0,109.0,107.5,107.5,58098,6294132,TWSE_RWD_JSON_MI_INDEX
20240828,4439,冠星-KY,TWSE,95.0,95.4,95.0,95.4,10100,960780,TWSE_RWD_JSON_MI_INDEX
20240828,4440,宜新實業,TWSE,26.0,26.05,25.9,25.95,110708,2874548,TWSE_RWD_JSON_MI_INDEX
20240828,4526,東台,TWSE,33.8,35.1,33.3,35.1,29672049,1023306812,TWSE_RWD_JSON_MI_INDEX
20240828,4532,瑞智,TWSE,25.75,25.75,25.4,25.4,1174030,30008852,TWSE_RWD_JSON_MI_INDEX
20240828,4536,拓凱,TWSE,216.0,216.5,212.0,214.5,308653,65936373,TWSE_RWD_JSON_MI_INDEX
20240828,4540,全球傳動,TWSE,48.45,51.1,47.8,48.0,24579956,1213398889,TWSE_RWD_JSON_MI_INDEX
20240828,4545,銘鈺,TWSE,53.3,53.9,52.3,53.6,191896,10192386,TWSE_RWD_JSON_MI_INDEX
20240828,4551,智伸科,TWSE,118.5,119.5,117.5,118.5,71818,8509582,TWSE_RWD_JSON_MI_INDEX
20240828,4552,力達-KY,TWSE,26.15,26.35,26.15,26.35,82978,2180004,TWSE_RWD_JSON_MI_INDEX
20240828,4555,氣立,TWSE,47.3,51.5,46.45,51.5,8992619,443022574,TWSE_RWD_JSON_MI_INDEX
20240828,4557,永新-KY,TWSE,108.5,110.0,108.0,108.5,22182,2402364,TWSE_RWD_JSON_MI_INDEX
20240828,4560,強信-KY,TWSE,34.25,34.3,34.1,34.2,90410,3090149,TWSE_RWD_JSON_MI_INDEX
20240828,4562,穎漢,TWSE,78.9,78.9,75.8,76.1,19498112,1499473345,TWSE_RWD_JSON_MI_INDEX
20240828,4564,元翎,TWSE,27.65,27.65,26.9,26.9,2072265,56492639,TWSE_RWD_JSON_MI_INDEX
20240828,4566,時碩工業,TWSE,95.3,102.0,94.6,99.2,16368695,1627092541,TWSE_RWD_JSON_MI_INDEX
20240828,4569,六方科-KY,TWSE,99.6,101.0,99.3,101.0,24097,2408347,TWSE_RWD_JSON_MI_INDEX
20240828,4571,鈞興-KY,TWSE,134.0,134.5,130.5,131.0,521205,68741794,TWSE_RWD_JSON_MI_INDEX
20240828,4572,駐龍,TWSE,163.0,163.5,160.5,161.0,186612,30124336,TWSE_RWD_JSON_MI_INDEX
20240828,4576,大銀微系統,TWSE,88.0,91.2,88.0,90.2,2105248,189243225,TWSE_RWD_JSON_MI_INDEX
20240828,4581,光隆精密-KY,TWSE,53.6,54.8,53.5,54.6,20030,1090444,TWSE_RWD_JSON_MI_INDEX
20240828,4583,台灣精銳,TWSE,470.0,486.0,459.0,468.5,3651540,1729278610,TWSE_RWD_JSON_MI_INDEX
20240828,4588,玖鼎電力,TWSE,92.4,93.1,92.3,93.0,67639,6264271,TWSE_RWD_JSON_MI_INDEX
20240828,4720,德淵,TWSE,21.15,21.4,20.95,21.3,1124667,23836748,TWSE_RWD_JSON_MI_INDEX
20240828,4722,國精化,TWSE,44.35,44.8,44.35,44.4,47570,2121453,TWSE_RWD_JSON_MI_INDEX
20240828,4736,泰博,TWSE,164.0,164.5,164.0,164.0,100647,16534442,TWSE_RWD_JSON_MI_INDEX
20240828,4737,華廣,TWSE,66.5,66.5,66.5,66.5,9077,603914,TWSE_RWD_JSON_MI_INDEX
20240828,4739,康普,TWSE,60.9,61.3,60.5,60.6,84411,5128989,TWSE_RWD_JSON_MI_INDEX
20240828,4746,台耀,TWSE,93.0,94.5,92.5,92.7,566109,52995313,TWSE_RWD_JSON_MI_INDEX
20240828,4755,三福化,TWSE,130.5,130.5,127.5,127.5,196641,25272024,TWSE_RWD_JSON_MI_INDEX
20240828,4763,材料*-KY,TWSE,914.0,930.0,907.0,924.0,2620210,2411516585,TWSE_RWD_JSON_MI_INDEX
20240828,4764,雙鍵,TWSE,44.55,44.55,43.15,44.25,16398,725210,TWSE_RWD_JSON_MI_INDEX
20240828,4766,南寶,TWSE,297.0,297.0,292.5,294.5,322428,94652487,TWSE_RWD_JSON_MI_INDEX
20240828,4770,上品,TWSE,382.0,382.0,380.5,380.5,60730,23146627,TWSE_RWD_JSON_MI_INDEX
20240828,4771,望隼,TWSE,226.5,226.5,223.5,225.0,35254,7934795,TWSE_RWD_JSON_MI_INDEX
20240828,4807,日成-KY,TWSE,20.5,22.3,20.5,20.7,842709,18288458,TWSE_RWD_JSON_MI_INDEX
20240828,4904,遠傳,TWSE,91.0,92.3,90.9,91.6,7380879,677143970,TWSE_RWD_JSON_MI_INDEX
20240828,4906,正文,TWSE,43.0,43.5,42.65,42.85,9872652,424197357,TWSE_RWD_JSON_MI_INDEX
20240828,4912,聯德控股-KY,TWSE,102.5,106.5,102.5,105.5,139241,14602854,TWSE_RWD_JSON_MI_INDEX
20240828,4915,致伸,TWSE,90.0,91.4,88.9,88.9,2198843,198306038,TWSE_RWD_JSON_MI_INDEX
20240828,4916,事欣科,TWSE,27.5,27.65,27.3,27.6,262349,7218923,TWSE_RWD_JSON_MI_INDEX
20240828,4919,新唐,TWSE,89.2,89.2,87.2,88.7,1369795,120597738,TWSE_RWD_JSON_MI_INDEX
20240828,4927,泰鼎-KY,TWSE,57.5,57.8,56.3,57.0,1538049,87786983,TWSE_RWD_JSON_MI_INDEX
20240828,4930,燦星網,TWSE,32.0,32.2,32.0,32.05,62483,2005645,TWSE_RWD_JSON_MI_INDEX
20240828,4934,太極,TWSE,19.85,19.95,19.65,19.7,248660,4921677,TWSE_RWD_JSON_MI_INDEX
20240828,4935,茂林-KY,TWSE,58.2,59.0,58.1,58.2,148156,8646898,TWSE_RWD_JSON_MI_INDEX
20240828,4938,和碩,TWSE,104.0,104.5,103.0,104.0,2229612,231112874,TWSE_RWD_JSON_MI_INDEX
20240828,4942,嘉彰,TWSE,43.3,43.55,43.3,43.5,67471,2934361,TWSE_RWD_JSON_MI_INDEX
20240828,4943,康控-KY,TWSE,19.45,19.6,19.05,19.5,50184,968495,TWSE_RWD_JSON_MI_INDEX
20240828,4949,有成精密,TWSE,24.55,24.95,24.5,24.9,99600,2463832,TWSE_RWD_JSON_MI_INDEX
20240828,4952,凌通,TWSE,55.8,56.2,55.3,55.4,138033,7672465,TWSE_RWD_JSON_MI_INDEX
20240828,4956,光鋐,TWSE,27.35,27.65,27.0,27.0,998431,27231751,TWSE_RWD_JSON_MI_INDEX
20240828,4958,臻鼎-KY,TWSE,127.0,129.0,126.5,128.5,6876646,880193705,TWSE_RWD_JSON_MI_INDEX
20240828,4960,誠美材,TWSE,14.1,14.1,13.9,13.9,1553826,21701147,TWSE_RWD_JSON_MI_INDEX
20240828,4961,天鈺,TWSE,262.5,264.0,261.0,263.0,357103,93792021,TWSE_RWD_JSON_MI_INDEX
20240828,4967,十銓,TWSE,128.5,130.0,124.5,124.5,5046331,639134696,TWSE_RWD_JSON_MI_INDEX
20240828,4968,立積,TWSE,180.0,180.0,173.5,176.0,2521772,444107558,TWSE_RWD_JSON_MI_INDEX
20240828,4976,佳凌,TWSE,46.75,46.85,46.05,46.5,434412,20192275,TWSE_RWD_JSON_MI_INDEX
20240828,4977,眾達-KY,TWSE,76.1,77.7,74.7,75.0,930342,70825920,TWSE_RWD_JSON_MI_INDEX
20240828,4989,榮科,TWSE,20.1,20.15,19.95,20.05,121890,2443910,TWSE_RWD_JSON_MI_INDEX
20240828,4994,傳奇,TWSE,112.5,114.0,112.5,113.0,23525,2665556,TWSE_RWD_JSON_MI_INDEX
20240828,4999,鑫禾,TWSE,33.9,33.95,33.8,33.85,20127,681822,TWSE_RWD_JSON_MI_INDEX
20240828,5007,三星,TWSE,57.5,57.5,56.8,57.3,53027,3028246,TWSE_RWD_JSON_MI_INDEX
20240828,5203,訊連,TWSE,97.8,97.8,97.0,97.5,57464,5592657,TWSE_RWD_JSON_MI_INDEX
20240828,5215,科嘉-KY,TWSE,48.5,50.6,47.5,50.6,430035,21645914,TWSE_RWD_JSON_MI_INDEX
20240828,5222,全訊,TWSE,152.0,152.0,150.5,151.0,107793,16282400,TWSE_RWD_JSON_MI_INDEX
20240828,5225,東科-KY,TWSE,146.0,160.5,145.5,160.5,8905420,1397060515,TWSE_RWD_JSON_MI_INDEX
20240828,5234,達興材料,TWSE,167.5,174.0,163.5,166.0,5742105,965049406,TWSE_RWD_JSON_MI_INDEX
20240828,5243,乙盛-KY,TWSE,60.5,60.9,59.0,59.8,1180488,70717513,TWSE_RWD_JSON_MI_INDEX
20240828,5244,弘凱,TWSE,43.0,43.15,42.65,43.1,45001,1929693,TWSE_RWD_JSON_MI_INDEX
20240828,5258,虹堡,TWSE,126.5,127.5,125.5,126.5,417472,52940633,TWSE_RWD_JSON_MI_INDEX
20240828,5269,祥碩,TWSE,1720.0,1750.0,1685.0,1725.0,555134,955778300,TWSE_RWD_JSON_MI_INDEX
20240828,5283,禾聯碩,TWSE,108.5,108.5,108.0,108.5,193172,20893321,TWSE_RWD_JSON_MI_INDEX
20240828,5284,jpp-KY,TWSE,117.0,117.5,116.0,117.0,95668,11149441,TWSE_RWD_JSON_MI_INDEX
20240828,5285,界霖,TWSE,66.2,66.2,65.2,65.5,56643,3714449,TWSE_RWD_JSON_MI_INDEX
20240828,5288,豐祥-KY,TWSE,203.0,203.5,202.0,202.0,20664,4185197,TWSE_RWD_JSON_MI_INDEX
20240828,5292,華懋,TWSE,151.0,151.0,149.5,150.5,69122,10384552,TWSE_RWD_JSON_MI_INDEX
20240828,5306,桂盟,TWSE,155.0,158.0,155.0,155.5,223507,34933632,TWSE_RWD_JSON_MI_INDEX
20240828,5388,中磊,TWSE,111.0,111.5,109.5,111.0,1076999,119272720,TWSE_RWD_JSON_MI_INDEX
20240828,5434,崇越,TWSE,276.5,280.5,276.5,280.0,306319,85503956,TWSE_RWD_JSON_MI_INDEX
20240828,5469,瀚宇博,TWSE,53.3,53.4,52.6,53.0,3262073,172717422,TWSE_RWD_JSON_MI_INDEX
20240828,5471,松翰,TWSE,44.8,45.9,44.8,45.65,184709,8407771,TWSE_RWD_JSON_MI_INDEX
20240828,5484,慧友,TWSE,82.7,83.1,80.6,81.1,1252928,102153557,TWSE_RWD_JSON_MI_INDEX
20240828,5515,建國,TWSE,23.0,23.2,22.9,22.95,320554,7385088,TWSE_RWD_JSON_MI_INDEX
20240828,5519,隆大,TWSE,45.0,45.35,44.05,44.4,2144043,95559232,TWSE_RWD_JSON_MI_INDEX
20240828,5521,工信,TWSE,11.25,11.3,11.1,11.15,1309704,14656023,TWSE_RWD_JSON_MI_INDEX
20240828,5522,遠雄,TWSE,79.1,80.3,78.7,79.5,730034,58014100,TWSE_RWD_JSON_MI_INDEX
20240828,5525,順天,TWSE,38.0,39.0,38.0,38.85,207235,7993167,TWSE_RWD_JSON_MI_INDEX
20240828,5531,鄉林,TWSE,10.4,10.6,10.35,10.4,630534,6572217,TWSE_RWD_JSON_MI_INDEX
20240828,5533,皇鼎,TWSE,21.8,22.0,21.7,21.85,284094,6207958,TWSE_RWD_JSON_MI_INDEX
20240828,5534,長虹,TWSE,114.0,116.5,113.0,113.5,1612656,184640605,TWSE_RWD_JSON_MI_INDEX
20240828,5538,東明-KY,TWSE,36.1,36.4,35.0,35.2,702863,24994035,TWSE_RWD_JSON_MI_INDEX
20240828,5546,永固-KY,TWSE,30.5,30.95,30.05,30.1,20050,608512,TWSE_RWD_JSON_MI_INDEX
20240828,5607,遠雄港,TWSE,49.0,49.05,48.75,48.8,260020,12709236,TWSE_RWD_JSON_MI_INDEX
20240828,5608,四維航,TWSE,18.4,18.4,18.1,18.1,753864,13719736,TWSE_RWD_JSON_MI_INDEX
20240828,5706,鳳凰,TWSE,59.7,59.9,59.2,59.6,122167,7284364,TWSE_RWD_JSON_MI_INDEX
20240828,5871,中租-KY,TWSE,147.5,149.0,144.0,144.5,7572021,1099900974,TWSE_RWD_JSON_MI_INDEX
20240828,5876,上海商銀,TWSE,40.35,40.55,40.15,40.35,3084864,124370822,TWSE_RWD_JSON_MI_INDEX
20240828,5880,合庫金,TWSE,25.75,25.85,25.7,25.8,5835190,150345998,TWSE_RWD_JSON_MI_INDEX
20240828,5906,台南-KY,TWSE,67.0,67.3,65.2,66.3,43014,2859718,TWSE_RWD_JSON_MI_INDEX
20240828,5907,大洋-KY,TWSE,8.52,9.12,8.52,8.91,495383,4419910,TWSE_RWD_JSON_MI_INDEX
20240828,6005,群益證,TWSE,21.85,22.0,21.7,21.95,1727155,37716780,TWSE_RWD_JSON_MI_INDEX
20240828,6024,群益期,TWSE,55.4,55.4,54.9,54.9,206861,11379461,TWSE_RWD_JSON_MI_INDEX
20240828,6108,競國,TWSE,20.25,20.35,20.15,20.15,409540,8295695,TWSE_RWD_JSON_MI_INDEX
20240828,6112,邁達特,TWSE,48.45,48.55,48.0,48.25,406293,19617424,TWSE_RWD_JSON_MI_INDEX
20240828,6115,鎰勝,TWSE,53.1,53.1,52.7,52.7,32250,1703099,TWSE_RWD_JSON_MI_INDEX
20240828,6116,彩晶,TWSE,9.35,9.36,9.22,9.23,4567903,42442828,TWSE_RWD_JSON_MI_INDEX
20240828,6117,迎廣,TWSE,108.0,111.0,107.5,108.5,1827984,198911946,TWSE_RWD_JSON_MI_INDEX
20240828,6120,達運,TWSE,14.5,14.55,14.4,14.45,1068072,15446273,TWSE_RWD_JSON_MI_INDEX
20240828,6128,上福,TWSE,36.1,36.15,35.95,36.1,72259,2606119,TWSE_RWD_JSON_MI_INDEX
20240828,6133,金橋,TWSE,23.0,23.4,22.3,22.5,4601717,104375780,TWSE_RWD_JSON_MI_INDEX
20240828,6136,富爾特,TWSE,21.9,22.3,21.9,22.15,97935,2169405,TWSE_RWD_JSON_MI_INDEX
20240828,6139,亞翔,TWSE,246.0,247.0,244.0,245.0,2156585,529434125,TWSE_RWD_JSON_MI_INDEX
20240828,6141,柏承,TWSE,14.4,14.55,14.3,14.45,117573,1694237,TWSE_RWD_JSON_MI_INDEX
20240828,6142,友勁,TWSE,10.3,10.35,10.15,10.3,209250,2143067,TWSE_RWD_JSON_MI_INDEX
20240828,6152,百一,TWSE,16.3,16.55,15.8,15.95,1525056,24464004,TWSE_RWD_JSON_MI_INDEX
20240828,6153,嘉聯益,TWSE,22.9,23.2,22.75,22.95,2560576,58845303,TWSE_RWD_JSON_MI_INDEX
20240828,6155,鈞寶,TWSE,26.9,27.2,26.9,27.1,116111,3136769,TWSE_RWD_JSON_MI_INDEX
20240828,6164,華興,TWSE,14.4,14.75,14.35,14.65,929160,13528768,TWSE_RWD_JSON_MI_INDEX
20240828,6165,浪凡,TWSE,37.8,39.35,37.65,38.9,434839,16871325,TWSE_RWD_JSON_MI_INDEX
20240828,6166,凌華,TWSE,72.5,72.6,71.2,71.7,183957,13211061,TWSE_RWD_JSON_MI_INDEX
20240828,6168,宏齊,TWSE,21.8,21.8,21.45,21.75,236144,5112537,TWSE_RWD_JSON_MI_INDEX
20240828,6176,瑞儀,TWSE,185.0,187.0,184.0,186.0,2352940,436903311,TWSE_RWD_JSON_MI_INDEX
20240828,6177,達麗,TWSE,61.5,63.8,60.2,60.5,8880652,549372973,TWSE_RWD_JSON_MI_INDEX
20240828,6183,關貿,TWSE,76.9,76.9,75.2,75.8,22738,1729570,TWSE_RWD_JSON_MI_INDEX
20240828,6184,大豐電,TWSE,52.6,52.8,52.5,52.7,10916,574489,TWSE_RWD_JSON_MI_INDEX
20240828,6189,豐藝,TWSE,90.6,91.2,90.0,91.1,701227,63595464,TWSE_RWD_JSON_MI_INDEX
20240828,6191,精成科,TWSE,62.4,62.8,62.2,62.3,928695,58017507,TWSE_RWD_JSON_MI_INDEX
20240828,6192,巨路,TWSE,121.0,121.5,120.0,121.0,133999,16157554,TWSE_RWD_JSON_MI_INDEX
20240828,6196,帆宣,TWSE,154.5,154.5,152.5,154.0,208589,32019781,TWSE_RWD_JSON_MI_INDEX
20240828,6197,佳必琪,TWSE,182.0,183.5,180.0,181.5,1855969,337168652,TWSE_RWD_JSON_MI_INDEX
20240828,6201,亞弘電,TWSE,59.7,59.7,59.3,59.6,16617,989368,TWSE_RWD_JSON_MI_INDEX
20240828,6202,盛群,TWSE,50.0,50.4,49.45,49.8,202278,10048671,TWSE_RWD_JSON_MI_INDEX
20240828,6205,詮欣,TWSE,71.1,71.1,70.0,70.6,57079,4018636,TWSE_RWD_JSON_MI_INDEX
20240828,6206,飛捷,TWSE,86.8,87.0,86.3,86.5,147861,12817135,TWSE_RWD_JSON_MI_INDEX
20240828,6209,今國光,TWSE,27.35,27.35,26.8,26.9,387411,10457558,TWSE_RWD_JSON_MI_INDEX
20240828,6213,聯茂,TWSE,77.4,77.8,76.5,77.5,3634068,280958776,TWSE_RWD_JSON_MI_INDEX
20240828,6214,精誠,TWSE,120.0,120.5,119.5,120.5,268900,32314818,TWSE_RWD_JSON_MI_INDEX
20240828,6215,和椿,TWSE,64.7,64.8,63.3,63.4,2911075,185714032,TWSE_RWD_JSON_MI_INDEX
20240828,6216,居易,TWSE,42.85,43.5,42.55,42.65,853558,36700785,TWSE_RWD_JSON_MI_INDEX
20240828,6224,聚鼎,TWSE,66.3,68.7,66.0,66.5,1119247,75564219,TWSE_RWD_JSON_MI_INDEX
20240828,6226,光鼎,TWSE,9.87,9.95,9.86,9.92,98786,977775,TWSE_RWD_JSON_MI_INDEX
20240828,6230,尼得科超眾,TWSE,241.5,246.0,237.0,237.0,393210,94529925,TWSE_RWD_JSON_MI_INDEX
20240828,6235,華孚,TWSE,74.4,74.5,73.3,73.5,617936,45500438,TWSE_RWD_JSON_MI_INDEX
20240828,6239,力成,TWSE,144.0,144.5,142.5,143.0,1584235,226876151,TWSE_RWD_JSON_MI_INDEX
20240828,6243,迅杰,TWSE,49.25,49.8,49.2,49.25,75373,3727237,TWSE_RWD_JSON_MI_INDEX
20240828,6257,矽格,TWSE,74.3,75.0,74.0,74.9,2795982,208826383,TWSE_RWD_JSON_MI_INDEX
20240828,6269,台郡,TWSE,81.0,82.8,80.7,81.7,1799172,147151169,TWSE_RWD_JSON_MI_INDEX
20240828,6271,同欣電,TWSE,141.0,142.0,139.5,140.0,412968,57938254,TWSE_RWD_JSON_MI_INDEX
20240828,6277,宏正,TWSE,80.3,80.3,79.3,79.5,41889,3334241,TWSE_RWD_JSON_MI_INDEX
20240828,6278,台表科,TWSE,115.0,115.0,113.0,113.5,1473657,167473566,TWSE_RWD_JSON_MI_INDEX
20240828,6281,全國電,TWSE,83.6,83.6,83.3,83.5,10675,892116,TWSE_RWD_JSON_MI_INDEX
20240828,6282,康舒,TWSE,35.2,35.3,34.7,34.8,2254378,78644893,TWSE_RWD_JSON_MI_INDEX
20240828,6283,淳安,TWSE,27.0,27.2,26.85,27.0,90078,2434713,TWSE_RWD_JSON_MI_INDEX
20240828,6285,啟碁,TWSE,126.0,126.0,123.0,123.0,1955907,242292245,TWSE_RWD_JSON_MI_INDEX
20240828,6288,聯嘉,TWSE,26.05,26.25,26.0,26.05,254528,6638592,TWSE_RWD_JSON_MI_INDEX
20240828,6405,悅城,TWSE,28.75,31.65,28.75,31.65,7844005,245763993,TWSE_RWD_JSON_MI_INDEX
20240828,6409,旭隼,TWSE,2015.0,2055.0,1990.0,2020.0,135351,271441955,TWSE_RWD_JSON_MI_INDEX
20240828,6412,群電,TWSE,128.0,128.0,127.0,127.0,331957,42312287,TWSE_RWD_JSON_MI_INDEX
20240828,6414,樺漢,TWSE,292.0,293.0,288.0,289.5,731092,211861959,TWSE_RWD_JSON_MI_INDEX
20240828,6415,矽力*-KY,TWSE,490.0,500.0,472.0,479.0,3867453,1870495434,TWSE_RWD_JSON_MI_INDEX
20240828,6416,瑞祺電通,TWSE,140.0,147.5,139.0,145.5,2570771,370426856,TWSE_RWD_JSON_MI_INDEX
20240828,6423,億而得,TWSE,95.1,95.1,94.6,94.8,22541,2139645,TWSE_RWD_JSON_MI_INDEX
20240828,6426,統新,TWSE,59.5,61.0,58.9,59.0,54399,3238059,TWSE_RWD_JSON_MI_INDEX
20240828,6431,光麗-KY,TWSE,20.0,20.7,18.6,19.6,3104754,61768501,TWSE_RWD_JSON_MI_INDEX
20240828,6438,迅得,TWSE,128.0,129.5,126.5,126.5,1721775,219974165,TWSE_RWD_JSON_MI_INDEX
20240828,6442,光聖,TWSE,457.0,475.0,447.0,451.0,8479864,3895637726,TWSE_RWD_JSON_MI_INDEX
20240828,6443,元晶,TWSE,24.6,24.6,24.05,24.2,5101592,123878561,TWSE_RWD_JSON_MI_INDEX
20240828,6446,藥華藥,TWSE,705.0,733.0,705.0,713.0,4421575,3188375269,TWSE_RWD_JSON_MI_INDEX
20240828,6449,鈺邦,TWSE,164.0,164.5,159.0,159.0,1245709,201060642,TWSE_RWD_JSON_MI_INDEX
20240828,6451,訊芯-KY,TWSE,240.0,254.5,233.5,235.0,12422160,3026544469,TWSE_RWD_JSON_MI_INDEX
20240828,6456,GIS-KY,TWSE,59.8,61.7,59.8,60.7,1370542,83417432,TWSE_RWD_JSON_MI_INDEX
20240828,6464,台數科,TWSE,80.3,80.8,80.1,80.8,37887,3047689,TWSE_RWD_JSON_MI_INDEX
20240828,6472,保瑞,TWSE,788.0,794.0,760.0,760.0,2431609,1881729258,TWSE_RWD_JSON_MI_INDEX
20240828,6477,安集,TWSE,37.2,37.2,36.3,36.45,614821,22528361,TWSE_RWD_JSON_MI_INDEX
20240828,6491,晶碩,TWSE,433.5,438.0,430.0,437.5,98438,42720886,TWSE_RWD_JSON_MI_INDEX
20240828,6504,南六,TWSE,70.7,70.8,70.2,70.6,30019,2116543,TWSE_RWD_JSON_MI_INDEX
20240828,6505,台塑化,TWSE,57.8,58.1,56.7,57.0,11383400,650328065,TWSE_RWD_JSON_MI_INDEX
20240828,6515,穎崴,TWSE,1150.0,1155.0,1105.0,1130.0,428887,484204865,TWSE_RWD_JSON_MI_INDEX
20240828,6525,捷敏-KY,TWSE,65.4,65.8,65.2,65.7,28467,1863579,TWSE_RWD_JSON_MI_INDEX
20240828,6526,達發,TWSE,605.0,605.0,591.0,599.0,276459,165412671,TWSE_RWD_JSON_MI_INDEX
20240828,6531,愛普*,TWSE,308.0,327.0,300.5,326.0,6114970,1940773719,TWSE_RWD_JSON_MI_INDEX
20240828,6533,晶心科,TWSE,368.5,370.0,360.0,365.0,272455,99498963,TWSE_RWD_JSON_MI_INDEX
20240828,6534,正瀚-創,TWSE,76.3,76.5,76.3,76.3,3000,229100,TWSE_RWD_JSON_MI_INDEX
20240828,6541,泰福-KY,TWSE,67.1,67.1,67.1,67.1,27858,1869262,TWSE_RWD_JSON_MI_INDEX
20240828,6550,北極星藥業-KY,TWSE,59.3,59.6,59.0,59.3,365609,21704194,TWSE_RWD_JSON_MI_INDEX
20240828,6552,易華電,TWSE,48.85,49.1,48.05,48.65,148682,7219887,TWSE_RWD_JSON_MI_INDEX
20240828,6558,興能高,TWSE,22.1,23.05,22.0,22.95,162629,3675171,TWSE_RWD_JSON_MI_INDEX
20240828,6573,虹揚-KY,TWSE,14.7,14.7,14.5,14.65,50049,728317,TWSE_RWD_JSON_MI_INDEX
20240828,6579,研揚,TWSE,158.5,161.0,157.0,158.5,324188,51564132,TWSE_RWD_JSON_MI_INDEX
20240828,6581,鋼聯,TWSE,107.0,108.0,107.0,107.0,10156,1091200,TWSE_RWD_JSON_MI_INDEX
20240828,6582,申豐,TWSE,61.6,63.2,61.6,62.6,100252,6265655,TWSE_RWD_JSON_MI_INDEX
20240828,6585,鼎基,TWSE,181.5,182.5,179.0,179.0,183895,33217692,TWSE_RWD_JSON_MI_INDEX
20240828,6591,動力-KY,TWSE,53.1,53.2,51.9,52.2,499234,26164220,TWSE_RWD_JSON_MI_INDEX
20240828,6592,和潤企業,TWSE,98.5,98.7,97.8,98.5,277288,27223880,TWSE_RWD_JSON_MI_INDEX
20240828,6598,ABC-KY,TWSE,22.1,24.4,22.1,24.2,1686081,40138316,TWSE_RWD_JSON_MI_INDEX
20240828,6605,帝寶,TWSE,242.5,246.0,241.5,242.5,320052,77841050,TWSE_RWD_JSON_MI_INDEX
20240828,6606,建德工業,TWSE,29.85,29.85,28.7,28.75,454335,13199742,TWSE_RWD_JSON_MI_INDEX
20240828,6625,必應,TWSE,86.7,87.9,85.5,85.9,274499,23740942,TWSE_RWD_JSON_MI_INDEX
20240828,6641,基士德-KY,TWSE,41.2,41.2,41.2,41.2,2216,91254,TWSE_RWD_JSON_MI_INDEX
20240828,6645,金萬林-創,TWSE,30.2,30.2,29.95,30.0,56183,1689719,TWSE_RWD_JSON_MI_INDEX
20240828,6655,科定,TWSE,146.0,146.5,145.0,145.0,7547,1089683,TWSE_RWD_JSON_MI_INDEX
20240828,6657,華安,TWSE,52.1,52.1,51.6,51.6,31015,1608680,TWSE_RWD_JSON_MI_INDEX
20240828,6658,聯策,TWSE,77.0,78.5,74.2,74.9,4157202,318136202,TWSE_RWD_JSON_MI_INDEX
20240828,6666,羅麗芬-KY,TWSE,60.2,60.2,59.4,59.4,12110,722853,TWSE_RWD_JSON_MI_INDEX
20240828,6668,中揚光,TWSE,48.6,48.85,48.2,48.55,286682,13910729,TWSE_RWD_JSON_MI_INDEX
20240828,6669,緯穎,TWSE,1905.0,1935.0,1885.0,1925.0,808710,1547786955,TWSE_RWD_JSON_MI_INDEX
20240828,6670,復盛應用,TWSE,280.5,282.5,279.0,280.0,98564,27638153,TWSE_RWD_JSON_MI_INDEX
20240828,6671,三能-KY,TWSE,44.95,44.95,43.85,43.85,21130,941017,TWSE_RWD_JSON_MI_INDEX
20240828,6672,騰輝電子-KY,TWSE,71.3,71.3,70.2,70.8,110368,7804123,TWSE_RWD_JSON_MI_INDEX
20240828,6674,鋐寶科技,TWSE,24.3,24.75,24.3,24.5,51151,1250908,TWSE_RWD_JSON_MI_INDEX
20240828,6689,伊雲谷,TWSE,103.0,103.0,100.5,100.5,140489,14236101,TWSE_RWD_JSON_MI_INDEX
20240828,6691,洋基工程,TWSE,344.5,344.5,336.0,336.5,351759,118977357,TWSE_RWD_JSON_MI_INDEX
20240828,6695,芯鼎,TWSE,61.6,61.8,60.2,60.6,466703,28463903,TWSE_RWD_JSON_MI_INDEX
20240828,6698,旭暉應材,TWSE,38.0,42.0,37.85,42.0,1492634,61149059,TWSE_RWD_JSON_MI_INDEX
20240828,6706,惠特,TWSE,129.0,134.5,127.5,128.0,7787746,1021916805,TWSE_RWD_JSON_MI_INDEX
20240828,6715,嘉基,TWSE,165.0,166.0,163.5,163.5,34883,5728846,TWSE_RWD_JSON_MI_INDEX
20240828,6719,力智,TWSE,259.0,261.5,253.5,255.5,528273,135515532,TWSE_RWD_JSON_MI_INDEX
20240828,6742,澤米,TWSE,53.1,53.8,52.7,53.3,155605,8291709,TWSE_RWD_JSON_MI_INDEX
20240828,6743,安普新,TWSE,65.1,66.0,64.0,64.6,932635,60486750,TWSE_RWD_JSON_MI_INDEX
20240828,6753,龍德造船,TWSE,143.5,147.0,140.5,145.5,4084097,588270184,TWSE_RWD_JSON_MI_INDEX
20240828,6754,匯僑設計,TWSE,84.6,87.0,84.6,86.7,220179,19004085,TWSE_RWD_JSON_MI_INDEX
20240828,6756,威鋒電子,TWSE,173.5,173.5,171.0,172.0,50969,8766478,TWSE_RWD_JSON_MI_INDEX
20240828,6757,台灣虎航,TWSE,54.1,54.2,52.8,53.9,602036,32230739,TWSE_RWD_JSON_MI_INDEX
20240828,6768,志強-KY,TWSE,84.5,84.8,83.8,84.5,124784,10522602,TWSE_RWD_JSON_MI_INDEX
20240828,6770,力積電,TWSE,21.6,21.7,21.45,21.55,6537929,140884460,TWSE_RWD_JSON_MI_INDEX
20240828,6771,平和環保-創,TWSE,66.5,66.6,66.2,66.2,26000,1725300,TWSE_RWD_JSON_MI_INDEX
20240828,6776,展碁國際,TWSE,57.8,57.8,56.8,57.0,61561,3512546,TWSE_RWD_JSON_MI_INDEX
20240828,6781,AES-KY,TWSE,503.0,503.0,495.5,496.5,126047,62709026,TWSE_RWD_JSON_MI_INDEX
20240828,6782,視陽,TWSE,223.0,224.0,220.5,221.5,157764,35064651,TWSE_RWD_JSON_MI_INDEX
20240828,6789,采鈺,TWSE,308.0,308.5,299.5,301.5,1820856,551223914,TWSE_RWD_JSON_MI_INDEX
20240828,6790,永豐實,TWSE,48.85,49.3,48.85,48.95,80502,3951141,TWSE_RWD_JSON_MI_INDEX
20240828,6792,詠業,TWSE,68.2,68.4,68.1,68.4,32015,2185735,TWSE_RWD_JSON_MI_INDEX
20240828,6794,向榮生技,TWSE,80.0,80.0,79.9,79.9,2000,159900,TWSE_RWD_JSON_MI_INDEX
20240828,6796,晉弘,TWSE,87.1,87.8,86.6,86.7,15009,1303990,TWSE_RWD_JSON_MI_INDEX
20240828,6799,來頡,TWSE,116.0,116.5,114.5,116.0,116774,13508442,TWSE_RWD_JSON_MI_INDEX
20240828,6805,富世達,TWSE,826.0,835.0,803.0,804.0,1763891,1432806407,TWSE_RWD_JSON_MI_INDEX
20240828,6806,森崴能源,TWSE,138.0,139.0,137.0,137.0,1186891,163378015,TWSE_RWD_JSON_MI_INDEX
20240828,6807,峰源-KY,TWSE,78.8,79.7,76.7,76.7,217362,17038385,TWSE_RWD_JSON_MI_INDEX
20240828,6830,汎銓,TWSE,127.0,139.0,126.0,135.5,1162730,155315689,TWSE_RWD_JSON_MI_INDEX
20240828,6834,天二科技,TWSE,39.0,39.85,38.55,38.7,536004,20894480,TWSE_RWD_JSON_MI_INDEX
20240828,6835,圓裕,TWSE,52.2,52.6,52.0,52.1,118093,6172981,TWSE_RWD_JSON_MI_INDEX
20240828,6838,台新藥,TWSE,39.1,39.1,38.8,38.9,494501,19248234,TWSE_RWD_JSON_MI_INDEX
20240828,6854,錼創科技-KY創,TWSE,75.5,77.4,75.0,77.2,259882,19707037,TWSE_RWD_JSON_MI_INDEX
20240828,6861,睿生光電,TWSE,70.9,70.9,70.2,70.5,20983,1477481,TWSE_RWD_JSON_MI_INDEX
20240828,6863,永道-KY,TWSE,232.0,238.0,229.0,234.0,979090,227871167,TWSE_RWD_JSON_MI_INDEX
20240828,6869,雲豹能源,TWSE,250.5,253.0,244.5,244.5,3125068,773765972,TWSE_RWD_JSON_MI_INDEX
20240828,6873,泓德能源,TWSE,273.0,273.0,262.5,265.0,646993,171844640,TWSE_RWD_JSON_MI_INDEX
20240828,6890,來億-KY,TWSE,331.0,344.5,326.5,337.5,1287050,434852971,TWSE_RWD_JSON_MI_INDEX
20240828,6901,鑽石投資,TWSE,41.75,41.75,41.1,41.25,377512,15597577,TWSE_RWD_JSON_MI_INDEX
20240828,6902,GOGOLOOK,TWSE,141.0,141.0,141.0,141.0,1112,156904,TWSE_RWD_JSON_MI_INDEX
20240828,6906,現觀科,TWSE,155.5,158.5,153.5,156.5,151144,23646683,TWSE_RWD_JSON_MI_INDEX
20240828,6914,阜爾運通,TWSE,137.5,137.5,136.0,136.0,30855,4210234,TWSE_RWD_JSON_MI_INDEX
20240828,6916,華凌,TWSE,24.2,24.2,23.9,24.0,18027,432598,TWSE_RWD_JSON_MI_INDEX
20240828,6928,攸泰科技,TWSE,60.6,60.6,59.3,59.7,42087,2520551,TWSE_RWD_JSON_MI_INDEX
20240828,6933,AMAX-KY,TWSE,237.5,238.5,235.0,236.5,48323,11436972,TWSE_RWD_JSON_MI_INDEX
20240828,6937,天虹,TWSE,278.0,284.5,274.5,276.5,888951,247047147,TWSE_RWD_JSON_MI_INDEX
20240828,6949,沛爾生醫-創,TWSE,96.5,99.2,96.5,99.2,10000,985300,TWSE_RWD_JSON_MI_INDEX
20240828,6951,青新-創,TWSE,59.0,59.1,58.5,59.1,58035,3412589,TWSE_RWD_JSON_MI_INDEX
20240828,6952,大武山,TWSE,51.0,51.2,51.0,51.0,16157,825050,TWSE_RWD_JSON_MI_INDEX
20240828,6957,裕慶-KY,TWSE,251.0,273.0,251.0,267.0,917186,244659725,TWSE_RWD_JSON_MI_INDEX
20240828,6958,日盛台駿,TWSE,31.05,32.0,30.9,31.85,569774,18020039,TWSE_RWD_JSON_MI_INDEX
20240828,8011,台通,TWSE,26.3,28.6,26.15,28.35,15640338,439221562,TWSE_RWD_JSON_MI_INDEX
20240828,8016,矽創,TWSE,231.0,233.0,228.5,230.5,283492,65332085,TWSE_RWD_JSON_MI_INDEX
20240828,8021,尖點,TWSE,40.35,40.35,38.7,39.25,4317717,169746103,TWSE_RWD_JSON_MI_INDEX
20240828,8028,昇陽半導體,TWSE,137.0,139.0,133.0,133.5,28632677,3883941998,TWSE_RWD_JSON_MI_INDEX
20240828,8033,雷虎,TWSE,60.6,60.9,60.1,60.2,818196,49406802,TWSE_RWD_JSON_MI_INDEX
20240828,8039,台虹,TWSE,73.0,73.4,69.3,70.1,43819250,3104418442,TWSE_RWD_JSON_MI_INDEX
20240828,8046,南電,TWSE,147.0,147.5,145.0,145.5,824706,120501382,TWSE_RWD_JSON_MI_INDEX
20240828,8070,長華*,TWSE,59.9,59.9,57.1,57.9,15905265,927575890,TWSE_RWD_JSON_MI_INDEX
20240828,8072,陞泰,TWSE,27.6,27.7,27.35,27.6,132282,3645464,TWSE_RWD_JSON_MI_INDEX
20240828,8081,致新,TWSE,229.0,229.0,226.0,227.0,397895,90463955,TWSE_RWD_JSON_MI_INDEX
20240828,8103,瀚荃,TWSE,71.7,71.7,68.4,68.9,1942061,135315290,TWSE_RWD_JSON_MI_INDEX
20240828,8104,錸寶,TWSE,42.9,45.35,42.7,44.25,4800928,213164111,TWSE_RWD_JSON_MI_INDEX
20240828,8105,凌巨,TWSE,18.2,18.4,17.95,17.95,2356914,42675680,TWSE_RWD_JSON_MI_INDEX
20240828,8110,華東,TWSE,17.8,17.9,17.7,17.9,1264505,22525595,TWSE_RWD_JSON_MI_INDEX
20240828,8112,至上,TWSE,74.2,74.3,73.5,73.5,1058056,78004045,TWSE_RWD_JSON_MI_INDEX
20240828,8114,振樺電,TWSE,181.0,184.0,180.5,181.5,179026,32574673,TWSE_RWD_JSON_MI_INDEX
20240828,8131,福懋科,TWSE,36.55,36.65,36.35,36.4,135690,4950478,TWSE_RWD_JSON_MI_INDEX
20240828,8150,南茂,TWSE,37.5,37.95,37.35,37.4,2423112,90908563,TWSE_RWD_JSON_MI_INDEX
20240828,8162,微矽電子-創,TWSE,37.8,37.8,37.8,37.8,18000,680400,TWSE_RWD_JSON_MI_INDEX
20240828,8163,達方,TWSE,52.0,52.3,51.8,51.9,245216,12770101,TWSE_RWD_JSON_MI_INDEX
20240828,8201,無敵,TWSE,17.35,17.35,17.15,17.3,50711,875597,TWSE_RWD_JSON_MI_INDEX
20240828,8210,勤誠,TWSE,304.0,304.0,295.0,300.0,1768186,528499515,TWSE_RWD_JSON_MI_INDEX
20240828,8213,志超,TWSE,37.5,37.5,37.2,37.3,244863,9144511,TWSE_RWD_JSON_MI_INDEX
20240828,8215,明基材,TWSE,29.25,29.5,29.25,29.3,161330,4736261,TWSE_RWD_JSON_MI_INDEX
20240828,8222,寶一,TWSE,35.85,36.05,35.5,35.75,153161,5488240,TWSE_RWD_JSON_MI_INDEX
20240828,8249,菱光,TWSE,32.4,33.4,32.0,32.65,2594945,84896138,TWSE_RWD_JSON_MI_INDEX
20240828,8261,富鼎,TWSE,78.7,78.8,77.7,78.3,176443,13842463,TWSE_RWD_JSON_MI_INDEX
20240828,8271,宇瞻,TWSE,54.9,55.4,54.6,55.3,231461,12753958,TWSE_RWD_JSON_MI_INDEX
20240828,8341,日友,TWSE,94.7,95.1,94.7,94.9,48199,4573595,TWSE_RWD_JSON_MI_INDEX
20240828,8367,建新國際,TWSE,51.7,51.7,51.3,51.4,25234,1298985,TWSE_RWD_JSON_MI_INDEX
20240828,8374,羅昇,TWSE,151.5,153.0,143.0,144.5,17164272,2525915758,TWSE_RWD_JSON_MI_INDEX
20240828,8404,百和興業-KY,TWSE,18.1,18.55,18.1,18.3,283596,5218692,TWSE_RWD_JSON_MI_INDEX
20240828,8411,福貞-KY,TWSE,14.35,14.35,14.15,14.3,38197,543901,TWSE_RWD_JSON_MI_INDEX
20240828,8422,可寧衛*,TWSE,189.0,191.0,189.0,190.0,451866,85948989,TWSE_RWD_JSON_MI_INDEX
20240828,8429,金麗-KY,TWSE,9.58,9.89,9.58,9.78,197218,1918555,TWSE_RWD_JSON_MI_INDEX
20240828,8438,昶昕,TWSE,49.8,49.8,47.3,47.8,1028462,49622212,TWSE_RWD_JSON_MI_INDEX
20240828,8442,威宏-KY,TWSE,115.0,115.5,114.5,115.0,45327,5217576,TWSE_RWD_JSON_MI_INDEX
20240828,8443,阿瘦,TWSE,11.65,11.7,11.55,11.7,37154,432301,TWSE_RWD_JSON_MI_INDEX
20240828,8454,富邦媒,TWSE,393.5,394.5,392.0,392.0,128083,50318464,TWSE_RWD_JSON_MI_INDEX
20240828,8462,柏文,TWSE,123.0,125.0,121.5,123.0,117306,14498272,TWSE_RWD_JSON_MI_INDEX
20240828,8463,潤泰材,TWSE,28.6,28.65,28.25,28.45,135728,3859332,TWSE_RWD_JSON_MI_INDEX
20240828,8464,億豐,TWSE,460.0,481.5,460.0,471.0,424536,200865457,TWSE_RWD_JSON_MI_INDEX
20240828,8466,美吉吉-KY,TWSE,58.4,59.4,56.8,57.3,215168,12388462,TWSE_RWD_JSON_MI_INDEX
20240828,8467,波力-KY,TWSE,230.0,231.5,224.0,227.0,205361,46723642,TWSE_RWD_JSON_MI_INDEX
20240828,8473,山林水,TWSE,45.3,46.55,45.05,45.65,4207772,192436389,TWSE_RWD_JSON_MI_INDEX
20240828,8476,台境*,TWSE,59.9,59.9,58.7,58.9,43324,2556699,TWSE_RWD_JSON_MI_INDEX
20240828,8478,東哥遊艇,TWSE,311.0,313.0,309.5,310.5,223289,69594638,TWSE_RWD_JSON_MI_INDEX
20240828,8481,政伸,TWSE,50.3,51.0,50.1,50.4,14257,719225,TWSE_RWD_JSON_MI_INDEX
20240828,8482,商億-KY,TWSE,64.5,64.5,64.5,64.5,1000,64500,TWSE_RWD_JSON_MI_INDEX
20240828,8487,愛爾達-創,TWSE,79.0,79.0,75.0,75.0,8010,611660,TWSE_RWD_JSON_MI_INDEX
20240828,8488,吉源-KY,TWSE,16.05,16.05,16.05,16.05,2068,33164,TWSE_RWD_JSON_MI_INDEX
20240828,8499,鼎炫-KY,TWSE,123.0,124.0,122.5,123.0,92464,11399732,TWSE_RWD_JSON_MI_INDEX
20240828,8926,台汽電,TWSE,45.35,45.35,44.95,45.0,371461,16749184,TWSE_RWD_JSON_MI_INDEX
20240828,8940,新天地,TWSE,22.85,22.95,22.8,22.85,57393,1314159,TWSE_RWD_JSON_MI_INDEX
20240828,8996,高力,TWSE,379.0,382.5,369.5,374.0,2679016,1006256180,TWSE_RWD_JSON_MI_INDEX
20240828,9103,美德醫療-DR,TWSE,7.05,7.08,7.01,7.07,206619,1458645,TWSE_RWD_JSON_MI_INDEX
20240828,910322,康師傅-DR,TWSE,20.6,21.1,20.4,20.65,88003,1824120,TWSE_RWD_JSON_MI_INDEX
20240828,9105,泰金寶-DR,TWSE,5.36,5.75,5.36,5.67,11697397,65070607,TWSE_RWD_JSON_MI_INDEX
20240828,910861,神州-DR,TWSE,6.55,6.55,6.45,6.45,9000,58590,TWSE_RWD_JSON_MI_INDEX
20240828,9110,越南控-DR,TWSE,7.16,7.18,7.15,7.18,133000,951280,TWSE_RWD_JSON_MI_INDEX
20240828,911608,明輝-DR,TWSE,3.48,3.48,3.44,3.47,55089,189997,TWSE_RWD_JSON_MI_INDEX
20240828,911622,泰聚亨-DR,TWSE,5.14,5.34,5.12,5.34,94000,486430,TWSE_RWD_JSON_MI_INDEX
20240828,911868,同方友友-DR,TWSE,1.6,1.61,1.56,1.6,334000,525720,TWSE_RWD_JSON_MI_INDEX
20240828,912000,晨訊科-DR,TWSE,3.21,3.21,3.12,3.15,989829,3124990,TWSE_RWD_JSON_MI_INDEX
20240828,9136,巨騰-DR,TWSE,6.48,6.54,6.42,6.48,210351,1360777,TWSE_RWD_JSON_MI_INDEX
20240828,9802,鈺齊-KY,TWSE,121.0,121.0,119.5,120.0,151365,18168632,TWSE_RWD_JSON_MI_INDEX
20240828,9902,台火,TWSE,21.45,22.1,21.15,21.3,1188520,25646279,TWSE_RWD_JSON_MI_INDEX
20240828,9904,寶成,TWSE,34.7,34.8,34.5,34.8,4240030,147040859,TWSE_RWD_JSON_MI_INDEX
20240828,9905,大華,TWSE,22.95,23.0,22.95,23.0,96080,2207668,TWSE_RWD_JSON_MI_INDEX
20240828,9906,欣巴巴,TWSE,210.0,213.0,199.0,199.0,2108598,430998019,TWSE_RWD_JSON_MI_INDEX
20240828,9907,統一實,TWSE,16.4,16.45,16.25,16.25,1932621,31539751,TWSE_RWD_JSON_MI_INDEX
20240828,9908,大台北,TWSE,30.9,30.9,30.8,30.85,262266,8092078,TWSE_RWD_JSON_MI_INDEX
20240828,9910,豐泰,TWSE,145.0,147.0,145.0,146.5,613218,89592807,TWSE_RWD_JSON_MI_INDEX
20240828,9911,櫻花,TWSE,89.0,89.7,88.6,89.2,256520,22847670,TWSE_RWD_JSON_MI_INDEX
20240828,9912,偉聯,TWSE,13.4,13.5,13.15,13.15,209492,2795786,TWSE_RWD_JSON_MI_INDEX
20240828,9914,美利達,TWSE,243.0,244.0,238.5,242.0,361583,87189773,TWSE_RWD_JSON_MI_INDEX
20240828,9917,中保科,TWSE,144.0,145.5,143.5,145.5,196962,28502776,TWSE_RWD_JSON_MI_INDEX
20240828,9918,欣天然,TWSE,41.15,41.6,41.15,41.6,5423,224179,TWSE_RWD_JSON_MI_INDEX
20240828,9919,康那香,TWSE,20.5,21.35,20.5,21.2,3497844,73366020,TWSE_RWD_JSON_MI_INDEX
20240828,9921,巨大,TWSE,238.5,241.0,235.5,240.0,631592,150621602,TWSE_RWD_JSON_MI_INDEX
20240828,9924,福興,TWSE,55.0,55.1,54.5,54.5,120892,6625289,TWSE_RWD_JSON_MI_INDEX
20240828,9925,新保,TWSE,41.65,41.65,41.35,41.4,185823,7714068,TWSE_RWD_JSON_MI_INDEX
20240828,9926,新海,TWSE,54.6,55.0,54.4,54.6,13000,711100,TWSE_RWD_JSON_MI_INDEX
20240828,9927,泰銘,TWSE,77.9,78.1,77.6,77.8,302297,23528417,TWSE_RWD_JSON_MI_INDEX
20240828,9928,中視,TWSE,19.8,20.05,19.65,19.75,86753,1715185,TWSE_RWD_JSON_MI_INDEX
20240828,9929,秋雨,TWSE,17.2,17.2,16.65,17.05,75800,1289920,TWSE_RWD_JSON_MI_INDEX
20240828,9930,中聯資源,TWSE,66.4,66.6,66.2,66.4,68800,4560397,TWSE_RWD_JSON_MI_INDEX
20240828,9931,欣高,TWSE,35.45,35.45,35.35,35.4,9318,329969,TWSE_RWD_JSON_MI_INDEX
20240828,9933,中鼎,TWSE,48.7,48.95,48.3,48.6,1116228,54217333,TWSE_RWD_JSON_MI_INDEX
20240828,9934,成霖,TWSE,19.1,20.0,19.0,19.4,3517628,68940958,TWSE_RWD_JSON_MI_INDEX
20240828,9935,慶豐富,TWSE,30.0,31.25,29.75,30.8,1349978,41368450,TWSE_RWD_JSON_MI_INDEX
20240828,9937,全國,TWSE,65.7,65.8,65.5,65.8,18222,1197160,TWSE_RWD_JSON_MI_INDEX
20240828,9938,百和,TWSE,61.4,61.4,60.7,60.9,750399,45803398,TWSE_RWD_JSON_MI_INDEX
20240828,9939,宏全,TWSE,159.0,160.0,158.0,159.0,312213,49694073,TWSE_RWD_JSON_MI_INDEX
20240828,9940,信義,TWSE,32.8,32.9,32.6,32.75,151461,4961658,TWSE_RWD_JSON_MI_INDEX
20240828,9941,裕融,TWSE,145.0,145.5,143.5,144.0,385298,55547950,TWSE_RWD_JSON_MI_INDEX
20240828,9942,茂順,TWSE,112.0,112.0,111.0,111.5,60489,6751598,TWSE_RWD_JSON_MI_INDEX
20240828,9943,好樂迪,TWSE,83.0,83.1,82.6,83.0,41125,3409444,TWSE_RWD_JSON_MI_INDEX
20240828,9944,新麗,TWSE,20.8,20.85,20.7,20.8,102121,2121990,TWSE_RWD_JSON_MI_INDEX
20240828,9945,潤泰新,TWSE,48.4,48.65,48.1,48.65,4414552,213545995,TWSE_RWD_JSON_MI_INDEX
20240828,9946,三發地產,TWSE,37.6,38.35,37.5,37.6,401090,15120012,TWSE_RWD_JSON_MI_INDEX
20240828,9955,佳龍,TWSE,37.9,38.05,37.0,37.05,2300513,86052290,TWSE_RWD_JSON_MI_INDEX
20240828,9958,世紀鋼,TWSE,240.0,253.5,234.5,243.5,30015527,7333446561,TWSE_RWD_JSON_MI_INDEX
