date,stock_id,stock_name,market,open,high,low,close,volume,trading_value,source
20240110,006201,元大富櫃50,TPEx,19.63,19.65,19.61,19.61,81000,1588520,TPEX_OTC_QUOTES_NO1430_JSON
20240110,00858,永豐美國500大,TPEx,28.65,28.7,28.63,28.66,683000,19583160,TPEX_OTC_QUOTES_NO1430_JSON
20240110,00877,復華中國5G,TPEx,9.1,9.14,8.98,9.1,2397000,21703890,TPEX_OTC_QUOTES_NO1430_JSON
20240110,00886,永豐美國科技,TPEx,27.04,27.04,27.03,27.03,3000,81100,TPEX_OTC_QUOTES_NO1430_JSON
20240110,00887,永豐中國科技50大,TPEx,10.59,10.6,10.58,10.6,13000,137660,TPEX_OTC_QUOTES_NO1430_JSON
20240110,00888,永豐台灣ESG,TPEx,14.11,14.13,14.08,14.1,2645000,37295770,TPEX_OTC_QUOTES_NO1430_JSON
20240110,00928,中信上櫃ESG 30,TPEx,16.07,16.08,15.98,16.07,981000,15722450,TPEX_OTC_QUOTES_NO1430_JSON
20240110,020001,富邦存股雙十N,TPEx,9.77,9.79,9.75,9.79,9000,87860,TPEX_OTC_QUOTES_NO1430_JSON
20240110,020023,元大櫃買半導體N,TPEx,5.92,5.97,5.92,5.97,37000,220690,TPEX_OTC_QUOTES_NO1430_JSON
20240110,020025,統一亞洲半導體N,TPEx,8.47,8.49,8.47,8.49,16000,135570,TPEX_OTC_QUOTES_NO1430_JSON
20240110,020026,兆豐上櫃ESG電菁N,TPEx,5.37,5.37,5.37,5.37,18000,96660,TPEX_OTC_QUOTES_NO1430_JSON
20240110,020027,元大上櫃ESG成長N,TPEx,5.36,5.39,5.36,5.39,119000,640240,TPEX_OTC_QUOTES_NO1430_JSON
20240110,020033,統一恒生科期N,TPEx,3.02,3.05,3.02,3.05,13000,39470,TPEX_OTC_QUOTES_NO1430_JSON
20240110,020035,元大上櫃ESG高息N,TPEx,6.73,6.75,6.73,6.74,10000,67360,TPEX_OTC_QUOTES_NO1430_JSON
20240110,020040,元大上櫃ESG龍頭N,TPEx,4.74,4.76,4.73,4.76,34000,161380,TPEX_OTC_QUOTES_NO1430_JSON
20240110,1240,茂生農經,TPEx,47.65,47.8,47.65,47.65,12000,572150,TPEX_OTC_QUOTES_NO1430_JSON
20240110,1259,安心,TPEx,76.6,76.7,76.3,76.5,11000,841300,TPEX_OTC_QUOTES_NO1430_JSON
20240110,1264,德麥,TPEx,293.0,293.0,293.0,293.0,2000,586000,TPEX_OTC_QUOTES_NO1430_JSON
20240110,1268,漢來美食,TPEx,158.5,158.5,156.5,156.5,62000,9757000,TPEX_OTC_QUOTES_NO1430_JSON
20240110,1336,台翰,TPEx,20.7,21.0,20.7,20.75,31000,644400,TPEX_OTC_QUOTES_NO1430_JSON
20240110,1565,精華,TPEx,188.0,188.0,186.0,186.0,117000,21865000,TPEX_OTC_QUOTES_NO1430_JSON
20240110,1569,濱川,TPEx,23.6,24.05,23.5,23.6,265000,6266700,TPEX_OTC_QUOTES_NO1430_JSON
20240110,1570,力肯,TPEx,21.3,21.45,21.3,21.4,52000,1109850,TPEX_OTC_QUOTES_NO1430_JSON
20240110,1580,新麥,TPEx,151.0,153.0,149.0,150.0,303000,45763000,TPEX_OTC_QUOTES_NO1430_JSON
20240110,1584,精剛,TPEx,34.9,35.7,34.35,34.4,4198000,146805900,TPEX_OTC_QUOTES_NO1430_JSON
20240110,1586,和勤,TPEx,31.9,32.1,31.6,31.8,56000,1779500,TPEX_OTC_QUOTES_NO1430_JSON
20240110,1591,駿吉-KY,TPEx,47.15,47.5,45.6,45.6,532000,24607100,TPEX_OTC_QUOTES_NO1430_JSON
20240110,1593,祺驊,TPEx,51.5,52.0,51.0,51.5,38000,1955100,TPEX_OTC_QUOTES_NO1430_JSON
20240110,1595,川寶,TPEx,37.75,37.75,37.5,37.55,22000,826600,TPEX_OTC_QUOTES_NO1430_JSON
20240110,1599,宏佳騰,TPEx,35.35,35.4,35.2,35.2,32000,1130200,TPEX_OTC_QUOTES_NO1430_JSON
20240110,1742,台蠟,TPEx,17.2,17.3,17.1,17.2,32000,549900,TPEX_OTC_QUOTES_NO1430_JSON
20240110,1777,生泰,TPEx,84.6,84.6,84.2,84.3,20000,1688600,TPEX_OTC_QUOTES_NO1430_JSON
20240110,1781,合世,TPEx,16.35,16.85,16.3,16.5,165000,2731050,TPEX_OTC_QUOTES_NO1430_JSON
20240110,1784,訊聯,TPEx,58.2,58.2,56.5,56.8,156000,8874900,TPEX_OTC_QUOTES_NO1430_JSON
20240110,1785,光洋科,TPEx,37.7,38.3,37.55,38.0,977000,37049650,TPEX_OTC_QUOTES_NO1430_JSON
20240110,1788,杏昌,TPEx,134.5,135.0,134.5,134.5,16000,2156000,TPEX_OTC_QUOTES_NO1430_JSON
20240110,1796,金穎生技,TPEx,72.6,72.6,71.0,71.0,75000,5373300,TPEX_OTC_QUOTES_NO1430_JSON
20240110,1799,易威,TPEx,39.0,39.55,38.8,39.5,58000,2275550,TPEX_OTC_QUOTES_NO1430_JSON
20240110,1813,寶利徠,TPEx,20.25,20.45,20.25,20.4,8000,162700,TPEX_OTC_QUOTES_NO1430_JSON
20240110,1815,富喬,TPEx,14.7,14.9,14.45,14.65,7627000,111381850,TPEX_OTC_QUOTES_NO1430_JSON
20240110,2035,唐榮公司,TPEx,32.55,32.85,32.55,32.65,6000,196400,TPEX_OTC_QUOTES_NO1430_JSON
20240110,2061,風青,TPEx,15.3,15.35,15.3,15.35,37000,567800,TPEX_OTC_QUOTES_NO1430_JSON
20240110,2063,世鎧精密,TPEx,52.2,52.5,52.2,52.5,24000,1257500,TPEX_OTC_QUOTES_NO1430_JSON
20240110,2064,晉椿,TPEx,16.35,16.75,16.3,16.35,18000,296950,TPEX_OTC_QUOTES_NO1430_JSON
20240110,2065,世豐,TPEx,61.0,61.4,60.7,60.8,92000,5607000,TPEX_OTC_QUOTES_NO1430_JSON
20240110,2066,世德,TPEx,85.5,86.8,85.0,85.6,70000,5991200,TPEX_OTC_QUOTES_NO1430_JSON
20240110,2067,嘉鋼,TPEx,13.3,13.3,13.3,13.3,1000,13300,TPEX_OTC_QUOTES_NO1430_JSON
20240110,2070,精湛,TPEx,36.85,37.0,35.15,35.5,173000,6195050,TPEX_OTC_QUOTES_NO1430_JSON
20240110,2073,雄順,TPEx,29.75,29.85,29.7,29.7,6000,178550,TPEX_OTC_QUOTES_NO1430_JSON
20240110,2221,大甲,TPEx,35.75,35.75,35.65,35.65,7000,250050,TPEX_OTC_QUOTES_NO1430_JSON
20240110,2230,泰茂,TPEx,145.5,150.0,144.0,148.5,2117000,311078500,TPEX_OTC_QUOTES_NO1430_JSON
20240110,2235,謚源,TPEx,44.35,45.9,44.3,45.9,15000,672000,TPEX_OTC_QUOTES_NO1430_JSON
20240110,2596,綠意,TPEx,28.7,28.7,28.2,28.5,277000,7856600,TPEX_OTC_QUOTES_NO1430_JSON
20240110,2640,大車隊,TPEx,108.0,109.0,107.0,108.0,32000,3464500,TPEX_OTC_QUOTES_NO1430_JSON
20240110,2641,正德,TPEx,20.7,20.85,19.9,20.2,8692000,175962850,TPEX_OTC_QUOTES_NO1430_JSON
20240110,2643,捷迅,TPEx,75.4,76.0,74.1,75.5,206000,15432500,TPEX_OTC_QUOTES_NO1430_JSON
20240110,2719,燦星旅,TPEx,61.5,61.7,61.4,61.6,17000,1047500,TPEX_OTC_QUOTES_NO1430_JSON
20240110,2729,瓦城,TPEx,240.0,240.0,237.5,238.0,109000,26027000,TPEX_OTC_QUOTES_NO1430_JSON
20240110,2732,六角,TPEx,126.5,127.5,123.5,126.0,383000,48122000,TPEX_OTC_QUOTES_NO1430_JSON
20240110,2734,易飛網,TPEx,44.8,44.85,43.5,43.55,148000,6467050,TPEX_OTC_QUOTES_NO1430_JSON
20240110,2736,富野,TPEx,29.5,29.75,28.55,29.1,917000,26710800,TPEX_OTC_QUOTES_NO1430_JSON
20240110,2743,山富,TPEx,131.5,132.0,127.5,128.0,473000,60991500,TPEX_OTC_QUOTES_NO1430_JSON
20240110,2745,五福,TPEx,90.4,90.4,86.8,87.2,381000,33502900,TPEX_OTC_QUOTES_NO1430_JSON
20240110,2752,豆府,TPEx,270.0,270.0,270.0,270.0,2000,540000,TPEX_OTC_QUOTES_NO1430_JSON
20240110,2754,亞洲藏壽司,TPEx,120.5,120.5,119.0,119.5,47000,5622000,TPEX_OTC_QUOTES_NO1430_JSON
20240110,2755,揚秦,TPEx,112.0,112.5,111.5,112.0,14000,1565500,TPEX_OTC_QUOTES_NO1430_JSON
20240110,2756,聯發國際,TPEx,85.7,85.7,85.0,85.0,19000,1618000,TPEX_OTC_QUOTES_NO1430_JSON
20240110,2916,滿心,TPEx,50.7,51.0,50.3,50.8,128000,6479000,TPEX_OTC_QUOTES_NO1430_JSON
20240110,2926,誠品生活,TPEx,65.2,65.5,65.0,65.2,21000,1369000,TPEX_OTC_QUOTES_NO1430_JSON
20240110,2937,集雅社,TPEx,31.6,32.7,31.6,32.7,28000,905100,TPEX_OTC_QUOTES_NO1430_JSON
20240110,2947,振宇五金,TPEx,78.5,78.5,78.2,78.2,7000,548500,TPEX_OTC_QUOTES_NO1430_JSON
20240110,2948,寶陞,TPEx,68.9,69.3,68.0,68.5,31000,2124000,TPEX_OTC_QUOTES_NO1430_JSON
20240110,2949,欣新網,TPEx,120.0,121.0,118.0,120.0,72000,8625500,TPEX_OTC_QUOTES_NO1430_JSON
20240110,3064,泰偉,TPEx,11.4,11.4,10.9,10.9,4000,44100,TPEX_OTC_QUOTES_NO1430_JSON
20240110,3066,李洲,TPEx,19.55,21.25,19.35,21.25,1101000,22867550,TPEX_OTC_QUOTES_NO1430_JSON
20240110,3067,全域,TPEx,36.15,36.15,36.15,36.15,1000,36150,TPEX_OTC_QUOTES_NO1430_JSON
20240110,3071,協禧,TPEx,33.0,33.1,32.1,32.1,480000,15601500,TPEX_OTC_QUOTES_NO1430_JSON
20240110,3073,天方能源,TPEx,25.15,25.65,25.0,25.0,5000,126900,TPEX_OTC_QUOTES_NO1430_JSON
20240110,3078,僑威,TPEx,77.6,78.2,76.9,77.4,3036000,235354500,TPEX_OTC_QUOTES_NO1430_JSON
20240110,3081,聯亞,TPEx,100.5,101.5,100.0,100.5,293000,29509500,TPEX_OTC_QUOTES_NO1430_JSON
20240110,3083,網龍,TPEx,45.55,45.6,45.0,45.3,112000,5061350,TPEX_OTC_QUOTES_NO1430_JSON
20240110,3085,新零售,TPEx,11.7,11.7,11.1,11.25,15000,173350,TPEX_OTC_QUOTES_NO1430_JSON
20240110,3086,華義*,TPEx,175.0,177.0,156.0,156.0,2042000,341066000,TPEX_OTC_QUOTES_NO1430_JSON
20240110,3088,艾訊,TPEx,83.5,83.5,79.3,82.0,1876000,153228600,TPEX_OTC_QUOTES_NO1430_JSON
20240110,3093,港建*,TPEx,31.0,31.0,30.7,30.95,50000,1541300,TPEX_OTC_QUOTES_NO1430_JSON
20240110,3095,及成,TPEx,30.2,30.2,30.2,30.2,1000,30200,TPEX_OTC_QUOTES_NO1430_JSON
20240110,3105,穩懋,TPEx,148.5,149.5,147.0,148.0,1016000,150768500,TPEX_OTC_QUOTES_NO1430_JSON
20240110,3114,好德,TPEx,26.6,26.75,26.55,26.7,29000,771850,TPEX_OTC_QUOTES_NO1430_JSON
20240110,3115,富榮綱,TPEx,10.35,10.35,10.3,10.3,3000,30950,TPEX_OTC_QUOTES_NO1430_JSON
20240110,3118,進階,TPEx,30.4,30.65,30.1,30.4,57000,1728500,TPEX_OTC_QUOTES_NO1430_JSON
20240110,3122,笙泉,TPEx,42.1,42.65,41.7,42.1,545000,22955500,TPEX_OTC_QUOTES_NO1430_JSON
20240110,3128,昇銳,TPEx,29.15,29.5,28.5,28.5,78000,2249050,TPEX_OTC_QUOTES_NO1430_JSON
20240110,3131,弘塑,TPEx,548.0,554.0,537.0,541.0,311000,168461000,TPEX_OTC_QUOTES_NO1430_JSON
20240110,3141,晶宏,TPEx,94.4,94.6,93.2,94.0,451000,42246900,TPEX_OTC_QUOTES_NO1430_JSON
20240110,3147,大綜,TPEx,90.6,91.3,90.3,90.6,140000,12709700,TPEX_OTC_QUOTES_NO1430_JSON
20240110,3152,璟德,TPEx,230.0,230.0,225.5,226.0,67000,15212000,TPEX_OTC_QUOTES_NO1430_JSON
20240110,3162,精確,TPEx,45.75,45.75,44.9,44.9,956000,43125700,TPEX_OTC_QUOTES_NO1430_JSON
20240110,3163,波若威,TPEx,86.0,87.2,85.7,86.3,788000,67988300,TPEX_OTC_QUOTES_NO1430_JSON
20240110,3169,亞信,TPEx,124.0,125.5,122.0,125.0,198000,24667000,TPEX_OTC_QUOTES_NO1430_JSON
20240110,3171,炎洲流通,TPEx,20.3,20.3,20.05,20.1,190000,3829000,TPEX_OTC_QUOTES_NO1430_JSON
20240110,3176,基亞,TPEx,42.05,42.7,41.9,42.55,274000,11554600,TPEX_OTC_QUOTES_NO1430_JSON
20240110,3178,公準,TPEx,100.0,101.0,97.5,97.5,790000,78266800,TPEX_OTC_QUOTES_NO1430_JSON
20240110,3188,鑫龍騰,TPEx,16.9,16.95,16.8,16.9,144000,2433650,TPEX_OTC_QUOTES_NO1430_JSON
20240110,3191,雲嘉南,TPEx,10.6,10.6,10.6,10.6,60000,636000,TPEX_OTC_QUOTES_NO1430_JSON
20240110,3202,樺晟,TPEx,14.6,14.75,14.1,14.2,808000,11625350,TPEX_OTC_QUOTES_NO1430_JSON
20240110,3205,佰研,TPEx,47.1,47.1,46.35,46.5,153000,7129600,TPEX_OTC_QUOTES_NO1430_JSON
20240110,3206,志豐,TPEx,44.0,44.6,43.8,44.05,106000,4658850,TPEX_OTC_QUOTES_NO1430_JSON
20240110,3207,耀勝,TPEx,81.2,81.6,77.7,77.8,1178000,93934300,TPEX_OTC_QUOTES_NO1430_JSON
20240110,3211,順達,TPEx,85.1,85.1,84.0,84.3,640000,54035300,TPEX_OTC_QUOTES_NO1430_JSON
20240110,3213,茂訊,TPEx,80.9,81.5,80.5,81.4,216000,17486400,TPEX_OTC_QUOTES_NO1430_JSON
20240110,3217,優群,TPEx,167.5,171.0,164.0,165.0,1837000,305663500,TPEX_OTC_QUOTES_NO1430_JSON
20240110,3218,大學光,TPEx,274.0,276.0,272.0,275.0,203000,55629500,TPEX_OTC_QUOTES_NO1430_JSON
20240110,3219,倚強科,TPEx,47.6,47.6,45.3,46.55,10000,461700,TPEX_OTC_QUOTES_NO1430_JSON
20240110,3221,台嘉碩,TPEx,26.8,27.1,26.5,26.6,364000,9757450,TPEX_OTC_QUOTES_NO1430_JSON
20240110,3224,三顧,TPEx,39.95,40.2,39.75,39.75,123000,4906250,TPEX_OTC_QUOTES_NO1430_JSON
20240110,3226,龍鋒,TPEx,60.0,60.7,60.0,60.6,5000,301300,TPEX_OTC_QUOTES_NO1430_JSON
20240110,3227,原相,TPEx,149.5,151.0,148.0,148.5,923000,137710000,TPEX_OTC_QUOTES_NO1430_JSON
20240110,3228,金麗科,TPEx,343.0,362.0,340.5,352.0,1888000,667112500,TPEX_OTC_QUOTES_NO1430_JSON
20240110,3230,錦明,TPEx,9.19,9.19,8.7,8.79,746000,6616750,TPEX_OTC_QUOTES_NO1430_JSON
20240110,3232,昱捷,TPEx,25.15,25.9,24.6,25.5,789000,20000000,TPEX_OTC_QUOTES_NO1430_JSON
20240110,3234,光環,TPEx,25.75,26.3,25.5,25.85,345000,8941300,TPEX_OTC_QUOTES_NO1430_JSON
20240110,3236,千如,TPEx,21.5,21.5,21.0,21.2,85000,1800900,TPEX_OTC_QUOTES_NO1430_JSON
20240110,3252,海灣,TPEx,21.15,21.2,20.95,21.05,77000,1621450,TPEX_OTC_QUOTES_NO1430_JSON
20240110,3260,威剛,TPEx,95.3,96.3,94.1,96.2,3790000,361515300,TPEX_OTC_QUOTES_NO1430_JSON
20240110,3264,欣銓,TPEx,71.3,72.8,70.5,71.8,7165000,513416900,TPEX_OTC_QUOTES_NO1430_JSON
20240110,3265,台星科,TPEx,93.3,93.9,92.8,93.1,1193000,111382700,TPEX_OTC_QUOTES_NO1430_JSON
20240110,3268,海德威,TPEx,25.35,25.6,24.8,25.1,179000,4510300,TPEX_OTC_QUOTES_NO1430_JSON
20240110,3272,東碩,TPEx,34.1,34.5,33.55,33.9,93000,3156200,TPEX_OTC_QUOTES_NO1430_JSON
20240110,3276,宇環,TPEx,22.1,22.1,21.85,21.9,561000,12311000,TPEX_OTC_QUOTES_NO1430_JSON
20240110,3284,太普高,TPEx,19.5,19.7,18.5,18.5,636000,12053850,TPEX_OTC_QUOTES_NO1430_JSON
20240110,3285,微端,TPEx,25.65,25.8,25.1,25.5,49000,1246800,TPEX_OTC_QUOTES_NO1430_JSON
20240110,3287,廣寰科,TPEx,41.85,43.3,39.6,43.3,34681000,1450908650,TPEX_OTC_QUOTES_NO1430_JSON
20240110,3288,點晶,TPEx,37.05,37.25,35.8,36.4,177000,6477550,TPEX_OTC_QUOTES_NO1430_JSON
20240110,3289,宜特,TPEx,91.2,91.6,89.9,90.2,444000,40146400,TPEX_OTC_QUOTES_NO1430_JSON
20240110,3290,東浦,TPEx,26.9,27.05,26.75,26.95,502000,13503650,TPEX_OTC_QUOTES_NO1430_JSON
20240110,3293,鈊象,TPEx,762.0,777.0,753.0,773.0,1647000,1263016000,TPEX_OTC_QUOTES_NO1430_JSON
20240110,3294,英濟,TPEx,18.95,18.95,18.6,18.8,100000,1876150,TPEX_OTC_QUOTES_NO1430_JSON
20240110,3297,杭特,TPEx,17.3,17.3,17.2,17.2,11000,189400,TPEX_OTC_QUOTES_NO1430_JSON
20240110,3303,岱稜,TPEx,29.5,30.0,28.9,29.3,288000,8453600,TPEX_OTC_QUOTES_NO1430_JSON
20240110,3306,鼎天,TPEx,48.6,48.6,47.5,47.55,201000,9586000,TPEX_OTC_QUOTES_NO1430_JSON
20240110,3310,佳穎,TPEx,102.0,102.5,101.5,102.5,30000,3062000,TPEX_OTC_QUOTES_NO1430_JSON
20240110,3313,斐成,TPEx,11.05,11.1,11.0,11.0,92000,1014900,TPEX_OTC_QUOTES_NO1430_JSON
20240110,3317,尼克森,TPEx,57.0,57.3,56.2,56.4,303000,17177500,TPEX_OTC_QUOTES_NO1430_JSON
20240110,3322,建舜電,TPEx,21.1,21.25,21.0,21.05,642000,13545900,TPEX_OTC_QUOTES_NO1430_JSON
20240110,3323,加百裕,TPEx,29.0,29.05,28.6,29.0,152000,4374350,TPEX_OTC_QUOTES_NO1430_JSON
20240110,3324,雙鴻,TPEx,317.0,325.0,317.0,321.5,1993000,639578500,TPEX_OTC_QUOTES_NO1430_JSON
20240110,3325,旭品,TPEx,38.45,38.55,37.7,37.8,1817000,69088050,TPEX_OTC_QUOTES_NO1430_JSON
20240110,3332,幸康,TPEx,43.5,45.4,42.55,43.8,54000,2381650,TPEX_OTC_QUOTES_NO1430_JSON
20240110,3339,泰谷,TPEx,20.05,20.9,19.65,20.35,3033000,61819250,TPEX_OTC_QUOTES_NO1430_JSON
20240110,3349,寶德,TPEx,21.55,21.55,20.95,21.55,468000,10045600,TPEX_OTC_QUOTES_NO1430_JSON
20240110,3354,律勝,TPEx,15.65,15.75,15.4,15.45,285000,4416650,TPEX_OTC_QUOTES_NO1430_JSON
20240110,3357,臺慶科,TPEx,109.5,111.5,109.5,110.5,62000,6876000,TPEX_OTC_QUOTES_NO1430_JSON
20240110,3360,尚立,TPEx,12.95,12.95,12.85,12.95,57000,733850,TPEX_OTC_QUOTES_NO1430_JSON
20240110,3362,先進光,TPEx,165.0,166.0,163.0,164.0,909000,149254500,TPEX_OTC_QUOTES_NO1430_JSON
20240110,3363,上詮,TPEx,67.1,68.0,66.3,66.3,886000,59341000,TPEX_OTC_QUOTES_NO1430_JSON
20240110,3372,典範,TPEx,13.9,14.0,13.7,13.7,309000,4278450,TPEX_OTC_QUOTES_NO1430_JSON
20240110,3373,熱映,TPEx,28.7,29.4,27.8,28.6,1944000,55684550,TPEX_OTC_QUOTES_NO1430_JSON
20240110,3374,精材,TPEx,120.5,121.5,120.0,121.5,388000,46888500,TPEX_OTC_QUOTES_NO1430_JSON
20240110,3379,彬台,TPEx,15.75,15.75,15.25,15.25,196000,3017800,TPEX_OTC_QUOTES_NO1430_JSON
20240110,3388,崇越電,TPEx,70.2,70.8,70.2,70.8,29000,2046900,TPEX_OTC_QUOTES_NO1430_JSON
20240110,3390,旭軟,TPEx,29.7,30.75,29.5,29.85,5410000,162187600,TPEX_OTC_QUOTES_NO1430_JSON
20240110,3402,漢科,TPEx,73.3,74.4,71.6,72.0,1156000,84459200,TPEX_OTC_QUOTES_NO1430_JSON
20240110,3430,奇鈦科,TPEx,49.1,49.1,48.4,48.4,109000,5312650,TPEX_OTC_QUOTES_NO1430_JSON
20240110,3434,哲固,TPEx,27.6,27.6,27.6,27.6,19000,524400,TPEX_OTC_QUOTES_NO1430_JSON
20240110,3438,類比科,TPEx,73.1,74.2,71.5,71.6,579000,42022800,TPEX_OTC_QUOTES_NO1430_JSON
20240110,3441,聯一光電,TPEx,36.5,36.8,36.4,36.4,72000,2626300,TPEX_OTC_QUOTES_NO1430_JSON
20240110,3444,利機,TPEx,103.5,105.0,101.5,101.5,280000,28782000,TPEX_OTC_QUOTES_NO1430_JSON
20240110,3455,由田,TPEx,73.1,73.1,71.5,71.5,370000,26570600,TPEX_OTC_QUOTES_NO1430_JSON
20240110,3465,進泰電子,TPEx,78.0,79.1,78.0,79.1,6000,473500,TPEX_OTC_QUOTES_NO1430_JSON
20240110,3466,德晉,TPEx,25.0,25.0,24.4,24.4,26000,639900,TPEX_OTC_QUOTES_NO1430_JSON
20240110,3479,安勤,TPEx,111.5,113.0,109.0,109.5,978000,108567000,TPEX_OTC_QUOTES_NO1430_JSON
20240110,3483,力致,TPEx,151.5,155.0,151.5,151.5,1548000,236990500,TPEX_OTC_QUOTES_NO1430_JSON
20240110,3484,崧騰,TPEx,45.6,45.6,45.0,45.05,219000,9882450,TPEX_OTC_QUOTES_NO1430_JSON
20240110,3489,森寶,TPEx,17.4,17.4,16.9,17.0,367000,6262750,TPEX_OTC_QUOTES_NO1430_JSON
20240110,3490,單井,TPEx,23.45,23.45,23.05,23.1,78000,1807850,TPEX_OTC_QUOTES_NO1430_JSON
20240110,3491,昇達科,TPEx,162.5,162.5,161.0,161.0,245000,39597500,TPEX_OTC_QUOTES_NO1430_JSON
20240110,3492,長盛,TPEx,19.2,19.2,18.8,18.9,40000,756900,TPEX_OTC_QUOTES_NO1430_JSON
20240110,3498,陽程,TPEx,29.25,29.75,29.25,29.75,24000,707950,TPEX_OTC_QUOTES_NO1430_JSON
20240110,3499,環天科,TPEx,24.3,24.9,23.2,24.9,5106000,123837650,TPEX_OTC_QUOTES_NO1430_JSON
20240110,3508,位速,TPEx,28.1,28.15,28.0,28.0,157000,4404450,TPEX_OTC_QUOTES_NO1430_JSON
20240110,3511,矽瑪,TPEx,27.2,27.25,27.1,27.15,49000,1331200,TPEX_OTC_QUOTES_NO1430_JSON
20240110,3512,皇龍,TPEx,32.2,32.25,32.0,32.1,73000,2340800,TPEX_OTC_QUOTES_NO1430_JSON
20240110,3516,亞帝歐,TPEx,18.0,18.05,17.95,18.0,119000,2141600,TPEX_OTC_QUOTES_NO1430_JSON
20240110,3520,華盈,TPEx,16.1,16.1,15.8,15.8,174000,2770650,TPEX_OTC_QUOTES_NO1430_JSON
20240110,3521,台鋼建設,TPEx,18.9,20.45,18.9,20.45,586000,11832850,TPEX_OTC_QUOTES_NO1430_JSON
20240110,3522,御嵿,TPEx,20.25,20.25,19.7,19.75,629000,12469250,TPEX_OTC_QUOTES_NO1430_JSON
20240110,3523,迎輝,TPEx,16.1,16.1,16.1,16.1,11000,177100,TPEX_OTC_QUOTES_NO1430_JSON
20240110,3526,凡甲,TPEx,184.0,185.0,181.5,181.5,471000,85945000,TPEX_OTC_QUOTES_NO1430_JSON
20240110,3527,聚積,TPEx,108.5,108.5,107.0,108.0,76000,8186500,TPEX_OTC_QUOTES_NO1430_JSON
20240110,3529,力旺,TPEx,2560.0,2590.0,2535.0,2570.0,370000,947665000,TPEX_OTC_QUOTES_NO1430_JSON
20240110,3531,先益,TPEx,31.85,31.85,31.55,31.55,45000,1428100,TPEX_OTC_QUOTES_NO1430_JSON
20240110,3537,堡達,TPEx,39.45,40.45,39.0,39.75,257000,10138200,TPEX_OTC_QUOTES_NO1430_JSON
20240110,3540,曜越,TPEx,42.35,43.0,42.05,42.6,245000,10440200,TPEX_OTC_QUOTES_NO1430_JSON
20240110,3541,西柏,TPEx,39.7,39.9,39.5,39.65,40000,1588600,TPEX_OTC_QUOTES_NO1430_JSON
20240110,3546,宇峻,TPEx,77.9,77.9,77.2,77.3,87000,6737700,TPEX_OTC_QUOTES_NO1430_JSON
20240110,3548,兆利,TPEx,184.5,202.0,184.5,198.5,12677000,2489922000,TPEX_OTC_QUOTES_NO1430_JSON
20240110,3551,世禾,TPEx,88.4,88.5,86.6,87.2,192000,16783300,TPEX_OTC_QUOTES_NO1430_JSON
20240110,3552,同致,TPEx,134.5,135.5,133.0,133.5,153000,20507000,TPEX_OTC_QUOTES_NO1430_JSON
20240110,3555,博士旺,TPEx,34.2,34.2,32.1,34.2,94000,3199650,TPEX_OTC_QUOTES_NO1430_JSON
20240110,3556,禾瑞亞,TPEx,59.1,59.3,58.8,58.9,82000,4840900,TPEX_OTC_QUOTES_NO1430_JSON
20240110,3558,神準,TPEx,229.0,229.0,222.0,224.0,721000,162601500,TPEX_OTC_QUOTES_NO1430_JSON
20240110,3564,其陽,TPEx,48.0,48.0,46.95,46.95,91000,4325350,TPEX_OTC_QUOTES_NO1430_JSON
20240110,3567,逸昌,TPEx,41.0,41.25,40.35,40.35,257000,10494100,TPEX_OTC_QUOTES_NO1430_JSON
20240110,3570,大塚,TPEx,153.0,153.0,151.0,153.0,88000,13364000,TPEX_OTC_QUOTES_NO1430_JSON
20240110,3577,泓格,TPEx,79.2,79.7,78.0,78.0,42000,3312800,TPEX_OTC_QUOTES_NO1430_JSON
20240110,3580,友威科,TPEx,50.1,50.2,49.8,49.95,37000,1847550,TPEX_OTC_QUOTES_NO1430_JSON
20240110,3581,博磊,TPEx,27.65,27.7,25.5,26.3,1812000,48285950,TPEX_OTC_QUOTES_NO1430_JSON
20240110,3587,閎康,TPEx,238.5,243.0,235.5,237.0,1278000,304761500,TPEX_OTC_QUOTES_NO1430_JSON
20240110,3594,磐儀,TPEx,46.5,47.6,46.3,46.6,266000,12378900,TPEX_OTC_QUOTES_NO1430_JSON
20240110,3597,映興,TPEx,21.1,21.15,21.1,21.15,4000,84450,TPEX_OTC_QUOTES_NO1430_JSON
20240110,3609,三一東林,TPEx,33.0,33.5,32.7,32.7,15000,495400,TPEX_OTC_QUOTES_NO1430_JSON
20240110,3611,鼎翰,TPEx,237.0,237.0,235.5,235.5,31000,7313000,TPEX_OTC_QUOTES_NO1430_JSON
20240110,3615,安可,TPEx,21.8,21.95,21.5,21.7,174000,3764950,TPEX_OTC_QUOTES_NO1430_JSON
20240110,3623,富晶通,TPEx,28.5,30.9,28.35,29.3,2285000,68700900,TPEX_OTC_QUOTES_NO1430_JSON
20240110,3624,光頡,TPEx,52.2,52.8,51.8,51.9,606000,31590900,TPEX_OTC_QUOTES_NO1430_JSON
20240110,3625,西勝,TPEx,15.65,15.7,15.45,15.7,85000,1323750,TPEX_OTC_QUOTES_NO1430_JSON
20240110,3628,盈正,TPEx,45.3,45.3,43.7,43.85,43000,1899550,TPEX_OTC_QUOTES_NO1430_JSON
20240110,3629,地心引力,TPEx,34.9,34.9,32.0,32.9,6000,198600,TPEX_OTC_QUOTES_NO1430_JSON
20240110,3630,新鉅科,TPEx,34.5,34.5,33.9,33.9,445000,15155750,TPEX_OTC_QUOTES_NO1430_JSON
20240110,3631,晟楠,TPEx,33.25,34.4,32.75,32.75,52000,1717800,TPEX_OTC_QUOTES_NO1430_JSON
20240110,3632,研勤,TPEx,13.5,14.35,13.5,13.85,17000,235400,TPEX_OTC_QUOTES_NO1430_JSON
20240110,3646,艾恩特,TPEx,29.1,29.1,28.8,28.9,57000,1650150,TPEX_OTC_QUOTES_NO1430_JSON
20240110,3663,鑫科,TPEx,35.2,35.5,35.05,35.1,94000,3311700,TPEX_OTC_QUOTES_NO1430_JSON
20240110,3664,安瑞-KY,TPEx,27.3,27.3,26.15,26.25,121000,3200400,TPEX_OTC_QUOTES_NO1430_JSON
20240110,3666,光耀,TPEx,26.25,26.55,25.15,25.2,555000,14230750,TPEX_OTC_QUOTES_NO1430_JSON
20240110,3672,康聯訊,TPEx,24.95,24.95,24.25,24.6,11000,269300,TPEX_OTC_QUOTES_NO1430_JSON
20240110,3675,德微,TPEx,268.0,273.5,263.0,272.5,607000,163127000,TPEX_OTC_QUOTES_NO1430_JSON
20240110,3680,家登,TPEx,360.0,360.0,349.5,357.0,1543000,546856500,TPEX_OTC_QUOTES_NO1430_JSON
20240110,3685,元創精密,TPEx,21.0,21.15,20.9,20.95,103000,2162900,TPEX_OTC_QUOTES_NO1430_JSON
20240110,3687,歐買尬,TPEx,92.4,94.1,92.3,92.8,157000,14596200,TPEX_OTC_QUOTES_NO1430_JSON
20240110,3689,湧德,TPEx,54.8,55.0,54.5,54.9,277000,15155900,TPEX_OTC_QUOTES_NO1430_JSON
20240110,3691,碩禾,TPEx,91.2,92.9,89.7,90.0,276000,24993900,TPEX_OTC_QUOTES_NO1430_JSON
20240110,3693,營邦,TPEx,434.5,440.0,423.5,440.0,2070000,893308500,TPEX_OTC_QUOTES_NO1430_JSON
20240110,3707,漢磊,TPEx,67.8,67.8,65.4,65.5,2523000,167199700,TPEX_OTC_QUOTES_NO1430_JSON
20240110,3709,鑫聯大投控,TPEx,26.7,27.15,26.45,26.55,94000,2510100,TPEX_OTC_QUOTES_NO1430_JSON
20240110,3710,連展投控,TPEx,9.96,9.96,9.89,9.91,294000,2916280,TPEX_OTC_QUOTES_NO1430_JSON
20240110,3713,新晶投控,TPEx,25.5,25.5,24.85,24.85,36000,903850,TPEX_OTC_QUOTES_NO1430_JSON
20240110,4102,永日,TPEx,39.1,39.8,38.3,39.8,538000,21032550,TPEX_OTC_QUOTES_NO1430_JSON
20240110,4105,東洋,TPEx,79.4,79.6,79.1,79.4,349000,27676700,TPEX_OTC_QUOTES_NO1430_JSON
20240110,4107,邦特,TPEx,110.0,111.0,109.5,110.0,124000,13669000,TPEX_OTC_QUOTES_NO1430_JSON
20240110,4109,加捷生醫,TPEx,17.05,17.35,17.0,17.35,227000,3911000,TPEX_OTC_QUOTES_NO1430_JSON
20240110,4111,濟生,TPEx,26.2,26.2,25.95,25.95,48000,1250050,TPEX_OTC_QUOTES_NO1430_JSON
20240110,4113,聯上,TPEx,30.8,30.9,30.6,30.8,616000,18927950,TPEX_OTC_QUOTES_NO1430_JSON
20240110,4114,健喬,TPEx,38.45,38.65,38.15,38.25,970000,37180950,TPEX_OTC_QUOTES_NO1430_JSON
20240110,4116,明基醫,TPEx,62.1,63.1,60.4,63.0,290000,17865600,TPEX_OTC_QUOTES_NO1430_JSON
20240110,4120,友華,TPEx,37.75,37.75,36.7,36.7,82000,3042750,TPEX_OTC_QUOTES_NO1430_JSON
20240110,4121,優盛,TPEx,24.25,24.35,23.85,23.9,255000,6116200,TPEX_OTC_QUOTES_NO1430_JSON
20240110,4123,晟德,TPEx,43.5,43.65,43.2,43.25,576000,24974500,TPEX_OTC_QUOTES_NO1430_JSON
20240110,4126,太醫,TPEx,86.9,87.2,86.0,86.2,158000,13625900,TPEX_OTC_QUOTES_NO1430_JSON
20240110,4127,天良,TPEx,14.3,14.35,14.25,14.25,15000,214250,TPEX_OTC_QUOTES_NO1430_JSON
20240110,4128,中天,TPEx,48.65,49.25,48.25,48.9,1094000,53306050,TPEX_OTC_QUOTES_NO1430_JSON
20240110,4129,聯合,TPEx,85.6,87.0,84.5,86.9,1241000,106864800,TPEX_OTC_QUOTES_NO1430_JSON
20240110,4130,健亞,TPEx,26.0,26.0,25.5,25.65,221000,5675250,TPEX_OTC_QUOTES_NO1430_JSON
20240110,4131,浩泰,TPEx,24.95,25.0,24.95,25.0,4000,99950,TPEX_OTC_QUOTES_NO1430_JSON
20240110,4138,曜亞,TPEx,104.0,104.5,99.8,100.0,514000,51912000,TPEX_OTC_QUOTES_NO1430_JSON
20240110,4139,馬光-KY,TPEx,34.95,34.95,34.8,34.8,4000,139450,TPEX_OTC_QUOTES_NO1430_JSON
20240110,4147,中裕,TPEx,87.5,87.5,86.1,87.0,739000,64055500,TPEX_OTC_QUOTES_NO1430_JSON
20240110,4153,鈺緯,TPEx,36.0,36.0,35.4,35.4,32000,1140650,TPEX_OTC_QUOTES_NO1430_JSON
20240110,4154,樂威科-KY,TPEx,14.95,14.95,14.6,14.6,17000,250450,TPEX_OTC_QUOTES_NO1430_JSON
20240110,4157,太景*-KY,TPEx,15.35,15.35,15.1,15.15,805000,12213800,TPEX_OTC_QUOTES_NO1430_JSON
20240110,4160,訊聯基因,TPEx,38.2,39.5,38.2,38.6,18000,696350,TPEX_OTC_QUOTES_NO1430_JSON
20240110,4161,聿新科,TPEx,30.2,30.75,30.2,30.25,19000,576550,TPEX_OTC_QUOTES_NO1430_JSON
20240110,4162,智擎,TPEx,105.5,106.0,102.0,102.0,1564000,161811500,TPEX_OTC_QUOTES_NO1430_JSON
20240110,4163,鐿鈦,TPEx,123.0,123.0,122.0,122.0,73000,8932500,TPEX_OTC_QUOTES_NO1430_JSON
20240110,4167,松瑞藥,TPEx,21.75,21.8,21.35,21.35,2229000,47956000,TPEX_OTC_QUOTES_NO1430_JSON
20240110,4168,醣聯,TPEx,27.95,27.95,27.5,27.55,193000,5320550,TPEX_OTC_QUOTES_NO1430_JSON
20240110,4171,瑞基,TPEx,38.05,38.7,37.85,38.25,274000,10455000,TPEX_OTC_QUOTES_NO1430_JSON
20240110,4173,久裕,TPEx,21.2,21.4,21.2,21.35,79000,1681450,TPEX_OTC_QUOTES_NO1430_JSON
20240110,4174,浩鼎,TPEx,67.0,67.2,66.2,66.8,711000,47350500,TPEX_OTC_QUOTES_NO1430_JSON
20240110,4175,杏一,TPEx,86.6,87.0,85.5,85.8,34000,2928800,TPEX_OTC_QUOTES_NO1430_JSON
20240110,4183,福永生技,TPEx,23.8,24.0,23.4,23.4,364000,8554800,TPEX_OTC_QUOTES_NO1430_JSON
20240110,4188,安克,TPEx,27.7,27.8,27.35,27.35,101000,2781850,TPEX_OTC_QUOTES_NO1430_JSON
20240110,4192,杏國,TPEx,37.05,37.3,37.05,37.3,3000,111650,TPEX_OTC_QUOTES_NO1430_JSON
20240110,4198,欣大健康,TPEx,27.5,27.75,26.45,26.45,51000,1403950,TPEX_OTC_QUOTES_NO1430_JSON
20240110,4205,中華食,TPEx,99.3,99.3,99.1,99.1,12000,1190200,TPEX_OTC_QUOTES_NO1430_JSON
20240110,4207,環泰,TPEx,16.6,16.65,16.55,16.6,191000,3167250,TPEX_OTC_QUOTES_NO1430_JSON
20240110,4303,信立,TPEx,21.6,21.6,20.55,20.6,226000,4754700,TPEX_OTC_QUOTES_NO1430_JSON
20240110,4304,勝昱,TPEx,8.29,8.29,7.93,7.93,23000,184650,TPEX_OTC_QUOTES_NO1430_JSON
20240110,4305,世坤,TPEx,38.0,39.3,38.0,38.35,160000,6164750,TPEX_OTC_QUOTES_NO1430_JSON
20240110,4401,東隆興,TPEx,22.95,23.25,22.85,23.0,108000,2487750,TPEX_OTC_QUOTES_NO1430_JSON
20240110,4402,郡都開發,TPEx,14.05,14.3,14.0,14.15,611000,8647800,TPEX_OTC_QUOTES_NO1430_JSON
20240110,4406,新昕纖,TPEx,10.05,10.05,9.98,9.98,2000,20030,TPEX_OTC_QUOTES_NO1430_JSON
20240110,4413,飛寶企業,TPEx,21.6,22.15,21.3,21.45,529000,11436250,TPEX_OTC_QUOTES_NO1430_JSON
20240110,4416,三圓,TPEx,97.6,97.6,96.3,96.5,16000,1550400,TPEX_OTC_QUOTES_NO1430_JSON
20240110,4417,金洲,TPEx,38.95,38.95,38.65,38.7,65000,2516800,TPEX_OTC_QUOTES_NO1430_JSON
20240110,4419,皇家美食,TPEx,36.05,40.0,36.05,39.0,6000,232050,TPEX_OTC_QUOTES_NO1430_JSON
20240110,4420,光明,TPEx,46.7,47.0,45.55,46.9,181000,8387650,TPEX_OTC_QUOTES_NO1430_JSON
20240110,4430,耀億,TPEx,21.5,21.75,21.35,21.35,11000,236250,TPEX_OTC_QUOTES_NO1430_JSON
20240110,4432,銘旺實,TPEx,24.7,24.95,24.1,24.85,63000,1548150,TPEX_OTC_QUOTES_NO1430_JSON
20240110,4433,興采,TPEx,33.15,33.55,31.1,31.7,207000,6677250,TPEX_OTC_QUOTES_NO1430_JSON
20240110,4442,竣邦-KY,TPEx,25.8,26.4,25.2,25.7,70000,1796900,TPEX_OTC_QUOTES_NO1430_JSON
20240110,4502,健信,TPEx,36.55,36.7,36.55,36.7,13000,476250,TPEX_OTC_QUOTES_NO1430_JSON
20240110,4503,金雨,TPEx,51.8,51.8,50.8,50.9,132000,6741300,TPEX_OTC_QUOTES_NO1430_JSON
20240110,4506,崇友,TPEx,81.5,81.5,80.7,80.7,85000,6886100,TPEX_OTC_QUOTES_NO1430_JSON
20240110,4510,高鋒,TPEx,15.4,15.5,15.4,15.5,101000,1559750,TPEX_OTC_QUOTES_NO1430_JSON
20240110,4513,福裕,TPEx,18.7,18.85,18.6,18.8,124000,2320700,TPEX_OTC_QUOTES_NO1430_JSON
20240110,4523,永彰,TPEx,40.0,40.0,39.45,39.95,27000,1072950,TPEX_OTC_QUOTES_NO1430_JSON
20240110,4527,方方土霖,TPEx,37.0,37.8,36.95,37.2,334000,12480350,TPEX_OTC_QUOTES_NO1430_JSON
20240110,4528,江興鍛,TPEx,30.7,30.7,30.55,30.65,25000,765100,TPEX_OTC_QUOTES_NO1430_JSON
20240110,4529,淳紳,TPEx,9.0,9.9,9.0,9.6,484000,4645180,TPEX_OTC_QUOTES_NO1430_JSON
20240110,4530,宏易,TPEx,6.57,6.57,6.57,6.57,1000,6570,TPEX_OTC_QUOTES_NO1430_JSON
20240110,4533,協易機,TPEx,24.7,25.0,24.2,24.55,1632000,40164050,TPEX_OTC_QUOTES_NO1430_JSON
20240110,4534,慶騰,TPEx,9.96,10.0,9.91,9.91,32000,317990,TPEX_OTC_QUOTES_NO1430_JSON
20240110,4535,至興,TPEx,36.35,36.35,35.85,35.85,40000,1437800,TPEX_OTC_QUOTES_NO1430_JSON
20240110,4538,大詠城,TPEx,18.7,18.8,18.6,18.6,15000,280300,TPEX_OTC_QUOTES_NO1430_JSON
20240110,4541,晟田,TPEx,31.25,33.0,31.0,31.0,784000,24805250,TPEX_OTC_QUOTES_NO1430_JSON
20240110,4542,科嶠,TPEx,52.2,53.1,51.3,53.1,253000,13172200,TPEX_OTC_QUOTES_NO1430_JSON
20240110,4543,萬在,TPEx,44.05,44.8,44.05,44.55,274000,12206900,TPEX_OTC_QUOTES_NO1430_JSON
20240110,4549,桓達,TPEx,93.0,93.6,93.0,93.4,23000,2150300,TPEX_OTC_QUOTES_NO1430_JSON
20240110,4550,長佳,TPEx,34.4,34.5,33.7,34.35,76000,2584850,TPEX_OTC_QUOTES_NO1430_JSON
20240110,4554,橙的,TPEx,30.45,30.45,30.0,30.25,20000,605800,TPEX_OTC_QUOTES_NO1430_JSON
20240110,4558,寶緯,TPEx,26.05,26.05,26.05,26.05,1000,26050,TPEX_OTC_QUOTES_NO1430_JSON
20240110,4561,健椿,TPEx,31.8,31.8,31.0,31.15,213000,6662400,TPEX_OTC_QUOTES_NO1430_JSON
20240110,4563,百德,TPEx,51.2,51.8,50.4,50.6,282000,14356100,TPEX_OTC_QUOTES_NO1430_JSON
20240110,4568,科際精密,TPEx,54.6,54.6,54.6,54.6,7000,382200,TPEX_OTC_QUOTES_NO1430_JSON
20240110,4577,達航科技,TPEx,23.15,23.4,23.0,23.1,31000,715850,TPEX_OTC_QUOTES_NO1430_JSON
20240110,4580,捷流閥業,TPEx,92.5,92.5,91.6,92.0,44000,4045700,TPEX_OTC_QUOTES_NO1430_JSON
20240110,4584,君帆,TPEx,53.5,54.0,50.1,51.5,146000,7587900,TPEX_OTC_QUOTES_NO1430_JSON
20240110,4609,唐鋒,TPEx,6.27,6.27,5.82,6.11,27000,158470,TPEX_OTC_QUOTES_NO1430_JSON
20240110,4702,中美實,TPEx,13.55,13.7,13.45,13.45,132000,1794100,TPEX_OTC_QUOTES_NO1430_JSON
20240110,4706,大恭,TPEx,27.55,28.55,27.5,28.55,81000,2288250,TPEX_OTC_QUOTES_NO1430_JSON
20240110,4707,磐亞,TPEx,12.75,12.8,12.7,12.7,266000,3389900,TPEX_OTC_QUOTES_NO1430_JSON
20240110,4711,永純,TPEx,16.15,16.45,16.0,16.4,75000,1214100,TPEX_OTC_QUOTES_NO1430_JSON
20240110,4712,南璋,TPEx,4.05,4.05,3.91,3.91,70000,277120,TPEX_OTC_QUOTES_NO1430_JSON
20240110,4714,永捷,TPEx,13.15,13.15,12.9,13.0,476000,6180600,TPEX_OTC_QUOTES_NO1430_JSON
20240110,4716,大立,TPEx,13.15,13.3,13.0,13.05,347000,4554600,TPEX_OTC_QUOTES_NO1430_JSON
20240110,4721,美琪瑪,TPEx,84.8,85.6,83.7,83.7,137000,11552700,TPEX_OTC_QUOTES_NO1430_JSON
20240110,4726,永昕,TPEx,34.95,35.35,34.9,35.05,133000,4663100,TPEX_OTC_QUOTES_NO1430_JSON
20240110,4728,雙美,TPEx,207.0,207.0,207.0,207.0,3000,621000,TPEX_OTC_QUOTES_NO1430_JSON
20240110,4729,熒茂,TPEx,15.0,15.1,15.0,15.05,40000,602150,TPEX_OTC_QUOTES_NO1430_JSON
20240110,4735,豪展,TPEx,40.25,40.65,40.25,40.3,246000,9930750,TPEX_OTC_QUOTES_NO1430_JSON
20240110,4741,泓瀚,TPEx,35.5,35.5,35.3,35.35,4000,141500,TPEX_OTC_QUOTES_NO1430_JSON
20240110,4743,合一,TPEx,182.0,183.5,180.5,183.5,1376000,250807500,TPEX_OTC_QUOTES_NO1430_JSON
20240110,4744,皇將,TPEx,27.75,28.35,27.0,27.0,791000,21815450,TPEX_OTC_QUOTES_NO1430_JSON
20240110,4745,合富-KY,TPEx,25.3,25.3,25.05,25.05,23000,578500,TPEX_OTC_QUOTES_NO1430_JSON
20240110,4747,強生製藥,TPEx,85.0,85.5,82.6,83.1,203000,16992200,TPEX_OTC_QUOTES_NO1430_JSON
20240110,4754,國碳科,TPEx,41.65,41.9,41.65,41.9,38000,1589450,TPEX_OTC_QUOTES_NO1430_JSON
20240110,4760,勤凱科技,TPEx,66.5,66.8,66.5,66.6,21000,1398400,TPEX_OTC_QUOTES_NO1430_JSON
20240110,4767,誠泰科技,TPEx,28.4,28.4,28.35,28.35,4000,113500,TPEX_OTC_QUOTES_NO1430_JSON
20240110,4768,晶呈科技,TPEx,192.5,193.0,187.5,193.0,360000,68550000,TPEX_OTC_QUOTES_NO1430_JSON
20240110,4804,大略-KY,TPEx,4.51,4.51,4.4,4.4,77000,342830,TPEX_OTC_QUOTES_NO1430_JSON
20240110,4806,桂田文創,TPEx,12.5,13.8,12.5,13.8,6000,78000,TPEX_OTC_QUOTES_NO1430_JSON
20240110,4903,聯光通,TPEx,16.35,16.5,16.35,16.45,21000,344450,TPEX_OTC_QUOTES_NO1430_JSON
20240110,4905,台聯電,TPEx,80.6,80.6,75.1,77.1,8000,619100,TPEX_OTC_QUOTES_NO1430_JSON
20240110,4907,富宇,TPEx,45.4,45.4,43.35,44.2,514000,22674000,TPEX_OTC_QUOTES_NO1430_JSON
20240110,4908,前鼎,TPEx,82.2,84.5,82.2,83.6,1065000,89025000,TPEX_OTC_QUOTES_NO1430_JSON
20240110,4909,新復興,TPEx,36.3,37.7,34.0,34.65,21884000,780857950,TPEX_OTC_QUOTES_NO1430_JSON
20240110,4911,德英,TPEx,59.2,59.8,59.2,59.7,17000,1010700,TPEX_OTC_QUOTES_NO1430_JSON
20240110,4923,力士,TPEx,49.0,49.0,47.5,47.5,24000,1147750,TPEX_OTC_QUOTES_NO1430_JSON
20240110,4924,欣厚-KY,TPEx,14.7,14.7,14.6,14.65,48000,703400,TPEX_OTC_QUOTES_NO1430_JSON
20240110,4931,新盛力,TPEx,29.5,29.75,29.0,29.1,195000,5683600,TPEX_OTC_QUOTES_NO1430_JSON
20240110,4933,友輝,TPEx,57.1,57.6,56.3,57.0,316000,17967900,TPEX_OTC_QUOTES_NO1430_JSON
20240110,4939,亞電,TPEx,21.15,21.4,20.85,20.9,359000,7565200,TPEX_OTC_QUOTES_NO1430_JSON
20240110,4945,陞達科技,TPEx,89.1,93.0,88.5,90.6,1509000,137803000,TPEX_OTC_QUOTES_NO1430_JSON
20240110,4946,辣椒,TPEx,57.0,57.0,54.9,55.5,3000,167400,TPEX_OTC_QUOTES_NO1430_JSON
20240110,4951,精拓科,TPEx,68.6,70.1,68.6,68.8,53000,3663200,TPEX_OTC_QUOTES_NO1430_JSON
20240110,4953,緯致,TPEx,134.5,136.5,132.0,132.0,1095000,147070000,TPEX_OTC_QUOTES_NO1430_JSON
20240110,4966,譜瑞-KY,TPEx,1095.0,1130.0,1085.0,1130.0,980000,1088650000,TPEX_OTC_QUOTES_NO1430_JSON
20240110,4971,IET-KY,TPEx,59.5,59.5,57.6,58.7,41000,2383000,TPEX_OTC_QUOTES_NO1430_JSON
20240110,4972,湯石照明,TPEx,29.0,29.0,28.85,28.9,21000,606950,TPEX_OTC_QUOTES_NO1430_JSON
20240110,4973,廣穎電通,TPEx,35.2,35.75,34.95,35.2,734000,25903750,TPEX_OTC_QUOTES_NO1430_JSON
20240110,4974,亞泰,TPEx,66.5,66.5,66.0,66.2,79000,5224100,TPEX_OTC_QUOTES_NO1430_JSON
20240110,4979,華星光,TPEx,137.0,146.5,134.5,143.5,13429000,1916699500,TPEX_OTC_QUOTES_NO1430_JSON
20240110,4987,科誠,TPEx,59.5,59.8,58.8,59.8,40000,2368000,TPEX_OTC_QUOTES_NO1430_JSON
20240110,4991,環宇-KY,TPEx,31.2,31.35,31.15,31.15,16000,500850,TPEX_OTC_QUOTES_NO1430_JSON
20240110,4995,晶達,TPEx,47.95,47.95,47.25,47.25,23000,1091300,TPEX_OTC_QUOTES_NO1430_JSON
20240110,5009,榮剛,TPEx,47.95,48.15,47.5,47.5,2825000,134756100,TPEX_OTC_QUOTES_NO1430_JSON
20240110,5011,久陽,TPEx,23.8,24.3,23.5,23.85,389000,9246950,TPEX_OTC_QUOTES_NO1430_JSON
20240110,5013,強新,TPEx,34.75,34.75,34.5,34.5,14000,484650,TPEX_OTC_QUOTES_NO1430_JSON
20240110,5014,建錩,TPEx,14.2,14.2,14.0,14.0,239000,3361400,TPEX_OTC_QUOTES_NO1430_JSON
20240110,5015,華祺,TPEx,44.1,44.2,44.1,44.1,10000,441250,TPEX_OTC_QUOTES_NO1430_JSON
20240110,5016,松和,TPEx,28.4,28.5,28.35,28.35,28000,795000,TPEX_OTC_QUOTES_NO1430_JSON
20240110,5201,凱衛,TPEx,31.5,31.65,31.2,31.65,29000,911150,TPEX_OTC_QUOTES_NO1430_JSON
20240110,5202,力新,TPEx,16.0,16.0,15.3,15.45,166000,2572200,TPEX_OTC_QUOTES_NO1430_JSON
20240110,5205,中茂,TPEx,29.7,30.7,29.2,30.7,8000,236550,TPEX_OTC_QUOTES_NO1430_JSON
20240110,5206,坤悅,TPEx,29.4,29.7,29.1,29.5,209000,6150000,TPEX_OTC_QUOTES_NO1430_JSON
20240110,5209,新鼎,TPEx,183.0,184.0,173.0,174.5,648000,115713500,TPEX_OTC_QUOTES_NO1430_JSON
20240110,5210,寶碩,TPEx,39.65,40.3,37.85,38.25,1050000,41115950,TPEX_OTC_QUOTES_NO1430_JSON
20240110,5211,蒙恬,TPEx,22.2,24.05,22.2,24.05,1108000,26470250,TPEX_OTC_QUOTES_NO1430_JSON
20240110,5212,凌網,TPEx,51.8,51.8,51.8,51.8,1000,51800,TPEX_OTC_QUOTES_NO1430_JSON
20240110,5213,亞昕,TPEx,35.0,35.1,34.0,34.55,788000,27102100,TPEX_OTC_QUOTES_NO1430_JSON
20240110,5220,萬達光電,TPEx,26.4,26.45,26.35,26.4,19000,501600,TPEX_OTC_QUOTES_NO1430_JSON
20240110,5223,安力-KY,TPEx,41.8,42.3,40.6,40.9,330000,13651450,TPEX_OTC_QUOTES_NO1430_JSON
20240110,5227,立凱-KY,TPEx,45.7,45.7,45.45,45.65,115000,5235550,TPEX_OTC_QUOTES_NO1430_JSON
20240110,5228,鈺鎧,TPEx,22.1,22.1,22.1,22.1,2000,44200,TPEX_OTC_QUOTES_NO1430_JSON
20240110,5230,雷笛克光學,TPEx,25.35,25.35,24.75,24.85,179000,4467800,TPEX_OTC_QUOTES_NO1430_JSON
20240110,5236,凌陽創新,TPEx,180.0,183.5,178.0,179.5,377000,68041000,TPEX_OTC_QUOTES_NO1430_JSON
20240110,5245,智晶,TPEx,39.05,39.1,39.05,39.1,3000,117200,TPEX_OTC_QUOTES_NO1430_JSON
20240110,5251,天鉞電,TPEx,18.9,18.9,18.35,18.45,35000,648950,TPEX_OTC_QUOTES_NO1430_JSON
20240110,5263,智崴,TPEx,112.5,112.5,110.5,111.5,175000,19464000,TPEX_OTC_QUOTES_NO1430_JSON
20240110,5272,笙科,TPEx,33.4,33.95,33.05,33.5,370000,12354750,TPEX_OTC_QUOTES_NO1430_JSON
20240110,5274,信驊,TPEx,2965.0,3030.0,2965.0,3020.0,211000,634455000,TPEX_OTC_QUOTES_NO1430_JSON
20240110,5276,達輝-KY,TPEx,13.7,13.85,13.45,13.85,4000,54800,TPEX_OTC_QUOTES_NO1430_JSON
20240110,5278,尚凡*,TPEx,212.0,212.0,210.5,211.0,8000,1689500,TPEX_OTC_QUOTES_NO1430_JSON
20240110,5287,數字,TPEx,199.5,199.5,199.0,199.0,23000,4582000,TPEX_OTC_QUOTES_NO1430_JSON
20240110,5289,宜鼎,TPEx,308.0,310.5,303.5,305.0,317000,97192500,TPEX_OTC_QUOTES_NO1430_JSON
20240110,5291,邑昇,TPEx,26.95,26.95,26.75,26.9,88000,2361500,TPEX_OTC_QUOTES_NO1430_JSON
20240110,5299,杰力,TPEx,123.5,126.0,123.0,124.5,53000,6596000,TPEX_OTC_QUOTES_NO1430_JSON
20240110,5301,寶得利,TPEx,10.5,10.5,10.25,10.3,43000,445850,TPEX_OTC_QUOTES_NO1430_JSON
20240110,5302,太欣,TPEx,10.7,11.0,10.5,11.0,219000,2377450,TPEX_OTC_QUOTES_NO1430_JSON
20240110,5309,系統電,TPEx,37.9,38.2,37.15,37.6,4417000,167010200,TPEX_OTC_QUOTES_NO1430_JSON
20240110,5310,天剛,TPEx,23.85,23.9,22.55,23.45,167000,3900850,TPEX_OTC_QUOTES_NO1430_JSON
20240110,5312,寶島科,TPEx,84.5,84.5,83.7,83.9,68000,5702700,TPEX_OTC_QUOTES_NO1430_JSON
20240110,5314,世紀*,TPEx,82.6,84.9,80.1,84.7,992000,82247100,TPEX_OTC_QUOTES_NO1430_JSON
20240110,5315,光聯,TPEx,17.9,17.9,17.8,17.9,104000,1856300,TPEX_OTC_QUOTES_NO1430_JSON
20240110,5321,美而快,TPEx,88.3,88.9,86.7,88.0,120000,10509400,TPEX_OTC_QUOTES_NO1430_JSON
20240110,5324,士開,TPEx,11.3,11.4,11.15,11.15,298000,3347800,TPEX_OTC_QUOTES_NO1430_JSON
20240110,5328,華容,TPEx,15.05,15.05,14.75,14.85,727000,10819700,TPEX_OTC_QUOTES_NO1430_JSON
20240110,5340,建榮,TPEx,56.0,56.4,55.6,55.8,131000,7330400,TPEX_OTC_QUOTES_NO1430_JSON
20240110,5344,立衛,TPEx,21.25,21.25,19.8,20.15,321000,6562400,TPEX_OTC_QUOTES_NO1430_JSON
20240110,5345,馥鴻,TPEx,11.25,11.25,10.6,10.8,48000,510900,TPEX_OTC_QUOTES_NO1430_JSON
20240110,5347,世界,TPEx,78.9,79.1,78.1,79.1,3079000,242456000,TPEX_OTC_QUOTES_NO1430_JSON
20240110,5348,正能量智能,TPEx,20.2,21.15,20.2,21.15,221000,4623200,TPEX_OTC_QUOTES_NO1430_JSON
20240110,5351,鈺創,TPEx,51.1,52.5,50.9,52.0,5776000,300003400,TPEX_OTC_QUOTES_NO1430_JSON
20240110,5353,台林,TPEx,34.5,34.5,33.7,33.8,270000,9191650,TPEX_OTC_QUOTES_NO1430_JSON
20240110,5355,佳總,TPEx,10.9,11.3,10.75,11.1,820000,9018400,TPEX_OTC_QUOTES_NO1430_JSON
20240110,5356,協益,TPEx,30.05,30.35,30.0,30.1,246000,7399350,TPEX_OTC_QUOTES_NO1430_JSON
20240110,5364,力麗店,TPEx,21.2,21.65,21.2,21.2,31000,659850,TPEX_OTC_QUOTES_NO1430_JSON
20240110,5371,中光電,TPEx,72.5,72.9,71.8,71.9,639000,46117800,TPEX_OTC_QUOTES_NO1430_JSON
20240110,5381,光譜,TPEx,28.3,28.85,28.3,28.35,944000,26957550,TPEX_OTC_QUOTES_NO1430_JSON
20240110,5383,金利,TPEx,30.0,30.45,29.6,30.45,43000,1297500,TPEX_OTC_QUOTES_NO1430_JSON
20240110,5386,青雲,TPEx,53.6,53.6,52.3,52.3,187000,9879400,TPEX_OTC_QUOTES_NO1430_JSON
20240110,5392,能率,TPEx,23.8,23.8,23.6,23.7,127000,3007450,TPEX_OTC_QUOTES_NO1430_JSON
20240110,5398,慕康生醫,TPEx,14.4,14.4,14.1,14.1,46000,653750,TPEX_OTC_QUOTES_NO1430_JSON
20240110,5403,中菲,TPEx,118.5,120.0,117.5,118.0,153000,18105000,TPEX_OTC_QUOTES_NO1430_JSON
20240110,5410,國眾,TPEx,33.1,33.1,32.85,32.9,167000,5497050,TPEX_OTC_QUOTES_NO1430_JSON
20240110,5425,台半,TPEx,82.7,82.7,81.0,81.2,3282000,267039600,TPEX_OTC_QUOTES_NO1430_JSON
20240110,5426,振發,TPEx,27.5,29.25,27.1,29.25,33862000,958280600,TPEX_OTC_QUOTES_NO1430_JSON
20240110,5432,新門,TPEx,121.0,123.5,118.0,119.0,699000,84187000,TPEX_OTC_QUOTES_NO1430_JSON
20240110,5438,東友,TPEx,17.45,17.55,17.05,17.05,109000,1868650,TPEX_OTC_QUOTES_NO1430_JSON
20240110,5439,高技,TPEx,103.0,104.5,102.0,104.0,1980000,204476500,TPEX_OTC_QUOTES_NO1430_JSON
20240110,5443,均豪,TPEx,30.4,31.25,30.15,30.7,593000,18266350,TPEX_OTC_QUOTES_NO1430_JSON
20240110,5450,南良,TPEx,20.9,21.3,20.45,21.05,445000,9330350,TPEX_OTC_QUOTES_NO1430_JSON
20240110,5452,佶優,TPEx,23.15,23.15,22.6,22.6,1007000,22914250,TPEX_OTC_QUOTES_NO1430_JSON
20240110,5455,昇益,TPEx,35.4,36.05,35.4,36.05,6000,213050,TPEX_OTC_QUOTES_NO1430_JSON
20240110,5457,宣德,TPEx,55.6,56.2,55.1,55.5,472000,26192000,TPEX_OTC_QUOTES_NO1430_JSON
20240110,5460,同協,TPEx,14.0,14.25,13.9,14.05,426000,5973250,TPEX_OTC_QUOTES_NO1430_JSON
20240110,5464,霖宏,TPEx,30.15,30.15,29.95,30.0,81000,2434950,TPEX_OTC_QUOTES_NO1430_JSON
20240110,5465,富驊,TPEx,44.75,44.8,43.1,43.15,1725000,75323150,TPEX_OTC_QUOTES_NO1430_JSON
20240110,5468,凱鈺,TPEx,17.75,17.75,17.15,17.15,25000,430650,TPEX_OTC_QUOTES_NO1430_JSON
20240110,5474,聰泰,TPEx,103.5,103.5,100.5,101.5,77000,7841000,TPEX_OTC_QUOTES_NO1430_JSON
20240110,5475,德宏,TPEx,12.05,12.1,12.0,12.0,136000,1635000,TPEX_OTC_QUOTES_NO1430_JSON
20240110,5478,智冠,TPEx,152.5,152.5,147.0,147.0,482000,71487500,TPEX_OTC_QUOTES_NO1430_JSON
20240110,5481,新華,TPEx,13.5,13.55,13.4,13.45,73000,982150,TPEX_OTC_QUOTES_NO1430_JSON
20240110,5483,中美晶,TPEx,193.0,196.5,190.5,196.5,5623000,1092289500,TPEX_OTC_QUOTES_NO1430_JSON
20240110,5487,通泰,TPEx,27.8,28.6,27.75,28.2,14000,391050,TPEX_OTC_QUOTES_NO1430_JSON
20240110,5488,松普,TPEx,11.05,11.1,10.85,10.85,319000,3493150,TPEX_OTC_QUOTES_NO1430_JSON
20240110,5489,彩富,TPEx,34.85,34.85,34.85,34.85,5000,174250,TPEX_OTC_QUOTES_NO1430_JSON
20240110,5490,同亨,TPEx,23.4,23.4,22.8,22.85,270000,6236200,TPEX_OTC_QUOTES_NO1430_JSON
20240110,5493,三聯,TPEx,57.8,61.4,57.8,58.7,461000,27795000,TPEX_OTC_QUOTES_NO1430_JSON
20240110,5498,凱崴,TPEx,11.0,11.0,10.9,10.9,218000,2387950,TPEX_OTC_QUOTES_NO1430_JSON
20240110,5508,永信建,TPEx,89.5,90.1,89.0,89.4,334000,29899400,TPEX_OTC_QUOTES_NO1430_JSON
20240110,5511,德昌,TPEx,71.0,71.9,70.8,71.9,356000,25301300,TPEX_OTC_QUOTES_NO1430_JSON
20240110,5512,力麒,TPEx,9.6,9.89,9.43,9.74,2960000,28332210,TPEX_OTC_QUOTES_NO1430_JSON
20240110,5514,三豐,TPEx,20.0,20.2,20.0,20.2,56000,1127800,TPEX_OTC_QUOTES_NO1430_JSON
20240110,5516,雙喜,TPEx,21.05,23.1,21.05,22.15,652000,14533950,TPEX_OTC_QUOTES_NO1430_JSON
20240110,5520,力泰,TPEx,76.4,76.4,76.0,76.0,15000,1140500,TPEX_OTC_QUOTES_NO1430_JSON
20240110,5523,豐謙,TPEx,27.55,27.6,27.35,27.35,62000,1702100,TPEX_OTC_QUOTES_NO1430_JSON
20240110,5529,鉅陞,TPEx,19.25,19.35,19.25,19.3,184000,3547850,TPEX_OTC_QUOTES_NO1430_JSON
20240110,5530,龍巖,TPEx,39.3,39.5,39.2,39.35,265000,10416200,TPEX_OTC_QUOTES_NO1430_JSON
20240110,5536,聖暉*,TPEx,180.0,180.5,180.0,180.0,109000,19638000,TPEX_OTC_QUOTES_NO1430_JSON
20240110,5543,桓鼎-KY,TPEx,40.5,40.5,40.0,40.0,4000,161000,TPEX_OTC_QUOTES_NO1430_JSON
20240110,5601,台聯櫃,TPEx,35.75,36.3,35.75,36.3,5000,179400,TPEX_OTC_QUOTES_NO1430_JSON
20240110,5603,陸海,TPEx,22.05,22.15,21.9,22.05,200000,4400500,TPEX_OTC_QUOTES_NO1430_JSON
20240110,5604,中連,TPEx,44.1,44.1,44.05,44.1,12000,529000,TPEX_OTC_QUOTES_NO1430_JSON
20240110,5609,中菲行,TPEx,84.6,84.6,82.8,83.5,477000,39708400,TPEX_OTC_QUOTES_NO1430_JSON
20240110,5701,劍湖山,TPEx,6.89,6.9,6.89,6.9,14000,96490,TPEX_OTC_QUOTES_NO1430_JSON
20240110,5703,亞都麗緻,TPEx,25.65,25.65,25.0,25.25,57000,1437900,TPEX_OTC_QUOTES_NO1430_JSON
20240110,5704,老爺知,TPEx,52.4,52.7,51.5,51.5,92000,4770500,TPEX_OTC_QUOTES_NO1430_JSON
20240110,5864,致和證,TPEx,17.1,17.15,16.95,17.0,537000,9144500,TPEX_OTC_QUOTES_NO1430_JSON
20240110,5878,台名,TPEx,47.7,47.7,47.7,47.7,4000,190800,TPEX_OTC_QUOTES_NO1430_JSON
20240110,5902,德記,TPEx,34.65,34.9,34.65,34.8,10000,348200,TPEX_OTC_QUOTES_NO1430_JSON
20240110,5903,全家,TPEx,190.0,190.0,188.0,189.0,89000,16807500,TPEX_OTC_QUOTES_NO1430_JSON
20240110,5904,寶雅,TPEx,538.0,550.0,538.0,544.0,152000,82941000,TPEX_OTC_QUOTES_NO1430_JSON
20240110,5905,南仁湖,TPEx,12.45,12.45,12.2,12.2,694000,8529400,TPEX_OTC_QUOTES_NO1430_JSON
20240110,6015,宏遠證,TPEx,10.75,10.75,10.45,10.5,632000,6664700,TPEX_OTC_QUOTES_NO1430_JSON
20240110,6016,康和證,TPEx,13.5,13.5,13.35,13.4,1139000,15279800,TPEX_OTC_QUOTES_NO1430_JSON
20240110,6020,大展證,TPEx,18.8,18.8,18.8,18.8,3000,56400,TPEX_OTC_QUOTES_NO1430_JSON
20240110,6021,美好證,TPEx,15.0,15.0,15.0,15.0,3000,45000,TPEX_OTC_QUOTES_NO1430_JSON
20240110,6023,元大期貨,TPEx,60.9,61.0,60.6,60.7,91000,5528900,TPEX_OTC_QUOTES_NO1430_JSON
20240110,6026,福邦證,TPEx,13.35,13.4,12.95,13.05,7497000,98195150,TPEX_OTC_QUOTES_NO1430_JSON
20240110,6101,寬魚國際,TPEx,42.55,43.0,41.0,41.3,354000,14766200,TPEX_OTC_QUOTES_NO1430_JSON
20240110,6103,合邦,TPEx,32.65,32.65,32.65,32.65,1000,32650,TPEX_OTC_QUOTES_NO1430_JSON
20240110,6104,創惟,TPEx,114.0,117.0,113.0,117.0,1227000,141325000,TPEX_OTC_QUOTES_NO1430_JSON
20240110,6109,亞元,TPEx,14.65,15.05,14.35,15.0,343000,5067700,TPEX_OTC_QUOTES_NO1430_JSON
20240110,6111,光聚晶電,TPEx,74.6,75.0,74.2,74.4,513000,38181700,TPEX_OTC_QUOTES_NO1430_JSON
20240110,6113,亞矽,TPEx,28.8,29.6,28.3,29.35,4081000,119230850,TPEX_OTC_QUOTES_NO1430_JSON
20240110,6114,久威,TPEx,30.55,31.5,30.35,30.75,211000,6514450,TPEX_OTC_QUOTES_NO1430_JSON
20240110,6118,建達,TPEx,27.55,27.55,26.6,26.6,539000,14518050,TPEX_OTC_QUOTES_NO1430_JSON
20240110,6121,新普,TPEx,403.0,407.0,403.0,405.5,621000,251628000,TPEX_OTC_QUOTES_NO1430_JSON
20240110,6122,擎邦,TPEx,61.7,61.7,59.6,59.6,2088000,126043100,TPEX_OTC_QUOTES_NO1430_JSON
20240110,6123,上奇,TPEx,66.2,66.2,65.9,65.9,29000,1913400,TPEX_OTC_QUOTES_NO1430_JSON
20240110,6124,業強,TPEx,31.75,31.95,30.85,31.9,127000,4010650,TPEX_OTC_QUOTES_NO1430_JSON
20240110,6125,廣運,TPEx,56.3,58.4,56.0,58.0,3501000,201105400,TPEX_OTC_QUOTES_NO1430_JSON
20240110,6126,信音,TPEx,28.9,29.1,28.6,28.65,341000,9805500,TPEX_OTC_QUOTES_NO1430_JSON
20240110,6127,九豪,TPEx,26.0,26.2,25.6,25.8,584000,15104050,TPEX_OTC_QUOTES_NO1430_JSON
20240110,6129,普誠,TPEx,29.85,29.85,29.2,29.25,1455000,42811400,TPEX_OTC_QUOTES_NO1430_JSON
20240110,6130,上亞科技,TPEx,33.4,33.4,33.4,33.4,11000,367400,TPEX_OTC_QUOTES_NO1430_JSON
20240110,6134,萬旭,TPEx,19.15,19.25,19.0,19.0,117000,2229650,TPEX_OTC_QUOTES_NO1430_JSON
20240110,6138,茂達,TPEx,221.0,232.0,221.0,227.0,5390000,1230412000,TPEX_OTC_QUOTES_NO1430_JSON
20240110,6140,訊達電腦,TPEx,36.05,38.2,35.55,38.2,31961000,1179171150,TPEX_OTC_QUOTES_NO1430_JSON
20240110,6143,振曜,TPEx,82.5,82.7,80.2,80.8,1583000,128784000,TPEX_OTC_QUOTES_NO1430_JSON
20240110,6144,得利影,TPEx,12.85,13.1,12.85,13.1,6000,77600,TPEX_OTC_QUOTES_NO1430_JSON
20240110,6146,耕興,TPEx,232.0,233.0,227.5,229.0,440000,100705500,TPEX_OTC_QUOTES_NO1430_JSON
20240110,6147,頎邦,TPEx,71.9,72.2,71.1,71.8,3020000,216451500,TPEX_OTC_QUOTES_NO1430_JSON
20240110,6148,驊宏資,TPEx,35.0,35.5,34.65,34.85,560000,19605000,TPEX_OTC_QUOTES_NO1430_JSON
20240110,6150,撼訊,TPEx,88.5,88.6,86.9,86.9,599000,52471900,TPEX_OTC_QUOTES_NO1430_JSON
20240110,6151,晉倫,TPEx,26.6,26.6,26.4,26.45,40000,1059850,TPEX_OTC_QUOTES_NO1430_JSON
20240110,6154,順發,TPEx,16.3,16.4,16.25,16.3,41000,668350,TPEX_OTC_QUOTES_NO1430_JSON
20240110,6156,松上,TPEx,23.95,24.05,23.7,23.8,839000,20003900,TPEX_OTC_QUOTES_NO1430_JSON
20240110,6158,禾昌,TPEx,30.5,30.8,30.35,30.75,101000,3089300,TPEX_OTC_QUOTES_NO1430_JSON
20240110,6160,欣技,TPEx,21.6,21.95,21.6,21.8,177000,3851500,TPEX_OTC_QUOTES_NO1430_JSON
20240110,6161,捷波,TPEx,43.1,43.7,42.3,42.85,694000,29735800,TPEX_OTC_QUOTES_NO1430_JSON
20240110,6163,華電網,TPEx,20.8,21.8,20.4,21.7,16590000,353113950,TPEX_OTC_QUOTES_NO1430_JSON
20240110,6167,久正,TPEx,15.6,15.6,15.05,15.15,264000,4007850,TPEX_OTC_QUOTES_NO1430_JSON
20240110,6169,昱泉,TPEx,22.65,23.2,22.65,23.0,47000,1081850,TPEX_OTC_QUOTES_NO1430_JSON
20240110,6170,統振,TPEx,56.8,57.3,55.7,55.7,763000,42919700,TPEX_OTC_QUOTES_NO1430_JSON
20240110,6171,大城地產,TPEx,27.6,27.85,27.4,27.75,86000,2374350,TPEX_OTC_QUOTES_NO1430_JSON
20240110,6173,信昌電,TPEx,45.7,46.1,45.6,45.65,217000,9937450,TPEX_OTC_QUOTES_NO1430_JSON
20240110,6174,安碁,TPEx,22.25,22.25,22.0,22.0,45000,995700,TPEX_OTC_QUOTES_NO1430_JSON
20240110,6175,立敦,TPEx,35.3,35.6,35.15,35.2,80000,2827150,TPEX_OTC_QUOTES_NO1430_JSON
20240110,6179,亞通,TPEx,30.1,30.25,29.7,29.8,1144000,34189750,TPEX_OTC_QUOTES_NO1430_JSON
20240110,6180,橘子,TPEx,74.0,74.0,73.1,73.9,501000,36844700,TPEX_OTC_QUOTES_NO1430_JSON
20240110,6182,合晶,TPEx,43.05,43.05,42.25,42.35,2637000,111900950,TPEX_OTC_QUOTES_NO1430_JSON
20240110,6185,幃翔,TPEx,17.1,17.25,16.75,16.9,563000,9540650,TPEX_OTC_QUOTES_NO1430_JSON
20240110,6186,新潤,TPEx,59.9,59.9,59.3,59.7,275000,16354500,TPEX_OTC_QUOTES_NO1430_JSON
20240110,6187,萬潤,TPEx,147.5,152.0,146.0,148.0,5983000,893668500,TPEX_OTC_QUOTES_NO1430_JSON
20240110,6188,廣明,TPEx,76.6,77.2,76.3,76.5,946000,72456500,TPEX_OTC_QUOTES_NO1430_JSON
20240110,6190,萬泰科,TPEx,29.9,29.9,29.5,29.5,526000,15605400,TPEX_OTC_QUOTES_NO1430_JSON
20240110,6194,育富,TPEx,36.45,36.45,35.55,35.55,341000,12162550,TPEX_OTC_QUOTES_NO1430_JSON
20240110,6195,詩肯,TPEx,41.9,41.9,41.7,41.75,12000,501550,TPEX_OTC_QUOTES_NO1430_JSON
20240110,6198,瑞築,TPEx,28.2,28.4,28.0,28.4,29000,817300,TPEX_OTC_QUOTES_NO1430_JSON
20240110,6203,海韻電,TPEx,93.0,93.4,92.5,92.6,196000,18181100,TPEX_OTC_QUOTES_NO1430_JSON
20240110,6204,艾華,TPEx,126.0,132.0,122.5,126.0,1544000,198384500,TPEX_OTC_QUOTES_NO1430_JSON
20240110,6207,雷科,TPEx,31.6,31.6,31.2,31.25,172000,5390700,TPEX_OTC_QUOTES_NO1430_JSON
20240110,6208,日揚,TPEx,49.05,49.45,49.0,49.1,156000,7677000,TPEX_OTC_QUOTES_NO1430_JSON
20240110,6210,慶生,TPEx,29.95,29.95,29.95,29.95,3000,89850,TPEX_OTC_QUOTES_NO1430_JSON
20240110,6212,理銘,TPEx,54.2,54.2,54.2,54.2,1000,54200,TPEX_OTC_QUOTES_NO1430_JSON
20240110,6217,中探針,TPEx,40.25,41.0,40.2,40.25,628000,25554800,TPEX_OTC_QUOTES_NO1430_JSON
20240110,6218,豪勉,TPEx,22.75,22.75,21.85,21.95,129000,2860350,TPEX_OTC_QUOTES_NO1430_JSON
20240110,6219,富旺,TPEx,29.2,30.45,28.8,30.0,4447000,132213950,TPEX_OTC_QUOTES_NO1430_JSON
20240110,6220,岳豐,TPEx,26.3,26.45,26.1,26.4,596000,15679250,TPEX_OTC_QUOTES_NO1430_JSON
20240110,6221,晉泰,TPEx,65.5,65.5,65.1,65.3,11000,717700,TPEX_OTC_QUOTES_NO1430_JSON
20240110,6222,立軒,TPEx,34.0,36.3,33.8,35.25,105000,3704900,TPEX_OTC_QUOTES_NO1430_JSON
20240110,6223,旺矽,TPEx,251.5,257.5,249.0,257.5,10917000,2780192500,TPEX_OTC_QUOTES_NO1430_JSON
20240110,6227,茂綸,TPEx,41.0,41.15,40.95,41.0,139000,5702150,TPEX_OTC_QUOTES_NO1430_JSON
20240110,6228,全譜,TPEx,24.95,25.8,24.65,24.8,35000,875500,TPEX_OTC_QUOTES_NO1430_JSON
20240110,6229,研通,TPEx,26.6,26.6,26.15,26.3,45000,1186750,TPEX_OTC_QUOTES_NO1430_JSON
20240110,6231,系微,TPEx,259.5,266.0,257.0,263.5,493000,129341000,TPEX_OTC_QUOTES_NO1430_JSON
20240110,6233,旺玖,TPEx,36.2,36.9,35.85,35.9,2382000,86319050,TPEX_OTC_QUOTES_NO1430_JSON
20240110,6234,高僑,TPEx,27.2,28.5,26.65,26.65,388000,10564950,TPEX_OTC_QUOTES_NO1430_JSON
20240110,6236,中湛,TPEx,33.0,33.0,33.0,33.0,20000,660000,TPEX_OTC_QUOTES_NO1430_JSON
20240110,6237,驊訊,TPEx,60.1,62.9,59.6,60.9,5522000,338739900,TPEX_OTC_QUOTES_NO1430_JSON
20240110,6240,松崗,TPEx,19.75,19.95,19.75,19.95,2000,39700,TPEX_OTC_QUOTES_NO1430_JSON
20240110,6241,鑫永洋,TPEx,12.65,12.85,12.6,12.7,43000,547550,TPEX_OTC_QUOTES_NO1430_JSON
20240110,6242,立康,TPEx,57.0,57.0,56.7,56.7,14000,794600,TPEX_OTC_QUOTES_NO1430_JSON
20240110,6244,茂迪,TPEx,26.95,26.95,26.5,26.55,1472000,39188100,TPEX_OTC_QUOTES_NO1430_JSON
20240110,6245,立端,TPEx,108.0,110.5,107.5,108.5,1124000,122570000,TPEX_OTC_QUOTES_NO1430_JSON
20240110,6246,臺龍,TPEx,14.65,14.8,14.5,14.6,47000,687200,TPEX_OTC_QUOTES_NO1430_JSON
20240110,6248,沛波,TPEx,27.9,28.2,27.7,27.7,709000,19790250,TPEX_OTC_QUOTES_NO1430_JSON
20240110,6259,百徽,TPEx,23.05,23.45,22.5,22.6,123000,2815500,TPEX_OTC_QUOTES_NO1430_JSON
20240110,6261,久元,TPEx,65.4,66.4,64.1,64.7,1448000,94138600,TPEX_OTC_QUOTES_NO1430_JSON
20240110,6263,普萊德,TPEx,148.0,148.5,139.0,139.5,1112000,158943500,TPEX_OTC_QUOTES_NO1430_JSON
20240110,6264,富裔,TPEx,7.67,7.67,7.41,7.58,20000,150300,TPEX_OTC_QUOTES_NO1430_JSON
20240110,6265,方土昶,TPEx,10.85,10.85,10.4,10.4,852000,9042450,TPEX_OTC_QUOTES_NO1430_JSON
20240110,6266,泰詠,TPEx,32.05,32.3,32.0,32.0,242000,7775500,TPEX_OTC_QUOTES_NO1430_JSON
20240110,6270,倍微,TPEx,24.6,25.0,24.35,24.7,266000,6529400,TPEX_OTC_QUOTES_NO1430_JSON
20240110,6274,台燿,TPEx,118.0,118.0,115.0,115.0,4287000,498198500,TPEX_OTC_QUOTES_NO1430_JSON
20240110,6275,元山,TPEx,44.2,44.45,44.0,44.35,302000,13363600,TPEX_OTC_QUOTES_NO1430_JSON
20240110,6276,安鈦克,TPEx,77.9,78.7,75.5,76.3,821000,63182800,TPEX_OTC_QUOTES_NO1430_JSON
20240110,6279,胡連,TPEx,154.0,155.5,152.5,152.5,417000,63968000,TPEX_OTC_QUOTES_NO1430_JSON
20240110,6284,佳邦,TPEx,76.0,76.5,75.2,75.6,1755000,133038500,TPEX_OTC_QUOTES_NO1430_JSON
20240110,6290,良維,TPEx,62.0,62.6,61.7,61.8,1163000,72152100,TPEX_OTC_QUOTES_NO1430_JSON
20240110,6291,沛亨,TPEx,199.5,200.0,196.0,200.0,48000,9508500,TPEX_OTC_QUOTES_NO1430_JSON
20240110,6292,迅德,TPEx,62.0,62.4,61.0,61.2,187000,11509800,TPEX_OTC_QUOTES_NO1430_JSON
20240110,6294,智基,TPEx,111.5,111.5,110.5,111.0,74000,8216500,TPEX_OTC_QUOTES_NO1430_JSON
20240110,6411,晶焱,TPEx,116.5,117.0,116.0,116.0,191000,22219000,TPEX_OTC_QUOTES_NO1430_JSON
20240110,6417,韋僑,TPEx,100.0,103.5,99.0,99.5,107000,10804200,TPEX_OTC_QUOTES_NO1430_JSON
20240110,6418,詠昇,TPEx,23.6,23.65,23.05,23.15,339000,7911500,TPEX_OTC_QUOTES_NO1430_JSON
20240110,6419,京晨科,TPEx,47.5,49.75,47.2,48.45,142000,6897900,TPEX_OTC_QUOTES_NO1430_JSON
20240110,6425,易發,TPEx,23.1,23.1,22.65,22.7,63000,1432350,TPEX_OTC_QUOTES_NO1430_JSON
20240110,6432,今展科,TPEx,34.35,34.5,34.15,34.15,44000,1509550,TPEX_OTC_QUOTES_NO1430_JSON
20240110,6435,大中,TPEx,106.0,107.5,105.0,105.5,155000,16426000,TPEX_OTC_QUOTES_NO1430_JSON
20240110,6441,廣錠,TPEx,49.0,49.5,48.1,48.75,110000,5363400,TPEX_OTC_QUOTES_NO1430_JSON
20240110,6446,藥華藥,TPEx,332.0,332.0,327.0,328.0,1253000,411656000,TPEX_OTC_QUOTES_NO1430_JSON
20240110,6457,紘康,TPEx,62.5,63.4,61.7,62.3,312000,19484000,TPEX_OTC_QUOTES_NO1430_JSON
20240110,6461,益得,TPEx,29.85,29.95,29.2,29.45,122000,3610750,TPEX_OTC_QUOTES_NO1430_JSON
20240110,6462,神盾,TPEx,137.0,148.5,136.0,147.5,30368000,4360229500,TPEX_OTC_QUOTES_NO1430_JSON
20240110,6465,威潤,TPEx,19.4,20.25,19.4,19.45,28000,548450,TPEX_OTC_QUOTES_NO1430_JSON
20240110,6469,大樹,TPEx,340.5,344.5,339.5,341.5,137000,46821500,TPEX_OTC_QUOTES_NO1430_JSON
20240110,6470,宇智,TPEx,62.4,62.8,62.0,62.0,168000,10449800,TPEX_OTC_QUOTES_NO1430_JSON
20240110,6482,弘煜科,TPEx,75.9,78.8,71.6,74.5,726000,54841400,TPEX_OTC_QUOTES_NO1430_JSON
20240110,6485,點序,TPEx,98.0,101.0,97.7,99.8,1088000,108348400,TPEX_OTC_QUOTES_NO1430_JSON
20240110,6486,互動,TPEx,75.1,75.4,75.0,75.2,112000,8413500,TPEX_OTC_QUOTES_NO1430_JSON
20240110,6488,環球晶,TPEx,590.0,591.0,582.0,588.0,1102000,646642000,TPEX_OTC_QUOTES_NO1430_JSON
20240110,6492,生華科,TPEx,47.55,48.45,47.55,48.05,185000,8848400,TPEX_OTC_QUOTES_NO1430_JSON
20240110,6494,九齊,TPEx,79.3,79.9,77.5,79.2,145000,11416100,TPEX_OTC_QUOTES_NO1430_JSON
20240110,6496,科懋,TPEx,28.75,28.75,28.6,28.6,9000,258150,TPEX_OTC_QUOTES_NO1430_JSON
20240110,6499,益安,TPEx,45.0,45.25,45.0,45.05,10000,450650,TPEX_OTC_QUOTES_NO1430_JSON
20240110,6506,雙邦,TPEx,17.05,17.05,16.8,16.9,18000,303750,TPEX_OTC_QUOTES_NO1430_JSON
20240110,6508,惠光,TPEx,34.85,34.85,34.5,34.65,23000,796450,TPEX_OTC_QUOTES_NO1430_JSON
20240110,6509,聚和,TPEx,38.0,38.0,37.5,37.55,239000,8979600,TPEX_OTC_QUOTES_NO1430_JSON
20240110,6510,精測,TPEx,533.0,539.0,532.0,539.0,50000,26772000,TPEX_OTC_QUOTES_NO1430_JSON
20240110,6512,啟發電,TPEx,20.9,20.9,20.2,20.9,8000,164800,TPEX_OTC_QUOTES_NO1430_JSON
20240110,6514,芮特-KY,TPEx,49.7,49.9,49.7,49.8,5000,249100,TPEX_OTC_QUOTES_NO1430_JSON
20240110,6516,勤崴國際,TPEx,81.2,81.9,81.0,81.2,17000,1385900,TPEX_OTC_QUOTES_NO1430_JSON
20240110,6517,保勝光學,TPEx,81.7,83.6,81.7,82.4,203000,16766400,TPEX_OTC_QUOTES_NO1430_JSON
20240110,6523,達爾膚,TPEx,147.0,148.5,147.0,148.0,86000,12706500,TPEX_OTC_QUOTES_NO1430_JSON
20240110,6527,明達醫,TPEx,86.8,86.8,86.0,86.5,25000,2158600,TPEX_OTC_QUOTES_NO1430_JSON
20240110,6530,創威,TPEx,42.35,42.4,40.65,40.8,515000,21295300,TPEX_OTC_QUOTES_NO1430_JSON
20240110,6532,瑞耘,TPEx,56.6,57.2,56.5,56.7,84000,4757800,TPEX_OTC_QUOTES_NO1430_JSON
20240110,6535,順藥,TPEx,70.0,70.1,69.7,70.1,594000,41556400,TPEX_OTC_QUOTES_NO1430_JSON
20240110,6538,倉和,TPEx,144.5,146.0,142.5,142.5,492000,70655500,TPEX_OTC_QUOTES_NO1430_JSON
20240110,6542,隆中,TPEx,53.0,54.3,53.0,53.3,17000,909000,TPEX_OTC_QUOTES_NO1430_JSON
20240110,6546,正基,TPEx,112.0,113.5,110.5,112.5,937000,105106500,TPEX_OTC_QUOTES_NO1430_JSON
20240110,6547,高端疫苗,TPEx,67.7,68.9,66.9,68.2,1365000,92675000,TPEX_OTC_QUOTES_NO1430_JSON
20240110,6548,長科*,TPEx,32.95,32.95,32.7,32.7,304000,9964250,TPEX_OTC_QUOTES_NO1430_JSON
20240110,6556,勝品,TPEx,85.0,85.1,84.7,84.7,13000,1105400,TPEX_OTC_QUOTES_NO1430_JSON
20240110,6560,欣普羅,TPEx,30.65,30.65,30.1,30.5,12000,364600,TPEX_OTC_QUOTES_NO1430_JSON
20240110,6561,是方,TPEx,330.0,330.0,327.5,328.0,108000,35446000,TPEX_OTC_QUOTES_NO1430_JSON
20240110,6568,宏觀,TPEx,148.0,150.5,148.0,150.0,22000,3289000,TPEX_OTC_QUOTES_NO1430_JSON
20240110,6569,醫揚,TPEx,167.5,169.0,167.5,169.0,31000,5205500,TPEX_OTC_QUOTES_NO1430_JSON
20240110,6570,維田,TPEx,51.2,51.3,51.1,51.2,32000,1639300,TPEX_OTC_QUOTES_NO1430_JSON
20240110,6574,霈方,TPEx,50.2,50.2,49.0,49.0,5000,246850,TPEX_OTC_QUOTES_NO1430_JSON
20240110,6576,逸達,TPEx,94.1,95.5,94.1,95.2,298000,28328300,TPEX_OTC_QUOTES_NO1430_JSON
20240110,6577,勁豐,TPEx,95.4,95.5,95.1,95.2,56000,5333200,TPEX_OTC_QUOTES_NO1430_JSON
20240110,6578,達邦蛋白,TPEx,19.75,20.5,19.7,20.1,305000,6152450,TPEX_OTC_QUOTES_NO1430_JSON
20240110,6584,南俊國際,TPEx,86.1,86.1,84.2,85.8,293000,24934000,TPEX_OTC_QUOTES_NO1430_JSON
20240110,6588,東典光電,TPEx,33.8,33.8,32.1,32.25,54000,1767050,TPEX_OTC_QUOTES_NO1430_JSON
20240110,6589,台康生技,TPEx,98.2,98.3,97.0,97.5,536000,52238300,TPEX_OTC_QUOTES_NO1430_JSON
20240110,6590,普鴻,TPEx,92.3,93.6,92.1,92.5,25000,2312900,TPEX_OTC_QUOTES_NO1430_JSON
20240110,6593,台灣銘板,TPEx,151.5,155.5,149.5,152.5,759000,115869500,TPEX_OTC_QUOTES_NO1430_JSON
20240110,6596,寬宏藝術,TPEx,52.4,53.0,52.0,53.0,111000,5807300,TPEX_OTC_QUOTES_NO1430_JSON
20240110,6603,富強鑫,TPEx,15.95,16.05,15.8,15.8,223000,3543800,TPEX_OTC_QUOTES_NO1430_JSON
20240110,6609,瀧澤科,TPEx,31.1,31.1,30.75,30.75,58000,1790150,TPEX_OTC_QUOTES_NO1430_JSON
20240110,6612,奈米醫材,TPEx,114.5,115.0,113.0,115.0,51000,5824000,TPEX_OTC_QUOTES_NO1430_JSON
20240110,6613,朋億*,TPEx,135.0,138.0,135.0,136.0,241000,32946000,TPEX_OTC_QUOTES_NO1430_JSON
20240110,6615,慧智,TPEx,39.5,39.7,39.5,39.6,4000,158300,TPEX_OTC_QUOTES_NO1430_JSON
20240110,6616,特昇-KY,TPEx,14.0,14.15,13.85,14.0,105000,1471850,TPEX_OTC_QUOTES_NO1430_JSON
20240110,6624,萬年清,TPEx,46.0,46.0,46.0,46.0,2000,92000,TPEX_OTC_QUOTES_NO1430_JSON
20240110,6629,泰金-KY,TPEx,55.0,55.4,54.7,54.7,24000,1317200,TPEX_OTC_QUOTES_NO1430_JSON
20240110,6640,均華,TPEx,168.0,168.0,155.5,161.5,427000,71160500,TPEX_OTC_QUOTES_NO1430_JSON
20240110,6642,富致,TPEx,46.3,46.3,46.05,46.05,7000,322800,TPEX_OTC_QUOTES_NO1430_JSON
20240110,6643,M31,TPEx,1110.0,1150.0,1095.0,1145.0,978000,1103950000,TPEX_OTC_QUOTES_NO1430_JSON
20240110,6649,台生材,TPEx,30.8,30.95,30.5,30.5,14000,429400,TPEX_OTC_QUOTES_NO1430_JSON
20240110,6651,全宇昕,TPEx,78.5,78.6,77.6,78.3,41000,3201800,TPEX_OTC_QUOTES_NO1430_JSON
20240110,6654,天正國際,TPEx,44.0,44.45,43.7,44.45,5000,219600,TPEX_OTC_QUOTES_NO1430_JSON
20240110,6661,威健生技,TPEx,22.85,22.85,22.4,22.4,6000,135450,TPEX_OTC_QUOTES_NO1430_JSON
20240110,6662,樂斯科,TPEx,33.3,33.45,32.9,33.4,67000,2219350,TPEX_OTC_QUOTES_NO1430_JSON
20240110,6664,群翊,TPEx,153.0,156.0,151.5,153.5,284000,43733000,TPEX_OTC_QUOTES_NO1430_JSON
20240110,6667,信紘科,TPEx,103.0,105.5,102.0,102.0,1068000,110338500,TPEX_OTC_QUOTES_NO1430_JSON
20240110,6679,鈺太,TPEx,428.5,440.0,427.5,437.0,551000,240130000,TPEX_OTC_QUOTES_NO1430_JSON
20240110,6680,鑫創電子,TPEx,80.0,80.0,80.0,80.0,8000,640000,TPEX_OTC_QUOTES_NO1430_JSON
20240110,6683,雍智科技,TPEx,288.5,297.0,287.5,292.5,335000,98381000,TPEX_OTC_QUOTES_NO1430_JSON
20240110,6684,安格,TPEx,82.0,88.5,81.2,85.9,15863000,1353022000,TPEX_OTC_QUOTES_NO1430_JSON
20240110,6690,安碁資訊,TPEx,191.5,191.5,189.0,190.0,87000,16525500,TPEX_OTC_QUOTES_NO1430_JSON
20240110,6693,廣閎科,TPEx,65.0,65.0,64.3,64.9,45000,2906200,TPEX_OTC_QUOTES_NO1430_JSON
20240110,6697,東捷資訊,TPEx,49.8,50.1,49.8,49.8,31000,1546100,TPEX_OTC_QUOTES_NO1430_JSON
20240110,6703,軒郁,TPEx,278.5,282.0,274.5,275.5,115000,31789000,TPEX_OTC_QUOTES_NO1430_JSON
20240110,6708,天擎,TPEx,48.8,48.8,47.8,47.9,7000,337300,TPEX_OTC_QUOTES_NO1430_JSON
20240110,6712,長聖,TPEx,196.0,196.5,193.5,194.0,305000,59305000,TPEX_OTC_QUOTES_NO1430_JSON
20240110,6716,應廣,TPEx,124.5,128.0,122.0,122.0,132000,16440000,TPEX_OTC_QUOTES_NO1430_JSON
20240110,6721,信實,TPEx,51.4,51.4,51.3,51.3,4000,205400,TPEX_OTC_QUOTES_NO1430_JSON
20240110,6727,亞泰金屬,TPEx,57.6,57.9,57.3,57.9,20000,1148100,TPEX_OTC_QUOTES_NO1430_JSON
20240110,6728,上洋,TPEx,138.0,144.0,137.5,142.5,67000,9384000,TPEX_OTC_QUOTES_NO1430_JSON
20240110,6732,昇佳電子,TPEx,403.5,404.5,392.5,402.0,794000,315995500,TPEX_OTC_QUOTES_NO1430_JSON
20240110,6733,博晟生醫,TPEx,38.25,38.25,37.2,37.75,186000,6977300,TPEX_OTC_QUOTES_NO1430_JSON
20240110,6735,美達科技,TPEx,60.9,65.5,60.9,65.5,536000,34515700,TPEX_OTC_QUOTES_NO1430_JSON
20240110,6741,91APP*-KY,TPEx,100.0,101.0,99.5,99.5,159000,15909900,TPEX_OTC_QUOTES_NO1430_JSON
20240110,6747,亨泰光,TPEx,189.0,189.0,188.5,189.0,4000,755500,TPEX_OTC_QUOTES_NO1430_JSON
20240110,6751,智聯服務,TPEx,80.5,80.5,80.0,80.1,7000,560900,TPEX_OTC_QUOTES_NO1430_JSON
20240110,6752,叡揚,TPEx,139.0,140.0,137.0,140.0,208000,28827000,TPEX_OTC_QUOTES_NO1430_JSON
20240110,6761,穩得,TPEx,74.5,74.9,73.9,74.7,16000,1189300,TPEX_OTC_QUOTES_NO1430_JSON
20240110,6762,達亞,TPEx,261.0,261.0,258.0,260.5,5000,1297500,TPEX_OTC_QUOTES_NO1430_JSON
20240110,6763,綠界科技*,TPEx,459.0,459.5,453.0,459.5,4000,1830500,TPEX_OTC_QUOTES_NO1430_JSON
20240110,6767,台微醫,TPEx,35.55,36.1,35.55,35.75,28000,1005100,TPEX_OTC_QUOTES_NO1430_JSON
20240110,6788,華景電,TPEx,123.5,125.5,123.5,125.0,246000,30603500,TPEX_OTC_QUOTES_NO1430_JSON
20240110,6791,虎門科技,TPEx,87.1,87.1,86.8,87.0,9000,782200,TPEX_OTC_QUOTES_NO1430_JSON
20240110,6803,崑鼎,TPEx,305.0,305.0,298.0,299.5,264000,79136500,TPEX_OTC_QUOTES_NO1430_JSON
20240110,6804,明係,TPEx,55.1,55.1,54.2,54.2,9000,489100,TPEX_OTC_QUOTES_NO1430_JSON
20240110,6811,宏碁資訊,TPEx,289.5,290.5,285.0,285.0,211000,60454500,TPEX_OTC_QUOTES_NO1430_JSON
20240110,6821,聯寶,TPEx,45.15,45.2,45.1,45.15,10000,451600,TPEX_OTC_QUOTES_NO1430_JSON
20240110,6823,濾能,TPEx,66.4,67.9,65.7,67.8,13000,868200,TPEX_OTC_QUOTES_NO1430_JSON
20240110,6829,千附精密,TPEx,105.0,108.5,101.0,102.0,961000,100301000,TPEX_OTC_QUOTES_NO1430_JSON
20240110,6840,東研信超,TPEx,72.0,72.5,72.0,72.4,21000,1521100,TPEX_OTC_QUOTES_NO1430_JSON
20240110,6841,長佳智能,TPEx,93.5,94.5,92.8,94.1,168000,15737400,TPEX_OTC_QUOTES_NO1430_JSON
20240110,6843,進典,TPEx,63.5,65.2,63.5,64.8,16000,1036800,TPEX_OTC_QUOTES_NO1430_JSON
20240110,6846,綠茵,TPEx,78.0,78.0,77.1,77.1,11000,850800,TPEX_OTC_QUOTES_NO1430_JSON
20240110,6855,數泓科,TPEx,91.3,94.0,91.3,93.2,81000,7527300,TPEX_OTC_QUOTES_NO1430_JSON
20240110,6856,鑫傳,TPEx,66.5,66.5,66.2,66.2,6000,398700,TPEX_OTC_QUOTES_NO1430_JSON
20240110,6859,伯特光,TPEx,124.0,124.5,120.0,121.0,29000,3526500,TPEX_OTC_QUOTES_NO1430_JSON
20240110,6865,偉康科技,TPEx,62.8,63.0,62.5,63.0,14000,880800,TPEX_OTC_QUOTES_NO1430_JSON
20240110,6870,騰雲,TPEx,150.5,153.0,149.5,153.0,57000,8585000,TPEX_OTC_QUOTES_NO1430_JSON
20240110,6874,倍力,TPEx,120.0,120.0,118.0,118.5,34000,4032000,TPEX_OTC_QUOTES_NO1430_JSON
20240110,6877,鏵友益,TPEx,36.5,36.6,36.2,36.5,9000,328100,TPEX_OTC_QUOTES_NO1430_JSON
20240110,6894,衛司特,TPEx,162.5,173.0,162.0,172.0,351000,59474500,TPEX_OTC_QUOTES_NO1430_JSON
20240110,6895,宏碩系統,TPEx,115.0,115.0,111.5,114.0,154000,17484000,TPEX_OTC_QUOTES_NO1430_JSON
20240110,6904,伯鑫,TPEx,155.0,158.5,155.0,155.0,18000,2828000,TPEX_OTC_QUOTES_NO1430_JSON
20240110,6922,宸曜,TPEx,105.0,106.5,103.0,104.0,56000,5834000,TPEX_OTC_QUOTES_NO1430_JSON
20240110,7402,邑錡,TPEx,76.8,78.3,75.1,75.3,1030000,78830000,TPEX_OTC_QUOTES_NO1430_JSON
20240110,7556,意德士科技,TPEx,112.0,112.0,110.5,112.0,28000,3119500,TPEX_OTC_QUOTES_NO1430_JSON
20240110,8024,佑華,TPEx,20.95,20.95,20.7,20.85,111000,2311800,TPEX_OTC_QUOTES_NO1430_JSON
20240110,8027,鈦昇,TPEx,71.7,72.7,70.3,70.7,546000,38793200,TPEX_OTC_QUOTES_NO1430_JSON
20240110,8032,光菱,TPEx,29.15,29.2,29.15,29.2,6000,174950,TPEX_OTC_QUOTES_NO1430_JSON
20240110,8034,榮群,TPEx,22.05,24.5,22.05,24.5,6628000,156874250,TPEX_OTC_QUOTES_NO1430_JSON
20240110,8038,長園科,TPEx,35.1,35.1,34.15,34.3,537000,18491450,TPEX_OTC_QUOTES_NO1430_JSON
20240110,8040,九暘,TPEx,47.5,48.6,47.5,47.7,271000,13001550,TPEX_OTC_QUOTES_NO1430_JSON
20240110,8042,金山電,TPEx,37.6,37.95,37.15,37.4,16000,599500,TPEX_OTC_QUOTES_NO1430_JSON
20240110,8043,蜜望實,TPEx,27.1,27.3,26.8,26.85,74000,1996300,TPEX_OTC_QUOTES_NO1430_JSON
20240110,8044,網家,TPEx,42.0,42.05,41.2,41.2,731000,30288450,TPEX_OTC_QUOTES_NO1430_JSON
20240110,8047,星雲,TPEx,11.7,12.75,11.7,12.1,229000,2798700,TPEX_OTC_QUOTES_NO1430_JSON
20240110,8048,德勝,TPEx,65.6,66.0,65.5,65.7,145000,9529500,TPEX_OTC_QUOTES_NO1430_JSON
20240110,8049,晶采,TPEx,37.85,37.85,37.25,37.35,583000,21818700,TPEX_OTC_QUOTES_NO1430_JSON
20240110,8050,廣積,TPEx,79.0,79.9,78.6,79.7,1144000,91007900,TPEX_OTC_QUOTES_NO1430_JSON
20240110,8054,安國,TPEx,124.0,129.5,124.0,129.5,1494000,189878000,TPEX_OTC_QUOTES_NO1430_JSON
20240110,8059,凱碩,TPEx,26.15,28.6,26.15,28.05,1643000,45440050,TPEX_OTC_QUOTES_NO1430_JSON
20240110,8064,東捷,TPEx,18.85,19.05,18.7,18.9,500000,9445550,TPEX_OTC_QUOTES_NO1430_JSON
20240110,8066,來思達,TPEx,31.7,32.45,31.7,31.85,34000,1086900,TPEX_OTC_QUOTES_NO1430_JSON
20240110,8067,志旭,TPEx,14.2,14.2,14.15,14.15,2000,28350,TPEX_OTC_QUOTES_NO1430_JSON
20240110,8068,全達,TPEx,42.15,42.75,41.2,41.45,953000,40036700,TPEX_OTC_QUOTES_NO1430_JSON
20240110,8069,元太,TPEx,189.5,190.0,183.0,187.0,5538000,1028608500,TPEX_OTC_QUOTES_NO1430_JSON
20240110,8071,能率網通,TPEx,14.5,14.5,14.4,14.5,25000,360900,TPEX_OTC_QUOTES_NO1430_JSON
20240110,8074,鉅橡,TPEx,19.85,19.95,19.8,19.8,25000,496900,TPEX_OTC_QUOTES_NO1430_JSON
20240110,8076,伍豐,TPEx,30.65,30.75,30.3,30.35,467000,14208100,TPEX_OTC_QUOTES_NO1430_JSON
20240110,8077,洛碁,TPEx,49.45,50.0,49.1,49.1,9000,446950,TPEX_OTC_QUOTES_NO1430_JSON
20240110,8083,瑞穎,TPEx,146.5,147.5,146.0,147.5,114000,16720000,TPEX_OTC_QUOTES_NO1430_JSON
20240110,8084,巨虹,TPEx,82.1,83.5,82.1,83.0,35000,2907900,TPEX_OTC_QUOTES_NO1430_JSON
20240110,8085,福華,TPEx,52.6,54.7,52.5,52.8,1763000,93822500,TPEX_OTC_QUOTES_NO1430_JSON
20240110,8086,宏捷科,TPEx,116.0,116.5,115.0,115.5,2618000,302673500,TPEX_OTC_QUOTES_NO1430_JSON
20240110,8087,麗升能源,TPEx,50.3,50.3,49.3,49.75,67000,3330400,TPEX_OTC_QUOTES_NO1430_JSON
20240110,8088,品安,TPEx,44.6,44.85,43.8,43.9,1199000,52852700,TPEX_OTC_QUOTES_NO1430_JSON
20240110,8089,康全電訊,TPEx,57.6,61.5,57.2,60.4,5187000,310767600,TPEX_OTC_QUOTES_NO1430_JSON
20240110,8091,翔名,TPEx,90.0,90.7,90.0,90.5,84000,7593500,TPEX_OTC_QUOTES_NO1430_JSON
20240110,8092,建暐,TPEx,12.9,13.05,12.9,13.0,83000,1077750,TPEX_OTC_QUOTES_NO1430_JSON
20240110,8093,保銳,TPEx,16.0,16.0,15.65,15.7,87000,1378550,TPEX_OTC_QUOTES_NO1430_JSON
20240110,8096,擎亞,TPEx,19.1,20.65,18.4,20.65,51836000,1025564250,TPEX_OTC_QUOTES_NO1430_JSON
20240110,8097,常珵,TPEx,60.2,60.5,59.9,60.2,266000,16004800,TPEX_OTC_QUOTES_NO1430_JSON
20240110,8099,大世科,TPEx,49.0,49.0,48.85,48.85,31000,1516500,TPEX_OTC_QUOTES_NO1430_JSON
20240110,8107,大億金茂,TPEx,16.5,16.5,16.2,16.3,35000,569750,TPEX_OTC_QUOTES_NO1430_JSON
20240110,8109,博大,TPEx,93.7,93.7,93.0,93.1,121000,11276400,TPEX_OTC_QUOTES_NO1430_JSON
20240110,8111,立碁,TPEx,19.9,22.15,19.5,21.4,9097000,190822150,TPEX_OTC_QUOTES_NO1430_JSON
20240110,8121,越峰,TPEx,24.0,24.0,23.6,23.7,134000,3181850,TPEX_OTC_QUOTES_NO1430_JSON
20240110,8147,正淩,TPEx,72.3,73.0,71.9,71.9,25000,1805700,TPEX_OTC_QUOTES_NO1430_JSON
20240110,8155,博智,TPEx,149.5,155.5,148.5,153.5,1340000,205304000,TPEX_OTC_QUOTES_NO1430_JSON
20240110,8171,天宇,TPEx,39.55,39.55,38.8,38.85,230000,8962400,TPEX_OTC_QUOTES_NO1430_JSON
20240110,8176,智捷,TPEx,13.6,13.75,13.4,13.5,287000,3870500,TPEX_OTC_QUOTES_NO1430_JSON
20240110,8182,加高,TPEx,32.0,32.4,31.85,31.85,42000,1345100,TPEX_OTC_QUOTES_NO1430_JSON
20240110,8183,精星,TPEx,48.8,49.3,48.3,48.35,608000,29582500,TPEX_OTC_QUOTES_NO1430_JSON
20240110,8227,巨有科技,TPEx,285.0,304.0,283.5,303.0,9828000,2926089500,TPEX_OTC_QUOTES_NO1430_JSON
20240110,8234,新漢,TPEx,46.4,46.45,45.75,45.8,309000,14216050,TPEX_OTC_QUOTES_NO1430_JSON
20240110,8240,華宏,TPEx,34.75,34.8,33.85,33.9,220000,7512900,TPEX_OTC_QUOTES_NO1430_JSON
20240110,8255,朋程,TPEx,176.5,177.5,174.0,175.0,430000,75447500,TPEX_OTC_QUOTES_NO1430_JSON
20240110,8277,商丞,TPEx,11.8,11.95,11.7,11.9,231000,2723600,TPEX_OTC_QUOTES_NO1430_JSON
20240110,8279,生展,TPEx,152.0,153.0,152.0,153.0,8000,1219000,TPEX_OTC_QUOTES_NO1430_JSON
20240110,8284,三竹,TPEx,60.7,61.3,60.6,61.3,10000,608100,TPEX_OTC_QUOTES_NO1430_JSON
20240110,8289,泰藝,TPEx,31.5,31.5,31.2,31.25,51000,1598000,TPEX_OTC_QUOTES_NO1430_JSON
20240110,8291,尚茂,TPEx,5.86,5.86,5.85,5.85,11000,64360,TPEX_OTC_QUOTES_NO1430_JSON
20240110,8299,群聯,TPEx,495.0,496.0,491.0,494.0,1048000,516865000,TPEX_OTC_QUOTES_NO1430_JSON
20240110,8342,益張,TPEx,69.3,69.4,69.3,69.4,9000,624400,TPEX_OTC_QUOTES_NO1430_JSON
20240110,8349,恒耀國際,TPEx,62.2,62.7,61.6,61.7,347000,21518800,TPEX_OTC_QUOTES_NO1430_JSON
20240110,8354,冠好,TPEx,16.05,16.3,15.85,15.85,126000,2017050,TPEX_OTC_QUOTES_NO1430_JSON
20240110,8358,金居,TPEx,57.7,58.0,57.3,57.4,1055000,60668100,TPEX_OTC_QUOTES_NO1430_JSON
20240110,8383,千附,TPEx,37.65,37.65,37.35,37.4,96000,3592200,TPEX_OTC_QUOTES_NO1430_JSON
20240110,8390,金益鼎,TPEx,50.1,50.1,49.45,49.55,313000,15523550,TPEX_OTC_QUOTES_NO1430_JSON
20240110,8401,白紗科,TPEx,20.45,20.6,20.4,20.45,144000,2947900,TPEX_OTC_QUOTES_NO1430_JSON
20240110,8403,盛弘,TPEx,32.7,32.7,32.15,32.15,270000,8705150,TPEX_OTC_QUOTES_NO1430_JSON
20240110,8409,商之器,TPEx,24.05,24.15,23.5,23.6,117000,2777200,TPEX_OTC_QUOTES_NO1430_JSON
20240110,8410,森田,TPEx,72.4,73.8,70.8,70.8,368000,26671200,TPEX_OTC_QUOTES_NO1430_JSON
20240110,8415,大國鋼,TPEx,35.2,35.3,34.3,34.3,419000,14528600,TPEX_OTC_QUOTES_NO1430_JSON
20240110,8416,實威,TPEx,143.0,143.0,139.5,142.0,16000,2260500,TPEX_OTC_QUOTES_NO1430_JSON
20240110,8418,捷必勝-KY,TPEx,8.94,8.94,8.94,8.94,89000,795660,TPEX_OTC_QUOTES_NO1430_JSON
20240110,8420,明揚,TPEx,60.1,60.1,59.1,59.8,82000,4906400,TPEX_OTC_QUOTES_NO1430_JSON
20240110,8421,旭源,TPEx,13.9,13.9,13.5,13.55,159000,2166450,TPEX_OTC_QUOTES_NO1430_JSON
20240110,8424,惠普,TPEx,67.5,67.5,67.4,67.4,3000,202300,TPEX_OTC_QUOTES_NO1430_JSON
20240110,8426,紅木-KY,TPEx,68.2,69.6,67.5,68.1,365000,24921600,TPEX_OTC_QUOTES_NO1430_JSON
20240110,8431,匯鑽科,TPEx,54.5,55.1,54.2,55.1,163000,8929000,TPEX_OTC_QUOTES_NO1430_JSON
20240110,8432,東生華,TPEx,51.5,52.8,50.8,51.9,299000,15544800,TPEX_OTC_QUOTES_NO1430_JSON
20240110,8433,弘帆,TPEx,92.5,93.7,90.8,91.3,309000,28437200,TPEX_OTC_QUOTES_NO1430_JSON
20240110,8435,鉅邁,TPEx,63.0,63.4,63.0,63.2,39000,2466600,TPEX_OTC_QUOTES_NO1430_JSON
20240110,8436,大江,TPEx,169.0,170.5,167.5,168.0,364000,61554500,TPEX_OTC_QUOTES_NO1430_JSON
20240110,8437,大地-KY,TPEx,48.15,49.0,48.15,48.45,29000,1406950,TPEX_OTC_QUOTES_NO1430_JSON
20240110,8440,綠電,TPEx,34.1,35.05,34.1,34.15,60000,2060750,TPEX_OTC_QUOTES_NO1430_JSON
20240110,8444,綠河-KY,TPEx,35.85,35.95,35.65,35.8,68000,2430200,TPEX_OTC_QUOTES_NO1430_JSON
20240110,8446,華研,TPEx,114.5,117.0,111.5,112.5,1579000,180001500,TPEX_OTC_QUOTES_NO1430_JSON
20240110,8450,霹靂,TPEx,23.55,23.55,23.3,23.35,17000,398100,TPEX_OTC_QUOTES_NO1430_JSON
20240110,8455,大拓-KY,TPEx,21.15,21.15,21.15,21.15,1000,21150,TPEX_OTC_QUOTES_NO1430_JSON
20240110,8472,夠麻吉,TPEx,35.55,35.6,35.55,35.6,2000,71150,TPEX_OTC_QUOTES_NO1430_JSON
20240110,8477,創業家,TPEx,18.65,18.95,18.1,18.5,330000,6086450,TPEX_OTC_QUOTES_NO1430_JSON
20240110,8489,三貝德,TPEx,24.75,25.2,24.7,24.75,41000,1024800,TPEX_OTC_QUOTES_NO1430_JSON
20240110,8905,裕國,TPEx,30.0,30.2,29.8,29.8,176000,5287500,TPEX_OTC_QUOTES_NO1430_JSON
20240110,8906,花王,TPEx,16.75,16.75,16.75,16.75,3000,50250,TPEX_OTC_QUOTES_NO1430_JSON
20240110,8908,欣雄,TPEx,58.3,58.4,58.1,58.4,23000,1339100,TPEX_OTC_QUOTES_NO1430_JSON
20240110,8916,光隆,TPEx,56.3,57.0,56.1,56.5,199000,11286000,TPEX_OTC_QUOTES_NO1430_JSON
20240110,8923,時報,TPEx,19.45,19.45,19.45,19.45,1000,19450,TPEX_OTC_QUOTES_NO1430_JSON
20240110,8924,大田,TPEx,90.8,90.8,89.8,90.1,90000,8107400,TPEX_OTC_QUOTES_NO1430_JSON
20240110,8927,北基,TPEx,51.1,51.2,50.5,50.5,203000,10324300,TPEX_OTC_QUOTES_NO1430_JSON
20240110,8928,鉅明,TPEx,31.7,31.7,31.45,31.6,24000,757700,TPEX_OTC_QUOTES_NO1430_JSON
20240110,8929,富堡,TPEx,20.1,20.1,20.05,20.1,3000,60250,TPEX_OTC_QUOTES_NO1430_JSON
20240110,8930,青鋼,TPEx,36.85,37.5,36.05,37.2,586000,21564700,TPEX_OTC_QUOTES_NO1430_JSON
20240110,8931,大汽電,TPEx,47.1,47.3,46.95,47.2,79000,3720500,TPEX_OTC_QUOTES_NO1430_JSON
20240110,8932,智通*,TPEx,125.5,128.5,124.0,128.5,1084000,136963000,TPEX_OTC_QUOTES_NO1430_JSON
20240110,8933,愛地雅,TPEx,9.81,9.83,9.79,9.81,120000,1176960,TPEX_OTC_QUOTES_NO1430_JSON
20240110,8935,邦泰,TPEx,11.5,11.55,11.35,11.55,23000,262800,TPEX_OTC_QUOTES_NO1430_JSON
20240110,8936,國統,TPEx,45.6,46.35,45.1,45.3,3743000,170736600,TPEX_OTC_QUOTES_NO1430_JSON
20240110,8938,明安,TPEx,71.4,71.4,70.8,70.8,123000,8719100,TPEX_OTC_QUOTES_NO1430_JSON
20240110,8941,關中,TPEx,59.0,59.3,59.0,59.3,12000,708800,TPEX_OTC_QUOTES_NO1430_JSON
20240110,8942,森鉅,TPEx,72.4,72.5,72.2,72.2,206000,14892200,TPEX_OTC_QUOTES_NO1430_JSON
20240110,9949,琉園,TPEx,17.3,18.1,16.9,17.15,93000,1592500,TPEX_OTC_QUOTES_NO1430_JSON
20240110,9950,萬國通,TPEx,21.7,21.7,20.85,20.95,647000,13685850,TPEX_OTC_QUOTES_NO1430_JSON
20240110,9951,皇田,TPEx,73.0,73.0,72.0,72.1,275000,19910500,TPEX_OTC_QUOTES_NO1430_JSON
20240110,9960,邁達康,TPEx,27.2,27.35,27.1,27.25,24000,653250,TPEX_OTC_QUOTES_NO1430_JSON
20240110,9962,有益,TPEx,18.3,18.35,18.15,18.2,158000,2878300,TPEX_OTC_QUOTES_NO1430_JSON
20240110,0050,元大台灣50,TWSE,132.4,132.65,132.0,132.3,7249096,959855308,TWSE_RWD_JSON_MI_INDEX
20240110,0051,元大中型100,TWSE,72.4,72.4,72.1,72.4,52551,3799360,TWSE_RWD_JSON_MI_INDEX
20240110,0052,富邦科技,TWSE,125.45,126.05,125.45,126.0,113535,14281414,TWSE_RWD_JSON_MI_INDEX
20240110,0053,元大電子,TWSE,69.95,70.05,69.95,70.05,4999,349437,TWSE_RWD_JSON_MI_INDEX
20240110,0055,元大MSCI金融,TWSE,23.9,23.9,23.74,23.8,110792,2638847,TWSE_RWD_JSON_MI_INDEX
20240110,0056,元大高股息,TWSE,36.4,36.4,36.18,36.24,39924734,1447847805,TWSE_RWD_JSON_MI_INDEX
20240110,0057,富邦摩台,TWSE,97.5,97.5,97.5,97.5,1203,117348,TWSE_RWD_JSON_MI_INDEX
20240110,0061,元大寶滬深,TWSE,15.6,15.69,15.6,15.63,148673,2327451,TWSE_RWD_JSON_MI_INDEX
20240110,006203,元大MSCI台灣,TWSE,64.8,64.8,64.8,64.8,4042,261605,TWSE_RWD_JSON_MI_INDEX
20240110,006204,永豐臺灣加權,TWSE,87.5,87.5,87.25,87.25,5630,491681,TWSE_RWD_JSON_MI_INDEX
20240110,006205,富邦上証,TWSE,26.52,26.84,26.52,26.67,391147,10430890,TWSE_RWD_JSON_MI_INDEX
20240110,006206,元大上證50,TWSE,25.45,25.7,25.42,25.56,104781,2673883,TWSE_RWD_JSON_MI_INDEX
20240110,006207,復華滬深,TWSE,20.31,20.51,20.29,20.38,363722,7413419,TWSE_RWD_JSON_MI_INDEX
20240110,006208,富邦台50,TWSE,75.55,75.7,75.3,75.55,3189455,241004313,TWSE_RWD_JSON_MI_INDEX
20240110,00636,國泰中國A50,TWSE,18.0,18.22,18.0,18.07,727438,13151062,TWSE_RWD_JSON_MI_INDEX
20240110,00639,富邦深100,TWSE,9.56,9.7,9.53,9.61,782013,7526657,TWSE_RWD_JSON_MI_INDEX
20240110,00643,群益深証中小,TWSE,10.92,11.02,10.82,10.91,519445,5667860,TWSE_RWD_JSON_MI_INDEX
20240110,00645,富邦日本,TWSE,33.13,33.44,33.13,33.39,947294,31579557,TWSE_RWD_JSON_MI_INDEX
20240110,00646,元大S&P500,TWSE,45.8,45.91,45.78,45.78,2747363,125859404,TWSE_RWD_JSON_MI_INDEX
20240110,00652,富邦印度,TWSE,35.18,35.18,34.86,35.0,247973,8674150,TWSE_RWD_JSON_MI_INDEX
20240110,00657,國泰日經225,TWSE,40.29,40.64,40.29,40.63,612237,24786227,TWSE_RWD_JSON_MI_INDEX
20240110,00660,元大歐洲50,TWSE,32.38,32.38,32.33,32.33,2000,64710,TWSE_RWD_JSON_MI_INDEX
20240110,00661,元大日經225,TWSE,43.61,44.02,43.61,43.99,618201,27150914,TWSE_RWD_JSON_MI_INDEX
20240110,00662,富邦NASDAQ,TWSE,66.65,66.9,66.65,66.75,2668657,178407483,TWSE_RWD_JSON_MI_INDEX
20240110,00668,國泰美國道瓊,TWSE,42.26,42.3,42.26,42.29,294963,12472397,TWSE_RWD_JSON_MI_INDEX
20240110,00678,群益那斯達克生技,TWSE,27.97,27.99,27.95,27.96,252562,7064952,TWSE_RWD_JSON_MI_INDEX
20240110,00690,兆豐藍籌30,TWSE,28.51,28.57,28.46,28.54,350195,9994628,TWSE_RWD_JSON_MI_INDEX
20240110,00692,富邦公司治理,TWSE,31.98,31.98,31.8,31.9,1527328,48716913,TWSE_RWD_JSON_MI_INDEX
20240110,00700,富邦恒生國企,TWSE,10.6,10.63,10.52,10.55,160552,1695559,TWSE_RWD_JSON_MI_INDEX
20240110,00701,國泰股利精選30,TWSE,26.11,26.13,26.03,26.09,1427069,37240022,TWSE_RWD_JSON_MI_INDEX
20240110,00702,國泰標普低波高息,TWSE,21.67,21.7,21.67,21.7,103335,2239186,TWSE_RWD_JSON_MI_INDEX
20240110,00703,台新MSCI中國,TWSE,13.3,13.32,13.27,13.27,49467,657440,TWSE_RWD_JSON_MI_INDEX
20240110,00709,富邦歐洲,TWSE,26.45,26.45,26.37,26.37,22522,595658,TWSE_RWD_JSON_MI_INDEX
20240110,00712,復華富時不動產,TWSE,9.9,9.91,9.87,9.91,8745302,86549093,TWSE_RWD_JSON_MI_INDEX
20240110,00713,元大台灣高息低波,TWSE,49.7,49.7,49.58,49.61,6544335,324783467,TWSE_RWD_JSON_MI_INDEX
20240110,00714,群益道瓊美國地產,TWSE,19.66,19.68,19.64,19.64,308138,6057412,TWSE_RWD_JSON_MI_INDEX
20240110,00717,富邦美國特別股,TWSE,15.09,15.16,15.09,15.14,377135,5709698,TWSE_RWD_JSON_MI_INDEX
20240110,00728,第一金工業30,TWSE,27.3,27.37,27.22,27.35,648696,17729389,TWSE_RWD_JSON_MI_INDEX
20240110,00730,富邦臺灣優質高息,TWSE,20.01,20.01,19.97,19.99,270180,5401188,TWSE_RWD_JSON_MI_INDEX
20240110,00731,復華富時高息低波,TWSE,67.75,67.75,67.4,67.45,542126,36570485,TWSE_RWD_JSON_MI_INDEX
20240110,00733,富邦臺灣中小,TWSE,56.9,57.15,56.6,57.15,1337453,76128166,TWSE_RWD_JSON_MI_INDEX
20240110,00735,國泰臺韓科技,TWSE,30.0,30.05,29.97,29.97,137319,4122645,TWSE_RWD_JSON_MI_INDEX
20240110,00736,國泰新興市場,TWSE,19.95,19.96,19.95,19.96,102061,2035760,TWSE_RWD_JSON_MI_INDEX
20240110,00737,國泰AI機器人,TWSE,29.74,29.84,29.73,29.78,25809,768920,TWSE_RWD_JSON_MI_INDEX
20240110,00739,元大MSCI A股,TWSE,18.98,19.07,18.92,19.04,32470,618275,TWSE_RWD_JSON_MI_INDEX
20240110,00752,中信中國50,TWSE,15.6,15.79,15.6,15.65,1436019,22522442,TWSE_RWD_JSON_MI_INDEX
20240110,00757,統一FANG+,TWSE,64.8,65.15,64.8,65.05,1128080,73405436,TWSE_RWD_JSON_MI_INDEX
20240110,00762,元大全球AI,TWSE,49.9,50.15,49.9,50.1,176776,8852160,TWSE_RWD_JSON_MI_INDEX
20240110,00770,國泰北美科技,TWSE,39.41,39.49,39.4,39.47,8009235,316003905,TWSE_RWD_JSON_MI_INDEX
20240110,00771,元大US高息特別股,TWSE,16.58,16.62,16.58,16.6,50376,836161,TWSE_RWD_JSON_MI_INDEX
20240110,00783,富邦中証500,TWSE,17.22,17.22,17.22,17.22,10001,172217,TWSE_RWD_JSON_MI_INDEX
20240110,00830,國泰費城半導體,TWSE,36.94,37.02,36.93,37.0,4414884,163264346,TWSE_RWD_JSON_MI_INDEX
20240110,00850,元大臺灣ESG永續,TWSE,34.28,34.33,34.15,34.27,1106968,37950542,TWSE_RWD_JSON_MI_INDEX
20240110,00851,台新全球AI,TWSE,37.18,37.28,37.18,37.25,81965,3052124,TWSE_RWD_JSON_MI_INDEX
20240110,00861,元大全球未來通訊,TWSE,34.09,34.12,34.06,34.06,218045,7437089,TWSE_RWD_JSON_MI_INDEX
20240110,00875,國泰網路資安,TWSE,30.51,30.63,30.51,30.6,84891,2598643,TWSE_RWD_JSON_MI_INDEX
20240110,00876,元大全球5G,TWSE,32.06,32.06,31.87,31.9,2364760,75549004,TWSE_RWD_JSON_MI_INDEX
20240110,00878,國泰永續高股息,TWSE,21.2,21.2,21.07,21.1,37748528,797330175,TWSE_RWD_JSON_MI_INDEX
20240110,00881,國泰台灣科技龍頭,TWSE,17.97,17.97,17.84,17.9,10360000,185556555,TWSE_RWD_JSON_MI_INDEX
20240110,00882,中信中國高股息,TWSE,10.31,10.32,10.25,10.28,12292802,126301786,TWSE_RWD_JSON_MI_INDEX
20240110,00885,富邦越南,TWSE,11.86,11.89,11.83,11.86,5177030,61404363,TWSE_RWD_JSON_MI_INDEX
20240110,00891,中信關鍵半導體,TWSE,15.84,15.92,15.78,15.89,16779121,266272989,TWSE_RWD_JSON_MI_INDEX
20240110,00892,富邦台灣半導體,TWSE,13.64,13.72,13.59,13.7,1762713,24090632,TWSE_RWD_JSON_MI_INDEX
20240110,00893,國泰智能電動車,TWSE,17.43,17.47,17.42,17.43,3084715,53807373,TWSE_RWD_JSON_MI_INDEX
20240110,00894,中信小資高價30,TWSE,15.43,15.5,15.36,15.47,657214,10156563,TWSE_RWD_JSON_MI_INDEX
20240110,00895,富邦未來車,TWSE,19.82,19.87,19.81,19.85,1519415,30156613,TWSE_RWD_JSON_MI_INDEX
20240110,00896,中信綠能及電動車,TWSE,15.55,15.56,15.5,15.51,2519884,39113914,TWSE_RWD_JSON_MI_INDEX
20240110,00897,富邦基因免疫生技,TWSE,7.8,7.85,7.8,7.85,1844990,14452395,TWSE_RWD_JSON_MI_INDEX
20240110,00898,國泰基因免疫革命,TWSE,7.39,7.41,7.39,7.4,552676,4088301,TWSE_RWD_JSON_MI_INDEX
20240110,00899,FT潔淨能源,TWSE,18.28,18.28,18.27,18.28,42169,770645,TWSE_RWD_JSON_MI_INDEX
20240110,00900,富邦特選高股息30,TWSE,13.68,13.68,13.6,13.65,11201022,152730621,TWSE_RWD_JSON_MI_INDEX
20240110,00901,永豐智能車供應鏈,TWSE,14.78,14.84,14.78,14.82,459502,6807279,TWSE_RWD_JSON_MI_INDEX
20240110,00902,中信電池及儲能,TWSE,9.4,9.48,9.33,9.42,2499808,23466808,TWSE_RWD_JSON_MI_INDEX
20240110,00903,富邦元宇宙,TWSE,12.18,12.21,12.18,12.2,411476,5020473,TWSE_RWD_JSON_MI_INDEX
20240110,00904,新光臺灣半導體30,TWSE,14.94,15.03,14.93,15.02,11442436,171369749,TWSE_RWD_JSON_MI_INDEX
20240110,00905,FT臺灣Smart,TWSE,10.25,10.26,10.21,10.25,1353553,13865127,TWSE_RWD_JSON_MI_INDEX
20240110,00907,永豐優息存股,TWSE,14.68,14.71,14.56,14.6,2474936,36158004,TWSE_RWD_JSON_MI_INDEX
20240110,00908,富邦入息REITs+,TWSE,12.69,12.69,12.66,12.66,401861,5092995,TWSE_RWD_JSON_MI_INDEX
20240110,00909,國泰數位支付服務,TWSE,22.1,22.1,22.03,22.07,51773,1141915,TWSE_RWD_JSON_MI_INDEX
20240110,00910,第一金太空衛星,TWSE,16.31,16.34,16.31,16.34,203914,3326929,TWSE_RWD_JSON_MI_INDEX
20240110,00911,兆豐洲際半導體,TWSE,22.95,22.96,22.9,22.95,586846,13452671,TWSE_RWD_JSON_MI_INDEX
20240110,00912,中信臺灣智慧50,TWSE,15.4,15.42,15.39,15.41,482538,7430009,TWSE_RWD_JSON_MI_INDEX
20240110,00913,兆豐台灣晶圓製造,TWSE,17.68,17.74,17.66,17.74,505809,8950410,TWSE_RWD_JSON_MI_INDEX
20240110,00915,凱基優選高股息30,TWSE,21.9,21.97,21.82,21.95,4685889,102616939,TWSE_RWD_JSON_MI_INDEX
20240110,00916,國泰全球品牌50,TWSE,19.13,19.2,19.13,19.19,184450,3539961,TWSE_RWD_JSON_MI_INDEX
20240110,00917,中信特選金融,TWSE,17.3,17.31,17.29,17.29,375420,6491765,TWSE_RWD_JSON_MI_INDEX
20240110,00918,大華優利高填息30,TWSE,21.42,21.42,21.29,21.31,8652080,184503014,TWSE_RWD_JSON_MI_INDEX
20240110,00919,群益台灣精選高息,TWSE,21.9,21.94,21.78,21.93,84628804,1849262134,TWSE_RWD_JSON_MI_INDEX
20240110,00920,富邦ESG綠色電力,TWSE,14.54,14.58,14.54,14.57,41327,602055,TWSE_RWD_JSON_MI_INDEX
20240110,00921,兆豐龍頭等權重,TWSE,17.68,17.68,17.57,17.58,1286526,22657028,TWSE_RWD_JSON_MI_INDEX
20240110,00922,國泰台灣領袖50,TWSE,16.43,16.43,16.35,16.41,3025962,49641991,TWSE_RWD_JSON_MI_INDEX
20240110,00923,群益台ESG低碳50,TWSE,16.85,16.9,16.81,16.88,5874607,99062502,TWSE_RWD_JSON_MI_INDEX
20240110,00924,復華S&P500成長,TWSE,17.6,17.63,17.59,17.63,1306610,23017493,TWSE_RWD_JSON_MI_INDEX
20240110,00925,新光標普電動車,TWSE,15.96,15.96,15.9,15.92,229179,3648689,TWSE_RWD_JSON_MI_INDEX
20240110,00926,凱基全球菁英55,TWSE,16.82,16.9,16.82,16.89,167681,2831446,TWSE_RWD_JSON_MI_INDEX
20240110,00927,群益半導體收益,TWSE,16.88,16.9,16.81,16.86,14801154,249690601,TWSE_RWD_JSON_MI_INDEX
20240110,00929,復華台灣科技優息,TWSE,18.64,18.64,18.54,18.57,111344733,2068415387,TWSE_RWD_JSON_MI_INDEX
20240110,00930,永豐ESG低碳高息,TWSE,17.9,17.93,17.81,17.93,16038630,286462288,TWSE_RWD_JSON_MI_INDEX
20240110,00932,兆豐永續高息等權,TWSE,16.1,16.14,16.06,16.11,2133317,34351058,TWSE_RWD_JSON_MI_INDEX
20240110,00934,中信成長高股息,TWSE,16.68,16.74,16.64,16.74,13857772,231569251,TWSE_RWD_JSON_MI_INDEX
20240110,00935,野村臺灣新科技50,TWSE,16.57,16.58,16.46,16.57,5660503,93579315,TWSE_RWD_JSON_MI_INDEX
20240110,00936,台新永續高息中小,TWSE,15.83,15.87,15.79,15.85,6390903,101176053,TWSE_RWD_JSON_MI_INDEX
20240110,020000,富邦特選蘋果N,TWSE,9.34,9.34,9.32,9.32,6000,55980,TWSE_RWD_JSON_MI_INDEX
20240110,020002,元富新中國N,TWSE,10.62,10.62,10.62,10.62,1000,10620,TWSE_RWD_JSON_MI_INDEX
20240110,020011,統一微波高息20N,TWSE,8.22,8.22,8.21,8.22,9000,73970,TWSE_RWD_JSON_MI_INDEX
20240110,020016,統一MSCI美科技N,TWSE,23.14,23.14,23.14,23.14,1000,23140,TWSE_RWD_JSON_MI_INDEX
20240110,020018,統一價值成長30N,TWSE,19.72,19.72,19.59,19.67,12000,235790,TWSE_RWD_JSON_MI_INDEX
20240110,020019,統一特選台灣5GN,TWSE,14.78,14.78,14.78,14.78,1000,14780,TWSE_RWD_JSON_MI_INDEX
20240110,020020,元大台股領航N,TWSE,8.39,8.43,8.39,8.42,14000,117800,TWSE_RWD_JSON_MI_INDEX
20240110,020028,元大特選電動車N,TWSE,7.36,7.36,7.32,7.32,74000,543050,TWSE_RWD_JSON_MI_INDEX
20240110,020029,元大ESG高股息N,TWSE,7.23,7.25,7.21,7.22,62000,448050,TWSE_RWD_JSON_MI_INDEX
20240110,020030,統一智慧電動車N,TWSE,4.88,4.88,4.88,4.88,19000,92720,TWSE_RWD_JSON_MI_INDEX
20240110,020031,統一IC設計臺灣N,TWSE,5.8,5.85,5.77,5.85,148000,859750,TWSE_RWD_JSON_MI_INDEX
20240110,020034,元大IC設計N,TWSE,7.38,7.47,7.38,7.47,147000,1092260,TWSE_RWD_JSON_MI_INDEX
20240110,020036,元大金融配息N,TWSE,5.45,5.45,5.45,5.45,1000,5450,TWSE_RWD_JSON_MI_INDEX
20240110,020037,元大金融高股息N,TWSE,5.58,5.6,5.57,5.6,10000,55780,TWSE_RWD_JSON_MI_INDEX
20240110,020038,元大ESG配息N,TWSE,6.25,6.25,6.22,6.22,105000,653650,TWSE_RWD_JSON_MI_INDEX
20240110,020039,元大加權N,TWSE,5.24,5.24,5.21,5.22,208000,1084990,TWSE_RWD_JSON_MI_INDEX
20240110,1101,台泥,TWSE,34.05,34.05,33.7,33.7,11892969,401811477,TWSE_RWD_JSON_MI_INDEX
20240110,1102,亞泥,TWSE,41.0,41.2,40.7,40.7,2002025,81818599,TWSE_RWD_JSON_MI_INDEX
20240110,1103,嘉泥,TWSE,18.65,18.7,18.55,18.6,145045,2701292,TWSE_RWD_JSON_MI_INDEX
20240110,1104,環泥,TWSE,28.85,29.05,28.7,28.9,691270,19934693,TWSE_RWD_JSON_MI_INDEX
20240110,1108,幸福,TWSE,15.5,15.55,15.35,15.35,780428,12025323,TWSE_RWD_JSON_MI_INDEX
20240110,1109,信大,TWSE,18.05,18.2,18.0,18.05,71195,1286472,TWSE_RWD_JSON_MI_INDEX
20240110,1110,東泥,TWSE,18.9,18.95,18.8,18.95,37613,710851,TWSE_RWD_JSON_MI_INDEX
20240110,1201,味全,TWSE,18.95,18.95,18.8,18.85,262223,4951451,TWSE_RWD_JSON_MI_INDEX
20240110,1203,味王,TWSE,57.3,57.3,54.9,56.3,24342,1361641,TWSE_RWD_JSON_MI_INDEX
20240110,1210,大成,TWSE,57.0,57.2,56.1,57.0,1657632,93960734,TWSE_RWD_JSON_MI_INDEX
20240110,1213,大飲,TWSE,6.93,7.12,6.93,7.1,34229,242253,TWSE_RWD_JSON_MI_INDEX
20240110,1215,卜蜂,TWSE,95.6,95.7,95.2,95.6,196448,18755765,TWSE_RWD_JSON_MI_INDEX
20240110,1216,統一,TWSE,72.5,72.6,72.3,72.5,3465402,251081778,TWSE_RWD_JSON_MI_INDEX
20240110,1217,愛之味,TWSE,11.8,11.85,11.75,11.8,364755,4301666,TWSE_RWD_JSON_MI_INDEX
20240110,1218,泰山,TWSE,21.7,21.7,21.3,21.4,706331,15123178,TWSE_RWD_JSON_MI_INDEX
20240110,1219,福壽,TWSE,19.2,19.2,19.05,19.05,267958,5122253,TWSE_RWD_JSON_MI_INDEX
20240110,1220,台榮,TWSE,14.2,14.2,14.1,14.15,44657,632518,TWSE_RWD_JSON_MI_INDEX
20240110,1225,福懋油,TWSE,53.6,53.6,53.6,53.6,1276,68330,TWSE_RWD_JSON_MI_INDEX
20240110,1227,佳格,TWSE,38.65,38.65,38.5,38.55,196572,7585300,TWSE_RWD_JSON_MI_INDEX
20240110,1229,聯華,TWSE,64.3,64.4,63.9,64.0,687885,44129239,TWSE_RWD_JSON_MI_INDEX
20240110,1231,聯華食,TWSE,87.1,87.1,86.8,86.9,86156,7490337,TWSE_RWD_JSON_MI_INDEX
20240110,1232,大統益,TWSE,142.5,143.0,142.0,142.0,47566,6780837,TWSE_RWD_JSON_MI_INDEX
20240110,1233,天仁,TWSE,34.6,34.7,34.6,34.65,63142,2185507,TWSE_RWD_JSON_MI_INDEX
20240110,1234,黑松,TWSE,40.25,40.25,40.05,40.1,93392,3746015,TWSE_RWD_JSON_MI_INDEX
20240110,1235,興泰,TWSE,79.0,79.5,77.9,78.6,8414,662022,TWSE_RWD_JSON_MI_INDEX
20240110,1236,宏亞,TWSE,23.85,23.85,23.8,23.8,14347,342240,TWSE_RWD_JSON_MI_INDEX
20240110,1256,鮮活果汁-KY,TWSE,241.5,241.5,241.5,241.5,2715,653402,TWSE_RWD_JSON_MI_INDEX
20240110,1301,台塑,TWSE,77.6,77.7,77.0,77.0,5677225,438087818,TWSE_RWD_JSON_MI_INDEX
20240110,1303,南亞,TWSE,65.0,65.0,64.5,64.5,2397828,154977425,TWSE_RWD_JSON_MI_INDEX
20240110,1304,台聚,TWSE,19.25,19.3,19.05,19.1,889351,17005662,TWSE_RWD_JSON_MI_INDEX
20240110,1305,華夏,TWSE,21.9,21.9,21.65,21.65,859895,18668478,TWSE_RWD_JSON_MI_INDEX
20240110,1307,三芳,TWSE,25.35,25.35,25.0,25.1,408269,10251668,TWSE_RWD_JSON_MI_INDEX
20240110,1308,亞聚,TWSE,23.3,23.3,22.95,23.05,1417916,32744384,TWSE_RWD_JSON_MI_INDEX
20240110,1309,台達化,TWSE,16.3,16.3,16.05,16.15,715618,11562149,TWSE_RWD_JSON_MI_INDEX
20240110,1310,台苯,TWSE,15.2,15.2,15.05,15.05,401667,6062646,TWSE_RWD_JSON_MI_INDEX
20240110,1312,國喬,TWSE,14.95,14.95,14.7,14.7,4017040,59352431,TWSE_RWD_JSON_MI_INDEX
20240110,1313,聯成,TWSE,14.9,15.0,14.8,14.8,1035743,15388057,TWSE_RWD_JSON_MI_INDEX
20240110,1314,中石化,TWSE,9.82,9.84,9.7,9.71,12258505,119374500,TWSE_RWD_JSON_MI_INDEX
20240110,1315,達新,TWSE,72.1,72.4,72.1,72.4,3485,251593,TWSE_RWD_JSON_MI_INDEX
20240110,1316,上曜,TWSE,12.85,12.9,12.7,12.75,1267360,16187030,TWSE_RWD_JSON_MI_INDEX
20240110,1319,東陽,TWSE,74.6,75.1,73.7,73.9,2983760,221388081,TWSE_RWD_JSON_MI_INDEX
20240110,1321,大洋,TWSE,37.15,37.45,37.0,37.0,115035,4273302,TWSE_RWD_JSON_MI_INDEX
20240110,1323,永裕,TWSE,31.15,31.25,31.1,31.2,41168,1282458,TWSE_RWD_JSON_MI_INDEX
20240110,1324,地球,TWSE,16.6,16.9,16.55,16.6,175306,2920093,TWSE_RWD_JSON_MI_INDEX
20240110,1325,恆大,TWSE,46.0,46.8,42.95,42.95,11032387,487524267,TWSE_RWD_JSON_MI_INDEX
20240110,1326,台化,TWSE,60.8,60.8,60.3,60.3,3554853,214924419,TWSE_RWD_JSON_MI_INDEX
20240110,1337,再生-KY,TWSE,7.5,7.52,7.4,7.41,339208,2523784,TWSE_RWD_JSON_MI_INDEX
20240110,1338,廣華-KY,TWSE,42.65,42.65,41.1,41.1,56957,2362962,TWSE_RWD_JSON_MI_INDEX
20240110,1339,昭輝,TWSE,65.4,65.4,64.1,64.9,132193,8531869,TWSE_RWD_JSON_MI_INDEX
20240110,1340,勝悅-KY,TWSE,11.3,11.3,11.2,11.25,79327,891297,TWSE_RWD_JSON_MI_INDEX
20240110,1341,富林-KY,TWSE,63.0,63.1,62.7,62.8,21022,1324491,TWSE_RWD_JSON_MI_INDEX
20240110,1342,八貫,TWSE,118.0,120.5,116.0,116.0,623864,73455570,TWSE_RWD_JSON_MI_INDEX
20240110,1402,遠東新,TWSE,31.6,31.6,31.2,31.2,3284846,102881190,TWSE_RWD_JSON_MI_INDEX
20240110,1409,新纖,TWSE,15.55,15.55,15.4,15.4,1260785,19470581,TWSE_RWD_JSON_MI_INDEX
20240110,1410,南染,TWSE,38.4,38.7,38.1,38.45,91001,3495788,TWSE_RWD_JSON_MI_INDEX
20240110,1413,宏洲,TWSE,8.31,8.5,8.29,8.36,83510,705073,TWSE_RWD_JSON_MI_INDEX
20240110,1414,東和,TWSE,17.8,17.8,17.55,17.65,35782,630868,TWSE_RWD_JSON_MI_INDEX
20240110,1416,廣豐,TWSE,11.7,11.7,11.55,11.55,213580,2488641,TWSE_RWD_JSON_MI_INDEX
20240110,1417,嘉裕,TWSE,12.35,12.65,12.25,12.25,695661,8648980,TWSE_RWD_JSON_MI_INDEX
20240110,1418,東華,TWSE,20.55,20.65,20.55,20.65,6006,123521,TWSE_RWD_JSON_MI_INDEX
20240110,1419,新紡,TWSE,47.1,47.5,47.1,47.45,34008,1611810,TWSE_RWD_JSON_MI_INDEX
20240110,1423,利華,TWSE,30.85,30.95,30.8,30.8,38618,1190543,TWSE_RWD_JSON_MI_INDEX
20240110,1432,大魯閣,TWSE,19.15,19.35,18.8,18.8,440978,8388447,TWSE_RWD_JSON_MI_INDEX
20240110,1434,福懋,TWSE,25.1,25.1,25.05,25.05,464768,11652213,TWSE_RWD_JSON_MI_INDEX
20240110,1435,中福,TWSE,55.5,56.6,53.4,56.6,11831,659657,TWSE_RWD_JSON_MI_INDEX
20240110,1436,華友聯,TWSE,83.7,83.7,82.9,83.1,35101,2921874,TWSE_RWD_JSON_MI_INDEX
20240110,1437,勤益控,TWSE,30.95,31.0,30.75,30.75,127100,3922449,TWSE_RWD_JSON_MI_INDEX
20240110,1438,三地開發,TWSE,34.65,35.7,34.65,35.0,339190,11984610,TWSE_RWD_JSON_MI_INDEX
20240110,1439,雋揚,TWSE,24.2,24.2,23.9,24.05,40413,969595,TWSE_RWD_JSON_MI_INDEX
20240110,1440,南紡,TWSE,15.85,15.9,15.65,15.7,724291,11409626,TWSE_RWD_JSON_MI_INDEX
20240110,1441,大東,TWSE,13.95,14.05,13.9,13.95,68787,963014,TWSE_RWD_JSON_MI_INDEX
20240110,1442,名軒,TWSE,38.55,38.8,38.2,38.35,274453,10532584,TWSE_RWD_JSON_MI_INDEX
20240110,1443,立益物流,TWSE,28.6,28.7,28.5,28.7,21006,599825,TWSE_RWD_JSON_MI_INDEX
20240110,1444,力麗,TWSE,10.25,10.25,10.1,10.1,1349834,13705357,TWSE_RWD_JSON_MI_INDEX
20240110,1445,大宇,TWSE,19.75,19.85,19.5,19.5,147869,2903758,TWSE_RWD_JSON_MI_INDEX
20240110,1446,宏和,TWSE,37.2,37.3,36.95,37.2,70000,2596700,TWSE_RWD_JSON_MI_INDEX
20240110,1447,力鵬,TWSE,7.8,7.8,7.68,7.7,1073866,8273952,TWSE_RWD_JSON_MI_INDEX
20240110,1449,佳和,TWSE,22.2,22.9,21.75,22.6,2875573,64190786,TWSE_RWD_JSON_MI_INDEX
20240110,1451,年興,TWSE,19.0,19.65,19.0,19.6,551869,10715860,TWSE_RWD_JSON_MI_INDEX
20240110,1452,宏益,TWSE,17.25,17.5,17.25,17.3,133430,2324380,TWSE_RWD_JSON_MI_INDEX
20240110,1453,大將,TWSE,15.3,15.3,14.8,14.9,189503,2840027,TWSE_RWD_JSON_MI_INDEX
20240110,1454,台富,TWSE,16.25,16.3,16.0,16.2,8120,131230,TWSE_RWD_JSON_MI_INDEX
20240110,1455,集盛,TWSE,10.85,10.85,10.55,10.55,1370686,14592408,TWSE_RWD_JSON_MI_INDEX
20240110,1456,怡華,TWSE,16.5,16.95,16.5,16.85,17026,285874,TWSE_RWD_JSON_MI_INDEX
20240110,1457,宜進,TWSE,18.7,18.7,18.35,18.35,61616,1134072,TWSE_RWD_JSON_MI_INDEX
20240110,1459,聯發,TWSE,9.82,9.85,9.8,9.85,56578,555728,TWSE_RWD_JSON_MI_INDEX
20240110,1460,宏遠,TWSE,7.37,7.37,7.32,7.33,548489,4024366,TWSE_RWD_JSON_MI_INDEX
20240110,1463,強盛新,TWSE,17.65,17.8,17.65,17.75,32345,574140,TWSE_RWD_JSON_MI_INDEX
20240110,1464,得力,TWSE,13.3,13.35,13.1,13.25,183213,2421783,TWSE_RWD_JSON_MI_INDEX
20240110,1465,偉全,TWSE,14.0,14.05,13.95,14.05,143521,2009954,TWSE_RWD_JSON_MI_INDEX
20240110,1466,聚隆,TWSE,14.1,14.45,14.0,14.25,498107,7066620,TWSE_RWD_JSON_MI_INDEX
20240110,1467,南緯,TWSE,11.15,11.15,11.0,11.05,283502,3135835,TWSE_RWD_JSON_MI_INDEX
20240110,1468,昶和,TWSE,14.9,15.15,14.9,15.0,28002,419178,TWSE_RWD_JSON_MI_INDEX
20240110,1470,大統新創,TWSE,18.9,19.25,18.85,18.85,8005,151694,TWSE_RWD_JSON_MI_INDEX
20240110,1471,首利,TWSE,15.6,15.95,15.2,15.4,1254101,19384320,TWSE_RWD_JSON_MI_INDEX
20240110,1472,三洋實業,TWSE,60.2,60.2,59.3,59.9,35330,2116446,TWSE_RWD_JSON_MI_INDEX
20240110,1473,台南,TWSE,28.8,28.8,28.2,28.5,761909,21703640,TWSE_RWD_JSON_MI_INDEX
20240110,1474,弘裕,TWSE,12.1,12.15,12.1,12.15,43798,530964,TWSE_RWD_JSON_MI_INDEX
20240110,1475,業旺,TWSE,44.1,44.1,43.1,43.1,33000,1438450,TWSE_RWD_JSON_MI_INDEX
20240110,1476,儒鴻,TWSE,540.0,552.0,540.0,552.0,299859,164587256,TWSE_RWD_JSON_MI_INDEX
20240110,1477,聚陽,TWSE,361.0,368.0,361.0,367.0,1345913,492679413,TWSE_RWD_JSON_MI_INDEX
20240110,1503,士電,TWSE,117.5,119.5,116.0,117.5,2233882,262786890,TWSE_RWD_JSON_MI_INDEX
20240110,1504,東元,TWSE,45.25,45.45,44.7,45.35,5722255,258495871,TWSE_RWD_JSON_MI_INDEX
20240110,1506,正道,TWSE,17.0,17.0,16.75,16.95,33011,557130,TWSE_RWD_JSON_MI_INDEX
20240110,1512,瑞利,TWSE,12.05,12.05,12.0,12.0,5108,60812,TWSE_RWD_JSON_MI_INDEX
20240110,1513,中興電,TWSE,119.0,121.5,118.0,119.5,8339910,998126274,TWSE_RWD_JSON_MI_INDEX
20240110,1514,亞力,TWSE,81.5,82.8,78.4,81.7,26704991,2163466644,TWSE_RWD_JSON_MI_INDEX
20240110,1515,力山,TWSE,51.1,51.8,47.7,47.7,7504933,363777094,TWSE_RWD_JSON_MI_INDEX
20240110,1516,川飛,TWSE,18.35,18.35,18.15,18.25,54369,991837,TWSE_RWD_JSON_MI_INDEX
20240110,1517,利奇,TWSE,15.25,15.25,15.05,15.15,126731,1920991,TWSE_RWD_JSON_MI_INDEX
20240110,1519,華城,TWSE,358.5,369.0,351.0,367.0,17422521,6303998018,TWSE_RWD_JSON_MI_INDEX
20240110,1521,大億,TWSE,42.55,42.9,41.85,42.6,208034,8841735,TWSE_RWD_JSON_MI_INDEX
20240110,1522,堤維西,TWSE,39.2,39.85,39.0,39.45,1427264,56451065,TWSE_RWD_JSON_MI_INDEX
20240110,1524,耿鼎,TWSE,31.85,32.2,31.3,31.35,3856247,121774928,TWSE_RWD_JSON_MI_INDEX
20240110,1525,江申,TWSE,76.3,76.5,75.7,76.0,46187,3508045,TWSE_RWD_JSON_MI_INDEX
20240110,1526,日馳,TWSE,32.55,32.55,31.9,32.0,80706,2594379,TWSE_RWD_JSON_MI_INDEX
20240110,1527,鑽全,TWSE,40.6,40.6,40.25,40.3,134237,5415362,TWSE_RWD_JSON_MI_INDEX
20240110,1528,恩德,TWSE,11.4,11.4,11.3,11.3,327821,3727509,TWSE_RWD_JSON_MI_INDEX
20240110,1529,樂事綠能,TWSE,32.0,33.25,31.2,32.6,1842513,59193012,TWSE_RWD_JSON_MI_INDEX
20240110,1530,亞崴,TWSE,32.0,32.4,32.0,32.05,29895,964364,TWSE_RWD_JSON_MI_INDEX
20240110,1531,高林股,TWSE,13.55,13.55,13.15,13.25,302571,4026026,TWSE_RWD_JSON_MI_INDEX
20240110,1532,勤美,TWSE,41.0,41.2,39.5,40.1,2975403,119890109,TWSE_RWD_JSON_MI_INDEX
20240110,1533,車王電,TWSE,52.7,54.0,52.7,52.8,101519,5373159,TWSE_RWD_JSON_MI_INDEX
20240110,1535,中宇,TWSE,59.9,59.9,56.5,57.3,284240,16340579,TWSE_RWD_JSON_MI_INDEX
20240110,1536,和大,TWSE,56.7,56.7,56.0,56.2,734810,41262624,TWSE_RWD_JSON_MI_INDEX
20240110,1537,廣隆,TWSE,131.5,131.5,131.0,131.5,39844,5231328,TWSE_RWD_JSON_MI_INDEX
20240110,1538,正峰,TWSE,22.85,23.0,22.85,22.9,36852,844452,TWSE_RWD_JSON_MI_INDEX
20240110,1539,巨庭,TWSE,23.85,24.0,23.8,23.85,37886,903803,TWSE_RWD_JSON_MI_INDEX
20240110,1540,喬福,TWSE,17.05,17.15,17.0,17.05,195331,3332575,TWSE_RWD_JSON_MI_INDEX
20240110,1541,錩泰,TWSE,32.9,33.45,32.8,33.2,101101,3344959,TWSE_RWD_JSON_MI_INDEX
20240110,1558,伸興,TWSE,104.0,104.0,102.5,103.0,63407,6534968,TWSE_RWD_JSON_MI_INDEX
20240110,1560,中砂,TWSE,185.0,191.0,185.0,185.5,2678035,503564239,TWSE_RWD_JSON_MI_INDEX
20240110,1568,倉佑,TWSE,29.5,30.25,29.5,30.1,1335191,40082285,TWSE_RWD_JSON_MI_INDEX
20240110,1582,信錦,TWSE,76.1,76.1,75.2,75.3,1098355,82938784,TWSE_RWD_JSON_MI_INDEX
20240110,1583,程泰,TWSE,66.5,66.5,66.5,66.5,1160,77024,TWSE_RWD_JSON_MI_INDEX
20240110,1587,吉茂,TWSE,22.6,22.95,22.5,22.55,57108,1288330,TWSE_RWD_JSON_MI_INDEX
20240110,1589,永冠-KY,TWSE,51.6,51.6,50.4,50.6,1021613,52015951,TWSE_RWD_JSON_MI_INDEX
20240110,1590,亞德客-KY,TWSE,955.0,969.0,950.0,966.0,733308,704539304,TWSE_RWD_JSON_MI_INDEX
20240110,1597,直得,TWSE,63.3,63.3,62.3,62.3,28249,1773567,TWSE_RWD_JSON_MI_INDEX
20240110,1598,岱宇,TWSE,35.2,35.2,33.9,34.0,312775,10750353,TWSE_RWD_JSON_MI_INDEX
20240110,1603,華電,TWSE,35.2,35.7,34.7,34.7,2685400,94313444,TWSE_RWD_JSON_MI_INDEX
20240110,1604,聲寶,TWSE,29.0,29.0,28.8,28.85,250721,7237140,TWSE_RWD_JSON_MI_INDEX
20240110,1605,華新,TWSE,36.6,36.6,36.0,36.0,9863178,356533183,TWSE_RWD_JSON_MI_INDEX
20240110,1608,華榮,TWSE,21.1,21.15,20.3,20.45,2587389,53348565,TWSE_RWD_JSON_MI_INDEX
20240110,1609,大亞,TWSE,33.6,33.65,33.1,33.25,5008624,166510131,TWSE_RWD_JSON_MI_INDEX
20240110,1611,中電,TWSE,16.55,16.7,16.55,16.6,228520,3798152,TWSE_RWD_JSON_MI_INDEX
20240110,1612,宏泰,TWSE,28.4,28.4,27.5,27.55,3231310,89667788,TWSE_RWD_JSON_MI_INDEX
20240110,1614,三洋電,TWSE,38.4,38.4,38.1,38.25,10283,392613,TWSE_RWD_JSON_MI_INDEX
20240110,1615,大山,TWSE,44.5,44.5,43.85,43.9,277772,12235282,TWSE_RWD_JSON_MI_INDEX
20240110,1616,億泰,TWSE,13.75,13.8,13.2,13.35,1206734,16179893,TWSE_RWD_JSON_MI_INDEX
20240110,1617,榮星,TWSE,16.85,16.85,16.7,16.7,10362,173770,TWSE_RWD_JSON_MI_INDEX
20240110,1618,合機,TWSE,31.25,31.5,30.6,30.6,1957999,60578194,TWSE_RWD_JSON_MI_INDEX
20240110,1626,艾美特-KY,TWSE,16.4,16.4,16.3,16.3,59025,966405,TWSE_RWD_JSON_MI_INDEX
20240110,1701,中化,TWSE,24.2,24.2,23.8,23.9,641127,15349173,TWSE_RWD_JSON_MI_INDEX
20240110,1702,南僑,TWSE,50.7,50.9,50.4,50.4,256738,12978740,TWSE_RWD_JSON_MI_INDEX
20240110,1707,葡萄王,TWSE,156.5,156.5,155.5,156.0,256244,39971965,TWSE_RWD_JSON_MI_INDEX
20240110,1708,東鹼,TWSE,31.6,31.75,31.1,31.3,571096,17970836,TWSE_RWD_JSON_MI_INDEX
20240110,1709,和益,TWSE,20.75,20.75,20.45,20.45,622594,12784383,TWSE_RWD_JSON_MI_INDEX
20240110,1710,東聯,TWSE,19.6,19.65,19.0,19.05,1891388,36378742,TWSE_RWD_JSON_MI_INDEX
20240110,1711,永光,TWSE,19.2,19.2,18.8,18.95,1571006,29815805,TWSE_RWD_JSON_MI_INDEX
20240110,1712,興農,TWSE,38.1,38.15,37.9,38.05,306145,11641257,TWSE_RWD_JSON_MI_INDEX
20240110,1713,國化,TWSE,38.75,39.0,38.0,38.1,89980,3458104,TWSE_RWD_JSON_MI_INDEX
20240110,1714,和桐,TWSE,9.06,9.1,9.02,9.03,1041866,9432551,TWSE_RWD_JSON_MI_INDEX
20240110,1717,長興,TWSE,28.65,28.65,28.3,28.3,1217829,34567130,TWSE_RWD_JSON_MI_INDEX
20240110,1718,中纖,TWSE,8.04,8.05,7.97,7.97,3244665,25958259,TWSE_RWD_JSON_MI_INDEX
20240110,1720,生達,TWSE,65.5,65.5,63.8,64.6,1248537,80476030,TWSE_RWD_JSON_MI_INDEX
20240110,1721,三晃,TWSE,15.5,15.7,15.25,15.35,1774296,27277791,TWSE_RWD_JSON_MI_INDEX
20240110,1722,台肥,TWSE,66.7,67.0,65.5,65.6,2053308,135373276,TWSE_RWD_JSON_MI_INDEX
20240110,1723,中碳,TWSE,116.0,116.5,115.5,115.5,164358,19046309,TWSE_RWD_JSON_MI_INDEX
20240110,1725,元禎,TWSE,21.65,21.65,21.45,21.55,13189,283733,TWSE_RWD_JSON_MI_INDEX
20240110,1726,永記,TWSE,75.1,75.5,75.0,75.5,18178,1370973,TWSE_RWD_JSON_MI_INDEX
20240110,1727,中華化,TWSE,28.2,28.3,27.95,28.0,337183,9455811,TWSE_RWD_JSON_MI_INDEX
20240110,1730,花仙子,TWSE,57.0,57.1,56.8,56.9,62055,3538101,TWSE_RWD_JSON_MI_INDEX
20240110,1731,美吾華,TWSE,22.35,22.4,22.2,22.25,214711,4793938,TWSE_RWD_JSON_MI_INDEX
20240110,1732,毛寶,TWSE,35.25,35.9,33.65,34.8,4119021,142206335,TWSE_RWD_JSON_MI_INDEX
20240110,1733,五鼎,TWSE,33.75,34.1,32.65,33.0,2300399,76357700,TWSE_RWD_JSON_MI_INDEX
20240110,1734,杏輝,TWSE,33.6,33.6,33.3,33.5,376181,12581242,TWSE_RWD_JSON_MI_INDEX
20240110,1735,日勝化,TWSE,17.1,17.1,17.1,17.1,5893,100931,TWSE_RWD_JSON_MI_INDEX
20240110,1736,喬山,TWSE,69.9,70.5,68.4,68.5,444279,30663624,TWSE_RWD_JSON_MI_INDEX
20240110,1737,臺鹽,TWSE,34.3,34.45,34.1,34.3,183631,6288745,TWSE_RWD_JSON_MI_INDEX
20240110,1752,南光,TWSE,51.5,51.8,51.4,51.6,112854,5820031,TWSE_RWD_JSON_MI_INDEX
20240110,1760,寶齡富錦,TWSE,108.0,108.5,103.0,105.0,1046325,109854001,TWSE_RWD_JSON_MI_INDEX
20240110,1762,中化生,TWSE,56.1,56.1,54.5,54.5,577713,31749413,TWSE_RWD_JSON_MI_INDEX
20240110,1773,勝一,TWSE,131.5,131.5,130.0,130.0,67080,8760398,TWSE_RWD_JSON_MI_INDEX
20240110,1776,展宇,TWSE,16.85,16.85,16.8,16.8,14457,242956,TWSE_RWD_JSON_MI_INDEX
20240110,1783,和康生,TWSE,46.8,46.9,45.7,45.75,219298,10075529,TWSE_RWD_JSON_MI_INDEX
20240110,1786,科妍,TWSE,78.4,78.6,76.7,76.8,143951,11147348,TWSE_RWD_JSON_MI_INDEX
20240110,1789,神隆,TWSE,26.5,26.6,26.2,26.35,618577,16338051,TWSE_RWD_JSON_MI_INDEX
20240110,1795,美時,TWSE,286.0,290.5,284.0,290.0,5967915,1720249916,TWSE_RWD_JSON_MI_INDEX
20240110,1802,台玻,TWSE,18.75,18.75,18.25,18.25,6894121,127102808,TWSE_RWD_JSON_MI_INDEX
20240110,1805,寶徠,TWSE,14.65,15.1,14.45,14.9,495042,7354867,TWSE_RWD_JSON_MI_INDEX
20240110,1806,冠軍,TWSE,10.85,10.85,10.5,10.65,868771,9274587,TWSE_RWD_JSON_MI_INDEX
20240110,1808,潤隆,TWSE,106.5,107.5,105.0,107.5,590189,62878510,TWSE_RWD_JSON_MI_INDEX
20240110,1809,中釉,TWSE,15.3,15.4,15.15,15.2,400945,6110097,TWSE_RWD_JSON_MI_INDEX
20240110,1810,和成,TWSE,17.8,18.6,17.45,17.45,3148164,56149696,TWSE_RWD_JSON_MI_INDEX
20240110,1817,凱撒衛,TWSE,36.85,36.9,36.8,36.85,26075,961343,TWSE_RWD_JSON_MI_INDEX
20240110,1903,士紙,TWSE,55.1,55.1,53.8,54.0,314939,17048195,TWSE_RWD_JSON_MI_INDEX
20240110,1904,正隆,TWSE,29.25,29.25,29.0,29.1,793340,23095150,TWSE_RWD_JSON_MI_INDEX
20240110,1905,華紙,TWSE,22.45,22.55,22.25,22.3,1286068,28725009,TWSE_RWD_JSON_MI_INDEX
20240110,1906,寶隆,TWSE,15.4,15.5,15.4,15.4,123425,1906366,TWSE_RWD_JSON_MI_INDEX
20240110,1907,永豐餘,TWSE,31.55,31.6,31.15,31.15,1078969,33766951,TWSE_RWD_JSON_MI_INDEX
20240110,1909,榮成,TWSE,14.5,14.55,14.25,14.25,1415259,20303099,TWSE_RWD_JSON_MI_INDEX
20240110,2002,中鋼,TWSE,25.95,25.95,25.7,25.85,12891074,333009949,TWSE_RWD_JSON_MI_INDEX
20240110,2006,東和鋼鐵,TWSE,70.4,70.5,69.6,70.5,1697732,118852170,TWSE_RWD_JSON_MI_INDEX
20240110,2007,燁興,TWSE,12.7,12.7,11.9,12.05,2742216,33270078,TWSE_RWD_JSON_MI_INDEX
20240110,2008,高興昌,TWSE,22.5,22.5,22.15,22.2,18375,409961,TWSE_RWD_JSON_MI_INDEX
20240110,2009,第一銅,TWSE,31.0,31.25,30.5,30.7,1228930,37960683,TWSE_RWD_JSON_MI_INDEX
20240110,2010,春源,TWSE,17.7,17.8,17.6,17.65,315179,5577331,TWSE_RWD_JSON_MI_INDEX
20240110,2012,春雨,TWSE,24.1,24.2,24.0,24.0,27207,654727,TWSE_RWD_JSON_MI_INDEX
20240110,2013,中鋼構,TWSE,54.2,54.6,54.0,54.1,36018,1954352,TWSE_RWD_JSON_MI_INDEX
20240110,2014,中鴻,TWSE,25.1,25.2,24.2,24.35,13191521,322825599,TWSE_RWD_JSON_MI_INDEX
20240110,2015,豐興,TWSE,67.4,67.4,66.8,66.9,108120,7241879,TWSE_RWD_JSON_MI_INDEX
20240110,2017,官田鋼,TWSE,14.65,14.65,14.3,14.35,834253,12010084,TWSE_RWD_JSON_MI_INDEX
20240110,2020,美亞,TWSE,32.65,32.65,31.9,31.9,1013293,32445799,TWSE_RWD_JSON_MI_INDEX
20240110,2022,聚亨,TWSE,12.1,12.2,11.85,11.9,610223,7283337,TWSE_RWD_JSON_MI_INDEX
20240110,2023,燁輝,TWSE,17.0,17.1,16.65,16.7,3079420,51756458,TWSE_RWD_JSON_MI_INDEX
20240110,2024,志聯,TWSE,20.7,20.75,20.7,20.75,2229,46637,TWSE_RWD_JSON_MI_INDEX
20240110,2025,千興,TWSE,7.25,7.37,7.23,7.27,897568,6533024,TWSE_RWD_JSON_MI_INDEX
20240110,2027,大成鋼,TWSE,38.25,38.25,37.35,37.5,7684306,288458836,TWSE_RWD_JSON_MI_INDEX
20240110,2028,威致,TWSE,25.5,25.5,24.65,24.85,394038,9817362,TWSE_RWD_JSON_MI_INDEX
20240110,2029,盛餘,TWSE,29.35,29.5,29.1,29.2,581343,17030308,TWSE_RWD_JSON_MI_INDEX
20240110,2030,彰源,TWSE,19.1,19.1,18.9,19.0,337529,6411162,TWSE_RWD_JSON_MI_INDEX
20240110,2031,新光鋼,TWSE,55.3,55.3,54.2,54.4,1639696,89357291,TWSE_RWD_JSON_MI_INDEX
20240110,2032,新鋼,TWSE,18.65,18.9,18.5,18.7,278256,5203316,TWSE_RWD_JSON_MI_INDEX
20240110,2033,佳大,TWSE,17.6,17.6,17.25,17.25,201865,3511604,TWSE_RWD_JSON_MI_INDEX
20240110,2034,允強,TWSE,26.85,26.85,26.7,26.75,252019,6751817,TWSE_RWD_JSON_MI_INDEX
20240110,2038,海光,TWSE,20.8,20.9,20.25,20.35,855906,17494840,TWSE_RWD_JSON_MI_INDEX
20240110,2049,上銀,TWSE,225.0,226.5,224.0,226.0,842948,189947339,TWSE_RWD_JSON_MI_INDEX
20240110,2059,川湖,TWSE,910.0,912.0,893.0,896.0,729297,656725263,TWSE_RWD_JSON_MI_INDEX
20240110,2062,橋椿,TWSE,25.8,25.8,25.6,25.7,149593,3842195,TWSE_RWD_JSON_MI_INDEX
20240110,2069,運錩,TWSE,17.2,17.2,16.9,16.95,84282,1432074,TWSE_RWD_JSON_MI_INDEX
20240110,2101,南港,TWSE,45.05,45.05,42.85,43.0,9094853,396497139,TWSE_RWD_JSON_MI_INDEX
20240110,2102,泰豐,TWSE,19.2,19.2,18.8,18.8,613107,11614191,TWSE_RWD_JSON_MI_INDEX
20240110,2103,台橡,TWSE,24.0,24.0,23.75,23.75,495049,11802292,TWSE_RWD_JSON_MI_INDEX
20240110,2104,國際中橡,TWSE,19.1,19.15,19.0,19.05,1465500,27896408,TWSE_RWD_JSON_MI_INDEX
20240110,2105,正新,TWSE,44.75,44.8,43.85,43.95,3941698,173877430,TWSE_RWD_JSON_MI_INDEX
20240110,2106,建大,TWSE,30.95,30.95,30.5,30.6,443679,13600546,TWSE_RWD_JSON_MI_INDEX
20240110,2107,厚生,TWSE,24.1,24.1,23.95,23.95,204511,4912637,TWSE_RWD_JSON_MI_INDEX
20240110,2108,南帝,TWSE,36.8,36.8,36.5,36.6,345267,12651172,TWSE_RWD_JSON_MI_INDEX
20240110,2109,華豐,TWSE,14.5,14.5,14.4,14.4,90807,1311244,TWSE_RWD_JSON_MI_INDEX
20240110,2114,鑫永銓,TWSE,107.0,107.0,105.5,106.0,54547,5783842,TWSE_RWD_JSON_MI_INDEX
20240110,2115,六暉-KY,TWSE,29.85,29.95,29.6,29.6,44708,1331618,TWSE_RWD_JSON_MI_INDEX
20240110,2201,裕隆,TWSE,70.7,70.7,69.6,70.2,5649081,395868132,TWSE_RWD_JSON_MI_INDEX
20240110,2204,中華,TWSE,107.0,107.5,105.0,107.0,1807023,192275223,TWSE_RWD_JSON_MI_INDEX
20240110,2206,三陽工業,TWSE,71.5,71.5,70.6,70.8,2530532,179279965,TWSE_RWD_JSON_MI_INDEX
20240110,2207,和泰車,TWSE,687.0,687.0,676.0,676.0,95698,64860656,TWSE_RWD_JSON_MI_INDEX
20240110,2208,台船,TWSE,20.45,20.85,20.0,20.1,5138974,104474462,TWSE_RWD_JSON_MI_INDEX
20240110,2211,長榮鋼,TWSE,102.0,104.5,101.0,103.5,1281896,132256642,TWSE_RWD_JSON_MI_INDEX
20240110,2227,裕日車,TWSE,185.0,185.0,184.5,185.0,10387,1920614,TWSE_RWD_JSON_MI_INDEX
20240110,2228,劍麟,TWSE,89.0,89.0,88.0,88.1,51665,4557266,TWSE_RWD_JSON_MI_INDEX
20240110,2231,為升,TWSE,131.5,132.0,130.0,130.0,207432,27120440,TWSE_RWD_JSON_MI_INDEX
20240110,2233,宇隆,TWSE,133.0,133.0,131.0,131.5,184245,24347138,TWSE_RWD_JSON_MI_INDEX
20240110,2236,百達-KY,TWSE,64.7,64.7,63.3,63.4,135638,8650445,TWSE_RWD_JSON_MI_INDEX
20240110,2239,英利-KY,TWSE,57.5,57.6,57.4,57.4,9110,523946,TWSE_RWD_JSON_MI_INDEX
20240110,2241,艾姆勒,TWSE,29.7,30.0,29.4,29.55,316376,9362758,TWSE_RWD_JSON_MI_INDEX
20240110,2243,宏旭-KY,TWSE,18.65,19.55,18.65,19.55,947367,18359780,TWSE_RWD_JSON_MI_INDEX
20240110,2247,汎德永業,TWSE,294.0,295.5,293.0,295.0,53387,15693266,TWSE_RWD_JSON_MI_INDEX
20240110,2250,IKKA-KY,TWSE,83.5,83.9,81.9,82.1,76735,6339212,TWSE_RWD_JSON_MI_INDEX
20240110,2254,巨鎧精密-創,TWSE,89.8,91.2,88.2,91.2,43100,3851510,TWSE_RWD_JSON_MI_INDEX
20240110,2258,鴻華先進-創,TWSE,44.5,44.55,44.3,44.3,291277,12933148,TWSE_RWD_JSON_MI_INDEX
20240110,2301,光寶科,TWSE,114.0,114.5,106.0,107.0,28227920,3065153032,TWSE_RWD_JSON_MI_INDEX
20240110,2302,麗正,TWSE,17.8,17.85,17.65,17.75,215065,3823202,TWSE_RWD_JSON_MI_INDEX
20240110,2303,聯電,TWSE,50.4,50.5,50.1,50.1,40684069,2042674528,TWSE_RWD_JSON_MI_INDEX
20240110,2305,全友,TWSE,21.65,22.25,21.35,22.15,780561,17084574,TWSE_RWD_JSON_MI_INDEX
20240110,2308,台達電,TWSE,290.5,293.5,287.5,291.0,13200940,3840043321,TWSE_RWD_JSON_MI_INDEX
20240110,2312,金寶,TWSE,15.6,15.6,15.1,15.1,12844892,195782642,TWSE_RWD_JSON_MI_INDEX
20240110,2313,華通,TWSE,68.0,68.2,66.4,68.0,17963238,1210518362,TWSE_RWD_JSON_MI_INDEX
20240110,2314,台揚,TWSE,36.25,36.25,35.35,35.55,1322287,47046686,TWSE_RWD_JSON_MI_INDEX
20240110,2316,楠梓電,TWSE,37.85,37.85,37.0,37.0,1367095,50773418,TWSE_RWD_JSON_MI_INDEX
20240110,2317,鴻海,TWSE,101.0,101.5,100.0,100.0,23473035,2358632814,TWSE_RWD_JSON_MI_INDEX
20240110,2321,東訊,TWSE,14.3,14.8,14.3,14.8,2572,37235,TWSE_RWD_JSON_MI_INDEX
20240110,2323,中環,TWSE,10.95,11.0,10.8,10.8,5130661,55706037,TWSE_RWD_JSON_MI_INDEX
20240110,2324,仁寶,TWSE,36.3,36.8,35.8,35.85,48477373,1753009139,TWSE_RWD_JSON_MI_INDEX
20240110,2327,國巨*,TWSE,561.0,561.0,553.0,555.0,2159066,1200474248,TWSE_RWD_JSON_MI_INDEX
20240110,2328,廣宇,TWSE,34.0,34.0,33.5,33.55,1657515,55782953,TWSE_RWD_JSON_MI_INDEX
20240110,2329,華泰,TWSE,53.8,56.1,53.7,55.7,35112529,1936962432,TWSE_RWD_JSON_MI_INDEX
20240110,2330,台積電,TWSE,581.0,586.0,580.0,584.0,13708117,8006229126,TWSE_RWD_JSON_MI_INDEX
20240110,2331,精英,TWSE,30.95,31.7,30.9,31.45,8522467,267439267,TWSE_RWD_JSON_MI_INDEX
20240110,2332,友訊,TWSE,19.2,19.3,19.0,19.05,1511439,28815508,TWSE_RWD_JSON_MI_INDEX
20240110,2337,旺宏,TWSE,30.25,30.3,29.85,30.05,4799770,144369040,TWSE_RWD_JSON_MI_INDEX
20240110,2338,光罩,TWSE,70.1,70.2,69.2,69.3,883013,61350270,TWSE_RWD_JSON_MI_INDEX
20240110,2340,台亞,TWSE,45.0,45.25,44.85,44.95,675500,30395081,TWSE_RWD_JSON_MI_INDEX
20240110,2342,茂矽,TWSE,33.15,33.15,32.35,32.4,609139,19877170,TWSE_RWD_JSON_MI_INDEX
20240110,2344,華邦電,TWSE,28.1,28.2,27.8,28.1,12674338,355778301,TWSE_RWD_JSON_MI_INDEX
20240110,2345,智邦,TWSE,511.0,518.0,506.0,508.0,1382870,705419561,TWSE_RWD_JSON_MI_INDEX
20240110,2347,聯強,TWSE,69.9,69.9,68.8,68.8,1702433,117516743,TWSE_RWD_JSON_MI_INDEX
20240110,2348,海悅,TWSE,92.5,93.7,91.5,93.5,272088,25194913,TWSE_RWD_JSON_MI_INDEX
20240110,2349,錸德,TWSE,8.05,8.05,7.98,8.0,640103,5124543,TWSE_RWD_JSON_MI_INDEX
20240110,2351,順德,TWSE,107.0,107.5,104.0,104.5,640548,67696312,TWSE_RWD_JSON_MI_INDEX
20240110,2352,佳世達,TWSE,46.25,46.3,45.15,45.55,14601772,664825196,TWSE_RWD_JSON_MI_INDEX
20240110,2353,宏碁,TWSE,47.35,48.4,46.85,47.2,60000995,2846585995,TWSE_RWD_JSON_MI_INDEX
20240110,2354,鴻準,TWSE,51.5,51.5,50.9,51.2,2196194,112327313,TWSE_RWD_JSON_MI_INDEX
20240110,2355,敬鵬,TWSE,45.75,46.3,45.2,45.3,3117230,141917106,TWSE_RWD_JSON_MI_INDEX
20240110,2356,英業達,TWSE,49.8,50.9,49.0,49.05,49501395,2456611051,TWSE_RWD_JSON_MI_INDEX
20240110,2357,華碩,TWSE,455.0,464.0,451.5,461.0,4567018,2099507365,TWSE_RWD_JSON_MI_INDEX
20240110,2358,廷鑫,TWSE,8.72,8.84,8.61,8.62,1101539,9561003,TWSE_RWD_JSON_MI_INDEX
20240110,2359,所羅門,TWSE,38.75,39.95,38.6,38.8,3849092,150901573,TWSE_RWD_JSON_MI_INDEX
20240110,2360,致茂,TWSE,219.0,223.0,215.5,217.5,1780866,389611532,TWSE_RWD_JSON_MI_INDEX
20240110,2362,藍天,TWSE,45.2,48.05,44.8,45.0,29035810,1335831102,TWSE_RWD_JSON_MI_INDEX
20240110,2363,矽統,TWSE,41.6,43.35,41.45,43.2,21128787,897416860,TWSE_RWD_JSON_MI_INDEX
20240110,2364,倫飛,TWSE,105.5,105.5,100.5,103.0,1106427,113694094,TWSE_RWD_JSON_MI_INDEX
20240110,2365,昆盈,TWSE,13.85,13.95,13.65,13.7,2614231,35949684,TWSE_RWD_JSON_MI_INDEX
20240110,2367,燿華,TWSE,19.0,19.1,18.85,18.9,2775047,52534980,TWSE_RWD_JSON_MI_INDEX
20240110,2368,金像電,TWSE,195.5,201.0,195.0,200.0,6594735,1310650029,TWSE_RWD_JSON_MI_INDEX
20240110,2369,菱生,TWSE,20.75,20.95,20.55,20.7,2212497,45859328,TWSE_RWD_JSON_MI_INDEX
20240110,2371,大同,TWSE,45.65,46.4,43.85,43.85,53761640,2428358472,TWSE_RWD_JSON_MI_INDEX
20240110,2373,震旦行,TWSE,75.7,75.7,74.6,74.7,7495,561916,TWSE_RWD_JSON_MI_INDEX
20240110,2374,佳能,TWSE,25.55,25.6,24.5,25.25,3396765,85377773,TWSE_RWD_JSON_MI_INDEX
20240110,2375,凱美,TWSE,66.6,66.6,65.4,65.4,220201,14486151,TWSE_RWD_JSON_MI_INDEX
20240110,2376,技嘉,TWSE,248.0,251.5,246.5,247.5,8656856,2148844673,TWSE_RWD_JSON_MI_INDEX
20240110,2377,微星,TWSE,175.0,187.5,175.0,186.0,10282398,1879005846,TWSE_RWD_JSON_MI_INDEX
20240110,2379,瑞昱,TWSE,454.5,458.0,449.5,456.0,2159527,982338397,TWSE_RWD_JSON_MI_INDEX
20240110,2380,虹光,TWSE,6.78,6.78,6.63,6.64,160622,1078838,TWSE_RWD_JSON_MI_INDEX
20240110,2382,廣達,TWSE,215.0,219.5,214.0,218.0,22952122,4992840769,TWSE_RWD_JSON_MI_INDEX
20240110,2383,台光電,TWSE,363.0,364.5,358.5,358.5,2793665,1007519892,TWSE_RWD_JSON_MI_INDEX
20240110,2385,群光,TWSE,183.0,185.0,182.0,185.0,4062513,747336886,TWSE_RWD_JSON_MI_INDEX
20240110,2387,精元,TWSE,57.5,57.5,56.1,56.5,3536847,200287985,TWSE_RWD_JSON_MI_INDEX
20240110,2388,威盛,TWSE,148.5,152.5,147.0,152.5,12985590,1949054509,TWSE_RWD_JSON_MI_INDEX
20240110,2390,云辰,TWSE,14.25,14.35,14.1,14.15,496431,7043160,TWSE_RWD_JSON_MI_INDEX
20240110,2392,正崴,TWSE,45.15,45.15,44.55,44.75,1497059,67028853,TWSE_RWD_JSON_MI_INDEX
20240110,2393,億光,TWSE,48.4,48.65,48.2,48.5,859011,41600205,TWSE_RWD_JSON_MI_INDEX
20240110,2395,研華,TWSE,363.0,363.0,358.0,360.0,583980,210467640,TWSE_RWD_JSON_MI_INDEX
20240110,2397,友通,TWSE,66.0,66.2,65.3,65.3,36020,2359498,TWSE_RWD_JSON_MI_INDEX
20240110,2399,映泰,TWSE,23.75,23.75,23.15,23.3,1795680,41967928,TWSE_RWD_JSON_MI_INDEX
20240110,2401,凌陽,TWSE,32.25,32.65,31.9,32.15,4257814,137323618,TWSE_RWD_JSON_MI_INDEX
20240110,2402,毅嘉,TWSE,34.0,34.3,33.25,34.0,5491209,185433959,TWSE_RWD_JSON_MI_INDEX
20240110,2404,漢唐,TWSE,274.0,277.5,273.0,276.5,955694,264005681,TWSE_RWD_JSON_MI_INDEX
20240110,2405,輔信,TWSE,17.25,17.7,17.25,17.5,4586739,80296061,TWSE_RWD_JSON_MI_INDEX
20240110,2406,國碩,TWSE,16.35,16.35,15.8,15.9,475173,7581851,TWSE_RWD_JSON_MI_INDEX
20240110,2408,南亞科,TWSE,72.4,72.9,71.0,71.5,10412564,745218653,TWSE_RWD_JSON_MI_INDEX
20240110,2409,友達,TWSE,18.8,18.8,18.25,18.35,38514541,710310198,TWSE_RWD_JSON_MI_INDEX
20240110,2412,中華電,TWSE,120.0,120.5,120.0,120.0,3566057,428086721,TWSE_RWD_JSON_MI_INDEX
20240110,2413,環科,TWSE,28.2,28.25,27.6,27.8,258593,7196000,TWSE_RWD_JSON_MI_INDEX
20240110,2414,精技,TWSE,33.75,33.8,33.55,33.55,86918,2924281,TWSE_RWD_JSON_MI_INDEX
20240110,2415,錩新,TWSE,28.45,28.55,28.15,28.15,70947,2008034,TWSE_RWD_JSON_MI_INDEX
20240110,2417,圓剛,TWSE,33.8,33.9,32.95,33.2,1615197,53850714,TWSE_RWD_JSON_MI_INDEX
20240110,2419,仲琦,TWSE,33.45,33.55,32.5,32.55,1549832,50931815,TWSE_RWD_JSON_MI_INDEX
20240110,2420,新巨,TWSE,48.15,48.15,47.85,48.0,115481,5539758,TWSE_RWD_JSON_MI_INDEX
20240110,2421,建準,TWSE,97.5,102.0,97.5,102.0,13631826,1364449479,TWSE_RWD_JSON_MI_INDEX
20240110,2423,固緯,TWSE,38.65,40.9,38.1,40.9,4023632,163145994,TWSE_RWD_JSON_MI_INDEX
20240110,2424,隴華,TWSE,30.9,30.9,28.7,28.7,10400,305462,TWSE_RWD_JSON_MI_INDEX
20240110,2425,承啟,TWSE,45.95,46.7,45.15,45.15,1215974,55391229,TWSE_RWD_JSON_MI_INDEX
20240110,2426,鼎元,TWSE,18.25,18.95,18.05,18.5,985708,18181088,TWSE_RWD_JSON_MI_INDEX
20240110,2427,三商電,TWSE,25.6,25.7,25.0,25.0,1674594,42282004,TWSE_RWD_JSON_MI_INDEX
20240110,2428,興勤,TWSE,158.0,159.0,156.0,158.0,328313,51875895,TWSE_RWD_JSON_MI_INDEX
20240110,2429,銘旺科,TWSE,18.3,18.35,18.25,18.25,46000,840800,TWSE_RWD_JSON_MI_INDEX
20240110,2430,燦坤,TWSE,39.05,39.1,38.95,39.0,95710,3734023,TWSE_RWD_JSON_MI_INDEX
20240110,2431,聯昌,TWSE,11.5,11.5,11.2,11.3,226294,2561036,TWSE_RWD_JSON_MI_INDEX
20240110,2432,倚天酷碁-創,TWSE,39.65,39.65,39.5,39.6,17000,673100,TWSE_RWD_JSON_MI_INDEX
20240110,2433,互盛電,TWSE,51.5,51.6,51.5,51.5,27323,1408062,TWSE_RWD_JSON_MI_INDEX
20240110,2434,統懋,TWSE,35.0,36.65,34.3,34.3,43942,1566506,TWSE_RWD_JSON_MI_INDEX
20240110,2436,偉詮電,TWSE,68.2,68.3,67.3,67.5,1327448,89808396,TWSE_RWD_JSON_MI_INDEX
20240110,2438,翔耀,TWSE,23.0,23.1,22.9,22.9,60680,1393636,TWSE_RWD_JSON_MI_INDEX
20240110,2439,美律,TWSE,106.5,106.5,105.0,106.0,695642,73450181,TWSE_RWD_JSON_MI_INDEX
20240110,2440,太空梭,TWSE,12.5,12.55,12.35,12.55,164433,2051186,TWSE_RWD_JSON_MI_INDEX
20240110,2441,超豐,TWSE,58.6,59.0,58.6,59.0,344278,20250145,TWSE_RWD_JSON_MI_INDEX
20240110,2442,新美齊,TWSE,24.8,24.9,24.0,24.15,2072356,50319596,TWSE_RWD_JSON_MI_INDEX
20240110,2443,昶虹,TWSE,4.39,4.6,4.28,4.42,1197107,5330669,TWSE_RWD_JSON_MI_INDEX
20240110,2444,兆勁,TWSE,12.1,12.2,12.0,12.05,755273,9119223,TWSE_RWD_JSON_MI_INDEX
20240110,2449,京元電子,TWSE,82.0,82.4,80.6,81.8,7867717,639527647,TWSE_RWD_JSON_MI_INDEX
20240110,2450,神腦,TWSE,39.2,39.9,39.2,39.45,151713,5980158,TWSE_RWD_JSON_MI_INDEX
20240110,2451,創見,TWSE,79.6,79.6,78.6,79.0,329337,25996125,TWSE_RWD_JSON_MI_INDEX
20240110,2453,凌群,TWSE,54.5,55.1,54.3,54.7,228608,12496434,TWSE_RWD_JSON_MI_INDEX
20240110,2454,聯發科,TWSE,935.0,935.0,922.0,924.0,4380442,4054858477,TWSE_RWD_JSON_MI_INDEX
20240110,2455,全新,TWSE,132.5,133.0,129.0,129.5,2080044,271058472,TWSE_RWD_JSON_MI_INDEX
20240110,2457,飛宏,TWSE,56.1,56.3,55.0,55.0,3650353,202711904,TWSE_RWD_JSON_MI_INDEX
20240110,2458,義隆,TWSE,155.0,160.0,155.0,160.0,2523262,399697514,TWSE_RWD_JSON_MI_INDEX
20240110,2459,敦吉,TWSE,61.7,62.0,61.3,61.9,106246,6561529,TWSE_RWD_JSON_MI_INDEX
20240110,2460,建通,TWSE,30.8,30.85,29.4,30.2,4160787,125361762,TWSE_RWD_JSON_MI_INDEX
20240110,2461,光群雷,TWSE,23.6,23.9,23.25,23.4,2140976,50385689,TWSE_RWD_JSON_MI_INDEX
20240110,2462,良得電,TWSE,37.3,37.3,36.5,36.55,727376,26671233,TWSE_RWD_JSON_MI_INDEX
20240110,2464,盟立,TWSE,35.85,35.85,35.5,35.7,234387,8371322,TWSE_RWD_JSON_MI_INDEX
20240110,2465,麗臺,TWSE,59.6,61.8,59.0,59.1,1264886,75505089,TWSE_RWD_JSON_MI_INDEX
20240110,2466,冠西電,TWSE,37.5,37.8,37.3,37.4,12000,450700,TWSE_RWD_JSON_MI_INDEX
20240110,2467,志聖,TWSE,70.5,71.7,68.1,68.8,2375586,165696223,TWSE_RWD_JSON_MI_INDEX
20240110,2468,華經,TWSE,29.5,29.9,29.05,29.6,435042,12842628,TWSE_RWD_JSON_MI_INDEX
20240110,2471,資通,TWSE,54.8,55.2,54.3,55.1,186045,10209661,TWSE_RWD_JSON_MI_INDEX
20240110,2472,立隆電,TWSE,68.5,68.9,68.0,68.1,543631,37147463,TWSE_RWD_JSON_MI_INDEX
20240110,2474,可成,TWSE,197.5,198.5,197.0,197.0,1425758,281632503,TWSE_RWD_JSON_MI_INDEX
20240110,2476,鉅祥,TWSE,70.1,70.8,69.9,70.6,789936,55566360,TWSE_RWD_JSON_MI_INDEX
20240110,2477,美隆電,TWSE,22.0,22.05,21.95,21.95,25065,550594,TWSE_RWD_JSON_MI_INDEX
20240110,2478,大毅,TWSE,46.0,46.0,45.7,45.7,120004,5496428,TWSE_RWD_JSON_MI_INDEX
20240110,2480,敦陽科,TWSE,119.0,119.0,117.0,117.0,135013,15875036,TWSE_RWD_JSON_MI_INDEX
20240110,2481,強茂,TWSE,63.8,63.9,62.7,62.9,2172421,136823539,TWSE_RWD_JSON_MI_INDEX
20240110,2482,連宇,TWSE,37.05,37.4,36.2,36.2,779131,28460458,TWSE_RWD_JSON_MI_INDEX
20240110,2483,百容,TWSE,23.8,23.95,23.7,23.8,62615,1491379,TWSE_RWD_JSON_MI_INDEX
20240110,2484,希華,TWSE,31.75,31.85,31.65,31.7,214227,6798237,TWSE_RWD_JSON_MI_INDEX
20240110,2485,兆赫,TWSE,21.2,21.35,21.0,21.1,1348712,28475671,TWSE_RWD_JSON_MI_INDEX
20240110,2486,一詮,TWSE,45.3,45.85,44.7,45.05,4892238,221077767,TWSE_RWD_JSON_MI_INDEX
20240110,2488,漢平,TWSE,39.9,40.0,39.65,39.85,266959,10626141,TWSE_RWD_JSON_MI_INDEX
20240110,2489,瑞軒,TWSE,13.45,13.85,13.3,13.45,7391236,100735923,TWSE_RWD_JSON_MI_INDEX
20240110,2491,吉祥全,TWSE,13.65,13.65,13.05,13.5,46090,622080,TWSE_RWD_JSON_MI_INDEX
20240110,2492,華新科,TWSE,113.5,113.5,111.0,111.5,1721581,192335387,TWSE_RWD_JSON_MI_INDEX
20240110,2493,揚博,TWSE,80.1,81.5,79.5,81.4,221128,17886080,TWSE_RWD_JSON_MI_INDEX
20240110,2495,普安,TWSE,20.6,20.65,20.25,20.25,575482,11720733,TWSE_RWD_JSON_MI_INDEX
20240110,2496,卓越,TWSE,60.3,60.8,60.3,60.4,19477,1178378,TWSE_RWD_JSON_MI_INDEX
20240110,2497,怡利電,TWSE,63.1,63.1,61.5,61.9,575288,35650358,TWSE_RWD_JSON_MI_INDEX
20240110,2498,宏達電,TWSE,54.2,54.2,51.9,52.2,25762817,1357696150,TWSE_RWD_JSON_MI_INDEX
20240110,2501,國建,TWSE,18.4,18.4,18.1,18.15,2710716,49292916,TWSE_RWD_JSON_MI_INDEX
20240110,2504,國產,TWSE,27.95,27.95,27.8,27.8,800091,22263173,TWSE_RWD_JSON_MI_INDEX
20240110,2505,國揚,TWSE,23.05,23.1,22.6,22.75,807093,18395836,TWSE_RWD_JSON_MI_INDEX
20240110,2506,太設,TWSE,10.2,10.35,10.0,10.05,2690304,27290992,TWSE_RWD_JSON_MI_INDEX
20240110,2509,全坤建,TWSE,17.75,17.9,17.35,17.4,119220,2100190,TWSE_RWD_JSON_MI_INDEX
20240110,2511,太子,TWSE,11.1,11.15,11.0,11.0,933794,10323234,TWSE_RWD_JSON_MI_INDEX
20240110,2514,龍邦,TWSE,15.8,15.8,15.7,15.75,260521,4091821,TWSE_RWD_JSON_MI_INDEX
20240110,2515,中工,TWSE,13.2,13.35,12.9,13.0,26880200,350918708,TWSE_RWD_JSON_MI_INDEX
20240110,2516,新建,TWSE,13.1,13.35,12.6,12.7,4724714,60580429,TWSE_RWD_JSON_MI_INDEX
20240110,2520,冠德,TWSE,40.05,40.05,39.15,39.25,2325095,91708772,TWSE_RWD_JSON_MI_INDEX
20240110,2524,京城,TWSE,31.5,32.3,31.45,32.15,95909,3058756,TWSE_RWD_JSON_MI_INDEX
20240110,2527,宏璟,TWSE,27.45,27.6,27.45,27.5,117146,3221768,TWSE_RWD_JSON_MI_INDEX
20240110,2528,皇普,TWSE,34.8,34.85,34.05,34.85,437362,15100792,TWSE_RWD_JSON_MI_INDEX
20240110,2530,華建,TWSE,36.35,37.45,36.1,37.3,1699392,62884260,TWSE_RWD_JSON_MI_INDEX
20240110,2534,宏盛,TWSE,20.2,20.2,19.9,20.05,645450,12910113,TWSE_RWD_JSON_MI_INDEX
20240110,2535,達欣工,TWSE,44.7,45.0,44.65,44.9,287257,12865840,TWSE_RWD_JSON_MI_INDEX
20240110,2536,宏普,TWSE,30.9,30.95,30.4,30.55,299175,9161938,TWSE_RWD_JSON_MI_INDEX
20240110,2537,聯上發,TWSE,9.68,9.68,9.32,9.39,2392712,22545995,TWSE_RWD_JSON_MI_INDEX
20240110,2538,基泰,TWSE,16.3,16.3,15.9,15.9,1270986,20341399,TWSE_RWD_JSON_MI_INDEX
20240110,2539,櫻花建,TWSE,47.85,49.1,47.65,48.75,953632,46391685,TWSE_RWD_JSON_MI_INDEX
20240110,2540,愛山林,TWSE,89.2,89.2,87.8,88.4,110916,9797534,TWSE_RWD_JSON_MI_INDEX
20240110,2542,興富發,TWSE,40.05,40.1,40.0,40.0,1624970,65057634,TWSE_RWD_JSON_MI_INDEX
20240110,2543,皇昌,TWSE,27.75,28.5,26.8,27.8,9585238,264814001,TWSE_RWD_JSON_MI_INDEX
20240110,2545,皇翔,TWSE,42.6,42.6,41.7,42.0,135904,5697485,TWSE_RWD_JSON_MI_INDEX
20240110,2546,根基,TWSE,78.2,78.7,77.7,78.6,109722,8589615,TWSE_RWD_JSON_MI_INDEX
20240110,2547,日勝生,TWSE,9.65,9.68,9.56,9.58,993860,9531808,TWSE_RWD_JSON_MI_INDEX
20240110,2548,華固,TWSE,95.3,95.9,95.1,95.9,641362,61176288,TWSE_RWD_JSON_MI_INDEX
20240110,2597,潤弘,TWSE,122.0,122.0,118.5,119.0,140640,16949758,TWSE_RWD_JSON_MI_INDEX
20240110,2601,益航,TWSE,8.72,8.72,8.55,8.55,2409197,20724669,TWSE_RWD_JSON_MI_INDEX
20240110,2603,長榮,TWSE,150.5,151.0,146.0,148.0,46472269,6879528230,TWSE_RWD_JSON_MI_INDEX
20240110,2605,新興,TWSE,25.35,25.6,24.6,24.7,11743545,293044533,TWSE_RWD_JSON_MI_INDEX
20240110,2606,裕民,TWSE,51.0,51.3,50.1,50.3,7172617,362264190,TWSE_RWD_JSON_MI_INDEX
20240110,2607,榮運,TWSE,33.55,33.55,32.6,32.7,5660919,186021754,TWSE_RWD_JSON_MI_INDEX
20240110,2608,嘉里大榮,TWSE,38.1,38.1,37.8,37.85,231631,8787399,TWSE_RWD_JSON_MI_INDEX
20240110,2609,陽明,TWSE,50.8,51.2,48.2,48.8,199110004,9795395094,TWSE_RWD_JSON_MI_INDEX
20240110,2610,華航,TWSE,21.25,21.25,20.8,20.85,28627650,599652728,TWSE_RWD_JSON_MI_INDEX
20240110,2611,志信,TWSE,17.35,17.35,16.75,17.15,2690614,45734391,TWSE_RWD_JSON_MI_INDEX
20240110,2612,中航,TWSE,49.4,49.45,47.75,48.0,1552228,74903092,TWSE_RWD_JSON_MI_INDEX
20240110,2613,中櫃,TWSE,22.65,22.65,22.15,22.15,195945,4368137,TWSE_RWD_JSON_MI_INDEX
20240110,2614,東森,TWSE,22.1,22.1,21.75,21.85,1419310,31012260,TWSE_RWD_JSON_MI_INDEX
20240110,2615,萬海,TWSE,51.7,51.9,50.0,50.7,19099587,969538025,TWSE_RWD_JSON_MI_INDEX
20240110,2616,山隆,TWSE,30.0,30.0,29.9,29.95,45792,1371341,TWSE_RWD_JSON_MI_INDEX
20240110,2617,台航,TWSE,32.65,32.65,31.6,31.9,2574973,82228706,TWSE_RWD_JSON_MI_INDEX
20240110,2618,長榮航,TWSE,32.5,32.55,31.9,32.0,61933592,1991041408,TWSE_RWD_JSON_MI_INDEX
20240110,2630,亞航,TWSE,37.5,39.9,36.7,36.7,21199696,811015508,TWSE_RWD_JSON_MI_INDEX
20240110,2633,台灣高鐵,TWSE,30.05,30.15,29.95,30.1,1404465,42185050,TWSE_RWD_JSON_MI_INDEX
20240110,2634,漢翔,TWSE,51.9,53.6,51.3,51.6,23380101,1222559115,TWSE_RWD_JSON_MI_INDEX
20240110,2636,台驊控股,TWSE,89.9,90.8,88.5,89.3,3014278,269789504,TWSE_RWD_JSON_MI_INDEX
20240110,2637,慧洋-KY,TWSE,52.1,52.2,50.4,51.1,7089540,362734210,TWSE_RWD_JSON_MI_INDEX
20240110,2642,宅配通,TWSE,40.95,40.95,40.55,40.55,67403,2742062,TWSE_RWD_JSON_MI_INDEX
20240110,2645,長榮航太,TWSE,102.0,105.0,102.0,103.5,818518,84652807,TWSE_RWD_JSON_MI_INDEX
20240110,2701,萬企,TWSE,12.85,12.9,12.8,12.8,155492,1991447,TWSE_RWD_JSON_MI_INDEX
20240110,2702,華園,TWSE,21.15,21.15,20.9,20.95,88181,1852720,TWSE_RWD_JSON_MI_INDEX
20240110,2704,國賓,TWSE,49.35,49.35,48.6,48.9,85165,4157543,TWSE_RWD_JSON_MI_INDEX
20240110,2705,六福,TWSE,18.05,18.05,17.65,17.7,700618,12435455,TWSE_RWD_JSON_MI_INDEX
20240110,2706,第一店,TWSE,15.9,15.95,15.75,15.85,325265,5152693,TWSE_RWD_JSON_MI_INDEX
20240110,2707,晶華,TWSE,225.0,225.0,220.0,220.5,377900,83915482,TWSE_RWD_JSON_MI_INDEX
20240110,2712,遠雄來,TWSE,34.95,34.95,34.8,34.8,11167,389250,TWSE_RWD_JSON_MI_INDEX
20240110,2722,夏都,TWSE,60.4,61.0,59.1,59.7,298915,17971806,TWSE_RWD_JSON_MI_INDEX
20240110,2723,美食-KY,TWSE,100.0,100.0,98.3,98.3,1284947,126897464,TWSE_RWD_JSON_MI_INDEX
20240110,2727,王品,TWSE,260.5,260.5,251.0,252.0,1626078,413566162,TWSE_RWD_JSON_MI_INDEX
20240110,2731,雄獅,TWSE,141.0,141.5,138.0,138.0,931060,129402966,TWSE_RWD_JSON_MI_INDEX
20240110,2739,寒舍,TWSE,62.5,62.8,61.1,61.9,1351803,83720095,TWSE_RWD_JSON_MI_INDEX
20240110,2748,雲品,TWSE,83.9,84.8,82.5,82.8,1930334,160784870,TWSE_RWD_JSON_MI_INDEX
20240110,2753,八方雲集,TWSE,167.5,168.0,166.5,166.5,124514,20803432,TWSE_RWD_JSON_MI_INDEX
20240110,2801,彰銀,TWSE,17.75,17.75,17.65,17.65,5774842,102082306,TWSE_RWD_JSON_MI_INDEX
20240110,2809,京城銀,TWSE,40.15,40.4,40.15,40.4,1256922,50640853,TWSE_RWD_JSON_MI_INDEX
20240110,2812,台中銀,TWSE,16.0,16.25,16.0,16.15,12366002,199179925,TWSE_RWD_JSON_MI_INDEX
20240110,2816,旺旺保,TWSE,36.75,37.0,35.7,35.7,2095397,75610572,TWSE_RWD_JSON_MI_INDEX
20240110,2820,華票,TWSE,15.05,15.1,15.05,15.1,319053,4804032,TWSE_RWD_JSON_MI_INDEX
20240110,2832,台產,TWSE,26.0,26.0,25.2,25.3,1839717,46731328,TWSE_RWD_JSON_MI_INDEX
20240110,2834,臺企銀,TWSE,13.55,13.6,13.5,13.5,8284204,111931740,TWSE_RWD_JSON_MI_INDEX
20240110,2836,高雄銀,TWSE,12.25,12.25,12.15,12.2,465235,5679367,TWSE_RWD_JSON_MI_INDEX
20240110,2838,聯邦銀,TWSE,14.3,14.3,14.2,14.25,860301,12269577,TWSE_RWD_JSON_MI_INDEX
20240110,2845,遠東銀,TWSE,12.5,12.5,12.45,12.5,1024629,12792218,TWSE_RWD_JSON_MI_INDEX
20240110,2849,安泰銀,TWSE,14.35,14.4,14.35,14.4,6015,86565,TWSE_RWD_JSON_MI_INDEX
20240110,2850,新產,TWSE,66.2,66.8,66.2,66.3,253980,16872427,TWSE_RWD_JSON_MI_INDEX
20240110,2851,中再保,TWSE,22.8,22.85,22.75,22.8,566713,12927235,TWSE_RWD_JSON_MI_INDEX
20240110,2852,第一保,TWSE,18.35,18.4,18.2,18.25,204104,3731006,TWSE_RWD_JSON_MI_INDEX
20240110,2855,統一證,TWSE,19.4,19.4,19.3,19.3,583201,11277196,TWSE_RWD_JSON_MI_INDEX
20240110,2867,三商壽,TWSE,5.02,5.05,5.01,5.05,8324427,41870317,TWSE_RWD_JSON_MI_INDEX
20240110,2880,華南金,TWSE,22.05,22.1,21.9,21.95,7600634,167017611,TWSE_RWD_JSON_MI_INDEX
20240110,2881,富邦金,TWSE,63.8,64.2,63.7,64.0,7348719,470103492,TWSE_RWD_JSON_MI_INDEX
20240110,2882,國泰金,TWSE,45.0,45.1,44.7,44.7,7533412,337312710,TWSE_RWD_JSON_MI_INDEX
20240110,2883,凱基金,TWSE,12.35,12.35,12.25,12.25,16059767,196992315,TWSE_RWD_JSON_MI_INDEX
20240110,2884,玉山金,TWSE,25.5,25.55,25.4,25.4,8476116,215685195,TWSE_RWD_JSON_MI_INDEX
20240110,2885,元大金,TWSE,26.75,26.75,26.4,26.5,13366702,354377148,TWSE_RWD_JSON_MI_INDEX
20240110,2886,兆豐金,TWSE,39.35,39.45,39.05,39.35,12182551,479136681,TWSE_RWD_JSON_MI_INDEX
20240110,2887,台新新光金,TWSE,17.9,17.9,17.8,17.8,6197351,110479040,TWSE_RWD_JSON_MI_INDEX
20240110,2888,新光金,TWSE,8.8,8.8,8.71,8.72,22929230,200601797,TWSE_RWD_JSON_MI_INDEX
20240110,2889,國票金,TWSE,12.2,12.2,12.05,12.05,3326064,40245173,TWSE_RWD_JSON_MI_INDEX
20240110,2890,永豐金,TWSE,19.5,19.5,19.25,19.3,12981022,250999717,TWSE_RWD_JSON_MI_INDEX
20240110,2891,中信金,TWSE,28.05,28.15,27.7,28.05,37999134,1062269606,TWSE_RWD_JSON_MI_INDEX
20240110,2892,第一金,TWSE,27.15,27.15,26.9,26.9,8788238,237154485,TWSE_RWD_JSON_MI_INDEX
20240110,2897,王道銀行,TWSE,9.92,9.92,9.82,9.82,4084565,40212330,TWSE_RWD_JSON_MI_INDEX
20240110,2901,欣欣,TWSE,27.7,27.7,27.05,27.3,9477,258924,TWSE_RWD_JSON_MI_INDEX
20240110,2903,遠百,TWSE,24.6,24.7,24.5,24.6,1523021,37487179,TWSE_RWD_JSON_MI_INDEX
20240110,2904,匯僑,TWSE,18.9,18.95,18.9,18.95,11272,213157,TWSE_RWD_JSON_MI_INDEX
20240110,2905,三商,TWSE,13.4,13.45,13.2,13.2,725384,9649317,TWSE_RWD_JSON_MI_INDEX
20240110,2906,高林,TWSE,18.4,18.45,18.2,18.45,716684,13123297,TWSE_RWD_JSON_MI_INDEX
20240110,2908,特力,TWSE,20.9,20.9,20.75,20.75,232874,4846649,TWSE_RWD_JSON_MI_INDEX
20240110,2910,統領,TWSE,27.3,27.3,26.8,27.05,24000,649000,TWSE_RWD_JSON_MI_INDEX
20240110,2911,麗嬰房,TWSE,6.72,6.72,6.66,6.69,53018,354728,TWSE_RWD_JSON_MI_INDEX
20240110,2912,統一超,TWSE,268.0,269.0,268.0,268.0,364352,97791334,TWSE_RWD_JSON_MI_INDEX
20240110,2913,農林,TWSE,20.75,20.75,20.5,20.55,1881736,38728582,TWSE_RWD_JSON_MI_INDEX
20240110,2915,潤泰全,TWSE,63.2,63.5,62.8,62.9,1376201,86673510,TWSE_RWD_JSON_MI_INDEX
20240110,2923,鼎固-KY,TWSE,26.8,26.8,26.45,26.45,3411,90721,TWSE_RWD_JSON_MI_INDEX
20240110,2929,淘帝-KY,TWSE,12.15,12.2,11.95,11.95,256394,3090326,TWSE_RWD_JSON_MI_INDEX
20240110,2939,永邑-KY,TWSE,29.55,30.0,29.55,30.0,13001,386379,TWSE_RWD_JSON_MI_INDEX
20240110,2945,三商家購,TWSE,44.1,44.9,43.35,44.9,28434,1250665,TWSE_RWD_JSON_MI_INDEX
20240110,3002,歐格,TWSE,13.95,14.1,13.65,14.1,288285,4003281,TWSE_RWD_JSON_MI_INDEX
20240110,3003,健和興,TWSE,69.7,69.7,69.0,69.1,257219,17786766,TWSE_RWD_JSON_MI_INDEX
20240110,3004,豐達科,TWSE,91.7,92.5,91.1,91.1,162209,14883321,TWSE_RWD_JSON_MI_INDEX
20240110,3005,神基,TWSE,103.0,105.5,102.5,104.5,3701161,386207456,TWSE_RWD_JSON_MI_INDEX
20240110,3006,晶豪科,TWSE,90.9,91.9,90.5,90.9,3942490,358701238,TWSE_RWD_JSON_MI_INDEX
20240110,3008,大立光,TWSE,2570.0,2580.0,2505.0,2525.0,1060363,2690743185,TWSE_RWD_JSON_MI_INDEX
20240110,3010,華立,TWSE,94.7,95.8,94.6,95.8,213310,20320394,TWSE_RWD_JSON_MI_INDEX
20240110,3011,今皓,TWSE,33.35,33.55,32.55,33.25,780183,25763486,TWSE_RWD_JSON_MI_INDEX
20240110,3013,晟銘電,TWSE,42.85,43.65,42.1,42.85,6062508,260296040,TWSE_RWD_JSON_MI_INDEX
20240110,3014,聯陽,TWSE,150.5,151.5,150.0,151.0,711012,107150843,TWSE_RWD_JSON_MI_INDEX
20240110,3015,全漢,TWSE,51.8,51.8,51.3,51.7,123541,6356103,TWSE_RWD_JSON_MI_INDEX
20240110,3016,嘉晶,TWSE,59.1,59.3,57.7,57.9,414983,24158425,TWSE_RWD_JSON_MI_INDEX
20240110,3017,奇鋐,TWSE,315.0,329.5,315.0,329.0,16477955,5341496589,TWSE_RWD_JSON_MI_INDEX
20240110,3018,隆銘綠能,TWSE,16.25,16.5,16.25,16.5,10933,179157,TWSE_RWD_JSON_MI_INDEX
20240110,3019,亞光,TWSE,65.8,66.4,65.6,65.9,418440,27607782,TWSE_RWD_JSON_MI_INDEX
20240110,3021,鴻名,TWSE,19.8,19.85,19.65,19.65,84071,1660353,TWSE_RWD_JSON_MI_INDEX
20240110,3022,威強電,TWSE,78.3,79.1,77.5,77.6,930059,72601089,TWSE_RWD_JSON_MI_INDEX
20240110,3023,信邦,TWSE,274.0,277.5,273.5,276.0,674316,185796013,TWSE_RWD_JSON_MI_INDEX
20240110,3024,憶聲,TWSE,18.35,18.5,18.1,18.15,1425482,25957340,TWSE_RWD_JSON_MI_INDEX
20240110,3025,星通,TWSE,58.3,59.8,56.5,57.7,15145155,875625526,TWSE_RWD_JSON_MI_INDEX
20240110,3026,禾伸堂,TWSE,95.0,95.2,94.8,94.8,145718,13835684,TWSE_RWD_JSON_MI_INDEX
20240110,3027,盛達,TWSE,40.15,40.5,40.05,40.05,634981,25514672,TWSE_RWD_JSON_MI_INDEX
20240110,3028,增你強,TWSE,33.45,33.45,33.3,33.4,211876,7069194,TWSE_RWD_JSON_MI_INDEX
20240110,3029,零壹,TWSE,65.3,65.9,65.1,65.4,458153,29961127,TWSE_RWD_JSON_MI_INDEX
20240110,3030,德律,TWSE,67.0,67.5,66.7,66.8,555465,37261427,TWSE_RWD_JSON_MI_INDEX
20240110,3031,佰鴻,TWSE,19.0,20.7,18.8,20.2,4021100,80676997,TWSE_RWD_JSON_MI_INDEX
20240110,3032,偉訓,TWSE,74.9,75.0,71.8,72.5,7774076,569104570,TWSE_RWD_JSON_MI_INDEX
20240110,3033,威健,TWSE,28.5,28.5,28.2,28.2,682857,19337856,TWSE_RWD_JSON_MI_INDEX
20240110,3034,聯詠,TWSE,500.0,502.0,495.5,502.0,2500766,1248870396,TWSE_RWD_JSON_MI_INDEX
20240110,3035,智原,TWSE,378.0,387.0,374.5,387.0,15543537,5934864411,TWSE_RWD_JSON_MI_INDEX
20240110,3036,文曄,TWSE,113.5,123.0,113.5,119.0,15626448,1873238163,TWSE_RWD_JSON_MI_INDEX
20240110,3037,欣興,TWSE,162.0,163.5,160.0,162.5,12740176,2056409338,TWSE_RWD_JSON_MI_INDEX
20240110,3038,全台,TWSE,30.2,30.2,29.55,29.55,532960,15859401,TWSE_RWD_JSON_MI_INDEX
20240110,3040,遠見,TWSE,30.0,30.2,29.9,30.1,15194,456214,TWSE_RWD_JSON_MI_INDEX
20240110,3041,揚智,TWSE,28.55,28.7,27.95,28.0,3723299,105007641,TWSE_RWD_JSON_MI_INDEX
20240110,3042,晶技,TWSE,95.5,95.5,94.3,94.9,1606035,152120183,TWSE_RWD_JSON_MI_INDEX
20240110,3043,科風,TWSE,35.7,36.3,35.6,36.0,78558,2820768,TWSE_RWD_JSON_MI_INDEX
20240110,3044,健鼎,TWSE,186.5,191.0,186.0,190.0,2512771,475996434,TWSE_RWD_JSON_MI_INDEX
20240110,3045,台灣大,TWSE,99.3,99.3,98.5,98.8,1965533,194284277,TWSE_RWD_JSON_MI_INDEX
20240110,3046,建碁,TWSE,70.7,70.8,69.1,69.6,1542982,107547715,TWSE_RWD_JSON_MI_INDEX
20240110,3047,訊舟,TWSE,15.4,15.55,15.3,15.3,1291068,19841928,TWSE_RWD_JSON_MI_INDEX
20240110,3048,益登,TWSE,23.9,23.95,23.6,23.75,366524,8716422,TWSE_RWD_JSON_MI_INDEX
20240110,3049,精金,TWSE,9.46,9.46,9.19,9.2,2112521,19565990,TWSE_RWD_JSON_MI_INDEX
20240110,3050,鈺德,TWSE,16.9,17.0,16.65,16.9,792522,13346139,TWSE_RWD_JSON_MI_INDEX
20240110,3051,力特,TWSE,31.65,33.3,31.6,32.5,4145642,135069407,TWSE_RWD_JSON_MI_INDEX
20240110,3052,夆典,TWSE,11.7,11.7,11.6,11.6,198782,2310336,TWSE_RWD_JSON_MI_INDEX
20240110,3054,立萬利,TWSE,21.25,21.25,20.7,20.9,6000,125450,TWSE_RWD_JSON_MI_INDEX
20240110,3055,蔚華科,TWSE,46.0,48.3,42.75,45.8,28786434,1321488200,TWSE_RWD_JSON_MI_INDEX
20240110,3056,富華新,TWSE,27.7,27.75,27.1,27.6,2431781,66608354,TWSE_RWD_JSON_MI_INDEX
20240110,3057,喬鼎,TWSE,12.45,12.55,12.3,12.3,73838,915312,TWSE_RWD_JSON_MI_INDEX
20240110,3058,立德,TWSE,19.4,19.4,18.5,19.0,485645,9221923,TWSE_RWD_JSON_MI_INDEX
20240110,3059,華晶科,TWSE,35.2,35.3,34.5,34.5,1653671,57488184,TWSE_RWD_JSON_MI_INDEX
20240110,3060,銘異,TWSE,21.4,21.55,21.05,21.55,392583,8374952,TWSE_RWD_JSON_MI_INDEX
20240110,3062,建漢,TWSE,21.0,21.15,20.9,20.95,735337,15442867,TWSE_RWD_JSON_MI_INDEX
20240110,3090,日電貿,TWSE,56.3,57.1,56.2,56.6,222922,12659557,TWSE_RWD_JSON_MI_INDEX
20240110,3092,鴻碩,TWSE,34.4,34.4,34.0,34.1,414978,14165162,TWSE_RWD_JSON_MI_INDEX
20240110,3094,聯傑,TWSE,36.4,36.65,35.75,36.0,1029481,37168523,TWSE_RWD_JSON_MI_INDEX
20240110,3130,一零四,TWSE,214.0,214.0,213.5,213.5,11343,2426795,TWSE_RWD_JSON_MI_INDEX
20240110,3138,耀登,TWSE,155.0,159.5,153.5,156.0,2458842,386225074,TWSE_RWD_JSON_MI_INDEX
20240110,3149,正達,TWSE,23.8,23.8,23.45,23.45,391290,9221656,TWSE_RWD_JSON_MI_INDEX
20240110,3164,景岳,TWSE,24.35,24.5,24.1,24.3,23077,560381,TWSE_RWD_JSON_MI_INDEX
20240110,3167,大量,TWSE,56.8,56.9,55.2,55.5,356627,19945276,TWSE_RWD_JSON_MI_INDEX
20240110,3189,景碩,TWSE,98.3,98.5,95.2,96.4,3635395,350632220,TWSE_RWD_JSON_MI_INDEX
20240110,3209,全科,TWSE,34.95,34.95,34.6,34.65,530894,18442059,TWSE_RWD_JSON_MI_INDEX
20240110,3229,晟鈦,TWSE,15.25,15.85,15.25,15.6,86297,1352368,TWSE_RWD_JSON_MI_INDEX
20240110,3231,緯創,TWSE,94.1,95.6,93.6,94.5,40567138,3845433060,TWSE_RWD_JSON_MI_INDEX
20240110,3257,虹冠電,TWSE,70.6,71.2,70.6,70.7,257987,18285929,TWSE_RWD_JSON_MI_INDEX
20240110,3266,昇陽,TWSE,19.3,19.45,19.15,19.15,171941,3310541,TWSE_RWD_JSON_MI_INDEX
20240110,3296,勝德,TWSE,21.0,21.15,20.85,21.15,427978,9002458,TWSE_RWD_JSON_MI_INDEX
20240110,3305,昇貿,TWSE,68.1,68.7,67.7,68.3,573922,39105618,TWSE_RWD_JSON_MI_INDEX
20240110,3308,聯德,TWSE,34.2,34.65,34.05,34.05,310707,10635329,TWSE_RWD_JSON_MI_INDEX
20240110,3311,閎暉,TWSE,37.65,38.75,37.65,38.3,199384,7636176,TWSE_RWD_JSON_MI_INDEX
20240110,3312,弘憶股,TWSE,22.25,23.5,22.25,22.65,1267968,28892101,TWSE_RWD_JSON_MI_INDEX
20240110,3321,同泰,TWSE,13.5,13.6,13.3,13.35,329413,4447764,TWSE_RWD_JSON_MI_INDEX
20240110,3338,泰碩,TWSE,60.9,61.5,60.0,60.0,1167373,70743986,TWSE_RWD_JSON_MI_INDEX
20240110,3346,麗清,TWSE,49.95,50.4,49.1,49.5,2753242,136594481,TWSE_RWD_JSON_MI_INDEX
20240110,3356,奇偶,TWSE,42.6,42.75,42.0,42.05,284333,12020382,TWSE_RWD_JSON_MI_INDEX
20240110,3376,新日興,TWSE,122.5,125.0,121.5,124.0,2145047,265169661,TWSE_RWD_JSON_MI_INDEX
20240110,3380,明泰,TWSE,36.85,36.9,36.15,36.6,2323699,84758185,TWSE_RWD_JSON_MI_INDEX
20240110,3406,玉晶光,TWSE,386.5,395.0,385.5,393.0,886265,347285890,TWSE_RWD_JSON_MI_INDEX
20240110,3413,京鼎,TWSE,209.5,211.5,207.5,211.0,924448,194079349,TWSE_RWD_JSON_MI_INDEX
20240110,3416,融程電,TWSE,123.5,125.0,122.5,125.0,211569,26252430,TWSE_RWD_JSON_MI_INDEX
20240110,3419,譁裕,TWSE,17.8,18.05,17.75,17.75,367831,6555153,TWSE_RWD_JSON_MI_INDEX
20240110,3432,台端,TWSE,10.6,10.75,10.55,10.65,173342,1842972,TWSE_RWD_JSON_MI_INDEX
20240110,3437,榮創,TWSE,27.5,28.55,27.4,28.15,1877174,52717125,TWSE_RWD_JSON_MI_INDEX
20240110,3443,創意,TWSE,1685.0,1800.0,1685.0,1790.0,4319314,7567176485,TWSE_RWD_JSON_MI_INDEX
20240110,3447,展達,TWSE,34.25,34.25,32.8,33.2,250090,8368542,TWSE_RWD_JSON_MI_INDEX
20240110,3450,聯鈞,TWSE,56.3,56.9,55.7,56.3,1121648,62962223,TWSE_RWD_JSON_MI_INDEX
20240110,3454,晶睿,TWSE,158.0,159.5,156.5,157.0,175913,27756147,TWSE_RWD_JSON_MI_INDEX
20240110,3481,群創,TWSE,14.8,14.85,14.45,14.6,64548125,943479918,TWSE_RWD_JSON_MI_INDEX
20240110,3494,誠研,TWSE,6.14,6.14,6.09,6.1,38028,232846,TWSE_RWD_JSON_MI_INDEX
20240110,3501,維熹,TWSE,51.3,51.3,51.0,51.0,108648,5552417,TWSE_RWD_JSON_MI_INDEX
20240110,3504,揚明光,TWSE,64.6,65.2,64.2,65.2,435475,28165610,TWSE_RWD_JSON_MI_INDEX
20240110,3515,華擎,TWSE,242.0,250.0,237.0,237.0,1738547,422166555,TWSE_RWD_JSON_MI_INDEX
20240110,3518,柏騰,TWSE,36.95,38.3,36.2,36.2,787203,29177475,TWSE_RWD_JSON_MI_INDEX
20240110,3528,安馳,TWSE,51.0,51.1,50.1,50.4,94827,4779426,TWSE_RWD_JSON_MI_INDEX
20240110,3530,晶相光,TWSE,102.5,103.5,100.5,103.0,448262,45826892,TWSE_RWD_JSON_MI_INDEX
20240110,3532,台勝科,TWSE,163.5,164.5,162.0,163.5,892175,145614545,TWSE_RWD_JSON_MI_INDEX
20240110,3533,嘉澤,TWSE,974.0,985.0,967.0,973.0,515419,502432246,TWSE_RWD_JSON_MI_INDEX
20240110,3535,晶彩科,TWSE,18.2,18.35,18.2,18.25,112979,2059662,TWSE_RWD_JSON_MI_INDEX
20240110,3543,州巧,TWSE,24.3,24.4,23.5,23.85,228821,5477822,TWSE_RWD_JSON_MI_INDEX
20240110,3545,敦泰,TWSE,104.0,105.5,102.0,105.0,3032074,313927915,TWSE_RWD_JSON_MI_INDEX
20240110,3550,聯穎,TWSE,14.9,14.9,14.75,14.75,312163,4622678,TWSE_RWD_JSON_MI_INDEX
20240110,3557,嘉威,TWSE,61.6,61.6,60.5,60.7,39505,2401497,TWSE_RWD_JSON_MI_INDEX
20240110,3563,牧德,TWSE,210.0,211.5,208.0,209.0,143008,29921773,TWSE_RWD_JSON_MI_INDEX
20240110,3576,聯合再生,TWSE,13.85,13.85,13.7,13.75,2025345,27836444,TWSE_RWD_JSON_MI_INDEX
20240110,3583,辛耘,TWSE,208.0,214.0,206.0,206.0,5565618,1167464932,TWSE_RWD_JSON_MI_INDEX
20240110,3588,通嘉,TWSE,87.1,93.0,86.6,90.3,11584335,1048946821,TWSE_RWD_JSON_MI_INDEX
20240110,3591,艾笛森,TWSE,24.25,24.9,23.9,24.4,527149,12819488,TWSE_RWD_JSON_MI_INDEX
20240110,3592,瑞鼎,TWSE,404.0,404.0,396.5,398.0,344627,137531797,TWSE_RWD_JSON_MI_INDEX
20240110,3593,力銘,TWSE,10.9,10.9,10.85,10.85,9180,99697,TWSE_RWD_JSON_MI_INDEX
20240110,3596,智易,TWSE,166.5,167.5,165.5,167.5,919134,153200080,TWSE_RWD_JSON_MI_INDEX
20240110,3605,宏致,TWSE,31.1,31.1,30.85,30.9,135479,4195230,TWSE_RWD_JSON_MI_INDEX
20240110,3607,谷崧,TWSE,16.2,16.2,15.9,16.1,416056,6658900,TWSE_RWD_JSON_MI_INDEX
20240110,3617,碩天,TWSE,194.0,197.5,192.5,196.0,212307,41358824,TWSE_RWD_JSON_MI_INDEX
20240110,3622,洋華,TWSE,45.3,45.6,44.0,45.3,3060456,137261919,TWSE_RWD_JSON_MI_INDEX
20240110,3645,達邁,TWSE,41.3,42.8,40.5,42.4,3453171,144323898,TWSE_RWD_JSON_MI_INDEX
20240110,3652,精聯,TWSE,29.4,29.45,28.7,28.7,128201,3698777,TWSE_RWD_JSON_MI_INDEX
20240110,3653,健策,TWSE,710.0,715.0,700.0,713.0,474208,335190726,TWSE_RWD_JSON_MI_INDEX
20240110,3661,世芯-KY,TWSE,3560.0,3650.0,3550.0,3650.0,1718792,6205950220,TWSE_RWD_JSON_MI_INDEX
20240110,3665,貿聯-KY,TWSE,253.5,253.5,247.5,249.0,1007765,251878902,TWSE_RWD_JSON_MI_INDEX
20240110,3669,圓展,TWSE,45.6,45.95,45.2,45.45,137325,6242411,TWSE_RWD_JSON_MI_INDEX
20240110,3673,TPK-KY,TWSE,35.85,35.95,35.05,35.05,1148838,40604610,TWSE_RWD_JSON_MI_INDEX
20240110,3679,新至陞,TWSE,105.5,107.5,105.5,107.0,96320,10270007,TWSE_RWD_JSON_MI_INDEX
20240110,3686,達能,TWSE,13.5,13.65,13.3,13.3,174592,2347559,TWSE_RWD_JSON_MI_INDEX
20240110,3694,海華,TWSE,43.7,44.7,43.6,43.65,1811077,79803562,TWSE_RWD_JSON_MI_INDEX
20240110,3701,大眾控,TWSE,56.0,56.1,55.0,55.6,488452,27114572,TWSE_RWD_JSON_MI_INDEX
20240110,3702,大聯大,TWSE,81.7,82.4,81.2,82.0,5034633,412638468,TWSE_RWD_JSON_MI_INDEX
20240110,3703,欣陸,TWSE,28.1,28.1,27.75,27.85,1048964,29221713,TWSE_RWD_JSON_MI_INDEX
20240110,3704,合勤控,TWSE,48.2,48.65,47.8,47.8,1458420,70042837,TWSE_RWD_JSON_MI_INDEX
20240110,3705,永信,TWSE,47.2,47.2,46.8,46.9,202970,9538131,TWSE_RWD_JSON_MI_INDEX
20240110,3706,神達,TWSE,43.2,43.95,42.45,43.65,50669912,2196335257,TWSE_RWD_JSON_MI_INDEX
20240110,3708,上緯投控,TWSE,95.8,96.5,95.5,95.5,381449,36565817,TWSE_RWD_JSON_MI_INDEX
20240110,3711,日月光投控,TWSE,126.0,126.5,124.0,126.5,9430462,1181506117,TWSE_RWD_JSON_MI_INDEX
20240110,3712,永崴投控,TWSE,37.5,37.5,37.1,37.15,508713,18925616,TWSE_RWD_JSON_MI_INDEX
20240110,3714,富采,TWSE,45.2,45.45,44.5,44.5,1922878,86244238,TWSE_RWD_JSON_MI_INDEX
20240110,3715,定穎投控,TWSE,81.4,81.4,79.6,80.6,8980090,722868204,TWSE_RWD_JSON_MI_INDEX
20240110,4104,佳醫,TWSE,87.5,87.6,87.3,87.5,121323,10611108,TWSE_RWD_JSON_MI_INDEX
20240110,4106,雃博,TWSE,28.25,28.25,27.95,27.95,76337,2140530,TWSE_RWD_JSON_MI_INDEX
20240110,4108,懷特,TWSE,21.7,22.25,21.7,22.0,435459,9589143,TWSE_RWD_JSON_MI_INDEX
20240110,4119,旭富,TWSE,97.2,97.2,96.1,96.1,260900,25181398,TWSE_RWD_JSON_MI_INDEX
20240110,4133,亞諾法,TWSE,36.4,36.6,35.8,35.85,289091,10406052,TWSE_RWD_JSON_MI_INDEX
20240110,4137,麗豐-KY,TWSE,195.0,196.0,195.0,195.5,28146,5496085,TWSE_RWD_JSON_MI_INDEX
20240110,4142,國光生,TWSE,33.2,33.2,32.65,32.7,494164,16215961,TWSE_RWD_JSON_MI_INDEX
20240110,4148,全宇生技-KY,TWSE,47.75,47.75,47.25,47.25,37105,1757325,TWSE_RWD_JSON_MI_INDEX
20240110,4155,訊映,TWSE,24.9,24.95,24.8,24.9,109449,2723976,TWSE_RWD_JSON_MI_INDEX
20240110,4164,承業醫,TWSE,58.2,59.1,57.3,58.8,640317,37182543,TWSE_RWD_JSON_MI_INDEX
20240110,4190,佐登-KY,TWSE,56.2,56.3,55.5,55.9,80209,4480360,TWSE_RWD_JSON_MI_INDEX
20240110,4306,炎洲,TWSE,17.5,17.55,17.15,17.2,2185486,37737049,TWSE_RWD_JSON_MI_INDEX
20240110,4414,如興,TWSE,3.56,3.58,3.52,3.58,554048,1963036,TWSE_RWD_JSON_MI_INDEX
20240110,4426,利勤,TWSE,21.0,21.0,20.6,20.6,109506,2273456,TWSE_RWD_JSON_MI_INDEX
20240110,4438,廣越,TWSE,111.0,111.0,109.5,110.0,136783,15045113,TWSE_RWD_JSON_MI_INDEX
20240110,4439,冠星-KY,TWSE,127.5,127.5,126.0,127.5,21100,2676750,TWSE_RWD_JSON_MI_INDEX
20240110,4440,宜新實業,TWSE,26.2,26.2,26.05,26.1,62119,1621628,TWSE_RWD_JSON_MI_INDEX
20240110,4526,東台,TWSE,18.4,18.5,18.2,18.2,319729,5860234,TWSE_RWD_JSON_MI_INDEX
20240110,4532,瑞智,TWSE,21.25,21.55,21.25,21.45,1150562,24643525,TWSE_RWD_JSON_MI_INDEX
20240110,4536,拓凱,TWSE,180.5,180.5,178.5,179.5,136967,24567736,TWSE_RWD_JSON_MI_INDEX
20240110,4540,全球傳動,TWSE,31.9,31.9,31.5,31.75,42207,1341230,TWSE_RWD_JSON_MI_INDEX
20240110,4545,銘鈺,TWSE,29.95,29.95,29.75,29.85,21224,633848,TWSE_RWD_JSON_MI_INDEX
20240110,4551,智伸科,TWSE,119.5,121.0,118.5,118.5,151646,18073870,TWSE_RWD_JSON_MI_INDEX
20240110,4552,力達-KY,TWSE,32.05,32.8,31.75,32.4,1041779,33659915,TWSE_RWD_JSON_MI_INDEX
20240110,4555,氣立,TWSE,61.6,62.2,61.6,61.8,78000,4820000,TWSE_RWD_JSON_MI_INDEX
20240110,4557,永新-KY,TWSE,117.0,117.0,112.0,114.5,157960,18077248,TWSE_RWD_JSON_MI_INDEX
20240110,4560,強信-KY,TWSE,36.3,36.3,36.15,36.25,49052,1777691,TWSE_RWD_JSON_MI_INDEX
20240110,4562,穎漢,TWSE,15.2,15.45,15.2,15.45,24030,367119,TWSE_RWD_JSON_MI_INDEX
20240110,4564,元翎,TWSE,23.5,23.65,23.15,23.15,716347,16662259,TWSE_RWD_JSON_MI_INDEX
20240110,4566,時碩工業,TWSE,51.8,51.9,51.3,51.5,161709,8331340,TWSE_RWD_JSON_MI_INDEX
20240110,4569,六方科-KY,TWSE,91.5,91.5,89.7,91.5,13103,1181955,TWSE_RWD_JSON_MI_INDEX
20240110,4571,鈞興-KY,TWSE,85.0,85.0,84.5,85.0,87310,7414554,TWSE_RWD_JSON_MI_INDEX
20240110,4572,駐龍,TWSE,159.0,163.0,154.5,155.5,999348,156799061,TWSE_RWD_JSON_MI_INDEX
20240110,4576,大銀微系統,TWSE,64.2,64.7,63.7,63.9,51468,3294243,TWSE_RWD_JSON_MI_INDEX
20240110,4581,光隆精密-KY,TWSE,65.9,65.9,64.0,64.5,126112,8193745,TWSE_RWD_JSON_MI_INDEX
20240110,4583,台灣精銳,TWSE,206.5,208.5,206.5,207.0,17638,3647532,TWSE_RWD_JSON_MI_INDEX
20240110,4720,德淵,TWSE,15.5,15.65,15.35,15.45,676865,10446640,TWSE_RWD_JSON_MI_INDEX
20240110,4722,國精化,TWSE,37.35,37.9,37.35,37.9,81301,3056465,TWSE_RWD_JSON_MI_INDEX
20240110,4736,泰博,TWSE,168.0,169.5,167.0,167.0,211374,35432638,TWSE_RWD_JSON_MI_INDEX
20240110,4737,華廣,TWSE,74.2,74.3,72.9,72.9,77058,5632034,TWSE_RWD_JSON_MI_INDEX
20240110,4739,康普,TWSE,74.5,76.3,73.5,73.5,391979,29075896,TWSE_RWD_JSON_MI_INDEX
20240110,4746,台耀,TWSE,99.9,105.0,99.5,102.5,5873513,603751370,TWSE_RWD_JSON_MI_INDEX
20240110,4755,三福化,TWSE,124.0,127.5,123.0,124.5,198177,24686768,TWSE_RWD_JSON_MI_INDEX
20240110,4763,材料*-KY,TWSE,861.0,880.0,861.0,864.0,2830133,2457066873,TWSE_RWD_JSON_MI_INDEX
20240110,4764,雙鍵,TWSE,40.9,40.95,40.9,40.95,3000,122750,TWSE_RWD_JSON_MI_INDEX
20240110,4766,南寶,TWSE,281.5,285.5,277.0,283.5,520651,146716156,TWSE_RWD_JSON_MI_INDEX
20240110,4770,上品,TWSE,311.5,311.5,308.0,309.5,246664,76360798,TWSE_RWD_JSON_MI_INDEX
20240110,4807,日成-KY,TWSE,18.15,18.45,18.15,18.45,3004,55076,TWSE_RWD_JSON_MI_INDEX
20240110,4904,遠傳,TWSE,80.0,80.3,79.6,80.1,2149901,171895952,TWSE_RWD_JSON_MI_INDEX
20240110,4906,正文,TWSE,33.3,33.65,33.25,33.45,1703749,56888858,TWSE_RWD_JSON_MI_INDEX
20240110,4912,聯德控股-KY,TWSE,79.5,79.7,78.5,78.8,52000,4110000,TWSE_RWD_JSON_MI_INDEX
20240110,4915,致伸,TWSE,65.0,65.8,64.6,65.6,2776398,181651271,TWSE_RWD_JSON_MI_INDEX
20240110,4916,事欣科,TWSE,34.95,36.1,34.4,34.4,895077,31338755,TWSE_RWD_JSON_MI_INDEX
20240110,4919,新唐,TWSE,135.5,135.5,134.0,134.5,1114636,150232634,TWSE_RWD_JSON_MI_INDEX
20240110,4927,泰鼎-KY,TWSE,49.5,49.5,48.85,48.85,224190,11001419,TWSE_RWD_JSON_MI_INDEX
20240110,4930,燦星網,TWSE,32.5,33.4,32.4,32.5,416944,13640706,TWSE_RWD_JSON_MI_INDEX
20240110,4934,太極,TWSE,26.05,26.6,26.0,26.05,570153,14886692,TWSE_RWD_JSON_MI_INDEX
20240110,4935,茂林-KY,TWSE,51.1,51.1,50.1,50.3,128817,6520406,TWSE_RWD_JSON_MI_INDEX
20240110,4938,和碩,TWSE,83.6,83.8,82.5,82.9,5145625,427319881,TWSE_RWD_JSON_MI_INDEX
20240110,4942,嘉彰,TWSE,42.95,42.95,42.7,42.85,91724,3930196,TWSE_RWD_JSON_MI_INDEX
20240110,4943,康控-KY,TWSE,14.7,14.9,14.6,14.6,15416,227041,TWSE_RWD_JSON_MI_INDEX
20240110,4952,凌通,TWSE,52.4,53.4,52.4,53.0,121570,6439980,TWSE_RWD_JSON_MI_INDEX
20240110,4956,光鋐,TWSE,22.85,24.25,22.05,24.25,58260842,1352226290,TWSE_RWD_JSON_MI_INDEX
20240110,4958,臻鼎-KY,TWSE,105.0,105.5,103.0,103.0,3113878,322336002,TWSE_RWD_JSON_MI_INDEX
20240110,4960,誠美材,TWSE,13.35,13.75,13.15,13.6,5711013,76883541,TWSE_RWD_JSON_MI_INDEX
20240110,4961,天鈺,TWSE,238.0,240.0,236.0,239.0,736028,175264373,TWSE_RWD_JSON_MI_INDEX
20240110,4967,十銓,TWSE,77.9,79.6,77.6,79.1,2270306,178724672,TWSE_RWD_JSON_MI_INDEX
20240110,4968,立積,TWSE,165.5,167.5,164.5,165.5,929256,154294249,TWSE_RWD_JSON_MI_INDEX
20240110,4976,佳凌,TWSE,39.55,39.7,39.45,39.55,121022,4785316,TWSE_RWD_JSON_MI_INDEX
20240110,4977,眾達-KY,TWSE,73.1,74.0,72.8,72.8,789860,57778545,TWSE_RWD_JSON_MI_INDEX
20240110,4989,榮科,TWSE,26.3,26.3,25.8,25.8,185115,4804222,TWSE_RWD_JSON_MI_INDEX
20240110,4994,傳奇,TWSE,61.6,61.6,60.9,60.9,18489,1133389,TWSE_RWD_JSON_MI_INDEX
20240110,4999,鑫禾,TWSE,35.0,35.05,34.7,34.8,143624,5003639,TWSE_RWD_JSON_MI_INDEX
20240110,5007,三星,TWSE,55.6,55.9,53.5,55.2,130654,7190443,TWSE_RWD_JSON_MI_INDEX
20240110,5203,訊連,TWSE,92.9,93.2,92.4,92.5,288783,26767300,TWSE_RWD_JSON_MI_INDEX
20240110,5215,科嘉-KY,TWSE,55.3,55.5,55.0,55.5,140191,7736597,TWSE_RWD_JSON_MI_INDEX
20240110,5222,全訊,TWSE,169.0,173.5,165.5,166.0,2061499,348956283,TWSE_RWD_JSON_MI_INDEX
20240110,5225,東科-KY,TWSE,68.9,69.2,66.7,66.9,2137251,144477826,TWSE_RWD_JSON_MI_INDEX
20240110,5234,達興材料,TWSE,99.8,99.8,98.2,98.4,543402,53715477,TWSE_RWD_JSON_MI_INDEX
20240110,5243,乙盛-KY,TWSE,57.6,58.4,56.8,57.1,713962,40924110,TWSE_RWD_JSON_MI_INDEX
20240110,5244,弘凱,TWSE,44.25,44.9,43.8,44.75,408949,18215674,TWSE_RWD_JSON_MI_INDEX
20240110,5258,虹堡,TWSE,114.5,116.0,114.0,115.0,1695270,194440830,TWSE_RWD_JSON_MI_INDEX
20240110,5269,祥碩,TWSE,1860.0,1910.0,1850.0,1910.0,1346021,2537030550,TWSE_RWD_JSON_MI_INDEX
20240110,5283,禾聯碩,TWSE,112.0,112.5,112.0,112.0,30341,3399191,TWSE_RWD_JSON_MI_INDEX
20240110,5284,jpp-KY,TWSE,108.5,112.0,107.0,107.0,511865,55828958,TWSE_RWD_JSON_MI_INDEX
20240110,5285,界霖,TWSE,69.4,69.6,68.4,68.4,212405,14595742,TWSE_RWD_JSON_MI_INDEX
20240110,5288,豐祥-KY,TWSE,178.0,178.0,174.0,174.0,73901,12929895,TWSE_RWD_JSON_MI_INDEX
20240110,5292,華懋,TWSE,124.0,126.5,123.0,126.0,149287,18715343,TWSE_RWD_JSON_MI_INDEX
20240110,5306,桂盟,TWSE,126.0,126.0,123.0,123.5,262044,32619339,TWSE_RWD_JSON_MI_INDEX
20240110,5388,中磊,TWSE,126.0,127.0,125.0,125.5,1116952,140262847,TWSE_RWD_JSON_MI_INDEX
20240110,5434,崇越,TWSE,182.5,183.0,181.0,182.0,263476,48005367,TWSE_RWD_JSON_MI_INDEX
20240110,5469,瀚宇博,TWSE,54.4,54.6,53.5,54.0,2094923,112982274,TWSE_RWD_JSON_MI_INDEX
20240110,5471,松翰,TWSE,54.4,55.3,54.2,54.6,285317,15646851,TWSE_RWD_JSON_MI_INDEX
20240110,5484,慧友,TWSE,23.65,24.8,23.55,24.5,263365,6387614,TWSE_RWD_JSON_MI_INDEX
20240110,5515,建國,TWSE,17.65,17.7,17.3,17.3,1307023,22794084,TWSE_RWD_JSON_MI_INDEX
20240110,5519,隆大,TWSE,30.05,30.2,29.5,29.55,880148,26109315,TWSE_RWD_JSON_MI_INDEX
20240110,5521,工信,TWSE,14.05,14.5,13.8,13.85,14158322,198723962,TWSE_RWD_JSON_MI_INDEX
20240110,5522,遠雄,TWSE,57.0,57.5,57.0,57.2,381559,21835410,TWSE_RWD_JSON_MI_INDEX
20240110,5525,順天,TWSE,27.5,27.95,27.35,27.35,363061,9980544,TWSE_RWD_JSON_MI_INDEX
20240110,5531,鄉林,TWSE,10.6,10.6,10.25,10.3,1002770,10411548,TWSE_RWD_JSON_MI_INDEX
20240110,5533,皇鼎,TWSE,23.65,23.85,23.35,23.35,952913,22470634,TWSE_RWD_JSON_MI_INDEX
20240110,5534,長虹,TWSE,78.2,78.2,77.2,77.5,500738,38777597,TWSE_RWD_JSON_MI_INDEX
20240110,5538,東明-KY,TWSE,34.55,34.55,34.55,34.55,1395,48453,TWSE_RWD_JSON_MI_INDEX
20240110,5546,永固-KY,TWSE,31.0,31.0,30.9,30.95,23000,711950,TWSE_RWD_JSON_MI_INDEX
20240110,5607,遠雄港,TWSE,57.0,57.2,54.8,55.5,1151745,64131890,TWSE_RWD_JSON_MI_INDEX
20240110,5608,四維航,TWSE,20.3,20.3,19.65,19.8,3284572,65190095,TWSE_RWD_JSON_MI_INDEX
20240110,5706,鳳凰,TWSE,74.0,74.0,71.8,72.8,644439,46726442,TWSE_RWD_JSON_MI_INDEX
20240110,5871,中租-KY,TWSE,184.5,185.0,182.0,183.0,2471628,453860375,TWSE_RWD_JSON_MI_INDEX
20240110,5876,上海商銀,TWSE,45.8,45.8,44.5,44.95,9280927,417338909,TWSE_RWD_JSON_MI_INDEX
20240110,5880,合庫金,TWSE,26.4,26.4,26.2,26.2,6245971,163883683,TWSE_RWD_JSON_MI_INDEX
20240110,5906,台南-KY,TWSE,67.5,68.2,67.5,68.2,4121,279731,TWSE_RWD_JSON_MI_INDEX
20240110,5907,大洋-KY,TWSE,11.9,11.95,11.8,11.85,80100,949933,TWSE_RWD_JSON_MI_INDEX
20240110,6005,群益證,TWSE,16.1,16.15,16.05,16.1,2513622,40473920,TWSE_RWD_JSON_MI_INDEX
20240110,6024,群益期,TWSE,50.9,50.9,50.2,50.2,332563,16770811,TWSE_RWD_JSON_MI_INDEX
20240110,6108,競國,TWSE,22.0,22.4,21.55,21.65,1763356,38640508,TWSE_RWD_JSON_MI_INDEX
20240110,6112,邁達特,TWSE,69.2,69.2,67.1,67.1,2412899,163748720,TWSE_RWD_JSON_MI_INDEX
20240110,6115,鎰勝,TWSE,46.35,46.55,46.35,46.55,90814,4216097,TWSE_RWD_JSON_MI_INDEX
20240110,6116,彩晶,TWSE,12.0,12.05,11.7,11.75,8325688,98486285,TWSE_RWD_JSON_MI_INDEX
20240110,6117,迎廣,TWSE,80.0,80.4,76.0,77.5,10763681,833512971,TWSE_RWD_JSON_MI_INDEX
20240110,6120,達運,TWSE,14.65,16.25,14.3,16.25,29225333,455068467,TWSE_RWD_JSON_MI_INDEX
20240110,6128,上福,TWSE,34.2,34.2,33.95,33.95,75812,2583011,TWSE_RWD_JSON_MI_INDEX
20240110,6133,金橋,TWSE,15.1,15.2,14.85,14.95,307798,4615217,TWSE_RWD_JSON_MI_INDEX
20240110,6136,富爾特,TWSE,21.2,22.25,21.1,21.2,947020,20386599,TWSE_RWD_JSON_MI_INDEX
20240110,6139,亞翔,TWSE,166.0,166.0,158.0,158.5,11592279,1864549351,TWSE_RWD_JSON_MI_INDEX
20240110,6141,柏承,TWSE,17.0,17.15,17.0,17.15,84530,1440895,TWSE_RWD_JSON_MI_INDEX
20240110,6142,友勁,TWSE,9.99,10.1,9.97,10.05,157151,1572947,TWSE_RWD_JSON_MI_INDEX
20240110,6152,百一,TWSE,10.85,11.1,10.85,10.9,897741,9842248,TWSE_RWD_JSON_MI_INDEX
20240110,6153,嘉聯益,TWSE,21.1,21.1,20.85,20.85,691918,14472171,TWSE_RWD_JSON_MI_INDEX
20240110,6155,鈞寶,TWSE,26.1,26.3,25.75,25.75,107360,2782608,TWSE_RWD_JSON_MI_INDEX
20240110,6164,華興,TWSE,14.0,15.4,13.9,15.0,16123856,236643000,TWSE_RWD_JSON_MI_INDEX
20240110,6165,浪凡,TWSE,36.2,37.15,36.2,36.5,152109,5585408,TWSE_RWD_JSON_MI_INDEX
20240110,6166,凌華,TWSE,64.7,66.0,62.4,66.0,2778326,179296775,TWSE_RWD_JSON_MI_INDEX
20240110,6168,宏齊,TWSE,25.4,25.8,25.05,25.55,1149479,29184181,TWSE_RWD_JSON_MI_INDEX
20240110,6176,瑞儀,TWSE,134.0,137.0,133.0,137.0,2655763,360139531,TWSE_RWD_JSON_MI_INDEX
20240110,6177,達麗,TWSE,35.4,35.4,34.55,34.7,1557953,54373342,TWSE_RWD_JSON_MI_INDEX
20240110,6183,關貿,TWSE,66.6,67.0,66.6,66.8,27488,1840538,TWSE_RWD_JSON_MI_INDEX
20240110,6184,大豐電,TWSE,51.4,51.4,51.2,51.2,22344,1146005,TWSE_RWD_JSON_MI_INDEX
20240110,6189,豐藝,TWSE,57.0,57.7,57.0,57.6,429852,24674480,TWSE_RWD_JSON_MI_INDEX
20240110,6191,精成科,TWSE,63.2,63.2,61.9,62.9,3269755,204002480,TWSE_RWD_JSON_MI_INDEX
20240110,6192,巨路,TWSE,88.0,88.1,87.4,87.4,51966,4563963,TWSE_RWD_JSON_MI_INDEX
20240110,6196,帆宣,TWSE,142.0,144.5,142.0,143.0,1677244,240044285,TWSE_RWD_JSON_MI_INDEX
20240110,6197,佳必琪,TWSE,80.4,81.7,79.8,79.9,904496,72787763,TWSE_RWD_JSON_MI_INDEX
20240110,6201,亞弘電,TWSE,55.1,55.5,55.0,55.4,38779,2143205,TWSE_RWD_JSON_MI_INDEX
20240110,6202,盛群,TWSE,62.4,62.9,62.2,62.5,466015,29089792,TWSE_RWD_JSON_MI_INDEX
20240110,6205,詮欣,TWSE,72.7,73.3,72.4,72.9,253252,18437435,TWSE_RWD_JSON_MI_INDEX
20240110,6206,飛捷,TWSE,69.0,69.0,68.2,68.6,147846,10128630,TWSE_RWD_JSON_MI_INDEX
20240110,6209,今國光,TWSE,26.25,26.35,25.85,26.0,444061,11570060,TWSE_RWD_JSON_MI_INDEX
20240110,6213,聯茂,TWSE,86.7,87.3,84.2,84.6,1873752,159613820,TWSE_RWD_JSON_MI_INDEX
20240110,6214,精誠,TWSE,117.0,118.5,113.5,115.0,2311636,267532279,TWSE_RWD_JSON_MI_INDEX
20240110,6215,和椿,TWSE,25.35,25.6,25.25,25.5,57710,1471144,TWSE_RWD_JSON_MI_INDEX
20240110,6216,居易,TWSE,29.75,30.05,29.75,29.9,196386,5869243,TWSE_RWD_JSON_MI_INDEX
20240110,6224,聚鼎,TWSE,56.1,56.1,55.3,55.6,67296,3737996,TWSE_RWD_JSON_MI_INDEX
20240110,6225,天瀚,TWSE,11.55,12.05,11.55,11.8,25629,302646,TWSE_RWD_JSON_MI_INDEX
20240110,6226,光鼎,TWSE,10.6,10.65,10.45,10.6,370024,3900587,TWSE_RWD_JSON_MI_INDEX
20240110,6230,尼得科超眾,TWSE,131.0,135.5,131.0,131.5,90161,12033712,TWSE_RWD_JSON_MI_INDEX
20240110,6235,華孚,TWSE,109.5,109.5,105.5,107.0,3752838,402341946,TWSE_RWD_JSON_MI_INDEX
20240110,6239,力成,TWSE,132.0,132.5,130.0,132.0,6309877,829895783,TWSE_RWD_JSON_MI_INDEX
20240110,6243,迅杰,TWSE,71.9,77.8,71.8,73.9,19244466,1452477086,TWSE_RWD_JSON_MI_INDEX
20240110,6257,矽格,TWSE,64.1,64.6,64.1,64.6,789347,50780454,TWSE_RWD_JSON_MI_INDEX
20240110,6269,台郡,TWSE,87.3,87.4,86.7,87.1,536394,46650313,TWSE_RWD_JSON_MI_INDEX
20240110,6271,同欣電,TWSE,147.0,149.0,145.0,145.5,1981063,290254482,TWSE_RWD_JSON_MI_INDEX
20240110,6277,宏正,TWSE,80.0,80.1,79.9,80.0,83107,6649653,TWSE_RWD_JSON_MI_INDEX
20240110,6278,台表科,TWSE,93.3,93.3,92.3,92.8,1009913,93487678,TWSE_RWD_JSON_MI_INDEX
20240110,6281,全國電,TWSE,85.1,85.2,84.9,85.2,29317,2493312,TWSE_RWD_JSON_MI_INDEX
20240110,6282,康舒,TWSE,38.9,39.15,38.3,38.75,4876231,188101368,TWSE_RWD_JSON_MI_INDEX
20240110,6283,淳安,TWSE,27.85,27.85,27.2,27.2,217418,5947503,TWSE_RWD_JSON_MI_INDEX
20240110,6285,啟碁,TWSE,150.5,152.0,147.5,149.5,3851899,575316000,TWSE_RWD_JSON_MI_INDEX
20240110,6288,聯嘉,TWSE,30.35,31.45,30.35,31.45,1089101,33808883,TWSE_RWD_JSON_MI_INDEX
20240110,6405,悅城,TWSE,23.65,23.85,23.65,23.75,43000,1022700,TWSE_RWD_JSON_MI_INDEX
20240110,6409,旭隼,TWSE,1605.0,1660.0,1605.0,1620.0,65719,106992220,TWSE_RWD_JSON_MI_INDEX
20240110,6412,群電,TWSE,149.0,157.5,148.0,157.0,1736955,269903663,TWSE_RWD_JSON_MI_INDEX
20240110,6414,樺漢,TWSE,267.0,267.0,262.5,263.0,807285,212793113,TWSE_RWD_JSON_MI_INDEX
20240110,6415,矽力*-KY,TWSE,430.0,452.5,428.5,451.5,2999186,1333996649,TWSE_RWD_JSON_MI_INDEX
20240110,6416,瑞祺電通,TWSE,114.0,115.0,110.5,112.0,1613039,182124780,TWSE_RWD_JSON_MI_INDEX
20240110,6426,統新,TWSE,70.3,70.6,69.4,69.4,230382,16081294,TWSE_RWD_JSON_MI_INDEX
20240110,6431,光麗-KY,TWSE,16.45,16.45,16.45,16.45,2041,33583,TWSE_RWD_JSON_MI_INDEX
20240110,6438,迅得,TWSE,103.0,103.0,102.0,102.0,304921,31237964,TWSE_RWD_JSON_MI_INDEX
20240110,6442,光聖,TWSE,65.0,66.5,64.6,65.0,813135,53044209,TWSE_RWD_JSON_MI_INDEX
20240110,6443,元晶,TWSE,28.6,28.8,28.5,28.55,2615891,74777242,TWSE_RWD_JSON_MI_INDEX
20240110,6449,鈺邦,TWSE,67.0,67.2,66.6,67.2,70608,4722395,TWSE_RWD_JSON_MI_INDEX
20240110,6451,訊芯-KY,TWSE,152.0,163.5,147.5,159.5,5528514,874797801,TWSE_RWD_JSON_MI_INDEX
20240110,6456,GIS-KY,TWSE,63.5,63.5,62.5,62.5,709747,44605257,TWSE_RWD_JSON_MI_INDEX
20240110,6464,台數科,TWSE,86.0,86.1,85.8,86.1,21000,1806300,TWSE_RWD_JSON_MI_INDEX
20240110,6472,保瑞,TWSE,650.0,653.0,637.0,639.0,2184656,1403916343,TWSE_RWD_JSON_MI_INDEX
20240110,6477,安集,TWSE,37.35,37.35,37.0,37.0,305754,11334493,TWSE_RWD_JSON_MI_INDEX
20240110,6491,晶碩,TWSE,392.0,392.0,388.5,389.5,195050,75986955,TWSE_RWD_JSON_MI_INDEX
20240110,6504,南六,TWSE,78.0,78.3,77.0,77.5,106407,8267697,TWSE_RWD_JSON_MI_INDEX
20240110,6505,台塑化,TWSE,79.3,79.3,79.0,79.1,844838,66826616,TWSE_RWD_JSON_MI_INDEX
20240110,6515,穎崴,TWSE,763.0,799.0,755.0,797.0,830532,651629628,TWSE_RWD_JSON_MI_INDEX
20240110,6525,捷敏-KY,TWSE,67.5,67.6,66.9,67.1,97550,6554242,TWSE_RWD_JSON_MI_INDEX
20240110,6526,達發,TWSE,540.0,545.0,529.0,541.0,399652,214767718,TWSE_RWD_JSON_MI_INDEX
20240110,6531,愛普*,TWSE,483.0,494.5,478.5,489.0,3529423,1721287086,TWSE_RWD_JSON_MI_INDEX
20240110,6533,晶心科,TWSE,475.5,478.0,472.5,478.0,532462,253162358,TWSE_RWD_JSON_MI_INDEX
20240110,6534,正瀚-創,TWSE,81.0,81.6,80.5,80.6,65589,5300777,TWSE_RWD_JSON_MI_INDEX
20240110,6541,泰福-KY,TWSE,61.0,62.0,60.4,61.8,146635,8983010,TWSE_RWD_JSON_MI_INDEX
20240110,6550,北極星藥業-KY,TWSE,71.5,73.3,70.8,72.2,1364311,98310809,TWSE_RWD_JSON_MI_INDEX
20240110,6552,易華電,TWSE,36.7,36.7,35.9,35.9,26120,941107,TWSE_RWD_JSON_MI_INDEX
20240110,6558,興能高,TWSE,26.45,26.45,25.25,25.4,374362,9597949,TWSE_RWD_JSON_MI_INDEX
20240110,6573,虹揚-KY,TWSE,13.85,13.85,13.6,13.7,42344,581661,TWSE_RWD_JSON_MI_INDEX
20240110,6579,研揚,TWSE,163.5,166.0,161.0,165.5,659114,108229818,TWSE_RWD_JSON_MI_INDEX
20240110,6581,鋼聯,TWSE,90.0,90.1,89.6,90.1,15110,1358111,TWSE_RWD_JSON_MI_INDEX
20240110,6582,申豐,TWSE,55.5,56.0,54.7,55.1,52520,2909502,TWSE_RWD_JSON_MI_INDEX
20240110,6585,鼎基,TWSE,136.0,137.5,132.5,134.0,686119,92491561,TWSE_RWD_JSON_MI_INDEX
20240110,6591,動力-KY,TWSE,48.6,48.8,48.35,48.35,64769,3141928,TWSE_RWD_JSON_MI_INDEX
20240110,6592,和潤企業,TWSE,125.0,125.0,123.0,123.5,1075519,132851376,TWSE_RWD_JSON_MI_INDEX
20240110,6598,ABC-KY,TWSE,24.4,24.4,24.1,24.15,28772,695812,TWSE_RWD_JSON_MI_INDEX
20240110,6605,帝寶,TWSE,144.5,145.0,143.5,144.5,290979,41949869,TWSE_RWD_JSON_MI_INDEX
20240110,6606,建德工業,TWSE,23.7,23.8,23.65,23.7,45998,1089834,TWSE_RWD_JSON_MI_INDEX
20240110,6625,必應,TWSE,115.0,115.5,108.0,112.5,3618942,404619547,TWSE_RWD_JSON_MI_INDEX
20240110,6641,基士德-KY,TWSE,44.9,44.9,44.9,44.9,1084,48663,TWSE_RWD_JSON_MI_INDEX
20240110,6645,金萬林-創,TWSE,38.0,38.0,37.05,37.05,60100,2247880,TWSE_RWD_JSON_MI_INDEX
20240110,6655,科定,TWSE,115.5,117.5,115.0,115.5,19162,2207544,TWSE_RWD_JSON_MI_INDEX
20240110,6657,華安,TWSE,61.5,61.5,60.5,61.1,88810,5425024,TWSE_RWD_JSON_MI_INDEX
20240110,6658,聯策,TWSE,43.75,44.05,43.1,43.9,58170,2541002,TWSE_RWD_JSON_MI_INDEX
20240110,6666,羅麗芬-KY,TWSE,61.4,62.0,61.4,62.0,12064,744650,TWSE_RWD_JSON_MI_INDEX
20240110,6668,中揚光,TWSE,48.35,48.6,46.35,46.45,1867397,88133399,TWSE_RWD_JSON_MI_INDEX
20240110,6669,緯穎,TWSE,1735.0,1810.0,1730.0,1770.0,3111636,5513257780,TWSE_RWD_JSON_MI_INDEX
20240110,6670,復盛應用,TWSE,214.5,214.5,212.0,212.5,138035,29350030,TWSE_RWD_JSON_MI_INDEX
20240110,6671,三能-KY,TWSE,41.1,41.7,40.6,40.7,40056,1637249,TWSE_RWD_JSON_MI_INDEX
20240110,6672,騰輝電子-KY,TWSE,83.8,84.3,83.3,83.8,289376,24206519,TWSE_RWD_JSON_MI_INDEX
20240110,6674,鋐寶科技,TWSE,27.5,27.5,26.8,27.15,15000,406900,TWSE_RWD_JSON_MI_INDEX
20240110,6689,伊雲谷,TWSE,122.0,122.0,119.0,121.5,365603,44069267,TWSE_RWD_JSON_MI_INDEX
20240110,6691,洋基工程,TWSE,318.0,332.0,315.5,332.0,749917,245032297,TWSE_RWD_JSON_MI_INDEX
20240110,6695,芯鼎,TWSE,78.2,84.5,78.0,84.5,32437066,2672459999,TWSE_RWD_JSON_MI_INDEX
20240110,6698,旭暉應材,TWSE,30.2,30.2,29.8,30.15,93261,2802004,TWSE_RWD_JSON_MI_INDEX
20240110,6706,惠特,TWSE,67.3,68.7,66.7,67.9,323637,22040605,TWSE_RWD_JSON_MI_INDEX
20240110,6715,嘉基,TWSE,155.5,160.5,154.0,158.0,658062,104132220,TWSE_RWD_JSON_MI_INDEX
20240110,6719,力智,TWSE,292.0,300.0,289.5,300.0,2106089,626187437,TWSE_RWD_JSON_MI_INDEX
20240110,6742,澤米,TWSE,59.8,59.8,58.7,58.8,94108,5547297,TWSE_RWD_JSON_MI_INDEX
20240110,6743,安普新,TWSE,50.8,51.2,50.0,51.2,339495,17130823,TWSE_RWD_JSON_MI_INDEX
20240110,6753,龍德造船,TWSE,88.0,88.7,86.6,86.7,304339,26614768,TWSE_RWD_JSON_MI_INDEX
20240110,6754,匯僑設計,TWSE,60.6,60.6,57.9,57.9,229386,13545341,TWSE_RWD_JSON_MI_INDEX
20240110,6756,威鋒電子,TWSE,260.5,265.0,258.5,263.0,766126,201446160,TWSE_RWD_JSON_MI_INDEX
20240110,6757,台灣虎航,TWSE,32.5,32.55,31.6,31.8,748875,23949962,TWSE_RWD_JSON_MI_INDEX
20240110,6768,志強-KY,TWSE,66.1,66.3,65.9,66.2,28475,1882053,TWSE_RWD_JSON_MI_INDEX
20240110,6770,力積電,TWSE,29.5,29.65,29.0,29.05,18929190,553121086,TWSE_RWD_JSON_MI_INDEX
20240110,6776,展碁國際,TWSE,57.5,57.9,57.3,57.8,97216,5598649,TWSE_RWD_JSON_MI_INDEX
20240110,6781,AES-KY,TWSE,683.0,683.0,670.0,671.0,145844,98039947,TWSE_RWD_JSON_MI_INDEX
20240110,6782,視陽,TWSE,237.0,240.0,228.5,230.0,758790,177438041,TWSE_RWD_JSON_MI_INDEX
20240110,6789,采鈺,TWSE,269.0,271.5,262.5,264.0,1246244,333453146,TWSE_RWD_JSON_MI_INDEX
20240110,6790,永豐實,TWSE,42.6,42.6,42.25,42.4,117039,4963781,TWSE_RWD_JSON_MI_INDEX
20240110,6792,詠業,TWSE,85.3,86.9,85.0,86.5,129049,11067680,TWSE_RWD_JSON_MI_INDEX
20240110,6796,晉弘,TWSE,104.0,104.0,103.5,104.0,24195,2513615,TWSE_RWD_JSON_MI_INDEX
20240110,6799,來頡,TWSE,176.5,182.5,176.5,181.0,2837377,512222891,TWSE_RWD_JSON_MI_INDEX
20240110,6805,富世達,TWSE,432.0,474.0,427.0,472.0,3187644,1448482377,TWSE_RWD_JSON_MI_INDEX
20240110,6806,森崴能源,TWSE,102.0,104.0,102.0,103.0,771572,79674034,TWSE_RWD_JSON_MI_INDEX
20240110,6807,峰源-KY,TWSE,37.15,37.15,35.55,35.55,197300,7135539,TWSE_RWD_JSON_MI_INDEX
20240110,6830,汎銓,TWSE,135.5,136.0,132.0,133.0,130425,17475700,TWSE_RWD_JSON_MI_INDEX
20240110,6834,天二科技,TWSE,24.2,24.25,24.1,24.1,25158,608966,TWSE_RWD_JSON_MI_INDEX
20240110,6835,圓裕,TWSE,46.0,46.5,45.35,46.1,406067,18643291,TWSE_RWD_JSON_MI_INDEX
20240110,6854,錼創科技-KY創,TWSE,98.2,98.2,97.3,98.0,19050,1863760,TWSE_RWD_JSON_MI_INDEX
20240110,6861,睿生光電,TWSE,81.2,82.7,80.0,80.1,185325,14936492,TWSE_RWD_JSON_MI_INDEX
20240110,6863,永道-KY,TWSE,147.0,152.0,144.5,146.0,1084428,160290225,TWSE_RWD_JSON_MI_INDEX
20240110,6869,雲豹能源,TWSE,97.7,98.8,97.0,98.5,103000,10074300,TWSE_RWD_JSON_MI_INDEX
20240110,6873,泓德能源,TWSE,129.0,130.0,127.5,130.0,97500,12536500,TWSE_RWD_JSON_MI_INDEX
20240110,6901,鑽石投資,TWSE,44.8,45.5,44.6,45.2,1047507,47092067,TWSE_RWD_JSON_MI_INDEX
20240110,6916,華凌,TWSE,28.6,28.6,28.2,28.2,143532,4067940,TWSE_RWD_JSON_MI_INDEX
20240110,6933,AMAX-KY,TWSE,220.0,220.0,210.5,215.5,248979,53457206,TWSE_RWD_JSON_MI_INDEX
20240110,6937,天虹,TWSE,196.0,207.5,193.0,206.0,286327,58117270,TWSE_RWD_JSON_MI_INDEX
20240110,8011,台通,TWSE,21.7,22.75,21.7,21.75,10347755,229909558,TWSE_RWD_JSON_MI_INDEX
20240110,8016,矽創,TWSE,276.5,281.5,275.0,280.5,754645,210742156,TWSE_RWD_JSON_MI_INDEX
20240110,8021,尖點,TWSE,27.15,27.15,26.9,26.9,98783,2662476,TWSE_RWD_JSON_MI_INDEX
20240110,8028,昇陽半導體,TWSE,50.5,50.7,50.1,50.1,566622,28500104,TWSE_RWD_JSON_MI_INDEX
20240110,8033,雷虎,TWSE,56.4,59.6,55.7,57.0,3233193,185253408,TWSE_RWD_JSON_MI_INDEX
20240110,8039,台虹,TWSE,47.35,47.35,46.0,46.05,1111933,51531607,TWSE_RWD_JSON_MI_INDEX
20240110,8046,南電,TWSE,225.0,227.0,224.5,225.5,1947763,439017268,TWSE_RWD_JSON_MI_INDEX
20240110,8070,長華*,TWSE,34.2,34.25,33.9,33.9,268895,9153467,TWSE_RWD_JSON_MI_INDEX
20240110,8072,陞泰,TWSE,26.9,26.9,26.75,26.9,19770,531301,TWSE_RWD_JSON_MI_INDEX
20240110,8081,致新,TWSE,265.5,267.5,263.5,267.0,436675,116056009,TWSE_RWD_JSON_MI_INDEX
20240110,8101,華冠,TWSE,4.0,4.0,4.0,4.0,38200,152801,TWSE_RWD_JSON_MI_INDEX
20240110,8103,瀚荃,TWSE,43.5,43.95,43.2,43.5,349846,15238309,TWSE_RWD_JSON_MI_INDEX
20240110,8104,錸寶,TWSE,34.9,34.9,34.4,34.4,67441,2330998,TWSE_RWD_JSON_MI_INDEX
20240110,8105,凌巨,TWSE,13.15,13.2,13.0,13.0,1396869,18235873,TWSE_RWD_JSON_MI_INDEX
20240110,8110,華東,TWSE,14.0,14.1,13.9,14.0,1228510,17195305,TWSE_RWD_JSON_MI_INDEX
20240110,8112,至上,TWSE,61.0,61.4,60.7,61.1,2612478,159467906,TWSE_RWD_JSON_MI_INDEX
20240110,8114,振樺電,TWSE,122.0,122.0,120.0,120.5,111377,13461124,TWSE_RWD_JSON_MI_INDEX
20240110,8131,福懋科,TWSE,38.5,38.5,38.0,38.05,532169,20269802,TWSE_RWD_JSON_MI_INDEX
20240110,8150,南茂,TWSE,41.45,42.15,41.2,41.85,2616284,109595014,TWSE_RWD_JSON_MI_INDEX
20240110,8163,達方,TWSE,52.0,52.3,51.7,51.9,1068131,55455023,TWSE_RWD_JSON_MI_INDEX
20240110,8201,無敵,TWSE,16.85,17.15,16.35,16.55,443392,7398036,TWSE_RWD_JSON_MI_INDEX
20240110,8210,勤誠,TWSE,264.0,272.0,260.0,272.0,10898746,2905152943,TWSE_RWD_JSON_MI_INDEX
20240110,8213,志超,TWSE,41.9,42.0,41.65,41.75,484022,20213058,TWSE_RWD_JSON_MI_INDEX
20240110,8215,明基材,TWSE,34.0,34.0,33.7,33.7,694026,23440772,TWSE_RWD_JSON_MI_INDEX
20240110,8222,寶一,TWSE,47.85,50.8,46.5,46.5,10580741,511859580,TWSE_RWD_JSON_MI_INDEX
20240110,8249,菱光,TWSE,29.15,29.15,29.0,29.05,32724,950969,TWSE_RWD_JSON_MI_INDEX
20240110,8261,富鼎,TWSE,91.7,92.0,90.6,91.2,561256,51206504,TWSE_RWD_JSON_MI_INDEX
20240110,8271,宇瞻,TWSE,56.2,56.4,55.9,56.0,462612,25943354,TWSE_RWD_JSON_MI_INDEX
20240110,8341,日友,TWSE,112.5,113.0,110.0,110.5,192820,21415323,TWSE_RWD_JSON_MI_INDEX
20240110,8367,建新國際,TWSE,45.6,45.6,43.9,44.2,75613,3365838,TWSE_RWD_JSON_MI_INDEX
20240110,8374,羅昇,TWSE,28.1,28.2,28.0,28.0,50609,1421316,TWSE_RWD_JSON_MI_INDEX
20240110,8404,百和興業-KY,TWSE,18.85,19.9,18.75,19.5,701153,13530908,TWSE_RWD_JSON_MI_INDEX
20240110,8411,福貞-KY,TWSE,14.9,14.95,14.6,14.9,204133,3012981,TWSE_RWD_JSON_MI_INDEX
20240110,8422,可寧衛*,TWSE,180.0,180.5,179.0,179.0,129117,23195751,TWSE_RWD_JSON_MI_INDEX
20240110,8429,金麗-KY,TWSE,10.85,11.0,10.85,11.0,219255,2393915,TWSE_RWD_JSON_MI_INDEX
20240110,8438,昶昕,TWSE,26.45,26.9,26.0,26.0,8066,213468,TWSE_RWD_JSON_MI_INDEX
20240110,8442,威宏-KY,TWSE,103.0,103.0,101.0,101.5,106696,10862408,TWSE_RWD_JSON_MI_INDEX
20240110,8443,阿瘦,TWSE,12.05,12.05,11.9,11.9,61527,736804,TWSE_RWD_JSON_MI_INDEX
20240110,8454,富邦媒,TWSE,497.5,497.5,482.0,482.5,1337876,651937060,TWSE_RWD_JSON_MI_INDEX
20240110,8462,柏文,TWSE,126.0,126.0,124.0,124.0,38940,4860724,TWSE_RWD_JSON_MI_INDEX
20240110,8463,潤泰材,TWSE,24.7,24.8,24.65,24.7,26000,642000,TWSE_RWD_JSON_MI_INDEX
20240110,8464,億豐,TWSE,346.5,354.5,345.5,351.0,500321,175134556,TWSE_RWD_JSON_MI_INDEX
20240110,8466,美吉吉-KY,TWSE,48.8,48.8,47.65,48.05,26000,1246250,TWSE_RWD_JSON_MI_INDEX
20240110,8467,波力-KY,TWSE,180.5,186.0,175.0,180.0,8763928,1581934294,TWSE_RWD_JSON_MI_INDEX
20240110,8473,山林水,TWSE,29.75,30.0,29.3,29.35,174547,5181087,TWSE_RWD_JSON_MI_INDEX
20240110,8476,台境*,TWSE,55.8,55.8,54.9,55.3,28047,1546377,TWSE_RWD_JSON_MI_INDEX
20240110,8478,東哥遊艇,TWSE,379.0,384.5,375.5,375.5,818536,311316929,TWSE_RWD_JSON_MI_INDEX
20240110,8481,政伸,TWSE,51.0,51.0,51.0,51.0,2085,106371,TWSE_RWD_JSON_MI_INDEX
20240110,8482,商億-KY,TWSE,67.4,67.4,67.0,67.0,6028,405296,TWSE_RWD_JSON_MI_INDEX
20240110,8488,吉源-KY,TWSE,16.8,16.8,16.7,16.7,7083,118377,TWSE_RWD_JSON_MI_INDEX
20240110,8499,鼎炫-KY,TWSE,127.0,128.5,127.0,128.0,4250,543240,TWSE_RWD_JSON_MI_INDEX
20240110,8926,台汽電,TWSE,39.65,39.65,39.3,39.3,1075605,42390591,TWSE_RWD_JSON_MI_INDEX
20240110,8940,新天地,TWSE,30.8,30.8,28.95,29.25,643065,18979902,TWSE_RWD_JSON_MI_INDEX
20240110,8996,高力,TWSE,212.5,212.5,209.5,210.0,844353,177819932,TWSE_RWD_JSON_MI_INDEX
20240110,9103,美德醫療-DR,TWSE,9.05,9.3,8.86,8.98,8864255,79911451,TWSE_RWD_JSON_MI_INDEX
20240110,910322,康師傅-DR,TWSE,18.7,18.7,18.2,18.25,856795,15816147,TWSE_RWD_JSON_MI_INDEX
20240110,9105,泰金寶-DR,TWSE,3.24,3.27,3.14,3.2,28092394,90049209,TWSE_RWD_JSON_MI_INDEX
20240110,910861,神州-DR,TWSE,4.24,4.3,4.2,4.2,133580,565797,TWSE_RWD_JSON_MI_INDEX
20240110,9110,越南控-DR,TWSE,7.1,7.1,7.1,7.1,5150,36565,TWSE_RWD_JSON_MI_INDEX
20240110,911608,明輝-DR,TWSE,2.88,2.88,2.85,2.85,12000,34260,TWSE_RWD_JSON_MI_INDEX
20240110,911868,同方友友-DR,TWSE,1.26,1.26,1.23,1.25,430138,533671,TWSE_RWD_JSON_MI_INDEX
20240110,912000,晨訊科-DR,TWSE,2.25,2.25,2.22,2.25,293500,656505,TWSE_RWD_JSON_MI_INDEX
20240110,9136,巨騰-DR,TWSE,6.37,6.38,6.35,6.36,136000,864330,TWSE_RWD_JSON_MI_INDEX
20240110,9802,鈺齊-KY,TWSE,129.5,131.0,128.0,128.5,738657,95148085,TWSE_RWD_JSON_MI_INDEX
20240110,9902,台火,TWSE,12.9,13.1,12.7,12.7,338324,4367964,TWSE_RWD_JSON_MI_INDEX
20240110,9904,寶成,TWSE,31.15,31.15,30.85,30.95,4087501,126550020,TWSE_RWD_JSON_MI_INDEX
20240110,9905,大華,TWSE,24.05,24.1,23.95,23.95,113729,2730182,TWSE_RWD_JSON_MI_INDEX
20240110,9906,欣巴巴,TWSE,59.4,60.0,58.9,59.1,281342,16698966,TWSE_RWD_JSON_MI_INDEX
20240110,9907,統一實,TWSE,15.9,15.9,15.7,15.7,1511195,23786680,TWSE_RWD_JSON_MI_INDEX
20240110,9908,大台北,TWSE,32.55,32.65,32.45,32.5,67754,2201902,TWSE_RWD_JSON_MI_INDEX
20240110,9910,豐泰,TWSE,174.5,174.5,167.0,169.5,2519981,426997734,TWSE_RWD_JSON_MI_INDEX
20240110,9911,櫻花,TWSE,69.8,70.5,69.5,70.2,452992,31771933,TWSE_RWD_JSON_MI_INDEX
20240110,9912,偉聯,TWSE,11.35,11.4,10.75,11.2,449693,4954931,TWSE_RWD_JSON_MI_INDEX
20240110,9914,美利達,TWSE,181.0,181.0,178.5,180.5,253209,45490264,TWSE_RWD_JSON_MI_INDEX
20240110,9917,中保科,TWSE,115.5,116.5,115.5,116.5,225393,26159457,TWSE_RWD_JSON_MI_INDEX
20240110,9918,欣天然,TWSE,40.45,40.45,40.45,40.45,1062,42990,TWSE_RWD_JSON_MI_INDEX
20240110,9919,康那香,TWSE,28.25,28.4,27.05,28.4,10161045,280527034,TWSE_RWD_JSON_MI_INDEX
20240110,9921,巨大,TWSE,181.5,181.5,178.0,179.5,828175,148380122,TWSE_RWD_JSON_MI_INDEX
20240110,9924,福興,TWSE,48.2,48.2,47.85,48.15,238375,11449855,TWSE_RWD_JSON_MI_INDEX
20240110,9925,新保,TWSE,40.25,40.35,40.2,40.25,244906,9854939,TWSE_RWD_JSON_MI_INDEX
20240110,9926,新海,TWSE,54.6,54.7,54.6,54.7,2776,151729,TWSE_RWD_JSON_MI_INDEX
20240110,9927,泰銘,TWSE,69.5,70.0,67.3,67.6,1047282,71780801,TWSE_RWD_JSON_MI_INDEX
20240110,9928,中視,TWSE,23.2,23.3,22.2,22.2,369406,8403353,TWSE_RWD_JSON_MI_INDEX
20240110,9929,秋雨,TWSE,17.8,17.8,17.2,17.55,93100,1623440,TWSE_RWD_JSON_MI_INDEX
20240110,9930,中聯資源,TWSE,57.1,57.6,57.0,57.5,52424,3002910,TWSE_RWD_JSON_MI_INDEX
20240110,9933,中鼎,TWSE,42.15,42.2,42.0,42.15,830767,34997059,TWSE_RWD_JSON_MI_INDEX
20240110,9934,成霖,TWSE,15.95,16.3,15.75,15.95,2290275,36654338,TWSE_RWD_JSON_MI_INDEX
20240110,9935,慶豐富,TWSE,23.2,23.2,22.2,22.5,874992,19724251,TWSE_RWD_JSON_MI_INDEX
20240110,9937,全國,TWSE,69.2,69.4,69.0,69.0,20279,1403150,TWSE_RWD_JSON_MI_INDEX
20240110,9938,百和,TWSE,57.7,58.0,57.2,57.3,555362,31881650,TWSE_RWD_JSON_MI_INDEX
20240110,9939,宏全,TWSE,127.0,127.0,125.0,125.5,713764,89717567,TWSE_RWD_JSON_MI_INDEX
20240110,9940,信義,TWSE,29.7,29.95,29.6,29.85,241975,7224557,TWSE_RWD_JSON_MI_INDEX
20240110,9941,裕融,TWSE,181.0,181.0,178.5,180.5,3014429,542098563,TWSE_RWD_JSON_MI_INDEX
20240110,9942,茂順,TWSE,131.0,131.0,129.5,129.5,185849,24173259,TWSE_RWD_JSON_MI_INDEX
20240110,9943,好樂迪,TWSE,90.4,90.4,88.8,88.8,430471,38474541,TWSE_RWD_JSON_MI_INDEX
20240110,9944,新麗,TWSE,20.2,20.25,20.05,20.1,97200,1961849,TWSE_RWD_JSON_MI_INDEX
20240110,9945,潤泰新,TWSE,37.45,37.45,36.9,36.95,3792423,140659858,TWSE_RWD_JSON_MI_INDEX
20240110,9946,三發地產,TWSE,20.7,20.75,20.3,20.55,321707,6581855,TWSE_RWD_JSON_MI_INDEX
20240110,9955,佳龍,TWSE,23.7,23.75,23.35,23.4,243317,5707084,TWSE_RWD_JSON_MI_INDEX
20240110,9958,世紀鋼,TWSE,182.0,189.0,173.5,189.0,15511128,2838698420,TWSE_RWD_JSON_MI_INDEX
