date,stock_id,stock_name,market,open,high,low,close,volume,trading_value,source
20250314,006201,元大富櫃50,TPEx,21.2,21.25,21.1,21.16,25000,528940,TPEX_OTC_QUOTES_NO1430_JSON
20250314,00858,永豐美國500大,TPEx,30.13,30.14,30.06,30.11,896000,26975900,TPEX_OTC_QUOTES_NO1430_JSON
20250314,00877,復華中國5G,TPEx,13.33,13.66,13.31,13.57,1692000,22949830,TPEX_OTC_QUOTES_NO1430_JSON
20250314,00886,永豐美國科技,TPEx,32.8,32.8,32.7,32.73,30000,981940,TPEX_OTC_QUOTES_NO1430_JSON
20250314,00887,永豐中國科技50大,TPEx,9.05,9.21,9.02,9.16,26574000,243078650,TPEX_OTC_QUOTES_NO1430_JSON
20250314,00888,永豐台灣ESG,TPEx,15.91,15.93,15.83,15.89,957000,15193150,TPEX_OTC_QUOTES_NO1430_JSON
20250314,00928,中信上櫃ESG 30,TPEx,15.88,15.94,15.79,15.88,876000,13889030,TPEX_OTC_QUOTES_NO1430_JSON
20250314,00955,中信日本商社,TPEx,9.62,9.64,9.6,9.61,734000,7061500,TPEX_OTC_QUOTES_NO1430_JSON
20250314,020023,元大櫃買半導體N,TPEx,5.63,5.63,5.63,5.63,1000,5630,TPEX_OTC_QUOTES_NO1430_JSON
20250314,020025,統一亞洲半導體N,TPEx,9.82,9.85,9.81,9.85,4000,39330,TPEX_OTC_QUOTES_NO1430_JSON
20250314,020027,元大上櫃ESG成長N,TPEx,5.4,5.42,5.4,5.42,21000,113420,TPEX_OTC_QUOTES_NO1430_JSON
20250314,020033,統一恒生科期N,TPEx,4.76,4.9,4.76,4.85,330000,1601070,TPEX_OTC_QUOTES_NO1430_JSON
20250314,020035,元大上櫃ESG高息N,TPEx,6.78,6.78,6.78,6.78,1000,6780,TPEX_OTC_QUOTES_NO1430_JSON
20250314,020040,元大上櫃ESG龍頭N,TPEx,5.13,5.19,5.13,5.19,2000,10320,TPEX_OTC_QUOTES_NO1430_JSON
20250314,1240,茂生農經,TPEx,53.3,53.3,53.0,53.1,21000,1116600,TPEX_OTC_QUOTES_NO1430_JSON
20250314,1259,安心,TPEx,63.6,63.6,63.6,63.6,2000,127200,TPEX_OTC_QUOTES_NO1430_JSON
20250314,1264,德麥,TPEx,324.0,324.0,322.0,322.0,5000,1615500,TPEX_OTC_QUOTES_NO1430_JSON
20250314,1268,漢來美食,TPEx,150.5,152.0,150.5,151.0,12000,1808500,TPEX_OTC_QUOTES_NO1430_JSON
20250314,1294,漢田生技,TPEx,96.2,96.2,94.5,96.0,25000,2382200,TPEX_OTC_QUOTES_NO1430_JSON
20250314,1336,台翰,TPEx,24.4,25.05,24.2,25.05,295000,7265550,TPEX_OTC_QUOTES_NO1430_JSON
20250314,1565,精華,TPEx,196.5,199.5,196.0,197.0,149000,29396000,TPEX_OTC_QUOTES_NO1430_JSON
20250314,1569,濱川,TPEx,67.3,69.3,66.2,68.0,15931000,1079367700,TPEX_OTC_QUOTES_NO1430_JSON
20250314,1570,力肯,TPEx,28.0,28.25,27.8,27.8,78000,2175100,TPEX_OTC_QUOTES_NO1430_JSON
20250314,1580,新麥,TPEx,153.0,153.0,151.0,152.0,47000,7133000,TPEX_OTC_QUOTES_NO1430_JSON
20250314,1584,精剛,TPEx,26.3,26.45,26.2,26.4,804000,21157250,TPEX_OTC_QUOTES_NO1430_JSON
20250314,1586,和勤,TPEx,30.1,30.15,30.0,30.15,27000,810950,TPEX_OTC_QUOTES_NO1430_JSON
20250314,1591,駿吉-KY,TPEx,51.9,51.9,50.2,50.5,264000,13393800,TPEX_OTC_QUOTES_NO1430_JSON
20250314,1593,祺驊,TPEx,36.75,36.95,36.55,36.75,20000,733050,TPEX_OTC_QUOTES_NO1430_JSON
20250314,1595,川寶,TPEx,44.55,45.0,43.85,44.15,120000,5306300,TPEX_OTC_QUOTES_NO1430_JSON
20250314,1599,宏佳騰,TPEx,30.0,30.05,29.95,29.95,22000,660450,TPEX_OTC_QUOTES_NO1430_JSON
20250314,1742,台蠟,TPEx,17.75,17.9,17.75,17.75,26000,462150,TPEX_OTC_QUOTES_NO1430_JSON
20250314,1777,生泰,TPEx,102.0,107.5,102.0,105.0,420000,44202000,TPEX_OTC_QUOTES_NO1430_JSON
20250314,1781,合世,TPEx,16.15,16.25,16.0,16.2,40000,644450,TPEX_OTC_QUOTES_NO1430_JSON
20250314,1784,訊聯,TPEx,77.8,78.5,77.0,78.5,95000,7396600,TPEX_OTC_QUOTES_NO1430_JSON
20250314,1785,光洋科,TPEx,59.1,60.8,58.7,59.0,6275000,373827500,TPEX_OTC_QUOTES_NO1430_JSON
20250314,1788,杏昌,TPEx,144.0,144.0,143.5,143.5,8000,1148500,TPEX_OTC_QUOTES_NO1430_JSON
20250314,1796,金穎生技,TPEx,57.0,57.0,55.6,56.0,5000,280200,TPEX_OTC_QUOTES_NO1430_JSON
20250314,1799,易威,TPEx,82.2,82.2,77.0,77.7,1270000,99804200,TPEX_OTC_QUOTES_NO1430_JSON
20250314,1813,寶利徠,TPEx,17.8,17.95,17.7,17.95,5000,89150,TPEX_OTC_QUOTES_NO1430_JSON
20250314,1815,富喬,TPEx,31.75,32.05,30.4,31.25,37254000,1157817200,TPEX_OTC_QUOTES_NO1430_JSON
20250314,2035,唐榮公司,TPEx,32.45,32.45,32.45,32.45,1000,32450,TPEX_OTC_QUOTES_NO1430_JSON
20250314,2061,風青,TPEx,20.8,21.4,20.45,20.5,524000,10950800,TPEX_OTC_QUOTES_NO1430_JSON
20250314,2063,世鎧精密,TPEx,37.8,37.85,37.3,37.4,108000,4079950,TPEX_OTC_QUOTES_NO1430_JSON
20250314,2065,世豐,TPEx,52.2,52.4,51.9,52.3,121000,6308500,TPEX_OTC_QUOTES_NO1430_JSON
20250314,2066,世德,TPEx,96.2,97.5,94.5,96.5,231000,22177900,TPEX_OTC_QUOTES_NO1430_JSON
20250314,2067,嘉鋼,TPEx,9.99,10.15,9.98,10.15,46000,461410,TPEX_OTC_QUOTES_NO1430_JSON
20250314,2070,精湛,TPEx,62.4,63.9,59.8,63.7,694000,42271500,TPEX_OTC_QUOTES_NO1430_JSON
20250314,2073,雄順,TPEx,27.95,28.2,27.9,28.2,11000,309050,TPEX_OTC_QUOTES_NO1430_JSON
20250314,2221,大甲,TPEx,29.05,29.35,29.05,29.3,45000,1317400,TPEX_OTC_QUOTES_NO1430_JSON
20250314,2230,泰茂,TPEx,122.5,125.5,122.5,124.0,292000,36136500,TPEX_OTC_QUOTES_NO1430_JSON
20250314,2235,謚源,TPEx,48.95,49.0,47.9,48.85,17000,828250,TPEX_OTC_QUOTES_NO1430_JSON
20250314,2596,綠意,TPEx,40.3,40.35,39.1,40.0,157000,6272300,TPEX_OTC_QUOTES_NO1430_JSON
20250314,2640,大車隊,TPEx,139.5,139.5,136.5,136.5,54000,7416500,TPEX_OTC_QUOTES_NO1430_JSON
20250314,2641,正德,TPEx,22.1,23.25,21.95,23.05,12697000,287951050,TPEX_OTC_QUOTES_NO1430_JSON
20250314,2643,捷迅,TPEx,78.3,78.3,77.8,77.8,61000,4757000,TPEX_OTC_QUOTES_NO1430_JSON
20250314,2718,全心投控,TPEx,69.6,70.1,67.0,68.4,205000,14018800,TPEX_OTC_QUOTES_NO1430_JSON
20250314,2719,燦星旅,TPEx,41.9,41.9,40.2,41.5,59000,2425150,TPEX_OTC_QUOTES_NO1430_JSON
20250314,2724,藝舍-KY,TPEx,30.6,30.6,30.6,30.6,5000,153000,TPEX_OTC_QUOTES_NO1430_JSON
20250314,2726,雅茗-KY,TPEx,22.95,23.0,22.8,23.0,44000,1007400,TPEX_OTC_QUOTES_NO1430_JSON
20250314,2729,瓦城,TPEx,201.0,201.0,198.0,200.5,124000,24666500,TPEX_OTC_QUOTES_NO1430_JSON
20250314,2732,六角,TPEx,96.3,97.0,96.2,96.4,22000,2120900,TPEX_OTC_QUOTES_NO1430_JSON
20250314,2734,易飛網,TPEx,23.8,24.0,23.0,23.95,125000,2945100,TPEX_OTC_QUOTES_NO1430_JSON
20250314,2736,富野,TPEx,19.9,20.0,19.75,19.85,132000,2620450,TPEX_OTC_QUOTES_NO1430_JSON
20250314,2740,華軒,TPEx,37.45,37.9,37.45,37.9,2000,75350,TPEX_OTC_QUOTES_NO1430_JSON
20250314,2743,山富,TPEx,92.4,93.8,90.5,93.6,327000,30243600,TPEX_OTC_QUOTES_NO1430_JSON
20250314,2745,五福,TPEx,103.0,103.0,99.4,102.0,635000,64366800,TPEX_OTC_QUOTES_NO1430_JSON
20250314,2751,王座,TPEx,69.7,70.7,69.6,69.8,31000,2169500,TPEX_OTC_QUOTES_NO1430_JSON
20250314,2752,豆府,TPEx,243.5,245.0,243.5,245.0,7000,1711000,TPEX_OTC_QUOTES_NO1430_JSON
20250314,2754,亞洲藏壽司,TPEx,84.9,85.9,84.6,84.6,12000,1019600,TPEX_OTC_QUOTES_NO1430_JSON
20250314,2755,揚秦,TPEx,126.5,130.0,125.0,129.5,54000,6884500,TPEX_OTC_QUOTES_NO1430_JSON
20250314,2756,聯發國際,TPEx,73.4,78.1,73.4,76.6,11000,832900,TPEX_OTC_QUOTES_NO1430_JSON
20250314,2916,滿心,TPEx,52.6,53.4,52.6,53.2,37000,1961700,TPEX_OTC_QUOTES_NO1430_JSON
20250314,2924,宏太-KY,TPEx,29.55,30.55,28.65,29.45,13000,382850,TPEX_OTC_QUOTES_NO1430_JSON
20250314,2926,誠品生活,TPEx,51.6,51.8,51.6,51.8,5000,258500,TPEX_OTC_QUOTES_NO1430_JSON
20250314,2937,集雅社,TPEx,42.25,42.4,41.7,42.3,30000,1263250,TPEX_OTC_QUOTES_NO1430_JSON
20250314,2947,振宇五金,TPEx,88.4,88.8,88.2,88.8,13000,1148800,TPEX_OTC_QUOTES_NO1430_JSON
20250314,2949,欣新網,TPEx,85.9,86.9,84.9,85.8,27000,2323400,TPEX_OTC_QUOTES_NO1430_JSON
20250314,3064,泰偉,TPEx,63.0,63.0,63.0,63.0,1000,63000,TPEX_OTC_QUOTES_NO1430_JSON
20250314,3066,李洲,TPEx,22.3,22.5,22.0,22.3,79000,1755900,TPEX_OTC_QUOTES_NO1430_JSON
20250314,3071,協禧,TPEx,23.7,23.9,23.5,23.9,81000,1923050,TPEX_OTC_QUOTES_NO1430_JSON
20250314,3073,天方能源,TPEx,44.65,45.15,44.55,44.75,61000,2738850,TPEX_OTC_QUOTES_NO1430_JSON
20250314,3078,僑威,TPEx,85.8,86.3,83.6,84.1,7558000,639537900,TPEX_OTC_QUOTES_NO1430_JSON
20250314,3081,聯亞,TPEx,294.0,312.0,287.0,312.0,621000,186113000,TPEX_OTC_QUOTES_NO1430_JSON
20250314,3083,網龍,TPEx,40.1,40.35,40.0,40.05,95000,3812100,TPEX_OTC_QUOTES_NO1430_JSON
20250314,3086,華義*,TPEx,174.0,175.5,172.0,174.5,191000,33291500,TPEX_OTC_QUOTES_NO1430_JSON
20250314,3088,艾訊,TPEx,129.0,130.5,127.0,129.5,845000,108846000,TPEX_OTC_QUOTES_NO1430_JSON
20250314,3093,港建*,TPEx,25.75,25.75,25.55,25.6,48000,1229500,TPEX_OTC_QUOTES_NO1430_JSON
20250314,3095,及成,TPEx,47.3,47.3,45.0,46.4,25000,1145750,TPEX_OTC_QUOTES_NO1430_JSON
20250314,3105,穩懋,TPEx,101.5,103.0,101.0,102.5,940000,95817000,TPEX_OTC_QUOTES_NO1430_JSON
20250314,3114,好德,TPEx,26.3,28.2,26.3,27.2,2554000,70020950,TPEX_OTC_QUOTES_NO1430_JSON
20250314,3115,富榮綱,TPEx,14.05,14.85,14.05,14.45,31000,452000,TPEX_OTC_QUOTES_NO1430_JSON
20250314,3118,進階,TPEx,33.25,33.8,33.25,33.45,17000,570750,TPEX_OTC_QUOTES_NO1430_JSON
20250314,3122,笙泉,TPEx,31.3,31.45,30.25,31.0,74000,2288900,TPEX_OTC_QUOTES_NO1430_JSON
20250314,3128,昇銳,TPEx,32.8,32.95,31.75,31.95,398000,12820350,TPEX_OTC_QUOTES_NO1430_JSON
20250314,3131,弘塑,TPEx,1160.0,1160.0,1050.0,1070.0,1271000,1384140000,TPEX_OTC_QUOTES_NO1430_JSON
20250314,3141,晶宏,TPEx,78.2,78.3,76.5,77.1,70000,5418400,TPEX_OTC_QUOTES_NO1430_JSON
20250314,3147,大綜,TPEx,186.0,187.0,179.0,180.0,1401000,256092500,TPEX_OTC_QUOTES_NO1430_JSON
20250314,3152,璟德,TPEx,155.0,157.0,154.5,156.5,50000,7808500,TPEX_OTC_QUOTES_NO1430_JSON
20250314,3162,精確,TPEx,46.9,46.9,45.1,46.6,1666000,76868050,TPEX_OTC_QUOTES_NO1430_JSON
20250314,3163,波若威,TPEx,169.5,176.5,164.5,171.5,18728000,3210738000,TPEX_OTC_QUOTES_NO1430_JSON
20250314,3169,亞信,TPEx,110.5,111.0,108.5,111.0,178000,19527000,TPEX_OTC_QUOTES_NO1430_JSON
20250314,3171,炎洲流通,TPEx,39.75,40.25,39.1,39.45,65000,2581600,TPEX_OTC_QUOTES_NO1430_JSON
20250314,3176,基亞,TPEx,34.6,35.05,34.45,34.95,78000,2711350,TPEX_OTC_QUOTES_NO1430_JSON
20250314,3178,公準,TPEx,63.1,63.9,62.9,63.0,37000,2339000,TPEX_OTC_QUOTES_NO1430_JSON
20250314,3188,鑫龍騰,TPEx,31.65,31.65,31.0,31.3,294000,9195150,TPEX_OTC_QUOTES_NO1430_JSON
20250314,3191,雲嘉南,TPEx,16.55,16.55,16.55,16.55,2000,33100,TPEX_OTC_QUOTES_NO1430_JSON
20250314,3202,樺晟,TPEx,5.59,5.59,5.36,5.48,130000,703410,TPEX_OTC_QUOTES_NO1430_JSON
20250314,3205,佰研,TPEx,32.1,32.8,31.6,32.4,75000,2413100,TPEX_OTC_QUOTES_NO1430_JSON
20250314,3206,志豐,TPEx,43.05,43.75,43.05,43.75,48000,2076800,TPEX_OTC_QUOTES_NO1430_JSON
20250314,3207,耀勝,TPEx,105.0,105.5,103.0,104.5,146000,15231000,TPEX_OTC_QUOTES_NO1430_JSON
20250314,3211,順達,TPEx,198.0,199.5,192.5,193.5,10388000,2034147500,TPEX_OTC_QUOTES_NO1430_JSON
20250314,3213,茂訊,TPEx,120.5,120.5,115.0,117.5,1709000,201090500,TPEX_OTC_QUOTES_NO1430_JSON
20250314,3217,優群,TPEx,153.5,153.5,151.0,151.5,307000,46685500,TPEX_OTC_QUOTES_NO1430_JSON
20250314,3218,大學光,TPEx,230.0,230.0,225.5,226.5,111000,25226000,TPEX_OTC_QUOTES_NO1430_JSON
20250314,3219,倚強科,TPEx,40.0,40.9,39.05,39.75,62000,2458000,TPEX_OTC_QUOTES_NO1430_JSON
20250314,3221,台嘉碩,TPEx,23.9,23.9,23.75,23.85,81000,1929100,TPEX_OTC_QUOTES_NO1430_JSON
20250314,3224,三顧,TPEx,45.0,45.5,44.65,45.35,37000,1663600,TPEX_OTC_QUOTES_NO1430_JSON
20250314,3226,龍鋒,TPEx,50.9,52.5,50.9,51.8,23000,1184400,TPEX_OTC_QUOTES_NO1430_JSON
20250314,3227,原相,TPEx,239.0,241.5,237.0,240.5,1951000,467657500,TPEX_OTC_QUOTES_NO1430_JSON
20250314,3228,金麗科,TPEx,186.5,186.5,180.5,183.0,223000,40730000,TPEX_OTC_QUOTES_NO1430_JSON
20250314,3230,錦明,TPEx,51.7,52.2,50.5,50.5,694000,35621900,TPEX_OTC_QUOTES_NO1430_JSON
20250314,3232,昱捷,TPEx,27.1,27.1,27.0,27.0,3000,81200,TPEX_OTC_QUOTES_NO1430_JSON
20250314,3234,光環,TPEx,44.9,45.65,44.75,45.4,441000,19948200,TPEX_OTC_QUOTES_NO1430_JSON
20250314,3236,千如,TPEx,19.4,19.4,19.0,19.35,142000,2724900,TPEX_OTC_QUOTES_NO1430_JSON
20250314,3252,海灣,TPEx,19.95,20.1,19.8,20.1,5000,99500,TPEX_OTC_QUOTES_NO1430_JSON
20250314,3259,鑫創,TPEx,20.35,20.45,20.35,20.45,11000,224650,TPEX_OTC_QUOTES_NO1430_JSON
20250314,3260,威剛,TPEx,92.2,94.8,92.0,93.8,21434000,2007500500,TPEX_OTC_QUOTES_NO1430_JSON
20250314,3264,欣銓,TPEx,73.4,73.8,68.8,72.1,18292000,1301076600,TPEX_OTC_QUOTES_NO1430_JSON
20250314,3265,台星科,TPEx,102.0,103.5,101.5,103.0,359000,36753500,TPEX_OTC_QUOTES_NO1430_JSON
20250314,3268,海德威,TPEx,20.5,20.9,20.5,20.85,22000,456100,TPEX_OTC_QUOTES_NO1430_JSON
20250314,3272,東碩,TPEx,26.15,26.2,26.0,26.0,61000,1588900,TPEX_OTC_QUOTES_NO1430_JSON
20250314,3276,宇環,TPEx,15.4,15.45,15.25,15.35,80000,1227550,TPEX_OTC_QUOTES_NO1430_JSON
20250314,3284,太普高,TPEx,33.55,34.0,33.45,33.9,41000,1376150,TPEX_OTC_QUOTES_NO1430_JSON
20250314,3285,微端,TPEx,25.9,26.0,25.5,25.55,14000,359700,TPEX_OTC_QUOTES_NO1430_JSON
20250314,3287,廣寰科,TPEx,29.95,30.55,29.95,30.5,52000,1575500,TPEX_OTC_QUOTES_NO1430_JSON
20250314,3288,點晶,TPEx,20.3,20.3,20.05,20.25,3000,60600,TPEX_OTC_QUOTES_NO1430_JSON
20250314,3289,宜特,TPEx,125.0,125.0,121.0,122.5,364000,44511500,TPEX_OTC_QUOTES_NO1430_JSON
20250314,3290,東浦,TPEx,33.25,33.25,32.3,32.55,555000,18108150,TPEX_OTC_QUOTES_NO1430_JSON
20250314,3293,鈊象,TPEx,820.0,828.0,801.0,816.0,2870000,2329567000,TPEX_OTC_QUOTES_NO1430_JSON
20250314,3294,英濟,TPEx,36.45,36.55,35.8,36.5,657000,23778800,TPEX_OTC_QUOTES_NO1430_JSON
20250314,3297,杭特,TPEx,21.05,21.05,20.9,21.0,22000,462050,TPEX_OTC_QUOTES_NO1430_JSON
20250314,3303,岱稜,TPEx,53.3,53.7,52.6,53.5,518000,27594200,TPEX_OTC_QUOTES_NO1430_JSON
20250314,3306,鼎天,TPEx,48.65,49.85,48.4,49.45,61000,2988600,TPEX_OTC_QUOTES_NO1430_JSON
20250314,3310,佳穎,TPEx,88.1,89.0,86.1,88.5,52000,4546200,TPEX_OTC_QUOTES_NO1430_JSON
20250314,3313,斐成,TPEx,14.5,14.6,14.35,14.5,130000,1884300,TPEX_OTC_QUOTES_NO1430_JSON
20250314,3317,尼克森,TPEx,45.0,45.6,44.9,45.35,87000,3929450,TPEX_OTC_QUOTES_NO1430_JSON
20250314,3322,建舜電,TPEx,17.45,17.5,17.0,17.3,284000,4885750,TPEX_OTC_QUOTES_NO1430_JSON
20250314,3323,加百裕,TPEx,36.2,36.4,35.35,36.0,3911000,140479800,TPEX_OTC_QUOTES_NO1430_JSON
20250314,3324,雙鴻,TPEx,625.0,635.0,613.0,619.0,2241000,1392365000,TPEX_OTC_QUOTES_NO1430_JSON
20250314,3325,旭品,TPEx,20.1,20.5,20.1,20.5,114000,2314300,TPEX_OTC_QUOTES_NO1430_JSON
20250314,3339,泰谷,TPEx,35.55,35.95,35.15,35.7,446000,15869600,TPEX_OTC_QUOTES_NO1430_JSON
20250314,3349,寶德,TPEx,19.6,19.6,19.6,19.6,1000,19600,TPEX_OTC_QUOTES_NO1430_JSON
20250314,3354,律勝,TPEx,20.1,20.15,19.85,20.05,40000,802300,TPEX_OTC_QUOTES_NO1430_JSON
20250314,3357,臺慶科,TPEx,119.5,120.5,118.5,120.5,140000,16774000,TPEX_OTC_QUOTES_NO1430_JSON
20250314,3360,尚立,TPEx,13.6,13.8,13.5,13.8,134000,1830550,TPEX_OTC_QUOTES_NO1430_JSON
20250314,3362,先進光,TPEx,184.0,185.0,177.5,183.5,997000,181243500,TPEX_OTC_QUOTES_NO1430_JSON
20250314,3363,上詮,TPEx,278.5,299.5,273.0,299.5,8461000,2424076500,TPEX_OTC_QUOTES_NO1430_JSON
20250314,3372,典範,TPEx,15.0,15.25,15.0,15.2,166000,2513050,TPEX_OTC_QUOTES_NO1430_JSON
20250314,3373,熱映,TPEx,23.8,23.85,23.45,23.8,202000,4777900,TPEX_OTC_QUOTES_NO1430_JSON
20250314,3374,精材,TPEx,172.0,173.0,165.5,171.5,3433000,579395500,TPEX_OTC_QUOTES_NO1430_JSON
20250314,3379,彬台,TPEx,70.8,71.8,69.0,70.3,5706000,401610800,TPEX_OTC_QUOTES_NO1430_JSON
20250314,3388,崇越電,TPEx,69.5,69.6,69.3,69.5,29000,2015400,TPEX_OTC_QUOTES_NO1430_JSON
20250314,3390,旭軟,TPEx,26.75,26.85,26.4,26.55,606000,16099600,TPEX_OTC_QUOTES_NO1430_JSON
20250314,3402,漢科,TPEx,99.8,100.0,98.5,99.6,182000,18043200,TPEX_OTC_QUOTES_NO1430_JSON
20250314,3426,台興,TPEx,50.5,50.5,50.1,50.3,18000,904900,TPEX_OTC_QUOTES_NO1430_JSON
20250314,3430,奇鈦科,TPEx,60.6,61.8,60.1,61.8,103000,6278200,TPEX_OTC_QUOTES_NO1430_JSON
20250314,3434,哲固,TPEx,31.1,32.2,30.85,32.05,486000,15404850,TPEX_OTC_QUOTES_NO1430_JSON
20250314,3438,類比科,TPEx,58.7,59.4,58.2,59.4,30000,1759000,TPEX_OTC_QUOTES_NO1430_JSON
20250314,3441,聯一光電,TPEx,37.25,37.55,37.0,37.25,141000,5242100,TPEX_OTC_QUOTES_NO1430_JSON
20250314,3444,利機,TPEx,69.0,69.2,67.7,67.8,129000,8777200,TPEX_OTC_QUOTES_NO1430_JSON
20250314,3455,由田,TPEx,108.5,110.0,106.5,108.0,405000,43618000,TPEX_OTC_QUOTES_NO1430_JSON
20250314,3465,進泰電子,TPEx,63.5,63.5,62.4,63.0,28000,1759700,TPEX_OTC_QUOTES_NO1430_JSON
20250314,3466,德晉,TPEx,53.0,53.1,50.8,50.9,500000,25760900,TPEX_OTC_QUOTES_NO1430_JSON
20250314,3479,安勤,TPEx,108.5,110.5,106.0,108.0,667000,72488500,TPEX_OTC_QUOTES_NO1430_JSON
20250314,3483,力致,TPEx,141.0,141.0,136.5,139.0,436000,60362500,TPEX_OTC_QUOTES_NO1430_JSON
20250314,3484,崧騰,TPEx,63.0,64.8,61.1,64.2,1905000,120205500,TPEX_OTC_QUOTES_NO1430_JSON
20250314,3489,森寶,TPEx,26.65,27.0,26.0,26.35,356000,9338350,TPEX_OTC_QUOTES_NO1430_JSON
20250314,3490,單井,TPEx,29.25,29.35,28.9,29.3,104000,3033300,TPEX_OTC_QUOTES_NO1430_JSON
20250314,3491,昇達科,TPEx,445.5,452.5,436.0,443.5,2213000,982222500,TPEX_OTC_QUOTES_NO1430_JSON
20250314,3492,長盛,TPEx,25.15,25.45,25.0,25.35,50000,1259550,TPEX_OTC_QUOTES_NO1430_JSON
20250314,3498,陽程,TPEx,49.7,50.4,48.85,49.8,350000,17350600,TPEX_OTC_QUOTES_NO1430_JSON
20250314,3499,環天科,TPEx,17.7,18.15,17.7,18.0,178000,3184650,TPEX_OTC_QUOTES_NO1430_JSON
20250314,3508,位速,TPEx,27.95,28.0,27.55,28.0,115000,3196200,TPEX_OTC_QUOTES_NO1430_JSON
20250314,3511,矽瑪,TPEx,30.0,30.7,29.8,30.6,191000,5754800,TPEX_OTC_QUOTES_NO1430_JSON
20250314,3512,皇龍,TPEx,29.05,29.45,28.75,28.8,101000,2922850,TPEX_OTC_QUOTES_NO1430_JSON
20250314,3516,亞帝歐,TPEx,23.3,23.4,23.15,23.25,39000,907900,TPEX_OTC_QUOTES_NO1430_JSON
20250314,3520,華盈,TPEx,17.7,17.75,17.4,17.55,230000,4044750,TPEX_OTC_QUOTES_NO1430_JSON
20250314,3521,台鋼建設,TPEx,15.2,15.2,15.0,15.15,73000,1101050,TPEX_OTC_QUOTES_NO1430_JSON
20250314,3522,御嵿,TPEx,20.55,20.55,19.85,20.15,322000,6496550,TPEX_OTC_QUOTES_NO1430_JSON
20250314,3523,迎輝,TPEx,22.5,22.9,22.5,22.8,10000,227700,TPEX_OTC_QUOTES_NO1430_JSON
20250314,3526,凡甲,TPEx,278.0,279.5,275.5,277.5,135000,37449000,TPEX_OTC_QUOTES_NO1430_JSON
20250314,3527,聚積,TPEx,75.1,75.9,73.5,73.6,29000,2146200,TPEX_OTC_QUOTES_NO1430_JSON
20250314,3529,力旺,TPEx,2630.0,2630.0,2530.0,2590.0,381000,981990000,TPEX_OTC_QUOTES_NO1430_JSON
20250314,3531,先益,TPEx,27.2,27.3,27.2,27.3,3000,81800,TPEX_OTC_QUOTES_NO1430_JSON
20250314,3537,堡達,TPEx,49.9,50.3,49.8,50.2,126000,6308950,TPEX_OTC_QUOTES_NO1430_JSON
20250314,3540,曜越,TPEx,34.7,35.05,34.25,34.95,264000,9131550,TPEX_OTC_QUOTES_NO1430_JSON
20250314,3541,西柏,TPEx,30.85,31.6,30.8,31.4,40000,1252600,TPEX_OTC_QUOTES_NO1430_JSON
20250314,3546,宇峻,TPEx,79.8,81.5,79.2,79.6,527000,42166500,TPEX_OTC_QUOTES_NO1430_JSON
20250314,3548,兆利,TPEx,170.0,172.0,166.0,168.0,668000,112598000,TPEX_OTC_QUOTES_NO1430_JSON
20250314,3551,世禾,TPEx,115.0,116.5,112.5,116.0,569000,65202000,TPEX_OTC_QUOTES_NO1430_JSON
20250314,3552,同致,TPEx,81.1,82.2,80.7,82.2,199000,16195000,TPEX_OTC_QUOTES_NO1430_JSON
20250314,3555,博士旺,TPEx,28.6,28.8,28.6,28.8,5000,143400,TPEX_OTC_QUOTES_NO1430_JSON
20250314,3556,禾瑞亞,TPEx,46.4,47.1,46.0,47.0,40000,1863750,TPEX_OTC_QUOTES_NO1430_JSON
20250314,3558,神準,TPEx,238.5,240.5,230.0,233.0,1116000,262008000,TPEX_OTC_QUOTES_NO1430_JSON
20250314,3564,其陽,TPEx,68.0,69.1,67.2,68.4,226000,15347500,TPEX_OTC_QUOTES_NO1430_JSON
20250314,3567,逸昌,TPEx,32.8,32.8,32.4,32.4,37000,1205300,TPEX_OTC_QUOTES_NO1430_JSON
20250314,3570,大塚,TPEx,185.5,187.0,183.0,185.5,141000,26103500,TPEX_OTC_QUOTES_NO1430_JSON
20250314,3577,泓格,TPEx,65.1,65.3,64.2,65.0,75000,4857800,TPEX_OTC_QUOTES_NO1430_JSON
20250314,3580,友威科,TPEx,77.6,79.3,77.0,78.6,370000,28857900,TPEX_OTC_QUOTES_NO1430_JSON
20250314,3581,博磊,TPEx,45.5,45.85,44.85,45.8,122000,5521250,TPEX_OTC_QUOTES_NO1430_JSON
20250314,3587,閎康,TPEx,196.0,196.0,190.0,195.0,460000,88618500,TPEX_OTC_QUOTES_NO1430_JSON
20250314,3594,磐儀,TPEx,54.4,54.7,52.3,53.3,1402000,74596500,TPEX_OTC_QUOTES_NO1430_JSON
20250314,3597,映興,TPEx,36.05,36.05,34.9,35.5,254000,9010200,TPEX_OTC_QUOTES_NO1430_JSON
20250314,3609,三一東林,TPEx,52.1,52.8,50.9,51.6,540000,27872900,TPEX_OTC_QUOTES_NO1430_JSON
20250314,3611,鼎翰,TPEx,217.0,220.5,213.5,220.0,62000,13489500,TPEX_OTC_QUOTES_NO1430_JSON
20250314,3615,安可,TPEx,26.05,26.15,25.8,26.15,131000,3398800,TPEX_OTC_QUOTES_NO1430_JSON
20250314,3623,富晶通,TPEx,22.3,23.0,22.3,22.8,17000,387300,TPEX_OTC_QUOTES_NO1430_JSON
20250314,3624,光頡,TPEx,37.75,38.2,37.75,38.1,108000,4097050,TPEX_OTC_QUOTES_NO1430_JSON
20250314,3625,西勝,TPEx,17.25,17.35,16.9,17.15,454000,7763050,TPEX_OTC_QUOTES_NO1430_JSON
20250314,3628,盈正,TPEx,44.95,45.1,44.4,44.45,47000,2103200,TPEX_OTC_QUOTES_NO1430_JSON
20250314,3630,新鉅科,TPEx,23.9,24.1,23.7,23.9,417000,9967850,TPEX_OTC_QUOTES_NO1430_JSON
20250314,3631,晟楠,TPEx,37.65,37.7,36.3,36.95,75000,2767550,TPEX_OTC_QUOTES_NO1430_JSON
20250314,3632,研勤,TPEx,13.1,13.5,13.0,13.5,13000,171700,TPEX_OTC_QUOTES_NO1430_JSON
20250314,3646,艾恩特,TPEx,30.55,30.6,30.15,30.45,54000,1646500,TPEX_OTC_QUOTES_NO1430_JSON
20250314,3663,鑫科,TPEx,63.2,63.4,61.5,63.0,474000,29606700,TPEX_OTC_QUOTES_NO1430_JSON
20250314,3664,安瑞-KY,TPEx,26.1,26.75,26.1,26.55,112000,2960700,TPEX_OTC_QUOTES_NO1430_JSON
20250314,3666,光耀,TPEx,34.15,34.45,34.1,34.45,56000,1923650,TPEX_OTC_QUOTES_NO1430_JSON
20250314,3672,康聯訊,TPEx,20.15,20.15,20.05,20.05,3000,60300,TPEX_OTC_QUOTES_NO1430_JSON
20250314,3675,德微,TPEx,181.0,183.0,176.5,182.5,388000,69660000,TPEX_OTC_QUOTES_NO1430_JSON
20250314,3680,家登,TPEx,391.5,399.0,389.0,398.0,332000,130779500,TPEX_OTC_QUOTES_NO1430_JSON
20250314,3685,元創精密,TPEx,14.0,14.15,13.9,14.1,42000,588500,TPEX_OTC_QUOTES_NO1430_JSON
20250314,3687,歐買尬,TPEx,87.4,89.5,86.5,89.5,122000,10802200,TPEX_OTC_QUOTES_NO1430_JSON
20250314,3689,湧德,TPEx,92.3,96.0,91.3,95.3,2775000,262282500,TPEX_OTC_QUOTES_NO1430_JSON
20250314,3691,碩禾,TPEx,72.3,77.3,72.3,76.5,837000,62931500,TPEX_OTC_QUOTES_NO1430_JSON
20250314,3693,營邦,TPEx,363.0,363.0,336.5,339.5,2474000,856074000,TPEX_OTC_QUOTES_NO1430_JSON
20250314,3707,漢磊,TPEx,47.0,47.1,46.3,47.0,605000,28267150,TPEX_OTC_QUOTES_NO1430_JSON
20250314,3709,鑫聯大投控,TPEx,32.3,33.05,31.95,32.85,452000,14680750,TPEX_OTC_QUOTES_NO1430_JSON
20250314,3710,連展投控,TPEx,10.5,10.6,10.45,10.5,616000,6459950,TPEX_OTC_QUOTES_NO1430_JSON
20250314,3713,新晶投控,TPEx,20.7,20.95,20.1,20.9,64000,1320900,TPEX_OTC_QUOTES_NO1430_JSON
20250314,4102,永日,TPEx,29.35,29.35,28.65,28.75,55000,1587200,TPEX_OTC_QUOTES_NO1430_JSON
20250314,4105,東洋,TPEx,79.6,79.9,79.3,79.4,653000,51917200,TPEX_OTC_QUOTES_NO1430_JSON
20250314,4107,邦特,TPEx,127.5,128.0,127.0,127.0,42000,5349000,TPEX_OTC_QUOTES_NO1430_JSON
20250314,4109,加捷生醫,TPEx,20.35,20.35,19.9,20.0,350000,7008900,TPEX_OTC_QUOTES_NO1430_JSON
20250314,4111,濟生,TPEx,29.6,30.1,29.5,29.75,229000,6793450,TPEX_OTC_QUOTES_NO1430_JSON
20250314,4113,聯上,TPEx,28.3,28.5,28.0,28.3,109000,3074400,TPEX_OTC_QUOTES_NO1430_JSON
20250314,4114,健喬,TPEx,33.5,34.2,33.5,34.0,2310000,78403450,TPEX_OTC_QUOTES_NO1430_JSON
20250314,4116,明基醫,TPEx,46.65,47.0,46.5,46.9,19000,889700,TPEX_OTC_QUOTES_NO1430_JSON
20250314,4120,友華,TPEx,51.9,51.9,50.1,50.1,29000,1459400,TPEX_OTC_QUOTES_NO1430_JSON
20250314,4121,優盛,TPEx,17.2,17.6,17.05,17.55,245000,4230450,TPEX_OTC_QUOTES_NO1430_JSON
20250314,4123,晟德,TPEx,40.05,40.45,39.85,40.25,657000,26301550,TPEX_OTC_QUOTES_NO1430_JSON
20250314,4126,太醫,TPEx,93.7,94.0,92.8,93.9,48000,4488400,TPEX_OTC_QUOTES_NO1430_JSON
20250314,4127,天良,TPEx,40.3,40.85,40.0,40.15,301000,12115800,TPEX_OTC_QUOTES_NO1430_JSON
20250314,4128,中天,TPEx,30.55,30.75,30.35,30.55,600000,18329900,TPEX_OTC_QUOTES_NO1430_JSON
20250314,4129,聯合,TPEx,91.2,91.8,90.9,91.1,167000,15215300,TPEX_OTC_QUOTES_NO1430_JSON
20250314,4130,健亞,TPEx,23.25,23.4,23.1,23.4,88000,2043200,TPEX_OTC_QUOTES_NO1430_JSON
20250314,4131,浩泰,TPEx,43.5,43.7,41.55,42.75,231000,9910850,TPEX_OTC_QUOTES_NO1430_JSON
20250314,4138,曜亞,TPEx,94.0,94.0,93.3,93.4,20000,1869200,TPEX_OTC_QUOTES_NO1430_JSON
20250314,4139,馬光-KY,TPEx,28.8,28.8,28.1,28.1,9000,254500,TPEX_OTC_QUOTES_NO1430_JSON
20250314,4147,中裕,TPEx,92.5,93.3,91.4,92.5,1141000,105285800,TPEX_OTC_QUOTES_NO1430_JSON
20250314,4153,鈺緯,TPEx,38.35,38.65,38.35,38.4,23000,884900,TPEX_OTC_QUOTES_NO1430_JSON
20250314,4154,樂威科-KY,TPEx,21.35,22.65,21.0,22.25,108000,2382150,TPEX_OTC_QUOTES_NO1430_JSON
20250314,4157,太景*-KY,TPEx,10.8,11.1,10.8,11.05,612000,6702100,TPEX_OTC_QUOTES_NO1430_JSON
20250314,4160,訊聯基因,TPEx,67.2,68.0,66.0,68.0,35000,2340200,TPEX_OTC_QUOTES_NO1430_JSON
20250314,4161,聿新科,TPEx,35.3,35.3,34.7,35.0,46000,1607400,TPEX_OTC_QUOTES_NO1430_JSON
20250314,4162,智擎,TPEx,104.5,106.0,103.0,105.0,824000,86305000,TPEX_OTC_QUOTES_NO1430_JSON
20250314,4163,鐿鈦,TPEx,106.5,106.5,105.5,105.5,26000,2754500,TPEX_OTC_QUOTES_NO1430_JSON
20250314,4167,松瑞藥,TPEx,20.1,20.2,19.95,20.15,463000,9282100,TPEX_OTC_QUOTES_NO1430_JSON
20250314,4168,醣聯,TPEx,24.0,24.2,23.95,24.05,61000,1465450,TPEX_OTC_QUOTES_NO1430_JSON
20250314,4171,瑞基,TPEx,26.7,26.75,26.45,26.7,34000,904000,TPEX_OTC_QUOTES_NO1430_JSON
20250314,4173,久裕,TPEx,24.55,25.0,24.3,24.95,1050000,25935600,TPEX_OTC_QUOTES_NO1430_JSON
20250314,4174,浩鼎,TPEx,57.2,58.7,56.9,58.5,608000,35158600,TPEX_OTC_QUOTES_NO1430_JSON
20250314,4175,杏一,TPEx,65.2,66.8,65.2,65.5,21000,1379000,TPEX_OTC_QUOTES_NO1430_JSON
20250314,4183,福永生技,TPEx,22.7,23.25,22.55,23.25,8000,183250,TPEX_OTC_QUOTES_NO1430_JSON
20250314,4188,安克,TPEx,18.7,18.75,18.6,18.7,84000,1567600,TPEX_OTC_QUOTES_NO1430_JSON
20250314,4192,杏國,TPEx,34.5,34.9,34.25,34.55,14000,483650,TPEX_OTC_QUOTES_NO1430_JSON
20250314,4198,欣大健康,TPEx,30.5,30.6,30.2,30.6,23000,699050,TPEX_OTC_QUOTES_NO1430_JSON
20250314,4205,中華食,TPEx,92.5,92.5,92.1,92.3,9000,831000,TPEX_OTC_QUOTES_NO1430_JSON
20250314,4207,環泰,TPEx,16.9,17.05,16.9,17.05,138000,2339300,TPEX_OTC_QUOTES_NO1430_JSON
20250314,4303,信立,TPEx,67.8,69.8,67.0,69.8,21504000,1475331400,TPEX_OTC_QUOTES_NO1430_JSON
20250314,4305,世坤,TPEx,46.4,46.4,46.0,46.0,32000,1477700,TPEX_OTC_QUOTES_NO1430_JSON
20250314,4401,東隆興,TPEx,21.0,21.4,20.7,20.95,113000,2358150,TPEX_OTC_QUOTES_NO1430_JSON
20250314,4402,郡都開發,TPEx,23.95,24.2,23.6,24.1,47000,1120800,TPEX_OTC_QUOTES_NO1430_JSON
20250314,4406,新昕纖,TPEx,10.55,10.55,10.55,10.55,4000,42200,TPEX_OTC_QUOTES_NO1430_JSON
20250314,4413,飛寶企業,TPEx,18.15,18.7,18.1,18.7,8000,146050,TPEX_OTC_QUOTES_NO1430_JSON
20250314,4416,三圓,TPEx,74.8,74.8,74.8,74.8,1000,74800,TPEX_OTC_QUOTES_NO1430_JSON
20250314,4417,金洲,TPEx,46.45,46.45,45.05,45.6,270000,12336150,TPEX_OTC_QUOTES_NO1430_JSON
20250314,4419,皇家美食,TPEx,50.5,51.8,50.0,51.8,10000,504300,TPEX_OTC_QUOTES_NO1430_JSON
20250314,4420,光明,TPEx,62.9,63.3,61.2,62.2,644000,39974500,TPEX_OTC_QUOTES_NO1430_JSON
20250314,4430,耀億,TPEx,21.75,21.8,21.7,21.7,30000,652550,TPEX_OTC_QUOTES_NO1430_JSON
20250314,4432,銘旺實,TPEx,22.1,22.35,22.05,22.3,50000,1112700,TPEX_OTC_QUOTES_NO1430_JSON
20250314,4433,興采,TPEx,28.95,28.95,28.7,28.8,8000,230950,TPEX_OTC_QUOTES_NO1430_JSON
20250314,4442,竣邦-KY,TPEx,50.0,50.8,49.8,50.8,30000,1509200,TPEX_OTC_QUOTES_NO1430_JSON
20250314,4502,健信,TPEx,20.05,20.55,19.8,19.9,88000,1773000,TPEX_OTC_QUOTES_NO1430_JSON
20250314,4503,金雨,TPEx,60.3,61.0,59.1,60.0,1003000,60232400,TPEX_OTC_QUOTES_NO1430_JSON
20250314,4506,崇友,TPEx,106.5,107.0,106.0,106.5,21000,2238500,TPEX_OTC_QUOTES_NO1430_JSON
20250314,4510,高鋒,TPEx,52.0,52.5,50.1,52.0,10405000,536406400,TPEX_OTC_QUOTES_NO1430_JSON
20250314,4513,福裕,TPEx,30.45,31.0,29.9,30.8,657000,19998400,TPEX_OTC_QUOTES_NO1430_JSON
20250314,4523,永彰,TPEx,34.75,34.85,34.05,34.2,246000,8480900,TPEX_OTC_QUOTES_NO1430_JSON
20250314,4527,方方土霖,TPEx,50.3,50.8,50.0,50.5,117000,5892400,TPEX_OTC_QUOTES_NO1430_JSON
20250314,4528,江興鍛,TPEx,23.45,23.55,23.35,23.55,10000,234750,TPEX_OTC_QUOTES_NO1430_JSON
20250314,4529,淳紳,TPEx,6.45,6.57,6.45,6.57,14000,90780,TPEX_OTC_QUOTES_NO1430_JSON
20250314,4530,宏易,TPEx,12.5,13.3,12.2,12.3,343000,4258100,TPEX_OTC_QUOTES_NO1430_JSON
20250314,4533,協易機,TPEx,37.25,37.8,36.55,37.7,1404000,52247400,TPEX_OTC_QUOTES_NO1430_JSON
20250314,4534,慶騰,TPEx,29.45,30.4,28.7,30.25,6049000,180796000,TPEX_OTC_QUOTES_NO1430_JSON
20250314,4535,至興,TPEx,34.25,34.25,33.8,34.1,11000,373850,TPEX_OTC_QUOTES_NO1430_JSON
20250314,4538,大詠城,TPEx,18.15,18.4,18.15,18.3,25000,458000,TPEX_OTC_QUOTES_NO1430_JSON
20250314,4541,晟田,TPEx,39.4,40.6,37.6,39.0,6411000,250998500,TPEX_OTC_QUOTES_NO1430_JSON
20250314,4542,科嶠,TPEx,91.4,91.8,89.8,90.6,58000,5259100,TPEX_OTC_QUOTES_NO1430_JSON
20250314,4543,萬在,TPEx,38.35,38.75,38.05,38.5,47000,1804550,TPEX_OTC_QUOTES_NO1430_JSON
20250314,4549,桓達,TPEx,158.5,162.5,158.0,158.5,249000,39936000,TPEX_OTC_QUOTES_NO1430_JSON
20250314,4550,長佳,TPEx,30.1,31.25,30.05,30.95,168000,5120900,TPEX_OTC_QUOTES_NO1430_JSON
20250314,4554,橙的,TPEx,29.3,29.8,29.15,29.8,93000,2737850,TPEX_OTC_QUOTES_NO1430_JSON
20250314,4558,寶緯,TPEx,32.5,32.9,31.65,32.55,25000,803950,TPEX_OTC_QUOTES_NO1430_JSON
20250314,4561,健椿,TPEx,67.6,67.8,66.3,67.7,334000,22415500,TPEX_OTC_QUOTES_NO1430_JSON
20250314,4563,百德,TPEx,85.8,86.8,84.7,85.9,284000,24313800,TPEX_OTC_QUOTES_NO1430_JSON
20250314,4568,科際精密,TPEx,53.2,53.3,51.9,52.3,46000,2407600,TPEX_OTC_QUOTES_NO1430_JSON
20250314,4577,達航科技,TPEx,25.7,25.7,25.15,25.25,74000,1873700,TPEX_OTC_QUOTES_NO1430_JSON
20250314,4580,捷流閥業,TPEx,92.9,92.9,92.2,92.3,103000,9513400,TPEX_OTC_QUOTES_NO1430_JSON
20250314,4584,君帆,TPEx,63.3,63.3,63.2,63.2,2000,126500,TPEX_OTC_QUOTES_NO1430_JSON
20250314,4609,唐鋒,TPEx,8.86,9.0,8.44,8.5,96000,827020,TPEX_OTC_QUOTES_NO1430_JSON
20250314,4702,中美實,TPEx,12.4,12.4,12.25,12.35,31000,381250,TPEX_OTC_QUOTES_NO1430_JSON
20250314,4707,磐亞,TPEx,11.9,11.95,11.7,11.85,1133000,13367850,TPEX_OTC_QUOTES_NO1430_JSON
20250314,4711,永純,TPEx,15.6,15.7,15.55,15.6,7000,109200,TPEX_OTC_QUOTES_NO1430_JSON
20250314,4714,永捷,TPEx,16.7,16.95,16.65,16.95,707000,11884750,TPEX_OTC_QUOTES_NO1430_JSON
20250314,4716,大立,TPEx,20.4,20.6,20.25,20.6,295000,6031250,TPEX_OTC_QUOTES_NO1430_JSON
20250314,4721,美琪瑪,TPEx,64.4,64.4,63.3,63.9,218000,13935300,TPEX_OTC_QUOTES_NO1430_JSON
20250314,4726,永昕,TPEx,41.1,41.6,40.8,41.3,220000,9062450,TPEX_OTC_QUOTES_NO1430_JSON
20250314,4728,雙美,TPEx,323.0,329.5,323.0,329.0,32000,10441000,TPEX_OTC_QUOTES_NO1430_JSON
20250314,4729,熒茂,TPEx,23.15,23.5,23.0,23.5,317000,7356850,TPEX_OTC_QUOTES_NO1430_JSON
20250314,4735,豪展,TPEx,36.65,37.0,36.6,36.75,44000,1617350,TPEX_OTC_QUOTES_NO1430_JSON
20250314,4743,合一,TPEx,76.1,76.9,74.7,75.2,1602000,120823800,TPEX_OTC_QUOTES_NO1430_JSON
20250314,4744,皇將,TPEx,22.0,22.2,22.0,22.1,62000,1369600,TPEX_OTC_QUOTES_NO1430_JSON
20250314,4745,合富-KY,TPEx,20.1,20.25,20.05,20.25,43000,865250,TPEX_OTC_QUOTES_NO1430_JSON
20250314,4747,強生製藥,TPEx,85.9,87.0,84.5,84.8,245000,20876600,TPEX_OTC_QUOTES_NO1430_JSON
20250314,4749,新應材,TPEx,515.0,531.0,503.0,520.0,1475000,761529000,TPEX_OTC_QUOTES_NO1430_JSON
20250314,4754,國碳科,TPEx,41.8,41.8,41.3,41.3,51000,2114000,TPEX_OTC_QUOTES_NO1430_JSON
20250314,4760,勤凱科技,TPEx,113.5,113.5,110.0,111.0,170000,18961500,TPEX_OTC_QUOTES_NO1430_JSON
20250314,4767,誠泰科技,TPEx,33.7,33.7,32.95,33.7,11000,365500,TPEX_OTC_QUOTES_NO1430_JSON
20250314,4768,晶呈科技,TPEx,146.0,147.0,144.0,146.0,156000,22666500,TPEX_OTC_QUOTES_NO1430_JSON
20250314,4772,台特化,TPEx,224.0,228.0,221.0,224.5,1199000,269235500,TPEX_OTC_QUOTES_NO1430_JSON
20250314,4804,大略-KY,TPEx,4.61,4.61,4.45,4.45,125000,561760,TPEX_OTC_QUOTES_NO1430_JSON
20250314,4806,桂田文創,TPEx,10.0,10.0,10.0,10.0,15000,150000,TPEX_OTC_QUOTES_NO1430_JSON
20250314,4903,聯光通,TPEx,33.55,34.15,33.3,33.8,814000,27452700,TPEX_OTC_QUOTES_NO1430_JSON
20250314,4905,台聯電,TPEx,75.2,75.2,74.2,74.5,16000,1193600,TPEX_OTC_QUOTES_NO1430_JSON
20250314,4907,富宇,TPEx,61.5,62.0,61.3,61.5,62000,3823500,TPEX_OTC_QUOTES_NO1430_JSON
20250314,4908,前鼎,TPEx,87.7,88.8,86.6,88.4,374000,32789600,TPEX_OTC_QUOTES_NO1430_JSON
20250314,4909,新復興,TPEx,100.5,101.5,98.7,99.6,2057000,205925700,TPEX_OTC_QUOTES_NO1430_JSON
20250314,4911,德英,TPEx,56.0,57.2,56.0,56.4,18000,1020600,TPEX_OTC_QUOTES_NO1430_JSON
20250314,4923,力士,TPEx,32.8,33.7,32.8,33.7,42000,1394900,TPEX_OTC_QUOTES_NO1430_JSON
20250314,4924,欣厚-KY,TPEx,19.7,19.7,19.6,19.7,5000,98350,TPEX_OTC_QUOTES_NO1430_JSON
20250314,4931,新盛力,TPEx,89.5,90.2,86.8,87.7,51918000,4586184800,TPEX_OTC_QUOTES_NO1430_JSON
20250314,4933,友輝,TPEx,80.4,83.0,80.0,81.6,823000,66871800,TPEX_OTC_QUOTES_NO1430_JSON
20250314,4939,亞電,TPEx,19.7,20.0,19.7,19.9,68000,1351700,TPEX_OTC_QUOTES_NO1430_JSON
20250314,4945,陞達科技,TPEx,80.2,80.2,78.8,79.5,40000,3180700,TPEX_OTC_QUOTES_NO1430_JSON
20250314,4946,辣椒,TPEx,99.8,99.8,87.5,87.5,181000,16410800,TPEX_OTC_QUOTES_NO1430_JSON
20250314,4950,金耘國際,TPEx,14.6,14.7,14.3,14.7,137000,1973250,TPEX_OTC_QUOTES_NO1430_JSON
20250314,4951,精拓科,TPEx,73.6,73.6,72.5,72.9,92000,6707200,TPEX_OTC_QUOTES_NO1430_JSON
20250314,4953,緯致,TPEx,104.0,106.0,103.5,106.0,235000,24561500,TPEX_OTC_QUOTES_NO1430_JSON
20250314,4966,譜瑞-KY,TPEx,659.0,665.0,647.0,649.0,324000,211649000,TPEX_OTC_QUOTES_NO1430_JSON
20250314,4971,IET-KY,TPEx,135.0,135.0,121.5,124.0,13528000,1744033000,TPEX_OTC_QUOTES_NO1430_JSON
20250314,4972,湯石照明,TPEx,24.0,24.0,23.85,23.95,13000,310700,TPEX_OTC_QUOTES_NO1430_JSON
20250314,4973,廣穎電通,TPEx,35.5,35.85,35.1,35.65,697000,24757000,TPEX_OTC_QUOTES_NO1430_JSON
20250314,4974,亞泰,TPEx,106.0,107.0,103.5,107.0,585000,61733000,TPEX_OTC_QUOTES_NO1430_JSON
20250314,4979,華星光,TPEx,187.0,190.0,181.5,187.0,26267000,4877820000,TPEX_OTC_QUOTES_NO1430_JSON
20250314,4987,科誠,TPEx,85.6,86.0,84.0,85.0,201000,17090300,TPEX_OTC_QUOTES_NO1430_JSON
20250314,4991,環宇-KY,TPEx,114.0,118.0,108.5,111.5,31878000,3598222000,TPEX_OTC_QUOTES_NO1430_JSON
20250314,4995,晶達,TPEx,68.5,68.9,68.5,68.7,33000,2265300,TPEX_OTC_QUOTES_NO1430_JSON
20250314,5009,榮剛,TPEx,48.3,48.65,48.15,48.2,2291000,110715800,TPEX_OTC_QUOTES_NO1430_JSON
20250314,5011,久陽,TPEx,20.1,20.1,19.9,20.05,78000,1559650,TPEX_OTC_QUOTES_NO1430_JSON
20250314,5013,強新,TPEx,30.0,30.0,29.9,30.0,14000,419450,TPEX_OTC_QUOTES_NO1430_JSON
20250314,5014,建錩,TPEx,15.55,15.8,15.45,15.8,876000,13774800,TPEX_OTC_QUOTES_NO1430_JSON
20250314,5015,華祺,TPEx,40.2,40.2,39.5,39.5,50000,1988800,TPEX_OTC_QUOTES_NO1430_JSON
20250314,5016,松和,TPEx,28.1,28.4,28.0,28.4,31000,871950,TPEX_OTC_QUOTES_NO1430_JSON
20250314,5201,凱衛,TPEx,34.4,35.1,34.4,34.95,307000,10679250,TPEX_OTC_QUOTES_NO1430_JSON
20250314,5202,力新,TPEx,24.35,24.6,24.0,24.4,442000,10728500,TPEX_OTC_QUOTES_NO1430_JSON
20250314,5205,中茂,TPEx,33.85,35.0,33.85,35.0,2000,68850,TPEX_OTC_QUOTES_NO1430_JSON
20250314,5206,坤悅,TPEx,43.0,43.1,42.5,42.55,62000,2651300,TPEX_OTC_QUOTES_NO1430_JSON
20250314,5209,新鼎,TPEx,168.0,171.0,168.0,169.0,36000,6085500,TPEX_OTC_QUOTES_NO1430_JSON
20250314,5210,寶碩,TPEx,24.95,24.95,24.3,24.55,171000,4182800,TPEX_OTC_QUOTES_NO1430_JSON
20250314,5211,蒙恬,TPEx,28.25,28.6,28.25,28.4,25000,711600,TPEX_OTC_QUOTES_NO1430_JSON
20250314,5212,凌網,TPEx,60.0,60.3,59.7,60.1,38000,2280800,TPEX_OTC_QUOTES_NO1430_JSON
20250314,5213,亞昕,TPEx,33.2,33.55,33.15,33.5,434000,14476600,TPEX_OTC_QUOTES_NO1430_JSON
20250314,5220,萬達光電,TPEx,22.45,22.55,22.35,22.45,38000,853200,TPEX_OTC_QUOTES_NO1430_JSON
20250314,5223,安力-KY,TPEx,29.45,30.05,29.45,29.5,6000,177450,TPEX_OTC_QUOTES_NO1430_JSON
20250314,5227,立凱-KY,TPEx,35.95,36.1,34.25,34.75,224000,7800100,TPEX_OTC_QUOTES_NO1430_JSON
20250314,5228,鈺鎧,TPEx,19.2,19.75,19.2,19.55,3000,58500,TPEX_OTC_QUOTES_NO1430_JSON
20250314,5230,雷笛克光學,TPEx,25.15,25.35,25.0,25.35,145000,3653600,TPEX_OTC_QUOTES_NO1430_JSON
20250314,5236,凌陽創新,TPEx,153.0,155.5,153.0,155.0,104000,16014000,TPEX_OTC_QUOTES_NO1430_JSON
20250314,5245,智晶,TPEx,31.6,32.0,31.3,32.0,6000,190000,TPEX_OTC_QUOTES_NO1430_JSON
20250314,5251,天鉞電,TPEx,23.95,24.25,23.65,24.0,95000,2277550,TPEX_OTC_QUOTES_NO1430_JSON
20250314,5263,智崴,TPEx,113.5,115.5,111.5,114.5,269000,30449000,TPEX_OTC_QUOTES_NO1430_JSON
20250314,5272,笙科,TPEx,25.25,25.5,25.25,25.4,65000,1647250,TPEX_OTC_QUOTES_NO1430_JSON
20250314,5274,信驊,TPEx,3530.0,3600.0,3470.0,3545.0,497000,1759785000,TPEX_OTC_QUOTES_NO1430_JSON
20250314,5276,達輝-KY,TPEx,18.5,18.8,18.4,18.5,39000,723500,TPEX_OTC_QUOTES_NO1430_JSON
20250314,5278,尚凡*,TPEx,35.0,35.0,33.05,34.8,279000,9533950,TPEX_OTC_QUOTES_NO1430_JSON
20250314,5287,數字,TPEx,185.0,185.5,185.0,185.5,35000,6490000,TPEX_OTC_QUOTES_NO1430_JSON
20250314,5289,宜鼎,TPEx,281.5,285.0,275.5,282.0,770000,215927000,TPEX_OTC_QUOTES_NO1430_JSON
20250314,5291,邑昇,TPEx,28.05,28.85,27.6,27.75,205000,5793350,TPEX_OTC_QUOTES_NO1430_JSON
20250314,5299,杰力,TPEx,89.5,90.1,89.5,89.8,19000,1705200,TPEX_OTC_QUOTES_NO1430_JSON
20250314,5301,寶得利,TPEx,9.88,9.97,9.5,9.97,56000,537410,TPEX_OTC_QUOTES_NO1430_JSON
20250314,5302,太欣,TPEx,9.62,9.8,9.55,9.8,130000,1262050,TPEX_OTC_QUOTES_NO1430_JSON
20250314,5309,系統電,TPEx,45.3,45.9,43.3,44.85,18190000,814138000,TPEX_OTC_QUOTES_NO1430_JSON
20250314,5310,天剛,TPEx,46.9,46.9,46.0,46.8,19000,886800,TPEX_OTC_QUOTES_NO1430_JSON
20250314,5312,寶島科,TPEx,138.5,139.0,137.0,138.0,41000,5657500,TPEX_OTC_QUOTES_NO1430_JSON
20250314,5314,世紀*,TPEx,1155.0,1210.0,1130.0,1210.0,169000,200265000,TPEX_OTC_QUOTES_NO1430_JSON
20250314,5315,光聯,TPEx,21.8,22.1,21.75,21.75,563000,12325150,TPEX_OTC_QUOTES_NO1430_JSON
20250314,5321,美而快,TPEx,55.1,55.2,54.2,55.0,21000,1154400,TPEX_OTC_QUOTES_NO1430_JSON
20250314,5324,士開,TPEx,11.55,11.55,11.45,11.5,232000,2668700,TPEX_OTC_QUOTES_NO1430_JSON
20250314,5328,華容,TPEx,15.35,16.0,15.25,15.6,798000,12351650,TPEX_OTC_QUOTES_NO1430_JSON
20250314,5340,建榮,TPEx,39.4,41.15,39.05,39.25,1212000,48516850,TPEX_OTC_QUOTES_NO1430_JSON
20250314,5344,立衛,TPEx,16.85,16.9,16.65,16.8,32000,535900,TPEX_OTC_QUOTES_NO1430_JSON
20250314,5345,馥鴻,TPEx,25.95,25.95,25.7,25.7,3000,77400,TPEX_OTC_QUOTES_NO1430_JSON
20250314,5347,世界,TPEx,98.6,99.6,96.0,96.0,8153000,790770100,TPEX_OTC_QUOTES_NO1430_JSON
20250314,5348,正能量智能,TPEx,23.9,23.9,22.5,23.85,13000,299600,TPEX_OTC_QUOTES_NO1430_JSON
20250314,5351,鈺創,TPEx,33.25,33.3,32.75,33.3,621000,20532150,TPEX_OTC_QUOTES_NO1430_JSON
20250314,5353,台林,TPEx,31.2,31.75,31.0,31.45,100000,3120950,TPEX_OTC_QUOTES_NO1430_JSON
20250314,5355,佳總,TPEx,10.15,10.2,10.0,10.15,58000,584850,TPEX_OTC_QUOTES_NO1430_JSON
20250314,5356,協益,TPEx,31.35,31.55,31.25,31.4,54000,1695550,TPEX_OTC_QUOTES_NO1430_JSON
20250314,5364,力麗店,TPEx,22.05,22.05,21.1,21.6,96000,2055300,TPEX_OTC_QUOTES_NO1430_JSON
20250314,5371,中光電,TPEx,78.5,78.9,76.8,78.5,2301000,178931700,TPEX_OTC_QUOTES_NO1430_JSON
20250314,5381,光譜,TPEx,21.25,21.55,21.1,21.55,301000,6401950,TPEX_OTC_QUOTES_NO1430_JSON
20250314,5386,青雲,TPEx,73.6,73.6,71.2,72.1,111000,8022200,TPEX_OTC_QUOTES_NO1430_JSON
20250314,5392,能率,TPEx,36.35,36.5,35.35,36.4,5269000,189958750,TPEX_OTC_QUOTES_NO1430_JSON
20250314,5398,慕康生醫,TPEx,18.8,19.25,18.75,19.25,103000,1955900,TPEX_OTC_QUOTES_NO1430_JSON
20250314,5403,中菲,TPEx,132.0,132.0,129.5,129.5,58000,7538500,TPEX_OTC_QUOTES_NO1430_JSON
20250314,5410,國眾,TPEx,32.75,32.75,31.8,32.6,354000,11408850,TPEX_OTC_QUOTES_NO1430_JSON
20250314,5425,台半,TPEx,50.4,51.3,50.3,51.0,878000,44691700,TPEX_OTC_QUOTES_NO1430_JSON
20250314,5426,振發,TPEx,28.65,29.2,28.65,29.15,391000,11322800,TPEX_OTC_QUOTES_NO1430_JSON
20250314,5432,新門,TPEx,145.0,145.0,140.0,140.0,105000,14922000,TPEX_OTC_QUOTES_NO1430_JSON
20250314,5438,東友,TPEx,23.9,24.8,23.9,24.7,165000,4027100,TPEX_OTC_QUOTES_NO1430_JSON
20250314,5439,高技,TPEx,166.5,168.5,161.5,167.5,12978000,2147280500,TPEX_OTC_QUOTES_NO1430_JSON
20250314,5443,均豪,TPEx,86.5,86.6,84.0,86.6,1100000,93736300,TPEX_OTC_QUOTES_NO1430_JSON
20250314,5450,南良,TPEx,18.35,18.45,18.3,18.45,21000,386000,TPEX_OTC_QUOTES_NO1430_JSON
20250314,5452,佶優,TPEx,31.15,31.45,30.2,31.35,796000,24560200,TPEX_OTC_QUOTES_NO1430_JSON
20250314,5455,昇益,TPEx,48.3,48.5,46.75,48.2,6000,286750,TPEX_OTC_QUOTES_NO1430_JSON
20250314,5457,宣德,TPEx,48.5,49.5,47.35,49.0,1009000,48934350,TPEX_OTC_QUOTES_NO1430_JSON
20250314,5460,同協,TPEx,14.8,14.85,14.55,14.65,110000,1612050,TPEX_OTC_QUOTES_NO1430_JSON
20250314,5464,霖宏,TPEx,25.1,25.55,25.1,25.55,20000,505400,TPEX_OTC_QUOTES_NO1430_JSON
20250314,5465,富驊,TPEx,40.85,40.85,39.1,40.0,495000,19690600,TPEX_OTC_QUOTES_NO1430_JSON
20250314,5468,凱鈺,TPEx,22.4,22.4,21.75,22.3,26000,568950,TPEX_OTC_QUOTES_NO1430_JSON
20250314,5474,聰泰,TPEx,185.0,189.0,182.0,187.0,1026000,190214000,TPEX_OTC_QUOTES_NO1430_JSON
20250314,5475,德宏,TPEx,13.3,13.95,13.2,13.95,166000,2241350,TPEX_OTC_QUOTES_NO1430_JSON
20250314,5478,智冠,TPEx,125.0,125.5,123.5,124.0,176000,21920000,TPEX_OTC_QUOTES_NO1430_JSON
20250314,5481,新華,TPEx,29.5,29.6,28.8,28.85,480000,13965800,TPEX_OTC_QUOTES_NO1430_JSON
20250314,5483,中美晶,TPEx,127.0,127.5,124.5,125.5,3018000,379344000,TPEX_OTC_QUOTES_NO1430_JSON
20250314,5487,通泰,TPEx,32.75,33.0,32.75,33.0,2000,65750,TPEX_OTC_QUOTES_NO1430_JSON
20250314,5488,松普,TPEx,11.4,11.4,11.05,11.2,234000,2610050,TPEX_OTC_QUOTES_NO1430_JSON
20250314,5489,彩富,TPEx,39.45,39.75,39.45,39.6,12000,475350,TPEX_OTC_QUOTES_NO1430_JSON
20250314,5490,同亨,TPEx,24.75,24.75,24.5,24.6,67000,1647800,TPEX_OTC_QUOTES_NO1430_JSON
20250314,5493,三聯,TPEx,88.0,88.0,84.7,84.9,212000,18108000,TPEX_OTC_QUOTES_NO1430_JSON
20250314,5498,凱崴,TPEx,10.6,10.7,10.5,10.7,256000,2720050,TPEX_OTC_QUOTES_NO1430_JSON
20250314,5508,永信建,TPEx,140.0,140.5,132.5,135.0,2034000,275517000,TPEX_OTC_QUOTES_NO1430_JSON
20250314,5511,德昌,TPEx,62.8,63.5,62.8,63.3,99000,6249400,TPEX_OTC_QUOTES_NO1430_JSON
20250314,5512,力麒,TPEx,9.62,9.69,9.56,9.63,618000,5945230,TPEX_OTC_QUOTES_NO1430_JSON
20250314,5514,三豐,TPEx,19.5,19.55,19.35,19.55,4000,77750,TPEX_OTC_QUOTES_NO1430_JSON
20250314,5516,雙喜,TPEx,17.55,17.55,17.5,17.5,7000,122800,TPEX_OTC_QUOTES_NO1430_JSON
20250314,5520,力泰,TPEx,87.2,87.5,87.2,87.2,8000,698200,TPEX_OTC_QUOTES_NO1430_JSON
20250314,5523,豐謙,TPEx,29.95,30.0,29.55,29.9,46000,1371700,TPEX_OTC_QUOTES_NO1430_JSON
20250314,5529,鉅陞,TPEx,30.7,31.1,30.7,30.9,77000,2382700,TPEX_OTC_QUOTES_NO1430_JSON
20250314,5530,龍巖,TPEx,72.5,73.7,71.5,72.2,1849000,134006500,TPEX_OTC_QUOTES_NO1430_JSON
20250314,5536,聖暉*,TPEx,378.0,391.5,378.0,384.5,660000,255238000,TPEX_OTC_QUOTES_NO1430_JSON
20250314,5543,桓鼎-KY,TPEx,20.55,20.55,20.4,20.4,6000,122900,TPEX_OTC_QUOTES_NO1430_JSON
20250314,5548,安倉,TPEx,27.75,28.0,27.45,27.6,47000,1299650,TPEX_OTC_QUOTES_NO1430_JSON
20250314,5601,台聯櫃,TPEx,38.2,38.2,38.0,38.2,3000,114400,TPEX_OTC_QUOTES_NO1430_JSON
20250314,5603,陸海,TPEx,24.85,25.05,24.65,24.85,136000,3377750,TPEX_OTC_QUOTES_NO1430_JSON
20250314,5604,中連,TPEx,41.9,41.9,41.1,41.1,11000,453500,TPEX_OTC_QUOTES_NO1430_JSON
20250314,5609,中菲行,TPEx,83.0,83.0,82.3,82.8,87000,7191600,TPEX_OTC_QUOTES_NO1430_JSON
20250314,5701,劍湖山,TPEx,4.9,4.97,4.9,4.97,49000,243010,TPEX_OTC_QUOTES_NO1430_JSON
20250314,5703,亞都麗緻,TPEx,17.85,17.9,17.85,17.9,7000,125250,TPEX_OTC_QUOTES_NO1430_JSON
20250314,5704,老爺知,TPEx,33.2,34.05,33.0,33.85,10000,332650,TPEX_OTC_QUOTES_NO1430_JSON
20250314,5864,致和證,TPEx,15.3,15.4,15.2,15.35,568000,8677500,TPEX_OTC_QUOTES_NO1430_JSON
20250314,5878,台名,TPEx,45.9,45.9,45.75,45.75,11000,503800,TPEX_OTC_QUOTES_NO1430_JSON
20250314,5902,德記,TPEx,46.3,46.3,45.6,45.8,22000,1010250,TPEX_OTC_QUOTES_NO1430_JSON
20250314,5903,全家,TPEx,198.0,199.0,197.0,197.5,187000,36965000,TPEX_OTC_QUOTES_NO1430_JSON
20250314,5904,寶雅,TPEx,518.0,518.0,513.0,515.0,304000,156807000,TPEX_OTC_QUOTES_NO1430_JSON
20250314,5905,南仁湖,TPEx,13.8,14.0,13.75,13.95,664000,9208950,TPEX_OTC_QUOTES_NO1430_JSON
20250314,6015,宏遠證,TPEx,10.6,10.7,10.55,10.65,893000,9479500,TPEX_OTC_QUOTES_NO1430_JSON
20250314,6016,康和證,TPEx,14.05,14.2,14.05,14.1,1098000,15465100,TPEX_OTC_QUOTES_NO1430_JSON
20250314,6020,大展證,TPEx,18.9,19.05,18.8,18.8,14000,266050,TPEX_OTC_QUOTES_NO1430_JSON
20250314,6021,美好證,TPEx,24.25,24.3,24.0,24.05,58000,1396200,TPEX_OTC_QUOTES_NO1430_JSON
20250314,6023,元大期貨,TPEx,80.9,83.2,80.7,81.5,1728000,141305600,TPEX_OTC_QUOTES_NO1430_JSON
20250314,6026,福邦證,TPEx,12.6,12.75,12.55,12.75,515000,6506150,TPEX_OTC_QUOTES_NO1430_JSON
20250314,6101,寬魚國際,TPEx,35.1,35.15,34.55,35.15,244000,8519400,TPEX_OTC_QUOTES_NO1430_JSON
20250314,6103,合邦,TPEx,48.5,49.05,48.5,49.05,2000,97550,TPEX_OTC_QUOTES_NO1430_JSON
20250314,6104,創惟,TPEx,143.0,149.5,139.0,147.5,4438000,642140500,TPEX_OTC_QUOTES_NO1430_JSON
20250314,6109,亞元,TPEx,12.15,12.15,11.85,11.95,111000,1324950,TPEX_OTC_QUOTES_NO1430_JSON
20250314,6111,光聚晶電,TPEx,55.8,56.6,55.7,56.2,204000,11446200,TPEX_OTC_QUOTES_NO1430_JSON
20250314,6113,亞矽,TPEx,24.05,26.05,23.95,26.05,11362000,287762900,TPEX_OTC_QUOTES_NO1430_JSON
20250314,6114,久威,TPEx,36.75,36.85,36.3,36.7,34000,1244900,TPEX_OTC_QUOTES_NO1430_JSON
20250314,6118,建達,TPEx,20.6,20.95,20.6,20.95,99000,2061550,TPEX_OTC_QUOTES_NO1430_JSON
20250314,6121,新普,TPEx,394.0,400.0,394.0,397.0,541000,215194000,TPEX_OTC_QUOTES_NO1430_JSON
20250314,6122,擎邦,TPEx,50.3,51.0,50.3,50.9,147000,7435100,TPEX_OTC_QUOTES_NO1430_JSON
20250314,6123,上奇,TPEx,59.4,61.2,59.4,59.6,144000,8651600,TPEX_OTC_QUOTES_NO1430_JSON
20250314,6124,業強,TPEx,30.1,30.4,30.1,30.4,14000,423150,TPEX_OTC_QUOTES_NO1430_JSON
20250314,6125,廣運,TPEx,84.2,88.4,83.7,88.4,2598000,224942800,TPEX_OTC_QUOTES_NO1430_JSON
20250314,6126,信音,TPEx,27.2,27.35,26.9,27.2,262000,7110350,TPEX_OTC_QUOTES_NO1430_JSON
20250314,6127,九豪,TPEx,24.45,24.6,23.9,24.45,434000,10522950,TPEX_OTC_QUOTES_NO1430_JSON
20250314,6129,普誠,TPEx,15.55,16.15,15.5,15.85,206000,3247750,TPEX_OTC_QUOTES_NO1430_JSON
20250314,6130,上亞科技,TPEx,22.4,22.85,22.3,22.6,22000,493200,TPEX_OTC_QUOTES_NO1430_JSON
20250314,6134,萬旭,TPEx,26.4,26.55,26.0,26.5,186000,4892500,TPEX_OTC_QUOTES_NO1430_JSON
20250314,6138,茂達,TPEx,174.0,175.0,172.5,172.5,388000,67219000,TPEX_OTC_QUOTES_NO1430_JSON
20250314,6140,訊達電腦,TPEx,33.85,34.2,33.0,33.2,1621000,54207750,TPEX_OTC_QUOTES_NO1430_JSON
20250314,6143,振曜,TPEx,128.0,132.5,128.0,132.0,1899000,247651000,TPEX_OTC_QUOTES_NO1430_JSON
20250314,6144,得利影,TPEx,29.15,29.55,27.45,29.15,46000,1323050,TPEX_OTC_QUOTES_NO1430_JSON
20250314,6146,耕興,TPEx,202.5,203.0,201.0,202.0,67000,13525500,TPEX_OTC_QUOTES_NO1430_JSON
20250314,6147,頎邦,TPEx,66.0,66.0,65.4,65.7,1466000,96254800,TPEX_OTC_QUOTES_NO1430_JSON
20250314,6148,驊宏資,TPEx,39.4,40.45,38.15,39.55,3831000,150112000,TPEX_OTC_QUOTES_NO1430_JSON
20250314,6150,撼訊,TPEx,74.0,74.6,73.2,74.1,151000,11127600,TPEX_OTC_QUOTES_NO1430_JSON
20250314,6151,晉倫,TPEx,36.0,36.0,35.3,35.75,134000,4778500,TPEX_OTC_QUOTES_NO1430_JSON
20250314,6154,順發,TPEx,15.9,15.9,15.85,15.9,14000,222100,TPEX_OTC_QUOTES_NO1430_JSON
20250314,6156,松上,TPEx,30.0,30.25,29.35,30.05,1259000,37533250,TPEX_OTC_QUOTES_NO1430_JSON
20250314,6158,禾昌,TPEx,28.7,28.7,28.2,28.3,47000,1331300,TPEX_OTC_QUOTES_NO1430_JSON
20250314,6160,欣技,TPEx,23.5,23.55,23.0,23.4,195000,4529950,TPEX_OTC_QUOTES_NO1430_JSON
20250314,6161,捷波,TPEx,49.85,50.2,49.3,50.1,46000,2291350,TPEX_OTC_QUOTES_NO1430_JSON
20250314,6163,華電網,TPEx,21.8,21.8,21.45,21.7,267000,5780950,TPEX_OTC_QUOTES_NO1430_JSON
20250314,6167,久正,TPEx,14.95,15.0,14.6,14.65,164000,2419600,TPEX_OTC_QUOTES_NO1430_JSON
20250314,6169,昱泉,TPEx,20.55,20.55,20.1,20.15,3000,60800,TPEX_OTC_QUOTES_NO1430_JSON
20250314,6170,統振,TPEx,57.5,57.5,55.0,57.3,426000,23905200,TPEX_OTC_QUOTES_NO1430_JSON
20250314,6171,大城地產,TPEx,40.7,40.75,40.7,40.75,6000,244250,TPEX_OTC_QUOTES_NO1430_JSON
20250314,6173,信昌電,TPEx,42.6,42.8,42.3,42.5,126000,5362600,TPEX_OTC_QUOTES_NO1430_JSON
20250314,6174,安碁,TPEx,21.55,22.0,21.45,21.8,32000,699300,TPEX_OTC_QUOTES_NO1430_JSON
20250314,6175,立敦,TPEx,43.65,44.8,43.4,43.75,1952000,85793200,TPEX_OTC_QUOTES_NO1430_JSON
20250314,6179,亞通,TPEx,26.65,26.85,26.4,26.85,299000,7969900,TPEX_OTC_QUOTES_NO1430_JSON
20250314,6180,橘子,TPEx,73.7,75.5,73.5,74.4,752000,55994500,TPEX_OTC_QUOTES_NO1430_JSON
20250314,6182,合晶,TPEx,25.35,25.5,25.05,25.35,989000,25041850,TPEX_OTC_QUOTES_NO1430_JSON
20250314,6185,幃翔,TPEx,17.3,17.4,16.95,16.95,581000,9970500,TPEX_OTC_QUOTES_NO1430_JSON
20250314,6186,新潤,TPEx,65.8,66.1,64.1,64.7,1391000,90411700,TPEX_OTC_QUOTES_NO1430_JSON
20250314,6187,萬潤,TPEx,325.0,326.5,316.5,323.5,1506000,483865500,TPEX_OTC_QUOTES_NO1430_JSON
20250314,6188,廣明,TPEx,102.0,104.0,101.0,104.0,1351000,138822000,TPEX_OTC_QUOTES_NO1430_JSON
20250314,6190,萬泰科,TPEx,38.6,39.65,38.3,39.45,1943000,76160550,TPEX_OTC_QUOTES_NO1430_JSON
20250314,6194,育富,TPEx,37.05,37.65,37.05,37.65,44000,1643800,TPEX_OTC_QUOTES_NO1430_JSON
20250314,6195,詩肯,TPEx,33.15,33.6,33.1,33.3,21000,698400,TPEX_OTC_QUOTES_NO1430_JSON
20250314,6198,瑞築,TPEx,39.85,39.85,39.8,39.85,6000,239000,TPEX_OTC_QUOTES_NO1430_JSON
20250314,6199,天品,TPEx,101.5,104.5,98.6,102.5,152000,15343700,TPEX_OTC_QUOTES_NO1430_JSON
20250314,6203,海韻電,TPEx,75.5,75.5,72.6,73.8,115000,8456300,TPEX_OTC_QUOTES_NO1430_JSON
20250314,6204,艾華,TPEx,68.6,68.6,65.6,67.5,95000,6326300,TPEX_OTC_QUOTES_NO1430_JSON
20250314,6207,雷科,TPEx,49.9,50.4,48.85,50.2,358000,17834650,TPEX_OTC_QUOTES_NO1430_JSON
20250314,6208,日揚,TPEx,44.65,44.7,44.1,44.6,79000,3501850,TPEX_OTC_QUOTES_NO1430_JSON
20250314,6210,慶生,TPEx,21.4,21.4,20.45,21.0,54000,1125050,TPEX_OTC_QUOTES_NO1430_JSON
20250314,6212,理銘,TPEx,54.6,58.6,54.6,55.8,17000,962100,TPEX_OTC_QUOTES_NO1430_JSON
20250314,6217,中探針,TPEx,30.5,31.3,30.5,31.15,712000,21968400,TPEX_OTC_QUOTES_NO1430_JSON
20250314,6218,豪勉,TPEx,24.45,24.45,23.9,24.35,206000,4969350,TPEX_OTC_QUOTES_NO1430_JSON
20250314,6219,富旺,TPEx,37.5,37.65,36.45,36.65,588000,21667000,TPEX_OTC_QUOTES_NO1430_JSON
20250314,6220,岳豐,TPEx,26.0,26.05,25.75,26.0,179000,4641300,TPEX_OTC_QUOTES_NO1430_JSON
20250314,6221,晉泰,TPEx,65.8,66.6,65.0,66.2,92000,6044200,TPEX_OTC_QUOTES_NO1430_JSON
20250314,6222,立軒,TPEx,27.6,27.6,27.4,27.4,19000,522750,TPEX_OTC_QUOTES_NO1430_JSON
20250314,6223,旺矽,TPEx,725.0,727.0,690.0,700.0,2394000,1687648000,TPEX_OTC_QUOTES_NO1430_JSON
20250314,6227,茂綸,TPEx,96.1,105.5,94.4,105.5,10432000,1045978800,TPEX_OTC_QUOTES_NO1430_JSON
20250314,6228,全譜,TPEx,24.9,24.9,24.25,24.7,25000,611250,TPEX_OTC_QUOTES_NO1430_JSON
20250314,6229,研通,TPEx,29.85,29.85,29.15,29.25,46000,1352000,TPEX_OTC_QUOTES_NO1430_JSON
20250314,6231,系微,TPEx,325.5,330.0,316.0,329.0,884000,286769500,TPEX_OTC_QUOTES_NO1430_JSON
20250314,6233,旺玖,TPEx,24.65,24.75,24.35,24.7,197000,4839500,TPEX_OTC_QUOTES_NO1430_JSON
20250314,6234,高僑,TPEx,25.05,25.3,24.95,25.1,183000,4593150,TPEX_OTC_QUOTES_NO1430_JSON
20250314,6236,中湛,TPEx,26.0,26.0,26.0,26.0,2000,52000,TPEX_OTC_QUOTES_NO1430_JSON
20250314,6237,驊訊,TPEx,48.65,49.5,48.35,49.0,281000,13742850,TPEX_OTC_QUOTES_NO1430_JSON
20250314,6240,松崗,TPEx,21.3,21.9,21.3,21.75,18000,388200,TPEX_OTC_QUOTES_NO1430_JSON
20250314,6241,鑫永洋,TPEx,16.9,17.65,16.8,17.2,345000,5883150,TPEX_OTC_QUOTES_NO1430_JSON
20250314,6242,立康,TPEx,44.55,44.6,44.5,44.5,12000,534450,TPEX_OTC_QUOTES_NO1430_JSON
20250314,6244,茂迪,TPEx,21.65,23.7,21.65,23.2,5493000,127109750,TPEX_OTC_QUOTES_NO1430_JSON
20250314,6245,立端,TPEx,101.0,104.0,99.5,103.0,1650000,167296200,TPEX_OTC_QUOTES_NO1430_JSON
20250314,6246,臺龍,TPEx,14.8,15.05,14.8,15.05,30000,448100,TPEX_OTC_QUOTES_NO1430_JSON
20250314,6248,沛波,TPEx,28.4,28.65,28.4,28.5,181000,5161150,TPEX_OTC_QUOTES_NO1430_JSON
20250314,6259,百徽,TPEx,19.4,19.4,19.3,19.4,3000,58100,TPEX_OTC_QUOTES_NO1430_JSON
20250314,6261,久元,TPEx,65.0,65.0,64.0,64.5,273000,17595900,TPEX_OTC_QUOTES_NO1430_JSON
20250314,6263,普萊德,TPEx,156.0,156.5,155.5,155.5,50000,7795000,TPEX_OTC_QUOTES_NO1430_JSON
20250314,6264,富裔,TPEx,9.84,9.98,9.81,9.85,78000,769930,TPEX_OTC_QUOTES_NO1430_JSON
20250314,6265,方土昶,TPEx,10.45,10.5,10.3,10.4,167000,1733300,TPEX_OTC_QUOTES_NO1430_JSON
20250314,6266,泰詠,TPEx,34.7,35.15,34.7,35.1,441000,15411850,TPEX_OTC_QUOTES_NO1430_JSON
20250314,6270,倍微,TPEx,24.05,24.3,23.95,24.25,62000,1499050,TPEX_OTC_QUOTES_NO1430_JSON
20250314,6274,台燿,TPEx,168.5,171.0,166.0,168.5,5602000,943471500,TPEX_OTC_QUOTES_NO1430_JSON
20250314,6275,元山,TPEx,47.3,47.5,46.25,47.05,234000,10917450,TPEX_OTC_QUOTES_NO1430_JSON
20250314,6276,安鈦克,TPEx,35.9,35.9,33.5,35.5,93000,3233400,TPEX_OTC_QUOTES_NO1430_JSON
20250314,6279,胡連,TPEx,169.0,169.0,166.5,167.0,547000,91511000,TPEX_OTC_QUOTES_NO1430_JSON
20250314,6284,佳邦,TPEx,78.3,79.5,78.0,78.7,324000,25499900,TPEX_OTC_QUOTES_NO1430_JSON
20250314,6290,良維,TPEx,85.8,86.7,85.0,86.2,1737000,149269000,TPEX_OTC_QUOTES_NO1430_JSON
20250314,6291,沛亨,TPEx,97.2,101.0,97.2,101.0,88000,8729600,TPEX_OTC_QUOTES_NO1430_JSON
20250314,6292,迅德,TPEx,60.2,60.6,59.8,60.0,44000,2645700,TPEX_OTC_QUOTES_NO1430_JSON
20250314,6294,智基,TPEx,68.0,69.0,67.8,69.0,15000,1021700,TPEX_OTC_QUOTES_NO1430_JSON
20250314,6411,晶焱,TPEx,81.4,81.8,80.7,81.3,58000,4709100,TPEX_OTC_QUOTES_NO1430_JSON
20250314,6417,韋僑,TPEx,101.5,101.5,100.0,101.5,15000,1517500,TPEX_OTC_QUOTES_NO1430_JSON
20250314,6418,詠昇,TPEx,20.05,20.05,19.6,19.8,65000,1283150,TPEX_OTC_QUOTES_NO1430_JSON
20250314,6419,京晨科,TPEx,107.0,107.0,101.0,102.5,215000,22257000,TPEX_OTC_QUOTES_NO1430_JSON
20250314,6425,易發,TPEx,61.6,62.4,61.5,62.0,147000,9103800,TPEX_OTC_QUOTES_NO1430_JSON
20250314,6432,今展科,TPEx,29.8,30.05,29.75,30.05,13000,388150,TPEX_OTC_QUOTES_NO1430_JSON
20250314,6435,大中,TPEx,119.0,119.5,117.0,117.0,553000,65399500,TPEX_OTC_QUOTES_NO1430_JSON
20250314,6441,廣錠,TPEx,35.6,35.7,34.85,34.85,60000,2107100,TPEX_OTC_QUOTES_NO1430_JSON
20250314,6461,益得,TPEx,24.0,24.3,23.8,24.3,21000,502300,TPEX_OTC_QUOTES_NO1430_JSON
20250314,6462,神盾,TPEx,128.0,131.0,127.0,127.5,1337000,172193000,TPEX_OTC_QUOTES_NO1430_JSON
20250314,6469,大樹,TPEx,184.0,186.0,180.0,181.5,333000,60521000,TPEX_OTC_QUOTES_NO1430_JSON
20250314,6470,宇智,TPEx,55.3,55.6,54.3,55.4,182000,9999600,TPEX_OTC_QUOTES_NO1430_JSON
20250314,6482,弘煜科,TPEx,54.2,57.0,54.2,56.5,167000,9361400,TPEX_OTC_QUOTES_NO1430_JSON
20250314,6485,點序,TPEx,75.9,79.5,73.8,77.6,3182000,245514300,TPEX_OTC_QUOTES_NO1430_JSON
20250314,6486,互動,TPEx,86.5,87.0,86.5,86.8,47000,4074100,TPEX_OTC_QUOTES_NO1430_JSON
20250314,6488,環球晶,TPEx,396.5,397.5,383.5,389.0,2289000,891690500,TPEX_OTC_QUOTES_NO1430_JSON
20250314,6492,生華科,TPEx,43.0,43.0,42.2,42.4,141000,5996100,TPEX_OTC_QUOTES_NO1430_JSON
20250314,6494,九齊,TPEx,49.3,50.0,49.15,50.0,12000,593300,TPEX_OTC_QUOTES_NO1430_JSON
20250314,6496,科懋,TPEx,29.25,29.5,29.1,29.1,20000,586000,TPEX_OTC_QUOTES_NO1430_JSON
20250314,6499,益安,TPEx,44.1,45.8,44.1,45.7,513000,23225700,TPEX_OTC_QUOTES_NO1430_JSON
20250314,6506,雙邦,TPEx,17.1,17.1,16.95,17.0,37000,629200,TPEX_OTC_QUOTES_NO1430_JSON
20250314,6508,惠光,TPEx,29.35,29.4,29.25,29.35,16000,469350,TPEX_OTC_QUOTES_NO1430_JSON
20250314,6509,聚和,TPEx,37.55,37.55,36.25,36.75,1731000,63446700,TPEX_OTC_QUOTES_NO1430_JSON
20250314,6510,精測,TPEx,690.0,692.0,675.0,682.0,210000,143046000,TPEX_OTC_QUOTES_NO1430_JSON
20250314,6512,啟發電,TPEx,22.9,22.9,22.4,22.4,5000,113000,TPEX_OTC_QUOTES_NO1430_JSON
20250314,6516,勤崴國際,TPEx,77.6,78.0,77.2,77.7,22000,1704500,TPEX_OTC_QUOTES_NO1430_JSON
20250314,6517,保勝光學,TPEx,72.7,77.6,72.0,77.6,4683000,358314900,TPEX_OTC_QUOTES_NO1430_JSON
20250314,6523,達爾膚,TPEx,149.5,149.5,148.5,149.0,30000,4475500,TPEX_OTC_QUOTES_NO1430_JSON
20250314,6527,明達醫,TPEx,83.8,84.3,83.8,84.3,2000,168100,TPEX_OTC_QUOTES_NO1430_JSON
20250314,6530,創威,TPEx,58.8,59.8,58.0,59.3,269000,15854300,TPEX_OTC_QUOTES_NO1430_JSON
20250314,6532,瑞耘,TPEx,68.0,68.7,67.7,68.7,55000,3743900,TPEX_OTC_QUOTES_NO1430_JSON
20250314,6535,順藥,TPEx,201.0,202.0,191.0,197.0,425000,83251000,TPEX_OTC_QUOTES_NO1430_JSON
20250314,6538,倉和,TPEx,111.0,113.0,110.5,111.5,75000,8376500,TPEX_OTC_QUOTES_NO1430_JSON
20250314,6542,隆中,TPEx,58.2,58.2,58.2,58.2,1000,58200,TPEX_OTC_QUOTES_NO1430_JSON
20250314,6546,正基,TPEx,126.0,130.5,125.0,129.0,830000,106064500,TPEX_OTC_QUOTES_NO1430_JSON
20250314,6547,高端疫苗,TPEx,52.5,53.6,52.4,52.9,4427000,234383200,TPEX_OTC_QUOTES_NO1430_JSON
20250314,6548,長科*,TPEx,34.5,34.9,34.3,34.65,592000,20524950,TPEX_OTC_QUOTES_NO1430_JSON
20250314,6560,欣普羅,TPEx,31.1,31.1,31.0,31.1,17000,528150,TPEX_OTC_QUOTES_NO1430_JSON
20250314,6561,是方,TPEx,451.0,454.5,438.5,439.0,103000,45746000,TPEX_OTC_QUOTES_NO1430_JSON
20250314,6568,宏觀,TPEx,130.5,130.5,128.0,129.0,112000,14402000,TPEX_OTC_QUOTES_NO1430_JSON
20250314,6569,醫揚,TPEx,153.0,154.5,152.0,154.5,44000,6738500,TPEX_OTC_QUOTES_NO1430_JSON
20250314,6570,維田,TPEx,54.4,54.6,53.8,54.6,120000,6509200,TPEX_OTC_QUOTES_NO1430_JSON
20250314,6574,霈方,TPEx,53.0,53.7,52.3,53.7,16000,845300,TPEX_OTC_QUOTES_NO1430_JSON
20250314,6576,逸達,TPEx,83.4,83.7,82.9,83.5,252000,20970200,TPEX_OTC_QUOTES_NO1430_JSON
20250314,6577,勁豐,TPEx,100.0,103.0,99.6,101.0,109000,10996700,TPEX_OTC_QUOTES_NO1430_JSON
20250314,6578,達邦蛋白,TPEx,19.95,20.1,19.95,19.95,58000,1159950,TPEX_OTC_QUOTES_NO1430_JSON
20250314,6584,南俊國際,TPEx,154.0,154.0,148.0,148.5,209000,31477500,TPEX_OTC_QUOTES_NO1430_JSON
20250314,6588,東典光電,TPEx,36.4,37.35,36.25,36.85,153000,5606500,TPEX_OTC_QUOTES_NO1430_JSON
20250314,6589,台康生技,TPEx,74.8,75.7,74.2,75.6,188000,14092000,TPEX_OTC_QUOTES_NO1430_JSON
20250314,6590,普鴻,TPEx,83.3,83.4,80.3,83.2,59000,4825000,TPEX_OTC_QUOTES_NO1430_JSON
20250314,6593,台灣銘板,TPEx,58.5,60.0,57.0,58.5,45000,2629000,TPEX_OTC_QUOTES_NO1430_JSON
20250314,6596,寬宏藝術,TPEx,90.1,91.3,88.7,91.3,282000,25418800,TPEX_OTC_QUOTES_NO1430_JSON
20250314,6603,富強鑫,TPEx,16.95,17.05,16.75,16.9,538000,9078150,TPEX_OTC_QUOTES_NO1430_JSON
20250314,6609,瀧澤科,TPEx,71.8,73.1,70.8,73.0,391000,28103500,TPEX_OTC_QUOTES_NO1430_JSON
20250314,6612,奈米醫材,TPEx,129.5,132.0,129.5,131.5,67000,8806000,TPEX_OTC_QUOTES_NO1430_JSON
20250314,6613,朋億*,TPEx,218.0,222.0,217.0,221.0,296000,65161000,TPEX_OTC_QUOTES_NO1430_JSON
20250314,6615,慧智,TPEx,39.0,40.0,38.75,40.0,16000,625700,TPEX_OTC_QUOTES_NO1430_JSON
20250314,6616,特昇-KY,TPEx,11.1,11.35,11.1,11.3,45000,504850,TPEX_OTC_QUOTES_NO1430_JSON
20250314,6617,共信-KY,TPEx,101.0,103.5,99.6,103.5,103000,10407100,TPEX_OTC_QUOTES_NO1430_JSON
20250314,6624,萬年清,TPEx,37.4,37.4,37.25,37.4,4000,149350,TPEX_OTC_QUOTES_NO1430_JSON
20250314,6629,泰金-KY,TPEx,118.5,118.5,117.5,118.5,28000,3305500,TPEX_OTC_QUOTES_NO1430_JSON
20250314,6637,醫影,TPEx,85.6,86.9,85.0,86.9,15000,1284400,TPEX_OTC_QUOTES_NO1430_JSON
20250314,6640,均華,TPEx,478.0,480.0,455.0,461.5,156000,72378500,TPEX_OTC_QUOTES_NO1430_JSON
20250314,6642,富致,TPEx,63.6,64.5,63.6,64.4,34000,2178700,TPEX_OTC_QUOTES_NO1430_JSON
20250314,6643,M31,TPEx,722.0,722.0,698.0,719.0,504000,358491000,TPEX_OTC_QUOTES_NO1430_JSON
20250314,6649,台生材,TPEx,44.35,46.5,42.7,43.9,1121000,49921200,TPEX_OTC_QUOTES_NO1430_JSON
20250314,6651,全宇昕,TPEx,106.5,108.5,105.5,107.5,188000,20112500,TPEX_OTC_QUOTES_NO1430_JSON
20250314,6654,天正國際,TPEx,54.5,54.5,54.3,54.3,30000,1634400,TPEX_OTC_QUOTES_NO1430_JSON
20250314,6661,威健生技,TPEx,23.5,23.5,22.95,23.25,6000,139450,TPEX_OTC_QUOTES_NO1430_JSON
20250314,6664,群翊,TPEx,218.5,219.5,214.5,215.5,223000,48222500,TPEX_OTC_QUOTES_NO1430_JSON
20250314,6667,信紘科,TPEx,207.0,214.0,202.5,208.5,3641000,759363000,TPEX_OTC_QUOTES_NO1430_JSON
20250314,6679,鈺太,TPEx,283.0,288.5,283.0,288.0,74000,21166000,TPEX_OTC_QUOTES_NO1430_JSON
20250314,6680,鑫創電子,TPEx,90.0,91.0,89.5,90.1,21000,1887400,TPEX_OTC_QUOTES_NO1430_JSON
20250314,6683,雍智科技,TPEx,374.0,376.0,363.0,366.0,806000,296207500,TPEX_OTC_QUOTES_NO1430_JSON
20250314,6684,安格,TPEx,54.1,55.5,53.3,55.0,169000,9194000,TPEX_OTC_QUOTES_NO1430_JSON
20250314,6690,安碁資訊,TPEx,188.5,188.5,184.0,185.0,124000,23003000,TPEX_OTC_QUOTES_NO1430_JSON
20250314,6692,進能服,TPEx,40.3,40.95,40.25,40.7,104000,4220650,TPEX_OTC_QUOTES_NO1430_JSON
20250314,6693,廣閎科,TPEx,70.0,70.5,69.7,70.4,74000,5191100,TPEX_OTC_QUOTES_NO1430_JSON
20250314,6697,東捷資訊,TPEx,48.7,48.9,48.6,48.75,28000,1364700,TPEX_OTC_QUOTES_NO1430_JSON
20250314,6703,軒郁,TPEx,153.5,165.0,153.5,162.5,182000,29454500,TPEX_OTC_QUOTES_NO1430_JSON
20250314,6708,天擎,TPEx,49.6,50.4,49.15,50.4,11000,545850,TPEX_OTC_QUOTES_NO1430_JSON
20250314,6712,長聖,TPEx,177.0,177.0,174.5,176.0,183000,32057000,TPEX_OTC_QUOTES_NO1430_JSON
20250314,6716,應廣,TPEx,78.6,78.6,76.0,76.5,21000,1613900,TPEX_OTC_QUOTES_NO1430_JSON
20250314,6720,久昌,TPEx,171.0,171.0,166.0,168.5,15000,2514500,TPEX_OTC_QUOTES_NO1430_JSON
20250314,6721,信實,TPEx,61.6,61.6,61.1,61.2,11000,674500,TPEX_OTC_QUOTES_NO1430_JSON
20250314,6727,亞泰金屬,TPEx,68.0,68.4,67.3,68.0,30000,2030400,TPEX_OTC_QUOTES_NO1430_JSON
20250314,6728,上洋,TPEx,150.0,150.0,144.5,146.5,81000,11897500,TPEX_OTC_QUOTES_NO1430_JSON
20250314,6732,昇佳電子,TPEx,219.5,221.0,216.5,219.0,69000,15103000,TPEX_OTC_QUOTES_NO1430_JSON
20250314,6733,博晟生醫,TPEx,32.4,32.4,31.65,32.25,114000,3647600,TPEX_OTC_QUOTES_NO1430_JSON
20250314,6735,美達科技,TPEx,59.3,60.5,59.3,59.7,10000,597800,TPEX_OTC_QUOTES_NO1430_JSON
20250314,6739,竹陞科技,TPEx,243.0,247.0,240.0,240.5,147000,35668000,TPEX_OTC_QUOTES_NO1430_JSON
20250314,6741,91APP*-KY,TPEx,93.2,93.6,91.0,92.5,551000,50900500,TPEX_OTC_QUOTES_NO1430_JSON
20250314,6747,亨泰光,TPEx,151.0,152.0,150.5,152.0,4000,604500,TPEX_OTC_QUOTES_NO1430_JSON
20250314,6751,智聯服務,TPEx,54.9,55.7,54.9,55.7,5000,276300,TPEX_OTC_QUOTES_NO1430_JSON
20250314,6752,叡揚,TPEx,136.0,137.0,131.5,136.0,103000,13899500,TPEX_OTC_QUOTES_NO1430_JSON
20250314,6761,穩得,TPEx,106.5,110.0,104.5,106.5,1811000,194732500,TPEX_OTC_QUOTES_NO1430_JSON
20250314,6763,綠界科技*,TPEx,62.8,63.3,61.5,62.1,934000,57882800,TPEX_OTC_QUOTES_NO1430_JSON
20250314,6767,台微醫,TPEx,34.4,34.45,34.4,34.45,4000,137650,TPEX_OTC_QUOTES_NO1430_JSON
20250314,6785,昱展新藥,TPEx,142.5,146.0,138.5,146.0,171000,24195000,TPEX_OTC_QUOTES_NO1430_JSON
20250314,6788,華景電,TPEx,217.0,217.0,212.0,214.0,230000,49311500,TPEX_OTC_QUOTES_NO1430_JSON
20250314,6791,虎門科技,TPEx,125.5,125.5,120.0,123.0,42000,5121000,TPEX_OTC_QUOTES_NO1430_JSON
20250314,6803,崑鼎,TPEx,300.5,301.5,299.0,301.5,51000,15308500,TPEX_OTC_QUOTES_NO1430_JSON
20250314,6804,明係,TPEx,27.95,28.3,27.9,28.3,7000,195850,TPEX_OTC_QUOTES_NO1430_JSON
20250314,6811,宏碁資訊,TPEx,258.5,259.0,253.0,257.0,149000,38142000,TPEX_OTC_QUOTES_NO1430_JSON
20250314,6821,聯寶,TPEx,39.55,39.55,38.75,39.35,56000,2192250,TPEX_OTC_QUOTES_NO1430_JSON
20250314,6823,濾能,TPEx,65.0,65.0,63.2,63.5,9000,572500,TPEX_OTC_QUOTES_NO1430_JSON
20250314,6829,千附精密,TPEx,118.5,119.0,116.5,118.0,293000,34521000,TPEX_OTC_QUOTES_NO1430_JSON
20250314,6840,東研信超,TPEx,49.05,49.05,48.8,48.8,12000,587900,TPEX_OTC_QUOTES_NO1430_JSON
20250314,6841,長佳智能,TPEx,82.7,82.8,79.6,81.1,406000,32959300,TPEX_OTC_QUOTES_NO1430_JSON
20250314,6843,進典,TPEx,53.8,53.8,53.8,53.8,1000,53800,TPEX_OTC_QUOTES_NO1430_JSON
20250314,6844,諾貝兒,TPEx,135.0,136.0,132.0,136.0,32000,4271000,TPEX_OTC_QUOTES_NO1430_JSON
20250314,6846,綠茵,TPEx,86.5,86.5,83.2,86.0,113000,9584200,TPEX_OTC_QUOTES_NO1430_JSON
20250314,6855,數泓科,TPEx,157.0,159.0,156.0,158.5,22000,3453000,TPEX_OTC_QUOTES_NO1430_JSON
20250314,6856,鑫傳,TPEx,61.8,62.0,61.8,62.0,4000,247600,TPEX_OTC_QUOTES_NO1430_JSON
20250314,6859,伯特光,TPEx,176.5,177.5,173.5,174.5,254000,44519500,TPEX_OTC_QUOTES_NO1430_JSON
20250314,6865,偉康科技,TPEx,56.9,56.9,56.0,56.0,3000,169000,TPEX_OTC_QUOTES_NO1430_JSON
20250314,6870,騰雲,TPEx,180.0,183.0,180.0,182.0,48000,8686000,TPEX_OTC_QUOTES_NO1430_JSON
20250314,6872,浩宇生醫,TPEx,27.6,27.8,27.3,27.5,191000,5250800,TPEX_OTC_QUOTES_NO1430_JSON
20250314,6874,倍力,TPEx,91.2,93.0,91.2,92.0,19000,1753900,TPEX_OTC_QUOTES_NO1430_JSON
20250314,6875,國邑*,TPEx,51.8,52.9,51.7,52.9,57000,2975200,TPEX_OTC_QUOTES_NO1430_JSON
20250314,6877,鏵友益,TPEx,115.0,117.5,107.5,111.5,22264000,2509031500,TPEX_OTC_QUOTES_NO1430_JSON
20250314,6881,潤德,TPEx,235.0,239.0,235.0,238.0,18000,4279000,TPEX_OTC_QUOTES_NO1430_JSON
20250314,6894,衛司特,TPEx,182.5,183.5,182.5,182.5,11000,2010500,TPEX_OTC_QUOTES_NO1430_JSON
20250314,6895,宏碩系統,TPEx,153.0,155.0,150.5,154.0,44000,6688500,TPEX_OTC_QUOTES_NO1430_JSON
20250314,6899,創為精密,TPEx,53.9,53.9,53.1,53.6,20000,1067800,TPEX_OTC_QUOTES_NO1430_JSON
20250314,6903,巨漢,TPEx,126.5,127.5,125.5,126.5,51000,6451500,TPEX_OTC_QUOTES_NO1430_JSON
20250314,6904,伯鑫,TPEx,156.0,157.0,155.5,157.0,73000,11421000,TPEX_OTC_QUOTES_NO1430_JSON
20250314,6913,鴻呈,TPEx,140.5,143.0,138.5,139.5,143000,20044500,TPEX_OTC_QUOTES_NO1430_JSON
20250314,6922,宸曜,TPEx,219.0,223.0,211.0,211.0,1010000,217835500,TPEX_OTC_QUOTES_NO1430_JSON
20250314,6929,佑全,TPEx,40.2,41.05,40.2,40.75,23000,934500,TPEX_OTC_QUOTES_NO1430_JSON
20250314,6953,家碩,TPEx,203.5,210.5,203.0,205.0,14000,2864500,TPEX_OTC_QUOTES_NO1430_JSON
20250314,6967,汎瑋材料,TPEx,58.0,60.0,58.0,59.6,83000,4897900,TPEX_OTC_QUOTES_NO1430_JSON
20250314,6968,萬達寵物,TPEx,67.9,67.9,66.5,67.1,148000,9918100,TPEX_OTC_QUOTES_NO1430_JSON
20250314,6982,大井泵浦,TPEx,61.4,62.0,61.1,61.8,43000,2643800,TPEX_OTC_QUOTES_NO1430_JSON
20250314,6996,力領科技,TPEx,204.0,205.0,202.0,203.5,125000,25395500,TPEX_OTC_QUOTES_NO1430_JSON
20250314,6997,博弘,TPEx,129.0,129.0,127.5,128.0,16000,2050500,TPEX_OTC_QUOTES_NO1430_JSON
20250314,7402,邑錡,TPEx,92.0,95.2,88.0,88.0,2079000,189959500,TPEX_OTC_QUOTES_NO1430_JSON
20250314,7556,意德士科技,TPEx,166.0,168.0,164.0,166.5,31000,5157000,TPEX_OTC_QUOTES_NO1430_JSON
20250314,7584,樂意,TPEx,71.0,74.5,70.2,73.3,21000,1503600,TPEX_OTC_QUOTES_NO1430_JSON
20250314,7703,銳澤,TPEx,161.0,163.5,161.0,163.0,70000,11360000,TPEX_OTC_QUOTES_NO1430_JSON
20250314,7704,明遠精密,TPEx,70.7,70.7,68.8,69.0,45000,3130300,TPEX_OTC_QUOTES_NO1430_JSON
20250314,7708,全家餐飲,TPEx,95.0,95.9,95.0,95.9,21000,1997700,TPEX_OTC_QUOTES_NO1430_JSON
20250314,7709,榮田,TPEx,51.5,51.9,51.3,51.7,125000,6449100,TPEX_OTC_QUOTES_NO1430_JSON
20250314,7712,博盛半導體,TPEx,166.0,169.0,165.5,169.0,24000,3991500,TPEX_OTC_QUOTES_NO1430_JSON
20250314,7713,威力德生醫,TPEx,59.8,60.6,59.8,60.2,62000,3723500,TPEX_OTC_QUOTES_NO1430_JSON
20250314,7714,創泓科技,TPEx,88.0,88.0,85.2,87.4,43000,3724500,TPEX_OTC_QUOTES_NO1430_JSON
20250314,7715,裕山,TPEx,48.6,49.4,48.4,48.45,153000,7451650,TPEX_OTC_QUOTES_NO1430_JSON
20250314,7728,光焱科技,TPEx,320.0,320.0,312.0,316.0,67000,21205000,TPEX_OTC_QUOTES_NO1430_JSON
20250314,7734,印能科技,TPEx,1290.0,1300.0,1250.0,1295.0,60000,76805000,TPEX_OTC_QUOTES_NO1430_JSON
20250314,8024,佑華,TPEx,16.8,16.95,16.75,16.8,16000,269250,TPEX_OTC_QUOTES_NO1430_JSON
20250314,8027,鈦昇,TPEx,83.1,84.8,81.8,84.3,463000,38563100,TPEX_OTC_QUOTES_NO1430_JSON
20250314,8032,光菱,TPEx,51.6,52.1,50.8,52.0,273000,14067600,TPEX_OTC_QUOTES_NO1430_JSON
20250314,8034,榮群,TPEx,19.0,19.2,19.0,19.15,101000,1929600,TPEX_OTC_QUOTES_NO1430_JSON
20250314,8038,長園科,TPEx,26.6,26.6,26.1,26.35,94000,2471650,TPEX_OTC_QUOTES_NO1430_JSON
20250314,8040,九暘,TPEx,70.5,71.0,70.4,70.4,112000,7918800,TPEX_OTC_QUOTES_NO1430_JSON
20250314,8042,金山電,TPEx,37.0,37.7,35.9,36.45,790000,29125300,TPEX_OTC_QUOTES_NO1430_JSON
20250314,8043,蜜望實,TPEx,29.75,30.0,29.4,30.0,91000,2707350,TPEX_OTC_QUOTES_NO1430_JSON
20250314,8044,網家,TPEx,43.95,44.2,43.1,43.5,872000,37917600,TPEX_OTC_QUOTES_NO1430_JSON
20250314,8047,星雲,TPEx,17.8,17.9,17.25,17.7,104000,1828200,TPEX_OTC_QUOTES_NO1430_JSON
20250314,8048,德勝,TPEx,49.0,49.1,47.5,48.55,134000,6483350,TPEX_OTC_QUOTES_NO1430_JSON
20250314,8049,晶采,TPEx,33.5,33.65,33.4,33.55,109000,3654200,TPEX_OTC_QUOTES_NO1430_JSON
20250314,8050,廣積,TPEx,69.6,70.2,68.8,70.0,557000,38756700,TPEX_OTC_QUOTES_NO1430_JSON
20250314,8054,安國,TPEx,95.6,98.4,94.5,96.0,3366000,324898300,TPEX_OTC_QUOTES_NO1430_JSON
20250314,8059,凱碩,TPEx,33.75,34.65,32.45,33.45,434000,14390700,TPEX_OTC_QUOTES_NO1430_JSON
20250314,8064,東捷,TPEx,47.7,48.0,47.05,47.75,758000,36037000,TPEX_OTC_QUOTES_NO1430_JSON
20250314,8066,來思達,TPEx,27.55,27.55,26.5,27.05,45000,1204750,TPEX_OTC_QUOTES_NO1430_JSON
20250314,8068,全達,TPEx,26.2,26.85,26.05,26.4,278000,7364250,TPEX_OTC_QUOTES_NO1430_JSON
20250314,8069,元太,TPEx,286.5,291.5,284.5,289.0,4381000,1262274000,TPEX_OTC_QUOTES_NO1430_JSON
20250314,8071,能率網通,TPEx,21.4,21.75,21.15,21.75,1162000,24926550,TPEX_OTC_QUOTES_NO1430_JSON
20250314,8074,鉅橡,TPEx,22.65,22.9,22.5,22.65,42000,950950,TPEX_OTC_QUOTES_NO1430_JSON
20250314,8076,伍豐,TPEx,30.6,30.65,30.05,30.6,2126000,64532550,TPEX_OTC_QUOTES_NO1430_JSON
20250314,8077,洛碁,TPEx,46.6,46.6,45.5,45.5,15000,690550,TPEX_OTC_QUOTES_NO1430_JSON
20250314,8080,泰霖,TPEx,32.25,32.8,32.2,32.8,7000,227200,TPEX_OTC_QUOTES_NO1430_JSON
20250314,8083,瑞穎,TPEx,166.0,167.0,165.5,167.0,39000,6485000,TPEX_OTC_QUOTES_NO1430_JSON
20250314,8084,巨虹,TPEx,51.6,52.5,50.1,50.5,167000,8521200,TPEX_OTC_QUOTES_NO1430_JSON
20250314,8085,福華,TPEx,29.8,30.25,29.35,29.9,235000,7001950,TPEX_OTC_QUOTES_NO1430_JSON
20250314,8086,宏捷科,TPEx,94.2,95.4,91.6,92.1,1284000,119527200,TPEX_OTC_QUOTES_NO1430_JSON
20250314,8087,麗升能源,TPEx,41.7,42.0,41.7,42.0,14000,587100,TPEX_OTC_QUOTES_NO1430_JSON
20250314,8088,品安,TPEx,27.3,30.25,26.55,30.25,13242000,382355000,TPEX_OTC_QUOTES_NO1430_JSON
20250314,8089,康全電訊,TPEx,64.9,64.9,62.8,64.3,377000,24049800,TPEX_OTC_QUOTES_NO1430_JSON
20250314,8091,翔名,TPEx,130.0,132.5,129.5,130.5,237000,30979000,TPEX_OTC_QUOTES_NO1430_JSON
20250314,8092,建暐,TPEx,18.85,19.45,18.45,18.7,52000,975400,TPEX_OTC_QUOTES_NO1430_JSON
20250314,8093,保銳,TPEx,19.75,19.75,17.95,19.3,416000,7742200,TPEX_OTC_QUOTES_NO1430_JSON
20250314,8096,擎亞,TPEx,63.4,68.0,62.0,68.0,28080000,1838992300,TPEX_OTC_QUOTES_NO1430_JSON
20250314,8097,常珵,TPEx,72.6,73.5,70.3,71.2,1494000,107234400,TPEX_OTC_QUOTES_NO1430_JSON
20250314,8099,大世科,TPEx,71.3,71.5,68.0,71.0,373000,26089000,TPEX_OTC_QUOTES_NO1430_JSON
20250314,8107,大億金茂,TPEx,20.4,20.55,20.15,20.5,193000,3932450,TPEX_OTC_QUOTES_NO1430_JSON
20250314,8109,博大,TPEx,92.3,92.6,92.0,92.6,51000,4710300,TPEX_OTC_QUOTES_NO1430_JSON
20250314,8111,立碁,TPEx,50.2,51.4,49.35,51.1,5899000,297733400,TPEX_OTC_QUOTES_NO1430_JSON
20250314,8121,越峰,TPEx,24.0,24.35,23.8,24.35,152000,3660700,TPEX_OTC_QUOTES_NO1430_JSON
20250314,8147,正淩,TPEx,109.5,110.0,106.5,108.5,281000,30305500,TPEX_OTC_QUOTES_NO1430_JSON
20250314,8155,博智,TPEx,142.5,147.0,141.0,142.5,1965000,282361500,TPEX_OTC_QUOTES_NO1430_JSON
20250314,8171,天宇,TPEx,39.4,39.4,38.3,38.55,812000,31468400,TPEX_OTC_QUOTES_NO1430_JSON
20250314,8176,智捷,TPEx,15.55,16.25,14.9,15.7,691000,10751900,TPEX_OTC_QUOTES_NO1430_JSON
20250314,8182,加高,TPEx,34.25,34.4,34.25,34.35,34000,1167200,TPEX_OTC_QUOTES_NO1430_JSON
20250314,8183,精星,TPEx,39.2,39.6,38.9,39.35,126000,4929750,TPEX_OTC_QUOTES_NO1430_JSON
20250314,8227,巨有科技,TPEx,158.5,160.5,158.0,158.0,195000,30999000,TPEX_OTC_QUOTES_NO1430_JSON
20250314,8234,新漢,TPEx,99.8,99.8,91.2,91.8,31975000,3034570900,TPEX_OTC_QUOTES_NO1430_JSON
20250314,8240,華宏,TPEx,41.05,41.7,41.0,41.3,173000,7145950,TPEX_OTC_QUOTES_NO1430_JSON
20250314,8255,朋程,TPEx,152.0,153.5,151.0,153.0,142000,21631000,TPEX_OTC_QUOTES_NO1430_JSON
20250314,8272,全景軟體,TPEx,87.3,88.0,87.3,87.3,15000,1312200,TPEX_OTC_QUOTES_NO1430_JSON
20250314,8277,商丞,TPEx,11.9,12.45,11.7,12.3,409000,4908950,TPEX_OTC_QUOTES_NO1430_JSON
20250314,8279,生展,TPEx,129.0,129.0,129.0,129.0,1000,129000,TPEX_OTC_QUOTES_NO1430_JSON
20250314,8284,三竹,TPEx,67.8,68.0,67.4,67.9,73000,4945800,TPEX_OTC_QUOTES_NO1430_JSON
20250314,8289,泰藝,TPEx,25.2,25.2,24.85,24.85,51000,1273600,TPEX_OTC_QUOTES_NO1430_JSON
20250314,8291,尚茂,TPEx,7.0,7.0,6.86,6.86,43000,300000,TPEX_OTC_QUOTES_NO1430_JSON
20250314,8299,群聯,TPEx,579.0,605.0,570.0,605.0,8997000,5325670000,TPEX_OTC_QUOTES_NO1430_JSON
20250314,8342,益張,TPEx,87.0,87.0,86.4,86.4,6000,519600,TPEX_OTC_QUOTES_NO1430_JSON
20250314,8349,恒耀國際,TPEx,56.6,57.2,56.5,57.0,140000,7944600,TPEX_OTC_QUOTES_NO1430_JSON
20250314,8354,冠好,TPEx,15.8,15.8,15.75,15.75,9000,141900,TPEX_OTC_QUOTES_NO1430_JSON
20250314,8358,金居,TPEx,55.0,55.8,55.0,55.5,666000,36884100,TPEX_OTC_QUOTES_NO1430_JSON
20250314,8383,千附,TPEx,44.8,45.2,44.8,45.2,261000,11750150,TPEX_OTC_QUOTES_NO1430_JSON
20250314,8390,金益鼎,TPEx,67.9,69.0,67.2,67.9,1762000,119869900,TPEX_OTC_QUOTES_NO1430_JSON
20250314,8401,白紗科,TPEx,34.15,34.45,33.85,34.45,169000,5759600,TPEX_OTC_QUOTES_NO1430_JSON
20250314,8403,盛弘,TPEx,28.55,28.65,28.5,28.6,61000,1744250,TPEX_OTC_QUOTES_NO1430_JSON
20250314,8409,商之器,TPEx,25.3,25.3,25.0,25.0,34000,850900,TPEX_OTC_QUOTES_NO1430_JSON
20250314,8410,森田,TPEx,75.2,76.4,74.9,74.9,37000,2786800,TPEX_OTC_QUOTES_NO1430_JSON
20250314,8415,大國鋼,TPEx,37.75,38.6,37.65,38.2,793000,30301450,TPEX_OTC_QUOTES_NO1430_JSON
20250314,8416,實威,TPEx,170.0,170.0,169.0,169.0,8000,1357500,TPEX_OTC_QUOTES_NO1430_JSON
20250314,8421,旭源,TPEx,13.45,13.45,13.2,13.25,51000,675200,TPEX_OTC_QUOTES_NO1430_JSON
20250314,8423,保綠-KY,TPEx,20.45,20.45,20.4,20.4,3000,61300,TPEX_OTC_QUOTES_NO1430_JSON
20250314,8424,惠普,TPEx,71.3,71.3,71.1,71.1,3000,213500,TPEX_OTC_QUOTES_NO1430_JSON
20250314,8426,紅木-KY,TPEx,43.4,44.1,43.15,43.3,28000,1217650,TPEX_OTC_QUOTES_NO1430_JSON
20250314,8431,匯鑽科,TPEx,61.6,66.7,61.1,65.7,940000,60534700,TPEX_OTC_QUOTES_NO1430_JSON
20250314,8432,東生華,TPEx,57.0,57.3,57.0,57.3,20000,1142000,TPEX_OTC_QUOTES_NO1430_JSON
20250314,8433,弘帆,TPEx,90.0,90.7,89.5,90.7,156000,14096400,TPEX_OTC_QUOTES_NO1430_JSON
20250314,8435,鉅邁,TPEx,77.1,77.3,77.0,77.0,16000,1233800,TPEX_OTC_QUOTES_NO1430_JSON
20250314,8436,大江,TPEx,152.5,156.0,150.0,154.0,1194000,182712500,TPEX_OTC_QUOTES_NO1430_JSON
20250314,8437,大地-KY,TPEx,25.5,26.0,25.5,25.8,28000,723400,TPEX_OTC_QUOTES_NO1430_JSON
20250314,8440,綠電,TPEx,39.05,40.2,39.0,40.2,205000,8120000,TPEX_OTC_QUOTES_NO1430_JSON
20250314,8444,綠河-KY,TPEx,26.0,26.4,24.8,24.8,76000,1948250,TPEX_OTC_QUOTES_NO1430_JSON
20250314,8446,華研,TPEx,117.5,118.0,116.5,117.0,94000,10996500,TPEX_OTC_QUOTES_NO1430_JSON
20250314,8450,霹靂,TPEx,23.05,23.05,22.5,22.8,208000,4714700,TPEX_OTC_QUOTES_NO1430_JSON
20250314,8455,大拓-KY,TPEx,26.55,26.9,26.35,26.85,12000,321400,TPEX_OTC_QUOTES_NO1430_JSON
20250314,8472,夠麻吉,TPEx,25.55,25.55,25.55,25.55,1000,25550,TPEX_OTC_QUOTES_NO1430_JSON
20250314,8477,創業家,TPEx,14.0,14.0,13.45,13.8,27000,373200,TPEX_OTC_QUOTES_NO1430_JSON
20250314,8489,三貝德,TPEx,31.05,31.05,29.95,30.45,153000,4641600,TPEX_OTC_QUOTES_NO1430_JSON
20250314,8905,裕國,TPEx,31.35,31.55,31.35,31.35,84000,2641500,TPEX_OTC_QUOTES_NO1430_JSON
20250314,8906,花王,TPEx,32.4,32.4,32.05,32.05,10000,323300,TPEX_OTC_QUOTES_NO1430_JSON
20250314,8908,欣雄,TPEx,46.6,46.75,45.0,46.55,95000,4387150,TPEX_OTC_QUOTES_NO1430_JSON
20250314,8916,光隆,TPEx,58.8,59.2,58.8,58.9,52000,3066900,TPEX_OTC_QUOTES_NO1430_JSON
20250314,8917,欣泰,TPEx,62.7,63.5,62.7,63.5,3000,188900,TPEX_OTC_QUOTES_NO1430_JSON
20250314,8921,沈氏,TPEx,24.6,26.85,24.6,26.85,20000,528200,TPEX_OTC_QUOTES_NO1430_JSON
20250314,8923,時報,TPEx,19.25,20.25,19.1,20.25,17000,337500,TPEX_OTC_QUOTES_NO1430_JSON
20250314,8924,大田,TPEx,74.3,75.1,74.0,74.5,83000,6189200,TPEX_OTC_QUOTES_NO1430_JSON
20250314,8927,北基,TPEx,54.0,54.0,51.7,51.8,1382000,72594400,TPEX_OTC_QUOTES_NO1430_JSON
20250314,8928,鉅明,TPEx,32.5,32.6,32.45,32.5,24000,780100,TPEX_OTC_QUOTES_NO1430_JSON
20250314,8929,富堡,TPEx,23.75,24.5,23.75,24.35,81000,1954700,TPEX_OTC_QUOTES_NO1430_JSON
20250314,8930,青鋼,TPEx,40.9,41.5,40.5,40.9,747000,30603100,TPEX_OTC_QUOTES_NO1430_JSON
20250314,8931,大汽電,TPEx,48.2,48.6,48.0,48.6,31000,1500100,TPEX_OTC_QUOTES_NO1430_JSON
20250314,8932,智通*,TPEx,99.3,100.0,98.1,99.9,345000,34202000,TPEX_OTC_QUOTES_NO1430_JSON
20250314,8933,愛地雅,TPEx,8.59,8.75,8.46,8.72,180000,1545030,TPEX_OTC_QUOTES_NO1430_JSON
20250314,8935,邦泰,TPEx,21.85,22.1,21.3,21.75,207000,4513600,TPEX_OTC_QUOTES_NO1430_JSON
20250314,8936,國統,TPEx,53.4,54.2,52.6,53.5,1817000,96937100,TPEX_OTC_QUOTES_NO1430_JSON
20250314,8937,合騏*,TPEx,175.5,175.5,169.5,174.0,238000,40986500,TPEX_OTC_QUOTES_NO1430_JSON
20250314,8938,明安,TPEx,79.5,79.7,79.2,79.3,104000,8252800,TPEX_OTC_QUOTES_NO1430_JSON
20250314,8941,關中,TPEx,64.3,64.7,64.2,64.4,14000,901200,TPEX_OTC_QUOTES_NO1430_JSON
20250314,8942,森鉅,TPEx,59.5,59.9,59.3,59.3,146000,8673000,TPEX_OTC_QUOTES_NO1430_JSON
20250314,9949,琉園,TPEx,21.7,21.85,21.05,21.7,31000,662900,TPEX_OTC_QUOTES_NO1430_JSON
20250314,9950,萬國通,TPEx,13.55,13.6,13.4,13.6,34000,459000,TPEX_OTC_QUOTES_NO1430_JSON
20250314,9951,皇田,TPEx,56.3,56.7,56.3,56.4,20000,1127100,TPEX_OTC_QUOTES_NO1430_JSON
20250314,9960,邁達康,TPEx,27.2,27.2,27.2,27.2,6000,163200,TPEX_OTC_QUOTES_NO1430_JSON
20250314,9962,有益,TPEx,15.7,15.95,15.7,15.95,70000,1108950,TPEX_OTC_QUOTES_NO1430_JSON
20250314,0050,元大台灣50,TWSE,181.1,181.15,179.55,180.5,14434475,2605408836,TWSE_RWD_JSON_MI_INDEX
20250314,0051,元大中型100,TWSE,76.25,76.5,76.1,76.3,41374,3156008,TWSE_RWD_JSON_MI_INDEX
20250314,0052,富邦科技,TWSE,178.5,179.2,177.1,178.1,463826,82583635,TWSE_RWD_JSON_MI_INDEX
20250314,0053,元大電子,TWSE,96.55,96.55,95.55,96.35,10340,993435,TWSE_RWD_JSON_MI_INDEX
20250314,0055,元大MSCI金融,TWSE,28.48,28.62,28.48,28.49,56090,1600372,TWSE_RWD_JSON_MI_INDEX
20250314,0056,元大高股息,TWSE,35.93,36.02,35.81,35.89,42101746,1510668902,TWSE_RWD_JSON_MI_INDEX
20250314,0057,富邦摩台,TWSE,135.3,135.3,134.7,134.85,18313,2467716,TWSE_RWD_JSON_MI_INDEX
20250314,0061,元大寶滬深,TWSE,19.7,20.2,19.67,20.07,1538935,30803066,TWSE_RWD_JSON_MI_INDEX
20250314,006203,元大MSCI台灣,TWSE,84.2,84.55,83.95,84.45,13748,1157454,TWSE_RWD_JSON_MI_INDEX
20250314,006204,永豐臺灣加權,TWSE,110.5,110.5,110.35,110.45,4012,442374,TWSE_RWD_JSON_MI_INDEX
20250314,006205,富邦上証,TWSE,33.53,34.59,33.53,34.34,1007004,34484816,TWSE_RWD_JSON_MI_INDEX
20250314,006206,元大上證50,TWSE,31.88,33.09,31.88,32.93,527182,17283967,TWSE_RWD_JSON_MI_INDEX
20250314,006207,復華滬深,TWSE,25.8,26.45,25.8,26.28,157651,4125571,TWSE_RWD_JSON_MI_INDEX
20250314,006208,富邦台50,TWSE,106.35,106.5,105.5,105.9,8817100,934900797,TWSE_RWD_JSON_MI_INDEX
20250314,00636,國泰中國A50,TWSE,23.32,24.08,23.3,23.9,5693345,135696502,TWSE_RWD_JSON_MI_INDEX
20250314,00639,富邦深100,TWSE,12.23,12.56,12.18,12.47,4017687,49936582,TWSE_RWD_JSON_MI_INDEX
20250314,00643,群益深証中小,TWSE,13.76,14.06,13.73,13.97,4052860,56641250,TWSE_RWD_JSON_MI_INDEX
20250314,00645,富邦日本,TWSE,37.38,37.58,37.35,37.56,352621,13228196,TWSE_RWD_JSON_MI_INDEX
20250314,00646,元大S&P500,TWSE,57.35,57.5,57.25,57.4,1992061,114238232,TWSE_RWD_JSON_MI_INDEX
20250314,00652,富邦印度,TWSE,35.18,35.19,35.04,35.17,335395,11785995,TWSE_RWD_JSON_MI_INDEX
20250314,00657,國泰日經225,TWSE,43.8,44.07,43.75,44.07,130440,5745371,TWSE_RWD_JSON_MI_INDEX
20250314,00660,元大歐洲50,TWSE,38.66,38.84,38.64,38.74,65541,2536834,TWSE_RWD_JSON_MI_INDEX
20250314,00661,元大日經225,TWSE,47.67,47.95,47.61,47.95,51199,2445997,TWSE_RWD_JSON_MI_INDEX
20250314,00662,富邦NASDAQ,TWSE,82.25,82.5,82.15,82.35,2561323,210997831,TWSE_RWD_JSON_MI_INDEX
20250314,00668,國泰美國道瓊,TWSE,49.07,49.16,49.07,49.14,168420,8276873,TWSE_RWD_JSON_MI_INDEX
20250314,00678,群益那斯達克生技,TWSE,28.83,28.97,28.83,28.92,675561,19550802,TWSE_RWD_JSON_MI_INDEX
20250314,00690,兆豐藍籌30,TWSE,33.23,33.25,32.98,33.05,1131422,37424136,TWSE_RWD_JSON_MI_INDEX
20250314,00692,富邦公司治理,TWSE,42.18,42.31,42.0,42.15,1429520,60277974,TWSE_RWD_JSON_MI_INDEX
20250314,00700,富邦恒生國企,TWSE,18.47,19.05,18.47,18.91,2627161,49488652,TWSE_RWD_JSON_MI_INDEX
20250314,00701,國泰股利精選30,TWSE,28.06,28.2,28.04,28.12,964545,27112606,TWSE_RWD_JSON_MI_INDEX
20250314,00702,國泰標普低波高息,TWSE,24.96,24.96,24.96,24.96,1509,37619,TWSE_RWD_JSON_MI_INDEX
20250314,00703,台新MSCI中國,TWSE,20.58,21.18,20.58,21.04,226328,4745285,TWSE_RWD_JSON_MI_INDEX
20250314,00709,富邦歐洲,TWSE,32.42,32.49,32.4,32.49,106374,3450734,TWSE_RWD_JSON_MI_INDEX
20250314,00712,復華富時不動產,TWSE,9.98,9.99,9.97,9.99,9367547,93500576,TWSE_RWD_JSON_MI_INDEX
20250314,00713,元大台灣高息低波,TWSE,54.75,54.9,54.55,54.7,10380611,567274458,TWSE_RWD_JSON_MI_INDEX
20250314,00714,群益道瓊美國地產,TWSE,21.09,21.13,21.07,21.07,406214,8567939,TWSE_RWD_JSON_MI_INDEX
20250314,00717,富邦美國特別股,TWSE,15.89,15.92,15.86,15.89,68472,1088441,TWSE_RWD_JSON_MI_INDEX
20250314,00728,第一金工業30,TWSE,31.07,31.17,30.88,31.05,712314,22088954,TWSE_RWD_JSON_MI_INDEX
20250314,00730,富邦臺灣優質高息,TWSE,23.2,23.2,22.94,22.98,437785,10080088,TWSE_RWD_JSON_MI_INDEX
20250314,00731,復華富時高息低波,TWSE,66.9,67.15,66.8,67.05,694062,46475260,TWSE_RWD_JSON_MI_INDEX
20250314,00733,富邦臺灣中小,TWSE,47.11,47.37,46.72,47.1,1093224,51423350,TWSE_RWD_JSON_MI_INDEX
20250314,00735,國泰臺韓科技,TWSE,31.77,31.94,31.77,31.94,127452,4065531,TWSE_RWD_JSON_MI_INDEX
20250314,00736,國泰新興市場,TWSE,23.86,24.04,23.86,24.02,106209,2549680,TWSE_RWD_JSON_MI_INDEX
20250314,00737,國泰AI機器人,TWSE,30.42,30.42,30.33,30.38,134199,4078416,TWSE_RWD_JSON_MI_INDEX
20250314,00739,元大MSCI A股,TWSE,23.25,23.8,23.25,23.69,125487,2959305,TWSE_RWD_JSON_MI_INDEX
20250314,00752,中信中國50,TWSE,25.62,26.41,25.62,26.27,7549239,197260021,TWSE_RWD_JSON_MI_INDEX
20250314,00757,統一FANG+,TWSE,92.9,93.25,92.75,93.2,3890949,362022500,TWSE_RWD_JSON_MI_INDEX
20250314,00762,元大全球AI,TWSE,62.9,63.15,62.8,63.15,631196,39756102,TWSE_RWD_JSON_MI_INDEX
20250314,00770,國泰北美科技,TWSE,43.07,43.07,42.82,43.0,1299160,55836479,TWSE_RWD_JSON_MI_INDEX
20250314,00771,元大US高息特別股,TWSE,17.57,17.57,17.53,17.53,46887,822808,TWSE_RWD_JSON_MI_INDEX
20250314,00783,富邦中証500,TWSE,20.93,21.26,20.86,21.15,519056,10964500,TWSE_RWD_JSON_MI_INDEX
20250314,00830,國泰費城半導體,TWSE,38.2,38.52,38.19,38.41,11993379,459893069,TWSE_RWD_JSON_MI_INDEX
20250314,00850,元大臺灣ESG永續,TWSE,43.15,43.18,42.93,43.07,1811643,78006472,TWSE_RWD_JSON_MI_INDEX
20250314,00851,台新全球AI,TWSE,45.07,45.16,45.06,45.1,329554,14877370,TWSE_RWD_JSON_MI_INDEX
20250314,00861,元大全球未來通訊,TWSE,42.11,42.2,42.09,42.2,150950,6359716,TWSE_RWD_JSON_MI_INDEX
20250314,00875,國泰網路資安,TWSE,36.77,36.88,36.65,36.86,133505,4919336,TWSE_RWD_JSON_MI_INDEX
20250314,00876,元大全球5G,TWSE,36.34,36.7,36.33,36.44,71923,2616126,TWSE_RWD_JSON_MI_INDEX
20250314,00878,國泰永續高股息,TWSE,21.78,21.82,21.7,21.74,107542164,2338377412,TWSE_RWD_JSON_MI_INDEX
20250314,00881,國泰台灣科技龍頭,TWSE,22.5,22.61,22.36,22.55,8077546,181716800,TWSE_RWD_JSON_MI_INDEX
20250314,00882,中信中國高股息,TWSE,13.57,13.94,13.54,13.83,47659179,656531045,TWSE_RWD_JSON_MI_INDEX
20250314,00885,富邦越南,TWSE,12.39,12.52,12.34,12.48,13574991,169064761,TWSE_RWD_JSON_MI_INDEX
20250314,00891,中信關鍵半導體,TWSE,17.03,17.1,16.88,17.0,5761844,97955765,TWSE_RWD_JSON_MI_INDEX
20250314,00892,富邦台灣半導體,TWSE,16.51,16.55,16.35,16.46,937481,15405311,TWSE_RWD_JSON_MI_INDEX
20250314,00893,國泰智能電動車,TWSE,22.24,22.32,22.12,22.32,1448011,32195617,TWSE_RWD_JSON_MI_INDEX
20250314,00894,中信小資高價30,TWSE,18.87,18.9,18.7,18.79,2736501,51416050,TWSE_RWD_JSON_MI_INDEX
20250314,00895,富邦未來車,TWSE,27.9,27.9,27.79,27.86,759160,21125070,TWSE_RWD_JSON_MI_INDEX
20250314,00896,中信綠能及電動車,TWSE,16.53,16.62,16.48,16.58,2248187,37197875,TWSE_RWD_JSON_MI_INDEX
20250314,00897,富邦基因免疫生技,TWSE,7.56,7.63,7.56,7.61,652173,4965304,TWSE_RWD_JSON_MI_INDEX
20250314,00898,國泰基因免疫革命,TWSE,7.11,7.13,7.1,7.11,283387,2016336,TWSE_RWD_JSON_MI_INDEX
20250314,00899,FT潔淨能源,TWSE,14.25,14.45,14.25,14.42,58067,835044,TWSE_RWD_JSON_MI_INDEX
20250314,00900,富邦特選高股息30,TWSE,13.99,13.99,13.88,13.9,15225007,211916751,TWSE_RWD_JSON_MI_INDEX
20250314,00901,永豐智能車供應鏈,TWSE,19.29,19.35,19.19,19.3,369950,7126254,TWSE_RWD_JSON_MI_INDEX
20250314,00902,中信電池及儲能,TWSE,9.05,9.14,9.0,9.11,2399387,21741571,TWSE_RWD_JSON_MI_INDEX
20250314,00903,富邦元宇宙,TWSE,14.3,14.31,14.26,14.28,381781,5452895,TWSE_RWD_JSON_MI_INDEX
20250314,00904,新光臺灣半導體30,TWSE,17.47,17.5,17.32,17.47,918833,15989049,TWSE_RWD_JSON_MI_INDEX
20250314,00905,FT臺灣Smart,TWSE,13.25,13.29,13.17,13.22,3532842,46688491,TWSE_RWD_JSON_MI_INDEX
20250314,00907,永豐優息存股,TWSE,15.78,15.83,15.74,15.78,1794151,28340253,TWSE_RWD_JSON_MI_INDEX
20250314,00908,富邦入息REITs+,TWSE,13.01,13.05,13.01,13.05,323782,4223010,TWSE_RWD_JSON_MI_INDEX
20250314,00909,國泰數位支付服務,TWSE,26.33,26.52,26.14,26.51,3165877,83493262,TWSE_RWD_JSON_MI_INDEX
20250314,00910,第一金太空衛星,TWSE,27.4,27.59,27.34,27.5,610557,16741162,TWSE_RWD_JSON_MI_INDEX
20250314,00911,兆豐洲際半導體,TWSE,23.19,23.47,23.19,23.42,384243,8996678,TWSE_RWD_JSON_MI_INDEX
20250314,00912,中信臺灣智慧50,TWSE,18.1,18.1,17.99,18.06,851126,15360855,TWSE_RWD_JSON_MI_INDEX
20250314,00913,兆豐台灣晶圓製造,TWSE,19.38,19.45,19.29,19.42,565161,10923280,TWSE_RWD_JSON_MI_INDEX
20250314,00915,凱基優選高股息30,TWSE,24.38,24.47,24.33,24.44,5529923,134878936,TWSE_RWD_JSON_MI_INDEX
20250314,00916,國泰全球品牌50,TWSE,23.47,23.47,23.34,23.39,872654,20413012,TWSE_RWD_JSON_MI_INDEX
20250314,00917,中信特選金融,TWSE,21.1,21.31,21.1,21.18,867167,18401478,TWSE_RWD_JSON_MI_INDEX
20250314,00918,大華優利高填息30,TWSE,23.06,23.06,22.95,22.98,48933508,1125193426,TWSE_RWD_JSON_MI_INDEX
20250314,00919,群益台灣精選高息,TWSE,23.71,23.74,23.57,23.61,221561343,5235678093,TWSE_RWD_JSON_MI_INDEX
20250314,00920,富邦ESG綠色電力,TWSE,12.37,12.42,12.37,12.4,96055,1192570,TWSE_RWD_JSON_MI_INDEX
20250314,00921,兆豐龍頭等權重,TWSE,17.21,17.21,17.09,17.13,745527,12791980,TWSE_RWD_JSON_MI_INDEX
20250314,00922,國泰台灣領袖50,TWSE,21.18,21.18,20.96,21.12,18441345,388055288,TWSE_RWD_JSON_MI_INDEX
20250314,00923,群益台ESG低碳50,TWSE,20.38,20.43,20.25,20.35,4195272,85361875,TWSE_RWD_JSON_MI_INDEX
20250314,00924,復華S&P500成長,TWSE,23.15,23.17,23.09,23.15,4647899,107552634,TWSE_RWD_JSON_MI_INDEX
20250314,00925,新光標普電動車,TWSE,17.05,17.05,17.05,17.05,204050,3479085,TWSE_RWD_JSON_MI_INDEX
20250314,00926,凱基全球菁英55,TWSE,20.63,20.63,20.55,20.58,2456166,50594752,TWSE_RWD_JSON_MI_INDEX
20250314,00927,群益半導體收益,TWSE,17.82,17.89,17.71,17.74,3853006,68509633,TWSE_RWD_JSON_MI_INDEX
20250314,00929,復華台灣科技優息,TWSE,18.25,18.34,18.18,18.21,44059777,803321587,TWSE_RWD_JSON_MI_INDEX
20250314,00930,永豐ESG低碳高息,TWSE,18.05,18.11,18.0,18.06,2204717,39813851,TWSE_RWD_JSON_MI_INDEX
20250314,00932,兆豐永續高息等權,TWSE,15.67,15.7,15.57,15.69,3738565,58584050,TWSE_RWD_JSON_MI_INDEX
20250314,00934,中信成長高股息,TWSE,18.34,18.35,18.15,18.21,5972324,108837988,TWSE_RWD_JSON_MI_INDEX
20250314,00935,野村臺灣新科技50,TWSE,21.27,21.3,21.03,21.25,3083841,65305034,TWSE_RWD_JSON_MI_INDEX
20250314,00936,台新永續高息中小,TWSE,15.48,15.52,15.37,15.51,4618080,71461004,TWSE_RWD_JSON_MI_INDEX
20250314,00938,凱基優選30,TWSE,14.4,14.42,14.33,14.37,2123023,30513086,TWSE_RWD_JSON_MI_INDEX
20250314,00939,統一台灣高息動能,TWSE,14.15,14.17,14.1,14.14,6419655,90699525,TWSE_RWD_JSON_MI_INDEX
20250314,00940,元大台灣價值高息,TWSE,9.38,9.4,9.35,9.36,34753869,325572040,TWSE_RWD_JSON_MI_INDEX
20250314,00941,中信上游半導體,TWSE,13.47,13.58,13.47,13.57,2814567,38124852,TWSE_RWD_JSON_MI_INDEX
20250314,00943,兆豐電子高息等權,TWSE,14.69,14.73,14.61,14.64,924668,13582165,TWSE_RWD_JSON_MI_INDEX
20250314,00944,野村趨勢動能高息,TWSE,14.85,14.89,14.81,14.86,1288384,19143847,TWSE_RWD_JSON_MI_INDEX
20250314,00946,群益科技高息成長,TWSE,9.47,9.49,9.41,9.46,6419458,60736668,TWSE_RWD_JSON_MI_INDEX
20250314,00947,台新臺灣IC設計,TWSE,13.8,13.86,13.69,13.79,1191093,16385793,TWSE_RWD_JSON_MI_INDEX
20250314,00949,復華日本龍頭,TWSE,16.01,16.07,15.99,16.03,784399,12573586,TWSE_RWD_JSON_MI_INDEX
20250314,00951,台新日本半導體,TWSE,8.31,8.33,8.27,8.32,1743540,14473479,TWSE_RWD_JSON_MI_INDEX
20250314,00952,凱基台灣AI50,TWSE,9.61,9.62,9.52,9.57,1862247,17804559,TWSE_RWD_JSON_MI_INDEX
20250314,00954,中信日本半導體,TWSE,8.74,8.77,8.72,8.77,557771,4879211,TWSE_RWD_JSON_MI_INDEX
20250314,00956,中信日經高股息,TWSE,10.46,10.46,10.44,10.44,999629,10449258,TWSE_RWD_JSON_MI_INDEX
20250314,00960,野村全球航運龍頭,TWSE,14.36,14.36,14.29,14.33,1666318,23883222,TWSE_RWD_JSON_MI_INDEX
20250314,00961,FT臺灣永續高息,TWSE,9.78,9.8,9.74,9.78,272433,2660631,TWSE_RWD_JSON_MI_INDEX
20250314,00962,台新AI優息動能,TWSE,9.5,9.51,9.42,9.48,1089490,10311163,TWSE_RWD_JSON_MI_INDEX
20250314,00963,中信全球高股息,TWSE,10.73,10.73,10.71,10.71,591440,6340887,TWSE_RWD_JSON_MI_INDEX
20250314,00964,中信亞太高股息,TWSE,10.2,10.23,10.18,10.2,1471256,15009795,TWSE_RWD_JSON_MI_INDEX
20250314,00965,元大航太防衛科技,TWSE,16.5,16.65,16.46,16.64,6864529,113829498,TWSE_RWD_JSON_MI_INDEX
20250314,00971,野村美國研發龍頭,TWSE,13.51,13.52,13.45,13.51,1879338,25354317,TWSE_RWD_JSON_MI_INDEX
20250314,00972,野村日本動能高息,TWSE,15.73,15.74,15.69,15.69,182681,2871331,TWSE_RWD_JSON_MI_INDEX
20250314,009800,中信NASDAQ,TWSE,8.91,8.97,8.91,8.96,6528863,58442019,TWSE_RWD_JSON_MI_INDEX
20250314,009801,中信美國創新科技,TWSE,8.66,8.68,8.63,8.67,6724727,58189541,TWSE_RWD_JSON_MI_INDEX
20250314,009803,玉山市值動能50,TWSE,9.88,9.88,9.78,9.8,14282148,140234049,TWSE_RWD_JSON_MI_INDEX
20250314,020000,富邦特選蘋果N,TWSE,11.33,11.33,11.33,11.33,16000,181280,TWSE_RWD_JSON_MI_INDEX
20250314,020020,元大台股領航N,TWSE,11.76,11.8,11.76,11.78,17000,200280,TWSE_RWD_JSON_MI_INDEX
20250314,020028,元大特選電動車N,TWSE,8.87,8.87,8.85,8.85,14000,124080,TWSE_RWD_JSON_MI_INDEX
20250314,020029,元大ESG高股息N,TWSE,9.29,9.29,9.23,9.23,18000,166650,TWSE_RWD_JSON_MI_INDEX
20250314,020030,統一智慧電動車N,TWSE,6.0,6.0,6.0,6.0,43000,258000,TWSE_RWD_JSON_MI_INDEX
20250314,020031,統一IC設計臺灣N,TWSE,6.07,6.07,5.98,6.04,11000,66410,TWSE_RWD_JSON_MI_INDEX
20250314,020032,元大綠能N,TWSE,5.47,5.47,5.47,5.47,20000,109400,TWSE_RWD_JSON_MI_INDEX
20250314,020034,元大IC設計N,TWSE,7.8,7.82,7.76,7.81,21000,164010,TWSE_RWD_JSON_MI_INDEX
20250314,020037,元大金融高股息N,TWSE,7.09,7.09,7.09,7.09,3000,21270,TWSE_RWD_JSON_MI_INDEX
20250314,020038,元大ESG配息N,TWSE,7.67,7.67,7.67,7.67,1000,7670,TWSE_RWD_JSON_MI_INDEX
20250314,020039,元大加權N,TWSE,6.73,6.77,6.72,6.73,41000,276330,TWSE_RWD_JSON_MI_INDEX
20250314,1101,台泥,TWSE,33.45,34.0,33.3,33.85,18705037,629516312,TWSE_RWD_JSON_MI_INDEX
20250314,1102,亞泥,TWSE,44.2,44.6,44.0,44.6,6871633,304977193,TWSE_RWD_JSON_MI_INDEX
20250314,1103,嘉泥,TWSE,16.25,16.35,16.2,16.35,334256,5442996,TWSE_RWD_JSON_MI_INDEX
20250314,1104,環泥,TWSE,29.9,30.25,29.9,30.25,366491,11051193,TWSE_RWD_JSON_MI_INDEX
20250314,1108,幸福,TWSE,15.1,15.25,15.1,15.25,366909,5580491,TWSE_RWD_JSON_MI_INDEX
20250314,1109,信大,TWSE,17.85,17.9,17.8,17.85,91910,1642402,TWSE_RWD_JSON_MI_INDEX
20250314,1110,東泥,TWSE,20.15,20.45,20.15,20.45,82102,1665358,TWSE_RWD_JSON_MI_INDEX
20250314,1201,味全,TWSE,18.05,18.15,18.0,18.1,223123,4031284,TWSE_RWD_JSON_MI_INDEX
20250314,1203,味王,TWSE,37.7,37.95,37.3,37.8,19772,744559,TWSE_RWD_JSON_MI_INDEX
20250314,1210,大成,TWSE,56.8,57.4,56.6,57.4,2569751,146725528,TWSE_RWD_JSON_MI_INDEX
20250314,1213,大飲,TWSE,15.7,16.3,15.7,16.0,68357,1090999,TWSE_RWD_JSON_MI_INDEX
20250314,1215,卜蜂,TWSE,103.0,104.0,102.5,103.0,352925,36324935,TWSE_RWD_JSON_MI_INDEX
20250314,1216,統一,TWSE,82.9,83.4,81.8,82.4,6419072,528797085,TWSE_RWD_JSON_MI_INDEX
20250314,1217,愛之味,TWSE,11.9,12.0,11.85,11.9,674114,8027449,TWSE_RWD_JSON_MI_INDEX
20250314,1218,泰山,TWSE,21.0,21.3,20.85,21.3,1422401,30049291,TWSE_RWD_JSON_MI_INDEX
20250314,1219,福壽,TWSE,15.05,15.05,14.9,15.0,161842,2421275,TWSE_RWD_JSON_MI_INDEX
20250314,1220,台榮,TWSE,15.4,15.7,15.4,15.6,543368,8460151,TWSE_RWD_JSON_MI_INDEX
20250314,1225,福懋油,TWSE,39.35,39.75,37.2,38.65,4618175,178166516,TWSE_RWD_JSON_MI_INDEX
20250314,1227,佳格,TWSE,36.2,36.45,36.1,36.35,385908,13978446,TWSE_RWD_JSON_MI_INDEX
20250314,1229,聯華,TWSE,51.1,51.8,51.0,51.3,1143142,58685274,TWSE_RWD_JSON_MI_INDEX
20250314,1231,聯華食,TWSE,133.5,135.0,131.0,133.0,591340,78548427,TWSE_RWD_JSON_MI_INDEX
20250314,1232,大統益,TWSE,152.5,153.0,151.0,152.0,101777,15449168,TWSE_RWD_JSON_MI_INDEX
20250314,1233,天仁,TWSE,31.55,32.1,31.55,31.95,88202,2808477,TWSE_RWD_JSON_MI_INDEX
20250314,1234,黑松,TWSE,40.9,41.15,40.9,40.9,90461,3707386,TWSE_RWD_JSON_MI_INDEX
20250314,1235,興泰,TWSE,89.4,97.2,89.4,97.2,18065,1690553,TWSE_RWD_JSON_MI_INDEX
20250314,1236,宏亞,TWSE,23.3,23.3,22.85,22.95,10130,233189,TWSE_RWD_JSON_MI_INDEX
20250314,1256,鮮活果汁-KY,TWSE,144.0,145.0,144.0,145.0,12244,1770736,TWSE_RWD_JSON_MI_INDEX
20250314,1301,台塑,TWSE,37.7,40.05,37.7,39.95,54887075,2161573632,TWSE_RWD_JSON_MI_INDEX
20250314,1303,南亞,TWSE,32.5,33.7,32.5,33.55,17192267,572138394,TWSE_RWD_JSON_MI_INDEX
20250314,1304,台聚,TWSE,11.7,11.95,11.65,11.95,3215132,38083622,TWSE_RWD_JSON_MI_INDEX
20250314,1305,華夏,TWSE,13.2,13.7,13.2,13.55,1078356,14508710,TWSE_RWD_JSON_MI_INDEX
20250314,1307,三芳,TWSE,47.0,47.5,46.35,46.5,2600199,121608339,TWSE_RWD_JSON_MI_INDEX
20250314,1308,亞聚,TWSE,14.15,14.75,14.15,14.75,1253676,18243884,TWSE_RWD_JSON_MI_INDEX
20250314,1309,台達化,TWSE,14.15,14.6,14.15,14.55,2435902,35173094,TWSE_RWD_JSON_MI_INDEX
20250314,1310,台苯,TWSE,10.25,10.55,10.25,10.55,615958,6441894,TWSE_RWD_JSON_MI_INDEX
20250314,1312,國喬,TWSE,10.9,11.3,10.9,11.2,4539651,50701496,TWSE_RWD_JSON_MI_INDEX
20250314,1313,聯成,TWSE,9.09,9.32,9.09,9.23,3458025,31905834,TWSE_RWD_JSON_MI_INDEX
20250314,1314,中石化,TWSE,7.8,7.96,7.79,7.9,7601415,60068840,TWSE_RWD_JSON_MI_INDEX
20250314,1315,達新,TWSE,69.5,69.9,69.5,69.8,14706,1026456,TWSE_RWD_JSON_MI_INDEX
20250314,1316,上曜,TWSE,14.6,14.8,14.25,14.8,5632838,81920857,TWSE_RWD_JSON_MI_INDEX
20250314,1319,東陽,TWSE,124.5,130.0,124.0,125.5,11144358,1425010654,TWSE_RWD_JSON_MI_INDEX
20250314,1321,大洋,TWSE,37.35,37.85,37.2,37.7,618673,23306110,TWSE_RWD_JSON_MI_INDEX
20250314,1323,永裕,TWSE,24.05,24.2,24.05,24.2,62093,1499453,TWSE_RWD_JSON_MI_INDEX
20250314,1324,地球,TWSE,12.75,12.8,12.7,12.7,17151,218961,TWSE_RWD_JSON_MI_INDEX
20250314,1325,恆大,TWSE,28.5,28.95,28.3,28.7,466205,13325752,TWSE_RWD_JSON_MI_INDEX
20250314,1326,台化,TWSE,28.05,29.0,28.0,28.85,16346026,469484972,TWSE_RWD_JSON_MI_INDEX
20250314,1337,再生-KY,TWSE,6.59,6.59,6.43,6.49,169421,1102252,TWSE_RWD_JSON_MI_INDEX
20250314,1338,廣華-KY,TWSE,29.75,30.15,29.7,30.15,88942,2671325,TWSE_RWD_JSON_MI_INDEX
20250314,1339,昭輝,TWSE,57.3,57.8,56.9,57.8,20055,1152169,TWSE_RWD_JSON_MI_INDEX
20250314,1340,勝悅-KY,TWSE,8.86,8.89,8.8,8.89,54323,480869,TWSE_RWD_JSON_MI_INDEX
20250314,1341,富林-KY,TWSE,73.9,74.4,73.9,73.9,18744,1389107,TWSE_RWD_JSON_MI_INDEX
20250314,1342,八貫,TWSE,103.5,104.5,103.0,104.0,171376,17755104,TWSE_RWD_JSON_MI_INDEX
20250314,1402,遠東新,TWSE,33.55,33.95,33.15,33.85,7379195,248270446,TWSE_RWD_JSON_MI_INDEX
20250314,1409,新纖,TWSE,14.6,14.8,14.6,14.75,1369157,20118320,TWSE_RWD_JSON_MI_INDEX
20250314,1410,南染,TWSE,35.95,35.95,35.5,35.75,11297,402924,TWSE_RWD_JSON_MI_INDEX
20250314,1413,宏洲,TWSE,11.55,12.0,11.55,11.85,293638,3486355,TWSE_RWD_JSON_MI_INDEX
20250314,1414,東和,TWSE,21.2,21.35,20.8,21.3,1068855,22442534,TWSE_RWD_JSON_MI_INDEX
20250314,1416,廣豐,TWSE,12.45,12.6,12.3,12.6,587978,7316914,TWSE_RWD_JSON_MI_INDEX
20250314,1417,嘉裕,TWSE,9.15,9.23,9.15,9.22,88046,808816,TWSE_RWD_JSON_MI_INDEX
20250314,1418,東華,TWSE,25.55,26.5,25.55,26.05,16189,418338,TWSE_RWD_JSON_MI_INDEX
20250314,1419,新紡,TWSE,43.65,43.95,43.5,43.7,18011,787579,TWSE_RWD_JSON_MI_INDEX
20250314,1423,利華,TWSE,37.5,37.95,36.9,37.0,36041,1338731,TWSE_RWD_JSON_MI_INDEX
20250314,1432,大魯閣,TWSE,19.1,19.3,19.1,19.25,248312,4769666,TWSE_RWD_JSON_MI_INDEX
20250314,1434,福懋,TWSE,19.3,19.55,19.2,19.55,1614459,31347061,TWSE_RWD_JSON_MI_INDEX
20250314,1435,中福,TWSE,31.5,32.35,31.5,32.35,3050,97000,TWSE_RWD_JSON_MI_INDEX
20250314,1436,華友聯,TWSE,141.5,142.0,140.0,140.5,596542,83989539,TWSE_RWD_JSON_MI_INDEX
20250314,1437,勤益控,TWSE,34.3,34.75,34.2,34.55,115728,3986011,TWSE_RWD_JSON_MI_INDEX
20250314,1438,三地開發,TWSE,49.3,49.3,48.55,48.9,115138,5636504,TWSE_RWD_JSON_MI_INDEX
20250314,1439,雋揚,TWSE,32.4,32.4,32.1,32.2,13000,419250,TWSE_RWD_JSON_MI_INDEX
20250314,1440,南紡,TWSE,14.2,14.35,14.15,14.35,664075,9456439,TWSE_RWD_JSON_MI_INDEX
20250314,1441,大東,TWSE,13.25,13.45,13.25,13.3,17630,235577,TWSE_RWD_JSON_MI_INDEX
20250314,1442,名軒,TWSE,78.9,80.9,78.9,79.8,642414,51525407,TWSE_RWD_JSON_MI_INDEX
20250314,1443,立益物流,TWSE,30.55,30.65,30.1,30.5,15480,469423,TWSE_RWD_JSON_MI_INDEX
20250314,1444,力麗,TWSE,8.28,8.35,8.27,8.35,537409,4468543,TWSE_RWD_JSON_MI_INDEX
20250314,1445,大宇,TWSE,17.0,17.05,16.85,16.85,48511,820914,TWSE_RWD_JSON_MI_INDEX
20250314,1446,宏和,TWSE,36.9,36.9,34.85,35.0,4445353,157491545,TWSE_RWD_JSON_MI_INDEX
20250314,1447,力鵬,TWSE,7.0,7.07,7.0,7.05,564257,3969914,TWSE_RWD_JSON_MI_INDEX
20250314,1449,佳和,TWSE,17.9,18.05,17.7,17.95,750327,13422694,TWSE_RWD_JSON_MI_INDEX
20250314,1451,年興,TWSE,20.4,20.75,20.4,20.7,435716,8944822,TWSE_RWD_JSON_MI_INDEX
20250314,1452,宏益,TWSE,15.0,15.15,15.0,15.15,60443,914464,TWSE_RWD_JSON_MI_INDEX
20250314,1453,大將,TWSE,16.6,16.65,16.35,16.65,51995,858778,TWSE_RWD_JSON_MI_INDEX
20250314,1454,台富,TWSE,15.5,15.8,15.45,15.75,482064,7526591,TWSE_RWD_JSON_MI_INDEX
20250314,1455,集盛,TWSE,9.93,10.1,9.9,10.1,570805,5693957,TWSE_RWD_JSON_MI_INDEX
20250314,1456,怡華,TWSE,16.5,16.5,15.9,16.3,30021,485192,TWSE_RWD_JSON_MI_INDEX
20250314,1457,宜進,TWSE,20.55,20.55,20.05,20.2,560814,11326323,TWSE_RWD_JSON_MI_INDEX
20250314,1459,聯發,TWSE,12.5,12.65,12.5,12.55,315331,3966854,TWSE_RWD_JSON_MI_INDEX
20250314,1460,宏遠,TWSE,7.2,7.24,7.18,7.24,559687,4039445,TWSE_RWD_JSON_MI_INDEX
20250314,1463,強盛新,TWSE,28.55,29.75,28.0,28.4,3662203,106017176,TWSE_RWD_JSON_MI_INDEX
20250314,1464,得力,TWSE,18.0,18.05,17.7,17.8,1773300,31662907,TWSE_RWD_JSON_MI_INDEX
20250314,1465,偉全,TWSE,14.4,14.45,14.25,14.3,66495,951202,TWSE_RWD_JSON_MI_INDEX
20250314,1466,聚隆,TWSE,16.55,17.0,16.25,17.0,2383099,39788673,TWSE_RWD_JSON_MI_INDEX
20250314,1467,南緯,TWSE,10.35,10.35,10.25,10.3,41622,427615,TWSE_RWD_JSON_MI_INDEX
20250314,1468,昶和,TWSE,14.1,14.1,13.95,14.05,39006,547191,TWSE_RWD_JSON_MI_INDEX
20250314,1470,大統新創,TWSE,22.5,22.5,22.5,22.5,1000,22500,TWSE_RWD_JSON_MI_INDEX
20250314,1471,首利,TWSE,12.3,12.35,12.05,12.3,373010,4556115,TWSE_RWD_JSON_MI_INDEX
20250314,1472,三洋實業,TWSE,83.0,85.6,83.0,85.5,331820,28139556,TWSE_RWD_JSON_MI_INDEX
20250314,1473,台南,TWSE,36.95,37.1,36.45,37.1,125328,4620023,TWSE_RWD_JSON_MI_INDEX
20250314,1474,弘裕,TWSE,13.85,14.0,13.7,14.0,353378,4917357,TWSE_RWD_JSON_MI_INDEX
20250314,1475,業旺,TWSE,58.3,58.7,58.0,58.5,36124,2107735,TWSE_RWD_JSON_MI_INDEX
20250314,1476,儒鴻,TWSE,499.5,500.0,492.0,492.0,494794,244827185,TWSE_RWD_JSON_MI_INDEX
20250314,1477,聚陽,TWSE,350.0,351.5,332.0,338.5,3734708,1267052206,TWSE_RWD_JSON_MI_INDEX
20250314,1503,士電,TWSE,168.0,169.0,165.5,168.5,1099961,184001426,TWSE_RWD_JSON_MI_INDEX
20250314,1504,東元,TWSE,54.1,54.4,53.6,53.8,2528666,136243285,TWSE_RWD_JSON_MI_INDEX
20250314,1506,正道,TWSE,12.9,12.9,12.7,12.85,64109,820504,TWSE_RWD_JSON_MI_INDEX
20250314,1512,瑞利,TWSE,7.0,7.0,7.0,7.0,9066,63436,TWSE_RWD_JSON_MI_INDEX
20250314,1513,中興電,TWSE,144.0,146.0,142.0,145.5,3726465,537674156,TWSE_RWD_JSON_MI_INDEX
20250314,1514,亞力,TWSE,107.0,110.0,105.5,110.0,3535823,381312976,TWSE_RWD_JSON_MI_INDEX
20250314,1515,力山,TWSE,35.15,35.35,35.05,35.1,148893,5238241,TWSE_RWD_JSON_MI_INDEX
20250314,1516,川飛,TWSE,16.1,16.2,16.0,16.15,114313,1841149,TWSE_RWD_JSON_MI_INDEX
20250314,1517,利奇,TWSE,14.3,14.3,14.15,14.25,59185,841974,TWSE_RWD_JSON_MI_INDEX
20250314,1519,華城,TWSE,550.0,555.0,533.0,540.0,4874043,2641361213,TWSE_RWD_JSON_MI_INDEX
20250314,1521,大億,TWSE,28.8,29.2,28.65,29.2,85056,2450298,TWSE_RWD_JSON_MI_INDEX
20250314,1522,堤維西,TWSE,57.5,59.5,57.3,58.5,3257926,190336426,TWSE_RWD_JSON_MI_INDEX
20250314,1524,耿鼎,TWSE,40.35,42.0,40.2,41.35,14579934,600848739,TWSE_RWD_JSON_MI_INDEX
20250314,1525,江申,TWSE,62.1,63.3,61.5,63.3,33574,2092570,TWSE_RWD_JSON_MI_INDEX
20250314,1526,日馳,TWSE,25.55,26.0,25.45,25.7,41180,1056201,TWSE_RWD_JSON_MI_INDEX
20250314,1527,鑽全,TWSE,42.6,43.05,41.85,42.95,835771,35385300,TWSE_RWD_JSON_MI_INDEX
20250314,1528,恩德,TWSE,16.15,17.35,15.95,16.95,10999827,186535837,TWSE_RWD_JSON_MI_INDEX
20250314,1529,樂事綠能,TWSE,26.4,27.3,26.25,27.3,1035341,27704709,TWSE_RWD_JSON_MI_INDEX
20250314,1530,亞崴,TWSE,32.35,32.6,32.35,32.4,18952,614310,TWSE_RWD_JSON_MI_INDEX
20250314,1531,高林股,TWSE,13.55,13.75,13.35,13.6,221760,3001620,TWSE_RWD_JSON_MI_INDEX
20250314,1532,勤美,TWSE,30.1,30.7,30.1,30.5,1069575,32545560,TWSE_RWD_JSON_MI_INDEX
20250314,1533,車王電,TWSE,38.3,39.2,38.3,38.5,59892,2313742,TWSE_RWD_JSON_MI_INDEX
20250314,1535,中宇,TWSE,59.3,59.7,59.3,59.7,25546,1521919,TWSE_RWD_JSON_MI_INDEX
20250314,1536,和大,TWSE,72.0,73.5,70.3,73.5,8426689,607734371,TWSE_RWD_JSON_MI_INDEX
20250314,1537,廣隆,TWSE,155.0,155.5,152.5,154.0,350052,53828232,TWSE_RWD_JSON_MI_INDEX
20250314,1538,正峰,TWSE,29.95,30.35,29.95,30.35,3153,93579,TWSE_RWD_JSON_MI_INDEX
20250314,1539,巨庭,TWSE,22.6,23.05,22.6,22.9,108101,2471423,TWSE_RWD_JSON_MI_INDEX
20250314,1540,喬福,TWSE,35.7,36.05,35.3,36.05,709105,25302930,TWSE_RWD_JSON_MI_INDEX
20250314,1541,錩泰,TWSE,28.0,28.75,27.85,28.75,99413,2802075,TWSE_RWD_JSON_MI_INDEX
20250314,1558,伸興,TWSE,111.5,111.5,110.0,110.0,116446,12852763,TWSE_RWD_JSON_MI_INDEX
20250314,1560,中砂,TWSE,253.0,253.5,249.0,252.0,410686,103171143,TWSE_RWD_JSON_MI_INDEX
20250314,1563,巧新,TWSE,68.7,69.6,68.0,69.5,628420,43249419,TWSE_RWD_JSON_MI_INDEX
20250314,1568,倉佑,TWSE,27.95,28.8,27.85,28.15,132449,3725990,TWSE_RWD_JSON_MI_INDEX
20250314,1582,信錦,TWSE,101.5,102.0,100.5,101.5,460228,46572161,TWSE_RWD_JSON_MI_INDEX
20250314,1583,程泰,TWSE,62.2,62.4,61.8,62.0,15883,984756,TWSE_RWD_JSON_MI_INDEX
20250314,1587,吉茂,TWSE,35.55,35.65,34.5,35.45,173498,6144375,TWSE_RWD_JSON_MI_INDEX
20250314,1589,永冠-KY,TWSE,40.15,40.9,39.45,39.7,338194,13528490,TWSE_RWD_JSON_MI_INDEX
20250314,1590,亞德客-KY,TWSE,945.0,955.0,921.0,929.0,530238,495896317,TWSE_RWD_JSON_MI_INDEX
20250314,1597,直得,TWSE,96.3,97.0,94.4,95.7,853743,81579124,TWSE_RWD_JSON_MI_INDEX
20250314,1598,岱宇,TWSE,28.3,28.9,28.0,28.3,816325,23194939,TWSE_RWD_JSON_MI_INDEX
20250314,1603,華電,TWSE,37.0,37.45,36.9,37.4,297173,11061960,TWSE_RWD_JSON_MI_INDEX
20250314,1604,聲寶,TWSE,28.3,28.5,28.3,28.5,186965,5318667,TWSE_RWD_JSON_MI_INDEX
20250314,1605,華新,TWSE,26.05,26.8,26.0,26.6,20314211,536873015,TWSE_RWD_JSON_MI_INDEX
20250314,1608,華榮,TWSE,27.4,27.95,27.3,27.85,1785124,49419766,TWSE_RWD_JSON_MI_INDEX
20250314,1609,大亞,TWSE,42.6,43.45,42.3,43.3,3446238,148207110,TWSE_RWD_JSON_MI_INDEX
20250314,1611,中電,TWSE,16.1,16.35,16.1,16.35,399466,6503678,TWSE_RWD_JSON_MI_INDEX
20250314,1612,宏泰,TWSE,34.25,34.65,34.1,34.55,653828,22506005,TWSE_RWD_JSON_MI_INDEX
20250314,1614,三洋電,TWSE,39.5,39.8,39.5,39.7,37000,1468300,TWSE_RWD_JSON_MI_INDEX
20250314,1615,大山,TWSE,61.2,61.2,59.9,60.7,262705,15820529,TWSE_RWD_JSON_MI_INDEX
20250314,1616,億泰,TWSE,21.7,22.05,21.45,21.95,1343325,29249220,TWSE_RWD_JSON_MI_INDEX
20250314,1617,榮星,TWSE,17.7,18.05,17.6,18.05,202364,3610392,TWSE_RWD_JSON_MI_INDEX
20250314,1618,合機,TWSE,45.7,46.4,45.65,46.15,970738,44662207,TWSE_RWD_JSON_MI_INDEX
20250314,1626,艾美特-KY,TWSE,13.85,13.95,13.85,13.95,25315,352054,TWSE_RWD_JSON_MI_INDEX
20250314,1702,南僑,TWSE,50.3,50.7,50.1,50.7,347376,17544517,TWSE_RWD_JSON_MI_INDEX
20250314,1707,葡萄王,TWSE,147.0,147.0,145.5,146.0,112616,16447828,TWSE_RWD_JSON_MI_INDEX
20250314,1708,東鹼,TWSE,41.7,42.85,41.7,42.75,4160595,176801958,TWSE_RWD_JSON_MI_INDEX
20250314,1709,和益,TWSE,20.55,20.7,20.3,20.55,988093,20249825,TWSE_RWD_JSON_MI_INDEX
20250314,1710,東聯,TWSE,16.1,16.3,15.85,16.05,2399969,38451585,TWSE_RWD_JSON_MI_INDEX
20250314,1711,永光,TWSE,20.5,20.85,20.5,20.85,720593,14917194,TWSE_RWD_JSON_MI_INDEX
20250314,1712,興農,TWSE,43.1,44.45,43.1,43.4,1712404,75038236,TWSE_RWD_JSON_MI_INDEX
20250314,1713,國化,TWSE,56.3,57.4,55.7,56.3,571568,32237521,TWSE_RWD_JSON_MI_INDEX
20250314,1714,和桐,TWSE,8.35,8.49,8.35,8.48,2784237,23523795,TWSE_RWD_JSON_MI_INDEX
20250314,1717,長興,TWSE,28.6,28.85,28.6,28.8,956409,27502903,TWSE_RWD_JSON_MI_INDEX
20250314,1718,中纖,TWSE,7.16,7.28,7.16,7.28,3111934,22514020,TWSE_RWD_JSON_MI_INDEX
20250314,1720,生達,TWSE,62.6,63.0,62.6,62.8,131389,8254556,TWSE_RWD_JSON_MI_INDEX
20250314,1721,三晃,TWSE,14.75,15.2,14.75,15.1,574960,8628555,TWSE_RWD_JSON_MI_INDEX
20250314,1722,台肥,TWSE,52.4,52.8,52.1,52.5,933343,49017916,TWSE_RWD_JSON_MI_INDEX
20250314,1723,中碳,TWSE,98.2,99.0,98.0,99.0,172647,17003417,TWSE_RWD_JSON_MI_INDEX
20250314,1725,元禎,TWSE,35.45,35.75,34.15,35.35,63093,2221499,TWSE_RWD_JSON_MI_INDEX
20250314,1726,永記,TWSE,76.0,76.2,75.7,76.1,33516,2548736,TWSE_RWD_JSON_MI_INDEX
20250314,1727,中華化,TWSE,28.3,29.1,28.3,28.9,444101,12783148,TWSE_RWD_JSON_MI_INDEX
20250314,1730,花仙子,TWSE,54.9,55.6,54.5,55.3,34762,1921008,TWSE_RWD_JSON_MI_INDEX
20250314,1731,美吾華,TWSE,23.65,23.95,23.65,23.85,155095,3695643,TWSE_RWD_JSON_MI_INDEX
20250314,1732,毛寶,TWSE,27.55,27.65,27.25,27.55,99719,2740004,TWSE_RWD_JSON_MI_INDEX
20250314,1733,五鼎,TWSE,32.3,32.85,32.15,32.8,457320,14887429,TWSE_RWD_JSON_MI_INDEX
20250314,1734,杏輝,TWSE,31.25,31.6,31.25,31.55,92945,2923715,TWSE_RWD_JSON_MI_INDEX
20250314,1735,日勝化,TWSE,20.05,20.25,20.0,20.2,17259,347287,TWSE_RWD_JSON_MI_INDEX
20250314,1736,喬山,TWSE,203.0,207.5,195.0,198.0,1818503,365305466,TWSE_RWD_JSON_MI_INDEX
20250314,1737,臺鹽,TWSE,32.5,32.65,32.35,32.65,141806,4607010,TWSE_RWD_JSON_MI_INDEX
20250314,1752,南光,TWSE,42.25,42.6,42.15,42.55,56731,2401924,TWSE_RWD_JSON_MI_INDEX
20250314,1760,寶齡富錦,TWSE,82.4,83.0,82.0,82.5,77137,6365313,TWSE_RWD_JSON_MI_INDEX
20250314,1762,中化生,TWSE,32.85,33.05,32.5,32.95,154841,5071896,TWSE_RWD_JSON_MI_INDEX
20250314,1773,勝一,TWSE,153.0,154.5,152.5,154.5,251852,38643452,TWSE_RWD_JSON_MI_INDEX
20250314,1776,展宇,TWSE,19.35,19.65,19.3,19.4,200464,3902209,TWSE_RWD_JSON_MI_INDEX
20250314,1783,和康生,TWSE,46.7,47.55,46.4,47.2,138951,6516360,TWSE_RWD_JSON_MI_INDEX
20250314,1786,科妍,TWSE,122.0,123.5,120.0,123.5,632555,77276798,TWSE_RWD_JSON_MI_INDEX
20250314,1789,神隆,TWSE,22.8,22.8,22.5,22.7,329787,7459818,TWSE_RWD_JSON_MI_INDEX
20250314,1795,美時,TWSE,258.0,258.5,252.5,254.5,1413745,359785513,TWSE_RWD_JSON_MI_INDEX
20250314,1802,台玻,TWSE,18.5,18.6,17.5,17.7,49368801,886822811,TWSE_RWD_JSON_MI_INDEX
20250314,1805,寶徠,TWSE,15.6,15.7,15.55,15.55,66638,1039025,TWSE_RWD_JSON_MI_INDEX
20250314,1806,冠軍,TWSE,9.61,9.74,9.6,9.74,489478,4738439,TWSE_RWD_JSON_MI_INDEX
20250314,1808,潤隆,TWSE,34.25,34.25,33.7,34.05,1992058,67724225,TWSE_RWD_JSON_MI_INDEX
20250314,1809,中釉,TWSE,18.7,18.75,18.45,18.65,390511,7265371,TWSE_RWD_JSON_MI_INDEX
20250314,1810,和成,TWSE,16.85,17.1,16.8,17.0,244087,4136212,TWSE_RWD_JSON_MI_INDEX
20250314,1817,凱撒衛,TWSE,48.75,49.1,48.5,49.0,121119,5902290,TWSE_RWD_JSON_MI_INDEX
20250314,1903,士紙,TWSE,48.85,50.0,48.8,50.0,172333,8499940,TWSE_RWD_JSON_MI_INDEX
20250314,1904,正隆,TWSE,20.1,20.45,20.05,20.45,858554,17421601,TWSE_RWD_JSON_MI_INDEX
20250314,1905,華紙,TWSE,16.6,16.85,16.5,16.8,1048461,17504489,TWSE_RWD_JSON_MI_INDEX
20250314,1906,寶隆,TWSE,13.8,14.0,13.75,13.95,35660,496132,TWSE_RWD_JSON_MI_INDEX
20250314,1907,永豐餘,TWSE,29.8,30.0,29.6,30.0,749365,22362513,TWSE_RWD_JSON_MI_INDEX
20250314,1909,榮成,TWSE,11.3,11.45,11.2,11.35,1254580,14222807,TWSE_RWD_JSON_MI_INDEX
20250314,2002,中鋼,TWSE,23.8,24.3,23.75,24.3,43882740,1061724451,TWSE_RWD_JSON_MI_INDEX
20250314,2006,東和鋼鐵,TWSE,77.7,78.7,77.2,77.4,2942744,229151559,TWSE_RWD_JSON_MI_INDEX
20250314,2007,燁興,TWSE,10.9,10.9,10.6,10.6,248741,2658100,TWSE_RWD_JSON_MI_INDEX
20250314,2008,高興昌,TWSE,28.35,28.35,27.4,27.95,77482,2146432,TWSE_RWD_JSON_MI_INDEX
20250314,2009,第一銅,TWSE,41.4,42.6,41.4,42.35,4186562,175952689,TWSE_RWD_JSON_MI_INDEX
20250314,2010,春源,TWSE,19.4,20.25,19.4,20.15,3693159,73883152,TWSE_RWD_JSON_MI_INDEX
20250314,2012,春雨,TWSE,25.45,26.15,25.1,26.15,198762,5047233,TWSE_RWD_JSON_MI_INDEX
20250314,2013,中鋼構,TWSE,51.9,52.3,51.8,51.8,113845,5919084,TWSE_RWD_JSON_MI_INDEX
20250314,2014,中鴻,TWSE,23.85,24.45,23.65,24.2,13879073,334737014,TWSE_RWD_JSON_MI_INDEX
20250314,2015,豐興,TWSE,72.5,74.3,72.2,74.2,1382896,101628248,TWSE_RWD_JSON_MI_INDEX
20250314,2017,官田鋼,TWSE,12.1,12.4,12.1,12.3,370711,4557214,TWSE_RWD_JSON_MI_INDEX
20250314,2020,美亞,TWSE,29.05,29.55,29.05,29.35,1617487,47340579,TWSE_RWD_JSON_MI_INDEX
20250314,2022,聚亨,TWSE,10.0,10.25,10.0,10.15,882283,8946776,TWSE_RWD_JSON_MI_INDEX
20250314,2023,燁輝,TWSE,17.15,17.25,16.9,17.2,4663298,79875892,TWSE_RWD_JSON_MI_INDEX
20250314,2024,志聯,TWSE,19.3,19.4,19.1,19.2,21913,421406,TWSE_RWD_JSON_MI_INDEX
20250314,2025,千興,TWSE,17.3,17.7,17.3,17.55,170698,2979093,TWSE_RWD_JSON_MI_INDEX
20250314,2027,大成鋼,TWSE,49.65,51.8,49.6,51.1,67561329,3446348986,TWSE_RWD_JSON_MI_INDEX
20250314,2028,威致,TWSE,22.75,23.35,22.75,23.25,229229,5309159,TWSE_RWD_JSON_MI_INDEX
20250314,2029,盛餘,TWSE,27.35,27.6,27.15,27.55,539263,14767102,TWSE_RWD_JSON_MI_INDEX
20250314,2030,彰源,TWSE,18.75,19.1,18.75,18.9,573007,10859914,TWSE_RWD_JSON_MI_INDEX
20250314,2031,新光鋼,TWSE,52.6,53.2,51.8,51.8,1269258,66322870,TWSE_RWD_JSON_MI_INDEX
20250314,2032,新鋼,TWSE,19.8,20.45,19.8,20.2,1592806,32142414,TWSE_RWD_JSON_MI_INDEX
20250314,2033,佳大,TWSE,22.65,22.65,22.3,22.4,173103,3880161,TWSE_RWD_JSON_MI_INDEX
20250314,2034,允強,TWSE,26.3,26.85,26.25,26.4,5090026,134944675,TWSE_RWD_JSON_MI_INDEX
20250314,2038,海光,TWSE,19.3,19.65,19.25,19.5,1210355,23601882,TWSE_RWD_JSON_MI_INDEX
20250314,2049,上銀,TWSE,296.0,298.0,289.5,295.5,4453669,1310564289,TWSE_RWD_JSON_MI_INDEX
20250314,2059,川湖,TWSE,1885.0,1900.0,1840.0,1895.0,805418,1504448940,TWSE_RWD_JSON_MI_INDEX
20250314,2062,橋椿,TWSE,32.75,32.75,32.25,32.75,473154,15394361,TWSE_RWD_JSON_MI_INDEX
20250314,2069,運錩,TWSE,19.25,19.5,19.1,19.3,299496,5774285,TWSE_RWD_JSON_MI_INDEX
20250314,2101,南港,TWSE,43.0,43.35,42.7,42.9,1328494,57033933,TWSE_RWD_JSON_MI_INDEX
20250314,2102,泰豐,TWSE,17.45,17.65,17.3,17.65,384332,6729170,TWSE_RWD_JSON_MI_INDEX
20250314,2103,台橡,TWSE,20.55,20.8,20.5,20.8,718078,14842063,TWSE_RWD_JSON_MI_INDEX
20250314,2104,國際中橡,TWSE,12.15,12.5,12.15,12.45,1498390,18542157,TWSE_RWD_JSON_MI_INDEX
20250314,2105,正新,TWSE,50.9,51.2,50.2,50.6,4343190,220114862,TWSE_RWD_JSON_MI_INDEX
20250314,2106,建大,TWSE,28.1,28.3,27.9,28.2,300334,8429861,TWSE_RWD_JSON_MI_INDEX
20250314,2107,厚生,TWSE,26.3,26.5,26.3,26.45,153011,4039606,TWSE_RWD_JSON_MI_INDEX
20250314,2108,南帝,TWSE,32.6,32.9,32.45,32.75,301413,9829749,TWSE_RWD_JSON_MI_INDEX
20250314,2109,華豐,TWSE,18.6,18.9,18.4,18.9,413729,7696655,TWSE_RWD_JSON_MI_INDEX
20250314,2114,鑫永銓,TWSE,93.2,97.9,93.2,95.3,93172,8852911,TWSE_RWD_JSON_MI_INDEX
20250314,2115,六暉-KY,TWSE,30.25,30.45,30.25,30.3,15019,456734,TWSE_RWD_JSON_MI_INDEX
20250314,2201,裕隆,TWSE,44.95,45.75,44.95,45.3,1775219,80501401,TWSE_RWD_JSON_MI_INDEX
20250314,2204,中華,TWSE,79.2,79.4,78.5,78.5,1365263,107702236,TWSE_RWD_JSON_MI_INDEX
20250314,2206,三陽工業,TWSE,69.1,70.1,69.1,69.9,1296312,90597717,TWSE_RWD_JSON_MI_INDEX
20250314,2207,和泰車,TWSE,608.0,613.0,605.0,605.0,293710,178674940,TWSE_RWD_JSON_MI_INDEX
20250314,2208,台船,TWSE,16.1,16.5,16.1,16.5,1136689,18537193,TWSE_RWD_JSON_MI_INDEX
20250314,2211,長榮鋼,TWSE,99.1,99.4,93.6,94.0,3520445,334553587,TWSE_RWD_JSON_MI_INDEX
20250314,2227,裕日車,TWSE,75.0,80.5,75.0,79.6,67874,5349580,TWSE_RWD_JSON_MI_INDEX
20250314,2228,劍麟,TWSE,96.0,97.0,95.0,96.2,249034,23845040,TWSE_RWD_JSON_MI_INDEX
20250314,2231,為升,TWSE,87.8,89.4,87.4,89.3,361574,31990481,TWSE_RWD_JSON_MI_INDEX
20250314,2233,宇隆,TWSE,215.0,215.0,208.0,212.5,501333,105640666,TWSE_RWD_JSON_MI_INDEX
20250314,2236,百達-KY,TWSE,110.5,112.5,109.0,112.0,205831,22827889,TWSE_RWD_JSON_MI_INDEX
20250314,2239,英利-KY,TWSE,37.5,38.0,36.6,37.05,75242,2790078,TWSE_RWD_JSON_MI_INDEX
20250314,2241,艾姆勒,TWSE,30.35,30.65,29.5,30.1,252483,7564805,TWSE_RWD_JSON_MI_INDEX
20250314,2243,宏旭-KY,TWSE,15.8,15.95,15.65,15.8,202917,3208587,TWSE_RWD_JSON_MI_INDEX
20250314,2247,汎德永業,TWSE,318.0,323.0,317.0,319.5,187855,60210705,TWSE_RWD_JSON_MI_INDEX
20250314,2248,華勝-KY,TWSE,59.5,60.4,57.0,58.4,714684,41777904,TWSE_RWD_JSON_MI_INDEX
20250314,2250,IKKA-KY,TWSE,127.5,131.0,125.5,130.0,764830,98545612,TWSE_RWD_JSON_MI_INDEX
20250314,2254,巨鎧精密-創,TWSE,69.2,71.5,68.8,71.5,38302,2723824,TWSE_RWD_JSON_MI_INDEX
20250314,2258,鴻華先進-創,TWSE,45.6,46.1,45.1,46.1,568025,25843461,TWSE_RWD_JSON_MI_INDEX
20250314,2301,光寶科,TWSE,106.0,106.5,105.0,105.5,5977471,630881180,TWSE_RWD_JSON_MI_INDEX
20250314,2302,麗正,TWSE,20.8,21.05,20.7,20.8,318630,6649279,TWSE_RWD_JSON_MI_INDEX
20250314,2303,聯電,TWSE,43.55,45.05,43.5,44.9,68624821,3058406434,TWSE_RWD_JSON_MI_INDEX
20250314,2305,全友,TWSE,13.85,13.95,13.7,13.8,241217,3336687,TWSE_RWD_JSON_MI_INDEX
20250314,2308,台達電,TWSE,385.0,386.0,377.0,378.5,9504845,3613191597,TWSE_RWD_JSON_MI_INDEX
20250314,2312,金寶,TWSE,23.5,23.7,23.2,23.55,9303224,218357587,TWSE_RWD_JSON_MI_INDEX
20250314,2313,華通,TWSE,65.8,65.8,64.8,65.5,3594883,234857490,TWSE_RWD_JSON_MI_INDEX
20250314,2314,台揚,TWSE,29.8,30.35,29.8,30.1,1166166,34943135,TWSE_RWD_JSON_MI_INDEX
20250314,2316,楠梓電,TWSE,45.4,45.4,44.6,45.0,237071,10680872,TWSE_RWD_JSON_MI_INDEX
20250314,2317,鴻海,TWSE,168.5,170.5,168.0,170.0,33052530,5596145369,TWSE_RWD_JSON_MI_INDEX
20250314,2321,東訊,TWSE,14.0,14.5,13.7,14.5,8144,116616,TWSE_RWD_JSON_MI_INDEX
20250314,2323,中環,TWSE,9.73,9.86,9.73,9.81,1634393,16034036,TWSE_RWD_JSON_MI_INDEX
20250314,2324,仁寶,TWSE,38.4,38.6,37.8,38.15,13085762,499649399,TWSE_RWD_JSON_MI_INDEX
20250314,2327,國巨*,TWSE,525.0,527.0,518.0,523.0,1370728,716955349,TWSE_RWD_JSON_MI_INDEX
20250314,2328,廣宇,TWSE,55.1,55.7,52.8,53.7,94896469,5119933763,TWSE_RWD_JSON_MI_INDEX
20250314,2329,華泰,TWSE,36.75,37.0,36.25,37.0,1450028,53110463,TWSE_RWD_JSON_MI_INDEX
20250314,2330,台積電,TWSE,965.0,969.0,955.0,959.0,42394920,40803705615,TWSE_RWD_JSON_MI_INDEX
20250314,2331,精英,TWSE,20.0,20.3,19.9,20.3,1350365,27153292,TWSE_RWD_JSON_MI_INDEX
20250314,2332,友訊,TWSE,20.5,20.65,20.2,20.6,3069293,62739694,TWSE_RWD_JSON_MI_INDEX
20250314,2337,旺宏,TWSE,21.15,21.95,20.95,21.8,11318468,243111154,TWSE_RWD_JSON_MI_INDEX
20250314,2338,光罩,TWSE,44.2,45.4,44.2,45.2,752106,33754448,TWSE_RWD_JSON_MI_INDEX
20250314,2340,台亞,TWSE,25.25,25.5,25.1,25.5,1284384,32532712,TWSE_RWD_JSON_MI_INDEX
20250314,2342,茂矽,TWSE,29.25,29.5,29.2,29.5,314943,9251261,TWSE_RWD_JSON_MI_INDEX
20250314,2344,華邦電,TWSE,21.0,21.15,20.35,20.95,174956425,3633832520,TWSE_RWD_JSON_MI_INDEX
20250314,2345,智邦,TWSE,641.0,646.0,605.0,639.0,9123037,5752807237,TWSE_RWD_JSON_MI_INDEX
20250314,2347,聯強,TWSE,72.5,73.5,72.1,73.4,4591217,335854629,TWSE_RWD_JSON_MI_INDEX
20250314,2348,海悅,TWSE,176.5,177.5,171.0,171.0,547436,94793851,TWSE_RWD_JSON_MI_INDEX
20250314,2349,錸德,TWSE,12.6,12.75,12.5,12.7,2110438,26673476,TWSE_RWD_JSON_MI_INDEX
20250314,2351,順德,TWSE,91.3,91.9,90.1,91.4,764253,69505895,TWSE_RWD_JSON_MI_INDEX
20250314,2352,佳世達,TWSE,31.15,31.7,31.1,31.5,3514252,110232433,TWSE_RWD_JSON_MI_INDEX
20250314,2353,宏碁,TWSE,38.2,38.5,37.75,37.95,10966041,416847839,TWSE_RWD_JSON_MI_INDEX
20250314,2354,鴻準,TWSE,68.7,70.3,68.7,70.1,10075411,701096970,TWSE_RWD_JSON_MI_INDEX
20250314,2355,敬鵬,TWSE,36.25,36.4,35.9,36.25,1182319,42693370,TWSE_RWD_JSON_MI_INDEX
20250314,2356,英業達,TWSE,46.45,46.75,45.8,46.5,11210800,518173361,TWSE_RWD_JSON_MI_INDEX
20250314,2357,華碩,TWSE,614.0,614.0,605.0,608.0,3937221,2396704990,TWSE_RWD_JSON_MI_INDEX
20250314,2359,所羅門,TWSE,152.0,159.0,148.0,158.0,8154810,1251466150,TWSE_RWD_JSON_MI_INDEX
20250314,2360,致茂,TWSE,314.5,318.0,310.0,316.0,1228559,386903484,TWSE_RWD_JSON_MI_INDEX
20250314,2362,藍天,TWSE,53.6,54.7,53.0,54.0,4803693,258517835,TWSE_RWD_JSON_MI_INDEX
20250314,2363,矽統,TWSE,60.9,61.0,59.8,60.7,3893182,235181096,TWSE_RWD_JSON_MI_INDEX
20250314,2364,倫飛,TWSE,86.2,86.8,85.5,86.3,94886,8161579,TWSE_RWD_JSON_MI_INDEX
20250314,2365,昆盈,TWSE,42.9,43.35,42.2,43.2,2694487,115551063,TWSE_RWD_JSON_MI_INDEX
20250314,2367,燿華,TWSE,28.8,29.0,28.35,28.8,4059874,116371640,TWSE_RWD_JSON_MI_INDEX
20250314,2368,金像電,TWSE,225.0,225.5,214.5,216.5,8045436,1764182997,TWSE_RWD_JSON_MI_INDEX
20250314,2369,菱生,TWSE,16.85,17.1,16.8,17.05,502982,8532535,TWSE_RWD_JSON_MI_INDEX
20250314,2371,大同,TWSE,43.65,45.0,43.4,44.85,24848175,1105844303,TWSE_RWD_JSON_MI_INDEX
20250314,2373,震旦行,TWSE,64.9,65.8,64.9,65.8,34619,2266257,TWSE_RWD_JSON_MI_INDEX
20250314,2374,佳能,TWSE,58.3,58.4,56.0,57.2,10677493,610450530,TWSE_RWD_JSON_MI_INDEX
20250314,2375,凱美,TWSE,63.0,63.3,62.0,63.3,320655,20111918,TWSE_RWD_JSON_MI_INDEX
20250314,2376,技嘉,TWSE,257.0,261.5,252.0,260.0,3666448,943742791,TWSE_RWD_JSON_MI_INDEX
20250314,2377,微星,TWSE,168.0,171.5,164.0,171.0,6454202,1088255137,TWSE_RWD_JSON_MI_INDEX
20250314,2379,瑞昱,TWSE,542.0,544.0,534.0,538.0,2309994,1243103165,TWSE_RWD_JSON_MI_INDEX
20250314,2380,虹光,TWSE,4.47,4.47,4.44,4.45,40976,182692,TWSE_RWD_JSON_MI_INDEX
20250314,2382,廣達,TWSE,259.0,260.0,256.0,256.5,12717403,3280209700,TWSE_RWD_JSON_MI_INDEX
20250314,2383,台光電,TWSE,585.0,590.0,580.0,580.0,2243973,1310624562,TWSE_RWD_JSON_MI_INDEX
20250314,2385,群光,TWSE,175.5,175.5,169.0,169.0,3446830,588721072,TWSE_RWD_JSON_MI_INDEX
20250314,2387,精元,TWSE,68.2,68.3,67.1,67.3,846522,57189014,TWSE_RWD_JSON_MI_INDEX
20250314,2388,威盛,TWSE,86.4,86.5,84.4,85.6,2093030,178615042,TWSE_RWD_JSON_MI_INDEX
20250314,2390,云辰,TWSE,11.9,12.0,11.75,11.9,288280,3426371,TWSE_RWD_JSON_MI_INDEX
20250314,2392,正崴,TWSE,61.7,62.0,60.7,61.9,1646841,101212926,TWSE_RWD_JSON_MI_INDEX
20250314,2393,億光,TWSE,81.0,85.3,80.7,84.1,8157619,682267638,TWSE_RWD_JSON_MI_INDEX
20250314,2395,研華,TWSE,395.0,395.0,378.5,382.0,2560331,976278101,TWSE_RWD_JSON_MI_INDEX
20250314,2397,友通,TWSE,76.3,77.5,75.5,77.5,145933,11141234,TWSE_RWD_JSON_MI_INDEX
20250314,2399,映泰,TWSE,23.25,23.45,23.05,23.35,1222268,28388973,TWSE_RWD_JSON_MI_INDEX
20250314,2401,凌陽,TWSE,27.7,27.95,27.25,27.7,1669976,46114058,TWSE_RWD_JSON_MI_INDEX
20250314,2402,毅嘉,TWSE,39.8,40.4,39.15,40.2,2078796,82642645,TWSE_RWD_JSON_MI_INDEX
20250314,2404,漢唐,TWSE,429.0,432.5,411.0,413.5,5163769,2144965474,TWSE_RWD_JSON_MI_INDEX
20250314,2405,輔信,TWSE,21.5,21.55,21.1,21.55,2653073,56624224,TWSE_RWD_JSON_MI_INDEX
20250314,2406,國碩,TWSE,14.2,15.2,14.2,14.8,2656240,39168276,TWSE_RWD_JSON_MI_INDEX
20250314,2408,南亞科,TWSE,42.1,43.2,40.75,43.0,93718976,3946490583,TWSE_RWD_JSON_MI_INDEX
20250314,2409,友達,TWSE,15.05,15.45,15.0,15.3,65736532,1000894748,TWSE_RWD_JSON_MI_INDEX
20250314,2412,中華電,TWSE,128.5,129.0,127.0,128.5,17334314,2222641700,TWSE_RWD_JSON_MI_INDEX
20250314,2413,環科,TWSE,24.1,24.6,24.05,24.5,214392,5217322,TWSE_RWD_JSON_MI_INDEX
20250314,2414,精技,TWSE,39.15,39.3,38.85,39.1,120765,4711590,TWSE_RWD_JSON_MI_INDEX
20250314,2415,錩新,TWSE,27.85,27.85,27.5,27.65,59740,1652951,TWSE_RWD_JSON_MI_INDEX
20250314,2417,圓剛,TWSE,48.7,49.8,48.2,49.25,9693894,473406147,TWSE_RWD_JSON_MI_INDEX
20250314,2419,仲琦,TWSE,26.65,26.85,26.4,26.75,516214,13760859,TWSE_RWD_JSON_MI_INDEX
20250314,2420,新巨,TWSE,64.2,64.3,63.8,64.0,146728,9407936,TWSE_RWD_JSON_MI_INDEX
20250314,2421,建準,TWSE,107.0,109.5,104.0,108.0,8263902,881442280,TWSE_RWD_JSON_MI_INDEX
20250314,2423,固緯,TWSE,43.6,44.95,43.6,44.95,108872,4844905,TWSE_RWD_JSON_MI_INDEX
20250314,2424,隴華,TWSE,58.6,58.8,58.6,58.8,4261,249828,TWSE_RWD_JSON_MI_INDEX
20250314,2425,承啟,TWSE,35.2,35.85,34.85,35.0,609499,21461831,TWSE_RWD_JSON_MI_INDEX
20250314,2426,鼎元,TWSE,20.05,20.3,19.95,20.25,745189,15002439,TWSE_RWD_JSON_MI_INDEX
20250314,2427,三商電,TWSE,26.4,26.6,26.2,26.45,556506,14706453,TWSE_RWD_JSON_MI_INDEX
20250314,2428,興勤,TWSE,160.5,160.5,156.5,157.5,187490,29528852,TWSE_RWD_JSON_MI_INDEX
20250314,2429,銘旺科,TWSE,47.0,49.1,46.8,48.55,9240097,446284494,TWSE_RWD_JSON_MI_INDEX
20250314,2430,燦坤,TWSE,31.05,31.4,31.05,31.4,33305,1042056,TWSE_RWD_JSON_MI_INDEX
20250314,2431,聯昌,TWSE,14.3,14.55,14.0,14.5,696879,9996457,TWSE_RWD_JSON_MI_INDEX
20250314,2432,倚天酷碁-創,TWSE,37.7,37.7,37.25,37.6,14000,524800,TWSE_RWD_JSON_MI_INDEX
20250314,2433,互盛電,TWSE,51.2,51.2,50.8,50.8,77848,3973114,TWSE_RWD_JSON_MI_INDEX
20250314,2434,統懋,TWSE,29.8,29.95,29.8,29.85,6139,183425,TWSE_RWD_JSON_MI_INDEX
20250314,2436,偉詮電,TWSE,54.6,55.1,54.1,54.8,402326,21984531,TWSE_RWD_JSON_MI_INDEX
20250314,2438,翔耀,TWSE,31.2,31.25,30.1,30.75,87535,2669267,TWSE_RWD_JSON_MI_INDEX
20250314,2439,美律,TWSE,122.0,123.5,121.0,122.5,2459998,301031052,TWSE_RWD_JSON_MI_INDEX
20250314,2440,太空梭,TWSE,11.6,11.85,11.5,11.7,113753,1329981,TWSE_RWD_JSON_MI_INDEX
20250314,2441,超豐,TWSE,61.0,61.3,60.8,61.3,334285,20435998,TWSE_RWD_JSON_MI_INDEX
20250314,2442,新美齊,TWSE,26.05,26.35,25.9,26.35,627857,16406894,TWSE_RWD_JSON_MI_INDEX
20250314,2444,兆勁,TWSE,16.1,16.2,15.85,16.15,475235,7599223,TWSE_RWD_JSON_MI_INDEX
20250314,2449,京元電子,TWSE,101.0,101.5,98.9,99.7,12746313,1271571231,TWSE_RWD_JSON_MI_INDEX
20250314,2450,神腦,TWSE,34.0,34.35,33.9,34.35,80194,2735871,TWSE_RWD_JSON_MI_INDEX
20250314,2451,創見,TWSE,100.0,103.5,100.0,100.5,3155437,320419830,TWSE_RWD_JSON_MI_INDEX
20250314,2453,凌群,TWSE,62.5,65.9,61.1,64.8,3580265,230095731,TWSE_RWD_JSON_MI_INDEX
20250314,2454,聯發科,TWSE,1400.0,1430.0,1390.0,1400.0,7265400,10227486165,TWSE_RWD_JSON_MI_INDEX
20250314,2455,全新,TWSE,127.5,129.5,125.0,129.5,3573607,455765232,TWSE_RWD_JSON_MI_INDEX
20250314,2457,飛宏,TWSE,30.5,31.0,28.35,30.95,3817524,113762214,TWSE_RWD_JSON_MI_INDEX
20250314,2458,義隆,TWSE,156.5,156.5,153.0,154.0,1175654,181468340,TWSE_RWD_JSON_MI_INDEX
20250314,2459,敦吉,TWSE,68.7,69.5,68.7,69.5,22023,1522488,TWSE_RWD_JSON_MI_INDEX
20250314,2460,建通,TWSE,22.05,22.35,21.65,22.2,173260,3819078,TWSE_RWD_JSON_MI_INDEX
20250314,2461,光群雷,TWSE,19.45,20.05,19.45,20.05,489370,9684686,TWSE_RWD_JSON_MI_INDEX
20250314,2462,良得電,TWSE,26.05,26.5,26.05,26.5,132395,3484298,TWSE_RWD_JSON_MI_INDEX
20250314,2464,盟立,TWSE,73.6,74.9,72.3,74.9,2815234,207675099,TWSE_RWD_JSON_MI_INDEX
20250314,2465,麗臺,TWSE,66.7,68.0,66.6,67.8,188303,12692838,TWSE_RWD_JSON_MI_INDEX
20250314,2466,冠西電,TWSE,89.1,92.5,87.9,88.6,1944918,175089901,TWSE_RWD_JSON_MI_INDEX
20250314,2467,志聖,TWSE,168.0,169.0,165.5,168.0,387817,64927350,TWSE_RWD_JSON_MI_INDEX
20250314,2468,華經,TWSE,43.4,43.95,41.7,42.3,15997068,683090626,TWSE_RWD_JSON_MI_INDEX
20250314,2471,資通,TWSE,57.1,57.6,55.6,57.4,710452,40285783,TWSE_RWD_JSON_MI_INDEX
20250314,2472,立隆電,TWSE,88.8,89.0,86.0,87.2,2980306,259956512,TWSE_RWD_JSON_MI_INDEX
20250314,2474,可成,TWSE,205.5,207.0,204.5,206.5,2115040,435745708,TWSE_RWD_JSON_MI_INDEX
20250314,2476,鉅祥,TWSE,88.9,89.8,86.7,88.8,1579487,139096248,TWSE_RWD_JSON_MI_INDEX
20250314,2477,美隆電,TWSE,27.4,28.05,27.0,27.75,317777,8740818,TWSE_RWD_JSON_MI_INDEX
20250314,2478,大毅,TWSE,46.65,47.05,46.55,47.05,83672,3919120,TWSE_RWD_JSON_MI_INDEX
20250314,2480,敦陽科,TWSE,145.5,147.5,145.0,145.5,169672,24727596,TWSE_RWD_JSON_MI_INDEX
20250314,2481,強茂,TWSE,51.2,51.9,50.8,51.7,966585,49874509,TWSE_RWD_JSON_MI_INDEX
20250314,2482,連宇,TWSE,23.25,23.5,23.15,23.5,79789,1859587,TWSE_RWD_JSON_MI_INDEX
20250314,2483,百容,TWSE,21.95,21.95,21.7,21.75,21329,463726,TWSE_RWD_JSON_MI_INDEX
20250314,2484,希華,TWSE,25.5,25.7,25.3,25.7,191450,4871359,TWSE_RWD_JSON_MI_INDEX
20250314,2485,兆赫,TWSE,14.15,14.45,14.15,14.35,748654,10733025,TWSE_RWD_JSON_MI_INDEX
20250314,2486,一詮,TWSE,110.0,111.0,108.5,109.0,6011861,659257503,TWSE_RWD_JSON_MI_INDEX
20250314,2488,漢平,TWSE,54.2,54.7,54.1,54.3,285563,15493716,TWSE_RWD_JSON_MI_INDEX
20250314,2489,瑞軒,TWSE,16.95,17.2,16.85,17.1,2089928,35629552,TWSE_RWD_JSON_MI_INDEX
20250314,2491,吉祥全,TWSE,13.5,13.7,13.5,13.6,8207,111490,TWSE_RWD_JSON_MI_INDEX
20250314,2492,華新科,TWSE,94.0,95.6,93.4,95.2,802100,75937072,TWSE_RWD_JSON_MI_INDEX
20250314,2493,揚博,TWSE,99.0,102.0,98.6,99.7,989626,99260248,TWSE_RWD_JSON_MI_INDEX
20250314,2495,普安,TWSE,28.5,29.1,28.35,29.1,1010141,29079427,TWSE_RWD_JSON_MI_INDEX
20250314,2496,卓越,TWSE,89.4,89.9,89.1,89.4,38658,3455269,TWSE_RWD_JSON_MI_INDEX
20250314,2497,怡利電,TWSE,58.0,58.9,57.8,58.9,432914,25249072,TWSE_RWD_JSON_MI_INDEX
20250314,2498,宏達電,TWSE,44.75,46.0,44.55,45.75,7622506,346171808,TWSE_RWD_JSON_MI_INDEX
20250314,2501,國建,TWSE,22.55,22.55,22.15,22.4,2002572,44648543,TWSE_RWD_JSON_MI_INDEX
20250314,2504,國產,TWSE,42.25,42.5,42.0,42.25,3262254,137859010,TWSE_RWD_JSON_MI_INDEX
20250314,2505,國揚,TWSE,20.7,21.0,20.45,21.0,222049,4586024,TWSE_RWD_JSON_MI_INDEX
20250314,2506,太設,TWSE,11.25,11.3,10.9,11.2,1096469,12158785,TWSE_RWD_JSON_MI_INDEX
20250314,2509,全坤建,TWSE,16.25,16.25,15.95,16.0,157939,2539924,TWSE_RWD_JSON_MI_INDEX
20250314,2511,太子,TWSE,10.25,10.3,10.15,10.25,601914,6157401,TWSE_RWD_JSON_MI_INDEX
20250314,2514,龍邦,TWSE,21.6,21.6,19.95,20.55,1373302,28187128,TWSE_RWD_JSON_MI_INDEX
20250314,2515,中工,TWSE,11.7,12.1,11.55,11.65,12594304,148092299,TWSE_RWD_JSON_MI_INDEX
20250314,2516,新建,TWSE,24.1,24.55,23.55,24.4,1821740,44042903,TWSE_RWD_JSON_MI_INDEX
20250314,2520,冠德,TWSE,56.0,56.4,55.1,56.0,2545408,142081792,TWSE_RWD_JSON_MI_INDEX
20250314,2524,京城,TWSE,58.2,58.4,55.9,57.2,1157268,66085421,TWSE_RWD_JSON_MI_INDEX
20250314,2527,宏璟,TWSE,33.25,34.5,33.25,34.5,282830,9599933,TWSE_RWD_JSON_MI_INDEX
20250314,2528,皇普,TWSE,43.25,43.35,42.85,43.1,603578,26002347,TWSE_RWD_JSON_MI_INDEX
20250314,2530,華建,TWSE,40.6,41.15,40.35,40.9,488495,19943256,TWSE_RWD_JSON_MI_INDEX
20250314,2534,宏盛,TWSE,25.5,27.0,25.25,26.1,702815,18252399,TWSE_RWD_JSON_MI_INDEX
20250314,2535,達欣工,TWSE,61.1,61.5,60.1,60.7,422962,25632605,TWSE_RWD_JSON_MI_INDEX
20250314,2536,宏普,TWSE,30.5,30.95,30.35,30.9,114513,3496605,TWSE_RWD_JSON_MI_INDEX
20250314,2537,聯上發,TWSE,13.35,13.5,13.1,13.15,1015099,13419993,TWSE_RWD_JSON_MI_INDEX
20250314,2538,基泰,TWSE,15.05,15.1,14.9,14.95,257905,3857587,TWSE_RWD_JSON_MI_INDEX
20250314,2539,櫻花建,TWSE,62.3,62.4,61.0,62.0,1285910,79327788,TWSE_RWD_JSON_MI_INDEX
20250314,2540,愛山林,TWSE,86.7,87.6,85.4,85.9,482367,41561635,TWSE_RWD_JSON_MI_INDEX
20250314,2542,興富發,TWSE,43.1,43.4,42.65,42.9,3878355,166727894,TWSE_RWD_JSON_MI_INDEX
20250314,2543,皇昌,TWSE,92.8,94.0,90.2,93.9,11033026,1020876936,TWSE_RWD_JSON_MI_INDEX
20250314,2545,皇翔,TWSE,67.9,69.4,67.1,68.8,503469,34396868,TWSE_RWD_JSON_MI_INDEX
20250314,2546,根基,TWSE,84.9,84.9,83.5,84.2,106433,8946514,TWSE_RWD_JSON_MI_INDEX
20250314,2547,日勝生,TWSE,12.0,12.6,11.95,12.5,16072670,199492999,TWSE_RWD_JSON_MI_INDEX
20250314,2548,華固,TWSE,117.0,117.5,115.5,116.0,1448406,168554215,TWSE_RWD_JSON_MI_INDEX
20250314,2597,潤弘,TWSE,194.0,198.0,182.5,184.5,1768316,334245875,TWSE_RWD_JSON_MI_INDEX
20250314,2601,益航,TWSE,7.73,8.0,7.73,8.0,3621037,28706305,TWSE_RWD_JSON_MI_INDEX
20250314,2603,長榮,TWSE,226.0,229.0,219.5,220.0,66917964,14951326543,TWSE_RWD_JSON_MI_INDEX
20250314,2605,新興,TWSE,27.35,27.9,27.05,27.75,8690829,239005554,TWSE_RWD_JSON_MI_INDEX
20250314,2606,裕民,TWSE,71.0,76.4,70.0,75.5,45244652,3348247756,TWSE_RWD_JSON_MI_INDEX
20250314,2607,榮運,TWSE,32.0,32.45,31.6,32.2,4588223,147692029,TWSE_RWD_JSON_MI_INDEX
20250314,2608,嘉里大榮,TWSE,38.6,38.6,38.3,38.55,123410,4747484,TWSE_RWD_JSON_MI_INDEX
20250314,2609,陽明,TWSE,74.0,75.8,74.0,74.2,48203402,3605838515,TWSE_RWD_JSON_MI_INDEX
20250314,2610,華航,TWSE,24.45,24.5,24.0,24.45,22208656,539476649,TWSE_RWD_JSON_MI_INDEX
20250314,2611,志信,TWSE,22.4,22.55,22.35,22.45,773715,17375044,TWSE_RWD_JSON_MI_INDEX
20250314,2612,中航,TWSE,46.8,49.5,46.8,48.75,4490613,218420369,TWSE_RWD_JSON_MI_INDEX
20250314,2613,中櫃,TWSE,32.1,32.5,31.85,32.4,407762,13110977,TWSE_RWD_JSON_MI_INDEX
20250314,2614,東森,TWSE,18.45,18.55,18.25,18.45,616269,11304676,TWSE_RWD_JSON_MI_INDEX
20250314,2615,萬海,TWSE,80.0,82.8,79.8,82.6,14254287,1166804191,TWSE_RWD_JSON_MI_INDEX
20250314,2616,山隆,TWSE,17.2,17.3,17.1,17.3,153323,2631954,TWSE_RWD_JSON_MI_INDEX
20250314,2617,台航,TWSE,32.4,32.7,32.05,32.65,1214228,39332653,TWSE_RWD_JSON_MI_INDEX
20250314,2618,長榮航,TWSE,42.75,43.45,42.2,43.25,55729335,2395017703,TWSE_RWD_JSON_MI_INDEX
20250314,2630,亞航,TWSE,35.5,35.5,34.65,34.95,1024729,35853075,TWSE_RWD_JSON_MI_INDEX
20250314,2633,台灣高鐵,TWSE,27.35,27.45,27.15,27.3,3144026,85746904,TWSE_RWD_JSON_MI_INDEX
20250314,2634,漢翔,TWSE,45.0,45.45,44.75,45.2,2900853,130702447,TWSE_RWD_JSON_MI_INDEX
20250314,2636,台驊控股,TWSE,80.1,80.2,79.1,79.3,357738,28420241,TWSE_RWD_JSON_MI_INDEX
20250314,2637,慧洋-KY,TWSE,78.0,85.0,77.3,85.0,41959306,3452381671,TWSE_RWD_JSON_MI_INDEX
20250314,2642,宅配通,TWSE,32.45,32.8,32.45,32.75,67911,2220564,TWSE_RWD_JSON_MI_INDEX
20250314,2645,長榮航太,TWSE,105.0,106.0,104.5,105.5,764062,80347301,TWSE_RWD_JSON_MI_INDEX
20250314,2646,星宇航空,TWSE,27.55,27.6,27.25,27.55,5213514,143004235,TWSE_RWD_JSON_MI_INDEX
20250314,2701,萬企,TWSE,12.5,12.5,12.3,12.4,118969,1472274,TWSE_RWD_JSON_MI_INDEX
20250314,2702,華園,TWSE,16.15,16.3,16.15,16.3,34110,553453,TWSE_RWD_JSON_MI_INDEX
20250314,2704,國賓,TWSE,51.2,51.8,51.1,51.5,196587,10119568,TWSE_RWD_JSON_MI_INDEX
20250314,2705,六福,TWSE,17.7,17.95,17.7,17.85,243800,4349009,TWSE_RWD_JSON_MI_INDEX
20250314,2706,第一店,TWSE,14.65,14.7,14.6,14.65,86348,1266144,TWSE_RWD_JSON_MI_INDEX
20250314,2707,晶華,TWSE,210.0,212.0,206.5,207.5,378012,78712082,TWSE_RWD_JSON_MI_INDEX
20250314,2712,遠雄來,TWSE,23.5,24.0,23.5,23.65,6412,151738,TWSE_RWD_JSON_MI_INDEX
20250314,2722,夏都,TWSE,31.3,31.4,30.8,31.1,174153,5406647,TWSE_RWD_JSON_MI_INDEX
20250314,2723,美食-KY,TWSE,95.5,97.0,94.4,95.7,364383,34797948,TWSE_RWD_JSON_MI_INDEX
20250314,2727,王品,TWSE,232.0,233.5,230.5,232.0,249766,57853694,TWSE_RWD_JSON_MI_INDEX
20250314,2731,雄獅,TWSE,128.5,131.0,127.0,129.5,886713,114384173,TWSE_RWD_JSON_MI_INDEX
20250314,2739,寒舍,TWSE,47.4,47.85,47.2,47.85,208394,9890019,TWSE_RWD_JSON_MI_INDEX
20250314,2748,雲品,TWSE,60.0,60.0,58.5,58.8,407184,23977200,TWSE_RWD_JSON_MI_INDEX
20250314,2753,八方雲集,TWSE,173.0,173.0,168.5,173.0,289991,49637448,TWSE_RWD_JSON_MI_INDEX
20250314,2762,世界健身-KY,TWSE,90.1,90.7,90.1,90.7,42481,3837887,TWSE_RWD_JSON_MI_INDEX
20250314,2801,彰銀,TWSE,17.75,17.8,17.7,17.8,17243377,306531895,TWSE_RWD_JSON_MI_INDEX
20250314,2809,京城銀,TWSE,49.5,49.95,49.5,49.85,1726747,85835499,TWSE_RWD_JSON_MI_INDEX
20250314,2812,台中銀,TWSE,20.5,20.6,20.4,20.6,6130878,125847801,TWSE_RWD_JSON_MI_INDEX
20250314,2816,旺旺保,TWSE,32.2,32.35,31.8,32.0,552010,17619035,TWSE_RWD_JSON_MI_INDEX
20250314,2820,華票,TWSE,15.15,15.15,15.05,15.15,429401,6485225,TWSE_RWD_JSON_MI_INDEX
20250314,2832,台產,TWSE,32.25,32.5,32.25,32.45,753622,24434501,TWSE_RWD_JSON_MI_INDEX
20250314,2834,臺企銀,TWSE,15.25,15.3,15.15,15.2,9247290,140485119,TWSE_RWD_JSON_MI_INDEX
20250314,2836,高雄銀,TWSE,11.6,11.65,11.55,11.55,634050,7346429,TWSE_RWD_JSON_MI_INDEX
20250314,2838,聯邦銀,TWSE,17.25,17.3,17.1,17.15,1687160,28949677,TWSE_RWD_JSON_MI_INDEX
20250314,2845,遠東銀,TWSE,13.5,13.55,13.45,13.5,2821195,38061331,TWSE_RWD_JSON_MI_INDEX
20250314,2849,安泰銀,TWSE,14.4,14.55,14.4,14.55,86175,1249198,TWSE_RWD_JSON_MI_INDEX
20250314,2850,新產,TWSE,113.5,114.5,113.0,114.5,330716,37671167,TWSE_RWD_JSON_MI_INDEX
20250314,2851,中再保,TWSE,28.5,28.6,28.3,28.4,1285240,36535360,TWSE_RWD_JSON_MI_INDEX
20250314,2852,第一保,TWSE,29.1,29.3,28.7,29.25,1455774,42204002,TWSE_RWD_JSON_MI_INDEX
20250314,2855,統一證,TWSE,26.1,26.35,26.0,26.25,1800947,47184333,TWSE_RWD_JSON_MI_INDEX
20250314,2867,三商壽,TWSE,6.66,6.7,6.6,6.62,5694608,37747418,TWSE_RWD_JSON_MI_INDEX
20250314,2880,華南金,TWSE,27.7,27.9,27.6,27.85,8695114,241787193,TWSE_RWD_JSON_MI_INDEX
20250314,2881,富邦金,TWSE,89.0,89.7,88.2,88.2,23406633,2074189979,TWSE_RWD_JSON_MI_INDEX
20250314,2882,國泰金,TWSE,66.6,67.0,66.0,66.0,14107677,936452537,TWSE_RWD_JSON_MI_INDEX
20250314,2883,凱基金,TWSE,18.3,18.5,18.1,18.1,60757786,1107080914,TWSE_RWD_JSON_MI_INDEX
20250314,2884,玉山金,TWSE,29.7,29.8,29.65,29.65,19745906,586246475,TWSE_RWD_JSON_MI_INDEX
20250314,2885,元大金,TWSE,34.95,35.05,34.5,34.75,21719773,753832398,TWSE_RWD_JSON_MI_INDEX
20250314,2886,兆豐金,TWSE,39.8,39.9,39.4,39.65,11084451,439585617,TWSE_RWD_JSON_MI_INDEX
20250314,2887,台新新光金,TWSE,17.55,17.65,17.45,17.45,20990398,367794016,TWSE_RWD_JSON_MI_INDEX
20250314,2888,新光金,TWSE,12.5,12.55,12.45,12.5,36052575,450447179,TWSE_RWD_JSON_MI_INDEX
20250314,2889,國票金,TWSE,13.65,13.8,13.65,13.7,4067235,55815436,TWSE_RWD_JSON_MI_INDEX
20250314,2890,永豐金,TWSE,22.35,22.4,22.1,22.15,24697135,549646588,TWSE_RWD_JSON_MI_INDEX
20250314,2891,中信金,TWSE,40.2,40.2,39.55,39.75,63215002,2515761311,TWSE_RWD_JSON_MI_INDEX
20250314,2892,第一金,TWSE,27.8,27.95,27.6,27.6,19823318,549662361,TWSE_RWD_JSON_MI_INDEX
20250314,2897,王道銀行,TWSE,9.92,9.97,9.92,9.95,1233850,12272564,TWSE_RWD_JSON_MI_INDEX
20250314,2901,欣欣,TWSE,27.0,27.3,27.0,27.05,10822,293264,TWSE_RWD_JSON_MI_INDEX
20250314,2903,遠百,TWSE,24.5,24.5,24.25,24.4,2442204,59513175,TWSE_RWD_JSON_MI_INDEX
20250314,2904,匯僑,TWSE,18.25,18.5,18.25,18.45,160323,2950456,TWSE_RWD_JSON_MI_INDEX
20250314,2905,三商,TWSE,15.25,15.4,15.15,15.4,560434,8557361,TWSE_RWD_JSON_MI_INDEX
20250314,2906,高林,TWSE,17.15,17.3,17.0,17.3,114581,1965149,TWSE_RWD_JSON_MI_INDEX
20250314,2908,特力,TWSE,20.65,20.75,20.6,20.65,646512,13367753,TWSE_RWD_JSON_MI_INDEX
20250314,2910,統領,TWSE,23.8,24.2,23.6,23.85,19020,453530,TWSE_RWD_JSON_MI_INDEX
20250314,2911,麗嬰房,TWSE,7.57,7.73,7.54,7.58,98278,748251,TWSE_RWD_JSON_MI_INDEX
20250314,2912,統一超,TWSE,262.0,262.0,259.0,259.0,1026681,266734541,TWSE_RWD_JSON_MI_INDEX
20250314,2913,農林,TWSE,19.0,19.15,18.85,19.1,912752,17327496,TWSE_RWD_JSON_MI_INDEX
20250314,2915,潤泰全,TWSE,64.5,64.6,62.9,63.6,3962522,251750881,TWSE_RWD_JSON_MI_INDEX
20250314,2923,鼎固-KY,TWSE,23.35,23.55,23.2,23.5,55481,1297586,TWSE_RWD_JSON_MI_INDEX
20250314,2929,淘帝-KY,TWSE,12.9,13.75,12.65,13.75,2704394,36304159,TWSE_RWD_JSON_MI_INDEX
20250314,2939,永邑-KY,TWSE,32.15,32.2,31.8,31.9,21003,671345,TWSE_RWD_JSON_MI_INDEX
20250314,2945,三商家購,TWSE,40.0,40.0,39.8,39.8,2064,82392,TWSE_RWD_JSON_MI_INDEX
20250314,3002,歐格,TWSE,14.95,15.0,14.9,14.9,45240,676770,TWSE_RWD_JSON_MI_INDEX
20250314,3003,健和興,TWSE,67.2,68.0,66.6,67.8,524956,35309205,TWSE_RWD_JSON_MI_INDEX
20250314,3004,豐達科,TWSE,97.4,98.3,96.7,98.2,63635,6207887,TWSE_RWD_JSON_MI_INDEX
20250314,3005,神基,TWSE,114.0,115.0,113.5,113.5,947838,108158066,TWSE_RWD_JSON_MI_INDEX
20250314,3006,晶豪科,TWSE,67.5,68.2,66.1,67.6,3735200,251438201,TWSE_RWD_JSON_MI_INDEX
20250314,3008,大立光,TWSE,2495.0,2500.0,2440.0,2475.0,784026,1932296045,TWSE_RWD_JSON_MI_INDEX
20250314,3010,華立,TWSE,110.0,110.0,108.5,108.5,360091,39243112,TWSE_RWD_JSON_MI_INDEX
20250314,3011,今皓,TWSE,17.7,17.7,17.15,17.2,656407,11374030,TWSE_RWD_JSON_MI_INDEX
20250314,3013,晟銘電,TWSE,134.0,137.0,131.0,137.0,4793339,643638202,TWSE_RWD_JSON_MI_INDEX
20250314,3014,聯陽,TWSE,151.0,152.0,150.0,150.5,457957,69115014,TWSE_RWD_JSON_MI_INDEX
20250314,3015,全漢,TWSE,61.4,61.8,60.7,61.5,453916,27853469,TWSE_RWD_JSON_MI_INDEX
20250314,3016,嘉晶,TWSE,40.75,40.85,40.2,40.25,269639,10901029,TWSE_RWD_JSON_MI_INDEX
20250314,3017,奇鋐,TWSE,573.0,579.0,563.0,576.0,9754386,5583104890,TWSE_RWD_JSON_MI_INDEX
20250314,3018,隆銘綠能,TWSE,26.5,26.5,26.0,26.5,50945,1336604,TWSE_RWD_JSON_MI_INDEX
20250314,3019,亞光,TWSE,155.5,158.0,150.0,157.0,24616175,3812188043,TWSE_RWD_JSON_MI_INDEX
20250314,3021,鴻名,TWSE,22.95,23.6,22.9,23.4,194392,4537122,TWSE_RWD_JSON_MI_INDEX
20250314,3022,威強電,TWSE,101.0,101.5,98.0,98.7,6320660,630761035,TWSE_RWD_JSON_MI_INDEX
20250314,3023,信邦,TWSE,279.0,284.0,273.5,280.5,1945732,542040957,TWSE_RWD_JSON_MI_INDEX
20250314,3024,憶聲,TWSE,17.65,18.05,17.6,17.65,1162503,20601951,TWSE_RWD_JSON_MI_INDEX
20250314,3025,星通,TWSE,62.6,63.6,62.5,63.0,363879,22950922,TWSE_RWD_JSON_MI_INDEX
20250314,3026,禾伸堂,TWSE,93.6,94.1,92.8,93.5,586697,54815295,TWSE_RWD_JSON_MI_INDEX
20250314,3027,盛達,TWSE,31.4,34.1,31.25,34.1,3951597,132295344,TWSE_RWD_JSON_MI_INDEX
20250314,3028,增你強,TWSE,33.7,33.7,33.35,33.65,427952,14343949,TWSE_RWD_JSON_MI_INDEX
20250314,3029,零壹,TWSE,151.0,152.0,147.5,151.0,3909346,585104788,TWSE_RWD_JSON_MI_INDEX
20250314,3030,德律,TWSE,118.5,119.0,115.0,119.0,1316076,153974815,TWSE_RWD_JSON_MI_INDEX
20250314,3031,佰鴻,TWSE,21.9,22.25,21.8,22.15,462497,10206111,TWSE_RWD_JSON_MI_INDEX
20250314,3032,偉訓,TWSE,94.4,95.0,91.2,92.1,7567331,698306214,TWSE_RWD_JSON_MI_INDEX
20250314,3033,威健,TWSE,36.3,36.4,35.65,35.85,2732032,97942375,TWSE_RWD_JSON_MI_INDEX
20250314,3034,聯詠,TWSE,545.0,545.0,535.0,539.0,2748949,1484874625,TWSE_RWD_JSON_MI_INDEX
20250314,3035,智原,TWSE,222.5,227.0,219.0,225.0,4382325,978826205,TWSE_RWD_JSON_MI_INDEX
20250314,3036,文曄,TWSE,104.0,104.0,102.0,102.5,2189551,225010901,TWSE_RWD_JSON_MI_INDEX
20250314,3037,欣興,TWSE,107.0,107.5,103.5,106.0,30754863,3242243136,TWSE_RWD_JSON_MI_INDEX
20250314,3038,全台,TWSE,27.85,28.0,27.7,27.9,207543,5781069,TWSE_RWD_JSON_MI_INDEX
20250314,3040,遠見,TWSE,51.9,52.0,50.4,51.5,302536,15456358,TWSE_RWD_JSON_MI_INDEX
20250314,3041,揚智,TWSE,31.8,31.95,31.35,31.65,1056088,33459763,TWSE_RWD_JSON_MI_INDEX
20250314,3042,晶技,TWSE,101.0,101.5,100.0,100.5,535649,53894593,TWSE_RWD_JSON_MI_INDEX
20250314,3043,科風,TWSE,32.3,33.15,32.3,32.8,88923,2920006,TWSE_RWD_JSON_MI_INDEX
20250314,3044,健鼎,TWSE,208.0,210.5,207.0,208.5,2306077,481158517,TWSE_RWD_JSON_MI_INDEX
20250314,3045,台灣大,TWSE,117.5,117.5,116.5,117.0,4361627,510732186,TWSE_RWD_JSON_MI_INDEX
20250314,3046,建碁,TWSE,51.3,53.9,51.2,53.5,257587,13620789,TWSE_RWD_JSON_MI_INDEX
20250314,3047,訊舟,TWSE,26.15,26.15,25.2,25.4,3125495,79813304,TWSE_RWD_JSON_MI_INDEX
20250314,3048,益登,TWSE,28.8,29.4,28.4,29.4,602387,17445247,TWSE_RWD_JSON_MI_INDEX
20250314,3049,精金,TWSE,8.42,8.5,8.35,8.42,1021427,8593084,TWSE_RWD_JSON_MI_INDEX
20250314,3050,鈺德,TWSE,16.55,16.85,16.5,16.85,471344,7855934,TWSE_RWD_JSON_MI_INDEX
20250314,3051,力特,TWSE,31.05,31.6,31.0,31.55,1006841,31572929,TWSE_RWD_JSON_MI_INDEX
20250314,3052,夆典,TWSE,12.25,12.5,12.2,12.4,877942,10824544,TWSE_RWD_JSON_MI_INDEX
20250314,3054,立萬利,TWSE,21.65,22.3,21.65,22.2,7039,154392,TWSE_RWD_JSON_MI_INDEX
20250314,3055,蔚華科,TWSE,73.2,73.8,72.2,72.5,129485,9417736,TWSE_RWD_JSON_MI_INDEX
20250314,3056,富華新,TWSE,36.45,37.05,36.0,36.4,5297985,192859918,TWSE_RWD_JSON_MI_INDEX
20250314,3057,喬鼎,TWSE,10.3,10.55,10.15,10.5,204214,2110346,TWSE_RWD_JSON_MI_INDEX
20250314,3058,立德,TWSE,14.35,14.7,14.35,14.6,353715,5165214,TWSE_RWD_JSON_MI_INDEX
20250314,3059,華晶科,TWSE,41.9,43.0,41.3,42.65,7708772,325228896,TWSE_RWD_JSON_MI_INDEX
20250314,3060,銘異,TWSE,25.05,26.65,25.05,26.5,3272846,85552438,TWSE_RWD_JSON_MI_INDEX
20250314,3062,建漢,TWSE,29.75,29.75,28.9,29.35,3211216,94109959,TWSE_RWD_JSON_MI_INDEX
20250314,3090,日電貿,TWSE,73.2,74.1,72.5,73.5,3420295,251009659,TWSE_RWD_JSON_MI_INDEX
20250314,3092,鴻碩,TWSE,27.25,27.25,26.75,26.95,47445,1277121,TWSE_RWD_JSON_MI_INDEX
20250314,3094,聯傑,TWSE,28.5,28.95,28.5,28.85,64734,1864311,TWSE_RWD_JSON_MI_INDEX
20250314,3130,一零四,TWSE,228.0,229.0,227.5,228.0,35890,8172966,TWSE_RWD_JSON_MI_INDEX
20250314,3138,耀登,TWSE,109.0,110.0,107.0,109.0,179251,19445933,TWSE_RWD_JSON_MI_INDEX
20250314,3149,正達,TWSE,37.65,37.75,35.95,37.0,5506405,202227239,TWSE_RWD_JSON_MI_INDEX
20250314,3150,鈺寶-創,TWSE,32.0,32.0,31.3,31.65,7614,240510,TWSE_RWD_JSON_MI_INDEX
20250314,3164,景岳,TWSE,22.25,22.45,22.0,22.45,82119,1827853,TWSE_RWD_JSON_MI_INDEX
20250314,3167,大量,TWSE,87.4,87.4,84.6,87.0,916427,78646137,TWSE_RWD_JSON_MI_INDEX
20250314,3168,眾福科,TWSE,49.3,49.3,48.75,48.8,17001,831004,TWSE_RWD_JSON_MI_INDEX
20250314,3189,景碩,TWSE,96.5,97.1,95.0,96.7,2687564,258425532,TWSE_RWD_JSON_MI_INDEX
20250314,3209,全科,TWSE,37.6,38.3,37.6,38.3,1937393,73682484,TWSE_RWD_JSON_MI_INDEX
20250314,3229,晟鈦,TWSE,17.85,17.85,17.4,17.7,10672,188273,TWSE_RWD_JSON_MI_INDEX
20250314,3231,緯創,TWSE,105.0,105.5,103.5,104.5,9071794,947831250,TWSE_RWD_JSON_MI_INDEX
20250314,3257,虹冠電,TWSE,53.7,54.4,53.1,54.3,163743,8789762,TWSE_RWD_JSON_MI_INDEX
20250314,3266,昇陽,TWSE,16.65,16.65,16.45,16.45,28058,464562,TWSE_RWD_JSON_MI_INDEX
20250314,3296,勝德,TWSE,24.75,24.8,24.1,24.55,146550,3606982,TWSE_RWD_JSON_MI_INDEX
20250314,3305,昇貿,TWSE,65.3,66.4,64.4,65.8,783071,51300440,TWSE_RWD_JSON_MI_INDEX
20250314,3308,聯德,TWSE,21.8,22.4,21.8,22.05,75464,1666783,TWSE_RWD_JSON_MI_INDEX
20250314,3311,閎暉,TWSE,37.9,38.5,37.85,38.35,92687,3555422,TWSE_RWD_JSON_MI_INDEX
20250314,3312,弘憶股,TWSE,58.0,61.3,55.6,60.4,16181335,956487553,TWSE_RWD_JSON_MI_INDEX
20250314,3321,同泰,TWSE,8.52,8.73,8.44,8.52,190995,1634719,TWSE_RWD_JSON_MI_INDEX
20250314,3338,泰碩,TWSE,61.5,62.9,61.5,62.4,668388,41673262,TWSE_RWD_JSON_MI_INDEX
20250314,3346,麗清,TWSE,33.2,34.3,33.2,33.9,245930,8296350,TWSE_RWD_JSON_MI_INDEX
20250314,3356,奇偶,TWSE,58.0,58.0,57.0,57.5,269597,15519805,TWSE_RWD_JSON_MI_INDEX
20250314,3376,新日興,TWSE,260.5,260.5,253.0,255.0,3682620,943634630,TWSE_RWD_JSON_MI_INDEX
20250314,3380,明泰,TWSE,32.4,32.6,32.0,32.5,607450,19617601,TWSE_RWD_JSON_MI_INDEX
20250314,3406,玉晶光,TWSE,433.0,433.0,422.0,429.0,1331287,569468016,TWSE_RWD_JSON_MI_INDEX
20250314,3413,京鼎,TWSE,304.5,304.5,298.5,300.5,630283,190153991,TWSE_RWD_JSON_MI_INDEX
20250314,3416,融程電,TWSE,154.0,154.5,152.5,154.0,175006,26922024,TWSE_RWD_JSON_MI_INDEX
20250314,3419,譁裕,TWSE,16.95,17.15,16.85,17.1,158790,2695406,TWSE_RWD_JSON_MI_INDEX
20250314,3432,台端,TWSE,16.35,16.55,16.0,16.05,30640,498690,TWSE_RWD_JSON_MI_INDEX
20250314,3437,榮創,TWSE,19.95,20.15,19.75,20.0,281405,5626394,TWSE_RWD_JSON_MI_INDEX
20250314,3443,創意,TWSE,1185.0,1215.0,1175.0,1205.0,799676,957134060,TWSE_RWD_JSON_MI_INDEX
20250314,3447,展達,TWSE,63.7,64.8,62.6,64.6,1518928,96869678,TWSE_RWD_JSON_MI_INDEX
20250314,3450,聯鈞,TWSE,262.5,269.0,256.5,268.5,21940757,5804534814,TWSE_RWD_JSON_MI_INDEX
20250314,3454,晶睿,TWSE,139.0,140.5,137.0,139.0,277852,38602776,TWSE_RWD_JSON_MI_INDEX
20250314,3481,群創,TWSE,15.25,15.85,15.2,15.6,283821479,4429768509,TWSE_RWD_JSON_MI_INDEX
20250314,3494,誠研,TWSE,18.65,18.85,18.5,18.8,82544,1541364,TWSE_RWD_JSON_MI_INDEX
20250314,3501,維熹,TWSE,63.7,64.9,63.4,64.8,1475702,94937427,TWSE_RWD_JSON_MI_INDEX
20250314,3504,揚明光,TWSE,59.5,59.8,58.3,59.8,523710,30976529,TWSE_RWD_JSON_MI_INDEX
20250314,3515,華擎,TWSE,210.5,210.5,205.5,207.5,449030,93316224,TWSE_RWD_JSON_MI_INDEX
20250314,3518,柏騰,TWSE,21.55,21.85,21.45,21.85,299799,6491061,TWSE_RWD_JSON_MI_INDEX
20250314,3528,安馳,TWSE,76.1,83.4,74.0,83.4,15339750,1235800451,TWSE_RWD_JSON_MI_INDEX
20250314,3530,晶相光,TWSE,75.8,77.2,75.7,76.1,88184,6741989,TWSE_RWD_JSON_MI_INDEX
20250314,3532,台勝科,TWSE,94.3,94.9,92.0,93.7,314960,29384644,TWSE_RWD_JSON_MI_INDEX
20250314,3533,嘉澤,TWSE,1585.0,1585.0,1545.0,1560.0,474686,740178815,TWSE_RWD_JSON_MI_INDEX
20250314,3535,晶彩科,TWSE,42.5,43.35,42.15,42.9,909610,38923682,TWSE_RWD_JSON_MI_INDEX
20250314,3543,州巧,TWSE,22.0,22.15,21.85,22.1,71836,1579373,TWSE_RWD_JSON_MI_INDEX
20250314,3545,敦泰,TWSE,76.5,76.5,74.3,75.4,497709,37509090,TWSE_RWD_JSON_MI_INDEX
20250314,3550,聯穎,TWSE,16.5,16.5,16.0,16.2,493779,8001736,TWSE_RWD_JSON_MI_INDEX
20250314,3557,嘉威,TWSE,67.0,67.0,66.2,66.4,192646,12821027,TWSE_RWD_JSON_MI_INDEX
20250314,3563,牧德,TWSE,564.0,570.0,534.0,565.0,2656090,1469886916,TWSE_RWD_JSON_MI_INDEX
20250314,3576,聯合再生,TWSE,9.65,10.15,9.65,10.15,4953365,49680182,TWSE_RWD_JSON_MI_INDEX
20250314,3583,辛耘,TWSE,346.0,347.5,335.5,337.0,627148,213251476,TWSE_RWD_JSON_MI_INDEX
20250314,3588,通嘉,TWSE,62.1,62.9,62.0,62.2,71903,4484085,TWSE_RWD_JSON_MI_INDEX
20250314,3591,艾笛森,TWSE,24.65,24.65,24.25,24.55,566846,13846931,TWSE_RWD_JSON_MI_INDEX
20250314,3592,瑞鼎,TWSE,378.5,380.0,372.5,373.5,332803,124824781,TWSE_RWD_JSON_MI_INDEX
20250314,3593,力銘,TWSE,7.8,7.8,7.62,7.72,29810,231356,TWSE_RWD_JSON_MI_INDEX
20250314,3596,智易,TWSE,207.5,212.5,201.5,204.0,1406710,290006807,TWSE_RWD_JSON_MI_INDEX
20250314,3605,宏致,TWSE,60.0,61.1,58.1,58.3,7876429,467684558,TWSE_RWD_JSON_MI_INDEX
20250314,3607,谷崧,TWSE,17.35,18.15,17.3,17.85,1707396,30407622,TWSE_RWD_JSON_MI_INDEX
20250314,3617,碩天,TWSE,319.0,321.0,311.5,311.5,394072,124167396,TWSE_RWD_JSON_MI_INDEX
20250314,3622,洋華,TWSE,59.6,59.7,58.6,59.5,176876,10458909,TWSE_RWD_JSON_MI_INDEX
20250314,3645,達邁,TWSE,65.4,66.6,64.5,66.4,3900677,256590992,TWSE_RWD_JSON_MI_INDEX
20250314,3652,精聯,TWSE,36.25,37.5,36.05,37.2,115144,4208825,TWSE_RWD_JSON_MI_INDEX
20250314,3653,健策,TWSE,1230.0,1230.0,1180.0,1185.0,689403,826218320,TWSE_RWD_JSON_MI_INDEX
20250314,3661,世芯-KY,TWSE,2870.0,2905.0,2775.0,2795.0,2569387,7276909900,TWSE_RWD_JSON_MI_INDEX
20250314,3665,貿聯-KY,TWSE,541.0,548.0,528.0,539.0,1632131,877633708,TWSE_RWD_JSON_MI_INDEX
20250314,3669,圓展,TWSE,42.05,42.05,41.3,41.3,20060,832554,TWSE_RWD_JSON_MI_INDEX
20250314,3673,TPK-KY,TWSE,36.8,37.15,36.45,36.75,1083197,39859493,TWSE_RWD_JSON_MI_INDEX
20250314,3679,新至陞,TWSE,157.0,157.0,154.0,155.0,100514,15624844,TWSE_RWD_JSON_MI_INDEX
20250314,3686,達能,TWSE,17.1,18.05,17.1,17.55,192094,3399104,TWSE_RWD_JSON_MI_INDEX
20250314,3694,海華,TWSE,58.1,59.2,56.9,58.7,1735184,101207926,TWSE_RWD_JSON_MI_INDEX
20250314,3701,大眾控,TWSE,36.6,37.3,36.05,37.15,245829,9047705,TWSE_RWD_JSON_MI_INDEX
20250314,3702,大聯大,TWSE,65.8,65.8,64.9,65.2,4364717,284706282,TWSE_RWD_JSON_MI_INDEX
20250314,3703,欣陸,TWSE,28.0,28.55,27.9,28.55,1051277,29795904,TWSE_RWD_JSON_MI_INDEX
20250314,3704,合勤控,TWSE,36.25,36.6,35.95,36.35,1106423,40167612,TWSE_RWD_JSON_MI_INDEX
20250314,3705,永信,TWSE,55.3,55.8,55.2,55.8,367695,20436487,TWSE_RWD_JSON_MI_INDEX
20250314,3706,神達,TWSE,62.7,63.0,61.6,62.1,13047203,811480447,TWSE_RWD_JSON_MI_INDEX
20250314,3708,上緯投控,TWSE,82.5,83.6,81.9,83.0,307359,25475016,TWSE_RWD_JSON_MI_INDEX
20250314,3711,日月光投控,TWSE,158.5,160.0,155.0,155.0,12773625,1993741167,TWSE_RWD_JSON_MI_INDEX
20250314,3712,永崴投控,TWSE,54.5,54.6,53.6,54.0,1808865,97778489,TWSE_RWD_JSON_MI_INDEX
20250314,3714,富采,TWSE,41.8,42.95,41.8,42.9,1823688,77552277,TWSE_RWD_JSON_MI_INDEX
20250314,3715,定穎投控,TWSE,54.8,55.4,54.5,55.1,1565097,85908590,TWSE_RWD_JSON_MI_INDEX
20250314,3716,中化控股,TWSE,37.5,37.6,37.25,37.55,41320,1546570,TWSE_RWD_JSON_MI_INDEX
20250314,4104,佳醫,TWSE,88.3,88.8,88.3,88.4,90492,8005987,TWSE_RWD_JSON_MI_INDEX
20250314,4106,雃博,TWSE,24.45,24.75,24.35,24.75,63664,1561546,TWSE_RWD_JSON_MI_INDEX
20250314,4108,懷特,TWSE,16.0,16.0,15.8,16.0,98889,1571742,TWSE_RWD_JSON_MI_INDEX
20250314,4119,旭富,TWSE,83.1,83.7,82.6,82.9,123170,10209960,TWSE_RWD_JSON_MI_INDEX
20250314,4133,亞諾法,TWSE,29.6,29.95,29.45,29.75,50444,1495403,TWSE_RWD_JSON_MI_INDEX
20250314,4137,麗豐-KY,TWSE,121.0,123.5,120.5,123.5,226956,27689178,TWSE_RWD_JSON_MI_INDEX
20250314,4142,國光生,TWSE,21.95,22.1,21.65,21.95,1726419,37727209,TWSE_RWD_JSON_MI_INDEX
20250314,4148,全宇生技-KY,TWSE,45.4,46.0,45.4,45.9,7184,328396,TWSE_RWD_JSON_MI_INDEX
20250314,4155,訊映,TWSE,20.8,20.85,20.6,20.75,112978,2343127,TWSE_RWD_JSON_MI_INDEX
20250314,4164,承業醫,TWSE,49.8,50.9,49.3,50.0,1111604,55735455,TWSE_RWD_JSON_MI_INDEX
20250314,4190,佐登-KY,TWSE,45.5,45.5,45.2,45.5,23578,1071958,TWSE_RWD_JSON_MI_INDEX
20250314,4306,炎洲,TWSE,18.0,18.35,18.0,18.35,1356058,24720839,TWSE_RWD_JSON_MI_INDEX
20250314,4414,如興,TWSE,4.1,4.1,3.91,3.95,1321600,5250982,TWSE_RWD_JSON_MI_INDEX
20250314,4426,利勤,TWSE,13.4,13.8,13.3,13.6,187703,2540752,TWSE_RWD_JSON_MI_INDEX
20250314,4438,廣越,TWSE,101.0,102.5,100.0,101.0,127647,12871419,TWSE_RWD_JSON_MI_INDEX
20250314,4439,冠星-KY,TWSE,97.3,99.4,97.3,99.4,7606,749315,TWSE_RWD_JSON_MI_INDEX
20250314,4440,宜新實業,TWSE,25.4,25.55,25.05,25.05,95319,2408903,TWSE_RWD_JSON_MI_INDEX
20250314,4526,東台,TWSE,30.9,31.05,30.15,30.9,3412431,104685775,TWSE_RWD_JSON_MI_INDEX
20250314,4532,瑞智,TWSE,29.95,30.0,29.65,29.8,1312346,39062138,TWSE_RWD_JSON_MI_INDEX
20250314,4536,拓凱,TWSE,208.0,208.0,203.0,207.5,191641,39405769,TWSE_RWD_JSON_MI_INDEX
20250314,4540,全球傳動,TWSE,52.8,53.2,51.4,52.8,4070587,212851850,TWSE_RWD_JSON_MI_INDEX
20250314,4545,銘鈺,TWSE,40.8,42.25,40.5,41.8,213826,8857021,TWSE_RWD_JSON_MI_INDEX
20250314,4551,智伸科,TWSE,118.5,119.0,116.0,119.0,470656,55436931,TWSE_RWD_JSON_MI_INDEX
20250314,4552,力達-KY,TWSE,24.35,24.45,24.2,24.4,86245,2095467,TWSE_RWD_JSON_MI_INDEX
20250314,4555,氣立,TWSE,42.45,43.45,42.05,42.65,271652,11614097,TWSE_RWD_JSON_MI_INDEX
20250314,4557,永新-KY,TWSE,119.0,119.0,117.5,118.0,114037,13480691,TWSE_RWD_JSON_MI_INDEX
20250314,4560,強信-KY,TWSE,37.7,37.85,37.45,37.7,214475,8085088,TWSE_RWD_JSON_MI_INDEX
20250314,4562,穎漢,TWSE,56.0,56.6,55.3,56.5,719788,40299477,TWSE_RWD_JSON_MI_INDEX
20250314,4564,元翎,TWSE,19.6,19.75,19.35,19.65,869844,16989637,TWSE_RWD_JSON_MI_INDEX
20250314,4566,時碩工業,TWSE,82.0,82.6,78.5,80.4,8136710,655424982,TWSE_RWD_JSON_MI_INDEX
20250314,4569,六方科-KY,TWSE,187.0,196.5,186.0,190.5,959451,182429661,TWSE_RWD_JSON_MI_INDEX
20250314,4571,鈞興-KY,TWSE,190.0,190.0,183.5,189.0,712487,133657818,TWSE_RWD_JSON_MI_INDEX
20250314,4572,駐龍,TWSE,159.5,160.0,159.0,159.5,7438,1184842,TWSE_RWD_JSON_MI_INDEX
20250314,4576,大銀微系統,TWSE,143.5,144.5,141.0,142.5,1848807,263729824,TWSE_RWD_JSON_MI_INDEX
20250314,4581,光隆精密-KY,TWSE,55.7,55.7,55.7,55.7,5098,283968,TWSE_RWD_JSON_MI_INDEX
20250314,4583,台灣精銳,TWSE,746.0,756.0,727.0,734.0,1023779,757346251,TWSE_RWD_JSON_MI_INDEX
20250314,4588,玖鼎電力,TWSE,82.2,82.4,80.2,82.0,41247,3364334,TWSE_RWD_JSON_MI_INDEX
20250314,4720,德淵,TWSE,19.75,20.1,19.75,19.95,585549,11674973,TWSE_RWD_JSON_MI_INDEX
20250314,4722,國精化,TWSE,62.2,62.6,60.5,62.1,1294106,79391885,TWSE_RWD_JSON_MI_INDEX
20250314,4736,泰博,TWSE,146.5,147.0,145.5,147.0,237609,34776536,TWSE_RWD_JSON_MI_INDEX
20250314,4737,華廣,TWSE,62.1,63.6,62.1,63.3,16535,1042216,TWSE_RWD_JSON_MI_INDEX
20250314,4739,康普,TWSE,53.9,54.2,53.4,53.9,154554,8309466,TWSE_RWD_JSON_MI_INDEX
20250314,4746,台耀,TWSE,71.6,72.4,71.4,71.6,224815,16132523,TWSE_RWD_JSON_MI_INDEX
20250314,4755,三福化,TWSE,120.5,121.0,118.0,119.0,68392,8149723,TWSE_RWD_JSON_MI_INDEX
20250314,4763,材料*-KY,TWSE,1065.0,1070.0,959.0,959.0,7426376,7336128367,TWSE_RWD_JSON_MI_INDEX
20250314,4764,雙鍵,TWSE,46.7,47.0,46.15,47.0,29657,1375921,TWSE_RWD_JSON_MI_INDEX
20250314,4766,南寶,TWSE,321.0,327.0,321.0,327.0,278712,90510664,TWSE_RWD_JSON_MI_INDEX
20250314,4770,上品,TWSE,346.0,346.0,331.5,334.0,624390,210643279,TWSE_RWD_JSON_MI_INDEX
20250314,4771,望隼,TWSE,195.0,195.5,192.0,193.5,50410,9760393,TWSE_RWD_JSON_MI_INDEX
20250314,4807,日成-KY,TWSE,18.6,18.6,18.15,18.5,84217,1546910,TWSE_RWD_JSON_MI_INDEX
20250314,4904,遠傳,TWSE,93.2,93.4,92.1,92.4,3563117,330449613,TWSE_RWD_JSON_MI_INDEX
20250314,4906,正文,TWSE,31.95,32.25,31.85,32.05,1096011,35139387,TWSE_RWD_JSON_MI_INDEX
20250314,4912,聯德控股-KY,TWSE,121.5,124.0,121.0,121.0,495468,60615568,TWSE_RWD_JSON_MI_INDEX
20250314,4915,致伸,TWSE,85.3,85.9,84.7,85.0,910855,77536745,TWSE_RWD_JSON_MI_INDEX
20250314,4916,事欣科,TWSE,43.8,45.0,43.05,44.15,6932502,305030465,TWSE_RWD_JSON_MI_INDEX
20250314,4919,新唐,TWSE,90.9,91.5,89.7,91.3,675760,61294274,TWSE_RWD_JSON_MI_INDEX
20250314,4927,泰鼎-KY,TWSE,38.55,38.55,36.9,38.0,1021426,38436660,TWSE_RWD_JSON_MI_INDEX
20250314,4930,燦星網,TWSE,30.8,30.85,30.7,30.8,54737,1684255,TWSE_RWD_JSON_MI_INDEX
20250314,4934,太極,TWSE,12.9,13.5,12.9,13.45,495490,6611430,TWSE_RWD_JSON_MI_INDEX
20250314,4935,茂林-KY,TWSE,55.6,56.3,55.3,56.3,50000,2787900,TWSE_RWD_JSON_MI_INDEX
20250314,4938,和碩,TWSE,93.9,94.8,90.8,91.0,9585053,878158577,TWSE_RWD_JSON_MI_INDEX
20250314,4942,嘉彰,TWSE,42.05,42.1,41.85,42.1,49366,2070280,TWSE_RWD_JSON_MI_INDEX
20250314,4943,康控-KY,TWSE,16.05,16.7,16.05,16.7,12693,204781,TWSE_RWD_JSON_MI_INDEX
20250314,4949,有成精密,TWSE,27.65,28.3,27.55,27.55,100797,2796056,TWSE_RWD_JSON_MI_INDEX
20250314,4952,凌通,TWSE,50.6,51.0,50.1,51.0,143281,7244692,TWSE_RWD_JSON_MI_INDEX
20250314,4956,光鋐,TWSE,29.0,29.65,28.55,29.6,817030,23758871,TWSE_RWD_JSON_MI_INDEX
20250314,4958,臻鼎-KY,TWSE,110.0,112.5,110.0,111.0,4721538,525948663,TWSE_RWD_JSON_MI_INDEX
20250314,4960,誠美材,TWSE,13.8,13.95,13.75,13.8,607514,8397028,TWSE_RWD_JSON_MI_INDEX
20250314,4961,天鈺,TWSE,221.5,222.0,220.0,220.5,182714,40374561,TWSE_RWD_JSON_MI_INDEX
20250314,4967,十銓,TWSE,90.0,92.4,89.9,90.6,3326129,302997808,TWSE_RWD_JSON_MI_INDEX
20250314,4968,立積,TWSE,188.5,190.0,183.0,186.5,2002758,373047108,TWSE_RWD_JSON_MI_INDEX
20250314,4976,佳凌,TWSE,34.0,34.7,33.95,34.45,265198,9102650,TWSE_RWD_JSON_MI_INDEX
20250314,4977,眾達-KY,TWSE,117.0,117.5,112.5,115.0,11116304,1279895061,TWSE_RWD_JSON_MI_INDEX
20250314,4989,榮科,TWSE,18.35,18.6,18.35,18.45,69902,1294978,TWSE_RWD_JSON_MI_INDEX
20250314,4994,傳奇,TWSE,102.0,104.0,102.0,104.0,22139,2287932,TWSE_RWD_JSON_MI_INDEX
20250314,4999,鑫禾,TWSE,31.8,31.85,31.75,31.85,15836,504132,TWSE_RWD_JSON_MI_INDEX
20250314,5007,三星,TWSE,55.8,56.0,55.8,55.8,92568,5170091,TWSE_RWD_JSON_MI_INDEX
20250314,5203,訊連,TWSE,119.5,123.0,118.0,123.0,899007,108835775,TWSE_RWD_JSON_MI_INDEX
20250314,5215,科嘉-KY,TWSE,44.3,44.85,43.8,44.7,75223,3327890,TWSE_RWD_JSON_MI_INDEX
20250314,5222,全訊,TWSE,131.5,131.5,128.5,129.0,238966,30938419,TWSE_RWD_JSON_MI_INDEX
20250314,5225,東科-KY,TWSE,137.5,138.5,136.5,137.5,962703,132302612,TWSE_RWD_JSON_MI_INDEX
20250314,5234,達興材料,TWSE,204.0,204.0,197.0,201.0,697828,139753599,TWSE_RWD_JSON_MI_INDEX
20250314,5243,乙盛-KY,TWSE,55.4,55.8,54.5,55.2,703740,38809431,TWSE_RWD_JSON_MI_INDEX
20250314,5244,弘凱,TWSE,41.4,42.0,41.15,41.55,216070,8979112,TWSE_RWD_JSON_MI_INDEX
20250314,5258,虹堡,TWSE,87.7,87.8,85.5,87.0,295129,25614965,TWSE_RWD_JSON_MI_INDEX
20250314,5269,祥碩,TWSE,1975.0,1985.0,1930.0,1950.0,392930,767616245,TWSE_RWD_JSON_MI_INDEX
20250314,5283,禾聯碩,TWSE,103.0,103.0,102.0,103.0,114359,11738607,TWSE_RWD_JSON_MI_INDEX
20250314,5284,jpp-KY,TWSE,152.0,163.0,150.0,162.0,1143621,179778333,TWSE_RWD_JSON_MI_INDEX
20250314,5285,界霖,TWSE,51.7,52.6,51.1,51.8,1613757,83389034,TWSE_RWD_JSON_MI_INDEX
20250314,5288,豐祥-KY,TWSE,187.0,187.0,182.0,184.0,272289,49931982,TWSE_RWD_JSON_MI_INDEX
20250314,5292,華懋,TWSE,159.5,160.0,158.0,158.5,50661,8043596,TWSE_RWD_JSON_MI_INDEX
20250314,5306,桂盟,TWSE,122.0,123.0,119.0,123.0,220023,26553437,TWSE_RWD_JSON_MI_INDEX
20250314,5388,中磊,TWSE,127.0,129.0,126.5,126.5,1823769,232613542,TWSE_RWD_JSON_MI_INDEX
20250314,5434,崇越,TWSE,284.5,284.5,278.5,283.0,385843,108652347,TWSE_RWD_JSON_MI_INDEX
20250314,5469,瀚宇博,TWSE,53.8,54.8,53.5,54.6,1109707,60140643,TWSE_RWD_JSON_MI_INDEX
20250314,5471,松翰,TWSE,39.9,40.45,39.9,40.45,136934,5497759,TWSE_RWD_JSON_MI_INDEX
20250314,5484,慧友,TWSE,51.2,51.9,50.5,51.9,185427,9469870,TWSE_RWD_JSON_MI_INDEX
20250314,5515,建國,TWSE,28.4,29.75,28.2,29.65,1894522,55361676,TWSE_RWD_JSON_MI_INDEX
20250314,5519,隆大,TWSE,36.0,36.2,35.5,36.1,674201,24181915,TWSE_RWD_JSON_MI_INDEX
20250314,5521,工信,TWSE,11.7,12.0,11.7,11.95,1047497,12418172,TWSE_RWD_JSON_MI_INDEX
20250314,5522,遠雄,TWSE,79.7,80.6,78.6,79.6,2949697,235386024,TWSE_RWD_JSON_MI_INDEX
20250314,5525,順天,TWSE,33.1,33.4,33.0,33.4,50296,1670171,TWSE_RWD_JSON_MI_INDEX
20250314,5531,鄉林,TWSE,9.98,10.15,9.95,10.15,669682,6733077,TWSE_RWD_JSON_MI_INDEX
20250314,5533,皇鼎,TWSE,19.6,19.7,19.4,19.7,86027,1679940,TWSE_RWD_JSON_MI_INDEX
20250314,5534,長虹,TWSE,93.7,95.6,93.0,95.2,702844,66522214,TWSE_RWD_JSON_MI_INDEX
20250314,5538,東明-KY,TWSE,33.4,35.3,33.4,35.2,22503,783812,TWSE_RWD_JSON_MI_INDEX
20250314,5546,永固-KY,TWSE,30.0,30.05,30.0,30.05,2000,60050,TWSE_RWD_JSON_MI_INDEX
20250314,5607,遠雄港,TWSE,41.8,42.15,41.55,42.1,385226,16133726,TWSE_RWD_JSON_MI_INDEX
20250314,5608,四維航,TWSE,20.2,20.95,20.15,20.65,6731365,138425847,TWSE_RWD_JSON_MI_INDEX
20250314,5706,鳳凰,TWSE,61.3,62.1,60.1,62.1,573854,35249961,TWSE_RWD_JSON_MI_INDEX
20250314,5871,中租-KY,TWSE,122.0,123.5,121.5,122.5,4980388,609641354,TWSE_RWD_JSON_MI_INDEX
20250314,5876,上海商銀,TWSE,44.05,44.5,43.55,44.45,7665282,339488755,TWSE_RWD_JSON_MI_INDEX
20250314,5880,合庫金,TWSE,24.3,24.35,24.15,24.15,7184593,173842293,TWSE_RWD_JSON_MI_INDEX
20250314,5906,台南-KY,TWSE,56.2,58.1,55.3,55.3,72885,4172401,TWSE_RWD_JSON_MI_INDEX
20250314,5907,大洋-KY,TWSE,9.78,10.7,9.77,10.4,2433065,25483151,TWSE_RWD_JSON_MI_INDEX
20250314,6005,群益證,TWSE,27.35,27.85,26.85,27.85,9643013,265335562,TWSE_RWD_JSON_MI_INDEX
20250314,6024,群益期,TWSE,51.2,51.3,50.8,51.0,927910,47289016,TWSE_RWD_JSON_MI_INDEX
20250314,6108,競國,TWSE,16.3,16.5,16.2,16.45,179279,2935918,TWSE_RWD_JSON_MI_INDEX
20250314,6112,邁達特,TWSE,53.4,54.6,52.8,54.1,1335346,71778897,TWSE_RWD_JSON_MI_INDEX
20250314,6115,鎰勝,TWSE,53.5,54.0,53.4,54.0,115506,6216886,TWSE_RWD_JSON_MI_INDEX
20250314,6116,彩晶,TWSE,8.3,8.51,8.28,8.42,5448939,45913290,TWSE_RWD_JSON_MI_INDEX
20250314,6117,迎廣,TWSE,100.0,101.5,96.5,98.2,6163667,607740113,TWSE_RWD_JSON_MI_INDEX
20250314,6120,達運,TWSE,13.9,14.15,13.85,14.05,1416410,19817230,TWSE_RWD_JSON_MI_INDEX
20250314,6128,上福,TWSE,37.5,37.8,37.35,37.4,195451,7358780,TWSE_RWD_JSON_MI_INDEX
20250314,6133,金橋,TWSE,17.55,18.0,17.5,17.95,427644,7577049,TWSE_RWD_JSON_MI_INDEX
20250314,6136,富爾特,TWSE,23.9,24.4,23.9,24.15,321229,7755332,TWSE_RWD_JSON_MI_INDEX
20250314,6139,亞翔,TWSE,260.0,260.5,250.5,257.0,2858120,730910109,TWSE_RWD_JSON_MI_INDEX
20250314,6141,柏承,TWSE,14.7,14.75,14.45,14.45,445929,6479775,TWSE_RWD_JSON_MI_INDEX
20250314,6142,友勁,TWSE,11.25,11.35,11.2,11.2,367535,4136139,TWSE_RWD_JSON_MI_INDEX
20250314,6152,百一,TWSE,11.9,12.0,11.7,11.9,351282,4158876,TWSE_RWD_JSON_MI_INDEX
20250314,6153,嘉聯益,TWSE,14.5,14.75,14.4,14.55,1906200,27758438,TWSE_RWD_JSON_MI_INDEX
20250314,6155,鈞寶,TWSE,24.85,25.25,24.8,25.25,101999,2551004,TWSE_RWD_JSON_MI_INDEX
20250314,6164,華興,TWSE,12.75,12.9,12.7,12.85,164173,2102873,TWSE_RWD_JSON_MI_INDEX
20250314,6165,浪凡,TWSE,43.95,44.6,43.5,44.3,382424,16852786,TWSE_RWD_JSON_MI_INDEX
20250314,6166,凌華,TWSE,78.0,80.4,76.6,79.8,715773,56324018,TWSE_RWD_JSON_MI_INDEX
20250314,6168,宏齊,TWSE,19.95,20.35,19.95,20.15,222154,4480046,TWSE_RWD_JSON_MI_INDEX
20250314,6176,瑞儀,TWSE,188.0,188.5,186.0,186.0,1733388,323504233,TWSE_RWD_JSON_MI_INDEX
20250314,6177,達麗,TWSE,46.95,47.3,46.45,46.9,1419078,66501883,TWSE_RWD_JSON_MI_INDEX
20250314,6183,關貿,TWSE,89.2,89.2,88.8,88.8,9893,881993,TWSE_RWD_JSON_MI_INDEX
20250314,6184,大豐電,TWSE,53.7,53.8,53.3,53.8,61035,3272588,TWSE_RWD_JSON_MI_INDEX
20250314,6189,豐藝,TWSE,75.0,75.7,74.7,75.6,377760,28413482,TWSE_RWD_JSON_MI_INDEX
20250314,6191,精成科,TWSE,65.3,66.5,64.1,66.1,3525432,230114065,TWSE_RWD_JSON_MI_INDEX
20250314,6192,巨路,TWSE,111.0,111.0,109.0,110.5,292266,32159978,TWSE_RWD_JSON_MI_INDEX
20250314,6196,帆宣,TWSE,162.0,162.0,159.0,161.5,1131504,181358317,TWSE_RWD_JSON_MI_INDEX
20250314,6197,佳必琪,TWSE,136.5,139.0,135.0,136.5,350093,47678255,TWSE_RWD_JSON_MI_INDEX
20250314,6201,亞弘電,TWSE,61.5,62.4,61.5,62.0,29067,1801559,TWSE_RWD_JSON_MI_INDEX
20250314,6202,盛群,TWSE,50.0,50.7,49.95,50.7,411460,20685367,TWSE_RWD_JSON_MI_INDEX
20250314,6205,詮欣,TWSE,66.1,66.9,65.9,66.4,146825,9733876,TWSE_RWD_JSON_MI_INDEX
20250314,6206,飛捷,TWSE,144.0,144.0,136.5,142.0,5708469,799575768,TWSE_RWD_JSON_MI_INDEX
20250314,6209,今國光,TWSE,28.75,29.05,28.2,28.9,1048620,30006054,TWSE_RWD_JSON_MI_INDEX
20250314,6213,聯茂,TWSE,71.9,72.4,71.2,72.4,1122327,80711887,TWSE_RWD_JSON_MI_INDEX
20250314,6214,精誠,TWSE,133.0,133.5,132.0,133.5,756110,100481176,TWSE_RWD_JSON_MI_INDEX
20250314,6215,和椿,TWSE,104.5,106.0,101.0,102.5,17743181,1829073554,TWSE_RWD_JSON_MI_INDEX
20250314,6216,居易,TWSE,38.45,38.9,38.1,38.8,153948,5938896,TWSE_RWD_JSON_MI_INDEX
20250314,6224,聚鼎,TWSE,53.5,53.9,53.0,53.3,139717,7449166,TWSE_RWD_JSON_MI_INDEX
20250314,6225,天瀚,TWSE,13.0,13.4,12.9,12.9,25342,328510,TWSE_RWD_JSON_MI_INDEX
20250314,6226,光鼎,TWSE,8.38,8.4,8.34,8.39,78279,655247,TWSE_RWD_JSON_MI_INDEX
20250314,6230,尼得科超眾,TWSE,188.0,188.5,185.5,186.5,22938,4287360,TWSE_RWD_JSON_MI_INDEX
20250314,6235,華孚,TWSE,59.1,59.1,57.8,58.9,535880,31370989,TWSE_RWD_JSON_MI_INDEX
20250314,6239,力成,TWSE,124.0,125.0,122.5,122.5,2226432,275182811,TWSE_RWD_JSON_MI_INDEX
20250314,6243,迅杰,TWSE,43.7,43.7,42.6,43.05,116098,4986906,TWSE_RWD_JSON_MI_INDEX
20250314,6257,矽格,TWSE,76.4,76.5,75.5,76.1,2175848,165556580,TWSE_RWD_JSON_MI_INDEX
20250314,6269,台郡,TWSE,63.2,64.2,63.0,63.3,1098400,69714961,TWSE_RWD_JSON_MI_INDEX
20250314,6271,同欣電,TWSE,114.5,118.0,114.5,117.0,808480,94367178,TWSE_RWD_JSON_MI_INDEX
20250314,6277,宏正,TWSE,75.1,75.6,74.7,75.6,45651,3427185,TWSE_RWD_JSON_MI_INDEX
20250314,6278,台表科,TWSE,120.0,120.0,116.5,116.5,3428873,404305398,TWSE_RWD_JSON_MI_INDEX
20250314,6281,全國電,TWSE,81.0,81.0,80.6,80.7,93718,7568961,TWSE_RWD_JSON_MI_INDEX
20250314,6282,康舒,TWSE,30.1,30.65,30.05,30.5,1845255,55969538,TWSE_RWD_JSON_MI_INDEX
20250314,6283,淳安,TWSE,30.0,30.85,29.85,30.55,940014,28563344,TWSE_RWD_JSON_MI_INDEX
20250314,6285,啟碁,TWSE,144.0,146.5,143.0,143.5,2098686,303281073,TWSE_RWD_JSON_MI_INDEX
20250314,6288,聯嘉,TWSE,25.0,25.35,24.7,25.25,403910,10120770,TWSE_RWD_JSON_MI_INDEX
20250314,6405,悅城,TWSE,29.0,29.0,28.4,28.9,108961,3127829,TWSE_RWD_JSON_MI_INDEX
20250314,6409,旭隼,TWSE,1530.0,1530.0,1480.0,1510.0,148194,222865665,TWSE_RWD_JSON_MI_INDEX
20250314,6412,群電,TWSE,123.0,125.5,121.0,121.0,625734,76767249,TWSE_RWD_JSON_MI_INDEX
20250314,6414,樺漢,TWSE,291.5,291.5,285.5,288.5,592502,170814357,TWSE_RWD_JSON_MI_INDEX
20250314,6415,矽力*-KY,TWSE,404.5,439.0,397.0,434.5,5743078,2424819462,TWSE_RWD_JSON_MI_INDEX
20250314,6416,瑞祺電通,TWSE,121.5,121.5,118.0,120.0,1047530,125281147,TWSE_RWD_JSON_MI_INDEX
20250314,6423,億而得,TWSE,95.1,95.1,91.4,92.7,26878,2500698,TWSE_RWD_JSON_MI_INDEX
20250314,6426,統新,TWSE,78.0,79.2,76.8,78.6,223567,17442872,TWSE_RWD_JSON_MI_INDEX
20250314,6431,光麗-KY,TWSE,19.35,19.35,19.1,19.25,131141,2518433,TWSE_RWD_JSON_MI_INDEX
20250314,6438,迅得,TWSE,196.0,197.0,190.5,191.5,992393,190680566,TWSE_RWD_JSON_MI_INDEX
20250314,6442,光聖,TWSE,505.0,505.0,482.5,489.5,2907030,1427374705,TWSE_RWD_JSON_MI_INDEX
20250314,6443,元晶,TWSE,19.35,20.5,19.35,20.25,11650746,234781054,TWSE_RWD_JSON_MI_INDEX
20250314,6446,藥華藥,TWSE,561.0,561.0,549.0,556.0,875707,485888441,TWSE_RWD_JSON_MI_INDEX
20250314,6449,鈺邦,TWSE,126.5,128.0,126.0,127.0,146468,18566690,TWSE_RWD_JSON_MI_INDEX
20250314,6451,訊芯-KY,TWSE,179.5,179.5,172.0,178.0,1366312,240028313,TWSE_RWD_JSON_MI_INDEX
20250314,6456,GIS-KY,TWSE,51.8,52.2,51.5,51.7,300663,15582829,TWSE_RWD_JSON_MI_INDEX
20250314,6464,台數科,TWSE,79.5,80.5,79.5,80.5,113886,9110806,TWSE_RWD_JSON_MI_INDEX
20250314,6472,保瑞,TWSE,790.0,797.0,771.0,777.0,1201146,938120323,TWSE_RWD_JSON_MI_INDEX
20250314,6477,安集,TWSE,34.05,35.2,33.55,34.8,967012,33358688,TWSE_RWD_JSON_MI_INDEX
20250314,6491,晶碩,TWSE,366.5,368.5,363.5,367.5,126414,46282530,TWSE_RWD_JSON_MI_INDEX
20250314,6504,南六,TWSE,62.9,63.2,61.0,61.6,46554,2872055,TWSE_RWD_JSON_MI_INDEX
20250314,6505,台塑化,TWSE,37.7,39.8,37.7,39.75,15680390,613041663,TWSE_RWD_JSON_MI_INDEX
20250314,6515,穎崴,TWSE,1305.0,1310.0,1250.0,1270.0,808438,1032206240,TWSE_RWD_JSON_MI_INDEX
20250314,6525,捷敏-KY,TWSE,74.4,74.4,73.3,73.8,137052,10093611,TWSE_RWD_JSON_MI_INDEX
20250314,6526,達發,TWSE,612.0,616.0,607.0,611.0,207804,126932846,TWSE_RWD_JSON_MI_INDEX
20250314,6531,愛普*,TWSE,290.5,291.5,287.0,291.0,488459,141468966,TWSE_RWD_JSON_MI_INDEX
20250314,6533,晶心科,TWSE,370.0,373.0,364.0,370.0,542884,200304374,TWSE_RWD_JSON_MI_INDEX
20250314,6534,正瀚-創,TWSE,82.8,83.0,82.5,82.9,13030,1077681,TWSE_RWD_JSON_MI_INDEX
20250314,6541,泰福-KY,TWSE,71.0,71.5,70.1,70.5,213579,15093545,TWSE_RWD_JSON_MI_INDEX
20250314,6550,北極星藥業-KY,TWSE,44.0,44.3,43.4,44.15,258385,11314726,TWSE_RWD_JSON_MI_INDEX
20250314,6552,易華電,TWSE,34.6,34.85,34.45,34.85,33720,1167059,TWSE_RWD_JSON_MI_INDEX
20250314,6558,興能高,TWSE,56.9,57.1,54.8,55.2,11818234,657969940,TWSE_RWD_JSON_MI_INDEX
20250314,6573,虹揚-KY,TWSE,13.75,13.75,13.4,13.6,123449,1670090,TWSE_RWD_JSON_MI_INDEX
20250314,6579,研揚,TWSE,142.0,142.0,139.0,142.0,118382,16640044,TWSE_RWD_JSON_MI_INDEX
20250314,6581,鋼聯,TWSE,114.0,115.0,113.5,114.5,19588,2240531,TWSE_RWD_JSON_MI_INDEX
20250314,6582,申豐,TWSE,53.0,53.6,52.7,53.0,123351,6525558,TWSE_RWD_JSON_MI_INDEX
20250314,6585,鼎基,TWSE,162.0,166.0,161.0,162.5,352643,57517871,TWSE_RWD_JSON_MI_INDEX
20250314,6591,動力-KY,TWSE,54.3,54.7,53.8,54.6,147869,8029234,TWSE_RWD_JSON_MI_INDEX
20250314,6592,和潤企業,TWSE,75.8,76.4,75.7,76.2,265764,20190797,TWSE_RWD_JSON_MI_INDEX
20250314,6598,ABC-KY,TWSE,22.15,22.5,22.15,22.5,73106,1631991,TWSE_RWD_JSON_MI_INDEX
20250314,6605,帝寶,TWSE,212.0,212.5,206.0,206.0,297944,62198927,TWSE_RWD_JSON_MI_INDEX
20250314,6606,建德工業,TWSE,30.8,31.0,30.55,30.7,588492,18068303,TWSE_RWD_JSON_MI_INDEX
20250314,6625,必應,TWSE,72.3,72.3,71.0,71.3,171554,12254504,TWSE_RWD_JSON_MI_INDEX
20250314,6641,基士德-KY,TWSE,29.9,29.9,28.65,28.65,7000,202650,TWSE_RWD_JSON_MI_INDEX
20250314,6645,金萬林-創,TWSE,22.2,22.65,22.2,22.35,42963,957123,TWSE_RWD_JSON_MI_INDEX
20250314,6655,科定,TWSE,132.0,132.0,129.5,129.5,2237,292241,TWSE_RWD_JSON_MI_INDEX
20250314,6657,華安,TWSE,70.5,74.7,70.5,73.4,1896210,138267222,TWSE_RWD_JSON_MI_INDEX
20250314,6658,聯策,TWSE,82.4,86.1,81.0,84.1,6320684,529392957,TWSE_RWD_JSON_MI_INDEX
20250314,6666,羅麗芬-KY,TWSE,49.25,49.25,49.0,49.2,18281,898822,TWSE_RWD_JSON_MI_INDEX
20250314,6668,中揚光,TWSE,47.85,48.45,47.5,48.1,213582,10237534,TWSE_RWD_JSON_MI_INDEX
20250314,6669,緯穎,TWSE,1965.0,1970.0,1910.0,1920.0,1536186,2972488855,TWSE_RWD_JSON_MI_INDEX
20250314,6670,復盛應用,TWSE,334.0,341.5,330.0,332.5,749039,250414430,TWSE_RWD_JSON_MI_INDEX
20250314,6671,三能-KY,TWSE,43.3,43.3,42.15,42.9,37001,1585447,TWSE_RWD_JSON_MI_INDEX
20250314,6672,騰輝電子-KY,TWSE,78.9,79.4,78.0,79.3,302691,23841630,TWSE_RWD_JSON_MI_INDEX
20250314,6674,鋐寶科技,TWSE,23.5,24.25,23.45,23.45,5000,118450,TWSE_RWD_JSON_MI_INDEX
20250314,6689,伊雲谷,TWSE,98.7,100.5,98.3,100.5,373258,37202730,TWSE_RWD_JSON_MI_INDEX
20250314,6691,洋基工程,TWSE,407.0,408.5,395.0,400.5,848908,339618181,TWSE_RWD_JSON_MI_INDEX
20250314,6695,芯鼎,TWSE,54.1,55.0,54.1,54.6,347195,18947513,TWSE_RWD_JSON_MI_INDEX
20250314,6698,旭暉應材,TWSE,33.5,33.9,33.2,33.55,75970,2547975,TWSE_RWD_JSON_MI_INDEX
20250314,6706,惠特,TWSE,89.7,90.6,87.6,90.2,1306535,116513793,TWSE_RWD_JSON_MI_INDEX
20250314,6715,嘉基,TWSE,136.5,138.5,133.5,137.0,72556,9900843,TWSE_RWD_JSON_MI_INDEX
20250314,6719,力智,TWSE,201.5,201.5,196.0,197.5,455873,90278522,TWSE_RWD_JSON_MI_INDEX
20250314,6742,澤米,TWSE,67.9,67.9,65.6,66.6,579859,38663466,TWSE_RWD_JSON_MI_INDEX
20250314,6743,安普新,TWSE,42.2,42.6,41.8,41.8,150114,6302293,TWSE_RWD_JSON_MI_INDEX
20250314,6753,龍德造船,TWSE,101.0,101.5,99.0,100.0,593977,59534409,TWSE_RWD_JSON_MI_INDEX
20250314,6754,匯僑設計,TWSE,65.5,65.5,65.0,65.0,26872,1749604,TWSE_RWD_JSON_MI_INDEX
20250314,6756,威鋒電子,TWSE,118.0,119.5,117.0,118.0,63130,7454922,TWSE_RWD_JSON_MI_INDEX
20250314,6757,台灣虎航,TWSE,88.3,89.3,87.7,88.3,1900346,168202567,TWSE_RWD_JSON_MI_INDEX
20250314,6768,志強-KY,TWSE,124.0,125.5,122.0,124.5,2241958,276717196,TWSE_RWD_JSON_MI_INDEX
20250314,6770,力積電,TWSE,17.75,18.2,17.55,18.0,18690090,334186277,TWSE_RWD_JSON_MI_INDEX
20250314,6771,平和環保-創,TWSE,57.6,61.0,56.4,59.1,131307,7729183,TWSE_RWD_JSON_MI_INDEX
20250314,6776,展碁國際,TWSE,56.8,57.2,56.6,57.2,42257,2408838,TWSE_RWD_JSON_MI_INDEX
20250314,6781,AES-KY,TWSE,1015.0,1060.0,997.0,1040.0,2774514,2859830615,TWSE_RWD_JSON_MI_INDEX
20250314,6782,視陽,TWSE,171.0,176.5,170.0,171.0,278291,47935734,TWSE_RWD_JSON_MI_INDEX
20250314,6789,采鈺,TWSE,254.5,257.5,252.0,257.5,741752,189385728,TWSE_RWD_JSON_MI_INDEX
20250314,6790,永豐實,TWSE,43.25,43.95,43.25,43.3,275274,11958201,TWSE_RWD_JSON_MI_INDEX
20250314,6792,詠業,TWSE,66.7,67.0,66.0,66.8,38271,2544195,TWSE_RWD_JSON_MI_INDEX
20250314,6794,向榮生技,TWSE,71.6,71.8,69.9,71.7,37000,2623500,TWSE_RWD_JSON_MI_INDEX
20250314,6796,晉弘,TWSE,84.3,85.4,84.0,84.6,20336,1721392,TWSE_RWD_JSON_MI_INDEX
20250314,6799,來頡,TWSE,111.0,111.0,106.0,108.5,606493,65558127,TWSE_RWD_JSON_MI_INDEX
20250314,6805,富世達,TWSE,785.0,804.0,763.0,799.0,3774280,2970278480,TWSE_RWD_JSON_MI_INDEX
20250314,6806,森崴能源,TWSE,95.5,95.8,94.0,95.1,1454922,138028868,TWSE_RWD_JSON_MI_INDEX
20250314,6807,峰源-KY,TWSE,79.8,79.8,74.6,75.3,446371,34000237,TWSE_RWD_JSON_MI_INDEX
20250314,6830,汎銓,TWSE,134.0,136.0,133.0,136.0,170796,22969294,TWSE_RWD_JSON_MI_INDEX
20250314,6834,天二科技,TWSE,31.75,31.8,31.0,31.35,67254,2115902,TWSE_RWD_JSON_MI_INDEX
20250314,6835,圓裕,TWSE,51.1,51.5,48.2,49.55,989763,49062423,TWSE_RWD_JSON_MI_INDEX
20250314,6838,台新藥,TWSE,32.0,32.15,31.7,32.1,180721,5762493,TWSE_RWD_JSON_MI_INDEX
20250314,6854,錼創科技-KY創,TWSE,190.0,198.0,189.0,192.5,891417,171862358,TWSE_RWD_JSON_MI_INDEX
20250314,6861,睿生光電,TWSE,64.4,64.4,63.5,64.1,24311,1554871,TWSE_RWD_JSON_MI_INDEX
20250314,6862,三集瑞-KY,TWSE,158.0,159.5,158.0,159.0,39900,6336949,TWSE_RWD_JSON_MI_INDEX
20250314,6863,永道-KY,TWSE,221.5,229.0,221.5,225.0,537397,121113240,TWSE_RWD_JSON_MI_INDEX
20250314,6869,雲豹能源,TWSE,173.5,178.0,172.0,178.0,1449824,255443598,TWSE_RWD_JSON_MI_INDEX
20250314,6873,泓德能源,TWSE,216.0,220.0,213.5,219.0,449439,97653475,TWSE_RWD_JSON_MI_INDEX
20250314,6885,全福生技,TWSE,28.7,29.45,28.55,29.45,254035,7344001,TWSE_RWD_JSON_MI_INDEX
20250314,6887,寶綠特-KY,TWSE,89.5,90.0,88.5,89.0,252546,22493038,TWSE_RWD_JSON_MI_INDEX
20250314,6890,來億-KY,TWSE,340.5,342.0,335.0,335.0,868308,293153553,TWSE_RWD_JSON_MI_INDEX
20250314,6901,鑽石投資,TWSE,30.15,30.45,29.95,30.25,535484,16158175,TWSE_RWD_JSON_MI_INDEX
20250314,6902,GOGOLOOK,TWSE,129.5,129.5,123.0,126.0,15414,1941474,TWSE_RWD_JSON_MI_INDEX
20250314,6906,現觀科,TWSE,142.5,142.5,140.0,142.0,79645,11261322,TWSE_RWD_JSON_MI_INDEX
20250314,6914,阜爾運通,TWSE,144.0,146.5,143.0,145.5,129079,18678714,TWSE_RWD_JSON_MI_INDEX
20250314,6916,華凌,TWSE,27.35,27.7,27.1,27.7,602398,16533978,TWSE_RWD_JSON_MI_INDEX
20250314,6919,康霈*,TWSE,884.0,889.0,869.0,883.0,508468,447290913,TWSE_RWD_JSON_MI_INDEX
20250314,6923,中台,TWSE,77.1,78.4,77.1,78.3,22298,1726009,TWSE_RWD_JSON_MI_INDEX
20250314,6924,榮惠-KY創,TWSE,92.8,92.8,92.8,92.8,1000,92800,TWSE_RWD_JSON_MI_INDEX
20250314,6928,攸泰科技,TWSE,62.7,63.0,61.6,62.1,95119,5921919,TWSE_RWD_JSON_MI_INDEX
20250314,6931,青松健康,TWSE,70.8,71.0,70.3,70.7,67273,4749131,TWSE_RWD_JSON_MI_INDEX
20250314,6933,AMAX-KY,TWSE,183.0,184.5,182.5,184.5,63205,11606771,TWSE_RWD_JSON_MI_INDEX
20250314,6937,天虹,TWSE,262.5,264.5,258.0,262.0,469944,122619420,TWSE_RWD_JSON_MI_INDEX
20250314,6949,沛爾生醫-創,TWSE,143.5,145.0,137.5,145.0,107934,15179106,TWSE_RWD_JSON_MI_INDEX
20250314,6951,青新-創,TWSE,71.0,71.0,70.7,70.7,9345,663509,TWSE_RWD_JSON_MI_INDEX
20250314,6952,大武山,TWSE,48.6,48.6,48.2,48.3,9237,447413,TWSE_RWD_JSON_MI_INDEX
20250314,6955,邦睿生技-創,TWSE,150.0,155.0,150.0,155.0,45564,6933091,TWSE_RWD_JSON_MI_INDEX
20250314,6957,裕慶-KY,TWSE,224.0,224.5,214.0,215.0,426505,92598119,TWSE_RWD_JSON_MI_INDEX
20250314,6958,日盛台駿,TWSE,23.9,24.25,23.65,24.15,137995,3301573,TWSE_RWD_JSON_MI_INDEX
20250314,6962,奕力-KY,TWSE,55.2,55.5,54.3,54.8,3118869,171245399,TWSE_RWD_JSON_MI_INDEX
20250314,6965,中傑-KY,TWSE,171.0,173.5,164.5,169.0,567114,95692751,TWSE_RWD_JSON_MI_INDEX
20250314,6969,成信實業*-創,TWSE,31.6,34.65,31.6,34.65,114165,3907316,TWSE_RWD_JSON_MI_INDEX
20250314,6988,威力暘-創,TWSE,27.15,27.5,26.85,27.5,25001,677927,TWSE_RWD_JSON_MI_INDEX
20250314,6994,富威電力,TWSE,137.0,140.5,132.0,135.5,464653,63081464,TWSE_RWD_JSON_MI_INDEX
20250314,7631,聚賢研發-創,TWSE,91.0,98.0,90.8,97.0,161318,15182921,TWSE_RWD_JSON_MI_INDEX
20250314,7705,三商餐飲,TWSE,68.1,69.5,67.8,69.5,97398,6692356,TWSE_RWD_JSON_MI_INDEX
20250314,7722,LINEPAY,TWSE,734.0,743.0,720.0,730.0,125172,92116470,TWSE_RWD_JSON_MI_INDEX
20250314,7732,金興精密,TWSE,43.5,43.5,43.0,43.4,44400,1919988,TWSE_RWD_JSON_MI_INDEX
20250314,8011,台通,TWSE,23.6,23.85,23.5,23.65,824570,19545706,TWSE_RWD_JSON_MI_INDEX
20250314,8016,矽創,TWSE,215.0,216.5,213.5,213.5,308745,66221752,TWSE_RWD_JSON_MI_INDEX
20250314,8021,尖點,TWSE,31.1,31.45,30.95,31.3,385308,12007951,TWSE_RWD_JSON_MI_INDEX
20250314,8028,昇陽半導體,TWSE,139.5,140.5,136.0,138.5,5077225,701003550,TWSE_RWD_JSON_MI_INDEX
20250314,8033,雷虎,TWSE,67.6,67.9,65.2,65.2,3262213,215759488,TWSE_RWD_JSON_MI_INDEX
20250314,8039,台虹,TWSE,47.9,48.2,47.4,47.9,746585,35734164,TWSE_RWD_JSON_MI_INDEX
20250314,8045,達運光電,TWSE,135.0,142.5,132.5,142.0,1417110,196378391,TWSE_RWD_JSON_MI_INDEX
20250314,8046,南電,TWSE,129.0,130.5,126.0,129.0,2184482,280389682,TWSE_RWD_JSON_MI_INDEX
20250314,8070,長華*,TWSE,44.9,44.9,43.5,44.5,8620219,380346720,TWSE_RWD_JSON_MI_INDEX
20250314,8072,陞泰,TWSE,27.3,27.3,26.65,27.1,158027,4258611,TWSE_RWD_JSON_MI_INDEX
20250314,8081,致新,TWSE,246.0,246.0,240.0,243.0,375076,90918443,TWSE_RWD_JSON_MI_INDEX
20250314,8101,華冠,TWSE,19.4,19.5,19.15,19.15,40840,789710,TWSE_RWD_JSON_MI_INDEX
20250314,8103,瀚荃,TWSE,49.4,51.5,49.4,51.5,1805414,91689287,TWSE_RWD_JSON_MI_INDEX
20250314,8104,錸寶,TWSE,42.7,43.45,42.2,42.3,1069657,45708843,TWSE_RWD_JSON_MI_INDEX
20250314,8105,凌巨,TWSE,14.05,14.55,14.05,14.45,965814,13849455,TWSE_RWD_JSON_MI_INDEX
20250314,8110,華東,TWSE,14.5,14.9,14.5,14.8,1604624,23626504,TWSE_RWD_JSON_MI_INDEX
20250314,8112,至上,TWSE,60.9,61.2,60.5,60.7,1838358,111861907,TWSE_RWD_JSON_MI_INDEX
20250314,8114,振樺電,TWSE,328.0,328.5,301.5,301.5,1859672,573131383,TWSE_RWD_JSON_MI_INDEX
20250314,8131,福懋科,TWSE,29.9,30.35,29.9,30.25,249286,7535988,TWSE_RWD_JSON_MI_INDEX
20250314,8150,南茂,TWSE,30.65,31.05,30.5,30.85,1686330,51812313,TWSE_RWD_JSON_MI_INDEX
20250314,8162,微矽電子-創,TWSE,38.75,38.95,38.75,38.9,4000,155500,TWSE_RWD_JSON_MI_INDEX
20250314,8163,達方,TWSE,41.6,42.15,41.6,41.85,713704,29879775,TWSE_RWD_JSON_MI_INDEX
20250314,8201,無敵,TWSE,14.15,14.35,14.0,14.2,42073,595209,TWSE_RWD_JSON_MI_INDEX
20250314,8210,勤誠,TWSE,293.0,297.5,287.0,288.5,1417323,411974947,TWSE_RWD_JSON_MI_INDEX
20250314,8213,志超,TWSE,34.45,34.45,34.0,34.35,261119,8923889,TWSE_RWD_JSON_MI_INDEX
20250314,8215,明基材,TWSE,28.1,28.25,27.95,28.2,303981,8541816,TWSE_RWD_JSON_MI_INDEX
20250314,8222,寶一,TWSE,39.7,40.2,39.0,39.4,285457,11266569,TWSE_RWD_JSON_MI_INDEX
20250314,8249,菱光,TWSE,58.0,59.1,56.7,59.0,2353444,136449429,TWSE_RWD_JSON_MI_INDEX
20250314,8261,富鼎,TWSE,85.5,86.2,85.0,85.8,143792,12324382,TWSE_RWD_JSON_MI_INDEX
20250314,8271,宇瞻,TWSE,51.1,52.7,51.1,52.6,381293,19888070,TWSE_RWD_JSON_MI_INDEX
20250314,8341,日友,TWSE,85.2,85.6,84.1,84.1,185861,15696011,TWSE_RWD_JSON_MI_INDEX
20250314,8367,建新國際,TWSE,49.75,50.2,49.55,50.1,45581,2277318,TWSE_RWD_JSON_MI_INDEX
20250314,8374,羅昇,TWSE,113.0,114.0,110.5,114.0,521617,58736789,TWSE_RWD_JSON_MI_INDEX
20250314,8404,百和興業-KY,TWSE,25.65,26.05,25.3,25.9,916200,23538679,TWSE_RWD_JSON_MI_INDEX
20250314,8411,福貞-KY,TWSE,13.45,13.45,13.4,13.45,21731,292209,TWSE_RWD_JSON_MI_INDEX
20250314,8422,可寧衛*,TWSE,188.5,188.5,186.5,188.0,190881,35766732,TWSE_RWD_JSON_MI_INDEX
20250314,8429,金麗-KY,TWSE,10.1,11.1,10.1,10.75,2348371,25264382,TWSE_RWD_JSON_MI_INDEX
20250314,8438,昶昕,TWSE,34.0,34.7,33.8,34.6,118090,4046818,TWSE_RWD_JSON_MI_INDEX
20250314,8442,威宏-KY,TWSE,109.5,110.0,108.0,108.0,49128,5342942,TWSE_RWD_JSON_MI_INDEX
20250314,8443,阿瘦,TWSE,11.9,11.9,11.85,11.85,8035,95590,TWSE_RWD_JSON_MI_INDEX
20250314,8454,富邦媒,TWSE,361.0,371.5,360.0,369.0,534425,196395801,TWSE_RWD_JSON_MI_INDEX
20250314,8462,柏文,TWSE,122.5,123.0,120.5,121.0,54500,6613521,TWSE_RWD_JSON_MI_INDEX
20250314,8463,潤泰材,TWSE,25.0,25.15,25.0,25.05,52061,1303478,TWSE_RWD_JSON_MI_INDEX
20250314,8464,億豐,TWSE,417.5,422.5,406.0,418.0,538777,224179599,TWSE_RWD_JSON_MI_INDEX
20250314,8466,美吉吉-KY,TWSE,38.85,39.1,38.85,38.9,139251,5426706,TWSE_RWD_JSON_MI_INDEX
20250314,8467,波力-KY,TWSE,211.0,212.0,202.0,210.5,217533,45149276,TWSE_RWD_JSON_MI_INDEX
20250314,8473,山林水,TWSE,37.45,37.45,36.55,36.8,647600,23860640,TWSE_RWD_JSON_MI_INDEX
20250314,8476,台境*,TWSE,26.75,27.0,26.15,26.15,478349,12658143,TWSE_RWD_JSON_MI_INDEX
20250314,8478,東哥遊艇,TWSE,186.5,187.0,182.5,184.5,127111,23389316,TWSE_RWD_JSON_MI_INDEX
20250314,8481,政伸,TWSE,51.3,51.8,51.3,51.7,17058,879787,TWSE_RWD_JSON_MI_INDEX
20250314,8482,商億-KY,TWSE,101.5,101.5,95.8,96.6,228576,22235596,TWSE_RWD_JSON_MI_INDEX
20250314,8487,愛爾達-創,TWSE,80.1,80.1,79.1,80.0,76145,6050929,TWSE_RWD_JSON_MI_INDEX
20250314,8488,吉源-KY,TWSE,13.75,13.75,13.75,13.75,2000,27500,TWSE_RWD_JSON_MI_INDEX
20250314,8499,鼎炫-KY,TWSE,161.5,170.5,160.5,165.0,321718,53437772,TWSE_RWD_JSON_MI_INDEX
20250314,8926,台汽電,TWSE,41.2,42.3,41.2,42.05,1412139,59207757,TWSE_RWD_JSON_MI_INDEX
20250314,8940,新天地,TWSE,23.05,23.2,22.9,22.9,19384,445000,TWSE_RWD_JSON_MI_INDEX
20250314,8996,高力,TWSE,282.0,284.0,276.0,284.0,1196210,335616941,TWSE_RWD_JSON_MI_INDEX
20250314,9103,美德醫療-DR,TWSE,6.0,6.2,6.0,6.09,666288,4033094,TWSE_RWD_JSON_MI_INDEX
20250314,910322,康師傅-DR,TWSE,25.85,26.4,25.85,26.4,65798,1722861,TWSE_RWD_JSON_MI_INDEX
20250314,9105,泰金寶-DR,TWSE,7.26,7.32,7.26,7.29,13903254,101315990,TWSE_RWD_JSON_MI_INDEX
20250314,910861,神州-DR,TWSE,6.41,6.45,6.4,6.45,23703,151960,TWSE_RWD_JSON_MI_INDEX
20250314,911608,明輝-DR,TWSE,3.53,3.56,3.43,3.51,50836,176298,TWSE_RWD_JSON_MI_INDEX
20250314,911622,泰聚亨-DR,TWSE,4.83,4.83,4.8,4.82,15830,75807,TWSE_RWD_JSON_MI_INDEX
20250314,911868,同方友友-DR,TWSE,1.49,1.52,1.48,1.51,464022,691216,TWSE_RWD_JSON_MI_INDEX
20250314,912000,晨訊科-DR,TWSE,3.34,3.4,3.31,3.35,650006,2181372,TWSE_RWD_JSON_MI_INDEX
20250314,9136,巨騰-DR,TWSE,8.15,8.2,8.0,8.12,1049182,8522137,TWSE_RWD_JSON_MI_INDEX
20250314,9802,鈺齊-KY,TWSE,134.5,137.5,132.0,135.0,1935863,261061859,TWSE_RWD_JSON_MI_INDEX
20250314,9902,台火,TWSE,15.7,15.7,15.5,15.7,100271,1562708,TWSE_RWD_JSON_MI_INDEX
20250314,9904,寶成,TWSE,35.95,36.1,35.65,35.9,7918530,284396328,TWSE_RWD_JSON_MI_INDEX
20250314,9905,大華,TWSE,23.75,24.05,23.75,24.05,162385,3887679,TWSE_RWD_JSON_MI_INDEX
20250314,9906,欣巴巴,TWSE,107.0,110.0,104.5,105.5,348179,37173708,TWSE_RWD_JSON_MI_INDEX
20250314,9907,統一實,TWSE,17.95,18.1,17.8,17.95,2556942,45897101,TWSE_RWD_JSON_MI_INDEX
20250314,9908,大台北,TWSE,30.7,30.75,30.55,30.6,177562,5434881,TWSE_RWD_JSON_MI_INDEX
20250314,9910,豐泰,TWSE,133.5,134.0,131.0,133.0,764401,101519965,TWSE_RWD_JSON_MI_INDEX
20250314,9911,櫻花,TWSE,87.9,88.3,87.2,87.6,424983,37216420,TWSE_RWD_JSON_MI_INDEX
20250314,9912,偉聯,TWSE,11.85,12.05,11.15,11.55,336967,3911752,TWSE_RWD_JSON_MI_INDEX
20250314,9914,美利達,TWSE,154.5,170.5,153.0,167.5,7333791,1186224897,TWSE_RWD_JSON_MI_INDEX
20250314,9917,中保科,TWSE,123.5,124.0,123.0,124.0,333502,41276840,TWSE_RWD_JSON_MI_INDEX
20250314,9918,欣天然,TWSE,39.65,39.75,39.5,39.7,16169,640585,TWSE_RWD_JSON_MI_INDEX
20250314,9919,康那香,TWSE,18.45,18.6,18.4,18.55,314900,5825465,TWSE_RWD_JSON_MI_INDEX
20250314,9921,巨大,TWSE,154.5,158.0,150.5,157.0,3046806,471766824,TWSE_RWD_JSON_MI_INDEX
20250314,9924,福興,TWSE,55.3,55.3,53.5,53.6,461222,25012458,TWSE_RWD_JSON_MI_INDEX
20250314,9925,新保,TWSE,41.35,41.4,41.3,41.4,121650,5030626,TWSE_RWD_JSON_MI_INDEX
20250314,9926,新海,TWSE,51.5,51.8,51.2,51.6,6010,309414,TWSE_RWD_JSON_MI_INDEX
20250314,9927,泰銘,TWSE,73.3,75.2,73.0,74.7,773007,57548815,TWSE_RWD_JSON_MI_INDEX
20250314,9928,中視,TWSE,17.85,17.85,17.45,17.6,46152,808452,TWSE_RWD_JSON_MI_INDEX
20250314,9929,秋雨,TWSE,15.6,15.8,15.25,15.8,21001,322115,TWSE_RWD_JSON_MI_INDEX
20250314,9930,中聯資源,TWSE,70.7,71.0,70.2,70.6,173042,12197352,TWSE_RWD_JSON_MI_INDEX
20250314,9931,欣高,TWSE,34.95,35.1,34.95,35.0,5298,185452,TWSE_RWD_JSON_MI_INDEX
20250314,9933,中鼎,TWSE,41.7,41.75,41.2,41.55,1051027,43556309,TWSE_RWD_JSON_MI_INDEX
20250314,9934,成霖,TWSE,13.5,13.55,13.4,13.5,502593,6772568,TWSE_RWD_JSON_MI_INDEX
20250314,9935,慶豐富,TWSE,31.1,31.7,31.1,31.55,423114,13281779,TWSE_RWD_JSON_MI_INDEX
20250314,9937,全國,TWSE,62.2,62.4,62.2,62.3,12031,749460,TWSE_RWD_JSON_MI_INDEX
20250314,9938,百和,TWSE,66.5,66.8,65.0,65.9,2062591,135258913,TWSE_RWD_JSON_MI_INDEX
20250314,9939,宏全,TWSE,160.0,163.0,155.5,163.0,1477795,235950841,TWSE_RWD_JSON_MI_INDEX
20250314,9940,信義,TWSE,29.5,29.95,29.5,29.8,215182,6394453,TWSE_RWD_JSON_MI_INDEX
20250314,9941,裕融,TWSE,113.5,114.5,113.0,114.0,506131,57554052,TWSE_RWD_JSON_MI_INDEX
20250314,9942,茂順,TWSE,118.0,123.0,118.0,121.5,565923,68382598,TWSE_RWD_JSON_MI_INDEX
20250314,9943,好樂迪,TWSE,79.6,80.9,79.6,79.9,38731,3094921,TWSE_RWD_JSON_MI_INDEX
20250314,9944,新麗,TWSE,20.0,20.1,19.95,20.1,80194,1604693,TWSE_RWD_JSON_MI_INDEX
20250314,9945,潤泰新,TWSE,38.75,38.8,37.9,38.0,21004707,802408466,TWSE_RWD_JSON_MI_INDEX
20250314,9946,三發地產,TWSE,24.8,24.95,24.7,24.9,651464,16183919,TWSE_RWD_JSON_MI_INDEX
20250314,9955,佳龍,TWSE,31.05,31.3,30.3,30.65,1475199,45254573,TWSE_RWD_JSON_MI_INDEX
20250314,9958,世紀鋼,TWSE,186.5,189.5,184.5,187.0,2312958,431977729,TWSE_RWD_JSON_MI_INDEX
