date,stock_id,stock_name,market,open,high,low,close,volume,trading_value,source
20241209,006201,元大富櫃50,TPEx,22.88,22.89,22.75,22.8,55000,1254510,TPEX_OTC_QUOTES_NO1430_JSON
20241209,00858,永豐美國500大,TPEx,34.45,34.54,34.43,34.53,248000,8556240,TPEX_OTC_QUOTES_NO1430_JSON
20241209,00877,復華中國5G,TPEx,12.55,12.55,12.36,12.39,780000,9690120,TPEX_OTC_QUOTES_NO1430_JSON
20241209,00886,永豐美國科技,TPEx,37.1,37.15,37.05,37.14,238000,8837980,TPEX_OTC_QUOTES_NO1430_JSON
20241209,00887,永豐中國科技50大,TPEx,8.78,8.78,8.66,8.69,10241000,89322900,TPEX_OTC_QUOTES_NO1430_JSON
20241209,00888,永豐台灣ESG,TPEx,16.6,16.65,16.57,16.6,796000,13224680,TPEX_OTC_QUOTES_NO1430_JSON
20241209,00928,中信上櫃ESG 30,TPEx,16.58,16.58,16.45,16.48,192000,3168250,TPEX_OTC_QUOTES_NO1430_JSON
20241209,00955,中信日本商社,TPEx,9.57,9.62,9.57,9.59,1302000,12509040,TPEX_OTC_QUOTES_NO1430_JSON
20241209,020023,元大櫃買半導體N,TPEx,5.98,6.0,5.98,6.0,17000,101920,TPEX_OTC_QUOTES_NO1430_JSON
20241209,020025,統一亞洲半導體N,TPEx,9.7,9.7,9.7,9.7,1000,9700,TPEX_OTC_QUOTES_NO1430_JSON
20241209,020027,元大上櫃ESG成長N,TPEx,5.76,5.76,5.74,5.75,65000,373700,TPEX_OTC_QUOTES_NO1430_JSON
20241209,020033,統一恒生科期N,TPEx,3.71,3.73,3.69,3.69,144000,534430,TPEX_OTC_QUOTES_NO1430_JSON
20241209,020035,元大上櫃ESG高息N,TPEx,7.05,7.05,7.01,7.03,22000,154600,TPEX_OTC_QUOTES_NO1430_JSON
20241209,020040,元大上櫃ESG龍頭N,TPEx,5.17,5.17,5.17,5.17,43000,222310,TPEX_OTC_QUOTES_NO1430_JSON
20241209,1240,茂生農經,TPEx,52.8,53.0,52.8,52.8,7000,370600,TPEX_OTC_QUOTES_NO1430_JSON
20241209,1259,安心,TPEx,65.0,65.0,64.4,64.4,3000,193900,TPEX_OTC_QUOTES_NO1430_JSON
20241209,1264,德麥,TPEx,304.5,310.5,304.5,305.0,8000,2452000,TPEX_OTC_QUOTES_NO1430_JSON
20241209,1268,漢來美食,TPEx,150.5,151.0,150.5,150.5,13000,1960000,TPEX_OTC_QUOTES_NO1430_JSON
20241209,1294,漢田生技,TPEx,87.0,87.0,85.6,87.0,68000,5858200,TPEX_OTC_QUOTES_NO1430_JSON
20241209,1336,台翰,TPEx,27.05,27.05,25.9,26.65,1351000,35587950,TPEX_OTC_QUOTES_NO1430_JSON
20241209,1565,精華,TPEx,218.0,218.5,208.0,208.0,1150000,243371500,TPEX_OTC_QUOTES_NO1430_JSON
20241209,1569,濱川,TPEx,63.7,66.4,63.7,65.0,2134000,139239900,TPEX_OTC_QUOTES_NO1430_JSON
20241209,1570,力肯,TPEx,28.45,28.45,28.15,28.35,136000,3854050,TPEX_OTC_QUOTES_NO1430_JSON
20241209,1580,新麥,TPEx,145.0,146.0,145.0,145.0,41000,5961000,TPEX_OTC_QUOTES_NO1430_JSON
20241209,1584,精剛,TPEx,31.45,31.45,31.1,31.2,1401000,43712800,TPEX_OTC_QUOTES_NO1430_JSON
20241209,1586,和勤,TPEx,30.15,30.15,29.0,29.0,459000,13481050,TPEX_OTC_QUOTES_NO1430_JSON
20241209,1591,駿吉-KY,TPEx,57.0,57.2,55.1,55.1,1494000,83893300,TPEX_OTC_QUOTES_NO1430_JSON
20241209,1593,祺驊,TPEx,37.35,37.35,37.35,37.35,3000,112050,TPEX_OTC_QUOTES_NO1430_JSON
20241209,1595,川寶,TPEx,61.5,62.1,58.6,59.6,5843000,352640900,TPEX_OTC_QUOTES_NO1430_JSON
20241209,1599,宏佳騰,TPEx,31.6,31.6,31.1,31.4,35000,1097650,TPEX_OTC_QUOTES_NO1430_JSON
20241209,1742,台蠟,TPEx,17.25,17.25,16.9,17.05,85000,1458750,TPEX_OTC_QUOTES_NO1430_JSON
20241209,1777,生泰,TPEx,97.2,97.2,95.6,96.4,185000,17795800,TPEX_OTC_QUOTES_NO1430_JSON
20241209,1781,合世,TPEx,17.65,18.1,17.65,17.8,64000,1141350,TPEX_OTC_QUOTES_NO1430_JSON
20241209,1784,訊聯,TPEx,95.0,95.0,92.0,92.3,389000,36247100,TPEX_OTC_QUOTES_NO1430_JSON
20241209,1785,光洋科,TPEx,68.8,70.7,66.6,68.4,57671000,3967754100,TPEX_OTC_QUOTES_NO1430_JSON
20241209,1788,杏昌,TPEx,139.5,141.0,139.5,139.5,121000,16946000,TPEX_OTC_QUOTES_NO1430_JSON
20241209,1796,金穎生技,TPEx,50.0,50.0,49.75,49.75,2000,99750,TPEX_OTC_QUOTES_NO1430_JSON
20241209,1799,易威,TPEx,64.3,64.3,61.7,62.0,441000,27655000,TPEX_OTC_QUOTES_NO1430_JSON
20241209,1813,寶利徠,TPEx,19.15,19.15,18.95,18.95,47000,895400,TPEX_OTC_QUOTES_NO1430_JSON
20241209,1815,富喬,TPEx,29.55,29.65,28.0,28.35,53884000,1541278450,TPEX_OTC_QUOTES_NO1430_JSON
20241209,2035,唐榮公司,TPEx,32.0,32.85,31.8,32.8,15000,485400,TPEX_OTC_QUOTES_NO1430_JSON
20241209,2061,風青,TPEx,19.55,20.95,19.55,20.1,762000,15520450,TPEX_OTC_QUOTES_NO1430_JSON
20241209,2063,世鎧精密,TPEx,33.0,33.0,32.65,32.7,25000,817900,TPEX_OTC_QUOTES_NO1430_JSON
20241209,2064,晉椿,TPEx,14.8,14.9,14.8,14.8,16000,237100,TPEX_OTC_QUOTES_NO1430_JSON
20241209,2065,世豐,TPEx,49.6,49.9,49.5,49.7,73000,3625800,TPEX_OTC_QUOTES_NO1430_JSON
20241209,2066,世德,TPEx,108.0,108.0,105.5,105.5,135000,14383000,TPEX_OTC_QUOTES_NO1430_JSON
20241209,2067,嘉鋼,TPEx,11.0,11.05,11.0,11.05,26000,286250,TPEX_OTC_QUOTES_NO1430_JSON
20241209,2070,精湛,TPEx,81.2,82.1,79.7,80.1,598000,48071500,TPEX_OTC_QUOTES_NO1430_JSON
20241209,2073,雄順,TPEx,27.2,27.2,27.0,27.0,20000,540200,TPEX_OTC_QUOTES_NO1430_JSON
20241209,2221,大甲,TPEx,28.85,28.85,28.8,28.85,5000,144150,TPEX_OTC_QUOTES_NO1430_JSON
20241209,2230,泰茂,TPEx,160.0,163.5,150.0,151.5,1604000,250531500,TPEX_OTC_QUOTES_NO1430_JSON
20241209,2235,謚源,TPEx,48.5,49.85,48.5,49.2,4000,196050,TPEX_OTC_QUOTES_NO1430_JSON
20241209,2596,綠意,TPEx,41.15,41.15,40.7,40.75,100000,4087300,TPEX_OTC_QUOTES_NO1430_JSON
20241209,2640,大車隊,TPEx,122.0,124.5,121.5,122.5,148000,18214500,TPEX_OTC_QUOTES_NO1430_JSON
20241209,2641,正德,TPEx,18.85,19.3,18.75,19.15,2776000,53111150,TPEX_OTC_QUOTES_NO1430_JSON
20241209,2643,捷迅,TPEx,74.1,75.1,74.1,75.0,45000,3370300,TPEX_OTC_QUOTES_NO1430_JSON
20241209,2718,全心投控,TPEx,91.9,91.9,90.1,90.3,132000,11969300,TPEX_OTC_QUOTES_NO1430_JSON
20241209,2724,藝舍-KY,TPEx,38.05,38.25,38.05,38.1,47000,1792150,TPEX_OTC_QUOTES_NO1430_JSON
20241209,2726,雅茗-KY,TPEx,26.55,26.8,26.5,26.6,25000,663850,TPEX_OTC_QUOTES_NO1430_JSON
20241209,2729,瓦城,TPEx,200.5,200.5,200.5,200.5,3000,601500,TPEX_OTC_QUOTES_NO1430_JSON
20241209,2732,六角,TPEx,102.5,103.5,102.5,102.5,40000,4119500,TPEX_OTC_QUOTES_NO1430_JSON
20241209,2734,易飛網,TPEx,30.05,30.05,27.95,28.4,457000,13101250,TPEX_OTC_QUOTES_NO1430_JSON
20241209,2736,富野,TPEx,19.05,19.55,18.85,18.85,79000,1516200,TPEX_OTC_QUOTES_NO1430_JSON
20241209,2740,華軒,TPEx,37.0,37.0,30.55,30.55,11000,366950,TPEX_OTC_QUOTES_NO1430_JSON
20241209,2743,山富,TPEx,97.7,97.7,95.3,95.3,76000,7286000,TPEX_OTC_QUOTES_NO1430_JSON
20241209,2745,五福,TPEx,105.0,107.5,102.0,103.0,313000,32588500,TPEX_OTC_QUOTES_NO1430_JSON
20241209,2751,王座,TPEx,68.0,68.3,68.0,68.1,26000,1770600,TPEX_OTC_QUOTES_NO1430_JSON
20241209,2752,豆府,TPEx,232.5,234.0,232.5,234.0,3000,699000,TPEX_OTC_QUOTES_NO1430_JSON
20241209,2754,亞洲藏壽司,TPEx,89.0,89.1,88.3,89.1,15000,1332500,TPEX_OTC_QUOTES_NO1430_JSON
20241209,2755,揚秦,TPEx,100.5,101.5,100.5,101.0,29000,2931500,TPEX_OTC_QUOTES_NO1430_JSON
20241209,2756,聯發國際,TPEx,76.2,77.0,76.1,76.2,12000,918200,TPEX_OTC_QUOTES_NO1430_JSON
20241209,2916,滿心,TPEx,49.95,49.95,49.25,49.4,92000,4551250,TPEX_OTC_QUOTES_NO1430_JSON
20241209,2924,宏太-KY,TPEx,33.25,33.25,33.25,33.25,1000,33250,TPEX_OTC_QUOTES_NO1430_JSON
20241209,2926,誠品生活,TPEx,49.3,49.3,47.9,49.3,26000,1273900,TPEX_OTC_QUOTES_NO1430_JSON
20241209,2937,集雅社,TPEx,35.85,36.25,35.85,36.25,9000,323050,TPEX_OTC_QUOTES_NO1430_JSON
20241209,2947,振宇五金,TPEx,83.8,83.8,83.7,83.7,4000,335000,TPEX_OTC_QUOTES_NO1430_JSON
20241209,2949,欣新網,TPEx,89.8,89.8,89.8,89.8,1000,89800,TPEX_OTC_QUOTES_NO1430_JSON
20241209,3066,李洲,TPEx,24.5,24.5,23.6,23.7,325000,7775650,TPEX_OTC_QUOTES_NO1430_JSON
20241209,3067,全域,TPEx,27.35,28.45,26.8,28.45,17000,477500,TPEX_OTC_QUOTES_NO1430_JSON
20241209,3071,協禧,TPEx,29.75,29.9,29.3,29.3,73000,2146050,TPEX_OTC_QUOTES_NO1430_JSON
20241209,3073,天方能源,TPEx,67.3,67.7,65.3,66.8,269000,17919800,TPEX_OTC_QUOTES_NO1430_JSON
20241209,3078,僑威,TPEx,70.6,70.6,68.7,69.5,3347000,232678700,TPEX_OTC_QUOTES_NO1430_JSON
20241209,3081,聯亞,TPEx,361.0,361.0,346.0,346.0,529000,185783500,TPEX_OTC_QUOTES_NO1430_JSON
20241209,3083,網龍,TPEx,46.45,46.45,44.9,45.0,240000,10855450,TPEX_OTC_QUOTES_NO1430_JSON
20241209,3085,新零售,TPEx,24.5,24.5,24.5,24.5,4000,98000,TPEX_OTC_QUOTES_NO1430_JSON
20241209,3086,華義*,TPEx,158.0,161.0,157.5,160.5,34000,5401500,TPEX_OTC_QUOTES_NO1430_JSON
20241209,3088,艾訊,TPEx,112.5,115.0,107.5,107.5,3464000,386295500,TPEX_OTC_QUOTES_NO1430_JSON
20241209,3093,港建*,TPEx,26.95,27.05,26.8,27.0,58000,1564650,TPEX_OTC_QUOTES_NO1430_JSON
20241209,3095,及成,TPEx,40.0,40.0,39.0,40.0,17000,674550,TPEX_OTC_QUOTES_NO1430_JSON
20241209,3105,穩懋,TPEx,113.5,114.5,112.5,113.5,1508000,170864000,TPEX_OTC_QUOTES_NO1430_JSON
20241209,3114,好德,TPEx,26.6,26.6,26.25,26.3,166000,4377700,TPEX_OTC_QUOTES_NO1430_JSON
20241209,3115,富榮綱,TPEx,9.0,9.01,9.0,9.01,7000,63010,TPEX_OTC_QUOTES_NO1430_JSON
20241209,3118,進階,TPEx,32.25,32.25,31.8,32.0,12000,383050,TPEX_OTC_QUOTES_NO1430_JSON
20241209,3122,笙泉,TPEx,30.75,32.2,30.45,31.0,197000,6148650,TPEX_OTC_QUOTES_NO1430_JSON
20241209,3128,昇銳,TPEx,28.1,28.15,27.8,28.0,51000,1425250,TPEX_OTC_QUOTES_NO1430_JSON
20241209,3131,弘塑,TPEx,1755.0,1780.0,1725.0,1780.0,228000,401065000,TPEX_OTC_QUOTES_NO1430_JSON
20241209,3141,晶宏,TPEx,83.3,83.3,81.6,83.0,207000,17063600,TPEX_OTC_QUOTES_NO1430_JSON
20241209,3147,大綜,TPEx,143.0,144.0,139.5,142.0,310000,43967000,TPEX_OTC_QUOTES_NO1430_JSON
20241209,3152,璟德,TPEx,179.0,179.0,173.5,173.5,186000,32642000,TPEX_OTC_QUOTES_NO1430_JSON
20241209,3162,精確,TPEx,41.75,44.25,41.7,42.2,2579000,110889650,TPEX_OTC_QUOTES_NO1430_JSON
20241209,3163,波若威,TPEx,137.0,138.0,132.5,134.0,2670000,360335500,TPEX_OTC_QUOTES_NO1430_JSON
20241209,3169,亞信,TPEx,100.0,101.0,99.1,101.0,88000,8807400,TPEX_OTC_QUOTES_NO1430_JSON
20241209,3171,炎洲流通,TPEx,36.3,36.35,36.2,36.2,20000,725600,TPEX_OTC_QUOTES_NO1430_JSON
20241209,3176,基亞,TPEx,33.85,34.4,33.85,34.4,98000,3326050,TPEX_OTC_QUOTES_NO1430_JSON
20241209,3178,公準,TPEx,69.5,69.5,69.3,69.3,15000,1040800,TPEX_OTC_QUOTES_NO1430_JSON
20241209,3188,鑫龍騰,TPEx,28.8,28.8,27.6,28.05,377000,10596350,TPEX_OTC_QUOTES_NO1430_JSON
20241209,3202,樺晟,TPEx,7.05,7.05,6.46,6.49,911000,6107570,TPEX_OTC_QUOTES_NO1430_JSON
20241209,3205,佰研,TPEx,34.3,34.3,33.4,33.4,35000,1180650,TPEX_OTC_QUOTES_NO1430_JSON
20241209,3206,志豐,TPEx,42.45,42.7,42.35,42.35,54000,2295650,TPEX_OTC_QUOTES_NO1430_JSON
20241209,3207,耀勝,TPEx,105.0,105.5,102.5,103.0,245000,25404000,TPEX_OTC_QUOTES_NO1430_JSON
20241209,3211,順達,TPEx,224.0,224.0,204.5,204.5,35023000,7410022500,TPEX_OTC_QUOTES_NO1430_JSON
20241209,3213,茂訊,TPEx,89.3,89.3,87.5,87.9,198000,17456200,TPEX_OTC_QUOTES_NO1430_JSON
20241209,3217,優群,TPEx,159.5,160.0,157.0,158.0,926000,146336000,TPEX_OTC_QUOTES_NO1430_JSON
20241209,3218,大學光,TPEx,212.5,212.5,209.5,210.5,77000,16189000,TPEX_OTC_QUOTES_NO1430_JSON
20241209,3219,倚強科,TPEx,49.4,49.4,48.2,48.7,83000,4029450,TPEX_OTC_QUOTES_NO1430_JSON
20241209,3221,台嘉碩,TPEx,26.3,26.5,26.1,26.2,229000,6011100,TPEX_OTC_QUOTES_NO1430_JSON
20241209,3224,三顧,TPEx,50.8,50.8,49.75,49.8,59000,2947700,TPEX_OTC_QUOTES_NO1430_JSON
20241209,3226,龍鋒,TPEx,48.85,48.85,48.05,48.6,22000,1068700,TPEX_OTC_QUOTES_NO1430_JSON
20241209,3227,原相,TPEx,236.0,245.0,233.5,239.5,6292000,1512082000,TPEX_OTC_QUOTES_NO1430_JSON
20241209,3228,金麗科,TPEx,218.5,224.0,218.5,219.0,434000,95888500,TPEX_OTC_QUOTES_NO1430_JSON
20241209,3230,錦明,TPEx,57.0,59.3,55.6,56.2,2546000,145787300,TPEX_OTC_QUOTES_NO1430_JSON
20241209,3232,昱捷,TPEx,24.55,24.55,24.2,24.25,20000,485250,TPEX_OTC_QUOTES_NO1430_JSON
20241209,3234,光環,TPEx,54.0,59.5,53.5,59.4,13425000,774328200,TPEX_OTC_QUOTES_NO1430_JSON
20241209,3236,千如,TPEx,24.0,24.0,22.45,22.45,952000,22007400,TPEX_OTC_QUOTES_NO1430_JSON
20241209,3252,海灣,TPEx,20.1,20.1,20.05,20.1,31000,623050,TPEX_OTC_QUOTES_NO1430_JSON
20241209,3259,鑫創,TPEx,24.35,24.35,22.95,23.2,116000,2679300,TPEX_OTC_QUOTES_NO1430_JSON
20241209,3260,威剛,TPEx,87.3,87.4,86.3,86.3,1126000,97635700,TPEX_OTC_QUOTES_NO1430_JSON
20241209,3264,欣銓,TPEx,54.6,54.7,53.8,54.4,1486000,80368100,TPEX_OTC_QUOTES_NO1430_JSON
20241209,3265,台星科,TPEx,116.5,117.5,114.0,115.0,2343000,270964000,TPEX_OTC_QUOTES_NO1430_JSON
20241209,3268,海德威,TPEx,25.05,25.05,24.35,24.85,32000,787000,TPEX_OTC_QUOTES_NO1430_JSON
20241209,3272,東碩,TPEx,30.25,30.25,29.05,29.3,57000,1680550,TPEX_OTC_QUOTES_NO1430_JSON
20241209,3276,宇環,TPEx,16.15,16.15,15.95,15.95,41000,657000,TPEX_OTC_QUOTES_NO1430_JSON
20241209,3284,太普高,TPEx,32.8,32.95,31.9,32.0,262000,8460200,TPEX_OTC_QUOTES_NO1430_JSON
20241209,3285,微端,TPEx,27.05,27.3,26.75,26.85,32000,863800,TPEX_OTC_QUOTES_NO1430_JSON
20241209,3287,廣寰科,TPEx,34.15,34.95,34.15,34.9,74000,2563050,TPEX_OTC_QUOTES_NO1430_JSON
20241209,3288,點晶,TPEx,23.6,23.6,22.85,22.85,8000,184950,TPEX_OTC_QUOTES_NO1430_JSON
20241209,3289,宜特,TPEx,148.5,149.0,145.0,145.0,975000,142525500,TPEX_OTC_QUOTES_NO1430_JSON
20241209,3290,東浦,TPEx,33.75,34.4,33.05,33.1,1472000,49485700,TPEX_OTC_QUOTES_NO1430_JSON
20241209,3293,鈊象,TPEx,1015.0,1040.0,1005.0,1035.0,2728000,2808140000,TPEX_OTC_QUOTES_NO1430_JSON
20241209,3294,英濟,TPEx,28.9,29.45,28.45,28.85,214000,6158750,TPEX_OTC_QUOTES_NO1430_JSON
20241209,3297,杭特,TPEx,22.55,22.6,22.2,22.2,36000,803750,TPEX_OTC_QUOTES_NO1430_JSON
20241209,3303,岱稜,TPEx,54.3,56.4,53.3,55.8,1881000,103663700,TPEX_OTC_QUOTES_NO1430_JSON
20241209,3306,鼎天,TPEx,54.1,54.1,53.6,53.7,82000,4418200,TPEX_OTC_QUOTES_NO1430_JSON
20241209,3310,佳穎,TPEx,88.2,90.0,88.0,90.0,31000,2768200,TPEX_OTC_QUOTES_NO1430_JSON
20241209,3313,斐成,TPEx,16.6,16.7,16.1,16.15,169000,2762600,TPEX_OTC_QUOTES_NO1430_JSON
20241209,3317,尼克森,TPEx,54.8,55.7,52.6,52.7,2673000,144992200,TPEX_OTC_QUOTES_NO1430_JSON
20241209,3322,建舜電,TPEx,17.85,18.0,17.35,17.8,1277000,22539700,TPEX_OTC_QUOTES_NO1430_JSON
20241209,3323,加百裕,TPEx,42.05,42.5,37.95,38.2,19339000,761677150,TPEX_OTC_QUOTES_NO1430_JSON
20241209,3324,雙鴻,TPEx,713.0,723.0,701.0,716.0,2439000,1736435000,TPEX_OTC_QUOTES_NO1430_JSON
20241209,3325,旭品,TPEx,21.85,21.85,21.5,21.5,241000,5205950,TPEX_OTC_QUOTES_NO1430_JSON
20241209,3332,幸康,TPEx,40.0,40.7,40.0,40.7,2000,80700,TPEX_OTC_QUOTES_NO1430_JSON
20241209,3339,泰谷,TPEx,40.8,41.2,40.4,41.1,450000,18399000,TPEX_OTC_QUOTES_NO1430_JSON
20241209,3349,寶德,TPEx,21.2,21.2,19.6,19.7,50000,997700,TPEX_OTC_QUOTES_NO1430_JSON
20241209,3354,律勝,TPEx,24.45,24.5,23.9,23.9,597000,14456500,TPEX_OTC_QUOTES_NO1430_JSON
20241209,3357,臺慶科,TPEx,123.0,125.0,120.5,120.5,186000,22717500,TPEX_OTC_QUOTES_NO1430_JSON
20241209,3360,尚立,TPEx,16.1,16.15,15.9,16.0,289000,4634500,TPEX_OTC_QUOTES_NO1430_JSON
20241209,3362,先進光,TPEx,204.0,206.5,202.0,202.5,294000,59772000,TPEX_OTC_QUOTES_NO1430_JSON
20241209,3363,上詮,TPEx,220.0,220.0,218.0,218.5,480000,105251000,TPEX_OTC_QUOTES_NO1430_JSON
20241209,3372,典範,TPEx,16.45,16.45,15.95,16.0,161000,2588650,TPEX_OTC_QUOTES_NO1430_JSON
20241209,3373,熱映,TPEx,21.95,21.95,21.75,21.75,14000,305650,TPEX_OTC_QUOTES_NO1430_JSON
20241209,3374,精材,TPEx,206.5,211.5,203.0,204.0,4467000,921453500,TPEX_OTC_QUOTES_NO1430_JSON
20241209,3379,彬台,TPEx,30.55,30.55,29.8,30.15,144000,4335100,TPEX_OTC_QUOTES_NO1430_JSON
20241209,3388,崇越電,TPEx,70.7,71.4,70.7,70.9,33000,2341700,TPEX_OTC_QUOTES_NO1430_JSON
20241209,3390,旭軟,TPEx,28.25,28.25,27.5,27.65,206000,5712900,TPEX_OTC_QUOTES_NO1430_JSON
20241209,3402,漢科,TPEx,106.5,107.5,106.0,107.0,167000,17824000,TPEX_OTC_QUOTES_NO1430_JSON
20241209,3426,台興,TPEx,48.45,48.5,48.0,48.05,6000,289050,TPEX_OTC_QUOTES_NO1430_JSON
20241209,3430,奇鈦科,TPEx,63.1,63.1,61.5,62.2,142000,8793200,TPEX_OTC_QUOTES_NO1430_JSON
20241209,3434,哲固,TPEx,28.0,29.6,28.0,29.2,141000,4080000,TPEX_OTC_QUOTES_NO1430_JSON
20241209,3438,類比科,TPEx,71.5,71.7,70.5,70.7,98000,6966700,TPEX_OTC_QUOTES_NO1430_JSON
20241209,3441,聯一光電,TPEx,36.5,36.8,36.05,36.2,96000,3490650,TPEX_OTC_QUOTES_NO1430_JSON
20241209,3444,利機,TPEx,84.9,84.9,82.6,82.6,167000,13985300,TPEX_OTC_QUOTES_NO1430_JSON
20241209,3455,由田,TPEx,124.5,125.5,122.0,123.0,307000,37769000,TPEX_OTC_QUOTES_NO1430_JSON
20241209,3465,進泰電子,TPEx,51.5,52.5,51.5,51.6,3000,155600,TPEX_OTC_QUOTES_NO1430_JSON
20241209,3466,德晉,TPEx,68.3,68.3,65.3,66.2,385000,25545000,TPEX_OTC_QUOTES_NO1430_JSON
20241209,3479,安勤,TPEx,97.3,98.0,96.0,97.6,397000,38469900,TPEX_OTC_QUOTES_NO1430_JSON
20241209,3483,力致,TPEx,166.5,170.5,166.5,167.0,2454000,412753500,TPEX_OTC_QUOTES_NO1430_JSON
20241209,3484,崧騰,TPEx,59.9,59.9,57.9,58.3,4020000,238699000,TPEX_OTC_QUOTES_NO1430_JSON
20241209,3489,森寶,TPEx,26.75,27.0,26.5,26.8,116000,3107850,TPEX_OTC_QUOTES_NO1430_JSON
20241209,3490,單井,TPEx,32.25,32.4,31.3,31.4,429000,13539800,TPEX_OTC_QUOTES_NO1430_JSON
20241209,3491,昇達科,TPEx,305.0,317.0,303.5,314.0,846000,263037500,TPEX_OTC_QUOTES_NO1430_JSON
20241209,3492,長盛,TPEx,27.45,28.0,27.0,27.15,330000,9043750,TPEX_OTC_QUOTES_NO1430_JSON
20241209,3498,陽程,TPEx,55.3,55.5,53.3,54.0,530000,28617000,TPEX_OTC_QUOTES_NO1430_JSON
20241209,3499,環天科,TPEx,23.45,24.2,23.2,24.2,493000,11731950,TPEX_OTC_QUOTES_NO1430_JSON
20241209,3508,位速,TPEx,27.4,27.4,26.9,26.9,61000,1650600,TPEX_OTC_QUOTES_NO1430_JSON
20241209,3511,矽瑪,TPEx,42.5,43.7,41.7,43.15,4244000,182414650,TPEX_OTC_QUOTES_NO1430_JSON
20241209,3512,皇龍,TPEx,31.45,31.5,30.8,31.45,36000,1129400,TPEX_OTC_QUOTES_NO1430_JSON
20241209,3516,亞帝歐,TPEx,25.2,25.2,24.15,24.65,203000,4969650,TPEX_OTC_QUOTES_NO1430_JSON
20241209,3520,華盈,TPEx,22.8,22.85,21.65,21.65,563000,12429550,TPEX_OTC_QUOTES_NO1430_JSON
20241209,3521,台鋼建設,TPEx,21.85,21.85,21.05,21.3,698000,14895250,TPEX_OTC_QUOTES_NO1430_JSON
20241209,3522,御嵿,TPEx,26.35,26.8,26.0,26.15,709000,18626500,TPEX_OTC_QUOTES_NO1430_JSON
20241209,3523,迎輝,TPEx,22.05,22.05,21.3,21.3,37000,792200,TPEX_OTC_QUOTES_NO1430_JSON
20241209,3526,凡甲,TPEx,283.5,283.5,266.5,276.5,1376000,376485000,TPEX_OTC_QUOTES_NO1430_JSON
20241209,3527,聚積,TPEx,71.5,71.5,70.7,71.0,36000,2554000,TPEX_OTC_QUOTES_NO1430_JSON
20241209,3529,力旺,TPEx,3150.0,3165.0,3075.0,3165.0,678000,2117730000,TPEX_OTC_QUOTES_NO1430_JSON
20241209,3531,先益,TPEx,27.35,27.5,27.35,27.5,3000,82350,TPEX_OTC_QUOTES_NO1430_JSON
20241209,3537,堡達,TPEx,58.6,60.3,57.6,59.6,722000,42674500,TPEX_OTC_QUOTES_NO1430_JSON
20241209,3540,曜越,TPEx,39.3,40.6,37.8,38.0,349000,13438550,TPEX_OTC_QUOTES_NO1430_JSON
20241209,3541,西柏,TPEx,29.0,29.05,28.95,28.95,26000,754150,TPEX_OTC_QUOTES_NO1430_JSON
20241209,3546,宇峻,TPEx,78.4,78.4,77.8,77.8,44000,3437700,TPEX_OTC_QUOTES_NO1430_JSON
20241209,3548,兆利,TPEx,209.5,212.0,199.0,210.5,7309000,1502920000,TPEX_OTC_QUOTES_NO1430_JSON
20241209,3551,世禾,TPEx,126.5,126.5,121.5,122.0,846000,104118500,TPEX_OTC_QUOTES_NO1430_JSON
20241209,3552,同致,TPEx,102.0,105.0,98.2,98.4,962000,97321500,TPEX_OTC_QUOTES_NO1430_JSON
20241209,3555,博士旺,TPEx,31.9,31.9,30.7,31.1,11000,342150,TPEX_OTC_QUOTES_NO1430_JSON
20241209,3556,禾瑞亞,TPEx,46.55,46.55,45.4,45.55,67000,3055350,TPEX_OTC_QUOTES_NO1430_JSON
20241209,3558,神準,TPEx,218.0,232.0,207.5,217.0,5638000,1241127500,TPEX_OTC_QUOTES_NO1430_JSON
20241209,3564,其陽,TPEx,79.6,81.0,78.8,78.8,103000,8194600,TPEX_OTC_QUOTES_NO1430_JSON
20241209,3567,逸昌,TPEx,32.75,32.75,32.1,32.1,18000,583800,TPEX_OTC_QUOTES_NO1430_JSON
20241209,3570,大塚,TPEx,179.5,191.5,179.5,187.5,222000,41374500,TPEX_OTC_QUOTES_NO1430_JSON
20241209,3577,泓格,TPEx,61.4,62.3,60.7,61.4,25000,1529700,TPEX_OTC_QUOTES_NO1430_JSON
20241209,3580,友威科,TPEx,96.0,96.1,93.5,93.7,1180000,111395800,TPEX_OTC_QUOTES_NO1430_JSON
20241209,3581,博磊,TPEx,61.5,61.5,59.2,59.2,568000,34075500,TPEX_OTC_QUOTES_NO1430_JSON
20241209,3587,閎康,TPEx,260.0,262.5,256.0,256.0,337000,87103500,TPEX_OTC_QUOTES_NO1430_JSON
20241209,3594,磐儀,TPEx,48.95,48.95,47.25,47.7,499000,23867600,TPEX_OTC_QUOTES_NO1430_JSON
20241209,3597,映興,TPEx,47.0,47.2,45.05,45.9,935000,43007050,TPEX_OTC_QUOTES_NO1430_JSON
20241209,3609,三一東林,TPEx,40.0,40.0,38.4,39.1,101000,3926150,TPEX_OTC_QUOTES_NO1430_JSON
20241209,3611,鼎翰,TPEx,202.0,202.5,201.0,201.0,30000,6054000,TPEX_OTC_QUOTES_NO1430_JSON
20241209,3615,安可,TPEx,31.5,31.7,29.95,30.1,1284000,39038150,TPEX_OTC_QUOTES_NO1430_JSON
20241209,3623,富晶通,TPEx,26.05,26.4,25.05,25.2,140000,3583700,TPEX_OTC_QUOTES_NO1430_JSON
20241209,3624,光頡,TPEx,48.0,48.4,47.7,47.7,137000,6560600,TPEX_OTC_QUOTES_NO1430_JSON
20241209,3625,西勝,TPEx,20.2,20.2,18.8,19.0,3199000,61164500,TPEX_OTC_QUOTES_NO1430_JSON
20241209,3628,盈正,TPEx,48.05,48.3,47.55,48.3,277000,13268950,TPEX_OTC_QUOTES_NO1430_JSON
20241209,3629,地心引力,TPEx,21.0,21.0,21.0,21.0,2000,42000,TPEX_OTC_QUOTES_NO1430_JSON
20241209,3630,新鉅科,TPEx,26.35,26.65,25.65,26.55,565000,14875750,TPEX_OTC_QUOTES_NO1430_JSON
20241209,3631,晟楠,TPEx,40.55,43.5,40.55,42.75,434000,18273150,TPEX_OTC_QUOTES_NO1430_JSON
20241209,3632,研勤,TPEx,13.9,13.9,13.75,13.8,31000,427800,TPEX_OTC_QUOTES_NO1430_JSON
20241209,3646,艾恩特,TPEx,29.4,29.4,29.3,29.35,10000,293450,TPEX_OTC_QUOTES_NO1430_JSON
20241209,3663,鑫科,TPEx,76.8,77.2,75.8,75.9,672000,51268800,TPEX_OTC_QUOTES_NO1430_JSON
20241209,3664,安瑞-KY,TPEx,22.1,22.5,21.8,22.5,87000,1926200,TPEX_OTC_QUOTES_NO1430_JSON
20241209,3666,光耀,TPEx,29.75,30.05,29.5,30.0,23000,684550,TPEX_OTC_QUOTES_NO1430_JSON
20241209,3672,康聯訊,TPEx,20.95,20.95,20.5,20.9,23000,473800,TPEX_OTC_QUOTES_NO1430_JSON
20241209,3675,德微,TPEx,256.0,256.0,246.0,247.0,538000,133395500,TPEX_OTC_QUOTES_NO1430_JSON
20241209,3680,家登,TPEx,509.0,515.0,504.0,510.0,417000,212015000,TPEX_OTC_QUOTES_NO1430_JSON
20241209,3684,榮昌,TPEx,45.3,45.9,45.3,45.9,22000,1004000,TPEX_OTC_QUOTES_NO1430_JSON
20241209,3685,元創精密,TPEx,16.8,16.8,16.45,16.6,52000,860850,TPEX_OTC_QUOTES_NO1430_JSON
20241209,3687,歐買尬,TPEx,98.8,99.5,98.2,98.4,81000,7997200,TPEX_OTC_QUOTES_NO1430_JSON
20241209,3689,湧德,TPEx,94.5,96.3,92.9,95.9,6202000,590363900,TPEX_OTC_QUOTES_NO1430_JSON
20241209,3691,碩禾,TPEx,85.6,85.6,84.3,84.4,90000,7626500,TPEX_OTC_QUOTES_NO1430_JSON
20241209,3693,營邦,TPEx,353.5,360.5,347.0,353.5,1798000,635253500,TPEX_OTC_QUOTES_NO1430_JSON
20241209,3707,漢磊,TPEx,52.7,52.7,51.0,51.3,448000,23025800,TPEX_OTC_QUOTES_NO1430_JSON
20241209,3709,鑫聯大投控,TPEx,31.05,31.4,30.3,31.15,374000,11555900,TPEX_OTC_QUOTES_NO1430_JSON
20241209,3710,連展投控,TPEx,12.3,12.3,11.9,12.0,1591000,19187050,TPEX_OTC_QUOTES_NO1430_JSON
20241209,3713,新晶投控,TPEx,22.6,22.6,22.6,22.6,1000,22600,TPEX_OTC_QUOTES_NO1430_JSON
20241209,4102,永日,TPEx,31.6,31.6,31.3,31.4,34000,1069550,TPEX_OTC_QUOTES_NO1430_JSON
20241209,4105,東洋,TPEx,74.4,75.0,74.2,74.7,406000,30312700,TPEX_OTC_QUOTES_NO1430_JSON
20241209,4107,邦特,TPEx,126.0,126.0,124.0,124.5,124000,15484000,TPEX_OTC_QUOTES_NO1430_JSON
20241209,4109,加捷生醫,TPEx,24.9,24.9,24.3,24.3,213000,5209900,TPEX_OTC_QUOTES_NO1430_JSON
20241209,4111,濟生,TPEx,27.65,27.8,27.55,27.65,137000,3790600,TPEX_OTC_QUOTES_NO1430_JSON
20241209,4113,聯上,TPEx,31.0,31.2,29.75,29.85,998000,30076000,TPEX_OTC_QUOTES_NO1430_JSON
20241209,4114,健喬,TPEx,34.1,34.1,33.75,33.95,820000,27787300,TPEX_OTC_QUOTES_NO1430_JSON
20241209,4116,明基醫,TPEx,50.3,50.5,49.95,49.95,42000,2106150,TPEX_OTC_QUOTES_NO1430_JSON
20241209,4120,友華,TPEx,48.6,48.6,48.1,48.35,28000,1352750,TPEX_OTC_QUOTES_NO1430_JSON
20241209,4121,優盛,TPEx,16.65,16.65,16.55,16.55,46000,763800,TPEX_OTC_QUOTES_NO1430_JSON
20241209,4123,晟德,TPEx,43.1,43.8,42.9,43.0,2052000,88482200,TPEX_OTC_QUOTES_NO1430_JSON
20241209,4126,太醫,TPEx,91.5,92.1,91.0,91.8,204000,18712300,TPEX_OTC_QUOTES_NO1430_JSON
20241209,4127,天良,TPEx,38.3,38.85,37.85,38.3,120000,4609200,TPEX_OTC_QUOTES_NO1430_JSON
20241209,4128,中天,TPEx,37.65,37.65,36.5,36.65,1594000,58781250,TPEX_OTC_QUOTES_NO1430_JSON
20241209,4129,聯合,TPEx,96.4,96.4,95.5,95.8,245000,23463400,TPEX_OTC_QUOTES_NO1430_JSON
20241209,4130,健亞,TPEx,21.8,21.9,21.75,21.75,49000,1069100,TPEX_OTC_QUOTES_NO1430_JSON
20241209,4131,浩泰,TPEx,29.5,29.8,29.5,29.5,16000,472600,TPEX_OTC_QUOTES_NO1430_JSON
20241209,4138,曜亞,TPEx,93.4,93.9,93.0,93.9,27000,2523900,TPEX_OTC_QUOTES_NO1430_JSON
20241209,4139,馬光-KY,TPEx,30.2,30.2,29.7,29.7,29000,867200,TPEX_OTC_QUOTES_NO1430_JSON
20241209,4147,中裕,TPEx,88.8,90.6,87.3,90.1,1849000,164711600,TPEX_OTC_QUOTES_NO1430_JSON
20241209,4153,鈺緯,TPEx,42.0,42.0,41.2,41.35,49000,2037350,TPEX_OTC_QUOTES_NO1430_JSON
20241209,4154,樂威科-KY,TPEx,17.6,17.6,17.6,17.6,2000,35200,TPEX_OTC_QUOTES_NO1430_JSON
20241209,4157,太景*-KY,TPEx,11.9,12.0,11.85,11.85,974000,11592300,TPEX_OTC_QUOTES_NO1430_JSON
20241209,4160,訊聯基因,TPEx,83.9,83.9,82.1,82.2,123000,10176500,TPEX_OTC_QUOTES_NO1430_JSON
20241209,4161,聿新科,TPEx,34.8,34.8,33.8,33.8,126000,4303900,TPEX_OTC_QUOTES_NO1430_JSON
20241209,4162,智擎,TPEx,93.6,94.1,92.5,92.5,466000,43368400,TPEX_OTC_QUOTES_NO1430_JSON
20241209,4163,鐿鈦,TPEx,114.5,114.5,113.5,113.5,14000,1596500,TPEX_OTC_QUOTES_NO1430_JSON
20241209,4167,松瑞藥,TPEx,20.55,20.55,20.3,20.35,612000,12455350,TPEX_OTC_QUOTES_NO1430_JSON
20241209,4168,醣聯,TPEx,24.65,24.85,24.3,24.4,125000,3052900,TPEX_OTC_QUOTES_NO1430_JSON
20241209,4171,瑞基,TPEx,28.85,28.9,28.65,28.9,22000,633650,TPEX_OTC_QUOTES_NO1430_JSON
20241209,4173,久裕,TPEx,21.1,21.2,21.05,21.05,96000,2030850,TPEX_OTC_QUOTES_NO1430_JSON
20241209,4174,浩鼎,TPEx,61.8,61.8,60.0,60.4,1077000,65103900,TPEX_OTC_QUOTES_NO1430_JSON
20241209,4175,杏一,TPEx,67.5,68.0,67.2,67.2,21000,1418400,TPEX_OTC_QUOTES_NO1430_JSON
20241209,4188,安克,TPEx,22.6,22.6,22.0,22.3,68000,1514300,TPEX_OTC_QUOTES_NO1430_JSON
20241209,4192,杏國,TPEx,35.6,35.6,35.0,35.15,26000,912650,TPEX_OTC_QUOTES_NO1430_JSON
20241209,4198,欣大健康,TPEx,31.1,31.1,31.1,31.1,1000,31100,TPEX_OTC_QUOTES_NO1430_JSON
20241209,4207,環泰,TPEx,16.35,16.35,16.15,16.2,89000,1440400,TPEX_OTC_QUOTES_NO1430_JSON
20241209,4303,信立,TPEx,52.6,53.3,50.5,52.3,5643000,292356100,TPEX_OTC_QUOTES_NO1430_JSON
20241209,4304,勝昱,TPEx,9.24,9.24,9.24,9.24,1000,9240,TPEX_OTC_QUOTES_NO1430_JSON
20241209,4305,世坤,TPEx,42.45,42.45,42.45,42.45,2000,84900,TPEX_OTC_QUOTES_NO1430_JSON
20241209,4401,東隆興,TPEx,22.65,23.2,22.6,22.75,293000,6698150,TPEX_OTC_QUOTES_NO1430_JSON
20241209,4402,郡都開發,TPEx,28.0,28.4,26.3,26.5,321000,8685300,TPEX_OTC_QUOTES_NO1430_JSON
20241209,4406,新昕纖,TPEx,10.8,10.85,10.65,10.8,28000,302300,TPEX_OTC_QUOTES_NO1430_JSON
20241209,4413,飛寶企業,TPEx,18.35,18.45,18.2,18.45,10000,182800,TPEX_OTC_QUOTES_NO1430_JSON
20241209,4416,三圓,TPEx,74.3,74.3,74.3,74.3,6000,445800,TPEX_OTC_QUOTES_NO1430_JSON
20241209,4417,金洲,TPEx,40.6,40.6,40.15,40.25,40000,1611050,TPEX_OTC_QUOTES_NO1430_JSON
20241209,4419,皇家美食,TPEx,52.3,52.3,45.75,49.85,17000,826800,TPEX_OTC_QUOTES_NO1430_JSON
20241209,4420,光明,TPEx,60.9,60.9,58.6,58.6,343000,20325200,TPEX_OTC_QUOTES_NO1430_JSON
20241209,4430,耀億,TPEx,23.8,24.8,23.8,24.45,119000,2880400,TPEX_OTC_QUOTES_NO1430_JSON
20241209,4432,銘旺實,TPEx,22.65,22.65,22.2,22.65,81000,1813450,TPEX_OTC_QUOTES_NO1430_JSON
20241209,4433,興采,TPEx,27.75,27.75,27.65,27.65,17000,470450,TPEX_OTC_QUOTES_NO1430_JSON
20241209,4442,竣邦-KY,TPEx,43.6,43.6,42.0,43.35,52000,2218650,TPEX_OTC_QUOTES_NO1430_JSON
20241209,4502,健信,TPEx,21.65,22.3,20.75,21.3,150000,3183300,TPEX_OTC_QUOTES_NO1430_JSON
20241209,4503,金雨,TPEx,53.2,53.2,51.6,52.4,388000,20368700,TPEX_OTC_QUOTES_NO1430_JSON
20241209,4506,崇友,TPEx,102.5,102.5,102.0,102.5,25000,2554000,TPEX_OTC_QUOTES_NO1430_JSON
20241209,4510,高鋒,TPEx,45.0,45.35,43.65,43.65,4531000,199725450,TPEX_OTC_QUOTES_NO1430_JSON
20241209,4513,福裕,TPEx,37.5,37.5,36.1,36.2,652000,23787150,TPEX_OTC_QUOTES_NO1430_JSON
20241209,4523,永彰,TPEx,38.3,38.65,37.7,38.0,209000,7946100,TPEX_OTC_QUOTES_NO1430_JSON
20241209,4527,方方土霖,TPEx,49.25,49.7,46.35,47.25,872000,41391500,TPEX_OTC_QUOTES_NO1430_JSON
20241209,4528,江興鍛,TPEx,27.55,27.55,27.4,27.4,22000,604000,TPEX_OTC_QUOTES_NO1430_JSON
20241209,4529,淳紳,TPEx,6.6,6.76,6.5,6.61,45000,298170,TPEX_OTC_QUOTES_NO1430_JSON
20241209,4530,宏易,TPEx,11.9,12.0,11.8,12.0,28000,333250,TPEX_OTC_QUOTES_NO1430_JSON
20241209,4533,協易機,TPEx,36.2,36.2,35.75,35.75,436000,15641850,TPEX_OTC_QUOTES_NO1430_JSON
20241209,4534,慶騰,TPEx,23.45,23.45,22.0,23.1,517000,11669650,TPEX_OTC_QUOTES_NO1430_JSON
20241209,4535,至興,TPEx,34.7,34.8,34.4,34.4,7000,242800,TPEX_OTC_QUOTES_NO1430_JSON
20241209,4538,大詠城,TPEx,20.45,20.5,20.15,20.15,25000,506950,TPEX_OTC_QUOTES_NO1430_JSON
20241209,4541,晟田,TPEx,33.7,34.4,32.9,34.25,1603000,54405700,TPEX_OTC_QUOTES_NO1430_JSON
20241209,4542,科嶠,TPEx,95.1,95.1,91.6,92.0,163000,15096900,TPEX_OTC_QUOTES_NO1430_JSON
20241209,4543,萬在,TPEx,43.7,43.7,43.05,43.15,153000,6613000,TPEX_OTC_QUOTES_NO1430_JSON
20241209,4549,桓達,TPEx,175.5,180.5,174.5,179.5,1015000,180459500,TPEX_OTC_QUOTES_NO1430_JSON
20241209,4550,長佳,TPEx,27.45,27.6,27.4,27.45,8000,219700,TPEX_OTC_QUOTES_NO1430_JSON
20241209,4554,橙的,TPEx,29.95,29.95,29.3,29.8,16000,473800,TPEX_OTC_QUOTES_NO1430_JSON
20241209,4556,旭然,TPEx,32.6,32.6,31.75,31.75,15000,478500,TPEX_OTC_QUOTES_NO1430_JSON
20241209,4558,寶緯,TPEx,38.85,40.65,38.4,38.4,72000,2798850,TPEX_OTC_QUOTES_NO1430_JSON
20241209,4561,健椿,TPEx,65.7,65.7,64.3,64.3,237000,15344200,TPEX_OTC_QUOTES_NO1430_JSON
20241209,4563,百德,TPEx,90.5,90.5,88.0,88.5,638000,56642800,TPEX_OTC_QUOTES_NO1430_JSON
20241209,4568,科際精密,TPEx,50.8,50.8,50.0,50.8,41000,2071000,TPEX_OTC_QUOTES_NO1430_JSON
20241209,4577,達航科技,TPEx,27.7,29.9,27.25,29.9,707000,20641950,TPEX_OTC_QUOTES_NO1430_JSON
20241209,4580,捷流閥業,TPEx,94.5,94.9,93.7,93.8,53000,4980700,TPEX_OTC_QUOTES_NO1430_JSON
20241209,4584,君帆,TPEx,62.0,62.0,62.0,62.0,2000,124000,TPEX_OTC_QUOTES_NO1430_JSON
20241209,4702,中美實,TPEx,12.7,12.7,12.0,12.45,158000,1953950,TPEX_OTC_QUOTES_NO1430_JSON
20241209,4706,大恭,TPEx,33.1,33.95,32.85,33.5,24000,800650,TPEX_OTC_QUOTES_NO1430_JSON
20241209,4707,磐亞,TPEx,14.25,14.4,14.2,14.3,323000,4615300,TPEX_OTC_QUOTES_NO1430_JSON
20241209,4711,永純,TPEx,16.15,16.2,16.0,16.0,74000,1190000,TPEX_OTC_QUOTES_NO1430_JSON
20241209,4714,永捷,TPEx,18.65,18.75,18.35,18.4,631000,11651850,TPEX_OTC_QUOTES_NO1430_JSON
20241209,4716,大立,TPEx,22.2,22.65,22.0,22.3,660000,14702050,TPEX_OTC_QUOTES_NO1430_JSON
20241209,4721,美琪瑪,TPEx,73.0,75.8,71.6,75.8,527000,38678300,TPEX_OTC_QUOTES_NO1430_JSON
20241209,4726,永昕,TPEx,43.0,43.0,41.45,41.55,892000,37430300,TPEX_OTC_QUOTES_NO1430_JSON
20241209,4728,雙美,TPEx,280.5,284.0,280.5,284.0,7000,1967000,TPEX_OTC_QUOTES_NO1430_JSON
20241209,4729,熒茂,TPEx,29.8,29.85,28.55,28.65,2832000,81894700,TPEX_OTC_QUOTES_NO1430_JSON
20241209,4735,豪展,TPEx,39.75,40.4,38.65,39.15,68000,2686700,TPEX_OTC_QUOTES_NO1430_JSON
20241209,4741,泓瀚,TPEx,39.5,39.5,39.1,39.3,10000,393600,TPEX_OTC_QUOTES_NO1430_JSON
20241209,4743,合一,TPEx,94.7,95.5,91.5,93.5,4729000,442992500,TPEX_OTC_QUOTES_NO1430_JSON
20241209,4744,皇將,TPEx,20.4,20.6,20.15,20.35,90000,1832500,TPEX_OTC_QUOTES_NO1430_JSON
20241209,4745,合富-KY,TPEx,20.9,21.05,20.8,20.8,35000,730200,TPEX_OTC_QUOTES_NO1430_JSON
20241209,4747,強生製藥,TPEx,69.8,71.0,69.0,71.0,86000,6048200,TPEX_OTC_QUOTES_NO1430_JSON
20241209,4754,國碳科,TPEx,41.35,41.85,41.35,41.7,47000,1956250,TPEX_OTC_QUOTES_NO1430_JSON
20241209,4760,勤凱科技,TPEx,119.0,119.0,116.5,117.5,115000,13527500,TPEX_OTC_QUOTES_NO1430_JSON
20241209,4767,誠泰科技,TPEx,34.85,35.2,34.65,35.2,7000,243900,TPEX_OTC_QUOTES_NO1430_JSON
20241209,4768,晶呈科技,TPEx,192.5,192.5,185.0,186.5,393000,73483500,TPEX_OTC_QUOTES_NO1430_JSON
20241209,4772,台特化,TPEx,167.5,170.0,165.5,166.0,354000,59143000,TPEX_OTC_QUOTES_NO1430_JSON
20241209,4806,桂田文創,TPEx,12.75,12.75,12.7,12.75,3000,38200,TPEX_OTC_QUOTES_NO1430_JSON
20241209,4903,聯光通,TPEx,39.55,39.55,38.0,38.1,1824000,70085800,TPEX_OTC_QUOTES_NO1430_JSON
20241209,4905,台聯電,TPEx,82.2,82.2,79.1,80.6,35000,2801100,TPEX_OTC_QUOTES_NO1430_JSON
20241209,4907,富宇,TPEx,72.6,72.6,71.0,71.0,103000,7344300,TPEX_OTC_QUOTES_NO1430_JSON
20241209,4908,前鼎,TPEx,117.0,119.0,112.5,115.5,10178000,1176935000,TPEX_OTC_QUOTES_NO1430_JSON
20241209,4909,新復興,TPEx,119.5,120.5,115.5,116.5,2249000,264032000,TPEX_OTC_QUOTES_NO1430_JSON
20241209,4911,德英,TPEx,59.1,59.5,59.0,59.0,43000,2543100,TPEX_OTC_QUOTES_NO1430_JSON
20241209,4923,力士,TPEx,35.25,35.65,35.0,35.0,33000,1160950,TPEX_OTC_QUOTES_NO1430_JSON
20241209,4924,欣厚-KY,TPEx,17.15,17.65,17.15,17.65,17000,296850,TPEX_OTC_QUOTES_NO1430_JSON
20241209,4931,新盛力,TPEx,71.5,72.0,64.4,64.4,19084000,1270650700,TPEX_OTC_QUOTES_NO1430_JSON
20241209,4933,友輝,TPEx,67.6,70.8,67.3,70.5,2012000,139738200,TPEX_OTC_QUOTES_NO1430_JSON
20241209,4939,亞電,TPEx,20.6,20.6,20.25,20.35,94000,1918550,TPEX_OTC_QUOTES_NO1430_JSON
20241209,4945,陞達科技,TPEx,77.6,77.6,76.0,76.0,54000,4143900,TPEX_OTC_QUOTES_NO1430_JSON
20241209,4946,辣椒,TPEx,38.3,38.3,38.3,38.3,3000,114900,TPEX_OTC_QUOTES_NO1430_JSON
20241209,4950,金耘國際,TPEx,14.25,14.25,13.5,14.2,77000,1074100,TPEX_OTC_QUOTES_NO1430_JSON
20241209,4951,精拓科,TPEx,70.6,71.1,70.0,70.6,49000,3441200,TPEX_OTC_QUOTES_NO1430_JSON
20241209,4953,緯致,TPEx,139.5,143.5,131.5,139.5,10090000,1389871500,TPEX_OTC_QUOTES_NO1430_JSON
20241209,4966,譜瑞-KY,TPEx,768.0,769.0,748.0,755.0,677000,513621000,TPEX_OTC_QUOTES_NO1430_JSON
20241209,4971,IET-KY,TPEx,99.3,99.3,89.5,92.8,3241000,302590500,TPEX_OTC_QUOTES_NO1430_JSON
20241209,4972,湯石照明,TPEx,25.55,25.55,25.35,25.4,9000,228600,TPEX_OTC_QUOTES_NO1430_JSON
20241209,4973,廣穎電通,TPEx,33.4,33.85,33.4,33.4,116000,3890000,TPEX_OTC_QUOTES_NO1430_JSON
20241209,4974,亞泰,TPEx,94.2,94.2,91.8,91.8,431000,39886300,TPEX_OTC_QUOTES_NO1430_JSON
20241209,4979,華星光,TPEx,210.5,215.0,202.0,203.5,23103000,4831570000,TPEX_OTC_QUOTES_NO1430_JSON
20241209,4987,科誠,TPEx,84.8,84.9,80.5,80.5,358000,29437600,TPEX_OTC_QUOTES_NO1430_JSON
20241209,4991,環宇-KY,TPEx,109.0,110.5,106.0,107.0,10665000,1149754500,TPEX_OTC_QUOTES_NO1430_JSON
20241209,4995,晶達,TPEx,74.4,74.4,71.4,71.5,37000,2662800,TPEX_OTC_QUOTES_NO1430_JSON
20241209,5009,榮剛,TPEx,47.95,48.15,47.6,48.15,1629000,77905550,TPEX_OTC_QUOTES_NO1430_JSON
20241209,5011,久陽,TPEx,20.45,20.45,20.15,20.25,100000,2026300,TPEX_OTC_QUOTES_NO1430_JSON
20241209,5013,強新,TPEx,32.55,32.55,32.5,32.55,12000,390200,TPEX_OTC_QUOTES_NO1430_JSON
20241209,5014,建錩,TPEx,14.95,14.95,14.65,14.8,251000,3702700,TPEX_OTC_QUOTES_NO1430_JSON
20241209,5015,華祺,TPEx,37.4,37.4,37.25,37.3,37000,1379050,TPEX_OTC_QUOTES_NO1430_JSON
20241209,5016,松和,TPEx,27.3,27.4,27.25,27.4,7000,191250,TPEX_OTC_QUOTES_NO1430_JSON
20241209,5201,凱衛,TPEx,29.0,29.0,27.85,28.6,47000,1335400,TPEX_OTC_QUOTES_NO1430_JSON
20241209,5202,力新,TPEx,27.7,28.9,26.7,28.85,11903000,332775900,TPEX_OTC_QUOTES_NO1430_JSON
20241209,5205,中茂,TPEx,32.4,32.4,32.4,32.4,1000,32400,TPEX_OTC_QUOTES_NO1430_JSON
20241209,5206,坤悅,TPEx,41.9,41.9,41.35,41.7,24000,1000500,TPEX_OTC_QUOTES_NO1430_JSON
20241209,5209,新鼎,TPEx,177.0,178.5,177.0,177.5,24000,4264500,TPEX_OTC_QUOTES_NO1430_JSON
20241209,5210,寶碩,TPEx,30.55,31.0,30.45,30.7,191000,5855950,TPEX_OTC_QUOTES_NO1430_JSON
20241209,5211,蒙恬,TPEx,27.55,27.9,27.2,27.2,60000,1649500,TPEX_OTC_QUOTES_NO1430_JSON
20241209,5212,凌網,TPEx,60.7,60.8,59.6,59.8,14000,841100,TPEX_OTC_QUOTES_NO1430_JSON
20241209,5213,亞昕,TPEx,32.2,32.2,31.5,31.8,605000,19235950,TPEX_OTC_QUOTES_NO1430_JSON
20241209,5220,萬達光電,TPEx,23.2,23.2,23.0,23.0,13000,299850,TPEX_OTC_QUOTES_NO1430_JSON
20241209,5223,安力-KY,TPEx,30.85,30.85,29.0,29.0,119000,3485350,TPEX_OTC_QUOTES_NO1430_JSON
20241209,5227,立凱-KY,TPEx,41.0,42.65,41.0,41.3,174000,7216700,TPEX_OTC_QUOTES_NO1430_JSON
20241209,5230,雷笛克光學,TPEx,30.95,31.2,30.25,30.65,286000,8792250,TPEX_OTC_QUOTES_NO1430_JSON
20241209,5236,凌陽創新,TPEx,160.0,161.0,156.0,157.0,145000,22805500,TPEX_OTC_QUOTES_NO1430_JSON
20241209,5245,智晶,TPEx,34.7,34.7,33.65,33.65,56000,1902650,TPEX_OTC_QUOTES_NO1430_JSON
20241209,5251,天鉞電,TPEx,26.0,26.05,25.5,25.55,59000,1518650,TPEX_OTC_QUOTES_NO1430_JSON
20241209,5263,智崴,TPEx,162.0,163.0,160.0,161.0,151000,24374000,TPEX_OTC_QUOTES_NO1430_JSON
20241209,5272,笙科,TPEx,29.55,29.6,28.8,28.8,177000,5148250,TPEX_OTC_QUOTES_NO1430_JSON
20241209,5274,信驊,TPEx,4070.0,4110.0,3980.0,3980.0,684000,2756140000,TPEX_OTC_QUOTES_NO1430_JSON
20241209,5276,達輝-KY,TPEx,20.2,20.6,19.75,20.15,171000,3439900,TPEX_OTC_QUOTES_NO1430_JSON
20241209,5278,尚凡*,TPEx,34.5,35.1,33.55,35.1,777000,27041000,TPEX_OTC_QUOTES_NO1430_JSON
20241209,5287,數字,TPEx,184.0,185.0,184.0,184.5,28000,5171000,TPEX_OTC_QUOTES_NO1430_JSON
20241209,5289,宜鼎,TPEx,230.5,232.0,226.0,226.0,308000,70296500,TPEX_OTC_QUOTES_NO1430_JSON
20241209,5291,邑昇,TPEx,24.6,25.1,24.6,24.8,109000,2708450,TPEX_OTC_QUOTES_NO1430_JSON
20241209,5299,杰力,TPEx,91.5,91.5,90.2,90.6,44000,3984900,TPEX_OTC_QUOTES_NO1430_JSON
20241209,5301,寶得利,TPEx,9.25,9.52,9.0,9.52,30000,277470,TPEX_OTC_QUOTES_NO1430_JSON
20241209,5302,太欣,TPEx,10.15,10.2,9.95,10.1,150000,1507330,TPEX_OTC_QUOTES_NO1430_JSON
20241209,5309,系統電,TPEx,44.1,44.1,40.15,40.4,21216000,876542550,TPEX_OTC_QUOTES_NO1430_JSON
20241209,5310,天剛,TPEx,48.05,48.45,47.75,48.45,45000,2160000,TPEX_OTC_QUOTES_NO1430_JSON
20241209,5312,寶島科,TPEx,112.5,113.5,111.5,112.0,88000,9893000,TPEX_OTC_QUOTES_NO1430_JSON
20241209,5314,世紀*,TPEx,447.0,460.0,430.5,460.0,172000,76543500,TPEX_OTC_QUOTES_NO1430_JSON
20241209,5315,光聯,TPEx,23.25,23.8,23.15,23.5,1849000,43402000,TPEX_OTC_QUOTES_NO1430_JSON
20241209,5321,美而快,TPEx,63.0,63.4,62.2,62.2,13000,815500,TPEX_OTC_QUOTES_NO1430_JSON
20241209,5324,士開,TPEx,13.55,13.55,13.15,13.45,269000,3574000,TPEX_OTC_QUOTES_NO1430_JSON
20241209,5328,華容,TPEx,17.8,17.9,16.6,16.8,8337000,143062250,TPEX_OTC_QUOTES_NO1430_JSON
20241209,5340,建榮,TPEx,44.4,44.45,43.15,43.2,286000,12451700,TPEX_OTC_QUOTES_NO1430_JSON
20241209,5344,立衛,TPEx,17.6,17.6,17.35,17.35,3000,52300,TPEX_OTC_QUOTES_NO1430_JSON
20241209,5345,馥鴻,TPEx,28.95,29.0,28.05,28.95,7000,200150,TPEX_OTC_QUOTES_NO1430_JSON
20241209,5347,世界,TPEx,93.3,94.0,92.4,92.8,5031000,467766000,TPEX_OTC_QUOTES_NO1430_JSON
20241209,5348,正能量智能,TPEx,21.2,21.8,21.2,21.8,2000,43000,TPEX_OTC_QUOTES_NO1430_JSON
20241209,5351,鈺創,TPEx,34.05,34.05,33.55,33.55,739000,24896850,TPEX_OTC_QUOTES_NO1430_JSON
20241209,5353,台林,TPEx,35.0,35.45,34.35,35.0,441000,15311850,TPEX_OTC_QUOTES_NO1430_JSON
20241209,5355,佳總,TPEx,11.0,11.05,10.15,10.65,371000,3947900,TPEX_OTC_QUOTES_NO1430_JSON
20241209,5356,協益,TPEx,33.1,33.4,32.5,32.6,313000,10263700,TPEX_OTC_QUOTES_NO1430_JSON
20241209,5364,力麗店,TPEx,32.7,32.7,31.3,31.95,103000,3318150,TPEX_OTC_QUOTES_NO1430_JSON
20241209,5371,中光電,TPEx,78.4,78.4,75.6,75.6,3758000,288438100,TPEX_OTC_QUOTES_NO1430_JSON
20241209,5381,光譜,TPEx,24.9,25.5,24.8,25.5,375000,9472850,TPEX_OTC_QUOTES_NO1430_JSON
20241209,5386,青雲,TPEx,92.5,92.7,89.4,89.5,757000,68837500,TPEX_OTC_QUOTES_NO1430_JSON
20241209,5392,能率,TPEx,28.05,28.3,27.65,27.75,317000,8843150,TPEX_OTC_QUOTES_NO1430_JSON
20241209,5398,慕康生醫,TPEx,21.8,21.85,21.2,21.4,469000,10050100,TPEX_OTC_QUOTES_NO1430_JSON
20241209,5403,中菲,TPEx,116.5,117.5,115.5,117.0,251000,29264000,TPEX_OTC_QUOTES_NO1430_JSON
20241209,5410,國眾,TPEx,32.15,32.2,31.95,32.0,89000,2853050,TPEX_OTC_QUOTES_NO1430_JSON
20241209,5425,台半,TPEx,60.9,61.0,60.0,60.3,351000,21233900,TPEX_OTC_QUOTES_NO1430_JSON
20241209,5426,振發,TPEx,31.2,31.3,29.85,30.3,2214000,67315350,TPEX_OTC_QUOTES_NO1430_JSON
20241209,5432,新門,TPEx,157.5,161.0,154.0,155.0,183000,28610000,TPEX_OTC_QUOTES_NO1430_JSON
20241209,5438,東友,TPEx,30.1,30.15,28.4,29.0,2006000,58515100,TPEX_OTC_QUOTES_NO1430_JSON
20241209,5439,高技,TPEx,118.5,121.5,110.5,121.5,8728000,1012256000,TPEX_OTC_QUOTES_NO1430_JSON
20241209,5443,均豪,TPEx,123.0,123.5,120.5,122.0,1707000,207611500,TPEX_OTC_QUOTES_NO1430_JSON
20241209,5450,南良,TPEx,19.0,19.3,18.7,18.85,49000,925600,TPEX_OTC_QUOTES_NO1430_JSON
20241209,5452,佶優,TPEx,35.15,35.15,34.0,34.05,1122000,38511050,TPEX_OTC_QUOTES_NO1430_JSON
20241209,5455,昇益,TPEx,63.2,65.2,63.0,63.6,13000,827200,TPEX_OTC_QUOTES_NO1430_JSON
20241209,5457,宣德,TPEx,60.8,60.8,59.0,59.0,2556000,152424500,TPEX_OTC_QUOTES_NO1430_JSON
20241209,5460,同協,TPEx,17.2,17.2,16.6,16.6,368000,6181700,TPEX_OTC_QUOTES_NO1430_JSON
20241209,5464,霖宏,TPEx,25.3,25.3,24.75,24.75,35000,868900,TPEX_OTC_QUOTES_NO1430_JSON
20241209,5465,富驊,TPEx,41.65,43.25,40.3,40.65,1515000,62710350,TPEX_OTC_QUOTES_NO1430_JSON
20241209,5468,凱鈺,TPEx,21.3,21.35,21.3,21.3,7000,149150,TPEX_OTC_QUOTES_NO1430_JSON
20241209,5474,聰泰,TPEx,153.5,153.5,149.0,149.0,159000,23922500,TPEX_OTC_QUOTES_NO1430_JSON
20241209,5475,德宏,TPEx,13.5,13.7,13.5,13.55,78000,1057450,TPEX_OTC_QUOTES_NO1430_JSON
20241209,5478,智冠,TPEx,134.0,135.5,134.0,135.0,81000,10953000,TPEX_OTC_QUOTES_NO1430_JSON
20241209,5481,新華,TPEx,28.05,30.0,27.8,29.0,4053000,117319800,TPEX_OTC_QUOTES_NO1430_JSON
20241209,5483,中美晶,TPEx,155.0,155.5,153.0,155.5,2060000,318857500,TPEX_OTC_QUOTES_NO1430_JSON
20241209,5487,通泰,TPEx,37.0,37.45,36.55,37.1,59000,2170050,TPEX_OTC_QUOTES_NO1430_JSON
20241209,5488,松普,TPEx,15.15,15.15,14.6,14.6,896000,13200300,TPEX_OTC_QUOTES_NO1430_JSON
20241209,5489,彩富,TPEx,37.3,40.0,37.3,39.0,26000,1004950,TPEX_OTC_QUOTES_NO1430_JSON
20241209,5490,同亨,TPEx,26.45,26.55,25.8,25.95,151000,3942100,TPEX_OTC_QUOTES_NO1430_JSON
20241209,5493,三聯,TPEx,78.2,78.2,76.8,76.9,64000,4947300,TPEX_OTC_QUOTES_NO1430_JSON
20241209,5498,凱崴,TPEx,12.4,12.4,12.2,12.25,185000,2270650,TPEX_OTC_QUOTES_NO1430_JSON
20241209,5508,永信建,TPEx,156.0,156.0,151.0,152.5,619000,94289500,TPEX_OTC_QUOTES_NO1430_JSON
20241209,5511,德昌,TPEx,63.0,63.8,62.9,63.3,156000,9879500,TPEX_OTC_QUOTES_NO1430_JSON
20241209,5512,力麒,TPEx,10.2,10.3,10.15,10.25,1711000,17504200,TPEX_OTC_QUOTES_NO1430_JSON
20241209,5516,雙喜,TPEx,18.3,18.3,18.05,18.15,13000,237500,TPEX_OTC_QUOTES_NO1430_JSON
20241209,5520,力泰,TPEx,81.6,81.6,81.6,81.6,4000,326400,TPEX_OTC_QUOTES_NO1430_JSON
20241209,5523,豐謙,TPEx,27.8,27.8,27.8,27.8,6000,166800,TPEX_OTC_QUOTES_NO1430_JSON
20241209,5529,鉅陞,TPEx,29.45,29.45,29.2,29.35,70000,2050100,TPEX_OTC_QUOTES_NO1430_JSON
20241209,5530,龍巖,TPEx,53.3,55.5,53.2,54.7,1470000,80020600,TPEX_OTC_QUOTES_NO1430_JSON
20241209,5536,聖暉*,TPEx,352.0,363.0,352.0,362.0,1475000,528526000,TPEX_OTC_QUOTES_NO1430_JSON
20241209,5543,桓鼎-KY,TPEx,22.05,22.5,21.1,22.0,51000,1132250,TPEX_OTC_QUOTES_NO1430_JSON
20241209,5548,安倉,TPEx,30.7,31.15,30.0,31.0,80000,2455450,TPEX_OTC_QUOTES_NO1430_JSON
20241209,5603,陸海,TPEx,26.4,26.75,26.1,26.2,463000,12241000,TPEX_OTC_QUOTES_NO1430_JSON
20241209,5604,中連,TPEx,42.25,43.0,41.9,42.05,16000,673750,TPEX_OTC_QUOTES_NO1430_JSON
20241209,5609,中菲行,TPEx,83.0,83.9,82.7,83.3,151000,12590500,TPEX_OTC_QUOTES_NO1430_JSON
20241209,5701,劍湖山,TPEx,4.87,4.87,4.65,4.79,93000,443670,TPEX_OTC_QUOTES_NO1430_JSON
20241209,5703,亞都麗緻,TPEx,18.0,18.35,18.0,18.35,8000,145350,TPEX_OTC_QUOTES_NO1430_JSON
20241209,5704,老爺知,TPEx,36.7,36.8,36.1,36.1,22000,800200,TPEX_OTC_QUOTES_NO1430_JSON
20241209,5864,致和證,TPEx,16.0,16.05,15.7,15.85,4027000,63733950,TPEX_OTC_QUOTES_NO1430_JSON
20241209,5878,台名,TPEx,46.15,46.3,46.15,46.3,2000,92450,TPEX_OTC_QUOTES_NO1430_JSON
20241209,5902,德記,TPEx,41.25,41.25,39.85,40.45,25000,1011650,TPEX_OTC_QUOTES_NO1430_JSON
20241209,5903,全家,TPEx,190.5,192.0,190.0,190.5,65000,12407000,TPEX_OTC_QUOTES_NO1430_JSON
20241209,5904,寶雅,TPEx,473.0,473.0,470.5,473.0,88000,41515000,TPEX_OTC_QUOTES_NO1430_JSON
20241209,5905,南仁湖,TPEx,15.1,15.1,14.65,14.85,1058000,15644850,TPEX_OTC_QUOTES_NO1430_JSON
20241209,6015,宏遠證,TPEx,11.6,11.6,11.25,11.3,2509000,28548350,TPEX_OTC_QUOTES_NO1430_JSON
20241209,6016,康和證,TPEx,13.85,13.85,13.7,13.8,889000,12232700,TPEX_OTC_QUOTES_NO1430_JSON
20241209,6020,大展證,TPEx,19.0,19.0,19.0,19.0,3000,57000,TPEX_OTC_QUOTES_NO1430_JSON
20241209,6021,美好證,TPEx,24.6,24.65,23.9,24.05,59000,1423450,TPEX_OTC_QUOTES_NO1430_JSON
20241209,6023,元大期貨,TPEx,91.4,91.4,90.3,90.4,55000,4976500,TPEX_OTC_QUOTES_NO1430_JSON
20241209,6026,福邦證,TPEx,12.8,12.9,12.75,12.75,325000,4166600,TPEX_OTC_QUOTES_NO1430_JSON
20241209,6101,寬魚國際,TPEx,38.65,38.9,37.8,38.15,110000,4198650,TPEX_OTC_QUOTES_NO1430_JSON
20241209,6103,合邦,TPEx,49.25,50.4,49.25,50.4,2000,99650,TPEX_OTC_QUOTES_NO1430_JSON
20241209,6104,創惟,TPEx,179.5,182.0,174.5,178.0,2508000,447344500,TPEX_OTC_QUOTES_NO1430_JSON
20241209,6109,亞元,TPEx,12.35,12.5,12.3,12.45,65000,804700,TPEX_OTC_QUOTES_NO1430_JSON
20241209,6111,光聚晶電,TPEx,61.8,61.9,60.8,60.8,177000,10840300,TPEX_OTC_QUOTES_NO1430_JSON
20241209,6113,亞矽,TPEx,22.6,23.2,22.6,22.6,52000,1183600,TPEX_OTC_QUOTES_NO1430_JSON
20241209,6114,久威,TPEx,35.55,35.55,34.1,34.1,75000,2599250,TPEX_OTC_QUOTES_NO1430_JSON
20241209,6118,建達,TPEx,22.85,22.95,22.35,22.5,136000,3069650,TPEX_OTC_QUOTES_NO1430_JSON
20241209,6121,新普,TPEx,400.0,400.0,385.5,387.0,1242000,484013000,TPEX_OTC_QUOTES_NO1430_JSON
20241209,6122,擎邦,TPEx,53.0,53.0,52.6,52.9,241000,12713500,TPEX_OTC_QUOTES_NO1430_JSON
20241209,6123,上奇,TPEx,57.8,57.8,57.4,57.4,50000,2878300,TPEX_OTC_QUOTES_NO1430_JSON
20241209,6124,業強,TPEx,33.25,34.1,32.8,33.25,86000,2867000,TPEX_OTC_QUOTES_NO1430_JSON
20241209,6125,廣運,TPEx,86.0,86.3,84.7,86.0,780000,66754100,TPEX_OTC_QUOTES_NO1430_JSON
20241209,6126,信音,TPEx,30.3,30.3,29.95,30.25,503000,15155200,TPEX_OTC_QUOTES_NO1430_JSON
20241209,6127,九豪,TPEx,30.75,30.75,29.2,29.35,3576000,106526200,TPEX_OTC_QUOTES_NO1430_JSON
20241209,6129,普誠,TPEx,18.95,18.95,18.65,18.7,209000,3927250,TPEX_OTC_QUOTES_NO1430_JSON
20241209,6130,上亞科技,TPEx,25.35,25.35,25.3,25.3,5000,126600,TPEX_OTC_QUOTES_NO1430_JSON
20241209,6134,萬旭,TPEx,34.5,35.5,33.4,33.75,2086000,71816450,TPEX_OTC_QUOTES_NO1430_JSON
20241209,6138,茂達,TPEx,183.5,183.5,176.0,176.0,2116000,376987000,TPEX_OTC_QUOTES_NO1430_JSON
20241209,6140,訊達電腦,TPEx,26.4,27.65,25.65,26.6,3108000,83112500,TPEX_OTC_QUOTES_NO1430_JSON
20241209,6143,振曜,TPEx,119.0,125.0,117.5,118.5,5995000,727177500,TPEX_OTC_QUOTES_NO1430_JSON
20241209,6144,得利影,TPEx,42.95,42.95,39.3,40.9,23000,933600,TPEX_OTC_QUOTES_NO1430_JSON
20241209,6146,耕興,TPEx,206.5,206.5,203.5,203.5,90000,18408500,TPEX_OTC_QUOTES_NO1430_JSON
20241209,6147,頎邦,TPEx,64.3,64.3,63.5,63.8,940000,59954800,TPEX_OTC_QUOTES_NO1430_JSON
20241209,6148,驊宏資,TPEx,29.05,29.6,28.15,28.6,1465000,42265650,TPEX_OTC_QUOTES_NO1430_JSON
20241209,6150,撼訊,TPEx,78.0,78.0,76.4,77.4,488000,37664500,TPEX_OTC_QUOTES_NO1430_JSON
20241209,6151,晉倫,TPEx,48.45,48.8,45.7,46.05,1742000,81554700,TPEX_OTC_QUOTES_NO1430_JSON
20241209,6154,順發,TPEx,15.9,15.9,15.75,15.75,24000,378500,TPEX_OTC_QUOTES_NO1430_JSON
20241209,6156,松上,TPEx,28.75,28.75,27.9,28.15,1184000,33356300,TPEX_OTC_QUOTES_NO1430_JSON
20241209,6158,禾昌,TPEx,30.3,30.3,29.85,30.0,12000,359700,TPEX_OTC_QUOTES_NO1430_JSON
20241209,6160,欣技,TPEx,23.45,23.5,22.6,23.3,275000,6341350,TPEX_OTC_QUOTES_NO1430_JSON
20241209,6161,捷波,TPEx,51.3,51.3,50.6,50.6,53000,2686400,TPEX_OTC_QUOTES_NO1430_JSON
20241209,6163,華電網,TPEx,24.75,25.25,24.45,24.55,929000,22999400,TPEX_OTC_QUOTES_NO1430_JSON
20241209,6167,久正,TPEx,15.7,15.7,15.4,15.45,150000,2328400,TPEX_OTC_QUOTES_NO1430_JSON
20241209,6169,昱泉,TPEx,21.4,21.85,21.4,21.45,13000,278900,TPEX_OTC_QUOTES_NO1430_JSON
20241209,6170,統振,TPEx,51.6,51.9,50.0,50.0,318000,16176800,TPEX_OTC_QUOTES_NO1430_JSON
20241209,6171,大城地產,TPEx,42.65,42.85,42.3,42.5,75000,3189000,TPEX_OTC_QUOTES_NO1430_JSON
20241209,6173,信昌電,TPEx,46.75,47.0,45.55,45.55,941000,43350650,TPEX_OTC_QUOTES_NO1430_JSON
20241209,6174,安碁,TPEx,27.75,28.35,26.05,26.05,1430000,38452100,TPEX_OTC_QUOTES_NO1430_JSON
20241209,6175,立敦,TPEx,43.6,43.7,41.6,41.65,1601000,68014750,TPEX_OTC_QUOTES_NO1430_JSON
20241209,6179,亞通,TPEx,28.35,28.8,27.9,28.15,380000,10735850,TPEX_OTC_QUOTES_NO1430_JSON
20241209,6180,橘子,TPEx,86.9,87.7,86.7,86.9,693000,60358000,TPEX_OTC_QUOTES_NO1430_JSON
20241209,6182,合晶,TPEx,29.65,29.65,29.05,29.05,874000,25555150,TPEX_OTC_QUOTES_NO1430_JSON
20241209,6185,幃翔,TPEx,15.05,15.25,14.9,14.95,310000,4644200,TPEX_OTC_QUOTES_NO1430_JSON
20241209,6186,新潤,TPEx,62.8,62.8,61.3,61.8,267000,16465500,TPEX_OTC_QUOTES_NO1430_JSON
20241209,6187,萬潤,TPEx,450.0,451.0,432.0,439.5,4750000,2089062000,TPEX_OTC_QUOTES_NO1430_JSON
20241209,6188,廣明,TPEx,103.0,103.5,99.8,99.8,2696000,273055600,TPEX_OTC_QUOTES_NO1430_JSON
20241209,6190,萬泰科,TPEx,35.5,36.15,35.5,35.5,1650000,59085050,TPEX_OTC_QUOTES_NO1430_JSON
20241209,6194,育富,TPEx,39.0,39.0,37.3,38.4,93000,3571550,TPEX_OTC_QUOTES_NO1430_JSON
20241209,6195,詩肯,TPEx,36.95,36.95,36.7,36.75,22000,808650,TPEX_OTC_QUOTES_NO1430_JSON
20241209,6198,瑞築,TPEx,42.0,42.0,41.8,41.9,16000,670200,TPEX_OTC_QUOTES_NO1430_JSON
20241209,6199,天品,TPEx,116.5,118.5,110.5,115.0,357000,41117000,TPEX_OTC_QUOTES_NO1430_JSON
20241209,6203,海韻電,TPEx,71.4,73.0,68.3,68.5,726000,51038700,TPEX_OTC_QUOTES_NO1430_JSON
20241209,6204,艾華,TPEx,73.5,74.8,72.1,72.6,66000,4795100,TPEX_OTC_QUOTES_NO1430_JSON
20241209,6207,雷科,TPEx,59.3,59.3,57.1,57.4,464000,26827900,TPEX_OTC_QUOTES_NO1430_JSON
20241209,6208,日揚,TPEx,55.0,55.9,54.5,55.6,279000,15411100,TPEX_OTC_QUOTES_NO1430_JSON
20241209,6210,慶生,TPEx,23.6,23.6,23.1,23.55,14000,326950,TPEX_OTC_QUOTES_NO1430_JSON
20241209,6212,理銘,TPEx,61.0,61.0,58.3,58.3,14000,821900,TPEX_OTC_QUOTES_NO1430_JSON
20241209,6217,中探針,TPEx,41.05,41.05,40.55,40.9,243000,9920550,TPEX_OTC_QUOTES_NO1430_JSON
20241209,6218,豪勉,TPEx,29.15,29.45,28.2,28.3,244000,6995850,TPEX_OTC_QUOTES_NO1430_JSON
20241209,6219,富旺,TPEx,41.55,42.05,40.65,40.85,190000,7801350,TPEX_OTC_QUOTES_NO1430_JSON
20241209,6220,岳豐,TPEx,27.9,28.0,27.35,27.5,456000,12574450,TPEX_OTC_QUOTES_NO1430_JSON
20241209,6221,晉泰,TPEx,67.2,67.3,64.8,64.8,58000,3833700,TPEX_OTC_QUOTES_NO1430_JSON
20241209,6222,立軒,TPEx,28.8,29.6,28.8,29.1,16000,466950,TPEX_OTC_QUOTES_NO1430_JSON
20241209,6223,旺矽,TPEx,880.0,885.0,861.0,865.0,1914000,1665056000,TPEX_OTC_QUOTES_NO1430_JSON
20241209,6227,茂綸,TPEx,73.2,73.2,70.5,70.8,217000,15400500,TPEX_OTC_QUOTES_NO1430_JSON
20241209,6228,全譜,TPEx,32.0,33.7,31.55,31.55,59000,1897700,TPEX_OTC_QUOTES_NO1430_JSON
20241209,6229,研通,TPEx,31.55,31.85,31.2,31.2,59000,1852000,TPEX_OTC_QUOTES_NO1430_JSON
20241209,6231,系微,TPEx,436.5,436.5,418.5,428.5,1004000,428237500,TPEX_OTC_QUOTES_NO1430_JSON
20241209,6233,旺玖,TPEx,30.65,30.8,30.35,30.4,140000,4269500,TPEX_OTC_QUOTES_NO1430_JSON
20241209,6234,高僑,TPEx,27.5,27.5,26.75,26.85,168000,4538000,TPEX_OTC_QUOTES_NO1430_JSON
20241209,6237,驊訊,TPEx,50.6,52.5,50.5,50.9,1045000,53792200,TPEX_OTC_QUOTES_NO1430_JSON
20241209,6240,松崗,TPEx,21.25,21.25,20.3,20.4,93000,1920500,TPEX_OTC_QUOTES_NO1430_JSON
20241209,6241,鑫永洋,TPEx,16.9,16.9,16.1,16.1,147000,2382600,TPEX_OTC_QUOTES_NO1430_JSON
20241209,6242,立康,TPEx,43.3,43.4,43.25,43.4,4000,173250,TPEX_OTC_QUOTES_NO1430_JSON
20241209,6244,茂迪,TPEx,25.3,25.3,24.6,24.6,1518000,37783850,TPEX_OTC_QUOTES_NO1430_JSON
20241209,6245,立端,TPEx,97.1,98.3,93.5,93.5,1889000,180832500,TPEX_OTC_QUOTES_NO1430_JSON
20241209,6246,臺龍,TPEx,17.0,17.55,17.0,17.2,95000,1639000,TPEX_OTC_QUOTES_NO1430_JSON
20241209,6248,沛波,TPEx,28.7,28.7,28.35,28.55,358000,10202600,TPEX_OTC_QUOTES_NO1430_JSON
20241209,6259,百徽,TPEx,19.65,19.65,19.45,19.45,34000,664900,TPEX_OTC_QUOTES_NO1430_JSON
20241209,6261,久元,TPEx,64.1,64.1,63.2,63.6,147000,9337500,TPEX_OTC_QUOTES_NO1430_JSON
20241209,6263,普萊德,TPEx,162.0,162.0,159.0,159.0,96000,15351000,TPEX_OTC_QUOTES_NO1430_JSON
20241209,6264,富裔,TPEx,9.12,9.2,9.1,9.1,50000,456060,TPEX_OTC_QUOTES_NO1430_JSON
20241209,6265,方土昶,TPEx,11.15,11.25,11.15,11.25,164000,1837750,TPEX_OTC_QUOTES_NO1430_JSON
20241209,6266,泰詠,TPEx,33.5,34.7,33.5,34.7,1537000,52641700,TPEX_OTC_QUOTES_NO1430_JSON
20241209,6270,倍微,TPEx,27.1,27.1,26.3,26.3,165000,4370100,TPEX_OTC_QUOTES_NO1430_JSON
20241209,6274,台燿,TPEx,174.0,177.0,174.0,174.0,4621000,809582500,TPEX_OTC_QUOTES_NO1430_JSON
20241209,6275,元山,TPEx,49.25,49.35,48.5,48.5,77000,3758500,TPEX_OTC_QUOTES_NO1430_JSON
20241209,6276,安鈦克,TPEx,32.1,33.45,32.1,33.1,38000,1254900,TPEX_OTC_QUOTES_NO1430_JSON
20241209,6279,胡連,TPEx,180.5,182.0,178.5,179.0,2154000,388005500,TPEX_OTC_QUOTES_NO1430_JSON
20241209,6284,佳邦,TPEx,83.3,83.5,81.4,81.5,620000,50838100,TPEX_OTC_QUOTES_NO1430_JSON
20241209,6287,元隆,TPEx,14.45,14.45,14.45,14.45,35000,505750,TPEX_OTC_QUOTES_NO1430_JSON
20241209,6290,良維,TPEx,74.3,74.7,73.6,73.6,371000,27433400,TPEX_OTC_QUOTES_NO1430_JSON
20241209,6291,沛亨,TPEx,97.9,105.0,96.8,104.5,488000,50665200,TPEX_OTC_QUOTES_NO1430_JSON
20241209,6292,迅德,TPEx,57.9,58.0,57.3,57.5,43000,2481900,TPEX_OTC_QUOTES_NO1430_JSON
20241209,6294,智基,TPEx,66.4,67.3,66.1,66.4,69000,4607000,TPEX_OTC_QUOTES_NO1430_JSON
20241209,6411,晶焱,TPEx,98.4,99.5,97.0,98.8,213000,20974400,TPEX_OTC_QUOTES_NO1430_JSON
20241209,6417,韋僑,TPEx,106.0,106.0,104.0,105.5,32000,3364000,TPEX_OTC_QUOTES_NO1430_JSON
20241209,6418,詠昇,TPEx,19.8,19.85,19.5,19.5,64000,1261950,TPEX_OTC_QUOTES_NO1430_JSON
20241209,6419,京晨科,TPEx,106.0,106.5,105.0,105.5,26000,2750500,TPEX_OTC_QUOTES_NO1430_JSON
20241209,6425,易發,TPEx,83.9,88.4,83.0,87.7,3619000,313940300,TPEX_OTC_QUOTES_NO1430_JSON
20241209,6432,今展科,TPEx,30.15,30.6,29.75,29.85,47000,1418350,TPEX_OTC_QUOTES_NO1430_JSON
20241209,6435,大中,TPEx,95.0,95.0,93.1,93.2,44000,4117500,TPEX_OTC_QUOTES_NO1430_JSON
20241209,6441,廣錠,TPEx,38.55,38.55,37.5,38.05,133000,5037900,TPEX_OTC_QUOTES_NO1430_JSON
20241209,6457,紘康,TPEx,63.4,64.4,62.6,62.7,155000,9841300,TPEX_OTC_QUOTES_NO1430_JSON
20241209,6461,益得,TPEx,28.65,29.0,28.1,28.1,66000,1870850,TPEX_OTC_QUOTES_NO1430_JSON
20241209,6462,神盾,TPEx,187.5,200.5,187.0,195.0,11246000,2197681500,TPEX_OTC_QUOTES_NO1430_JSON
20241209,6465,威潤,TPEx,22.9,23.0,22.3,22.35,85000,1915750,TPEX_OTC_QUOTES_NO1430_JSON
20241209,6469,大樹,TPEx,166.5,166.5,163.0,163.0,298000,49025500,TPEX_OTC_QUOTES_NO1430_JSON
20241209,6470,宇智,TPEx,58.0,63.9,57.0,61.9,4731000,289860300,TPEX_OTC_QUOTES_NO1430_JSON
20241209,6482,弘煜科,TPEx,50.7,50.7,50.3,50.3,6000,303200,TPEX_OTC_QUOTES_NO1430_JSON
20241209,6485,點序,TPEx,54.0,54.0,53.5,53.7,18000,966200,TPEX_OTC_QUOTES_NO1430_JSON
20241209,6486,互動,TPEx,83.4,83.4,83.1,83.1,38000,3160900,TPEX_OTC_QUOTES_NO1430_JSON
20241209,6488,環球晶,TPEx,422.0,423.0,416.0,420.0,1582000,662819500,TPEX_OTC_QUOTES_NO1430_JSON
20241209,6492,生華科,TPEx,44.15,44.45,43.3,43.8,148000,6466750,TPEX_OTC_QUOTES_NO1430_JSON
20241209,6494,九齊,TPEx,53.8,57.2,53.8,55.5,159000,8842900,TPEX_OTC_QUOTES_NO1430_JSON
20241209,6496,科懋,TPEx,30.1,30.1,29.95,29.95,5000,150000,TPEX_OTC_QUOTES_NO1430_JSON
20241209,6499,益安,TPEx,42.9,43.35,42.65,43.1,20000,857800,TPEX_OTC_QUOTES_NO1430_JSON
20241209,6506,雙邦,TPEx,18.0,18.0,17.7,17.7,60000,1066550,TPEX_OTC_QUOTES_NO1430_JSON
20241209,6508,惠光,TPEx,29.95,29.95,29.85,29.9,8000,239100,TPEX_OTC_QUOTES_NO1430_JSON
20241209,6509,聚和,TPEx,40.35,40.4,39.85,40.0,599000,24023950,TPEX_OTC_QUOTES_NO1430_JSON
20241209,6510,精測,TPEx,897.0,924.0,869.0,879.0,991000,884003000,TPEX_OTC_QUOTES_NO1430_JSON
20241209,6512,啟發電,TPEx,23.8,23.8,23.8,23.8,5000,119000,TPEX_OTC_QUOTES_NO1430_JSON
20241209,6516,勤崴國際,TPEx,67.4,67.4,66.7,67.2,23000,1543800,TPEX_OTC_QUOTES_NO1430_JSON
20241209,6517,保勝光學,TPEx,70.4,70.9,69.3,70.0,125000,8733100,TPEX_OTC_QUOTES_NO1430_JSON
20241209,6523,達爾膚,TPEx,156.0,156.0,152.5,153.5,71000,10906500,TPEX_OTC_QUOTES_NO1430_JSON
20241209,6527,明達醫,TPEx,87.0,87.5,86.8,87.4,21000,1834400,TPEX_OTC_QUOTES_NO1430_JSON
20241209,6530,創威,TPEx,78.9,81.0,77.6,79.4,3178000,251484800,TPEX_OTC_QUOTES_NO1430_JSON
20241209,6532,瑞耘,TPEx,76.2,76.2,74.2,74.5,237000,17793000,TPEX_OTC_QUOTES_NO1430_JSON
20241209,6535,順藥,TPEx,193.0,193.0,193.0,193.0,156000,30108000,TPEX_OTC_QUOTES_NO1430_JSON
20241209,6538,倉和,TPEx,109.5,110.0,106.0,106.0,100000,10718500,TPEX_OTC_QUOTES_NO1430_JSON
20241209,6542,隆中,TPEx,68.0,68.3,63.3,63.3,80000,5264500,TPEX_OTC_QUOTES_NO1430_JSON
20241209,6546,正基,TPEx,147.5,147.5,141.0,143.0,1214000,173906000,TPEX_OTC_QUOTES_NO1430_JSON
20241209,6547,高端疫苗,TPEx,37.6,37.9,37.1,37.85,364000,13669350,TPEX_OTC_QUOTES_NO1430_JSON
20241209,6548,長科*,TPEx,35.4,35.45,34.8,35.0,1070000,37450450,TPEX_OTC_QUOTES_NO1430_JSON
20241209,6556,勝品,TPEx,88.0,88.0,87.3,87.4,21000,1839700,TPEX_OTC_QUOTES_NO1430_JSON
20241209,6560,欣普羅,TPEx,34.9,35.0,32.6,32.9,356000,11974350,TPEX_OTC_QUOTES_NO1430_JSON
20241209,6561,是方,TPEx,506.0,513.0,501.0,501.0,170000,86246000,TPEX_OTC_QUOTES_NO1430_JSON
20241209,6568,宏觀,TPEx,126.5,128.5,125.5,126.5,31000,3939500,TPEX_OTC_QUOTES_NO1430_JSON
20241209,6569,醫揚,TPEx,153.0,155.5,153.0,153.5,16000,2460500,TPEX_OTC_QUOTES_NO1430_JSON
20241209,6570,維田,TPEx,51.8,52.9,51.8,51.9,71000,3711100,TPEX_OTC_QUOTES_NO1430_JSON
20241209,6574,霈方,TPEx,57.6,57.6,56.7,57.6,8000,459000,TPEX_OTC_QUOTES_NO1430_JSON
20241209,6576,逸達,TPEx,75.7,76.2,75.4,75.4,556000,42119600,TPEX_OTC_QUOTES_NO1430_JSON
20241209,6577,勁豐,TPEx,93.0,93.1,92.5,92.5,75000,6966600,TPEX_OTC_QUOTES_NO1430_JSON
20241209,6578,達邦蛋白,TPEx,19.3,19.35,19.0,19.0,198000,3787500,TPEX_OTC_QUOTES_NO1430_JSON
20241209,6584,南俊國際,TPEx,184.5,184.5,177.5,178.0,447000,80388000,TPEX_OTC_QUOTES_NO1430_JSON
20241209,6588,東典光電,TPEx,50.8,51.0,47.0,49.0,1321000,64448900,TPEX_OTC_QUOTES_NO1430_JSON
20241209,6589,台康生技,TPEx,90.2,93.5,90.2,92.1,1238000,114437700,TPEX_OTC_QUOTES_NO1430_JSON
20241209,6590,普鴻,TPEx,74.5,74.5,72.0,72.0,8000,590600,TPEX_OTC_QUOTES_NO1430_JSON
20241209,6593,台灣銘板,TPEx,80.2,82.0,79.4,80.0,151000,12179400,TPEX_OTC_QUOTES_NO1430_JSON
20241209,6596,寬宏藝術,TPEx,74.8,76.4,74.8,75.8,404000,30558700,TPEX_OTC_QUOTES_NO1430_JSON
20241209,6603,富強鑫,TPEx,17.55,18.1,17.35,17.35,2143000,37838300,TPEX_OTC_QUOTES_NO1430_JSON
20241209,6609,瀧澤科,TPEx,80.5,80.5,77.0,77.4,964000,75184600,TPEX_OTC_QUOTES_NO1430_JSON
20241209,6612,奈米醫材,TPEx,119.5,122.0,118.0,120.5,18000,2153500,TPEX_OTC_QUOTES_NO1430_JSON
20241209,6613,朋億*,TPEx,193.0,195.0,191.0,193.5,208000,40284000,TPEX_OTC_QUOTES_NO1430_JSON
20241209,6615,慧智,TPEx,42.05,42.05,41.7,41.7,11000,460250,TPEX_OTC_QUOTES_NO1430_JSON
20241209,6616,特昇-KY,TPEx,11.65,11.65,11.1,11.1,198000,2228300,TPEX_OTC_QUOTES_NO1430_JSON
20241209,6617,共信-KY,TPEx,106.5,107.0,103.5,103.5,129000,13502500,TPEX_OTC_QUOTES_NO1430_JSON
20241209,6624,萬年清,TPEx,38.05,38.05,38.0,38.0,9000,342050,TPEX_OTC_QUOTES_NO1430_JSON
20241209,6629,泰金-KY,TPEx,129.5,129.5,127.5,128.0,34000,4369500,TPEX_OTC_QUOTES_NO1430_JSON
20241209,6637,醫影,TPEx,100.0,103.0,98.0,98.0,334000,33137300,TPEX_OTC_QUOTES_NO1430_JSON
20241209,6640,均華,TPEx,808.0,825.0,781.0,782.0,543000,434667000,TPEX_OTC_QUOTES_NO1430_JSON
20241209,6642,富致,TPEx,73.6,74.7,72.8,73.6,382000,28168500,TPEX_OTC_QUOTES_NO1430_JSON
20241209,6643,M31,TPEx,748.0,753.0,732.0,743.0,665000,494330000,TPEX_OTC_QUOTES_NO1430_JSON
20241209,6649,台生材,TPEx,35.55,36.1,35.5,35.75,24000,856100,TPEX_OTC_QUOTES_NO1430_JSON
20241209,6651,全宇昕,TPEx,95.0,95.1,91.3,91.7,743000,69119900,TPEX_OTC_QUOTES_NO1430_JSON
20241209,6654,天正國際,TPEx,44.8,44.8,44.0,44.15,9000,398850,TPEX_OTC_QUOTES_NO1430_JSON
20241209,6661,威健生技,TPEx,24.1,24.1,23.8,23.8,19000,454250,TPEX_OTC_QUOTES_NO1430_JSON
20241209,6662,樂斯科,TPEx,35.0,35.0,35.0,35.0,1000,35000,TPEX_OTC_QUOTES_NO1430_JSON
20241209,6664,群翊,TPEx,255.0,255.0,243.5,246.0,656000,162222000,TPEX_OTC_QUOTES_NO1430_JSON
20241209,6667,信紘科,TPEx,192.5,192.5,188.5,189.5,163000,30930000,TPEX_OTC_QUOTES_NO1430_JSON
20241209,6679,鈺太,TPEx,325.5,325.5,314.5,315.5,213000,67557000,TPEX_OTC_QUOTES_NO1430_JSON
20241209,6680,鑫創電子,TPEx,92.0,95.0,92.0,95.0,7000,650400,TPEX_OTC_QUOTES_NO1430_JSON
20241209,6683,雍智科技,TPEx,352.0,352.0,335.5,336.0,260000,88234500,TPEX_OTC_QUOTES_NO1430_JSON
20241209,6684,安格,TPEx,68.0,73.1,67.7,70.7,8417000,601447700,TPEX_OTC_QUOTES_NO1430_JSON
20241209,6690,安碁資訊,TPEx,228.0,234.5,221.0,223.5,887000,201600500,TPEX_OTC_QUOTES_NO1430_JSON
20241209,6692,進能服,TPEx,38.35,38.9,38.0,38.75,85000,3269150,TPEX_OTC_QUOTES_NO1430_JSON
20241209,6693,廣閎科,TPEx,86.4,86.5,84.6,85.8,323000,27700600,TPEX_OTC_QUOTES_NO1430_JSON
20241209,6697,東捷資訊,TPEx,50.3,50.5,48.45,48.5,150000,7371500,TPEX_OTC_QUOTES_NO1430_JSON
20241209,6703,軒郁,TPEx,165.0,165.0,160.0,161.5,87000,14077500,TPEX_OTC_QUOTES_NO1430_JSON
20241209,6708,天擎,TPEx,45.0,45.65,44.0,44.8,39000,1732450,TPEX_OTC_QUOTES_NO1430_JSON
20241209,6712,長聖,TPEx,179.5,179.5,176.0,176.0,150000,26529500,TPEX_OTC_QUOTES_NO1430_JSON
20241209,6716,應廣,TPEx,88.0,88.0,84.0,84.0,29000,2484600,TPEX_OTC_QUOTES_NO1430_JSON
20241209,6720,久昌,TPEx,169.5,179.0,168.5,177.5,456000,80250500,TPEX_OTC_QUOTES_NO1430_JSON
20241209,6721,信實,TPEx,57.6,57.8,57.6,57.7,6000,345900,TPEX_OTC_QUOTES_NO1430_JSON
20241209,6727,亞泰金屬,TPEx,85.5,86.9,83.8,85.0,175000,14866400,TPEX_OTC_QUOTES_NO1430_JSON
20241209,6728,上洋,TPEx,124.5,124.5,123.5,123.5,11000,1359500,TPEX_OTC_QUOTES_NO1430_JSON
20241209,6732,昇佳電子,TPEx,300.0,301.0,290.0,291.0,368000,108194000,TPEX_OTC_QUOTES_NO1430_JSON
20241209,6733,博晟生醫,TPEx,35.85,35.85,34.95,34.95,116000,4067200,TPEX_OTC_QUOTES_NO1430_JSON
20241209,6735,美達科技,TPEx,61.3,63.0,61.3,62.0,23000,1425500,TPEX_OTC_QUOTES_NO1430_JSON
20241209,6739,竹陞科技,TPEx,200.0,203.0,191.0,193.5,304000,59559000,TPEX_OTC_QUOTES_NO1430_JSON
20241209,6741,91APP*-KY,TPEx,92.2,92.2,89.2,89.3,262000,23693600,TPEX_OTC_QUOTES_NO1430_JSON
20241209,6751,智聯服務,TPEx,67.9,67.9,61.0,61.0,57000,3667400,TPEX_OTC_QUOTES_NO1430_JSON
20241209,6752,叡揚,TPEx,133.0,137.5,132.0,133.5,1437000,195533000,TPEX_OTC_QUOTES_NO1430_JSON
20241209,6761,穩得,TPEx,91.7,92.3,91.1,91.4,66000,6040000,TPEX_OTC_QUOTES_NO1430_JSON
20241209,6762,達亞,TPEx,262.0,277.0,262.0,277.0,20000,5374000,TPEX_OTC_QUOTES_NO1430_JSON
20241209,6763,綠界科技*,TPEx,71.5,71.9,69.3,69.8,2152000,150748600,TPEX_OTC_QUOTES_NO1430_JSON
20241209,6767,台微醫,TPEx,32.5,33.0,32.5,32.95,5000,163450,TPEX_OTC_QUOTES_NO1430_JSON
20241209,6785,昱展新藥,TPEx,147.5,148.0,144.5,146.0,236000,34463500,TPEX_OTC_QUOTES_NO1430_JSON
20241209,6788,華景電,TPEx,236.5,240.0,230.0,234.0,372000,86790000,TPEX_OTC_QUOTES_NO1430_JSON
20241209,6791,虎門科技,TPEx,166.0,166.0,152.0,158.0,516000,81643500,TPEX_OTC_QUOTES_NO1430_JSON
20241209,6803,崑鼎,TPEx,281.0,285.0,281.0,285.0,69000,19583500,TPEX_OTC_QUOTES_NO1430_JSON
20241209,6804,明係,TPEx,31.1,31.1,30.9,30.9,50000,1549950,TPEX_OTC_QUOTES_NO1430_JSON
20241209,6811,宏碁資訊,TPEx,301.0,321.0,286.0,315.0,2882000,877857000,TPEX_OTC_QUOTES_NO1430_JSON
20241209,6821,聯寶,TPEx,46.4,47.0,45.2,45.2,172000,7873100,TPEX_OTC_QUOTES_NO1430_JSON
20241209,6823,濾能,TPEx,62.8,64.9,62.6,62.6,20000,1266400,TPEX_OTC_QUOTES_NO1430_JSON
20241209,6829,千附精密,TPEx,122.0,122.5,118.0,118.0,497000,59299500,TPEX_OTC_QUOTES_NO1430_JSON
20241209,6840,東研信超,TPEx,53.5,53.5,50.4,51.3,26000,1336700,TPEX_OTC_QUOTES_NO1430_JSON
20241209,6841,長佳智能,TPEx,79.0,79.2,77.2,77.2,260000,20296700,TPEX_OTC_QUOTES_NO1430_JSON
20241209,6843,進典,TPEx,53.4,53.7,53.3,53.3,5000,267400,TPEX_OTC_QUOTES_NO1430_JSON
20241209,6844,諾貝兒,TPEx,150.0,150.0,150.0,150.0,2000,300000,TPEX_OTC_QUOTES_NO1430_JSON
20241209,6846,綠茵,TPEx,74.5,75.0,74.5,75.0,7000,523000,TPEX_OTC_QUOTES_NO1430_JSON
20241209,6855,數泓科,TPEx,149.0,154.5,147.0,152.0,84000,12670500,TPEX_OTC_QUOTES_NO1430_JSON
20241209,6856,鑫傳,TPEx,63.3,64.4,63.2,64.4,12000,763800,TPEX_OTC_QUOTES_NO1430_JSON
20241209,6859,伯特光,TPEx,192.0,192.0,183.0,187.5,853000,159998000,TPEX_OTC_QUOTES_NO1430_JSON
20241209,6865,偉康科技,TPEx,60.8,65.4,60.0,65.4,154000,9795500,TPEX_OTC_QUOTES_NO1430_JSON
20241209,6870,騰雲,TPEx,247.5,252.5,246.0,251.0,88000,21955500,TPEX_OTC_QUOTES_NO1430_JSON
20241209,6874,倍力,TPEx,95.3,103.0,95.3,102.0,568000,58087200,TPEX_OTC_QUOTES_NO1430_JSON
20241209,6875,國邑*,TPEx,57.0,57.0,55.8,56.2,97000,5453200,TPEX_OTC_QUOTES_NO1430_JSON
20241209,6877,鏵友益,TPEx,100.0,101.5,96.1,101.5,4523000,451812200,TPEX_OTC_QUOTES_NO1430_JSON
20241209,6881,潤德,TPEx,233.0,234.5,233.0,234.0,5000,1168500,TPEX_OTC_QUOTES_NO1430_JSON
20241209,6894,衛司特,TPEx,197.0,203.5,195.0,197.0,87000,17259000,TPEX_OTC_QUOTES_NO1430_JSON
20241209,6895,宏碩系統,TPEx,195.0,196.5,190.0,190.0,143000,27501500,TPEX_OTC_QUOTES_NO1430_JSON
20241209,6899,創為精密,TPEx,53.5,53.5,52.5,53.0,28000,1485100,TPEX_OTC_QUOTES_NO1430_JSON
20241209,6903,巨漢,TPEx,131.5,132.0,129.0,130.0,38000,4933500,TPEX_OTC_QUOTES_NO1430_JSON
20241209,6904,伯鑫,TPEx,140.0,140.0,137.5,140.0,7000,974000,TPEX_OTC_QUOTES_NO1430_JSON
20241209,6913,鴻呈,TPEx,152.0,153.0,140.5,140.5,614000,88603000,TPEX_OTC_QUOTES_NO1430_JSON
20241209,6922,宸曜,TPEx,169.0,173.5,165.0,165.0,187000,31433000,TPEX_OTC_QUOTES_NO1430_JSON
20241209,6929,佑全,TPEx,38.1,38.5,38.05,38.3,16000,612250,TPEX_OTC_QUOTES_NO1430_JSON
20241209,6953,家碩,TPEx,234.5,235.5,231.0,235.0,18000,4204500,TPEX_OTC_QUOTES_NO1430_JSON
20241209,6967,汎瑋材料,TPEx,51.1,51.2,50.5,50.7,13000,660300,TPEX_OTC_QUOTES_NO1430_JSON
20241209,6968,萬達寵物,TPEx,64.6,64.7,64.0,64.3,23000,1478400,TPEX_OTC_QUOTES_NO1430_JSON
20241209,7402,邑錡,TPEx,75.7,75.7,72.8,72.8,131000,9628200,TPEX_OTC_QUOTES_NO1430_JSON
20241209,7556,意德士科技,TPEx,133.5,141.5,130.5,141.5,178000,24798000,TPEX_OTC_QUOTES_NO1430_JSON
20241209,7584,樂意,TPEx,78.9,80.1,78.9,79.5,17000,1355300,TPEX_OTC_QUOTES_NO1430_JSON
20241209,7703,銳澤,TPEx,150.0,150.5,147.5,147.5,64000,9535500,TPEX_OTC_QUOTES_NO1430_JSON
20241209,7708,全家餐飲,TPEx,92.3,92.4,91.9,92.1,22000,2024800,TPEX_OTC_QUOTES_NO1430_JSON
20241209,8024,佑華,TPEx,17.7,18.15,17.7,17.8,44000,783050,TPEX_OTC_QUOTES_NO1430_JSON
20241209,8027,鈦昇,TPEx,95.5,95.5,93.2,94.5,702000,65985800,TPEX_OTC_QUOTES_NO1430_JSON
20241209,8032,光菱,TPEx,69.5,70.2,66.2,66.5,1806000,122478600,TPEX_OTC_QUOTES_NO1430_JSON
20241209,8034,榮群,TPEx,20.9,20.9,20.2,20.3,148000,3017600,TPEX_OTC_QUOTES_NO1430_JSON
20241209,8038,長園科,TPEx,30.15,30.2,28.65,28.8,482000,14009400,TPEX_OTC_QUOTES_NO1430_JSON
20241209,8040,九暘,TPEx,75.2,80.6,75.0,76.4,1121000,87838400,TPEX_OTC_QUOTES_NO1430_JSON
20241209,8042,金山電,TPEx,56.1,56.3,51.3,51.3,4720000,250044400,TPEX_OTC_QUOTES_NO1430_JSON
20241209,8043,蜜望實,TPEx,36.2,36.2,35.0,35.25,531000,18818250,TPEX_OTC_QUOTES_NO1430_JSON
20241209,8044,網家,TPEx,52.3,54.3,52.0,52.7,2886000,153599200,TPEX_OTC_QUOTES_NO1430_JSON
20241209,8047,星雲,TPEx,18.9,19.1,18.45,18.6,372000,6953650,TPEX_OTC_QUOTES_NO1430_JSON
20241209,8048,德勝,TPEx,52.5,52.5,51.5,52.3,107000,5558100,TPEX_OTC_QUOTES_NO1430_JSON
20241209,8049,晶采,TPEx,34.2,34.2,33.85,33.9,98000,3331150,TPEX_OTC_QUOTES_NO1430_JSON
20241209,8050,廣積,TPEx,71.0,72.6,71.0,71.5,775000,55786600,TPEX_OTC_QUOTES_NO1430_JSON
20241209,8054,安國,TPEx,132.0,136.0,131.0,136.0,9877000,1334906000,TPEX_OTC_QUOTES_NO1430_JSON
20241209,8059,凱碩,TPEx,34.5,34.5,33.2,33.95,175000,5891800,TPEX_OTC_QUOTES_NO1430_JSON
20241209,8064,東捷,TPEx,55.2,55.2,53.8,54.8,2215000,120547400,TPEX_OTC_QUOTES_NO1430_JSON
20241209,8066,來思達,TPEx,29.35,29.35,28.2,28.2,37000,1048850,TPEX_OTC_QUOTES_NO1430_JSON
20241209,8067,志旭,TPEx,19.4,19.4,19.4,19.4,1000,19400,TPEX_OTC_QUOTES_NO1430_JSON
20241209,8068,全達,TPEx,29.5,29.5,28.65,28.65,97000,2800450,TPEX_OTC_QUOTES_NO1430_JSON
20241209,8069,元太,TPEx,262.5,271.0,262.5,268.0,7518000,2015103500,TPEX_OTC_QUOTES_NO1430_JSON
20241209,8071,能率網通,TPEx,19.15,19.15,18.9,19.0,182000,3462400,TPEX_OTC_QUOTES_NO1430_JSON
20241209,8074,鉅橡,TPEx,23.4,23.4,22.9,23.0,288000,6634400,TPEX_OTC_QUOTES_NO1430_JSON
20241209,8076,伍豐,TPEx,32.7,33.0,32.0,32.0,1021000,32999100,TPEX_OTC_QUOTES_NO1430_JSON
20241209,8077,洛碁,TPEx,47.45,47.45,47.45,47.45,1000,47450,TPEX_OTC_QUOTES_NO1430_JSON
20241209,8080,泰霖,TPEx,30.5,30.85,30.2,30.2,9000,273950,TPEX_OTC_QUOTES_NO1430_JSON
20241209,8083,瑞穎,TPEx,164.0,167.0,164.0,167.0,212000,35030500,TPEX_OTC_QUOTES_NO1430_JSON
20241209,8084,巨虹,TPEx,72.4,73.7,71.3,72.0,239000,17331200,TPEX_OTC_QUOTES_NO1430_JSON
20241209,8085,福華,TPEx,36.75,36.8,36.05,36.5,287000,10443150,TPEX_OTC_QUOTES_NO1430_JSON
20241209,8086,宏捷科,TPEx,101.0,103.5,101.0,103.0,1583000,161983500,TPEX_OTC_QUOTES_NO1430_JSON
20241209,8087,麗升能源,TPEx,46.8,47.05,46.8,46.9,33000,1546450,TPEX_OTC_QUOTES_NO1430_JSON
20241209,8088,品安,TPEx,20.9,20.9,20.6,20.65,152000,3152250,TPEX_OTC_QUOTES_NO1430_JSON
20241209,8089,康全電訊,TPEx,99.0,99.2,97.1,98.2,1233000,120862400,TPEX_OTC_QUOTES_NO1430_JSON
20241209,8091,翔名,TPEx,137.5,138.5,133.5,136.0,256000,34738500,TPEX_OTC_QUOTES_NO1430_JSON
20241209,8092,建暐,TPEx,21.9,22.65,21.25,22.1,183000,4040200,TPEX_OTC_QUOTES_NO1430_JSON
20241209,8093,保銳,TPEx,21.5,21.7,21.5,21.7,40000,862000,TPEX_OTC_QUOTES_NO1430_JSON
20241209,8096,擎亞,TPEx,44.8,45.6,43.15,45.0,18908000,844045400,TPEX_OTC_QUOTES_NO1430_JSON
20241209,8097,常珵,TPEx,89.7,94.7,88.0,89.8,5843000,534936200,TPEX_OTC_QUOTES_NO1430_JSON
20241209,8099,大世科,TPEx,91.8,92.7,90.4,91.5,308000,28252200,TPEX_OTC_QUOTES_NO1430_JSON
20241209,8107,大億金茂,TPEx,21.65,21.7,21.3,21.3,167000,3576550,TPEX_OTC_QUOTES_NO1430_JSON
20241209,8109,博大,TPEx,87.5,87.9,87.5,87.7,27000,2368400,TPEX_OTC_QUOTES_NO1430_JSON
20241209,8111,立碁,TPEx,44.4,45.3,44.05,45.3,9144000,409150000,TPEX_OTC_QUOTES_NO1430_JSON
20241209,8121,越峰,TPEx,32.6,32.7,31.0,31.3,1862000,59400900,TPEX_OTC_QUOTES_NO1430_JSON
20241209,8147,正淩,TPEx,108.5,108.5,105.5,105.5,73000,7769000,TPEX_OTC_QUOTES_NO1430_JSON
20241209,8155,博智,TPEx,119.0,120.0,118.5,118.5,115000,13709000,TPEX_OTC_QUOTES_NO1430_JSON
20241209,8171,天宇,TPEx,39.55,40.0,36.7,37.5,5023000,190427350,TPEX_OTC_QUOTES_NO1430_JSON
20241209,8176,智捷,TPEx,16.4,16.55,15.75,16.25,639000,10263800,TPEX_OTC_QUOTES_NO1430_JSON
20241209,8182,加高,TPEx,34.6,34.6,34.2,34.35,58000,1998250,TPEX_OTC_QUOTES_NO1430_JSON
20241209,8183,精星,TPEx,40.85,40.85,39.9,39.95,146000,5861500,TPEX_OTC_QUOTES_NO1430_JSON
20241209,8227,巨有科技,TPEx,161.5,178.0,161.5,178.0,1528000,267360500,TPEX_OTC_QUOTES_NO1430_JSON
20241209,8234,新漢,TPEx,52.1,53.0,51.9,52.3,428000,22488700,TPEX_OTC_QUOTES_NO1430_JSON
20241209,8240,華宏,TPEx,47.45,48.3,46.85,46.85,1417000,66912000,TPEX_OTC_QUOTES_NO1430_JSON
20241209,8255,朋程,TPEx,165.5,165.5,162.0,162.0,194000,31684000,TPEX_OTC_QUOTES_NO1430_JSON
20241209,8272,全景軟體,TPEx,120.0,120.0,112.0,112.0,277000,31792500,TPEX_OTC_QUOTES_NO1430_JSON
20241209,8277,商丞,TPEx,14.7,14.75,14.25,14.4,349000,5034350,TPEX_OTC_QUOTES_NO1430_JSON
20241209,8279,生展,TPEx,130.5,131.5,130.0,130.0,8000,1043500,TPEX_OTC_QUOTES_NO1430_JSON
20241209,8284,三竹,TPEx,67.8,70.0,67.8,69.9,64000,4434700,TPEX_OTC_QUOTES_NO1430_JSON
20241209,8289,泰藝,TPEx,27.0,27.9,26.25,26.35,375000,10101500,TPEX_OTC_QUOTES_NO1430_JSON
20241209,8291,尚茂,TPEx,6.85,6.85,6.85,6.85,1000,6850,TPEX_OTC_QUOTES_NO1430_JSON
20241209,8299,群聯,TPEx,446.0,456.0,446.0,453.5,981000,444179000,TPEX_OTC_QUOTES_NO1430_JSON
20241209,8342,益張,TPEx,94.0,94.0,89.2,89.6,43000,3947100,TPEX_OTC_QUOTES_NO1430_JSON
20241209,8349,恒耀國際,TPEx,64.4,64.4,64.0,64.0,54000,3464500,TPEX_OTC_QUOTES_NO1430_JSON
20241209,8354,冠好,TPEx,16.05,16.05,15.65,15.75,112000,1770450,TPEX_OTC_QUOTES_NO1430_JSON
20241209,8358,金居,TPEx,61.2,61.3,59.5,59.6,1106000,66549000,TPEX_OTC_QUOTES_NO1430_JSON
20241209,8383,千附,TPEx,41.9,42.65,41.75,42.3,379000,16002500,TPEX_OTC_QUOTES_NO1430_JSON
20241209,8390,金益鼎,TPEx,70.6,71.2,70.1,71.1,168000,11883300,TPEX_OTC_QUOTES_NO1430_JSON
20241209,8401,白紗科,TPEx,28.7,28.7,27.8,27.85,338000,9514450,TPEX_OTC_QUOTES_NO1430_JSON
20241209,8403,盛弘,TPEx,29.05,29.1,28.85,28.85,83000,2400600,TPEX_OTC_QUOTES_NO1430_JSON
20241209,8409,商之器,TPEx,22.7,22.7,21.9,22.25,85000,1883250,TPEX_OTC_QUOTES_NO1430_JSON
20241209,8410,森田,TPEx,79.7,80.5,79.0,79.7,7000,558500,TPEX_OTC_QUOTES_NO1430_JSON
20241209,8415,大國鋼,TPEx,33.4,33.75,33.4,33.5,147000,4932050,TPEX_OTC_QUOTES_NO1430_JSON
20241209,8416,實威,TPEx,161.5,161.5,160.0,160.0,8000,1286500,TPEX_OTC_QUOTES_NO1430_JSON
20241209,8421,旭源,TPEx,15.3,15.45,15.1,15.1,369000,5618450,TPEX_OTC_QUOTES_NO1430_JSON
20241209,8423,保綠-KY,TPEx,20.6,20.65,20.6,20.65,5000,103150,TPEX_OTC_QUOTES_NO1430_JSON
20241209,8424,惠普,TPEx,68.3,68.3,68.3,68.3,11000,751300,TPEX_OTC_QUOTES_NO1430_JSON
20241209,8426,紅木-KY,TPEx,46.0,46.0,45.0,45.0,33000,1498750,TPEX_OTC_QUOTES_NO1430_JSON
20241209,8431,匯鑽科,TPEx,61.2,61.8,60.3,61.5,103000,6295400,TPEX_OTC_QUOTES_NO1430_JSON
20241209,8432,東生華,TPEx,63.8,63.9,62.8,62.8,124000,7837700,TPEX_OTC_QUOTES_NO1430_JSON
20241209,8433,弘帆,TPEx,86.7,86.7,86.5,86.5,10000,865600,TPEX_OTC_QUOTES_NO1430_JSON
20241209,8435,鉅邁,TPEx,73.2,73.2,72.5,72.8,31000,2261800,TPEX_OTC_QUOTES_NO1430_JSON
20241209,8436,大江,TPEx,124.5,124.5,122.0,122.0,191000,23448000,TPEX_OTC_QUOTES_NO1430_JSON
20241209,8437,大地-KY,TPEx,28.25,28.5,27.95,27.95,71000,1997750,TPEX_OTC_QUOTES_NO1430_JSON
20241209,8440,綠電,TPEx,41.5,41.5,40.45,40.5,89000,3613800,TPEX_OTC_QUOTES_NO1430_JSON
20241209,8444,綠河-KY,TPEx,32.25,32.75,31.85,32.0,30000,964050,TPEX_OTC_QUOTES_NO1430_JSON
20241209,8446,華研,TPEx,124.0,125.0,124.0,124.5,141000,17564000,TPEX_OTC_QUOTES_NO1430_JSON
20241209,8450,霹靂,TPEx,23.5,23.5,23.2,23.3,17000,396400,TPEX_OTC_QUOTES_NO1430_JSON
20241209,8455,大拓-KY,TPEx,29.8,29.8,29.0,29.0,8000,236000,TPEX_OTC_QUOTES_NO1430_JSON
20241209,8477,創業家,TPEx,12.65,13.2,12.5,12.8,68000,870100,TPEX_OTC_QUOTES_NO1430_JSON
20241209,8489,三貝德,TPEx,31.35,31.9,30.3,31.45,102000,3183450,TPEX_OTC_QUOTES_NO1430_JSON
20241209,8905,裕國,TPEx,29.55,30.2,28.6,29.8,59000,1730200,TPEX_OTC_QUOTES_NO1430_JSON
20241209,8906,花王,TPEx,35.2,35.2,34.7,34.7,20000,697100,TPEX_OTC_QUOTES_NO1430_JSON
20241209,8908,欣雄,TPEx,49.0,49.0,48.3,48.35,25000,1215000,TPEX_OTC_QUOTES_NO1430_JSON
20241209,8916,光隆,TPEx,58.4,58.4,58.0,58.2,41000,2389100,TPEX_OTC_QUOTES_NO1430_JSON
20241209,8917,欣泰,TPEx,64.4,64.4,64.0,64.2,8000,513200,TPEX_OTC_QUOTES_NO1430_JSON
20241209,8921,沈氏,TPEx,28.3,28.3,27.5,27.5,3000,83800,TPEX_OTC_QUOTES_NO1430_JSON
20241209,8923,時報,TPEx,19.05,19.05,19.05,19.05,1000,19050,TPEX_OTC_QUOTES_NO1430_JSON
20241209,8924,大田,TPEx,80.0,80.0,79.5,79.5,90000,7173000,TPEX_OTC_QUOTES_NO1430_JSON
20241209,8927,北基,TPEx,54.3,56.1,54.1,55.8,2100000,115575000,TPEX_OTC_QUOTES_NO1430_JSON
20241209,8928,鉅明,TPEx,33.45,34.1,33.45,33.85,114000,3856550,TPEX_OTC_QUOTES_NO1430_JSON
20241209,8929,富堡,TPEx,30.25,30.55,28.2,28.25,1696000,49428750,TPEX_OTC_QUOTES_NO1430_JSON
20241209,8930,青鋼,TPEx,35.75,35.75,35.2,35.35,200000,7099450,TPEX_OTC_QUOTES_NO1430_JSON
20241209,8931,大汽電,TPEx,49.45,49.5,49.25,49.45,54000,2669100,TPEX_OTC_QUOTES_NO1430_JSON
20241209,8932,智通*,TPEx,90.9,94.7,90.1,93.6,1264000,117769000,TPEX_OTC_QUOTES_NO1430_JSON
20241209,8933,愛地雅,TPEx,8.55,8.55,8.5,8.5,87000,740210,TPEX_OTC_QUOTES_NO1430_JSON
20241209,8935,邦泰,TPEx,22.5,22.65,22.15,22.3,116000,2593600,TPEX_OTC_QUOTES_NO1430_JSON
20241209,8936,國統,TPEx,54.5,55.0,53.8,54.6,1568000,85349900,TPEX_OTC_QUOTES_NO1430_JSON
20241209,8937,合騏*,TPEx,131.5,134.0,120.5,120.5,1490000,186212000,TPEX_OTC_QUOTES_NO1430_JSON
20241209,8938,明安,TPEx,75.8,75.8,74.6,74.6,149000,11166400,TPEX_OTC_QUOTES_NO1430_JSON
20241209,8942,森鉅,TPEx,57.6,57.8,57.4,57.4,695000,40000900,TPEX_OTC_QUOTES_NO1430_JSON
20241209,9949,琉園,TPEx,25.35,25.5,25.2,25.45,29000,734200,TPEX_OTC_QUOTES_NO1430_JSON
20241209,9950,萬國通,TPEx,12.95,12.95,12.7,12.75,57000,730750,TPEX_OTC_QUOTES_NO1430_JSON
20241209,9951,皇田,TPEx,58.5,58.9,57.3,57.6,245000,14157700,TPEX_OTC_QUOTES_NO1430_JSON
20241209,9960,邁達康,TPEx,26.4,26.4,26.4,26.4,15000,396000,TPEX_OTC_QUOTES_NO1430_JSON
20241209,9962,有益,TPEx,15.5,15.5,15.3,15.4,47000,724550,TPEX_OTC_QUOTES_NO1430_JSON
20241209,0050,元大台灣50,TWSE,196.15,196.25,195.7,196.0,4897438,959977330,TWSE_RWD_JSON_MI_INDEX
20241209,0051,元大中型100,TWSE,78.95,79.15,78.3,78.6,93039,7313790,TWSE_RWD_JSON_MI_INDEX
20241209,0052,富邦科技,TWSE,192.6,193.3,192.3,193.3,618334,119224067,TWSE_RWD_JSON_MI_INDEX
20241209,0053,元大電子,TWSE,103.4,103.85,103.3,103.6,10846,1122255,TWSE_RWD_JSON_MI_INDEX
20241209,0055,元大MSCI金融,TWSE,28.58,28.7,28.58,28.61,114948,3294633,TWSE_RWD_JSON_MI_INDEX
20241209,0056,元大高股息,TWSE,37.35,37.35,37.2,37.3,34591437,1288760837,TWSE_RWD_JSON_MI_INDEX
20241209,0057,富邦摩台,TWSE,144.6,144.6,144.0,144.15,21116,3042900,TWSE_RWD_JSON_MI_INDEX
20241209,0061,元大寶滬深,TWSE,19.53,19.65,19.45,19.49,528495,10343584,TWSE_RWD_JSON_MI_INDEX
20241209,006203,元大MSCI台灣,TWSE,92.0,92.45,92.0,92.45,6104,562524,TWSE_RWD_JSON_MI_INDEX
20241209,006204,永豐臺灣加權,TWSE,116.0,116.25,115.95,116.25,5438,631122,TWSE_RWD_JSON_MI_INDEX
20241209,006205,富邦上証,TWSE,33.35,33.56,33.15,33.26,1145510,38187935,TWSE_RWD_JSON_MI_INDEX
20241209,006206,元大上證50,TWSE,31.36,31.58,31.22,31.34,227477,7139710,TWSE_RWD_JSON_MI_INDEX
20241209,006207,復華滬深,TWSE,25.33,25.52,25.2,25.3,114027,2900733,TWSE_RWD_JSON_MI_INDEX
20241209,006208,富邦台50,TWSE,113.8,113.95,113.5,113.6,6244884,710175048,TWSE_RWD_JSON_MI_INDEX
20241209,00636,國泰中國A50,TWSE,23.02,23.19,22.91,23.03,1189120,27371353,TWSE_RWD_JSON_MI_INDEX
20241209,00639,富邦深100,TWSE,12.28,12.33,12.16,12.22,2297492,28166077,TWSE_RWD_JSON_MI_INDEX
20241209,00643,群益深証中小,TWSE,13.26,13.35,13.19,13.21,5244745,69436000,TWSE_RWD_JSON_MI_INDEX
20241209,00645,富邦日本,TWSE,37.67,37.83,37.65,37.65,349676,13200246,TWSE_RWD_JSON_MI_INDEX
20241209,00646,元大S&P500,TWSE,61.6,61.9,61.6,61.85,1890144,116840869,TWSE_RWD_JSON_MI_INDEX
20241209,00652,富邦印度,TWSE,39.15,39.15,38.98,39.06,250988,9804631,TWSE_RWD_JSON_MI_INDEX
20241209,00657,國泰日經225,TWSE,45.95,46.12,45.88,45.88,21907,1007177,TWSE_RWD_JSON_MI_INDEX
20241209,00660,元大歐洲50,TWSE,35.7,35.82,35.67,35.82,28474,1018204,TWSE_RWD_JSON_MI_INDEX
20241209,00661,元大日經225,TWSE,50.0,50.3,50.0,50.05,156395,7838341,TWSE_RWD_JSON_MI_INDEX
20241209,00662,富邦NASDAQ,TWSE,90.3,90.5,90.05,90.45,7564103,684106801,TWSE_RWD_JSON_MI_INDEX
20241209,00668,國泰美國道瓊,TWSE,52.7,52.75,52.55,52.7,79421,4185418,TWSE_RWD_JSON_MI_INDEX
20241209,00678,群益那斯達克生技,TWSE,29.58,29.7,29.58,29.7,276295,8202944,TWSE_RWD_JSON_MI_INDEX
20241209,00690,兆豐藍籌30,TWSE,34.58,34.65,34.54,34.6,566793,19603500,TWSE_RWD_JSON_MI_INDEX
20241209,00692,富邦公司治理,TWSE,44.94,45.05,44.91,44.98,1904601,85676977,TWSE_RWD_JSON_MI_INDEX
20241209,00700,富邦恒生國企,TWSE,14.72,14.88,14.67,14.71,93559,1379127,TWSE_RWD_JSON_MI_INDEX
20241209,00701,國泰股利精選30,TWSE,29.62,29.64,29.58,29.59,429892,12733127,TWSE_RWD_JSON_MI_INDEX
20241209,00702,國泰標普低波高息,TWSE,26.02,26.04,26.02,26.04,28957,753827,TWSE_RWD_JSON_MI_INDEX
20241209,00703,台新MSCI中國,TWSE,16.92,17.2,16.92,17.1,222764,3790007,TWSE_RWD_JSON_MI_INDEX
20241209,00709,富邦歐洲,TWSE,29.57,29.57,29.52,29.57,11245,331907,TWSE_RWD_JSON_MI_INDEX
20241209,00712,復華富時不動產,TWSE,9.74,9.81,9.74,9.8,15453836,151332309,TWSE_RWD_JSON_MI_INDEX
20241209,00713,元大台灣高息低波,TWSE,56.05,56.1,55.85,55.9,12954461,724722851,TWSE_RWD_JSON_MI_INDEX
20241209,00714,群益道瓊美國地產,TWSE,22.17,22.18,22.13,22.18,149822,3320700,TWSE_RWD_JSON_MI_INDEX
20241209,00717,富邦美國特別股,TWSE,16.35,16.39,16.34,16.37,99506,1628708,TWSE_RWD_JSON_MI_INDEX
20241209,00728,第一金工業30,TWSE,32.83,32.93,32.72,32.73,198247,6500505,TWSE_RWD_JSON_MI_INDEX
20241209,00730,富邦臺灣優質高息,TWSE,22.61,22.61,22.48,22.53,146649,3305236,TWSE_RWD_JSON_MI_INDEX
20241209,00731,復華富時高息低波,TWSE,68.95,68.95,68.6,68.7,864542,59430621,TWSE_RWD_JSON_MI_INDEX
20241209,00733,富邦臺灣中小,TWSE,54.55,54.8,53.7,53.9,1027208,55486980,TWSE_RWD_JSON_MI_INDEX
20241209,00735,國泰臺韓科技,TWSE,32.96,32.96,32.76,32.81,138737,4551856,TWSE_RWD_JSON_MI_INDEX
20241209,00736,國泰新興市場,TWSE,23.92,23.92,23.8,23.8,103777,2481767,TWSE_RWD_JSON_MI_INDEX
20241209,00737,國泰AI機器人,TWSE,34.08,34.41,34.08,34.41,168962,5794936,TWSE_RWD_JSON_MI_INDEX
20241209,00739,元大MSCI A股,TWSE,22.91,23.03,22.83,22.83,19370,444082,TWSE_RWD_JSON_MI_INDEX
20241209,00752,中信中國50,TWSE,20.62,20.85,20.54,20.69,2890585,59793167,TWSE_RWD_JSON_MI_INDEX
20241209,00757,統一FANG+,TWSE,102.25,102.6,102.05,102.5,7935903,813033440,TWSE_RWD_JSON_MI_INDEX
20241209,00762,元大全球AI,TWSE,73.0,73.7,73.0,73.65,403944,29701139,TWSE_RWD_JSON_MI_INDEX
20241209,00770,國泰北美科技,TWSE,52.1,52.55,52.1,52.5,1374850,72136299,TWSE_RWD_JSON_MI_INDEX
20241209,00771,元大US高息特別股,TWSE,17.94,17.96,17.91,17.96,20726,371364,TWSE_RWD_JSON_MI_INDEX
20241209,00783,富邦中証500,TWSE,20.49,20.58,20.28,20.31,120008,2451133,TWSE_RWD_JSON_MI_INDEX
20241209,00830,國泰費城半導體,TWSE,46.03,46.22,46.03,46.2,5066219,233961199,TWSE_RWD_JSON_MI_INDEX
20241209,00850,元大臺灣ESG永續,TWSE,45.85,45.92,45.71,45.85,921936,42237329,TWSE_RWD_JSON_MI_INDEX
20241209,00851,台新全球AI,TWSE,52.25,52.9,52.25,52.8,40548,2139420,TWSE_RWD_JSON_MI_INDEX
20241209,00861,元大全球未來通訊,TWSE,43.18,43.54,43.18,43.48,665547,28925984,TWSE_RWD_JSON_MI_INDEX
20241209,00875,國泰網路資安,TWSE,38.0,38.34,38.0,38.34,66115,2533475,TWSE_RWD_JSON_MI_INDEX
20241209,00876,元大全球5G,TWSE,38.12,38.2,37.65,37.77,57020,2164773,TWSE_RWD_JSON_MI_INDEX
20241209,00878,國泰永續高股息,TWSE,22.36,22.41,22.32,22.35,43476852,972220965,TWSE_RWD_JSON_MI_INDEX
20241209,00881,國泰台灣科技龍頭,TWSE,24.76,24.83,24.68,24.69,5608682,138712661,TWSE_RWD_JSON_MI_INDEX
20241209,00882,中信中國高股息,TWSE,12.69,12.84,12.69,12.73,11212720,142963977,TWSE_RWD_JSON_MI_INDEX
20241209,00885,富邦越南,TWSE,11.83,11.83,11.79,11.82,5525444,65274472,TWSE_RWD_JSON_MI_INDEX
20241209,00891,中信關鍵半導體,TWSE,17.75,17.82,17.68,17.76,1981706,35166428,TWSE_RWD_JSON_MI_INDEX
20241209,00892,富邦台灣半導體,TWSE,17.47,17.54,17.38,17.42,1813764,31626915,TWSE_RWD_JSON_MI_INDEX
20241209,00893,國泰智能電動車,TWSE,25.5,25.78,25.5,25.73,6277912,161546585,TWSE_RWD_JSON_MI_INDEX
20241209,00894,中信小資高價30,TWSE,21.1,21.11,21.01,21.04,496181,10453452,TWSE_RWD_JSON_MI_INDEX
20241209,00895,富邦未來車,TWSE,32.12,32.23,32.12,32.22,1411927,45462921,TWSE_RWD_JSON_MI_INDEX
20241209,00896,中信綠能及電動車,TWSE,18.0,18.0,17.89,17.92,1128932,20255500,TWSE_RWD_JSON_MI_INDEX
20241209,00897,富邦基因免疫生技,TWSE,8.32,8.37,8.32,8.36,492775,4120815,TWSE_RWD_JSON_MI_INDEX
20241209,00898,國泰基因免疫革命,TWSE,7.42,7.46,7.42,7.44,1007400,7500231,TWSE_RWD_JSON_MI_INDEX
20241209,00899,FT潔淨能源,TWSE,14.38,14.38,14.29,14.29,195373,2796274,TWSE_RWD_JSON_MI_INDEX
20241209,00900,富邦特選高股息30,TWSE,14.35,14.35,14.27,14.28,6104045,87197949,TWSE_RWD_JSON_MI_INDEX
20241209,00901,永豐智能車供應鏈,TWSE,20.54,20.62,20.52,20.55,369259,7592190,TWSE_RWD_JSON_MI_INDEX
20241209,00902,中信電池及儲能,TWSE,10.23,10.25,10.17,10.17,1026204,10478847,TWSE_RWD_JSON_MI_INDEX
20241209,00903,富邦元宇宙,TWSE,15.87,15.98,15.87,15.96,2008348,31989029,TWSE_RWD_JSON_MI_INDEX
20241209,00904,新光臺灣半導體30,TWSE,18.08,18.08,17.98,18.03,845657,15242261,TWSE_RWD_JSON_MI_INDEX
20241209,00905,FT臺灣Smart,TWSE,13.82,13.88,13.82,13.84,3278341,45412262,TWSE_RWD_JSON_MI_INDEX
20241209,00907,永豐優息存股,TWSE,16.11,16.29,16.11,16.23,6336239,102953105,TWSE_RWD_JSON_MI_INDEX
20241209,00908,富邦入息REITs+,TWSE,12.7,12.74,12.7,12.7,393784,5006335,TWSE_RWD_JSON_MI_INDEX
20241209,00909,國泰數位支付服務,TWSE,36.5,36.57,36.2,36.31,14144499,515138692,TWSE_RWD_JSON_MI_INDEX
20241209,00910,第一金太空衛星,TWSE,28.3,28.77,28.3,28.67,724459,20726364,TWSE_RWD_JSON_MI_INDEX
20241209,00911,兆豐洲際半導體,TWSE,25.8,26.15,25.8,25.96,753285,19561774,TWSE_RWD_JSON_MI_INDEX
20241209,00912,中信臺灣智慧50,TWSE,19.38,19.5,19.38,19.41,1017891,19791808,TWSE_RWD_JSON_MI_INDEX
20241209,00913,兆豐台灣晶圓製造,TWSE,20.66,20.7,20.6,20.63,257029,5303770,TWSE_RWD_JSON_MI_INDEX
20241209,00915,凱基優選高股息30,TWSE,26.11,26.12,25.96,25.98,30658416,797167886,TWSE_RWD_JSON_MI_INDEX
20241209,00916,國泰全球品牌50,TWSE,25.67,25.97,25.67,25.9,817897,21176745,TWSE_RWD_JSON_MI_INDEX
20241209,00917,中信特選金融,TWSE,24.1,24.1,24.08,24.09,753539,18164275,TWSE_RWD_JSON_MI_INDEX
20241209,00918,大華優利高填息30,TWSE,24.65,24.72,24.58,24.65,45385316,1118958195,TWSE_RWD_JSON_MI_INDEX
20241209,00919,群益台灣精選高息,TWSE,23.81,23.99,23.78,23.95,68442073,1637951985,TWSE_RWD_JSON_MI_INDEX
20241209,00920,富邦ESG綠色電力,TWSE,13.4,13.4,13.4,13.4,68736,921566,TWSE_RWD_JSON_MI_INDEX
20241209,00921,兆豐龍頭等權重,TWSE,18.14,18.17,18.11,18.16,1141019,20701386,TWSE_RWD_JSON_MI_INDEX
20241209,00922,國泰台灣領袖50,TWSE,21.66,21.76,21.66,21.72,8421445,182901003,TWSE_RWD_JSON_MI_INDEX
20241209,00923,群益台ESG低碳50,TWSE,21.81,21.85,21.75,21.77,2327740,50732835,TWSE_RWD_JSON_MI_INDEX
20241209,00924,復華S&P500成長,TWSE,25.51,25.56,25.45,25.53,3746934,95676604,TWSE_RWD_JSON_MI_INDEX
20241209,00925,新光標普電動車,TWSE,18.15,18.41,18.15,18.38,457425,8398369,TWSE_RWD_JSON_MI_INDEX
20241209,00926,凱基全球菁英55,TWSE,24.09,24.2,24.02,24.17,5305332,128022949,TWSE_RWD_JSON_MI_INDEX
20241209,00927,群益半導體收益,TWSE,18.19,18.21,18.1,18.12,4598293,83396938,TWSE_RWD_JSON_MI_INDEX
20241209,00929,復華台灣科技優息,TWSE,18.03,18.04,17.94,17.99,110778400,1991954590,TWSE_RWD_JSON_MI_INDEX
20241209,00930,永豐ESG低碳高息,TWSE,18.29,18.31,18.23,18.25,4594237,83842268,TWSE_RWD_JSON_MI_INDEX
20241209,00932,兆豐永續高息等權,TWSE,15.83,15.83,15.68,15.72,3688841,57984615,TWSE_RWD_JSON_MI_INDEX
20241209,00934,中信成長高股息,TWSE,18.29,18.34,18.22,18.27,14860296,271531012,TWSE_RWD_JSON_MI_INDEX
20241209,00935,野村臺灣新科技50,TWSE,22.37,22.48,22.34,22.37,1286678,28802675,TWSE_RWD_JSON_MI_INDEX
20241209,00936,台新永續高息中小,TWSE,15.74,15.85,15.73,15.81,6443896,101852815,TWSE_RWD_JSON_MI_INDEX
20241209,00938,凱基優選30,TWSE,14.63,14.69,14.61,14.63,3260192,47765841,TWSE_RWD_JSON_MI_INDEX
20241209,00939,統一台灣高息動能,TWSE,14.51,14.55,14.51,14.54,13953957,202792576,TWSE_RWD_JSON_MI_INDEX
20241209,00940,元大台灣價值高息,TWSE,9.51,9.57,9.51,9.56,70691048,675427014,TWSE_RWD_JSON_MI_INDEX
20241209,00941,中信上游半導體,TWSE,13.75,13.81,13.75,13.79,2985409,41183342,TWSE_RWD_JSON_MI_INDEX
20241209,00943,兆豐電子高息等權,TWSE,15.07,15.08,14.93,14.99,9821201,147226671,TWSE_RWD_JSON_MI_INDEX
20241209,00944,野村趨勢動能高息,TWSE,14.74,14.8,14.73,14.76,945019,13951133,TWSE_RWD_JSON_MI_INDEX
20241209,00946,群益科技高息成長,TWSE,9.15,9.15,9.1,9.11,7732960,70513486,TWSE_RWD_JSON_MI_INDEX
20241209,00947,台新臺灣IC設計,TWSE,14.01,14.08,13.93,14.05,1299955,18248342,TWSE_RWD_JSON_MI_INDEX
20241209,00949,復華日本龍頭,TWSE,15.45,15.55,15.45,15.5,3231468,50174258,TWSE_RWD_JSON_MI_INDEX
20241209,00951,台新日本半導體,TWSE,8.2,8.2,8.14,8.14,4686924,38250624,TWSE_RWD_JSON_MI_INDEX
20241209,00952,凱基台灣AI50,TWSE,10.13,10.16,10.06,10.08,3861369,39045608,TWSE_RWD_JSON_MI_INDEX
20241209,00954,中信日本半導體,TWSE,8.64,8.64,8.57,8.58,1546106,13274421,TWSE_RWD_JSON_MI_INDEX
20241209,00956,中信日經高股息,TWSE,9.88,9.94,9.88,9.92,791973,7858016,TWSE_RWD_JSON_MI_INDEX
20241209,00960,野村全球航運龍頭,TWSE,14.6,14.75,14.52,14.7,3583187,52643788,TWSE_RWD_JSON_MI_INDEX
20241209,00961,FT臺灣永續高息,TWSE,9.5,9.51,9.49,9.5,558613,5306021,TWSE_RWD_JSON_MI_INDEX
20241209,00962,台新AI優息動能,TWSE,10.01,10.02,9.94,9.95,7136468,71216966,TWSE_RWD_JSON_MI_INDEX
20241209,00963,中信全球高股息,TWSE,10.12,10.15,10.11,10.14,1989834,20161198,TWSE_RWD_JSON_MI_INDEX
20241209,00964,中信亞太高股息,TWSE,10.05,10.06,10.01,10.03,3564279,35746758,TWSE_RWD_JSON_MI_INDEX
20241209,00965,元大航太防衛科技,TWSE,14.74,14.74,14.66,14.67,14140163,207713211,TWSE_RWD_JSON_MI_INDEX
20241209,020011,統一微波高息20N,TWSE,10.47,10.47,10.47,10.47,1000,10470,TWSE_RWD_JSON_MI_INDEX
20241209,020020,元大台股領航N,TWSE,12.31,12.35,12.3,12.3,204000,2512160,TWSE_RWD_JSON_MI_INDEX
20241209,020028,元大特選電動車N,TWSE,9.51,9.51,9.5,9.5,26000,247240,TWSE_RWD_JSON_MI_INDEX
20241209,020029,元大ESG高股息N,TWSE,9.18,9.24,9.18,9.24,55000,507170,TWSE_RWD_JSON_MI_INDEX
20241209,020030,統一智慧電動車N,TWSE,6.42,6.42,6.39,6.39,4000,25620,TWSE_RWD_JSON_MI_INDEX
20241209,020031,統一IC設計臺灣N,TWSE,5.89,5.89,5.8,5.85,40000,233520,TWSE_RWD_JSON_MI_INDEX
20241209,020034,元大IC設計N,TWSE,7.8,7.8,7.72,7.76,30000,233150,TWSE_RWD_JSON_MI_INDEX
20241209,020038,元大ESG配息N,TWSE,7.63,7.63,7.63,7.63,18000,137340,TWSE_RWD_JSON_MI_INDEX
20241209,020039,元大加權N,TWSE,7.12,7.12,7.12,7.12,27000,192240,TWSE_RWD_JSON_MI_INDEX
20241209,1101,台泥,TWSE,33.8,33.85,33.55,33.55,6516645,219571178,TWSE_RWD_JSON_MI_INDEX
20241209,1102,亞泥,TWSE,42.5,42.5,41.9,42.5,5840339,246328609,TWSE_RWD_JSON_MI_INDEX
20241209,1103,嘉泥,TWSE,17.9,17.95,17.8,17.95,118231,2116014,TWSE_RWD_JSON_MI_INDEX
20241209,1104,環泥,TWSE,29.3,29.45,29.2,29.3,156596,4590276,TWSE_RWD_JSON_MI_INDEX
20241209,1108,幸福,TWSE,14.5,14.6,14.5,14.6,353209,5137676,TWSE_RWD_JSON_MI_INDEX
20241209,1109,信大,TWSE,18.5,18.55,18.45,18.45,148253,2743948,TWSE_RWD_JSON_MI_INDEX
20241209,1110,東泥,TWSE,21.0,21.3,20.9,21.05,256288,5413342,TWSE_RWD_JSON_MI_INDEX
20241209,1201,味全,TWSE,18.3,18.3,18.2,18.3,123591,2257189,TWSE_RWD_JSON_MI_INDEX
20241209,1203,味王,TWSE,42.05,42.05,41.05,41.35,50412,2088335,TWSE_RWD_JSON_MI_INDEX
20241209,1210,大成,TWSE,53.8,53.8,53.2,53.7,582081,31171527,TWSE_RWD_JSON_MI_INDEX
20241209,1213,大飲,TWSE,12.1,12.1,11.9,11.95,49203,586803,TWSE_RWD_JSON_MI_INDEX
20241209,1215,卜蜂,TWSE,100.0,100.5,99.5,100.5,174776,17521172,TWSE_RWD_JSON_MI_INDEX
20241209,1216,統一,TWSE,85.8,86.0,84.6,84.6,7224109,613287565,TWSE_RWD_JSON_MI_INDEX
20241209,1217,愛之味,TWSE,11.85,11.95,11.85,11.9,583900,6938697,TWSE_RWD_JSON_MI_INDEX
20241209,1218,泰山,TWSE,21.0,21.1,20.9,21.0,511195,10730432,TWSE_RWD_JSON_MI_INDEX
20241209,1219,福壽,TWSE,16.6,16.65,16.5,16.65,138306,2296925,TWSE_RWD_JSON_MI_INDEX
20241209,1220,台榮,TWSE,16.75,17.0,16.65,16.75,394330,6606866,TWSE_RWD_JSON_MI_INDEX
20241209,1225,福懋油,TWSE,78.0,78.0,76.5,76.7,149931,11510021,TWSE_RWD_JSON_MI_INDEX
20241209,1227,佳格,TWSE,37.8,37.8,37.6,37.65,209308,7883664,TWSE_RWD_JSON_MI_INDEX
20241209,1229,聯華,TWSE,58.3,58.5,57.9,57.9,553317,32167997,TWSE_RWD_JSON_MI_INDEX
20241209,1231,聯華食,TWSE,129.0,130.5,128.0,128.5,285411,36858090,TWSE_RWD_JSON_MI_INDEX
20241209,1232,大統益,TWSE,146.5,146.5,145.0,145.0,75434,10962325,TWSE_RWD_JSON_MI_INDEX
20241209,1233,天仁,TWSE,31.05,31.2,30.9,31.2,14309,443598,TWSE_RWD_JSON_MI_INDEX
20241209,1234,黑松,TWSE,41.6,41.9,41.55,41.6,22568,939580,TWSE_RWD_JSON_MI_INDEX
20241209,1235,興泰,TWSE,111.5,123.0,111.5,116.5,14865,1744009,TWSE_RWD_JSON_MI_INDEX
20241209,1236,宏亞,TWSE,22.85,23.2,22.85,23.15,8511,196757,TWSE_RWD_JSON_MI_INDEX
20241209,1256,鮮活果汁-KY,TWSE,134.5,136.0,133.0,136.0,15292,2051372,TWSE_RWD_JSON_MI_INDEX
20241209,1301,台塑,TWSE,40.8,41.3,39.8,40.2,22220951,899028494,TWSE_RWD_JSON_MI_INDEX
20241209,1303,南亞,TWSE,37.8,38.0,36.7,36.9,14726270,546827213,TWSE_RWD_JSON_MI_INDEX
20241209,1304,台聚,TWSE,12.45,12.45,12.05,12.25,2337362,28569876,TWSE_RWD_JSON_MI_INDEX
20241209,1305,華夏,TWSE,13.45,13.65,13.3,13.5,890845,11975096,TWSE_RWD_JSON_MI_INDEX
20241209,1307,三芳,TWSE,39.4,39.4,38.65,38.75,891809,34666278,TWSE_RWD_JSON_MI_INDEX
20241209,1308,亞聚,TWSE,15.7,15.85,15.4,15.6,1096888,17142377,TWSE_RWD_JSON_MI_INDEX
20241209,1309,台達化,TWSE,15.8,16.35,15.55,16.2,1861071,29715815,TWSE_RWD_JSON_MI_INDEX
20241209,1310,台苯,TWSE,11.05,11.1,10.8,10.95,948665,10371901,TWSE_RWD_JSON_MI_INDEX
20241209,1312,國喬,TWSE,11.3,11.35,11.05,11.2,3320176,37105944,TWSE_RWD_JSON_MI_INDEX
20241209,1313,聯成,TWSE,10.65,10.65,10.35,10.45,1860443,19498620,TWSE_RWD_JSON_MI_INDEX
20241209,1314,中石化,TWSE,8.1,8.16,8.03,8.06,6427262,51965533,TWSE_RWD_JSON_MI_INDEX
20241209,1315,達新,TWSE,70.7,70.7,70.7,70.7,3455,241054,TWSE_RWD_JSON_MI_INDEX
20241209,1316,上曜,TWSE,14.85,14.9,14.6,14.6,1114941,16379045,TWSE_RWD_JSON_MI_INDEX
20241209,1319,東陽,TWSE,115.5,116.5,113.5,113.5,2299310,263302167,TWSE_RWD_JSON_MI_INDEX
20241209,1321,大洋,TWSE,34.1,34.1,33.6,33.6,209769,7075171,TWSE_RWD_JSON_MI_INDEX
20241209,1323,永裕,TWSE,25.7,25.7,25.3,25.45,181049,4606683,TWSE_RWD_JSON_MI_INDEX
20241209,1324,地球,TWSE,12.55,12.65,12.5,12.6,21341,268257,TWSE_RWD_JSON_MI_INDEX
20241209,1325,恆大,TWSE,28.25,28.25,27.7,28.1,309720,8659427,TWSE_RWD_JSON_MI_INDEX
20241209,1326,台化,TWSE,33.65,33.95,32.7,33.15,14809529,492243869,TWSE_RWD_JSON_MI_INDEX
20241209,1337,再生-KY,TWSE,7.03,7.04,6.97,6.98,148727,1041683,TWSE_RWD_JSON_MI_INDEX
20241209,1338,廣華-KY,TWSE,29.15,29.45,28.8,29.05,207098,6005364,TWSE_RWD_JSON_MI_INDEX
20241209,1339,昭輝,TWSE,56.4,56.5,56.0,56.0,39828,2242226,TWSE_RWD_JSON_MI_INDEX
20241209,1340,勝悅-KY,TWSE,9.86,9.87,9.73,9.78,81555,797954,TWSE_RWD_JSON_MI_INDEX
20241209,1341,富林-KY,TWSE,67.0,67.0,66.9,66.9,2025,135568,TWSE_RWD_JSON_MI_INDEX
20241209,1342,八貫,TWSE,107.5,108.0,105.5,107.0,601360,64305725,TWSE_RWD_JSON_MI_INDEX
20241209,1402,遠東新,TWSE,33.45,34.1,33.05,33.05,15325819,511207056,TWSE_RWD_JSON_MI_INDEX
20241209,1409,新纖,TWSE,15.9,15.95,15.8,15.85,1087015,17212752,TWSE_RWD_JSON_MI_INDEX
20241209,1410,南染,TWSE,36.7,37.2,36.65,36.95,10064,371244,TWSE_RWD_JSON_MI_INDEX
20241209,1413,宏洲,TWSE,10.8,10.9,10.8,10.8,143820,1556518,TWSE_RWD_JSON_MI_INDEX
20241209,1414,東和,TWSE,23.85,23.95,23.45,23.6,377352,8911786,TWSE_RWD_JSON_MI_INDEX
20241209,1416,廣豐,TWSE,13.3,13.5,13.2,13.35,576156,7701992,TWSE_RWD_JSON_MI_INDEX
20241209,1417,嘉裕,TWSE,10.05,10.05,9.95,9.98,39575,395205,TWSE_RWD_JSON_MI_INDEX
20241209,1418,東華,TWSE,29.8,29.95,29.0,29.0,53187,1571343,TWSE_RWD_JSON_MI_INDEX
20241209,1419,新紡,TWSE,46.2,46.7,46.05,46.05,3300,152932,TWSE_RWD_JSON_MI_INDEX
20241209,1423,利華,TWSE,37.0,37.15,36.7,37.0,26575,979176,TWSE_RWD_JSON_MI_INDEX
20241209,1432,大魯閣,TWSE,19.65,20.25,19.6,19.95,585455,11693201,TWSE_RWD_JSON_MI_INDEX
20241209,1434,福懋,TWSE,20.15,20.15,19.85,19.9,801592,15981913,TWSE_RWD_JSON_MI_INDEX
20241209,1436,華友聯,TWSE,125.5,125.5,122.5,123.0,274411,33917896,TWSE_RWD_JSON_MI_INDEX
20241209,1437,勤益控,TWSE,34.35,34.55,34.35,34.45,31033,1069600,TWSE_RWD_JSON_MI_INDEX
20241209,1438,三地開發,TWSE,59.9,60.8,59.9,60.3,160883,9689206,TWSE_RWD_JSON_MI_INDEX
20241209,1439,雋揚,TWSE,31.5,31.9,31.5,31.55,19030,600498,TWSE_RWD_JSON_MI_INDEX
20241209,1440,南紡,TWSE,15.35,15.45,15.25,15.45,335110,5147850,TWSE_RWD_JSON_MI_INDEX
20241209,1441,大東,TWSE,14.6,14.6,13.85,14.15,129276,1813693,TWSE_RWD_JSON_MI_INDEX
20241209,1442,名軒,TWSE,82.7,83.4,81.7,83.4,2248500,185696562,TWSE_RWD_JSON_MI_INDEX
20241209,1443,立益物流,TWSE,32.5,32.85,32.5,32.6,12031,391941,TWSE_RWD_JSON_MI_INDEX
20241209,1444,力麗,TWSE,9.2,9.56,9.19,9.47,4124475,38866046,TWSE_RWD_JSON_MI_INDEX
20241209,1445,大宇,TWSE,16.9,16.9,16.75,16.75,91447,1538753,TWSE_RWD_JSON_MI_INDEX
20241209,1446,宏和,TWSE,58.8,58.8,56.4,57.7,1800691,103521096,TWSE_RWD_JSON_MI_INDEX
20241209,1447,力鵬,TWSE,7.71,7.92,7.71,7.82,2660022,20875807,TWSE_RWD_JSON_MI_INDEX
20241209,1449,佳和,TWSE,28.05,29.15,27.2,29.15,22879558,655507574,TWSE_RWD_JSON_MI_INDEX
20241209,1451,年興,TWSE,21.0,21.05,20.85,20.85,193980,4060654,TWSE_RWD_JSON_MI_INDEX
20241209,1452,宏益,TWSE,16.1,16.1,16.05,16.05,23345,375519,TWSE_RWD_JSON_MI_INDEX
20241209,1453,大將,TWSE,16.3,16.3,15.65,15.9,135375,2165101,TWSE_RWD_JSON_MI_INDEX
20241209,1454,台富,TWSE,16.2,16.2,15.95,15.95,48898,783629,TWSE_RWD_JSON_MI_INDEX
20241209,1455,集盛,TWSE,10.0,10.0,9.93,9.97,404585,4032901,TWSE_RWD_JSON_MI_INDEX
20241209,1456,怡華,TWSE,16.6,16.8,16.6,16.75,43141,720011,TWSE_RWD_JSON_MI_INDEX
20241209,1457,宜進,TWSE,19.95,19.95,19.85,19.95,115840,2307040,TWSE_RWD_JSON_MI_INDEX
20241209,1459,聯發,TWSE,9.9,9.9,9.76,9.87,93405,917842,TWSE_RWD_JSON_MI_INDEX
20241209,1460,宏遠,TWSE,7.15,7.16,7.05,7.08,578560,4100671,TWSE_RWD_JSON_MI_INDEX
20241209,1463,強盛新,TWSE,25.1,25.25,24.9,24.95,138971,3471338,TWSE_RWD_JSON_MI_INDEX
20241209,1464,得力,TWSE,18.2,18.45,17.2,17.2,11885835,212917256,TWSE_RWD_JSON_MI_INDEX
20241209,1465,偉全,TWSE,15.0,15.05,14.7,14.95,49020,729267,TWSE_RWD_JSON_MI_INDEX
20241209,1466,聚隆,TWSE,13.8,13.95,13.7,13.75,235224,3249091,TWSE_RWD_JSON_MI_INDEX
20241209,1467,南緯,TWSE,10.85,10.85,10.65,10.7,214464,2293369,TWSE_RWD_JSON_MI_INDEX
20241209,1468,昶和,TWSE,14.45,14.6,14.4,14.55,39001,564564,TWSE_RWD_JSON_MI_INDEX
20241209,1470,大統新創,TWSE,21.0,21.0,21.0,21.0,6004,126082,TWSE_RWD_JSON_MI_INDEX
20241209,1471,首利,TWSE,15.5,15.5,14.7,14.8,2161666,32198611,TWSE_RWD_JSON_MI_INDEX
20241209,1472,三洋實業,TWSE,65.7,66.6,65.7,66.3,61625,4083861,TWSE_RWD_JSON_MI_INDEX
20241209,1473,台南,TWSE,36.3,36.4,36.0,36.3,139713,5045679,TWSE_RWD_JSON_MI_INDEX
20241209,1474,弘裕,TWSE,13.1,13.15,12.9,12.9,156742,2027578,TWSE_RWD_JSON_MI_INDEX
20241209,1475,業旺,TWSE,58.2,58.4,58.0,58.4,59200,3445280,TWSE_RWD_JSON_MI_INDEX
20241209,1476,儒鴻,TWSE,535.0,535.0,523.0,527.0,325156,171163797,TWSE_RWD_JSON_MI_INDEX
20241209,1477,聚陽,TWSE,308.0,310.0,306.0,306.5,950444,291873883,TWSE_RWD_JSON_MI_INDEX
20241209,1503,士電,TWSE,200.0,202.0,197.0,200.0,468323,93697752,TWSE_RWD_JSON_MI_INDEX
20241209,1504,東元,TWSE,52.5,53.3,52.3,52.8,9056967,478555252,TWSE_RWD_JSON_MI_INDEX
20241209,1506,正道,TWSE,13.45,13.45,13.0,13.4,106200,1394578,TWSE_RWD_JSON_MI_INDEX
20241209,1512,瑞利,TWSE,6.9,7.0,6.73,7.0,22487,153406,TWSE_RWD_JSON_MI_INDEX
20241209,1513,中興電,TWSE,159.5,160.5,157.5,159.5,3853716,613887087,TWSE_RWD_JSON_MI_INDEX
20241209,1514,亞力,TWSE,110.5,110.5,107.5,109.5,1260830,137296697,TWSE_RWD_JSON_MI_INDEX
20241209,1515,力山,TWSE,31.8,31.8,30.95,31.4,292556,9180042,TWSE_RWD_JSON_MI_INDEX
20241209,1516,川飛,TWSE,17.9,18.0,17.85,17.95,62755,1124481,TWSE_RWD_JSON_MI_INDEX
20241209,1517,利奇,TWSE,14.2,14.2,14.05,14.2,62016,877845,TWSE_RWD_JSON_MI_INDEX
20241209,1519,華城,TWSE,560.0,576.0,554.0,573.0,2902810,1646968242,TWSE_RWD_JSON_MI_INDEX
20241209,1521,大億,TWSE,34.95,34.95,33.9,34.0,62458,2137810,TWSE_RWD_JSON_MI_INDEX
20241209,1522,堤維西,TWSE,64.2,64.2,63.1,63.1,2058092,131032243,TWSE_RWD_JSON_MI_INDEX
20241209,1524,耿鼎,TWSE,39.4,40.0,39.05,39.3,8381897,330943958,TWSE_RWD_JSON_MI_INDEX
20241209,1525,江申,TWSE,64.9,64.9,64.7,64.7,10180,659278,TWSE_RWD_JSON_MI_INDEX
20241209,1526,日馳,TWSE,23.55,23.55,23.45,23.45,60326,1419104,TWSE_RWD_JSON_MI_INDEX
20241209,1527,鑽全,TWSE,44.0,44.15,43.75,43.8,241189,10595028,TWSE_RWD_JSON_MI_INDEX
20241209,1528,恩德,TWSE,16.75,16.8,16.0,16.1,5671274,92029013,TWSE_RWD_JSON_MI_INDEX
20241209,1529,樂事綠能,TWSE,25.1,25.1,24.6,24.6,335774,8294038,TWSE_RWD_JSON_MI_INDEX
20241209,1530,亞崴,TWSE,30.7,30.85,30.5,30.55,31567,969401,TWSE_RWD_JSON_MI_INDEX
20241209,1531,高林股,TWSE,15.65,15.7,15.25,15.55,535955,8292457,TWSE_RWD_JSON_MI_INDEX
20241209,1532,勤美,TWSE,34.3,34.4,33.55,33.55,2659792,90002428,TWSE_RWD_JSON_MI_INDEX
20241209,1533,車王電,TWSE,42.8,43.9,41.6,41.65,75831,3215202,TWSE_RWD_JSON_MI_INDEX
20241209,1535,中宇,TWSE,62.5,63.5,62.5,62.9,109689,6908185,TWSE_RWD_JSON_MI_INDEX
20241209,1536,和大,TWSE,62.0,62.6,61.1,61.1,3044497,187558523,TWSE_RWD_JSON_MI_INDEX
20241209,1537,廣隆,TWSE,159.5,160.5,156.5,158.0,354684,56182622,TWSE_RWD_JSON_MI_INDEX
20241209,1538,正峰,TWSE,17.2,17.7,17.2,17.4,4716,81871,TWSE_RWD_JSON_MI_INDEX
20241209,1539,巨庭,TWSE,23.35,23.55,23.05,23.55,224540,5231053,TWSE_RWD_JSON_MI_INDEX
20241209,1540,喬福,TWSE,37.0,37.3,36.65,36.85,1227538,45295338,TWSE_RWD_JSON_MI_INDEX
20241209,1541,錩泰,TWSE,27.4,27.7,27.4,27.7,10005,276238,TWSE_RWD_JSON_MI_INDEX
20241209,1558,伸興,TWSE,103.0,104.0,103.0,103.0,34562,3567584,TWSE_RWD_JSON_MI_INDEX
20241209,1560,中砂,TWSE,307.0,312.0,300.5,301.0,1219970,370939025,TWSE_RWD_JSON_MI_INDEX
20241209,1563,巧新,TWSE,59.5,59.7,58.9,58.9,284438,16830093,TWSE_RWD_JSON_MI_INDEX
20241209,1568,倉佑,TWSE,28.0,28.0,27.75,27.85,70155,1957125,TWSE_RWD_JSON_MI_INDEX
20241209,1582,信錦,TWSE,93.4,93.4,92.3,92.4,236503,21908468,TWSE_RWD_JSON_MI_INDEX
20241209,1583,程泰,TWSE,60.2,60.2,59.9,59.9,13040,783240,TWSE_RWD_JSON_MI_INDEX
20241209,1587,吉茂,TWSE,38.5,38.55,37.2,37.2,1266449,47529318,TWSE_RWD_JSON_MI_INDEX
20241209,1589,永冠-KY,TWSE,39.15,39.3,38.75,39.25,206928,8076310,TWSE_RWD_JSON_MI_INDEX
20241209,1590,亞德客-KY,TWSE,812.0,828.0,804.0,825.0,648400,532320981,TWSE_RWD_JSON_MI_INDEX
20241209,1597,直得,TWSE,90.0,90.8,88.8,89.1,579391,51845875,TWSE_RWD_JSON_MI_INDEX
20241209,1598,岱宇,TWSE,28.75,28.75,28.4,28.45,63265,1808286,TWSE_RWD_JSON_MI_INDEX
20241209,1603,華電,TWSE,38.05,38.05,37.25,37.7,254692,9600018,TWSE_RWD_JSON_MI_INDEX
20241209,1604,聲寶,TWSE,28.45,28.5,28.3,28.3,217173,6162419,TWSE_RWD_JSON_MI_INDEX
20241209,1605,華新,TWSE,25.7,26.0,25.1,25.9,24388113,627094707,TWSE_RWD_JSON_MI_INDEX
20241209,1608,華榮,TWSE,28.3,28.3,27.75,27.75,1483106,41374488,TWSE_RWD_JSON_MI_INDEX
20241209,1609,大亞,TWSE,45.05,45.05,44.45,44.6,2035237,90827690,TWSE_RWD_JSON_MI_INDEX
20241209,1611,中電,TWSE,17.4,17.4,16.9,16.9,1120231,19080380,TWSE_RWD_JSON_MI_INDEX
20241209,1612,宏泰,TWSE,36.3,36.65,36.05,36.25,1585803,57477786,TWSE_RWD_JSON_MI_INDEX
20241209,1614,三洋電,TWSE,39.4,39.4,39.4,39.4,6144,242191,TWSE_RWD_JSON_MI_INDEX
20241209,1615,大山,TWSE,58.0,58.6,57.7,58.0,176486,10253403,TWSE_RWD_JSON_MI_INDEX
20241209,1616,億泰,TWSE,21.25,21.7,21.1,21.4,672984,14383767,TWSE_RWD_JSON_MI_INDEX
20241209,1617,榮星,TWSE,18.4,18.4,17.9,17.95,167915,3016851,TWSE_RWD_JSON_MI_INDEX
20241209,1618,合機,TWSE,46.8,46.8,46.0,46.0,702418,32463070,TWSE_RWD_JSON_MI_INDEX
20241209,1626,艾美特-KY,TWSE,14.7,14.7,14.5,14.5,26047,382141,TWSE_RWD_JSON_MI_INDEX
20241209,1702,南僑,TWSE,52.5,52.8,52.4,52.5,307748,16162424,TWSE_RWD_JSON_MI_INDEX
20241209,1707,葡萄王,TWSE,157.0,157.5,155.0,155.5,182693,28480445,TWSE_RWD_JSON_MI_INDEX
20241209,1708,東鹼,TWSE,40.95,40.95,38.8,38.85,7744220,305024192,TWSE_RWD_JSON_MI_INDEX
20241209,1709,和益,TWSE,21.7,21.7,21.5,21.65,270042,5836094,TWSE_RWD_JSON_MI_INDEX
20241209,1710,東聯,TWSE,15.65,15.7,15.3,15.4,1860873,28660377,TWSE_RWD_JSON_MI_INDEX
20241209,1711,永光,TWSE,23.0,23.0,22.2,22.2,3467335,77431333,TWSE_RWD_JSON_MI_INDEX
20241209,1712,興農,TWSE,45.35,45.6,45.2,45.2,290263,13172814,TWSE_RWD_JSON_MI_INDEX
20241209,1713,國化,TWSE,47.1,47.9,47.1,47.55,50298,2393876,TWSE_RWD_JSON_MI_INDEX
20241209,1714,和桐,TWSE,8.38,8.38,8.33,8.36,933533,7795391,TWSE_RWD_JSON_MI_INDEX
20241209,1717,長興,TWSE,29.55,29.55,29.25,29.35,1113570,32677476,TWSE_RWD_JSON_MI_INDEX
20241209,1718,中纖,TWSE,8.13,8.13,8.07,8.07,1635569,13232227,TWSE_RWD_JSON_MI_INDEX
20241209,1720,生達,TWSE,64.3,64.4,63.8,64.1,126094,8074469,TWSE_RWD_JSON_MI_INDEX
20241209,1721,三晃,TWSE,18.05,18.05,17.25,17.25,3899923,68053272,TWSE_RWD_JSON_MI_INDEX
20241209,1722,台肥,TWSE,55.4,55.4,54.9,54.9,841661,46319046,TWSE_RWD_JSON_MI_INDEX
20241209,1723,中碳,TWSE,96.9,96.9,96.1,96.3,92154,8878357,TWSE_RWD_JSON_MI_INDEX
20241209,1725,元禎,TWSE,39.9,40.0,39.0,39.5,113031,4465757,TWSE_RWD_JSON_MI_INDEX
20241209,1726,永記,TWSE,76.6,76.8,75.1,75.1,39204,2966113,TWSE_RWD_JSON_MI_INDEX
20241209,1727,中華化,TWSE,33.65,33.65,32.3,32.4,1117700,36539858,TWSE_RWD_JSON_MI_INDEX
20241209,1730,花仙子,TWSE,53.5,54.2,53.5,54.1,50928,2748673,TWSE_RWD_JSON_MI_INDEX
20241209,1731,美吾華,TWSE,23.35,23.45,23.3,23.35,39521,923199,TWSE_RWD_JSON_MI_INDEX
20241209,1732,毛寶,TWSE,28.55,28.55,28.2,28.25,79477,2250864,TWSE_RWD_JSON_MI_INDEX
20241209,1733,五鼎,TWSE,28.75,29.15,28.6,28.75,57791,1659304,TWSE_RWD_JSON_MI_INDEX
20241209,1734,杏輝,TWSE,30.95,30.95,30.5,30.6,189848,5813571,TWSE_RWD_JSON_MI_INDEX
20241209,1735,日勝化,TWSE,19.5,20.7,19.0,20.35,438445,8814754,TWSE_RWD_JSON_MI_INDEX
20241209,1736,喬山,TWSE,190.0,194.0,186.0,190.0,1069379,203728882,TWSE_RWD_JSON_MI_INDEX
20241209,1737,臺鹽,TWSE,32.5,32.5,32.25,32.25,60259,1949469,TWSE_RWD_JSON_MI_INDEX
20241209,1752,南光,TWSE,43.3,43.5,43.1,43.3,30840,1335347,TWSE_RWD_JSON_MI_INDEX
20241209,1760,寶齡富錦,TWSE,86.5,86.9,86.2,86.2,98113,8480196,TWSE_RWD_JSON_MI_INDEX
20241209,1762,中化生,TWSE,37.4,37.5,37.1,37.25,151745,5661726,TWSE_RWD_JSON_MI_INDEX
20241209,1773,勝一,TWSE,168.5,169.0,167.0,167.5,73122,12267439,TWSE_RWD_JSON_MI_INDEX
20241209,1776,展宇,TWSE,18.95,19.1,18.65,18.85,79809,1502617,TWSE_RWD_JSON_MI_INDEX
20241209,1783,和康生,TWSE,46.4,46.4,45.05,45.95,136001,6188324,TWSE_RWD_JSON_MI_INDEX
20241209,1786,科妍,TWSE,92.9,96.5,92.1,95.3,990721,93910612,TWSE_RWD_JSON_MI_INDEX
20241209,1789,神隆,TWSE,23.55,23.55,23.3,23.4,156436,3659913,TWSE_RWD_JSON_MI_INDEX
20241209,1795,美時,TWSE,279.5,279.5,274.0,276.5,1612301,445663842,TWSE_RWD_JSON_MI_INDEX
20241209,1802,台玻,TWSE,19.15,19.15,18.55,18.55,10730768,201237939,TWSE_RWD_JSON_MI_INDEX
20241209,1805,寶徠,TWSE,17.4,17.55,17.25,17.5,75171,1304486,TWSE_RWD_JSON_MI_INDEX
20241209,1806,冠軍,TWSE,10.3,10.3,10.1,10.2,421204,4289328,TWSE_RWD_JSON_MI_INDEX
20241209,1808,潤隆,TWSE,40.95,40.95,40.25,40.55,2188198,88765075,TWSE_RWD_JSON_MI_INDEX
20241209,1809,中釉,TWSE,21.3,21.3,20.7,20.7,755766,15794023,TWSE_RWD_JSON_MI_INDEX
20241209,1810,和成,TWSE,17.2,17.25,17.05,17.15,233322,4005003,TWSE_RWD_JSON_MI_INDEX
20241209,1817,凱撒衛,TWSE,43.2,45.5,43.2,45.2,476140,21281291,TWSE_RWD_JSON_MI_INDEX
20241209,1903,士紙,TWSE,54.2,54.9,53.9,54.8,61647,3354440,TWSE_RWD_JSON_MI_INDEX
20241209,1904,正隆,TWSE,21.5,21.5,20.95,21.0,3804290,80201859,TWSE_RWD_JSON_MI_INDEX
20241209,1905,華紙,TWSE,17.9,17.9,17.75,17.8,687614,12238166,TWSE_RWD_JSON_MI_INDEX
20241209,1906,寶隆,TWSE,15.0,15.0,14.9,14.9,245796,3670384,TWSE_RWD_JSON_MI_INDEX
20241209,1907,永豐餘,TWSE,30.6,30.6,30.35,30.5,678143,20665154,TWSE_RWD_JSON_MI_INDEX
20241209,1909,榮成,TWSE,12.45,12.45,12.3,12.35,493989,6102775,TWSE_RWD_JSON_MI_INDEX
20241209,2002,中鋼,TWSE,21.1,21.2,21.0,21.0,16212465,341470212,TWSE_RWD_JSON_MI_INDEX
20241209,2006,東和鋼鐵,TWSE,71.5,71.5,70.5,70.8,942467,66717419,TWSE_RWD_JSON_MI_INDEX
20241209,2007,燁興,TWSE,10.05,10.1,9.97,10.0,132063,1320766,TWSE_RWD_JSON_MI_INDEX
20241209,2008,高興昌,TWSE,31.05,31.2,31.05,31.15,6450,200848,TWSE_RWD_JSON_MI_INDEX
20241209,2009,第一銅,TWSE,39.05,39.15,38.4,38.65,742654,28769518,TWSE_RWD_JSON_MI_INDEX
20241209,2010,春源,TWSE,18.45,18.45,18.3,18.35,382749,7036007,TWSE_RWD_JSON_MI_INDEX
20241209,2012,春雨,TWSE,25.7,26.0,25.65,25.65,40633,1045333,TWSE_RWD_JSON_MI_INDEX
20241209,2013,中鋼構,TWSE,52.4,52.6,52.3,52.6,29651,1557220,TWSE_RWD_JSON_MI_INDEX
20241209,2014,中鴻,TWSE,19.3,19.6,19.0,19.4,2714945,52476348,TWSE_RWD_JSON_MI_INDEX
20241209,2015,豐興,TWSE,74.1,74.5,73.5,73.5,168745,12470445,TWSE_RWD_JSON_MI_INDEX
20241209,2017,官田鋼,TWSE,11.35,11.4,11.15,11.4,594824,6718229,TWSE_RWD_JSON_MI_INDEX
20241209,2020,美亞,TWSE,29.4,29.4,29.05,29.1,396106,11529962,TWSE_RWD_JSON_MI_INDEX
20241209,2022,聚亨,TWSE,9.33,9.43,9.25,9.26,300754,2792325,TWSE_RWD_JSON_MI_INDEX
20241209,2023,燁輝,TWSE,15.2,15.25,15.15,15.2,587384,8921723,TWSE_RWD_JSON_MI_INDEX
20241209,2024,志聯,TWSE,20.0,20.0,20.0,20.0,3460,69152,TWSE_RWD_JSON_MI_INDEX
20241209,2025,千興,TWSE,10.85,10.95,10.8,10.9,591574,6433438,TWSE_RWD_JSON_MI_INDEX
20241209,2027,大成鋼,TWSE,33.35,33.75,33.05,33.6,3231623,107955480,TWSE_RWD_JSON_MI_INDEX
20241209,2028,威致,TWSE,22.25,22.25,22.05,22.1,75279,1664913,TWSE_RWD_JSON_MI_INDEX
20241209,2029,盛餘,TWSE,24.85,25.0,24.75,24.8,67821,1683278,TWSE_RWD_JSON_MI_INDEX
20241209,2030,彰源,TWSE,17.5,17.5,17.3,17.35,286596,4979439,TWSE_RWD_JSON_MI_INDEX
20241209,2031,新光鋼,TWSE,50.0,50.4,49.35,49.55,563580,28111870,TWSE_RWD_JSON_MI_INDEX
20241209,2032,新鋼,TWSE,14.9,14.9,14.7,14.7,68371,1009569,TWSE_RWD_JSON_MI_INDEX
20241209,2033,佳大,TWSE,22.65,24.45,22.65,22.95,713981,16786826,TWSE_RWD_JSON_MI_INDEX
20241209,2034,允強,TWSE,20.0,20.65,20.0,20.6,1188040,24227903,TWSE_RWD_JSON_MI_INDEX
20241209,2038,海光,TWSE,16.95,17.15,16.85,16.9,132294,2245327,TWSE_RWD_JSON_MI_INDEX
20241209,2049,上銀,TWSE,244.0,249.0,242.5,246.0,2132290,524585801,TWSE_RWD_JSON_MI_INDEX
20241209,2059,川湖,TWSE,1585.0,1595.0,1565.0,1575.0,764326,1206489040,TWSE_RWD_JSON_MI_INDEX
20241209,2062,橋椿,TWSE,34.35,34.8,34.0,34.05,4133223,141782009,TWSE_RWD_JSON_MI_INDEX
20241209,2069,運錩,TWSE,17.0,17.45,16.8,17.0,1639602,27836448,TWSE_RWD_JSON_MI_INDEX
20241209,2101,南港,TWSE,51.1,51.1,49.3,49.7,11321171,606892869,TWSE_RWD_JSON_MI_INDEX
20241209,2102,泰豐,TWSE,21.4,21.45,21.1,21.25,865107,18396961,TWSE_RWD_JSON_MI_INDEX
20241209,2103,台橡,TWSE,22.35,22.35,22.05,22.1,1520401,33655198,TWSE_RWD_JSON_MI_INDEX
20241209,2104,國際中橡,TWSE,15.25,15.25,15.1,15.25,400099,6072075,TWSE_RWD_JSON_MI_INDEX
20241209,2105,正新,TWSE,51.7,52.1,51.2,52.0,2701019,139905004,TWSE_RWD_JSON_MI_INDEX
20241209,2106,建大,TWSE,28.75,28.95,28.6,28.75,302934,8703422,TWSE_RWD_JSON_MI_INDEX
20241209,2107,厚生,TWSE,26.4,26.55,26.25,26.4,470492,12444879,TWSE_RWD_JSON_MI_INDEX
20241209,2108,南帝,TWSE,33.35,33.7,33.1,33.35,289199,9656503,TWSE_RWD_JSON_MI_INDEX
20241209,2109,華豐,TWSE,18.3,18.35,18.1,18.1,108805,1976231,TWSE_RWD_JSON_MI_INDEX
20241209,2114,鑫永銓,TWSE,95.4,95.4,95.3,95.3,8228,784641,TWSE_RWD_JSON_MI_INDEX
20241209,2115,六暉-KY,TWSE,31.45,31.7,31.0,31.2,126314,3951115,TWSE_RWD_JSON_MI_INDEX
20241209,2201,裕隆,TWSE,56.2,56.5,55.6,55.8,1415024,79255365,TWSE_RWD_JSON_MI_INDEX
20241209,2204,中華,TWSE,82.1,82.6,81.2,82.2,3016871,246695545,TWSE_RWD_JSON_MI_INDEX
20241209,2206,三陽工業,TWSE,70.1,70.1,69.0,69.4,1628579,112936852,TWSE_RWD_JSON_MI_INDEX
20241209,2207,和泰車,TWSE,620.0,620.0,610.0,610.0,160446,98201751,TWSE_RWD_JSON_MI_INDEX
20241209,2208,台船,TWSE,16.2,16.3,16.1,16.15,1143585,18492044,TWSE_RWD_JSON_MI_INDEX
20241209,2211,長榮鋼,TWSE,99.4,100.5,99.0,99.9,299004,29807372,TWSE_RWD_JSON_MI_INDEX
20241209,2227,裕日車,TWSE,88.5,88.5,86.0,86.1,193777,16772414,TWSE_RWD_JSON_MI_INDEX
20241209,2228,劍麟,TWSE,105.0,105.0,102.5,102.5,207414,21371256,TWSE_RWD_JSON_MI_INDEX
20241209,2231,為升,TWSE,106.0,108.5,104.0,106.5,1532767,163124460,TWSE_RWD_JSON_MI_INDEX
20241209,2233,宇隆,TWSE,177.5,179.5,176.5,178.5,561067,100014264,TWSE_RWD_JSON_MI_INDEX
20241209,2236,百達-KY,TWSE,133.0,134.0,130.0,134.0,749256,99095604,TWSE_RWD_JSON_MI_INDEX
20241209,2239,英利-KY,TWSE,38.55,38.6,38.25,38.5,28354,1089789,TWSE_RWD_JSON_MI_INDEX
20241209,2241,艾姆勒,TWSE,29.1,29.65,28.8,29.1,597867,17448327,TWSE_RWD_JSON_MI_INDEX
20241209,2243,宏旭-KY,TWSE,18.3,18.3,17.9,18.0,351910,6357194,TWSE_RWD_JSON_MI_INDEX
20241209,2247,汎德永業,TWSE,291.0,292.0,290.5,291.0,15506,4514789,TWSE_RWD_JSON_MI_INDEX
20241209,2250,IKKA-KY,TWSE,92.0,95.1,91.5,92.7,168992,15801997,TWSE_RWD_JSON_MI_INDEX
20241209,2254,巨鎧精密-創,TWSE,84.9,84.9,81.5,83.0,252000,20973800,TWSE_RWD_JSON_MI_INDEX
20241209,2258,鴻華先進-創,TWSE,41.0,41.0,40.3,40.45,113600,4611519,TWSE_RWD_JSON_MI_INDEX
20241209,2301,光寶科,TWSE,105.0,106.0,104.0,105.0,4217809,442072353,TWSE_RWD_JSON_MI_INDEX
20241209,2302,麗正,TWSE,19.5,19.7,18.85,18.95,1132132,21606432,TWSE_RWD_JSON_MI_INDEX
20241209,2303,聯電,TWSE,43.5,44.05,43.5,44.05,33312746,1458808384,TWSE_RWD_JSON_MI_INDEX
20241209,2305,全友,TWSE,16.65,16.65,15.9,16.05,496637,8047865,TWSE_RWD_JSON_MI_INDEX
20241209,2308,台達電,TWSE,399.0,406.5,398.0,405.0,8009179,3232009877,TWSE_RWD_JSON_MI_INDEX
20241209,2312,金寶,TWSE,28.1,28.25,27.7,27.7,22616937,631343841,TWSE_RWD_JSON_MI_INDEX
20241209,2313,華通,TWSE,62.7,63.0,62.2,62.4,7793064,487351413,TWSE_RWD_JSON_MI_INDEX
20241209,2314,台揚,TWSE,30.5,30.8,30.0,30.4,827503,25021541,TWSE_RWD_JSON_MI_INDEX
20241209,2316,楠梓電,TWSE,52.1,52.1,51.0,51.2,982547,50497487,TWSE_RWD_JSON_MI_INDEX
20241209,2317,鴻海,TWSE,198.5,199.0,195.0,195.0,41114306,8084426101,TWSE_RWD_JSON_MI_INDEX
20241209,2321,東訊,TWSE,15.25,15.25,15.0,15.1,11525,174303,TWSE_RWD_JSON_MI_INDEX
20241209,2323,中環,TWSE,11.5,11.6,11.4,11.5,2776092,31884439,TWSE_RWD_JSON_MI_INDEX
20241209,2324,仁寶,TWSE,39.8,40.25,38.9,39.1,78892009,3123738977,TWSE_RWD_JSON_MI_INDEX
20241209,2327,國巨*,TWSE,537.0,541.0,534.0,535.0,2087441,1121970935,TWSE_RWD_JSON_MI_INDEX
20241209,2328,廣宇,TWSE,38.6,39.0,37.8,37.8,2071910,79145676,TWSE_RWD_JSON_MI_INDEX
20241209,2329,華泰,TWSE,36.95,37.05,36.4,36.7,2203824,81048702,TWSE_RWD_JSON_MI_INDEX
20241209,2330,台積電,TWSE,1070.0,1075.0,1065.0,1075.0,30255281,32409791931,TWSE_RWD_JSON_MI_INDEX
20241209,2331,精英,TWSE,24.3,24.3,23.65,23.75,861298,20486048,TWSE_RWD_JSON_MI_INDEX
20241209,2332,友訊,TWSE,21.5,21.65,20.4,20.45,10360955,215919769,TWSE_RWD_JSON_MI_INDEX
20241209,2337,旺宏,TWSE,22.2,22.45,22.05,22.2,13043850,289906118,TWSE_RWD_JSON_MI_INDEX
20241209,2338,光罩,TWSE,53.1,53.8,52.0,53.0,1196394,63225972,TWSE_RWD_JSON_MI_INDEX
20241209,2340,台亞,TWSE,30.45,30.5,30.0,30.1,1176165,35472821,TWSE_RWD_JSON_MI_INDEX
20241209,2342,茂矽,TWSE,36.45,36.6,35.7,35.85,966636,34918963,TWSE_RWD_JSON_MI_INDEX
20241209,2344,華邦電,TWSE,16.2,16.25,15.9,15.9,20267255,324408173,TWSE_RWD_JSON_MI_INDEX
20241209,2345,智邦,TWSE,701.0,733.0,701.0,720.0,6887078,4969531952,TWSE_RWD_JSON_MI_INDEX
20241209,2347,聯強,TWSE,75.0,75.7,74.7,75.7,2943217,222033452,TWSE_RWD_JSON_MI_INDEX
20241209,2348,海悅,TWSE,177.5,179.5,171.0,172.5,1702214,296144764,TWSE_RWD_JSON_MI_INDEX
20241209,2349,錸德,TWSE,15.05,15.1,14.6,14.8,8944705,132480856,TWSE_RWD_JSON_MI_INDEX
20241209,2351,順德,TWSE,98.7,99.8,97.9,99.7,939269,93167548,TWSE_RWD_JSON_MI_INDEX
20241209,2352,佳世達,TWSE,38.0,38.1,37.15,37.15,3752315,140538140,TWSE_RWD_JSON_MI_INDEX
20241209,2353,宏碁,TWSE,38.7,39.9,38.7,39.5,18383693,725462366,TWSE_RWD_JSON_MI_INDEX
20241209,2354,鴻準,TWSE,87.5,89.2,85.7,85.8,77038493,6707435165,TWSE_RWD_JSON_MI_INDEX
20241209,2355,敬鵬,TWSE,39.3,39.55,39.1,39.1,733130,28797064,TWSE_RWD_JSON_MI_INDEX
20241209,2356,英業達,TWSE,50.5,51.2,50.3,50.3,12947853,655990438,TWSE_RWD_JSON_MI_INDEX
20241209,2357,華碩,TWSE,599.0,608.0,597.0,608.0,2564371,1550387858,TWSE_RWD_JSON_MI_INDEX
20241209,2359,所羅門,TWSE,139.0,139.0,136.0,136.0,1039412,142249634,TWSE_RWD_JSON_MI_INDEX
20241209,2360,致茂,TWSE,427.5,429.0,404.0,415.0,4003398,1655713621,TWSE_RWD_JSON_MI_INDEX
20241209,2362,藍天,TWSE,57.3,57.3,55.5,55.5,1403089,78424594,TWSE_RWD_JSON_MI_INDEX
20241209,2363,矽統,TWSE,72.5,74.9,72.5,73.3,11136219,821158503,TWSE_RWD_JSON_MI_INDEX
20241209,2364,倫飛,TWSE,84.0,84.0,82.3,82.5,140801,11701509,TWSE_RWD_JSON_MI_INDEX
20241209,2365,昆盈,TWSE,42.0,42.15,40.6,40.75,2730298,111996546,TWSE_RWD_JSON_MI_INDEX
20241209,2367,燿華,TWSE,32.1,32.2,31.25,31.3,5841521,184551188,TWSE_RWD_JSON_MI_INDEX
20241209,2368,金像電,TWSE,197.0,204.5,197.0,204.0,9735015,1963761310,TWSE_RWD_JSON_MI_INDEX
20241209,2369,菱生,TWSE,18.4,18.4,18.05,18.15,637568,11601453,TWSE_RWD_JSON_MI_INDEX
20241209,2371,大同,TWSE,47.45,47.85,46.6,47.05,7050304,332088353,TWSE_RWD_JSON_MI_INDEX
20241209,2373,震旦行,TWSE,66.8,66.8,66.6,66.7,23194,1547528,TWSE_RWD_JSON_MI_INDEX
20241209,2374,佳能,TWSE,48.65,49.25,48.15,48.8,8091691,394148633,TWSE_RWD_JSON_MI_INDEX
20241209,2375,凱美,TWSE,80.0,80.0,73.0,74.4,7665989,581120672,TWSE_RWD_JSON_MI_INDEX
20241209,2376,技嘉,TWSE,283.0,284.0,275.0,277.5,5466899,1519450479,TWSE_RWD_JSON_MI_INDEX
20241209,2377,微星,TWSE,175.0,176.5,173.0,173.0,1741912,303411347,TWSE_RWD_JSON_MI_INDEX
20241209,2379,瑞昱,TWSE,528.0,534.0,518.0,519.0,3681780,1938321884,TWSE_RWD_JSON_MI_INDEX
20241209,2380,虹光,TWSE,5.05,5.05,5.02,5.03,40984,206500,TWSE_RWD_JSON_MI_INDEX
20241209,2382,廣達,TWSE,299.5,300.5,295.0,296.0,12720716,3780612023,TWSE_RWD_JSON_MI_INDEX
20241209,2383,台光電,TWSE,540.0,552.0,536.0,550.0,8718044,4756750559,TWSE_RWD_JSON_MI_INDEX
20241209,2385,群光,TWSE,152.5,153.0,151.0,151.5,1421534,215491584,TWSE_RWD_JSON_MI_INDEX
20241209,2387,精元,TWSE,64.1,64.8,63.3,63.5,696670,44473248,TWSE_RWD_JSON_MI_INDEX
20241209,2388,威盛,TWSE,109.0,109.5,106.5,107.0,4507988,485714359,TWSE_RWD_JSON_MI_INDEX
20241209,2390,云辰,TWSE,12.8,12.85,12.5,12.5,266537,3356795,TWSE_RWD_JSON_MI_INDEX
20241209,2392,正崴,TWSE,79.0,79.1,73.5,75.2,18436245,1398554091,TWSE_RWD_JSON_MI_INDEX
20241209,2393,億光,TWSE,79.0,79.0,77.9,78.2,1041160,81397714,TWSE_RWD_JSON_MI_INDEX
20241209,2395,研華,TWSE,357.0,359.0,351.0,355.5,578325,205485932,TWSE_RWD_JSON_MI_INDEX
20241209,2397,友通,TWSE,79.9,79.9,76.4,77.1,324360,25073798,TWSE_RWD_JSON_MI_INDEX
20241209,2399,映泰,TWSE,33.35,34.05,31.4,32.35,53775826,1761334708,TWSE_RWD_JSON_MI_INDEX
20241209,2401,凌陽,TWSE,29.0,29.4,28.55,29.05,1975664,57339455,TWSE_RWD_JSON_MI_INDEX
20241209,2402,毅嘉,TWSE,40.3,40.3,38.9,39.45,5000374,196779662,TWSE_RWD_JSON_MI_INDEX
20241209,2404,漢唐,TWSE,458.0,468.5,452.0,458.5,1665762,761612959,TWSE_RWD_JSON_MI_INDEX
20241209,2405,輔信,TWSE,21.5,21.6,20.45,21.0,11091501,232805555,TWSE_RWD_JSON_MI_INDEX
20241209,2406,國碩,TWSE,17.1,17.15,16.4,16.55,1245487,20695004,TWSE_RWD_JSON_MI_INDEX
20241209,2408,南亞科,TWSE,33.65,33.65,32.4,32.5,12982746,424668098,TWSE_RWD_JSON_MI_INDEX
20241209,2409,友達,TWSE,15.85,15.9,15.55,15.55,12092102,189117206,TWSE_RWD_JSON_MI_INDEX
20241209,2412,中華電,TWSE,124.0,125.0,124.0,124.5,4469420,556649802,TWSE_RWD_JSON_MI_INDEX
20241209,2413,環科,TWSE,26.85,26.85,26.05,26.15,765959,20127764,TWSE_RWD_JSON_MI_INDEX
20241209,2414,精技,TWSE,38.35,39.0,38.25,38.85,114002,4417690,TWSE_RWD_JSON_MI_INDEX
20241209,2415,錩新,TWSE,29.65,30.1,29.3,29.45,714370,21240547,TWSE_RWD_JSON_MI_INDEX
20241209,2417,圓剛,TWSE,40.3,40.35,39.85,40.0,392923,15735136,TWSE_RWD_JSON_MI_INDEX
20241209,2419,仲琦,TWSE,32.0,32.25,30.8,30.9,3125711,97050658,TWSE_RWD_JSON_MI_INDEX
20241209,2420,新巨,TWSE,66.4,66.7,64.9,65.0,581126,37975705,TWSE_RWD_JSON_MI_INDEX
20241209,2421,建準,TWSE,104.0,105.0,103.0,103.5,1890937,196156593,TWSE_RWD_JSON_MI_INDEX
20241209,2423,固緯,TWSE,43.0,43.75,43.0,43.65,249884,10889718,TWSE_RWD_JSON_MI_INDEX
20241209,2424,隴華,TWSE,71.0,71.0,69.5,69.6,27238,1912427,TWSE_RWD_JSON_MI_INDEX
20241209,2425,承啟,TWSE,40.1,40.1,38.3,38.3,977150,38066958,TWSE_RWD_JSON_MI_INDEX
20241209,2426,鼎元,TWSE,23.95,24.0,22.7,22.75,5814826,134126244,TWSE_RWD_JSON_MI_INDEX
20241209,2427,三商電,TWSE,28.05,28.85,27.5,28.5,3279350,92650676,TWSE_RWD_JSON_MI_INDEX
20241209,2428,興勤,TWSE,161.0,161.5,159.0,159.0,75846,12123272,TWSE_RWD_JSON_MI_INDEX
20241209,2429,銘旺科,TWSE,30.95,31.5,30.15,30.5,1339166,41037342,TWSE_RWD_JSON_MI_INDEX
20241209,2430,燦坤,TWSE,31.3,31.55,31.3,31.4,49474,1557053,TWSE_RWD_JSON_MI_INDEX
20241209,2431,聯昌,TWSE,15.3,15.55,14.95,14.95,2227811,33781327,TWSE_RWD_JSON_MI_INDEX
20241209,2432,倚天酷碁-創,TWSE,32.4,33.0,32.25,32.5,42089,1368783,TWSE_RWD_JSON_MI_INDEX
20241209,2433,互盛電,TWSE,50.3,50.4,50.2,50.2,24626,1237456,TWSE_RWD_JSON_MI_INDEX
20241209,2434,統懋,TWSE,31.5,32.4,31.5,31.5,5241,166429,TWSE_RWD_JSON_MI_INDEX
20241209,2436,偉詮電,TWSE,63.7,64.1,58.5,59.3,16517245,1007303645,TWSE_RWD_JSON_MI_INDEX
20241209,2438,翔耀,TWSE,37.75,37.75,36.4,37.0,172441,6376963,TWSE_RWD_JSON_MI_INDEX
20241209,2439,美律,TWSE,110.0,110.5,107.5,107.5,1751700,190949880,TWSE_RWD_JSON_MI_INDEX
20241209,2440,太空梭,TWSE,12.9,12.95,12.6,12.85,127574,1630753,TWSE_RWD_JSON_MI_INDEX
20241209,2441,超豐,TWSE,58.6,58.6,57.8,58.0,481746,27999795,TWSE_RWD_JSON_MI_INDEX
20241209,2442,新美齊,TWSE,26.5,26.5,25.8,25.8,1337288,34947126,TWSE_RWD_JSON_MI_INDEX
20241209,2444,兆勁,TWSE,17.45,17.85,17.1,17.3,1393678,24329785,TWSE_RWD_JSON_MI_INDEX
20241209,2449,京元電子,TWSE,126.0,126.5,120.5,121.0,20268331,2475350404,TWSE_RWD_JSON_MI_INDEX
20241209,2450,神腦,TWSE,34.8,34.8,34.6,34.6,101149,3509194,TWSE_RWD_JSON_MI_INDEX
20241209,2451,創見,TWSE,94.3,94.5,92.6,93.9,559832,52577193,TWSE_RWD_JSON_MI_INDEX
20241209,2453,凌群,TWSE,61.8,61.9,58.0,60.7,9120386,549488360,TWSE_RWD_JSON_MI_INDEX
20241209,2454,聯發科,TWSE,1320.0,1325.0,1300.0,1325.0,4592126,6045281525,TWSE_RWD_JSON_MI_INDEX
20241209,2455,全新,TWSE,166.0,170.0,164.0,167.5,3558323,596570938,TWSE_RWD_JSON_MI_INDEX
20241209,2457,飛宏,TWSE,42.25,42.25,40.35,40.35,3330290,136422842,TWSE_RWD_JSON_MI_INDEX
20241209,2458,義隆,TWSE,156.0,156.5,152.0,152.5,2155360,331268204,TWSE_RWD_JSON_MI_INDEX
20241209,2459,敦吉,TWSE,70.1,70.3,70.0,70.0,37246,2610464,TWSE_RWD_JSON_MI_INDEX
20241209,2460,建通,TWSE,25.3,26.25,25.3,26.1,379274,9798240,TWSE_RWD_JSON_MI_INDEX
20241209,2461,光群雷,TWSE,21.2,21.2,20.8,20.8,237478,4970739,TWSE_RWD_JSON_MI_INDEX
20241209,2462,良得電,TWSE,28.1,28.1,27.5,27.85,164072,4553122,TWSE_RWD_JSON_MI_INDEX
20241209,2464,盟立,TWSE,75.7,75.8,73.9,74.3,1449381,108105994,TWSE_RWD_JSON_MI_INDEX
20241209,2465,麗臺,TWSE,81.3,82.2,79.0,80.1,836612,67369192,TWSE_RWD_JSON_MI_INDEX
20241209,2466,冠西電,TWSE,36.0,38.5,36.0,36.55,446567,16997470,TWSE_RWD_JSON_MI_INDEX
20241209,2467,志聖,TWSE,208.5,212.0,206.5,207.0,740783,154350701,TWSE_RWD_JSON_MI_INDEX
20241209,2468,華經,TWSE,26.0,26.5,24.95,26.0,8523223,220085963,TWSE_RWD_JSON_MI_INDEX
20241209,2471,資通,TWSE,57.4,61.4,55.1,57.1,13989901,819573634,TWSE_RWD_JSON_MI_INDEX
20241209,2472,立隆電,TWSE,89.0,89.1,86.4,87.6,6456680,566585440,TWSE_RWD_JSON_MI_INDEX
20241209,2474,可成,TWSE,196.5,196.5,194.0,196.0,6748365,1317532986,TWSE_RWD_JSON_MI_INDEX
20241209,2476,鉅祥,TWSE,90.5,91.3,88.5,88.7,1888453,169220168,TWSE_RWD_JSON_MI_INDEX
20241209,2477,美隆電,TWSE,31.4,31.5,30.45,30.45,1067847,32790179,TWSE_RWD_JSON_MI_INDEX
20241209,2478,大毅,TWSE,47.95,47.95,47.2,47.25,103642,4920985,TWSE_RWD_JSON_MI_INDEX
20241209,2480,敦陽科,TWSE,143.0,145.0,136.5,138.5,2100517,294684154,TWSE_RWD_JSON_MI_INDEX
20241209,2481,強茂,TWSE,52.7,52.8,51.2,51.6,754786,39074173,TWSE_RWD_JSON_MI_INDEX
20241209,2482,連宇,TWSE,28.3,28.55,27.6,27.95,125636,3502766,TWSE_RWD_JSON_MI_INDEX
20241209,2483,百容,TWSE,22.3,22.3,21.8,22.1,55785,1220433,TWSE_RWD_JSON_MI_INDEX
20241209,2484,希華,TWSE,27.6,27.6,27.15,27.15,177451,4845371,TWSE_RWD_JSON_MI_INDEX
20241209,2485,兆赫,TWSE,16.85,16.85,16.6,16.65,330953,5522589,TWSE_RWD_JSON_MI_INDEX
20241209,2486,一詮,TWSE,118.0,119.0,115.0,116.5,5281074,617396320,TWSE_RWD_JSON_MI_INDEX
20241209,2488,漢平,TWSE,56.1,57.9,55.5,57.3,857880,49003193,TWSE_RWD_JSON_MI_INDEX
20241209,2489,瑞軒,TWSE,19.75,19.85,19.3,19.3,4300328,83533466,TWSE_RWD_JSON_MI_INDEX
20241209,2491,吉祥全,TWSE,12.55,12.55,12.5,12.55,18126,227276,TWSE_RWD_JSON_MI_INDEX
20241209,2492,華新科,TWSE,99.2,100.5,97.6,97.6,1731479,171384929,TWSE_RWD_JSON_MI_INDEX
20241209,2493,揚博,TWSE,103.5,103.5,100.5,100.5,963956,97708171,TWSE_RWD_JSON_MI_INDEX
20241209,2495,普安,TWSE,35.0,35.0,32.0,32.5,8278020,272766757,TWSE_RWD_JSON_MI_INDEX
20241209,2496,卓越,TWSE,78.1,79.1,77.3,77.6,73277,5693484,TWSE_RWD_JSON_MI_INDEX
20241209,2497,怡利電,TWSE,64.0,64.8,62.8,62.8,1040958,66094574,TWSE_RWD_JSON_MI_INDEX
20241209,2498,宏達電,TWSE,44.85,44.85,43.1,43.4,5310906,231676584,TWSE_RWD_JSON_MI_INDEX
20241209,2501,國建,TWSE,25.75,25.9,25.55,25.7,1261946,32443500,TWSE_RWD_JSON_MI_INDEX
20241209,2504,國產,TWSE,53.0,53.4,52.4,53.4,2942829,156128405,TWSE_RWD_JSON_MI_INDEX
20241209,2505,國揚,TWSE,22.6,22.8,22.4,22.55,200818,4526114,TWSE_RWD_JSON_MI_INDEX
20241209,2506,太設,TWSE,11.95,11.95,11.85,11.95,141389,1686639,TWSE_RWD_JSON_MI_INDEX
20241209,2509,全坤建,TWSE,17.55,17.65,16.95,16.95,314580,5394060,TWSE_RWD_JSON_MI_INDEX
20241209,2511,太子,TWSE,10.9,10.95,10.85,10.9,596323,6503404,TWSE_RWD_JSON_MI_INDEX
20241209,2514,龍邦,TWSE,20.7,20.7,20.15,20.4,483378,9863022,TWSE_RWD_JSON_MI_INDEX
20241209,2515,中工,TWSE,11.35,11.4,11.2,11.3,5371041,60854207,TWSE_RWD_JSON_MI_INDEX
20241209,2516,新建,TWSE,12.9,13.25,12.9,13.15,518661,6771591,TWSE_RWD_JSON_MI_INDEX
20241209,2520,冠德,TWSE,63.0,63.0,59.6,60.1,6180348,374138021,TWSE_RWD_JSON_MI_INDEX
20241209,2524,京城,TWSE,73.3,73.5,71.4,72.0,361032,26056181,TWSE_RWD_JSON_MI_INDEX
20241209,2527,宏璟,TWSE,40.6,41.2,39.1,39.1,1775274,71159159,TWSE_RWD_JSON_MI_INDEX
20241209,2528,皇普,TWSE,41.0,41.0,40.05,40.05,249125,10064701,TWSE_RWD_JSON_MI_INDEX
20241209,2530,華建,TWSE,40.75,40.75,39.6,40.05,771186,30736341,TWSE_RWD_JSON_MI_INDEX
20241209,2534,宏盛,TWSE,27.9,27.9,27.35,27.7,870613,24040080,TWSE_RWD_JSON_MI_INDEX
20241209,2535,達欣工,TWSE,54.8,55.4,53.8,54.7,951822,52085781,TWSE_RWD_JSON_MI_INDEX
20241209,2536,宏普,TWSE,32.35,33.45,32.35,32.65,324896,10667671,TWSE_RWD_JSON_MI_INDEX
20241209,2537,聯上發,TWSE,14.65,14.7,13.9,13.9,1622300,22891026,TWSE_RWD_JSON_MI_INDEX
20241209,2538,基泰,TWSE,16.35,16.35,16.05,16.05,175239,2820460,TWSE_RWD_JSON_MI_INDEX
20241209,2539,櫻花建,TWSE,54.0,54.0,52.6,52.9,577061,30585454,TWSE_RWD_JSON_MI_INDEX
20241209,2540,愛山林,TWSE,90.7,90.7,86.8,87.4,1999346,176607845,TWSE_RWD_JSON_MI_INDEX
20241209,2542,興富發,TWSE,48.6,48.8,47.25,47.4,9511124,456975606,TWSE_RWD_JSON_MI_INDEX
20241209,2543,皇昌,TWSE,70.1,70.1,67.5,67.5,3571815,242962147,TWSE_RWD_JSON_MI_INDEX
20241209,2545,皇翔,TWSE,72.6,72.6,67.3,67.7,2736874,188603642,TWSE_RWD_JSON_MI_INDEX
20241209,2546,根基,TWSE,75.5,75.5,75.1,75.5,59729,4496710,TWSE_RWD_JSON_MI_INDEX
20241209,2547,日勝生,TWSE,11.4,11.4,11.4,11.4,3384237,38580252,TWSE_RWD_JSON_MI_INDEX
20241209,2548,華固,TWSE,121.0,121.0,119.5,119.5,313167,37551074,TWSE_RWD_JSON_MI_INDEX
20241209,2597,潤弘,TWSE,144.0,148.5,144.0,148.0,545172,80119846,TWSE_RWD_JSON_MI_INDEX
20241209,2601,益航,TWSE,7.55,7.63,7.54,7.58,1279314,9695558,TWSE_RWD_JSON_MI_INDEX
20241209,2603,長榮,TWSE,231.5,238.0,231.0,235.5,35643331,8380625520,TWSE_RWD_JSON_MI_INDEX
20241209,2605,新興,TWSE,26.65,27.3,26.55,27.0,7773312,210236369,TWSE_RWD_JSON_MI_INDEX
20241209,2606,裕民,TWSE,58.8,59.7,58.7,59.4,3934306,233756752,TWSE_RWD_JSON_MI_INDEX
20241209,2607,榮運,TWSE,31.35,31.8,31.35,31.55,1673819,52975754,TWSE_RWD_JSON_MI_INDEX
20241209,2608,嘉里大榮,TWSE,39.6,39.6,39.35,39.45,87246,3445984,TWSE_RWD_JSON_MI_INDEX
20241209,2609,陽明,TWSE,78.5,83.0,78.0,83.0,217832307,17713908355,TWSE_RWD_JSON_MI_INDEX
20241209,2610,華航,TWSE,26.35,27.15,26.25,26.95,95502365,2570389179,TWSE_RWD_JSON_MI_INDEX
20241209,2611,志信,TWSE,22.2,23.7,22.1,23.4,3628520,84223739,TWSE_RWD_JSON_MI_INDEX
20241209,2612,中航,TWSE,42.25,42.95,42.2,42.5,425849,18173600,TWSE_RWD_JSON_MI_INDEX
20241209,2613,中櫃,TWSE,32.7,35.4,32.7,35.4,11452339,400904505,TWSE_RWD_JSON_MI_INDEX
20241209,2614,東森,TWSE,17.95,18.05,17.7,17.75,321866,5749932,TWSE_RWD_JSON_MI_INDEX
20241209,2615,萬海,TWSE,85.3,89.5,85.1,86.1,58837238,5139713867,TWSE_RWD_JSON_MI_INDEX
20241209,2616,山隆,TWSE,19.8,19.8,19.4,19.4,294476,5743022,TWSE_RWD_JSON_MI_INDEX
20241209,2617,台航,TWSE,30.95,31.6,30.9,31.1,1450819,45468703,TWSE_RWD_JSON_MI_INDEX
20241209,2618,長榮航,TWSE,45.4,48.25,45.2,47.5,118217449,5581086860,TWSE_RWD_JSON_MI_INDEX
20241209,2630,亞航,TWSE,33.1,33.1,32.3,32.5,699443,22829686,TWSE_RWD_JSON_MI_INDEX
20241209,2633,台灣高鐵,TWSE,28.35,28.5,28.25,28.25,1821622,51601513,TWSE_RWD_JSON_MI_INDEX
20241209,2634,漢翔,TWSE,43.3,43.3,42.7,42.8,2020520,86618927,TWSE_RWD_JSON_MI_INDEX
20241209,2636,台驊控股,TWSE,79.7,82.7,79.7,81.3,1272533,104064895,TWSE_RWD_JSON_MI_INDEX
20241209,2637,慧洋-KY,TWSE,71.8,73.1,71.7,72.3,3669629,266217196,TWSE_RWD_JSON_MI_INDEX
20241209,2642,宅配通,TWSE,36.4,36.85,36.4,36.5,102340,3745123,TWSE_RWD_JSON_MI_INDEX
20241209,2645,長榮航太,TWSE,94.9,95.3,94.5,95.0,439858,41764243,TWSE_RWD_JSON_MI_INDEX
20241209,2646,星宇航空,TWSE,27.9,28.55,27.9,28.3,12990381,367989024,TWSE_RWD_JSON_MI_INDEX
20241209,2701,萬企,TWSE,12.7,12.75,12.7,12.7,86349,1098082,TWSE_RWD_JSON_MI_INDEX
20241209,2702,華園,TWSE,16.65,16.65,16.4,16.45,81288,1342487,TWSE_RWD_JSON_MI_INDEX
20241209,2704,國賓,TWSE,58.6,58.8,57.9,58.0,40361,2355425,TWSE_RWD_JSON_MI_INDEX
20241209,2705,六福,TWSE,17.35,17.45,17.25,17.35,94497,1640529,TWSE_RWD_JSON_MI_INDEX
20241209,2706,第一店,TWSE,14.7,14.75,14.65,14.65,208079,3053906,TWSE_RWD_JSON_MI_INDEX
20241209,2707,晶華,TWSE,192.0,192.0,191.0,191.0,152680,29190270,TWSE_RWD_JSON_MI_INDEX
20241209,2712,遠雄來,TWSE,25.0,25.0,24.35,24.65,4020,99476,TWSE_RWD_JSON_MI_INDEX
20241209,2722,夏都,TWSE,33.8,33.8,32.75,33.2,130997,4339348,TWSE_RWD_JSON_MI_INDEX
20241209,2723,美食-KY,TWSE,94.3,95.8,93.7,95.2,351230,33394611,TWSE_RWD_JSON_MI_INDEX
20241209,2727,王品,TWSE,236.5,237.5,235.0,236.0,100222,23666498,TWSE_RWD_JSON_MI_INDEX
20241209,2731,雄獅,TWSE,124.0,124.0,122.5,122.5,218208,26807913,TWSE_RWD_JSON_MI_INDEX
20241209,2739,寒舍,TWSE,51.7,51.7,51.1,51.3,110129,5654904,TWSE_RWD_JSON_MI_INDEX
20241209,2748,雲品,TWSE,62.6,63.3,61.5,62.4,330528,20631620,TWSE_RWD_JSON_MI_INDEX
20241209,2753,八方雲集,TWSE,149.0,151.5,148.5,150.5,175427,26346425,TWSE_RWD_JSON_MI_INDEX
20241209,2762,世界健身-KY,TWSE,95.6,98.6,94.6,97.4,134855,13063102,TWSE_RWD_JSON_MI_INDEX
20241209,2801,彰銀,TWSE,17.9,18.1,17.9,18.0,28952263,521587973,TWSE_RWD_JSON_MI_INDEX
20241209,2809,京城銀,TWSE,48.75,48.95,47.4,48.7,4540690,219102197,TWSE_RWD_JSON_MI_INDEX
20241209,2812,台中銀,TWSE,19.1,19.65,19.1,19.45,10711508,207855861,TWSE_RWD_JSON_MI_INDEX
20241209,2816,旺旺保,TWSE,32.5,32.65,32.4,32.5,209998,6825777,TWSE_RWD_JSON_MI_INDEX
20241209,2820,華票,TWSE,15.35,15.4,15.3,15.4,1069228,16412027,TWSE_RWD_JSON_MI_INDEX
20241209,2832,台產,TWSE,29.5,29.55,29.45,29.5,208486,6150388,TWSE_RWD_JSON_MI_INDEX
20241209,2834,臺企銀,TWSE,15.1,15.15,15.05,15.1,10639917,160535202,TWSE_RWD_JSON_MI_INDEX
20241209,2836,高雄銀,TWSE,11.75,11.75,11.7,11.75,582564,6829115,TWSE_RWD_JSON_MI_INDEX
20241209,2838,聯邦銀,TWSE,15.6,15.65,15.55,15.6,851289,13288414,TWSE_RWD_JSON_MI_INDEX
20241209,2845,遠東銀,TWSE,13.8,13.85,13.75,13.85,4091322,56537265,TWSE_RWD_JSON_MI_INDEX
20241209,2849,安泰銀,TWSE,14.45,14.5,14.4,14.4,27496,397115,TWSE_RWD_JSON_MI_INDEX
20241209,2850,新產,TWSE,104.0,104.0,102.5,104.0,279412,28887491,TWSE_RWD_JSON_MI_INDEX
20241209,2851,中再保,TWSE,26.35,26.4,26.2,26.35,705610,18552816,TWSE_RWD_JSON_MI_INDEX
20241209,2852,第一保,TWSE,25.75,25.75,25.45,25.65,389979,9973907,TWSE_RWD_JSON_MI_INDEX
20241209,2855,統一證,TWSE,27.5,27.55,27.3,27.45,1948616,53451931,TWSE_RWD_JSON_MI_INDEX
20241209,2867,三商壽,TWSE,6.65,6.65,6.59,6.62,4160932,27501800,TWSE_RWD_JSON_MI_INDEX
20241209,2880,華南金,TWSE,27.35,27.6,27.3,27.55,28558865,784587523,TWSE_RWD_JSON_MI_INDEX
20241209,2881,富邦金,TWSE,91.9,92.1,91.3,91.5,10252385,946843316,TWSE_RWD_JSON_MI_INDEX
20241209,2882,國泰金,TWSE,68.7,69.4,68.6,69.2,18245451,1261514715,TWSE_RWD_JSON_MI_INDEX
20241209,2883,凱基金,TWSE,18.05,18.1,17.9,18.0,37930111,682810879,TWSE_RWD_JSON_MI_INDEX
20241209,2884,玉山金,TWSE,27.5,27.65,27.4,27.55,12590702,346240413,TWSE_RWD_JSON_MI_INDEX
20241209,2885,元大金,TWSE,34.9,35.4,34.75,34.95,15233409,533557944,TWSE_RWD_JSON_MI_INDEX
20241209,2886,兆豐金,TWSE,39.7,39.95,39.55,39.95,13322809,530717126,TWSE_RWD_JSON_MI_INDEX
20241209,2887,台新新光金,TWSE,17.5,17.75,17.45,17.65,37861129,665922148,TWSE_RWD_JSON_MI_INDEX
20241209,2888,新光金,TWSE,11.9,12.0,11.9,12.0,45367009,542280972,TWSE_RWD_JSON_MI_INDEX
20241209,2889,國票金,TWSE,14.95,15.05,14.85,14.95,7609442,113884685,TWSE_RWD_JSON_MI_INDEX
20241209,2890,永豐金,TWSE,24.3,24.4,23.9,24.1,26564328,639200964,TWSE_RWD_JSON_MI_INDEX
20241209,2891,中信金,TWSE,39.1,39.15,38.85,39.05,31799720,1240220398,TWSE_RWD_JSON_MI_INDEX
20241209,2892,第一金,TWSE,28.0,28.1,27.9,28.1,11920435,334172535,TWSE_RWD_JSON_MI_INDEX
20241209,2897,王道銀行,TWSE,9.93,9.97,9.93,9.94,1188708,11831179,TWSE_RWD_JSON_MI_INDEX
20241209,2901,欣欣,TWSE,27.25,27.25,27.05,27.2,489583,13270493,TWSE_RWD_JSON_MI_INDEX
20241209,2903,遠百,TWSE,24.7,24.7,24.3,24.3,2419072,59055890,TWSE_RWD_JSON_MI_INDEX
20241209,2904,匯僑,TWSE,18.05,18.05,18.05,18.05,10969,198053,TWSE_RWD_JSON_MI_INDEX
20241209,2905,三商,TWSE,16.15,16.15,15.95,15.95,1104107,17653056,TWSE_RWD_JSON_MI_INDEX
20241209,2906,高林,TWSE,17.85,17.95,17.8,17.8,99093,1768036,TWSE_RWD_JSON_MI_INDEX
20241209,2908,特力,TWSE,20.1,20.15,20.0,20.15,300851,6047216,TWSE_RWD_JSON_MI_INDEX
20241209,2910,統領,TWSE,26.25,26.25,26.25,26.25,11002,288800,TWSE_RWD_JSON_MI_INDEX
20241209,2911,麗嬰房,TWSE,8.99,8.99,8.65,8.82,30050,263740,TWSE_RWD_JSON_MI_INDEX
20241209,2912,統一超,TWSE,272.5,272.5,270.0,270.0,1087057,293911394,TWSE_RWD_JSON_MI_INDEX
20241209,2913,農林,TWSE,21.2,21.7,21.2,21.5,4326664,92936586,TWSE_RWD_JSON_MI_INDEX
20241209,2915,潤泰全,TWSE,76.9,77.2,76.0,77.2,5515187,422351931,TWSE_RWD_JSON_MI_INDEX
20241209,2923,鼎固-KY,TWSE,32.0,32.0,30.8,31.1,12168,380439,TWSE_RWD_JSON_MI_INDEX
20241209,2929,淘帝-KY,TWSE,15.55,15.65,15.15,15.2,2700192,41355033,TWSE_RWD_JSON_MI_INDEX
20241209,2939,永邑-KY,TWSE,34.9,34.9,33.5,33.5,24386,829639,TWSE_RWD_JSON_MI_INDEX
20241209,2945,三商家購,TWSE,41.3,41.3,41.2,41.2,5107,210491,TWSE_RWD_JSON_MI_INDEX
20241209,3002,歐格,TWSE,14.75,14.95,14.75,14.8,23000,341900,TWSE_RWD_JSON_MI_INDEX
20241209,3003,健和興,TWSE,77.7,77.8,76.0,76.1,2222719,170161940,TWSE_RWD_JSON_MI_INDEX
20241209,3004,豐達科,TWSE,93.0,96.3,92.4,93.5,349702,33067555,TWSE_RWD_JSON_MI_INDEX
20241209,3005,神基,TWSE,108.0,108.0,106.5,107.5,1359347,145795470,TWSE_RWD_JSON_MI_INDEX
20241209,3006,晶豪科,TWSE,64.4,64.6,63.6,64.2,1226356,78607527,TWSE_RWD_JSON_MI_INDEX
20241209,3008,大立光,TWSE,2490.0,2500.0,2420.0,2440.0,615007,1506869255,TWSE_RWD_JSON_MI_INDEX
20241209,3010,華立,TWSE,125.5,126.5,125.0,126.5,390381,49132039,TWSE_RWD_JSON_MI_INDEX
20241209,3011,今皓,TWSE,25.5,25.55,24.95,25.0,589937,14855059,TWSE_RWD_JSON_MI_INDEX
20241209,3013,晟銘電,TWSE,144.5,145.5,139.5,141.0,7141580,1008836014,TWSE_RWD_JSON_MI_INDEX
20241209,3014,聯陽,TWSE,146.0,147.5,145.5,145.5,616997,90246131,TWSE_RWD_JSON_MI_INDEX
20241209,3015,全漢,TWSE,66.5,66.5,63.1,63.3,3496677,224702742,TWSE_RWD_JSON_MI_INDEX
20241209,3016,嘉晶,TWSE,52.1,52.1,51.0,51.1,119356,6145533,TWSE_RWD_JSON_MI_INDEX
20241209,3017,奇鋐,TWSE,710.0,712.0,693.0,708.0,7494660,5262190471,TWSE_RWD_JSON_MI_INDEX
20241209,3018,隆銘綠能,TWSE,29.0,29.55,28.8,29.2,54301,1576425,TWSE_RWD_JSON_MI_INDEX
20241209,3019,亞光,TWSE,110.5,117.0,109.0,116.5,14791260,1698726025,TWSE_RWD_JSON_MI_INDEX
20241209,3021,鴻名,TWSE,32.45,32.65,31.35,31.35,710696,22550254,TWSE_RWD_JSON_MI_INDEX
20241209,3022,威強電,TWSE,80.8,81.3,80.0,80.1,396566,31905525,TWSE_RWD_JSON_MI_INDEX
20241209,3023,信邦,TWSE,264.0,264.0,255.5,256.5,629807,162300289,TWSE_RWD_JSON_MI_INDEX
20241209,3024,憶聲,TWSE,21.65,22.25,21.55,21.8,10515372,230399943,TWSE_RWD_JSON_MI_INDEX
20241209,3025,星通,TWSE,80.0,83.1,79.1,82.0,11679482,954704170,TWSE_RWD_JSON_MI_INDEX
20241209,3026,禾伸堂,TWSE,90.0,90.3,88.8,89.0,276671,24707874,TWSE_RWD_JSON_MI_INDEX
20241209,3027,盛達,TWSE,32.9,33.0,32.05,32.05,1314842,42807532,TWSE_RWD_JSON_MI_INDEX
20241209,3028,增你強,TWSE,30.3,30.5,30.2,30.25,216363,6559967,TWSE_RWD_JSON_MI_INDEX
20241209,3029,零壹,TWSE,149.0,156.0,143.0,152.0,53162947,7879336589,TWSE_RWD_JSON_MI_INDEX
20241209,3030,德律,TWSE,130.0,130.5,121.0,123.5,2538701,314287740,TWSE_RWD_JSON_MI_INDEX
20241209,3031,佰鴻,TWSE,21.8,21.8,20.9,21.15,749459,15868280,TWSE_RWD_JSON_MI_INDEX
20241209,3032,偉訓,TWSE,92.5,95.7,89.8,89.9,13481584,1242984769,TWSE_RWD_JSON_MI_INDEX
20241209,3033,威健,TWSE,35.2,35.4,34.75,34.85,1223978,42816729,TWSE_RWD_JSON_MI_INDEX
20241209,3034,聯詠,TWSE,489.0,492.0,486.0,487.5,1639012,800695967,TWSE_RWD_JSON_MI_INDEX
20241209,3035,智原,TWSE,229.0,238.0,227.0,235.0,5993064,1401118576,TWSE_RWD_JSON_MI_INDEX
20241209,3036,文曄,TWSE,112.5,112.5,110.5,111.0,1258862,140115118,TWSE_RWD_JSON_MI_INDEX
20241209,3037,欣興,TWSE,150.0,151.0,147.0,148.5,12496512,1859865968,TWSE_RWD_JSON_MI_INDEX
20241209,3038,全台,TWSE,27.55,27.55,27.35,27.35,162368,4454929,TWSE_RWD_JSON_MI_INDEX
20241209,3040,遠見,TWSE,48.85,48.85,47.5,47.85,803680,38538476,TWSE_RWD_JSON_MI_INDEX
20241209,3041,揚智,TWSE,30.05,30.25,28.6,28.6,1678256,48962933,TWSE_RWD_JSON_MI_INDEX
20241209,3042,晶技,TWSE,104.5,105.5,103.0,104.0,1002179,104123584,TWSE_RWD_JSON_MI_INDEX
20241209,3043,科風,TWSE,45.15,45.8,41.2,41.65,4141667,179719737,TWSE_RWD_JSON_MI_INDEX
20241209,3044,健鼎,TWSE,195.0,195.0,191.5,193.0,924589,178305253,TWSE_RWD_JSON_MI_INDEX
20241209,3045,台灣大,TWSE,114.0,114.5,113.0,114.5,2808059,320574523,TWSE_RWD_JSON_MI_INDEX
20241209,3046,建碁,TWSE,54.4,54.4,53.3,53.6,214653,11513013,TWSE_RWD_JSON_MI_INDEX
20241209,3047,訊舟,TWSE,32.95,32.95,31.75,31.75,3210037,103102744,TWSE_RWD_JSON_MI_INDEX
20241209,3048,益登,TWSE,31.8,31.8,30.85,30.85,958247,29814927,TWSE_RWD_JSON_MI_INDEX
20241209,3049,精金,TWSE,10.15,10.15,9.9,9.99,5071493,50613747,TWSE_RWD_JSON_MI_INDEX
20241209,3050,鈺德,TWSE,18.65,18.65,17.85,17.95,1531313,27686751,TWSE_RWD_JSON_MI_INDEX
20241209,3051,力特,TWSE,33.6,34.4,32.75,32.95,4191191,140833141,TWSE_RWD_JSON_MI_INDEX
20241209,3052,夆典,TWSE,12.05,12.05,11.95,11.95,145020,1742482,TWSE_RWD_JSON_MI_INDEX
20241209,3054,立萬利,TWSE,22.95,23.4,22.95,23.35,20108,466203,TWSE_RWD_JSON_MI_INDEX
20241209,3055,蔚華科,TWSE,66.1,67.4,66.1,66.9,267721,17878258,TWSE_RWD_JSON_MI_INDEX
20241209,3056,富華新,TWSE,35.55,35.8,35.0,35.65,2185865,77605235,TWSE_RWD_JSON_MI_INDEX
20241209,3057,喬鼎,TWSE,11.9,12.05,11.85,11.85,48905,582593,TWSE_RWD_JSON_MI_INDEX
20241209,3058,立德,TWSE,16.8,17.0,16.6,16.7,502845,8452613,TWSE_RWD_JSON_MI_INDEX
20241209,3059,華晶科,TWSE,31.7,31.7,30.9,31.0,867388,27046912,TWSE_RWD_JSON_MI_INDEX
20241209,3060,銘異,TWSE,23.55,23.6,23.25,23.25,510748,11938136,TWSE_RWD_JSON_MI_INDEX
20241209,3062,建漢,TWSE,33.1,33.25,31.85,32.0,7452053,240022116,TWSE_RWD_JSON_MI_INDEX
20241209,3090,日電貿,TWSE,74.9,75.0,70.4,71.8,10402063,749139733,TWSE_RWD_JSON_MI_INDEX
20241209,3092,鴻碩,TWSE,30.75,30.8,30.3,30.4,170281,5188206,TWSE_RWD_JSON_MI_INDEX
20241209,3094,聯傑,TWSE,30.2,30.25,29.7,29.7,245780,7360045,TWSE_RWD_JSON_MI_INDEX
20241209,3130,一零四,TWSE,221.5,221.5,220.5,220.5,13662,3021181,TWSE_RWD_JSON_MI_INDEX
20241209,3138,耀登,TWSE,111.5,112.0,108.0,108.5,174033,19014175,TWSE_RWD_JSON_MI_INDEX
20241209,3149,正達,TWSE,31.95,32.4,31.7,32.2,2522809,80792177,TWSE_RWD_JSON_MI_INDEX
20241209,3150,鈺寶-創,TWSE,34.5,36.5,34.5,35.35,27000,966150,TWSE_RWD_JSON_MI_INDEX
20241209,3164,景岳,TWSE,20.15,20.15,20.15,20.15,24656,498007,TWSE_RWD_JSON_MI_INDEX
20241209,3167,大量,TWSE,115.0,115.0,108.5,109.0,3914660,433284487,TWSE_RWD_JSON_MI_INDEX
20241209,3168,眾福科,TWSE,47.2,47.85,47.1,47.85,5748,272160,TWSE_RWD_JSON_MI_INDEX
20241209,3189,景碩,TWSE,95.7,96.0,94.0,94.3,2190001,207483982,TWSE_RWD_JSON_MI_INDEX
20241209,3209,全科,TWSE,36.65,36.65,36.05,36.15,773640,28050904,TWSE_RWD_JSON_MI_INDEX
20241209,3229,晟鈦,TWSE,20.25,20.25,19.2,19.2,63136,1231837,TWSE_RWD_JSON_MI_INDEX
20241209,3231,緯創,TWSE,120.0,120.5,117.5,118.5,21173576,2516014210,TWSE_RWD_JSON_MI_INDEX
20241209,3257,虹冠電,TWSE,57.5,58.5,53.3,54.7,2160388,119379430,TWSE_RWD_JSON_MI_INDEX
20241209,3266,昇陽,TWSE,19.95,19.95,19.4,19.4,104769,2043917,TWSE_RWD_JSON_MI_INDEX
20241209,3296,勝德,TWSE,31.0,31.45,29.2,31.45,1324059,40229273,TWSE_RWD_JSON_MI_INDEX
20241209,3305,昇貿,TWSE,66.2,67.2,64.9,65.8,389436,25637461,TWSE_RWD_JSON_MI_INDEX
20241209,3308,聯德,TWSE,25.7,25.7,24.7,24.7,75483,1879834,TWSE_RWD_JSON_MI_INDEX
20241209,3311,閎暉,TWSE,36.45,36.45,36.05,36.1,29842,1078481,TWSE_RWD_JSON_MI_INDEX
20241209,3312,弘憶股,TWSE,60.6,60.7,58.7,60.0,939753,56136931,TWSE_RWD_JSON_MI_INDEX
20241209,3321,同泰,TWSE,17.0,17.05,16.0,16.1,758731,12452704,TWSE_RWD_JSON_MI_INDEX
20241209,3338,泰碩,TWSE,70.8,71.1,69.0,69.0,1233407,85945989,TWSE_RWD_JSON_MI_INDEX
20241209,3346,麗清,TWSE,38.35,38.35,37.6,37.75,281416,10634991,TWSE_RWD_JSON_MI_INDEX
20241209,3356,奇偶,TWSE,60.7,60.7,59.2,59.6,262424,15640702,TWSE_RWD_JSON_MI_INDEX
20241209,3376,新日興,TWSE,202.5,204.5,197.0,203.0,3384567,681201258,TWSE_RWD_JSON_MI_INDEX
20241209,3380,明泰,TWSE,36.55,36.55,35.2,35.2,3306520,117726894,TWSE_RWD_JSON_MI_INDEX
20241209,3406,玉晶光,TWSE,450.5,452.0,445.0,448.0,573089,257166879,TWSE_RWD_JSON_MI_INDEX
20241209,3413,京鼎,TWSE,322.0,324.0,316.5,317.5,649191,207164974,TWSE_RWD_JSON_MI_INDEX
20241209,3416,融程電,TWSE,157.0,159.0,154.5,159.0,449423,70614508,TWSE_RWD_JSON_MI_INDEX
20241209,3419,譁裕,TWSE,18.55,18.85,18.15,18.15,725736,13320994,TWSE_RWD_JSON_MI_INDEX
20241209,3432,台端,TWSE,17.85,17.9,17.85,17.9,8572,153113,TWSE_RWD_JSON_MI_INDEX
20241209,3437,榮創,TWSE,23.7,23.7,23.2,23.25,316201,7399881,TWSE_RWD_JSON_MI_INDEX
20241209,3443,創意,TWSE,1240.0,1260.0,1225.0,1225.0,1689034,2093952195,TWSE_RWD_JSON_MI_INDEX
20241209,3447,展達,TWSE,69.0,69.9,66.0,66.0,2352407,158388382,TWSE_RWD_JSON_MI_INDEX
20241209,3450,聯鈞,TWSE,246.0,250.5,240.0,241.0,19071146,4651326234,TWSE_RWD_JSON_MI_INDEX
20241209,3454,晶睿,TWSE,127.5,127.5,123.0,123.5,120778,15003039,TWSE_RWD_JSON_MI_INDEX
20241209,3481,群創,TWSE,15.8,15.85,15.55,15.65,41738149,653966677,TWSE_RWD_JSON_MI_INDEX
20241209,3494,誠研,TWSE,16.15,16.45,16.15,16.35,72546,1180073,TWSE_RWD_JSON_MI_INDEX
20241209,3501,維熹,TWSE,63.7,64.2,63.3,63.5,242984,15459667,TWSE_RWD_JSON_MI_INDEX
20241209,3504,揚明光,TWSE,56.3,56.4,55.5,55.7,123623,6901364,TWSE_RWD_JSON_MI_INDEX
20241209,3515,華擎,TWSE,241.5,242.0,237.0,239.0,399544,95672733,TWSE_RWD_JSON_MI_INDEX
20241209,3518,柏騰,TWSE,27.45,27.45,26.7,26.9,365378,9857248,TWSE_RWD_JSON_MI_INDEX
20241209,3528,安馳,TWSE,52.0,52.1,50.5,51.5,55067,2841400,TWSE_RWD_JSON_MI_INDEX
20241209,3530,晶相光,TWSE,91.5,95.5,91.1,91.3,804723,74848978,TWSE_RWD_JSON_MI_INDEX
20241209,3532,台勝科,TWSE,113.5,115.5,112.0,115.5,517800,59230106,TWSE_RWD_JSON_MI_INDEX
20241209,3533,嘉澤,TWSE,1940.0,1980.0,1915.0,1935.0,840485,1632001105,TWSE_RWD_JSON_MI_INDEX
20241209,3535,晶彩科,TWSE,51.8,52.1,50.1,50.3,1076931,54541143,TWSE_RWD_JSON_MI_INDEX
20241209,3543,州巧,TWSE,22.15,22.4,22.05,22.2,93089,2064726,TWSE_RWD_JSON_MI_INDEX
20241209,3545,敦泰,TWSE,88.2,89.7,87.2,88.1,1880262,166067094,TWSE_RWD_JSON_MI_INDEX
20241209,3550,聯穎,TWSE,19.7,19.75,19.3,19.3,710647,13834100,TWSE_RWD_JSON_MI_INDEX
20241209,3557,嘉威,TWSE,78.9,79.5,78.4,79.4,457528,36076301,TWSE_RWD_JSON_MI_INDEX
20241209,3563,牧德,TWSE,438.5,444.5,426.0,434.5,1575073,684750681,TWSE_RWD_JSON_MI_INDEX
20241209,3576,聯合再生,TWSE,10.85,10.85,10.55,10.55,2185415,23284388,TWSE_RWD_JSON_MI_INDEX
20241209,3583,辛耘,TWSE,448.0,452.0,437.0,439.0,1364355,603031248,TWSE_RWD_JSON_MI_INDEX
20241209,3588,通嘉,TWSE,74.4,74.5,72.4,72.6,209813,15355082,TWSE_RWD_JSON_MI_INDEX
20241209,3591,艾笛森,TWSE,27.2,27.3,26.3,26.3,4911481,131322815,TWSE_RWD_JSON_MI_INDEX
20241209,3592,瑞鼎,TWSE,381.5,383.5,373.0,379.0,486914,184264877,TWSE_RWD_JSON_MI_INDEX
20241209,3593,力銘,TWSE,7.6,7.6,7.25,7.4,313429,2321364,TWSE_RWD_JSON_MI_INDEX
20241209,3596,智易,TWSE,177.0,177.0,168.5,169.5,1091526,186786308,TWSE_RWD_JSON_MI_INDEX
20241209,3605,宏致,TWSE,55.0,55.1,52.7,53.2,2085338,112303272,TWSE_RWD_JSON_MI_INDEX
20241209,3607,谷崧,TWSE,22.65,22.8,20.25,20.35,17161780,372165101,TWSE_RWD_JSON_MI_INDEX
20241209,3617,碩天,TWSE,354.0,354.5,346.0,352.0,846888,296542801,TWSE_RWD_JSON_MI_INDEX
20241209,3622,洋華,TWSE,66.8,66.8,63.9,64.1,3709042,239701445,TWSE_RWD_JSON_MI_INDEX
20241209,3645,達邁,TWSE,44.05,44.05,43.2,43.2,357600,15522207,TWSE_RWD_JSON_MI_INDEX
20241209,3652,精聯,TWSE,39.25,39.25,38.1,38.25,95988,3679994,TWSE_RWD_JSON_MI_INDEX
20241209,3653,健策,TWSE,1525.0,1535.0,1500.0,1525.0,756481,1149944775,TWSE_RWD_JSON_MI_INDEX
20241209,3661,世芯-KY,TWSE,2580.0,2680.0,2540.0,2675.0,3812519,9996840905,TWSE_RWD_JSON_MI_INDEX
20241209,3665,貿聯-KY,TWSE,718.0,724.0,697.0,704.0,2662084,1886995371,TWSE_RWD_JSON_MI_INDEX
20241209,3669,圓展,TWSE,41.75,41.95,41.4,41.45,62083,2584764,TWSE_RWD_JSON_MI_INDEX
20241209,3673,TPK-KY,TWSE,41.6,41.6,40.3,40.45,1468574,59587556,TWSE_RWD_JSON_MI_INDEX
20241209,3679,新至陞,TWSE,134.0,134.0,133.0,133.5,31370,4176903,TWSE_RWD_JSON_MI_INDEX
20241209,3686,達能,TWSE,20.55,21.0,20.25,20.4,294087,6030164,TWSE_RWD_JSON_MI_INDEX
20241209,3694,海華,TWSE,55.1,56.2,53.6,53.7,10132982,555681791,TWSE_RWD_JSON_MI_INDEX
20241209,3701,大眾控,TWSE,38.95,38.95,38.05,38.05,286752,10994625,TWSE_RWD_JSON_MI_INDEX
20241209,3702,大聯大,TWSE,70.2,70.9,69.9,70.6,3031511,213626394,TWSE_RWD_JSON_MI_INDEX
20241209,3703,欣陸,TWSE,30.25,30.8,30.05,30.6,1027153,31261462,TWSE_RWD_JSON_MI_INDEX
20241209,3704,合勤控,TWSE,44.2,44.2,42.25,42.6,3846825,165486891,TWSE_RWD_JSON_MI_INDEX
20241209,3705,永信,TWSE,56.0,56.4,55.8,56.1,221251,12415571,TWSE_RWD_JSON_MI_INDEX
20241209,3706,神達,TWSE,88.0,89.2,85.8,86.0,93892902,8197569651,TWSE_RWD_JSON_MI_INDEX
20241209,3708,上緯投控,TWSE,98.2,98.2,96.4,96.5,438990,42493209,TWSE_RWD_JSON_MI_INDEX
20241209,3711,日月光投控,TWSE,160.0,161.0,158.5,160.0,6697941,1069148052,TWSE_RWD_JSON_MI_INDEX
20241209,3712,永崴投控,TWSE,68.5,68.7,65.2,65.6,5073853,337297566,TWSE_RWD_JSON_MI_INDEX
20241209,3714,富采,TWSE,46.8,46.8,45.3,45.35,2143560,98314323,TWSE_RWD_JSON_MI_INDEX
20241209,3715,定穎投控,TWSE,64.6,67.4,64.4,66.0,14116449,933372920,TWSE_RWD_JSON_MI_INDEX
20241209,3716,中化控股,TWSE,37.8,38.1,37.6,37.7,85765,3242294,TWSE_RWD_JSON_MI_INDEX
20241209,4104,佳醫,TWSE,87.1,88.0,87.1,87.6,142315,12460628,TWSE_RWD_JSON_MI_INDEX
20241209,4106,雃博,TWSE,24.8,24.8,24.6,24.6,43073,1064360,TWSE_RWD_JSON_MI_INDEX
20241209,4108,懷特,TWSE,17.25,17.4,16.85,16.9,223465,3814544,TWSE_RWD_JSON_MI_INDEX
20241209,4119,旭富,TWSE,97.2,97.2,93.3,93.4,520827,49269100,TWSE_RWD_JSON_MI_INDEX
20241209,4133,亞諾法,TWSE,29.0,29.0,28.7,28.75,48102,1388095,TWSE_RWD_JSON_MI_INDEX
20241209,4137,麗豐-KY,TWSE,116.0,116.5,112.5,112.5,261281,29720340,TWSE_RWD_JSON_MI_INDEX
20241209,4142,國光生,TWSE,21.65,21.75,21.4,21.65,442110,9527390,TWSE_RWD_JSON_MI_INDEX
20241209,4148,全宇生技-KY,TWSE,50.3,50.3,49.5,49.6,37009,1842344,TWSE_RWD_JSON_MI_INDEX
20241209,4155,訊映,TWSE,21.95,22.0,21.75,21.9,315657,6897817,TWSE_RWD_JSON_MI_INDEX
20241209,4164,承業醫,TWSE,41.45,41.45,40.75,40.75,159462,6521793,TWSE_RWD_JSON_MI_INDEX
20241209,4190,佐登-KY,TWSE,48.45,49.0,48.1,48.3,25573,1241127,TWSE_RWD_JSON_MI_INDEX
20241209,4306,炎洲,TWSE,18.1,18.1,17.95,17.95,910216,16389683,TWSE_RWD_JSON_MI_INDEX
20241209,4414,如興,TWSE,3.22,3.24,3.16,3.23,532710,1707740,TWSE_RWD_JSON_MI_INDEX
20241209,4426,利勤,TWSE,13.15,13.15,13.0,13.0,163553,2142372,TWSE_RWD_JSON_MI_INDEX
20241209,4438,廣越,TWSE,99.7,100.5,99.7,99.9,30012,3002019,TWSE_RWD_JSON_MI_INDEX
20241209,4439,冠星-KY,TWSE,97.3,98.0,97.3,98.0,10000,975600,TWSE_RWD_JSON_MI_INDEX
20241209,4440,宜新實業,TWSE,25.05,25.2,24.9,25.0,60120,1502566,TWSE_RWD_JSON_MI_INDEX
20241209,4526,東台,TWSE,31.55,31.55,30.6,30.6,2707457,83595742,TWSE_RWD_JSON_MI_INDEX
20241209,4532,瑞智,TWSE,26.25,26.3,26.05,26.05,723963,18924522,TWSE_RWD_JSON_MI_INDEX
20241209,4536,拓凱,TWSE,201.5,201.5,196.0,197.0,264181,52345076,TWSE_RWD_JSON_MI_INDEX
20241209,4540,全球傳動,TWSE,39.95,43.5,39.95,42.4,3560095,149716493,TWSE_RWD_JSON_MI_INDEX
20241209,4545,銘鈺,TWSE,52.7,52.7,51.2,51.5,244048,12634367,TWSE_RWD_JSON_MI_INDEX
20241209,4551,智伸科,TWSE,118.0,118.5,113.5,114.5,621387,71368997,TWSE_RWD_JSON_MI_INDEX
20241209,4552,力達-KY,TWSE,25.55,25.6,25.4,25.6,144573,3695358,TWSE_RWD_JSON_MI_INDEX
20241209,4555,氣立,TWSE,37.95,37.95,36.85,37.05,144139,5361853,TWSE_RWD_JSON_MI_INDEX
20241209,4557,永新-KY,TWSE,137.5,137.5,130.0,132.0,262822,34778171,TWSE_RWD_JSON_MI_INDEX
20241209,4560,強信-KY,TWSE,33.9,34.2,33.65,34.0,277000,9385950,TWSE_RWD_JSON_MI_INDEX
20241209,4562,穎漢,TWSE,65.3,65.4,64.1,64.2,1363265,87879108,TWSE_RWD_JSON_MI_INDEX
20241209,4564,元翎,TWSE,21.9,21.9,21.7,21.7,319233,6951975,TWSE_RWD_JSON_MI_INDEX
20241209,4566,時碩工業,TWSE,75.7,76.7,74.8,75.2,589268,44505945,TWSE_RWD_JSON_MI_INDEX
20241209,4569,六方科-KY,TWSE,207.5,212.0,202.0,203.0,174856,35779095,TWSE_RWD_JSON_MI_INDEX
20241209,4571,鈞興-KY,TWSE,176.5,186.0,176.0,178.5,2770770,500765983,TWSE_RWD_JSON_MI_INDEX
20241209,4572,駐龍,TWSE,156.0,158.5,156.0,156.5,129211,20304693,TWSE_RWD_JSON_MI_INDEX
20241209,4576,大銀微系統,TWSE,118.5,119.5,114.5,116.0,1445516,168857451,TWSE_RWD_JSON_MI_INDEX
20241209,4581,光隆精密-KY,TWSE,56.1,56.1,54.8,54.8,29000,1609700,TWSE_RWD_JSON_MI_INDEX
20241209,4583,台灣精銳,TWSE,670.0,673.0,650.0,654.0,351591,231319716,TWSE_RWD_JSON_MI_INDEX
20241209,4588,玖鼎電力,TWSE,81.6,86.1,81.6,82.3,253099,21072289,TWSE_RWD_JSON_MI_INDEX
20241209,4720,德淵,TWSE,20.05,20.15,19.7,19.75,609451,12137407,TWSE_RWD_JSON_MI_INDEX
20241209,4722,國精化,TWSE,45.6,45.6,44.8,44.8,75917,3423306,TWSE_RWD_JSON_MI_INDEX
20241209,4736,泰博,TWSE,148.0,149.5,148.0,148.5,68680,10202295,TWSE_RWD_JSON_MI_INDEX
20241209,4737,華廣,TWSE,68.0,68.0,66.9,66.9,53051,3570402,TWSE_RWD_JSON_MI_INDEX
20241209,4739,康普,TWSE,61.5,63.0,60.6,63.0,564906,34991688,TWSE_RWD_JSON_MI_INDEX
20241209,4746,台耀,TWSE,76.7,76.7,75.2,75.6,957644,72517470,TWSE_RWD_JSON_MI_INDEX
20241209,4755,三福化,TWSE,144.0,145.0,139.5,142.5,972027,137895757,TWSE_RWD_JSON_MI_INDEX
20241209,4763,材料*-KY,TWSE,958.0,979.0,949.0,968.0,4693196,4527960186,TWSE_RWD_JSON_MI_INDEX
20241209,4764,雙鍵,TWSE,46.5,46.5,45.0,45.0,7080,323331,TWSE_RWD_JSON_MI_INDEX
20241209,4766,南寶,TWSE,334.5,335.0,326.0,327.0,315783,104178959,TWSE_RWD_JSON_MI_INDEX
20241209,4770,上品,TWSE,322.5,328.0,320.0,325.5,140049,45542848,TWSE_RWD_JSON_MI_INDEX
20241209,4771,望隼,TWSE,179.5,179.5,172.0,172.0,161140,28156849,TWSE_RWD_JSON_MI_INDEX
20241209,4807,日成-KY,TWSE,20.0,20.15,19.6,19.8,110485,2188062,TWSE_RWD_JSON_MI_INDEX
20241209,4904,遠傳,TWSE,89.5,90.0,89.2,90.0,2223515,199817992,TWSE_RWD_JSON_MI_INDEX
20241209,4906,正文,TWSE,36.3,36.5,35.5,35.6,2306864,82569683,TWSE_RWD_JSON_MI_INDEX
20241209,4912,聯德控股-KY,TWSE,132.0,139.5,125.0,126.0,2848557,380592600,TWSE_RWD_JSON_MI_INDEX
20241209,4915,致伸,TWSE,79.1,79.5,78.7,79.4,721685,57194688,TWSE_RWD_JSON_MI_INDEX
20241209,4916,事欣科,TWSE,31.5,31.5,30.0,30.2,1063760,32566413,TWSE_RWD_JSON_MI_INDEX
20241209,4919,新唐,TWSE,99.9,101.0,95.7,95.9,7851044,768701424,TWSE_RWD_JSON_MI_INDEX
20241209,4927,泰鼎-KY,TWSE,38.9,39.6,38.2,38.2,1638386,63491087,TWSE_RWD_JSON_MI_INDEX
20241209,4930,燦星網,TWSE,30.75,30.75,30.6,30.65,42233,1294566,TWSE_RWD_JSON_MI_INDEX
20241209,4934,太極,TWSE,13.95,14.15,13.5,13.6,463713,6377064,TWSE_RWD_JSON_MI_INDEX
20241209,4935,茂林-KY,TWSE,63.6,64.0,63.0,63.3,99618,6315371,TWSE_RWD_JSON_MI_INDEX
20241209,4938,和碩,TWSE,94.7,97.5,94.3,97.3,7819682,754221634,TWSE_RWD_JSON_MI_INDEX
20241209,4942,嘉彰,TWSE,41.3,41.7,41.1,41.15,123443,5093875,TWSE_RWD_JSON_MI_INDEX
20241209,4943,康控-KY,TWSE,14.55,14.55,14.55,14.55,1857,26379,TWSE_RWD_JSON_MI_INDEX
20241209,4949,有成精密,TWSE,23.95,23.95,23.55,23.8,8627,204960,TWSE_RWD_JSON_MI_INDEX
20241209,4952,凌通,TWSE,54.5,54.5,53.0,53.6,473602,25313857,TWSE_RWD_JSON_MI_INDEX
20241209,4956,光鋐,TWSE,38.0,38.2,36.3,36.65,4244011,157126003,TWSE_RWD_JSON_MI_INDEX
20241209,4958,臻鼎-KY,TWSE,117.0,117.5,115.5,115.5,3253724,377542494,TWSE_RWD_JSON_MI_INDEX
20241209,4960,誠美材,TWSE,13.0,13.0,12.85,12.95,821358,10621406,TWSE_RWD_JSON_MI_INDEX
20241209,4961,天鈺,TWSE,243.5,243.5,239.5,240.5,467901,112693825,TWSE_RWD_JSON_MI_INDEX
20241209,4967,十銓,TWSE,88.5,88.7,86.9,87.0,855349,74829183,TWSE_RWD_JSON_MI_INDEX
20241209,4968,立積,TWSE,212.5,223.5,205.0,214.5,10333839,2228563696,TWSE_RWD_JSON_MI_INDEX
20241209,4976,佳凌,TWSE,37.7,37.7,36.8,36.9,194600,7221568,TWSE_RWD_JSON_MI_INDEX
20241209,4977,眾達-KY,TWSE,151.5,156.5,143.0,144.5,36444599,5419333011,TWSE_RWD_JSON_MI_INDEX
20241209,4989,榮科,TWSE,19.65,19.9,19.4,19.55,63022,1230356,TWSE_RWD_JSON_MI_INDEX
20241209,4994,傳奇,TWSE,109.5,109.5,108.0,109.0,15297,1665800,TWSE_RWD_JSON_MI_INDEX
20241209,4999,鑫禾,TWSE,34.2,34.2,33.65,34.0,59739,2020628,TWSE_RWD_JSON_MI_INDEX
20241209,5007,三星,TWSE,54.8,54.9,54.6,54.9,60103,3291525,TWSE_RWD_JSON_MI_INDEX
20241209,5203,訊連,TWSE,88.4,90.0,86.7,87.4,435008,38201688,TWSE_RWD_JSON_MI_INDEX
20241209,5215,科嘉-KY,TWSE,46.7,46.7,46.05,46.15,18102,838072,TWSE_RWD_JSON_MI_INDEX
20241209,5222,全訊,TWSE,126.5,126.5,124.0,124.5,313551,39230774,TWSE_RWD_JSON_MI_INDEX
20241209,5225,東科-KY,TWSE,121.5,123.0,121.0,122.0,648995,79119343,TWSE_RWD_JSON_MI_INDEX
20241209,5234,達興材料,TWSE,212.0,213.0,207.0,211.0,666302,140175362,TWSE_RWD_JSON_MI_INDEX
20241209,5243,乙盛-KY,TWSE,69.6,69.6,68.0,68.5,1497174,102692626,TWSE_RWD_JSON_MI_INDEX
20241209,5244,弘凱,TWSE,54.6,54.9,50.5,50.7,4841867,253652262,TWSE_RWD_JSON_MI_INDEX
20241209,5258,虹堡,TWSE,90.1,90.1,88.5,89.1,299542,26681359,TWSE_RWD_JSON_MI_INDEX
20241209,5269,祥碩,TWSE,1885.0,1885.0,1805.0,1885.0,1080073,2002988085,TWSE_RWD_JSON_MI_INDEX
20241209,5283,禾聯碩,TWSE,104.5,104.5,103.5,104.5,471712,49255628,TWSE_RWD_JSON_MI_INDEX
20241209,5284,jpp-KY,TWSE,180.0,185.0,172.0,176.0,3574694,633617293,TWSE_RWD_JSON_MI_INDEX
20241209,5285,界霖,TWSE,52.5,52.5,51.1,51.7,179504,9270125,TWSE_RWD_JSON_MI_INDEX
20241209,5288,豐祥-KY,TWSE,198.0,203.5,197.5,199.5,147061,29370212,TWSE_RWD_JSON_MI_INDEX
20241209,5292,華懋,TWSE,167.5,168.5,165.5,166.5,100896,16860509,TWSE_RWD_JSON_MI_INDEX
20241209,5306,桂盟,TWSE,125.5,125.5,122.0,123.0,350460,43276325,TWSE_RWD_JSON_MI_INDEX
20241209,5388,中磊,TWSE,114.5,116.0,112.5,114.5,2052865,234262120,TWSE_RWD_JSON_MI_INDEX
20241209,5434,崇越,TWSE,302.0,305.0,301.0,303.5,255605,77379069,TWSE_RWD_JSON_MI_INDEX
20241209,5469,瀚宇博,TWSE,52.8,52.8,52.0,52.0,616947,32240821,TWSE_RWD_JSON_MI_INDEX
20241209,5471,松翰,TWSE,43.0,43.55,42.45,42.5,254561,10899287,TWSE_RWD_JSON_MI_INDEX
20241209,5484,慧友,TWSE,54.7,54.7,52.0,52.2,515627,27083709,TWSE_RWD_JSON_MI_INDEX
20241209,5515,建國,TWSE,27.8,27.8,27.45,27.7,322676,8915733,TWSE_RWD_JSON_MI_INDEX
20241209,5519,隆大,TWSE,37.0,37.0,35.95,36.6,532493,19387569,TWSE_RWD_JSON_MI_INDEX
20241209,5521,工信,TWSE,11.4,11.4,11.2,11.25,327277,3694325,TWSE_RWD_JSON_MI_INDEX
20241209,5522,遠雄,TWSE,69.1,70.5,66.3,70.5,3496380,241358388,TWSE_RWD_JSON_MI_INDEX
20241209,5525,順天,TWSE,34.55,34.55,34.2,34.4,31996,1099708,TWSE_RWD_JSON_MI_INDEX
20241209,5531,鄉林,TWSE,11.45,11.85,11.3,11.3,1879685,21753326,TWSE_RWD_JSON_MI_INDEX
20241209,5533,皇鼎,TWSE,21.2,21.2,21.15,21.2,62204,1317678,TWSE_RWD_JSON_MI_INDEX
20241209,5534,長虹,TWSE,91.1,91.1,88.3,88.3,1253449,111772918,TWSE_RWD_JSON_MI_INDEX
20241209,5538,東明-KY,TWSE,34.0,34.05,33.8,33.8,32040,1085310,TWSE_RWD_JSON_MI_INDEX
20241209,5546,永固-KY,TWSE,29.95,30.0,29.95,30.0,50024,1500618,TWSE_RWD_JSON_MI_INDEX
20241209,5607,遠雄港,TWSE,47.0,48.25,46.65,47.55,1354125,64578345,TWSE_RWD_JSON_MI_INDEX
20241209,5608,四維航,TWSE,17.7,18.15,17.7,18.0,2157314,38842830,TWSE_RWD_JSON_MI_INDEX
20241209,5706,鳳凰,TWSE,66.7,66.7,65.0,65.2,260099,17029523,TWSE_RWD_JSON_MI_INDEX
20241209,5871,中租-KY,TWSE,123.0,124.0,120.5,121.0,7026485,851133657,TWSE_RWD_JSON_MI_INDEX
20241209,5876,上海商銀,TWSE,40.0,40.8,40.0,40.15,18279016,737628108,TWSE_RWD_JSON_MI_INDEX
20241209,5880,合庫金,TWSE,25.35,25.35,25.25,25.3,6804580,172195552,TWSE_RWD_JSON_MI_INDEX
20241209,5906,台南-KY,TWSE,55.8,55.8,55.8,55.8,1623,88876,TWSE_RWD_JSON_MI_INDEX
20241209,5907,大洋-KY,TWSE,13.0,13.0,12.35,12.55,1391469,17513560,TWSE_RWD_JSON_MI_INDEX
20241209,6005,群益證,TWSE,23.7,23.75,23.5,23.7,3251664,76861861,TWSE_RWD_JSON_MI_INDEX
20241209,6024,群益期,TWSE,60.5,60.5,59.9,60.2,292235,17579013,TWSE_RWD_JSON_MI_INDEX
20241209,6108,競國,TWSE,16.55,17.5,16.3,16.8,2525708,42935725,TWSE_RWD_JSON_MI_INDEX
20241209,6112,邁達特,TWSE,61.0,61.4,56.1,56.3,16469095,970559335,TWSE_RWD_JSON_MI_INDEX
20241209,6115,鎰勝,TWSE,52.4,53.0,52.2,52.4,81969,4296204,TWSE_RWD_JSON_MI_INDEX
20241209,6116,彩晶,TWSE,8.96,8.97,8.88,8.88,1826022,16265094,TWSE_RWD_JSON_MI_INDEX
20241209,6117,迎廣,TWSE,100.0,100.5,97.8,98.3,949146,93507540,TWSE_RWD_JSON_MI_INDEX
20241209,6120,達運,TWSE,13.6,13.8,13.5,13.6,980203,13370621,TWSE_RWD_JSON_MI_INDEX
20241209,6128,上福,TWSE,35.35,35.45,35.2,35.4,70505,2494253,TWSE_RWD_JSON_MI_INDEX
20241209,6133,金橋,TWSE,22.75,22.75,21.75,21.85,2499017,55119605,TWSE_RWD_JSON_MI_INDEX
20241209,6136,富爾特,TWSE,22.55,22.7,22.55,22.6,143927,3252607,TWSE_RWD_JSON_MI_INDEX
20241209,6139,亞翔,TWSE,237.0,238.0,229.0,229.5,3616237,838581699,TWSE_RWD_JSON_MI_INDEX
20241209,6141,柏承,TWSE,15.45,16.5,15.15,15.2,6424367,101495856,TWSE_RWD_JSON_MI_INDEX
20241209,6142,友勁,TWSE,11.5,11.65,11.2,11.2,516564,5850509,TWSE_RWD_JSON_MI_INDEX
20241209,6152,百一,TWSE,13.45,13.45,12.85,13.0,870195,11308881,TWSE_RWD_JSON_MI_INDEX
20241209,6153,嘉聯益,TWSE,16.85,16.9,16.55,16.6,1449911,24174039,TWSE_RWD_JSON_MI_INDEX
20241209,6155,鈞寶,TWSE,27.35,28.05,27.0,27.55,440326,12156688,TWSE_RWD_JSON_MI_INDEX
20241209,6164,華興,TWSE,15.5,15.5,14.9,14.95,800831,12054151,TWSE_RWD_JSON_MI_INDEX
20241209,6165,浪凡,TWSE,45.6,46.5,45.0,45.0,197059,9002582,TWSE_RWD_JSON_MI_INDEX
20241209,6166,凌華,TWSE,76.0,76.6,74.0,74.5,235732,17668940,TWSE_RWD_JSON_MI_INDEX
20241209,6168,宏齊,TWSE,22.6,22.85,22.05,22.1,433707,9724613,TWSE_RWD_JSON_MI_INDEX
20241209,6176,瑞儀,TWSE,192.0,193.5,190.5,192.0,1216010,233162484,TWSE_RWD_JSON_MI_INDEX
20241209,6177,達麗,TWSE,44.55,44.55,43.35,43.35,1074246,46906755,TWSE_RWD_JSON_MI_INDEX
20241209,6183,關貿,TWSE,82.9,83.7,82.7,82.7,31368,2615738,TWSE_RWD_JSON_MI_INDEX
20241209,6184,大豐電,TWSE,51.7,51.8,51.7,51.8,12596,651684,TWSE_RWD_JSON_MI_INDEX
20241209,6189,豐藝,TWSE,86.5,86.7,85.5,86.3,341124,29319917,TWSE_RWD_JSON_MI_INDEX
20241209,6191,精成科,TWSE,55.1,55.1,54.3,54.4,1979828,108067572,TWSE_RWD_JSON_MI_INDEX
20241209,6192,巨路,TWSE,108.0,108.0,106.5,107.0,134917,14465916,TWSE_RWD_JSON_MI_INDEX
20241209,6196,帆宣,TWSE,151.5,151.5,149.5,150.0,132162,19844482,TWSE_RWD_JSON_MI_INDEX
20241209,6197,佳必琪,TWSE,155.5,156.5,152.0,152.5,927291,142475549,TWSE_RWD_JSON_MI_INDEX
20241209,6202,盛群,TWSE,50.4,50.7,49.1,49.1,676761,33727832,TWSE_RWD_JSON_MI_INDEX
20241209,6205,詮欣,TWSE,74.9,75.1,73.5,74.0,157531,11682337,TWSE_RWD_JSON_MI_INDEX
20241209,6206,飛捷,TWSE,84.5,84.5,83.4,84.0,123663,10370052,TWSE_RWD_JSON_MI_INDEX
20241209,6209,今國光,TWSE,25.2,25.8,25.2,25.55,533124,13674527,TWSE_RWD_JSON_MI_INDEX
20241209,6213,聯茂,TWSE,78.3,78.6,77.0,77.7,2170494,168707304,TWSE_RWD_JSON_MI_INDEX
20241209,6214,精誠,TWSE,159.5,165.0,152.0,164.0,11445696,1790699950,TWSE_RWD_JSON_MI_INDEX
20241209,6215,和椿,TWSE,58.4,58.4,57.0,57.1,546522,31307303,TWSE_RWD_JSON_MI_INDEX
20241209,6216,居易,TWSE,42.3,42.55,41.9,42.05,432649,18210461,TWSE_RWD_JSON_MI_INDEX
20241209,6224,聚鼎,TWSE,67.4,67.4,65.1,65.1,302348,19989365,TWSE_RWD_JSON_MI_INDEX
20241209,6225,天瀚,TWSE,15.2,15.5,14.95,14.95,10533,160514,TWSE_RWD_JSON_MI_INDEX
20241209,6226,光鼎,TWSE,9.38,9.42,9.31,9.34,110168,1031201,TWSE_RWD_JSON_MI_INDEX
20241209,6230,尼得科超眾,TWSE,217.5,217.5,212.0,212.5,27653,5920123,TWSE_RWD_JSON_MI_INDEX
20241209,6235,華孚,TWSE,71.4,71.7,69.8,69.8,1083028,76228013,TWSE_RWD_JSON_MI_INDEX
20241209,6239,力成,TWSE,122.0,122.0,119.0,120.5,2773845,333579831,TWSE_RWD_JSON_MI_INDEX
20241209,6243,迅杰,TWSE,55.0,58.5,53.5,53.5,8045510,453320998,TWSE_RWD_JSON_MI_INDEX
20241209,6257,矽格,TWSE,71.2,71.2,70.1,70.3,2012601,141996840,TWSE_RWD_JSON_MI_INDEX
20241209,6269,台郡,TWSE,65.8,65.8,64.8,65.0,2169442,141049590,TWSE_RWD_JSON_MI_INDEX
20241209,6271,同欣電,TWSE,132.0,132.0,129.5,131.0,1104064,144360894,TWSE_RWD_JSON_MI_INDEX
20241209,6277,宏正,TWSE,78.8,78.8,77.8,77.9,61193,4772057,TWSE_RWD_JSON_MI_INDEX
20241209,6278,台表科,TWSE,105.0,105.5,103.0,105.5,1129069,118343645,TWSE_RWD_JSON_MI_INDEX
20241209,6281,全國電,TWSE,83.1,83.3,82.9,82.9,35597,2954789,TWSE_RWD_JSON_MI_INDEX
20241209,6282,康舒,TWSE,33.55,33.55,32.4,32.5,3141878,102905320,TWSE_RWD_JSON_MI_INDEX
20241209,6283,淳安,TWSE,27.05,27.1,26.45,26.75,253546,6787217,TWSE_RWD_JSON_MI_INDEX
20241209,6285,啟碁,TWSE,121.0,121.0,118.5,119.5,1268554,151609334,TWSE_RWD_JSON_MI_INDEX
20241209,6288,聯嘉,TWSE,29.7,29.85,28.5,28.6,3683981,106638733,TWSE_RWD_JSON_MI_INDEX
20241209,6405,悅城,TWSE,36.15,36.2,35.0,35.15,991289,35162393,TWSE_RWD_JSON_MI_INDEX
20241209,6409,旭隼,TWSE,1850.0,1945.0,1850.0,1930.0,142865,272908195,TWSE_RWD_JSON_MI_INDEX
20241209,6412,群電,TWSE,129.5,130.5,126.0,126.0,805450,102558623,TWSE_RWD_JSON_MI_INDEX
20241209,6414,樺漢,TWSE,307.5,310.5,304.5,305.0,594163,181849866,TWSE_RWD_JSON_MI_INDEX
20241209,6415,矽力*-KY,TWSE,423.0,423.0,409.0,411.5,2206611,909726723,TWSE_RWD_JSON_MI_INDEX
20241209,6416,瑞祺電通,TWSE,112.5,114.0,111.0,112.0,1571760,176346386,TWSE_RWD_JSON_MI_INDEX
20241209,6423,億而得,TWSE,93.4,94.0,93.2,93.2,31290,2931301,TWSE_RWD_JSON_MI_INDEX
20241209,6426,統新,TWSE,109.5,110.5,102.0,108.5,5692569,609498683,TWSE_RWD_JSON_MI_INDEX
20241209,6431,光麗-KY,TWSE,15.65,15.95,15.05,15.4,170010,2603861,TWSE_RWD_JSON_MI_INDEX
20241209,6438,迅得,TWSE,196.5,198.0,191.0,191.5,1410942,273351067,TWSE_RWD_JSON_MI_INDEX
20241209,6442,光聖,TWSE,510.0,556.0,505.0,556.0,7429586,4016239519,TWSE_RWD_JSON_MI_INDEX
20241209,6443,元晶,TWSE,21.4,21.4,20.2,20.2,7834373,161643316,TWSE_RWD_JSON_MI_INDEX
20241209,6446,藥華藥,TWSE,592.0,596.0,582.0,582.0,772912,453941832,TWSE_RWD_JSON_MI_INDEX
20241209,6449,鈺邦,TWSE,154.0,154.0,148.0,148.0,472454,70709334,TWSE_RWD_JSON_MI_INDEX
20241209,6451,訊芯-KY,TWSE,246.5,271.0,241.0,271.0,25877825,6706892874,TWSE_RWD_JSON_MI_INDEX
20241209,6456,GIS-KY,TWSE,50.9,50.9,49.75,49.9,447357,22444396,TWSE_RWD_JSON_MI_INDEX
20241209,6464,台數科,TWSE,80.5,80.5,80.3,80.3,4073,327327,TWSE_RWD_JSON_MI_INDEX
20241209,6472,保瑞,TWSE,794.0,794.0,775.0,779.0,2854768,2235606797,TWSE_RWD_JSON_MI_INDEX
20241209,6477,安集,TWSE,31.1,31.35,30.6,30.6,333012,10271719,TWSE_RWD_JSON_MI_INDEX
20241209,6491,晶碩,TWSE,363.0,363.0,350.0,352.0,490332,173588504,TWSE_RWD_JSON_MI_INDEX
20241209,6504,南六,TWSE,67.8,69.5,67.8,68.8,31069,2123247,TWSE_RWD_JSON_MI_INDEX
20241209,6505,台塑化,TWSE,40.15,40.2,39.05,39.1,11358342,447304418,TWSE_RWD_JSON_MI_INDEX
20241209,6515,穎崴,TWSE,1160.0,1160.0,1095.0,1115.0,1353857,1516309020,TWSE_RWD_JSON_MI_INDEX
20241209,6525,捷敏-KY,TWSE,70.1,70.1,68.0,68.3,193507,13266674,TWSE_RWD_JSON_MI_INDEX
20241209,6526,達發,TWSE,678.0,685.0,670.0,685.0,479806,325428050,TWSE_RWD_JSON_MI_INDEX
20241209,6531,愛普*,TWSE,315.0,318.5,312.0,317.5,1183469,373600047,TWSE_RWD_JSON_MI_INDEX
20241209,6533,晶心科,TWSE,384.5,405.0,384.5,403.0,1219243,487692638,TWSE_RWD_JSON_MI_INDEX
20241209,6534,正瀚-創,TWSE,82.0,82.4,81.7,82.4,60339,4945898,TWSE_RWD_JSON_MI_INDEX
20241209,6541,泰福-KY,TWSE,69.0,69.0,67.5,68.0,301223,20498375,TWSE_RWD_JSON_MI_INDEX
20241209,6550,北極星藥業-KY,TWSE,50.7,50.7,50.1,50.2,315764,15866023,TWSE_RWD_JSON_MI_INDEX
20241209,6552,易華電,TWSE,38.55,39.75,38.55,38.8,38450,1491274,TWSE_RWD_JSON_MI_INDEX
20241209,6558,興能高,TWSE,44.3,44.6,40.7,40.7,14622219,614245528,TWSE_RWD_JSON_MI_INDEX
20241209,6573,虹揚-KY,TWSE,15.6,15.6,15.2,15.5,81556,1254985,TWSE_RWD_JSON_MI_INDEX
20241209,6579,研揚,TWSE,127.5,127.5,125.0,125.0,41491,5219564,TWSE_RWD_JSON_MI_INDEX
20241209,6581,鋼聯,TWSE,120.0,120.0,117.5,118.0,44083,5219485,TWSE_RWD_JSON_MI_INDEX
20241209,6582,申豐,TWSE,61.7,66.1,61.7,64.0,398556,25820842,TWSE_RWD_JSON_MI_INDEX
20241209,6585,鼎基,TWSE,147.0,147.0,136.5,136.5,1166911,163061778,TWSE_RWD_JSON_MI_INDEX
20241209,6591,動力-KY,TWSE,54.8,56.8,54.7,55.2,510262,28366713,TWSE_RWD_JSON_MI_INDEX
20241209,6592,和潤企業,TWSE,83.2,84.3,81.2,81.3,1091724,89338293,TWSE_RWD_JSON_MI_INDEX
20241209,6598,ABC-KY,TWSE,22.5,22.5,22.1,22.2,108431,2409467,TWSE_RWD_JSON_MI_INDEX
20241209,6605,帝寶,TWSE,242.5,242.5,236.0,237.0,176706,42020141,TWSE_RWD_JSON_MI_INDEX
20241209,6606,建德工業,TWSE,28.25,28.25,27.75,27.8,103667,2887582,TWSE_RWD_JSON_MI_INDEX
20241209,6625,必應,TWSE,86.7,86.7,85.6,86.5,89646,7725792,TWSE_RWD_JSON_MI_INDEX
20241209,6641,基士德-KY,TWSE,35.2,35.2,34.5,34.5,6064,210357,TWSE_RWD_JSON_MI_INDEX
20241209,6645,金萬林-創,TWSE,26.05,27.2,26.05,26.5,17300,455750,TWSE_RWD_JSON_MI_INDEX
20241209,6657,華安,TWSE,53.5,54.7,52.0,53.6,148741,7919963,TWSE_RWD_JSON_MI_INDEX
20241209,6658,聯策,TWSE,76.6,76.9,73.6,73.6,525328,39088214,TWSE_RWD_JSON_MI_INDEX
20241209,6666,羅麗芬-KY,TWSE,55.0,55.0,53.5,53.6,29042,1569915,TWSE_RWD_JSON_MI_INDEX
20241209,6668,中揚光,TWSE,53.4,54.3,52.5,53.7,687069,36738294,TWSE_RWD_JSON_MI_INDEX
20241209,6669,緯穎,TWSE,2500.0,2545.0,2455.0,2485.0,5032088,12566698395,TWSE_RWD_JSON_MI_INDEX
20241209,6670,復盛應用,TWSE,321.0,332.0,312.5,313.5,813424,261392969,TWSE_RWD_JSON_MI_INDEX
20241209,6671,三能-KY,TWSE,42.95,42.95,42.2,42.3,44000,1869350,TWSE_RWD_JSON_MI_INDEX
20241209,6672,騰輝電子-KY,TWSE,67.7,68.8,67.2,68.7,199167,13546743,TWSE_RWD_JSON_MI_INDEX
20241209,6674,鋐寶科技,TWSE,26.95,26.95,24.25,24.45,366927,9190931,TWSE_RWD_JSON_MI_INDEX
20241209,6689,伊雲谷,TWSE,114.0,115.5,109.0,110.0,5701237,638466714,TWSE_RWD_JSON_MI_INDEX
20241209,6691,洋基工程,TWSE,346.5,368.5,342.0,368.5,2170620,782392762,TWSE_RWD_JSON_MI_INDEX
20241209,6695,芯鼎,TWSE,68.5,70.2,67.0,67.5,20229930,1378793956,TWSE_RWD_JSON_MI_INDEX
20241209,6698,旭暉應材,TWSE,37.9,37.9,37.05,37.45,122282,4584206,TWSE_RWD_JSON_MI_INDEX
20241209,6706,惠特,TWSE,170.0,170.5,163.0,163.5,3521035,582938654,TWSE_RWD_JSON_MI_INDEX
20241209,6715,嘉基,TWSE,179.0,180.5,174.0,175.5,709909,125293947,TWSE_RWD_JSON_MI_INDEX
20241209,6719,力智,TWSE,238.0,242.0,232.5,233.0,432901,101887398,TWSE_RWD_JSON_MI_INDEX
20241209,6742,澤米,TWSE,59.7,59.7,58.5,58.8,227529,13405337,TWSE_RWD_JSON_MI_INDEX
20241209,6743,安普新,TWSE,47.25,47.9,46.35,46.35,223449,10464195,TWSE_RWD_JSON_MI_INDEX
20241209,6753,龍德造船,TWSE,103.5,104.0,102.0,103.5,190786,19700589,TWSE_RWD_JSON_MI_INDEX
20241209,6754,匯僑設計,TWSE,69.0,69.8,69.0,69.1,47565,3294401,TWSE_RWD_JSON_MI_INDEX
20241209,6756,威鋒電子,TWSE,135.0,140.0,131.0,131.0,347804,46640560,TWSE_RWD_JSON_MI_INDEX
20241209,6757,台灣虎航,TWSE,79.9,84.6,79.2,81.3,12305192,1005714698,TWSE_RWD_JSON_MI_INDEX
20241209,6768,志強-KY,TWSE,141.5,143.0,139.0,139.0,737343,103750280,TWSE_RWD_JSON_MI_INDEX
20241209,6770,力積電,TWSE,16.85,17.0,16.5,16.65,10825445,181022722,TWSE_RWD_JSON_MI_INDEX
20241209,6771,平和環保-創,TWSE,58.2,58.7,57.6,58.7,19000,1101300,TWSE_RWD_JSON_MI_INDEX
20241209,6776,展碁國際,TWSE,59.6,59.8,59.0,59.3,146154,8677385,TWSE_RWD_JSON_MI_INDEX
20241209,6781,AES-KY,TWSE,999.0,999.0,950.0,992.0,569669,549019472,TWSE_RWD_JSON_MI_INDEX
20241209,6782,視陽,TWSE,195.0,196.5,189.0,190.5,498266,95379552,TWSE_RWD_JSON_MI_INDEX
20241209,6789,采鈺,TWSE,273.5,277.5,269.0,270.5,403334,109753139,TWSE_RWD_JSON_MI_INDEX
20241209,6790,永豐實,TWSE,45.2,46.2,45.2,45.4,67917,3104786,TWSE_RWD_JSON_MI_INDEX
20241209,6792,詠業,TWSE,69.0,69.0,65.4,67.4,38517,2585697,TWSE_RWD_JSON_MI_INDEX
20241209,6794,向榮生技,TWSE,71.3,73.4,70.0,71.3,16000,1141800,TWSE_RWD_JSON_MI_INDEX
20241209,6799,來頡,TWSE,103.0,103.0,99.6,100.0,173071,17372550,TWSE_RWD_JSON_MI_INDEX
20241209,6805,富世達,TWSE,1030.0,1030.0,999.0,1020.0,1789389,1814494629,TWSE_RWD_JSON_MI_INDEX
20241209,6806,森崴能源,TWSE,126.0,126.5,123.0,123.5,984342,122136397,TWSE_RWD_JSON_MI_INDEX
20241209,6807,峰源-KY,TWSE,82.0,82.5,80.7,81.0,128033,10412221,TWSE_RWD_JSON_MI_INDEX
20241209,6830,汎銓,TWSE,170.5,171.5,166.5,166.5,625746,105514276,TWSE_RWD_JSON_MI_INDEX
20241209,6834,天二科技,TWSE,35.5,35.6,35.25,35.6,906791,32272905,TWSE_RWD_JSON_MI_INDEX
20241209,6835,圓裕,TWSE,43.65,43.65,41.6,41.7,369912,15606802,TWSE_RWD_JSON_MI_INDEX
20241209,6838,台新藥,TWSE,39.7,40.0,39.45,39.6,180906,7176087,TWSE_RWD_JSON_MI_INDEX
20241209,6854,錼創科技-KY創,TWSE,161.5,163.5,151.5,157.5,1847132,293891789,TWSE_RWD_JSON_MI_INDEX
20241209,6861,睿生光電,TWSE,63.9,65.8,63.4,64.7,100760,6543636,TWSE_RWD_JSON_MI_INDEX
20241209,6862,三集瑞-KY,TWSE,196.0,198.0,190.0,193.5,298804,57695615,TWSE_RWD_JSON_MI_INDEX
20241209,6863,永道-KY,TWSE,228.0,240.5,220.5,234.0,747685,171715348,TWSE_RWD_JSON_MI_INDEX
20241209,6869,雲豹能源,TWSE,180.5,187.0,178.5,181.0,1470409,269144301,TWSE_RWD_JSON_MI_INDEX
20241209,6873,泓德能源,TWSE,225.5,231.5,220.5,226.5,2641079,599084836,TWSE_RWD_JSON_MI_INDEX
20241209,6890,來億-KY,TWSE,398.0,402.5,386.5,388.5,954141,375307898,TWSE_RWD_JSON_MI_INDEX
20241209,6901,鑽石投資,TWSE,37.0,37.0,36.0,36.0,1032537,37577806,TWSE_RWD_JSON_MI_INDEX
20241209,6902,GOGOLOOK,TWSE,138.0,138.0,135.0,138.0,6000,821500,TWSE_RWD_JSON_MI_INDEX
20241209,6906,現觀科,TWSE,176.5,181.5,175.0,176.5,246306,43729783,TWSE_RWD_JSON_MI_INDEX
20241209,6914,阜爾運通,TWSE,121.5,122.0,120.0,120.5,30013,3622786,TWSE_RWD_JSON_MI_INDEX
20241209,6916,華凌,TWSE,24.95,24.95,24.35,24.8,20000,494400,TWSE_RWD_JSON_MI_INDEX
20241209,6919,康霈*,TWSE,570.0,570.0,533.0,548.0,786393,431639857,TWSE_RWD_JSON_MI_INDEX
20241209,6923,中台,TWSE,88.1,88.1,87.2,87.8,32770,2877277,TWSE_RWD_JSON_MI_INDEX
20241209,6924,榮惠-KY創,TWSE,103.0,103.0,98.0,100.0,55000,5501300,TWSE_RWD_JSON_MI_INDEX
20241209,6928,攸泰科技,TWSE,58.1,58.1,57.1,57.2,66898,3844550,TWSE_RWD_JSON_MI_INDEX
20241209,6933,AMAX-KY,TWSE,245.0,246.5,239.5,243.0,117979,28679688,TWSE_RWD_JSON_MI_INDEX
20241209,6937,天虹,TWSE,394.0,414.0,378.0,407.0,9444572,3764870058,TWSE_RWD_JSON_MI_INDEX
20241209,6949,沛爾生醫-創,TWSE,85.6,85.8,85.5,85.6,4000,342500,TWSE_RWD_JSON_MI_INDEX
20241209,6951,青新-創,TWSE,77.5,78.4,76.9,77.5,55200,4284518,TWSE_RWD_JSON_MI_INDEX
20241209,6952,大武山,TWSE,49.0,49.2,49.0,49.0,9292,455636,TWSE_RWD_JSON_MI_INDEX
20241209,6955,邦睿生技-創,TWSE,147.0,147.0,141.5,142.0,26000,3728000,TWSE_RWD_JSON_MI_INDEX
20241209,6957,裕慶-KY,TWSE,202.0,202.5,198.0,198.0,54071,10816256,TWSE_RWD_JSON_MI_INDEX
20241209,6958,日盛台駿,TWSE,27.0,27.0,26.95,27.0,39600,1068784,TWSE_RWD_JSON_MI_INDEX
20241209,6962,奕力-KY,TWSE,51.9,53.7,51.3,52.0,8581912,449124292,TWSE_RWD_JSON_MI_INDEX
20241209,6969,成信實業*-創,TWSE,48.1,48.35,47.3,47.4,28040,1337780,TWSE_RWD_JSON_MI_INDEX
20241209,6988,威力暘-創,TWSE,29.25,29.3,27.6,28.6,241000,7012150,TWSE_RWD_JSON_MI_INDEX
20241209,7705,三商餐飲,TWSE,71.3,71.9,70.5,70.8,288479,20495995,TWSE_RWD_JSON_MI_INDEX
20241209,7722,LINEPAY,TWSE,500.0,501.0,480.5,492.0,478161,234625424,TWSE_RWD_JSON_MI_INDEX
20241209,8011,台通,TWSE,26.3,27.2,25.4,27.05,5666580,149298625,TWSE_RWD_JSON_MI_INDEX
20241209,8016,矽創,TWSE,211.5,211.5,207.5,210.0,548313,114953725,TWSE_RWD_JSON_MI_INDEX
20241209,8021,尖點,TWSE,34.15,34.75,33.75,33.9,777603,26607434,TWSE_RWD_JSON_MI_INDEX
20241209,8028,昇陽半導體,TWSE,135.0,135.0,131.0,132.5,5408553,717276819,TWSE_RWD_JSON_MI_INDEX
20241209,8033,雷虎,TWSE,58.3,58.3,56.6,57.0,1166001,66654583,TWSE_RWD_JSON_MI_INDEX
20241209,8039,台虹,TWSE,48.2,48.3,47.2,47.2,1066271,50885068,TWSE_RWD_JSON_MI_INDEX
20241209,8046,南電,TWSE,115.0,115.5,111.5,112.0,1594628,179602347,TWSE_RWD_JSON_MI_INDEX
20241209,8070,長華*,TWSE,51.7,51.7,50.2,51.2,3015348,153463966,TWSE_RWD_JSON_MI_INDEX
20241209,8072,陞泰,TWSE,26.2,26.2,25.75,25.8,75903,1957982,TWSE_RWD_JSON_MI_INDEX
20241209,8081,致新,TWSE,242.0,242.0,237.0,237.5,708646,169154883,TWSE_RWD_JSON_MI_INDEX
20241209,8101,華冠,TWSE,26.15,26.15,26.15,26.15,35192,920258,TWSE_RWD_JSON_MI_INDEX
20241209,8103,瀚荃,TWSE,51.0,51.0,49.8,50.1,487180,24491867,TWSE_RWD_JSON_MI_INDEX
20241209,8104,錸寶,TWSE,54.5,56.0,51.2,51.2,6170263,324043433,TWSE_RWD_JSON_MI_INDEX
20241209,8105,凌巨,TWSE,16.2,16.2,15.9,15.9,1269321,20301246,TWSE_RWD_JSON_MI_INDEX
20241209,8110,華東,TWSE,15.7,15.7,15.35,15.5,585319,9045704,TWSE_RWD_JSON_MI_INDEX
20241209,8112,至上,TWSE,66.6,66.9,66.0,66.6,2305607,153336873,TWSE_RWD_JSON_MI_INDEX
20241209,8114,振樺電,TWSE,342.5,357.0,329.0,332.5,1820372,617362421,TWSE_RWD_JSON_MI_INDEX
20241209,8131,福懋科,TWSE,30.55,31.1,30.3,31.0,563401,17294912,TWSE_RWD_JSON_MI_INDEX
20241209,8150,南茂,TWSE,32.15,32.15,31.4,31.4,2156561,68170089,TWSE_RWD_JSON_MI_INDEX
20241209,8162,微矽電子-創,TWSE,42.0,42.0,41.0,41.45,38000,1587350,TWSE_RWD_JSON_MI_INDEX
20241209,8163,達方,TWSE,47.1,47.1,46.1,46.2,1419219,65923353,TWSE_RWD_JSON_MI_INDEX
20241209,8201,無敵,TWSE,16.85,16.85,16.55,16.65,91634,1525739,TWSE_RWD_JSON_MI_INDEX
20241209,8210,勤誠,TWSE,304.5,304.5,285.0,287.5,4442556,1292085181,TWSE_RWD_JSON_MI_INDEX
20241209,8213,志超,TWSE,37.6,37.8,37.2,37.6,334787,12535744,TWSE_RWD_JSON_MI_INDEX
20241209,8215,明基材,TWSE,33.7,33.7,33.0,33.0,649218,21597038,TWSE_RWD_JSON_MI_INDEX
20241209,8222,寶一,TWSE,38.8,38.8,38.2,38.65,189802,7313030,TWSE_RWD_JSON_MI_INDEX
20241209,8249,菱光,TWSE,53.6,54.3,50.4,50.4,5866992,301695271,TWSE_RWD_JSON_MI_INDEX
20241209,8261,富鼎,TWSE,98.8,101.0,95.3,95.3,9055952,882689869,TWSE_RWD_JSON_MI_INDEX
20241209,8271,宇瞻,TWSE,49.25,49.25,48.8,48.8,142966,6994389,TWSE_RWD_JSON_MI_INDEX
20241209,8341,日友,TWSE,90.6,91.8,90.6,90.7,98212,8967723,TWSE_RWD_JSON_MI_INDEX
20241209,8367,建新國際,TWSE,47.85,49.2,47.3,48.3,334223,16140865,TWSE_RWD_JSON_MI_INDEX
20241209,8374,羅昇,TWSE,131.0,131.0,128.0,129.5,611091,78933521,TWSE_RWD_JSON_MI_INDEX
20241209,8404,百和興業-KY,TWSE,30.95,30.95,29.6,30.15,2297519,68981040,TWSE_RWD_JSON_MI_INDEX
20241209,8411,福貞-KY,TWSE,13.3,13.3,13.2,13.3,22293,296310,TWSE_RWD_JSON_MI_INDEX
20241209,8422,可寧衛*,TWSE,181.5,182.5,181.0,181.0,170808,31029377,TWSE_RWD_JSON_MI_INDEX
20241209,8429,金麗-KY,TWSE,13.15,13.35,12.4,12.6,3418063,44134698,TWSE_RWD_JSON_MI_INDEX
20241209,8438,昶昕,TWSE,33.25,33.4,32.8,33.0,137126,4536128,TWSE_RWD_JSON_MI_INDEX
20241209,8442,威宏-KY,TWSE,104.0,104.0,103.0,104.0,46200,4792300,TWSE_RWD_JSON_MI_INDEX
20241209,8443,阿瘦,TWSE,11.85,11.85,11.7,11.7,25331,297551,TWSE_RWD_JSON_MI_INDEX
20241209,8454,富邦媒,TWSE,360.0,360.0,351.5,352.5,427104,150920830,TWSE_RWD_JSON_MI_INDEX
20241209,8462,柏文,TWSE,113.5,118.5,113.0,117.5,114384,13356418,TWSE_RWD_JSON_MI_INDEX
20241209,8463,潤泰材,TWSE,26.7,26.7,26.35,26.45,59040,1559992,TWSE_RWD_JSON_MI_INDEX
20241209,8464,億豐,TWSE,403.5,403.5,387.0,394.0,1021452,400611371,TWSE_RWD_JSON_MI_INDEX
20241209,8466,美吉吉-KY,TWSE,43.6,43.85,43.15,43.5,106622,4644795,TWSE_RWD_JSON_MI_INDEX
20241209,8467,波力-KY,TWSE,311.0,322.0,304.5,304.5,748258,233415346,TWSE_RWD_JSON_MI_INDEX
20241209,8473,山林水,TWSE,36.3,36.6,36.05,36.4,135985,4933263,TWSE_RWD_JSON_MI_INDEX
20241209,8476,台境*,TWSE,26.65,26.7,25.7,25.7,306944,7972792,TWSE_RWD_JSON_MI_INDEX
20241209,8478,東哥遊艇,TWSE,242.0,242.5,239.0,241.5,85302,20579092,TWSE_RWD_JSON_MI_INDEX
20241209,8481,政伸,TWSE,50.1,50.1,50.0,50.0,18000,901600,TWSE_RWD_JSON_MI_INDEX
20241209,8482,商億-KY,TWSE,64.9,64.9,64.9,64.9,2000,129800,TWSE_RWD_JSON_MI_INDEX
20241209,8487,愛爾達-創,TWSE,72.1,72.1,70.1,70.1,35120,2482223,TWSE_RWD_JSON_MI_INDEX
20241209,8488,吉源-KY,TWSE,15.4,15.4,15.25,15.25,4000,61450,TWSE_RWD_JSON_MI_INDEX
20241209,8499,鼎炫-KY,TWSE,120.0,121.0,119.5,119.5,6724,807233,TWSE_RWD_JSON_MI_INDEX
20241209,8926,台汽電,TWSE,42.5,42.55,42.2,42.4,386622,16369077,TWSE_RWD_JSON_MI_INDEX
20241209,8940,新天地,TWSE,24.5,24.7,24.25,24.5,95139,2329302,TWSE_RWD_JSON_MI_INDEX
20241209,8996,高力,TWSE,338.0,345.0,331.0,340.5,2220984,748204805,TWSE_RWD_JSON_MI_INDEX
20241209,9103,美德醫療-DR,TWSE,6.4,6.4,6.3,6.31,383242,2425579,TWSE_RWD_JSON_MI_INDEX
20241209,910322,康師傅-DR,TWSE,20.4,20.95,20.4,20.95,25407,527254,TWSE_RWD_JSON_MI_INDEX
20241209,9105,泰金寶-DR,TWSE,7.72,7.8,7.62,7.73,41604094,320016236,TWSE_RWD_JSON_MI_INDEX
20241209,910861,神州-DR,TWSE,7.42,7.52,7.24,7.48,64100,479561,TWSE_RWD_JSON_MI_INDEX
20241209,9110,越南控-DR,TWSE,6.95,7.0,6.8,7.0,75000,520130,TWSE_RWD_JSON_MI_INDEX
20241209,911608,明輝-DR,TWSE,3.26,3.53,3.26,3.53,488876,1702775,TWSE_RWD_JSON_MI_INDEX
20241209,911622,泰聚亨-DR,TWSE,4.93,4.96,4.81,4.96,11000,53460,TWSE_RWD_JSON_MI_INDEX
20241209,911868,同方友友-DR,TWSE,1.52,1.53,1.49,1.5,200000,300760,TWSE_RWD_JSON_MI_INDEX
20241209,912000,晨訊科-DR,TWSE,3.13,3.13,3.05,3.09,526722,1626775,TWSE_RWD_JSON_MI_INDEX
20241209,9136,巨騰-DR,TWSE,6.11,6.12,6.0,6.04,317500,1914825,TWSE_RWD_JSON_MI_INDEX
20241209,9802,鈺齊-KY,TWSE,106.5,111.0,106.5,108.5,1115758,121709241,TWSE_RWD_JSON_MI_INDEX
20241209,9902,台火,TWSE,16.6,16.65,16.4,16.45,346617,5712133,TWSE_RWD_JSON_MI_INDEX
20241209,9904,寶成,TWSE,43.8,44.4,43.3,43.9,11982213,525422311,TWSE_RWD_JSON_MI_INDEX
20241209,9905,大華,TWSE,22.9,23.0,22.9,22.9,76063,1743927,TWSE_RWD_JSON_MI_INDEX
20241209,9906,欣巴巴,TWSE,131.5,131.5,126.0,126.5,362521,46430379,TWSE_RWD_JSON_MI_INDEX
20241209,9907,統一實,TWSE,15.7,15.9,15.65,15.85,916554,14474799,TWSE_RWD_JSON_MI_INDEX
20241209,9908,大台北,TWSE,30.2,30.25,30.2,30.2,55956,1690722,TWSE_RWD_JSON_MI_INDEX
20241209,9910,豐泰,TWSE,135.5,136.5,134.0,136.0,457001,61915989,TWSE_RWD_JSON_MI_INDEX
20241209,9911,櫻花,TWSE,84.8,85.8,84.7,85.4,405817,34574573,TWSE_RWD_JSON_MI_INDEX
20241209,9912,偉聯,TWSE,12.6,12.6,12.25,12.55,59966,742450,TWSE_RWD_JSON_MI_INDEX
20241209,9914,美利達,TWSE,161.5,161.5,159.0,160.0,428013,68424404,TWSE_RWD_JSON_MI_INDEX
20241209,9917,中保科,TWSE,131.0,132.0,128.5,132.0,598022,78149015,TWSE_RWD_JSON_MI_INDEX
20241209,9919,康那香,TWSE,18.3,18.3,18.05,18.1,157934,2859773,TWSE_RWD_JSON_MI_INDEX
20241209,9921,巨大,TWSE,150.0,150.0,146.0,146.0,2203100,323915884,TWSE_RWD_JSON_MI_INDEX
20241209,9924,福興,TWSE,53.4,54.2,53.4,54.0,147079,7927181,TWSE_RWD_JSON_MI_INDEX
20241209,9925,新保,TWSE,41.15,41.3,41.1,41.25,51137,2107648,TWSE_RWD_JSON_MI_INDEX
20241209,9927,泰銘,TWSE,66.6,66.6,65.6,65.7,248897,16465288,TWSE_RWD_JSON_MI_INDEX
20241209,9928,中視,TWSE,18.05,18.05,17.85,18.0,53173,953171,TWSE_RWD_JSON_MI_INDEX
20241209,9929,秋雨,TWSE,15.95,16.0,15.95,16.0,4460,71164,TWSE_RWD_JSON_MI_INDEX
20241209,9930,中聯資源,TWSE,66.5,67.5,66.5,66.8,84986,5687837,TWSE_RWD_JSON_MI_INDEX
20241209,9931,欣高,TWSE,34.55,34.55,34.25,34.35,6233,213974,TWSE_RWD_JSON_MI_INDEX
20241209,9933,中鼎,TWSE,40.55,40.75,40.35,40.4,1996017,80763403,TWSE_RWD_JSON_MI_INDEX
20241209,9934,成霖,TWSE,14.5,14.6,14.45,14.55,712719,10349429,TWSE_RWD_JSON_MI_INDEX
20241209,9935,慶豐富,TWSE,31.55,31.65,31.0,31.1,297004,9282472,TWSE_RWD_JSON_MI_INDEX
20241209,9937,全國,TWSE,64.7,64.7,64.7,64.7,2103,136096,TWSE_RWD_JSON_MI_INDEX
20241209,9938,百和,TWSE,83.0,83.0,80.6,81.1,1522200,123787088,TWSE_RWD_JSON_MI_INDEX
20241209,9939,宏全,TWSE,149.0,149.0,145.0,145.5,1264157,184731360,TWSE_RWD_JSON_MI_INDEX
20241209,9940,信義,TWSE,29.5,29.7,29.5,29.6,111990,3315043,TWSE_RWD_JSON_MI_INDEX
20241209,9941,裕融,TWSE,116.5,116.5,110.5,111.0,3037018,339192147,TWSE_RWD_JSON_MI_INDEX
20241209,9942,茂順,TWSE,115.0,115.0,112.5,113.0,201268,22819037,TWSE_RWD_JSON_MI_INDEX
20241209,9943,好樂迪,TWSE,79.8,79.8,79.1,79.3,18832,1492779,TWSE_RWD_JSON_MI_INDEX
20241209,9944,新麗,TWSE,20.55,20.6,20.35,20.45,119641,2452975,TWSE_RWD_JSON_MI_INDEX
20241209,9945,潤泰新,TWSE,46.2,46.25,45.65,46.0,2688107,123360181,TWSE_RWD_JSON_MI_INDEX
20241209,9946,三發地產,TWSE,25.05,25.3,24.75,24.75,188645,4698527,TWSE_RWD_JSON_MI_INDEX
20241209,9955,佳龍,TWSE,29.7,29.8,29.4,29.55,200075,5917034,TWSE_RWD_JSON_MI_INDEX
20241209,9958,世紀鋼,TWSE,180.0,183.5,176.5,181.0,1631834,294123102,TWSE_RWD_JSON_MI_INDEX
