date,stock_id,stock_name,market,open,high,low,close,volume,trading_value,source
20250304,006201,元大富櫃50,TPEx,21.8,21.9,21.4,21.89,53000,1149680,TPEX_OTC_QUOTES_NO1430_JSON
20250304,00858,永豐美國500大,TPEx,31.9,31.9,31.72,31.78,3650000,115919740,TPEX_OTC_QUOTES_NO1430_JSON
20250304,00877,復華中國5G,TPEx,13.3,13.31,13.09,13.26,2675000,35287420,TPEX_OTC_QUOTES_NO1430_JSON
20250304,00886,永豐美國科技,TPEx,34.76,34.76,34.62,34.74,213000,7389230,TPEX_OTC_QUOTES_NO1430_JSON
20250304,00887,永豐中國科技50大,TPEx,8.88,8.97,8.81,8.93,18005000,159913910,TPEX_OTC_QUOTES_NO1430_JSON
20250304,00888,永豐台灣ESG,TPEx,16.02,16.19,16.0,16.16,1376000,22122320,TPEX_OTC_QUOTES_NO1430_JSON
20250304,00928,中信上櫃ESG 30,TPEx,15.75,16.08,15.58,16.06,860000,13534760,TPEX_OTC_QUOTES_NO1430_JSON
20250304,00955,中信日本商社,TPEx,9.48,9.48,9.41,9.43,4339000,40947630,TPEX_OTC_QUOTES_NO1430_JSON
20250304,020023,元大櫃買半導體N,TPEx,5.57,5.65,5.54,5.65,14000,78310,TPEX_OTC_QUOTES_NO1430_JSON
20250304,020025,統一亞洲半導體N,TPEx,9.8,9.8,9.8,9.8,1000,9800,TPEX_OTC_QUOTES_NO1430_JSON
20250304,020027,元大上櫃ESG成長N,TPEx,5.35,5.44,5.35,5.44,86000,464720,TPEX_OTC_QUOTES_NO1430_JSON
20250304,020033,統一恒生科期N,TPEx,4.52,4.62,4.46,4.61,309000,1399130,TPEX_OTC_QUOTES_NO1430_JSON
20250304,020035,元大上櫃ESG高息N,TPEx,6.73,6.88,6.73,6.87,5000,34050,TPEX_OTC_QUOTES_NO1430_JSON
20250304,020040,元大上櫃ESG龍頭N,TPEx,5.1,5.11,5.1,5.11,60000,306150,TPEX_OTC_QUOTES_NO1430_JSON
20250304,1240,茂生農經,TPEx,52.7,52.7,52.5,52.5,7000,367900,TPEX_OTC_QUOTES_NO1430_JSON
20250304,1259,安心,TPEx,64.7,64.7,64.7,64.7,1000,64700,TPEX_OTC_QUOTES_NO1430_JSON
20250304,1264,德麥,TPEx,336.0,339.0,336.0,337.0,5000,1685000,TPEX_OTC_QUOTES_NO1430_JSON
20250304,1268,漢來美食,TPEx,153.5,153.5,153.0,153.5,66000,10107000,TPEX_OTC_QUOTES_NO1430_JSON
20250304,1294,漢田生技,TPEx,91.2,92.0,89.6,91.7,38000,3459200,TPEX_OTC_QUOTES_NO1430_JSON
20250304,1336,台翰,TPEx,23.25,23.7,22.95,23.65,163000,3808700,TPEX_OTC_QUOTES_NO1430_JSON
20250304,1565,精華,TPEx,189.0,190.0,185.5,189.5,135000,25384500,TPEX_OTC_QUOTES_NO1430_JSON
20250304,1569,濱川,TPEx,77.3,86.4,76.1,84.0,56432000,4669814200,TPEX_OTC_QUOTES_NO1430_JSON
20250304,1570,力肯,TPEx,30.45,30.45,29.9,30.05,214000,6456250,TPEX_OTC_QUOTES_NO1430_JSON
20250304,1580,新麥,TPEx,149.5,151.5,149.0,150.0,272000,40823500,TPEX_OTC_QUOTES_NO1430_JSON
20250304,1584,精剛,TPEx,27.0,27.1,26.6,27.1,715000,19232400,TPEX_OTC_QUOTES_NO1430_JSON
20250304,1586,和勤,TPEx,31.65,32.55,31.05,31.25,446000,14271150,TPEX_OTC_QUOTES_NO1430_JSON
20250304,1591,駿吉-KY,TPEx,54.8,54.8,53.3,53.7,227000,12235400,TPEX_OTC_QUOTES_NO1430_JSON
20250304,1593,祺驊,TPEx,36.7,36.95,36.65,36.8,13000,477850,TPEX_OTC_QUOTES_NO1430_JSON
20250304,1595,川寶,TPEx,44.4,45.75,43.8,45.45,291000,13047400,TPEX_OTC_QUOTES_NO1430_JSON
20250304,1599,宏佳騰,TPEx,30.9,30.9,30.5,30.5,19000,581950,TPEX_OTC_QUOTES_NO1430_JSON
20250304,1742,台蠟,TPEx,17.6,17.85,17.4,17.65,35000,616900,TPEX_OTC_QUOTES_NO1430_JSON
20250304,1777,生泰,TPEx,100.0,101.5,99.7,101.0,201000,20188200,TPEX_OTC_QUOTES_NO1430_JSON
20250304,1781,合世,TPEx,16.25,16.4,16.2,16.3,29000,473050,TPEX_OTC_QUOTES_NO1430_JSON
20250304,1784,訊聯,TPEx,83.4,83.7,81.5,83.7,177000,14607100,TPEX_OTC_QUOTES_NO1430_JSON
20250304,1785,光洋科,TPEx,60.6,64.2,60.6,62.9,48276000,3001848100,TPEX_OTC_QUOTES_NO1430_JSON
20250304,1788,杏昌,TPEx,144.5,145.0,144.0,144.5,22000,3176000,TPEX_OTC_QUOTES_NO1430_JSON
20250304,1796,金穎生技,TPEx,58.7,58.7,56.8,58.1,59000,3390000,TPEX_OTC_QUOTES_NO1430_JSON
20250304,1799,易威,TPEx,69.2,70.5,68.1,69.6,341000,23552000,TPEX_OTC_QUOTES_NO1430_JSON
20250304,1813,寶利徠,TPEx,17.8,18.0,17.75,17.85,21000,374850,TPEX_OTC_QUOTES_NO1430_JSON
20250304,1815,富喬,TPEx,32.6,33.5,32.15,33.5,51003000,1673254700,TPEX_OTC_QUOTES_NO1430_JSON
20250304,2035,唐榮公司,TPEx,31.6,32.4,31.5,32.4,45000,1430650,TPEX_OTC_QUOTES_NO1430_JSON
20250304,2061,風青,TPEx,22.5,24.0,22.25,22.3,10191000,233804650,TPEX_OTC_QUOTES_NO1430_JSON
20250304,2063,世鎧精密,TPEx,36.4,37.4,35.6,37.2,65000,2388000,TPEX_OTC_QUOTES_NO1430_JSON
20250304,2064,晉椿,TPEx,14.9,14.95,14.9,14.95,5000,74650,TPEX_OTC_QUOTES_NO1430_JSON
20250304,2065,世豐,TPEx,53.0,53.5,52.7,53.0,200000,10579800,TPEX_OTC_QUOTES_NO1430_JSON
20250304,2066,世德,TPEx,103.5,112.0,101.5,106.5,1011000,108853500,TPEX_OTC_QUOTES_NO1430_JSON
20250304,2067,嘉鋼,TPEx,10.4,10.4,10.0,10.35,113000,1154450,TPEX_OTC_QUOTES_NO1430_JSON
20250304,2070,精湛,TPEx,66.3,66.5,64.6,66.5,145000,9511500,TPEX_OTC_QUOTES_NO1430_JSON
20250304,2221,大甲,TPEx,28.8,29.2,28.8,29.1,14000,405650,TPEX_OTC_QUOTES_NO1430_JSON
20250304,2230,泰茂,TPEx,115.0,118.0,113.0,116.5,280000,32262500,TPEX_OTC_QUOTES_NO1430_JSON
20250304,2235,謚源,TPEx,47.05,48.7,47.0,47.35,21000,992550,TPEX_OTC_QUOTES_NO1430_JSON
20250304,2596,綠意,TPEx,43.0,43.1,42.5,43.1,67000,2864500,TPEX_OTC_QUOTES_NO1430_JSON
20250304,2640,大車隊,TPEx,134.5,136.5,134.0,136.5,25000,3382000,TPEX_OTC_QUOTES_NO1430_JSON
20250304,2641,正德,TPEx,23.75,24.25,23.25,24.25,32387000,773252550,TPEX_OTC_QUOTES_NO1430_JSON
20250304,2643,捷迅,TPEx,76.5,76.5,75.7,76.3,12000,916500,TPEX_OTC_QUOTES_NO1430_JSON
20250304,2718,全心投控,TPEx,78.0,79.5,77.5,79.1,94000,7354500,TPEX_OTC_QUOTES_NO1430_JSON
20250304,2719,燦星旅,TPEx,44.5,44.6,44.1,44.55,11000,487800,TPEX_OTC_QUOTES_NO1430_JSON
20250304,2726,雅茗-KY,TPEx,23.45,23.45,22.95,22.95,208000,4808000,TPEX_OTC_QUOTES_NO1430_JSON
20250304,2729,瓦城,TPEx,207.0,209.5,206.0,207.5,27000,5591500,TPEX_OTC_QUOTES_NO1430_JSON
20250304,2732,六角,TPEx,99.0,99.4,98.8,99.1,24000,2376600,TPEX_OTC_QUOTES_NO1430_JSON
20250304,2734,易飛網,TPEx,25.1,25.5,25.0,25.2,84000,2130150,TPEX_OTC_QUOTES_NO1430_JSON
20250304,2736,富野,TPEx,21.5,21.55,21.3,21.45,183000,3915600,TPEX_OTC_QUOTES_NO1430_JSON
20250304,2740,華軒,TPEx,37.05,40.0,34.65,39.9,10000,371600,TPEX_OTC_QUOTES_NO1430_JSON
20250304,2743,山富,TPEx,100.0,101.0,99.0,101.0,99000,9928600,TPEX_OTC_QUOTES_NO1430_JSON
20250304,2745,五福,TPEx,109.0,111.0,108.0,111.0,153000,16813000,TPEX_OTC_QUOTES_NO1430_JSON
20250304,2751,王座,TPEx,68.2,69.0,68.0,68.9,26000,1784100,TPEX_OTC_QUOTES_NO1430_JSON
20250304,2752,豆府,TPEx,239.5,240.0,239.0,239.0,11000,2631500,TPEX_OTC_QUOTES_NO1430_JSON
20250304,2754,亞洲藏壽司,TPEx,88.6,88.6,86.3,87.1,58000,5027700,TPEX_OTC_QUOTES_NO1430_JSON
20250304,2755,揚秦,TPEx,137.0,141.0,137.0,138.5,155000,21484000,TPEX_OTC_QUOTES_NO1430_JSON
20250304,2756,聯發國際,TPEx,77.4,78.3,77.4,78.3,3000,233200,TPEX_OTC_QUOTES_NO1430_JSON
20250304,2916,滿心,TPEx,55.7,56.4,55.2,55.8,131000,7298000,TPEX_OTC_QUOTES_NO1430_JSON
20250304,2924,宏太-KY,TPEx,29.7,30.9,29.7,30.9,7000,210350,TPEX_OTC_QUOTES_NO1430_JSON
20250304,2926,誠品生活,TPEx,52.3,52.3,51.5,51.9,11000,571300,TPEX_OTC_QUOTES_NO1430_JSON
20250304,2937,集雅社,TPEx,41.25,41.25,41.2,41.2,7000,288650,TPEX_OTC_QUOTES_NO1430_JSON
20250304,2941,米斯特,TPEx,72.8,72.8,70.0,71.6,13000,920900,TPEX_OTC_QUOTES_NO1430_JSON
20250304,2947,振宇五金,TPEx,88.0,88.5,87.5,88.5,11000,965900,TPEX_OTC_QUOTES_NO1430_JSON
20250304,2948,寶陞,TPEx,45.5,45.5,45.5,45.5,1000,45500,TPEX_OTC_QUOTES_NO1430_JSON
20250304,2949,欣新網,TPEx,76.9,77.2,76.7,77.2,4000,307600,TPEX_OTC_QUOTES_NO1430_JSON
20250304,3064,泰偉,TPEx,63.2,66.5,63.2,66.5,4000,258000,TPEX_OTC_QUOTES_NO1430_JSON
20250304,3066,李洲,TPEx,22.7,23.8,22.0,23.5,194000,4473100,TPEX_OTC_QUOTES_NO1430_JSON
20250304,3067,全域,TPEx,28.85,28.85,28.85,28.85,1000,28850,TPEX_OTC_QUOTES_NO1430_JSON
20250304,3071,協禧,TPEx,24.8,25.0,24.6,24.95,92000,2281900,TPEX_OTC_QUOTES_NO1430_JSON
20250304,3073,天方能源,TPEx,48.15,49.8,48.15,49.65,35000,1729800,TPEX_OTC_QUOTES_NO1430_JSON
20250304,3078,僑威,TPEx,85.5,87.7,84.1,86.2,5026000,432767700,TPEX_OTC_QUOTES_NO1430_JSON
20250304,3081,聯亞,TPEx,341.0,353.5,335.0,344.0,6667000,2298489500,TPEX_OTC_QUOTES_NO1430_JSON
20250304,3083,網龍,TPEx,42.0,42.25,41.6,42.15,82000,3444400,TPEX_OTC_QUOTES_NO1430_JSON
20250304,3086,華義*,TPEx,164.5,166.0,161.0,162.0,75000,12264000,TPEX_OTC_QUOTES_NO1430_JSON
20250304,3088,艾訊,TPEx,134.0,138.0,132.0,136.5,1865000,252434000,TPEX_OTC_QUOTES_NO1430_JSON
20250304,3093,港建*,TPEx,25.7,25.8,25.7,25.8,42000,1081250,TPEX_OTC_QUOTES_NO1430_JSON
20250304,3095,及成,TPEx,45.2,47.15,45.2,45.6,18000,825000,TPEX_OTC_QUOTES_NO1430_JSON
20250304,3105,穩懋,TPEx,108.5,109.0,106.0,108.5,1595000,171367500,TPEX_OTC_QUOTES_NO1430_JSON
20250304,3114,好德,TPEx,25.15,25.2,25.1,25.2,15000,377300,TPEX_OTC_QUOTES_NO1430_JSON
20250304,3115,富榮綱,TPEx,13.8,14.1,13.55,14.1,36000,501100,TPEX_OTC_QUOTES_NO1430_JSON
20250304,3118,進階,TPEx,33.4,33.8,33.35,33.8,16000,536350,TPEX_OTC_QUOTES_NO1430_JSON
20250304,3122,笙泉,TPEx,30.6,30.9,30.2,30.75,34000,1044250,TPEX_OTC_QUOTES_NO1430_JSON
20250304,3128,昇銳,TPEx,29.7,30.1,29.35,30.05,104000,3101950,TPEX_OTC_QUOTES_NO1430_JSON
20250304,3131,弘塑,TPEx,1200.0,1210.0,1125.0,1200.0,986000,1166200000,TPEX_OTC_QUOTES_NO1430_JSON
20250304,3141,晶宏,TPEx,76.8,78.5,75.2,78.5,186000,14275300,TPEX_OTC_QUOTES_NO1430_JSON
20250304,3147,大綜,TPEx,191.0,209.5,190.0,209.0,6472000,1300829000,TPEX_OTC_QUOTES_NO1430_JSON
20250304,3152,璟德,TPEx,163.0,165.0,161.5,164.0,96000,15621500,TPEX_OTC_QUOTES_NO1430_JSON
20250304,3162,精確,TPEx,45.5,46.95,45.5,46.75,2057000,95157250,TPEX_OTC_QUOTES_NO1430_JSON
20250304,3163,波若威,TPEx,163.0,173.0,160.0,171.5,13469000,2258040000,TPEX_OTC_QUOTES_NO1430_JSON
20250304,3169,亞信,TPEx,106.5,110.0,105.5,110.0,140000,15081000,TPEX_OTC_QUOTES_NO1430_JSON
20250304,3171,炎洲流通,TPEx,37.35,37.55,37.35,37.55,14000,523500,TPEX_OTC_QUOTES_NO1430_JSON
20250304,3176,基亞,TPEx,35.0,35.55,34.55,35.55,75000,2628250,TPEX_OTC_QUOTES_NO1430_JSON
20250304,3178,公準,TPEx,66.5,67.5,65.1,66.9,104000,6922200,TPEX_OTC_QUOTES_NO1430_JSON
20250304,3188,鑫龍騰,TPEx,29.6,30.95,29.6,30.95,160000,4860950,TPEX_OTC_QUOTES_NO1430_JSON
20250304,3202,樺晟,TPEx,5.91,6.07,5.9,5.99,190000,1133100,TPEX_OTC_QUOTES_NO1430_JSON
20250304,3205,佰研,TPEx,30.95,31.6,30.95,31.6,60000,1878650,TPEX_OTC_QUOTES_NO1430_JSON
20250304,3206,志豐,TPEx,43.75,43.9,43.5,43.9,69000,3015100,TPEX_OTC_QUOTES_NO1430_JSON
20250304,3207,耀勝,TPEx,115.5,116.5,112.5,114.0,403000,46001000,TPEX_OTC_QUOTES_NO1430_JSON
20250304,3211,順達,TPEx,167.0,174.5,165.5,173.5,3264000,556647000,TPEX_OTC_QUOTES_NO1430_JSON
20250304,3213,茂訊,TPEx,137.0,144.5,131.5,144.5,13538000,1876385000,TPEX_OTC_QUOTES_NO1430_JSON
20250304,3217,優群,TPEx,157.5,161.5,157.0,161.0,346000,55232000,TPEX_OTC_QUOTES_NO1430_JSON
20250304,3218,大學光,TPEx,230.5,233.5,226.5,233.5,161000,37005000,TPEX_OTC_QUOTES_NO1430_JSON
20250304,3219,倚強科,TPEx,43.95,45.3,43.85,44.05,95000,4216150,TPEX_OTC_QUOTES_NO1430_JSON
20250304,3221,台嘉碩,TPEx,23.3,23.9,23.15,23.5,31000,724700,TPEX_OTC_QUOTES_NO1430_JSON
20250304,3224,三顧,TPEx,46.3,46.45,45.95,45.95,99000,4562200,TPEX_OTC_QUOTES_NO1430_JSON
20250304,3226,龍鋒,TPEx,49.0,49.5,48.75,49.5,9000,443750,TPEX_OTC_QUOTES_NO1430_JSON
20250304,3227,原相,TPEx,260.0,269.0,253.5,268.0,2990000,785346000,TPEX_OTC_QUOTES_NO1430_JSON
20250304,3228,金麗科,TPEx,202.0,205.5,193.0,204.5,607000,120891500,TPEX_OTC_QUOTES_NO1430_JSON
20250304,3230,錦明,TPEx,49.0,50.8,47.15,50.7,1205000,59097000,TPEX_OTC_QUOTES_NO1430_JSON
20250304,3232,昱捷,TPEx,26.35,26.35,26.0,26.25,30000,786400,TPEX_OTC_QUOTES_NO1430_JSON
20250304,3234,光環,TPEx,44.4,47.1,44.35,46.6,1242000,57177950,TPEX_OTC_QUOTES_NO1430_JSON
20250304,3236,千如,TPEx,19.6,19.7,19.4,19.7,78000,1523900,TPEX_OTC_QUOTES_NO1430_JSON
20250304,3252,海灣,TPEx,20.45,20.45,20.05,20.15,56000,1134200,TPEX_OTC_QUOTES_NO1430_JSON
20250304,3259,鑫創,TPEx,20.1,21.0,20.1,20.7,16000,330750,TPEX_OTC_QUOTES_NO1430_JSON
20250304,3260,威剛,TPEx,84.0,84.9,82.7,84.9,2477000,207478400,TPEX_OTC_QUOTES_NO1430_JSON
20250304,3264,欣銓,TPEx,73.0,74.7,71.1,74.3,20678000,1518626900,TPEX_OTC_QUOTES_NO1430_JSON
20250304,3265,台星科,TPEx,105.0,108.5,104.5,108.5,321000,34377000,TPEX_OTC_QUOTES_NO1430_JSON
20250304,3268,海德威,TPEx,21.55,21.7,21.35,21.7,38000,817150,TPEX_OTC_QUOTES_NO1430_JSON
20250304,3272,東碩,TPEx,26.8,27.1,26.8,27.0,23000,617800,TPEX_OTC_QUOTES_NO1430_JSON
20250304,3276,宇環,TPEx,15.75,16.1,15.7,15.85,42000,668250,TPEX_OTC_QUOTES_NO1430_JSON
20250304,3284,太普高,TPEx,33.4,35.75,33.0,34.6,282000,9593300,TPEX_OTC_QUOTES_NO1430_JSON
20250304,3285,微端,TPEx,26.15,26.45,25.8,26.2,8000,209200,TPEX_OTC_QUOTES_NO1430_JSON
20250304,3287,廣寰科,TPEx,31.05,31.45,30.75,31.25,57000,1766600,TPEX_OTC_QUOTES_NO1430_JSON
20250304,3289,宜特,TPEx,130.0,132.5,127.0,132.0,348000,45294000,TPEX_OTC_QUOTES_NO1430_JSON
20250304,3290,東浦,TPEx,33.65,34.45,33.3,34.15,552000,18668550,TPEX_OTC_QUOTES_NO1430_JSON
20250304,3293,鈊象,TPEx,937.0,937.0,912.0,921.0,2090000,1928060000,TPEX_OTC_QUOTES_NO1430_JSON
20250304,3294,英濟,TPEx,36.4,38.1,36.15,37.8,2203000,82846200,TPEX_OTC_QUOTES_NO1430_JSON
20250304,3297,杭特,TPEx,21.4,22.0,21.1,22.0,15000,322100,TPEX_OTC_QUOTES_NO1430_JSON
20250304,3303,岱稜,TPEx,57.9,59.2,57.1,57.6,1151000,66782100,TPEX_OTC_QUOTES_NO1430_JSON
20250304,3306,鼎天,TPEx,49.6,50.4,48.4,50.1,125000,6221850,TPEX_OTC_QUOTES_NO1430_JSON
20250304,3310,佳穎,TPEx,89.3,89.3,87.5,88.0,31000,2735400,TPEX_OTC_QUOTES_NO1430_JSON
20250304,3313,斐成,TPEx,15.1,15.25,14.9,15.2,179000,2699400,TPEX_OTC_QUOTES_NO1430_JSON
20250304,3317,尼克森,TPEx,45.4,47.55,45.4,47.4,115000,5396800,TPEX_OTC_QUOTES_NO1430_JSON
20250304,3322,建舜電,TPEx,18.45,18.6,18.3,18.4,135000,2494900,TPEX_OTC_QUOTES_NO1430_JSON
20250304,3323,加百裕,TPEx,33.85,34.8,33.1,34.5,2387000,81301500,TPEX_OTC_QUOTES_NO1430_JSON
20250304,3324,雙鴻,TPEx,642.0,665.0,630.0,660.0,4085000,2660998000,TPEX_OTC_QUOTES_NO1430_JSON
20250304,3325,旭品,TPEx,21.95,22.4,21.8,22.35,241000,5357050,TPEX_OTC_QUOTES_NO1430_JSON
20250304,3339,泰谷,TPEx,34.15,35.3,34.05,35.15,159000,5520750,TPEX_OTC_QUOTES_NO1430_JSON
20250304,3349,寶德,TPEx,18.5,18.95,18.0,18.5,14000,260050,TPEX_OTC_QUOTES_NO1430_JSON
20250304,3354,律勝,TPEx,19.55,20.35,19.5,20.15,150000,3007300,TPEX_OTC_QUOTES_NO1430_JSON
20250304,3357,臺慶科,TPEx,122.0,126.5,121.5,126.5,195000,24317000,TPEX_OTC_QUOTES_NO1430_JSON
20250304,3360,尚立,TPEx,13.75,14.25,13.65,14.25,194000,2697050,TPEX_OTC_QUOTES_NO1430_JSON
20250304,3362,先進光,TPEx,204.0,207.5,200.0,206.0,460000,93693500,TPEX_OTC_QUOTES_NO1430_JSON
20250304,3363,上詮,TPEx,290.5,311.0,290.5,311.0,833000,251455000,TPEX_OTC_QUOTES_NO1430_JSON
20250304,3372,典範,TPEx,15.6,15.8,15.1,15.75,380000,5882450,TPEX_OTC_QUOTES_NO1430_JSON
20250304,3373,熱映,TPEx,23.15,23.15,22.6,23.0,188000,4315150,TPEX_OTC_QUOTES_NO1430_JSON
20250304,3374,精材,TPEx,172.5,179.0,171.0,179.0,3106000,542094500,TPEX_OTC_QUOTES_NO1430_JSON
20250304,3379,彬台,TPEx,67.1,75.3,65.8,75.3,24588000,1793489100,TPEX_OTC_QUOTES_NO1430_JSON
20250304,3388,崇越電,TPEx,69.3,69.3,68.9,69.1,36000,2486600,TPEX_OTC_QUOTES_NO1430_JSON
20250304,3390,旭軟,TPEx,27.5,27.75,26.5,27.55,679000,18424350,TPEX_OTC_QUOTES_NO1430_JSON
20250304,3402,漢科,TPEx,100.5,105.0,98.5,103.5,717000,73313600,TPEX_OTC_QUOTES_NO1430_JSON
20250304,3426,台興,TPEx,50.8,50.8,50.8,50.8,1000,50800,TPEX_OTC_QUOTES_NO1430_JSON
20250304,3430,奇鈦科,TPEx,62.3,63.9,62.3,63.9,130000,8225600,TPEX_OTC_QUOTES_NO1430_JSON
20250304,3434,哲固,TPEx,29.5,29.8,29.35,29.75,52000,1534800,TPEX_OTC_QUOTES_NO1430_JSON
20250304,3438,類比科,TPEx,60.0,61.7,59.6,61.7,50000,3040600,TPEX_OTC_QUOTES_NO1430_JSON
20250304,3441,聯一光電,TPEx,39.3,41.65,38.75,40.35,661000,26832000,TPEX_OTC_QUOTES_NO1430_JSON
20250304,3444,利機,TPEx,72.9,72.9,69.6,70.5,914000,64276600,TPEX_OTC_QUOTES_NO1430_JSON
20250304,3455,由田,TPEx,105.5,109.5,105.0,109.0,262000,28119000,TPEX_OTC_QUOTES_NO1430_JSON
20250304,3465,進泰電子,TPEx,66.3,67.0,66.0,66.6,33000,2186100,TPEX_OTC_QUOTES_NO1430_JSON
20250304,3466,德晉,TPEx,58.3,61.3,58.0,60.2,312000,18712100,TPEX_OTC_QUOTES_NO1430_JSON
20250304,3479,安勤,TPEx,105.0,109.5,104.0,109.5,665000,71456500,TPEX_OTC_QUOTES_NO1430_JSON
20250304,3483,力致,TPEx,143.0,146.5,142.0,146.0,494000,71344000,TPEX_OTC_QUOTES_NO1430_JSON
20250304,3484,崧騰,TPEx,62.0,65.3,61.0,65.0,2346000,148858800,TPEX_OTC_QUOTES_NO1430_JSON
20250304,3489,森寶,TPEx,29.9,30.2,29.65,29.95,110000,3292750,TPEX_OTC_QUOTES_NO1430_JSON
20250304,3490,單井,TPEx,30.5,31.2,30.2,31.1,128000,3941150,TPEX_OTC_QUOTES_NO1430_JSON
20250304,3491,昇達科,TPEx,437.0,450.5,432.5,443.5,2888000,1280899000,TPEX_OTC_QUOTES_NO1430_JSON
20250304,3492,長盛,TPEx,26.7,27.8,26.65,27.8,137000,3738500,TPEX_OTC_QUOTES_NO1430_JSON
20250304,3498,陽程,TPEx,50.8,52.6,50.5,52.3,312000,16133900,TPEX_OTC_QUOTES_NO1430_JSON
20250304,3499,環天科,TPEx,18.75,19.0,18.6,19.0,50000,942650,TPEX_OTC_QUOTES_NO1430_JSON
20250304,3508,位速,TPEx,27.5,28.0,27.25,28.0,172000,4768050,TPEX_OTC_QUOTES_NO1430_JSON
20250304,3511,矽瑪,TPEx,31.6,32.1,31.05,31.5,255000,8068450,TPEX_OTC_QUOTES_NO1430_JSON
20250304,3512,皇龍,TPEx,31.2,31.9,31.2,31.45,61000,1916100,TPEX_OTC_QUOTES_NO1430_JSON
20250304,3516,亞帝歐,TPEx,23.0,24.15,21.55,24.1,987000,22265550,TPEX_OTC_QUOTES_NO1430_JSON
20250304,3520,華盈,TPEx,17.6,17.9,17.3,17.75,217000,3823700,TPEX_OTC_QUOTES_NO1430_JSON
20250304,3521,台鋼建設,TPEx,16.15,16.35,16.0,16.35,119000,1923500,TPEX_OTC_QUOTES_NO1430_JSON
20250304,3522,御嵿,TPEx,22.5,22.9,22.3,22.9,296000,6654850,TPEX_OTC_QUOTES_NO1430_JSON
20250304,3523,迎輝,TPEx,23.0,23.5,23.0,23.45,33000,759950,TPEX_OTC_QUOTES_NO1430_JSON
20250304,3526,凡甲,TPEx,282.0,290.0,280.5,288.0,280000,79989000,TPEX_OTC_QUOTES_NO1430_JSON
20250304,3527,聚積,TPEx,74.9,75.2,73.2,75.2,40000,2972000,TPEX_OTC_QUOTES_NO1430_JSON
20250304,3529,力旺,TPEx,2820.0,2820.0,2720.0,2760.0,776000,2142550000,TPEX_OTC_QUOTES_NO1430_JSON
20250304,3531,先益,TPEx,27.0,27.25,27.0,27.0,20000,540350,TPEX_OTC_QUOTES_NO1430_JSON
20250304,3537,堡達,TPEx,50.5,51.9,50.2,51.5,74000,3798300,TPEX_OTC_QUOTES_NO1430_JSON
20250304,3540,曜越,TPEx,37.4,38.45,37.0,38.3,133000,5020600,TPEX_OTC_QUOTES_NO1430_JSON
20250304,3541,西柏,TPEx,32.4,34.35,32.2,33.1,2389000,79232550,TPEX_OTC_QUOTES_NO1430_JSON
20250304,3546,宇峻,TPEx,80.0,80.0,78.5,79.3,103000,8133800,TPEX_OTC_QUOTES_NO1430_JSON
20250304,3548,兆利,TPEx,163.5,178.5,163.0,174.0,2676000,462526500,TPEX_OTC_QUOTES_NO1430_JSON
20250304,3551,世禾,TPEx,125.0,130.5,123.0,130.0,779000,99239000,TPEX_OTC_QUOTES_NO1430_JSON
20250304,3552,同致,TPEx,85.8,87.5,84.8,86.9,70000,6054800,TPEX_OTC_QUOTES_NO1430_JSON
20250304,3555,博士旺,TPEx,29.6,29.6,29.55,29.55,4000,118250,TPEX_OTC_QUOTES_NO1430_JSON
20250304,3556,禾瑞亞,TPEx,43.4,46.6,43.4,46.05,494000,22502750,TPEX_OTC_QUOTES_NO1430_JSON
20250304,3558,神準,TPEx,242.0,248.0,240.5,245.5,1852000,454028000,TPEX_OTC_QUOTES_NO1430_JSON
20250304,3564,其陽,TPEx,76.6,79.3,75.9,79.0,211000,16459500,TPEX_OTC_QUOTES_NO1430_JSON
20250304,3567,逸昌,TPEx,32.15,32.25,32.0,32.05,54000,1733700,TPEX_OTC_QUOTES_NO1430_JSON
20250304,3570,大塚,TPEx,177.0,179.5,176.5,179.0,73000,13013500,TPEX_OTC_QUOTES_NO1430_JSON
20250304,3577,泓格,TPEx,78.2,78.5,75.5,78.5,684000,53086000,TPEX_OTC_QUOTES_NO1430_JSON
20250304,3580,友威科,TPEx,82.0,84.6,81.5,84.2,576000,47746900,TPEX_OTC_QUOTES_NO1430_JSON
20250304,3581,博磊,TPEx,46.05,48.1,45.85,47.9,128000,6028950,TPEX_OTC_QUOTES_NO1430_JSON
20250304,3587,閎康,TPEx,205.0,218.5,203.5,218.0,724000,154891000,TPEX_OTC_QUOTES_NO1430_JSON
20250304,3594,磐儀,TPEx,55.6,58.0,55.0,56.9,2455000,138930800,TPEX_OTC_QUOTES_NO1430_JSON
20250304,3597,映興,TPEx,38.2,38.35,37.2,38.35,163000,6190350,TPEX_OTC_QUOTES_NO1430_JSON
20250304,3609,三一東林,TPEx,56.0,56.0,52.6,54.0,1198000,64639000,TPEX_OTC_QUOTES_NO1430_JSON
20250304,3611,鼎翰,TPEx,210.5,216.5,210.0,216.0,27000,5752500,TPEX_OTC_QUOTES_NO1430_JSON
20250304,3615,安可,TPEx,26.45,26.9,25.85,26.7,359000,9510800,TPEX_OTC_QUOTES_NO1430_JSON
20250304,3623,富晶通,TPEx,23.3,23.55,23.3,23.4,15000,350200,TPEX_OTC_QUOTES_NO1430_JSON
20250304,3624,光頡,TPEx,39.0,39.65,38.7,39.45,101000,3959300,TPEX_OTC_QUOTES_NO1430_JSON
20250304,3625,西勝,TPEx,17.8,18.2,17.35,18.05,608000,10821500,TPEX_OTC_QUOTES_NO1430_JSON
20250304,3628,盈正,TPEx,43.2,44.4,43.2,43.9,8000,349100,TPEX_OTC_QUOTES_NO1430_JSON
20250304,3630,新鉅科,TPEx,25.4,25.45,24.85,25.3,503000,12682450,TPEX_OTC_QUOTES_NO1430_JSON
20250304,3631,晟楠,TPEx,41.6,41.7,39.95,40.65,48000,1938150,TPEX_OTC_QUOTES_NO1430_JSON
20250304,3632,研勤,TPEx,14.0,14.0,14.0,14.0,1000,14000,TPEX_OTC_QUOTES_NO1430_JSON
20250304,3646,艾恩特,TPEx,30.2,30.3,29.95,30.1,15000,452000,TPEX_OTC_QUOTES_NO1430_JSON
20250304,3663,鑫科,TPEx,65.2,67.6,64.2,67.5,633000,41730300,TPEX_OTC_QUOTES_NO1430_JSON
20250304,3664,安瑞-KY,TPEx,28.1,29.0,27.2,27.95,115000,3201600,TPEX_OTC_QUOTES_NO1430_JSON
20250304,3666,光耀,TPEx,34.3,34.9,34.3,34.4,82000,2824450,TPEX_OTC_QUOTES_NO1430_JSON
20250304,3672,康聯訊,TPEx,20.8,20.85,20.8,20.8,21000,436900,TPEX_OTC_QUOTES_NO1430_JSON
20250304,3675,德微,TPEx,197.5,201.0,194.0,198.5,218000,43076500,TPEX_OTC_QUOTES_NO1430_JSON
20250304,3680,家登,TPEx,462.5,482.0,454.0,470.5,1235000,582432500,TPEX_OTC_QUOTES_NO1430_JSON
20250304,3685,元創精密,TPEx,15.75,15.9,15.25,15.9,207000,3232600,TPEX_OTC_QUOTES_NO1430_JSON
20250304,3687,歐買尬,TPEx,87.5,91.5,86.5,90.2,228000,20508300,TPEX_OTC_QUOTES_NO1430_JSON
20250304,3689,湧德,TPEx,100.0,107.0,99.5,106.5,3627000,378490100,TPEX_OTC_QUOTES_NO1430_JSON
20250304,3691,碩禾,TPEx,78.1,78.3,76.5,77.6,335000,25930900,TPEX_OTC_QUOTES_NO1430_JSON
20250304,3693,營邦,TPEx,355.0,372.0,349.0,370.0,542000,195286500,TPEX_OTC_QUOTES_NO1430_JSON
20250304,3707,漢磊,TPEx,48.7,49.4,47.4,49.2,938000,45276850,TPEX_OTC_QUOTES_NO1430_JSON
20250304,3709,鑫聯大投控,TPEx,29.3,29.3,28.8,28.95,238000,6890000,TPEX_OTC_QUOTES_NO1430_JSON
20250304,3710,連展投控,TPEx,10.85,11.1,10.6,10.95,1073000,11673800,TPEX_OTC_QUOTES_NO1430_JSON
20250304,3713,新晶投控,TPEx,22.3,22.3,21.9,22.2,6000,132750,TPEX_OTC_QUOTES_NO1430_JSON
20250304,4102,永日,TPEx,31.25,31.25,30.35,30.4,31000,946800,TPEX_OTC_QUOTES_NO1430_JSON
20250304,4105,東洋,TPEx,80.0,80.8,79.6,80.6,1796000,144348200,TPEX_OTC_QUOTES_NO1430_JSON
20250304,4107,邦特,TPEx,130.0,133.5,129.0,132.0,234000,30816500,TPEX_OTC_QUOTES_NO1430_JSON
20250304,4109,加捷生醫,TPEx,20.65,21.5,20.3,21.3,482000,10071050,TPEX_OTC_QUOTES_NO1430_JSON
20250304,4111,濟生,TPEx,29.25,29.4,29.1,29.35,329000,9628350,TPEX_OTC_QUOTES_NO1430_JSON
20250304,4113,聯上,TPEx,29.1,29.3,28.5,29.0,344000,9962550,TPEX_OTC_QUOTES_NO1430_JSON
20250304,4114,健喬,TPEx,32.6,32.6,32.35,32.55,1380000,44791900,TPEX_OTC_QUOTES_NO1430_JSON
20250304,4116,明基醫,TPEx,48.15,48.85,47.9,48.85,55000,2658150,TPEX_OTC_QUOTES_NO1430_JSON
20250304,4120,友華,TPEx,51.8,52.5,51.5,52.5,56000,2916800,TPEX_OTC_QUOTES_NO1430_JSON
20250304,4121,優盛,TPEx,18.05,18.15,17.9,18.05,124000,2232250,TPEX_OTC_QUOTES_NO1430_JSON
20250304,4123,晟德,TPEx,40.5,40.95,40.25,40.6,1001000,40548350,TPEX_OTC_QUOTES_NO1430_JSON
20250304,4126,太醫,TPEx,92.4,93.7,91.5,93.7,88000,8189300,TPEX_OTC_QUOTES_NO1430_JSON
20250304,4127,天良,TPEx,38.0,38.45,38.0,38.2,95000,3626650,TPEX_OTC_QUOTES_NO1430_JSON
20250304,4128,中天,TPEx,30.85,31.15,30.2,31.1,845000,25932250,TPEX_OTC_QUOTES_NO1430_JSON
20250304,4129,聯合,TPEx,92.8,94.3,91.5,93.8,314000,29112400,TPEX_OTC_QUOTES_NO1430_JSON
20250304,4130,健亞,TPEx,23.4,23.65,23.35,23.6,60000,1410300,TPEX_OTC_QUOTES_NO1430_JSON
20250304,4131,浩泰,TPEx,32.5,32.8,32.4,32.8,7000,227650,TPEX_OTC_QUOTES_NO1430_JSON
20250304,4138,曜亞,TPEx,90.5,91.4,90.5,91.2,38000,3458800,TPEX_OTC_QUOTES_NO1430_JSON
20250304,4139,馬光-KY,TPEx,28.15,29.45,28.15,29.05,15000,432500,TPEX_OTC_QUOTES_NO1430_JSON
20250304,4147,中裕,TPEx,93.6,95.6,91.5,95.5,1435000,134006100,TPEX_OTC_QUOTES_NO1430_JSON
20250304,4153,鈺緯,TPEx,39.9,40.5,39.9,40.35,38000,1531000,TPEX_OTC_QUOTES_NO1430_JSON
20250304,4154,樂威科-KY,TPEx,19.75,21.5,19.7,21.5,202000,4281200,TPEX_OTC_QUOTES_NO1430_JSON
20250304,4157,太景*-KY,TPEx,11.2,11.3,11.1,11.25,605000,6772700,TPEX_OTC_QUOTES_NO1430_JSON
20250304,4160,訊聯基因,TPEx,71.2,71.6,70.1,71.6,26000,1846000,TPEX_OTC_QUOTES_NO1430_JSON
20250304,4161,聿新科,TPEx,33.7,33.75,33.4,33.7,45000,1511900,TPEX_OTC_QUOTES_NO1430_JSON
20250304,4162,智擎,TPEx,112.5,114.5,111.0,114.5,1705000,192549000,TPEX_OTC_QUOTES_NO1430_JSON
20250304,4163,鐿鈦,TPEx,110.0,110.0,109.5,109.5,5000,548500,TPEX_OTC_QUOTES_NO1430_JSON
20250304,4167,松瑞藥,TPEx,19.9,20.4,19.6,20.05,1148000,22940100,TPEX_OTC_QUOTES_NO1430_JSON
20250304,4168,醣聯,TPEx,24.1,24.25,23.95,24.25,100000,2414250,TPEX_OTC_QUOTES_NO1430_JSON
20250304,4171,瑞基,TPEx,26.8,27.0,26.6,27.0,45000,1208450,TPEX_OTC_QUOTES_NO1430_JSON
20250304,4173,久裕,TPEx,21.8,21.9,21.7,21.85,35000,763150,TPEX_OTC_QUOTES_NO1430_JSON
20250304,4174,浩鼎,TPEx,58.3,59.6,57.3,59.2,741000,43164000,TPEX_OTC_QUOTES_NO1430_JSON
20250304,4175,杏一,TPEx,68.1,68.8,67.9,68.8,34000,2315900,TPEX_OTC_QUOTES_NO1430_JSON
20250304,4183,福永生技,TPEx,23.0,23.35,23.0,23.35,15000,347300,TPEX_OTC_QUOTES_NO1430_JSON
20250304,4188,安克,TPEx,20.75,20.75,20.45,20.5,66000,1352700,TPEX_OTC_QUOTES_NO1430_JSON
20250304,4192,杏國,TPEx,35.2,35.2,34.7,34.7,3000,105000,TPEX_OTC_QUOTES_NO1430_JSON
20250304,4198,欣大健康,TPEx,31.05,31.9,31.0,31.0,15000,469600,TPEX_OTC_QUOTES_NO1430_JSON
20250304,4205,中華食,TPEx,88.2,88.2,87.5,87.8,16000,1405400,TPEX_OTC_QUOTES_NO1430_JSON
20250304,4207,環泰,TPEx,17.05,17.05,16.85,16.85,115000,1943400,TPEX_OTC_QUOTES_NO1430_JSON
20250304,4303,信立,TPEx,60.2,61.3,59.3,60.1,8355000,503551600,TPEX_OTC_QUOTES_NO1430_JSON
20250304,4304,勝昱,TPEx,8.72,8.72,8.72,8.72,2000,17440,TPEX_OTC_QUOTES_NO1430_JSON
20250304,4305,世坤,TPEx,44.0,44.0,44.0,44.0,1000,44000,TPEX_OTC_QUOTES_NO1430_JSON
20250304,4401,東隆興,TPEx,20.6,20.9,20.6,20.75,67000,1389600,TPEX_OTC_QUOTES_NO1430_JSON
20250304,4402,郡都開發,TPEx,26.9,26.9,26.0,26.6,28000,741450,TPEX_OTC_QUOTES_NO1430_JSON
20250304,4406,新昕纖,TPEx,10.8,10.8,10.8,10.8,6000,64800,TPEX_OTC_QUOTES_NO1430_JSON
20250304,4413,飛寶企業,TPEx,18.3,18.85,18.3,18.85,2000,37150,TPEX_OTC_QUOTES_NO1430_JSON
20250304,4416,三圓,TPEx,73.6,74.0,73.6,74.0,4000,295200,TPEX_OTC_QUOTES_NO1430_JSON
20250304,4417,金洲,TPEx,45.95,46.15,45.2,46.15,256000,11704050,TPEX_OTC_QUOTES_NO1430_JSON
20250304,4419,皇家美食,TPEx,51.2,56.0,51.2,53.7,68000,3644800,TPEX_OTC_QUOTES_NO1430_JSON
20250304,4420,光明,TPEx,57.7,58.7,57.7,58.1,108000,6299100,TPEX_OTC_QUOTES_NO1430_JSON
20250304,4430,耀億,TPEx,23.1,23.1,22.7,22.95,13000,296750,TPEX_OTC_QUOTES_NO1430_JSON
20250304,4432,銘旺實,TPEx,23.05,23.1,22.75,23.05,37000,847700,TPEX_OTC_QUOTES_NO1430_JSON
20250304,4433,興采,TPEx,29.0,29.25,29.0,29.2,13000,379150,TPEX_OTC_QUOTES_NO1430_JSON
20250304,4442,竣邦-KY,TPEx,48.35,51.6,48.25,51.3,69000,3442100,TPEX_OTC_QUOTES_NO1430_JSON
20250304,4502,健信,TPEx,20.2,20.6,19.6,20.6,54000,1087750,TPEX_OTC_QUOTES_NO1430_JSON
20250304,4503,金雨,TPEx,57.6,59.0,57.3,58.6,991000,57828000,TPEX_OTC_QUOTES_NO1430_JSON
20250304,4506,崇友,TPEx,109.0,110.5,109.0,109.5,99000,10868500,TPEX_OTC_QUOTES_NO1430_JSON
20250304,4510,高鋒,TPEx,57.0,62.8,56.1,58.1,49605000,2947825700,TPEX_OTC_QUOTES_NO1430_JSON
20250304,4513,福裕,TPEx,32.5,33.15,32.3,32.85,414000,13534850,TPEX_OTC_QUOTES_NO1430_JSON
20250304,4523,永彰,TPEx,36.2,36.35,35.8,35.9,347000,12484850,TPEX_OTC_QUOTES_NO1430_JSON
20250304,4527,方方土霖,TPEx,49.8,50.2,49.5,49.95,131000,6520300,TPEX_OTC_QUOTES_NO1430_JSON
20250304,4528,江興鍛,TPEx,23.0,23.45,23.0,23.4,7000,162350,TPEX_OTC_QUOTES_NO1430_JSON
20250304,4529,淳紳,TPEx,7.1,7.15,7.0,7.0,22000,156210,TPEX_OTC_QUOTES_NO1430_JSON
20250304,4530,宏易,TPEx,13.55,13.6,13.55,13.55,94000,1277850,TPEX_OTC_QUOTES_NO1430_JSON
20250304,4533,協易機,TPEx,38.6,41.2,38.15,41.05,5683000,230042550,TPEX_OTC_QUOTES_NO1430_JSON
20250304,4534,慶騰,TPEx,27.95,29.0,27.05,28.95,2161000,61117100,TPEX_OTC_QUOTES_NO1430_JSON
20250304,4535,至興,TPEx,34.7,34.7,34.45,34.55,31000,1072150,TPEX_OTC_QUOTES_NO1430_JSON
20250304,4538,大詠城,TPEx,18.35,18.6,18.3,18.55,32000,591950,TPEX_OTC_QUOTES_NO1430_JSON
20250304,4541,晟田,TPEx,35.2,35.7,34.5,35.5,432000,15173950,TPEX_OTC_QUOTES_NO1430_JSON
20250304,4542,科嶠,TPEx,88.9,91.5,87.8,90.7,113000,10201900,TPEX_OTC_QUOTES_NO1430_JSON
20250304,4543,萬在,TPEx,38.15,39.0,38.0,38.9,84000,3251950,TPEX_OTC_QUOTES_NO1430_JSON
20250304,4549,桓達,TPEx,156.0,158.5,152.0,158.5,240000,37127000,TPEX_OTC_QUOTES_NO1430_JSON
20250304,4550,長佳,TPEx,29.05,29.7,29.0,29.55,19000,556200,TPEX_OTC_QUOTES_NO1430_JSON
20250304,4554,橙的,TPEx,28.45,28.8,28.45,28.8,13000,371350,TPEX_OTC_QUOTES_NO1430_JSON
20250304,4556,旭然,TPEx,30.2,30.4,30.2,30.4,5000,151300,TPEX_OTC_QUOTES_NO1430_JSON
20250304,4558,寶緯,TPEx,33.95,33.95,32.85,33.0,27000,895300,TPEX_OTC_QUOTES_NO1430_JSON
20250304,4561,健椿,TPEx,70.1,71.8,69.5,71.0,715000,50511800,TPEX_OTC_QUOTES_NO1430_JSON
20250304,4563,百德,TPEx,89.5,95.5,89.5,94.4,1261000,118436800,TPEX_OTC_QUOTES_NO1430_JSON
20250304,4568,科際精密,TPEx,55.0,55.0,54.8,55.0,15000,824500,TPEX_OTC_QUOTES_NO1430_JSON
20250304,4577,達航科技,TPEx,27.5,28.5,26.7,28.1,221000,6127900,TPEX_OTC_QUOTES_NO1430_JSON
20250304,4580,捷流閥業,TPEx,93.0,93.3,93.0,93.3,28000,2607800,TPEX_OTC_QUOTES_NO1430_JSON
20250304,4584,君帆,TPEx,67.5,68.0,64.1,64.1,29000,1923300,TPEX_OTC_QUOTES_NO1430_JSON
20250304,4609,唐鋒,TPEx,8.95,9.18,8.95,9.18,3000,27230,TPEX_OTC_QUOTES_NO1430_JSON
20250304,4702,中美實,TPEx,12.35,12.75,12.35,12.65,42000,529000,TPEX_OTC_QUOTES_NO1430_JSON
20250304,4707,磐亞,TPEx,13.05,13.05,13.05,13.05,3289000,42921450,TPEX_OTC_QUOTES_NO1430_JSON
20250304,4711,永純,TPEx,15.4,15.4,15.2,15.4,23000,353400,TPEX_OTC_QUOTES_NO1430_JSON
20250304,4714,永捷,TPEx,16.7,16.85,16.4,16.8,528000,8828800,TPEX_OTC_QUOTES_NO1430_JSON
20250304,4716,大立,TPEx,20.1,20.6,19.8,20.25,400000,8089700,TPEX_OTC_QUOTES_NO1430_JSON
20250304,4721,美琪瑪,TPEx,66.8,67.3,65.5,67.3,370000,24479200,TPEX_OTC_QUOTES_NO1430_JSON
20250304,4726,永昕,TPEx,43.45,44.95,43.15,44.8,322000,14197150,TPEX_OTC_QUOTES_NO1430_JSON
20250304,4728,雙美,TPEx,297.0,302.5,297.0,301.0,13000,3897500,TPEX_OTC_QUOTES_NO1430_JSON
20250304,4729,熒茂,TPEx,23.6,24.75,23.6,24.7,237000,5755500,TPEX_OTC_QUOTES_NO1430_JSON
20250304,4735,豪展,TPEx,38.45,38.45,37.9,38.3,29000,1104000,TPEX_OTC_QUOTES_NO1430_JSON
20250304,4741,泓瀚,TPEx,37.25,40.45,37.25,38.55,459000,17544000,TPEX_OTC_QUOTES_NO1430_JSON
20250304,4743,合一,TPEx,73.0,73.3,70.6,73.3,2946000,212177900,TPEX_OTC_QUOTES_NO1430_JSON
20250304,4744,皇將,TPEx,22.45,22.85,22.45,22.6,133000,3011400,TPEX_OTC_QUOTES_NO1430_JSON
20250304,4745,合富-KY,TPEx,20.3,20.55,20.3,20.55,38000,775250,TPEX_OTC_QUOTES_NO1430_JSON
20250304,4747,強生製藥,TPEx,79.7,80.3,79.5,80.3,72000,5756800,TPEX_OTC_QUOTES_NO1430_JSON
20250304,4749,新應材,TPEx,636.0,662.0,629.0,654.0,1090000,703907000,TPEX_OTC_QUOTES_NO1430_JSON
20250304,4754,國碳科,TPEx,42.0,42.55,42.0,42.55,30000,1266000,TPEX_OTC_QUOTES_NO1430_JSON
20250304,4760,勤凱科技,TPEx,115.0,118.5,114.5,117.5,130000,15173500,TPEX_OTC_QUOTES_NO1430_JSON
20250304,4767,誠泰科技,TPEx,34.95,35.4,34.95,35.4,6000,211000,TPEX_OTC_QUOTES_NO1430_JSON
20250304,4768,晶呈科技,TPEx,159.5,164.5,157.0,163.0,450000,72804000,TPEX_OTC_QUOTES_NO1430_JSON
20250304,4772,台特化,TPEx,240.0,264.0,236.5,258.0,8484000,2151407500,TPEX_OTC_QUOTES_NO1430_JSON
20250304,4804,大略-KY,TPEx,5.01,5.15,5.01,5.14,191000,983140,TPEX_OTC_QUOTES_NO1430_JSON
20250304,4806,桂田文創,TPEx,10.8,11.15,10.1,10.45,26000,270200,TPEX_OTC_QUOTES_NO1430_JSON
20250304,4903,聯光通,TPEx,33.5,34.9,33.25,34.35,1066000,36113500,TPEX_OTC_QUOTES_NO1430_JSON
20250304,4905,台聯電,TPEx,75.7,76.7,75.2,75.6,17000,1287500,TPEX_OTC_QUOTES_NO1430_JSON
20250304,4907,富宇,TPEx,72.2,72.9,71.4,72.2,86000,6216100,TPEX_OTC_QUOTES_NO1430_JSON
20250304,4908,前鼎,TPEx,89.9,93.0,88.7,92.3,506000,46217400,TPEX_OTC_QUOTES_NO1430_JSON
20250304,4909,新復興,TPEx,103.5,108.5,102.5,107.0,2611000,275725500,TPEX_OTC_QUOTES_NO1430_JSON
20250304,4911,德英,TPEx,57.3,58.2,57.3,58.2,38000,2198200,TPEX_OTC_QUOTES_NO1430_JSON
20250304,4923,力士,TPEx,38.55,38.55,37.4,38.05,112000,4243750,TPEX_OTC_QUOTES_NO1430_JSON
20250304,4924,欣厚-KY,TPEx,19.3,19.3,19.2,19.2,23000,442750,TPEX_OTC_QUOTES_NO1430_JSON
20250304,4931,新盛力,TPEx,68.9,72.5,67.2,72.4,10266000,723053400,TPEX_OTC_QUOTES_NO1430_JSON
20250304,4933,友輝,TPEx,75.6,78.1,74.5,78.0,926000,71019200,TPEX_OTC_QUOTES_NO1430_JSON
20250304,4939,亞電,TPEx,19.8,19.9,19.75,19.8,77000,1526500,TPEX_OTC_QUOTES_NO1430_JSON
20250304,4945,陞達科技,TPEx,72.0,73.7,71.2,73.2,17000,1233700,TPEX_OTC_QUOTES_NO1430_JSON
20250304,4946,辣椒,TPEx,69.0,73.0,68.4,73.0,71000,5006100,TPEX_OTC_QUOTES_NO1430_JSON
20250304,4950,金耘國際,TPEx,14.2,14.5,14.15,14.5,55000,789500,TPEX_OTC_QUOTES_NO1430_JSON
20250304,4951,精拓科,TPEx,77.0,80.4,75.5,78.5,480000,37764800,TPEX_OTC_QUOTES_NO1430_JSON
20250304,4953,緯致,TPEx,108.0,110.5,107.0,109.5,301000,32871000,TPEX_OTC_QUOTES_NO1430_JSON
20250304,4966,譜瑞-KY,TPEx,656.0,657.0,631.0,642.0,845000,542318000,TPEX_OTC_QUOTES_NO1430_JSON
20250304,4971,IET-KY,TPEx,166.0,176.0,166.0,176.0,535000,92487500,TPEX_OTC_QUOTES_NO1430_JSON
20250304,4972,湯石照明,TPEx,24.35,24.35,23.85,23.9,27000,648050,TPEX_OTC_QUOTES_NO1430_JSON
20250304,4973,廣穎電通,TPEx,33.2,33.8,32.6,33.8,120000,3983100,TPEX_OTC_QUOTES_NO1430_JSON
20250304,4974,亞泰,TPEx,112.5,118.0,112.0,117.5,835000,96600500,TPEX_OTC_QUOTES_NO1430_JSON
20250304,4979,華星光,TPEx,179.0,190.5,177.0,187.0,21883000,4045291000,TPEX_OTC_QUOTES_NO1430_JSON
20250304,4987,科誠,TPEx,81.9,83.1,81.7,82.8,71000,5863000,TPEX_OTC_QUOTES_NO1430_JSON
20250304,4991,環宇-KY,TPEx,113.5,122.5,111.0,120.5,25322000,2984181000,TPEX_OTC_QUOTES_NO1430_JSON
20250304,4995,晶達,TPEx,72.1,72.1,71.0,71.8,31000,2213400,TPEX_OTC_QUOTES_NO1430_JSON
20250304,5009,榮剛,TPEx,48.25,48.75,47.8,48.75,1231000,59490000,TPEX_OTC_QUOTES_NO1430_JSON
20250304,5011,久陽,TPEx,20.85,21.05,20.6,20.95,83000,1732000,TPEX_OTC_QUOTES_NO1430_JSON
20250304,5013,強新,TPEx,31.3,31.3,30.5,30.5,2000,61800,TPEX_OTC_QUOTES_NO1430_JSON
20250304,5014,建錩,TPEx,15.1,15.35,15.1,15.35,345000,5271350,TPEX_OTC_QUOTES_NO1430_JSON
20250304,5015,華祺,TPEx,38.2,38.3,38.2,38.2,10000,382200,TPEX_OTC_QUOTES_NO1430_JSON
20250304,5201,凱衛,TPEx,31.2,33.65,31.1,33.65,519000,16678650,TPEX_OTC_QUOTES_NO1430_JSON
20250304,5202,力新,TPEx,24.3,26.8,24.15,26.7,3704000,95789150,TPEX_OTC_QUOTES_NO1430_JSON
20250304,5205,中茂,TPEx,26.65,27.85,26.65,27.8,4000,110100,TPEX_OTC_QUOTES_NO1430_JSON
20250304,5206,坤悅,TPEx,46.0,46.3,46.0,46.2,21000,968900,TPEX_OTC_QUOTES_NO1430_JSON
20250304,5209,新鼎,TPEx,171.5,173.0,171.5,172.5,20000,3445500,TPEX_OTC_QUOTES_NO1430_JSON
20250304,5210,寶碩,TPEx,25.2,25.35,24.9,25.25,133000,3344550,TPEX_OTC_QUOTES_NO1430_JSON
20250304,5211,蒙恬,TPEx,28.55,28.75,28.5,28.7,28000,799800,TPEX_OTC_QUOTES_NO1430_JSON
20250304,5212,凌網,TPEx,59.8,60.5,59.4,60.5,23000,1381000,TPEX_OTC_QUOTES_NO1430_JSON
20250304,5213,亞昕,TPEx,34.95,35.3,34.35,35.25,912000,31890150,TPEX_OTC_QUOTES_NO1430_JSON
20250304,5220,萬達光電,TPEx,22.65,23.3,22.5,23.3,9000,205850,TPEX_OTC_QUOTES_NO1430_JSON
20250304,5223,安力-KY,TPEx,30.3,30.65,30.05,30.2,52000,1569250,TPEX_OTC_QUOTES_NO1430_JSON
20250304,5227,立凱-KY,TPEx,38.25,38.65,38.0,38.6,40000,1534650,TPEX_OTC_QUOTES_NO1430_JSON
20250304,5228,鈺鎧,TPEx,18.35,19.1,18.35,19.0,7000,132350,TPEX_OTC_QUOTES_NO1430_JSON
20250304,5230,雷笛克光學,TPEx,25.55,26.4,25.45,26.1,173000,4474000,TPEX_OTC_QUOTES_NO1430_JSON
20250304,5236,凌陽創新,TPEx,154.0,160.0,152.0,160.0,232000,36626500,TPEX_OTC_QUOTES_NO1430_JSON
20250304,5245,智晶,TPEx,33.05,33.9,33.05,33.55,11000,368350,TPEX_OTC_QUOTES_NO1430_JSON
20250304,5251,天鉞電,TPEx,23.45,23.55,23.35,23.4,29000,679500,TPEX_OTC_QUOTES_NO1430_JSON
20250304,5263,智崴,TPEx,116.0,119.5,115.0,119.5,377000,44058500,TPEX_OTC_QUOTES_NO1430_JSON
20250304,5272,笙科,TPEx,27.05,27.2,26.6,27.1,40000,1081350,TPEX_OTC_QUOTES_NO1430_JSON
20250304,5274,信驊,TPEx,3420.0,3615.0,3390.0,3615.0,476000,1683580000,TPEX_OTC_QUOTES_NO1430_JSON
20250304,5276,達輝-KY,TPEx,18.75,18.8,18.4,18.8,16000,298650,TPEX_OTC_QUOTES_NO1430_JSON
20250304,5278,尚凡*,TPEx,35.6,35.95,35.1,35.95,233000,8320700,TPEX_OTC_QUOTES_NO1430_JSON
20250304,5287,數字,TPEx,185.0,187.5,185.0,186.0,19000,3534000,TPEX_OTC_QUOTES_NO1430_JSON
20250304,5289,宜鼎,TPEx,266.0,276.5,260.0,274.5,1682000,451195500,TPEX_OTC_QUOTES_NO1430_JSON
20250304,5291,邑昇,TPEx,25.2,25.4,25.1,25.2,76000,1915450,TPEX_OTC_QUOTES_NO1430_JSON
20250304,5299,杰力,TPEx,93.0,94.5,92.2,94.3,67000,6269800,TPEX_OTC_QUOTES_NO1430_JSON
20250304,5301,寶得利,TPEx,10.05,10.1,10.05,10.1,3000,30200,TPEX_OTC_QUOTES_NO1430_JSON
20250304,5302,太欣,TPEx,9.74,9.85,9.7,9.75,54000,528240,TPEX_OTC_QUOTES_NO1430_JSON
20250304,5309,系統電,TPEx,41.2,43.05,40.6,42.85,2763000,116652050,TPEX_OTC_QUOTES_NO1430_JSON
20250304,5310,天剛,TPEx,47.95,47.95,47.0,47.1,62000,2930600,TPEX_OTC_QUOTES_NO1430_JSON
20250304,5312,寶島科,TPEx,140.0,140.0,137.5,139.5,78000,10810500,TPEX_OTC_QUOTES_NO1430_JSON
20250304,5314,世紀*,TPEx,795.0,828.0,783.0,816.0,275000,221586000,TPEX_OTC_QUOTES_NO1430_JSON
20250304,5315,光聯,TPEx,22.3,22.65,21.55,21.95,5316000,117108100,TPEX_OTC_QUOTES_NO1430_JSON
20250304,5321,美而快,TPEx,56.6,56.8,56.5,56.8,15000,849100,TPEX_OTC_QUOTES_NO1430_JSON
20250304,5324,士開,TPEx,11.8,11.9,11.65,11.8,20000,236300,TPEX_OTC_QUOTES_NO1430_JSON
20250304,5328,華容,TPEx,15.1,15.45,14.9,15.4,578000,8797500,TPEX_OTC_QUOTES_NO1430_JSON
20250304,5340,建榮,TPEx,38.85,39.6,38.3,39.2,297000,11575550,TPEX_OTC_QUOTES_NO1430_JSON
20250304,5344,立衛,TPEx,17.05,17.2,16.8,17.15,35000,592950,TPEX_OTC_QUOTES_NO1430_JSON
20250304,5345,馥鴻,TPEx,26.2,26.2,25.0,25.6,15000,378050,TPEX_OTC_QUOTES_NO1430_JSON
20250304,5347,世界,TPEx,97.0,100.5,96.8,97.0,6968000,687221100,TPEX_OTC_QUOTES_NO1430_JSON
20250304,5351,鈺創,TPEx,33.6,33.9,33.05,33.7,997000,33447100,TPEX_OTC_QUOTES_NO1430_JSON
20250304,5353,台林,TPEx,33.45,33.55,33.0,33.5,104000,3462100,TPEX_OTC_QUOTES_NO1430_JSON
20250304,5355,佳總,TPEx,10.2,10.3,10.0,10.0,183000,1839600,TPEX_OTC_QUOTES_NO1430_JSON
20250304,5356,協益,TPEx,30.5,31.15,30.5,31.15,152000,4706100,TPEX_OTC_QUOTES_NO1430_JSON
20250304,5364,力麗店,TPEx,24.95,25.25,24.7,24.95,89000,2224650,TPEX_OTC_QUOTES_NO1430_JSON
20250304,5371,中光電,TPEx,80.2,82.8,79.2,82.1,3004000,243453700,TPEX_OTC_QUOTES_NO1430_JSON
20250304,5381,光譜,TPEx,22.7,23.05,22.3,22.95,202000,4599400,TPEX_OTC_QUOTES_NO1430_JSON
20250304,5386,青雲,TPEx,76.9,77.6,75.6,77.1,428000,32883000,TPEX_OTC_QUOTES_NO1430_JSON
20250304,5392,能率,TPEx,34.4,37.8,33.75,36.0,5428000,193105300,TPEX_OTC_QUOTES_NO1430_JSON
20250304,5398,慕康生醫,TPEx,18.75,19.1,18.7,18.9,130000,2459850,TPEX_OTC_QUOTES_NO1430_JSON
20250304,5403,中菲,TPEx,132.0,134.0,132.0,133.5,82000,10894500,TPEX_OTC_QUOTES_NO1430_JSON
20250304,5410,國眾,TPEx,31.0,31.0,30.55,31.0,100000,3082250,TPEX_OTC_QUOTES_NO1430_JSON
20250304,5425,台半,TPEx,51.1,52.4,50.5,52.3,752000,38952000,TPEX_OTC_QUOTES_NO1430_JSON
20250304,5426,振發,TPEx,31.25,31.4,30.4,31.1,785000,24375350,TPEX_OTC_QUOTES_NO1430_JSON
20250304,5432,新門,TPEx,146.5,148.0,143.5,144.5,405000,59114000,TPEX_OTC_QUOTES_NO1430_JSON
20250304,5438,東友,TPEx,24.0,25.15,23.6,24.85,393000,9622350,TPEX_OTC_QUOTES_NO1430_JSON
20250304,5439,高技,TPEx,136.5,141.0,135.0,141.0,5380000,742058500,TPEX_OTC_QUOTES_NO1430_JSON
20250304,5443,均豪,TPEx,89.0,94.0,88.0,93.6,2070000,188878800,TPEX_OTC_QUOTES_NO1430_JSON
20250304,5450,南良,TPEx,18.65,18.7,18.2,18.35,21000,388100,TPEX_OTC_QUOTES_NO1430_JSON
20250304,5452,佶優,TPEx,31.7,31.95,31.25,31.75,670000,21152400,TPEX_OTC_QUOTES_NO1430_JSON
20250304,5455,昇益,TPEx,61.5,61.5,60.8,61.3,5000,305900,TPEX_OTC_QUOTES_NO1430_JSON
20250304,5457,宣德,TPEx,49.55,50.9,49.15,50.5,336000,16827050,TPEX_OTC_QUOTES_NO1430_JSON
20250304,5460,同協,TPEx,15.45,15.55,15.3,15.55,60000,925400,TPEX_OTC_QUOTES_NO1430_JSON
20250304,5464,霖宏,TPEx,24.55,24.9,24.5,24.9,38000,936750,TPEX_OTC_QUOTES_NO1430_JSON
20250304,5465,富驊,TPEx,39.1,40.15,38.0,39.95,421000,16573400,TPEX_OTC_QUOTES_NO1430_JSON
20250304,5468,凱鈺,TPEx,22.6,23.5,22.55,23.5,30000,684500,TPEX_OTC_QUOTES_NO1430_JSON
20250304,5474,聰泰,TPEx,189.5,200.5,189.0,199.5,1281000,251412000,TPEX_OTC_QUOTES_NO1430_JSON
20250304,5475,德宏,TPEx,14.05,14.2,13.5,14.1,400000,5546950,TPEX_OTC_QUOTES_NO1430_JSON
20250304,5478,智冠,TPEx,131.0,132.5,129.0,132.5,146000,19081500,TPEX_OTC_QUOTES_NO1430_JSON
20250304,5481,新華,TPEx,27.35,28.0,27.05,28.0,385000,10538250,TPEX_OTC_QUOTES_NO1430_JSON
20250304,5483,中美晶,TPEx,122.0,125.0,121.0,124.0,2893000,356036500,TPEX_OTC_QUOTES_NO1430_JSON
20250304,5487,通泰,TPEx,34.1,34.25,34.1,34.25,2000,68350,TPEX_OTC_QUOTES_NO1430_JSON
20250304,5488,松普,TPEx,11.65,11.75,11.4,11.65,452000,5235550,TPEX_OTC_QUOTES_NO1430_JSON
20250304,5489,彩富,TPEx,39.1,39.35,39.1,39.1,42000,1642450,TPEX_OTC_QUOTES_NO1430_JSON
20250304,5490,同亨,TPEx,25.5,26.2,25.2,25.85,195000,4999600,TPEX_OTC_QUOTES_NO1430_JSON
20250304,5493,三聯,TPEx,86.0,87.1,83.7,86.8,163000,13935400,TPEX_OTC_QUOTES_NO1430_JSON
20250304,5498,凱崴,TPEx,10.65,11.0,10.65,10.85,178000,1938700,TPEX_OTC_QUOTES_NO1430_JSON
20250304,5508,永信建,TPEx,149.0,152.5,146.0,151.0,902000,134928000,TPEX_OTC_QUOTES_NO1430_JSON
20250304,5511,德昌,TPEx,65.4,66.0,64.5,65.2,173000,11309400,TPEX_OTC_QUOTES_NO1430_JSON
20250304,5512,力麒,TPEx,9.82,9.85,9.75,9.82,531000,5199820,TPEX_OTC_QUOTES_NO1430_JSON
20250304,5514,三豐,TPEx,19.55,19.65,19.45,19.65,14000,273000,TPEX_OTC_QUOTES_NO1430_JSON
20250304,5516,雙喜,TPEx,17.8,17.8,17.65,17.65,5000,88650,TPEX_OTC_QUOTES_NO1430_JSON
20250304,5520,力泰,TPEx,85.4,87.9,85.4,87.9,3000,261200,TPEX_OTC_QUOTES_NO1430_JSON
20250304,5523,豐謙,TPEx,29.95,29.95,29.95,29.95,3000,89850,TPEX_OTC_QUOTES_NO1430_JSON
20250304,5529,鉅陞,TPEx,30.9,30.9,30.3,30.85,103000,3157300,TPEX_OTC_QUOTES_NO1430_JSON
20250304,5530,龍巖,TPEx,63.0,64.6,63.0,64.0,1115000,71260700,TPEX_OTC_QUOTES_NO1430_JSON
20250304,5536,聖暉*,TPEx,381.5,415.5,363.0,413.5,2354000,929013000,TPEX_OTC_QUOTES_NO1430_JSON
20250304,5543,桓鼎-KY,TPEx,21.2,21.2,21.2,21.2,1000,21200,TPEX_OTC_QUOTES_NO1430_JSON
20250304,5548,安倉,TPEx,28.8,28.8,28.65,28.65,24000,689350,TPEX_OTC_QUOTES_NO1430_JSON
20250304,5601,台聯櫃,TPEx,37.5,37.55,37.5,37.55,4000,150050,TPEX_OTC_QUOTES_NO1430_JSON
20250304,5603,陸海,TPEx,25.95,26.3,25.9,26.25,82000,2138250,TPEX_OTC_QUOTES_NO1430_JSON
20250304,5604,中連,TPEx,41.5,41.9,41.0,41.75,33000,1364200,TPEX_OTC_QUOTES_NO1430_JSON
20250304,5609,中菲行,TPEx,82.2,82.9,81.5,82.9,84000,6920200,TPEX_OTC_QUOTES_NO1430_JSON
20250304,5701,劍湖山,TPEx,5.1,5.1,4.91,4.97,25000,124570,TPEX_OTC_QUOTES_NO1430_JSON
20250304,5703,亞都麗緻,TPEx,18.2,18.2,17.9,18.0,16000,287950,TPEX_OTC_QUOTES_NO1430_JSON
20250304,5704,老爺知,TPEx,34.5,34.5,34.5,34.5,2000,69000,TPEX_OTC_QUOTES_NO1430_JSON
20250304,5864,致和證,TPEx,15.85,15.85,15.5,15.85,809000,12748050,TPEX_OTC_QUOTES_NO1430_JSON
20250304,5902,德記,TPEx,42.1,43.25,42.1,43.25,99000,4228400,TPEX_OTC_QUOTES_NO1430_JSON
20250304,5903,全家,TPEx,191.0,192.5,191.0,192.0,34000,6521000,TPEX_OTC_QUOTES_NO1430_JSON
20250304,5904,寶雅,TPEx,521.0,531.0,518.0,529.0,501000,264578000,TPEX_OTC_QUOTES_NO1430_JSON
20250304,5905,南仁湖,TPEx,14.95,14.95,14.55,14.85,634000,9339250,TPEX_OTC_QUOTES_NO1430_JSON
20250304,6015,宏遠證,TPEx,11.2,11.25,11.05,11.2,937000,10450650,TPEX_OTC_QUOTES_NO1430_JSON
20250304,6016,康和證,TPEx,15.05,15.1,14.95,15.1,1062000,15950000,TPEX_OTC_QUOTES_NO1430_JSON
20250304,6020,大展證,TPEx,18.9,18.9,18.9,18.9,3000,56700,TPEX_OTC_QUOTES_NO1430_JSON
20250304,6021,美好證,TPEx,24.7,24.75,24.5,24.6,192000,4724800,TPEX_OTC_QUOTES_NO1430_JSON
20250304,6023,元大期貨,TPEx,88.1,89.4,87.4,88.9,166000,14651200,TPEX_OTC_QUOTES_NO1430_JSON
20250304,6026,福邦證,TPEx,13.05,13.15,12.95,13.1,335000,4371450,TPEX_OTC_QUOTES_NO1430_JSON
20250304,6101,寬魚國際,TPEx,36.55,36.55,35.5,35.95,751000,26996350,TPEX_OTC_QUOTES_NO1430_JSON
20250304,6103,合邦,TPEx,47.8,47.8,47.8,47.8,1000,47800,TPEX_OTC_QUOTES_NO1430_JSON
20250304,6104,創惟,TPEx,162.5,170.0,153.5,170.0,4108000,668895000,TPEX_OTC_QUOTES_NO1430_JSON
20250304,6109,亞元,TPEx,12.55,12.8,12.5,12.7,62000,789650,TPEX_OTC_QUOTES_NO1430_JSON
20250304,6111,光聚晶電,TPEx,61.5,62.7,61.3,62.2,582000,36105900,TPEX_OTC_QUOTES_NO1430_JSON
20250304,6113,亞矽,TPEx,19.5,21.2,19.5,21.1,199000,4023100,TPEX_OTC_QUOTES_NO1430_JSON
20250304,6114,久威,TPEx,39.95,41.2,39.9,40.9,298000,12173050,TPEX_OTC_QUOTES_NO1430_JSON
20250304,6118,建達,TPEx,20.5,20.95,20.3,20.85,217000,4476000,TPEX_OTC_QUOTES_NO1430_JSON
20250304,6121,新普,TPEx,377.0,384.0,372.0,380.0,636000,241717000,TPEX_OTC_QUOTES_NO1430_JSON
20250304,6122,擎邦,TPEx,51.9,53.0,51.5,52.7,337000,17673400,TPEX_OTC_QUOTES_NO1430_JSON
20250304,6123,上奇,TPEx,57.3,57.7,57.0,57.5,15000,861100,TPEX_OTC_QUOTES_NO1430_JSON
20250304,6124,業強,TPEx,31.35,32.0,31.35,31.75,13000,412150,TPEX_OTC_QUOTES_NO1430_JSON
20250304,6125,廣運,TPEx,85.9,88.4,84.3,88.1,1673000,144595400,TPEX_OTC_QUOTES_NO1430_JSON
20250304,6126,信音,TPEx,27.15,27.95,26.9,27.6,183000,5017050,TPEX_OTC_QUOTES_NO1430_JSON
20250304,6127,九豪,TPEx,24.85,25.5,24.5,25.35,296000,7437500,TPEX_OTC_QUOTES_NO1430_JSON
20250304,6129,普誠,TPEx,16.35,16.35,16.1,16.2,245000,3977050,TPEX_OTC_QUOTES_NO1430_JSON
20250304,6130,上亞科技,TPEx,22.1,22.75,22.05,22.55,15000,335200,TPEX_OTC_QUOTES_NO1430_JSON
20250304,6134,萬旭,TPEx,29.0,29.15,28.15,29.05,293000,8439000,TPEX_OTC_QUOTES_NO1430_JSON
20250304,6138,茂達,TPEx,172.5,174.5,170.0,173.5,383000,66004500,TPEX_OTC_QUOTES_NO1430_JSON
20250304,6140,訊達電腦,TPEx,31.2,34.55,31.1,33.8,8237000,274432450,TPEX_OTC_QUOTES_NO1430_JSON
20250304,6143,振曜,TPEx,133.5,139.0,132.0,138.5,1665000,226964500,TPEX_OTC_QUOTES_NO1430_JSON
20250304,6144,得利影,TPEx,31.2,32.45,31.2,32.45,19000,607800,TPEX_OTC_QUOTES_NO1430_JSON
20250304,6146,耕興,TPEx,205.0,208.5,205.0,208.0,109000,22593000,TPEX_OTC_QUOTES_NO1430_JSON
20250304,6147,頎邦,TPEx,65.4,65.8,65.1,65.6,2033000,133421800,TPEX_OTC_QUOTES_NO1430_JSON
20250304,6148,驊宏資,TPEx,34.75,38.95,34.35,38.95,5624000,212019150,TPEX_OTC_QUOTES_NO1430_JSON
20250304,6150,撼訊,TPEx,74.8,76.6,73.4,76.5,462000,34796900,TPEX_OTC_QUOTES_NO1430_JSON
20250304,6151,晉倫,TPEx,36.6,37.7,36.35,37.35,207000,7693900,TPEX_OTC_QUOTES_NO1430_JSON
20250304,6154,順發,TPEx,16.0,16.0,15.95,15.95,8000,127800,TPEX_OTC_QUOTES_NO1430_JSON
20250304,6156,松上,TPEx,29.45,30.2,29.15,29.75,2607000,77272950,TPEX_OTC_QUOTES_NO1430_JSON
20250304,6158,禾昌,TPEx,28.5,28.8,28.5,28.7,60000,1715500,TPEX_OTC_QUOTES_NO1430_JSON
20250304,6160,欣技,TPEx,25.95,26.6,25.55,26.6,237000,6210500,TPEX_OTC_QUOTES_NO1430_JSON
20250304,6161,捷波,TPEx,51.3,52.3,50.5,52.3,92000,4754200,TPEX_OTC_QUOTES_NO1430_JSON
20250304,6163,華電網,TPEx,22.45,22.85,22.1,22.7,454000,10168050,TPEX_OTC_QUOTES_NO1430_JSON
20250304,6167,久正,TPEx,14.7,14.85,14.6,14.75,95000,1395400,TPEX_OTC_QUOTES_NO1430_JSON
20250304,6169,昱泉,TPEx,20.7,20.7,20.3,20.3,12000,245000,TPEX_OTC_QUOTES_NO1430_JSON
20250304,6170,統振,TPEx,55.9,57.7,55.7,57.7,704000,39984800,TPEX_OTC_QUOTES_NO1430_JSON
20250304,6171,大城地產,TPEx,43.2,43.85,43.0,43.15,22000,949600,TPEX_OTC_QUOTES_NO1430_JSON
20250304,6173,信昌電,TPEx,42.0,42.95,41.15,42.9,260000,10995350,TPEX_OTC_QUOTES_NO1430_JSON
20250304,6174,安碁,TPEx,23.3,23.4,22.9,23.35,122000,2825400,TPEX_OTC_QUOTES_NO1430_JSON
20250304,6175,立敦,TPEx,41.95,42.85,41.35,42.85,652000,27649300,TPEX_OTC_QUOTES_NO1430_JSON
20250304,6179,亞通,TPEx,27.0,27.55,26.65,27.35,425000,11505500,TPEX_OTC_QUOTES_NO1430_JSON
20250304,6180,橘子,TPEx,79.6,80.9,78.7,80.9,1440000,115237100,TPEX_OTC_QUOTES_NO1430_JSON
20250304,6182,合晶,TPEx,24.8,25.9,24.55,25.8,1758000,44356200,TPEX_OTC_QUOTES_NO1430_JSON
20250304,6185,幃翔,TPEx,16.6,17.2,16.6,16.75,1387000,23419750,TPEX_OTC_QUOTES_NO1430_JSON
20250304,6186,新潤,TPEx,65.4,66.3,64.4,66.3,295000,19346300,TPEX_OTC_QUOTES_NO1430_JSON
20250304,6187,萬潤,TPEx,333.5,342.5,328.0,338.0,6194000,2084259000,TPEX_OTC_QUOTES_NO1430_JSON
20250304,6188,廣明,TPEx,100.5,105.0,100.0,104.5,1980000,203758000,TPEX_OTC_QUOTES_NO1430_JSON
20250304,6190,萬泰科,TPEx,37.75,39.2,37.2,38.8,1806000,69500050,TPEX_OTC_QUOTES_NO1430_JSON
20250304,6194,育富,TPEx,37.15,37.4,36.9,37.15,70000,2598550,TPEX_OTC_QUOTES_NO1430_JSON
20250304,6195,詩肯,TPEx,34.1,34.5,33.9,34.3,16000,547700,TPEX_OTC_QUOTES_NO1430_JSON
20250304,6198,瑞築,TPEx,40.6,40.7,40.6,40.7,18000,731200,TPEX_OTC_QUOTES_NO1430_JSON
20250304,6199,天品,TPEx,105.5,105.5,102.5,104.0,32000,3335000,TPEX_OTC_QUOTES_NO1430_JSON
20250304,6203,海韻電,TPEx,78.2,82.3,77.3,79.6,665000,52743500,TPEX_OTC_QUOTES_NO1430_JSON
20250304,6204,艾華,TPEx,65.2,66.8,63.9,66.8,104000,6842900,TPEX_OTC_QUOTES_NO1430_JSON
20250304,6207,雷科,TPEx,53.4,54.9,52.0,54.8,280000,15004200,TPEX_OTC_QUOTES_NO1430_JSON
20250304,6208,日揚,TPEx,49.3,49.6,49.3,49.4,25000,1235000,TPEX_OTC_QUOTES_NO1430_JSON
20250304,6210,慶生,TPEx,21.6,22.05,21.6,22.05,24000,522150,TPEX_OTC_QUOTES_NO1430_JSON
20250304,6212,理銘,TPEx,60.9,60.9,59.1,60.7,17000,1024400,TPEX_OTC_QUOTES_NO1430_JSON
20250304,6217,中探針,TPEx,33.4,33.95,32.35,33.95,1987000,65859950,TPEX_OTC_QUOTES_NO1430_JSON
20250304,6218,豪勉,TPEx,25.95,26.15,25.1,26.1,104000,2681750,TPEX_OTC_QUOTES_NO1430_JSON
20250304,6219,富旺,TPEx,44.25,44.65,43.5,44.65,237000,10440250,TPEX_OTC_QUOTES_NO1430_JSON
20250304,6220,岳豐,TPEx,24.8,26.1,24.8,25.8,347000,8857750,TPEX_OTC_QUOTES_NO1430_JSON
20250304,6221,晉泰,TPEx,75.1,77.3,75.1,76.4,85000,6500000,TPEX_OTC_QUOTES_NO1430_JSON
20250304,6222,立軒,TPEx,28.1,28.5,28.0,28.1,19000,535650,TPEX_OTC_QUOTES_NO1430_JSON
20250304,6223,旺矽,TPEx,685.0,738.0,685.0,730.0,3624000,2597777000,TPEX_OTC_QUOTES_NO1430_JSON
20250304,6227,茂綸,TPEx,86.3,89.0,85.1,88.1,911000,79960100,TPEX_OTC_QUOTES_NO1430_JSON
20250304,6228,全譜,TPEx,26.25,26.25,25.35,26.0,31000,803150,TPEX_OTC_QUOTES_NO1430_JSON
20250304,6229,研通,TPEx,28.4,29.05,28.4,28.9,15000,429950,TPEX_OTC_QUOTES_NO1430_JSON
20250304,6231,系微,TPEx,355.0,357.5,340.0,354.5,1300000,456382500,TPEX_OTC_QUOTES_NO1430_JSON
20250304,6233,旺玖,TPEx,25.1,25.65,25.05,25.5,93000,2356750,TPEX_OTC_QUOTES_NO1430_JSON
20250304,6234,高僑,TPEx,25.85,26.6,25.85,26.35,132000,3474250,TPEX_OTC_QUOTES_NO1430_JSON
20250304,6237,驊訊,TPEx,51.2,52.8,50.9,52.7,496000,25773400,TPEX_OTC_QUOTES_NO1430_JSON
20250304,6240,松崗,TPEx,20.85,21.3,20.75,20.9,9000,189050,TPEX_OTC_QUOTES_NO1430_JSON
20250304,6241,鑫永洋,TPEx,15.35,15.65,15.3,15.5,18000,278600,TPEX_OTC_QUOTES_NO1430_JSON
20250304,6242,立康,TPEx,44.95,44.95,44.6,44.65,12000,535900,TPEX_OTC_QUOTES_NO1430_JSON
20250304,6244,茂迪,TPEx,21.5,22.05,21.15,22.05,762000,16544200,TPEX_OTC_QUOTES_NO1430_JSON
20250304,6245,立端,TPEx,110.0,118.0,109.5,116.0,4223000,483187000,TPEX_OTC_QUOTES_NO1430_JSON
20250304,6246,臺龍,TPEx,15.8,15.8,15.7,15.8,5000,78800,TPEX_OTC_QUOTES_NO1430_JSON
20250304,6248,沛波,TPEx,29.0,29.4,28.8,29.35,258000,7492150,TPEX_OTC_QUOTES_NO1430_JSON
20250304,6259,百徽,TPEx,19.65,19.65,19.5,19.6,5000,97750,TPEX_OTC_QUOTES_NO1430_JSON
20250304,6261,久元,TPEx,61.8,62.8,61.0,62.4,154000,9516900,TPEX_OTC_QUOTES_NO1430_JSON
20250304,6263,普萊德,TPEx,155.5,157.5,155.0,157.0,51000,7964500,TPEX_OTC_QUOTES_NO1430_JSON
20250304,6264,富裔,TPEx,10.0,10.0,9.8,9.98,32000,315980,TPEX_OTC_QUOTES_NO1430_JSON
20250304,6265,方土昶,TPEx,10.35,10.35,10.1,10.3,154000,1569450,TPEX_OTC_QUOTES_NO1430_JSON
20250304,6266,泰詠,TPEx,33.85,34.6,33.75,34.45,839000,28791850,TPEX_OTC_QUOTES_NO1430_JSON
20250304,6270,倍微,TPEx,24.8,24.9,24.6,24.85,54000,1337350,TPEX_OTC_QUOTES_NO1430_JSON
20250304,6274,台燿,TPEx,160.5,165.0,158.5,164.5,3739000,603709000,TPEX_OTC_QUOTES_NO1430_JSON
20250304,6275,元山,TPEx,46.0,47.1,45.8,46.9,82000,3806100,TPEX_OTC_QUOTES_NO1430_JSON
20250304,6276,安鈦克,TPEx,40.0,41.4,40.0,41.25,28000,1136700,TPEX_OTC_QUOTES_NO1430_JSON
20250304,6279,胡連,TPEx,175.0,180.0,173.0,179.5,719000,127265000,TPEX_OTC_QUOTES_NO1430_JSON
20250304,6284,佳邦,TPEx,80.8,82.5,80.5,82.1,571000,46543900,TPEX_OTC_QUOTES_NO1430_JSON
20250304,6287,元隆,TPEx,13.5,13.55,13.5,13.55,6000,81150,TPEX_OTC_QUOTES_NO1430_JSON
20250304,6290,良維,TPEx,80.8,86.7,80.3,85.4,2296000,192548600,TPEX_OTC_QUOTES_NO1430_JSON
20250304,6291,沛亨,TPEx,105.0,106.0,100.5,103.0,102000,10487000,TPEX_OTC_QUOTES_NO1430_JSON
20250304,6292,迅德,TPEx,61.6,61.8,60.3,61.8,383000,23421600,TPEX_OTC_QUOTES_NO1430_JSON
20250304,6294,智基,TPEx,70.0,70.2,70.0,70.1,22000,1541100,TPEX_OTC_QUOTES_NO1430_JSON
20250304,6411,晶焱,TPEx,82.8,84.0,81.9,83.6,108000,8975700,TPEX_OTC_QUOTES_NO1430_JSON
20250304,6417,韋僑,TPEx,101.5,102.5,101.0,102.5,79000,8038000,TPEX_OTC_QUOTES_NO1430_JSON
20250304,6418,詠昇,TPEx,19.7,19.85,19.7,19.85,19000,375350,TPEX_OTC_QUOTES_NO1430_JSON
20250304,6419,京晨科,TPEx,108.0,108.5,107.0,107.0,35000,3772500,TPEX_OTC_QUOTES_NO1430_JSON
20250304,6425,易發,TPEx,67.9,71.8,66.5,70.6,537000,37545200,TPEX_OTC_QUOTES_NO1430_JSON
20250304,6432,今展科,TPEx,28.8,29.2,28.55,29.2,28000,809300,TPEX_OTC_QUOTES_NO1430_JSON
20250304,6435,大中,TPEx,110.0,114.0,109.5,113.0,158000,17724000,TPEX_OTC_QUOTES_NO1430_JSON
20250304,6441,廣錠,TPEx,36.0,36.0,35.55,35.6,20000,714850,TPEX_OTC_QUOTES_NO1430_JSON
20250304,6461,益得,TPEx,25.45,25.45,25.1,25.1,80000,2010350,TPEX_OTC_QUOTES_NO1430_JSON
20250304,6462,神盾,TPEx,128.5,135.5,127.0,135.0,1206000,158720500,TPEX_OTC_QUOTES_NO1430_JSON
20250304,6465,威潤,TPEx,19.2,19.7,19.2,19.7,6000,116500,TPEX_OTC_QUOTES_NO1430_JSON
20250304,6469,大樹,TPEx,181.0,190.0,180.5,188.0,2460000,454495000,TPEX_OTC_QUOTES_NO1430_JSON
20250304,6470,宇智,TPEx,53.4,55.3,53.4,55.1,147000,8063300,TPEX_OTC_QUOTES_NO1430_JSON
20250304,6482,弘煜科,TPEx,51.9,52.9,51.8,52.9,20000,1050400,TPEX_OTC_QUOTES_NO1430_JSON
20250304,6485,點序,TPEx,72.6,74.5,72.2,73.0,399000,29232800,TPEX_OTC_QUOTES_NO1430_JSON
20250304,6486,互動,TPEx,87.5,87.5,86.5,87.2,248000,21597100,TPEX_OTC_QUOTES_NO1430_JSON
20250304,6488,環球晶,TPEx,362.0,372.0,359.5,369.5,1638000,598993500,TPEX_OTC_QUOTES_NO1430_JSON
20250304,6492,生華科,TPEx,44.1,45.0,43.2,45.0,162000,7156150,TPEX_OTC_QUOTES_NO1430_JSON
20250304,6494,九齊,TPEx,50.1,50.7,50.1,50.7,12000,605100,TPEX_OTC_QUOTES_NO1430_JSON
20250304,6496,科懋,TPEx,31.0,31.4,31.0,31.3,9000,281500,TPEX_OTC_QUOTES_NO1430_JSON
20250304,6499,益安,TPEx,43.6,43.9,43.1,43.75,35000,1522650,TPEX_OTC_QUOTES_NO1430_JSON
20250304,6506,雙邦,TPEx,16.8,17.1,16.8,16.85,21000,353850,TPEX_OTC_QUOTES_NO1430_JSON
20250304,6508,惠光,TPEx,29.9,30.0,29.9,29.9,10000,299150,TPEX_OTC_QUOTES_NO1430_JSON
20250304,6509,聚和,TPEx,38.05,38.35,37.7,38.15,434000,16487000,TPEX_OTC_QUOTES_NO1430_JSON
20250304,6510,精測,TPEx,715.0,743.0,712.0,729.0,473000,343016000,TPEX_OTC_QUOTES_NO1430_JSON
20250304,6512,啟發電,TPEx,23.8,25.25,23.55,25.2,80000,1962900,TPEX_OTC_QUOTES_NO1430_JSON
20250304,6516,勤崴國際,TPEx,74.7,79.0,74.7,78.2,108000,8253700,TPEX_OTC_QUOTES_NO1430_JSON
20250304,6517,保勝光學,TPEx,64.5,65.2,63.1,65.2,54000,3465400,TPEX_OTC_QUOTES_NO1430_JSON
20250304,6523,達爾膚,TPEx,150.0,152.0,149.5,152.0,29000,4378000,TPEX_OTC_QUOTES_NO1430_JSON
20250304,6527,明達醫,TPEx,86.0,86.3,86.0,86.2,7000,602800,TPEX_OTC_QUOTES_NO1430_JSON
20250304,6530,創威,TPEx,59.8,61.6,58.1,61.5,415000,25107800,TPEX_OTC_QUOTES_NO1430_JSON
20250304,6532,瑞耘,TPEx,66.8,69.0,66.0,68.8,127000,8570500,TPEX_OTC_QUOTES_NO1430_JSON
20250304,6535,順藥,TPEx,226.0,235.0,224.0,234.5,153000,35073500,TPEX_OTC_QUOTES_NO1430_JSON
20250304,6538,倉和,TPEx,109.5,111.0,109.0,110.5,130000,14312500,TPEX_OTC_QUOTES_NO1430_JSON
20250304,6542,隆中,TPEx,60.2,60.2,60.2,60.2,1000,60200,TPEX_OTC_QUOTES_NO1430_JSON
20250304,6546,正基,TPEx,137.0,144.0,136.0,142.5,1039000,146095500,TPEX_OTC_QUOTES_NO1430_JSON
20250304,6547,高端疫苗,TPEx,48.5,49.0,47.8,49.0,1814000,87609450,TPEX_OTC_QUOTES_NO1430_JSON
20250304,6548,長科*,TPEx,33.5,34.1,32.9,33.85,1588000,53201000,TPEX_OTC_QUOTES_NO1430_JSON
20250304,6556,勝品,TPEx,86.4,86.4,86.0,86.4,5000,431000,TPEX_OTC_QUOTES_NO1430_JSON
20250304,6560,欣普羅,TPEx,31.5,31.8,31.5,31.8,15000,474200,TPEX_OTC_QUOTES_NO1430_JSON
20250304,6561,是方,TPEx,450.0,458.0,449.0,449.5,105000,47438000,TPEX_OTC_QUOTES_NO1430_JSON
20250304,6568,宏觀,TPEx,151.5,153.0,147.0,149.0,433000,64503500,TPEX_OTC_QUOTES_NO1430_JSON
20250304,6569,醫揚,TPEx,167.0,170.5,165.0,169.5,47000,7893500,TPEX_OTC_QUOTES_NO1430_JSON
20250304,6570,維田,TPEx,57.0,58.0,56.0,56.5,523000,29615300,TPEX_OTC_QUOTES_NO1430_JSON
20250304,6574,霈方,TPEx,53.6,53.8,53.6,53.8,3000,161000,TPEX_OTC_QUOTES_NO1430_JSON
20250304,6576,逸達,TPEx,84.8,84.9,83.8,84.8,175000,14784900,TPEX_OTC_QUOTES_NO1430_JSON
20250304,6577,勁豐,TPEx,113.5,117.0,113.5,116.0,307000,35395000,TPEX_OTC_QUOTES_NO1430_JSON
20250304,6578,達邦蛋白,TPEx,19.85,20.25,19.6,20.0,417000,8339900,TPEX_OTC_QUOTES_NO1430_JSON
20250304,6584,南俊國際,TPEx,141.0,148.0,139.5,144.0,213000,30792500,TPEX_OTC_QUOTES_NO1430_JSON
20250304,6588,東典光電,TPEx,33.7,33.85,33.5,33.7,41000,1380250,TPEX_OTC_QUOTES_NO1430_JSON
20250304,6589,台康生技,TPEx,77.5,78.3,76.8,77.9,248000,19289500,TPEX_OTC_QUOTES_NO1430_JSON
20250304,6590,普鴻,TPEx,81.6,82.5,81.3,82.5,30000,2462800,TPEX_OTC_QUOTES_NO1430_JSON
20250304,6593,台灣銘板,TPEx,59.0,59.9,57.9,58.8,157000,9186000,TPEX_OTC_QUOTES_NO1430_JSON
20250304,6596,寬宏藝術,TPEx,90.0,91.6,89.2,91.0,146000,13217800,TPEX_OTC_QUOTES_NO1430_JSON
20250304,6603,富強鑫,TPEx,17.65,17.95,17.5,17.85,552000,9811300,TPEX_OTC_QUOTES_NO1430_JSON
20250304,6609,瀧澤科,TPEx,77.0,79.4,75.7,79.0,609000,47538500,TPEX_OTC_QUOTES_NO1430_JSON
20250304,6612,奈米醫材,TPEx,120.5,123.0,120.0,122.0,13000,1584500,TPEX_OTC_QUOTES_NO1430_JSON
20250304,6613,朋億*,TPEx,213.5,222.0,208.5,221.5,495000,106780500,TPEX_OTC_QUOTES_NO1430_JSON
20250304,6615,慧智,TPEx,40.5,40.9,40.05,40.9,9000,364250,TPEX_OTC_QUOTES_NO1430_JSON
20250304,6616,特昇-KY,TPEx,11.2,11.85,11.15,11.45,137000,1569000,TPEX_OTC_QUOTES_NO1430_JSON
20250304,6617,共信-KY,TPEx,107.5,107.5,103.0,105.0,173000,18050000,TPEX_OTC_QUOTES_NO1430_JSON
20250304,6624,萬年清,TPEx,37.9,38.0,37.0,37.9,11000,412600,TPEX_OTC_QUOTES_NO1430_JSON
20250304,6629,泰金-KY,TPEx,119.5,119.5,119.0,119.0,7000,834500,TPEX_OTC_QUOTES_NO1430_JSON
20250304,6637,醫影,TPEx,89.7,89.7,88.0,88.7,15000,1324400,TPEX_OTC_QUOTES_NO1430_JSON
20250304,6640,均華,TPEx,483.0,505.0,478.0,505.0,184000,90631500,TPEX_OTC_QUOTES_NO1430_JSON
20250304,6642,富致,TPEx,64.1,65.6,64.0,65.5,136000,8814100,TPEX_OTC_QUOTES_NO1430_JSON
20250304,6643,M31,TPEx,736.0,736.0,714.0,719.0,894000,644053000,TPEX_OTC_QUOTES_NO1430_JSON
20250304,6649,台生材,TPEx,38.7,38.7,37.85,37.85,62000,2360500,TPEX_OTC_QUOTES_NO1430_JSON
20250304,6651,全宇昕,TPEx,103.5,105.0,102.5,105.0,234000,24277000,TPEX_OTC_QUOTES_NO1430_JSON
20250304,6654,天正國際,TPEx,51.9,52.9,51.9,52.8,33000,1732900,TPEX_OTC_QUOTES_NO1430_JSON
20250304,6661,威健生技,TPEx,23.25,23.55,23.15,23.55,17000,396050,TPEX_OTC_QUOTES_NO1430_JSON
20250304,6662,樂斯科,TPEx,34.1,34.1,33.0,33.9,9000,301000,TPEX_OTC_QUOTES_NO1430_JSON
20250304,6664,群翊,TPEx,224.5,234.0,222.5,233.0,280000,63981500,TPEX_OTC_QUOTES_NO1430_JSON
20250304,6667,信紘科,TPEx,185.0,204.0,180.5,204.0,1781000,351564500,TPEX_OTC_QUOTES_NO1430_JSON
20250304,6679,鈺太,TPEx,293.5,302.0,293.5,301.0,137000,40943000,TPEX_OTC_QUOTES_NO1430_JSON
20250304,6680,鑫創電子,TPEx,98.7,101.5,97.8,99.7,94000,9345000,TPEX_OTC_QUOTES_NO1430_JSON
20250304,6683,雍智科技,TPEx,395.0,411.5,389.0,411.5,436000,175606500,TPEX_OTC_QUOTES_NO1430_JSON
20250304,6684,安格,TPEx,57.1,60.8,57.1,59.7,138000,8112200,TPEX_OTC_QUOTES_NO1430_JSON
20250304,6690,安碁資訊,TPEx,201.0,204.5,197.0,204.5,82000,16462500,TPEX_OTC_QUOTES_NO1430_JSON
20250304,6692,進能服,TPEx,44.0,46.45,39.4,39.6,3609000,155271300,TPEX_OTC_QUOTES_NO1430_JSON
20250304,6693,廣閎科,TPEx,74.6,76.3,73.7,76.3,113000,8537500,TPEX_OTC_QUOTES_NO1430_JSON
20250304,6697,東捷資訊,TPEx,48.5,50.5,48.5,50.3,21000,1050950,TPEX_OTC_QUOTES_NO1430_JSON
20250304,6703,軒郁,TPEx,159.0,162.0,158.0,161.5,66000,10580500,TPEX_OTC_QUOTES_NO1430_JSON
20250304,6708,天擎,TPEx,51.0,53.9,50.5,52.1,30000,1535100,TPEX_OTC_QUOTES_NO1430_JSON
20250304,6712,長聖,TPEx,182.5,183.5,181.0,183.5,254000,46209500,TPEX_OTC_QUOTES_NO1430_JSON
20250304,6716,應廣,TPEx,80.0,80.9,80.0,80.2,9000,723300,TPEX_OTC_QUOTES_NO1430_JSON
20250304,6720,久昌,TPEx,165.5,171.0,165.0,170.0,25000,4221000,TPEX_OTC_QUOTES_NO1430_JSON
20250304,6721,信實,TPEx,62.0,62.3,62.0,62.2,17000,1055700,TPEX_OTC_QUOTES_NO1430_JSON
20250304,6727,亞泰金屬,TPEx,70.3,72.2,70.3,71.2,47000,3363700,TPEX_OTC_QUOTES_NO1430_JSON
20250304,6728,上洋,TPEx,145.0,146.5,143.5,145.0,59000,8566500,TPEX_OTC_QUOTES_NO1430_JSON
20250304,6732,昇佳電子,TPEx,222.5,224.0,216.5,223.0,126000,27792500,TPEX_OTC_QUOTES_NO1430_JSON
20250304,6733,博晟生醫,TPEx,33.4,33.4,32.5,33.1,69000,2262450,TPEX_OTC_QUOTES_NO1430_JSON
20250304,6735,美達科技,TPEx,57.7,58.0,57.7,57.7,12000,693800,TPEX_OTC_QUOTES_NO1430_JSON
20250304,6739,竹陞科技,TPEx,295.0,305.0,291.0,301.0,115000,34357000,TPEX_OTC_QUOTES_NO1430_JSON
20250304,6741,91APP*-KY,TPEx,99.5,100.0,98.0,99.5,315000,31258900,TPEX_OTC_QUOTES_NO1430_JSON
20250304,6747,亨泰光,TPEx,142.5,142.5,140.0,141.5,14000,1974000,TPEX_OTC_QUOTES_NO1430_JSON
20250304,6751,智聯服務,TPEx,56.0,56.0,55.2,55.2,12000,669400,TPEX_OTC_QUOTES_NO1430_JSON
20250304,6752,叡揚,TPEx,134.0,141.5,132.5,139.0,292000,40438500,TPEX_OTC_QUOTES_NO1430_JSON
20250304,6761,穩得,TPEx,99.7,103.0,98.6,101.5,317000,32173600,TPEX_OTC_QUOTES_NO1430_JSON
20250304,6762,達亞,TPEx,277.0,277.0,276.0,276.0,4000,1107000,TPEX_OTC_QUOTES_NO1430_JSON
20250304,6763,綠界科技*,TPEx,67.3,68.7,66.3,68.6,1120000,75724100,TPEX_OTC_QUOTES_NO1430_JSON
20250304,6767,台微醫,TPEx,33.7,34.3,33.7,34.3,3000,102200,TPEX_OTC_QUOTES_NO1430_JSON
20250304,6785,昱展新藥,TPEx,150.5,150.5,144.5,149.0,174000,25582000,TPEX_OTC_QUOTES_NO1430_JSON
20250304,6788,華景電,TPEx,208.0,218.0,203.5,218.0,433000,92788500,TPEX_OTC_QUOTES_NO1430_JSON
20250304,6791,虎門科技,TPEx,128.5,135.0,128.0,132.5,64000,8421000,TPEX_OTC_QUOTES_NO1430_JSON
20250304,6803,崑鼎,TPEx,306.0,306.0,303.0,304.5,35000,10634000,TPEX_OTC_QUOTES_NO1430_JSON
20250304,6804,明係,TPEx,27.8,28.85,27.65,28.85,19000,534300,TPEX_OTC_QUOTES_NO1430_JSON
20250304,6811,宏碁資訊,TPEx,268.5,276.0,268.5,272.0,132000,35975000,TPEX_OTC_QUOTES_NO1430_JSON
20250304,6821,聯寶,TPEx,41.7,43.3,41.65,42.95,50000,2114750,TPEX_OTC_QUOTES_NO1430_JSON
20250304,6823,濾能,TPEx,64.5,66.2,64.2,65.6,42000,2740700,TPEX_OTC_QUOTES_NO1430_JSON
20250304,6829,千附精密,TPEx,122.0,128.0,120.0,126.5,563000,70039000,TPEX_OTC_QUOTES_NO1430_JSON
20250304,6840,東研信超,TPEx,50.5,50.9,50.4,50.8,10000,506800,TPEX_OTC_QUOTES_NO1430_JSON
20250304,6841,長佳智能,TPEx,85.7,88.0,84.6,87.5,418000,36161300,TPEX_OTC_QUOTES_NO1430_JSON
20250304,6843,進典,TPEx,52.1,53.1,52.1,53.1,2000,105200,TPEX_OTC_QUOTES_NO1430_JSON
20250304,6844,諾貝兒,TPEx,137.5,137.5,136.5,137.5,6000,823500,TPEX_OTC_QUOTES_NO1430_JSON
20250304,6846,綠茵,TPEx,79.2,79.8,79.2,79.8,17000,1350000,TPEX_OTC_QUOTES_NO1430_JSON
20250304,6855,數泓科,TPEx,162.0,165.5,162.0,165.5,21000,3445000,TPEX_OTC_QUOTES_NO1430_JSON
20250304,6856,鑫傳,TPEx,63.2,63.2,62.7,63.2,8000,503900,TPEX_OTC_QUOTES_NO1430_JSON
20250304,6859,伯特光,TPEx,184.5,187.0,179.0,185.5,305000,55453000,TPEX_OTC_QUOTES_NO1430_JSON
20250304,6865,偉康科技,TPEx,57.0,57.0,57.0,57.0,9000,513000,TPEX_OTC_QUOTES_NO1430_JSON
20250304,6870,騰雲,TPEx,206.5,207.5,200.0,207.5,49000,10014000,TPEX_OTC_QUOTES_NO1430_JSON
20250304,6874,倍力,TPEx,91.3,95.3,91.3,93.9,27000,2520800,TPEX_OTC_QUOTES_NO1430_JSON
20250304,6875,國邑*,TPEx,55.0,55.0,53.8,54.3,143000,7766400,TPEX_OTC_QUOTES_NO1430_JSON
20250304,6877,鏵友益,TPEx,84.1,89.5,83.3,88.6,1272000,110933000,TPEX_OTC_QUOTES_NO1430_JSON
20250304,6881,潤德,TPEx,232.5,233.0,232.5,233.0,9000,2095000,TPEX_OTC_QUOTES_NO1430_JSON
20250304,6894,衛司特,TPEx,184.5,186.0,182.5,182.5,27000,4968500,TPEX_OTC_QUOTES_NO1430_JSON
20250304,6895,宏碩系統,TPEx,157.0,161.5,156.0,161.0,53000,8390500,TPEX_OTC_QUOTES_NO1430_JSON
20250304,6899,創為精密,TPEx,52.5,52.8,52.4,52.4,15000,787800,TPEX_OTC_QUOTES_NO1430_JSON
20250304,6903,巨漢,TPEx,121.0,124.0,121.0,123.0,65000,7982000,TPEX_OTC_QUOTES_NO1430_JSON
20250304,6904,伯鑫,TPEx,152.5,154.5,152.5,154.5,11000,1682000,TPEX_OTC_QUOTES_NO1430_JSON
20250304,6913,鴻呈,TPEx,153.0,157.5,152.0,152.5,709000,109356500,TPEX_OTC_QUOTES_NO1430_JSON
20250304,6922,宸曜,TPEx,208.5,217.0,203.5,216.0,478000,100777500,TPEX_OTC_QUOTES_NO1430_JSON
20250304,6929,佑全,TPEx,42.9,43.2,42.9,43.1,15000,646300,TPEX_OTC_QUOTES_NO1430_JSON
20250304,6953,家碩,TPEx,213.0,217.5,213.0,216.5,19000,4101000,TPEX_OTC_QUOTES_NO1430_JSON
20250304,6967,汎瑋材料,TPEx,58.1,58.1,56.9,56.9,23000,1326000,TPEX_OTC_QUOTES_NO1430_JSON
20250304,6968,萬達寵物,TPEx,63.9,63.9,63.6,63.6,14000,892100,TPEX_OTC_QUOTES_NO1430_JSON
20250304,6982,大井泵浦,TPEx,62.7,64.6,62.5,64.0,72000,4582700,TPEX_OTC_QUOTES_NO1430_JSON
20250304,6996,力領科技,TPEx,216.0,218.0,212.0,217.5,67000,14384000,TPEX_OTC_QUOTES_NO1430_JSON
20250304,6997,博弘,TPEx,130.0,131.0,130.0,131.0,4000,522000,TPEX_OTC_QUOTES_NO1430_JSON
20250304,7402,邑錡,TPEx,94.6,94.6,92.5,93.3,606000,56665500,TPEX_OTC_QUOTES_NO1430_JSON
20250304,7556,意德士科技,TPEx,162.5,170.0,161.0,166.5,88000,14614500,TPEX_OTC_QUOTES_NO1430_JSON
20250304,7584,樂意,TPEx,78.3,78.3,78.0,78.3,21000,1640900,TPEX_OTC_QUOTES_NO1430_JSON
20250304,7703,銳澤,TPEx,153.0,160.0,152.0,159.5,145000,22678500,TPEX_OTC_QUOTES_NO1430_JSON
20250304,7704,明遠精密,TPEx,73.0,75.0,73.0,73.1,18000,1317200,TPEX_OTC_QUOTES_NO1430_JSON
20250304,7708,全家餐飲,TPEx,95.6,96.2,95.1,96.2,10000,954500,TPEX_OTC_QUOTES_NO1430_JSON
20250304,7709,榮田,TPEx,54.3,55.5,53.2,54.5,169000,9209500,TPEX_OTC_QUOTES_NO1430_JSON
20250304,7712,博盛半導體,TPEx,201.5,212.0,200.5,207.0,90000,18607000,TPEX_OTC_QUOTES_NO1430_JSON
20250304,7713,威力德生醫,TPEx,64.9,64.9,64.4,64.5,73000,4719300,TPEX_OTC_QUOTES_NO1430_JSON
20250304,7714,創泓科技,TPEx,85.1,86.3,85.0,86.3,36000,3066900,TPEX_OTC_QUOTES_NO1430_JSON
20250304,7715,裕山,TPEx,51.2,51.9,50.8,51.6,124000,6345400,TPEX_OTC_QUOTES_NO1430_JSON
20250304,7734,印能科技,TPEx,1500.0,1515.0,1450.0,1510.0,158000,233690000,TPEX_OTC_QUOTES_NO1430_JSON
20250304,8024,佑華,TPEx,17.15,17.15,17.15,17.15,1000,17150,TPEX_OTC_QUOTES_NO1430_JSON
20250304,8027,鈦昇,TPEx,88.0,88.2,85.4,87.8,599000,52113400,TPEX_OTC_QUOTES_NO1430_JSON
20250304,8032,光菱,TPEx,53.3,55.2,52.8,54.7,465000,25035200,TPEX_OTC_QUOTES_NO1430_JSON
20250304,8034,榮群,TPEx,19.2,19.65,19.1,19.25,264000,5110550,TPEX_OTC_QUOTES_NO1430_JSON
20250304,8038,長園科,TPEx,26.3,26.75,26.3,26.4,81000,2141800,TPEX_OTC_QUOTES_NO1430_JSON
20250304,8040,九暘,TPEx,72.4,73.1,71.7,72.3,297000,21499100,TPEX_OTC_QUOTES_NO1430_JSON
20250304,8042,金山電,TPEx,36.6,37.4,35.8,37.05,295000,10829800,TPEX_OTC_QUOTES_NO1430_JSON
20250304,8043,蜜望實,TPEx,30.35,31.05,29.9,30.85,285000,8685400,TPEX_OTC_QUOTES_NO1430_JSON
20250304,8044,網家,TPEx,44.0,44.85,43.1,44.7,587000,26006550,TPEX_OTC_QUOTES_NO1430_JSON
20250304,8047,星雲,TPEx,18.25,18.5,18.0,18.45,158000,2897850,TPEX_OTC_QUOTES_NO1430_JSON
20250304,8048,德勝,TPEx,48.95,49.8,48.65,49.55,31000,1525200,TPEX_OTC_QUOTES_NO1430_JSON
20250304,8049,晶采,TPEx,33.4,33.9,33.4,33.9,65000,2187950,TPEX_OTC_QUOTES_NO1430_JSON
20250304,8050,廣積,TPEx,69.7,71.4,69.4,71.1,680000,47851800,TPEX_OTC_QUOTES_NO1430_JSON
20250304,8054,安國,TPEx,111.0,112.5,107.5,111.5,1030000,113917500,TPEX_OTC_QUOTES_NO1430_JSON
20250304,8059,凱碩,TPEx,36.9,37.05,35.65,36.25,576000,20914150,TPEX_OTC_QUOTES_NO1430_JSON
20250304,8064,東捷,TPEx,48.95,51.3,48.5,50.9,1827000,92002400,TPEX_OTC_QUOTES_NO1430_JSON
20250304,8066,來思達,TPEx,27.35,27.35,27.0,27.15,11000,298250,TPEX_OTC_QUOTES_NO1430_JSON
20250304,8067,志旭,TPEx,17.4,17.4,16.75,16.95,12000,203400,TPEX_OTC_QUOTES_NO1430_JSON
20250304,8068,全達,TPEx,25.1,26.25,25.0,25.95,108000,2764050,TPEX_OTC_QUOTES_NO1430_JSON
20250304,8069,元太,TPEx,280.5,285.5,277.0,283.5,4063000,1144215000,TPEX_OTC_QUOTES_NO1430_JSON
20250304,8071,能率網通,TPEx,20.75,21.85,20.35,21.4,1438000,30466050,TPEX_OTC_QUOTES_NO1430_JSON
20250304,8074,鉅橡,TPEx,22.45,22.6,22.3,22.55,47000,1056350,TPEX_OTC_QUOTES_NO1430_JSON
20250304,8076,伍豐,TPEx,32.2,32.6,31.75,32.6,747000,24076500,TPEX_OTC_QUOTES_NO1430_JSON
20250304,8080,泰霖,TPEx,32.0,32.95,32.0,32.3,7000,226700,TPEX_OTC_QUOTES_NO1430_JSON
20250304,8083,瑞穎,TPEx,166.5,168.0,165.0,167.5,77000,12832500,TPEX_OTC_QUOTES_NO1430_JSON
20250304,8084,巨虹,TPEx,55.3,56.7,55.3,56.0,104000,5826900,TPEX_OTC_QUOTES_NO1430_JSON
20250304,8085,福華,TPEx,30.0,30.3,29.1,30.15,196000,5837250,TPEX_OTC_QUOTES_NO1430_JSON
20250304,8086,宏捷科,TPEx,95.6,97.3,94.1,97.0,706000,67605500,TPEX_OTC_QUOTES_NO1430_JSON
20250304,8087,麗升能源,TPEx,44.5,44.55,44.3,44.3,9000,400450,TPEX_OTC_QUOTES_NO1430_JSON
20250304,8088,品安,TPEx,23.35,23.65,22.7,23.65,376000,8728700,TPEX_OTC_QUOTES_NO1430_JSON
20250304,8089,康全電訊,TPEx,70.0,71.9,69.2,71.4,1150000,81137300,TPEX_OTC_QUOTES_NO1430_JSON
20250304,8091,翔名,TPEx,131.0,133.5,128.5,132.0,194000,25388500,TPEX_OTC_QUOTES_NO1430_JSON
20250304,8092,建暐,TPEx,19.5,20.4,19.45,19.9,106000,2101350,TPEX_OTC_QUOTES_NO1430_JSON
20250304,8093,保銳,TPEx,21.7,21.7,20.8,21.5,54000,1151600,TPEX_OTC_QUOTES_NO1430_JSON
20250304,8096,擎亞,TPEx,61.8,70.0,61.2,70.0,53239000,3553414800,TPEX_OTC_QUOTES_NO1430_JSON
20250304,8097,常珵,TPEx,81.4,82.0,80.7,81.4,224000,18204500,TPEX_OTC_QUOTES_NO1430_JSON
20250304,8099,大世科,TPEx,74.5,75.7,73.6,75.4,89000,6633700,TPEX_OTC_QUOTES_NO1430_JSON
20250304,8107,大億金茂,TPEx,19.15,19.5,19.05,19.45,153000,2947750,TPEX_OTC_QUOTES_NO1430_JSON
20250304,8109,博大,TPEx,95.2,95.4,94.7,94.7,127000,12070300,TPEX_OTC_QUOTES_NO1430_JSON
20250304,8111,立碁,TPEx,46.05,48.45,45.8,47.5,6807000,322179500,TPEX_OTC_QUOTES_NO1430_JSON
20250304,8121,越峰,TPEx,24.7,25.35,24.3,25.15,249000,6186200,TPEX_OTC_QUOTES_NO1430_JSON
20250304,8147,正淩,TPEx,123.5,137.5,121.5,137.5,5262000,707187000,TPEX_OTC_QUOTES_NO1430_JSON
20250304,8155,博智,TPEx,112.0,119.0,111.0,118.0,352000,40779000,TPEX_OTC_QUOTES_NO1430_JSON
20250304,8171,天宇,TPEx,39.2,39.3,38.8,39.2,302000,11804000,TPEX_OTC_QUOTES_NO1430_JSON
20250304,8176,智捷,TPEx,13.9,14.15,13.7,14.15,283000,3983200,TPEX_OTC_QUOTES_NO1430_JSON
20250304,8182,加高,TPEx,33.55,33.8,33.5,33.7,54000,1816600,TPEX_OTC_QUOTES_NO1430_JSON
20250304,8183,精星,TPEx,41.1,41.5,40.45,41.1,89000,3660200,TPEX_OTC_QUOTES_NO1430_JSON
20250304,8227,巨有科技,TPEx,175.0,179.5,171.0,179.5,312000,54995000,TPEX_OTC_QUOTES_NO1430_JSON
20250304,8234,新漢,TPEx,91.0,96.0,90.5,94.7,2218000,207939400,TPEX_OTC_QUOTES_NO1430_JSON
20250304,8240,華宏,TPEx,43.8,45.25,43.4,45.15,275000,12169250,TPEX_OTC_QUOTES_NO1430_JSON
20250304,8255,朋程,TPEx,155.0,156.5,152.0,156.0,269000,41367000,TPEX_OTC_QUOTES_NO1430_JSON
20250304,8272,全景軟體,TPEx,90.0,91.4,90.0,91.4,37000,3340700,TPEX_OTC_QUOTES_NO1430_JSON
20250304,8277,商丞,TPEx,12.1,12.7,12.1,12.5,147000,1830250,TPEX_OTC_QUOTES_NO1430_JSON
20250304,8279,生展,TPEx,131.5,131.5,129.0,129.0,15000,1949500,TPEX_OTC_QUOTES_NO1430_JSON
20250304,8284,三竹,TPEx,66.3,67.0,66.3,66.8,25000,1673800,TPEX_OTC_QUOTES_NO1430_JSON
20250304,8289,泰藝,TPEx,25.95,26.2,25.6,26.2,45000,1160800,TPEX_OTC_QUOTES_NO1430_JSON
20250304,8291,尚茂,TPEx,7.81,7.81,7.6,7.6,8000,61520,TPEX_OTC_QUOTES_NO1430_JSON
20250304,8299,群聯,TPEx,543.0,552.0,532.0,545.0,1503000,816064000,TPEX_OTC_QUOTES_NO1430_JSON
20250304,8342,益張,TPEx,86.8,86.8,85.0,86.3,42000,3588700,TPEX_OTC_QUOTES_NO1430_JSON
20250304,8349,恒耀國際,TPEx,60.0,60.7,59.8,60.0,216000,12987400,TPEX_OTC_QUOTES_NO1430_JSON
20250304,8354,冠好,TPEx,15.8,16.05,15.6,16.05,53000,838950,TPEX_OTC_QUOTES_NO1430_JSON
20250304,8358,金居,TPEx,55.0,56.6,54.7,56.1,1229000,68477600,TPEX_OTC_QUOTES_NO1430_JSON
20250304,8383,千附,TPEx,45.3,45.3,44.55,45.25,993000,44615600,TPEX_OTC_QUOTES_NO1430_JSON
20250304,8390,金益鼎,TPEx,63.7,65.9,63.4,64.7,1268000,81538400,TPEX_OTC_QUOTES_NO1430_JSON
20250304,8401,白紗科,TPEx,32.9,33.7,32.75,33.4,369000,12304700,TPEX_OTC_QUOTES_NO1430_JSON
20250304,8403,盛弘,TPEx,29.0,29.05,28.75,28.8,166000,4791700,TPEX_OTC_QUOTES_NO1430_JSON
20250304,8409,商之器,TPEx,23.8,24.6,23.65,24.0,13000,312650,TPEX_OTC_QUOTES_NO1430_JSON
20250304,8410,森田,TPEx,76.0,76.5,75.0,76.4,14000,1061700,TPEX_OTC_QUOTES_NO1430_JSON
20250304,8415,大國鋼,TPEx,37.5,38.2,37.5,38.1,675000,25496150,TPEX_OTC_QUOTES_NO1430_JSON
20250304,8416,實威,TPEx,168.0,169.5,168.0,169.5,7000,1178500,TPEX_OTC_QUOTES_NO1430_JSON
20250304,8421,旭源,TPEx,13.1,13.35,13.05,13.25,41000,541300,TPEX_OTC_QUOTES_NO1430_JSON
20250304,8423,保綠-KY,TPEx,20.5,20.5,20.0,20.35,29000,587250,TPEX_OTC_QUOTES_NO1430_JSON
20250304,8424,惠普,TPEx,71.7,71.9,71.6,71.7,15000,1076900,TPEX_OTC_QUOTES_NO1430_JSON
20250304,8426,紅木-KY,TPEx,42.7,43.0,42.7,42.7,6000,256900,TPEX_OTC_QUOTES_NO1430_JSON
20250304,8431,匯鑽科,TPEx,64.6,65.1,63.5,64.2,554000,35527700,TPEX_OTC_QUOTES_NO1430_JSON
20250304,8432,東生華,TPEx,57.3,58.3,57.3,57.6,30000,1732800,TPEX_OTC_QUOTES_NO1430_JSON
20250304,8433,弘帆,TPEx,87.5,87.5,87.2,87.4,22000,1921600,TPEX_OTC_QUOTES_NO1430_JSON
20250304,8435,鉅邁,TPEx,76.2,76.2,75.8,75.8,32000,2428100,TPEX_OTC_QUOTES_NO1430_JSON
20250304,8436,大江,TPEx,148.5,151.0,143.5,145.0,12943000,1897195000,TPEX_OTC_QUOTES_NO1430_JSON
20250304,8437,大地-KY,TPEx,27.5,27.5,27.3,27.4,27000,739250,TPEX_OTC_QUOTES_NO1430_JSON
20250304,8440,綠電,TPEx,39.0,39.5,38.45,39.25,121000,4726600,TPEX_OTC_QUOTES_NO1430_JSON
20250304,8444,綠河-KY,TPEx,28.25,28.75,28.25,28.55,23000,655800,TPEX_OTC_QUOTES_NO1430_JSON
20250304,8446,華研,TPEx,121.5,122.0,120.0,122.0,98000,11833500,TPEX_OTC_QUOTES_NO1430_JSON
20250304,8450,霹靂,TPEx,22.95,23.75,22.85,23.65,91000,2126500,TPEX_OTC_QUOTES_NO1430_JSON
20250304,8455,大拓-KY,TPEx,29.1,29.1,28.05,28.95,14000,400250,TPEX_OTC_QUOTES_NO1430_JSON
20250304,8472,夠麻吉,TPEx,27.1,27.1,27.1,27.1,1000,27100,TPEX_OTC_QUOTES_NO1430_JSON
20250304,8477,創業家,TPEx,13.0,13.4,12.8,13.3,58000,760800,TPEX_OTC_QUOTES_NO1430_JSON
20250304,8489,三貝德,TPEx,31.55,32.35,31.5,32.0,40000,1277600,TPEX_OTC_QUOTES_NO1430_JSON
20250304,8905,裕國,TPEx,31.7,31.7,31.6,31.6,10000,316400,TPEX_OTC_QUOTES_NO1430_JSON
20250304,8906,花王,TPEx,33.65,33.95,33.1,33.3,67000,2231050,TPEX_OTC_QUOTES_NO1430_JSON
20250304,8908,欣雄,TPEx,47.8,48.0,47.5,47.6,36000,1717100,TPEX_OTC_QUOTES_NO1430_JSON
20250304,8916,光隆,TPEx,59.0,59.4,58.7,59.3,67000,3968100,TPEX_OTC_QUOTES_NO1430_JSON
20250304,8917,欣泰,TPEx,62.8,63.0,62.8,63.0,7000,439900,TPEX_OTC_QUOTES_NO1430_JSON
20250304,8923,時報,TPEx,20.2,20.2,19.6,19.65,4000,79100,TPEX_OTC_QUOTES_NO1430_JSON
20250304,8924,大田,TPEx,72.1,73.4,72.0,73.1,34000,2469200,TPEX_OTC_QUOTES_NO1430_JSON
20250304,8927,北基,TPEx,53.9,54.3,53.2,54.3,467000,25013400,TPEX_OTC_QUOTES_NO1430_JSON
20250304,8928,鉅明,TPEx,33.3,33.3,33.1,33.15,36000,1194450,TPEX_OTC_QUOTES_NO1430_JSON
20250304,8929,富堡,TPEx,24.75,24.8,24.6,24.65,28000,690950,TPEX_OTC_QUOTES_NO1430_JSON
20250304,8930,青鋼,TPEx,36.2,36.6,36.2,36.6,60000,2188200,TPEX_OTC_QUOTES_NO1430_JSON
20250304,8931,大汽電,TPEx,48.2,48.6,47.75,48.5,29000,1402100,TPEX_OTC_QUOTES_NO1430_JSON
20250304,8932,智通*,TPEx,99.3,101.0,97.0,100.0,790000,77858700,TPEX_OTC_QUOTES_NO1430_JSON
20250304,8933,愛地雅,TPEx,8.84,8.84,8.75,8.76,105000,923090,TPEX_OTC_QUOTES_NO1430_JSON
20250304,8935,邦泰,TPEx,23.6,23.8,22.35,22.8,317000,7273200,TPEX_OTC_QUOTES_NO1430_JSON
20250304,8936,國統,TPEx,55.0,57.3,54.6,56.5,3189000,179036600,TPEX_OTC_QUOTES_NO1430_JSON
20250304,8937,合騏*,TPEx,170.0,174.0,166.5,172.5,273000,46572500,TPEX_OTC_QUOTES_NO1430_JSON
20250304,8938,明安,TPEx,78.3,79.9,77.9,79.6,732000,57898900,TPEX_OTC_QUOTES_NO1430_JSON
20250304,8941,關中,TPEx,67.0,67.2,65.7,67.2,24000,1600300,TPEX_OTC_QUOTES_NO1430_JSON
20250304,8942,森鉅,TPEx,59.5,60.4,59.3,60.2,160000,9562900,TPEX_OTC_QUOTES_NO1430_JSON
20250304,9949,琉園,TPEx,22.1,22.35,21.9,22.35,9000,199250,TPEX_OTC_QUOTES_NO1430_JSON
20250304,9950,萬國通,TPEx,13.95,13.95,13.7,13.95,80000,1103750,TPEX_OTC_QUOTES_NO1430_JSON
20250304,9951,皇田,TPEx,58.6,58.6,57.9,58.3,45000,2614000,TPEX_OTC_QUOTES_NO1430_JSON
20250304,9960,邁達康,TPEx,26.2,26.2,26.15,26.15,4000,104750,TPEX_OTC_QUOTES_NO1430_JSON
20250304,9962,有益,TPEx,15.85,16.05,15.7,16.05,86000,1363700,TPEX_OTC_QUOTES_NO1430_JSON
20250304,0050,元大台灣50,TWSE,185.0,187.25,184.65,186.8,33496023,6232920254,TWSE_RWD_JSON_MI_INDEX
20250304,0051,元大中型100,TWSE,78.25,78.75,77.45,78.4,83895,6539144,TWSE_RWD_JSON_MI_INDEX
20250304,0052,富邦科技,TWSE,183.1,185.9,182.85,185.7,738660,136254984,TWSE_RWD_JSON_MI_INDEX
20250304,0053,元大電子,TWSE,98.55,99.95,98.55,99.7,22091,2187930,TWSE_RWD_JSON_MI_INDEX
20250304,0055,元大MSCI金融,TWSE,29.0,29.03,28.78,28.96,99103,2862920,TWSE_RWD_JSON_MI_INDEX
20250304,0056,元大高股息,TWSE,36.14,36.5,36.0,36.46,48673695,1762295049,TWSE_RWD_JSON_MI_INDEX
20250304,0057,富邦摩台,TWSE,138.35,139.75,138.2,139.75,17145,2384862,TWSE_RWD_JSON_MI_INDEX
20250304,0061,元大寶滬深,TWSE,19.45,19.45,19.21,19.35,865102,16682551,TWSE_RWD_JSON_MI_INDEX
20250304,006203,元大MSCI台灣,TWSE,87.0,87.35,86.15,87.35,11970,1039900,TWSE_RWD_JSON_MI_INDEX
20250304,006204,永豐臺灣加權,TWSE,112.0,113.4,112.0,113.4,11267,1268772,TWSE_RWD_JSON_MI_INDEX
20250304,006205,富邦上証,TWSE,33.1,33.14,32.71,32.94,821103,26981825,TWSE_RWD_JSON_MI_INDEX
20250304,006206,元大上證50,TWSE,31.38,31.38,30.81,31.05,191312,5932201,TWSE_RWD_JSON_MI_INDEX
20250304,006207,復華滬深,TWSE,25.3,25.3,25.0,25.15,400586,10053315,TWSE_RWD_JSON_MI_INDEX
20250304,006208,富邦台50,TWSE,108.65,109.95,108.5,109.7,19346546,2115841074,TWSE_RWD_JSON_MI_INDEX
20250304,00636,國泰中國A50,TWSE,22.9,22.9,22.68,22.73,1346360,30641606,TWSE_RWD_JSON_MI_INDEX
20250304,00639,富邦深100,TWSE,12.1,12.1,11.92,12.03,3390022,40689123,TWSE_RWD_JSON_MI_INDEX
20250304,00643,群益深証中小,TWSE,13.6,13.6,13.41,13.53,4356927,58941608,TWSE_RWD_JSON_MI_INDEX
20250304,00645,富邦日本,TWSE,37.43,37.43,37.06,37.29,299616,11146458,TWSE_RWD_JSON_MI_INDEX
20250304,00646,元大S&P500,TWSE,60.55,60.55,60.2,60.4,4388406,264674365,TWSE_RWD_JSON_MI_INDEX
20250304,00652,富邦印度,TWSE,34.4,34.49,34.31,34.45,451190,15509402,TWSE_RWD_JSON_MI_INDEX
20250304,00657,國泰日經225,TWSE,44.23,44.23,43.73,44.16,508645,22354596,TWSE_RWD_JSON_MI_INDEX
20250304,00660,元大歐洲50,TWSE,39.55,39.75,39.55,39.75,57162,2265650,TWSE_RWD_JSON_MI_INDEX
20250304,00661,元大日經225,TWSE,48.09,48.09,47.5,47.92,208814,9978125,TWSE_RWD_JSON_MI_INDEX
20250304,00662,富邦NASDAQ,TWSE,86.95,87.05,86.6,87.05,7730662,671137300,TWSE_RWD_JSON_MI_INDEX
20250304,00668,國泰美國道瓊,TWSE,51.8,51.8,51.6,51.75,665298,34380814,TWSE_RWD_JSON_MI_INDEX
20250304,00678,群益那斯達克生技,TWSE,28.83,28.89,28.77,28.89,580087,16725956,TWSE_RWD_JSON_MI_INDEX
20250304,00690,兆豐藍籌30,TWSE,33.81,34.33,33.79,34.18,2868137,97639389,TWSE_RWD_JSON_MI_INDEX
20250304,00692,富邦公司治理,TWSE,43.1,43.68,43.05,43.57,2590570,112348852,TWSE_RWD_JSON_MI_INDEX
20250304,00700,富邦恒生國企,TWSE,18.01,18.01,17.47,17.82,3896997,68915643,TWSE_RWD_JSON_MI_INDEX
20250304,00701,國泰股利精選30,TWSE,28.03,28.15,27.97,28.08,1385763,38849940,TWSE_RWD_JSON_MI_INDEX
20250304,00702,國泰標普低波高息,TWSE,25.7,25.7,25.67,25.69,118979,3055325,TWSE_RWD_JSON_MI_INDEX
20250304,00703,台新MSCI中國,TWSE,19.92,19.92,19.5,19.85,449700,8830635,TWSE_RWD_JSON_MI_INDEX
20250304,00709,富邦歐洲,TWSE,32.16,32.18,32.02,32.18,39045,1254841,TWSE_RWD_JSON_MI_INDEX
20250304,00712,復華富時不動產,TWSE,10.16,10.16,10.09,10.12,29526189,298901737,TWSE_RWD_JSON_MI_INDEX
20250304,00713,元大台灣高息低波,TWSE,54.7,55.1,54.6,55.0,16784781,920761605,TWSE_RWD_JSON_MI_INDEX
20250304,00714,群益道瓊美國地產,TWSE,22.3,22.32,22.3,22.3,303938,6779763,TWSE_RWD_JSON_MI_INDEX
20250304,00717,富邦美國特別股,TWSE,16.17,16.18,16.14,16.16,152504,2464573,TWSE_RWD_JSON_MI_INDEX
20250304,00728,第一金工業30,TWSE,31.86,31.98,31.46,31.93,504505,15922608,TWSE_RWD_JSON_MI_INDEX
20250304,00730,富邦臺灣優質高息,TWSE,23.42,23.82,23.16,23.8,539523,12653591,TWSE_RWD_JSON_MI_INDEX
20250304,00731,復華富時高息低波,TWSE,67.5,67.5,66.9,67.2,1281158,86099296,TWSE_RWD_JSON_MI_INDEX
20250304,00733,富邦臺灣中小,TWSE,48.77,49.43,48.15,49.12,3220788,157760430,TWSE_RWD_JSON_MI_INDEX
20250304,00735,國泰臺韓科技,TWSE,32.35,32.4,32.22,32.4,284265,9195721,TWSE_RWD_JSON_MI_INDEX
20250304,00736,國泰新興市場,TWSE,23.56,23.56,23.56,23.56,100994,2379224,TWSE_RWD_JSON_MI_INDEX
20250304,00737,國泰AI機器人,TWSE,31.5,31.64,31.46,31.57,240069,7576734,TWSE_RWD_JSON_MI_INDEX
20250304,00739,元大MSCI A股,TWSE,22.5,22.73,22.5,22.63,272702,6163404,TWSE_RWD_JSON_MI_INDEX
20250304,00752,中信中國50,TWSE,24.56,24.65,24.14,24.51,14035987,342364606,TWSE_RWD_JSON_MI_INDEX
20250304,00757,統一FANG+,TWSE,98.9,99.5,98.55,99.5,13131980,1298203723,TWSE_RWD_JSON_MI_INDEX
20250304,00762,元大全球AI,TWSE,66.0,66.6,66.0,66.55,960108,63641684,TWSE_RWD_JSON_MI_INDEX
20250304,00770,國泰北美科技,TWSE,45.4,45.55,45.22,45.51,3522961,159736304,TWSE_RWD_JSON_MI_INDEX
20250304,00771,元大US高息特別股,TWSE,17.76,17.77,17.74,17.75,43999,781220,TWSE_RWD_JSON_MI_INDEX
20250304,00783,富邦中証500,TWSE,20.41,20.58,20.28,20.58,514982,10520434,TWSE_RWD_JSON_MI_INDEX
20250304,00830,國泰費城半導體,TWSE,39.5,39.8,39.23,39.8,35552411,1398450812,TWSE_RWD_JSON_MI_INDEX
20250304,00850,元大臺灣ESG永續,TWSE,43.8,44.3,43.73,44.2,1932982,85026493,TWSE_RWD_JSON_MI_INDEX
20250304,00851,台新全球AI,TWSE,48.2,48.2,47.89,48.0,331407,15919213,TWSE_RWD_JSON_MI_INDEX
20250304,00861,元大全球未來通訊,TWSE,43.52,43.72,43.5,43.69,70712,3080684,TWSE_RWD_JSON_MI_INDEX
20250304,00875,國泰網路資安,TWSE,38.5,38.53,38.34,38.53,132119,5078584,TWSE_RWD_JSON_MI_INDEX
20250304,00876,元大全球5G,TWSE,37.49,37.66,36.76,37.13,145681,5398652,TWSE_RWD_JSON_MI_INDEX
20250304,00878,國泰永續高股息,TWSE,22.03,22.23,21.97,22.16,146955360,3242954606,TWSE_RWD_JSON_MI_INDEX
20250304,00881,國泰台灣科技龍頭,TWSE,22.89,23.32,22.85,23.26,15245338,352065486,TWSE_RWD_JSON_MI_INDEX
20250304,00882,中信中國高股息,TWSE,13.06,13.06,12.89,13.04,21314894,276371254,TWSE_RWD_JSON_MI_INDEX
20250304,00885,富邦越南,TWSE,11.91,11.94,11.83,11.89,7773445,92387127,TWSE_RWD_JSON_MI_INDEX
20250304,00891,中信關鍵半導體,TWSE,17.38,17.71,17.33,17.66,11865815,207921167,TWSE_RWD_JSON_MI_INDEX
20250304,00892,富邦台灣半導體,TWSE,16.88,17.23,16.78,17.21,2070270,35080018,TWSE_RWD_JSON_MI_INDEX
20250304,00893,國泰智能電動車,TWSE,23.07,23.07,22.84,22.87,7363602,168656680,TWSE_RWD_JSON_MI_INDEX
20250304,00894,中信小資高價30,TWSE,19.3,19.71,19.26,19.65,3923568,76537620,TWSE_RWD_JSON_MI_INDEX
20250304,00895,富邦未來車,TWSE,28.63,28.77,28.63,28.77,3250963,93259904,TWSE_RWD_JSON_MI_INDEX
20250304,00896,中信綠能及電動車,TWSE,16.9,16.95,16.69,16.93,2140068,35926141,TWSE_RWD_JSON_MI_INDEX
20250304,00897,富邦基因免疫生技,TWSE,7.71,7.74,7.68,7.74,642890,4956789,TWSE_RWD_JSON_MI_INDEX
20250304,00898,國泰基因免疫革命,TWSE,7.2,7.21,7.2,7.21,208573,1502553,TWSE_RWD_JSON_MI_INDEX
20250304,00899,FT潔淨能源,TWSE,13.7,13.7,13.63,13.63,67452,921136,TWSE_RWD_JSON_MI_INDEX
20250304,00900,富邦特選高股息30,TWSE,14.01,14.24,13.96,14.22,9730811,137267072,TWSE_RWD_JSON_MI_INDEX
20250304,00901,永豐智能車供應鏈,TWSE,19.75,20.06,19.66,20.03,557518,11035814,TWSE_RWD_JSON_MI_INDEX
20250304,00902,中信電池及儲能,TWSE,9.26,9.26,9.0,9.03,4768590,43130546,TWSE_RWD_JSON_MI_INDEX
20250304,00903,富邦元宇宙,TWSE,14.88,14.9,14.8,14.87,1328455,19721604,TWSE_RWD_JSON_MI_INDEX
20250304,00904,新光臺灣半導體30,TWSE,17.7,18.08,17.68,18.06,1653634,29427404,TWSE_RWD_JSON_MI_INDEX
20250304,00905,FT臺灣Smart,TWSE,13.49,13.68,13.46,13.65,6050283,81991436,TWSE_RWD_JSON_MI_INDEX
20250304,00907,永豐優息存股,TWSE,15.97,16.01,15.85,15.98,2999306,47798524,TWSE_RWD_JSON_MI_INDEX
20250304,00908,富邦入息REITs+,TWSE,12.78,12.78,12.75,12.77,318720,4068091,TWSE_RWD_JSON_MI_INDEX
20250304,00909,國泰數位支付服務,TWSE,28.99,29.26,28.76,29.14,23575017,682082780,TWSE_RWD_JSON_MI_INDEX
20250304,00910,第一金太空衛星,TWSE,28.13,28.23,28.1,28.22,2539329,71610730,TWSE_RWD_JSON_MI_INDEX
20250304,00911,兆豐洲際半導體,TWSE,24.38,24.38,24.09,24.19,1157941,27980061,TWSE_RWD_JSON_MI_INDEX
20250304,00912,中信臺灣智慧50,TWSE,18.51,18.65,18.45,18.64,1561812,28923032,TWSE_RWD_JSON_MI_INDEX
20250304,00913,兆豐台灣晶圓製造,TWSE,19.86,20.18,19.66,20.14,363103,7195708,TWSE_RWD_JSON_MI_INDEX
20250304,00915,凱基優選高股息30,TWSE,24.56,24.83,24.5,24.79,11954812,295004742,TWSE_RWD_JSON_MI_INDEX
20250304,00916,國泰全球品牌50,TWSE,25.4,25.4,25.26,25.35,610712,15461549,TWSE_RWD_JSON_MI_INDEX
20250304,00917,中信特選金融,TWSE,22.81,22.9,22.79,22.84,569021,13002606,TWSE_RWD_JSON_MI_INDEX
20250304,00918,大華優利高填息30,TWSE,22.97,23.26,22.92,23.22,41478431,958065788,TWSE_RWD_JSON_MI_INDEX
20250304,00919,群益台灣精選高息,TWSE,23.67,24.04,23.55,23.97,131658315,3128933490,TWSE_RWD_JSON_MI_INDEX
20250304,00920,富邦ESG綠色電力,TWSE,12.26,12.26,12.03,12.09,576537,6966603,TWSE_RWD_JSON_MI_INDEX
20250304,00921,兆豐龍頭等權重,TWSE,17.43,17.5,17.25,17.48,867706,15043713,TWSE_RWD_JSON_MI_INDEX
20250304,00922,國泰台灣領袖50,TWSE,21.21,21.47,21.14,21.47,21943458,467720889,TWSE_RWD_JSON_MI_INDEX
20250304,00923,群益台ESG低碳50,TWSE,20.75,21.02,20.71,20.99,8922196,186143141,TWSE_RWD_JSON_MI_INDEX
20250304,00924,復華S&P500成長,TWSE,24.59,24.61,24.53,24.58,21353015,524591708,TWSE_RWD_JSON_MI_INDEX
20250304,00925,新光標普電動車,TWSE,17.15,17.15,17.14,17.15,208665,3576826,TWSE_RWD_JSON_MI_INDEX
20250304,00926,凱基全球菁英55,TWSE,21.72,21.77,21.68,21.76,3346478,72697285,TWSE_RWD_JSON_MI_INDEX
20250304,00927,群益半導體收益,TWSE,17.76,18.17,17.73,18.13,5767893,103413337,TWSE_RWD_JSON_MI_INDEX
20250304,00929,復華台灣科技優息,TWSE,18.35,18.6,18.24,18.55,71165938,1312037548,TWSE_RWD_JSON_MI_INDEX
20250304,00930,永豐ESG低碳高息,TWSE,18.13,18.29,18.07,18.28,4928005,89643687,TWSE_RWD_JSON_MI_INDEX
20250304,00932,兆豐永續高息等權,TWSE,15.62,15.96,15.62,15.94,4167518,65853851,TWSE_RWD_JSON_MI_INDEX
20250304,00934,中信成長高股息,TWSE,18.51,18.85,18.45,18.81,11024097,205780867,TWSE_RWD_JSON_MI_INDEX
20250304,00935,野村臺灣新科技50,TWSE,21.69,22.16,21.64,22.08,5793232,126561389,TWSE_RWD_JSON_MI_INDEX
20250304,00936,台新永續高息中小,TWSE,15.42,15.69,15.35,15.65,8034228,124733988,TWSE_RWD_JSON_MI_INDEX
20250304,00938,凱基優選30,TWSE,14.49,14.61,14.45,14.59,3078765,44716341,TWSE_RWD_JSON_MI_INDEX
20250304,00939,統一台灣高息動能,TWSE,14.26,14.43,14.2,14.4,11885993,170427062,TWSE_RWD_JSON_MI_INDEX
20250304,00940,元大台灣價值高息,TWSE,9.43,9.54,9.38,9.52,71343552,676184922,TWSE_RWD_JSON_MI_INDEX
20250304,00941,中信上游半導體,TWSE,13.7,13.7,13.57,13.66,3215530,43772947,TWSE_RWD_JSON_MI_INDEX
20250304,00943,兆豐電子高息等權,TWSE,14.63,14.87,14.51,14.81,2770775,40692892,TWSE_RWD_JSON_MI_INDEX
20250304,00944,野村趨勢動能高息,TWSE,14.79,15.0,14.69,14.98,2020825,30009469,TWSE_RWD_JSON_MI_INDEX
20250304,00946,群益科技高息成長,TWSE,9.38,9.56,9.34,9.54,7866534,74437653,TWSE_RWD_JSON_MI_INDEX
20250304,00947,台新臺灣IC設計,TWSE,14.01,14.26,13.92,14.23,2651559,37292282,TWSE_RWD_JSON_MI_INDEX
20250304,00949,復華日本龍頭,TWSE,16.1,16.1,15.93,15.94,3896454,62218678,TWSE_RWD_JSON_MI_INDEX
20250304,00951,台新日本半導體,TWSE,8.17,8.29,8.11,8.27,8698666,71048094,TWSE_RWD_JSON_MI_INDEX
20250304,00952,凱基台灣AI50,TWSE,9.72,9.8,9.57,9.77,4647643,45038195,TWSE_RWD_JSON_MI_INDEX
20250304,00954,中信日本半導體,TWSE,8.59,8.72,8.54,8.72,2695203,23177191,TWSE_RWD_JSON_MI_INDEX
20250304,00956,中信日經高股息,TWSE,10.24,10.28,10.23,10.24,992169,10172770,TWSE_RWD_JSON_MI_INDEX
20250304,00960,野村全球航運龍頭,TWSE,14.3,14.38,14.24,14.31,2468772,35329244,TWSE_RWD_JSON_MI_INDEX
20250304,00961,FT臺灣永續高息,TWSE,9.68,9.84,9.68,9.82,970422,9466822,TWSE_RWD_JSON_MI_INDEX
20250304,00962,台新AI優息動能,TWSE,9.66,9.84,9.55,9.8,1536287,14805018,TWSE_RWD_JSON_MI_INDEX
20250304,00963,中信全球高股息,TWSE,10.6,10.7,10.6,10.7,658886,7030716,TWSE_RWD_JSON_MI_INDEX
20250304,00964,中信亞太高股息,TWSE,10.08,10.11,10.06,10.1,1187604,11976297,TWSE_RWD_JSON_MI_INDEX
20250304,00965,元大航太防衛科技,TWSE,16.04,16.13,16.03,16.1,22909987,368459798,TWSE_RWD_JSON_MI_INDEX
20250304,00971,野村美國研發龍頭,TWSE,14.33,14.33,14.25,14.33,7434392,106245446,TWSE_RWD_JSON_MI_INDEX
20250304,00972,野村日本動能高息,TWSE,15.58,15.64,15.51,15.56,821523,12804660,TWSE_RWD_JSON_MI_INDEX
20250304,009800,中信NASDAQ,TWSE,9.47,9.48,9.43,9.48,20892273,197521447,TWSE_RWD_JSON_MI_INDEX
20250304,009801,中信美國創新科技,TWSE,8.98,8.99,8.94,8.97,18856118,168931571,TWSE_RWD_JSON_MI_INDEX
20250304,020012,富邦行動通訊N,TWSE,11.32,11.32,11.32,11.32,5000,56600,TWSE_RWD_JSON_MI_INDEX
20250304,020018,統一價值成長30N,TWSE,26.0,26.0,26.0,26.0,7000,182000,TWSE_RWD_JSON_MI_INDEX
20250304,020020,元大台股領航N,TWSE,11.94,12.14,11.94,12.11,69000,833170,TWSE_RWD_JSON_MI_INDEX
20250304,020028,元大特選電動車N,TWSE,9.07,9.1,9.07,9.1,26000,235940,TWSE_RWD_JSON_MI_INDEX
20250304,020029,元大ESG高股息N,TWSE,9.4,9.5,9.29,9.5,47000,445040,TWSE_RWD_JSON_MI_INDEX
20250304,020030,統一智慧電動車N,TWSE,6.15,6.2,6.15,6.2,9000,55600,TWSE_RWD_JSON_MI_INDEX
20250304,020031,統一IC設計臺灣N,TWSE,6.16,6.17,6.16,6.17,2000,12330,TWSE_RWD_JSON_MI_INDEX
20250304,020032,元大綠能N,TWSE,5.55,5.57,5.55,5.57,3000,16680,TWSE_RWD_JSON_MI_INDEX
20250304,020034,元大IC設計N,TWSE,8.08,8.08,7.85,8.02,27000,215620,TWSE_RWD_JSON_MI_INDEX
20250304,020037,元大金融高股息N,TWSE,7.18,7.18,7.18,7.18,8000,57440,TWSE_RWD_JSON_MI_INDEX
20250304,020038,元大ESG配息N,TWSE,7.78,7.85,7.78,7.85,4000,31310,TWSE_RWD_JSON_MI_INDEX
20250304,020039,元大加權N,TWSE,6.94,6.95,6.86,6.95,205000,1410010,TWSE_RWD_JSON_MI_INDEX
20250304,1101,台泥,TWSE,34.7,34.9,34.2,34.6,32792625,1131121459,TWSE_RWD_JSON_MI_INDEX
20250304,1102,亞泥,TWSE,43.8,44.2,43.05,43.7,9485599,413935860,TWSE_RWD_JSON_MI_INDEX
20250304,1103,嘉泥,TWSE,16.4,16.55,16.3,16.45,703511,11562068,TWSE_RWD_JSON_MI_INDEX
20250304,1104,環泥,TWSE,30.35,30.5,29.85,30.4,1731938,52252264,TWSE_RWD_JSON_MI_INDEX
20250304,1108,幸福,TWSE,15.05,15.05,14.9,15.0,146502,2194966,TWSE_RWD_JSON_MI_INDEX
20250304,1109,信大,TWSE,17.85,18.05,17.85,18.05,90393,1618784,TWSE_RWD_JSON_MI_INDEX
20250304,1110,東泥,TWSE,20.1,20.35,20.05,20.35,180564,3647855,TWSE_RWD_JSON_MI_INDEX
20250304,1201,味全,TWSE,17.95,18.1,17.9,18.1,168142,3022600,TWSE_RWD_JSON_MI_INDEX
20250304,1203,味王,TWSE,37.7,37.7,37.0,37.35,37744,1409342,TWSE_RWD_JSON_MI_INDEX
20250304,1210,大成,TWSE,55.1,55.7,55.1,55.7,837677,46405513,TWSE_RWD_JSON_MI_INDEX
20250304,1213,大飲,TWSE,15.25,15.5,15.25,15.4,50400,772924,TWSE_RWD_JSON_MI_INDEX
20250304,1215,卜蜂,TWSE,102.0,103.5,102.0,103.0,544649,55925328,TWSE_RWD_JSON_MI_INDEX
20250304,1216,統一,TWSE,82.4,83.1,81.5,81.5,8048512,661077812,TWSE_RWD_JSON_MI_INDEX
20250304,1217,愛之味,TWSE,12.1,12.15,12.0,12.1,792694,9566165,TWSE_RWD_JSON_MI_INDEX
20250304,1218,泰山,TWSE,20.0,20.1,19.85,20.1,476573,9509191,TWSE_RWD_JSON_MI_INDEX
20250304,1219,福壽,TWSE,14.8,14.85,14.75,14.85,284040,4206794,TWSE_RWD_JSON_MI_INDEX
20250304,1220,台榮,TWSE,16.85,17.05,16.7,17.05,114251,1936106,TWSE_RWD_JSON_MI_INDEX
20250304,1225,福懋油,TWSE,45.3,45.3,43.35,45.1,780226,34576895,TWSE_RWD_JSON_MI_INDEX
20250304,1227,佳格,TWSE,35.5,35.5,35.15,35.5,1166725,41161117,TWSE_RWD_JSON_MI_INDEX
20250304,1229,聯華,TWSE,50.9,51.7,50.4,51.7,923578,47114581,TWSE_RWD_JSON_MI_INDEX
20250304,1231,聯華食,TWSE,127.0,133.0,124.5,131.5,2347159,303758483,TWSE_RWD_JSON_MI_INDEX
20250304,1232,大統益,TWSE,154.5,154.5,152.0,153.0,106335,16243458,TWSE_RWD_JSON_MI_INDEX
20250304,1233,天仁,TWSE,30.3,30.5,30.2,30.2,37044,1125085,TWSE_RWD_JSON_MI_INDEX
20250304,1234,黑松,TWSE,41.0,41.3,40.9,41.2,72127,2962360,TWSE_RWD_JSON_MI_INDEX
20250304,1235,興泰,TWSE,90.7,94.4,90.7,92.3,30859,2825720,TWSE_RWD_JSON_MI_INDEX
20250304,1236,宏亞,TWSE,23.1,23.1,23.1,23.1,6228,144475,TWSE_RWD_JSON_MI_INDEX
20250304,1256,鮮活果汁-KY,TWSE,155.5,159.5,155.0,159.5,17894,2813504,TWSE_RWD_JSON_MI_INDEX
20250304,1301,台塑,TWSE,37.25,37.8,36.9,37.35,20501384,763266077,TWSE_RWD_JSON_MI_INDEX
20250304,1303,南亞,TWSE,32.5,32.65,31.7,31.95,15734080,503936847,TWSE_RWD_JSON_MI_INDEX
20250304,1304,台聚,TWSE,11.8,11.85,11.55,11.75,2936535,34258053,TWSE_RWD_JSON_MI_INDEX
20250304,1305,華夏,TWSE,13.0,13.1,12.8,13.0,1082718,13970570,TWSE_RWD_JSON_MI_INDEX
20250304,1307,三芳,TWSE,50.9,50.9,49.55,50.7,3131248,157008391,TWSE_RWD_JSON_MI_INDEX
20250304,1308,亞聚,TWSE,14.3,14.45,14.05,14.4,1093823,15544089,TWSE_RWD_JSON_MI_INDEX
20250304,1309,台達化,TWSE,13.9,14.2,13.7,14.1,1001880,13922685,TWSE_RWD_JSON_MI_INDEX
20250304,1310,台苯,TWSE,10.25,10.3,10.1,10.25,469280,4793112,TWSE_RWD_JSON_MI_INDEX
20250304,1312,國喬,TWSE,10.55,10.55,10.35,10.45,4076584,42556437,TWSE_RWD_JSON_MI_INDEX
20250304,1313,聯成,TWSE,8.79,8.81,8.61,8.8,8093456,70918835,TWSE_RWD_JSON_MI_INDEX
20250304,1314,中石化,TWSE,8.26,8.26,8.05,8.18,20436625,166012750,TWSE_RWD_JSON_MI_INDEX
20250304,1315,達新,TWSE,69.8,69.8,69.8,69.8,1278,89016,TWSE_RWD_JSON_MI_INDEX
20250304,1316,上曜,TWSE,15.2,15.35,14.8,15.35,6720315,101472970,TWSE_RWD_JSON_MI_INDEX
20250304,1319,東陽,TWSE,116.5,121.5,115.0,120.0,4786201,571471567,TWSE_RWD_JSON_MI_INDEX
20250304,1321,大洋,TWSE,35.65,35.65,35.2,35.6,226978,8027331,TWSE_RWD_JSON_MI_INDEX
20250304,1323,永裕,TWSE,24.95,25.15,24.9,25.1,82070,2056015,TWSE_RWD_JSON_MI_INDEX
20250304,1324,地球,TWSE,12.75,12.85,12.75,12.85,10896,139741,TWSE_RWD_JSON_MI_INDEX
20250304,1325,恆大,TWSE,31.0,31.25,30.8,31.1,568631,17614586,TWSE_RWD_JSON_MI_INDEX
20250304,1326,台化,TWSE,28.35,28.4,27.7,28.1,20064818,561786280,TWSE_RWD_JSON_MI_INDEX
20250304,1337,再生-KY,TWSE,6.76,6.81,6.67,6.78,280696,1887659,TWSE_RWD_JSON_MI_INDEX
20250304,1338,廣華-KY,TWSE,29.8,30.15,29.8,30.1,112894,3384533,TWSE_RWD_JSON_MI_INDEX
20250304,1339,昭輝,TWSE,57.3,57.8,56.9,57.7,38827,2233413,TWSE_RWD_JSON_MI_INDEX
20250304,1340,勝悅-KY,TWSE,9.12,9.12,9.01,9.11,77973,707738,TWSE_RWD_JSON_MI_INDEX
20250304,1341,富林-KY,TWSE,71.0,71.4,71.0,71.4,11017,783593,TWSE_RWD_JSON_MI_INDEX
20250304,1342,八貫,TWSE,107.5,111.5,106.5,110.0,315603,34563884,TWSE_RWD_JSON_MI_INDEX
20250304,1402,遠東新,TWSE,32.2,32.6,31.95,32.2,9627901,310388625,TWSE_RWD_JSON_MI_INDEX
20250304,1409,新纖,TWSE,15.1,15.25,14.95,15.25,1763000,26600687,TWSE_RWD_JSON_MI_INDEX
20250304,1410,南染,TWSE,35.05,35.5,35.05,35.5,9001,317134,TWSE_RWD_JSON_MI_INDEX
20250304,1413,宏洲,TWSE,12.05,12.05,11.25,11.85,281482,3281604,TWSE_RWD_JSON_MI_INDEX
20250304,1414,東和,TWSE,22.5,22.7,22.1,22.55,467070,10453185,TWSE_RWD_JSON_MI_INDEX
20250304,1416,廣豐,TWSE,12.8,12.85,12.7,12.7,132600,1690629,TWSE_RWD_JSON_MI_INDEX
20250304,1417,嘉裕,TWSE,9.23,9.29,9.15,9.22,107402,987520,TWSE_RWD_JSON_MI_INDEX
20250304,1418,東華,TWSE,25.9,26.2,25.9,26.2,10213,265554,TWSE_RWD_JSON_MI_INDEX
20250304,1419,新紡,TWSE,43.1,43.1,42.3,42.85,22290,950073,TWSE_RWD_JSON_MI_INDEX
20250304,1423,利華,TWSE,37.65,37.65,37.4,37.4,2620,98044,TWSE_RWD_JSON_MI_INDEX
20250304,1432,大魯閣,TWSE,18.65,20.3,18.65,19.7,1216236,23689267,TWSE_RWD_JSON_MI_INDEX
20250304,1434,福懋,TWSE,18.8,18.95,18.7,18.85,1347787,25327629,TWSE_RWD_JSON_MI_INDEX
20250304,1435,中福,TWSE,35.0,35.0,35.0,35.0,1067,37347,TWSE_RWD_JSON_MI_INDEX
20250304,1436,華友聯,TWSE,142.0,143.0,140.5,142.5,726774,102956757,TWSE_RWD_JSON_MI_INDEX
20250304,1437,勤益控,TWSE,34.5,34.75,34.3,34.75,66348,2288678,TWSE_RWD_JSON_MI_INDEX
20250304,1438,三地開發,TWSE,53.4,54.2,52.9,54.2,93616,5033305,TWSE_RWD_JSON_MI_INDEX
20250304,1439,雋揚,TWSE,33.4,33.4,32.7,32.95,15000,494800,TWSE_RWD_JSON_MI_INDEX
20250304,1440,南紡,TWSE,14.85,14.95,14.6,14.95,822022,12110401,TWSE_RWD_JSON_MI_INDEX
20250304,1441,大東,TWSE,13.85,14.15,13.8,14.05,11953,167519,TWSE_RWD_JSON_MI_INDEX
20250304,1442,名軒,TWSE,82.0,85.2,81.0,84.5,924657,77425059,TWSE_RWD_JSON_MI_INDEX
20250304,1443,立益物流,TWSE,30.5,30.95,30.5,30.95,14582,446657,TWSE_RWD_JSON_MI_INDEX
20250304,1444,力麗,TWSE,8.51,8.55,8.46,8.55,571273,4860022,TWSE_RWD_JSON_MI_INDEX
20250304,1445,大宇,TWSE,17.1,17.2,16.9,17.2,60061,1022951,TWSE_RWD_JSON_MI_INDEX
20250304,1446,宏和,TWSE,43.5,44.9,43.0,44.5,560621,24783093,TWSE_RWD_JSON_MI_INDEX
20250304,1447,力鵬,TWSE,7.16,7.18,7.1,7.17,749759,5351840,TWSE_RWD_JSON_MI_INDEX
20250304,1449,佳和,TWSE,18.65,18.7,18.2,18.6,735167,13618974,TWSE_RWD_JSON_MI_INDEX
20250304,1451,年興,TWSE,20.05,20.1,20.05,20.1,72498,1455532,TWSE_RWD_JSON_MI_INDEX
20250304,1452,宏益,TWSE,15.2,15.25,15.0,15.1,143032,2158011,TWSE_RWD_JSON_MI_INDEX
20250304,1453,大將,TWSE,16.8,16.8,16.3,16.55,66758,1105817,TWSE_RWD_JSON_MI_INDEX
20250304,1454,台富,TWSE,15.35,15.7,15.35,15.65,39062,609169,TWSE_RWD_JSON_MI_INDEX
20250304,1455,集盛,TWSE,10.3,10.3,10.2,10.25,440529,4516317,TWSE_RWD_JSON_MI_INDEX
20250304,1456,怡華,TWSE,17.05,17.05,17.0,17.0,6037,102510,TWSE_RWD_JSON_MI_INDEX
20250304,1457,宜進,TWSE,20.45,20.45,20.4,20.4,125743,2567714,TWSE_RWD_JSON_MI_INDEX
20250304,1459,聯發,TWSE,13.0,13.0,12.1,12.4,1527116,19065128,TWSE_RWD_JSON_MI_INDEX
20250304,1460,宏遠,TWSE,7.11,7.13,7.05,7.09,435624,3088768,TWSE_RWD_JSON_MI_INDEX
20250304,1463,強盛新,TWSE,29.9,30.4,28.15,29.6,2944479,85719505,TWSE_RWD_JSON_MI_INDEX
20250304,1464,得力,TWSE,18.6,19.15,18.6,19.0,2181402,41148937,TWSE_RWD_JSON_MI_INDEX
20250304,1465,偉全,TWSE,14.2,14.55,14.2,14.4,139351,2009884,TWSE_RWD_JSON_MI_INDEX
20250304,1466,聚隆,TWSE,13.4,13.4,13.2,13.4,63563,846306,TWSE_RWD_JSON_MI_INDEX
20250304,1467,南緯,TWSE,10.5,10.5,10.4,10.45,223063,2327642,TWSE_RWD_JSON_MI_INDEX
20250304,1468,昶和,TWSE,13.85,13.95,13.5,13.95,46345,635081,TWSE_RWD_JSON_MI_INDEX
20250304,1470,大統新創,TWSE,22.95,23.0,22.85,22.85,16020,367760,TWSE_RWD_JSON_MI_INDEX
20250304,1471,首利,TWSE,12.85,12.85,12.55,12.85,187891,2389442,TWSE_RWD_JSON_MI_INDEX
20250304,1472,三洋實業,TWSE,74.6,76.5,74.4,75.9,592869,44989793,TWSE_RWD_JSON_MI_INDEX
20250304,1473,台南,TWSE,37.9,38.0,37.25,37.9,169131,6367722,TWSE_RWD_JSON_MI_INDEX
20250304,1474,弘裕,TWSE,13.25,14.5,13.25,14.3,849805,11958625,TWSE_RWD_JSON_MI_INDEX
20250304,1475,業旺,TWSE,58.3,58.7,58.3,58.6,31000,1814800,TWSE_RWD_JSON_MI_INDEX
20250304,1476,儒鴻,TWSE,506.0,526.0,501.0,522.0,1317189,683206738,TWSE_RWD_JSON_MI_INDEX
20250304,1477,聚陽,TWSE,382.0,386.0,376.0,384.0,1842140,704679140,TWSE_RWD_JSON_MI_INDEX
20250304,1503,士電,TWSE,179.0,182.5,174.5,182.0,2030139,362395757,TWSE_RWD_JSON_MI_INDEX
20250304,1504,東元,TWSE,53.3,54.7,53.2,54.3,1981097,107162384,TWSE_RWD_JSON_MI_INDEX
20250304,1506,正道,TWSE,13.0,13.1,12.9,13.05,48527,630528,TWSE_RWD_JSON_MI_INDEX
20250304,1512,瑞利,TWSE,7.09,7.1,7.09,7.1,7077,50208,TWSE_RWD_JSON_MI_INDEX
20250304,1513,中興電,TWSE,147.0,148.5,145.0,148.0,5883553,864230100,TWSE_RWD_JSON_MI_INDEX
20250304,1514,亞力,TWSE,108.0,111.5,107.0,108.0,5011835,544500293,TWSE_RWD_JSON_MI_INDEX
20250304,1515,力山,TWSE,36.55,36.65,36.0,36.6,415029,15144263,TWSE_RWD_JSON_MI_INDEX
20250304,1516,川飛,TWSE,17.1,17.35,16.95,17.3,37298,640058,TWSE_RWD_JSON_MI_INDEX
20250304,1517,利奇,TWSE,14.4,14.4,14.25,14.3,119938,1716498,TWSE_RWD_JSON_MI_INDEX
20250304,1519,華城,TWSE,608.0,617.0,597.0,610.0,4833565,2931432193,TWSE_RWD_JSON_MI_INDEX
20250304,1521,大億,TWSE,29.0,29.75,28.6,29.45,74600,2179123,TWSE_RWD_JSON_MI_INDEX
20250304,1522,堤維西,TWSE,63.1,64.5,62.3,64.5,2022085,128122772,TWSE_RWD_JSON_MI_INDEX
20250304,1524,耿鼎,TWSE,36.65,37.3,36.4,37.2,1068451,39354083,TWSE_RWD_JSON_MI_INDEX
20250304,1525,江申,TWSE,59.3,59.7,58.5,59.0,9080,536222,TWSE_RWD_JSON_MI_INDEX
20250304,1526,日馳,TWSE,25.35,25.75,25.3,25.35,19435,493590,TWSE_RWD_JSON_MI_INDEX
20250304,1527,鑽全,TWSE,43.7,44.15,43.55,44.15,274732,12033342,TWSE_RWD_JSON_MI_INDEX
20250304,1528,恩德,TWSE,17.95,18.7,17.35,17.45,31228064,562413887,TWSE_RWD_JSON_MI_INDEX
20250304,1529,樂事綠能,TWSE,24.55,25.2,24.05,24.8,396065,9729092,TWSE_RWD_JSON_MI_INDEX
20250304,1530,亞崴,TWSE,32.5,33.3,32.0,33.05,126425,4161124,TWSE_RWD_JSON_MI_INDEX
20250304,1531,高林股,TWSE,14.1,14.35,14.1,14.3,90158,1283890,TWSE_RWD_JSON_MI_INDEX
20250304,1532,勤美,TWSE,32.0,32.5,31.6,32.4,1181475,37920653,TWSE_RWD_JSON_MI_INDEX
20250304,1533,車王電,TWSE,39.6,39.8,38.3,39.8,33467,1315400,TWSE_RWD_JSON_MI_INDEX
20250304,1535,中宇,TWSE,60.7,61.6,60.7,61.4,34810,2125001,TWSE_RWD_JSON_MI_INDEX
20250304,1536,和大,TWSE,78.4,81.6,77.6,79.3,24528172,1958558285,TWSE_RWD_JSON_MI_INDEX
20250304,1537,廣隆,TWSE,155.0,156.5,153.5,156.5,207747,32156904,TWSE_RWD_JSON_MI_INDEX
20250304,1538,正峰,TWSE,30.0,30.0,28.65,29.95,13133,382882,TWSE_RWD_JSON_MI_INDEX
20250304,1539,巨庭,TWSE,24.25,24.55,23.8,24.35,157450,3806431,TWSE_RWD_JSON_MI_INDEX
20250304,1540,喬福,TWSE,38.95,40.45,38.15,39.25,10582167,416221946,TWSE_RWD_JSON_MI_INDEX
20250304,1541,錩泰,TWSE,28.05,28.35,28.05,28.35,4081,115231,TWSE_RWD_JSON_MI_INDEX
20250304,1558,伸興,TWSE,111.0,111.5,110.0,111.5,134907,14921315,TWSE_RWD_JSON_MI_INDEX
20250304,1560,中砂,TWSE,257.0,267.0,251.0,262.0,1800421,466918571,TWSE_RWD_JSON_MI_INDEX
20250304,1563,巧新,TWSE,66.1,67.0,64.5,66.7,1702431,112233309,TWSE_RWD_JSON_MI_INDEX
20250304,1568,倉佑,TWSE,28.0,28.7,27.9,28.7,192504,5445486,TWSE_RWD_JSON_MI_INDEX
20250304,1582,信錦,TWSE,103.0,105.0,101.0,104.5,751639,77903600,TWSE_RWD_JSON_MI_INDEX
20250304,1583,程泰,TWSE,63.5,64.8,62.6,64.8,66648,4245447,TWSE_RWD_JSON_MI_INDEX
20250304,1587,吉茂,TWSE,35.7,36.6,35.35,36.35,179335,6461697,TWSE_RWD_JSON_MI_INDEX
20250304,1589,永冠-KY,TWSE,39.7,39.7,39.05,39.3,405860,15956905,TWSE_RWD_JSON_MI_INDEX
20250304,1590,亞德客-KY,TWSE,935.0,936.0,914.0,925.0,977990,907114875,TWSE_RWD_JSON_MI_INDEX
20250304,1597,直得,TWSE,99.2,102.0,97.4,102.0,1658970,165454893,TWSE_RWD_JSON_MI_INDEX
20250304,1598,岱宇,TWSE,30.6,31.0,30.1,30.35,328778,10013451,TWSE_RWD_JSON_MI_INDEX
20250304,1603,華電,TWSE,36.05,36.5,35.9,36.45,86500,3129155,TWSE_RWD_JSON_MI_INDEX
20250304,1604,聲寶,TWSE,28.3,28.5,28.25,28.5,170049,4829655,TWSE_RWD_JSON_MI_INDEX
20250304,1605,華新,TWSE,27.7,27.9,27.25,27.35,38859844,1066953665,TWSE_RWD_JSON_MI_INDEX
20250304,1608,華榮,TWSE,27.6,28.2,27.5,27.9,2066789,57588675,TWSE_RWD_JSON_MI_INDEX
20250304,1609,大亞,TWSE,41.7,42.45,41.25,42.45,2454176,102900765,TWSE_RWD_JSON_MI_INDEX
20250304,1611,中電,TWSE,15.8,16.1,15.5,16.1,1032266,16448764,TWSE_RWD_JSON_MI_INDEX
20250304,1612,宏泰,TWSE,33.95,34.5,33.75,34.5,620860,21144891,TWSE_RWD_JSON_MI_INDEX
20250304,1614,三洋電,TWSE,39.35,39.9,39.35,39.65,59023,2344958,TWSE_RWD_JSON_MI_INDEX
20250304,1615,大山,TWSE,60.6,60.6,59.1,60.0,52875,3158405,TWSE_RWD_JSON_MI_INDEX
20250304,1616,億泰,TWSE,19.7,20.25,19.65,20.1,319774,6386721,TWSE_RWD_JSON_MI_INDEX
20250304,1617,榮星,TWSE,17.5,17.95,17.4,17.65,164169,2909209,TWSE_RWD_JSON_MI_INDEX
20250304,1618,合機,TWSE,47.5,48.8,46.5,48.6,2781403,133274353,TWSE_RWD_JSON_MI_INDEX
20250304,1626,艾美特-KY,TWSE,13.9,13.95,13.85,13.9,18876,262853,TWSE_RWD_JSON_MI_INDEX
20250304,1702,南僑,TWSE,50.8,50.8,50.0,50.6,500018,25170445,TWSE_RWD_JSON_MI_INDEX
20250304,1707,葡萄王,TWSE,148.0,149.5,148.0,149.0,78390,11657155,TWSE_RWD_JSON_MI_INDEX
20250304,1708,東鹼,TWSE,40.3,42.0,40.15,42.0,4355830,179485793,TWSE_RWD_JSON_MI_INDEX
20250304,1709,和益,TWSE,21.6,21.65,21.4,21.65,358067,7707242,TWSE_RWD_JSON_MI_INDEX
20250304,1710,東聯,TWSE,16.55,16.8,16.1,16.55,14744725,242778095,TWSE_RWD_JSON_MI_INDEX
20250304,1711,永光,TWSE,21.1,21.2,20.45,21.15,1477858,30749646,TWSE_RWD_JSON_MI_INDEX
20250304,1712,興農,TWSE,47.5,47.8,47.0,47.8,942097,44729619,TWSE_RWD_JSON_MI_INDEX
20250304,1713,國化,TWSE,54.5,55.2,54.3,55.2,51260,2807122,TWSE_RWD_JSON_MI_INDEX
20250304,1714,和桐,TWSE,8.25,8.33,8.2,8.33,731510,6049945,TWSE_RWD_JSON_MI_INDEX
20250304,1717,長興,TWSE,28.3,28.6,28.15,28.5,1503968,42642501,TWSE_RWD_JSON_MI_INDEX
20250304,1718,中纖,TWSE,7.57,7.57,7.46,7.52,6005964,45074522,TWSE_RWD_JSON_MI_INDEX
20250304,1720,生達,TWSE,61.9,62.4,61.5,62.3,214974,13301370,TWSE_RWD_JSON_MI_INDEX
20250304,1721,三晃,TWSE,15.5,16.05,15.3,15.9,1732662,27122704,TWSE_RWD_JSON_MI_INDEX
20250304,1722,台肥,TWSE,52.9,53.3,52.6,53.1,1200062,63513366,TWSE_RWD_JSON_MI_INDEX
20250304,1723,中碳,TWSE,98.5,98.8,97.5,98.8,195142,19151044,TWSE_RWD_JSON_MI_INDEX
20250304,1725,元禎,TWSE,37.15,37.75,37.15,37.75,25045,943443,TWSE_RWD_JSON_MI_INDEX
20250304,1726,永記,TWSE,77.2,77.2,76.4,76.5,46357,3564277,TWSE_RWD_JSON_MI_INDEX
20250304,1727,中華化,TWSE,29.05,30.45,28.3,30.25,1522500,45215702,TWSE_RWD_JSON_MI_INDEX
20250304,1730,花仙子,TWSE,55.6,55.6,55.3,55.5,26210,1454715,TWSE_RWD_JSON_MI_INDEX
20250304,1731,美吾華,TWSE,23.95,24.0,23.8,24.0,187687,4486476,TWSE_RWD_JSON_MI_INDEX
20250304,1732,毛寶,TWSE,28.4,28.4,28.0,28.1,233593,6569057,TWSE_RWD_JSON_MI_INDEX
20250304,1733,五鼎,TWSE,30.4,30.65,30.15,30.6,56293,1711970,TWSE_RWD_JSON_MI_INDEX
20250304,1734,杏輝,TWSE,31.3,31.35,31.0,31.3,161804,5040123,TWSE_RWD_JSON_MI_INDEX
20250304,1735,日勝化,TWSE,21.3,21.35,20.15,20.4,287623,5919719,TWSE_RWD_JSON_MI_INDEX
20250304,1736,喬山,TWSE,188.0,205.5,186.5,205.5,4770696,946027488,TWSE_RWD_JSON_MI_INDEX
20250304,1737,臺鹽,TWSE,32.6,32.75,32.5,32.75,156847,5126725,TWSE_RWD_JSON_MI_INDEX
20250304,1752,南光,TWSE,43.15,43.55,42.95,43.1,88486,3826214,TWSE_RWD_JSON_MI_INDEX
20250304,1760,寶齡富錦,TWSE,83.0,83.9,82.0,83.9,115944,9602544,TWSE_RWD_JSON_MI_INDEX
20250304,1762,中化生,TWSE,34.75,34.8,34.05,34.55,71409,2457231,TWSE_RWD_JSON_MI_INDEX
20250304,1773,勝一,TWSE,156.0,158.5,154.0,158.5,502818,78671631,TWSE_RWD_JSON_MI_INDEX
20250304,1776,展宇,TWSE,19.15,19.15,18.7,19.1,103113,1952145,TWSE_RWD_JSON_MI_INDEX
20250304,1783,和康生,TWSE,53.1,54.9,52.7,53.7,692863,37426596,TWSE_RWD_JSON_MI_INDEX
20250304,1786,科妍,TWSE,122.5,124.5,119.5,124.5,628717,76701877,TWSE_RWD_JSON_MI_INDEX
20250304,1789,神隆,TWSE,22.7,22.85,22.4,22.85,604709,13694522,TWSE_RWD_JSON_MI_INDEX
20250304,1795,美時,TWSE,264.5,268.0,260.0,267.5,1607628,423832589,TWSE_RWD_JSON_MI_INDEX
20250304,1802,台玻,TWSE,16.5,16.55,16.25,16.4,12241151,200500740,TWSE_RWD_JSON_MI_INDEX
20250304,1805,寶徠,TWSE,15.7,15.8,15.5,15.7,132498,2072646,TWSE_RWD_JSON_MI_INDEX
20250304,1806,冠軍,TWSE,9.63,9.65,9.47,9.59,402328,3844310,TWSE_RWD_JSON_MI_INDEX
20250304,1808,潤隆,TWSE,36.75,36.8,36.05,36.75,1141425,41675860,TWSE_RWD_JSON_MI_INDEX
20250304,1809,中釉,TWSE,19.5,19.5,19.0,19.35,444738,8571044,TWSE_RWD_JSON_MI_INDEX
20250304,1810,和成,TWSE,17.0,17.05,16.7,17.05,236533,3988999,TWSE_RWD_JSON_MI_INDEX
20250304,1817,凱撒衛,TWSE,49.7,49.7,46.15,46.15,612945,28951663,TWSE_RWD_JSON_MI_INDEX
20250304,1903,士紙,TWSE,49.95,50.4,49.95,50.4,117984,5927497,TWSE_RWD_JSON_MI_INDEX
20250304,1904,正隆,TWSE,20.1,20.15,19.8,20.15,761590,15207576,TWSE_RWD_JSON_MI_INDEX
20250304,1905,華紙,TWSE,16.7,16.9,16.35,16.9,724892,12035131,TWSE_RWD_JSON_MI_INDEX
20250304,1906,寶隆,TWSE,14.0,14.15,13.85,14.15,33722,472101,TWSE_RWD_JSON_MI_INDEX
20250304,1907,永豐餘,TWSE,29.7,29.95,29.6,29.85,821708,24437499,TWSE_RWD_JSON_MI_INDEX
20250304,1909,榮成,TWSE,11.65,11.7,11.4,11.7,1036662,11967884,TWSE_RWD_JSON_MI_INDEX
20250304,2002,中鋼,TWSE,23.75,23.8,23.3,23.6,53253946,1253073057,TWSE_RWD_JSON_MI_INDEX
20250304,2006,東和鋼鐵,TWSE,74.8,77.2,74.7,76.1,3365858,256385779,TWSE_RWD_JSON_MI_INDEX
20250304,2007,燁興,TWSE,11.0,11.05,10.85,11.0,413207,4526402,TWSE_RWD_JSON_MI_INDEX
20250304,2008,高興昌,TWSE,29.1,29.2,29.05,29.1,38364,1116519,TWSE_RWD_JSON_MI_INDEX
20250304,2009,第一銅,TWSE,41.0,41.75,40.7,40.9,3724690,153044561,TWSE_RWD_JSON_MI_INDEX
20250304,2010,春源,TWSE,18.9,18.9,18.6,18.9,603217,11324650,TWSE_RWD_JSON_MI_INDEX
20250304,2012,春雨,TWSE,26.6,26.65,26.45,26.65,42794,1136092,TWSE_RWD_JSON_MI_INDEX
20250304,2013,中鋼構,TWSE,52.8,53.4,52.6,52.9,120333,6375002,TWSE_RWD_JSON_MI_INDEX
20250304,2014,中鴻,TWSE,23.55,24.15,23.2,23.7,19748722,466980072,TWSE_RWD_JSON_MI_INDEX
20250304,2015,豐興,TWSE,71.9,73.1,71.4,72.1,953770,69105029,TWSE_RWD_JSON_MI_INDEX
20250304,2017,官田鋼,TWSE,12.4,12.6,12.3,12.6,955377,11855654,TWSE_RWD_JSON_MI_INDEX
20250304,2020,美亞,TWSE,30.4,30.75,30.1,30.6,823986,25014028,TWSE_RWD_JSON_MI_INDEX
20250304,2022,聚亨,TWSE,10.15,10.2,10.05,10.1,1301479,13135426,TWSE_RWD_JSON_MI_INDEX
20250304,2023,燁輝,TWSE,16.65,16.9,16.4,16.9,2367019,39348347,TWSE_RWD_JSON_MI_INDEX
20250304,2024,志聯,TWSE,19.25,19.4,19.2,19.4,26806,515123,TWSE_RWD_JSON_MI_INDEX
20250304,2025,千興,TWSE,17.5,17.8,17.2,17.65,228005,4010474,TWSE_RWD_JSON_MI_INDEX
20250304,2027,大成鋼,TWSE,48.05,48.5,47.05,47.75,34461064,1641978976,TWSE_RWD_JSON_MI_INDEX
20250304,2028,威致,TWSE,23.65,23.65,23.2,23.5,207810,4863309,TWSE_RWD_JSON_MI_INDEX
20250304,2029,盛餘,TWSE,25.8,26.8,25.6,26.55,1322493,34832060,TWSE_RWD_JSON_MI_INDEX
20250304,2030,彰源,TWSE,18.25,18.5,18.2,18.4,421648,7735221,TWSE_RWD_JSON_MI_INDEX
20250304,2031,新光鋼,TWSE,51.0,52.2,51.0,52.1,854086,44132318,TWSE_RWD_JSON_MI_INDEX
20250304,2032,新鋼,TWSE,20.5,21.0,20.05,20.25,2936308,60049057,TWSE_RWD_JSON_MI_INDEX
20250304,2033,佳大,TWSE,22.8,22.8,22.2,22.8,165574,3722067,TWSE_RWD_JSON_MI_INDEX
20250304,2034,允強,TWSE,26.6,27.0,26.2,26.45,6442636,170778265,TWSE_RWD_JSON_MI_INDEX
20250304,2038,海光,TWSE,19.15,19.8,19.1,19.65,1363625,26615729,TWSE_RWD_JSON_MI_INDEX
20250304,2049,上銀,TWSE,300.0,306.0,297.0,301.0,12612239,3789878487,TWSE_RWD_JSON_MI_INDEX
20250304,2059,川湖,TWSE,1960.0,2010.0,1945.0,2005.0,1383685,2741930830,TWSE_RWD_JSON_MI_INDEX
20250304,2062,橋椿,TWSE,32.85,34.3,31.9,31.9,7104871,236181623,TWSE_RWD_JSON_MI_INDEX
20250304,2069,運錩,TWSE,18.3,18.9,18.3,18.8,311747,5818098,TWSE_RWD_JSON_MI_INDEX
20250304,2101,南港,TWSE,47.3,48.0,47.05,47.95,1007380,47919923,TWSE_RWD_JSON_MI_INDEX
20250304,2102,泰豐,TWSE,18.25,18.5,18.05,18.5,185830,3392128,TWSE_RWD_JSON_MI_INDEX
20250304,2103,台橡,TWSE,21.55,21.55,21.05,21.35,2424731,51531693,TWSE_RWD_JSON_MI_INDEX
20250304,2104,國際中橡,TWSE,12.5,12.6,12.25,12.6,2151806,26737440,TWSE_RWD_JSON_MI_INDEX
20250304,2105,正新,TWSE,50.6,51.8,50.3,51.2,4875910,249250964,TWSE_RWD_JSON_MI_INDEX
20250304,2106,建大,TWSE,27.75,28.0,27.35,28.0,406052,11240104,TWSE_RWD_JSON_MI_INDEX
20250304,2107,厚生,TWSE,26.2,26.45,26.1,26.45,147202,3866979,TWSE_RWD_JSON_MI_INDEX
20250304,2108,南帝,TWSE,33.0,33.6,32.85,33.6,178070,5897892,TWSE_RWD_JSON_MI_INDEX
20250304,2109,華豐,TWSE,18.65,18.7,18.55,18.7,298667,5559198,TWSE_RWD_JSON_MI_INDEX
20250304,2114,鑫永銓,TWSE,92.4,93.1,92.4,93.1,27310,2537190,TWSE_RWD_JSON_MI_INDEX
20250304,2115,六暉-KY,TWSE,29.85,30.75,29.85,30.35,42347,1280961,TWSE_RWD_JSON_MI_INDEX
20250304,2201,裕隆,TWSE,47.9,48.55,47.2,48.5,2266474,108582564,TWSE_RWD_JSON_MI_INDEX
20250304,2204,中華,TWSE,78.0,79.2,77.0,79.1,1657291,129222919,TWSE_RWD_JSON_MI_INDEX
20250304,2206,三陽工業,TWSE,68.6,68.9,68.3,68.5,544485,37334260,TWSE_RWD_JSON_MI_INDEX
20250304,2207,和泰車,TWSE,609.0,609.0,602.0,605.0,419745,254076622,TWSE_RWD_JSON_MI_INDEX
20250304,2208,台船,TWSE,17.0,17.2,16.75,17.05,1958147,33193179,TWSE_RWD_JSON_MI_INDEX
20250304,2211,長榮鋼,TWSE,93.2,95.3,92.8,95.3,675087,63554045,TWSE_RWD_JSON_MI_INDEX
20250304,2227,裕日車,TWSE,78.0,78.0,76.0,77.3,48789,3763477,TWSE_RWD_JSON_MI_INDEX
20250304,2228,劍麟,TWSE,98.5,100.0,97.2,99.1,395084,39183298,TWSE_RWD_JSON_MI_INDEX
20250304,2231,為升,TWSE,92.6,93.8,89.6,92.9,1203988,109908454,TWSE_RWD_JSON_MI_INDEX
20250304,2233,宇隆,TWSE,213.5,224.5,213.0,222.5,1238253,273762749,TWSE_RWD_JSON_MI_INDEX
20250304,2236,百達-KY,TWSE,120.5,124.0,120.0,123.0,213508,26119284,TWSE_RWD_JSON_MI_INDEX
20250304,2239,英利-KY,TWSE,37.55,38.05,37.0,38.05,61240,2297259,TWSE_RWD_JSON_MI_INDEX
20250304,2241,艾姆勒,TWSE,30.6,30.6,29.15,29.65,710728,20946815,TWSE_RWD_JSON_MI_INDEX
20250304,2243,宏旭-KY,TWSE,16.9,17.4,16.8,17.25,153315,2632048,TWSE_RWD_JSON_MI_INDEX
20250304,2247,汎德永業,TWSE,309.5,313.0,308.5,312.0,142608,44437167,TWSE_RWD_JSON_MI_INDEX
20250304,2250,IKKA-KY,TWSE,126.0,141.0,126.0,138.0,1815505,245239590,TWSE_RWD_JSON_MI_INDEX
20250304,2254,巨鎧精密-創,TWSE,69.8,70.5,69.8,70.5,19186,1344878,TWSE_RWD_JSON_MI_INDEX
20250304,2258,鴻華先進-創,TWSE,47.2,47.4,46.75,47.15,811545,38147914,TWSE_RWD_JSON_MI_INDEX
20250304,2301,光寶科,TWSE,108.0,110.0,107.5,109.0,12175179,1329848804,TWSE_RWD_JSON_MI_INDEX
20250304,2302,麗正,TWSE,20.85,21.7,20.3,21.7,807143,17169850,TWSE_RWD_JSON_MI_INDEX
20250304,2303,聯電,TWSE,42.95,43.85,42.9,43.6,44412629,1929198239,TWSE_RWD_JSON_MI_INDEX
20250304,2305,全友,TWSE,14.1,14.2,13.85,14.15,376556,5280856,TWSE_RWD_JSON_MI_INDEX
20250304,2308,台達電,TWSE,385.0,387.0,373.0,377.5,20515117,7760387194,TWSE_RWD_JSON_MI_INDEX
20250304,2312,金寶,TWSE,25.15,26.2,24.9,26.15,8681702,222390225,TWSE_RWD_JSON_MI_INDEX
20250304,2313,華通,TWSE,64.2,65.7,63.6,65.6,5182150,335939213,TWSE_RWD_JSON_MI_INDEX
20250304,2314,台揚,TWSE,32.5,33.25,32.1,33.15,841684,27570819,TWSE_RWD_JSON_MI_INDEX
20250304,2316,楠梓電,TWSE,45.7,46.45,45.2,46.45,892085,40972555,TWSE_RWD_JSON_MI_INDEX
20250304,2317,鴻海,TWSE,165.5,172.0,165.0,170.5,71127819,12007537766,TWSE_RWD_JSON_MI_INDEX
20250304,2321,東訊,TWSE,15.3,15.3,13.9,15.3,3028,44921,TWSE_RWD_JSON_MI_INDEX
20250304,2323,中環,TWSE,10.0,10.2,9.83,10.2,4025765,40378218,TWSE_RWD_JSON_MI_INDEX
20250304,2324,仁寶,TWSE,36.7,37.7,36.55,37.35,21620369,808623801,TWSE_RWD_JSON_MI_INDEX
20250304,2327,國巨*,TWSE,532.0,553.0,531.0,552.0,3250951,1772988199,TWSE_RWD_JSON_MI_INDEX
20250304,2328,廣宇,TWSE,44.9,48.5,44.1,47.8,75503996,3532117757,TWSE_RWD_JSON_MI_INDEX
20250304,2329,華泰,TWSE,35.05,36.35,34.7,36.1,2101269,74810472,TWSE_RWD_JSON_MI_INDEX
20250304,2330,台積電,TWSE,996.0,1010.0,996.0,1000.0,70879417,71031410815,TWSE_RWD_JSON_MI_INDEX
20250304,2331,精英,TWSE,21.35,21.9,20.9,21.9,1491692,31990172,TWSE_RWD_JSON_MI_INDEX
20250304,2332,友訊,TWSE,19.8,20.9,19.75,20.5,7943812,161569067,TWSE_RWD_JSON_MI_INDEX
20250304,2337,旺宏,TWSE,21.05,21.15,20.75,21.1,11962916,250641697,TWSE_RWD_JSON_MI_INDEX
20250304,2338,光罩,TWSE,44.6,45.4,43.85,45.35,989787,44159698,TWSE_RWD_JSON_MI_INDEX
20250304,2340,台亞,TWSE,26.55,27.2,26.1,27.05,1556297,41531855,TWSE_RWD_JSON_MI_INDEX
20250304,2342,茂矽,TWSE,30.05,30.3,29.65,30.05,335066,10052256,TWSE_RWD_JSON_MI_INDEX
20250304,2344,華邦電,TWSE,18.3,18.55,18.15,18.55,65027097,1193382333,TWSE_RWD_JSON_MI_INDEX
20250304,2345,智邦,TWSE,648.0,682.0,648.0,681.0,7697350,5168651346,TWSE_RWD_JSON_MI_INDEX
20250304,2347,聯強,TWSE,69.6,69.6,68.4,68.4,3626650,249464125,TWSE_RWD_JSON_MI_INDEX
20250304,2348,海悅,TWSE,185.0,190.5,182.0,190.0,601933,112617098,TWSE_RWD_JSON_MI_INDEX
20250304,2349,錸德,TWSE,12.75,12.85,12.5,12.75,3622091,45919122,TWSE_RWD_JSON_MI_INDEX
20250304,2351,順德,TWSE,89.3,92.2,89.2,92.0,999450,90935545,TWSE_RWD_JSON_MI_INDEX
20250304,2352,佳世達,TWSE,35.3,36.7,35.1,36.55,5234623,188259604,TWSE_RWD_JSON_MI_INDEX
20250304,2353,宏碁,TWSE,38.0,38.55,37.75,38.2,8883464,338822368,TWSE_RWD_JSON_MI_INDEX
20250304,2354,鴻準,TWSE,73.5,74.7,72.4,74.6,7786835,573414083,TWSE_RWD_JSON_MI_INDEX
20250304,2355,敬鵬,TWSE,36.7,38.6,36.25,37.8,11308617,425745694,TWSE_RWD_JSON_MI_INDEX
20250304,2356,英業達,TWSE,45.95,47.65,45.6,47.5,14030928,658696582,TWSE_RWD_JSON_MI_INDEX
20250304,2357,華碩,TWSE,661.0,673.0,657.0,670.0,3559707,2371153088,TWSE_RWD_JSON_MI_INDEX
20250304,2359,所羅門,TWSE,155.0,159.0,152.5,156.0,5730988,892391998,TWSE_RWD_JSON_MI_INDEX
20250304,2360,致茂,TWSE,330.0,330.0,318.0,327.5,2322455,754045681,TWSE_RWD_JSON_MI_INDEX
20250304,2362,藍天,TWSE,48.6,49.1,48.2,49.05,1332062,64924858,TWSE_RWD_JSON_MI_INDEX
20250304,2363,矽統,TWSE,62.5,63.3,61.7,63.1,2775763,173909256,TWSE_RWD_JSON_MI_INDEX
20250304,2364,倫飛,TWSE,89.0,91.4,87.1,91.1,248723,22238055,TWSE_RWD_JSON_MI_INDEX
20250304,2365,昆盈,TWSE,49.0,49.3,47.35,48.0,30234915,1455846900,TWSE_RWD_JSON_MI_INDEX
20250304,2367,燿華,TWSE,29.0,29.45,28.6,29.4,4089123,118873718,TWSE_RWD_JSON_MI_INDEX
20250304,2368,金像電,TWSE,215.0,223.0,211.0,222.5,3459130,754437368,TWSE_RWD_JSON_MI_INDEX
20250304,2369,菱生,TWSE,17.25,17.65,16.65,17.65,3115430,53353008,TWSE_RWD_JSON_MI_INDEX
20250304,2371,大同,TWSE,41.85,42.25,41.35,41.9,7897272,330147251,TWSE_RWD_JSON_MI_INDEX
20250304,2373,震旦行,TWSE,65.4,65.5,65.3,65.5,8984,588280,TWSE_RWD_JSON_MI_INDEX
20250304,2374,佳能,TWSE,58.5,62.0,57.4,60.7,9806931,585488270,TWSE_RWD_JSON_MI_INDEX
20250304,2375,凱美,TWSE,63.4,65.0,62.3,64.5,531152,33873996,TWSE_RWD_JSON_MI_INDEX
20250304,2376,技嘉,TWSE,253.5,260.5,248.0,259.0,3822245,976102377,TWSE_RWD_JSON_MI_INDEX
20250304,2377,微星,TWSE,182.5,185.5,180.0,184.5,4499222,822807416,TWSE_RWD_JSON_MI_INDEX
20250304,2379,瑞昱,TWSE,545.0,553.0,542.0,548.0,4167045,2276320662,TWSE_RWD_JSON_MI_INDEX
20250304,2380,虹光,TWSE,4.89,4.89,4.83,4.87,37192,180832,TWSE_RWD_JSON_MI_INDEX
20250304,2382,廣達,TWSE,248.0,259.0,246.0,258.5,28834123,7346104270,TWSE_RWD_JSON_MI_INDEX
20250304,2383,台光電,TWSE,611.0,619.0,604.0,604.0,6684173,4067413657,TWSE_RWD_JSON_MI_INDEX
20250304,2385,群光,TWSE,161.0,163.5,158.5,161.5,2711880,437990302,TWSE_RWD_JSON_MI_INDEX
20250304,2387,精元,TWSE,70.5,73.4,69.5,73.4,7852745,564600140,TWSE_RWD_JSON_MI_INDEX
20250304,2388,威盛,TWSE,86.2,89.5,85.2,89.5,3287662,287561932,TWSE_RWD_JSON_MI_INDEX
20250304,2390,云辰,TWSE,12.1,12.25,12.0,12.2,200788,2431053,TWSE_RWD_JSON_MI_INDEX
20250304,2392,正崴,TWSE,66.0,67.5,65.5,67.3,1561833,103720238,TWSE_RWD_JSON_MI_INDEX
20250304,2393,億光,TWSE,82.3,83.1,81.3,82.0,1604077,132029856,TWSE_RWD_JSON_MI_INDEX
20250304,2395,研華,TWSE,395.0,398.0,390.0,395.5,1984727,784468229,TWSE_RWD_JSON_MI_INDEX
20250304,2397,友通,TWSE,78.6,82.2,78.3,82.2,248846,20080914,TWSE_RWD_JSON_MI_INDEX
20250304,2399,映泰,TWSE,24.8,25.35,24.5,25.1,2952382,73950433,TWSE_RWD_JSON_MI_INDEX
20250304,2401,凌陽,TWSE,27.75,28.4,27.4,28.3,1779171,49724250,TWSE_RWD_JSON_MI_INDEX
20250304,2402,毅嘉,TWSE,40.0,41.6,39.5,41.6,3494397,142547916,TWSE_RWD_JSON_MI_INDEX
20250304,2404,漢唐,TWSE,439.0,465.0,430.5,457.5,5893230,2655378819,TWSE_RWD_JSON_MI_INDEX
20250304,2405,輔信,TWSE,21.5,22.0,21.35,21.9,2381506,51807251,TWSE_RWD_JSON_MI_INDEX
20250304,2406,國碩,TWSE,14.65,14.9,14.3,14.9,1397874,20483366,TWSE_RWD_JSON_MI_INDEX
20250304,2408,南亞科,TWSE,37.4,38.15,36.4,38.1,42083559,1567410518,TWSE_RWD_JSON_MI_INDEX
20250304,2409,友達,TWSE,14.55,14.75,14.35,14.7,26468020,386102107,TWSE_RWD_JSON_MI_INDEX
20250304,2412,中華電,TWSE,128.5,128.5,127.0,127.0,8866292,1132495339,TWSE_RWD_JSON_MI_INDEX
20250304,2413,環科,TWSE,23.7,24.2,23.45,24.15,135346,3226678,TWSE_RWD_JSON_MI_INDEX
20250304,2414,精技,TWSE,37.7,38.7,37.55,38.15,293437,11163516,TWSE_RWD_JSON_MI_INDEX
20250304,2415,錩新,TWSE,29.5,29.95,29.45,29.9,155370,4619891,TWSE_RWD_JSON_MI_INDEX
20250304,2417,圓剛,TWSE,48.0,49.2,47.3,48.7,2270087,109908874,TWSE_RWD_JSON_MI_INDEX
20250304,2419,仲琦,TWSE,28.4,29.0,28.2,28.85,526707,15076396,TWSE_RWD_JSON_MI_INDEX
20250304,2420,新巨,TWSE,64.3,65.5,64.0,65.1,175416,11372018,TWSE_RWD_JSON_MI_INDEX
20250304,2421,建準,TWSE,92.0,93.8,90.1,93.8,1355979,124606633,TWSE_RWD_JSON_MI_INDEX
20250304,2423,固緯,TWSE,43.9,44.15,43.45,44.05,93864,4117765,TWSE_RWD_JSON_MI_INDEX
20250304,2424,隴華,TWSE,59.7,60.0,59.5,60.0,27714,1656348,TWSE_RWD_JSON_MI_INDEX
20250304,2425,承啟,TWSE,37.05,38.45,36.8,37.25,2412344,90756467,TWSE_RWD_JSON_MI_INDEX
20250304,2426,鼎元,TWSE,20.5,21.1,20.2,21.0,1084497,22421461,TWSE_RWD_JSON_MI_INDEX
20250304,2427,三商電,TWSE,26.7,27.8,26.45,27.4,1154525,31385587,TWSE_RWD_JSON_MI_INDEX
20250304,2428,興勤,TWSE,161.0,165.0,160.0,164.0,248359,40440296,TWSE_RWD_JSON_MI_INDEX
20250304,2429,銘旺科,TWSE,37.6,38.9,37.0,38.15,2477782,94287236,TWSE_RWD_JSON_MI_INDEX
20250304,2430,燦坤,TWSE,34.0,34.85,31.7,31.95,1427791,46971359,TWSE_RWD_JSON_MI_INDEX
20250304,2431,聯昌,TWSE,14.2,14.35,13.85,14.3,503382,7094671,TWSE_RWD_JSON_MI_INDEX
20250304,2432,倚天酷碁-創,TWSE,37.1,38.0,37.1,38.0,41000,1534900,TWSE_RWD_JSON_MI_INDEX
20250304,2433,互盛電,TWSE,50.5,50.7,50.3,50.7,23684,1193682,TWSE_RWD_JSON_MI_INDEX
20250304,2434,統懋,TWSE,29.95,30.0,29.6,29.7,33365,996712,TWSE_RWD_JSON_MI_INDEX
20250304,2436,偉詮電,TWSE,54.1,55.7,53.5,55.6,440316,24133129,TWSE_RWD_JSON_MI_INDEX
20250304,2438,翔耀,TWSE,32.25,35.85,32.2,34.2,239667,8088888,TWSE_RWD_JSON_MI_INDEX
20250304,2439,美律,TWSE,116.0,121.5,115.5,121.0,8103214,963312411,TWSE_RWD_JSON_MI_INDEX
20250304,2440,太空梭,TWSE,12.2,12.3,12.1,12.3,102099,1243839,TWSE_RWD_JSON_MI_INDEX
20250304,2441,超豐,TWSE,63.1,64.0,62.6,64.0,510620,32467876,TWSE_RWD_JSON_MI_INDEX
20250304,2442,新美齊,TWSE,26.7,26.95,26.2,26.85,1234636,32951272,TWSE_RWD_JSON_MI_INDEX
20250304,2444,兆勁,TWSE,16.8,17.85,16.6,17.45,1295279,22537339,TWSE_RWD_JSON_MI_INDEX
20250304,2449,京元電子,TWSE,100.0,104.0,100.0,104.0,13354650,1365585669,TWSE_RWD_JSON_MI_INDEX
20250304,2450,神腦,TWSE,34.2,34.35,34.1,34.25,94621,3234096,TWSE_RWD_JSON_MI_INDEX
20250304,2451,創見,TWSE,86.0,88.2,85.9,87.8,548692,47969777,TWSE_RWD_JSON_MI_INDEX
20250304,2453,凌群,TWSE,59.6,63.7,59.6,63.5,1935994,120755057,TWSE_RWD_JSON_MI_INDEX
20250304,2454,聯發科,TWSE,1435.0,1510.0,1435.0,1505.0,8330012,12336290155,TWSE_RWD_JSON_MI_INDEX
20250304,2455,全新,TWSE,137.0,142.5,135.0,142.5,2731527,380283233,TWSE_RWD_JSON_MI_INDEX
20250304,2457,飛宏,TWSE,33.3,33.75,32.8,33.65,930052,31020488,TWSE_RWD_JSON_MI_INDEX
20250304,2458,義隆,TWSE,153.0,156.5,151.0,155.5,2363270,364346231,TWSE_RWD_JSON_MI_INDEX
20250304,2459,敦吉,TWSE,70.2,70.3,69.6,70.2,30704,2148106,TWSE_RWD_JSON_MI_INDEX
20250304,2460,建通,TWSE,23.3,23.8,23.15,23.8,137988,3241886,TWSE_RWD_JSON_MI_INDEX
20250304,2461,光群雷,TWSE,19.9,20.15,19.75,20.0,368280,7347323,TWSE_RWD_JSON_MI_INDEX
20250304,2462,良得電,TWSE,27.05,27.05,26.7,26.95,210064,5642624,TWSE_RWD_JSON_MI_INDEX
20250304,2464,盟立,TWSE,75.0,77.0,74.4,75.6,2616897,197967586,TWSE_RWD_JSON_MI_INDEX
20250304,2465,麗臺,TWSE,70.1,71.7,69.5,71.3,657579,46438045,TWSE_RWD_JSON_MI_INDEX
20250304,2466,冠西電,TWSE,73.0,76.1,71.5,73.9,1710007,126484397,TWSE_RWD_JSON_MI_INDEX
20250304,2467,志聖,TWSE,166.5,173.5,162.0,173.0,961469,162434970,TWSE_RWD_JSON_MI_INDEX
20250304,2468,華經,TWSE,34.0,37.85,34.0,37.85,15410944,557413611,TWSE_RWD_JSON_MI_INDEX
20250304,2471,資通,TWSE,54.6,58.2,54.1,57.2,2310965,131157406,TWSE_RWD_JSON_MI_INDEX
20250304,2472,立隆電,TWSE,85.8,88.8,84.7,88.2,1385413,120042660,TWSE_RWD_JSON_MI_INDEX
20250304,2474,可成,TWSE,206.0,208.5,204.5,208.0,3173452,656877602,TWSE_RWD_JSON_MI_INDEX
20250304,2476,鉅祥,TWSE,92.5,93.9,91.6,93.7,2107616,196332156,TWSE_RWD_JSON_MI_INDEX
20250304,2477,美隆電,TWSE,27.35,27.7,26.8,27.45,814890,22209931,TWSE_RWD_JSON_MI_INDEX
20250304,2478,大毅,TWSE,44.15,44.4,43.75,44.4,212959,9389841,TWSE_RWD_JSON_MI_INDEX
20250304,2480,敦陽科,TWSE,161.0,165.5,160.5,163.5,832366,136042797,TWSE_RWD_JSON_MI_INDEX
20250304,2481,強茂,TWSE,53.3,54.2,52.6,54.1,859746,46007250,TWSE_RWD_JSON_MI_INDEX
20250304,2482,連宇,TWSE,23.9,24.25,23.75,24.15,121539,2925728,TWSE_RWD_JSON_MI_INDEX
20250304,2483,百容,TWSE,21.7,21.7,21.5,21.55,115015,2477723,TWSE_RWD_JSON_MI_INDEX
20250304,2484,希華,TWSE,26.15,26.6,26.1,26.6,243609,6417047,TWSE_RWD_JSON_MI_INDEX
20250304,2485,兆赫,TWSE,14.75,14.9,14.55,14.8,540539,7980565,TWSE_RWD_JSON_MI_INDEX
20250304,2486,一詮,TWSE,100.5,103.0,99.3,101.5,4405931,445869358,TWSE_RWD_JSON_MI_INDEX
20250304,2488,漢平,TWSE,54.7,55.7,54.1,55.5,417490,22917594,TWSE_RWD_JSON_MI_INDEX
20250304,2489,瑞軒,TWSE,18.8,19.15,18.55,19.1,2124428,40203675,TWSE_RWD_JSON_MI_INDEX
20250304,2491,吉祥全,TWSE,13.85,13.85,13.5,13.5,16144,222544,TWSE_RWD_JSON_MI_INDEX
20250304,2492,華新科,TWSE,93.2,95.7,92.6,95.6,874174,82401747,TWSE_RWD_JSON_MI_INDEX
20250304,2493,揚博,TWSE,90.0,93.6,90.0,93.0,479435,43954834,TWSE_RWD_JSON_MI_INDEX
20250304,2495,普安,TWSE,28.5,29.4,28.1,29.4,1975763,56849535,TWSE_RWD_JSON_MI_INDEX
20250304,2496,卓越,TWSE,89.0,89.8,88.5,89.7,29155,2598762,TWSE_RWD_JSON_MI_INDEX
20250304,2497,怡利電,TWSE,57.4,59.1,56.8,58.6,319913,18565717,TWSE_RWD_JSON_MI_INDEX
20250304,2498,宏達電,TWSE,43.75,44.7,43.05,44.5,7504696,329049120,TWSE_RWD_JSON_MI_INDEX
20250304,2501,國建,TWSE,24.55,24.75,24.35,24.75,672794,16521820,TWSE_RWD_JSON_MI_INDEX
20250304,2504,國產,TWSE,43.65,44.35,43.3,44.15,3290919,144650974,TWSE_RWD_JSON_MI_INDEX
20250304,2505,國揚,TWSE,21.6,21.85,21.3,21.85,114501,2462436,TWSE_RWD_JSON_MI_INDEX
20250304,2506,太設,TWSE,11.7,11.75,11.65,11.7,269570,3148873,TWSE_RWD_JSON_MI_INDEX
20250304,2509,全坤建,TWSE,16.55,16.75,16.3,16.6,121586,2005010,TWSE_RWD_JSON_MI_INDEX
20250304,2511,太子,TWSE,10.35,10.4,10.2,10.35,1062677,10941307,TWSE_RWD_JSON_MI_INDEX
20250304,2514,龍邦,TWSE,20.95,21.4,20.8,21.4,281914,5951865,TWSE_RWD_JSON_MI_INDEX
20250304,2515,中工,TWSE,11.55,11.7,11.5,11.65,7795258,90449123,TWSE_RWD_JSON_MI_INDEX
20250304,2516,新建,TWSE,24.5,25.0,23.9,24.8,2475871,60487915,TWSE_RWD_JSON_MI_INDEX
20250304,2520,冠德,TWSE,55.8,57.5,55.4,57.3,3564596,201557419,TWSE_RWD_JSON_MI_INDEX
20250304,2524,京城,TWSE,62.6,63.2,61.6,63.2,213849,13370091,TWSE_RWD_JSON_MI_INDEX
20250304,2527,宏璟,TWSE,36.2,36.95,35.65,36.95,211163,7661778,TWSE_RWD_JSON_MI_INDEX
20250304,2528,皇普,TWSE,49.15,49.15,46.0,47.9,3731928,181146529,TWSE_RWD_JSON_MI_INDEX
20250304,2530,華建,TWSE,42.6,42.6,40.4,41.2,1017733,41745105,TWSE_RWD_JSON_MI_INDEX
20250304,2534,宏盛,TWSE,25.0,25.35,24.75,25.25,617143,15468692,TWSE_RWD_JSON_MI_INDEX
20250304,2535,達欣工,TWSE,58.9,58.9,57.9,58.9,405057,23668644,TWSE_RWD_JSON_MI_INDEX
20250304,2536,宏普,TWSE,31.2,31.45,30.9,31.45,92070,2877479,TWSE_RWD_JSON_MI_INDEX
20250304,2537,聯上發,TWSE,13.5,13.6,13.15,13.55,1039374,13905799,TWSE_RWD_JSON_MI_INDEX
20250304,2538,基泰,TWSE,14.65,14.75,14.55,14.7,344103,5049691,TWSE_RWD_JSON_MI_INDEX
20250304,2539,櫻花建,TWSE,53.6,54.0,53.2,54.0,296421,15882272,TWSE_RWD_JSON_MI_INDEX
20250304,2540,愛山林,TWSE,92.5,92.8,91.3,92.5,486830,44842619,TWSE_RWD_JSON_MI_INDEX
20250304,2542,興富發,TWSE,44.35,44.55,43.8,44.55,3141264,138683931,TWSE_RWD_JSON_MI_INDEX
20250304,2543,皇昌,TWSE,98.5,104.0,94.6,102.5,20126068,2001996925,TWSE_RWD_JSON_MI_INDEX
20250304,2545,皇翔,TWSE,72.5,73.9,71.3,73.9,600107,43580984,TWSE_RWD_JSON_MI_INDEX
20250304,2546,根基,TWSE,84.6,84.6,82.2,83.0,155879,12894682,TWSE_RWD_JSON_MI_INDEX
20250304,2547,日勝生,TWSE,11.0,11.05,10.8,11.0,2571925,28170694,TWSE_RWD_JSON_MI_INDEX
20250304,2548,華固,TWSE,115.5,116.0,114.0,115.0,1038947,119911948,TWSE_RWD_JSON_MI_INDEX
20250304,2597,潤弘,TWSE,175.0,178.0,171.5,178.0,429463,74856247,TWSE_RWD_JSON_MI_INDEX
20250304,2601,益航,TWSE,7.79,8.08,7.79,7.97,3637543,28855425,TWSE_RWD_JSON_MI_INDEX
20250304,2603,長榮,TWSE,216.0,219.0,214.0,219.0,8109642,1758834673,TWSE_RWD_JSON_MI_INDEX
20250304,2605,新興,TWSE,27.0,28.0,26.7,27.8,8758686,241017886,TWSE_RWD_JSON_MI_INDEX
20250304,2606,裕民,TWSE,71.4,75.2,70.3,75.2,32968297,2406254215,TWSE_RWD_JSON_MI_INDEX
20250304,2607,榮運,TWSE,30.15,30.45,30.0,30.45,763944,23077187,TWSE_RWD_JSON_MI_INDEX
20250304,2608,嘉里大榮,TWSE,38.65,38.65,38.2,38.55,118988,4573241,TWSE_RWD_JSON_MI_INDEX
20250304,2609,陽明,TWSE,72.0,72.8,71.3,72.6,14602892,1053172969,TWSE_RWD_JSON_MI_INDEX
20250304,2610,華航,TWSE,23.35,23.85,23.25,23.8,18587743,438730178,TWSE_RWD_JSON_MI_INDEX
20250304,2611,志信,TWSE,23.3,23.4,22.9,23.4,357148,8288417,TWSE_RWD_JSON_MI_INDEX
20250304,2612,中航,TWSE,47.45,48.2,46.4,47.85,1056104,50238215,TWSE_RWD_JSON_MI_INDEX
20250304,2613,中櫃,TWSE,33.5,33.9,33.0,33.65,476264,15921529,TWSE_RWD_JSON_MI_INDEX
20250304,2614,東森,TWSE,17.05,17.1,16.8,17.0,279087,4724189,TWSE_RWD_JSON_MI_INDEX
20250304,2615,萬海,TWSE,84.3,85.4,83.0,84.6,7334207,617393750,TWSE_RWD_JSON_MI_INDEX
20250304,2616,山隆,TWSE,17.7,17.8,17.65,17.7,160087,2834732,TWSE_RWD_JSON_MI_INDEX
20250304,2617,台航,TWSE,32.2,32.9,31.8,32.9,1278361,41516271,TWSE_RWD_JSON_MI_INDEX
20250304,2618,長榮航,TWSE,43.1,44.05,42.85,44.05,32456951,1417412896,TWSE_RWD_JSON_MI_INDEX
20250304,2630,亞航,TWSE,35.8,36.3,35.2,36.3,476968,17104570,TWSE_RWD_JSON_MI_INDEX
20250304,2633,台灣高鐵,TWSE,27.6,27.85,27.45,27.65,5050359,139739512,TWSE_RWD_JSON_MI_INDEX
20250304,2634,漢翔,TWSE,43.05,43.5,42.75,43.45,2253124,97187593,TWSE_RWD_JSON_MI_INDEX
20250304,2636,台驊控股,TWSE,79.2,80.4,78.5,80.3,388099,30912926,TWSE_RWD_JSON_MI_INDEX
20250304,2637,慧洋-KY,TWSE,80.0,87.0,78.6,86.5,43768737,3634234471,TWSE_RWD_JSON_MI_INDEX
20250304,2642,宅配通,TWSE,33.9,33.95,33.8,33.95,51363,1741437,TWSE_RWD_JSON_MI_INDEX
20250304,2645,長榮航太,TWSE,104.0,105.0,103.5,105.0,467978,48814114,TWSE_RWD_JSON_MI_INDEX
20250304,2646,星宇航空,TWSE,27.9,28.2,27.7,27.95,7272219,203550998,TWSE_RWD_JSON_MI_INDEX
20250304,2701,萬企,TWSE,12.55,12.6,12.55,12.6,33682,424045,TWSE_RWD_JSON_MI_INDEX
20250304,2702,華園,TWSE,16.6,16.6,16.5,16.6,46314,767207,TWSE_RWD_JSON_MI_INDEX
20250304,2704,國賓,TWSE,55.3,56.0,55.1,56.0,55592,3081630,TWSE_RWD_JSON_MI_INDEX
20250304,2705,六福,TWSE,17.9,18.0,17.75,18.0,149147,2677943,TWSE_RWD_JSON_MI_INDEX
20250304,2706,第一店,TWSE,14.8,14.9,14.75,14.8,76048,1126925,TWSE_RWD_JSON_MI_INDEX
20250304,2707,晶華,TWSE,198.5,200.0,197.0,200.0,190393,37889145,TWSE_RWD_JSON_MI_INDEX
20250304,2712,遠雄來,TWSE,24.9,24.9,24.75,24.75,2000,49650,TWSE_RWD_JSON_MI_INDEX
20250304,2722,夏都,TWSE,33.4,34.2,33.2,34.05,94122,3166841,TWSE_RWD_JSON_MI_INDEX
20250304,2723,美食-KY,TWSE,102.0,105.0,100.5,105.0,827609,85751206,TWSE_RWD_JSON_MI_INDEX
20250304,2727,王品,TWSE,235.5,242.5,235.0,241.0,1155463,277031097,TWSE_RWD_JSON_MI_INDEX
20250304,2731,雄獅,TWSE,135.0,136.0,133.0,135.5,839988,113270780,TWSE_RWD_JSON_MI_INDEX
20250304,2739,寒舍,TWSE,51.5,52.5,51.2,52.2,134721,6982770,TWSE_RWD_JSON_MI_INDEX
20250304,2748,雲品,TWSE,61.5,62.5,60.4,62.4,269876,16649819,TWSE_RWD_JSON_MI_INDEX
20250304,2753,八方雲集,TWSE,162.0,163.0,160.5,163.0,190437,30824391,TWSE_RWD_JSON_MI_INDEX
20250304,2762,世界健身-KY,TWSE,94.7,96.5,93.2,93.5,184773,17469394,TWSE_RWD_JSON_MI_INDEX
20250304,2801,彰銀,TWSE,18.0,18.05,17.95,18.0,25335270,455768659,TWSE_RWD_JSON_MI_INDEX
20250304,2809,京城銀,TWSE,50.5,50.9,50.4,50.8,3257772,164902647,TWSE_RWD_JSON_MI_INDEX
20250304,2812,台中銀,TWSE,19.85,20.35,19.75,20.35,25266644,507994449,TWSE_RWD_JSON_MI_INDEX
20250304,2816,旺旺保,TWSE,33.3,33.95,33.3,33.8,197955,6649439,TWSE_RWD_JSON_MI_INDEX
20250304,2820,華票,TWSE,15.15,15.2,15.15,15.2,546554,8296928,TWSE_RWD_JSON_MI_INDEX
20250304,2832,台產,TWSE,30.1,30.45,29.95,30.4,352430,10657610,TWSE_RWD_JSON_MI_INDEX
20250304,2834,臺企銀,TWSE,15.55,15.55,15.4,15.45,19756808,305793390,TWSE_RWD_JSON_MI_INDEX
20250304,2836,高雄銀,TWSE,11.65,11.75,11.65,11.75,1523190,17813816,TWSE_RWD_JSON_MI_INDEX
20250304,2838,聯邦銀,TWSE,15.85,16.2,15.75,16.2,3654812,58452464,TWSE_RWD_JSON_MI_INDEX
20250304,2845,遠東銀,TWSE,13.9,14.1,13.9,14.05,8050840,112689239,TWSE_RWD_JSON_MI_INDEX
20250304,2849,安泰銀,TWSE,14.45,14.45,14.25,14.3,91069,1303233,TWSE_RWD_JSON_MI_INDEX
20250304,2850,新產,TWSE,100.0,100.5,99.2,100.0,213426,21334663,TWSE_RWD_JSON_MI_INDEX
20250304,2851,中再保,TWSE,27.1,27.3,27.05,27.2,772813,21005408,TWSE_RWD_JSON_MI_INDEX
20250304,2852,第一保,TWSE,27.3,27.45,26.9,27.45,488676,13275529,TWSE_RWD_JSON_MI_INDEX
20250304,2855,統一證,TWSE,27.4,27.85,27.3,27.75,3510565,97044507,TWSE_RWD_JSON_MI_INDEX
20250304,2867,三商壽,TWSE,6.87,6.9,6.79,6.9,9233287,63058573,TWSE_RWD_JSON_MI_INDEX
20250304,2880,華南金,TWSE,27.65,27.95,27.6,27.6,12127635,335636771,TWSE_RWD_JSON_MI_INDEX
20250304,2881,富邦金,TWSE,91.5,91.9,90.8,91.2,22722516,2074776433,TWSE_RWD_JSON_MI_INDEX
20250304,2882,國泰金,TWSE,67.8,68.2,66.7,67.7,22314004,1508145982,TWSE_RWD_JSON_MI_INDEX
20250304,2883,凱基金,TWSE,18.1,18.3,17.9,18.2,49529669,898075772,TWSE_RWD_JSON_MI_INDEX
20250304,2884,玉山金,TWSE,29.0,29.4,28.95,29.25,24478278,715309515,TWSE_RWD_JSON_MI_INDEX
20250304,2885,元大金,TWSE,36.15,36.45,36.1,36.25,33073066,1197362437,TWSE_RWD_JSON_MI_INDEX
20250304,2886,兆豐金,TWSE,39.75,40.0,39.6,39.7,22337503,889175694,TWSE_RWD_JSON_MI_INDEX
20250304,2887,台新新光金,TWSE,17.4,17.5,17.35,17.4,27090323,471858511,TWSE_RWD_JSON_MI_INDEX
20250304,2888,新光金,TWSE,12.4,12.45,12.35,12.4,32948625,408453926,TWSE_RWD_JSON_MI_INDEX
20250304,2889,國票金,TWSE,14.05,14.2,14.0,14.05,4728442,66599073,TWSE_RWD_JSON_MI_INDEX
20250304,2890,永豐金,TWSE,22.85,23.1,22.85,22.9,32688936,750252300,TWSE_RWD_JSON_MI_INDEX
20250304,2891,中信金,TWSE,40.55,41.2,40.55,41.0,55506103,2270795151,TWSE_RWD_JSON_MI_INDEX
20250304,2892,第一金,TWSE,27.65,27.85,27.6,27.7,20879181,579336362,TWSE_RWD_JSON_MI_INDEX
20250304,2897,王道銀行,TWSE,9.96,10.05,9.94,10.0,4498324,44891788,TWSE_RWD_JSON_MI_INDEX
20250304,2903,遠百,TWSE,24.0,24.35,23.9,24.3,2972358,71664670,TWSE_RWD_JSON_MI_INDEX
20250304,2904,匯僑,TWSE,18.0,18.1,18.0,18.1,10570,191030,TWSE_RWD_JSON_MI_INDEX
20250304,2905,三商,TWSE,15.75,15.75,15.4,15.7,1027395,16022430,TWSE_RWD_JSON_MI_INDEX
20250304,2906,高林,TWSE,17.3,17.55,17.3,17.45,140163,2441232,TWSE_RWD_JSON_MI_INDEX
20250304,2908,特力,TWSE,20.7,20.75,20.55,20.75,568688,11742415,TWSE_RWD_JSON_MI_INDEX
20250304,2910,統領,TWSE,23.5,23.5,23.35,23.35,16081,377794,TWSE_RWD_JSON_MI_INDEX
20250304,2911,麗嬰房,TWSE,8.2,8.2,7.98,8.05,83201,668645,TWSE_RWD_JSON_MI_INDEX
20250304,2912,統一超,TWSE,263.0,264.0,262.0,263.0,1949828,512536391,TWSE_RWD_JSON_MI_INDEX
20250304,2913,農林,TWSE,19.25,19.35,19.05,19.3,772637,14863208,TWSE_RWD_JSON_MI_INDEX
20250304,2915,潤泰全,TWSE,68.8,68.8,67.8,68.3,2599112,177236015,TWSE_RWD_JSON_MI_INDEX
20250304,2923,鼎固-KY,TWSE,24.15,24.85,24.15,24.8,27734,678181,TWSE_RWD_JSON_MI_INDEX
20250304,2929,淘帝-KY,TWSE,12.8,12.95,12.6,12.85,424442,5418104,TWSE_RWD_JSON_MI_INDEX
20250304,2939,永邑-KY,TWSE,31.6,32.35,31.6,32.35,73110,2338291,TWSE_RWD_JSON_MI_INDEX
20250304,2945,三商家購,TWSE,40.7,40.85,40.7,40.85,12576,512596,TWSE_RWD_JSON_MI_INDEX
20250304,3002,歐格,TWSE,14.9,14.9,14.75,14.75,18321,271446,TWSE_RWD_JSON_MI_INDEX
20250304,3003,健和興,TWSE,69.0,70.1,68.4,69.9,525452,36443754,TWSE_RWD_JSON_MI_INDEX
20250304,3004,豐達科,TWSE,100.5,102.5,100.0,102.0,106304,10809501,TWSE_RWD_JSON_MI_INDEX
20250304,3005,神基,TWSE,122.0,124.0,120.0,123.5,2084777,256135717,TWSE_RWD_JSON_MI_INDEX
20250304,3006,晶豪科,TWSE,65.0,65.7,63.8,65.7,1561619,101102540,TWSE_RWD_JSON_MI_INDEX
20250304,3008,大立光,TWSE,2670.0,2730.0,2650.0,2710.0,814782,2196483780,TWSE_RWD_JSON_MI_INDEX
20250304,3010,華立,TWSE,112.0,114.5,111.0,113.5,395948,44769703,TWSE_RWD_JSON_MI_INDEX
20250304,3011,今皓,TWSE,18.0,18.4,17.75,18.15,386975,6982085,TWSE_RWD_JSON_MI_INDEX
20250304,3013,晟銘電,TWSE,130.5,139.0,129.0,137.0,6432740,865892679,TWSE_RWD_JSON_MI_INDEX
20250304,3014,聯陽,TWSE,152.0,155.5,150.5,155.0,782722,120403437,TWSE_RWD_JSON_MI_INDEX
20250304,3015,全漢,TWSE,67.6,70.8,67.3,70.7,5011288,350362351,TWSE_RWD_JSON_MI_INDEX
20250304,3016,嘉晶,TWSE,41.5,42.45,40.9,42.4,490562,20526276,TWSE_RWD_JSON_MI_INDEX
20250304,3017,奇鋐,TWSE,506.0,537.0,500.0,534.0,7628957,3989250173,TWSE_RWD_JSON_MI_INDEX
20250304,3018,隆銘綠能,TWSE,27.0,27.0,26.8,26.85,22539,605111,TWSE_RWD_JSON_MI_INDEX
20250304,3019,亞光,TWSE,191.0,198.0,188.5,193.5,21798707,4228031011,TWSE_RWD_JSON_MI_INDEX
20250304,3021,鴻名,TWSE,24.2,24.4,23.6,24.3,301426,7247773,TWSE_RWD_JSON_MI_INDEX
20250304,3022,威強電,TWSE,106.0,117.5,105.0,117.5,32724445,3694564748,TWSE_RWD_JSON_MI_INDEX
20250304,3023,信邦,TWSE,299.0,301.0,294.5,297.5,2160322,641661565,TWSE_RWD_JSON_MI_INDEX
20250304,3024,憶聲,TWSE,18.0,18.3,17.75,18.3,1188582,21517053,TWSE_RWD_JSON_MI_INDEX
20250304,3025,星通,TWSE,66.7,68.4,66.3,68.2,440215,29652261,TWSE_RWD_JSON_MI_INDEX
20250304,3026,禾伸堂,TWSE,88.0,89.6,87.6,89.5,722383,64177397,TWSE_RWD_JSON_MI_INDEX
20250304,3027,盛達,TWSE,29.85,30.05,29.35,30.05,162980,4859237,TWSE_RWD_JSON_MI_INDEX
20250304,3028,增你強,TWSE,32.65,33.0,32.5,32.9,777857,25488426,TWSE_RWD_JSON_MI_INDEX
20250304,3029,零壹,TWSE,139.5,147.5,138.0,146.5,6507391,941529321,TWSE_RWD_JSON_MI_INDEX
20250304,3030,德律,TWSE,128.0,128.0,125.5,127.0,1769150,224016442,TWSE_RWD_JSON_MI_INDEX
20250304,3031,佰鴻,TWSE,22.8,23.15,22.35,23.15,490926,11256684,TWSE_RWD_JSON_MI_INDEX
20250304,3032,偉訓,TWSE,94.8,98.3,91.0,98.0,4197520,400700906,TWSE_RWD_JSON_MI_INDEX
20250304,3033,威健,TWSE,34.7,35.2,34.5,35.2,955757,33407130,TWSE_RWD_JSON_MI_INDEX
20250304,3034,聯詠,TWSE,538.0,543.0,534.0,540.0,3326128,1790887559,TWSE_RWD_JSON_MI_INDEX
20250304,3035,智原,TWSE,234.5,245.0,231.5,245.0,5735580,1368347164,TWSE_RWD_JSON_MI_INDEX
20250304,3036,文曄,TWSE,106.5,109.5,106.5,106.5,3961310,426492938,TWSE_RWD_JSON_MI_INDEX
20250304,3037,欣興,TWSE,111.5,114.0,110.5,113.5,27221360,3063276975,TWSE_RWD_JSON_MI_INDEX
20250304,3038,全台,TWSE,29.0,29.2,28.8,28.85,543372,15757676,TWSE_RWD_JSON_MI_INDEX
20250304,3040,遠見,TWSE,52.0,52.3,51.5,52.0,228053,11845633,TWSE_RWD_JSON_MI_INDEX
20250304,3041,揚智,TWSE,32.05,33.6,31.9,33.25,1278196,42084569,TWSE_RWD_JSON_MI_INDEX
20250304,3042,晶技,TWSE,100.5,102.0,100.0,101.5,818857,82979286,TWSE_RWD_JSON_MI_INDEX
20250304,3043,科風,TWSE,33.9,34.75,33.6,34.35,172683,5912651,TWSE_RWD_JSON_MI_INDEX
20250304,3044,健鼎,TWSE,208.5,215.0,208.0,210.0,3381361,714664086,TWSE_RWD_JSON_MI_INDEX
20250304,3045,台灣大,TWSE,115.5,116.0,114.5,115.0,6725533,775235204,TWSE_RWD_JSON_MI_INDEX
20250304,3046,建碁,TWSE,51.8,52.9,51.7,52.6,78328,4102862,TWSE_RWD_JSON_MI_INDEX
20250304,3047,訊舟,TWSE,28.2,28.75,27.5,28.6,1754051,49441831,TWSE_RWD_JSON_MI_INDEX
20250304,3048,益登,TWSE,29.0,29.5,28.3,29.5,534892,15432154,TWSE_RWD_JSON_MI_INDEX
20250304,3049,精金,TWSE,8.65,8.66,8.55,8.65,956813,8244359,TWSE_RWD_JSON_MI_INDEX
20250304,3050,鈺德,TWSE,16.85,17.3,16.6,17.3,756984,12860906,TWSE_RWD_JSON_MI_INDEX
20250304,3051,力特,TWSE,29.2,29.6,28.35,29.45,661414,19248677,TWSE_RWD_JSON_MI_INDEX
20250304,3052,夆典,TWSE,11.8,11.85,11.75,11.85,229576,2711083,TWSE_RWD_JSON_MI_INDEX
20250304,3054,立萬利,TWSE,21.8,22.15,21.8,22.15,9000,197950,TWSE_RWD_JSON_MI_INDEX
20250304,3055,蔚華科,TWSE,73.0,78.4,71.6,75.0,818257,61317758,TWSE_RWD_JSON_MI_INDEX
20250304,3056,富華新,TWSE,35.6,36.35,35.2,36.3,2915274,104845201,TWSE_RWD_JSON_MI_INDEX
20250304,3057,喬鼎,TWSE,11.75,11.95,11.75,11.9,89520,1063312,TWSE_RWD_JSON_MI_INDEX
20250304,3058,立德,TWSE,15.8,15.8,15.4,15.75,253193,3958436,TWSE_RWD_JSON_MI_INDEX
20250304,3059,華晶科,TWSE,46.3,49.3,46.05,47.35,28995029,1379622437,TWSE_RWD_JSON_MI_INDEX
20250304,3060,銘異,TWSE,23.95,23.95,23.1,23.65,546021,12867183,TWSE_RWD_JSON_MI_INDEX
20250304,3062,建漢,TWSE,30.5,31.45,30.1,31.35,1945453,59916787,TWSE_RWD_JSON_MI_INDEX
20250304,3090,日電貿,TWSE,69.2,70.6,68.6,70.4,826606,57509804,TWSE_RWD_JSON_MI_INDEX
20250304,3092,鴻碩,TWSE,27.0,27.6,27.0,27.5,68638,1872811,TWSE_RWD_JSON_MI_INDEX
20250304,3094,聯傑,TWSE,29.55,30.6,29.5,30.4,194505,5876351,TWSE_RWD_JSON_MI_INDEX
20250304,3130,一零四,TWSE,228.0,228.0,226.0,226.5,44301,10060974,TWSE_RWD_JSON_MI_INDEX
20250304,3138,耀登,TWSE,109.5,114.5,107.5,114.5,330533,37307898,TWSE_RWD_JSON_MI_INDEX
20250304,3149,正達,TWSE,34.1,36.6,33.2,35.95,5765450,202659324,TWSE_RWD_JSON_MI_INDEX
20250304,3150,鈺寶-創,TWSE,34.0,34.0,33.0,33.9,5000,167000,TWSE_RWD_JSON_MI_INDEX
20250304,3164,景岳,TWSE,20.1,20.35,20.1,20.3,20209,408959,TWSE_RWD_JSON_MI_INDEX
20250304,3167,大量,TWSE,92.1,95.0,91.5,93.9,1078463,100527646,TWSE_RWD_JSON_MI_INDEX
20250304,3168,眾福科,TWSE,47.5,48.6,47.0,48.45,8314,396083,TWSE_RWD_JSON_MI_INDEX
20250304,3189,景碩,TWSE,95.8,98.2,94.8,97.5,4695084,454424100,TWSE_RWD_JSON_MI_INDEX
20250304,3209,全科,TWSE,36.95,37.6,36.6,37.4,1374501,51085086,TWSE_RWD_JSON_MI_INDEX
20250304,3229,晟鈦,TWSE,17.35,17.65,17.35,17.4,8034,140137,TWSE_RWD_JSON_MI_INDEX
20250304,3231,緯創,TWSE,105.0,110.0,104.0,108.5,19966343,2138207110,TWSE_RWD_JSON_MI_INDEX
20250304,3257,虹冠電,TWSE,55.7,57.4,55.4,57.1,204929,11616181,TWSE_RWD_JSON_MI_INDEX
20250304,3266,昇陽,TWSE,16.4,16.4,16.3,16.4,23002,376484,TWSE_RWD_JSON_MI_INDEX
20250304,3296,勝德,TWSE,26.8,27.25,26.8,27.2,97719,2647289,TWSE_RWD_JSON_MI_INDEX
20250304,3305,昇貿,TWSE,67.0,68.1,66.3,68.0,394875,26591562,TWSE_RWD_JSON_MI_INDEX
20250304,3308,聯德,TWSE,22.5,22.65,22.4,22.65,50165,1129871,TWSE_RWD_JSON_MI_INDEX
20250304,3311,閎暉,TWSE,37.55,37.55,37.15,37.45,65431,2442779,TWSE_RWD_JSON_MI_INDEX
20250304,3312,弘憶股,TWSE,49.8,52.5,48.85,52.4,815741,41416679,TWSE_RWD_JSON_MI_INDEX
20250304,3321,同泰,TWSE,10.35,10.35,10.35,10.35,254562,2634655,TWSE_RWD_JSON_MI_INDEX
20250304,3338,泰碩,TWSE,57.0,59.0,56.9,58.3,429103,24869712,TWSE_RWD_JSON_MI_INDEX
20250304,3346,麗清,TWSE,34.3,35.05,33.85,34.65,264440,9112905,TWSE_RWD_JSON_MI_INDEX
20250304,3356,奇偶,TWSE,58.0,58.8,56.7,58.5,373840,21653213,TWSE_RWD_JSON_MI_INDEX
20250304,3376,新日興,TWSE,269.5,281.5,267.0,276.5,7727742,2129680993,TWSE_RWD_JSON_MI_INDEX
20250304,3380,明泰,TWSE,33.35,34.35,32.9,33.8,1249071,42045375,TWSE_RWD_JSON_MI_INDEX
20250304,3406,玉晶光,TWSE,474.5,481.5,472.0,480.5,1103228,526999376,TWSE_RWD_JSON_MI_INDEX
20250304,3413,京鼎,TWSE,309.0,319.0,306.0,319.0,869685,273059952,TWSE_RWD_JSON_MI_INDEX
20250304,3416,融程電,TWSE,168.0,173.5,165.0,170.5,797086,133733159,TWSE_RWD_JSON_MI_INDEX
20250304,3419,譁裕,TWSE,17.55,17.95,17.3,17.95,294917,5204113,TWSE_RWD_JSON_MI_INDEX
20250304,3432,台端,TWSE,16.6,16.6,15.8,16.4,10130,166025,TWSE_RWD_JSON_MI_INDEX
20250304,3437,榮創,TWSE,20.95,21.15,20.45,20.95,171806,3584801,TWSE_RWD_JSON_MI_INDEX
20250304,3443,創意,TWSE,1285.0,1310.0,1250.0,1285.0,2381849,3043102945,TWSE_RWD_JSON_MI_INDEX
20250304,3447,展達,TWSE,68.1,70.2,68.0,69.8,4184315,290271815,TWSE_RWD_JSON_MI_INDEX
20250304,3450,聯鈞,TWSE,259.0,271.5,254.0,265.0,17497570,4608367144,TWSE_RWD_JSON_MI_INDEX
20250304,3454,晶睿,TWSE,130.5,133.5,127.5,133.0,228058,29720769,TWSE_RWD_JSON_MI_INDEX
20250304,3481,群創,TWSE,14.4,14.65,14.2,14.65,38635776,558883748,TWSE_RWD_JSON_MI_INDEX
20250304,3494,誠研,TWSE,18.55,19.15,18.55,19.15,109336,2074209,TWSE_RWD_JSON_MI_INDEX
20250304,3501,維熹,TWSE,61.9,62.5,61.3,62.3,165218,10209478,TWSE_RWD_JSON_MI_INDEX
20250304,3504,揚明光,TWSE,63.0,64.9,61.3,64.9,1019492,64583268,TWSE_RWD_JSON_MI_INDEX
20250304,3515,華擎,TWSE,240.0,248.0,236.0,247.5,567174,137948190,TWSE_RWD_JSON_MI_INDEX
20250304,3518,柏騰,TWSE,22.85,22.9,22.25,22.5,309598,6961535,TWSE_RWD_JSON_MI_INDEX
20250304,3528,安馳,TWSE,55.4,55.7,54.2,55.5,186550,10290207,TWSE_RWD_JSON_MI_INDEX
20250304,3530,晶相光,TWSE,82.3,82.3,80.0,81.2,180674,14587039,TWSE_RWD_JSON_MI_INDEX
20250304,3532,台勝科,TWSE,90.0,92.0,88.4,91.7,422929,38127050,TWSE_RWD_JSON_MI_INDEX
20250304,3533,嘉澤,TWSE,1595.0,1735.0,1575.0,1710.0,1687803,2841995600,TWSE_RWD_JSON_MI_INDEX
20250304,3535,晶彩科,TWSE,44.6,45.9,44.5,45.8,931721,42076516,TWSE_RWD_JSON_MI_INDEX
20250304,3543,州巧,TWSE,23.0,23.05,22.7,23.05,104501,2401087,TWSE_RWD_JSON_MI_INDEX
20250304,3545,敦泰,TWSE,76.5,77.8,76.0,77.6,660660,50898668,TWSE_RWD_JSON_MI_INDEX
20250304,3550,聯穎,TWSE,16.2,16.3,15.9,16.15,109754,1771424,TWSE_RWD_JSON_MI_INDEX
20250304,3557,嘉威,TWSE,67.3,68.4,67.0,67.7,136947,9231078,TWSE_RWD_JSON_MI_INDEX
20250304,3563,牧德,TWSE,437.0,482.0,431.0,480.5,2726603,1266320330,TWSE_RWD_JSON_MI_INDEX
20250304,3576,聯合再生,TWSE,10.0,10.1,9.81,10.1,1863385,18526081,TWSE_RWD_JSON_MI_INDEX
20250304,3583,辛耘,TWSE,309.5,337.5,308.5,336.5,1765461,574399361,TWSE_RWD_JSON_MI_INDEX
20250304,3588,通嘉,TWSE,63.1,64.5,62.0,63.9,173725,11018208,TWSE_RWD_JSON_MI_INDEX
20250304,3591,艾笛森,TWSE,23.9,24.6,23.7,24.45,940659,22725630,TWSE_RWD_JSON_MI_INDEX
20250304,3592,瑞鼎,TWSE,384.5,390.0,375.0,387.0,332980,127943245,TWSE_RWD_JSON_MI_INDEX
20250304,3593,力銘,TWSE,7.39,7.86,7.3,7.84,20025,149690,TWSE_RWD_JSON_MI_INDEX
20250304,3596,智易,TWSE,200.0,207.5,196.5,206.0,4997622,1013258264,TWSE_RWD_JSON_MI_INDEX
20250304,3605,宏致,TWSE,58.6,61.2,58.0,60.3,4154034,247714616,TWSE_RWD_JSON_MI_INDEX
20250304,3607,谷崧,TWSE,17.2,17.3,16.9,17.3,477346,8191305,TWSE_RWD_JSON_MI_INDEX
20250304,3617,碩天,TWSE,305.0,312.0,301.0,309.5,642292,197537681,TWSE_RWD_JSON_MI_INDEX
20250304,3622,洋華,TWSE,61.9,62.9,60.8,62.9,399322,24764541,TWSE_RWD_JSON_MI_INDEX
20250304,3645,達邁,TWSE,70.0,73.5,69.7,73.0,7759666,557724001,TWSE_RWD_JSON_MI_INDEX
20250304,3652,精聯,TWSE,37.2,37.95,36.8,37.95,110005,4127885,TWSE_RWD_JSON_MI_INDEX
20250304,3653,健策,TWSE,1225.0,1275.0,1215.0,1265.0,857662,1072126360,TWSE_RWD_JSON_MI_INDEX
20250304,3661,世芯-KY,TWSE,2975.0,3040.0,2935.0,3025.0,2419795,7254548125,TWSE_RWD_JSON_MI_INDEX
20250304,3665,貿聯-KY,TWSE,578.0,593.0,571.0,586.0,2456454,1431400498,TWSE_RWD_JSON_MI_INDEX
20250304,3669,圓展,TWSE,41.9,42.7,41.9,42.05,23179,976009,TWSE_RWD_JSON_MI_INDEX
20250304,3673,TPK-KY,TWSE,38.05,38.75,37.6,38.65,1076023,41160906,TWSE_RWD_JSON_MI_INDEX
20250304,3679,新至陞,TWSE,151.0,156.0,151.0,155.5,334702,51538979,TWSE_RWD_JSON_MI_INDEX
20250304,3686,達能,TWSE,18.0,18.35,17.5,18.2,75513,1349960,TWSE_RWD_JSON_MI_INDEX
20250304,3694,海華,TWSE,63.7,67.3,62.2,64.4,15783904,1025791473,TWSE_RWD_JSON_MI_INDEX
20250304,3701,大眾控,TWSE,38.1,38.45,37.5,38.45,198208,7533289,TWSE_RWD_JSON_MI_INDEX
20250304,3702,大聯大,TWSE,67.1,67.5,66.3,66.4,8962065,597342425,TWSE_RWD_JSON_MI_INDEX
20250304,3703,欣陸,TWSE,31.7,31.95,31.2,31.95,618163,19558429,TWSE_RWD_JSON_MI_INDEX
20250304,3704,合勤控,TWSE,39.4,40.6,38.5,40.2,1316310,52406834,TWSE_RWD_JSON_MI_INDEX
20250304,3705,永信,TWSE,53.0,54.3,52.7,54.2,925643,49763390,TWSE_RWD_JSON_MI_INDEX
20250304,3706,神達,TWSE,66.0,67.8,65.5,67.8,20602378,1378466712,TWSE_RWD_JSON_MI_INDEX
20250304,3708,上緯投控,TWSE,85.2,85.2,82.9,84.7,508389,42567806,TWSE_RWD_JSON_MI_INDEX
20250304,3711,日月光投控,TWSE,161.0,166.0,160.0,164.0,23185996,3782628549,TWSE_RWD_JSON_MI_INDEX
20250304,3712,永崴投控,TWSE,64.5,65.8,63.2,65.5,1596636,102917448,TWSE_RWD_JSON_MI_INDEX
20250304,3714,富采,TWSE,43.0,43.45,42.5,43.25,3609075,155309459,TWSE_RWD_JSON_MI_INDEX
20250304,3715,定穎投控,TWSE,58.5,59.7,57.7,59.7,1267110,74547531,TWSE_RWD_JSON_MI_INDEX
20250304,3716,中化控股,TWSE,38.05,38.6,38.0,38.6,80368,3086731,TWSE_RWD_JSON_MI_INDEX
20250304,4104,佳醫,TWSE,87.8,87.9,87.5,87.8,123085,10788096,TWSE_RWD_JSON_MI_INDEX
20250304,4106,雃博,TWSE,24.8,25.1,24.75,25.1,63373,1575193,TWSE_RWD_JSON_MI_INDEX
20250304,4108,懷特,TWSE,16.55,16.55,16.25,16.35,152754,2497966,TWSE_RWD_JSON_MI_INDEX
20250304,4119,旭富,TWSE,86.3,86.3,85.6,86.1,117561,10096022,TWSE_RWD_JSON_MI_INDEX
20250304,4133,亞諾法,TWSE,29.7,29.85,29.3,29.85,166176,4913493,TWSE_RWD_JSON_MI_INDEX
20250304,4137,麗豐-KY,TWSE,119.0,120.5,117.0,119.5,285758,34012337,TWSE_RWD_JSON_MI_INDEX
20250304,4142,國光生,TWSE,23.1,23.15,22.7,23.05,1897608,43383054,TWSE_RWD_JSON_MI_INDEX
20250304,4148,全宇生技-KY,TWSE,46.05,46.8,45.9,46.05,24060,1108260,TWSE_RWD_JSON_MI_INDEX
20250304,4155,訊映,TWSE,21.55,21.85,21.45,21.7,121470,2633299,TWSE_RWD_JSON_MI_INDEX
20250304,4164,承業醫,TWSE,56.9,58.4,55.0,57.8,8114639,463878594,TWSE_RWD_JSON_MI_INDEX
20250304,4190,佐登-KY,TWSE,45.55,45.95,45.1,45.35,14688,668156,TWSE_RWD_JSON_MI_INDEX
20250304,4306,炎洲,TWSE,17.95,18.0,17.7,17.95,1005931,17981373,TWSE_RWD_JSON_MI_INDEX
20250304,4414,如興,TWSE,3.85,3.85,3.79,3.83,373350,1430267,TWSE_RWD_JSON_MI_INDEX
20250304,4426,利勤,TWSE,15.0,15.45,14.8,15.35,311773,4717610,TWSE_RWD_JSON_MI_INDEX
20250304,4438,廣越,TWSE,108.5,108.5,106.0,108.5,328616,35261307,TWSE_RWD_JSON_MI_INDEX
20250304,4439,冠星-KY,TWSE,101.0,101.5,100.5,100.5,11057,1115407,TWSE_RWD_JSON_MI_INDEX
20250304,4440,宜新實業,TWSE,24.0,24.0,23.7,23.75,139310,3315650,TWSE_RWD_JSON_MI_INDEX
20250304,4526,東台,TWSE,33.65,35.65,33.65,34.3,16217383,564538621,TWSE_RWD_JSON_MI_INDEX
20250304,4532,瑞智,TWSE,29.0,29.65,28.9,29.65,2806972,82558963,TWSE_RWD_JSON_MI_INDEX
20250304,4536,拓凱,TWSE,210.5,216.0,210.5,215.5,368584,78819761,TWSE_RWD_JSON_MI_INDEX
20250304,4540,全球傳動,TWSE,55.1,56.9,54.1,55.5,3812986,212341712,TWSE_RWD_JSON_MI_INDEX
20250304,4545,銘鈺,TWSE,45.1,46.55,44.55,46.45,114645,5230961,TWSE_RWD_JSON_MI_INDEX
20250304,4551,智伸科,TWSE,108.0,110.5,106.5,110.5,167551,18241259,TWSE_RWD_JSON_MI_INDEX
20250304,4552,力達-KY,TWSE,24.25,24.45,24.25,24.45,64349,1566113,TWSE_RWD_JSON_MI_INDEX
20250304,4555,氣立,TWSE,41.9,43.0,41.65,43.0,525789,22177309,TWSE_RWD_JSON_MI_INDEX
20250304,4557,永新-KY,TWSE,124.0,126.5,122.5,125.0,146844,18312326,TWSE_RWD_JSON_MI_INDEX
20250304,4560,強信-KY,TWSE,34.85,35.65,34.7,35.2,551038,19266099,TWSE_RWD_JSON_MI_INDEX
20250304,4562,穎漢,TWSE,60.8,61.6,59.4,61.4,1845290,111962478,TWSE_RWD_JSON_MI_INDEX
20250304,4564,元翎,TWSE,21.55,21.65,21.1,21.65,593163,12693356,TWSE_RWD_JSON_MI_INDEX
20250304,4566,時碩工業,TWSE,71.4,73.2,70.2,72.9,469445,33857150,TWSE_RWD_JSON_MI_INDEX
20250304,4569,六方科-KY,TWSE,174.0,175.0,168.0,174.5,77244,13331750,TWSE_RWD_JSON_MI_INDEX
20250304,4571,鈞興-KY,TWSE,202.0,208.0,200.5,203.5,1156514,236353912,TWSE_RWD_JSON_MI_INDEX
20250304,4572,駐龍,TWSE,157.0,159.5,156.5,158.5,42699,6758846,TWSE_RWD_JSON_MI_INDEX
20250304,4576,大銀微系統,TWSE,145.0,148.5,144.0,144.0,4812889,700304849,TWSE_RWD_JSON_MI_INDEX
20250304,4581,光隆精密-KY,TWSE,59.0,59.7,59.0,59.5,17057,1013106,TWSE_RWD_JSON_MI_INDEX
20250304,4583,台灣精銳,TWSE,760.0,780.0,752.0,763.0,699221,533122247,TWSE_RWD_JSON_MI_INDEX
20250304,4588,玖鼎電力,TWSE,84.8,87.4,84.8,86.9,359490,31042425,TWSE_RWD_JSON_MI_INDEX
20250304,4720,德淵,TWSE,20.3,20.5,20.15,20.35,326565,6635961,TWSE_RWD_JSON_MI_INDEX
20250304,4722,國精化,TWSE,59.9,65.8,59.2,65.3,3918894,249393486,TWSE_RWD_JSON_MI_INDEX
20250304,4736,泰博,TWSE,139.5,140.5,139.0,140.5,309791,43264910,TWSE_RWD_JSON_MI_INDEX
20250304,4737,華廣,TWSE,63.5,63.8,63.1,63.6,13104,831993,TWSE_RWD_JSON_MI_INDEX
20250304,4739,康普,TWSE,58.0,58.6,56.8,58.5,247018,14208652,TWSE_RWD_JSON_MI_INDEX
20250304,4746,台耀,TWSE,73.6,76.5,73.4,76.4,664953,50237347,TWSE_RWD_JSON_MI_INDEX
20250304,4755,三福化,TWSE,118.5,120.5,116.5,120.5,188871,22384262,TWSE_RWD_JSON_MI_INDEX
20250304,4763,材料*-KY,TWSE,921.0,947.0,914.0,946.0,1875237,1750335787,TWSE_RWD_JSON_MI_INDEX
20250304,4764,雙鍵,TWSE,46.7,46.7,46.4,46.6,30000,1396800,TWSE_RWD_JSON_MI_INDEX
20250304,4766,南寶,TWSE,321.5,330.0,316.0,330.0,364626,118352240,TWSE_RWD_JSON_MI_INDEX
20250304,4770,上品,TWSE,332.0,357.5,329.5,357.5,2523385,881212168,TWSE_RWD_JSON_MI_INDEX
20250304,4771,望隼,TWSE,188.0,193.5,186.5,192.0,101764,19369099,TWSE_RWD_JSON_MI_INDEX
20250304,4807,日成-KY,TWSE,21.85,22.45,19.85,19.9,2218144,47604952,TWSE_RWD_JSON_MI_INDEX
20250304,4904,遠傳,TWSE,90.4,91.6,90.3,90.8,6288204,572469921,TWSE_RWD_JSON_MI_INDEX
20250304,4906,正文,TWSE,32.0,33.2,31.7,33.1,1667504,54415743,TWSE_RWD_JSON_MI_INDEX
20250304,4912,聯德控股-KY,TWSE,129.5,136.0,128.0,135.5,707147,92775443,TWSE_RWD_JSON_MI_INDEX
20250304,4915,致伸,TWSE,85.5,86.5,85.2,86.0,2273551,195394323,TWSE_RWD_JSON_MI_INDEX
20250304,4916,事欣科,TWSE,50.5,52.4,48.1,52.2,19147105,969106610,TWSE_RWD_JSON_MI_INDEX
20250304,4919,新唐,TWSE,90.0,91.4,88.3,91.4,1508487,135468180,TWSE_RWD_JSON_MI_INDEX
20250304,4927,泰鼎-KY,TWSE,38.1,38.9,37.05,38.4,4722849,178383963,TWSE_RWD_JSON_MI_INDEX
20250304,4930,燦星網,TWSE,31.25,31.5,31.0,31.5,78339,2453983,TWSE_RWD_JSON_MI_INDEX
20250304,4934,太極,TWSE,13.65,13.8,13.55,13.6,313497,4275904,TWSE_RWD_JSON_MI_INDEX
20250304,4935,茂林-KY,TWSE,56.4,57.2,55.9,57.0,110447,6235420,TWSE_RWD_JSON_MI_INDEX
20250304,4938,和碩,TWSE,94.5,96.0,93.6,94.7,6488998,615356428,TWSE_RWD_JSON_MI_INDEX
20250304,4942,嘉彰,TWSE,41.05,41.4,41.05,41.4,81020,3341822,TWSE_RWD_JSON_MI_INDEX
20250304,4943,康控-KY,TWSE,15.6,17.2,15.6,17.0,15030,250354,TWSE_RWD_JSON_MI_INDEX
20250304,4949,有成精密,TWSE,28.65,29.8,27.35,28.85,678971,19518339,TWSE_RWD_JSON_MI_INDEX
20250304,4952,凌通,TWSE,51.1,51.8,50.4,51.5,193790,9908956,TWSE_RWD_JSON_MI_INDEX
20250304,4956,光鋐,TWSE,30.0,31.05,29.5,31.05,934716,28440184,TWSE_RWD_JSON_MI_INDEX
20250304,4958,臻鼎-KY,TWSE,113.5,115.5,112.5,114.5,3890053,443371512,TWSE_RWD_JSON_MI_INDEX
20250304,4960,誠美材,TWSE,13.7,13.7,13.5,13.65,1148745,15609239,TWSE_RWD_JSON_MI_INDEX
20250304,4961,天鈺,TWSE,228.0,230.5,225.0,229.0,392617,89587474,TWSE_RWD_JSON_MI_INDEX
20250304,4967,十銓,TWSE,85.0,87.6,84.3,87.2,1191714,102100868,TWSE_RWD_JSON_MI_INDEX
20250304,4968,立積,TWSE,197.5,214.0,190.5,210.5,6675395,1366196711,TWSE_RWD_JSON_MI_INDEX
20250304,4976,佳凌,TWSE,37.0,37.05,35.9,37.05,312031,11403117,TWSE_RWD_JSON_MI_INDEX
20250304,4977,眾達-KY,TWSE,109.5,115.0,108.5,113.0,3166658,355128207,TWSE_RWD_JSON_MI_INDEX
20250304,4989,榮科,TWSE,19.9,19.95,19.2,19.65,108830,2137362,TWSE_RWD_JSON_MI_INDEX
20250304,4994,傳奇,TWSE,102.0,102.0,100.5,101.5,24240,2453179,TWSE_RWD_JSON_MI_INDEX
20250304,4999,鑫禾,TWSE,31.85,32.1,31.8,32.1,25912,829356,TWSE_RWD_JSON_MI_INDEX
20250304,5007,三星,TWSE,54.8,55.1,54.4,55.1,36391,1995539,TWSE_RWD_JSON_MI_INDEX
20250304,5203,訊連,TWSE,128.5,130.5,125.0,128.5,1060760,135421685,TWSE_RWD_JSON_MI_INDEX
20250304,5215,科嘉-KY,TWSE,44.75,45.5,44.75,45.5,13241,598914,TWSE_RWD_JSON_MI_INDEX
20250304,5222,全訊,TWSE,123.0,125.0,122.0,125.0,110789,13696270,TWSE_RWD_JSON_MI_INDEX
20250304,5225,東科-KY,TWSE,139.5,144.0,138.0,144.0,1311564,186231110,TWSE_RWD_JSON_MI_INDEX
20250304,5234,達興材料,TWSE,215.0,219.0,205.0,216.5,3516970,749146639,TWSE_RWD_JSON_MI_INDEX
20250304,5243,乙盛-KY,TWSE,58.5,58.5,57.0,58.2,1613254,93383345,TWSE_RWD_JSON_MI_INDEX
20250304,5244,弘凱,TWSE,43.8,44.15,43.25,43.9,253685,11095530,TWSE_RWD_JSON_MI_INDEX
20250304,5258,虹堡,TWSE,91.1,93.2,90.0,92.0,713522,65245726,TWSE_RWD_JSON_MI_INDEX
20250304,5269,祥碩,TWSE,1990.0,2015.0,1920.0,1995.0,963697,1896268600,TWSE_RWD_JSON_MI_INDEX
20250304,5283,禾聯碩,TWSE,102.5,103.0,102.0,103.0,50888,5217554,TWSE_RWD_JSON_MI_INDEX
20250304,5284,jpp-KY,TWSE,147.5,152.5,144.5,151.5,642251,96024455,TWSE_RWD_JSON_MI_INDEX
20250304,5285,界霖,TWSE,50.3,51.7,50.1,51.6,109028,5547728,TWSE_RWD_JSON_MI_INDEX
20250304,5288,豐祥-KY,TWSE,183.5,187.0,183.5,187.0,130955,24359861,TWSE_RWD_JSON_MI_INDEX
20250304,5292,華懋,TWSE,157.5,160.5,157.0,160.5,105111,16727105,TWSE_RWD_JSON_MI_INDEX
20250304,5306,桂盟,TWSE,126.0,126.0,124.0,125.5,87054,10888149,TWSE_RWD_JSON_MI_INDEX
20250304,5388,中磊,TWSE,135.5,137.5,133.0,135.5,3436691,466393952,TWSE_RWD_JSON_MI_INDEX
20250304,5434,崇越,TWSE,282.5,288.5,278.0,287.0,711784,202507367,TWSE_RWD_JSON_MI_INDEX
20250304,5469,瀚宇博,TWSE,54.7,55.6,54.1,55.4,1040860,57201507,TWSE_RWD_JSON_MI_INDEX
20250304,5471,松翰,TWSE,40.35,40.65,39.85,40.5,161067,6494948,TWSE_RWD_JSON_MI_INDEX
20250304,5484,慧友,TWSE,54.0,54.4,52.4,54.0,284820,15307894,TWSE_RWD_JSON_MI_INDEX
20250304,5515,建國,TWSE,27.5,27.75,27.35,27.6,239723,6613955,TWSE_RWD_JSON_MI_INDEX
20250304,5519,隆大,TWSE,33.6,34.15,33.1,34.15,302833,10159625,TWSE_RWD_JSON_MI_INDEX
20250304,5521,工信,TWSE,11.65,11.75,11.5,11.65,1366464,15904772,TWSE_RWD_JSON_MI_INDEX
20250304,5522,遠雄,TWSE,79.2,81.2,78.2,81.0,1919623,154346202,TWSE_RWD_JSON_MI_INDEX
20250304,5525,順天,TWSE,31.3,31.6,31.0,31.5,92096,2883683,TWSE_RWD_JSON_MI_INDEX
20250304,5531,鄉林,TWSE,10.15,10.3,10.0,10.25,848855,8585330,TWSE_RWD_JSON_MI_INDEX
20250304,5533,皇鼎,TWSE,19.65,19.65,19.5,19.6,55302,1084328,TWSE_RWD_JSON_MI_INDEX
20250304,5534,長虹,TWSE,94.7,95.1,93.3,95.0,542634,51127745,TWSE_RWD_JSON_MI_INDEX
20250304,5538,東明-KY,TWSE,34.3,34.55,33.65,34.35,17000,582950,TWSE_RWD_JSON_MI_INDEX
20250304,5546,永固-KY,TWSE,30.5,31.0,30.05,31.0,34006,1033486,TWSE_RWD_JSON_MI_INDEX
20250304,5607,遠雄港,TWSE,43.7,43.8,43.0,43.8,254600,11031242,TWSE_RWD_JSON_MI_INDEX
20250304,5608,四維航,TWSE,21.3,21.95,20.75,21.8,15851665,339773091,TWSE_RWD_JSON_MI_INDEX
20250304,5706,鳳凰,TWSE,67.5,68.4,67.2,68.4,233006,15810484,TWSE_RWD_JSON_MI_INDEX
20250304,5871,中租-KY,TWSE,127.0,128.0,125.5,128.0,9795337,1244248426,TWSE_RWD_JSON_MI_INDEX
20250304,5876,上海商銀,TWSE,43.65,44.25,43.0,43.1,9457237,410979041,TWSE_RWD_JSON_MI_INDEX
20250304,5880,合庫金,TWSE,24.6,24.65,24.45,24.45,14970170,366976464,TWSE_RWD_JSON_MI_INDEX
20250304,5907,大洋-KY,TWSE,10.45,10.45,10.0,10.15,355802,3609789,TWSE_RWD_JSON_MI_INDEX
20250304,6005,群益證,TWSE,26.55,26.95,26.4,26.95,3018609,80693678,TWSE_RWD_JSON_MI_INDEX
20250304,6024,群益期,TWSE,55.7,56.3,55.6,56.0,312423,17507075,TWSE_RWD_JSON_MI_INDEX
20250304,6108,競國,TWSE,16.4,16.7,16.25,16.55,177183,2927741,TWSE_RWD_JSON_MI_INDEX
20250304,6112,邁達特,TWSE,58.1,61.1,57.1,58.7,7065035,419468818,TWSE_RWD_JSON_MI_INDEX
20250304,6115,鎰勝,TWSE,52.5,52.7,52.1,52.6,84883,4444097,TWSE_RWD_JSON_MI_INDEX
20250304,6116,彩晶,TWSE,8.36,8.4,8.25,8.4,3492516,29067267,TWSE_RWD_JSON_MI_INDEX
20250304,6117,迎廣,TWSE,91.0,94.3,90.0,93.7,454839,42069289,TWSE_RWD_JSON_MI_INDEX
20250304,6120,達運,TWSE,13.5,13.85,13.3,13.85,1077057,14584553,TWSE_RWD_JSON_MI_INDEX
20250304,6128,上福,TWSE,35.9,36.0,35.85,36.0,30828,1107951,TWSE_RWD_JSON_MI_INDEX
20250304,6133,金橋,TWSE,18.9,19.15,18.35,19.1,377714,7145792,TWSE_RWD_JSON_MI_INDEX
20250304,6136,富爾特,TWSE,24.0,24.7,23.65,24.15,787679,19010846,TWSE_RWD_JSON_MI_INDEX
20250304,6139,亞翔,TWSE,266.0,275.0,258.5,273.5,10447144,2805319518,TWSE_RWD_JSON_MI_INDEX
20250304,6141,柏承,TWSE,15.45,15.95,15.1,15.75,635683,9919583,TWSE_RWD_JSON_MI_INDEX
20250304,6142,友勁,TWSE,11.1,11.35,11.0,11.3,627514,7024960,TWSE_RWD_JSON_MI_INDEX
20250304,6152,百一,TWSE,12.1,12.35,11.95,12.25,275246,3356884,TWSE_RWD_JSON_MI_INDEX
20250304,6153,嘉聯益,TWSE,14.95,15.25,14.6,15.2,2364331,35336441,TWSE_RWD_JSON_MI_INDEX
20250304,6155,鈞寶,TWSE,24.85,26.25,24.7,26.25,381344,9812791,TWSE_RWD_JSON_MI_INDEX
20250304,6164,華興,TWSE,12.9,13.0,12.75,12.95,156033,2008470,TWSE_RWD_JSON_MI_INDEX
20250304,6165,浪凡,TWSE,43.75,43.85,43.0,43.5,185294,8056562,TWSE_RWD_JSON_MI_INDEX
20250304,6166,凌華,TWSE,81.3,83.6,78.8,83.6,1149667,93207894,TWSE_RWD_JSON_MI_INDEX
20250304,6168,宏齊,TWSE,21.2,21.55,20.85,21.45,448201,9531688,TWSE_RWD_JSON_MI_INDEX
20250304,6176,瑞儀,TWSE,193.5,201.0,193.5,198.5,1848607,366744407,TWSE_RWD_JSON_MI_INDEX
20250304,6177,達麗,TWSE,45.0,45.8,44.65,45.6,524136,23682448,TWSE_RWD_JSON_MI_INDEX
20250304,6183,關貿,TWSE,92.0,92.6,91.1,92.6,54553,5007997,TWSE_RWD_JSON_MI_INDEX
20250304,6184,大豐電,TWSE,53.2,53.8,53.0,53.7,56089,3000691,TWSE_RWD_JSON_MI_INDEX
20250304,6189,豐藝,TWSE,78.3,79.7,77.3,79.4,470582,37015973,TWSE_RWD_JSON_MI_INDEX
20250304,6191,精成科,TWSE,70.6,72.5,69.6,71.9,4638757,329796637,TWSE_RWD_JSON_MI_INDEX
20250304,6192,巨路,TWSE,107.5,108.5,106.0,108.5,140933,15091549,TWSE_RWD_JSON_MI_INDEX
20250304,6196,帆宣,TWSE,155.5,168.5,155.0,168.5,10535285,1735327025,TWSE_RWD_JSON_MI_INDEX
20250304,6197,佳必琪,TWSE,141.5,146.0,140.0,145.5,517301,74028917,TWSE_RWD_JSON_MI_INDEX
20250304,6201,亞弘電,TWSE,64.2,64.4,61.8,63.8,332571,20882774,TWSE_RWD_JSON_MI_INDEX
20250304,6202,盛群,TWSE,49.7,50.7,49.2,50.7,393546,19679942,TWSE_RWD_JSON_MI_INDEX
20250304,6205,詮欣,TWSE,70.5,71.3,69.2,70.9,278081,19566983,TWSE_RWD_JSON_MI_INDEX
20250304,6206,飛捷,TWSE,146.0,153.5,144.5,148.0,7864249,1171418541,TWSE_RWD_JSON_MI_INDEX
20250304,6209,今國光,TWSE,30.5,31.4,30.2,31.3,1406260,43418956,TWSE_RWD_JSON_MI_INDEX
20250304,6213,聯茂,TWSE,71.0,72.2,70.0,71.9,1630734,116075013,TWSE_RWD_JSON_MI_INDEX
20250304,6214,精誠,TWSE,132.5,136.0,130.5,135.0,1631957,218230101,TWSE_RWD_JSON_MI_INDEX
20250304,6215,和椿,TWSE,108.5,116.5,107.0,113.0,9220695,1034664007,TWSE_RWD_JSON_MI_INDEX
20250304,6216,居易,TWSE,36.95,37.45,36.5,37.4,179910,6663142,TWSE_RWD_JSON_MI_INDEX
20250304,6224,聚鼎,TWSE,55.9,57.0,55.1,56.4,108625,6081689,TWSE_RWD_JSON_MI_INDEX
20250304,6226,光鼎,TWSE,8.72,8.77,8.7,8.7,49348,430968,TWSE_RWD_JSON_MI_INDEX
20250304,6230,尼得科超眾,TWSE,180.0,189.0,180.0,189.0,50851,9406215,TWSE_RWD_JSON_MI_INDEX
20250304,6235,華孚,TWSE,63.3,63.5,61.7,62.9,745837,46724965,TWSE_RWD_JSON_MI_INDEX
20250304,6239,力成,TWSE,123.0,127.0,122.5,126.0,2884656,362344765,TWSE_RWD_JSON_MI_INDEX
20250304,6243,迅杰,TWSE,43.35,44.8,43.35,44.8,81875,3623628,TWSE_RWD_JSON_MI_INDEX
20250304,6257,矽格,TWSE,78.6,82.3,78.3,82.0,20697348,1675042894,TWSE_RWD_JSON_MI_INDEX
20250304,6269,台郡,TWSE,68.1,68.4,67.0,68.0,1382731,93544712,TWSE_RWD_JSON_MI_INDEX
20250304,6271,同欣電,TWSE,120.0,123.5,119.0,122.0,956322,116105510,TWSE_RWD_JSON_MI_INDEX
20250304,6277,宏正,TWSE,76.1,76.5,76.0,76.5,42747,3255893,TWSE_RWD_JSON_MI_INDEX
20250304,6278,台表科,TWSE,108.5,111.5,108.0,111.0,1172250,129113257,TWSE_RWD_JSON_MI_INDEX
20250304,6281,全國電,TWSE,81.1,81.5,80.5,81.5,657582,53321751,TWSE_RWD_JSON_MI_INDEX
20250304,6282,康舒,TWSE,31.25,31.65,30.5,31.55,2515875,78169705,TWSE_RWD_JSON_MI_INDEX
20250304,6283,淳安,TWSE,28.45,28.75,28.0,28.75,223101,6311406,TWSE_RWD_JSON_MI_INDEX
20250304,6285,啟碁,TWSE,143.0,149.0,142.0,146.5,3615760,530997748,TWSE_RWD_JSON_MI_INDEX
20250304,6288,聯嘉,TWSE,25.7,26.8,25.25,26.2,391012,10160884,TWSE_RWD_JSON_MI_INDEX
20250304,6405,悅城,TWSE,28.3,28.85,28.05,28.7,394616,11253731,TWSE_RWD_JSON_MI_INDEX
20250304,6409,旭隼,TWSE,1770.0,1770.0,1730.0,1750.0,258261,451384215,TWSE_RWD_JSON_MI_INDEX
20250304,6412,群電,TWSE,125.5,127.5,125.0,126.5,937225,118345982,TWSE_RWD_JSON_MI_INDEX
20250304,6414,樺漢,TWSE,304.0,321.0,301.5,316.0,1059950,331301255,TWSE_RWD_JSON_MI_INDEX
20250304,6415,矽力*-KY,TWSE,443.5,443.5,428.5,439.0,3298891,1438279107,TWSE_RWD_JSON_MI_INDEX
20250304,6416,瑞祺電通,TWSE,127.5,138.0,127.0,138.0,6274186,836995379,TWSE_RWD_JSON_MI_INDEX
20250304,6423,億而得,TWSE,97.1,98.4,96.5,98.4,27086,2633121,TWSE_RWD_JSON_MI_INDEX
20250304,6426,統新,TWSE,79.8,81.8,77.6,79.7,655150,52048115,TWSE_RWD_JSON_MI_INDEX
20250304,6431,光麗-KY,TWSE,17.85,19.2,17.8,19.0,295827,5477343,TWSE_RWD_JSON_MI_INDEX
20250304,6438,迅得,TWSE,186.5,201.5,186.0,199.0,3778968,737469573,TWSE_RWD_JSON_MI_INDEX
20250304,6442,光聖,TWSE,463.0,493.0,455.0,483.0,3053055,1466496325,TWSE_RWD_JSON_MI_INDEX
20250304,6443,元晶,TWSE,19.55,19.9,19.4,19.65,4292956,84347489,TWSE_RWD_JSON_MI_INDEX
20250304,6446,藥華藥,TWSE,628.0,642.0,615.0,635.0,2307099,1450806341,TWSE_RWD_JSON_MI_INDEX
20250304,6449,鈺邦,TWSE,131.5,134.5,129.0,132.5,619417,81500331,TWSE_RWD_JSON_MI_INDEX
20250304,6451,訊芯-KY,TWSE,181.0,183.5,177.0,179.0,5789763,1038365836,TWSE_RWD_JSON_MI_INDEX
20250304,6456,GIS-KY,TWSE,53.5,54.1,52.3,54.0,493799,26323377,TWSE_RWD_JSON_MI_INDEX
20250304,6464,台數科,TWSE,79.0,79.7,79.0,79.7,13284,1055950,TWSE_RWD_JSON_MI_INDEX
20250304,6472,保瑞,TWSE,888.0,899.0,875.0,896.0,1002641,889917235,TWSE_RWD_JSON_MI_INDEX
20250304,6477,安集,TWSE,35.7,36.4,35.1,36.0,431106,15488067,TWSE_RWD_JSON_MI_INDEX
20250304,6491,晶碩,TWSE,371.0,376.0,367.0,376.0,282236,104990444,TWSE_RWD_JSON_MI_INDEX
20250304,6504,南六,TWSE,63.9,64.1,62.7,63.3,70329,4452251,TWSE_RWD_JSON_MI_INDEX
20250304,6505,台塑化,TWSE,38.2,38.35,37.65,38.35,7338779,278948073,TWSE_RWD_JSON_MI_INDEX
20250304,6515,穎崴,TWSE,1335.0,1475.0,1330.0,1470.0,2191783,3114305900,TWSE_RWD_JSON_MI_INDEX
20250304,6525,捷敏-KY,TWSE,71.5,72.2,70.0,72.2,138256,9828836,TWSE_RWD_JSON_MI_INDEX
20250304,6526,達發,TWSE,634.0,655.0,624.0,652.0,435265,278681808,TWSE_RWD_JSON_MI_INDEX
20250304,6531,愛普*,TWSE,291.0,300.5,288.0,300.0,872326,257209251,TWSE_RWD_JSON_MI_INDEX
20250304,6533,晶心科,TWSE,375.5,395.5,364.0,394.0,1605308,612587066,TWSE_RWD_JSON_MI_INDEX
20250304,6534,正瀚-創,TWSE,84.0,85.2,83.5,85.0,62217,5273955,TWSE_RWD_JSON_MI_INDEX
20250304,6541,泰福-KY,TWSE,76.6,78.1,74.6,77.9,424052,32446333,TWSE_RWD_JSON_MI_INDEX
20250304,6550,北極星藥業-KY,TWSE,46.8,46.8,45.65,46.3,423698,19486923,TWSE_RWD_JSON_MI_INDEX
20250304,6552,易華電,TWSE,36.15,36.75,36.15,36.65,37583,1373777,TWSE_RWD_JSON_MI_INDEX
20250304,6558,興能高,TWSE,59.5,61.7,56.8,60.4,11987936,716824532,TWSE_RWD_JSON_MI_INDEX
20250304,6573,虹揚-KY,TWSE,13.6,13.8,13.6,13.75,48558,664163,TWSE_RWD_JSON_MI_INDEX
20250304,6579,研揚,TWSE,139.0,143.5,137.0,143.5,264781,37375868,TWSE_RWD_JSON_MI_INDEX
20250304,6581,鋼聯,TWSE,113.0,117.0,112.5,116.0,79144,9121499,TWSE_RWD_JSON_MI_INDEX
20250304,6582,申豐,TWSE,55.7,56.4,55.6,56.3,51767,2900451,TWSE_RWD_JSON_MI_INDEX
20250304,6585,鼎基,TWSE,178.5,181.0,171.0,181.0,663520,116805410,TWSE_RWD_JSON_MI_INDEX
20250304,6591,動力-KY,TWSE,56.8,56.8,55.2,56.5,477469,26802916,TWSE_RWD_JSON_MI_INDEX
20250304,6592,和潤企業,TWSE,81.5,82.4,80.5,82.4,472014,38397039,TWSE_RWD_JSON_MI_INDEX
20250304,6598,ABC-KY,TWSE,23.1,23.55,23.0,23.2,265214,6139407,TWSE_RWD_JSON_MI_INDEX
20250304,6605,帝寶,TWSE,210.0,218.0,207.0,217.0,480877,102773603,TWSE_RWD_JSON_MI_INDEX
20250304,6606,建德工業,TWSE,27.6,27.9,27.6,27.9,76057,2115971,TWSE_RWD_JSON_MI_INDEX
20250304,6625,必應,TWSE,77.5,77.5,75.4,76.0,170001,12907097,TWSE_RWD_JSON_MI_INDEX
20250304,6641,基士德-KY,TWSE,28.55,28.95,28.5,28.9,10150,291900,TWSE_RWD_JSON_MI_INDEX
20250304,6645,金萬林-創,TWSE,23.45,23.65,22.95,23.65,51072,1184565,TWSE_RWD_JSON_MI_INDEX
20250304,6657,華安,TWSE,69.0,72.3,66.6,72.2,1223474,85170825,TWSE_RWD_JSON_MI_INDEX
20250304,6658,聯策,TWSE,70.2,72.0,70.1,71.6,194571,13872885,TWSE_RWD_JSON_MI_INDEX
20250304,6666,羅麗芬-KY,TWSE,50.0,51.2,49.3,50.4,41111,2063151,TWSE_RWD_JSON_MI_INDEX
20250304,6668,中揚光,TWSE,49.5,50.3,49.0,50.0,322065,16018922,TWSE_RWD_JSON_MI_INDEX
20250304,6669,緯穎,TWSE,1870.0,1960.0,1845.0,1935.0,1882593,3592553425,TWSE_RWD_JSON_MI_INDEX
20250304,6670,復盛應用,TWSE,336.0,342.5,333.0,342.5,489674,165539700,TWSE_RWD_JSON_MI_INDEX
20250304,6671,三能-KY,TWSE,43.7,43.95,43.15,43.65,63024,2740003,TWSE_RWD_JSON_MI_INDEX
20250304,6672,騰輝電子-KY,TWSE,79.1,81.8,78.4,81.8,841367,67713477,TWSE_RWD_JSON_MI_INDEX
20250304,6674,鋐寶科技,TWSE,24.25,24.25,24.15,24.15,2006,48550,TWSE_RWD_JSON_MI_INDEX
20250304,6689,伊雲谷,TWSE,101.5,105.0,99.5,104.5,774655,79358399,TWSE_RWD_JSON_MI_INDEX
20250304,6691,洋基工程,TWSE,430.0,455.0,428.0,445.0,885914,395285164,TWSE_RWD_JSON_MI_INDEX
20250304,6695,芯鼎,TWSE,57.0,58.7,56.0,58.5,638863,36818625,TWSE_RWD_JSON_MI_INDEX
20250304,6698,旭暉應材,TWSE,35.1,35.2,34.75,34.85,104037,3632842,TWSE_RWD_JSON_MI_INDEX
20250304,6706,惠特,TWSE,99.0,99.8,94.2,98.9,2128972,206979403,TWSE_RWD_JSON_MI_INDEX
20250304,6715,嘉基,TWSE,143.0,145.5,141.0,145.5,79379,11432152,TWSE_RWD_JSON_MI_INDEX
20250304,6719,力智,TWSE,211.0,217.0,210.5,216.0,304362,65087731,TWSE_RWD_JSON_MI_INDEX
20250304,6742,澤米,TWSE,68.6,70.1,65.9,69.6,2493577,170169326,TWSE_RWD_JSON_MI_INDEX
20250304,6743,安普新,TWSE,42.95,43.7,42.3,43.7,201890,8662089,TWSE_RWD_JSON_MI_INDEX
20250304,6753,龍德造船,TWSE,112.0,115.5,111.0,115.5,655172,74004293,TWSE_RWD_JSON_MI_INDEX
20250304,6754,匯僑設計,TWSE,67.0,68.9,67.0,68.2,110265,7514187,TWSE_RWD_JSON_MI_INDEX
20250304,6756,威鋒電子,TWSE,123.0,126.5,122.5,126.0,85448,10640810,TWSE_RWD_JSON_MI_INDEX
20250304,6757,台灣虎航,TWSE,82.8,82.8,79.6,82.2,3801892,308497021,TWSE_RWD_JSON_MI_INDEX
20250304,6768,志強-KY,TWSE,152.5,154.0,148.0,150.0,1739046,261209966,TWSE_RWD_JSON_MI_INDEX
20250304,6770,力積電,TWSE,17.2,18.0,17.15,18.0,15674131,275901437,TWSE_RWD_JSON_MI_INDEX
20250304,6771,平和環保-創,TWSE,58.0,58.3,57.6,58.3,16033,928424,TWSE_RWD_JSON_MI_INDEX
20250304,6776,展碁國際,TWSE,59.3,59.5,58.8,59.4,36220,2141152,TWSE_RWD_JSON_MI_INDEX
20250304,6781,AES-KY,TWSE,935.0,975.0,904.0,973.0,2398971,2265695460,TWSE_RWD_JSON_MI_INDEX
20250304,6782,視陽,TWSE,173.5,176.5,172.0,175.5,340574,59354754,TWSE_RWD_JSON_MI_INDEX
20250304,6789,采鈺,TWSE,274.5,280.0,269.0,277.5,2522116,693226863,TWSE_RWD_JSON_MI_INDEX
20250304,6790,永豐實,TWSE,42.85,42.85,42.5,42.85,114429,4895865,TWSE_RWD_JSON_MI_INDEX
20250304,6792,詠業,TWSE,67.3,68.2,67.2,67.7,119288,8096397,TWSE_RWD_JSON_MI_INDEX
20250304,6794,向榮生技,TWSE,71.5,72.8,70.8,72.3,18001,1287473,TWSE_RWD_JSON_MI_INDEX
20250304,6796,晉弘,TWSE,85.2,85.2,83.3,83.5,7106,596981,TWSE_RWD_JSON_MI_INDEX
20250304,6799,來頡,TWSE,113.0,115.5,109.5,115.0,826416,93379854,TWSE_RWD_JSON_MI_INDEX
20250304,6805,富世達,TWSE,666.0,732.0,655.0,732.0,1839746,1302694057,TWSE_RWD_JSON_MI_INDEX
20250304,6806,森崴能源,TWSE,108.5,108.5,100.5,101.5,6537554,665062944,TWSE_RWD_JSON_MI_INDEX
20250304,6807,峰源-KY,TWSE,83.0,84.5,82.8,84.1,23876,1998277,TWSE_RWD_JSON_MI_INDEX
20250304,6830,汎銓,TWSE,135.0,140.5,133.0,140.0,482799,66278403,TWSE_RWD_JSON_MI_INDEX
20250304,6834,天二科技,TWSE,30.6,30.95,30.0,30.95,67290,2057678,TWSE_RWD_JSON_MI_INDEX
20250304,6835,圓裕,TWSE,52.4,54.0,50.3,53.9,1875351,98994185,TWSE_RWD_JSON_MI_INDEX
20250304,6838,台新藥,TWSE,35.05,35.35,34.6,34.85,237257,8270398,TWSE_RWD_JSON_MI_INDEX
20250304,6854,錼創科技-KY創,TWSE,210.0,219.0,202.0,216.0,844600,178773374,TWSE_RWD_JSON_MI_INDEX
20250304,6861,睿生光電,TWSE,65.8,65.8,64.0,64.9,36903,2397059,TWSE_RWD_JSON_MI_INDEX
20250304,6862,三集瑞-KY,TWSE,157.0,160.5,157.0,160.0,70364,11187064,TWSE_RWD_JSON_MI_INDEX
20250304,6863,永道-KY,TWSE,247.0,255.5,243.0,254.5,262885,66073396,TWSE_RWD_JSON_MI_INDEX
20250304,6869,雲豹能源,TWSE,160.0,163.0,157.0,162.5,716283,114443989,TWSE_RWD_JSON_MI_INDEX
20250304,6873,泓德能源,TWSE,221.5,222.5,214.0,218.0,1376901,299401933,TWSE_RWD_JSON_MI_INDEX
20250304,6885,全福生技,TWSE,29.95,30.0,29.0,29.65,392634,11561296,TWSE_RWD_JSON_MI_INDEX
20250304,6890,來億-KY,TWSE,419.0,428.5,412.0,424.0,366943,154928963,TWSE_RWD_JSON_MI_INDEX
20250304,6901,鑽石投資,TWSE,30.2,30.85,29.85,30.8,680920,20566193,TWSE_RWD_JSON_MI_INDEX
20250304,6902,GOGOLOOK,TWSE,125.0,129.0,125.0,129.0,6418,821589,TWSE_RWD_JSON_MI_INDEX
20250304,6906,現觀科,TWSE,147.0,152.5,145.5,151.5,288557,43002093,TWSE_RWD_JSON_MI_INDEX
20250304,6914,阜爾運通,TWSE,145.0,147.5,144.0,146.5,112385,16392286,TWSE_RWD_JSON_MI_INDEX
20250304,6916,華凌,TWSE,29.3,29.9,27.8,28.35,5044343,146486571,TWSE_RWD_JSON_MI_INDEX
20250304,6919,康霈*,TWSE,955.0,980.0,933.0,980.0,1089436,1044190690,TWSE_RWD_JSON_MI_INDEX
20250304,6923,中台,TWSE,77.0,77.5,76.7,77.5,27641,2132119,TWSE_RWD_JSON_MI_INDEX
20250304,6924,榮惠-KY創,TWSE,88.8,90.0,88.0,90.0,6000,536800,TWSE_RWD_JSON_MI_INDEX
20250304,6928,攸泰科技,TWSE,64.8,65.3,63.1,65.3,60209,3883464,TWSE_RWD_JSON_MI_INDEX
20250304,6931,青松健康,TWSE,72.0,72.9,71.6,72.8,34574,2495523,TWSE_RWD_JSON_MI_INDEX
20250304,6933,AMAX-KY,TWSE,200.0,206.5,200.0,206.5,18660,3793207,TWSE_RWD_JSON_MI_INDEX
20250304,6937,天虹,TWSE,272.5,285.0,262.0,285.0,552747,152178144,TWSE_RWD_JSON_MI_INDEX
20250304,6949,沛爾生醫-創,TWSE,149.0,157.0,148.0,155.5,207443,31741987,TWSE_RWD_JSON_MI_INDEX
20250304,6951,青新-創,TWSE,72.4,72.4,71.5,72.0,41093,2958078,TWSE_RWD_JSON_MI_INDEX
20250304,6952,大武山,TWSE,49.2,49.25,49.1,49.2,51012,2508697,TWSE_RWD_JSON_MI_INDEX
20250304,6955,邦睿生技-創,TWSE,149.0,149.0,143.0,147.0,32050,4638800,TWSE_RWD_JSON_MI_INDEX
20250304,6957,裕慶-KY,TWSE,202.5,214.5,199.0,211.0,258843,53499084,TWSE_RWD_JSON_MI_INDEX
20250304,6958,日盛台駿,TWSE,24.5,24.55,24.1,24.45,190002,4617484,TWSE_RWD_JSON_MI_INDEX
20250304,6962,奕力-KY,TWSE,56.5,59.0,56.1,58.7,5447144,315837020,TWSE_RWD_JSON_MI_INDEX
20250304,6969,成信實業*-創,TWSE,36.5,36.9,36.0,36.55,26000,946650,TWSE_RWD_JSON_MI_INDEX
20250304,6988,威力暘-創,TWSE,28.3,28.3,28.25,28.25,4000,113100,TWSE_RWD_JSON_MI_INDEX
20250304,6994,富威電力,TWSE,151.0,154.0,145.5,148.0,887903,132384385,TWSE_RWD_JSON_MI_INDEX
20250304,7705,三商餐飲,TWSE,69.7,70.2,69.6,70.2,73304,5122697,TWSE_RWD_JSON_MI_INDEX
20250304,7722,LINEPAY,TWSE,818.0,822.0,792.0,814.0,176289,142442674,TWSE_RWD_JSON_MI_INDEX
20250304,7732,金興精密,TWSE,42.55,43.1,42.4,43.1,46038,1962280,TWSE_RWD_JSON_MI_INDEX
20250304,8011,台通,TWSE,22.75,23.25,22.6,23.05,732770,16810004,TWSE_RWD_JSON_MI_INDEX
20250304,8016,矽創,TWSE,210.0,214.5,207.5,213.5,474895,100230269,TWSE_RWD_JSON_MI_INDEX
20250304,8021,尖點,TWSE,31.75,32.45,31.55,32.2,576811,18486196,TWSE_RWD_JSON_MI_INDEX
20250304,8028,昇陽半導體,TWSE,147.0,151.5,143.0,149.5,25933436,3836315024,TWSE_RWD_JSON_MI_INDEX
20250304,8033,雷虎,TWSE,64.3,64.5,63.4,64.2,1442290,92415197,TWSE_RWD_JSON_MI_INDEX
20250304,8039,台虹,TWSE,47.75,48.75,47.5,48.45,1398539,67602793,TWSE_RWD_JSON_MI_INDEX
20250304,8045,達運光電,TWSE,134.0,139.5,130.5,139.5,395982,53012157,TWSE_RWD_JSON_MI_INDEX
20250304,8046,南電,TWSE,127.5,135.5,126.5,135.0,3275901,431048479,TWSE_RWD_JSON_MI_INDEX
20250304,8070,長華*,TWSE,40.2,41.15,39.75,41.15,1677799,67863650,TWSE_RWD_JSON_MI_INDEX
20250304,8072,陞泰,TWSE,25.2,25.35,25.15,25.25,11464,289570,TWSE_RWD_JSON_MI_INDEX
20250304,8081,致新,TWSE,238.0,244.0,236.5,243.5,311759,75104298,TWSE_RWD_JSON_MI_INDEX
20250304,8101,華冠,TWSE,19.9,20.05,19.65,19.7,43812,868183,TWSE_RWD_JSON_MI_INDEX
20250304,8103,瀚荃,TWSE,49.65,50.1,49.1,49.85,169488,8432635,TWSE_RWD_JSON_MI_INDEX
20250304,8104,錸寶,TWSE,40.3,40.8,39.2,40.65,450834,18040456,TWSE_RWD_JSON_MI_INDEX
20250304,8105,凌巨,TWSE,14.2,14.5,13.95,14.4,592058,8426477,TWSE_RWD_JSON_MI_INDEX
20250304,8110,華東,TWSE,14.4,14.5,14.15,14.45,1325112,18993459,TWSE_RWD_JSON_MI_INDEX
20250304,8112,至上,TWSE,63.8,64.4,63.0,63.8,1722569,110067742,TWSE_RWD_JSON_MI_INDEX
20250304,8114,振樺電,TWSE,282.0,303.5,280.5,301.0,806482,238465980,TWSE_RWD_JSON_MI_INDEX
20250304,8131,福懋科,TWSE,29.8,30.2,29.6,30.1,376218,11256995,TWSE_RWD_JSON_MI_INDEX
20250304,8150,南茂,TWSE,30.7,31.1,30.45,31.05,1965886,60499829,TWSE_RWD_JSON_MI_INDEX
20250304,8162,微矽電子-創,TWSE,38.5,39.9,38.5,39.9,16691,648608,TWSE_RWD_JSON_MI_INDEX
20250304,8163,達方,TWSE,45.0,45.65,44.35,45.6,738257,33352504,TWSE_RWD_JSON_MI_INDEX
20250304,8201,無敵,TWSE,15.0,15.2,14.75,15.2,36014,540612,TWSE_RWD_JSON_MI_INDEX
20250304,8210,勤誠,TWSE,278.5,295.5,278.0,293.0,1071759,309256680,TWSE_RWD_JSON_MI_INDEX
20250304,8213,志超,TWSE,34.5,34.5,33.95,34.4,762070,26024252,TWSE_RWD_JSON_MI_INDEX
20250304,8215,明基材,TWSE,28.55,28.75,28.25,28.7,256525,7306266,TWSE_RWD_JSON_MI_INDEX
20250304,8222,寶一,TWSE,39.95,39.95,39.05,39.15,347188,13657156,TWSE_RWD_JSON_MI_INDEX
20250304,8249,菱光,TWSE,57.6,59.6,56.5,59.6,2612593,152296556,TWSE_RWD_JSON_MI_INDEX
20250304,8261,富鼎,TWSE,87.9,90.0,86.5,89.6,402635,35614962,TWSE_RWD_JSON_MI_INDEX
20250304,8271,宇瞻,TWSE,51.0,51.6,50.6,51.6,202196,10354389,TWSE_RWD_JSON_MI_INDEX
20250304,8341,日友,TWSE,87.5,87.6,86.5,87.2,106643,9286995,TWSE_RWD_JSON_MI_INDEX
20250304,8367,建新國際,TWSE,52.1,52.8,51.2,52.3,230768,12039227,TWSE_RWD_JSON_MI_INDEX
20250304,8374,羅昇,TWSE,115.0,118.5,114.0,118.5,734783,85734922,TWSE_RWD_JSON_MI_INDEX
20250304,8404,百和興業-KY,TWSE,28.2,28.7,28.0,28.65,1084104,30772842,TWSE_RWD_JSON_MI_INDEX
20250304,8411,福貞-KY,TWSE,13.45,13.45,13.2,13.2,39532,526382,TWSE_RWD_JSON_MI_INDEX
20250304,8422,可寧衛*,TWSE,187.0,188.0,187.0,187.5,121232,22715071,TWSE_RWD_JSON_MI_INDEX
20250304,8429,金麗-KY,TWSE,10.6,10.8,10.45,10.8,505989,5356845,TWSE_RWD_JSON_MI_INDEX
20250304,8438,昶昕,TWSE,34.0,34.75,33.5,34.5,127201,4319658,TWSE_RWD_JSON_MI_INDEX
20250304,8442,威宏-KY,TWSE,109.0,110.0,108.5,109.5,40520,4432180,TWSE_RWD_JSON_MI_INDEX
20250304,8443,阿瘦,TWSE,11.9,11.95,11.85,11.95,37220,442796,TWSE_RWD_JSON_MI_INDEX
20250304,8454,富邦媒,TWSE,383.5,387.0,377.0,387.0,290576,111071473,TWSE_RWD_JSON_MI_INDEX
20250304,8462,柏文,TWSE,123.0,129.0,116.5,116.5,934110,113765015,TWSE_RWD_JSON_MI_INDEX
20250304,8463,潤泰材,TWSE,25.35,25.35,25.05,25.35,23120,586013,TWSE_RWD_JSON_MI_INDEX
20250304,8464,億豐,TWSE,434.0,457.0,434.0,454.0,923571,414434737,TWSE_RWD_JSON_MI_INDEX
20250304,8466,美吉吉-KY,TWSE,39.55,40.0,39.5,39.85,92925,3700276,TWSE_RWD_JSON_MI_INDEX
20250304,8467,波力-KY,TWSE,264.0,266.5,258.0,265.5,75135,19790653,TWSE_RWD_JSON_MI_INDEX
20250304,8473,山林水,TWSE,37.5,38.0,37.2,37.85,210549,7916647,TWSE_RWD_JSON_MI_INDEX
20250304,8476,台境*,TWSE,27.2,27.9,27.15,27.75,604024,16615681,TWSE_RWD_JSON_MI_INDEX
20250304,8478,東哥遊艇,TWSE,182.5,190.0,179.0,189.5,398410,73495801,TWSE_RWD_JSON_MI_INDEX
20250304,8481,政伸,TWSE,49.85,50.2,49.85,49.9,26533,1326840,TWSE_RWD_JSON_MI_INDEX
20250304,8482,商億-KY,TWSE,106.0,110.5,100.0,108.5,638706,66673890,TWSE_RWD_JSON_MI_INDEX
20250304,8487,愛爾達-創,TWSE,78.0,78.2,77.3,77.6,71603,5574688,TWSE_RWD_JSON_MI_INDEX
20250304,8488,吉源-KY,TWSE,13.55,13.55,13.55,13.55,1002,13580,TWSE_RWD_JSON_MI_INDEX
20250304,8499,鼎炫-KY,TWSE,172.5,177.5,165.5,170.0,1346292,229917927,TWSE_RWD_JSON_MI_INDEX
20250304,8926,台汽電,TWSE,41.5,42.0,41.0,41.75,673281,27932311,TWSE_RWD_JSON_MI_INDEX
20250304,8940,新天地,TWSE,24.7,25.55,24.4,25.0,81254,2019889,TWSE_RWD_JSON_MI_INDEX
20250304,8996,高力,TWSE,285.0,300.5,282.5,299.0,2080324,613814588,TWSE_RWD_JSON_MI_INDEX
20250304,9103,美德醫療-DR,TWSE,6.19,6.19,6.15,6.17,159653,982680,TWSE_RWD_JSON_MI_INDEX
20250304,910322,康師傅-DR,TWSE,24.7,25.15,24.7,25.1,29352,733026,TWSE_RWD_JSON_MI_INDEX
20250304,9105,泰金寶-DR,TWSE,7.11,7.25,7.04,7.25,28130979,201054361,TWSE_RWD_JSON_MI_INDEX
20250304,910861,神州-DR,TWSE,6.52,6.6,6.51,6.6,20298,132524,TWSE_RWD_JSON_MI_INDEX
20250304,9110,越南控-DR,TWSE,6.3,6.5,6.3,6.5,11000,70190,TWSE_RWD_JSON_MI_INDEX
20250304,911608,明輝-DR,TWSE,3.53,3.53,3.48,3.5,30763,108259,TWSE_RWD_JSON_MI_INDEX
20250304,911622,泰聚亨-DR,TWSE,4.83,4.83,4.71,4.79,7000,33180,TWSE_RWD_JSON_MI_INDEX
20250304,911868,同方友友-DR,TWSE,1.5,1.5,1.47,1.49,187500,276580,TWSE_RWD_JSON_MI_INDEX
20250304,912000,晨訊科-DR,TWSE,3.55,3.55,3.45,3.49,1911137,6680271,TWSE_RWD_JSON_MI_INDEX
20250304,9136,巨騰-DR,TWSE,7.66,7.69,7.57,7.65,238150,1813264,TWSE_RWD_JSON_MI_INDEX
20250304,9802,鈺齊-KY,TWSE,147.0,149.0,146.0,149.0,1188340,175373554,TWSE_RWD_JSON_MI_INDEX
20250304,9902,台火,TWSE,15.95,16.0,15.8,16.0,63287,1008786,TWSE_RWD_JSON_MI_INDEX
20250304,9904,寶成,TWSE,38.1,38.8,37.8,38.8,12223502,470481645,TWSE_RWD_JSON_MI_INDEX
20250304,9905,大華,TWSE,24.15,24.15,23.85,24.1,110608,2649677,TWSE_RWD_JSON_MI_INDEX
20250304,9906,欣巴巴,TWSE,109.0,110.0,106.5,110.0,282773,30606918,TWSE_RWD_JSON_MI_INDEX
20250304,9907,統一實,TWSE,16.15,16.35,16.0,16.35,2020610,32729477,TWSE_RWD_JSON_MI_INDEX
20250304,9908,大台北,TWSE,30.75,30.8,30.6,30.8,85772,2635532,TWSE_RWD_JSON_MI_INDEX
20250304,9910,豐泰,TWSE,134.5,137.5,133.0,137.0,1111451,150664933,TWSE_RWD_JSON_MI_INDEX
20250304,9911,櫻花,TWSE,87.0,87.7,86.5,87.7,271690,23604241,TWSE_RWD_JSON_MI_INDEX
20250304,9912,偉聯,TWSE,13.1,13.25,12.95,12.95,585670,7632838,TWSE_RWD_JSON_MI_INDEX
20250304,9914,美利達,TWSE,171.0,178.5,170.0,177.0,1534271,268792941,TWSE_RWD_JSON_MI_INDEX
20250304,9917,中保科,TWSE,125.0,125.5,123.5,125.5,407645,50871977,TWSE_RWD_JSON_MI_INDEX
20250304,9918,欣天然,TWSE,39.4,39.6,39.4,39.6,5116,202312,TWSE_RWD_JSON_MI_INDEX
20250304,9919,康那香,TWSE,19.2,19.3,18.8,19.0,739560,14035648,TWSE_RWD_JSON_MI_INDEX
20250304,9921,巨大,TWSE,157.0,161.5,156.0,160.5,1364148,216973977,TWSE_RWD_JSON_MI_INDEX
20250304,9924,福興,TWSE,52.8,53.0,52.2,52.8,191844,10107854,TWSE_RWD_JSON_MI_INDEX
20250304,9925,新保,TWSE,41.55,41.6,41.3,41.6,140858,5835422,TWSE_RWD_JSON_MI_INDEX
20250304,9926,新海,TWSE,51.1,51.3,50.7,51.3,6030,307580,TWSE_RWD_JSON_MI_INDEX
20250304,9927,泰銘,TWSE,69.3,69.8,68.8,69.8,158643,11023944,TWSE_RWD_JSON_MI_INDEX
20250304,9928,中視,TWSE,17.2,17.6,17.2,17.4,119852,2086602,TWSE_RWD_JSON_MI_INDEX
20250304,9929,秋雨,TWSE,15.4,16.0,15.4,16.0,4010,63400,TWSE_RWD_JSON_MI_INDEX
20250304,9930,中聯資源,TWSE,70.8,71.3,70.4,71.3,166577,11793477,TWSE_RWD_JSON_MI_INDEX
20250304,9931,欣高,TWSE,35.0,35.0,34.5,34.8,8166,285035,TWSE_RWD_JSON_MI_INDEX
20250304,9933,中鼎,TWSE,42.0,42.6,41.4,42.55,2416293,101584426,TWSE_RWD_JSON_MI_INDEX
20250304,9934,成霖,TWSE,14.35,14.55,14.3,14.45,1057836,15230659,TWSE_RWD_JSON_MI_INDEX
20250304,9935,慶豐富,TWSE,33.5,34.15,32.9,34.15,1335216,45025957,TWSE_RWD_JSON_MI_INDEX
20250304,9937,全國,TWSE,62.9,62.9,62.1,62.4,10579,661437,TWSE_RWD_JSON_MI_INDEX
20250304,9938,百和,TWSE,70.5,71.2,69.7,71.0,1702276,119784662,TWSE_RWD_JSON_MI_INDEX
20250304,9939,宏全,TWSE,163.5,166.0,162.5,166.0,828159,136626691,TWSE_RWD_JSON_MI_INDEX
20250304,9940,信義,TWSE,30.3,30.3,29.85,30.1,366592,11002766,TWSE_RWD_JSON_MI_INDEX
20250304,9941,裕融,TWSE,119.0,121.5,118.0,121.0,669013,80212486,TWSE_RWD_JSON_MI_INDEX
20250304,9942,茂順,TWSE,115.0,116.0,114.0,116.0,57737,6637947,TWSE_RWD_JSON_MI_INDEX
20250304,9943,好樂迪,TWSE,80.5,80.5,79.9,80.5,54385,4363955,TWSE_RWD_JSON_MI_INDEX
20250304,9944,新麗,TWSE,20.3,20.35,20.15,20.3,53244,1080554,TWSE_RWD_JSON_MI_INDEX
20250304,9945,潤泰新,TWSE,42.05,42.15,41.6,41.85,4433297,185609635,TWSE_RWD_JSON_MI_INDEX
20250304,9946,三發地產,TWSE,24.7,25.25,24.45,24.8,553072,13773210,TWSE_RWD_JSON_MI_INDEX
20250304,9955,佳龍,TWSE,29.7,31.4,29.7,30.5,2350263,71599039,TWSE_RWD_JSON_MI_INDEX
20250304,9958,世紀鋼,TWSE,182.5,184.5,176.0,183.0,3555761,639665574,TWSE_RWD_JSON_MI_INDEX
