date,stock_id,stock_name,market,open,high,low,close,volume,trading_value,source,source_file,ma5,ma20,ma60,ma120,ema23,return_1d,return_5d,return_20d,return_60d,return_120d,volume_ma20,volume_ratio,high_20,high_60,high_120,low_20,low_60,low_120,distance_to_ma20_pct,distance_to_ma60_pct,distance_to_ma120_pct,distance_to_ema23_pct,distance_to_high_20_pct,distance_to_high_60_pct,distance_to_high_120_pct,distance_to_low_60_pct,distance_to_low_120_pct
20240102,00737,國泰AI機器人,TWSE,30.6,30.71,30.58,30.71,217822.0,6675873.0,TWSE_RWD_JSON_MI_INDEX,data/daily_price/daily_price_20240102.csv,,,,,,,,,,,,,,,,,,,,,,,,,,,
20240103,00737,國泰AI機器人,TWSE,30.23,30.23,30.06,30.12,142940.0,4306416.0,TWSE_RWD_JSON_MI_INDEX,data/daily_price/daily_price_20240103.csv,,,,,,-1.9212,,,,,,,,,,,,,,,,,,,,,
20240104,00737,國泰AI機器人,TWSE,29.57,29.57,29.49,29.49,176908.0,5220132.0,TWSE_RWD_JSON_MI_INDEX,data/daily_price/daily_price_20240104.csv,,,,,,-2.0916,,,,,,,,,,,,,,,,,,,,,
20240105,00737,國泰AI機器人,TWSE,29.26,29.31,29.22,29.24,43858.0,1282959.0,TWSE_RWD_JSON_MI_INDEX,data/daily_price/daily_price_20240105.csv,,,,,,-0.8477,,,,,,,,,,,,,,,,,,,,,
20240108,00737,國泰AI機器人,TWSE,29.27,29.27,29.09,29.13,72705.0,2118035.0,TWSE_RWD_JSON_MI_INDEX,data/daily_price/daily_price_20240108.csv,29.738,29.738,29.738,29.738,30.3427,-0.3762,,,,,130846.6,0.5557,30.71,30.71,30.71,29.09,29.09,29.09,-2.0445,-2.0445,-2.0445,-3.9968,-5.1449,-5.1449,-5.1449,0.1375,0.1375
20240109,00737,國泰AI機器人,TWSE,29.61,29.71,29.55,29.71,315884.0,9365380.0,TWSE_RWD_JSON_MI_INDEX,data/daily_price/daily_price_20240109.csv,29.538,29.7333,29.7333,29.7333,30.29,1.9911,-3.2563,,,,161686.1667,1.9537,30.71,30.71,30.71,29.09,29.09,29.09,-0.0785,-0.0785,-0.0785,-1.9149,-3.2563,-3.2563,-3.2563,2.1313,2.1313
20240110,00737,國泰AI機器人,TWSE,29.74,29.84,29.73,29.78,25809.0,768920.0,TWSE_RWD_JSON_MI_INDEX,data/daily_price/daily_price_20240110.csv,29.47,29.74,29.74,29.74,30.2475,0.2356,-1.1288,,,,142275.1429,0.1814,30.71,30.71,30.71,29.09,29.09,29.09,0.1345,0.1345,0.1345,-1.5456,-3.0283,-3.0283,-3.0283,2.3719,2.3719
20240111,00737,國泰AI機器人,TWSE,30.0,30.12,30.0,30.07,426929.0,12829493.0,TWSE_RWD_JSON_MI_INDEX,data/daily_price/daily_price_20240111.csv,29.586,29.7812,29.7812,29.7812,30.2327,0.9738,1.9668,,,,177856.875,2.4004,30.71,30.71,30.71,29.09,29.09,29.09,0.9696,0.9696,0.9696,-0.5382,-2.084,-2.084,-2.084,3.3689,3.3689
20240112,00737,國泰AI機器人,TWSE,29.96,30.02,29.94,30.0,49911.0,1496954.0,TWSE_RWD_JSON_MI_INDEX,data/daily_price/daily_price_20240112.csv,29.738,29.8056,29.8056,29.8056,30.2133,-0.2328,2.5992,,,,163640.6667,0.305,30.71,30.71,30.71,29.09,29.09,29.09,0.6524,0.6524,0.6524,-0.7061,-2.312,-2.312,-2.312,3.1282,3.1282
20240115,00737,國泰AI機器人,TWSE,30.0,30.06,29.92,30.05,134791.0,4045356.0,TWSE_RWD_JSON_MI_INDEX,data/daily_price/daily_price_20240115.csv,29.922,29.83,29.83,29.83,30.1997,0.1667,3.1583,,,,160755.7,0.8385,30.71,30.71,30.71,29.09,29.09,29.09,0.7375,0.7375,0.7375,-0.4958,-2.1491,-2.1491,-2.1491,3.3001,3.3001
20240116,00737,國泰AI機器人,TWSE,30.01,30.04,29.99,30.0,69048.0,2071912.0,TWSE_RWD_JSON_MI_INDEX,data/daily_price/daily_price_20240116.csv,29.98,29.8455,29.8455,29.8455,30.1831,-0.1664,0.9761,,,,152418.6364,0.453,30.71,30.71,30.71,29.09,29.09,29.09,0.5178,0.5178,0.5178,-0.6065,-2.312,-2.312,-2.312,3.1282,3.1282
20240117,00737,國泰AI機器人,TWSE,29.9,29.99,29.86,29.89,61880.0,1852508.0,TWSE_RWD_JSON_MI_INDEX,data/daily_price/daily_price_20240117.csv,30.002,29.8492,29.8492,29.8492,30.1587,-0.3667,0.3694,,,,144873.75,0.4271,30.71,30.71,30.71,29.09,29.09,29.09,0.1368,0.1368,0.1368,-0.8908,-2.6701,-2.6701,-2.6701,2.7501,2.7501
20240118,00737,國泰AI機器人,TWSE,29.8,29.8,29.64,29.68,69775.0,2071298.0,TWSE_RWD_JSON_MI_INDEX,data/daily_price/daily_price_20240118.csv,29.924,29.8362,29.8362,29.8362,30.1188,-0.7026,-1.297,,,,139096.9231,0.5016,30.71,30.71,30.71,29.09,29.09,29.09,-0.5234,-0.5234,-0.5234,-1.4568,-3.354,-3.354,-3.354,2.0282,2.0282
20240119,00737,國泰AI機器人,TWSE,29.92,29.92,29.86,29.89,55884.0,1669828.0,TWSE_RWD_JSON_MI_INDEX,data/daily_price/daily_price_20240119.csv,29.902,29.84,29.84,29.84,30.0997,0.7075,-0.3667,,,,133153.1429,0.4197,30.71,30.71,30.71,29.09,29.09,29.09,0.1676,0.1676,0.1676,-0.6967,-2.6701,-2.6701,-2.6701,2.7501,2.7501
20240122,00737,國泰AI機器人,TWSE,30.18,30.25,30.13,30.2,143178.0,4319602.0,TWSE_RWD_JSON_MI_INDEX,data/daily_price/daily_price_20240122.csv,29.932,29.864,29.864,29.864,30.1081,1.0371,0.4992,,,,133821.4667,1.0699,30.71,30.71,30.71,29.09,29.09,29.09,1.1251,1.1251,1.1251,0.3054,-1.6607,-1.6607,-1.6607,3.8157,3.8157
20240123,00737,國泰AI機器人,TWSE,30.59,30.59,30.56,30.58,150047.0,4588053.0,TWSE_RWD_JSON_MI_INDEX,data/daily_price/daily_price_20240123.csv,30.048,29.9088,29.9088,29.9088,30.1474,1.2583,1.9333,,,,134835.5625,1.1128,30.71,30.71,30.71,29.09,29.09,29.09,2.2443,2.2443,2.2443,1.435,-0.4233,-0.4233,-0.4233,5.122,5.122
20240124,00737,國泰AI機器人,TWSE,30.72,30.74,30.7,30.74,96675.0,2970589.0,TWSE_RWD_JSON_MI_INDEX,data/daily_price/daily_price_20240124.csv,30.218,29.9576,29.9576,29.9576,30.1968,0.5232,2.8438,,,,132590.8235,0.7291,30.74,30.74,30.74,29.09,29.09,29.09,2.6115,2.6115,2.6115,1.799,0.0,0.0,0.0,5.6721,5.6721
20240125,00737,國泰AI機器人,TWSE,30.72,30.72,30.5,30.57,73576.0,2248143.0,TWSE_RWD_JSON_MI_INDEX,data/daily_price/daily_price_20240125.csv,30.396,29.9917,29.9917,29.9917,30.2279,-0.553,2.9987,,,,129312.2222,0.569,30.74,30.74,30.74,29.09,29.09,29.09,1.9283,1.9283,1.9283,1.1318,-0.553,-0.553,-0.553,5.0877,5.0877
20240126,00737,國泰AI機器人,TWSE,30.41,30.49,30.4,30.4,42470.0,1292981.0,TWSE_RWD_JSON_MI_INDEX,data/daily_price/daily_price_20240126.csv,30.498,30.0132,30.0132,30.0132,30.2422,-0.5561,1.7063,,,,124741.5789,0.3405,30.74,30.74,30.74,29.09,29.09,29.09,1.2889,1.2889,1.2889,0.5217,-1.1061,-1.1061,-1.1061,4.5033,4.5033
20240129,00737,國泰AI機器人,TWSE,30.36,30.4,30.33,30.4,113306.0,3442419.0,TWSE_RWD_JSON_MI_INDEX,data/daily_price/daily_price_20240129.csv,30.538,30.0325,30.0325,30.0325,30.2554,0.0,0.6623,,,,124169.8,0.9125,30.74,30.74,30.74,29.09,29.09,29.09,1.2237,1.2237,1.2237,0.478,-1.1061,-1.1061,-1.1061,4.5033,4.5033
20240130,00737,國泰AI機器人,TWSE,30.8,30.8,30.67,30.73,141253.0,4338912.0,TWSE_RWD_JSON_MI_INDEX,data/daily_price/daily_price_20240130.csv,30.568,30.0335,30.0657,30.0657,30.2949,1.0855,0.4905,0.0651,,,120341.35,1.1738,30.8,30.8,30.8,29.09,29.09,29.09,2.3191,2.2094,2.2094,1.4362,-0.2273,-0.2273,-0.2273,5.6377,5.6377
20240131,00737,國泰AI機器人,TWSE,30.4,30.43,30.33,30.41,223641.0,6800242.0,TWSE_RWD_JSON_MI_INDEX,data/daily_price/daily_price_20240131.csv,30.502,30.048,30.0814,30.0814,30.3045,-1.0413,-1.0735,0.9628,,,124376.4,1.7981,30.8,30.8,30.8,29.09,29.09,29.09,1.2047,1.0925,1.0925,0.3481,-1.2662,-1.2662,-1.2662,4.5376,4.5376
20240201,00737,國泰AI機器人,TWSE,30.11,30.22,30.11,30.22,116612.0,3520364.0,TWSE_RWD_JSON_MI_INDEX,data/daily_price/daily_price_20240201.csv,30.432,30.0845,30.0874,30.0874,30.2975,-0.6248,-1.1449,2.4754,,,121361.6,0.9609,30.8,30.8,30.8,29.09,29.09,29.09,0.4504,0.4407,0.4407,-0.2557,-1.8831,-1.8831,-1.8831,3.8845,3.8845
20240202,00737,國泰AI機器人,TWSE,30.21,30.3,30.21,30.3,18843.0,570503.0,TWSE_RWD_JSON_MI_INDEX,data/daily_price/daily_price_20240202.csv,30.412,30.1375,30.0962,30.0962,30.2977,0.2647,-0.3289,3.6252,,,120110.85,0.1569,30.8,30.8,30.8,29.09,29.09,29.09,0.5392,0.677,0.677,0.0077,-1.6234,-1.6234,-1.6234,4.1595,4.1595
20240205,00737,國泰AI機器人,TWSE,30.45,30.45,30.29,30.3,101838.0,3086886.0,TWSE_RWD_JSON_MI_INDEX,data/daily_price/daily_price_20240205.csv,30.392,30.196,30.1044,30.1044,30.2979,0.0,-0.3289,4.0165,,,121567.5,0.8377,30.8,30.8,30.8,29.55,29.09,29.09,0.3444,0.6497,0.6497,0.007,-1.6234,-1.6234,-1.6234,4.1595,4.1595
20240215,00737,國泰AI機器人,TWSE,30.39,31.25,30.39,31.0,377648.0,11686426.0,TWSE_RWD_JSON_MI_INDEX,data/daily_price/daily_price_20240215.csv,30.446,30.2605,30.1388,30.1388,30.3564,2.3102,0.8786,4.342,,,124655.7,3.0295,31.25,31.25,31.25,29.64,29.09,29.09,2.4438,2.8573,2.8573,2.1202,-0.8,-0.8,-0.8,6.5658,6.5658
20240216,00737,國泰AI機器人,TWSE,31.26,31.33,31.26,31.33,231453.0,7243659.0,TWSE_RWD_JSON_MI_INDEX,data/daily_price/daily_price_20240216.csv,30.63,30.338,30.183,30.183,30.4375,1.0645,3.0253,5.2048,,,134937.9,1.7153,31.33,31.33,31.33,29.64,29.09,29.09,3.2698,3.8003,3.8003,2.9322,0.0,0.0,0.0,7.7002,7.7002
20240219,00737,國泰AI機器人,TWSE,31.33,31.33,31.15,31.19,60807.0,1896546.0,TWSE_RWD_JSON_MI_INDEX,data/daily_price/daily_price_20240219.csv,30.824,30.394,30.2189,30.2189,30.5002,-0.4469,3.2098,3.7246,,,116631.8,0.5214,31.33,31.33,31.33,29.64,29.09,29.09,2.6189,3.2135,3.2135,2.2615,-0.4469,-0.4469,-0.4469,7.219,7.219
20240220,00737,國泰AI機器人,TWSE,31.08,31.15,31.07,31.15,183921.0,5718861.0,TWSE_RWD_JSON_MI_INDEX,data/daily_price/daily_price_20240220.csv,30.994,30.4515,30.251,30.251,30.5544,-0.1282,2.8053,3.8333,,,123332.3,1.4913,31.33,31.33,31.33,29.64,29.09,29.09,2.2938,2.9717,2.9717,1.9494,-0.5745,-0.5745,-0.5745,7.0815,7.0815
20240221,00737,國泰AI機器人,TWSE,31.0,31.0,30.8,30.83,32604.0,1005652.0,TWSE_RWD_JSON_MI_INDEX,data/daily_price/daily_price_20240221.csv,31.1,30.4905,30.2703,30.2703,30.5773,-1.0273,1.7492,2.5957,,,118222.95,0.2758,31.33,31.33,31.33,29.64,29.09,29.09,1.1135,1.8489,1.8489,0.8263,-1.5959,-1.5959,-1.5959,5.9814,5.9814
20240223,00737,國泰AI機器人,TWSE,31.0,31.07,30.99,31.05,456033.0,14142694.0,TWSE_RWD_JSON_MI_INDEX,data/daily_price/daily_price_20240223.csv,31.11,30.543,30.2955,30.2955,30.6167,0.7136,0.1613,3.5,,,137572.2,3.3149,31.33,31.33,31.33,29.64,29.09,29.09,1.66,2.4905,2.4905,1.4151,-0.8937,-0.8937,-0.8937,6.7377,6.7377
20240226,00737,國泰AI機器人,TWSE,30.97,30.97,30.89,30.89,86725.0,2680955.0,TWSE_RWD_JSON_MI_INDEX,data/daily_price/daily_price_20240226.csv,31.022,30.593,30.3141,30.3141,30.6395,-0.5153,-1.4044,3.3456,,,138814.45,0.6248,31.33,31.33,31.33,29.64,29.09,29.09,0.9708,1.8999,1.8999,0.8176,-1.4044,-1.4044,-1.4044,6.1877,6.1877
20240227,00737,國泰AI機器人,TWSE,31.28,31.3,31.19,31.2,98492.0,3077258.0,TWSE_RWD_JSON_MI_INDEX,data/daily_price/daily_price_20240227.csv,31.024,30.669,30.3409,30.3409,30.6862,1.0036,0.0321,5.1213,,,140250.3,0.7023,31.33,31.33,31.33,29.86,29.09,29.09,1.7314,2.8315,2.8315,1.6743,-0.4149,-0.4149,-0.4149,7.2534,7.2534
20240229,00737,國泰AI機器人,TWSE,31.3,31.41,31.3,31.4,105582.0,3312043.0,TWSE_RWD_JSON_MI_INDEX,data/daily_price/daily_price_20240229.csv,31.074,30.7445,30.3721,30.3721,30.7457,0.641,0.8026,5.0519,,,142735.2,0.7397,31.41,31.41,31.41,30.11,29.09,29.09,2.1321,3.3845,3.3845,2.1281,-0.0318,-0.0318,-0.0318,7.9409,7.9409
20240301,00737,國泰AI機器人,TWSE,31.47,31.61,31.47,31.61,462314.0,14588705.0,TWSE_RWD_JSON_MI_INDEX,data/daily_price/daily_price_20240301.csv,31.23,30.815,30.4074,30.4074,30.8177,0.6688,2.53,4.6689,,,158692.0,2.9133,31.61,31.61,31.61,30.11,29.09,29.09,2.5799,3.9549,3.9549,2.5709,0.0,0.0,0.0,8.6628,8.6628
20240305,00737,國泰AI機器人,TWSE,31.58,31.64,31.57,31.59,253722.0,8016423.0,TWSE_RWD_JSON_MI_INDEX,data/daily_price/daily_price_20240305.csv,31.338,30.8655,30.4403,30.4403,30.8821,-0.0633,1.7391,3.3028,,,163875.75,1.5483,31.64,31.64,31.64,30.11,29.09,29.09,2.3473,3.777,3.777,2.2924,-0.158,-0.158,-0.158,8.594,8.594
20240306,00737,國泰AI機器人,TWSE,31.35,31.39,31.32,31.39,157061.0,4928249.0,TWSE_RWD_JSON_MI_INDEX,data/daily_price/daily_price_20240306.csv,31.438,30.898,30.4659,30.4659,30.9244,-0.6331,1.6186,2.1145,,,166895.05,0.9411,31.64,31.64,31.64,30.11,29.09,29.09,1.5923,3.0331,3.0331,1.5056,-0.7901,-0.7901,-0.7901,7.9065,7.9065
20240307,00737,國泰AI機器人,TWSE,31.54,31.56,31.49,31.55,197515.0,6224864.0,TWSE_RWD_JSON_MI_INDEX,data/daily_price/daily_price_20240307.csv,31.508,30.947,30.4945,30.4945,30.9765,0.5097,1.1218,3.2058,,,173092.0,1.1411,31.64,31.64,31.64,30.11,29.09,29.09,1.9485,3.4614,3.4614,1.8513,-0.2845,-0.2845,-0.2845,8.4565,8.4565
20240308,00737,國泰AI機器人,TWSE,31.75,31.8,31.69,31.7,149235.0,4735324.0,TWSE_RWD_JSON_MI_INDEX,data/daily_price/daily_price_20240308.csv,31.568,31.012,30.5254,30.5254,31.0368,0.4754,0.9554,4.2763,,,178430.25,0.8364,31.8,31.8,31.8,30.11,29.09,29.09,2.2185,3.848,3.848,2.1367,-0.3145,-0.3145,-0.3145,8.9722,8.9722
20240311,00737,國泰AI機器人,TWSE,31.65,31.65,31.52,31.52,61726.0,1949390.0,TWSE_RWD_JSON_MI_INDEX,data/daily_price/daily_price_20240311.csv,31.55,31.068,30.5502,30.5502,31.0771,-0.5678,-0.2847,3.6842,,,175851.25,0.351,31.8,31.8,31.8,30.11,29.09,29.09,1.4549,3.1743,3.1743,1.4252,-0.8805,-0.8805,-0.8805,8.3534,8.3534
20240312,00737,國泰AI機器人,TWSE,31.3,31.36,31.3,31.35,253465.0,7945551.0,TWSE_RWD_JSON_MI_INDEX,data/daily_price/daily_price_20240312.csv,31.502,31.099,30.5698,30.5698,31.0998,-0.5393,-0.7597,2.0176,,,181461.85,1.3968,31.8,31.8,31.8,30.11,29.09,29.09,0.8071,2.5523,2.5523,0.8044,-1.4151,-1.4151,-1.4151,7.769,7.769
20240313,00737,國泰AI機器人,TWSE,31.48,31.48,31.4,31.42,92073.0,2893875.0,TWSE_RWD_JSON_MI_INDEX,data/daily_price/daily_price_20240313.csv,31.508,31.1495,30.59,30.59,31.1265,0.2233,0.0956,3.3213,,,174883.45,0.5265,31.8,31.8,31.8,30.11,29.09,29.09,0.8684,2.7133,2.7133,0.9429,-1.195,-1.195,-1.195,8.0096,8.0096
20240314,00737,國泰AI機器人,TWSE,31.29,31.29,31.2,31.2,61470.0,1919356.0,TWSE_RWD_JSON_MI_INDEX,data/daily_price/daily_price_20240314.csv,31.438,31.1985,30.6042,30.6042,31.1326,-0.7002,-1.1094,3.2429,,,172126.35,0.3571,31.8,31.8,31.8,30.21,29.09,29.09,0.0048,1.9468,1.9468,0.2164,-1.8868,-1.8868,-1.8868,7.2534,7.2534
20240315,00737,國泰AI機器人,TWSE,30.88,30.88,30.74,30.82,53459.0,1646921.0,TWSE_RWD_JSON_MI_INDEX,data/daily_price/daily_price_20240315.csv,31.262,31.2245,30.6091,30.6091,31.1066,-1.2179,-2.776,1.7162,,,173857.15,0.3075,31.8,31.8,31.8,30.29,29.09,29.09,-1.2955,0.689,0.689,-0.9213,-3.0818,-3.0818,-3.0818,5.9471,5.9471
20240318,00737,國泰AI機器人,TWSE,30.52,30.58,30.5,30.53,110053.0,3361820.0,TWSE_RWD_JSON_MI_INDEX,data/daily_price/daily_price_20240318.csv,31.064,31.236,30.6073,30.6073,31.0585,-0.9409,-3.1409,0.7591,,,174267.9,0.6315,31.8,31.8,31.8,30.39,29.09,29.09,-2.2602,-0.2527,-0.2527,-1.7017,-3.9937,-3.9937,-3.9937,4.9502,4.9502
20240319,00737,國泰AI機器人,TWSE,30.59,30.8,30.59,30.79,33955.0,1044116.0,TWSE_RWD_JSON_MI_INDEX,data/daily_price/daily_price_20240319.csv,30.952,31.2255,30.6113,30.6113,31.0362,0.8516,-1.7863,-0.6774,,,157083.25,0.2162,31.8,31.8,31.8,30.5,29.09,29.09,-1.3947,0.5838,0.5838,-0.7931,-3.1761,-3.1761,-3.1761,5.8439,5.8439
20240320,00737,國泰AI機器人,TWSE,30.79,30.83,30.77,30.81,86993.0,2680234.0,TWSE_RWD_JSON_MI_INDEX,data/daily_price/daily_price_20240320.csv,30.83,31.1995,30.6155,30.6155,31.0173,0.065,-1.9414,-1.6598,,,149860.25,0.5805,31.8,31.8,31.8,30.5,29.09,29.09,-1.2484,0.6352,0.6352,-0.6684,-3.1132,-3.1132,-3.1132,5.9127,5.9127
20240321,00737,國泰AI機器人,TWSE,31.46,31.74,31.3,31.7,438087.0,13832650.0,TWSE_RWD_JSON_MI_INDEX,data/daily_price/daily_price_20240321.csv,30.93,31.225,30.6381,30.6381,31.0742,2.8887,1.6026,1.6351,,,168724.25,2.5965,31.8,31.8,31.8,30.5,29.09,29.09,1.5212,3.4659,3.4659,2.0139,-0.3145,-0.3145,-0.3145,8.9722,8.9722
20240322,00737,國泰AI機器人,TWSE,32.0,32.0,31.63,31.64,315614.0,10014890.0,TWSE_RWD_JSON_MI_INDEX,data/daily_price/daily_price_20240322.csv,31.094,31.2495,30.6586,30.6586,31.1214,-0.1893,2.6606,1.573,,,175308.9,1.8003,32.0,32.0,32.0,30.5,29.09,29.09,1.2496,3.2012,3.2012,1.6665,-1.125,-1.125,-1.125,8.7659,8.7659
20240325,00737,國泰AI機器人,TWSE,31.48,31.56,31.45,31.46,85009.0,2678894.0,TWSE_RWD_JSON_MI_INDEX,data/daily_price/daily_price_20240325.csv,31.28,31.281,30.6746,30.6746,31.1496,-0.5689,3.0462,2.0435,,,177929.15,0.4778,32.0,32.0,32.0,30.5,29.09,29.09,0.5722,2.5604,2.5604,0.9966,-1.6875,-1.6875,-1.6875,8.1471,8.1471
20240326,00737,國泰AI機器人,TWSE,31.46,31.47,31.37,31.38,198055.0,6226448.0,TWSE_RWD_JSON_MI_INDEX,data/daily_price/daily_price_20240326.csv,31.398,31.2975,30.6884,30.6884,31.1688,-0.2543,1.9162,1.0628,,,165030.25,1.2001,32.0,32.0,32.0,30.5,29.09,29.09,0.2636,2.2535,2.2535,0.6777,-1.9375,-1.9375,-1.9375,7.8721,7.8721
20240327,00737,國泰AI機器人,TWSE,31.38,31.45,31.38,31.45,133606.0,4199793.0,TWSE_RWD_JSON_MI_INDEX,data/daily_price/daily_price_20240327.csv,31.526,31.3255,30.7031,30.7031,31.1922,0.2231,2.0772,1.8129,,,167374.3,0.7982,32.0,32.0,32.0,30.5,29.09,29.09,0.3974,2.4327,2.4327,0.8265,-1.7188,-1.7188,-1.7188,8.1128,8.1128
20240328,00737,國泰AI機器人,TWSE,31.55,31.62,31.43,31.49,1615443.0,50902202.0,TWSE_RWD_JSON_MI_INDEX,data/daily_price/daily_price_20240328.csv,31.484,31.34,30.7179,30.7179,31.217,0.1272,-0.6625,0.9295,,,243221.85,6.6418,32.0,32.0,32.0,30.5,29.09,29.09,0.4786,2.5134,2.5134,0.8744,-1.5938,-1.5938,-1.5938,8.2503,8.2503
20240329,00737,國泰AI機器人,TWSE,31.49,31.58,31.49,31.51,18073.0,569538.0,TWSE_RWD_JSON_MI_INDEX,data/daily_price/daily_price_20240329.csv,31.458,31.3455,30.7326,30.7326,31.2414,0.0635,-0.4109,0.3503,,,238846.4,0.0757,32.0,32.0,32.0,30.5,29.09,29.09,0.5248,2.5296,2.5296,0.8596,-1.5312,-1.5312,-1.5312,8.319,8.319
20240401,00737,國泰AI機器人,TWSE,31.67,31.73,31.67,31.71,37130.0,1176929.0,TWSE_RWD_JSON_MI_INDEX,data/daily_price/daily_price_20240401.csv,31.508,31.3505,30.7504,30.7504,31.2805,0.6347,0.7947,0.3164,,,217587.2,0.1706,32.0,32.0,32.0,30.5,29.09,29.09,1.1467,3.1207,3.1207,1.3731,-0.9062,-0.9062,-0.9062,9.0065,9.0065
20240402,00737,國泰AI機器人,TWSE,31.51,31.51,31.34,31.39,1357418.0,42596826.0,TWSE_RWD_JSON_MI_INDEX,data/daily_price/daily_price_20240402.csv,31.51,31.3405,30.7618,30.7618,31.2896,-1.0091,0.0319,-0.6331,,,272772.0,4.9764,32.0,32.0,32.0,30.5,29.09,29.09,0.1579,2.0422,2.0422,0.3208,-1.9062,-1.9062,-1.9062,7.9065,7.9065
20240403,00737,國泰AI機器人,TWSE,31.33,31.33,31.08,31.1,124673.0,3880521.0,TWSE_RWD_JSON_MI_INDEX,data/daily_price/daily_price_20240403.csv,31.44,31.326,30.7677,30.7677,31.2738,-0.9239,-1.1129,-0.9239,,,271152.6,0.4598,32.0,32.0,32.0,30.5,29.09,29.09,-0.7214,1.08,1.08,-0.5558,-2.8125,-2.8125,-2.8125,6.9096,6.9096
20240408,00737,國泰AI機器人,TWSE,31.1,31.1,30.89,30.95,348864.0,10801999.0,TWSE_RWD_JSON_MI_INDEX,data/daily_price/daily_price_20240408.csv,31.332,31.296,30.7709,30.7709,31.2468,-0.4823,-1.7148,-1.9017,,,278720.05,1.2517,32.0,32.0,32.0,30.5,29.09,29.09,-1.1056,0.5822,0.5822,-0.9499,-3.2813,-3.2813,-3.2813,6.3939,6.3939
20240410,00737,國泰AI機器人,TWSE,31.27,31.3,31.2,31.24,139518.0,4358143.0,TWSE_RWD_JSON_MI_INDEX,data/daily_price/daily_price_20240410.csv,31.278,31.273,30.7788,30.7788,31.2463,0.937,-0.8569,-1.4511,,,278234.2,0.5014,32.0,32.0,32.0,30.5,29.09,29.09,-0.1055,1.4984,1.4984,-0.02,-2.375,-2.375,-2.375,7.3909,7.3909
20240411,00737,國泰AI機器人,TWSE,31.03,31.03,30.86,30.93,157706.0,4871734.0,TWSE_RWD_JSON_MI_INDEX,data/daily_price/daily_price_20240411.csv,31.122,31.2435,30.7813,30.7813,31.2199,-0.9923,-2.4598,-1.8718,,,283033.2,0.5572,32.0,32.0,32.0,30.5,29.09,29.09,-1.0034,0.483,0.483,-0.9286,-3.3438,-3.3438,-3.3438,6.3252,6.3252
20240412,00737,國泰AI機器人,TWSE,30.98,31.16,30.98,31.13,208546.0,6478088.0,TWSE_RWD_JSON_MI_INDEX,data/daily_price/daily_price_20240412.csv,31.07,31.2325,30.7883,30.787,31.2124,0.6466,-0.8283,-0.7018,1.3676,,280787.25,0.7427,32.0,32.0,32.0,30.5,29.09,29.09,-0.3282,1.1097,1.1139,-0.264,-2.7188,-2.7188,-2.7188,7.0127,7.0127
20240415,00737,國泰AI機器人,TWSE,30.8,30.8,30.66,30.71,344225.0,10561841.0,TWSE_RWD_JSON_MI_INDEX,data/daily_price/daily_price_20240415.csv,30.992,31.197,30.7982,30.7858,31.1705,-1.3492,-1.254,-2.2597,1.9588,,293394.85,1.1732,32.0,32.0,32.0,30.5,29.09,29.09,-1.561,-0.2863,-0.2462,-1.4775,-4.0312,-4.0312,-4.0312,5.5689,5.5689
20240416,00737,國泰AI機器人,TWSE,30.1,30.1,29.8,29.98,247024.0,7406756.0,TWSE_RWD_JSON_MI_INDEX,data/daily_price/daily_price_20240416.csv,30.798,31.136,30.8063,30.773,31.0713,-2.3771,-3.1341,-3.9103,1.6616,,302672.55,0.8161,32.0,32.0,32.0,29.8,29.09,29.09,-3.7127,-2.6823,-2.577,-3.5123,-6.3125,-6.3125,-6.3125,3.0595,3.0595
20240417,00737,國泰AI機器人,TWSE,29.83,29.84,29.7,29.8,233480.0,6957958.0,TWSE_RWD_JSON_MI_INDEX,data/daily_price/daily_price_20240417.csv,30.51,31.085,30.8157,30.7578,30.9654,-0.6004,-4.6095,-3.3095,1.9152,,311673.6,0.7491,32.0,32.0,32.0,29.7,29.09,29.09,-4.1338,-3.2959,-3.114,-3.7635,-6.875,-6.875,-6.875,2.4407,2.4407
20240418,00737,國泰AI機器人,TWSE,29.66,29.7,29.46,29.49,93326.0,2753430.0,TWSE_RWD_JSON_MI_INDEX,data/daily_price/daily_price_20240418.csv,30.222,31.033,30.8217,30.7383,30.8424,-1.0403,-4.6557,-3.4065,1.2358,,310837.25,0.3002,32.0,32.0,32.0,29.46,29.46,29.09,-4.9721,-4.3206,-4.0611,-4.385,-7.8438,-7.8438,-7.8438,0.1018,1.375
20240419,00737,國泰AI機器人,TWSE,29.45,29.45,29.0,29.12,122426.0,3565578.0,TWSE_RWD_JSON_MI_INDEX,data/daily_price/daily_price_20240419.csv,29.82,30.9495,30.8118,30.7138,30.6989,-1.2547,-6.4568,-5.4238,-1.9859,,315260.8,0.3883,32.0,32.0,32.0,29.0,29.0,29.0,-5.9112,-5.4909,-5.1892,-5.1432,-9.0,-9.0,-9.0,0.4138,0.4138
20240422,00737,國泰AI機器人,TWSE,29.11,29.29,29.09,29.29,255080.0,7445760.0,TWSE_RWD_JSON_MI_INDEX,data/daily_price/daily_price_20240422.csv,29.536,30.8735,30.8037,30.6925,30.5815,0.5838,-4.6239,-4.9335,-1.6454,,323665.15,0.7881,32.0,32.0,32.0,29.0,29.0,29.0,-5.129,-4.9139,-4.5696,-4.2231,-8.4688,-8.4688,-8.4688,1.0,1.0
20240423,00737,國泰AI機器人,TWSE,29.41,29.45,29.39,29.41,90130.0,2651074.0,TWSE_RWD_JSON_MI_INDEX,data/daily_price/daily_price_20240423.csv,29.422,30.759,30.7927,30.6737,30.4839,0.4097,-1.9013,-7.224,-2.1949,,306267.3,0.2943,32.0,32.0,32.0,29.0,29.0,29.0,-4.3857,-4.4902,-4.1197,-3.5227,-8.0938,-8.0938,-8.0938,1.4138,1.4138
20240424,00737,國泰AI機器人,TWSE,29.95,30.01,29.94,30.01,20455.0,612716.0,TWSE_RWD_JSON_MI_INDEX,data/daily_price/daily_price_20240424.csv,29.464,30.6775,30.7928,30.6641,30.4444,2.0401,0.7047,-5.1517,0.0333,,291509.35,0.0702,31.73,32.0,32.0,29.0,29.0,29.0,-2.1759,-2.5423,-2.133,-1.4268,-5.4207,-6.2187,-6.2187,3.4828,3.4828
20240425,00737,國泰AI機器人,TWSE,29.98,30.02,29.82,29.88,343915.0,10281714.0,TWSE_RWD_JSON_MI_INDEX,data/daily_price/daily_price_20240425.csv,29.542,30.5985,30.79,30.6529,30.3973,-0.4332,1.3225,-5.0223,-0.5657,,304454.65,1.1296,31.73,32.0,32.0,29.0,29.0,29.0,-2.3482,-2.9555,-2.5213,-1.702,-5.8304,-6.625,-6.625,3.0345,3.0345
20240426,00737,國泰AI機器人,TWSE,29.92,29.92,29.83,29.89,61781.0,1844527.0,TWSE_RWD_JSON_MI_INDEX,data/daily_price/daily_price_20240426.csv,29.696,30.524,30.7882,30.6421,30.3551,0.0335,2.6442,-4.7482,-0.3667,,297640.95,0.2076,31.73,32.0,32.0,29.0,29.0,29.0,-2.0771,-2.9172,-2.4545,-1.5321,-5.7989,-6.5937,-6.5937,3.069,3.069
20240429,00737,國泰AI機器人,TWSE,30.31,30.38,30.29,30.38,159219.0,4828964.0,TWSE_RWD_JSON_MI_INDEX,data/daily_price/daily_price_20240429.csv,29.914,30.4705,30.7963,30.6385,30.3571,1.6393,3.7214,-3.4022,1.6393,,298921.6,0.5326,31.73,32.0,32.0,29.0,29.0,29.0,-0.297,-1.3519,-0.8436,0.0753,-4.2546,-5.0625,-5.0625,4.7586,4.7586
20240430,00737,國泰AI機器人,TWSE,30.38,30.41,30.36,30.36,132841.0,4035799.0,TWSE_RWD_JSON_MI_INDEX,data/daily_price/daily_price_20240430.csv,30.104,30.414,30.8077,30.6347,30.3574,-0.0658,3.2302,-3.5884,2.2911,,224791.5,0.591,31.73,32.0,32.0,29.0,29.0,29.0,-0.1775,-1.4531,-0.8966,0.0086,-4.3177,-5.125,-5.125,4.6897,4.6897
20240502,00737,國泰AI機器人,TWSE,30.0,30.16,30.0,30.16,340644.0,10257476.0,TWSE_RWD_JSON_MI_INDEX,data/daily_price/daily_price_20240502.csv,30.134,30.3465,30.8122,30.6282,30.3409,-0.6588,0.4998,-4.2844,0.9033,,240920.05,1.4139,31.73,32.0,32.0,29.0,29.0,29.0,-0.6146,-2.1166,-1.5288,-0.5963,-4.948,-5.75,-5.75,4.0,4.0
20240503,00737,國泰AI機器人,TWSE,30.16,30.16,30.1,30.15,64766.0,1951697.0,TWSE_RWD_JSON_MI_INDEX,data/daily_price/daily_price_20240503.csv,30.188,30.2685,30.8113,30.6219,30.325,-0.0332,0.9036,-4.9196,-0.1656,,242301.85,0.2673,31.51,32.0,32.0,29.0,29.0,29.0,-0.3915,-2.1464,-1.5409,-0.5772,-4.3161,-5.7813,-5.7813,3.9655,3.9655
20240506,00737,國泰AI機器人,TWSE,30.32,30.44,30.32,30.44,22789.0,692941.0,TWSE_RWD_JSON_MI_INDEX,data/daily_price/daily_price_20240506.csv,30.298,30.221,30.809,30.6195,30.3346,0.9619,1.8401,-3.0264,-0.4578,,175570.4,0.1298,31.33,32.0,32.0,29.0,29.0,29.0,0.7247,-1.1977,-0.5861,0.3474,-2.8407,-4.875,-4.875,4.9655,4.9655
20240507,00737,國泰AI機器人,TWSE,30.67,30.78,30.67,30.77,70360.0,2162454.0,TWSE_RWD_JSON_MI_INDEX,data/daily_price/daily_price_20240507.csv,30.376,30.2045,30.8095,30.6214,30.3709,1.0841,1.2837,-1.0611,0.0976,,172854.75,0.407,31.3,32.0,32.0,29.0,29.0,29.0,1.8722,-0.1282,0.4852,1.3141,-1.6933,-3.8438,-3.8438,6.1034,6.1034
20240508,00737,國泰AI機器人,TWSE,30.75,30.75,30.64,30.66,174792.0,5358337.0,TWSE_RWD_JSON_MI_INDEX,data/daily_price/daily_price_20240508.csv,30.436,30.19,30.811,30.6219,30.395,-0.3575,0.9881,-0.937,0.2944,,164151.15,1.0648,31.3,32.0,32.0,29.0,29.0,29.0,1.5568,-0.4901,0.1243,0.8719,-2.0447,-4.1875,-4.1875,5.7241,5.7241
20240509,00737,國泰AI機器人,TWSE,30.6,30.66,30.6,30.65,73916.0,2263473.0,TWSE_RWD_JSON_MI_INDEX,data/daily_price/daily_price_20240509.csv,30.534,30.1605,30.8152,30.6223,30.4162,-0.0326,1.6247,-1.8886,0.8224,,160871.05,0.4595,31.16,32.0,32.0,29.0,29.0,29.0,1.623,-0.536,0.0905,0.7686,-1.6367,-4.2188,-4.2188,5.6897,5.6897
20240510,00737,國泰AI機器人,TWSE,30.72,30.72,30.68,30.71,41598.0,1277248.0,TWSE_RWD_JSON_MI_INDEX,data/daily_price/daily_price_20240510.csv,30.646,30.1495,30.8203,30.6234,30.4407,0.1958,1.8574,-0.7113,1.0197,,155065.65,0.2683,31.16,32.0,32.0,29.0,29.0,29.0,1.8591,-0.358,0.2829,0.8846,-1.4442,-4.0312,-4.0312,5.8966,5.8966
20240513,00737,國泰AI機器人,TWSE,30.71,30.71,30.6,30.65,48056.0,1471685.0,TWSE_RWD_JSON_MI_INDEX,data/daily_price/daily_price_20240513.csv,30.688,30.1255,30.819,30.6237,30.4582,-0.1954,0.6899,-1.5419,-0.2603,,147041.15,0.3268,30.8,32.0,32.0,29.0,29.0,29.0,1.741,-0.5484,0.0859,0.6299,-0.487,-4.2188,-4.2188,5.6897,5.6897
20240514,00737,國泰AI機器人,TWSE,30.65,30.82,30.65,30.81,158559.0,4883816.0,TWSE_RWD_JSON_MI_INDEX,data/daily_price/daily_price_20240514.csv,30.696,30.1305,30.8257,30.626,30.4875,0.522,0.13,0.3256,1.3154,,137757.85,1.151,30.82,32.0,32.0,29.0,29.0,29.0,2.2552,-0.0508,0.6009,1.0579,-0.0324,-3.7188,-3.7188,6.2414,6.2414
20240515,00737,國泰AI機器人,TWSE,30.87,31.1,30.87,30.99,48039.0,1490007.0,TWSE_RWD_JSON_MI_INDEX,data/daily_price/daily_price_20240515.csv,30.762,30.181,30.8385,30.6304,30.5294,0.5842,1.0763,3.3689,2.548,,127808.6,0.3759,31.1,32.0,32.0,29.0,29.0,29.0,2.6805,0.4913,1.1741,1.5089,-0.3537,-3.1563,-3.1563,6.8621,6.8621
20240516,00737,國泰AI機器人,TWSE,31.25,31.3,31.2,31.21,55727.0,1740689.0,TWSE_RWD_JSON_MI_INDEX,data/daily_price/daily_price_20240516.csv,30.874,30.2515,30.8537,30.6373,30.5861,0.7099,1.8271,4.7315,3.0033,,118920.95,0.4686,31.3,32.0,32.0,29.0,29.0,29.0,3.1684,1.1549,1.8694,2.0399,-0.2875,-2.4687,-2.4687,7.6207,7.6207
20240517,00737,國泰AI機器人,TWSE,31.12,31.12,31.0,31.05,33919.0,1053289.0,TWSE_RWD_JSON_MI_INDEX,data/daily_price/daily_price_20240517.csv,30.942,30.3295,30.8662,30.6421,30.6247,-0.5127,1.1071,5.2899,2.4752,,115950.6,0.2925,31.3,32.0,32.0,29.0,29.0,29.0,2.3756,0.5956,1.3311,1.3886,-0.7987,-2.9687,-2.9687,7.069,7.069
20240520,00737,國泰AI機器人,TWSE,31.2,31.2,30.96,31.02,33527.0,1039134.0,TWSE_RWD_JSON_MI_INDEX,data/daily_price/daily_price_20240520.csv,31.016,30.4245,30.8665,30.6465,30.6577,-0.0966,1.2072,6.5247,0.0645,,111505.65,0.3007,31.3,32.0,32.0,29.09,29.0,29.0,1.9573,0.4973,1.2187,1.1819,-0.8946,-3.0625,-3.0625,6.9655,6.9655
20240521,00737,國泰AI機器人,TWSE,31.12,31.12,31.07,31.09,23232.0,722289.0,TWSE_RWD_JSON_MI_INDEX,data/daily_price/daily_price_20240521.csv,31.072,30.5145,30.8625,30.6516,30.6937,0.2257,0.9088,6.1454,-0.766,,99913.25,0.2325,31.3,32.0,32.0,29.39,29.0,29.0,1.886,0.7371,1.4302,1.2911,-0.6709,-2.8438,-2.8438,7.2069,7.2069
20240522,00737,國泰AI機器人,TWSE,30.9,30.95,30.86,30.87,258760.0,7991337.0,TWSE_RWD_JSON_MI_INDEX,data/daily_price/daily_price_20240522.csv,31.048,30.5875,30.8572,30.6541,30.7084,-0.7076,-0.3872,4.9643,-1.026,,108344.75,2.3883,31.3,32.0,32.0,29.82,29.0,29.0,0.9236,0.0416,0.7043,0.5263,-1.3738,-3.5312,-3.5312,6.4483,6.4483
20240523,00737,國泰AI機器人,TWSE,31.0,31.0,30.9,30.96,120199.0,3718678.0,TWSE_RWD_JSON_MI_INDEX,data/daily_price/daily_price_20240523.csv,30.998,30.635,30.854,30.6575,30.7294,0.2915,-0.801,3.1656,-0.61,,113331.95,1.0606,31.3,32.0,32.0,29.82,29.0,29.0,1.0609,0.3436,0.9866,0.7506,-1.0863,-3.25,-3.25,6.7586,6.7586
20240524,00737,國泰AI機器人,TWSE,30.73,30.76,30.73,30.73,54488.0,1675145.0,TWSE_RWD_JSON_MI_INDEX,data/daily_price/daily_price_20240524.csv,30.934,30.6775,30.8523,30.6583,30.7294,-0.7429,-1.0306,2.8447,-0.3244,,98860.6,0.5512,31.3,32.0,32.0,29.83,29.0,29.0,0.1711,-0.3965,0.2338,0.0019,-1.8211,-3.9687,-3.9687,5.9655,5.9655
20240527,00737,國泰AI機器人,TWSE,31.13,31.13,30.59,30.66,203085.0,6221206.0,TWSE_RWD_JSON_MI_INDEX,data/daily_price/daily_price_20240527.csv,30.862,30.716,30.8458,30.6584,30.7236,-0.2278,-1.1605,2.5761,-1.256,,105925.8,1.9172,31.3,32.0,32.0,30.0,29.0,29.0,-0.1823,-0.6025,0.0054,-0.2071,-2.0447,-4.1875,-4.1875,5.7241,5.7241
20240528,00737,國泰AI機器人,TWSE,30.66,30.73,30.66,30.67,67414.0,2069197.0,TWSE_RWD_JSON_MI_INDEX,data/daily_price/daily_price_20240528.csv,30.778,30.7305,30.8422,30.6585,30.7192,0.0326,-1.3509,0.9546,-0.7122,,101335.55,0.6653,31.3,32.0,32.0,30.0,29.0,29.0,-0.1969,-0.5582,0.0376,-0.16,-2.0128,-4.1562,-4.1562,5.7586,5.7586
20240529,00737,國泰AI機器人,TWSE,30.69,30.69,30.64,30.67,94702.0,2904027.0,TWSE_RWD_JSON_MI_INDEX,data/daily_price/daily_price_20240529.csv,30.738,30.746,30.8333,30.6586,30.7151,0.0,-0.6479,1.0211,-1.6987,,99428.6,0.9525,31.3,32.0,32.0,30.0,29.0,29.0,-0.2472,-0.5297,0.0372,-0.1467,-2.0128,-4.1562,-4.1562,5.7586,5.7586
20240530,00737,國泰AI機器人,TWSE,30.26,30.34,30.22,30.25,251949.0,7617884.0,TWSE_RWD_JSON_MI_INDEX,data/daily_price/daily_price_20240530.csv,30.596,30.7505,30.8142,30.6543,30.6763,-1.3694,-2.2933,0.2984,-3.6624,,94993.85,2.6523,31.3,32.0,32.0,30.1,29.0,29.0,-1.6276,-1.8309,-1.3188,-1.3897,-3.3546,-5.4688,-5.4688,4.3103,4.3103
20240531,00737,國泰AI機器人,TWSE,30.26,30.26,30.2,30.21,91551.0,2767049.0,TWSE_RWD_JSON_MI_INDEX,data/daily_price/daily_price_20240531.csv,30.492,30.7535,30.7908,30.6496,30.6374,-0.1322,-1.6922,0.199,-4.429,,96333.1,0.9504,31.3,32.0,32.0,30.2,29.0,29.0,-1.7673,-1.8864,-1.4342,-1.3952,-3.4824,-5.5937,-5.5937,4.1724,4.1724
20240603,00737,國泰AI機器人,TWSE,30.4,30.4,30.33,30.38,75511.0,2293108.0,TWSE_RWD_JSON_MI_INDEX,data/daily_price/daily_price_20240603.csv,30.436,30.7505,30.7707,30.6468,30.616,0.5627,-0.9132,-0.1971,-3.8303,,98969.2,0.763,31.3,32.0,32.0,30.2,29.0,29.0,-1.2049,-1.2696,-0.8705,-0.7708,-2.9393,-5.0625,-5.0625,4.7586,4.7586
20240604,00737,國泰AI機器人,TWSE,30.39,30.4,30.34,30.38,88847.0,2697647.0,TWSE_RWD_JSON_MI_INDEX,data/daily_price/daily_price_20240604.csv,30.378,30.731,30.7538,30.644,30.5963,0.0,-0.9455,-1.2675,-3.2176,,99893.55,0.8894,31.3,32.0,32.0,30.2,29.0,29.0,-1.1422,-1.2156,-0.8616,-0.707,-2.9393,-5.0625,-5.0625,4.7586,4.7586
20240605,00737,國泰AI機器人,TWSE,30.33,30.33,30.22,30.28,67250.0,2035017.0,TWSE_RWD_JSON_MI_INDEX,data/daily_price/daily_price_20240605.csv,30.3,30.712,30.7327,30.6403,30.57,-0.3292,-1.2716,-1.2394,-4.0254,,94516.45,0.7115,31.3,32.0,32.0,30.2,29.0,29.0,-1.4066,-1.4729,-1.1759,-0.9485,-3.2588,-5.375,-5.375,4.4138,4.4138
20240606,00737,國泰AI機器人,TWSE,30.6,30.65,30.56,30.58,254464.0,7786862.0,TWSE_RWD_JSON_MI_INDEX,data/daily_price/daily_price_20240606.csv,30.366,30.7085,30.714,30.6397,30.5708,0.9908,1.0909,-0.2284,-3.5331,,103543.85,2.4575,31.3,32.0,32.0,30.2,29.0,29.0,-0.4185,-0.4363,-0.1948,0.0301,-2.3003,-4.4375,-4.4375,5.4483,5.4483
20240607,00737,國泰AI機器人,TWSE,30.6,30.71,30.6,30.69,236617.0,7252680.0,TWSE_RWD_JSON_MI_INDEX,data/daily_price/daily_price_20240607.csv,30.462,30.7075,30.7002,30.6402,30.5807,0.3597,1.5889,-0.0651,-2.6332,,113294.8,2.0885,31.3,32.0,32.0,30.2,29.0,29.0,-0.057,-0.0331,0.1625,0.3573,-1.9489,-4.0937,-4.0937,5.8276,5.8276
20240611,00737,國泰AI機器人,TWSE,30.66,30.66,30.5,30.54,81496.0,2488951.0,TWSE_RWD_JSON_MI_INDEX,data/daily_price/daily_price_20240611.csv,30.494,30.702,30.6867,30.6392,30.5773,-0.4888,0.5267,-0.3589,-2.5837,,114966.8,0.7089,31.3,32.0,32.0,30.2,29.0,29.0,-0.5277,-0.4779,-0.3238,-0.1221,-2.4281,-4.5625,-4.5625,5.3103,5.3103
20240612,00737,國泰AI機器人,TWSE,30.55,30.58,30.51,30.53,51207.0,1563739.0,TWSE_RWD_JSON_MI_INDEX,data/daily_price/daily_price_20240612.csv,30.524,30.688,30.6718,30.6381,30.5734,-0.0327,0.4937,-0.9088,-2.8326,,109599.2,0.4672,31.3,32.0,32.0,30.2,29.0,29.0,-0.5149,-0.4624,-0.3529,-0.1419,-2.4601,-4.5937,-4.5937,5.2759,5.2759
20240613,00737,國泰AI機器人,TWSE,30.6,30.71,30.6,30.7,75655.0,2322167.0,TWSE_RWD_JSON_MI_INDEX,data/daily_price/daily_price_20240613.csv,30.608,30.6735,30.6635,30.6387,30.5839,0.5568,1.3871,-0.9358,-1.6026,,110980.0,0.6817,31.3,32.0,32.0,30.2,29.0,29.0,0.0864,0.119,0.1999,0.3795,-1.9169,-4.0625,-4.0625,5.8621,5.8621
20240614,00737,國泰AI機器人,TWSE,30.6,30.6,30.52,30.53,41547.0,1268795.0,TWSE_RWD_JSON_MI_INDEX,data/daily_price/daily_price_20240614.csv,30.598,30.6395,30.6587,30.6377,30.5795,-0.5537,-0.1635,-2.1788,-0.9409,,110271.0,0.3768,31.2,32.0,32.0,30.2,29.0,29.0,-0.3574,-0.4197,-0.3515,-0.1617,-2.1474,-4.5937,-4.5937,5.2759,5.2759
20240617,00737,國泰AI機器人,TWSE,30.25,30.25,30.13,30.15,847021.0,25557581.0,TWSE_RWD_JSON_MI_INDEX,data/daily_price/daily_price_20240617.csv,30.49,30.5945,30.6523,30.633,30.5437,-1.2447,-1.7595,-2.8986,-1.2447,,150926.1,5.6122,31.2,32.0,32.0,30.13,29.0,29.0,-1.4529,-1.6388,-1.5769,-1.2889,-3.3654,-5.7813,-5.7813,3.9655,3.9655
20240618,00737,國泰AI機器人,TWSE,30.16,30.3,30.16,30.3,113864.0,3445107.0,TWSE_RWD_JSON_MI_INDEX,data/daily_price/daily_price_20240618.csv,30.442,30.5585,30.6442,30.6299,30.5234,0.4975,-0.7859,-2.3211,-1.5914,,154942.95,0.7349,31.13,32.0,32.0,30.13,29.0,29.0,-0.8459,-1.1231,-1.0771,-0.7318,-2.6662,-5.3125,-5.3125,4.4828,4.4828
20240619,00737,國泰AI機器人,TWSE,30.3,30.39,30.3,30.33,213246.0,6474976.0,TWSE_RWD_JSON_MI_INDEX,data/daily_price/daily_price_20240619.csv,30.402,30.5205,30.6362,30.6271,30.5072,0.099,-0.6551,-2.4445,-1.5579,,164443.65,1.2968,31.13,32.0,32.0,30.13,29.0,29.0,-0.6242,-0.9994,-0.9701,-0.581,-2.5699,-5.2188,-5.2188,4.5862,4.5862
20240620,00737,國泰AI機器人,TWSE,30.4,30.44,30.39,30.44,137862.0,4191186.0,TWSE_RWD_JSON_MI_INDEX,data/daily_price/daily_price_20240620.csv,30.35,30.499,30.6152,30.6254,30.5016,0.3627,-0.8469,-1.3929,-3.9748,,158398.75,0.8703,31.13,32.0,32.0,30.13,29.0,29.0,-0.1934,-0.5722,-0.6053,-0.2021,-2.2165,-4.875,-4.875,4.9655,4.9655
20240621,00737,國泰AI機器人,TWSE,30.3,30.3,30.23,30.26,71686.0,2167953.0,TWSE_RWD_JSON_MI_INDEX,data/daily_price/daily_price_20240621.csv,30.296,30.464,30.5922,30.622,30.4815,-0.5913,-0.8844,-2.261,-4.3616,,155973.1,0.4596,31.13,31.73,32.0,30.13,29.0,29.0,-0.6696,-1.0858,-1.1822,-0.7267,-2.7947,-4.6328,-5.4375,4.3448,4.3448
20240624,00737,國泰AI機器人,TWSE,30.5,30.5,30.1,30.14,452411.0,13644243.0,TWSE_RWD_JSON_MI_INDEX,data/daily_price/daily_price_20240624.csv,30.294,30.4345,30.5702,30.6176,30.453,-0.3966,-0.0332,-1.9199,-4.1958,,175869.25,2.5724,31.13,31.73,32.0,30.1,29.0,29.0,-0.9677,-1.4071,-1.56,-1.028,-3.1802,-5.011,-5.8125,3.931,3.931
20240625,00737,國泰AI機器人,TWSE,30.07,30.13,30.05,30.13,55425.0,1669810.0,TWSE_RWD_JSON_MI_INDEX,data/daily_price/daily_price_20240625.csv,30.26,30.408,30.5493,30.6132,30.4261,-0.0332,-0.5611,-1.7286,-3.9834,,168486.25,0.329,30.73,31.73,32.0,30.05,29.0,29.0,-0.9142,-1.3726,-1.5785,-0.9733,-1.9525,-5.0425,-5.8438,3.8966,3.8966
20240626,00737,國泰AI機器人,TWSE,30.1,30.1,30.03,30.07,123167.0,3701124.0,TWSE_RWD_JSON_MI_INDEX,data/daily_price/daily_price_20240626.csv,30.208,30.378,30.5263,30.6084,30.3964,-0.1991,-0.8572,-1.9563,-4.3879,,171273.9,0.7191,30.71,31.73,32.0,30.03,29.0,29.0,-1.0139,-1.4949,-1.759,-1.074,-2.084,-5.2316,-6.0312,3.6897,3.6897
20240627,00737,國泰AI機器人,TWSE,30.05,30.11,30.05,30.1,94564.0,2845307.0,TWSE_RWD_JSON_MI_INDEX,data/daily_price/daily_price_20240627.csv,30.14,30.3495,30.5032,30.6039,30.3717,0.0998,-1.117,-1.8585,-4.4141,,171267.0,0.5521,30.71,31.73,32.0,30.03,29.0,29.0,-0.8221,-1.3217,-1.6465,-0.8947,-1.9863,-5.1371,-5.9375,3.7931,3.7931
20240628,00737,國泰AI機器人,TWSE,30.47,30.5,30.43,30.43,60972.0,1857100.0,TWSE_RWD_JSON_MI_INDEX,data/daily_price/daily_price_20240628.csv,30.174,30.3585,30.4852,30.6024,30.3766,1.0963,0.5618,0.595,-3.4275,,161718.15,0.377,30.71,31.73,32.0,30.03,29.0,29.0,0.2355,-0.181,-0.5633,0.1758,-0.9118,-4.0971,-4.9063,4.931,4.931
20240701,00737,國泰AI機器人,TWSE,30.46,30.49,30.46,30.48,107983.0,3290310.0,TWSE_RWD_JSON_MI_INDEX,data/daily_price/daily_price_20240701.csv,30.242,30.372,30.4647,30.6013,30.3852,0.1643,1.1281,0.8937,-3.8789,,162539.75,0.6643,30.71,31.51,32.0,30.03,29.0,29.0,0.3556,0.0503,-0.3964,0.3119,-0.7489,-3.2688,-4.75,5.1034,5.1034
20240702,00737,國泰AI機器人,TWSE,30.26,30.3,30.22,30.28,74363.0,2250527.0,TWSE_RWD_JSON_MI_INDEX,data/daily_price/daily_price_20240702.csv,30.272,30.367,30.4462,30.5985,30.3764,-0.6562,0.4978,-0.3292,-3.5362,,162482.35,0.4577,30.71,31.33,32.0,30.03,29.0,29.0,-0.2865,-0.5458,-1.041,-0.3175,-1.4002,-3.3514,-5.375,4.4138,4.4138
20240703,00737,國泰AI機器人,TWSE,30.28,30.52,30.28,30.52,396701.0,12102398.0,TWSE_RWD_JSON_MI_INDEX,data/daily_price/daily_price_20240703.csv,30.362,30.374,30.4365,30.5979,30.3884,0.7926,1.4965,0.4608,-1.865,,177875.05,2.2302,30.71,31.3,32.0,30.03,29.0,29.0,0.4807,0.2743,-0.2545,0.433,-0.6187,-2.492,-4.625,5.2414,5.2414
20240704,00737,國泰AI機器人,TWSE,30.6,30.7,30.6,30.63,76668.0,2350120.0,TWSE_RWD_JSON_MI_INDEX,data/daily_price/daily_price_20240704.csv,30.468,30.3915,30.4312,30.5981,30.4085,0.3604,1.7608,1.1559,-1.0339,,178345.95,0.4299,30.71,31.3,32.0,30.03,29.0,29.0,0.7848,0.6534,0.1041,0.7283,-0.2605,-2.1406,-4.2813,5.6207,5.6207
20240705,00737,國泰AI機器人,TWSE,30.63,30.63,30.59,30.6,61361.0,1877784.0,TWSE_RWD_JSON_MI_INDEX,data/daily_price/daily_price_20240705.csv,30.502,30.3925,30.4205,30.5982,30.4245,-0.0979,0.5587,0.0654,-2.0487,,168690.8,0.3637,30.71,31.3,32.0,30.03,29.0,29.0,0.6827,0.5901,0.006,0.5768,-0.3582,-2.2364,-4.375,5.5172,5.5172
20240708,00737,國泰AI機器人,TWSE,30.8,30.96,30.8,30.88,92312.0,2850991.0,TWSE_RWD_JSON_MI_INDEX,data/daily_price/daily_price_20240708.csv,30.582,30.402,30.4197,30.6005,30.4625,0.915,1.3123,0.6191,-0.1617,,161475.55,0.5717,30.96,31.3,32.0,30.03,29.0,29.0,1.5723,1.5133,0.9134,1.3707,-0.2584,-1.3419,-3.5,6.4828,6.4828
20240709,00737,國泰AI機器人,TWSE,31.05,31.17,31.05,31.15,256750.0,7986220.0,TWSE_RWD_JSON_MI_INDEX,data/daily_price/daily_price_20240709.csv,30.756,30.4325,30.42,30.6042,30.5198,0.8744,2.8732,1.9974,0.0642,1.4328,170238.25,1.5082,31.17,31.3,32.0,30.03,29.0,29.0,2.3577,2.3997,1.7835,2.0651,-0.0642,-0.4792,-2.6563,7.4138,7.4138
20240710,00737,國泰AI機器人,TWSE,30.91,30.91,30.83,30.84,57301.0,1768623.0,TWSE_RWD_JSON_MI_INDEX,data/daily_price/daily_price_20240710.csv,30.82,30.448,30.4222,30.6102,30.5464,-0.9952,1.0485,1.0154,0.4233,2.3904,170542.95,0.336,31.17,31.3,32.0,30.03,29.0,29.0,1.2874,1.3735,0.7508,0.961,-1.0587,-1.4696,-3.625,6.3448,6.3448
20240711,00737,國泰AI機器人,TWSE,31.13,31.16,31.12,31.12,70403.0,2192099.0,TWSE_RWD_JSON_MI_INDEX,data/daily_price/daily_price_20240711.csv,30.918,30.469,30.4412,30.6238,30.5942,0.9079,1.5997,1.3681,3.8025,5.5273,170280.35,0.4135,31.17,31.3,32.0,30.03,29.0,29.0,2.1366,2.23,1.6205,1.7185,-0.1604,-0.5751,-2.75,7.3103,7.3103
20240712,00737,國泰AI機器人,TWSE,31.21,31.39,31.21,31.36,293767.0,9210079.0,TWSE_RWD_JSON_MI_INDEX,data/daily_price/daily_price_20240712.csv,31.07,30.5105,30.4672,30.6414,30.658,0.7712,2.4837,2.7186,5.2349,7.2503,182891.35,1.6062,31.39,31.39,32.0,30.03,29.0,29.0,2.7843,2.9305,2.3451,2.2896,-0.0956,-0.0956,-2.0,8.1379,8.1379
20240715,00737,國泰AI機器人,TWSE,31.67,31.79,31.67,31.78,120520.0,3828182.0,TWSE_RWD_JSON_MI_INDEX,data/daily_price/daily_price_20240715.csv,31.25,30.592,30.5053,30.6635,30.7515,1.3393,2.9145,5.4063,7.7653,9.0972,146566.3,0.8223,31.79,31.79,32.0,30.03,29.0,29.0,3.8834,4.1785,3.6411,3.3444,-0.0315,-0.0315,-0.6875,9.5862,9.5862
20240716,00737,國泰AI機器人,TWSE,31.84,31.93,31.84,31.89,73528.0,2345002.0,TWSE_RWD_JSON_MI_INDEX,data/daily_price/daily_price_20240716.csv,31.398,30.6715,30.5515,30.6817,30.8464,0.3461,2.3756,5.2475,9.5124,7.3376,144549.5,0.5087,31.93,31.93,32.0,30.03,29.09,29.0,3.9727,4.3811,3.9383,3.3832,-0.1253,-0.1253,-0.3437,9.6253,9.9655
20240717,00737,國泰AI機器人,TWSE,32.17,32.23,32.17,32.23,113700.0,3663030.0,TWSE_RWD_JSON_MI_INDEX,data/daily_price/daily_price_20240717.csv,31.676,30.7665,30.6005,30.7021,30.9617,1.0662,4.5071,6.2644,10.0376,8.227,139572.2,0.8146,32.23,32.23,32.23,30.03,29.39,29.0,4.7568,5.3251,4.9766,4.0963,0.0,0.0,0.0,9.6632,11.1379
20240718,00737,國泰AI機器人,TWSE,31.72,31.72,31.47,31.68,124006.0,3928891.0,TWSE_RWD_JSON_MI_INDEX,data/daily_price/daily_price_20240718.csv,31.788,30.8285,30.6383,30.7155,31.0216,-1.7065,1.7995,4.0736,7.7185,5.3542,138879.4,0.8929,32.23,32.23,32.23,30.03,29.82,29.0,2.7621,3.3999,3.1401,2.1225,-1.7065,-1.7065,-1.7065,6.2374,9.2414
20240719,00737,國泰AI機器人,TWSE,31.38,31.38,31.21,31.21,50714.0,1584417.0,TWSE_RWD_JSON_MI_INDEX,data/daily_price/daily_price_20240719.csv,31.758,30.876,30.6583,30.7256,31.0373,-1.4836,-0.4783,3.1395,3.9987,4.0333,137830.8,0.3679,32.23,32.23,32.23,30.03,29.82,29.0,1.0817,1.7994,1.5766,0.5565,-3.1648,-3.1648,-3.1648,4.6613,7.6207
20240722,00737,國泰AI機器人,TWSE,30.99,31.07,30.96,31.06,101084.0,3135248.0,TWSE_RWD_JSON_MI_INDEX,data/daily_price/daily_price_20240722.csv,31.614,30.922,30.678,30.734,31.0392,-0.4806,-2.2656,3.0524,3.9491,3.3611,120264.45,0.8405,32.23,32.23,32.23,30.03,29.83,29.0,0.4463,1.2452,1.0607,0.0671,-3.6302,-3.6302,-3.6302,4.1234,7.1034
20240723,00737,國泰AI機器人,TWSE,31.32,31.45,31.32,31.38,128229.0,4026571.0,TWSE_RWD_JSON_MI_INDEX,data/daily_price/daily_price_20240723.csv,31.512,30.9845,30.7028,30.7455,31.0676,1.0303,-1.5992,4.1487,4.9849,4.6,123904.65,1.0349,32.23,32.23,32.23,30.03,30.0,29.0,1.2764,2.2056,2.0637,1.0056,-2.6373,-2.6373,-2.6373,4.6,8.2069
20240726,00737,國泰AI機器人,TWSE,31.13,31.13,30.68,30.74,53175.0,1642066.0,TWSE_RWD_JSON_MI_INDEX,data/daily_price/daily_price_20240726.csv,31.214,31.018,30.7088,30.7526,31.0403,-2.0395,-4.623,2.2281,1.185,2.8438,120405.05,0.4416,32.23,32.23,32.23,30.05,30.0,29.0,-0.8963,0.1015,-0.0409,-0.9674,-4.623,-4.623,-4.623,2.4667,6.0
20240729,00737,國泰AI機器人,TWSE,30.97,31.06,30.97,31.01,282539.0,8767169.0,TWSE_RWD_JSON_MI_INDEX,data/daily_price/daily_price_20240729.csv,31.08,31.0635,30.7197,30.7637,31.0378,0.8783,-2.1149,3.0233,2.141,4.4811,129803.8,2.1767,32.23,32.23,32.23,30.22,30.0,29.0,-0.1722,0.9451,0.8007,-0.0894,-3.7853,-3.7853,-3.7853,3.3667,6.931
20240730,00737,國泰AI機器人,TWSE,30.75,30.75,30.63,30.66,271752.0,8333290.0,TWSE_RWD_JSON_MI_INDEX,data/daily_price/daily_price_20240730.csv,30.97,31.075,30.728,30.7701,31.0063,-1.1287,-1.7623,0.7558,1.6578,2.5761,140342.8,1.9363,32.23,32.23,32.23,30.22,30.03,29.0,-1.3355,-0.2213,-0.3578,-1.1168,-4.8712,-4.8712,-4.8712,2.0979,5.7241
20240731,00737,國泰AI機器人,TWSE,30.53,30.61,30.51,30.59,390859.0,11945392.0,TWSE_RWD_JSON_MI_INDEX,data/daily_price/daily_price_20240731.csv,30.876,31.0805,30.7353,30.7733,30.9716,-0.2283,-1.5132,0.3609,1.4594,1.2914,154486.6,2.5301,32.23,32.23,32.23,30.22,30.03,29.0,-1.5782,-0.4729,-0.5958,-1.232,-5.0884,-5.0884,-5.0884,1.8648,5.4828
20240801,00737,國泰AI機器人,TWSE,30.9,31.02,30.9,31.02,45985.0,1423886.0,TWSE_RWD_JSON_MI_INDEX,data/daily_price/daily_price_20240801.csv,30.804,31.1175,30.745,30.777,30.9756,1.4057,-1.1472,2.4439,1.9054,1.4388,153067.7,0.3004,32.23,32.23,32.23,30.28,30.03,29.0,-0.3133,0.8945,0.7896,0.1433,-3.7543,-3.7543,-3.7543,3.2967,6.9655
20240802,00737,國泰AI機器人,TWSE,29.59,29.68,29.41,29.43,544873.0,16088160.0,TWSE_RWD_JSON_MI_INDEX,data/daily_price/daily_price_20240802.csv,30.542,31.063,30.7227,30.7661,30.8468,-5.1257,-4.2615,-3.5714,-4.3549,-4.2615,160476.3,3.3953,32.23,32.23,32.23,29.41,29.41,29.0,-5.2571,-4.2075,-4.3427,-4.5931,-8.6876,-8.6876,-8.6876,0.068,1.4828
20240805,00737,國泰AI機器人,TWSE,28.58,28.58,27.84,27.84,128745.0,3626803.0,TWSE_RWD_JSON_MI_INDEX,data/daily_price/daily_price_20240805.csv,29.908,30.9235,30.6757,30.7433,30.5962,-5.4027,-10.2225,-9.1087,-9.1977,-8.9303,163080.15,0.7895,32.23,32.23,32.23,27.84,27.84,27.84,-9.9714,-9.244,-9.4438,-9.0084,-13.6209,-13.6209,-13.6209,0.0,0.0
20240806,00737,國泰AI機器人,TWSE,28.0,28.44,27.97,28.05,476090.0,13355927.0,TWSE_RWD_JSON_MI_INDEX,data/daily_price/daily_price_20240806.csv,29.386,30.796,30.6323,30.7238,30.3841,0.7543,-8.5127,-8.3333,-8.4829,-7.7303,183816.6,2.59,32.23,32.23,32.23,27.84,27.84,27.84,-8.9167,-8.4301,-8.7026,-7.6819,-12.9693,-12.9693,-12.9693,0.7543,0.7543
20240807,00737,國泰AI機器人,TWSE,28.13,28.41,28.12,28.41,54372.0,1537969.0,TWSE_RWD_JSON_MI_INDEX,data/daily_price/daily_price_20240807.csv,28.95,30.6725,30.594,30.7072,30.2196,1.2834,-7.1265,-7.9987,-7.4894,-6.5461,181919.6,0.2989,32.23,32.23,32.23,27.84,27.84,27.84,-7.3763,-7.1387,-7.4809,-5.988,-11.8523,-11.8523,-11.8523,2.0474,2.0474
20240808,00737,國泰AI機器人,TWSE,27.75,28.08,27.75,27.96,332620.0,9316789.0,TWSE_RWD_JSON_MI_INDEX,data/daily_price/daily_price_20240808.csv,28.338,30.513,30.5492,30.6841,30.0313,-1.5839,-9.8646,-10.2408,-8.7765,-9.014,185713.1,1.791,32.23,32.23,32.23,27.75,27.75,27.75,-8.3669,-8.4754,-8.8778,-6.897,-13.2485,-13.2485,-13.2485,0.7568,0.7568
20240809,00737,國泰AI機器人,TWSE,28.5,28.68,28.5,28.57,274157.0,7840260.0,TWSE_RWD_JSON_MI_INDEX,data/daily_price/daily_price_20240809.csv,28.166,30.3995,30.5118,30.6688,29.9095,2.1817,-2.9222,-7.3606,-7.2704,-6.0506,196555.9,1.3948,32.23,32.23,32.23,27.75,27.75,27.75,-6.0182,-6.3642,-6.8433,-4.4785,-11.3559,-11.3559,-11.3559,2.955,2.955
20240812,00737,國泰AI機器人,TWSE,28.52,28.71,28.52,28.71,134322.0,3843532.0,TWSE_RWD_JSON_MI_INDEX,data/daily_price/daily_price_20240812.csv,28.34,30.279,30.4738,30.6562,29.8095,0.49,3.125,-7.7442,-7.3572,-4.9967,199751.85,0.6724,32.23,32.23,32.23,27.75,27.75,27.75,-5.1818,-5.788,-6.3484,-3.6885,-10.9215,-10.9215,-10.9215,3.4595,3.4595
20240813,00737,國泰AI機器人,TWSE,28.66,28.66,28.5,28.5,58222.0,1661911.0,TWSE_RWD_JSON_MI_INDEX,data/daily_price/daily_price_20240813.csv,28.43,30.136,30.4287,30.6412,29.7004,-0.7315,1.6043,-9.1199,-8.6831,-5.9406,187974.6,0.3097,32.23,32.23,32.23,27.75,27.75,27.75,-5.4287,-6.3383,-6.9879,-4.0417,-11.5731,-11.5731,-11.5731,2.7027,2.7027
20240814,00737,國泰AI機器人,TWSE,28.95,29.0,28.95,28.96,24824.0,719283.0,TWSE_RWD_JSON_MI_INDEX,data/daily_price/daily_price_20240814.csv,28.54,29.995,30.3938,30.63,29.6387,1.614,1.9359,-8.8735,-6.7311,-4.4224,183189.8,0.1355,32.23,32.23,32.23,27.75,27.75,27.75,-3.4506,-4.7175,-5.4522,-2.2899,-10.1458,-10.1458,-10.1458,4.3604,4.3604
20240815,00737,國泰AI機器人,TWSE,29.03,29.22,29.03,29.16,154281.0,4494304.0,TWSE_RWD_JSON_MI_INDEX,data/daily_price/daily_price_20240815.csv,28.78,29.8585,30.3628,30.6147,29.5988,0.6906,4.2918,-8.5607,-5.9961,-5.9355,187227.45,0.824,32.23,32.23,32.23,27.75,27.75,27.75,-2.3394,-3.9615,-4.7515,-1.4825,-9.5253,-9.5253,-9.5253,5.0811,5.0811
20240816,00737,國泰AI機器人,TWSE,29.71,29.75,29.7,29.72,41155.0,1223336.0,TWSE_RWD_JSON_MI_INDEX,data/daily_price/daily_price_20240816.csv,29.01,29.733,30.34,30.6012,29.6089,1.9204,4.0252,-7.7878,-4.4066,-5.1388,183600.2,0.2242,31.72,32.23,32.23,27.75,27.75,27.75,-0.0437,-2.0435,-2.8798,0.3752,-6.3052,-7.7878,-7.7878,7.0991,7.0991
20240819,00737,國泰AI機器人,TWSE,29.79,29.79,29.67,29.67,213974.0,6364737.0,TWSE_RWD_JSON_MI_INDEX,data/daily_price/daily_price_20240819.csv,29.202,29.6325,30.32,30.5886,29.614,-0.1682,3.3438,-6.3447,-3.8873,-4.8734,188098.6,1.1376,31.45,32.23,32.23,27.75,27.75,27.75,0.1266,-2.1438,-3.003,0.1891,-5.6598,-7.9429,-7.9429,6.9189,6.9189
20240821,00737,國泰AI機器人,TWSE,29.99,30.01,29.92,30.0,26245.0,786520.0,TWSE_RWD_JSON_MI_INDEX,data/daily_price/daily_price_20240821.csv,29.502,29.572,30.304,30.579,29.6462,1.1122,5.2632,-3.877,-3.1008,-3.6918,186875.15,0.1404,31.45,32.23,32.23,27.75,27.75,27.75,1.4473,-1.0032,-1.8935,1.1935,-4.6105,-6.919,-6.919,8.1081,8.1081
20240822,00737,國泰AI機器人,TWSE,30.26,30.29,30.21,30.26,155149.0,4690401.0,TWSE_RWD_JSON_MI_INDEX,data/daily_price/daily_price_20240822.csv,29.762,29.532,30.2962,30.5742,29.6973,0.8667,4.489,-2.5757,-1.5295,-1.8488,189578.4,0.8184,31.45,32.23,32.23,27.75,27.75,27.75,2.4651,-0.1194,-1.0278,1.8947,-3.7838,-6.1123,-6.1123,9.045,9.045
20240823,00737,國泰AI機器人,TWSE,30.15,30.15,29.97,30.06,67004.0,2011079.0,TWSE_RWD_JSON_MI_INDEX,data/daily_price/daily_price_20240823.csv,29.942,29.466,30.2862,30.566,29.7275,-0.6609,3.0864,-4.2065,-1.9569,-3.1884,186517.15,0.3592,31.13,32.23,32.23,27.75,27.75,27.75,2.0159,-0.7468,-1.6554,1.1183,-3.4372,-6.7329,-6.7329,8.3243,8.3243
20240826,00737,國泰AI機器人,TWSE,30.18,30.34,30.18,30.31,99095.0,3001970.0,TWSE_RWD_JSON_MI_INDEX,data/daily_price/daily_price_20240826.csv,30.06,29.4445,30.2802,30.5612,29.7761,0.8317,1.9852,-1.3988,-1.1738,-1.8776,188813.15,0.5248,31.06,32.23,32.23,27.75,27.75,27.75,2.9394,0.0985,-0.8218,1.7931,-2.4147,-5.9572,-5.9572,9.2252,9.2252
20240827,00737,國泰AI機器人,TWSE,30.17,30.2,30.14,30.2,121733.0,3672377.0,TWSE_RWD_JSON_MI_INDEX,data/daily_price/daily_price_20240827.csv,30.166,29.404,30.2723,30.5528,29.8114,-0.3629,1.7863,-2.6121,-1.5324,-3.2051,180772.85,0.6734,31.02,32.23,32.23,27.75,27.75,27.75,2.7071,-0.2389,-1.1548,1.3035,-2.6435,-6.2985,-6.2985,8.8288,8.8288
20240828,00737,國泰AI機器人,TWSE,30.25,30.29,30.24,30.28,77856.0,2355354.0,TWSE_RWD_JSON_MI_INDEX,data/daily_price/daily_price_20240828.csv,30.222,29.385,30.2728,30.5435,29.8505,0.2649,0.9333,-1.2394,0.0992,-3.5669,171078.05,0.4551,31.02,32.23,32.23,27.75,27.75,27.75,3.0458,0.0237,-0.8627,1.439,-2.3856,-6.0503,-6.0503,9.1171,9.1171
20240829,00737,國泰AI機器人,TWSE,30.01,30.01,29.91,29.92,124546.0,3726410.0,TWSE_RWD_JSON_MI_INDEX,data/daily_price/daily_price_20240829.csv,30.154,29.3515,30.268,30.5294,29.8563,-1.1889,-1.1236,-2.1903,-0.9599,-5.3464,157762.4,0.7895,31.02,32.23,32.23,27.75,27.75,27.75,1.9369,-1.1497,-1.9962,0.2135,-3.5461,-7.1672,-7.1672,7.8198,7.8198
20240830,00737,國泰AI機器人,TWSE,30.23,30.34,30.23,30.33,228269.0,6921788.0,TWSE_RWD_JSON_MI_INDEX,data/daily_price/daily_price_20240830.csv,30.208,29.317,30.2672,30.5189,29.8957,1.3703,0.8982,-2.2244,-0.1646,-3.9886,166876.6,1.3679,30.34,32.23,32.23,27.75,27.75,27.75,3.4553,0.2076,-0.619,1.4526,-0.033,-5.8951,-5.8951,9.2973,9.2973
20240902,00737,國泰AI機器人,TWSE,30.33,30.49,30.33,30.41,47941.0,1457664.0,TWSE_RWD_JSON_MI_INDEX,data/daily_price/daily_price_20240902.csv,30.228,29.366,30.2677,30.5108,29.9386,0.2638,0.3299,3.3299,0.0987,-3.122,142030.0,0.3375,30.49,32.23,32.23,27.75,27.75,27.75,3.5551,0.4702,-0.3302,1.5746,-0.2624,-5.6469,-5.6469,9.5856,9.5856
20240903,00737,國泰AI機器人,TWSE,30.49,30.49,30.39,30.42,46569.0,1417040.0,TWSE_RWD_JSON_MI_INDEX,data/daily_price/daily_price_20240903.csv,30.272,29.495,30.27,30.5013,29.9787,0.0329,0.7285,9.2672,0.4624,-3.5816,137921.2,0.3376,30.49,32.23,32.23,27.75,27.75,27.75,3.1361,0.4955,-0.2667,1.472,-0.2296,-5.6159,-5.6159,9.6216,9.6216
20240904,00737,國泰AI機器人,TWSE,29.3,29.46,29.29,29.39,426964.0,12561188.0,TWSE_RWD_JSON_MI_INDEX,data/daily_price/daily_price_20240904.csv,30.094,29.562,30.2502,30.4821,29.9296,-3.3859,-2.9392,4.7772,-3.8914,-7.2871,135464.9,3.1518,30.49,32.23,32.23,27.75,27.75,27.75,-0.5818,-2.8435,-3.5827,-1.803,-3.6077,-8.8117,-8.8117,5.9099,5.9099
20240905,00737,國泰AI機器人,TWSE,29.41,29.42,29.27,29.27,307987.0,9036755.0,TWSE_RWD_JSON_MI_INDEX,data/daily_price/daily_price_20240905.csv,29.964,29.605,30.2265,30.4633,29.8747,-0.4083,-2.1725,3.0271,-4.6269,-7.1383,148145.65,2.0789,30.49,32.23,32.23,27.75,27.75,27.75,-1.1316,-3.1644,-3.9173,-2.024,-4.0013,-9.184,-9.184,5.4775,5.4775
20240906,00737,國泰AI機器人,TWSE,29.24,29.24,28.91,28.95,85806.0,2486767.0,TWSE_RWD_JSON_MI_INDEX,data/daily_price/daily_price_20240906.csv,29.688,29.6545,30.2,30.4433,29.7976,-1.0933,-4.55,3.5408,-5.2063,-7.6555,135804.95,0.6318,30.49,32.23,32.23,28.5,27.75,27.75,-2.3757,-4.1391,-4.9053,-2.8446,-5.0508,-10.1769,-10.1769,4.3243,4.3243
20240909,00737,國泰AI機器人,TWSE,28.45,28.58,28.43,28.56,106518.0,3036688.0,TWSE_RWD_JSON_MI_INDEX,data/daily_price/daily_price_20240909.csv,29.318,29.654,30.1672,30.4195,29.6945,-1.3472,-6.0835,-0.035,-6.4527,-9.1025,127423.0,0.8359,30.49,32.23,32.23,28.43,27.75,27.75,-3.6892,-5.3275,-6.1129,-3.8205,-6.3299,-11.3869,-11.3869,2.9189,2.9189
20240910,00737,國泰AI機器人,TWSE,28.71,28.73,28.67,28.69,9717.0,278745.0,TWSE_RWD_JSON_MI_INDEX,data/daily_price/daily_price_20240910.csv,28.972,29.653,30.1337,30.3986,29.6108,0.4552,-5.687,-0.0697,-6.5472,-8.0449,121192.75,0.0802,30.49,32.23,32.23,28.43,27.75,27.75,-3.2476,-4.7909,-5.6206,-3.1096,-5.9036,-10.9836,-10.9836,3.3874,3.3874
20240911,00737,國泰AI機器人,TWSE,28.66,28.66,28.5,28.52,316006.0,9023232.0,TWSE_RWD_JSON_MI_INDEX,data/daily_price/daily_price_20240911.csv,28.798,29.654,30.1002,30.3794,29.5199,-0.5925,-2.9602,0.0702,-6.5837,-7.4627,134081.95,2.3568,30.49,32.23,32.23,28.43,27.75,27.75,-3.8241,-5.2497,-6.1206,-3.3871,-6.4611,-11.511,-11.511,2.7748,2.7748
20240912,00737,國泰AI機器人,TWSE,28.99,29.1,28.98,29.1,242855.0,7056688.0,TWSE_RWD_JSON_MI_INDEX,data/daily_price/daily_price_20240912.csv,28.764,29.661,30.0827,30.3675,29.4849,2.0337,-0.5808,0.4834,-3.4826,-4.6839,144983.5,1.6751,30.49,32.23,32.23,28.43,27.75,27.75,-1.8914,-3.2666,-4.1739,-1.3054,-4.5589,-9.7114,-9.7114,4.8649,4.8649
20240913,00737,國泰AI機器人,TWSE,29.38,29.38,29.24,29.24,12039.0,353025.0,TWSE_RWD_JSON_MI_INDEX,data/daily_price/daily_price_20240913.csv,28.822,29.665,30.065,30.3546,29.4645,0.4811,1.0017,0.2743,-3.4983,-5.0341,137871.4,0.0873,30.49,32.23,32.23,28.43,27.75,27.75,-1.4327,-2.7441,-3.6719,-0.7619,-4.0997,-9.2771,-9.2771,5.3694,5.3694
20240916,00737,國泰AI機器人,TWSE,29.36,29.57,29.36,29.45,142178.0,4192203.0,TWSE_RWD_JSON_MI_INDEX,data/daily_price/daily_price_20240916.csv,29.0,29.6515,30.0503,30.3432,29.4633,0.7182,3.1162,-0.9085,-2.9014,-4.4142,142922.55,0.9948,30.49,32.23,32.23,28.43,27.75,27.75,-0.6796,-1.9978,-2.9438,-0.0451,-3.411,-8.6255,-8.6255,6.1261,6.1261
20240918,00737,國泰AI機器人,TWSE,29.65,29.65,29.49,29.54,199784.0,5906511.0,TWSE_RWD_JSON_MI_INDEX,data/daily_price/daily_price_20240918.csv,29.17,29.645,30.0353,30.3252,29.4697,0.3056,2.9627,-0.4382,-2.9566,-6.8139,142213.05,1.4048,30.49,32.23,32.23,28.43,27.75,27.75,-0.3542,-1.6492,-2.5894,0.2387,-3.1158,-8.3463,-8.3463,6.4505,6.4505
20240919,00737,國泰AI機器人,TWSE,29.61,29.8,29.61,29.8,108620.0,3227509.0,TWSE_RWD_JSON_MI_INDEX,data/daily_price/daily_price_20240919.csv,29.426,29.635,30.0277,30.3099,29.4972,0.8802,4.4881,-0.6667,-1.5202,-5.8154,146331.8,0.7423,30.49,32.23,32.23,28.43,27.75,27.75,0.5568,-0.7582,-1.6823,1.0266,-2.263,-7.5396,-7.5396,7.3874,7.3874
20240920,00737,國泰AI機器人,TWSE,30.06,30.12,30.06,30.11,64965.0,1955694.0,TWSE_RWD_JSON_MI_INDEX,data/daily_price/daily_price_20240920.csv,29.628,29.6275,30.0272,30.2987,29.5483,1.0403,3.4708,-0.4957,-0.0995,-4.2912,141822.6,0.4581,30.49,32.23,32.23,28.43,27.75,27.75,1.6286,0.2759,-0.6227,1.9011,-1.2463,-6.5777,-6.5777,8.5045,8.5045
20240923,00737,國泰AI機器人,TWSE,30.11,30.14,30.08,30.09,42147.0,1269253.0,TWSE_RWD_JSON_MI_INDEX,data/daily_price/daily_price_20240923.csv,29.798,29.629,30.0265,30.2879,29.5934,-0.0664,2.907,0.0998,-0.1328,-4.1109,140579.75,0.2998,30.49,32.23,32.23,28.43,27.75,27.75,1.5559,0.2115,-0.6535,1.678,-1.3119,-6.6398,-6.6398,8.4324,8.4324
20240924,00737,國泰AI機器人,TWSE,30.09,30.09,30.02,30.06,87754.0,2637146.0,TWSE_RWD_JSON_MI_INDEX,data/daily_price/daily_price_20240924.csv,29.92,29.6165,30.0263,30.2763,29.6323,-0.0997,2.0713,-0.8248,-0.0333,-4.4197,140012.7,0.6268,30.49,32.23,32.23,28.43,27.75,27.75,1.4975,0.1121,-0.7145,1.4434,-1.4103,-6.7329,-6.7329,8.3243,8.3243
20240925,00737,國泰AI機器人,TWSE,30.07,30.11,30.07,30.07,175586.0,5279973.0,TWSE_RWD_JSON_MI_INDEX,data/daily_price/daily_price_20240925.csv,30.026,29.61,30.0258,30.2645,29.6688,0.0333,1.7942,-0.4305,-0.0997,-4.5094,142705.35,1.2304,30.49,32.23,32.23,28.43,27.75,27.75,1.5535,0.1471,-0.6427,1.3524,-1.3775,-6.7018,-6.7018,8.3604,8.3604
20240926,00737,國泰AI機器人,TWSE,30.23,30.3,30.19,30.3,354742.0,10722817.0,TWSE_RWD_JSON_MI_INDEX,data/daily_price/daily_price_20240926.csv,30.126,29.611,30.0237,30.2544,29.7214,0.7649,1.6779,0.0661,-0.4272,-3.8401,156549.65,2.266,30.49,32.23,32.23,28.43,27.75,27.75,2.3268,0.9204,0.1507,1.9469,-0.6232,-5.9882,-5.9882,9.1892,9.1892
20240927,00737,國泰AI機器人,TWSE,30.63,30.69,30.59,30.67,221414.0,6784726.0,TWSE_RWD_JSON_MI_INDEX,data/daily_price/daily_price_20240927.csv,30.238,29.6485,30.0268,30.2458,29.8004,1.2211,1.8598,2.5067,0.6234,-3.2797,161393.05,1.3719,30.69,32.23,32.23,28.43,27.75,27.75,3.4454,2.142,1.4027,2.918,-0.0652,-4.8402,-4.8402,10.5225,10.5225
20240930,00737,國泰AI機器人,TWSE,30.69,30.74,30.61,30.7,261504.0,8027093.0,TWSE_RWD_JSON_MI_INDEX,data/daily_price/daily_price_20240930.csv,30.36,29.667,30.0338,30.24,29.8754,0.0978,2.0273,1.2199,1.3871,-2.1982,163054.8,1.6038,30.74,32.23,32.23,28.43,27.75,27.75,3.482,2.2181,1.5212,2.7602,-0.1301,-4.7471,-4.7471,10.6306,10.6306
20241001,00737,國泰AI機器人,TWSE,30.7,30.84,30.7,30.76,219024.0,6741535.0,TWSE_RWD_JSON_MI_INDEX,data/daily_price/daily_price_20241001.csv,30.5,29.6845,30.0378,30.2372,29.9491,0.1954,2.3287,1.1509,0.7864,-1.0932,171608.95,1.2763,30.84,32.23,32.23,28.43,27.75,27.75,3.6231,2.4042,1.7291,2.7076,-0.2594,-4.561,-4.561,10.8468,10.8468
20241004,00737,國泰AI機器人,TWSE,30.0,30.39,30.0,30.38,522616.0,15848788.0,TWSE_RWD_JSON_MI_INDEX,data/daily_price/daily_price_20241004.csv,30.562,29.6825,30.0337,30.2324,29.985,-1.2354,1.0309,-0.1315,-0.8162,-1.8417,195411.3,2.6744,30.84,32.23,32.23,28.43,27.75,27.75,2.3499,1.1532,0.4882,1.3173,-1.4916,-5.74,-5.74,9.4775,9.4775
20241007,00737,國泰AI機器人,TWSE,31.04,31.12,31.0,31.0,264955.0,8222041.0,TWSE_RWD_JSON_MI_INDEX,data/daily_price/daily_price_20241007.csv,30.702,29.763,30.0403,30.2304,30.0696,2.0408,2.3102,5.4781,1.3072,-0.7682,187310.85,1.4145,31.12,32.23,32.23,28.43,27.75,27.75,4.1562,3.1946,2.5457,3.0942,-0.3856,-3.8163,-3.8163,11.7117,11.7117
20241008,00737,國泰AI機器人,TWSE,30.92,30.92,30.73,30.78,44313.0,1363294.0,TWSE_RWD_JSON_MI_INDEX,data/daily_price/daily_price_20241008.csv,30.724,29.8385,30.0387,30.2292,30.1288,-0.7097,0.3587,5.1589,-0.3238,-0.485,174127.15,0.2545,31.12,32.23,32.23,28.43,27.75,27.75,3.1553,2.4679,1.8222,2.1614,-1.0925,-4.4989,-4.4989,10.9189,10.9189
20241009,00737,國泰AI機器人,TWSE,30.78,30.91,30.78,30.85,78472.0,2422529.0,TWSE_RWD_JSON_MI_INDEX,data/daily_price/daily_price_20241009.csv,30.754,29.9335,30.0337,30.2268,30.1889,0.2274,0.4886,6.563,-0.9631,-0.8995,173760.45,0.4516,31.12,32.23,32.23,28.43,27.75,27.75,3.0618,2.7181,2.0616,2.1899,-0.8676,-4.2817,-4.2817,11.1712,11.1712
20241011,00737,國泰AI機器人,TWSE,31.01,31.14,31.01,31.12,54381.0,1691393.0,TWSE_RWD_JSON_MI_INDEX,data/daily_price/daily_price_20241011.csv,30.826,30.0615,30.0383,30.2302,30.2665,0.8752,1.1704,8.9636,0.9079,1.3351,171153.6,0.3177,31.14,32.23,32.23,28.5,27.75,27.75,3.5211,3.601,2.9432,2.82,-0.0642,-3.444,-3.444,12.1441,12.1441
20241014,00737,國泰AI機器人,TWSE,31.15,31.59,31.15,31.59,118768.0,3744661.0,TWSE_RWD_JSON_MI_INDEX,data/daily_price/daily_price_20241014.csv,31.068,30.2065,30.0462,30.2437,30.3768,1.5103,3.9829,10.1081,1.5103,5.3702,176606.15,0.6725,31.59,32.23,32.23,28.5,27.75,27.75,4.5801,5.1382,4.4516,3.9939,0.0,-1.9857,-1.9857,13.8378,13.8378
20241015,00737,國泰AI機器人,TWSE,31.64,31.8,31.64,31.78,137119.0,4357661.0,TWSE_RWD_JSON_MI_INDEX,data/daily_price/daily_price_20241015.csv,31.224,30.3695,30.0532,30.2602,30.4937,0.6015,2.5161,11.4306,1.3393,6.6443,167661.8,0.8178,31.8,32.23,32.23,28.98,27.75,27.75,4.6445,5.7459,5.0226,4.2182,-0.0629,-1.3962,-1.3962,14.5225,14.5225
20241016,00737,國泰AI機器人,TWSE,31.22,31.23,31.17,31.21,69647.0,2172506.0,TWSE_RWD_JSON_MI_INDEX,data/daily_price/daily_price_20241016.csv,31.31,30.475,30.0437,30.2745,30.5534,-1.7936,1.397,7.2509,-1.7936,5.8325,159001.4,0.438,31.8,32.23,32.23,29.24,27.75,27.75,2.4118,3.8821,3.0901,2.149,-1.8553,-3.1648,-3.1648,12.4685,12.4685
20241017,00737,國泰AI機器人,TWSE,31.04,31.1,31.04,31.08,24799.0,770673.0,TWSE_RWD_JSON_MI_INDEX,data/daily_price/daily_price_20241017.csv,31.356,30.567,30.0302,30.2908,30.5973,-0.4165,0.7455,6.2927,-2.54,6.7308,159639.4,0.1553,31.8,32.23,32.23,29.36,27.75,27.75,1.6783,3.4959,2.6053,1.5776,-2.2642,-3.5681,-3.5681,12.0,12.0
20241018,00737,國泰AI機器人,TWSE,31.08,31.13,30.99,31.02,97812.0,3033943.0,TWSE_RWD_JSON_MI_INDEX,data/daily_price/daily_price_20241018.csv,31.336,30.6455,30.01,30.3052,30.6325,-0.1931,-0.3213,5.3311,-3.7543,5.9065,157421.1,0.6213,31.8,31.8,32.23,29.49,27.75,27.75,1.222,3.3655,2.3585,1.2649,-2.4528,-2.4528,-3.7543,11.7838,11.7838
20241021,00737,國泰AI機器人,TWSE,31.19,31.19,31.12,31.16,53807.0,1676604.0,TWSE_RWD_JSON_MI_INDEX,data/daily_price/daily_price_20241021.csv,31.25,30.7265,30.0013,30.3198,30.6765,0.4513,-1.3612,5.4841,-1.6414,5.9504,150122.25,0.3584,31.8,31.8,32.23,29.61,27.75,27.75,1.4108,3.8621,2.771,1.5762,-2.0126,-2.0126,-3.3199,12.2883,12.2883
20241022,00737,國泰AI機器人,TWSE,30.97,30.97,30.94,30.94,116491.0,3604345.0,TWSE_RWD_JSON_MI_INDEX,data/daily_price/daily_price_20241022.csv,31.082,30.7835,29.9968,30.3276,30.6984,-0.706,-2.6432,3.8255,-0.8651,3.099,150515.8,0.7739,31.8,31.8,32.23,30.0,27.75,27.75,0.5084,3.1442,2.0193,0.7869,-2.7044,-2.7044,-4.0025,11.4955,11.4955
20241023,00737,國泰AI機器人,TWSE,30.83,30.84,30.82,30.82,48291.0,1490788.0,TWSE_RWD_JSON_MI_INDEX,data/daily_price/daily_price_20241023.csv,31.004,30.819,29.9928,30.3354,30.7086,-0.3878,-1.2496,2.358,-0.7727,3.1459,149682.1,0.3226,31.8,31.8,32.23,30.0,27.75,27.75,0.0032,2.7579,1.5974,0.3629,-3.0818,-3.0818,-4.3748,11.0631,11.0631
20241024,00737,國泰AI機器人,TWSE,30.43,30.49,30.43,30.45,23338.0,711277.0,TWSE_RWD_JSON_MI_INDEX,data/daily_price/daily_price_20241024.csv,30.878,30.837,29.9773,30.3401,30.687,-1.2005,-2.027,1.1964,-2.9637,1.8735,148741.65,0.1569,31.8,31.8,32.23,30.0,27.75,27.75,-1.255,1.5767,0.3623,-0.7724,-4.2453,-4.2453,-5.5228,9.7297,9.7297
20241025,00737,國泰AI機器人,TWSE,30.6,30.63,30.59,30.6,29804.0,912038.0,TWSE_RWD_JSON_MI_INDEX,data/daily_price/daily_price_20241025.csv,30.794,30.864,29.975,30.3419,30.6798,0.4926,-1.354,1.7964,-0.4554,0.7242,145844.15,0.2044,31.8,31.8,32.23,30.0,27.75,27.75,-0.8554,2.0851,0.8506,-0.26,-3.7736,-3.7736,-5.0574,10.2703,10.2703
20241028,00737,國泰AI機器人,TWSE,30.8,30.96,30.8,30.96,119404.0,3693060.0,TWSE_RWD_JSON_MI_INDEX,data/daily_price/daily_price_20241028.csv,30.754,30.9085,29.9742,30.3469,30.7031,1.1765,-0.6418,2.9598,-0.1612,1.9763,143035.05,0.8348,31.8,31.8,32.23,30.0,27.75,27.75,0.1666,3.2889,2.0202,0.8367,-2.6415,-2.6415,-3.9404,11.5676,11.5676
20241029,00737,國泰AI機器人,TWSE,31.14,31.18,31.09,31.14,185534.0,5779350.0,TWSE_RWD_JSON_MI_INDEX,data/daily_price/daily_price_20241029.csv,30.794,30.9505,29.9822,30.3551,30.7395,0.5814,0.6464,2.7723,1.5656,3.2493,134574.65,1.3787,31.8,31.8,32.23,30.0,27.75,27.75,0.6123,3.8617,2.5858,1.3028,-2.0755,-2.0755,-3.3819,12.2162,12.2162
20241030,00737,國泰AI機器人,TWSE,31.23,31.5,31.23,31.38,98254.0,3090502.0,TWSE_RWD_JSON_MI_INDEX,data/daily_price/daily_price_20241030.csv,30.906,30.986,29.9953,30.3653,30.7929,0.7707,1.817,2.315,2.5825,4.0796,128416.65,0.7651,31.8,31.8,32.23,30.0,27.75,27.75,1.2715,4.6163,3.3415,1.9066,-1.3208,-1.3208,-2.6373,13.0811,13.0811
20241101,00737,國泰AI機器人,TWSE,30.54,30.55,30.48,30.5,255842.0,7807663.0,TWSE_RWD_JSON_MI_INDEX,data/daily_price/daily_price_20241101.csv,30.916,30.976,29.9867,30.3658,30.7685,-2.8043,0.1642,-0.6515,-1.6763,0.1971,128133.55,1.9967,31.8,31.8,32.23,30.0,27.75,27.75,-1.5367,1.7119,0.4418,-0.8726,-4.0881,-4.0881,-5.3677,9.9099,9.9099
20241104,00737,國泰AI機器人,TWSE,30.75,30.83,30.66,30.81,70225.0,2159465.0,TWSE_RWD_JSON_MI_INDEX,data/daily_price/daily_price_20241104.csv,30.958,30.9785,30.0097,30.3662,30.7719,1.0164,0.6863,0.1625,4.6891,0.13,120693.6,0.5818,31.8,31.8,32.23,30.0,27.75,27.75,-0.5439,2.6669,1.4616,0.1237,-3.1132,-3.1132,-4.4058,11.027,11.027
20241105,00737,國泰AI機器人,TWSE,30.81,30.98,30.81,30.97,80949.0,2504651.0,TWSE_RWD_JSON_MI_INDEX,data/daily_price/daily_price_20241105.csv,30.96,31.008,30.0618,30.3688,30.7885,0.5193,0.0323,1.9421,11.2428,1.0111,98610.25,0.8209,31.8,31.8,32.23,30.43,27.75,27.75,-0.1225,3.021,1.9798,0.5897,-2.6101,-2.6101,-3.9094,11.6036,11.6036
20241106,00737,國泰AI機器人,TWSE,31.38,32.0,31.38,31.83,736440.0,23448017.0,TWSE_RWD_JSON_MI_INDEX,data/daily_price/daily_price_20241106.csv,31.098,31.0495,30.1248,30.3786,30.8752,2.7769,2.2158,2.6774,13.4759,3.8499,122184.5,6.0273,32.0,32.0,32.23,30.43,27.75,27.75,2.5137,5.6603,4.7778,3.0923,-0.5313,-0.5313,-1.2411,14.7027,14.7027
20241107,00737,國泰AI機器人,TWSE,32.21,32.73,32.21,32.72,275843.0,9001152.0,TWSE_RWD_JSON_MI_INDEX,data/daily_price/daily_price_20241107.csv,31.366,31.1465,30.1967,30.3953,31.029,2.7961,4.2702,6.3028,15.1707,6.5451,133761.0,2.0622,32.73,32.73,32.73,30.43,27.75,27.75,5.0519,8.3563,7.6481,5.4498,-0.0306,-0.0306,-0.0306,17.9099,17.9099
20241108,00737,國泰AI機器人,TWSE,33.0,33.3,33.0,33.1,82277.0,2724602.0,TWSE_RWD_JSON_MI_INDEX,data/daily_price/daily_price_20241108.csv,31.886,31.259,30.2823,30.4158,31.2016,1.1614,8.5246,7.2934,18.3834,7.9935,133951.25,0.6142,33.3,33.3,33.3,30.43,28.43,27.75,5.8895,9.3047,8.8252,6.0844,-0.6006,-0.6006,-0.6006,16.4263,19.2793
20241111,00737,國泰AI機器人,TWSE,33.54,33.57,33.51,33.56,160780.0,5391809.0,TWSE_RWD_JSON_MI_INDEX,data/daily_price/daily_price_20241111.csv,32.436,31.381,30.3655,30.4387,31.3981,1.3897,8.9257,7.8406,17.4659,8.9257,139271.2,1.1544,33.57,33.57,33.57,30.43,28.43,27.75,6.9437,10.5202,10.2545,6.8855,-0.0298,-0.0298,-0.0298,18.0443,20.9369
20241112,00737,國泰AI機器人,TWSE,33.75,33.9,33.75,33.76,215318.0,7284626.0,TWSE_RWD_JSON_MI_INDEX,data/daily_price/daily_price_20241112.csv,32.994,31.4895,30.4497,30.4618,31.5949,0.5959,9.0087,6.8693,17.5897,8.9384,144098.7,1.4942,33.9,33.9,33.9,30.43,28.43,27.75,7.2103,10.8715,10.8275,6.8526,-0.413,-0.413,-0.413,18.7478,21.6577
20241113,00737,國泰AI機器人,TWSE,33.5,33.5,33.35,33.35,129375.0,4320319.0,TWSE_RWD_JSON_MI_INDEX,data/daily_price/daily_price_20241113.csv,33.298,31.568,30.5305,30.4796,31.7412,-1.2145,4.7754,4.9402,17.0175,6.8568,143711.5,0.9002,33.9,33.9,33.9,30.43,28.43,27.75,5.645,9.235,9.4175,5.0686,-1.6224,-1.6224,-1.6224,17.3057,20.1802
20241114,00737,國泰AI機器人,TWSE,32.35,33.33,32.35,33.31,86857.0,2884190.0,TWSE_RWD_JSON_MI_INDEX,data/daily_price/daily_price_20241114.csv,33.416,31.673,30.603,30.4984,31.8719,-0.1199,1.8032,6.7286,15.0207,7.2786,144572.0,0.6008,33.9,33.9,33.9,30.43,28.43,27.75,5.1684,8.8455,9.2188,4.5121,-1.7404,-1.7404,-1.7404,17.165,20.036
20241115,00737,國泰AI機器人,TWSE,32.84,32.84,32.5,32.57,41569.0,1354076.0,TWSE_RWD_JSON_MI_INDEX,data/daily_price/daily_price_20241115.csv,33.31,31.7475,30.6598,30.5113,31.9301,-2.2216,-1.6012,4.7941,11.6941,4.9968,145410.5,0.2859,33.9,33.9,33.9,30.43,28.43,27.75,2.5908,6.2302,6.7472,2.0041,-3.9233,-3.9233,-3.9233,14.5621,17.3694
20241118,00737,國泰AI機器人,TWSE,32.39,32.39,32.1,32.23,179666.0,5779275.0,TWSE_RWD_JSON_MI_INDEX,data/daily_price/daily_price_20241118.csv,33.044,31.808,30.7017,30.5208,31.9551,-1.0439,-3.9631,3.9007,8.4455,3.6668,149503.2,1.2018,33.9,33.9,33.9,30.43,28.43,27.75,1.3267,4.978,5.6,0.8603,-4.9263,-4.9263,-4.9263,13.3662,16.1441
20241120,00737,國泰AI機器人,TWSE,32.32,32.64,32.32,32.64,76217.0,2481863.0,TWSE_RWD_JSON_MI_INDEX,data/daily_price/daily_price_20241120.csv,32.82,31.882,30.7512,30.5356,32.0122,1.2721,-3.3175,4.7497,10.0101,5.7337,150623.7,0.506,33.9,33.9,33.9,30.43,28.43,27.75,2.3775,6.1423,6.8917,1.9613,-3.7168,-3.7168,-3.7168,14.8083,17.6216
20241121,00737,國泰AI機器人,TWSE,32.53,32.59,32.5,32.59,93483.0,3041619.0,TWSE_RWD_JSON_MI_INDEX,data/daily_price/daily_price_20241121.csv,32.668,31.9645,30.7943,30.5492,32.0603,-0.1532,-2.2789,5.3329,8.6333,5.2649,149473.3,0.6254,33.9,33.9,33.9,30.43,28.43,27.75,1.9569,5.8312,6.6805,1.6522,-3.8643,-3.8643,-3.8643,14.6324,17.4414
20241122,00737,國泰AI機器人,TWSE,32.88,33.02,32.88,32.97,119385.0,3936931.0,TWSE_RWD_JSON_MI_INDEX,data/daily_price/daily_price_20241122.csv,32.6,32.072,30.8395,30.5678,32.1361,1.166,-1.0207,6.976,8.9557,7.2893,153028.0,0.7802,33.9,33.9,33.9,30.43,28.43,27.75,2.8,6.9083,7.8585,2.5948,-2.7434,-2.7434,-2.7434,15.969,18.8108
20241125,00737,國泰AI機器人,TWSE,33.79,33.81,33.74,33.79,117073.0,3954394.0,TWSE_RWD_JSON_MI_INDEX,data/daily_price/daily_price_20241125.csv,32.844,32.239,30.9017,30.5939,32.2739,2.4871,3.7458,10.9688,12.4085,10.2087,157714.75,0.7423,33.9,33.9,33.9,30.48,28.43,27.75,4.8109,9.3469,10.4468,4.6975,-0.3245,-0.3245,-0.3245,18.8533,21.7658
20241126,00737,國泰AI機器人,TWSE,33.78,33.95,33.78,33.9,118725.0,4023266.0,TWSE_RWD_JSON_MI_INDEX,data/daily_price/daily_price_20241126.csv,33.178,32.404,30.9615,30.6208,32.4094,0.3255,5.1815,10.7843,11.8443,10.5315,162160.8,0.7321,33.95,33.95,33.95,30.48,28.43,27.75,4.6167,9.4908,10.7089,4.5991,-0.1473,-0.1473,-0.1473,19.2402,22.1622
20241127,00737,國泰AI機器人,TWSE,33.9,33.95,33.9,33.92,63812.0,2164998.0,TWSE_RWD_JSON_MI_INDEX,data/daily_price/daily_price_20241127.csv,33.434,32.552,31.0235,30.6479,32.5353,0.059,3.9216,9.5607,12.3179,10.5967,159381.2,0.4004,33.95,33.95,33.95,30.48,28.43,27.75,4.2025,9.3365,10.6764,4.2559,-0.0884,-0.0884,-0.0884,19.3106,22.2342
20241128,00737,國泰AI機器人,TWSE,33.69,33.69,33.4,33.51,44717.0,1497043.0,TWSE_RWD_JSON_MI_INDEX,data/daily_price/daily_price_20241128.csv,33.618,32.6705,31.0773,30.6751,32.6165,-1.2087,2.823,7.6108,10.6671,10.7769,152340.35,0.2935,33.95,33.95,33.95,30.48,28.43,27.75,2.5696,7.8278,9.2418,2.7393,-1.296,-1.296,-1.296,17.8684,20.7568
20241129,00737,國泰AI機器人,TWSE,33.53,33.58,33.5,33.57,87596.0,2936753.0,TWSE_RWD_JSON_MI_INDEX,data/daily_price/daily_price_20241129.csv,33.738,32.78,31.1382,30.7031,32.696,0.1791,1.8198,6.979,12.1992,11.1221,151807.45,0.577,33.95,33.95,33.95,30.48,28.43,27.75,2.41,7.8098,9.3376,2.6731,-1.1193,-1.1193,-1.1193,18.0795,20.973
20241202,00737,國泰AI機器人,TWSE,33.57,33.67,33.57,33.67,40257.0,1353358.0,TWSE_RWD_JSON_MI_INDEX,data/daily_price/daily_price_20241202.csv,33.714,32.9385,31.1938,30.7305,32.7772,0.2979,-0.3551,10.3934,11.0122,10.8295,141028.2,0.2855,33.95,33.95,33.95,30.66,28.43,27.75,2.2208,7.938,9.5654,2.7239,-0.8247,-0.8247,-0.8247,18.4312,21.3333
20241203,00737,國泰AI機器人,TWSE,33.67,33.81,33.67,33.8,90210.0,3047022.0,TWSE_RWD_JSON_MI_INDEX,data/daily_price/daily_price_20241203.csv,33.694,33.088,31.2503,30.759,32.8624,0.3861,-0.295,9.7046,11.1476,11.2574,142027.45,0.6352,33.95,33.95,33.95,30.81,28.43,27.75,2.1518,8.1588,9.8865,2.8531,-0.4418,-0.4418,-0.4418,18.8885,21.8018
20241204,00737,國泰AI機器人,TWSE,33.89,33.91,33.8,33.8,54516.0,1843917.0,TWSE_RWD_JSON_MI_INDEX,data/daily_price/daily_price_20241204.csv,33.67,33.2295,31.3067,30.7883,32.9405,0.0,-0.3538,9.1379,11.1111,11.6248,140705.8,0.3874,33.95,33.95,33.95,31.38,28.43,27.75,1.7168,7.9642,9.7818,2.6091,-0.4418,-0.4418,-0.4418,18.8885,21.8018
20241205,00737,國泰AI機器人,TWSE,33.97,34.06,33.95,34.06,118955.0,4045640.0,TWSE_RWD_JSON_MI_INDEX,data/daily_price/daily_price_20241205.csv,33.78,33.341,31.3845,30.8173,33.0338,0.7692,1.6413,7.006,15.8898,11.38,109831.55,1.0831,34.06,34.06,34.06,32.1,28.43,27.75,2.1565,8.5249,10.5222,3.1064,0.0,0.0,0.0,19.803,22.7387
20241206,00737,國泰AI機器人,TWSE,33.94,33.94,33.67,33.81,165714.0,5599984.0,TWSE_RWD_JSON_MI_INDEX,data/daily_price/daily_price_20241206.csv,33.828,33.3955,31.4602,30.8433,33.0985,-0.734,0.7149,3.3313,15.5108,10.1662,104325.1,1.5884,34.06,34.06,34.06,32.1,28.43,27.75,1.2412,7.4692,9.6185,2.1496,-0.734,-0.734,-0.734,18.9237,21.8378
20241209,00737,國泰AI機器人,TWSE,34.08,34.41,34.08,34.41,168962.0,5794936.0,TWSE_RWD_JSON_MI_INDEX,data/daily_price/daily_price_20241209.csv,33.976,33.461,31.5512,30.8756,33.2078,1.7746,2.1978,3.9577,18.8601,12.6719,108659.35,1.555,34.41,34.41,34.41,32.1,28.43,27.75,2.8361,9.0609,11.4473,3.6202,0.0,0.0,0.0,21.0341,24.0
20241210,00737,國泰AI機器人,TWSE,34.29,34.29,34.11,34.16,146666.0,5008571.0,TWSE_RWD_JSON_MI_INDEX,data/daily_price/daily_price_20241210.csv,34.048,33.491,31.6445,30.9058,33.2871,-0.7265,1.0651,1.7878,19.6078,11.8899,107953.65,1.3586,34.41,34.41,34.41,32.1,28.5,27.75,1.9976,7.9492,10.5293,2.6222,-0.7265,-0.7265,-0.7265,19.8596,23.0991
20241211,00737,國泰AI機器人,TWSE,33.99,33.99,33.83,33.88,63664.0,2157350.0,TWSE_RWD_JSON_MI_INDEX,data/daily_price/daily_price_20241211.csv,34.064,33.497,31.731,30.9323,33.3366,-0.8197,0.2367,0.3555,18.0899,10.3583,100370.95,0.6343,34.41,34.41,34.41,32.1,28.5,27.75,1.1434,6.7726,9.5294,1.6302,-1.5402,-1.5402,-1.5402,18.8772,22.0901
20241212,00737,國泰AI機器人,TWSE,33.89,33.93,33.85,33.93,71852.0,2435834.0,TWSE_RWD_JSON_MI_INDEX,data/daily_price/daily_price_20241212.csv,34.038,33.526,31.8212,30.9607,33.386,0.1476,-0.3817,1.7391,18.9691,11.1366,97494.8,0.737,34.41,34.41,34.41,32.1,28.98,27.75,1.205,6.6271,9.5907,1.6294,-1.3949,-1.3949,-1.3949,17.0807,22.2703
20241213,00737,國泰AI機器人,TWSE,33.95,34.07,33.94,33.96,364394.0,12382394.0,TWSE_RWD_JSON_MI_INDEX,data/daily_price/daily_price_20241213.csv,34.068,33.5585,31.9022,30.9924,33.4338,0.0884,0.4437,1.9514,16.701,12.6368,111371.65,3.2719,34.41,34.41,34.41,32.1,29.24,27.75,1.1964,6.4505,9.5752,1.5737,-1.3078,-1.3078,-1.3078,16.1423,22.3784
20241216,00737,國泰AI機器人,TWSE,34.15,34.15,34.0,34.02,63155.0,2151341.0,TWSE_RWD_JSON_MI_INDEX,data/daily_price/daily_price_20241216.csv,33.99,33.631,31.9818,31.0234,33.4827,0.1767,-1.1334,4.4519,16.3475,12.2772,112450.95,0.5616,34.41,34.41,34.41,32.1,29.36,27.75,1.1567,6.3729,9.6591,1.6047,-1.1334,-1.1334,-1.1334,15.8719,22.5946
20241217,00737,國泰AI機器人,TWSE,34.2,34.23,34.14,34.23,105563.0,3610390.0,TWSE_RWD_JSON_MI_INDEX,data/daily_price/daily_price_20241217.csv,34.004,33.731,32.0615,31.0559,33.545,0.6173,0.2049,6.2054,16.2309,12.8586,108745.8,0.9707,34.41,34.41,34.41,32.32,29.49,27.75,1.4794,6.7636,10.2205,2.0421,-0.5231,-0.5231,-0.5231,16.0732,23.3514
20241218,00737,國泰AI機器人,TWSE,34.2,34.2,34.08,34.14,53786.0,1835071.0,TWSE_RWD_JSON_MI_INDEX,data/daily_price/daily_price_20241218.csv,34.056,33.806,32.1382,31.0868,33.5945,-0.2629,0.7674,4.5956,15.5721,12.1551,107624.25,0.4998,34.41,34.41,34.41,32.5,29.61,27.75,0.988,6.2288,9.8217,1.6236,-0.7847,-0.7847,-0.7847,15.2989,23.027
20241219,00737,國泰AI機器人,TWSE,33.62,33.62,32.84,32.89,124186.0,4088572.0,TWSE_RWD_JSON_MI_INDEX,data/daily_price/daily_price_20241219.csv,33.848,33.821,32.1897,31.1087,33.5358,-3.6614,-3.0651,0.9205,10.3691,8.6913,109159.4,1.1377,34.41,34.41,34.41,32.84,30.0,27.75,-2.7527,2.1756,5.7262,-1.9258,-4.4173,-4.4173,-4.4173,9.6333,18.5225
20241220,00737,國泰AI機器人,TWSE,32.44,32.44,32.36,32.37,163981.0,5312831.0,TWSE_RWD_JSON_MI_INDEX,data/daily_price/daily_price_20241220.csv,33.53,33.791,32.2273,31.1272,33.4387,-1.581,-4.682,-1.8198,7.5058,7.3988,111389.2,1.4721,34.41,34.41,34.41,32.36,30.0,27.75,-4.2053,0.4427,3.9925,-3.196,-5.9285,-5.9285,-5.9285,7.9,16.6486
20241223,00737,國泰AI機器人,TWSE,32.49,32.91,32.45,32.91,74856.0,2452495.0,TWSE_RWD_JSON_MI_INDEX,data/daily_price/daily_price_20241223.csv,33.308,33.747,32.2743,31.1504,33.3946,1.6682,-3.2628,-2.6043,9.3719,9.2267,109278.35,0.685,34.41,34.41,34.41,32.36,30.0,27.75,-2.4802,1.9696,5.6487,-1.4512,-4.3592,-4.3592,-4.3592,9.7,18.5946
20241224,00737,國泰AI機器人,TWSE,32.99,32.99,32.95,32.95,85342.0,2812665.0,TWSE_RWD_JSON_MI_INDEX,data/daily_price/daily_price_20241224.csv,33.052,33.6995,32.3225,31.1744,33.3576,0.1215,-3.7394,-2.8024,9.6141,9.5777,107609.2,0.7931,34.41,34.41,34.41,32.36,30.0,27.75,-2.2241,1.9414,5.6956,-1.2218,-4.243,-4.243,-4.243,9.8333,18.7387
20241225,00737,國泰AI機器人,TWSE,33.22,33.31,33.2,33.31,91153.0,3030236.0,TWSE_RWD_JSON_MI_INDEX,data/daily_price/daily_price_20241225.csv,32.886,33.669,32.3765,31.2012,33.3536,1.0926,-2.4312,-1.7983,10.7749,10.6645,108976.25,0.8364,34.41,34.41,34.41,32.36,30.0,27.75,-1.0663,2.8833,6.7588,-0.1308,-3.1967,-3.1967,-3.1967,11.0333,20.036
20241226,00737,國泰AI機器人,TWSE,33.31,33.34,33.26,33.31,66627.0,2218883.0,TWSE_RWD_JSON_MI_INDEX,data/daily_price/daily_price_20241226.csv,32.97,33.659,32.4267,31.2252,33.35,0.0,1.277,-0.5968,9.934,9.4643,110071.75,0.6053,34.41,34.41,34.41,32.36,30.0,27.75,-1.0369,2.7241,6.6768,-0.1199,-3.1967,-3.1967,-3.1967,11.0333,20.036
20241227,00737,國泰AI機器人,TWSE,33.8,33.8,33.38,33.44,41202.0,1378008.0,TWSE_RWD_JSON_MI_INDEX,data/daily_price/daily_price_20241227.csv,33.184,33.6525,32.4728,31.2498,33.3575,0.3903,3.3055,-0.3873,9.0316,9.7113,107752.05,0.3824,34.41,34.41,34.41,32.36,30.0,27.75,-0.6315,2.9784,7.0086,0.2474,-2.8189,-2.8189,-2.8189,11.4667,20.5045
20241230,00737,國泰AI機器人,TWSE,33.34,33.34,33.1,33.23,51891.0,1724360.0,TWSE_RWD_JSON_MI_INDEX,data/daily_price/daily_price_20241230.csv,33.248,33.6305,32.515,31.2744,33.3469,-0.628,0.9723,-1.3068,8.241,9.7424,108333.75,0.479,34.41,34.41,34.41,32.36,30.0,27.75,-1.1909,2.199,6.253,-0.3504,-3.4292,-3.4292,-3.4292,10.7667,19.7477
20241231,00737,國泰AI機器人,TWSE,32.88,32.88,32.81,32.88,94542.0,3106341.0,TWSE_RWD_JSON_MI_INDEX,data/daily_price/daily_price_20241231.csv,33.234,33.5845,32.5503,31.2941,33.308,-1.0533,-0.2124,-2.7219,6.8921,7.7326,108550.35,0.871,34.41,34.41,34.41,32.36,30.0,27.75,-2.0977,1.0128,5.0678,-1.2848,-4.4464,-4.4464,-4.4464,9.6,18.4865
20250102,00737,國泰AI機器人,TWSE,32.88,32.89,32.84,32.89,25840.0,849182.0,TWSE_RWD_JSON_MI_INDEX,data/daily_price/daily_price_20250102.csv,33.15,33.539,32.5922,31.3129,33.2731,0.0304,-1.2609,-2.6923,8.262,7.3784,107116.55,0.2412,34.41,34.41,34.41,32.36,30.43,27.75,-1.9351,0.9138,5.0365,-1.1514,-4.4173,-4.4173,-4.4173,8.0841,18.5225
20250103,00737,國泰AI機器人,TWSE,32.89,32.89,32.67,32.8,107758.0,3529017.0,TWSE_RWD_JSON_MI_INDEX,data/daily_price/daily_price_20250103.csv,33.048,33.476,32.6222,31.3312,33.2337,-0.2736,-1.5311,-3.6994,5.8065,7.1895,106556.7,1.0113,34.41,34.41,34.41,32.36,30.43,27.75,-2.0194,0.5451,4.6878,-1.305,-4.6789,-4.6789,-4.6789,7.7884,18.1982
20250107,00737,國泰AI機器人,TWSE,33.46,33.51,33.42,33.43,56637.0,1894269.0,TWSE_RWD_JSON_MI_INDEX,data/daily_price/daily_price_20250107.csv,33.046,33.457,32.6663,31.3525,33.2501,1.9207,-0.0299,-1.1239,8.6095,8.2578,101102.85,0.5602,34.41,34.41,34.41,32.36,30.43,27.75,-0.0807,2.3378,6.6263,0.5412,-2.848,-2.848,-2.848,9.8587,20.4685
20250108,00737,國泰AI機器人,TWSE,33.2,33.2,33.05,33.14,31805.0,1052883.0,TWSE_RWD_JSON_MI_INDEX,data/daily_price/daily_price_20250108.csv,33.028,33.3935,32.7045,31.3691,33.2409,-0.8675,-0.2708,-3.6908,7.423,6.3884,94245.0,0.3375,34.29,34.41,34.41,32.36,30.43,27.75,-0.7591,1.3316,5.6454,-0.3035,-3.3537,-3.6908,-3.6908,8.9057,19.4234
20250109,00737,國泰AI機器人,TWSE,33.02,33.02,32.75,32.75,98059.0,3216729.0,TWSE_RWD_JSON_MI_INDEX,data/daily_price/daily_price_20250109.csv,33.002,33.323,32.7317,31.385,33.2,-1.1768,-0.3954,-4.1276,5.2378,6.1933,91814.65,1.068,34.23,34.41,34.41,32.36,30.43,27.75,-1.7195,0.056,4.3492,-1.3553,-4.3237,-4.8242,-4.8242,7.6241,18.018
20250110,00737,國泰AI機器人,TWSE,32.64,32.67,32.6,32.67,54634.0,1782442.0,TWSE_RWD_JSON_MI_INDEX,data/daily_price/daily_price_20250110.csv,32.958,33.2625,32.7497,31.3979,33.1558,-0.2443,-0.6689,-3.5714,3.4188,4.9807,91363.15,0.598,34.23,34.41,34.41,32.36,30.43,27.75,-1.7813,-0.2433,4.0515,-1.4652,-4.5574,-5.0567,-5.0567,7.3612,17.7297
20250113,00737,國泰AI機器人,TWSE,32.67,32.67,32.14,32.18,51642.0,1662922.0,TWSE_RWD_JSON_MI_INDEX,data/daily_price/daily_price_20250113.csv,32.834,33.175,32.7563,31.4047,33.0745,-1.4998,-1.8902,-5.1577,1.2587,2.6148,90352.65,0.5716,34.23,34.41,34.41,32.14,30.43,27.75,-2.9992,-1.7595,2.4686,-2.7045,-5.9889,-6.4807,-6.4807,5.7509,15.964
20250114,00737,國泰AI機器人,TWSE,32.18,32.18,32.12,32.18,156942.0,5044930.0,TWSE_RWD_JSON_MI_INDEX,data/daily_price/daily_price_20250114.csv,32.584,33.086,32.7725,31.4081,33.0,0.0,-3.7392,-5.2415,3.108,1.2587,79980.05,1.9623,34.23,34.41,34.41,32.12,30.43,27.75,-2.7383,-1.8079,2.4577,-2.4847,-5.9889,-6.4807,-6.4807,5.7509,15.964
20250115,00737,國泰AI機器人,TWSE,32.38,32.38,32.18,32.22,156390.0,5036334.0,TWSE_RWD_JSON_MI_INDEX,data/daily_price/daily_price_20250115.csv,32.4,32.996,32.7915,31.4108,32.935,0.1243,-2.7761,-5.291,3.668,1.0348,84641.8,1.8477,34.23,34.41,34.41,32.12,30.43,27.75,-2.3518,-1.7428,2.5761,-2.1708,-5.872,-6.3644,-6.3644,5.8824,16.1081
20250116,00737,國泰AI機器人,TWSE,33.12,33.12,32.78,32.78,107238.0,3521734.0,TWSE_RWD_JSON_MI_INDEX,data/daily_price/daily_price_20250116.csv,32.406,32.9235,32.8208,31.4154,32.922,1.7381,0.0916,-4.2361,5.6738,1.7065,84725.55,1.2657,34.2,34.41,34.41,32.12,30.43,27.75,-0.4359,-0.1244,4.3437,-0.4315,-4.152,-4.737,-4.737,7.7226,18.1261
20250117,00737,國泰AI機器人,TWSE,35.3,35.32,35.06,35.21,171615.0,6038319.0,TWSE_RWD_JSON_MI_INDEX,data/daily_price/daily_price_20250117.csv,32.914,32.977,32.8883,31.4448,33.1127,7.4131,7.7747,3.1342,12.9974,11.1427,90617.0,1.8938,35.32,35.32,35.32,32.12,30.43,27.75,6.7714,7.0592,11.9739,6.3338,-0.3114,-0.3114,-0.3114,15.7082,26.8829
20250120,00737,國泰AI機器人,TWSE,33.16,33.3,33.11,33.17,256442.0,8500754.0,TWSE_RWD_JSON_MI_INDEX,data/daily_price/daily_price_20250120.csv,33.112,32.991,32.9255,31.4612,33.1175,-5.7938,3.0764,0.8513,7.2075,6.28,97229.8,2.6375,35.32,35.32,35.32,32.12,30.43,27.75,0.5426,0.7426,5.4316,0.1586,-6.0872,-6.0872,-6.0872,9.0043,19.5315
20250121,00737,國泰AI機器人,TWSE,33.18,33.23,33.05,33.23,162741.0,5393318.0,TWSE_RWD_JSON_MI_INDEX,data/daily_price/daily_price_20250121.csv,33.322,33.034,32.9657,31.4792,33.1269,0.1809,3.2629,2.6568,7.8196,6.9865,97167.8,1.6748,35.32,35.32,35.32,32.12,30.43,27.75,0.5933,0.8018,5.5616,0.3114,-5.9173,-5.9173,-5.9173,9.2014,19.7477
20250122,00737,國泰AI機器人,TWSE,33.7,33.95,33.64,33.94,762930.0,25855694.0,TWSE_RWD_JSON_MI_INDEX,data/daily_price/daily_price_20250122.csv,33.666,33.0855,33.0238,31.5006,33.1946,2.1366,5.3383,3.1297,11.4614,8.1581,131571.5,5.7986,35.32,35.32,35.32,32.12,30.48,27.75,2.5827,2.7743,7.744,2.2455,-3.9071,-3.9071,-3.9071,11.3517,22.3063
20250203,00737,國泰AI機器人,TWSE,33.94,34.02,33.68,33.83,156831.0,5308700.0,TWSE_RWD_JSON_MI_INDEX,data/daily_price/daily_price_20250203.csv,33.876,33.1295,33.0777,31.5263,33.2476,-0.3241,3.2032,2.6707,10.5556,10.052,135145.95,1.1605,35.32,35.32,35.32,32.12,30.48,27.75,2.1144,2.2744,7.3071,1.7518,-4.2186,-4.2186,-4.2186,10.9908,21.9099
20250204,00737,國泰AI機器人,TWSE,33.84,33.9,33.58,33.58,80937.0,2730100.0,TWSE_RWD_JSON_MI_INDEX,data/daily_price/daily_price_20250204.csv,33.55,33.143,33.1213,31.5477,33.2753,-0.739,-4.6294,0.8106,8.4625,8.2876,134635.15,0.6012,35.32,35.32,35.32,32.12,30.48,27.75,1.3185,1.3848,6.4418,0.9158,-4.9264,-4.9264,-4.9264,10.1706,21.009
20250205,00737,國泰AI機器人,TWSE,34.06,34.11,33.98,34.01,235199.0,8008032.0,TWSE_RWD_JSON_MI_INDEX,data/daily_price/daily_price_20250205.csv,33.718,33.178,33.1692,31.5757,33.3365,1.2805,2.5324,2.1015,9.2164,10.9263,143063.75,1.644,35.32,35.32,35.32,32.12,30.48,27.75,2.5077,2.535,7.7095,2.0203,-3.7089,-3.7089,-3.7089,11.5814,22.5586
20250206,00737,國泰AI機器人,TWSE,34.32,34.55,34.3,34.53,256520.0,8837011.0,TWSE_RWD_JSON_MI_INDEX,data/daily_price/daily_price_20250206.csv,33.978,33.2325,33.2217,31.6085,33.436,1.529,3.9121,3.2596,10.0382,12.88,153829.65,1.6676,35.32,35.32,35.32,32.12,30.48,27.75,3.9043,3.9382,9.2428,3.2721,-2.2367,-2.2367,-2.2367,13.2874,24.4324
20250207,00737,國泰AI機器人,TWSE,34.5,34.57,34.5,34.54,104230.0,3599838.0,TWSE_RWD_JSON_MI_INDEX,data/daily_price/daily_price_20250207.csv,34.098,33.298,33.289,31.6378,33.528,0.029,1.7678,3.9422,13.2459,11.3475,156446.6,0.6662,35.32,35.32,35.32,32.12,30.66,27.75,3.73,3.758,9.1731,3.0185,-2.2084,-2.2084,-2.2084,12.6549,24.4685
20250210,00737,國泰AI機器人,TWSE,34.47,34.57,34.4,34.57,81766.0,2820010.0,TWSE_RWD_JSON_MI_INDEX,data/daily_price/daily_price_20250210.csv,34.246,33.3825,33.3517,31.6807,33.6148,0.0869,2.1874,5.1399,12.2038,17.4652,155807.8,0.5248,35.32,35.32,35.32,32.12,30.81,27.75,3.5573,3.653,9.1202,2.8416,-2.1234,-2.1234,-2.1234,12.2038,24.5766
20250211,00737,國泰AI機器人,TWSE,34.8,34.87,34.75,34.81,130045.0,4527920.0,TWSE_RWD_JSON_MI_INDEX,data/daily_price/daily_price_20250211.csv,34.492,33.4785,33.4157,31.7387,33.7144,0.6942,3.6629,5.8376,12.3991,25.0359,161018.05,0.8076,35.32,35.32,35.32,32.12,31.38,27.75,3.9772,4.1727,9.6767,3.2497,-1.4439,-1.4439,-1.4439,10.9305,25.4414
20250212,00737,國泰AI機器人,TWSE,34.81,34.81,34.7,34.75,117432.0,4080295.0,TWSE_RWD_JSON_MI_INDEX,data/daily_price/daily_price_20250212.csv,34.64,33.576,33.4643,31.7946,33.8007,-0.1724,2.1758,5.9451,9.1737,23.8859,161501.75,0.7271,35.32,35.32,35.32,32.12,32.1,27.75,3.4965,3.8419,9.2953,2.8085,-1.6138,-1.6138,-1.6138,8.2555,25.2252
20250213,00737,國泰AI機器人,TWSE,34.85,34.88,34.8,34.88,133693.0,4658755.0,TWSE_RWD_JSON_MI_INDEX,data/daily_price/daily_price_20250213.csv,34.71,33.6485,33.5003,31.8485,33.8906,0.3741,1.0136,4.3374,6.6015,22.7737,165354.55,0.8085,35.32,35.32,35.32,32.12,32.1,27.75,3.6599,4.1184,9.5185,2.9193,-1.2458,-1.2458,-1.2458,8.6604,25.6937
20250214,00737,國泰AI機器人,TWSE,34.97,35.05,34.9,35.04,228508.0,7998559.0,TWSE_RWD_JSON_MI_INDEX,data/daily_price/daily_price_20250214.csv,34.81,33.7435,33.5327,31.9075,33.9864,0.4587,1.4476,5.7333,5.861,25.3219,175189.7,1.3043,35.32,35.32,35.32,32.12,32.1,28.43,3.8422,4.4951,9.8174,3.1,-0.7928,-0.7928,-0.7928,9.1589,23.2501
20250217,00737,國泰AI機器人,TWSE,35.03,35.05,34.95,35.05,205190.0,7188372.0,TWSE_RWD_JSON_MI_INDEX,data/daily_price/daily_price_20250217.csv,34.906,33.8585,33.5575,31.9615,34.0751,0.0285,1.3885,7.0229,4.4398,22.6811,180546.25,1.1365,35.32,35.32,35.32,32.12,32.1,28.43,3.5191,4.4476,9.6632,2.8612,-0.7644,-0.7644,-0.7644,9.19,23.2853
20250218,00737,國泰AI機器人,TWSE,35.06,35.06,34.95,35.06,58222.0,2039608.0,TWSE_RWD_JSON_MI_INDEX,data/daily_price/daily_price_20250218.csv,34.956,33.978,33.5792,32.0144,34.1571,0.0285,0.7182,7.3156,3.8507,22.1177,180725.65,0.3222,35.32,35.32,35.32,32.12,32.1,28.43,3.1844,4.41,9.5132,2.6433,-0.7361,-0.7361,-0.7361,9.2212,23.3204
20250219,00737,國泰AI機器人,TWSE,35.06,35.29,35.06,35.28,88516.0,3121363.0,TWSE_RWD_JSON_MI_INDEX,data/daily_price/daily_price_20250219.csv,35.062,34.133,33.6113,32.0709,34.2507,0.6275,1.5252,9.6333,5.7871,23.7895,182569.35,0.4848,35.32,35.32,35.32,32.12,32.1,28.43,3.3604,4.9646,10.0062,3.0052,-0.1133,-0.1133,-0.1133,9.9065,24.0943
20250220,00737,國泰AI機器人,TWSE,35.28,35.28,34.84,34.85,160259.0,5589749.0,TWSE_RWD_JSON_MI_INDEX,data/daily_price/daily_price_20250220.csv,35.056,34.2665,33.637,32.12,34.3006,-1.2188,-0.086,8.2971,4.6232,20.3384,182735.2,0.877,35.32,35.32,35.32,32.18,32.1,28.43,1.7028,3.6061,8.4994,1.6016,-1.3307,-1.3307,-1.3307,8.567,22.5818
20250224,00737,國泰AI機器人,TWSE,33.9,33.9,33.77,33.86,233245.0,7892365.0,TWSE_RWD_JSON_MI_INDEX,data/daily_price/daily_price_20250224.csv,34.82,34.3485,33.6585,32.1592,34.2639,-2.8407,-3.3676,5.09,3.9607,16.118,186577.95,1.2501,35.32,35.32,35.32,32.78,32.1,28.43,-1.4222,0.5987,5.2888,-1.1789,-4.1336,-4.1336,-4.1336,5.4829,19.0995
20250225,00737,國泰AI機器人,TWSE,33.37,33.4,33.3,33.4,206075.0,6878078.0,TWSE_RWD_JSON_MI_INDEX,data/daily_price/daily_price_20250225.csv,34.49,34.3795,33.678,32.1898,34.1919,-1.3585,-4.7076,1.8914,3.6302,12.3822,191519.8,1.076,35.32,35.32,35.32,33.05,32.12,28.43,-2.8491,-0.8255,3.7595,-2.3161,-5.436,-5.436,-5.436,3.9851,17.4815
20250226,00737,國泰AI機器人,TWSE,33.15,33.15,32.86,33.04,144000.0,4747502.0,TWSE_RWD_JSON_MI_INDEX,data/daily_price/daily_price_20250226.csv,34.086,34.271,33.6847,32.2179,34.0959,-1.0778,-5.7616,-6.163,1.2255,11.3583,190139.05,0.7573,35.29,35.32,35.32,32.86,32.12,28.43,-3.592,-1.9138,2.5516,-3.097,-6.3757,-6.4553,-6.4553,2.8643,16.2153
20250227,00737,國泰AI機器人,TWSE,35.06,35.06,34.95,35.06,58222.0,2039608.0,TWSE_RWD_JSON_MI_INDEX,data/daily_price/daily_price_20250227.csv,34.042,34.3655,33.7258,32.2601,34.1763,6.1138,-0.6236,5.6979,7.579,16.8667,180228.05,0.323,35.29,35.32,35.32,32.86,32.12,28.43,2.0209,3.9559,8.6792,2.5858,-0.6517,-0.7361,-0.7361,9.1532,23.3204
20250303,00737,國泰AI機器人,TWSE,32.21,32.21,32.0,32.19,261539.0,8393654.0,TWSE_RWD_JSON_MI_INDEX,data/daily_price/daily_price_20250303.csv,33.51,34.3135,33.7128,32.2762,34.0108,-8.186,-7.6327,-3.1297,-2.3658,6.3781,185167.95,1.4124,35.29,35.32,35.32,32.0,32.0,28.43,-6.1885,-4.5171,-0.267,-5.3535,-8.7844,-8.8618,-8.8618,0.5937,13.2255
20250304,00737,國泰AI機器人,TWSE,31.5,31.64,31.46,31.57,240069.0,7576734.0,TWSE_RWD_JSON_MI_INDEX,data/daily_price/daily_price_20250304.csv,33.052,34.195,33.6758,32.2888,33.8074,-1.9261,-6.7631,-6.9829,-6.57,5.0233,159024.9,1.5096,35.29,35.32,35.32,31.46,31.46,28.43,-7.6766,-6.2532,-2.226,-6.618,-10.5412,-10.6172,-10.6172,0.3497,11.0447
20250305,00737,國泰AI機器人,TWSE,31.46,31.46,31.22,31.26,747122.0,23364978.0,TWSE_RWD_JSON_MI_INDEX,data/daily_price/daily_price_20250305.csv,32.624,34.0665,33.6318,32.2967,33.5951,-0.9819,-6.4072,-7.5968,-7.7876,3.1343,188539.45,3.9627,35.29,35.32,35.32,31.22,31.22,28.43,-8.2383,-7.0523,-3.2098,-6.9506,-11.4197,-11.4949,-11.4949,0.1281,9.9543
20250306,00737,國泰AI機器人,TWSE,31.65,31.83,31.65,31.81,173048.0,5496988.0,TWSE_RWD_JSON_MI_INDEX,data/daily_price/daily_price_20250306.csv,32.378,33.978,33.5967,32.3101,33.4463,1.7594,-3.7228,-5.271,-6.2205,5.3311,193145.0,0.8959,35.29,35.32,35.32,31.22,31.22,28.43,-6.3806,-5.318,-1.5478,-4.8924,-9.8612,-9.9377,-9.9377,1.8898,11.8888
20250307,00737,國泰AI機器人,TWSE,31.62,31.62,31.4,31.44,452734.0,14237250.0,TWSE_RWD_JSON_MI_INDEX,data/daily_price/daily_price_20250307.csv,31.654,33.8495,33.5622,32.3198,33.2791,-1.1632,-10.3252,-7.5566,-6.1773,3.8309,204021.75,2.219,35.29,35.32,35.32,31.22,31.22,28.43,-7.1183,-6.3231,-2.722,-5.5264,-10.9096,-10.9853,-10.9853,0.7047,10.5874
20250310,00737,國泰AI機器人,TWSE,31.45,31.52,31.36,31.43,53314.0,1676564.0,TWSE_RWD_JSON_MI_INDEX,data/daily_price/daily_price_20250310.csv,31.502,33.6945,33.5265,32.3323,33.125,-0.0318,-2.361,-8.9777,-6.3747,5.0468,193861.45,0.275,35.29,35.32,35.32,31.22,31.22,28.43,-6.7207,-6.2533,-2.7908,-5.1171,-10.9379,-11.0136,-11.0136,0.6726,10.5522
20250311,00737,國泰AI機器人,TWSE,30.58,30.8,30.31,30.72,324883.0,9925488.0,TWSE_RWD_JSON_MI_INDEX,data/daily_price/daily_price_20250311.csv,31.332,33.5035,33.4773,32.3356,32.9246,-2.259,-2.6924,-11.0596,-8.7615,1.2859,204894.1,1.5856,35.29,35.32,35.32,30.31,30.31,28.43,-8.3081,-8.2364,-4.9963,-6.6959,-12.9498,-13.0238,-13.0238,1.3527,8.0549
20250312,00737,國泰AI機器人,TWSE,30.7,30.7,30.56,30.61,83786.0,2564076.0,TWSE_RWD_JSON_MI_INDEX,data/daily_price/daily_price_20250312.csv,31.202,33.3055,33.4242,32.3372,32.7317,-0.3581,-2.0793,-11.455,-9.4379,0.6577,204995.1,0.4087,35.29,35.32,35.32,30.31,30.31,28.43,-8.0933,-8.4196,-5.3414,-6.4822,-13.2615,-13.3352,-13.3352,0.9898,7.668
20250313,00737,國泰AI機器人,TWSE,30.76,30.76,30.46,30.5,301568.0,9217339.0,TWSE_RWD_JSON_MI_INDEX,data/daily_price/daily_price_20250313.csv,30.94,33.09,33.3692,32.3379,32.5458,-0.3594,-4.1182,-12.3815,-9.7633,0.263,213571.25,1.412,35.29,35.32,35.32,30.31,30.31,28.43,-7.8271,-8.5983,-5.6835,-6.2858,-13.5733,-13.6467,-13.6467,0.6269,7.281
20250314,00737,國泰AI機器人,TWSE,30.42,30.42,30.33,30.38,134199.0,4078416.0,TWSE_RWD_JSON_MI_INDEX,data/daily_price/daily_price_20250314.csv,30.728,32.8715,33.3078,32.3462,32.3653,-0.3934,-3.3715,-12.5755,-10.8045,3.3685,214409.6,0.6259,35.29,35.32,35.32,30.31,30.31,28.43,-7.5795,-8.7902,-6.0785,-6.134,-13.9133,-13.9864,-13.9864,0.2309,6.859
20250317,00737,國泰AI機器人,TWSE,30.6,30.75,30.6,30.73,110231.0,3385788.0,TWSE_RWD_JSON_MI_INDEX,data/daily_price/daily_price_20250317.csv,30.588,32.664,33.2565,32.3583,32.229,1.1521,-2.2272,-11.8979,-9.1097,4.988,213236.5,0.5169,35.29,35.32,35.32,30.31,30.31,28.43,-5.9209,-7.597,-5.0322,-4.6511,-12.9215,-12.9955,-12.9955,1.3857,8.09
20250318,00737,國泰AI機器人,TWSE,31.15,31.15,30.97,31.01,221744.0,6879136.0,TWSE_RWD_JSON_MI_INDEX,data/daily_price/daily_price_20250318.csv,30.646,32.4625,33.1998,32.3755,32.1274,0.9112,0.944,-11.5011,-9.8808,7.1157,212898.3,1.0415,35.29,35.32,35.32,30.31,30.31,28.43,-4.4744,-6.5959,-4.2177,-3.4781,-12.1281,-12.2027,-12.2027,2.3095,9.0749
20250319,00737,國泰AI機器人,TWSE,30.95,30.98,30.9,30.92,42394.0,1311992.0,TWSE_RWD_JSON_MI_INDEX,data/daily_price/daily_price_20250319.csv,30.708,32.256,33.1458,32.3952,32.0268,-0.2902,1.0127,-11.7832,-9.4848,8.2633,204758.5,0.207,35.29,35.32,35.32,30.31,30.31,28.5,-4.1419,-6.7153,-4.5537,-3.4558,-12.3831,-12.4575,-12.4575,2.0125,8.4912
20250320,00737,國泰AI機器人,TWSE,30.99,31.29,30.99,31.27,56054.0,1748034.0,TWSE_RWD_JSON_MI_INDEX,data/daily_price/daily_price_20250320.csv,30.862,32.0665,33.1023,32.4167,31.9637,1.132,2.5246,-10.81,-7.7037,8.9927,204650.1,0.2739,35.29,35.32,35.32,30.31,30.31,28.5,-2.4839,-5.5354,-3.5373,-2.1704,-11.3913,-11.4666,-11.4666,3.1673,9.7193
20250321,00737,國泰AI機器人,TWSE,31.04,31.04,30.92,30.92,79531.0,2463273.0,TWSE_RWD_JSON_MI_INDEX,data/daily_price/daily_price_20250321.csv,30.97,31.8485,33.0522,32.4367,31.8768,-1.1193,1.7775,-12.3583,-8.8712,8.4151,204200.85,0.3895,35.28,35.32,35.32,30.31,30.31,28.98,-2.9154,-6.4509,-4.6758,-3.0014,-12.3583,-12.4575,-12.4575,2.0125,6.6943
20250324,00737,國泰AI機器人,TWSE,31.06,31.18,31.06,31.16,73724.0,2296540.0,TWSE_RWD_JSON_MI_INDEX,data/daily_price/daily_price_20250324.csv,31.056,31.664,33.0055,32.4538,31.817,0.7762,1.3993,-10.5882,-8.245,7.079,199874.1,0.3689,35.06,35.32,35.32,30.31,30.31,29.24,-1.5917,-5.5915,-3.9867,-2.065,-11.1238,-11.778,-11.778,2.8044,6.5663
20250325,00737,國泰AI機器人,TWSE,31.49,31.53,31.48,31.49,96159.0,3028789.0,TWSE_RWD_JSON_MI_INDEX,data/daily_price/daily_price_20250325.csv,31.152,31.5455,32.9633,32.4726,31.7898,1.0591,1.5479,-6.9994,-7.4368,7.6949,193019.8,0.4982,35.06,35.32,35.32,30.31,30.31,29.36,-0.1759,-4.4696,-3.0259,-0.943,-10.1825,-10.8437,-10.8437,3.8931,7.2548
20250326,00737,國泰AI機器人,TWSE,31.66,31.71,31.65,31.68,83922.0,2659413.0,TWSE_RWD_JSON_MI_INDEX,data/daily_price/daily_price_20250326.csv,31.304,31.4595,32.9208,32.4912,31.7806,0.6034,2.458,-5.1497,-7.4496,7.5722,186912.15,0.449,35.06,35.32,35.32,30.31,30.31,29.49,0.7009,-3.7691,-2.4966,-0.3166,-9.6406,-10.3058,-10.3058,4.52,7.4262
20250327,00737,國泰AI機器人,TWSE,31.53,31.53,31.0,31.36,123995.0,3884136.0,TWSE_RWD_JSON_MI_INDEX,data/daily_price/daily_price_20250327.csv,31.322,31.3755,32.8745,32.5063,31.7456,-1.0101,0.2878,-5.0847,-8.1429,6.1611,185911.9,0.667,35.06,35.32,35.32,30.31,30.31,29.61,-0.0494,-4.6069,-3.5265,-1.2146,-10.5533,-11.2118,-11.2118,3.4642,5.9102
20250328,00737,國泰AI機器人,TWSE,30.93,30.93,30.86,30.88,64833.0,2001750.0,TWSE_RWD_JSON_MI_INDEX,data/daily_price/daily_price_20250328.csv,31.314,31.1665,32.841,32.5153,31.6734,-1.5306,-0.1294,-11.9224,-6.1113,3.6242,186242.45,0.3481,32.21,35.32,35.32,30.31,30.31,30.0,-0.9193,-5.9712,-5.0294,-2.5051,-4.1292,-12.5708,-12.5708,1.8806,2.9333
20250331,00737,國泰AI機器人,TWSE,29.97,29.97,29.74,29.78,468283.0,13953883.0,TWSE_RWD_JSON_MI_INDEX,data/daily_price/daily_price_20250331.csv,31.038,31.046,32.7978,32.5126,31.5157,-3.5622,-4.4288,-7.4868,-8.0012,-1.096,196579.65,2.3822,31.83,35.32,35.32,29.74,29.74,29.74,-4.0778,-9.2013,-8.4047,-5.5073,-6.4405,-15.6852,-15.6852,0.1345,0.1345
20250401,00737,國泰AI機器人,TWSE,29.67,29.74,29.65,29.73,88049.0,2614098.0,TWSE_RWD_JSON_MI_INDEX,data/daily_price/daily_price_20250401.csv,30.686,30.954,32.7448,32.5096,31.3669,-0.1679,-5.5891,-5.8283,-9.6627,-1.1964,188978.65,0.4659,31.83,35.32,35.32,29.65,29.65,29.65,-3.9543,-9.2071,-8.55,-5.2184,-6.5975,-15.8267,-15.8267,0.2698,0.2698
20250402,00737,國泰AI機器人,TWSE,29.77,29.89,29.77,29.86,48792.0,1456939.0,TWSE_RWD_JSON_MI_INDEX,data/daily_price/daily_price_20250402.csv,30.322,30.884,32.6933,32.5079,31.2413,0.4373,-5.7449,-4.4786,-9.3778,-0.6653,154062.15,0.3167,31.83,35.32,35.32,29.65,29.65,29.65,-3.3156,-8.6664,-8.1455,-4.4213,-6.1891,-15.4587,-15.4587,0.7083,0.7083
20260522,00737,國泰AI機器人,TWSE,37.5,37.97,37.5,37.95,363787.0,13775470.0,TWSE_RWD_JSON_MI_INDEX,data/daily_price/daily_price_20260522.csv,31.64,31.191,32.7707,32.5736,31.8003,27.0931,21.014,19.3021,13.9298,26.2055,163599.1,2.2236,37.97,37.97,37.97,29.65,29.65,29.65,21.6697,15.8048,16.5055,19.3383,-0.0527,-0.0527,-0.0527,27.9933,27.9933
20260525,00737,國泰AI機器人,TWSE,38.6,38.88,38.57,38.88,295840.0,11451291.0,TWSE_RWD_JSON_MI_INDEX,data/daily_price/daily_price_20260525.csv,33.24,31.563,32.8635,32.6451,32.3903,2.4506,25.9067,23.6641,16.7217,28.3168,155754.4,1.8994,38.88,38.88,38.88,29.65,29.65,29.65,23.1822,18.3075,19.0991,20.0359,0.0,0.0,0.0,31.1298,31.1298
20260526,00737,國泰AI機器人,TWSE,38.88,38.94,38.86,38.92,138292.0,5379636.0,TWSE_RWD_JSON_MI_INDEX,data/daily_price/daily_price_20260526.csv,35.068,31.9375,32.9548,32.7138,32.9345,0.1029,30.6917,23.8307,16.3876,26.8993,160003.3,0.8643,38.94,38.94,38.94,29.65,29.65,29.65,21.863,18.101,18.9711,18.1741,-0.0514,-0.0514,-0.0514,31.2648,31.2648
20260527,00737,國泰AI機器人,TWSE,38.93,39.04,38.89,38.89,156325.0,6091769.0,TWSE_RWD_JSON_MI_INDEX,data/daily_price/daily_price_20260527.csv,36.9,32.346,33.0492,32.7821,33.4307,-0.0771,30.8106,26.5951,17.0328,26.6775,151575.4,1.0313,39.04,39.04,39.04,29.65,29.65,29.65,20.2312,17.6732,18.6319,16.33,-0.3842,-0.3842,-0.3842,31.1636,31.1636
20260528,00737,國泰AI機器人,TWSE,38.89,38.89,38.26,38.35,247919.0,9543889.0,TWSE_RWD_JSON_MI_INDEX,data/daily_price/daily_price_20260528.csv,38.598,32.733,33.1403,32.8453,33.8407,-1.3885,28.4327,25.2859,16.6363,24.6749,159782.05,1.5516,39.04,39.04,39.04,29.65,29.65,29.65,17.1601,15.72,16.7594,13.3251,-1.7674,-1.7674,-1.7674,29.3423,29.3423
20260529,00737,國泰AI機器人,TWSE,38.78,39.23,38.78,39.23,264814.0,10333454.0,TWSE_RWD_JSON_MI_INDEX,data/daily_price/daily_price_20260529.csv,38.854,33.1695,33.246,32.9191,34.2898,2.2947,3.3729,28.623,19.2764,29.131,157944.35,1.6766,39.23,39.23,39.23,29.65,29.65,29.65,18.2713,17.9992,19.171,14.4072,0.0,0.0,0.0,32.3103,32.3103
20260601,00737,國泰AI機器人,TWSE,39.6,40.43,39.6,40.41,446991.0,18014145.0,TWSE_RWD_JSON_MI_INDEX,data/daily_price/daily_price_20260601.csv,39.16,33.671,33.3728,32.9975,34.7998,3.0079,3.9352,33.0151,23.2012,30.3548,173583.95,2.5751,40.43,40.43,40.43,29.65,29.65,29.65,20.0143,21.0865,22.4638,16.1213,-0.0495,-0.0495,-0.0495,36.2901,36.2901
20260602,00737,國泰AI機器人,TWSE,40.7,41.15,40.61,41.15,321084.0,13119361.0,TWSE_RWD_JSON_MI_INDEX,data/daily_price/daily_price_20260602.csv,39.606,34.192,33.5015,33.0839,35.329,1.8312,5.7297,33.9082,23.093,33.6907,184126.6,1.7438,41.15,41.15,41.15,29.65,29.65,29.65,20.3498,22.8303,24.3807,16.4766,0.0,0.0,0.0,38.7858,38.7858
20260603,00737,國泰AI機器人,TWSE,41.15,41.39,41.15,41.32,196358.0,8112720.0,TWSE_RWD_JSON_MI_INDEX,data/daily_price/daily_price_20260603.csv,40.092,34.7075,33.6378,33.1712,35.8282,0.4131,6.2484,33.2473,24.6832,33.9384,182857.3,1.0738,41.39,41.39,41.39,29.65,29.65,29.65,19.0521,22.8379,24.566,15.328,-0.1691,-0.1691,-0.1691,39.3592,39.3592
20260604,00737,國泰AI機器人,TWSE,40.99,40.99,40.19,40.27,548922.0,22158976.0,TWSE_RWD_JSON_MI_INDEX,data/daily_price/daily_price_20260604.csv,40.476,35.175,33.7632,33.2474,36.1984,-2.5411,5.0065,30.2393,22.9618,29.4023,208183.7,2.6367,41.39,41.39,41.39,29.65,29.65,29.65,14.4847,19.272,21.1222,11.248,-2.706,-2.706,-2.706,35.8179,35.8179
20260605,00737,國泰AI機器人,TWSE,40.15,40.27,39.89,40.21,237126.0,9504343.0,TWSE_RWD_JSON_MI_INDEX,data/daily_price/daily_price_20260605.csv,40.672,35.622,33.8888,33.3192,36.5327,-0.149,2.4981,28.5897,23.0793,27.2871,217237.3,1.0916,41.39,41.39,41.39,29.65,29.65,29.65,12.8797,18.6527,20.681,10.0658,-2.8509,-2.8509,-2.8509,35.6155,35.6155
20260608,00737,國泰AI機器人,TWSE,37.99,38.6,37.99,38.4,327639.0,12578222.0,TWSE_RWD_JSON_MI_INDEX,data/daily_price/daily_price_20260608.csv,40.27,35.996,33.9925,33.3744,36.6883,-4.5014,-4.974,24.1915,19.3288,20.8307,229642.7,1.4267,41.39,41.39,41.39,29.65,29.65,29.65,6.6785,12.9661,15.0582,4.6655,-7.224,-7.224,-7.224,29.511,29.511
20260609,00737,國泰AI機器人,TWSE,38.44,39.0,38.44,38.98,138915.0,5393644.0,TWSE_RWD_JSON_MI_INDEX,data/daily_price/daily_price_20260609.csv,39.836,36.387,34.1058,33.4392,36.8793,1.5104,-5.2734,25.0963,21.1311,24.8959,232902.25,0.5965,41.39,41.39,41.39,29.65,29.65,29.65,7.1262,14.2913,16.5699,5.6962,-5.8227,-5.8227,-5.8227,31.4671,31.4671
20260610,00737,國泰AI機器人,TWSE,38.14,38.22,37.73,37.79,288285.0,10956873.0,TWSE_RWD_JSON_MI_INDEX,data/daily_price/daily_price_20260610.csv,39.13,36.702,34.1987,33.4951,36.9552,-3.0528,-8.5431,20.0064,17.2874,21.5894,242508.55,1.1888,41.39,41.39,41.39,29.65,29.65,29.65,2.9644,10.5014,12.8225,2.259,-8.6978,-8.6978,-8.6978,27.4536,27.4536
20260611,00737,國泰AI機器人,TWSE,37.43,37.5,37.15,37.45,136513.0,5096217.0,TWSE_RWD_JSON_MI_INDEX,data/daily_price/daily_price_20260611.csv,38.566,36.9905,34.2765,33.5487,36.9964,-0.8997,-7.0027,18.2134,14.2465,20.7286,245138.1,0.5569,41.39,41.39,41.39,29.65,29.65,29.65,1.2422,9.2585,11.6289,1.2261,-9.5192,-9.5192,-9.5192,26.3069,26.3069
20260612,00737,國泰AI機器人,TWSE,38.4,38.4,37.97,38.12,134349.0,5123458.0,TWSE_RWD_JSON_MI_INDEX,data/daily_price/daily_price_20260612.csv,38.148,37.3285,34.325,33.6067,37.09,1.7891,-5.1977,21.5561,8.2647,22.3363,245655.8,0.5469,41.39,41.39,41.39,29.65,29.65,29.65,2.1204,11.0561,13.4299,2.7769,-7.9005,-7.9005,-7.9005,28.5666,28.5666
20260615,00737,國泰AI機器人,TWSE,38.4,38.65,38.4,38.65,157878.0,6090538.0,TWSE_RWD_JSON_MI_INDEX,data/daily_price/daily_price_20260615.csv,38.198,37.717,34.4163,33.6709,37.22,1.3903,0.651,25.1619,16.521,24.9192,250308.05,0.6307,41.39,41.39,41.39,29.65,29.65,29.65,2.4737,12.3013,14.7875,3.8419,-6.62,-6.62,-6.62,30.3541,30.3541
20260616,00737,國泰AI機器人,TWSE,38.66,38.86,38.66,38.79,91973.0,3563978.0,TWSE_RWD_JSON_MI_INDEX,data/daily_price/daily_price_20260616.csv,38.16,38.1675,34.509,33.7373,37.3509,0.3622,-0.4874,30.2552,16.7319,25.8598,231492.55,0.3973,41.39,41.39,41.39,29.65,29.65,29.65,1.631,12.4055,14.9765,3.853,-6.2817,-6.2817,-6.2817,30.8263,30.8263
20260617,00737,國泰AI機器人,TWSE,38.68,38.68,38.33,38.53,100507.0,3873952.0,TWSE_RWD_JSON_MI_INDEX,data/daily_price/daily_price_20260617.csv,38.308,38.6075,34.5855,33.8047,37.4491,-0.6703,1.9582,29.5997,13.5239,26.5353,232115.45,0.433,41.39,41.39,41.39,29.77,29.65,29.65,-0.2007,11.4051,13.9783,2.8862,-6.9099,-6.9099,-6.9099,29.9494,29.9494
20260618,00737,國泰AI機器人,TWSE,38.51,38.51,38.22,38.27,460655.0,17644861.0,TWSE_RWD_JSON_MI_INDEX,data/daily_price/daily_price_20260618.csv,38.472,39.028,34.6595,33.8686,37.5175,-0.6748,2.1896,28.1648,13.1244,25.0654,252708.6,1.8229,41.39,41.39,41.39,37.15,29.65,29.65,-1.9422,10.4171,12.9956,2.0056,-7.5381,-7.5381,-7.5381,29.0725,29.0725
20260622,00737,國泰AI機器人,TWSE,38.3,38.39,38.09,38.15,249308.0,9517175.0,TWSE_RWD_JSON_MI_INDEX,data/daily_price/daily_price_20260622.csv,38.478,39.038,34.7357,33.9285,37.5702,-0.3136,0.0787,0.527,13.6093,23.2235,246984.65,1.0094,41.39,41.39,41.39,37.15,29.65,29.65,-2.2747,9.8295,12.4423,1.5431,-7.828,-7.828,-7.828,28.6678,28.6678
20260623,00737,國泰AI機器人,TWSE,38.1,38.14,37.3,37.31,293589.0,11052038.0,TWSE_RWD_JSON_MI_INDEX,data/daily_price/daily_price_20260623.csv,38.21,38.9595,34.7907,33.9799,37.5486,-2.2018,-3.467,-4.0381,9.703,19.8137,246872.1,1.1892,41.39,41.39,41.39,37.15,29.65,29.65,-4.2339,7.2414,9.8002,-0.6353,-9.8575,-9.8575,-9.8575,25.8347,25.8347
20260624,00737,國泰AI機器人,TWSE,37.19,37.2,37.1,37.2,99676.0,3700293.0,TWSE_RWD_JSON_MI_INDEX,data/daily_price/daily_price_20260624.csv,37.892,38.8735,34.8352,34.0284,37.5195,-0.2948,-4.099,-4.4193,7.7324,18.5468,244941.3,0.4069,41.39,41.39,41.39,37.1,29.65,29.65,-4.305,6.7886,9.3204,-0.8516,-10.1232,-10.1232,-10.1232,25.4637,25.4637
