date,stock_id,stock_name,market,open,high,low,close,volume,trading_value,source,source_file,ma5,ma20,ma60,ma120,ema23,return_1d,return_5d,return_20d,return_60d,return_120d,volume_ma20,volume_ratio,high_20,high_60,high_120,low_20,low_60,low_120,distance_to_ma20_pct,distance_to_ma60_pct,distance_to_ma120_pct,distance_to_ema23_pct,distance_to_high_20_pct,distance_to_high_60_pct,distance_to_high_120_pct,distance_to_low_60_pct,distance_to_low_120_pct
20240102,00918,大華優利高填息30,TWSE,22.21,22.27,21.9,21.97,13306463.0,293127433.0,TWSE_RWD_JSON_MI_INDEX,data/daily_price/daily_price_20240102.csv,,,,,,,,,,,,,,,,,,,,,,,,,,,
20240103,00918,大華優利高填息30,TWSE,21.87,21.88,21.67,21.68,19856892.0,431368085.0,TWSE_RWD_JSON_MI_INDEX,data/daily_price/daily_price_20240103.csv,,,,,,-1.32,,,,,,,,,,,,,,,,,,,,,
20240104,00918,大華優利高填息30,TWSE,21.68,21.78,21.68,21.73,6953001.0,151093235.0,TWSE_RWD_JSON_MI_INDEX,data/daily_price/daily_price_20240104.csv,,,,,,0.2306,,,,,,,,,,,,,,,,,,,,,
20240105,00918,大華優利高填息30,TWSE,21.8,21.86,21.66,21.67,8420090.0,182950071.0,TWSE_RWD_JSON_MI_INDEX,data/daily_price/daily_price_20240105.csv,,,,,,-0.2761,,,,,,,,,,,,,,,,,,,,,
20240108,00918,大華優利高填息30,TWSE,21.71,21.75,21.62,21.62,8594520.0,186271329.0,TWSE_RWD_JSON_MI_INDEX,data/daily_price/daily_price_20240108.csv,21.734,21.734,21.734,21.734,21.8825,-0.2307,,,,,11426193.2,0.7522,22.27,22.27,22.27,21.62,21.62,21.62,-0.5245,-0.5245,-0.5245,-1.1996,-2.9187,-2.9187,-2.9187,0.0,0.0
20240109,00918,大華優利高填息30,TWSE,21.69,21.69,21.43,21.46,13255101.0,284922555.0,TWSE_RWD_JSON_MI_INDEX,data/daily_price/daily_price_20240109.csv,21.632,21.6883,21.6883,21.6883,21.8473,-0.7401,-2.3213,,,,11731011.1667,1.1299,22.27,22.27,22.27,21.43,21.43,21.43,-1.0528,-1.0528,-1.0528,-1.7727,-3.6372,-3.6372,-3.6372,0.14,0.14
20240110,00918,大華優利高填息30,TWSE,21.42,21.42,21.29,21.31,8652080.0,184503014.0,TWSE_RWD_JSON_MI_INDEX,data/daily_price/daily_price_20240110.csv,21.558,21.6343,21.6343,21.6343,21.8025,-0.699,-1.7066,,,,11291163.8571,0.7663,22.27,22.27,22.27,21.29,21.29,21.29,-1.4989,-1.4989,-1.4989,-2.259,-4.3107,-4.3107,-4.3107,0.0939,0.0939
20240111,00918,大華優利高填息30,TWSE,21.36,21.45,21.36,21.44,5508447.0,117957967.0,TWSE_RWD_JSON_MI_INDEX,data/daily_price/daily_price_20240111.csv,21.5,21.61,21.61,21.61,21.7723,0.61,-1.3346,,,,10568324.25,0.5212,22.27,22.27,22.27,21.29,21.29,21.29,-0.7867,-0.7867,-0.7867,-1.5263,-3.727,-3.727,-3.727,0.7046,0.7046
20240112,00918,大華優利高填息30,TWSE,21.45,21.55,21.37,21.49,5531005.0,118714220.0,TWSE_RWD_JSON_MI_INDEX,data/daily_price/daily_price_20240112.csv,21.464,21.5967,21.5967,21.5967,21.7488,0.2332,-0.8306,,,,10008622.1111,0.5526,22.27,22.27,22.27,21.29,21.29,21.29,-0.4939,-0.4939,-0.4939,-1.1899,-3.5025,-3.5025,-3.5025,0.9394,0.9394
20240115,00918,大華優利高填息30,TWSE,21.54,21.71,21.54,21.66,6230185.0,134875001.0,TWSE_RWD_JSON_MI_INDEX,data/daily_price/daily_price_20240115.csv,21.472,21.603,21.603,21.603,21.7414,0.7911,0.185,,,,9630778.4,0.6469,22.27,22.27,22.27,21.29,21.29,21.29,0.2639,0.2639,0.2639,-0.3743,-2.7391,-2.7391,-2.7391,1.7379,1.7379
20240116,00918,大華優利高填息30,TWSE,21.62,21.62,21.45,21.47,9128124.0,196147877.0,TWSE_RWD_JSON_MI_INDEX,data/daily_price/daily_price_20240116.csv,21.474,21.5909,21.5909,21.5909,21.7188,-0.8772,0.0466,,,,9585082.5455,0.9523,22.27,22.27,22.27,21.29,21.29,21.29,-0.56,-0.56,-0.56,-1.1454,-3.5923,-3.5923,-3.5923,0.8455,0.8455
20240117,00918,大華優利高填息30,TWSE,21.44,21.44,21.15,21.18,14377472.0,305492843.0,TWSE_RWD_JSON_MI_INDEX,data/daily_price/daily_price_20240117.csv,21.448,21.5567,21.5567,21.5567,21.6739,-1.3507,-0.61,,,,9984448.3333,1.44,22.27,22.27,22.27,21.15,21.15,21.15,-1.7473,-1.7473,-1.7473,-2.2786,-4.8945,-4.8945,-4.8945,0.1418,0.1418
20240118,00918,大華優利高填息30,TWSE,21.18,21.22,21.0,21.15,8636303.0,182321609.0,TWSE_RWD_JSON_MI_INDEX,data/daily_price/daily_price_20240118.csv,21.39,21.5254,21.5254,21.5254,21.6302,-0.1416,-1.3526,,,,9880744.8462,0.8741,22.27,22.27,22.27,21.0,21.0,21.0,-1.7439,-1.7439,-1.7439,-2.2201,-5.0292,-5.0292,-5.0292,0.7143,0.7143
20240119,00918,大華優利高填息30,TWSE,21.25,21.37,21.2,21.37,5742446.0,122083693.0,TWSE_RWD_JSON_MI_INDEX,data/daily_price/daily_price_20240119.csv,21.366,21.5143,21.5143,21.5143,21.6085,1.0402,-0.5584,,,,9585152.0714,0.5991,22.27,22.27,22.27,21.0,21.0,21.0,-0.6707,-0.6707,-0.6707,-1.1039,-4.0413,-4.0413,-4.0413,1.7619,1.7619
20240122,00918,大華優利高填息30,TWSE,21.48,21.54,21.46,21.52,5703533.0,122618699.0,TWSE_RWD_JSON_MI_INDEX,data/daily_price/daily_price_20240122.csv,21.338,21.5147,21.5147,21.5147,21.6012,0.7019,-0.6464,,,,9326377.4667,0.6115,22.27,22.27,22.27,21.0,21.0,21.0,0.0248,0.0248,0.0248,-0.3757,-3.3678,-3.3678,-3.3678,2.4762,2.4762
20240123,00918,大華優利高填息30,TWSE,21.57,21.63,21.51,21.61,4040047.0,87188249.0,TWSE_RWD_JSON_MI_INDEX,data/daily_price/daily_price_20240123.csv,21.366,21.5206,21.5206,21.5206,21.6019,0.4182,0.6521,,,,8995981.8125,0.4491,22.27,22.27,22.27,21.0,21.0,21.0,0.4153,0.4153,0.4153,0.0375,-2.9636,-2.9636,-2.9636,2.9048,2.9048
20240124,00918,大華優利高填息30,TWSE,21.64,21.71,21.64,21.66,4052101.0,87823254.0,TWSE_RWD_JSON_MI_INDEX,data/daily_price/daily_price_20240124.csv,21.462,21.5288,21.5288,21.5288,21.6067,0.2314,2.2663,,,,8705165.2941,0.4655,22.27,22.27,22.27,21.0,21.0,21.0,0.6093,0.6093,0.6093,0.2465,-2.7391,-2.7391,-2.7391,3.1429,3.1429
20240125,00918,大華優利高填息30,TWSE,21.7,21.75,21.61,21.75,7726353.0,167487126.0,TWSE_RWD_JSON_MI_INDEX,data/daily_price/daily_price_20240125.csv,21.582,21.5411,21.5411,21.5411,21.6187,0.4155,2.8369,,,,8650786.8333,0.8931,22.27,22.27,22.27,21.0,21.0,21.0,0.9697,0.9697,0.9697,0.6075,-2.335,-2.335,-2.335,3.5714,3.5714
20240126,00918,大華優利高填息30,TWSE,21.75,21.75,21.41,21.43,11979875.0,257501567.0,TWSE_RWD_JSON_MI_INDEX,data/daily_price/daily_price_20240126.csv,21.594,21.5353,21.5353,21.5353,21.6029,-1.4713,0.2808,,,,8826002.0,1.3573,22.27,22.27,22.27,21.0,21.0,21.0,-0.4888,-0.4888,-0.4888,-0.8006,-3.7719,-3.7719,-3.7719,2.0476,2.0476
20240129,00918,大華優利高填息30,TWSE,21.41,21.59,21.39,21.56,4196005.0,90310029.0,TWSE_RWD_JSON_MI_INDEX,data/daily_price/daily_price_20240129.csv,21.602,21.5365,21.5365,21.5365,21.5994,0.6066,0.1859,,,,8594502.15,0.4882,22.27,22.27,22.27,21.0,21.0,21.0,0.1091,0.1091,0.1091,-0.1823,-3.1881,-3.1881,-3.1881,2.6667,2.6667
20240130,00918,大華優利高填息30,TWSE,21.6,21.61,21.5,21.54,3405780.0,73381764.0,TWSE_RWD_JSON_MI_INDEX,data/daily_price/daily_price_20240130.csv,21.588,21.515,21.5367,21.5367,21.5944,-0.0928,-0.3239,-1.9572,,,8099468.0,0.4205,21.88,22.27,22.27,21.0,21.0,21.0,0.1162,0.0155,0.0155,-0.252,-1.5539,-3.278,-3.278,2.5714,2.5714
20240131,00918,大華優利高填息30,TWSE,21.5,21.5,21.36,21.39,7525900.0,161078662.0,TWSE_RWD_JSON_MI_INDEX,data/daily_price/daily_price_20240131.csv,21.534,21.5005,21.53,21.53,21.5774,-0.6964,-1.2465,-1.3376,,,7482918.4,1.0057,21.86,22.27,22.27,21.0,21.0,21.0,-0.5139,-0.6503,-0.6503,-0.8684,-2.15,-3.9515,-3.9515,1.8571,1.8571
20240201,00918,大華優利高填息30,TWSE,21.4,21.49,21.4,21.47,4555467.0,97685876.0,TWSE_RWD_JSON_MI_INDEX,data/daily_price/daily_price_20240201.csv,21.478,21.4875,21.5274,21.5274,21.5684,0.374,-1.2874,-1.1965,,,7363041.7,0.6187,21.86,22.27,22.27,21.0,21.0,21.0,-0.0814,-0.2666,-0.2666,-0.4564,-1.7841,-3.5923,-3.5923,2.2381,2.2381
20240202,00918,大華優利高填息30,TWSE,21.49,21.49,21.42,21.43,4773817.0,102372633.0,TWSE_RWD_JSON_MI_INDEX,data/daily_price/daily_price_20240202.csv,21.478,21.4755,21.5233,21.5233,21.5569,-0.1863,0.0,-1.1075,,,7180728.05,0.6648,21.75,22.27,22.27,21.0,21.0,21.0,-0.2119,-0.4336,-0.4336,-0.5887,-1.4713,-3.7719,-3.7719,2.0476,2.0476
20240205,00918,大華優利高填息30,TWSE,21.36,21.42,21.23,21.41,4890524.0,104412119.0,TWSE_RWD_JSON_MI_INDEX,data/daily_price/daily_price_20240205.csv,21.448,21.465,21.5188,21.5188,21.5447,-0.0933,-0.6957,-0.9713,,,6995528.25,0.6991,21.75,22.27,22.27,21.0,21.0,21.0,-0.2562,-0.5056,-0.5056,-0.625,-1.5632,-3.8617,-3.8617,1.9524,1.9524
20240215,00918,大華優利高填息30,TWSE,21.41,21.47,21.33,21.46,9046501.0,193570717.0,TWSE_RWD_JSON_MI_INDEX,data/daily_price/daily_price_20240215.csv,21.432,21.465,21.5165,21.5165,21.5376,0.2335,-0.3714,0.0,,,6785098.25,1.3333,21.75,22.27,22.27,21.0,21.0,21.0,-0.0233,-0.2628,-0.2628,-0.3603,-1.3333,-3.6372,-3.6372,2.1905,2.1905
20240216,00918,大華優利高填息30,TWSE,21.51,21.55,21.42,21.53,6030289.0,129607906.0,TWSE_RWD_JSON_MI_INDEX,data/daily_price/daily_price_20240216.csv,21.46,21.476,21.517,21.517,21.537,0.3262,0.6545,1.0324,,,6654008.7,0.9063,21.75,22.27,22.27,21.0,21.0,21.0,0.2514,0.0602,0.0602,-0.0324,-1.0115,-3.3229,-3.3229,2.5238,2.5238
20240219,00918,大華優利高填息30,TWSE,21.56,21.67,21.51,21.65,5916669.0,127677275.0,TWSE_RWD_JSON_MI_INDEX,data/daily_price/daily_price_20240219.csv,21.496,21.4865,21.5218,21.5218,21.5464,0.5574,0.8384,0.9795,,,6674419.8,0.8865,21.75,22.27,22.27,21.0,21.0,21.0,0.7609,0.5957,0.5957,0.4809,-0.4598,-2.784,-2.784,3.0952,3.0952
20240220,00918,大華優利高填息30,TWSE,21.69,21.87,21.69,21.86,9009954.0,196635542.0,TWSE_RWD_JSON_MI_INDEX,data/daily_price/daily_price_20240220.csv,21.582,21.505,21.5334,21.5334,21.5725,0.97,2.0065,1.7217,,,6848367.25,1.3156,21.87,22.27,22.27,21.0,21.0,21.0,1.6508,1.5165,1.5165,1.3326,-0.0457,-1.841,-1.841,4.0952,4.0952
20240221,00918,大華優利高填息30,TWSE,21.87,21.89,21.78,21.79,10294927.0,224755644.0,TWSE_RWD_JSON_MI_INDEX,data/daily_price/daily_price_20240221.csv,21.658,21.5115,21.542,21.542,21.5906,-0.3202,1.7749,0.6002,,,7051604.35,1.4599,21.89,22.27,22.27,21.0,21.0,21.0,1.2947,1.1512,1.1512,0.9233,-0.4568,-2.1554,-2.1554,3.7619,3.7619
20240223,00918,大華優利高填息30,TWSE,22.16,22.24,21.91,21.91,16339505.0,360480406.0,TWSE_RWD_JSON_MI_INDEX,data/daily_price/daily_price_20240223.csv,21.748,21.5335,21.5539,21.5539,21.6173,0.5507,2.0969,2.0494,,,7412173.4,2.2044,22.24,22.27,22.27,21.0,21.0,21.0,1.7484,1.6523,1.6523,1.3542,-1.4838,-1.6165,-1.6165,4.3333,4.3333
20240226,00918,大華優利高填息30,TWSE,21.9,21.98,21.87,21.97,8684883.0,190397819.0,TWSE_RWD_JSON_MI_INDEX,data/daily_price/daily_price_20240226.csv,21.836,21.573,21.5669,21.5669,21.6467,0.2738,2.0437,3.7299,,,7127543.95,1.2185,22.24,22.27,22.27,21.0,21.0,21.0,1.8403,1.8692,1.8692,1.4937,-1.214,-1.3471,-1.3471,4.619,4.619
20240227,00918,大華優利高填息30,TWSE,21.97,22.07,21.75,21.88,10676115.0,234025391.0,TWSE_RWD_JSON_MI_INDEX,data/daily_price/daily_price_20240227.csv,21.882,21.6095,21.5764,21.5764,21.6661,-0.4096,1.0624,3.4515,,,7229534.55,1.4767,22.24,22.27,22.27,21.2,21.0,21.0,1.2518,1.4073,1.4073,0.9873,-1.6187,-1.7512,-1.7512,4.1905,4.1905
20240229,00918,大華優利高填息30,TWSE,21.87,22.01,21.83,21.97,6943300.0,152375093.0,TWSE_RWD_JSON_MI_INDEX,data/daily_price/daily_price_20240229.csv,21.904,21.6395,21.5879,21.5879,21.6914,0.4113,0.5032,2.8077,,,7289577.25,0.9525,22.24,22.27,22.27,21.23,21.0,21.0,1.5273,1.7698,1.7698,1.2843,-1.214,-1.3471,-1.3471,4.619,4.619
20240301,00918,大華優利高填息30,TWSE,22.3,22.33,22.11,22.24,76301928.0,1698519595.0,TWSE_RWD_JSON_MI_INDEX,data/daily_price/daily_price_20240301.csv,21.994,21.6755,21.6066,21.6066,21.7371,1.2289,2.0652,3.3457,,,10819497.0,7.0523,22.33,22.33,22.33,21.23,21.0,21.0,2.6043,2.9316,2.9316,2.3134,-0.403,-0.403,-0.403,5.9048,5.9048
20240305,00918,大華優利高填息30,TWSE,22.48,22.65,22.45,22.65,52473739.0,1183064068.0,TWSE_RWD_JSON_MI_INDEX,data/daily_price/daily_price_20240305.csv,22.142,21.7275,21.6356,21.6356,21.8132,1.8435,3.3775,4.8126,,,13241181.6,3.9629,22.65,22.65,22.65,21.23,21.0,21.0,4.2458,4.6888,4.6888,3.8362,0.0,0.0,0.0,7.8571,7.8571
20240306,00918,大華優利高填息30,TWSE,22.62,22.79,22.54,22.68,79574659.0,1801354786.0,TWSE_RWD_JSON_MI_INDEX,data/daily_price/daily_price_20240306.csv,22.284,21.7785,21.6638,21.6638,21.8854,0.1325,3.2317,4.7091,,,17017309.5,4.6761,22.79,22.79,22.79,21.23,21.0,21.0,4.1394,4.6909,4.6909,3.6305,-0.4827,-0.4827,-0.4827,8.0,8.0
20240307,00918,大華優利高填息30,TWSE,22.8,23.03,22.72,23.0,60563389.0,1385520495.0,TWSE_RWD_JSON_MI_INDEX,data/daily_price/daily_price_20240307.csv,22.508,21.841,21.6989,21.6989,21.9783,1.4109,5.1188,5.7471,,,19659161.3,3.0807,23.03,23.03,23.03,21.23,21.0,21.0,5.3065,5.9959,5.9959,4.6486,-0.1303,-0.1303,-0.1303,9.5238,9.5238
20240308,00918,大華優利高填息30,TWSE,23.25,23.48,22.92,23.02,90112057.0,2094407821.0,TWSE_RWD_JSON_MI_INDEX,data/daily_price/daily_price_20240308.csv,22.718,21.9205,21.7328,21.7328,22.0651,0.087,4.7792,7.4195,,,23565770.4,3.8239,23.48,23.48,23.48,21.23,21.0,21.0,5.0159,5.9227,5.9227,4.3275,-1.9591,-1.9591,-1.9591,9.619,9.619
20240311,00918,大華優利高填息30,TWSE,23.04,23.18,23.02,23.08,58079361.0,1340180392.0,TWSE_RWD_JSON_MI_INDEX,data/daily_price/daily_price_20240311.csv,22.886,21.9965,21.7665,21.7665,22.1497,0.2606,3.777,7.0501,,,26259938.2,2.2117,23.48,23.48,23.48,21.23,21.0,21.0,4.9258,6.0345,6.0345,4.2,-1.7036,-1.7036,-1.7036,9.9048,9.9048
20240312,00918,大華優利高填息30,TWSE,23.22,23.7,23.19,23.7,74508196.0,1748084732.0,TWSE_RWD_JSON_MI_INDEX,data/daily_price/daily_price_20240312.csv,23.096,22.1045,21.8137,21.8137,22.2789,2.6863,4.6358,10.0279,,,29815059.0,2.499,23.7,23.7,23.7,21.23,21.0,21.0,7.218,8.6475,8.6475,6.3787,0.0,0.0,0.0,12.8571,12.8571
20240313,00918,大華優利高填息30,TWSE,23.99,24.11,23.84,23.99,111766828.0,2680706240.0,TWSE_RWD_JSON_MI_INDEX,data/daily_price/daily_price_20240313.csv,23.358,22.2345,21.8655,21.8655,22.4215,1.2236,5.776,12.1552,,,35027105.4,3.1909,24.11,24.11,24.11,21.23,21.0,21.0,7.8954,9.7163,9.7163,6.9956,-0.4977,-0.4977,-0.4977,14.2381,14.2381
20240314,00918,大華優利高填息30,TWSE,24.03,24.05,23.55,23.61,112389631.0,2666257933.0,TWSE_RWD_JSON_MI_INDEX,data/daily_price/daily_price_20240314.csv,23.48,22.3415,21.906,21.906,22.5205,-1.584,2.6522,9.9674,,,40418813.6,2.7806,24.11,24.11,24.11,21.23,21.0,21.0,5.6778,7.7785,7.7785,4.8377,-2.0738,-2.0738,-2.0738,12.4286,12.4286
20240315,00918,大華優利高填息30,TWSE,23.53,23.63,23.32,23.56,78346379.0,1843603990.0,TWSE_RWD_JSON_MI_INDEX,data/daily_price/daily_price_20240315.csv,23.588,22.448,21.9436,21.9436,22.6072,-0.2118,2.3458,9.9393,,,44097441.7,1.7767,24.11,24.11,24.11,21.23,21.0,21.0,4.9537,7.366,7.366,4.2148,-2.2812,-2.2812,-2.2812,12.1905,12.1905
20240318,00918,大華優利高填息30,TWSE,23.0,23.01,22.85,23.0,41569299.0,952434831.0,TWSE_RWD_JSON_MI_INDEX,data/daily_price/daily_price_20240318.csv,23.572,22.5275,21.9671,21.9671,22.6399,-2.3769,-0.3466,7.4264,,,45931380.45,0.905,24.11,24.11,24.11,21.33,21.0,21.0,2.0974,4.702,4.702,1.5906,-4.6039,-4.6039,-4.6039,9.5238,9.5238
20240319,00918,大華優利高填息30,TWSE,22.98,23.54,22.94,23.51,43486996.0,1015556005.0,TWSE_RWD_JSON_MI_INDEX,data/daily_price/daily_price_20240319.csv,23.534,22.63,22.0007,22.0007,22.7124,2.2174,-0.8017,9.5527,,,47653405.2,0.9126,24.11,24.11,24.11,21.42,21.0,21.0,3.8886,6.8605,6.8605,3.5117,-2.4886,-2.4886,-2.4886,11.9524,11.9524
20240320,00918,大華優利高填息30,TWSE,23.65,24.03,23.51,23.58,51029466.0,1214548681.0,TWSE_RWD_JSON_MI_INDEX,data/daily_price/daily_price_20240320.csv,23.452,22.7325,22.0343,22.0343,22.7847,0.2977,-1.709,9.5216,,,49903364.05,1.0226,24.11,24.11,24.11,21.51,21.0,21.0,3.7281,7.0152,7.0152,3.4905,-2.1983,-2.1983,-2.1983,12.2857,12.2857
20240321,00918,大華優利高填息30,TWSE,23.86,23.9,23.63,23.74,38145814.0,904754219.0,TWSE_RWD_JSON_MI_INDEX,data/daily_price/daily_price_20240321.csv,23.478,22.837,22.0698,22.0698,22.8643,0.6785,0.5506,9.6536,,,51514821.3,0.7405,24.11,24.11,24.11,21.69,21.0,21.0,3.9541,7.5678,7.5678,3.83,-1.5346,-1.5346,-1.5346,13.0476,13.0476
20240322,00918,大華優利高填息30,TWSE,23.74,23.79,23.32,23.45,34604946.0,813701577.0,TWSE_RWD_JSON_MI_INDEX,data/daily_price/daily_price_20240322.csv,23.456,22.9165,22.098,22.098,22.9131,-1.2216,-0.4669,7.2736,,,52794570.9,0.6555,24.11,24.11,24.11,21.75,21.0,21.0,2.328,6.1184,6.1184,2.3431,-2.7375,-2.7375,-2.7375,11.6667,11.6667
20240325,00918,大華優利高填息30,TWSE,23.45,23.54,23.28,23.35,20097054.0,469751613.0,TWSE_RWD_JSON_MI_INDEX,data/daily_price/daily_price_20240325.csv,23.526,22.9945,22.123,22.123,22.9495,-0.4264,1.5217,7.1592,,,53284677.25,0.3772,24.11,24.11,24.11,21.75,21.0,21.0,1.546,5.5463,5.5463,1.745,-3.1522,-3.1522,-3.1522,11.1905,11.1905
20240326,00918,大華優利高填息30,TWSE,23.32,23.49,22.8,23.07,33046612.0,763124556.0,TWSE_RWD_JSON_MI_INDEX,data/daily_price/daily_price_20240326.csv,23.438,23.0525,22.1416,22.1416,22.9596,-1.1991,-1.8715,5.2944,,,54120032.6,0.6106,24.11,24.11,24.11,21.75,21.0,21.0,0.0759,4.1932,4.1932,0.481,-4.3136,-4.3136,-4.3136,9.8571,9.8571
20240327,00918,大華優利高填息30,TWSE,23.05,23.45,23.03,23.39,14909571.0,346586062.0,TWSE_RWD_JSON_MI_INDEX,data/daily_price/daily_price_20240327.csv,23.4,23.1235,22.1656,22.1656,22.9954,1.3871,-0.8058,6.4634,,,54431267.0,0.2739,24.11,24.11,24.11,21.75,21.0,21.0,1.1525,5.524,5.524,1.7159,-2.9863,-2.9863,-2.9863,11.381,11.381
20240328,00918,大華優利高填息30,TWSE,23.5,23.67,23.33,23.55,25710872.0,605414224.0,TWSE_RWD_JSON_MI_INDEX,data/daily_price/daily_price_20240328.csv,23.362,23.207,22.1917,22.1917,23.0416,0.6841,-0.8003,7.6325,,,55183004.85,0.4659,24.11,24.11,24.11,21.83,21.0,21.0,1.478,6.1208,6.1208,2.2062,-2.3227,-2.3227,-2.3227,12.1429,12.1429
20240329,00918,大華優利高填息30,TWSE,23.68,23.68,23.4,23.5,20620610.0,485144254.0,TWSE_RWD_JSON_MI_INDEX,data/daily_price/daily_price_20240329.csv,23.372,23.2835,22.2159,22.2159,23.0798,-0.2123,0.2132,6.964,,,55866870.35,0.3691,24.11,24.11,24.11,22.11,21.0,21.0,0.9298,5.78,5.78,1.8205,-2.5301,-2.5301,-2.5301,11.9048,11.9048
20240401,00918,大華優利高填息30,TWSE,23.55,23.6,23.38,23.38,14536818.0,341311826.0,TWSE_RWD_JSON_MI_INDEX,data/daily_price/daily_price_20240401.csv,23.378,23.3405,22.2371,22.2371,23.1049,-0.5106,0.1285,5.1259,,,52778614.85,0.2754,24.11,24.11,24.11,22.45,21.0,21.0,0.1692,5.1397,5.1397,1.1909,-3.0278,-3.0278,-3.0278,11.3333,11.3333
20240402,00918,大華優利高填息30,TWSE,23.39,23.58,23.39,23.56,16048161.0,377480991.0,TWSE_RWD_JSON_MI_INDEX,data/daily_price/daily_price_20240402.csv,23.476,23.386,22.2607,22.2607,23.1428,0.7699,2.124,4.0177,,,50957335.95,0.3149,24.11,24.11,24.11,22.54,21.0,21.0,0.744,5.8367,5.8367,1.8028,-2.2812,-2.2812,-2.2812,12.1905,12.1905
20240403,00918,大華優利高填息30,TWSE,23.46,23.57,23.32,23.49,12025998.0,282102449.0,TWSE_RWD_JSON_MI_INDEX,data/daily_price/daily_price_20240403.csv,23.496,23.4265,22.2823,22.2823,23.1717,-0.2971,0.4275,3.5714,,,47579902.9,0.2528,24.11,24.11,24.11,22.72,21.0,21.0,0.2711,5.4201,5.4201,1.3736,-2.5715,-2.5715,-2.5715,11.8571,11.8571
20240408,00918,大華優利高填息30,TWSE,23.49,23.53,23.36,23.51,12057451.0,282852000.0,TWSE_RWD_JSON_MI_INDEX,data/daily_price/daily_price_20240408.csv,23.488,23.452,22.3034,22.3034,23.1999,0.0851,-0.1699,2.2174,,,45154606.0,0.267,24.11,24.11,24.11,22.8,21.0,21.0,0.2473,5.4097,5.4097,1.3366,-2.4886,-2.4886,-2.4886,11.9524,11.9524
20240410,00918,大華優利高填息30,TWSE,23.65,23.69,23.59,23.61,11302394.0,267160872.0,TWSE_RWD_JSON_MI_INDEX,data/daily_price/daily_price_20240410.csv,23.51,23.4815,22.3256,22.3256,23.2341,0.4254,0.4681,2.563,,,41214122.85,0.2742,24.11,24.11,24.11,22.8,21.0,21.0,0.5472,5.7531,5.7531,1.618,-2.0738,-2.0738,-2.0738,12.4286,12.4286
20240411,00918,大華優利高填息30,TWSE,23.55,23.58,23.39,23.56,9679400.0,227293493.0,TWSE_RWD_JSON_MI_INDEX,data/daily_price/daily_price_20240411.csv,23.546,23.5055,22.3462,22.3462,23.2612,-0.2118,0.7699,2.0797,,,38794124.8,0.2495,24.11,24.11,24.11,22.8,21.0,21.0,0.2319,5.432,5.432,1.2844,-2.2812,-2.2812,-2.2812,12.1905,12.1905
20240412,00918,大華優利高填息30,TWSE,23.56,23.64,23.5,23.59,8669704.0,204535062.0,TWSE_RWD_JSON_MI_INDEX,data/daily_price/daily_price_20240412.csv,23.552,23.5,22.3732,22.3666,23.2886,0.1273,0.1273,-0.4641,7.3737,,35502200.2,0.2442,24.11,24.11,24.11,22.8,21.0,21.0,0.383,5.4388,5.47,1.294,-2.1568,-2.1568,-2.1568,12.3333,12.3333
20240415,00918,大華優利高填息30,TWSE,23.49,23.49,23.32,23.42,12739746.0,298167967.0,TWSE_RWD_JSON_MI_INDEX,data/daily_price/daily_price_20240415.csv,23.538,23.4715,22.4022,22.3835,23.2996,-0.7206,-0.298,-2.376,8.0258,,30550846.1,0.417,24.05,24.11,24.11,22.8,21.0,21.0,-0.2194,4.5435,4.6304,0.5168,-2.6195,-2.8619,-2.8619,11.5238,11.5238
20240416,00918,大華優利高填息30,TWSE,23.2,23.21,22.67,22.87,37475207.0,857370269.0,TWSE_RWD_JSON_MI_INDEX,data/daily_price/daily_price_20240416.csv,23.41,23.4345,22.4212,22.3913,23.2638,-2.3484,-2.7222,-3.1343,5.2462,,26805124.9,1.3981,24.03,24.11,24.11,22.67,21.0,21.0,-2.4088,2.0018,2.138,-1.6927,-4.8273,-5.1431,-5.1431,8.9048,8.9048
20240417,00918,大華優利高填息30,TWSE,22.87,23.11,22.87,23.07,10478381.0,240951573.0,TWSE_RWD_JSON_MI_INDEX,data/daily_price/daily_price_20240417.csv,23.302,23.41,22.4445,22.4019,23.2476,0.8745,-2.2872,-2.0798,6.4605,,23411725.0,0.4476,24.03,24.11,24.11,22.67,21.0,21.0,-1.4524,2.7869,2.9825,-0.7641,-3.995,-4.3136,-4.3136,9.8571,9.8571
20240418,00918,大華優利高填息30,TWSE,23.05,23.12,22.92,23.03,5069207.0,116777917.0,TWSE_RWD_JSON_MI_INDEX,data/daily_price/daily_price_20240418.csv,23.196,23.4115,22.468,22.4115,23.2295,-0.1734,-2.2496,0.1304,6.5217,,21586720.4,0.2348,24.03,24.11,24.11,22.67,21.0,21.0,-1.6295,2.5013,2.7596,-0.8588,-4.1615,-4.4795,-4.4795,9.6667,9.6667
20240419,00918,大華優利高填息30,TWSE,22.93,22.93,22.3,22.65,28040445.0,635437442.0,TWSE_RWD_JSON_MI_INDEX,data/daily_price/daily_price_20240419.csv,23.008,23.3685,22.4878,22.4152,23.1812,-1.65,-3.9847,-3.658,5.5452,,20814392.85,1.3472,24.03,24.11,24.11,22.3,21.0,21.0,-3.0747,0.7211,1.0477,-2.2916,-5.7428,-6.0556,-6.0556,7.8571,7.8571
20240422,00918,大華優利高填息30,TWSE,22.65,22.74,22.44,22.46,11130805.0,251335325.0,TWSE_RWD_JSON_MI_INDEX,data/daily_price/daily_price_20240422.csv,22.816,23.3125,22.507,22.4158,23.1211,-0.8389,-4.0991,-4.7498,5.3965,,18819459.8,0.5915,23.9,24.11,24.11,22.3,21.0,21.0,-3.6568,-0.2088,0.1971,-2.8593,-6.0251,-6.8436,-6.8436,6.9524,6.9524
20240423,00918,大華優利高填息30,TWSE,22.63,22.74,22.46,22.64,5021907.0,113438211.0,TWSE_RWD_JSON_MI_INDEX,data/daily_price/daily_price_20240423.csv,22.77,23.2575,22.527,22.4191,23.081,0.8014,-1.0057,-4.6335,5.597,,17163264.45,0.2926,23.79,24.11,24.11,22.3,21.0,21.0,-2.6551,0.5016,0.9852,-1.9107,-4.834,-6.0971,-6.0971,7.8095,7.8095
20240424,00918,大華優利高填息30,TWSE,22.87,23.28,22.86,23.24,11911861.0,275475564.0,TWSE_RWD_JSON_MI_INDEX,data/daily_price/daily_price_20240424.csv,22.804,23.247,22.5562,22.431,23.0943,2.6502,0.7369,-0.8955,8.1433,,16028610.2,0.7432,23.69,24.11,24.11,22.3,21.0,21.0,-0.0301,3.0317,3.6065,0.631,-1.8995,-3.6085,-3.6085,10.6667,10.6667
20240425,00918,大華優利高填息30,TWSE,23.08,23.18,23.03,23.17,7149016.0,165269465.0,TWSE_RWD_JSON_MI_INDEX,data/daily_price/daily_price_20240425.csv,22.832,23.238,22.5813,22.4416,23.1006,-0.3012,0.6079,-0.7709,6.9714,,15381208.3,0.4648,23.69,24.11,24.11,22.3,21.0,21.0,-0.2926,2.6069,3.2459,0.3005,-2.195,-3.8988,-3.8988,10.3333,10.3333
20240426,00918,大華優利高填息30,TWSE,23.38,23.46,23.3,23.39,8971246.0,210032190.0,TWSE_RWD_JSON_MI_INDEX,data/daily_price/daily_price_20240426.csv,22.98,23.254,22.6133,22.4549,23.1247,0.9495,3.2671,1.3871,8.9427,,14177440.0,0.6328,23.69,24.11,24.11,22.3,21.0,21.0,0.5848,3.4346,4.1642,1.1473,-1.2664,-2.9863,-2.9863,11.381,11.381
20240429,00918,大華優利高填息30,TWSE,23.67,23.85,23.63,23.79,22495054.0,535083716.0,TWSE_RWD_JSON_MI_INDEX,data/daily_price/daily_price_20240429.csv,23.246,23.274,22.6568,22.4735,23.1801,1.7101,5.9216,1.7101,12.3229,,14556714.15,1.5453,23.85,24.11,24.11,22.3,21.0,21.0,2.2171,5.0014,5.8581,2.631,-0.2516,-1.3273,-1.3273,13.2857,13.2857
20240430,00918,大華優利高填息30,TWSE,23.85,23.85,23.68,23.7,7984539.0,189605041.0,TWSE_RWD_JSON_MI_INDEX,data/daily_price/daily_price_20240430.csv,23.458,23.2815,22.6993,22.4903,23.2235,-0.3783,4.682,0.6369,12.0567,,13670397.5,0.5841,23.85,24.11,24.11,22.3,21.2,21.0,1.7976,4.4084,5.3789,2.052,-0.6289,-1.7005,-1.7005,11.7925,12.8571
20240502,00918,大華優利高填息30,TWSE,23.67,23.76,23.56,23.71,8003861.0,189423998.0,TWSE_RWD_JSON_MI_INDEX,data/daily_price/daily_price_20240502.csv,23.552,23.292,22.7383,22.5068,23.264,0.0422,2.0224,0.8936,10.9499,,13039560.05,0.6138,23.85,24.11,24.11,22.3,21.23,21.0,1.7946,4.2733,5.3461,1.9171,-0.587,-1.6591,-1.6591,11.6816,12.9048
20240503,00918,大華優利高填息30,TWSE,23.85,23.95,23.74,23.75,13264712.0,316707916.0,TWSE_RWD_JSON_MI_INDEX,data/daily_price/daily_price_20240503.csv,23.668,23.3105,22.7755,22.5233,23.3045,0.1687,2.5032,1.5825,10.3625,,12975954.75,1.0223,23.95,24.11,24.11,22.3,21.23,21.0,1.8854,4.2787,5.4462,1.9116,-0.8351,-1.4932,-1.4932,11.87,13.0952
20240506,00918,大華優利高填息30,TWSE,23.95,24.15,23.94,24.07,21244141.0,511409305.0,TWSE_RWD_JSON_MI_INDEX,data/daily_price/daily_price_20240506.csv,23.804,23.336,22.8165,22.5437,23.3683,1.3474,2.9072,2.1647,11.3836,,13235753.75,1.6051,24.15,24.15,24.15,22.3,21.23,21.0,3.1454,5.4938,6.7705,3.0028,-0.3313,-0.3313,-0.3313,13.3773,14.619
20240507,00918,大華優利高填息30,TWSE,24.18,24.2,23.96,24.05,8532022.0,205514898.0,TWSE_RWD_JSON_MI_INDEX,data/daily_price/daily_price_20240507.csv,23.856,23.364,22.8563,22.5632,23.4251,-0.0831,1.0929,2.384,11.0342,,13061054.95,0.6532,24.2,24.2,24.2,22.3,21.23,21.0,2.9361,5.2225,6.5893,2.6676,-0.6198,-0.6198,-0.6198,13.2831,14.5238
20240508,00918,大華優利高填息30,TWSE,23.95,24.01,23.88,23.93,10191783.0,244057300.0,TWSE_RWD_JSON_MI_INDEX,data/daily_price/daily_price_20240508.csv,23.902,23.385,22.8927,22.5808,23.4672,-0.499,0.9705,1.7865,10.023,,12967771.55,0.7859,24.2,24.2,24.2,22.3,21.23,21.0,2.3306,4.5313,5.9751,1.9722,-1.1157,-1.1157,-1.1157,12.7179,13.9524
20240509,00918,大華優利高填息30,TWSE,23.93,24.01,23.84,23.88,9545975.0,228390676.0,TWSE_RWD_JSON_MI_INDEX,data/daily_price/daily_price_20240509.csv,23.936,23.3985,22.9335,22.5972,23.5016,-0.2089,0.717,1.1436,11.4326,,12879950.6,0.7411,24.2,24.2,24.2,22.3,21.23,21.0,2.0578,4.1272,5.6767,1.6102,-1.3223,-1.3223,-1.3223,12.4823,13.7143
20240510,00918,大華優利高填息30,TWSE,23.89,24.16,23.89,24.14,13899194.0,334282241.0,TWSE_RWD_JSON_MI_INDEX,data/daily_price/daily_price_20240510.csv,24.014,23.4275,22.9765,22.6165,23.5548,1.0888,1.6421,2.4618,11.9666,,13090940.3,1.0617,24.2,24.2,24.2,22.3,21.23,21.0,3.0413,5.0639,6.7362,2.4845,-0.2479,-0.2479,-0.2479,13.707,14.9524
20240513,00918,大華優利高填息30,TWSE,24.24,24.39,24.18,24.22,11511825.0,279286967.0,TWSE_RWD_JSON_MI_INDEX,data/daily_price/daily_price_20240513.csv,24.044,23.459,23.0212,22.6363,23.6102,0.3314,0.6232,2.6706,12.442,,13233046.35,0.8699,24.39,24.39,24.39,22.3,21.23,21.0,3.244,5.2075,6.9963,2.5827,-0.697,-0.697,-0.697,14.0838,15.3333
20240514,00918,大華優利高填息30,TWSE,24.26,24.52,24.24,24.45,15294400.0,373109693.0,TWSE_RWD_JSON_MI_INDEX,data/daily_price/daily_price_20240514.csv,24.124,23.5105,23.0722,22.6584,23.6802,0.9496,1.6632,4.398,14.3058,,13360779.05,1.1447,24.52,24.52,24.52,22.3,21.23,21.0,3.9961,5.9718,7.9069,3.2508,-0.2855,-0.2855,-0.2855,15.1672,16.4286
20240515,00918,大華優利高填息30,TWSE,24.45,24.56,24.32,24.33,10185008.0,248883329.0,TWSE_RWD_JSON_MI_INDEX,data/daily_price/daily_price_20240515.csv,24.204,23.5835,23.1198,22.6786,23.7343,-0.4908,1.6715,6.3839,13.3209,,11996269.1,0.849,24.56,24.56,24.56,22.3,21.23,21.0,3.1653,5.2343,7.282,2.5097,-0.9365,-0.9365,-0.9365,14.602,15.8571
20240516,00918,大華優利高填息30,TWSE,24.46,24.69,24.46,24.64,14556843.0,358440457.0,TWSE_RWD_JSON_MI_INDEX,data/daily_price/daily_price_20240516.csv,24.356,23.662,23.1733,22.7019,23.8098,1.2741,3.1826,6.8054,14.979,,12200192.2,1.1932,24.69,24.69,24.69,22.3,21.23,21.0,4.1332,6.3291,8.5371,3.4867,-0.2025,-0.2025,-0.2025,16.0622,17.3333
20240517,00918,大華優利高填息30,TWSE,24.64,24.78,24.6,24.71,8556722.0,211327360.0,TWSE_RWD_JSON_MI_INDEX,data/daily_price/daily_price_20240517.csv,24.47,23.746,23.2283,22.7255,23.8848,0.2841,2.3612,7.2948,15.4134,,12374567.95,0.6915,24.78,24.78,24.78,22.3,21.33,21.0,4.0596,6.3787,8.7323,3.4548,-0.2825,-0.2825,-0.2825,15.8462,17.6667
20240520,00918,大華優利高填息30,TWSE,24.75,24.89,24.58,24.77,9295026.0,230094673.0,TWSE_RWD_JSON_MI_INDEX,data/daily_price/daily_price_20240520.csv,24.58,23.852,23.2835,22.7493,23.9586,0.2428,2.2709,9.3598,15.424,,11437297.0,0.8127,24.89,24.89,24.89,22.44,21.42,21.0,3.8487,6.3843,8.8825,3.3867,-0.4821,-0.4821,-0.4821,15.6396,17.9524
20240521,00918,大華優利高填息30,TWSE,24.76,24.77,24.55,24.66,7375820.0,181908884.0,TWSE_RWD_JSON_MI_INDEX,data/daily_price/daily_price_20240521.csv,24.622,23.962,23.3357,22.7713,24.017,-0.4441,0.8589,9.7952,14.5379,,11249547.75,0.6557,24.89,24.89,24.89,22.46,21.51,21.0,2.9129,5.6751,8.2944,2.6771,-0.9241,-0.9241,-0.9241,14.6444,17.4286
20240522,00918,大華優利高填息30,TWSE,24.65,25.02,24.65,25.0,8990435.0,224151966.0,TWSE_RWD_JSON_MI_INDEX,data/daily_price/daily_price_20240522.csv,24.756,24.08,23.3915,22.7966,24.099,1.3788,2.7538,10.424,15.4734,,11447974.15,0.7853,25.02,25.02,25.02,22.86,21.69,21.0,3.8206,6.8764,9.6655,3.7389,-0.0799,-0.0799,-0.0799,15.2605,19.0476
20240523,00918,大華優利高填息30,TWSE,25.03,25.05,24.81,24.91,9306393.0,232153652.0,TWSE_RWD_JSON_MI_INDEX,data/daily_price/daily_price_20240523.csv,24.81,24.1635,23.4423,22.8203,24.1665,-0.36,1.0958,7.1859,13.9524,,11317700.75,0.8223,25.05,25.05,25.05,23.03,21.75,21.0,3.0894,6.2608,9.157,3.0764,-0.5589,-0.5589,-0.5589,14.5287,18.619
20240524,00918,大華優利高填息30,TWSE,24.85,25.09,24.82,25.07,9434763.0,235878639.0,TWSE_RWD_JSON_MI_INDEX,data/daily_price/daily_price_20240524.csv,24.882,24.2585,23.497,22.8453,24.2418,0.6423,1.4569,8.2003,15.0528,,11431988.1,0.8253,25.09,25.09,25.09,23.3,21.75,21.0,3.3452,6.6945,9.7379,3.4163,-0.0797,-0.0797,-0.0797,15.2644,19.381
20240527,00918,大華優利高填息30,TWSE,25.2,25.56,25.2,25.5,11804972.0,300508698.0,TWSE_RWD_JSON_MI_INDEX,data/daily_price/daily_price_20240527.csv,25.028,24.364,23.5568,22.8745,24.3467,1.7152,2.9471,9.0209,16.3852,,11573674.4,1.02,25.56,25.56,25.56,23.56,21.75,21.0,4.6626,8.2488,11.4778,4.7371,-0.2347,-0.2347,-0.2347,17.2414,21.4286
20240528,00918,大華優利高填息30,TWSE,25.6,25.6,25.45,25.51,13214967.0,337076094.0,TWSE_RWD_JSON_MI_INDEX,data/daily_price/daily_price_20240528.csv,25.198,24.45,23.6158,22.9032,24.4436,0.0392,3.4469,7.2299,16.1129,,11109670.05,1.1895,25.6,25.6,25.6,23.56,21.75,21.0,4.3354,8.0207,11.382,4.3626,-0.3516,-0.3516,-0.3516,17.2874,21.4762
20240529,00918,大華優利高填息30,TWSE,25.57,25.58,25.37,25.39,16119616.0,410151667.0,TWSE_RWD_JSON_MI_INDEX,data/daily_price/daily_price_20240529.csv,25.276,24.5345,23.6743,22.9299,24.5225,-0.4704,1.56,7.1308,16.042,,11516423.9,1.3997,25.6,25.6,25.6,23.56,21.83,21.0,3.4869,7.2469,10.7288,3.5376,-0.8203,-0.8203,-0.8203,16.3078,20.9048
20240530,00918,大華優利高填息30,TWSE,25.15,25.28,25.01,25.18,15691967.0,394887408.0,TWSE_RWD_JSON_MI_INDEX,data/daily_price/daily_price_20240530.csv,25.33,24.608,23.7278,22.9538,24.5773,-0.8271,1.0839,6.1999,14.6108,,11900829.2,1.3186,25.6,25.6,25.6,23.74,22.11,21.0,2.3244,6.1201,9.6985,2.4523,-1.6406,-1.6406,-1.6406,13.8851,19.9048
20240531,00918,大華優利高填息30,TWSE,25.24,25.42,25.08,25.08,18555439.0,467725476.0,TWSE_RWD_JSON_MI_INDEX,data/daily_price/daily_price_20240531.csv,25.332,24.6745,23.7752,22.9762,24.6192,-0.3971,0.0399,5.6,12.7698,,12165365.55,1.5253,25.6,25.6,25.6,23.84,22.3,21.0,1.6434,5.4882,9.1564,1.8718,-2.0313,-2.0313,-2.0313,12.4664,19.4286
20240603,00918,大華優利高填息30,TWSE,25.51,25.59,25.27,25.4,66687485.0,1693777366.0,TWSE_RWD_JSON_MI_INDEX,data/daily_price/daily_price_20240603.csv,25.312,24.741,23.821,23.0015,24.6842,1.2759,-0.3922,5.5256,12.1413,,14437532.75,4.619,25.6,25.6,25.6,23.84,22.3,21.0,2.6636,6.6286,10.4278,2.8996,-0.7813,-0.7813,-0.7813,13.9013,20.9524
20240604,00918,大華優利高填息30,TWSE,25.36,25.36,25.2,25.22,71150524.0,1797341805.0,TWSE_RWD_JSON_MI_INDEX,data/daily_price/daily_price_20240604.csv,25.254,24.7995,23.8633,23.0243,24.7289,-0.7087,-1.1368,4.8649,11.1993,,17568457.85,4.0499,25.6,25.6,25.6,23.84,22.3,21.0,1.6956,5.6852,9.5363,1.986,-1.4844,-1.4844,-1.4844,13.0942,20.0952
20240605,00918,大華優利高填息30,TWSE,25.38,25.4,25.21,25.26,45749597.0,1157621640.0,TWSE_RWD_JSON_MI_INDEX,data/daily_price/daily_price_20240605.csv,25.228,24.866,23.901,23.0471,24.7731,0.1586,-0.512,5.5579,9.8261,,19346348.55,2.3648,25.6,25.6,25.6,23.84,22.3,21.0,1.5845,5.686,9.6014,1.9652,-1.3281,-1.3281,-1.3281,13.2735,20.2857
20240606,00918,大華優利高填息30,TWSE,25.47,25.5,25.24,25.3,49172342.0,1246095490.0,TWSE_RWD_JSON_MI_INDEX,data/daily_price/daily_price_20240606.csv,25.252,24.937,23.939,23.0699,24.8171,0.1584,0.4766,5.9464,9.9044,,21327666.9,2.3056,25.6,25.6,25.6,23.89,22.3,21.0,1.4557,5.6853,9.6667,1.946,-1.1719,-1.1719,-1.1719,13.4529,20.4762
20240607,00918,大華優利高填息30,TWSE,25.36,25.43,25.31,25.41,36566494.0,927937301.0,TWSE_RWD_JSON_MI_INDEX,data/daily_price/daily_price_20240607.csv,25.318,25.0005,23.9778,23.0933,24.8665,0.4348,1.3158,5.261,10.0953,,22461031.9,1.628,25.6,25.6,25.6,24.18,22.3,21.0,1.638,5.9729,10.0319,2.1858,-0.7422,-0.7422,-0.7422,13.9462,21.0
20240611,00918,大華優利高填息30,TWSE,25.41,25.46,25.18,25.18,105070366.0,2658009005.0,TWSE_RWD_JSON_MI_INDEX,data/daily_price/daily_price_20240611.csv,25.274,25.0485,24.0025,23.114,24.8926,-0.9052,-0.8661,3.9637,6.2447,,27138958.95,3.8716,25.6,25.6,25.6,24.24,22.3,21.0,0.525,4.9057,8.9385,1.1546,-1.6406,-1.6406,-1.6406,12.9148,19.9048
20240612,00918,大華優利高填息30,TWSE,25.22,25.26,25.12,25.19,57151881.0,1439518865.0,TWSE_RWD_JSON_MI_INDEX,data/daily_price/daily_price_20240612.csv,25.268,25.0855,24.0225,23.1343,24.9174,0.0397,-0.119,3.0266,5.0021,,29231833.0,1.9551,25.6,25.6,25.6,24.32,22.3,21.0,0.4166,4.86,8.8859,1.0941,-1.6016,-1.6016,-1.6016,12.9596,19.9524
20240613,00918,大華優利高填息30,TWSE,25.36,25.52,25.35,25.45,44176878.0,1123108764.0,TWSE_RWD_JSON_MI_INDEX,data/daily_price/daily_price_20240613.csv,25.306,25.1415,24.0532,23.1568,24.9618,1.0322,0.7522,4.6034,7.7933,,30931426.5,1.4282,25.6,25.6,25.6,24.46,22.3,21.0,1.2271,5.8073,9.9029,1.9559,-0.5859,-0.5859,-0.5859,14.1256,21.1905
20240614,00918,大華優利高填息30,TWSE,25.55,25.7,25.46,25.69,48940759.0,1252152863.0,TWSE_RWD_JSON_MI_INDEX,data/daily_price/daily_price_20240614.csv,25.384,25.194,24.0887,23.1812,25.0224,0.943,1.5415,4.2614,9.0407,,32650622.3,1.4989,25.7,25.7,25.7,24.55,22.3,21.0,1.9687,6.6477,10.8228,2.6678,-0.0389,-0.0389,-0.0389,15.2018,22.3333
20240617,00918,大華優利高填息30,TWSE,25.73,25.94,25.7,25.88,87628930.0,2266122568.0,TWSE_RWD_JSON_MI_INDEX,data/daily_price/daily_price_20240617.csv,25.478,25.2525,24.1367,23.2069,25.0939,0.7396,1.8497,4.7349,12.5217,,36604232.7,2.394,25.94,25.94,25.94,24.55,22.3,21.0,2.4849,7.2228,11.5188,3.1326,-0.2313,-0.2313,-0.2313,16.0538,23.2381
20240618,00918,大華優利高填息30,TWSE,26.0,26.13,26.0,26.12,84629436.0,2205753808.0,TWSE_RWD_JSON_MI_INDEX,data/daily_price/daily_price_20240618.csv,25.666,25.32,24.1802,23.2343,25.1794,0.9274,3.7331,5.4501,11.1017,,40370953.2,2.0963,26.13,26.13,26.13,24.55,22.3,21.0,3.1596,8.0224,12.4198,3.7355,-0.0383,-0.0383,-0.0383,17.13,24.381
20240619,00918,大華優利高填息30,TWSE,25.48,25.63,25.45,25.56,69555925.0,1776138937.0,TWSE_RWD_JSON_MI_INDEX,data/daily_price/daily_price_20240619.csv,25.74,25.365,24.2132,23.2561,25.2111,-2.144,1.4688,3.6496,8.3969,,43479958.45,1.5997,26.13,26.13,26.13,24.65,22.3,21.0,0.7688,5.5624,9.9068,1.3838,-2.1814,-2.1814,-2.1814,14.6188,21.7143
20240620,00918,大華優利高填息30,TWSE,25.55,25.82,25.54,25.82,45768791.0,1176367166.0,TWSE_RWD_JSON_MI_INDEX,data/daily_price/daily_price_20240620.csv,25.814,25.406,24.2478,23.2798,25.2619,1.0172,1.4538,3.28,8.7616,,45318876.25,1.0099,26.13,26.13,26.13,24.81,22.3,21.0,1.6295,6.4837,10.9115,2.2094,-1.1864,-1.1864,-1.1864,15.7848,22.9524
20240621,00918,大華優利高填息30,TWSE,25.7,25.75,25.56,25.69,38279965.0,982275762.0,TWSE_RWD_JSON_MI_INDEX,data/daily_price/daily_price_20240621.csv,25.814,25.445,24.2852,23.3019,25.2976,-0.5035,0.0,3.1313,9.5522,,46767554.85,0.8185,26.13,26.13,26.13,24.82,22.3,21.0,0.9629,5.7847,10.2484,1.5513,-1.6839,-1.6839,-1.6839,15.2018,22.3333
20240624,00918,大華優利高填息30,TWSE,25.6,25.6,25.33,25.36,34710242.0,881898829.0,TWSE_RWD_JSON_MI_INDEX,data/daily_price/daily_price_20240624.csv,25.71,25.4595,24.3187,23.3206,25.3028,-1.2845,-2.0093,1.1568,8.6081,,48031328.8,0.7227,26.13,26.13,26.13,25.01,22.3,21.0,-0.3908,4.282,8.7449,0.2262,-2.9468,-2.9468,-2.9468,13.722,20.7619
20240625,00918,大華優利高填息30,TWSE,25.33,25.38,25.05,25.35,23491466.0,592523485.0,TWSE_RWD_JSON_MI_INDEX,data/daily_price/daily_price_20240625.csv,25.556,25.452,24.3567,23.3389,25.3067,-0.0394,-2.9479,-0.5882,9.883,,48615653.5,0.4832,26.13,26.13,26.13,25.01,22.3,21.0,-0.4008,4.0783,8.6169,0.1711,-2.9851,-2.9851,-2.9851,13.6771,20.7143
20240626,00918,大華優利高填息30,TWSE,25.43,25.5,25.27,25.4,12784005.0,324925523.0,TWSE_RWD_JSON_MI_INDEX,data/daily_price/daily_price_20240626.csv,25.524,25.4465,24.3902,23.3573,25.3145,0.1972,-0.626,-0.4312,8.5934,,48594105.4,0.2631,26.13,26.13,26.13,25.01,22.3,21.0,-0.1827,4.1403,8.7453,0.3379,-2.7937,-2.7937,-2.7937,13.9013,20.9524
20240627,00918,大華優利高填息30,TWSE,25.22,25.37,25.12,25.31,16923329.0,427060262.0,TWSE_RWD_JSON_MI_INDEX,data/daily_price/daily_price_20240627.csv,25.422,25.4425,24.4195,23.3746,25.3141,-0.3543,-1.9752,-0.3151,7.4735,,48634291.05,0.348,26.13,26.13,26.13,25.01,22.3,21.0,-0.5208,3.6467,8.2799,-0.0162,-3.1382,-3.1382,-3.1382,13.4978,20.5238
20240628,00918,大華優利高填息30,TWSE,25.38,25.5,25.34,25.42,10677900.0,271507398.0,TWSE_RWD_JSON_MI_INDEX,data/daily_price/daily_price_20240628.csv,25.368,25.4545,24.4515,23.3925,25.3229,0.4346,-1.051,0.9531,8.1702,,48383587.7,0.2207,26.13,26.13,26.13,25.05,22.3,21.0,-0.1355,3.9609,8.6671,0.3834,-2.7172,-2.7172,-2.7172,13.991,21.0476
20240701,00918,大華優利高填息30,TWSE,25.48,25.61,25.42,25.5,22938775.0,585493219.0,TWSE_RWD_JSON_MI_INDEX,data/daily_price/daily_price_20240701.csv,25.396,25.4755,24.4868,23.4109,25.3377,0.3147,0.5521,1.6746,9.0676,,48602754.5,0.472,26.13,26.13,26.13,25.05,22.3,21.0,0.0962,4.1376,8.9238,0.6406,-2.411,-2.411,-2.411,14.3498,21.4286
20240702,00918,大華優利高填息30,TWSE,25.47,25.48,25.2,25.28,22089480.0,559326602.0,TWSE_RWD_JSON_MI_INDEX,data/daily_price/daily_price_20240702.csv,25.382,25.4695,24.5155,23.427,25.3329,-0.8627,-0.2761,-0.4724,7.3005,,46372854.25,0.4763,26.13,26.13,26.13,25.05,22.3,21.0,-0.744,3.1184,7.9098,-0.2087,-3.253,-3.253,-3.253,13.3632,20.381
20240703,00918,大華優利高填息30,TWSE,25.48,25.54,25.26,25.27,12540300.0,317953090.0,TWSE_RWD_JSON_MI_INDEX,data/daily_price/daily_price_20240703.csv,25.356,25.472,24.5452,23.4427,25.3276,-0.0396,-0.5118,0.1983,7.5777,,43442343.05,0.2887,26.13,26.13,26.13,25.05,22.3,21.0,-0.793,2.9531,7.7946,-0.2275,-3.2912,-3.2912,-3.2912,13.3184,20.3333
20240704,00918,大華優利高填息30,TWSE,25.43,25.44,25.33,25.34,16229806.0,411847917.0,TWSE_RWD_JSON_MI_INDEX,data/daily_price/daily_price_20240704.csv,25.362,25.476,24.5757,23.4588,25.3287,0.277,0.1185,0.3167,7.7839,,41966353.5,0.3867,26.13,26.13,26.13,25.05,22.3,21.0,-0.5338,3.1101,8.0191,0.0448,-3.0233,-3.0233,-3.0233,13.6323,20.6667
20240705,00918,大華優利高填息30,TWSE,25.41,25.53,25.35,25.36,17523848.0,445155336.0,TWSE_RWD_JSON_MI_INDEX,data/daily_price/daily_price_20240705.csv,25.35,25.479,24.6048,23.4748,25.3313,0.0789,-0.236,0.2372,7.4121,,40383928.8,0.4339,26.13,26.13,26.13,25.05,22.3,21.0,-0.4671,3.0692,8.0308,0.1134,-2.9468,-2.9468,-2.9468,13.722,20.7619
20240708,00918,大華優利高填息30,TWSE,25.33,25.47,25.24,25.38,22599855.0,573063498.0,TWSE_RWD_JSON_MI_INDEX,data/daily_price/daily_price_20240708.csv,25.326,25.4775,24.6352,23.4907,25.3353,0.0789,-0.4706,-0.1181,7.725,,39685596.85,0.5695,26.13,26.13,26.13,25.05,22.3,21.0,-0.3827,3.0235,8.0429,0.1763,-2.8703,-2.8703,-2.8703,13.8117,20.8571
20240709,00918,大華優利高填息30,TWSE,25.47,25.59,25.29,25.34,21749676.0,553488330.0,TWSE_RWD_JSON_MI_INDEX,data/daily_price/daily_price_20240709.csv,25.338,25.4855,24.6643,23.5188,25.3357,-0.1576,0.2373,0.6354,7.4184,15.3391,35519562.35,0.6123,26.13,26.13,26.13,25.05,22.3,21.0,-0.5709,2.7394,7.7438,0.0169,-3.0233,-3.0233,-3.0233,13.6323,20.6667
20240710,00918,大華優利高填息30,TWSE,25.47,25.52,25.4,25.49,16367314.0,417073478.0,TWSE_RWD_JSON_MI_INDEX,data/daily_price/daily_price_20240710.csv,25.382,25.5005,24.6988,23.5505,25.3486,0.5919,0.8706,1.1909,8.8386,17.5738,33480334.0,0.4889,26.13,26.13,26.13,25.05,22.3,21.0,-0.0412,3.2033,8.2355,0.5579,-2.4493,-2.4493,-2.4493,14.3049,21.381
20240711,00918,大華優利高填息30,TWSE,25.55,25.66,25.48,25.48,16605849.0,424555573.0,TWSE_RWD_JSON_MI_INDEX,data/daily_price/daily_price_20240711.csv,25.41,25.502,24.7423,23.5818,25.3595,-0.0392,0.5525,0.1179,11.4123,17.2572,32101782.55,0.5173,26.13,26.13,26.13,25.05,22.3,21.0,-0.0863,2.9814,8.0497,0.475,-2.4876,-2.4876,-2.4876,14.2601,21.3333
20240712,00918,大華優利高填息30,TWSE,25.35,25.42,25.33,25.36,12300499.0,312096225.0,TWSE_RWD_JSON_MI_INDEX,data/daily_price/daily_price_20240712.csv,25.41,25.4855,24.7805,23.6125,25.3596,-0.471,0.0,-1.2845,9.9263,17.0281,30269769.55,0.4064,26.13,26.13,26.13,25.05,22.3,21.0,-0.4924,2.3385,7.4007,0.0017,-2.9468,-2.9468,-2.9468,13.722,20.7619
20240715,00918,大華優利高填息30,TWSE,25.42,25.45,25.23,25.29,17207297.0,435202124.0,TWSE_RWD_JSON_MI_INDEX,data/daily_price/daily_price_20240715.csv,25.392,25.456,24.8182,23.6431,25.3538,-0.276,-0.3546,-2.2798,9.8133,16.975,26748687.9,0.6433,26.13,26.13,26.13,25.05,22.3,21.0,-0.6521,1.9012,6.9657,-0.2515,-3.2147,-3.2147,-3.2147,13.4081,20.4286
20240716,00918,大華優利高填息30,TWSE,25.37,25.43,25.3,25.32,9205135.0,233566090.0,TWSE_RWD_JSON_MI_INDEX,data/daily_price/daily_price_20240716.csv,25.388,25.416,24.8627,23.6752,25.351,0.1186,-0.0789,-3.0628,11.7881,17.987,22977472.85,0.4006,25.82,26.13,26.13,25.05,22.44,21.0,-0.3777,1.8394,6.9471,-0.1221,-1.9365,-3.0999,-3.0999,12.8342,20.5714
20240717,00918,大華優利高填息30,TWSE,25.39,25.4,25.16,25.19,22471718.0,567468421.0,TWSE_RWD_JSON_MI_INDEX,data/daily_price/daily_price_20240717.csv,25.328,25.3975,24.9082,23.7076,25.3375,-0.5134,-1.1769,-1.4476,12.1549,18.2074,20623262.5,1.0896,25.82,26.13,26.13,25.05,22.46,21.0,-0.817,1.1315,6.2529,-0.5823,-2.44,-3.5974,-3.5974,12.1549,19.9524
20240718,00918,大華優利高填息30,TWSE,25.05,25.05,24.8,25.02,29291644.0,730300611.0,TWSE_RWD_JSON_MI_INDEX,data/daily_price/daily_price_20240718.csv,25.236,25.3575,24.9478,23.7374,25.3111,-0.6749,-1.8053,-3.0984,10.5124,16.6978,19799405.15,1.4794,25.75,26.13,26.13,24.8,22.86,21.0,-1.331,0.2893,5.4032,-1.15,-2.835,-4.248,-4.248,9.4488,19.1429
20240719,00918,大華優利高填息30,TWSE,24.98,24.98,24.56,24.6,36678138.0,905523705.0,TWSE_RWD_JSON_MI_INDEX,data/daily_price/daily_price_20240719.csv,25.084,25.303,24.9705,23.7633,25.2518,-1.6787,-2.9968,-4.2429,5.852,14.4718,19719313.8,1.86,25.66,26.13,26.13,24.56,23.03,21.0,-2.7783,-1.4838,3.5208,-2.5813,-4.1309,-5.8553,-5.8553,6.8172,17.1429
20240722,00918,大華優利高填息30,TWSE,24.58,24.58,23.88,24.11,39489716.0,952251308.0,TWSE_RWD_JSON_MI_INDEX,data/daily_price/daily_price_20240722.csv,24.848,25.2405,24.9862,23.7837,25.1567,-1.9919,-4.6659,-4.929,4.057,11.3112,19958287.5,1.9786,25.66,26.13,26.13,23.88,23.3,21.0,-4.4789,-3.5066,1.3717,-4.1606,-6.0405,-7.7306,-7.7306,3.4764,14.8095
20240723,00918,大華優利高填息30,TWSE,24.2,24.39,24.2,24.37,12731927.0,309704708.0,TWSE_RWD_JSON_MI_INDEX,data/daily_price/daily_price_20240723.csv,24.658,25.1915,25.0025,23.8079,25.0911,1.0784,-3.752,-3.8659,4.1898,13.5072,19420310.55,0.6556,25.66,26.13,26.13,23.88,23.56,21.0,-3.261,-2.5297,2.3609,-2.874,-5.0273,-6.7356,-6.7356,3.438,16.0476
20240726,00918,大華優利高填息30,TWSE,24.0,24.02,23.71,23.97,20307703.0,485922356.0,TWSE_RWD_JSON_MI_INDEX,data/daily_price/daily_price_20240726.csv,24.414,25.12,25.0055,23.8312,24.9977,-1.6414,-4.8432,-5.6299,0.7566,13.1728,19796495.45,1.0258,25.66,26.13,26.13,23.71,23.56,21.0,-4.578,-4.1411,0.5826,-4.1111,-6.5861,-8.2664,-8.2664,1.7402,14.1429
20240729,00918,大華優利高填息30,TWSE,24.3,24.3,23.79,23.8,16653530.0,398955231.0,TWSE_RWD_JSON_MI_INDEX,data/daily_price/daily_price_20240729.csv,24.17,25.0445,25.0072,23.8532,24.8979,-0.7092,-4.8761,-5.966,0.4219,12.5296,19783005.5,0.8418,25.66,26.13,26.13,23.71,23.56,21.2,-4.9692,-4.8273,-0.2232,-4.4095,-7.2486,-8.917,-8.917,1.0187,12.2642
20240730,00918,大華優利高填息30,TWSE,23.69,23.76,23.39,23.76,17743129.0,417979524.0,TWSE_RWD_JSON_MI_INDEX,data/daily_price/daily_price_20240730.csv,24.002,24.9615,25.008,23.8732,24.8031,-0.1681,-3.4146,-6.5303,0.2109,11.1839,20136266.95,0.8812,25.66,26.13,26.13,23.39,23.39,21.23,-4.8134,-4.9904,-0.474,-4.2054,-7.4045,-9.07,-9.07,1.5819,11.9171
20240731,00918,大華優利高填息30,TWSE,23.68,23.98,23.59,23.87,6978776.0,165937776.0,TWSE_RWD_JSON_MI_INDEX,data/daily_price/daily_price_20240731.csv,23.954,24.88,25.01,23.8928,24.7253,0.463,-0.9954,-6.3922,0.5053,10.9201,19338267.0,0.3609,25.66,26.13,26.13,23.39,23.39,21.23,-4.0595,-4.5582,-0.0952,-3.4592,-6.9758,-8.6491,-8.6491,2.0522,12.4352
20240801,00918,大華優利高填息30,TWSE,24.24,24.48,24.16,24.46,9992618.0,243184106.0,TWSE_RWD_JSON_MI_INDEX,data/daily_price/daily_price_20240801.csv,23.972,24.839,25.0165,23.9165,24.7032,2.4717,0.3693,-3.2437,1.6203,13.1883,18733423.9,0.5334,25.66,26.13,26.13,23.39,23.39,21.23,-1.5258,-2.2245,2.2725,-0.9845,-4.6765,-6.3911,-6.3911,4.5746,15.2143
20240802,00918,大華優利高填息30,TWSE,24.03,24.11,23.83,23.84,19014122.0,455236842.0,TWSE_RWD_JSON_MI_INDEX,data/daily_price/daily_price_20240802.csv,23.946,24.7675,25.013,23.9347,24.6313,-2.5348,-0.5423,-5.6589,-0.8732,10.0646,19057115.0,0.9977,25.66,26.13,26.13,23.39,23.39,21.23,-3.7448,-4.6896,-0.3955,-3.2124,-7.0928,-8.7639,-8.7639,1.9239,12.2939
20240805,00918,大華優利高填息30,TWSE,22.83,22.87,22.0,22.08,39701504.0,887683248.0,TWSE_RWD_JSON_MI_INDEX,data/daily_price/daily_price_20240805.csv,23.602,24.6045,24.9822,23.9374,24.4187,-7.3826,-7.2269,-12.865,-7.7309,1.5172,20230699.9,1.9624,25.66,26.13,26.13,22.0,22.0,21.23,-10.2603,-11.617,-7.7595,-9.5773,-13.9517,-15.4994,-15.4994,0.3636,4.0038
20240806,00918,大華優利高填息30,TWSE,22.54,22.99,21.66,22.52,26607950.0,593031753.0,TWSE_RWD_JSON_MI_INDEX,data/daily_price/daily_price_20240806.csv,23.354,24.4625,24.9595,23.9465,24.2604,1.9928,-5.2189,-11.1987,-5.6951,5.0863,20684905.0,1.2863,25.66,26.13,26.13,21.66,21.66,21.23,-7.9407,-9.7738,-5.957,-7.174,-12.2369,-13.8155,-13.8155,3.9705,6.0763
20240807,00918,大華優利高填息30,TWSE,22.55,23.33,22.48,23.26,13677956.0,314924464.0,TWSE_RWD_JSON_MI_INDEX,data/daily_price/daily_price_20240807.csv,23.232,24.3565,24.9448,23.9607,24.1771,3.286,-2.5555,-8.353,-3.6454,7.885,20238810.05,0.6758,25.66,26.13,26.13,21.66,21.66,21.23,-4.5019,-6.7542,-2.9242,-3.7931,-9.3531,-10.9835,-10.9835,7.3869,9.5619
20240808,00918,大華優利高填息30,TWSE,23.02,23.22,22.89,23.06,9603185.0,221096603.0,TWSE_RWD_JSON_MI_INDEX,data/daily_price/daily_price_20240808.csv,22.952,24.2425,24.9255,23.9733,24.084,-0.8598,-5.7236,-8.9976,-4.7894,7.0566,19631485.5,0.4892,25.66,26.13,26.13,21.66,21.66,21.23,-4.8778,-7.4843,-3.8098,-4.2517,-10.1325,-11.7489,-11.7489,6.4635,8.6199
20240809,00918,大華優利高填息30,TWSE,23.58,23.69,23.4,23.47,9591270.0,226039782.0,TWSE_RWD_JSON_MI_INDEX,data/daily_price/daily_price_20240809.csv,22.878,24.1415,24.9092,23.9907,24.0328,1.778,-1.552,-7.9247,-4.0082,9.7242,19292683.3,0.4971,25.66,26.13,26.13,21.66,21.66,21.23,-2.7815,-5.7777,-2.1703,-2.3419,-8.5347,-10.1799,-10.1799,8.3564,10.5511
20240812,00918,大華優利高填息30,TWSE,23.7,23.94,23.67,23.89,6305328.0,150504746.0,TWSE_RWD_JSON_MI_INDEX,data/daily_price/daily_price_20240812.csv,23.24,24.062,24.9018,24.0108,24.0209,1.7895,8.1975,-6.2402,-1.8085,11.2715,18777657.25,0.3358,25.45,26.13,26.13,21.66,21.66,21.23,-0.7148,-4.0633,-0.5032,-0.545,-6.1297,-8.5725,-8.5725,10.2955,12.5294
20240813,00918,大華優利高填息30,TWSE,23.98,24.09,23.88,23.98,6053388.0,145070427.0,TWSE_RWD_JSON_MI_INDEX,data/daily_price/daily_price_20240813.csv,23.532,23.993,24.8908,24.0321,24.0175,0.3767,6.4831,-5.4416,-2.6786,11.8992,18465301.7,0.3278,25.45,26.13,26.13,21.66,21.66,21.23,-0.0542,-3.6593,-0.2167,-0.1561,-5.776,-8.2281,-8.2281,10.711,12.9534
20240814,00918,大華優利高填息30,TWSE,24.2,24.35,24.12,24.23,7857678.0,190496207.0,TWSE_RWD_JSON_MI_INDEX,data/daily_price/daily_price_20240814.csv,23.726,23.94,24.8828,24.0556,24.0352,1.0425,4.1702,-4.1914,-1.9425,13.1714,17997820.75,0.4366,25.43,26.13,26.13,21.66,21.66,21.33,1.2114,-2.6236,0.7251,0.8104,-4.7188,-7.2713,-7.2713,11.8652,13.5959
20240815,00918,大華優利高填息30,TWSE,24.35,24.37,24.15,24.16,5448300.0,132193706.0,TWSE_RWD_JSON_MI_INDEX,data/daily_price/daily_price_20240815.csv,23.946,23.882,24.8727,24.0781,24.0456,-0.2889,4.7702,-4.5814,-2.4627,12.5815,17809979.0,0.3059,25.4,26.13,26.13,21.66,21.66,21.42,1.1641,-2.8653,0.3402,0.4757,-4.8819,-7.5392,-7.5392,11.542,12.7918
20240816,00918,大華優利高填息30,TWSE,24.43,24.55,24.39,24.46,7764522.0,190078828.0,TWSE_RWD_JSON_MI_INDEX,data/daily_price/daily_price_20240816.csv,24.144,23.8455,24.8693,24.1025,24.0801,1.2417,4.2182,-2.898,-0.811,13.6089,17074619.2,0.4547,25.05,26.13,26.13,21.66,21.66,21.51,2.577,-1.6459,1.4832,1.5775,-2.3553,-6.3911,-6.3911,12.9271,13.7146
20240819,00918,大華優利高填息30,TWSE,24.55,24.63,24.46,24.48,7148957.0,175351469.0,TWSE_RWD_JSON_MI_INDEX,data/daily_price/daily_price_20240819.csv,24.262,23.8185,24.8607,24.1261,24.1135,0.0818,2.4697,-2.1583,-2.08,13.0716,15967484.85,0.4477,24.98,26.13,26.13,21.66,21.66,21.66,2.7773,-1.5312,1.4669,1.52,-2.0016,-6.3146,-6.3146,13.0194,13.0194
20240821,00918,大華優利高填息30,TWSE,24.6,24.6,24.46,24.51,8201306.0,201072447.0,TWSE_RWD_JSON_MI_INDEX,data/daily_price/daily_price_20240821.csv,24.368,23.814,24.854,24.1482,24.1465,0.1225,2.2102,-0.3659,-1.6058,12.1226,14543643.25,0.5639,24.63,26.13,26.13,21.66,21.66,21.66,2.9227,-1.3841,1.4984,1.5054,-0.4872,-6.1998,-6.1998,13.1579,13.1579
20240822,00918,大華優利高填息30,TWSE,24.55,24.6,24.46,24.49,7462192.0,182862056.0,TWSE_RWD_JSON_MI_INDEX,data/daily_price/daily_price_20240822.csv,24.42,23.833,24.8443,24.1707,24.1751,-0.0816,1.073,1.5761,-2.3135,12.391,12942267.05,0.5766,24.63,26.13,26.13,21.66,21.66,21.66,2.7567,-1.4262,1.3212,1.3024,-0.5684,-6.2763,-6.2763,13.0656,13.0656
20240823,00918,大華優利高填息30,TWSE,24.45,24.58,24.3,24.57,10427912.0,254755752.0,TWSE_RWD_JSON_MI_INDEX,data/daily_price/daily_price_20240823.csv,24.502,23.843,24.8288,24.1928,24.208,0.3267,1.697,0.8207,-3.6471,12.1406,12827066.3,0.813,24.63,26.13,26.13,21.66,21.66,21.66,3.0491,-1.0425,1.559,1.4952,-0.2436,-5.9701,-5.9701,13.4349,13.4349
20240826,00918,大華優利高填息30,TWSE,24.75,24.94,24.63,24.68,10017198.0,248466114.0,TWSE_RWD_JSON_MI_INDEX,data/daily_price/daily_price_20240826.csv,24.546,23.8785,24.815,24.2154,24.2474,0.4477,0.8994,2.962,-3.2536,12.335,12312541.05,0.8136,24.94,26.13,26.13,21.66,21.66,21.66,3.3566,-0.544,1.9185,1.7842,-1.0425,-5.5492,-5.5492,13.9428,13.9428
20240827,00918,大華優利高填息30,TWSE,24.6,24.62,24.46,24.58,10881906.0,266860076.0,TWSE_RWD_JSON_MI_INDEX,data/daily_price/daily_price_20240827.csv,24.566,23.9175,24.8015,24.2379,24.2751,-0.4052,0.4085,3.2773,-3.1902,12.34,12023959.85,0.905,24.94,26.13,26.13,21.66,21.66,21.66,2.7699,-0.8931,1.4114,1.2561,-1.4435,-5.9319,-5.9319,13.4811,13.4811
20240828,00918,大華優利高填息30,TWSE,24.65,24.69,24.49,24.62,9267674.0,227972337.0,TWSE_RWD_JSON_MI_INDEX,data/daily_price/daily_price_20240828.csv,24.588,23.9605,24.7922,24.26,24.3038,0.1627,0.4488,3.6195,-2.224,12.0619,11600187.1,0.7989,24.94,26.13,26.13,21.66,21.66,21.66,2.7524,-0.6944,1.4839,1.3009,-1.2831,-5.7788,-5.7788,13.6657,13.6657
20240829,00918,大華優利高填息30,TWSE,24.51,24.65,24.42,24.58,11747850.0,288100363.0,TWSE_RWD_JSON_MI_INDEX,data/daily_price/daily_price_20240829.csv,24.606,23.996,24.7838,24.2795,24.3268,-0.1625,0.3675,2.9744,-1.9936,10.5216,11838640.8,0.9923,24.94,26.13,26.13,21.66,21.66,21.66,2.4337,-0.8224,1.2377,1.0406,-1.4435,-5.9319,-5.9319,13.4811,13.4811
20240830,00918,大華優利高填息30,TWSE,24.67,24.73,24.59,24.59,10853857.0,267451238.0,TWSE_RWD_JSON_MI_INDEX,data/daily_price/daily_price_20240830.csv,24.61,24.0025,24.7703,24.2957,24.3488,0.0407,0.0814,0.5315,-3.189,8.5651,11881702.75,0.9135,24.94,26.13,26.13,21.66,21.66,21.66,2.4477,-0.728,1.2115,0.9907,-1.4034,-5.8936,-5.8936,13.5272,13.5272
20240902,00918,大華優利高填息30,TWSE,24.82,24.83,24.63,24.65,29009734.0,716746992.0,TWSE_RWD_JSON_MI_INDEX,data/daily_price/daily_price_20240902.csv,24.604,24.043,24.7608,24.3121,24.3739,0.244,-0.1216,3.3977,-2.2601,8.6861,12381483.35,2.343,24.94,26.13,26.13,21.66,21.66,21.66,2.5246,-0.4476,1.3899,1.1329,-1.1628,-5.664,-5.664,13.8042,13.8042
20240903,00918,大華優利高填息30,TWSE,24.75,24.76,24.65,24.67,58122254.0,1435926290.0,TWSE_RWD_JSON_MI_INDEX,data/daily_price/daily_price_20240903.csv,24.622,24.1725,24.751,24.326,24.3986,0.0811,0.3662,11.7301,-2.3357,7.2609,13302520.85,4.3693,24.94,26.13,26.13,21.66,21.66,21.66,2.0581,-0.3273,1.4141,1.1126,-1.0826,-5.5874,-5.5874,13.8966,13.8966
20240904,00918,大華優利高填息30,TWSE,24.0,24.18,23.52,23.96,105286866.0,2521352198.0,TWSE_RWD_JSON_MI_INDEX,data/daily_price/daily_price_20240904.csv,24.49,24.2445,24.7287,24.3338,24.362,-2.878,-2.6807,6.3943,-5.2964,4.0834,17236466.65,6.1084,24.94,26.13,26.13,22.48,21.66,21.66,-1.1735,-3.1084,-1.5363,-1.6501,-3.9294,-8.3046,-8.3046,10.6187,10.6187
20240905,00918,大華優利高填息30,TWSE,24.09,24.24,23.88,23.92,37024457.0,890419529.0,TWSE_RWD_JSON_MI_INDEX,data/daily_price/daily_price_20240905.csv,24.358,24.2775,24.7038,24.3408,24.3252,-0.1669,-2.6851,2.8375,-5.8638,3.6395,18403791.7,2.0118,24.94,26.13,26.13,22.89,21.66,21.66,-1.4726,-3.1729,-1.7289,-1.6657,-4.0898,-8.4577,-8.4577,10.434,10.434
20240906,00918,大華優利高填息30,TWSE,24.07,24.14,23.8,24.07,31178360.0,748733583.0,TWSE_RWD_JSON_MI_INDEX,data/daily_price/daily_price_20240906.csv,24.254,24.328,24.6853,24.3439,24.3039,0.6271,-2.1147,4.3799,-4.4083,1.5612,19482550.45,1.6003,24.94,26.13,26.13,23.4,21.66,21.66,-1.0605,-2.4927,-1.1252,-0.9624,-3.4884,-7.8837,-7.8837,11.1265,11.1265
20240909,00918,大華優利高填息30,TWSE,23.67,24.0,23.57,23.97,44140872.0,1052824846.0,TWSE_RWD_JSON_MI_INDEX,data/daily_price/daily_price_20240909.csv,24.118,24.353,24.665,24.3438,24.2761,-0.4155,-2.7586,2.1304,-4.8432,-0.0834,21210030.55,2.0811,24.94,26.13,26.13,23.52,21.66,21.66,-1.5727,-2.8178,-1.5353,-1.2608,-3.8893,-8.2664,-8.2664,10.6648,10.6648
20240910,00918,大華優利高填息30,TWSE,24.1,24.1,23.75,23.8,37440258.0,894732446.0,TWSE_RWD_JSON_MI_INDEX,data/daily_price/daily_price_20240910.csv,23.944,24.3485,24.6375,24.3453,24.2364,-0.7092,-3.5266,-0.3767,-6.4833,0.8047,22766777.05,1.6445,24.94,26.13,26.13,23.52,21.66,21.66,-2.2527,-3.3993,-2.24,-1.8006,-4.571,-8.917,-8.917,9.88,9.88
20240911,00918,大華優利高填息30,TWSE,23.9,23.95,23.79,23.82,20388480.0,486322438.0,TWSE_RWD_JSON_MI_INDEX,data/daily_price/daily_price_20240911.csv,23.916,24.3405,24.6063,24.3475,24.2017,0.084,-0.5843,-0.6672,-7.2791,1.1036,23483531.65,0.8682,24.94,26.13,26.13,23.52,21.66,21.66,-2.1384,-3.1957,-2.1665,-1.5772,-4.4908,-8.8404,-8.8404,9.9723,9.9723
20240912,00918,大華優利高填息30,TWSE,24.16,24.28,24.08,24.2,20514248.0,496313387.0,TWSE_RWD_JSON_MI_INDEX,data/daily_price/daily_price_20240912.csv,23.972,24.339,24.5783,24.3575,24.2016,1.5953,1.1706,-0.1238,-6.4915,5.2174,24116360.15,0.8506,24.94,26.13,26.13,23.52,21.66,21.66,-0.5711,-1.5393,-0.6466,-0.0065,-2.9671,-7.3861,-7.3861,11.7267,11.7267
20240913,00918,大華優利高填息30,TWSE,24.34,24.35,24.21,24.27,26597142.0,645178273.0,TWSE_RWD_JSON_MI_INDEX,data/daily_price/daily_price_20240913.csv,24.012,24.3445,24.5475,24.3638,24.2073,0.2893,0.8309,0.4553,-7.0827,3.2327,25173802.25,1.0565,24.94,25.82,26.13,23.52,21.66,21.66,-0.306,-1.1305,-0.3851,0.2591,-2.6864,-6.0031,-7.1183,12.0499,12.0499
20240916,00918,大華優利高填息30,TWSE,24.39,24.4,24.27,24.32,47802311.0,1162055870.0,TWSE_RWD_JSON_MI_INDEX,data/daily_price/daily_price_20240916.csv,24.082,24.3375,24.5268,24.37,24.2167,0.206,1.4602,-0.5724,-4.8513,3.1383,27175691.7,1.759,24.94,25.82,26.13,23.52,21.66,21.66,-0.0719,-0.8433,-0.2052,0.4267,-2.486,-5.8095,-6.9269,12.2807,12.2807
20240918,00918,大華優利高填息30,TWSE,24.39,24.42,24.28,24.29,56285403.0,1370676414.0,TWSE_RWD_JSON_MI_INDEX,data/daily_price/daily_price_20240918.csv,24.18,24.328,24.5013,24.3746,24.2228,-0.1234,2.0588,-0.7761,-5.9256,2.3168,29632514.0,1.8994,24.94,25.75,26.13,23.52,21.66,21.66,-0.1562,-0.8625,-0.347,0.2775,-2.6063,-5.6699,-7.0417,12.1422,12.1422
20240919,00918,大華優利高填息30,TWSE,23.6,23.74,23.53,23.65,31269877.0,739011361.0,TWSE_RWD_JSON_MI_INDEX,data/daily_price/daily_price_20240919.csv,24.146,24.285,24.4673,24.3762,24.175,-2.6348,-0.7137,-3.5088,-7.9408,0.8529,30785942.55,1.0157,24.94,25.66,26.13,23.52,21.66,21.66,-2.6148,-3.3405,-2.9793,-2.1718,-5.1724,-7.8332,-9.491,9.1874,9.1874
20240920,00918,大華優利高填息30,TWSE,23.8,23.88,23.7,23.71,22764119.0,541575824.0,TWSE_RWD_JSON_MI_INDEX,data/daily_price/daily_price_20240920.csv,24.048,24.246,24.4398,24.3792,24.1363,0.2537,-2.0248,-3.185,-6.5063,1.5418,31551038.9,0.7215,24.94,25.66,26.13,23.52,21.66,21.66,-2.2107,-2.9862,-2.7452,-1.7662,-4.9318,-7.5994,-9.2614,9.4645,9.4645
20240923,00918,大華優利高填息30,TWSE,23.85,23.85,23.77,23.81,10542517.0,251017858.0,TWSE_RWD_JSON_MI_INDEX,data/daily_price/daily_price_20240923.csv,23.956,24.208,24.4142,24.3854,24.1091,0.4218,-1.8953,-3.0932,-6.075,3.2076,31556769.15,0.3341,24.94,25.66,26.13,23.52,21.66,21.66,-1.6441,-2.4747,-2.3597,-1.2406,-4.5309,-7.2097,-8.8787,9.9261,9.9261
20240924,00918,大華優利高填息30,TWSE,23.81,23.92,23.73,23.91,10974695.0,261470378.0,TWSE_RWD_JSON_MI_INDEX,data/daily_price/daily_price_20240924.csv,23.874,24.1695,24.3893,24.3898,24.0925,0.42,-1.6859,-3.1199,-5.8661,2.2232,31604644.0,0.3472,24.83,25.66,26.13,23.52,21.66,21.66,-1.0737,-1.9653,-1.967,-0.7575,-3.7052,-6.82,-8.496,10.3878,10.3878
20240925,00918,大華優利高填息30,TWSE,23.99,24.13,23.99,24.1,16081326.0,387252187.0,TWSE_RWD_JSON_MI_INDEX,data/daily_price/daily_price_20240925.csv,23.836,24.1455,24.3692,24.3943,24.0931,0.7946,-0.7822,-1.9528,-4.7807,2.3355,31864615.0,0.5047,24.83,25.66,26.13,23.52,21.66,21.66,-0.1884,-1.1045,-1.2066,0.0285,-2.94,-6.0795,-7.7688,11.265,11.265
20240926,00918,大華優利高填息30,TWSE,24.17,24.22,24.03,24.05,18442057.0,445303428.0,TWSE_RWD_JSON_MI_INDEX,data/daily_price/daily_price_20240926.csv,23.916,24.117,24.3463,24.3989,24.0895,-0.2075,1.6913,-2.3152,-5.3895,2.3404,32323334.15,0.5705,24.83,25.66,26.13,23.52,21.66,21.66,-0.2778,-1.2172,-1.43,-0.1641,-3.1414,-6.2744,-7.9602,11.0342,11.0342
20240927,00918,大華優利高填息30,TWSE,24.13,24.18,24.05,24.1,12368542.0,298125412.0,TWSE_RWD_JSON_MI_INDEX,data/daily_price/daily_price_20240927.csv,23.994,24.093,24.323,24.4049,24.0904,0.2079,1.6449,-1.9528,-5.4902,3.0796,32354368.75,0.3823,24.83,25.66,26.13,23.52,21.66,21.66,0.0291,-0.9168,-1.2494,0.0398,-2.94,-6.0795,-7.7688,11.265,11.265
20240930,00918,大華優利高填息30,TWSE,24.09,24.09,23.86,23.88,19058958.0,456196003.0,TWSE_RWD_JSON_MI_INDEX,data/daily_price/daily_price_20240930.csv,24.008,24.0575,24.2997,24.4076,24.0729,-0.9129,0.294,-2.8874,-5.538,1.3582,32764623.8,0.5817,24.83,25.66,26.13,23.52,21.66,21.66,-0.7378,-1.727,-2.1616,-0.8012,-3.826,-6.9369,-8.6108,10.2493,10.2493
20241001,00918,大華優利高填息30,TWSE,23.88,23.95,23.81,23.87,10122003.0,241569308.0,TWSE_RWD_JSON_MI_INDEX,data/daily_price/daily_price_20241001.csv,24.0,24.0185,24.2763,24.4108,24.056,-0.0419,-0.1673,-3.1643,-5.5402,1.6177,31820237.25,0.3181,24.76,25.66,26.13,23.52,21.66,21.66,-0.6183,-1.6738,-2.2152,-0.7731,-3.5945,-6.9758,-8.6491,10.2031,10.2031
20241004,00918,大華優利高填息30,TWSE,23.61,23.75,23.53,23.55,33311789.0,786382866.0,TWSE_RWD_JSON_MI_INDEX,data/daily_price/daily_price_20241004.csv,23.89,23.9625,24.2465,24.4111,24.0138,-1.3406,-2.2822,-4.5399,-7.0639,0.1701,30579714.0,1.0893,24.42,25.66,26.13,23.52,21.66,21.66,-1.7214,-2.8726,-3.5274,-1.9314,-3.5627,-8.2229,-9.8737,8.7258,8.7258
20241007,00918,大華優利高填息30,TWSE,23.57,23.81,23.57,23.69,11092211.0,262781420.0,TWSE_RWD_JSON_MI_INDEX,data/daily_price/daily_price_20241007.csv,23.818,23.949,24.2187,24.4117,23.9868,0.5945,-1.4969,-1.1269,-6.5852,0.3388,25869981.25,0.4288,24.42,25.66,26.13,23.53,21.66,21.66,-1.0815,-2.1829,-2.9566,-1.2374,-2.9894,-7.6773,-9.3379,9.3721,9.3721
20241008,00918,大華優利高填息30,TWSE,23.62,23.63,23.48,23.56,17241154.0,405915291.0,TWSE_RWD_JSON_MI_INDEX,data/daily_price/daily_price_20241008.csv,23.71,23.931,24.1883,24.4117,23.9513,-0.5488,-2.2407,-1.505,-7.171,0.0,24880816.1,0.6929,24.42,25.66,26.13,23.48,21.66,21.66,-1.5503,-2.5977,-3.4891,-1.6335,-3.5217,-8.1839,-9.8354,8.7719,8.7719
20241009,00918,大華優利高填息30,TWSE,23.68,23.77,23.61,23.62,7794016.0,184525641.0,TWSE_RWD_JSON_MI_INDEX,data/daily_price/daily_price_20241009.csv,23.658,23.9085,24.1597,24.412,23.9236,0.2547,-1.0888,-1.8695,-6.7877,0.1272,23711598.9,0.3287,24.42,25.66,26.13,23.48,21.66,21.66,-1.2067,-2.2338,-3.2443,-1.2692,-3.276,-7.9501,-9.6058,9.0489,9.0489
20241011,00918,大華優利高填息30,TWSE,23.68,23.85,23.68,23.75,8742112.0,207968693.0,TWSE_RWD_JSON_MI_INDEX,data/daily_price/daily_price_20241011.csv,23.634,23.8975,24.1307,24.4148,23.9092,0.5504,-0.5027,-0.9178,-6.8262,1.4091,21941660.9,0.3984,24.42,25.66,26.13,23.48,21.66,21.66,-0.6172,-1.5775,-2.7227,-0.6658,-2.7437,-7.4435,-9.1083,9.6491,9.6491
20241014,00918,大華優利高填息30,TWSE,23.9,23.9,23.75,23.84,8507540.0,202604788.0,TWSE_RWD_JSON_MI_INDEX,data/daily_price/daily_price_20241014.csv,23.692,23.8995,24.1033,24.4228,23.9034,0.3789,1.2314,0.1681,-6.4364,4.2414,20495025.0,0.4151,24.42,25.45,26.13,23.48,21.66,21.66,-0.249,-1.0925,-2.3864,-0.2653,-2.3751,-6.3261,-8.7639,10.0646,10.0646
20241015,00918,大華優利高填息30,TWSE,23.88,24.08,23.88,24.03,17157895.0,412296420.0,TWSE_RWD_JSON_MI_INDEX,data/daily_price/daily_price_20241015.csv,23.76,23.91,24.0812,24.4308,23.914,0.797,1.4352,0.8816,-5.2445,4.1612,20333495.75,0.8438,24.42,25.45,26.13,23.48,21.66,21.66,0.5019,-0.2125,-1.6407,0.4852,-1.5971,-5.5796,-8.0367,10.9418,10.9418
20241016,00918,大華優利高填息30,TWSE,23.9,24.07,23.83,24.0,10971665.0,263069365.0,TWSE_RWD_JSON_MI_INDEX,data/daily_price/daily_price_20241016.csv,23.848,23.9,24.0597,24.4389,23.9211,-0.1248,1.8676,-0.8264,-5.1008,4.2119,19856366.6,0.5526,24.42,25.43,26.13,23.48,21.66,21.66,0.4184,-0.248,-1.796,0.3297,-1.7199,-5.6233,-8.1515,10.8033,10.8033
20241017,00918,大華優利高填息30,TWSE,24.08,24.3,24.08,24.28,16985529.0,411531420.0,TWSE_RWD_JSON_MI_INDEX,data/daily_price/daily_price_20241017.csv,23.98,23.9005,24.0423,24.4525,23.951,1.1667,2.7942,0.0412,-4.1074,7.1965,19375785.95,0.8766,24.42,25.4,26.13,23.48,21.66,21.66,1.5878,0.9885,-0.7054,1.3735,-0.5733,-4.4094,-7.08,12.096,12.096
20241018,00918,大華優利高填息30,TWSE,24.37,24.45,24.26,24.28,19036755.0,463962722.0,TWSE_RWD_JSON_MI_INDEX,data/daily_price/daily_price_20241018.csv,24.086,23.8985,24.0272,24.4677,23.9785,0.0,2.2316,-0.1645,-3.6125,8.1033,17937508.15,1.0613,24.45,25.05,26.13,23.48,21.66,21.66,1.5963,1.0523,-0.767,1.2576,-0.6953,-3.0739,-7.08,12.096,12.096
20241021,00918,大華優利高填息30,TWSE,24.35,24.44,24.28,24.3,8138286.0,198179144.0,TWSE_RWD_JSON_MI_INDEX,data/daily_price/daily_price_20241021.csv,24.178,23.899,24.0152,24.4815,24.0052,0.0824,1.9295,0.0412,-2.8777,7.3322,15530152.3,0.524,24.45,24.98,26.13,23.48,21.66,21.66,1.6779,1.1861,-0.7414,1.2279,-0.6135,-2.7222,-7.0034,12.1884,12.1884
20241022,00918,大華優利高填息30,TWSE,24.3,24.48,24.23,24.46,15214129.0,371518835.0,TWSE_RWD_JSON_MI_INDEX,data/daily_price/daily_price_20241022.csv,24.264,23.9395,24.0128,24.4917,24.0431,0.6584,1.7894,3.4249,-0.5691,5.2496,14727364.9,1.0331,24.48,24.94,26.13,23.48,21.66,21.66,2.1742,1.8622,-0.1293,1.7338,-0.0817,-1.9246,-6.3911,12.9271,12.9271
20241023,00918,大華優利高填息30,TWSE,24.48,24.48,24.32,24.39,9621514.0,234655269.0,TWSE_RWD_JSON_MI_INDEX,data/daily_price/daily_price_20241023.csv,24.342,23.9735,24.0175,24.5018,24.072,-0.2862,1.625,2.868,1.1613,5.2654,14070234.65,0.6838,24.48,24.94,26.13,23.48,21.66,21.66,1.7373,1.551,-0.4564,1.3208,-0.3676,-2.2053,-6.659,12.6039,12.6039
20241024,00918,大華優利高填息30,TWSE,24.3,24.32,24.21,24.24,12181858.0,295489880.0,TWSE_RWD_JSON_MI_INDEX,data/daily_price/daily_price_20241024.csv,24.334,23.995,24.0153,24.5089,24.086,-0.615,-0.1647,1.806,-0.5334,3.634,14152201.7,0.8608,24.48,24.94,26.13,23.48,21.66,21.66,1.021,0.9355,-1.0972,0.6392,-0.9804,-2.8067,-7.2331,11.9114,11.9114
20241025,00918,大華優利高填息30,TWSE,24.29,24.34,24.27,24.31,5207976.0,126560181.0,TWSE_RWD_JSON_MI_INDEX,data/daily_price/daily_price_20241025.csv,24.34,24.015,24.021,24.5132,24.1047,0.2888,0.1236,1.6729,1.4184,2.1858,13863865.75,0.3757,24.48,24.94,26.13,23.48,21.66,21.66,1.2284,1.2031,-0.8291,0.8517,-0.6944,-2.5261,-6.9652,12.2345,12.2345
20241028,00918,大華優利高填息30,TWSE,24.37,24.43,24.25,24.31,7228668.0,175823755.0,TWSE_RWD_JSON_MI_INDEX,data/daily_price/daily_price_20241028.csv,24.342,24.0255,24.0295,24.5183,24.1218,0.0,0.0412,0.8714,2.1429,2.5738,13421232.85,0.5386,24.48,24.94,26.13,23.48,21.66,21.66,1.1842,1.1673,-0.8497,0.7801,-0.6944,-2.5261,-6.9652,12.2345,12.2345
20241029,00918,大華優利高填息30,TWSE,24.25,24.25,23.96,24.05,22111996.0,531639154.0,TWSE_RWD_JSON_MI_INDEX,data/daily_price/daily_price_20241029.csv,24.26,24.0255,24.0343,24.5212,24.1158,-1.0695,-1.6762,0.0,1.2205,1.434,13604729.8,1.6253,24.48,24.94,26.13,23.48,21.66,21.66,0.102,0.0652,-1.9215,-0.273,-1.7565,-3.5686,-7.9602,11.0342,11.0342
20241030,00918,大華優利高填息30,TWSE,24.1,24.17,23.99,24.03,8276449.0,199092282.0,TWSE_RWD_JSON_MI_INDEX,data/daily_price/daily_price_20241030.csv,24.188,24.022,24.037,24.5235,24.1087,-0.0832,-1.476,-0.2905,0.6703,1.1789,13400125.15,0.6176,24.48,24.94,26.13,23.48,21.66,21.66,0.0333,-0.0291,-2.0124,-0.3263,-1.8382,-3.6488,-8.0367,10.9418,10.9418
20241101,00918,大華優利高填息30,TWSE,23.7,24.1,23.5,24.05,18397304.0,438861803.0,TWSE_RWD_JSON_MI_INDEX,data/daily_price/daily_price_20241101.csv,24.15,24.0305,24.0302,24.5233,24.1038,0.0832,-0.7838,0.7119,-1.6762,-0.0831,13367042.45,1.3763,24.48,24.94,26.13,23.48,21.66,21.66,0.0811,0.0825,-1.9301,-0.2231,-1.7565,-3.5686,-7.9602,11.0342,11.0342
20241104,00918,大華優利高填息30,TWSE,24.1,24.15,23.95,24.13,13103811.0,315392833.0,TWSE_RWD_JSON_MI_INDEX,data/daily_price/daily_price_20241104.csv,24.114,24.0435,24.035,24.524,24.106,0.3326,-0.7404,1.0892,1.2164,0.3326,13516132.85,0.9695,24.48,24.94,26.13,23.48,21.66,21.66,0.3598,0.3953,-1.6066,0.0997,-1.4297,-3.2478,-7.654,11.4035,11.4035
20241105,00918,大華優利高填息30,TWSE,24.13,24.28,24.04,24.2,8974891.0,216879718.0,TWSE_RWD_JSON_MI_INDEX,data/daily_price/daily_price_20241105.csv,24.092,24.076,24.0703,24.5262,24.1138,0.2901,-0.4525,2.7601,9.6014,1.1283,12299287.95,0.7297,24.48,24.94,26.13,23.48,21.66,21.66,0.515,0.5387,-1.3302,0.3574,-1.1438,-2.9671,-7.3861,11.7267,11.7267
20241106,00918,大華優利高填息30,TWSE,24.22,24.32,24.18,24.2,7915931.0,191959483.0,TWSE_RWD_JSON_MI_INDEX,data/daily_price/daily_price_20241106.csv,24.122,24.1015,24.0983,24.5289,24.121,0.0,0.6237,2.1528,7.46,1.34,12140473.95,0.652,24.48,24.94,26.13,23.48,22.48,21.66,0.4087,0.4219,-1.3409,0.3276,-1.1438,-2.9671,-7.3861,7.6512,11.7267
20241107,00918,大華優利高填息30,TWSE,24.2,24.47,24.15,24.42,11282549.0,274936307.0,TWSE_RWD_JSON_MI_INDEX,data/daily_price/daily_price_20241107.csv,24.2,24.1445,24.1177,24.5312,24.1459,0.9091,1.623,3.6503,4.9871,1.1599,11842543.7,0.9527,24.48,24.94,26.13,23.5,22.89,21.66,1.141,1.2536,-0.4535,1.1351,-0.2451,-2.085,-6.5442,6.6841,12.7424
20241108,00918,大華優利高填息30,TWSE,24.48,24.62,24.41,24.46,16475504.0,404389933.0,TWSE_RWD_JSON_MI_INDEX,data/daily_price/daily_price_20241108.csv,24.282,24.1865,24.141,24.5333,24.1721,0.1638,1.7048,3.5563,6.0711,0.9909,12276618.1,1.342,24.62,24.94,26.13,23.5,23.4,21.66,1.1308,1.3214,-0.2986,1.1911,-0.6499,-1.9246,-6.3911,4.5299,12.9271
20241111,00918,大華優利高填息30,TWSE,24.46,24.5,24.3,24.48,8956238.0,218447692.0,TWSE_RWD_JSON_MI_INDEX,data/daily_price/daily_price_20241111.csv,24.352,24.223,24.1578,24.5335,24.1977,0.0818,1.4505,3.0737,4.3034,0.1227,12287324.4,0.7289,24.62,24.94,26.13,23.5,23.48,21.66,1.061,1.3336,-0.2181,1.1665,-0.5686,-1.8444,-6.3146,4.2589,13.0194
20241112,00918,大華優利高填息30,TWSE,24.34,24.43,24.24,24.24,11756551.0,285963393.0,TWSE_RWD_JSON_MI_INDEX,data/daily_price/daily_price_20241112.csv,24.36,24.243,24.1637,24.5328,24.2013,-0.9804,0.1653,1.6779,1.465,-0.3699,12449774.95,0.9443,24.62,24.94,26.13,23.5,23.48,21.66,-0.0124,0.3159,-1.1933,0.1601,-1.5435,-2.8067,-7.2331,3.2368,11.9114
20241113,00918,大華優利高填息30,TWSE,24.24,24.45,24.18,24.39,9604133.0,233861907.0,TWSE_RWD_JSON_MI_INDEX,data/daily_price/daily_price_20241113.csv,24.398,24.261,24.1705,24.5307,24.217,0.6188,0.7851,1.4981,1.7098,-1.0146,12072086.85,0.7956,24.62,24.94,26.13,23.5,23.48,21.66,0.5317,0.9081,-0.5734,0.7144,-0.9342,-2.2053,-6.659,3.8756,12.6039
20241114,00918,大華優利高填息30,TWSE,24.39,24.42,24.23,24.27,12440059.0,302576466.0,TWSE_RWD_JSON_MI_INDEX,data/daily_price/daily_price_20241114.csv,24.368,24.2745,24.1712,24.527,24.2214,-0.492,-0.6143,1.125,0.1651,-1.7807,12145506.55,1.0243,24.62,24.94,26.13,23.5,23.48,21.66,-0.0185,0.4089,-1.0478,0.2006,-1.4216,-2.6864,-7.1183,3.3646,12.0499
20241115,00918,大華優利高填息30,TWSE,24.34,24.43,24.26,24.3,9310591.0,226559735.0,TWSE_RWD_JSON_MI_INDEX,data/daily_price/daily_price_20241115.csv,24.336,24.2755,24.1735,24.5231,24.228,0.1236,-0.6541,0.0824,0.5795,-1.8975,11761759.65,0.7916,24.62,24.94,26.13,23.5,23.48,21.66,0.1009,0.5233,-0.9097,0.2974,-1.2998,-2.5662,-7.0034,3.4923,12.1884
20241118,00918,大華優利高填息30,TWSE,24.3,24.35,24.16,24.18,9930597.0,240825925.0,TWSE_RWD_JSON_MI_INDEX,data/daily_price/daily_price_20241118.csv,24.276,24.2705,24.1688,24.5191,24.224,-0.4938,-1.2255,-0.4119,-1.1447,-1.9465,11306451.75,0.8783,24.62,24.94,26.13,23.5,23.48,21.66,-0.3729,0.0462,-1.3829,-0.1815,-1.7872,-3.0473,-7.4627,2.9813,11.6343
20241120,00918,大華優利高填息30,TWSE,24.4,24.49,24.33,24.38,8275472.0,202059945.0,TWSE_RWD_JSON_MI_INDEX,data/daily_price/daily_price_20241120.csv,24.304,24.2745,24.1672,24.5139,24.237,0.8271,0.5776,0.3292,-0.4085,-2.48,11313311.05,0.7315,24.62,24.94,26.13,23.5,23.48,21.66,0.4346,0.8807,-0.5463,0.5902,-0.9748,-2.2454,-6.6973,3.833,12.5577
20241121,00918,大華優利高填息30,TWSE,24.29,24.39,24.24,24.33,10876811.0,264590825.0,TWSE_RWD_JSON_MI_INDEX,data/daily_price/daily_price_20241121.csv,24.292,24.268,24.1642,24.5091,24.2447,-0.2051,-0.246,-0.5315,-0.7344,-2.3284,11096445.15,0.9802,24.62,24.94,26.13,23.5,23.48,21.66,0.2555,0.6863,-0.7307,0.3518,-1.1779,-2.4459,-6.8886,3.6201,12.3269
20241122,00918,大華優利高填息30,TWSE,24.36,24.49,24.36,24.38,8632666.0,210751169.0,TWSE_RWD_JSON_MI_INDEX,data/daily_price/daily_price_20241122.csv,24.314,24.2675,24.1623,24.5033,24.256,0.2055,0.4532,-0.041,-0.4492,-2.7523,11047002.75,0.7814,24.62,24.94,26.13,23.5,23.48,21.66,0.4636,0.9009,-0.5033,0.5112,-0.9748,-2.2454,-6.6973,3.833,12.5577
20241125,00918,大華優利高填息30,TWSE,24.5,24.57,24.39,24.4,8000156.0,195626329.0,TWSE_RWD_JSON_MI_INDEX,data/daily_price/daily_price_20241125.csv,24.334,24.2755,24.1595,24.4942,24.268,0.082,0.4115,0.6601,-0.6919,-4.3137,10837917.65,0.7382,24.62,24.94,26.13,23.5,23.48,21.66,0.5129,0.9955,-0.3844,0.544,-0.8936,-2.1652,-6.6207,3.9182,12.65
20241126,00918,大華優利高填息30,TWSE,24.33,24.46,24.2,24.36,11566860.0,281503466.0,TWSE_RWD_JSON_MI_INDEX,data/daily_price/daily_price_20241126.csv,24.37,24.278,24.1542,24.4846,24.2757,-0.1639,0.7444,0.2057,-1.2966,-4.508,11155861.85,1.0368,24.62,24.83,26.13,23.5,23.48,21.66,0.3378,0.8522,-0.5088,0.3474,-1.0561,-1.8929,-6.7738,3.7479,12.4654
20241127,00918,大華優利高填息30,TWSE,24.35,24.35,23.98,24.0,31584533.0,761641924.0,TWSE_RWD_JSON_MI_INDEX,data/daily_price/daily_price_20241127.csv,24.294,24.2625,24.1445,24.473,24.2527,-1.4778,-1.5587,-1.2752,-2.3596,-5.4746,12373655.1,2.5526,24.62,24.83,26.13,23.5,23.48,21.66,-1.0819,-0.5985,-1.9327,-1.0419,-2.5183,-3.3427,-8.1515,2.2147,10.8033
20241128,00918,大華優利高填息30,TWSE,24.0,24.0,23.75,23.8,26329411.0,627707432.0,TWSE_RWD_JSON_MI_INDEX,data/daily_price/daily_price_20241128.csv,24.188,24.25,24.1308,24.4615,24.215,-0.8333,-2.1784,-1.0395,-3.3306,-5.4805,12584525.85,2.0922,24.62,24.83,26.13,23.5,23.48,21.66,-1.8557,-1.371,-2.7042,-1.7137,-3.3306,-4.1482,-8.917,1.3629,9.88
20241129,00918,大華優利高填息30,TWSE,23.8,23.98,23.64,23.92,12236496.0,292027689.0,TWSE_RWD_JSON_MI_INDEX,data/daily_price/daily_price_20241129.csv,24.096,24.2445,24.1198,24.4518,24.1904,0.5042,-1.8868,-0.4578,-2.6851,-4.6252,12782528.2,0.9573,24.62,24.83,26.13,23.5,23.48,21.66,-1.3384,-0.8285,-2.175,-1.1177,-2.8432,-3.6649,-8.4577,1.8739,10.434
20241202,00918,大華優利高填息30,TWSE,24.16,24.28,24.14,24.28,44302559.0,1073885095.0,TWSE_RWD_JSON_MI_INDEX,data/daily_price/daily_price_20241202.csv,24.072,24.256,24.1147,24.4425,24.1979,1.505,-0.4918,0.9563,-1.2607,-4.4094,14077790.95,3.147,24.62,24.83,26.13,23.64,23.48,21.66,0.0989,0.6856,-0.6648,0.3395,-1.381,-2.2151,-7.08,3.4072,12.096
20241203,00918,大華優利高填息30,TWSE,24.56,24.59,24.36,24.47,79456159.0,1946206928.0,TWSE_RWD_JSON_MI_INDEX,data/daily_price/daily_price_20241203.csv,24.094,24.273,24.1117,24.4362,24.2205,0.7825,0.4516,1.409,-0.7302,-2.9738,17395408.35,4.5677,24.62,24.76,26.13,23.64,23.48,21.66,0.8116,1.4861,0.1381,1.03,-0.6093,-1.1712,-6.3529,4.2164,12.9732
20241204,00918,大華優利高填息30,TWSE,24.52,24.53,24.35,24.46,71744799.0,1751646107.0,TWSE_RWD_JSON_MI_INDEX,data/daily_price/daily_price_20241204.csv,24.186,24.286,24.1082,24.4296,24.2405,-0.0409,1.9167,1.0744,-0.8512,-3.1671,20533903.75,3.494,24.62,24.62,26.13,23.64,23.48,21.66,0.7165,1.4594,0.1245,0.9056,-0.6499,-0.6499,-6.3911,4.1738,12.9271
20241205,00918,大華優利高填息30,TWSE,24.51,24.6,24.51,24.51,47657840.0,1169552222.0,TWSE_RWD_JSON_MI_INDEX,data/daily_price/daily_price_20241205.csv,24.328,24.3015,24.1173,24.423,24.2629,0.2044,2.9832,1.281,2.2955,-3.1225,22520999.2,2.1162,24.62,24.62,26.13,23.64,23.48,21.66,0.858,1.6282,0.3562,1.0182,-0.4468,-0.4468,-6.1998,4.3867,13.1579
20241206,00918,大華優利高填息30,TWSE,24.55,24.66,24.51,24.55,44584843.0,1095641589.0,TWSE_RWD_JSON_MI_INDEX,data/daily_price/daily_price_20241206.csv,24.454,24.308,24.1278,24.4158,24.2869,0.1632,2.6338,0.5324,2.6338,-3.3845,24186113.9,1.8434,24.66,24.66,26.13,23.64,23.48,21.66,0.9956,1.7497,0.5495,1.0834,-0.4461,-0.4461,-6.0467,4.5571,13.3426
20241209,00918,大華優利高填息30,TWSE,24.65,24.72,24.58,24.65,45385316.0,1118958195.0,TWSE_RWD_JSON_MI_INDEX,data/daily_price/daily_price_20241209.csv,24.528,24.3175,24.1375,24.4114,24.3171,0.4073,1.5239,0.7768,2.4096,-2.1048,25631604.5,1.7707,24.72,24.72,26.13,23.64,23.48,21.66,1.3673,2.1233,0.9773,1.3689,-0.2832,-0.2832,-5.664,4.983,13.8042
20241210,00918,大華優利高填息30,TWSE,24.68,24.72,24.48,24.48,81919740.0,2010945623.0,TWSE_RWD_JSON_MI_INDEX,data/daily_price/daily_price_20241210.csv,24.53,24.3175,24.146,24.4055,24.3307,-0.6897,0.0409,0.0,2.1277,-2.8186,29279779.6,2.7978,24.72,24.72,26.13,23.64,23.48,21.66,0.6682,1.3833,0.3053,0.6136,-0.9709,-0.9709,-6.3146,4.2589,13.0194
20241211,00918,大華優利高填息30,TWSE,24.44,24.44,24.27,24.29,89201016.0,2170640666.0,TWSE_RWD_JSON_MI_INDEX,data/daily_price/daily_price_20241211.csv,24.496,24.32,24.1542,24.3958,24.3273,-0.7761,-0.695,0.2063,2.0588,-4.558,33152002.85,2.6907,24.72,24.72,26.13,23.64,23.48,21.66,-0.1234,0.5624,-0.4338,-0.1534,-1.7395,-1.7395,-7.0417,3.4497,12.1422
20241212,00918,大華優利高填息30,TWSE,24.47,24.47,24.29,24.32,53846805.0,1310519318.0,TWSE_RWD_JSON_MI_INDEX,data/daily_price/daily_price_20241212.csv,24.458,24.3165,24.1625,24.3844,24.3267,0.1235,-0.7752,-0.287,2.0991,-5.3328,35364136.45,1.5226,24.72,24.72,26.13,23.64,23.48,21.66,0.0144,0.6518,-0.2642,-0.0275,-1.6181,-1.6181,-6.9269,3.5775,12.2807
20241213,00918,大華優利高填息30,TWSE,24.31,24.31,24.11,24.18,77388597.0,1870489111.0,TWSE_RWD_JSON_MI_INDEX,data/daily_price/daily_price_20241213.csv,24.384,24.312,24.1622,24.3703,24.3145,-0.5757,-1.5071,-0.3708,-0.0826,-6.5688,38611563.35,2.0043,24.72,24.72,26.13,23.64,23.48,21.66,-0.5429,0.0738,-0.7807,-0.5531,-2.1845,-2.1845,-7.4627,2.9813,11.6343
20241216,00918,大華優利高填息30,TWSE,24.35,24.35,24.0,24.0,104929599.0,2529545234.0,TWSE_RWD_JSON_MI_INDEX,data/daily_price/daily_price_20241216.csv,24.254,24.297,24.1577,24.3526,24.2883,-0.7444,-2.6369,-1.2346,-1.1125,-8.1164,43392513.75,2.4181,24.72,24.72,25.82,23.64,23.48,21.66,-1.2224,-0.6527,-1.4478,-1.1869,-2.9126,-2.9126,-7.0488,2.2147,10.8033
20241217,00918,大華優利高填息30,TWSE,24.0,24.04,23.96,24.02,85488675.0,2052542532.0,TWSE_RWD_JSON_MI_INDEX,data/daily_price/daily_price_20241217.csv,24.162,24.289,24.1527,24.3398,24.2659,0.0833,-1.8791,-0.6617,-1.2336,-6.025,47170417.65,1.8123,24.72,24.72,25.82,23.64,23.48,21.66,-1.1075,-0.5493,-1.3137,-1.0134,-2.8317,-2.8317,-6.9713,2.2998,10.8957
20241218,00918,大華優利高填息30,TWSE,24.0,24.1,23.96,24.1,105468123.0,2532372758.0,TWSE_RWD_JSON_MI_INDEX,data/daily_price/daily_price_20241218.csv,24.124,24.275,24.1495,24.3254,24.2521,0.3331,-0.7822,-1.1485,-0.7822,-6.6615,52030050.2,2.0271,24.72,24.72,25.75,23.64,23.48,21.66,-0.7209,-0.205,-0.9267,-0.6271,-2.5081,-2.5081,-6.4078,2.6405,11.265
20241219,00918,大華優利高填息30,TWSE,23.12,23.12,22.9,23.02,105328119.0,2425901569.0,TWSE_RWD_JSON_MI_INDEX,data/daily_price/daily_price_20241219.csv,23.864,24.2095,24.139,24.3032,24.1494,-4.4813,-5.3454,-5.3843,-2.6638,-10.3931,56752615.6,1.8559,24.72,24.72,25.66,22.9,22.9,21.66,-4.9134,-4.6357,-5.2798,-4.6768,-6.877,-6.877,-10.2884,0.524,6.2789
20241220,00918,大華優利高填息30,TWSE,22.98,23.05,22.88,22.97,43044825.0,988461003.0,TWSE_RWD_JSON_MI_INDEX,data/daily_price/daily_price_20241220.csv,23.622,24.139,24.1267,24.2832,24.0511,-0.2172,-5.0041,-5.7834,-3.121,-9.4243,58473223.55,0.7361,24.72,24.72,25.66,22.88,22.88,21.66,-4.8428,-4.7941,-5.408,-4.4951,-7.0793,-7.0793,-10.4832,0.3934,6.048
20241223,00918,大華優利高填息30,TWSE,23.13,23.22,23.06,23.16,16633754.0,385072774.0,TWSE_RWD_JSON_MI_INDEX,data/daily_price/daily_price_20241223.csv,23.454,24.077,24.1158,24.265,23.9769,0.8272,-3.5,-5.082,-2.7299,-8.6391,58904903.45,0.2824,24.72,24.72,25.66,22.88,22.88,21.66,-3.8086,-3.9635,-4.5539,-3.4069,-6.3107,-6.3107,-9.7428,1.2238,6.9252
20241224,00918,大華優利高填息30,TWSE,23.23,23.32,23.23,23.26,14947944.0,348120852.0,TWSE_RWD_JSON_MI_INDEX,data/daily_price/daily_price_20241224.csv,23.302,24.022,24.105,24.2472,23.9171,0.4318,-3.164,-4.5156,-2.7185,-8.4252,59073957.65,0.253,24.72,24.72,25.66,22.88,22.88,21.66,-3.1721,-3.5055,-4.0713,-2.7475,-5.9061,-5.9061,-9.3531,1.6608,7.3869
20241225,00918,大華優利高填息30,TWSE,23.32,23.37,23.25,23.28,9896995.0,230489045.0,TWSE_RWD_JSON_MI_INDEX,data/daily_price/daily_price_20241225.csv,23.138,23.986,24.0913,24.2303,23.864,0.086,-3.4025,-3.0,-3.4025,-8.0205,57989580.75,0.1707,24.72,24.72,25.66,22.88,22.88,21.66,-2.9434,-3.3677,-3.9218,-2.4473,-5.8252,-5.8252,-9.2751,1.7483,7.4792
20241226,00918,大華優利高填息30,TWSE,23.32,23.34,23.22,23.28,9626494.0,224042306.0,TWSE_RWD_JSON_MI_INDEX,data/daily_price/daily_price_20241226.csv,23.19,23.96,24.0785,24.2124,23.8154,0.0,1.1295,-2.1849,-3.2017,-8.4186,57154434.9,0.1684,24.72,24.72,25.66,22.88,22.88,21.66,-2.8381,-3.3162,-3.851,-2.248,-5.8252,-5.8252,-9.2751,1.7483,7.4792
20241227,00918,大華優利高填息30,TWSE,23.28,23.29,23.22,23.23,10781000.0,250679840.0,TWSE_RWD_JSON_MI_INDEX,data/daily_price/daily_price_20241227.csv,23.242,23.9255,24.064,24.1935,23.7666,-0.2148,1.1319,-2.8846,-3.61,-8.902,57081660.1,0.1889,24.72,24.72,25.66,22.88,22.88,21.66,-2.9069,-3.4658,-3.9825,-2.2577,-6.0275,-6.0275,-9.47,1.5297,7.2484
20241230,00918,大華優利高填息30,TWSE,23.2,23.26,23.1,23.1,19030833.0,440871207.0,TWSE_RWD_JSON_MI_INDEX,data/daily_price/daily_price_20241230.csv,23.23,23.8665,24.051,24.1753,23.711,-0.5596,-0.2591,-4.86,-3.2663,-8.6234,55818073.8,0.3409,24.72,24.72,25.66,22.88,22.88,21.66,-3.2116,-3.9541,-4.4481,-2.577,-6.5534,-6.5534,-9.9766,0.9615,6.6482
20241231,00918,大華優利高填息30,TWSE,23.08,23.08,22.98,23.05,18979900.0,436813024.0,TWSE_RWD_JSON_MI_INDEX,data/daily_price/daily_price_20241231.csv,23.188,23.7955,24.0373,24.1568,23.6559,-0.2165,-0.9028,-5.803,-3.4353,-8.7851,52794260.85,0.3595,24.72,24.72,25.66,22.88,22.88,21.66,-3.1329,-4.1075,-4.5819,-2.5615,-6.7557,-6.7557,-10.1715,0.743,6.4174
20250102,00918,大華優利高填息30,TWSE,23.04,23.11,22.98,23.05,17173506.0,395803552.0,TWSE_RWD_JSON_MI_INDEX,data/daily_price/daily_price_20250102.csv,23.142,23.725,24.029,24.1378,23.6055,0.0,-0.988,-5.7645,-2.1231,-9.0371,50065696.2,0.343,24.72,24.72,25.66,22.88,22.88,21.66,-2.8451,-4.0742,-4.5064,-2.3531,-6.7557,-6.7557,-10.1715,0.743,6.4174
20250103,00918,大華優利高填息30,TWSE,23.08,23.13,23.0,23.0,17710178.0,408009110.0,TWSE_RWD_JSON_MI_INDEX,data/daily_price/daily_price_20250103.csv,23.086,23.6495,24.0175,24.1181,23.555,-0.2169,-1.2027,-6.1608,-2.9126,-9.306,48568313.1,0.3646,24.72,24.72,25.66,22.88,22.88,21.66,-2.7464,-4.2365,-4.6359,-2.3562,-6.9579,-6.9579,-10.3663,0.5245,6.1865
20250107,00918,大華優利高填息30,TWSE,23.13,23.13,23.02,23.03,18903002.0,435808353.0,TWSE_RWD_JSON_MI_INDEX,data/daily_price/daily_price_20250107.csv,23.046,23.5735,24.0087,24.0985,23.5112,0.1304,-0.861,-6.1914,-2.2496,-9.2593,47284221.05,0.3998,24.72,24.72,25.66,22.88,22.88,21.66,-2.3056,-4.0763,-4.4339,-2.0469,-6.8366,-6.8366,-10.2494,0.6556,6.325
20250108,00918,大華優利高填息30,TWSE,23.01,23.06,23.0,23.04,11769924.0,271067531.0,TWSE_RWD_JSON_MI_INDEX,data/daily_price/daily_price_20250108.csv,23.034,23.493,23.999,24.0793,23.472,0.0434,-0.2597,-6.5314,-2.4555,-9.0766,45603451.45,0.2581,24.72,24.72,25.66,22.88,22.88,21.66,-1.9282,-3.996,-4.3163,-1.8404,-6.7961,-6.7961,-10.2104,0.6993,6.3712
20250109,00918,大華優利高填息30,TWSE,23.04,23.04,22.68,22.68,69625635.0,1590222061.0,TWSE_RWD_JSON_MI_INDEX,data/daily_price/daily_price_20250109.csv,22.96,23.403,23.9812,24.0559,23.406,-1.5625,-1.6052,-7.3529,-4.5053,-11.0239,44988746.2,1.5476,24.47,24.72,25.66,22.68,22.68,21.66,-3.0893,-5.4258,-5.7197,-3.1017,-7.3151,-8.2524,-11.6134,0.0,4.7091
20250110,00918,大華優利高填息30,TWSE,22.6,22.65,22.46,22.53,41797670.0,941712139.0,TWSE_RWD_JSON_MI_INDEX,data/daily_price/daily_price_20250110.csv,22.856,23.315,23.9593,24.0313,23.333,-0.6614,-2.256,-7.2458,-5.495,-11.5777,42618578.9,0.9807,24.47,24.72,25.45,22.46,22.46,21.66,-3.3669,-5.9657,-6.2474,-3.4414,-7.9281,-8.8592,-11.4735,0.3117,4.0166
20250113,00918,大華優利高填息30,TWSE,22.45,22.45,22.1,22.15,49337116.0,1095259419.0,TWSE_RWD_JSON_MI_INDEX,data/daily_price/daily_price_20250113.csv,22.686,23.2065,23.928,24.0046,23.2344,-1.6866,-3.6957,-8.9227,-7.8236,-12.6577,42393094.45,1.1638,24.35,24.72,25.45,22.1,22.1,21.66,-4.5526,-7.4306,-7.726,-4.6672,-9.0349,-10.3964,-12.9666,0.2262,2.2622
20250114,00918,大華優利高填息30,TWSE,22.15,22.32,22.15,22.3,15359112.0,341759315.0,TWSE_RWD_JSON_MI_INDEX,data/daily_price/daily_price_20250114.csv,22.54,23.1125,23.8997,23.9797,23.1565,0.6772,-3.1698,-7.775,-7.0833,-11.8229,39291620.2,0.3909,24.35,24.72,25.43,22.1,22.1,21.66,-3.5154,-6.6933,-7.0045,-3.6989,-8.4189,-9.7896,-12.3083,0.905,2.9548
20250115,00918,大華優利高填息30,TWSE,22.37,22.38,22.2,22.22,17123693.0,381773332.0,TWSE_RWD_JSON_MI_INDEX,data/daily_price/daily_price_20250115.csv,22.376,23.0235,23.8653,23.9538,23.0785,-0.3587,-3.559,-7.4167,-8.4843,-12.2433,34901324.9,0.4906,24.1,24.72,25.4,22.1,22.1,21.66,-3.4899,-6.8942,-7.2382,-3.7199,-7.8008,-10.1133,-12.5197,0.543,2.5854
20250116,00918,大華優利高填息30,TWSE,22.45,22.5,22.31,22.32,18205890.0,407581854.0,TWSE_RWD_JSON_MI_INDEX,data/daily_price/daily_price_20250116.csv,22.304,22.9385,23.8327,23.9299,23.0153,0.45,-1.5873,-7.0774,-8.0725,-11.3934,31537185.65,0.5773,24.1,24.72,25.05,22.1,22.1,21.66,-2.6963,-6.347,-6.7276,-3.021,-7.3859,-9.7087,-10.8982,0.9955,3.0471
20250117,00918,大華優利高填息30,TWSE,22.37,22.37,22.19,22.2,64177234.0,1428723282.0,TWSE_RWD_JSON_MI_INDEX,data/daily_price/daily_price_20250117.csv,22.238,22.8435,23.7977,23.9064,22.9473,-0.5376,-1.4647,-7.8838,-8.642,-11.271,29472641.2,2.1775,23.37,24.72,24.98,22.1,22.1,21.66,-2.817,-6.7135,-7.1379,-3.2568,-5.0064,-10.1942,-11.1289,0.4525,2.4931
20250120,00918,大華優利高填息30,TWSE,22.46,22.5,22.43,22.47,12075163.0,271282234.0,TWSE_RWD_JSON_MI_INDEX,data/daily_price/daily_price_20250120.csv,22.302,22.816,23.7645,23.8887,22.9076,1.2162,1.4447,-2.3892,-8.1357,-8.6585,24809993.4,0.4867,23.37,24.72,24.94,22.1,22.1,21.66,-1.5165,-5.4472,-5.9387,-1.9101,-3.8511,-9.1019,-9.9038,1.6742,3.7396
20250121,00918,大華優利高填息30,TWSE,22.46,22.58,22.45,22.54,9804303.0,220865354.0,TWSE_RWD_JSON_MI_INDEX,data/daily_price/daily_price_20250121.csv,22.35,22.7945,23.7337,23.8756,22.8769,0.3115,1.0762,-1.872,-7.5851,-6.5118,23147967.3,0.4235,23.37,24.72,24.94,22.1,22.1,21.66,-1.1165,-5.0294,-5.5939,-1.4728,-3.5516,-8.8188,-9.6231,1.991,4.0628
20250122,00918,大華優利高填息30,TWSE,22.55,22.57,22.48,22.57,12533609.0,282386241.0,TWSE_RWD_JSON_MI_INDEX,data/daily_price/daily_price_20250122.csv,22.42,22.765,23.7058,23.8606,22.8514,0.1331,1.5752,-2.5475,-6.8894,-7.3861,22942960.05,0.5463,23.37,24.72,24.94,22.1,22.1,21.66,-0.8566,-4.7914,-5.4089,-1.2312,-3.4232,-8.6974,-9.5028,2.1267,4.2013
20250203,00918,大華優利高填息30,TWSE,22.24,22.54,22.22,22.41,29055737.0,649878905.0,TWSE_RWD_JSON_MI_INDEX,data/daily_price/daily_price_20250203.csv,22.438,22.7225,23.6742,23.8476,22.8146,-0.7089,0.4032,-3.6543,-7.8157,-6.5081,23648349.7,1.2287,23.37,24.72,24.94,22.1,22.1,21.66,-1.3753,-5.3399,-6.0282,-1.7733,-4.1078,-9.3447,-10.1443,1.4027,3.4626
20250204,00918,大華優利高填息30,TWSE,22.45,22.53,22.3,22.31,24223392.0,542014281.0,TWSE_RWD_JSON_MI_INDEX,data/daily_price/daily_price_20250204.csv,22.46,22.674,23.6408,23.8352,22.7725,-0.4462,0.4955,-4.1667,-8.2271,-6.2605,24364669.55,0.9942,23.34,24.72,24.94,22.1,22.1,21.66,-1.6054,-5.6294,-6.3988,-2.0311,-4.413,-9.7492,-10.5453,0.9502,3.0009
20250205,00918,大華優利高填息30,TWSE,22.44,22.62,22.44,22.51,12364572.0,278645523.0,TWSE_RWD_JSON_MI_INDEX,data/daily_price/daily_price_20250205.csv,22.468,22.6355,23.6152,23.8247,22.7507,0.8965,0.178,-3.3076,-6.4033,-5.2609,24501573.45,0.5046,23.29,24.72,24.94,22.1,22.1,21.66,-0.5544,-4.6799,-5.5184,-1.0578,-3.3491,-8.9401,-9.7434,1.8552,3.9243
20250206,00918,大華優利高填息30,TWSE,22.54,22.56,22.46,22.5,18816056.0,423395923.0,TWSE_RWD_JSON_MI_INDEX,data/daily_price/daily_price_20250206.csv,22.46,22.599,23.5897,23.8133,22.7298,-0.0444,-0.1775,-3.1425,-6.367,-5.7394,24903326.25,0.7556,23.26,24.72,24.94,22.1,22.1,21.66,-0.4381,-4.6193,-5.5151,-1.0108,-3.2674,-8.9806,-9.7835,1.81,3.8781
20250207,00918,大華優利高填息30,TWSE,22.54,22.57,22.5,22.56,9496052.0,213969176.0,TWSE_RWD_JSON_MI_INDEX,data/daily_price/daily_price_20250207.csv,22.458,22.572,23.5648,23.7975,22.7156,0.2667,-0.0443,-2.3377,-6.1954,-7.7678,24426587.2,0.3888,23.13,24.72,24.94,22.1,22.1,21.66,-0.0532,-4.2641,-5.2001,-0.6851,-2.4643,-8.7379,-9.5429,2.0814,4.1551
20250210,00918,大華優利高填息30,TWSE,22.52,22.52,22.45,22.5,14345889.0,322655040.0,TWSE_RWD_JSON_MI_INDEX,data/daily_price/daily_price_20250210.csv,22.476,22.5445,23.5377,23.7863,22.6976,-0.266,0.4016,-2.3861,-6.7551,-5.6208,24194886.65,0.5929,23.13,24.72,24.94,22.1,22.1,21.66,-0.1974,-4.4085,-5.4079,-0.8708,-2.7237,-8.9806,-9.7835,1.81,3.8781
20250211,00918,大華優利高填息30,TWSE,22.57,22.63,22.51,22.55,11139403.0,251188789.0,TWSE_RWD_JSON_MI_INDEX,data/daily_price/daily_price_20250211.csv,22.524,22.5195,23.5102,23.7902,22.6853,0.2222,1.0758,-2.1692,-6.8182,2.1286,23893181.5,0.4662,23.13,24.72,24.94,22.1,22.1,21.66,0.1354,-4.084,-5.2133,-0.5966,-2.5076,-8.7783,-9.583,2.0362,4.109
20250212,00918,大華優利高填息30,TWSE,22.61,22.68,22.55,22.57,10993062.0,248624918.0,TWSE_RWD_JSON_MI_INDEX,data/daily_price/daily_price_20250212.csv,22.536,22.498,23.483,23.7907,22.6757,0.0887,0.2665,-1.8696,-6.7355,0.222,23557325.7,0.4667,23.13,24.72,24.94,22.1,22.1,22.1,0.32,-3.8879,-5.1309,-0.4663,-2.4211,-8.6974,-9.5028,2.1267,2.1267
20250213,00918,大華優利高填息30,TWSE,22.59,22.82,22.55,22.8,12374058.0,281159937.0,TWSE_RWD_JSON_MI_INDEX,data/daily_price/daily_price_20250213.csv,22.596,22.4865,23.456,23.7868,22.6861,1.0191,1.3333,-0.9987,-6.6339,-1.9776,23230878.5,0.5327,23.06,24.72,24.94,22.1,22.1,22.1,1.3942,-2.7967,-4.1487,0.5021,-1.1275,-7.767,-8.5806,3.1674,3.1674
20250214,00918,大華優利高填息30,TWSE,22.8,22.87,22.74,22.75,15765886.0,359196940.0,TWSE_RWD_JSON_MI_INDEX,data/daily_price/daily_price_20250214.csv,22.634,22.472,23.4275,23.7842,22.6914,-0.2193,0.8422,-1.2587,-6.991,-1.3443,23430676.6,0.6729,23.04,24.72,24.94,22.1,22.1,22.1,1.2371,-2.8919,-4.3485,0.2582,-1.2587,-7.9693,-8.7811,2.9412,2.9412
20250217,00918,大華優利高填息30,TWSE,22.83,22.94,22.82,22.92,13499250.0,309097422.0,TWSE_RWD_JSON_MI_INDEX,data/daily_price/daily_price_20250217.csv,22.718,22.484,23.4015,23.7797,22.7105,0.7473,1.8667,1.0582,-6.3725,-2.3434,20624357.35,0.6545,22.94,24.72,24.94,22.1,22.1,22.1,1.9392,-2.0576,-3.6151,0.9226,-0.0872,-7.2816,-8.0994,3.7104,3.7104
20250218,00918,大華優利高填息30,TWSE,22.99,23.0,22.91,22.96,13744603.0,315672620.0,TWSE_RWD_JSON_MI_INDEX,data/daily_price/daily_price_20250218.csv,22.8,22.5055,23.3802,23.7719,22.7313,0.1745,1.8182,1.9086,-5.2805,-3.8928,19221704.0,0.7151,23.0,24.72,24.94,22.1,22.1,22.1,2.0195,-1.7971,-3.4154,1.0063,-0.1739,-7.1197,-7.9391,3.8914,3.8914
20250219,00918,大華優利高填息30,TWSE,23.04,23.14,23.02,23.04,19176787.0,442587635.0,TWSE_RWD_JSON_MI_INDEX,data/daily_price/daily_price_20250219.csv,22.894,22.55,23.3577,23.7641,22.757,0.3484,2.0824,4.0181,-5.5351,-3.9199,17713687.55,1.0826,23.14,24.72,24.94,22.15,22.1,22.1,2.1729,-1.36,-3.047,1.2436,-0.4322,-6.7961,-7.6183,4.2534,4.2534
20250220,00918,大華優利高填息30,TWSE,23.1,23.18,23.06,23.12,16504947.0,381656387.0,TWSE_RWD_JSON_MI_INDEX,data/daily_price/daily_price_20250220.csv,22.958,22.591,23.3385,23.7548,22.7872,0.3472,1.4035,3.6771,-4.7384,-4.5811,17770979.3,0.9288,23.18,24.72,24.94,22.19,22.1,22.1,2.3416,-0.9362,-2.6724,1.4603,-0.2588,-6.4725,-7.2975,4.6154,4.6154
20250224,00918,大華優利高填息30,TWSE,23.19,23.37,23.18,23.36,20470158.0,476569986.0,TWSE_RWD_JSON_MI_INDEX,data/daily_price/daily_price_20250224.csv,23.08,22.648,23.3228,23.7482,22.835,1.0381,2.6813,5.1305,-3.8683,-3.3113,17938302.55,1.1411,23.37,24.72,24.94,22.19,22.1,22.1,3.1438,0.1594,-1.6345,2.2992,-0.0428,-5.5016,-6.3352,5.7014,5.7014
20250225,00918,大華優利高填息30,TWSE,23.26,23.39,23.22,23.31,24180252.0,563570196.0,TWSE_RWD_JSON_MI_INDEX,data/daily_price/daily_price_20250225.csv,23.158,22.6975,23.3083,23.7386,22.8746,-0.214,1.7016,4.4355,-3.598,-4.7016,18237020.65,1.3259,23.39,24.72,24.94,22.19,22.1,22.1,2.6985,0.0072,-1.8054,1.9036,-0.342,-5.7039,-6.5357,5.4751,5.4751
20250226,00918,大華優利高填息30,TWSE,23.31,23.35,23.19,23.34,22730467.0,529322709.0,TWSE_RWD_JSON_MI_INDEX,data/daily_price/daily_price_20250226.csv,23.234,22.7545,23.291,23.7291,22.9133,0.1287,1.6551,5.1351,-4.2658,-4.6569,16164682.3,1.4062,23.39,24.72,24.94,22.22,22.1,22.1,2.5731,0.2104,-1.6397,1.8621,-0.2138,-5.5825,-6.4154,5.6109,5.6109
20250227,00918,大華優利高填息30,TWSE,22.99,23.0,22.91,22.96,13744603.0,315672620.0,TWSE_RWD_JSON_MI_INDEX,data/daily_price/daily_price_20250227.csv,23.218,22.779,23.2682,23.7162,22.9172,-1.6281,-0.3472,2.1807,-5.6309,-6.3239,16248154.3,0.8459,23.39,24.72,24.94,22.22,22.1,22.1,0.7946,-1.3244,-3.1884,0.1866,-1.8384,-7.1197,-7.9391,3.8914,3.8914
20250303,00918,大華優利高填息30,TWSE,23.18,23.2,23.06,23.15,36306123.0,839967811.0,TWSE_RWD_JSON_MI_INDEX,data/daily_price/daily_price_20250303.csv,23.224,22.8095,23.2477,23.705,22.9366,0.8275,0.1298,2.7063,-5.0451,-5.4716,17573245.3,2.066,23.39,24.72,24.94,22.22,22.1,22.1,1.4928,-0.4201,-2.3413,0.9303,-1.0261,-6.3511,-7.1772,4.7511,4.7511
20250304,00918,大華優利高填息30,TWSE,22.97,23.26,22.92,23.22,41478431.0,958065788.0,TWSE_RWD_JSON_MI_INDEX,data/daily_price/daily_price_20250304.csv,23.196,22.842,23.228,23.6938,22.9602,0.3024,-0.5993,2.8799,-4.8361,-5.4945,19020486.4,2.1807,23.39,24.72,24.94,22.22,22.1,22.1,1.6548,-0.0344,-1.9995,1.1313,-0.7268,-6.068,-6.8966,5.0679,5.0679
20250305,00918,大華優利高填息30,TWSE,23.3,23.42,23.21,23.35,28497863.0,665673008.0,TWSE_RWD_JSON_MI_INDEX,data/daily_price/daily_price_20250305.csv,23.204,22.889,23.2112,23.6827,22.9927,0.5599,0.1716,4.1946,-4.1461,-5.389,18992592.7,1.5005,23.42,24.72,24.83,22.3,22.1,22.1,2.0141,0.5981,-1.4047,1.5539,-0.2989,-5.5421,-5.9605,5.6561,5.6561
20250306,00918,大華優利高填息30,TWSE,23.44,23.45,23.39,23.4,22782958.0,533590829.0,TWSE_RWD_JSON_MI_INDEX,data/daily_price/daily_price_20250306.csv,23.216,22.9435,23.2012,23.6728,23.0267,0.2141,0.2571,4.8857,-2.5,-4.8007,18920571.0,1.2041,23.45,24.72,24.83,22.44,22.1,22.1,1.9897,0.857,-1.1525,1.6213,-0.2132,-5.3398,-5.7592,5.8824,5.8824
20250307,00918,大華優利高填息30,TWSE,23.38,23.46,23.35,23.4,19567865.0,457947975.0,TWSE_RWD_JSON_MI_INDEX,data/daily_price/daily_price_20250307.csv,23.304,22.988,23.1945,23.6627,23.0578,0.0,1.9164,3.9538,-1.6807,-4.9553,19280735.65,1.0149,23.46,24.72,24.83,22.45,22.1,22.1,1.7922,0.886,-1.11,1.4842,-0.2558,-5.3398,-5.7592,5.8824,5.8824
20250310,00918,大華優利高填息30,TWSE,23.45,23.45,23.31,23.39,26905531.0,629475439.0,TWSE_RWD_JSON_MI_INDEX,data/daily_price/daily_price_20250310.csv,23.352,23.0325,23.1857,23.6528,23.0855,-0.0427,1.0367,3.9556,-2.2157,-4.8413,19685209.4,1.3668,23.46,24.72,24.83,22.45,22.1,22.1,1.5522,0.8813,-1.1109,1.3192,-0.2984,-5.3803,-5.7994,5.8371,5.8371
20250311,00918,大華優利高填息30,TWSE,23.03,23.27,22.98,23.21,53740288.0,1241278082.0,TWSE_RWD_JSON_MI_INDEX,data/daily_price/daily_price_20250311.csv,23.35,23.065,23.1678,23.6412,23.0958,-0.7696,-0.0431,2.8812,-4.4069,-5.612,21897421.2,2.4542,23.46,24.72,24.83,22.45,22.1,22.1,0.6287,0.182,-1.8241,0.4943,-1.0656,-6.1084,-6.5244,5.0226,5.0226
20250312,00918,大華優利高填息30,TWSE,23.22,23.28,23.15,23.19,23415924.0,543531525.0,TWSE_RWD_JSON_MI_INDEX,data/daily_price/daily_price_20250312.csv,23.318,23.0995,23.1465,23.6291,23.1037,-0.0862,-0.6852,3.0667,-5.2309,-5.9229,22350922.95,1.0476,23.46,24.72,24.76,22.51,22.1,22.1,0.3918,0.1879,-1.8582,0.3736,-1.1509,-6.1893,-6.3409,4.9321,4.9321
20250313,00918,大華優利高填息30,TWSE,23.32,23.36,23.05,23.05,32682221.0,756996722.0,TWSE_RWD_JSON_MI_INDEX,data/daily_price/daily_price_20250313.csv,23.248,23.1245,23.123,23.6156,23.0992,-0.6037,-1.4957,2.2173,-5.7645,-6.5667,23428063.85,1.395,23.46,24.72,24.72,22.55,22.1,22.1,-0.3222,-0.3157,-2.395,-0.213,-1.7477,-6.7557,-6.7557,4.2986,4.2986
20250314,00918,大華優利高填息30,TWSE,23.06,23.06,22.95,22.98,48933508.0,1125193426.0,TWSE_RWD_JSON_MI_INDEX,data/daily_price/daily_price_20250314.csv,23.164,23.145,23.0975,23.6074,23.0893,-0.3037,-1.7949,1.8166,-6.2424,-4.0902,25325086.15,1.9322,23.46,24.72,24.72,22.55,22.1,22.1,-0.7129,-0.5087,-2.6577,-0.4733,-2.046,-7.0388,-7.0388,3.9819,3.9819
20250317,00918,大華優利高填息30,TWSE,23.11,23.12,23.0,23.02,34412224.0,793296426.0,TWSE_RWD_JSON_MI_INDEX,data/daily_price/daily_price_20250317.csv,23.09,23.156,23.072,23.5999,23.0835,0.1741,-1.5819,0.9649,-6.2322,-3.7625,26426994.45,1.3022,23.46,24.72,24.72,22.74,22.1,22.1,-0.5873,-0.2254,-2.4573,-0.2751,-1.8755,-6.877,-6.877,4.1629,4.1629
20250318,00918,大華優利高填息30,TWSE,23.16,23.24,23.15,23.23,38139447.0,884686619.0,TWSE_RWD_JSON_MI_INDEX,data/daily_price/daily_price_20250318.csv,23.094,23.18,23.0483,23.5929,23.0957,0.9123,0.0862,2.1099,-5.7606,-3.4898,27545672.5,1.3846,23.46,24.72,24.72,22.82,22.1,22.1,0.2157,0.7882,-1.5382,0.5814,-0.9804,-6.0275,-6.0275,5.1131,5.1131
20250319,00918,大華優利高填息30,TWSE,23.24,23.3,23.1,23.14,68078017.0,1579482027.0,TWSE_RWD_JSON_MI_INDEX,data/daily_price/daily_price_20250319.csv,23.084,23.191,23.026,23.586,23.0994,-0.3874,-0.2156,0.9599,-5.4739,-3.4627,30274610.85,2.2487,23.46,24.47,24.72,22.91,22.1,22.1,-0.2199,0.4951,-1.891,0.1758,-1.364,-5.4352,-6.3916,4.7059,4.7059
20250320,00918,大華優利高填息30,TWSE,22.58,22.61,22.5,22.55,50200898.0,1132417783.0,TWSE_RWD_JSON_MI_INDEX,data/daily_price/daily_price_20250320.csv,22.984,23.1705,22.997,23.5756,23.0536,-2.5497,-2.1692,-1.7857,-7.1634,-5.2521,32097425.6,1.564,23.46,24.47,24.72,22.5,22.1,22.1,-2.678,-1.9437,-4.3502,-2.1846,-3.8789,-7.8463,-8.7783,2.0362,2.0362
20250321,00918,大華優利高填息30,TWSE,22.54,22.55,22.49,22.53,20451749.0,460539429.0,TWSE_RWD_JSON_MI_INDEX,data/daily_price/daily_price_20250321.csv,22.894,23.145,22.9672,23.5648,23.01,-0.0887,-1.9582,-2.2135,-7.3602,-5.4156,32161173.7,0.6359,23.46,24.35,24.72,22.49,22.1,22.1,-2.6572,-1.9034,-4.3914,-2.086,-3.9642,-7.4743,-8.8592,1.9457,1.9457
20250324,00918,大華優利高填息30,TWSE,22.59,22.59,22.47,22.49,28109656.0,632870812.0,TWSE_RWD_JSON_MI_INDEX,data/daily_price/daily_price_20250324.csv,22.788,23.1135,22.939,23.5506,22.9667,-0.1775,-2.3023,-2.7249,-6.9892,-7.0661,32741409.15,0.8585,23.46,24.35,24.72,22.47,22.1,22.1,-2.6976,-1.9574,-4.5034,-2.0754,-4.1347,-7.6386,-9.021,1.7647,1.7647
20250325,00918,大華優利高填息30,TWSE,22.53,22.62,22.42,22.45,19487177.0,437940886.0,TWSE_RWD_JSON_MI_INDEX,data/daily_price/daily_price_20250325.csv,22.632,23.068,22.9132,23.5354,22.9236,-0.1779,-3.3577,-3.8955,-6.4583,-7.499,32692260.1,0.5961,23.46,24.1,24.72,22.42,22.1,22.1,-2.679,-2.0214,-4.6118,-2.066,-4.3052,-6.8465,-9.1828,1.5837,1.5837
20250326,00918,大華優利高填息30,TWSE,22.52,22.58,22.49,22.51,8849529.0,199261768.0,TWSE_RWD_JSON_MI_INDEX,data/daily_price/daily_price_20250326.csv,22.506,23.028,22.888,23.5203,22.8891,0.2673,-2.7226,-3.432,-6.2864,-7.4424,31925723.95,0.2772,23.46,24.1,24.72,22.42,22.1,22.1,-2.2494,-1.6515,-4.2956,-1.6564,-4.0494,-6.5975,-8.9401,1.8552,1.8552
20250327,00918,大華優利高填息30,TWSE,22.4,22.41,22.36,22.41,24785422.0,554918331.0,TWSE_RWD_JSON_MI_INDEX,data/daily_price/daily_price_20250327.csv,22.478,22.9815,22.8598,23.5047,22.8492,-0.4442,-0.6208,-3.9846,-7.0124,-7.7398,32028471.7,0.7739,23.46,23.46,24.72,22.36,22.1,22.1,-2.4868,-1.9678,-4.6572,-1.9222,-4.4757,-4.4757,-9.3447,1.4027,1.4027
20250328,00918,大華優利高填息30,TWSE,22.36,22.36,22.2,22.27,30947403.0,689069967.0,TWSE_RWD_JSON_MI_INDEX,data/daily_price/daily_price_20250328.csv,22.426,22.947,22.8473,23.4932,22.8009,-0.6247,-1.154,-3.0052,-3.258,-5.8351,32888611.7,0.941,23.46,23.46,24.72,22.2,22.1,22.1,-2.9503,-2.5269,-5.2065,-2.3286,-5.0725,-5.0725,-9.911,0.7692,0.7692
20250331,00918,大華優利高填息30,TWSE,21.89,21.91,21.65,21.67,61397189.0,1336866631.0,TWSE_RWD_JSON_MI_INDEX,data/daily_price/daily_price_20250331.csv,22.262,22.873,22.8257,23.4762,22.7067,-2.6942,-3.6461,-6.3931,-5.6596,-8.604,34143165.0,1.7982,23.46,23.46,24.72,21.65,21.65,21.65,-5.2595,-5.063,-7.6936,-4.5656,-7.63,-7.63,-12.3382,0.0924,0.0924
20250401,00918,大華優利高填息30,TWSE,21.76,21.98,21.76,21.97,17114767.0,374554048.0,TWSE_RWD_JSON_MI_INDEX,data/daily_price/daily_price_20250401.csv,22.166,22.8105,22.8058,23.4608,22.6453,1.3844,-2.1381,-5.3833,-5.1382,-7.7278,32924981.8,0.5198,23.46,23.46,24.72,21.65,21.65,21.65,-3.6847,-3.665,-6.3546,-2.9821,-6.3512,-6.3512,-11.1246,1.4781,1.4781
20250402,00918,大華優利高填息30,TWSE,21.99,22.02,21.92,22.0,14174199.0,311440926.0,TWSE_RWD_JSON_MI_INDEX,data/daily_price/daily_price_20250402.csv,22.064,22.743,22.7848,23.4449,22.5915,0.1365,-2.2657,-5.7816,-5.417,-7.9883,32208798.6,0.4401,23.46,23.46,24.72,21.65,21.65,21.65,-3.2669,-3.4445,-6.163,-2.6184,-6.2234,-6.2234,-11.0032,1.6166,1.6166
20260522,00918,大華優利高填息30,TWSE,26.75,27.01,26.62,26.99,22804912.0,613381202.0,TWSE_RWD_JSON_MI_INDEX,data/daily_price/daily_price_20260522.csv,22.98,22.9225,22.8467,23.469,22.9581,22.6818,20.4373,15.3419,15.9364,11.9917,32209896.3,0.708,27.01,27.01,27.01,21.65,21.65,21.65,17.7446,18.1354,15.0028,17.5622,-0.074,-0.074,-0.074,24.6651,24.6651
20260525,00918,大華優利高填息30,TWSE,27.33,27.85,27.33,27.83,25835684.0,715106503.0,TWSE_RWD_JSON_MI_INDEX,data/daily_price/daily_price_20260525.csv,24.092,23.144,22.9225,23.5005,23.3641,3.1123,24.9663,18.9316,19.5447,15.7173,32523287.25,0.7944,27.85,27.85,27.85,21.65,21.65,21.65,20.2471,21.4091,18.423,19.1146,-0.0718,-0.0718,-0.0718,28.545,28.545
20260526,00918,大華優利高填息30,TWSE,27.95,28.06,27.7,27.85,20831261.0,580090715.0,TWSE_RWD_JSON_MI_INDEX,data/daily_price/daily_price_20260526.csv,25.328,23.367,22.9995,23.5318,23.7379,0.0719,28.5187,19.068,19.8881,15.5602,32219573.75,0.6465,28.06,28.06,28.06,21.65,21.65,21.65,19.1852,21.0896,18.3507,17.323,-0.7484,-0.7484,-0.7484,28.6374,28.6374
20260527,00918,大華優利高填息30,TWSE,28.18,28.78,28.18,28.56,33126405.0,944214413.0,TWSE_RWD_JSON_MI_INDEX,data/daily_price/daily_price_20260527.csv,26.646,23.6345,23.0905,23.5708,24.1397,2.5494,29.9954,23.0504,23.6364,19.598,31188879.6,1.0621,28.78,28.78,28.78,21.65,21.65,21.65,20.8403,23.6872,21.1671,18.3112,-0.7644,-0.7644,-0.7644,31.9169,31.9169
20260528,00918,大華優利高填息30,TWSE,28.67,29.02,28.17,28.36,44593896.0,1276001555.0,TWSE_RWD_JSON_MI_INDEX,data/daily_price/daily_price_20260528.csv,27.918,23.893,23.179,23.6082,24.4914,-0.7003,28.9091,22.2941,23.0369,18.8102,32247778.2,1.3829,29.02,29.02,29.02,21.65,21.65,21.65,18.6959,22.3521,20.1279,15.7957,-2.2743,-2.2743,-2.2743,30.9931,30.9931
20260529,00918,大華優利高填息30,TWSE,29.06,29.21,28.77,29.2,27351805.0,795044209.0,TWSE_RWD_JSON_MI_INDEX,data/daily_price/daily_price_20260529.csv,28.36,24.2005,23.2815,23.6553,24.8838,2.9619,8.1882,26.6811,26.6811,23.9915,31981257.4,0.8552,29.21,29.21,29.21,21.65,21.65,21.65,20.6587,25.4215,23.4398,17.3454,-0.0342,-0.0342,-0.0342,34.873,34.873
20260601,00918,大華優利高填息30,TWSE,29.94,30.61,29.87,30.46,108961858.0,3303302090.0,TWSE_RWD_JSON_MI_INDEX,data/daily_price/daily_price_20260601.csv,28.886,24.5745,23.4058,23.7117,25.3485,4.3151,9.4502,32.55,32.4348,28.5775,34982674.9,3.1147,30.61,30.61,30.61,21.65,21.65,21.65,23.9496,30.1385,28.46,20.165,-0.49,-0.49,-0.49,40.6928,40.6928
20260602,00918,大華優利高填息30,TWSE,30.74,31.41,30.44,31.41,126166583.0,3891406841.0,TWSE_RWD_JSON_MI_INDEX,data/daily_price/daily_price_20260602.csv,29.598,24.994,23.5455,23.7771,25.8536,3.1188,12.7828,36.4466,36.3873,33.3192,39570392.85,3.1884,31.41,31.41,31.41,21.65,21.65,21.65,25.6702,33.4013,32.102,21.4917,0.0,0.0,0.0,45.0808,45.0808
20260603,00918,大華優利高填息30,TWSE,31.48,31.78,31.25,31.73,96386079.0,3043971378.0,TWSE_RWD_JSON_MI_INDEX,data/daily_price/daily_price_20260603.csv,30.232,25.419,23.6903,23.8447,26.3433,1.0188,11.0994,36.5906,37.717,34.3353,42482724.45,2.2688,31.78,31.78,31.78,21.65,21.65,21.65,24.8279,33.9365,33.0696,20.448,-0.1573,-0.1573,-0.1573,46.5589,46.5589
20260604,00918,大華優利高填息30,TWSE,31.32,31.32,30.85,30.88,146887111.0,4563879785.0,TWSE_RWD_JSON_MI_INDEX,data/daily_price/daily_price_20260604.csv,30.736,25.806,23.827,23.9041,26.7214,-2.6789,8.8858,33.4486,36.1552,30.0211,46423179.15,3.1641,31.78,31.78,31.78,21.65,21.65,21.65,19.6621,29.6009,29.1829,15.5629,-2.832,-2.832,-2.832,42.6328,42.6328
20260605,00918,大華優利高填息30,TWSE,30.75,31.09,30.04,30.94,93743654.0,2874935993.0,TWSE_RWD_JSON_MI_INDEX,data/daily_price/daily_price_20260605.csv,31.084,26.2255,23.9672,23.9633,27.0729,0.1943,5.9589,37.2062,37.328,29.7819,48600316.95,1.9289,31.78,31.78,31.78,21.65,21.65,21.65,17.9768,29.0933,29.1144,14.2839,-2.6432,-2.6432,-2.6432,42.9099,42.9099
20260608,00918,大華優利高填息30,TWSE,29.0,29.7,28.99,29.61,129480333.0,3808286195.0,TWSE_RWD_JSON_MI_INDEX,data/daily_price/daily_price_20260608.csv,30.914,26.5795,24.0915,24.0098,27.2843,-4.2986,-2.7905,31.4248,33.6795,23.221,54051746.15,2.3955,31.78,31.78,31.78,21.65,21.65,21.65,11.4016,22.9064,23.3249,8.5238,-6.8282,-6.8282,-6.8282,36.7667,36.7667
20260609,00918,大華優利高填息30,TWSE,30.16,30.96,30.01,30.88,56843287.0,1734636920.0,TWSE_RWD_JSON_MI_INDEX,data/daily_price/daily_price_20260609.csv,30.808,26.999,24.2345,24.0671,27.584,4.2891,-1.6874,37.3055,38.4753,28.6667,55488427.7,1.0244,31.78,31.78,31.78,21.65,21.65,21.65,14.3746,27.4217,28.308,11.949,-2.832,-2.832,-2.832,42.6328,42.6328
20260610,00918,大華優利高填息30,TWSE,30.79,31.02,30.08,30.1,99910171.0,3057535596.0,TWSE_RWD_JSON_MI_INDEX,data/daily_price/daily_price_20260610.csv,30.482,27.3815,24.3658,24.1156,27.7936,-2.5259,-5.1371,34.0757,35.4635,23.9703,59509577.4,1.6789,31.78,31.78,31.78,21.65,21.65,21.65,9.9282,23.5336,24.8156,8.2981,-5.2863,-5.2863,-5.2863,39.03,39.03
20260611,00918,大華優利高填息30,TWSE,30.15,30.5,29.46,30.3,89888868.0,2694252598.0,TWSE_RWD_JSON_MI_INDEX,data/daily_price/daily_price_20260611.csv,30.366,27.771,24.4988,24.1658,28.0025,0.6645,-1.8782,34.6068,35.7527,24.7941,63561544.35,1.4142,31.78,31.78,31.78,21.65,21.65,21.65,9.1066,23.6794,25.3841,8.2046,-4.657,-4.657,-4.657,39.9538,39.9538
20260612,00918,大華優利高填息30,TWSE,31.33,31.44,30.79,30.85,79877809.0,2490832759.0,TWSE_RWD_JSON_MI_INDEX,data/daily_price/daily_price_20260612.csv,30.348,28.193,24.643,24.2203,28.2398,1.8152,-0.2909,37.6618,38.964,26.9547,66316163.7,1.2045,31.78,31.78,31.78,21.65,21.65,21.65,9.4243,25.1877,27.3723,9.243,-2.9264,-2.9264,-2.9264,42.4942,42.4942
20260615,00918,大華優利高填息30,TWSE,31.75,31.93,31.7,31.88,77541122.0,2467888347.0,TWSE_RWD_JSON_MI_INDEX,data/daily_price/daily_price_20260615.csv,30.802,28.6735,24.7998,24.2822,28.5432,3.3387,7.6663,43.1522,41.8781,30.3352,68645849.65,1.1296,31.93,31.93,31.93,21.65,21.65,21.65,11.1828,28.5493,31.2898,11.6905,-0.1566,-0.1566,-0.1566,47.2517,47.2517
20260616,00918,大華優利高填息30,TWSE,32.39,32.39,31.97,32.12,101972232.0,3277945223.0,TWSE_RWD_JSON_MI_INDEX,data/daily_price/daily_price_20260616.csv,31.05,29.196,24.9595,24.3466,28.8412,0.7528,4.0155,48.2234,42.5022,31.6933,70674601.8,1.4428,32.39,32.39,32.39,21.76,21.65,21.65,10.0151,28.6885,31.9282,11.3684,-0.8336,-0.8336,-0.8336,48.3603,48.3603
20260617,00918,大華優利高填息30,TWSE,31.9,32.66,31.86,32.66,155345000.0,5031585817.0,TWSE_RWD_JSON_MI_INDEX,data/daily_price/daily_price_20260617.csv,31.562,29.7305,25.1277,24.4168,29.1595,1.6812,8.505,48.6573,44.7054,34.736,77586113.45,2.0022,32.66,32.66,32.66,21.92,21.65,21.65,9.8535,29.9763,33.7606,12.0048,0.0,0.0,0.0,50.8545,50.8545
20260618,00918,大華優利高填息30,TWSE,31.71,32.06,31.6,32.0,90941020.0,2893040303.0,TWSE_RWD_JSON_MI_INDEX,data/daily_price/daily_price_20260618.csv,31.902,30.2305,25.2875,24.4808,29.3962,-2.0208,5.6106,45.4545,42.7934,31.6331,81424454.5,1.1169,32.66,32.66,32.66,26.62,21.65,21.65,5.8534,26.5447,30.7145,8.8577,-2.0208,-2.0208,-2.0208,47.806,47.806
20260622,00918,大華優利高填息30,TWSE,32.2,32.39,32.05,32.11,92837027.0,2987229408.0,TWSE_RWD_JSON_MI_INDEX,data/daily_price/daily_price_20260622.csv,32.154,30.4865,25.4508,24.5458,29.6223,0.3437,4.0843,18.97,43.9265,32.0856,84926060.25,1.0932,32.66,32.66,32.66,27.33,21.65,21.65,5.3253,26.1648,30.8165,8.398,-1.684,-1.684,-1.684,48.3141,48.3141
20260623,00918,大華優利高填息30,TWSE,32.38,32.65,31.98,32.0,71850348.0,2319839542.0,TWSE_RWD_JSON_MI_INDEX,data/daily_price/daily_price_20260623.csv,32.178,30.695,25.609,24.6121,29.8205,-0.3426,0.3764,14.9838,42.159,33.0561,87226793.45,0.8237,32.66,32.66,32.66,27.7,21.65,21.65,4.2515,24.9561,30.0174,7.3089,-2.0208,-2.0208,-2.0208,47.806,47.806
20260624,00918,大華優利高填息30,TWSE,31.61,32.3,31.45,32.08,53625315.0,1710145729.0,TWSE_RWD_JSON_MI_INDEX,data/daily_price/daily_price_20260624.csv,32.17,30.9065,25.7687,24.6792,30.0088,0.25,-0.1245,15.1885,42.5778,33.4998,88866496.15,0.6034,32.66,32.66,32.66,28.17,21.65,21.65,3.7969,24.4923,29.9882,6.9021,-1.7759,-1.7759,-1.7759,48.1755,48.1755
20260625,00918,大華優利高填息30,TWSE,32.33,32.61,32.01,32.48,61652299.0,1996365099.0,TWSE_RWD_JSON_MI_INDEX,data/daily_price/daily_price_20260625.csv,32.134,31.1025,25.934,24.7494,30.2147,1.2469,-0.5511,13.7255,43.9716,35.052,90292790.85,0.6828,32.66,32.66,32.66,28.17,21.65,21.65,4.4289,25.241,31.2354,7.4974,-0.5511,-0.5511,-0.5511,50.0231,50.0231
20260626,00918,大華優利高填息30,TWSE,32.07,32.07,31.1,31.15,58149472.0,1833930210.0,TWSE_RWD_JSON_MI_INDEX,data/daily_price/daily_price_20260626.csv,31.964,31.242,26.0782,24.8079,30.2926,-4.0948,-2.6563,9.8378,38.4444,29.0924,90970569.65,0.6392,32.66,32.66,32.66,28.77,21.65,21.65,-0.2945,19.4486,25.5648,2.8303,-4.6234,-4.6234,-4.6234,43.8799,43.8799
