date,stock_id,stock_name,market,open,high,low,close,volume,trading_value,source,source_file,ma5,ma20,ma60,ma120,ema23,return_1d,return_5d,return_20d,return_60d,return_120d,volume_ma20,volume_ratio,high_20,high_60,high_120,low_20,low_60,low_120,distance_to_ma20_pct,distance_to_ma60_pct,distance_to_ma120_pct,distance_to_ema23_pct,distance_to_high_20_pct,distance_to_high_60_pct,distance_to_high_120_pct,distance_to_low_60_pct,distance_to_low_120_pct
20240102,1512,瑞利,TWSE,12.2,12.3,12.2,12.3,19003.0,232788.0,TWSE_RWD_JSON_MI_INDEX,data/daily_price/daily_price_20240102.csv,,,,,,,,,,,,,,,,,,,,,,,,,,,
20240103,1512,瑞利,TWSE,12.05,12.15,12.05,12.05,29193.0,352937.0,TWSE_RWD_JSON_MI_INDEX,data/daily_price/daily_price_20240103.csv,,,,,,-2.0325,,,,,,,,,,,,,,,,,,,,,
20240104,1512,瑞利,TWSE,12.05,12.1,12.05,12.05,33006.0,398817.0,TWSE_RWD_JSON_MI_INDEX,data/daily_price/daily_price_20240104.csv,,,,,,0.0,,,,,,,,,,,,,,,,,,,,,
20240105,1512,瑞利,TWSE,12.0,12.05,11.95,12.05,10614.0,127471.0,TWSE_RWD_JSON_MI_INDEX,data/daily_price/daily_price_20240105.csv,,,,,,0.0,,,,,,,,,,,,,,,,,,,,,
20240108,1512,瑞利,TWSE,12.0,12.05,12.0,12.05,13011.0,156440.0,TWSE_RWD_JSON_MI_INDEX,data/daily_price/daily_price_20240108.csv,12.1,12.1,12.1,12.1,12.2265,0.0,,,,,20965.4,0.6206,12.3,12.3,12.3,11.95,11.95,11.95,-0.4132,-0.4132,-0.4132,-1.4437,-2.0325,-2.0325,-2.0325,0.8368,0.8368
20240109,1512,瑞利,TWSE,12.05,12.05,12.05,12.05,8414.0,101175.0,TWSE_RWD_JSON_MI_INDEX,data/daily_price/daily_price_20240109.csv,12.05,12.0917,12.0917,12.0917,12.2118,0.0,-2.0325,,,,18873.5,0.4458,12.3,12.3,12.3,11.95,11.95,11.95,-0.3446,-0.3446,-0.3446,-1.325,-2.0325,-2.0325,-2.0325,0.8368,0.8368
20240110,1512,瑞利,TWSE,12.05,12.05,12.0,12.0,5108.0,60812.0,TWSE_RWD_JSON_MI_INDEX,data/daily_price/daily_price_20240110.csv,12.04,12.0786,12.0786,12.0786,12.1942,-0.4149,-0.4149,,,,16907.0,0.3021,12.3,12.3,12.3,11.95,11.95,11.95,-0.6505,-0.6505,-0.6505,-1.5922,-2.439,-2.439,-2.439,0.4184,0.4184
20240111,1512,瑞利,TWSE,11.9,12.0,11.5,11.95,28291.0,335264.0,TWSE_RWD_JSON_MI_INDEX,data/daily_price/daily_price_20240111.csv,12.02,12.0625,12.0625,12.0625,12.1738,-0.4167,-0.8299,,,,18330.0,1.5434,12.3,12.3,12.3,11.5,11.5,11.5,-0.9326,-0.9326,-0.9326,-1.8385,-2.8455,-2.8455,-2.8455,3.913,3.913
20240112,1512,瑞利,TWSE,11.7,12.25,11.7,12.15,20651.0,247306.0,TWSE_RWD_JSON_MI_INDEX,data/daily_price/daily_price_20240112.csv,12.04,12.0722,12.0722,12.0722,12.1718,1.6736,0.8299,,,,18587.8889,1.111,12.3,12.3,12.3,11.5,11.5,11.5,0.6443,0.6443,0.6443,-0.1793,-1.2195,-1.2195,-1.2195,5.6522,5.6522
20240115,1512,瑞利,TWSE,12.1,12.1,11.85,11.85,14688.0,175058.0,TWSE_RWD_JSON_MI_INDEX,data/daily_price/daily_price_20240115.csv,12.0,12.05,12.05,12.05,12.145,-2.4691,-1.6598,,,,18197.9,0.8071,12.3,12.3,12.3,11.5,11.5,11.5,-1.6598,-1.6598,-1.6598,-2.429,-3.6585,-3.6585,-3.6585,3.0435,3.0435
20240116,1512,瑞利,TWSE,11.9,11.9,11.5,11.8,25733.0,302631.0,TWSE_RWD_JSON_MI_INDEX,data/daily_price/daily_price_20240116.csv,11.95,12.0273,12.0273,12.0273,12.1163,-0.4219,-2.0747,,,,18882.9091,1.3628,12.3,12.3,12.3,11.5,11.5,11.5,-1.8896,-1.8896,-1.8896,-2.6102,-4.065,-4.065,-4.065,2.6087,2.6087
20240117,1512,瑞利,TWSE,11.5,11.65,11.3,11.5,34230.0,392022.0,TWSE_RWD_JSON_MI_INDEX,data/daily_price/daily_price_20240117.csv,11.85,11.9833,11.9833,11.9833,12.0649,-2.5424,-4.1667,,,,20161.8333,1.6978,12.3,12.3,12.3,11.3,11.3,11.3,-4.0334,-4.0334,-4.0334,-4.6822,-6.5041,-6.5041,-6.5041,1.7699,1.7699
20240118,1512,瑞利,TWSE,11.5,11.6,11.3,11.6,12181.0,139763.0,TWSE_RWD_JSON_MI_INDEX,data/daily_price/daily_price_20240118.csv,11.78,11.9538,11.9538,11.9538,12.0262,0.8696,-2.9289,,,,19547.9231,0.6231,12.3,12.3,12.3,11.3,11.3,11.3,-2.9601,-2.9601,-2.9601,-3.5436,-5.6911,-5.6911,-5.6911,2.6549,2.6549
20240119,1512,瑞利,TWSE,11.35,11.4,11.2,11.25,37415.0,422784.0,TWSE_RWD_JSON_MI_INDEX,data/daily_price/daily_price_20240119.csv,11.6,11.9036,11.9036,11.9036,11.9615,-3.0172,-7.4074,,,,20824.1429,1.7967,12.3,12.3,12.3,11.2,11.2,11.2,-5.4905,-5.4905,-5.4905,-5.9481,-8.5366,-8.5366,-8.5366,0.4464,0.4464
20240122,1512,瑞利,TWSE,11.2,11.75,11.1,11.65,32096.0,362956.0,TWSE_RWD_JSON_MI_INDEX,data/daily_price/daily_price_20240122.csv,11.56,11.8867,11.8867,11.8867,11.9355,3.5556,-1.6878,,,,21575.6,1.4876,12.3,12.3,12.3,11.1,11.1,11.1,-1.991,-1.991,-1.991,-2.3922,-5.2846,-5.2846,-5.2846,4.955,4.955
20240123,1512,瑞利,TWSE,11.5,11.6,11.2,11.25,12334.0,139900.0,TWSE_RWD_JSON_MI_INDEX,data/daily_price/daily_price_20240123.csv,11.45,11.8469,11.8469,11.8469,11.8784,-3.4335,-4.661,,,,20998.0,0.5874,12.3,12.3,12.3,11.1,11.1,11.1,-5.0382,-5.0382,-5.0382,-5.2902,-8.5366,-8.5366,-8.5366,1.3514,1.3514
20240124,1512,瑞利,TWSE,11.3,11.65,11.0,11.65,60903.0,682340.0,TWSE_RWD_JSON_MI_INDEX,data/daily_price/daily_price_20240124.csv,11.48,11.8353,11.8353,11.8353,11.8594,3.5556,1.3043,,,,23345.3529,2.6088,12.3,12.3,12.3,11.0,11.0,11.0,-1.5656,-1.5656,-1.5656,-1.7654,-5.2846,-5.2846,-5.2846,5.9091,5.9091
20240125,1512,瑞利,TWSE,11.65,11.8,11.45,11.65,11180.0,129817.0,TWSE_RWD_JSON_MI_INDEX,data/daily_price/daily_price_20240125.csv,11.49,11.825,11.825,11.825,11.8419,0.0,0.431,,,,22669.5,0.4932,12.3,12.3,12.3,11.0,11.0,11.0,-1.4799,-1.4799,-1.4799,-1.6207,-5.2846,-5.2846,-5.2846,5.9091,5.9091
20240126,1512,瑞利,TWSE,11.75,11.75,11.6,11.75,14026.0,163003.0,TWSE_RWD_JSON_MI_INDEX,data/daily_price/daily_price_20240126.csv,11.59,11.8211,11.8211,11.8211,11.8343,0.8584,4.4444,,,,22214.5789,0.6314,12.3,12.3,12.3,11.0,11.0,11.0,-0.6011,-0.6011,-0.6011,-0.712,-4.4715,-4.4715,-4.4715,6.8182,6.8182
20240129,1512,瑞利,TWSE,11.05,11.95,11.05,11.8,25188.0,289780.0,TWSE_RWD_JSON_MI_INDEX,data/daily_price/daily_price_20240129.csv,11.62,11.82,11.82,11.82,11.8314,0.4255,1.2876,,,,22363.25,1.1263,12.3,12.3,12.3,11.0,11.0,11.0,-0.1692,-0.1692,-0.1692,-0.2654,-4.065,-4.065,-4.065,7.2727,7.2727
20240130,1512,瑞利,TWSE,11.45,12.0,11.45,12.0,20394.0,240844.0,TWSE_RWD_JSON_MI_INDEX,data/daily_price/daily_price_20240130.csv,11.77,11.805,11.8286,11.8286,11.8455,1.6949,6.6667,-2.439,,,22432.8,0.9091,12.25,12.3,12.3,11.0,11.0,11.0,1.6518,1.4493,1.4493,1.3047,-2.0408,-2.439,-2.439,9.0909,9.0909
20240131,1512,瑞利,TWSE,12.0,12.0,11.8,11.8,17992.0,214441.0,TWSE_RWD_JSON_MI_INDEX,data/daily_price/daily_price_20240131.csv,11.8,11.7925,11.8273,11.8273,11.8417,-1.6667,1.2876,-2.0747,,,21872.75,0.8226,12.25,12.3,12.3,11.0,11.0,11.0,0.0636,-0.2306,-0.2306,-0.3518,-3.6735,-4.065,-4.065,7.2727,7.2727
20240201,1512,瑞利,TWSE,11.55,11.85,11.55,11.55,11440.0,132553.0,TWSE_RWD_JSON_MI_INDEX,data/daily_price/daily_price_20240201.csv,11.78,11.7675,11.8152,11.8152,11.8174,-2.1186,-0.8584,-4.1494,,,20794.45,0.5501,12.25,12.3,12.3,11.0,11.0,11.0,-1.8483,-2.2447,-2.2447,-2.2624,-5.7143,-6.0976,-6.0976,5.0,5.0
20240202,1512,瑞利,TWSE,11.5,11.85,11.5,11.85,12960.0,151520.0,TWSE_RWD_JSON_MI_INDEX,data/daily_price/daily_price_20240202.csv,11.8,11.7575,11.8167,11.8167,11.8201,2.5974,0.8511,-1.6598,,,20911.75,0.6197,12.25,12.3,12.3,11.0,11.0,11.0,0.7867,0.2821,0.2821,0.2531,-3.2653,-3.6585,-3.6585,7.7273,7.7273
20240205,1512,瑞利,TWSE,11.85,11.9,11.5,11.9,16291.0,190823.0,TWSE_RWD_JSON_MI_INDEX,data/daily_price/daily_price_20240205.csv,11.82,11.75,11.82,11.82,11.8267,0.4219,0.8475,-1.2448,,,21075.75,0.773,12.25,12.3,12.3,11.0,11.0,11.0,1.2766,0.6768,0.6768,0.6195,-2.8571,-3.252,-3.252,8.1818,8.1818
20240215,1512,瑞利,TWSE,11.4,11.85,11.4,11.85,7533.0,87604.0,TWSE_RWD_JSON_MI_INDEX,data/daily_price/daily_price_20240215.csv,11.79,11.74,11.8212,11.8212,11.8287,-0.4202,-1.25,-1.6598,,,21031.7,0.3582,12.25,12.3,12.3,11.0,11.0,11.0,0.937,0.244,0.244,0.1803,-3.2653,-3.6585,-3.6585,7.7273,7.7273
20240216,1512,瑞利,TWSE,11.75,11.95,11.1,11.9,26427.0,307753.0,TWSE_RWD_JSON_MI_INDEX,data/daily_price/daily_price_20240216.csv,11.81,11.735,11.8241,11.8241,11.8346,0.4219,0.8475,-0.8333,,,22097.65,1.1959,12.25,12.3,12.3,11.0,11.0,11.0,1.4061,0.6421,0.6421,0.5524,-2.8571,-3.252,-3.252,8.1818,8.1818
20240219,1512,瑞利,TWSE,11.65,11.65,11.25,11.5,58126.0,670635.0,TWSE_RWD_JSON_MI_INDEX,data/daily_price/daily_price_20240219.csv,11.8,11.7125,11.8125,11.8125,11.8067,-3.3613,-0.4329,-3.7657,,,23589.4,2.4641,12.25,12.3,12.3,11.0,11.0,11.0,-1.8143,-2.6455,-2.6455,-2.598,-6.1224,-6.5041,-6.5041,4.5455,4.5455
20240220,1512,瑞利,TWSE,11.45,11.5,11.3,11.5,80090.0,908571.0,TWSE_RWD_JSON_MI_INDEX,data/daily_price/daily_price_20240220.csv,11.73,11.68,11.8017,11.8017,11.7812,0.0,-2.9536,-5.3498,,,26561.35,3.0153,12.1,12.3,12.3,11.0,11.0,11.0,-1.5411,-2.5566,-2.5566,-2.3866,-4.9587,-6.5041,-6.5041,4.5455,4.5455
20240221,1512,瑞利,TWSE,11.5,11.5,10.65,11.2,71576.0,793407.0,TWSE_RWD_JSON_MI_INDEX,data/daily_price/daily_price_20240221.csv,11.59,11.6475,11.7817,11.7817,11.7327,-2.6087,-5.8824,-5.4852,,,29405.75,2.4341,12.0,12.3,12.3,10.65,10.65,10.65,-3.842,-4.937,-4.937,-4.5407,-6.6667,-8.9431,-8.9431,5.1643,5.1643
20240222,1512,瑞利,TWSE,11.2,11.25,10.8,10.8,92399.0,1011629.0,TWSE_RWD_CSV_MI_INDEX,data/daily_price/daily_price_20240222.csv,11.38,11.5975,11.75,11.75,11.655,-3.5714,-8.8608,-8.4746,,,32739.05,2.8223,12.0,12.3,12.3,10.65,10.65,10.65,-6.8765,-8.0851,-8.0851,-7.336,-10.0,-12.1951,-12.1951,1.4085,1.4085
20240223,1512,瑞利,TWSE,10.85,11.1,10.8,11.0,74030.0,811671.0,TWSE_RWD_JSON_MI_INDEX,data/daily_price/daily_price_20240223.csv,11.2,11.5725,11.7266,11.7266,11.6004,1.8519,-7.563,-4.3478,,,34729.05,2.1316,12.0,12.3,12.3,10.65,10.65,10.65,-4.9471,-6.1959,-6.1959,-5.1759,-8.3333,-10.5691,-10.5691,3.2864,3.2864
20240226,1512,瑞利,TWSE,11.35,11.35,10.9,11.0,13140.0,144186.0,TWSE_RWD_JSON_MI_INDEX,data/daily_price/daily_price_20240226.csv,11.1,11.5425,11.7045,11.7045,11.5504,0.0,-4.3478,-5.1724,,,34777.0,0.3778,12.0,12.3,12.3,10.65,10.65,10.65,-4.7,-6.0194,-6.0194,-4.7652,-8.3333,-10.5691,-10.5691,3.2864,3.2864
20240227,1512,瑞利,TWSE,10.75,11.1,10.7,11.0,23296.0,253204.0,TWSE_RWD_JSON_MI_INDEX,data/daily_price/daily_price_20240227.csv,11.0,11.53,11.6838,11.6838,11.5045,0.0,-4.3478,-2.2222,,,34071.05,0.6837,12.0,12.3,12.3,10.65,10.65,10.65,-4.5967,-5.8527,-5.8527,-4.3855,-8.3333,-10.5691,-10.5691,3.2864,3.2864
20240229,1512,瑞利,TWSE,10.65,11.0,10.65,10.75,52270.0,563442.0,TWSE_RWD_JSON_MI_INDEX,data/daily_price/daily_price_20240229.csv,10.91,11.485,11.6571,11.6571,11.4417,-2.2727,-4.0179,-7.7253,,,35079.75,1.49,12.0,12.3,12.3,10.65,10.65,10.65,-6.3997,-7.7819,-7.7819,-6.045,-10.4167,-12.6016,-12.6016,0.939,0.939
20240301,1512,瑞利,TWSE,10.7,10.9,10.65,10.85,33047.0,354639.0,TWSE_RWD_JSON_MI_INDEX,data/daily_price/daily_price_20240301.csv,10.92,11.465,11.6347,11.6347,11.3923,0.9302,0.463,-3.5556,,,36115.4,0.915,12.0,12.3,12.3,10.65,10.65,10.65,-5.3642,-6.7447,-6.7447,-4.7606,-9.5833,-11.7886,-11.7886,1.8779,1.8779
20240304,1512,瑞利,TWSE,10.65,10.85,10.65,10.85,23356.0,250559.0,TWSE_RWD_CSV_MI_INDEX,data/daily_price/daily_price_20240304.csv,10.89,11.425,11.6135,11.6135,11.3472,0.0,-1.3636,-6.867,,,34238.05,0.6822,12.0,12.3,12.3,10.65,10.65,10.65,-5.0328,-6.5744,-6.5744,-4.3813,-9.5833,-11.7886,-11.7886,1.8779,1.8779
20240305,1512,瑞利,TWSE,10.65,10.75,9.81,10.05,183717.0,1891845.0,TWSE_RWD_JSON_MI_INDEX,data/daily_price/daily_price_20240305.csv,10.7,11.345,11.5724,11.5724,11.2391,-7.3733,-8.6364,-13.7339,,,42864.9,4.286,12.0,12.3,12.3,9.81,9.81,9.81,-11.4147,-13.1552,-13.1552,-10.5797,-16.25,-18.2927,-18.2927,2.4465,2.4465
20240306,1512,瑞利,TWSE,10.05,10.55,10.0,10.5,101327.0,1030367.0,TWSE_RWD_JSON_MI_INDEX,data/daily_price/daily_price_20240306.csv,10.6,11.2825,11.5449,11.5449,11.1775,4.4776,-4.5455,-10.6383,,,47229.95,2.1454,12.0,12.3,12.3,9.81,9.81,9.81,-6.9355,-9.0505,-9.0505,-6.061,-12.5,-14.6341,-14.6341,7.0336,7.0336
20240307,1512,瑞利,TWSE,10.35,10.35,10.0,10.1,62640.0,630269.0,TWSE_RWD_JSON_MI_INDEX,data/daily_price/daily_price_20240307.csv,10.47,11.1975,11.5088,11.5088,11.0877,-3.8095,-6.0465,-14.4068,,,49102.55,1.2757,12.0,12.3,12.3,9.81,9.81,9.81,-9.8013,-12.2407,-12.2407,-8.9079,-15.8333,-17.8862,-17.8862,2.9562,2.9562
20240308,1512,瑞利,TWSE,10.05,10.1,9.93,10.0,103367.0,1037408.0,TWSE_RWD_JSON_MI_INDEX,data/daily_price/daily_price_20240308.csv,10.3,11.0975,11.472,11.472,10.997,-0.9901,-7.8341,-16.6667,,,53251.2,1.9411,12.0,12.3,12.3,9.81,9.81,9.81,-9.8896,-12.8309,-12.8309,-9.0664,-16.6667,-18.6992,-18.6992,1.9368,1.9368
20240311,1512,瑞利,TWSE,9.99,10.0,9.66,10.0,25795.0,255477.0,TWSE_RWD_JSON_MI_INDEX,data/daily_price/daily_price_20240311.csv,10.13,11.0075,11.4369,11.4369,10.914,0.0,-7.8341,-15.2542,,,53641.35,0.4809,11.95,12.3,12.3,9.66,9.66,9.66,-9.1529,-12.5638,-12.5638,-8.3742,-16.318,-18.6992,-18.6992,3.5197,3.5197
20240312,1512,瑞利,TWSE,10.1,11.0,10.05,11.0,180584.0,1964867.0,TWSE_RWD_JSON_MI_INDEX,data/daily_price/daily_price_20240312.csv,10.32,10.98,11.4267,11.4267,10.9211,10.0,9.4527,-4.7619,,,62098.55,2.908,11.95,12.3,12.3,9.66,9.66,9.66,0.1821,-3.7346,-3.7346,0.7222,-7.9498,-10.5691,-10.5691,13.8716,13.8716
20240313,1512,瑞利,TWSE,10.85,11.9,10.85,11.35,235891.0,2719961.0,TWSE_RWD_JSON_MI_INDEX,data/daily_price/daily_price_20240313.csv,10.49,10.955,11.425,11.425,10.9569,3.1818,8.0952,-4.2194,,,73245.1,3.2206,11.95,12.3,12.3,9.66,9.66,9.66,3.6057,-0.6565,-0.6565,3.588,-5.0209,-7.7236,-7.7236,17.4948,17.4948
20240314,1512,瑞利,TWSE,11.3,11.3,10.8,10.8,48319.0,530779.0,TWSE_RWD_JSON_MI_INDEX,data/daily_price/daily_price_20240314.csv,10.63,10.9,11.4111,11.4111,10.9438,-4.8458,6.9307,-9.2437,,,74846.5,0.6456,11.95,12.3,12.3,9.66,9.66,9.66,-0.9174,-5.3554,-5.3554,-1.3139,-9.6234,-12.1951,-12.1951,11.8012,11.8012
20240315,1512,瑞利,TWSE,10.95,10.95,10.5,10.5,30021.0,321843.0,TWSE_RWD_JSON_MI_INDEX,data/daily_price/daily_price_20240315.csv,10.73,10.8325,11.3913,11.3913,10.9068,-2.7778,5.0,-11.3924,,,75970.9,0.3952,11.95,12.3,12.3,9.66,9.66,9.66,-3.0695,-7.8244,-7.8244,-3.7299,-12.1339,-14.6341,-14.6341,8.6957,8.6957
20240318,1512,瑞利,TWSE,10.5,11.5,10.5,11.4,192304.0,2135048.0,TWSE_RWD_JSON_MI_INDEX,data/daily_price/daily_price_20240318.csv,11.01,10.8075,11.3915,11.3915,10.9479,8.5714,14.0,-4.2017,,,84264.75,2.2821,11.9,12.3,12.3,9.66,9.66,9.66,5.4823,0.0747,0.0747,4.1295,-4.2017,-7.3171,-7.3171,18.0124,18.0124
20240319,1512,瑞利,TWSE,11.7,11.7,11.35,11.35,24143.0,277203.0,TWSE_RWD_JSON_MI_INDEX,data/daily_price/daily_price_20240319.csv,11.08,10.8,11.3906,11.3906,10.9814,-0.4386,3.1818,-1.3043,,,82565.6,0.2924,11.9,12.3,12.3,9.66,9.66,9.66,5.0926,-0.3567,-0.3567,3.3564,-4.6218,-7.7236,-7.7236,17.4948,17.4948
20240320,1512,瑞利,TWSE,11.5,11.5,11.0,11.1,15651.0,176205.0,TWSE_RWD_JSON_MI_INDEX,data/daily_price/daily_price_20240320.csv,11.03,10.78,11.3847,11.3847,10.9913,-2.2026,-2.2026,-3.4783,,,79343.65,0.1973,11.9,12.3,12.3,9.66,9.66,9.66,2.9685,-2.5007,-2.5007,0.989,-6.7227,-9.7561,-9.7561,14.9068,14.9068
20240321,1512,瑞利,TWSE,10.75,11.25,10.75,11.25,6832.0,73899.0,TWSE_RWD_JSON_MI_INDEX,data/daily_price/daily_price_20240321.csv,11.12,10.7825,11.382,11.382,11.0129,1.3514,4.1667,0.4464,,,76106.45,0.0898,11.9,12.3,12.3,9.66,9.66,9.66,4.3357,-1.1597,-1.1597,2.1533,-5.4622,-8.5366,-8.5366,16.4596,16.4596
20240322,1512,瑞利,TWSE,11.15,11.3,11.15,11.2,11976.0,134022.0,TWSE_RWD_JSON_MI_INDEX,data/daily_price/daily_price_20240322.csv,11.26,10.8025,11.3784,11.3784,11.0285,-0.4444,6.6667,3.7037,,,72085.3,0.1661,11.9,12.3,12.3,9.66,9.66,9.66,3.6797,-1.5682,-1.5682,1.5555,-5.8824,-8.9431,-8.9431,15.942,15.942
20240325,1512,瑞利,TWSE,11.05,11.05,10.6,10.7,29387.0,316227.0,TWSE_RWD_JSON_MI_INDEX,data/daily_price/daily_price_20240325.csv,11.12,10.7875,11.3654,11.3654,11.0011,-4.4643,-6.1404,-2.7273,,,69853.15,0.4207,11.9,12.3,12.3,9.66,9.66,9.66,-0.8111,-5.8545,-5.8545,-2.7368,-10.084,-13.0081,-13.0081,10.766,10.766
20240326,1512,瑞利,TWSE,10.7,11.2,10.7,10.8,27740.0,299552.0,TWSE_RWD_JSON_MI_INDEX,data/daily_price/daily_price_20240326.csv,11.01,10.7775,11.3547,11.3547,10.9843,0.9346,-4.8458,-1.8182,,,70583.15,0.393,11.9,12.3,12.3,9.66,9.66,9.66,0.2088,-4.8853,-4.8853,-1.6781,-9.2437,-12.1951,-12.1951,11.8012,11.8012
20240327,1512,瑞利,TWSE,10.6,10.85,10.6,10.85,54865.0,593189.0,TWSE_RWD_JSON_MI_INDEX,data/daily_price/daily_price_20240327.csv,10.96,10.77,11.3454,11.3454,10.9731,0.463,-2.2523,-1.3636,,,72161.6,0.7603,11.9,12.3,12.3,9.66,9.66,9.66,0.7428,-4.3663,-4.3663,-1.1221,-8.8235,-11.7886,-11.7886,12.3188,12.3188
20240328,1512,瑞利,TWSE,10.85,10.9,10.55,10.8,15037.0,161876.0,TWSE_RWD_JSON_MI_INDEX,data/daily_price/daily_price_20240328.csv,10.87,10.7725,11.3355,11.3355,10.9587,-0.4608,-4.0,0.4651,,,70299.95,0.2139,11.9,12.3,12.3,9.66,9.66,9.66,0.2553,-4.7237,-4.7237,-1.4482,-9.2437,-12.1951,-12.1951,11.8012,11.8012
20240329,1512,瑞利,TWSE,10.5,10.8,10.5,10.55,25689.0,270883.0,TWSE_RWD_JSON_MI_INDEX,data/daily_price/daily_price_20240329.csv,10.74,10.7575,11.3214,11.3214,10.9246,-2.3148,-5.8036,-2.765,,,69932.05,0.3673,11.9,12.3,12.3,9.66,9.66,9.66,-1.9289,-6.8139,-6.8139,-3.4293,-11.3445,-14.2276,-14.2276,9.2133,9.2133
20240401,1512,瑞利,TWSE,10.5,10.75,10.2,10.75,25448.0,263049.0,TWSE_RWD_JSON_MI_INDEX,data/daily_price/daily_price_20240401.csv,10.75,10.7525,11.3114,11.3114,10.9101,1.8957,0.4673,-0.9217,,,70036.65,0.3634,11.9,12.3,12.3,9.66,9.66,9.66,-0.0233,-4.9632,-4.9632,-1.4674,-9.6639,-12.6016,-12.6016,11.2836,11.2836
20240402,1512,瑞利,TWSE,10.35,10.6,10.2,10.55,17784.0,183484.0,TWSE_RWD_JSON_MI_INDEX,data/daily_price/daily_price_20240402.csv,10.7,10.7775,11.2983,11.2983,10.8801,-1.8605,-2.3148,4.9751,,,61740.0,0.288,11.9,12.3,12.3,9.66,9.66,9.66,-2.1109,-6.6229,-6.6229,-3.0338,-11.3445,-14.2276,-14.2276,9.2133,9.2133
20240403,1512,瑞利,TWSE,10.3,10.6,10.15,10.6,40121.0,413262.0,TWSE_RWD_JSON_MI_INDEX,data/daily_price/daily_price_20240403.csv,10.65,10.7825,11.2864,11.2864,10.8567,0.4739,-2.3041,0.9524,,,58679.7,0.6837,11.9,12.3,12.3,9.66,9.66,9.66,-1.6926,-6.082,-6.082,-2.3648,-10.9244,-13.8211,-13.8211,9.7308,9.7308
20240408,1512,瑞利,TWSE,10.25,10.5,10.25,10.5,11202.0,116769.0,TWSE_RWD_JSON_MI_INDEX,data/daily_price/daily_price_20240408.csv,10.59,10.8025,11.2733,11.2733,10.827,-0.9434,-2.7778,3.9604,,,56107.8,0.1997,11.9,12.3,12.3,9.66,9.66,9.66,-2.8003,-6.8598,-6.8598,-3.0204,-11.7647,-14.6341,-14.6341,8.6957,8.6957
20240409,1512,瑞利,TWSE,10.4,10.7,10.4,10.6,42129.0,441793.0,TWSE_RWD_CSV_MI_INDEX,data/daily_price/daily_price_20240409.csv,10.6,10.8325,11.245,11.2623,10.8081,0.9524,0.4739,6.0,-13.8211,,53045.9,0.7942,11.9,12.25,12.3,9.66,9.66,9.66,-2.1463,-5.7359,-5.8806,-1.9254,-10.9244,-13.4694,-13.8211,9.7308,9.7308
20240410,1512,瑞利,TWSE,10.5,10.6,10.4,10.6,18034.0,190347.0,TWSE_RWD_JSON_MI_INDEX,data/daily_price/daily_price_20240410.csv,10.57,10.8625,11.2208,11.2516,10.7908,0.0,-1.3953,6.0,-12.0332,,52657.85,0.3425,11.9,12.25,12.3,10.05,9.66,9.66,-2.4166,-5.5329,-5.7913,-1.7678,-10.9244,-13.4694,-13.8211,9.7308,9.7308
20240411,1512,瑞利,TWSE,10.6,10.65,10.3,10.35,36303.0,380461.0,TWSE_RWD_JSON_MI_INDEX,data/daily_price/daily_price_20240411.csv,10.53,10.83,11.1925,11.2373,10.754,-2.3585,-1.8957,-5.9091,-14.1079,,45443.8,0.7989,11.9,12.25,12.3,10.15,9.66,9.66,-4.4321,-7.5274,-7.896,-3.757,-13.0252,-15.5102,-15.8537,7.1429,7.1429
20240412,1512,瑞利,TWSE,10.35,10.35,10.2,10.3,30459.0,312547.0,TWSE_RWD_JSON_MI_INDEX,data/daily_price/daily_price_20240412.csv,10.47,10.7775,11.1633,11.2227,10.7162,-0.4831,-2.8302,-9.2511,-14.5228,,35172.2,0.866,11.7,12.25,12.3,10.15,9.66,9.66,-4.4305,-7.7337,-8.2214,-3.8837,-11.9658,-15.9184,-16.2602,6.6253,6.6253
20240415,1512,瑞利,TWSE,10.25,10.4,10.05,10.35,36053.0,367050.0,TWSE_RWD_JSON_MI_INDEX,data/daily_price/daily_price_20240415.csv,10.44,10.755,11.135,11.2092,10.6857,0.4854,-1.4286,-4.1667,-14.1079,,34558.9,1.0432,11.7,12.25,12.3,10.05,9.66,9.66,-3.7657,-7.0498,-7.6654,-3.1413,-11.5385,-15.5102,-15.8537,7.1429,7.1429
20240416,1512,瑞利,TWSE,10.15,10.35,10.15,10.25,10834.0,111182.0,TWSE_RWD_JSON_MI_INDEX,data/daily_price/daily_price_20240416.csv,10.37,10.7425,11.105,11.1947,10.6494,-0.9662,-3.3019,-2.381,-14.9378,,33599.55,0.3224,11.7,12.25,12.3,10.05,9.66,9.66,-4.5846,-7.6992,-8.4388,-3.7502,-12.3932,-16.3265,-16.6667,6.1077,6.1077
20240417,1512,瑞利,TWSE,10.25,10.35,10.05,10.35,43857.0,449116.0,TWSE_RWD_JSON_MI_INDEX,data/daily_price/daily_price_20240417.csv,10.32,10.69,11.0775,11.1821,10.6244,0.9756,-2.3585,-9.2105,-13.75,,26177.2,1.6754,11.7,12.25,12.3,10.05,9.66,9.66,-3.1805,-6.5674,-7.4413,-2.5829,-11.5385,-15.5102,-15.8537,7.1429,7.1429
20240418,1512,瑞利,TWSE,10.1,10.35,10.05,10.2,35434.0,364047.0,TWSE_RWD_JSON_MI_INDEX,data/daily_price/daily_price_20240418.csv,10.29,10.6325,11.0483,11.1676,10.5891,-1.4493,-1.4493,-10.1322,-14.6444,,26741.75,1.325,11.5,12.25,12.3,10.05,9.66,9.66,-4.0677,-7.6784,-8.6647,-3.6741,-11.3043,-16.7347,-17.0732,5.5901,5.5901
20240419,1512,瑞利,TWSE,10.2,10.3,10.0,10.15,31760.0,321243.0,TWSE_RWD_JSON_MI_INDEX,data/daily_price/daily_price_20240419.csv,10.26,10.585,11.015,11.1529,10.5525,-0.4902,-1.4563,-8.5586,-16.4609,,27547.2,1.1529,11.3,12.1,12.3,10.0,9.66,9.66,-4.1096,-7.8529,-8.9923,-3.8139,-10.177,-16.1157,-17.4797,5.0725,5.0725
20240422,1512,瑞利,TWSE,10.2,10.4,10.15,10.3,51367.0,525136.0,TWSE_RWD_JSON_MI_INDEX,data/daily_price/daily_price_20240422.csv,10.25,10.5375,10.9892,11.1407,10.5314,1.4778,-0.4831,-8.4444,-13.0802,,29773.95,1.7252,11.3,12.0,12.3,10.0,9.66,9.66,-2.2539,-6.2713,-7.5463,-2.1975,-8.8496,-14.1667,-16.2602,6.6253,6.6253
20240423,1512,瑞利,TWSE,10.55,11.0,10.55,10.6,29284.0,312662.0,TWSE_RWD_JSON_MI_INDEX,data/daily_price/daily_price_20240423.csv,10.32,10.5075,10.9692,11.1331,10.5371,2.9126,3.4146,-5.3571,-10.1695,,30639.35,0.9558,11.2,12.0,12.3,10.0,9.66,9.66,0.8803,-3.3655,-4.7884,0.5966,-5.3571,-11.6667,-13.8211,9.7308,9.7308
20240424,1512,瑞利,TWSE,10.7,10.85,10.6,10.6,13805.0,146698.0,TWSE_RWD_JSON_MI_INDEX,data/daily_price/daily_price_20240424.csv,10.37,10.5025,10.9542,11.1257,10.5424,0.0,2.4155,-0.9346,-7.8261,,29860.25,0.4623,11.2,12.0,12.3,10.0,9.66,9.66,0.9284,-3.2332,-4.725,0.5466,-5.3571,-11.6667,-13.8211,9.7308,9.7308
20240425,1512,瑞利,TWSE,10.6,10.7,10.4,10.6,24006.0,254562.0,TWSE_RWD_JSON_MI_INDEX,data/daily_price/daily_price_20240425.csv,10.45,10.4925,10.9375,11.1185,10.5472,0.0,3.9216,-1.8519,-8.6207,,29673.55,0.809,11.0,12.0,12.3,10.0,9.66,9.66,1.0245,-3.0857,-4.6633,0.5008,-3.6364,-11.6667,-13.8211,9.7308,9.7308
20240426,1512,瑞利,TWSE,10.25,10.45,9.85,10.4,61267.0,621808.0,TWSE_RWD_JSON_MI_INDEX,data/daily_price/daily_price_20240426.csv,10.5,10.47,10.9233,11.1088,10.5349,-1.8868,2.4631,-4.1475,-7.5556,,29993.65,2.0427,11.0,12.0,12.3,9.85,9.66,9.66,-0.6686,-4.791,-6.3804,-1.2806,-5.4545,-13.3333,-15.4472,7.6605,7.6605
20240429,1512,瑞利,TWSE,10.3,10.6,10.25,10.6,47040.0,489252.0,TWSE_RWD_JSON_MI_INDEX,data/daily_price/daily_price_20240429.csv,10.56,10.46,10.9058,11.102,10.5403,1.9231,2.9126,-1.8519,-9.0129,,31593.8,1.4889,11.0,12.0,12.3,9.85,9.66,9.66,1.3384,-2.8043,-4.5217,0.566,-3.6364,-11.6667,-13.8211,9.7308,9.7308
20240430,1512,瑞利,TWSE,10.55,10.55,9.95,10.35,48429.0,488462.0,TWSE_RWD_JSON_MI_INDEX,data/daily_price/daily_price_20240430.csv,10.51,10.45,10.8908,11.0921,10.5245,-2.3585,-2.3585,-1.8957,-8.0,,32730.8,1.4796,11.0,12.0,12.3,9.85,9.66,9.66,-0.9569,-4.9659,-6.6904,-1.6578,-5.9091,-13.75,-15.8537,7.1429,7.1429
20240502,1512,瑞利,TWSE,10.0,10.25,9.68,10.15,110322.0,1102270.0,TWSE_RWD_JSON_MI_INDEX,data/daily_price/daily_price_20240502.csv,10.42,10.42,10.8658,11.0799,10.4933,-1.9324,-4.2453,-5.5814,-12.8755,,36974.5,2.9837,11.0,12.0,12.3,9.68,9.66,9.66,-2.5912,-6.5879,-8.3924,-3.2713,-7.7273,-15.4167,-17.4797,5.0725,5.0725
20240503,1512,瑞利,TWSE,9.9,10.15,9.9,10.15,1204539.0,12219108.0,TWSE_RWD_JSON_MI_INDEX,data/daily_price/daily_price_20240503.csv,10.33,10.4,10.8408,11.0679,10.4647,0.0,-4.2453,-3.7915,-12.8755,,96312.25,12.5066,11.0,12.0,12.3,9.68,9.66,9.66,-2.4038,-6.3725,-8.2938,-3.0069,-7.7273,-15.4167,-17.4797,5.0725,5.0725
20240506,1512,瑞利,TWSE,10.5,10.5,10.1,10.15,49536.0,506761.0,TWSE_RWD_JSON_MI_INDEX,data/daily_price/daily_price_20240506.csv,10.28,10.3775,10.8142,11.0563,10.4384,0.0,-2.4038,-4.2453,-13.617,,96783.0,0.5118,11.0,12.0,12.3,9.68,9.66,9.66,-2.1922,-6.1416,-8.1974,-2.7633,-7.7273,-15.4167,-17.4797,5.0725,5.0725
20240507,1512,瑞利,TWSE,10.05,10.15,9.9,10.15,17818.0,178249.0,TWSE_RWD_JSON_MI_INDEX,data/daily_price/daily_price_20240507.csv,10.19,10.36,10.7867,11.045,10.4144,0.0,-4.2453,-3.3333,-13.9831,,97113.8,0.1835,11.0,12.0,12.3,9.68,9.66,9.66,-2.027,-5.9023,-8.1032,-2.5388,-7.7273,-15.4167,-17.4797,5.0725,5.0725
20240508,1512,瑞利,TWSE,10.15,10.3,10.15,10.2,14362.0,146501.0,TWSE_RWD_JSON_MI_INDEX,data/daily_price/daily_price_20240508.csv,10.16,10.34,10.7567,11.0346,10.3965,0.4926,-1.4493,-3.7736,-15.0,,95725.45,0.15,11.0,12.0,12.3,9.68,9.66,9.66,-1.354,-5.1751,-7.5632,-1.8904,-7.2727,-15.0,-17.0732,5.5901,5.5901
20240509,1512,瑞利,TWSE,10.35,10.35,10.2,10.2,11152.0,113827.0,TWSE_RWD_JSON_MI_INDEX,data/daily_price/daily_price_20240509.csv,10.17,10.32,10.73,11.0244,10.3802,0.0,0.4926,-3.7736,-13.5593,,95381.35,0.1169,11.0,11.95,12.3,9.68,9.66,9.66,-1.1628,-4.9394,-7.4779,-1.7356,-7.2727,-14.6444,-17.0732,5.5901,5.5901
20240510,1512,瑞利,TWSE,10.05,10.3,10.05,10.2,41687.0,424785.0,TWSE_RWD_JSON_MI_INDEX,data/daily_price/daily_price_20240510.csv,10.18,10.3125,10.7075,11.0145,10.3651,0.0,0.4926,-1.4493,-11.6883,,95650.55,0.4358,11.0,11.95,12.3,9.68,9.66,9.66,-1.0909,-4.7397,-7.3944,-1.5933,-7.2727,-14.6444,-17.0732,5.5901,5.5901
20240513,1512,瑞利,TWSE,9.85,10.15,9.85,10.0,44096.0,443009.0,TWSE_RWD_JSON_MI_INDEX,data/daily_price/daily_price_20240513.csv,10.15,10.2975,10.6767,11.0024,10.3347,-1.9608,-1.4778,-2.9126,-15.6118,,96332.4,0.4577,11.0,11.95,12.3,9.68,9.66,9.66,-2.8891,-6.3378,-9.1106,-3.2388,-9.0909,-16.318,-18.6992,3.5197,3.5197
20240514,1512,瑞利,TWSE,10.0,10.25,10.0,10.0,7354.0,74445.0,TWSE_RWD_JSON_MI_INDEX,data/daily_price/daily_price_20240514.csv,10.12,10.28,10.645,10.9906,10.3068,0.0,-1.4778,-3.3816,-15.9664,,94897.45,0.0775,11.0,11.95,12.3,9.68,9.66,9.66,-2.7237,-6.0592,-9.0131,-2.9769,-9.0909,-16.318,-18.6992,3.5197,3.5197
20240515,1512,瑞利,TWSE,10.0,10.05,10.0,10.0,22262.0,221957.0,TWSE_RWD_JSON_MI_INDEX,data/daily_price/daily_price_20240515.csv,10.08,10.2675,10.6142,10.9791,10.2813,0.0,-1.9608,-2.439,-15.6118,,95468.85,0.2332,11.0,11.95,12.3,9.68,9.66,9.66,-2.6053,-5.7863,-8.9176,-2.7356,-9.0909,-16.318,-18.6992,3.5197,3.5197
20240516,1512,瑞利,TWSE,10.0,10.1,9.98,10.0,51601.0,517719.0,TWSE_RWD_JSON_MI_INDEX,data/daily_price/daily_price_20240516.csv,10.04,10.25,10.5825,10.9678,10.2578,0.0,-1.9608,-3.3816,-15.9664,,95856.05,0.5383,11.0,11.9,12.3,9.68,9.66,9.66,-2.439,-5.5044,-8.8241,-2.5134,-9.0909,-15.9664,-18.6992,3.5197,3.5197
20240517,1512,瑞利,TWSE,9.67,9.86,9.65,9.86,44802.0,440433.0,TWSE_RWD_JSON_MI_INDEX,data/daily_price/daily_price_20240517.csv,9.972,10.233,10.5552,10.9552,10.2247,-1.4,-3.3333,-3.3333,-14.2609,,96324.45,0.4651,11.0,11.9,12.3,9.65,9.65,9.65,-3.6451,-6.586,-9.9973,-3.5665,-10.3636,-17.1429,-19.8374,2.1762,2.1762
20240520,1512,瑞利,TWSE,9.87,9.97,9.84,9.88,66364.0,655506.0,TWSE_RWD_JSON_MI_INDEX,data/daily_price/daily_price_20240520.csv,9.948,10.2195,10.5282,10.9431,10.1959,0.2028,-1.2,-2.6601,-14.087,,98054.65,0.6768,11.0,11.9,12.3,9.65,9.65,9.65,-3.3221,-6.1565,-9.7152,-3.0987,-10.1818,-16.9748,-19.6748,2.3834,2.3834
20240521,1512,瑞利,TWSE,9.6,9.97,9.6,9.78,20365.0,199040.0,TWSE_RWD_JSON_MI_INDEX,data/daily_price/daily_price_20240521.csv,9.904,10.1935,10.5045,10.9302,10.1613,-1.0121,-2.2,-5.0485,-12.6786,,96504.55,0.211,11.0,11.9,12.3,9.6,9.6,9.6,-4.0565,-6.897,-10.5233,-3.7523,-11.0909,-17.8151,-20.4878,1.875,1.875
20240522,1512,瑞利,TWSE,9.78,9.91,9.74,9.89,45438.0,444756.0,TWSE_RWD_JSON_MI_INDEX,data/daily_price/daily_price_20240522.csv,9.882,10.158,10.4893,10.9188,10.1387,1.1247,-1.1,-6.6981,-8.4259,,97312.25,0.4669,10.85,11.9,12.3,9.6,9.6,9.6,-2.6383,-5.7137,-9.4222,-2.4527,-8.8479,-16.8908,-19.5935,3.0208,3.0208
20240523,1512,瑞利,TWSE,9.63,9.87,9.63,9.87,22975.0,223713.0,TWSE_RWD_JSON_MI_INDEX,data/daily_price/daily_price_20240523.csv,9.856,10.1215,10.4705,10.9074,10.1163,-0.2022,-1.3,-6.8868,-10.2727,,97770.75,0.235,10.7,11.9,12.3,9.6,9.6,9.6,-2.4848,-5.7352,-9.5109,-2.4345,-7.757,-17.0588,-19.7561,2.8125,2.8125
20240524,1512,瑞利,TWSE,9.67,9.88,9.67,9.86,9397.0,92280.0,TWSE_RWD_JSON_MI_INDEX,data/daily_price/daily_price_20240524.csv,9.856,10.0845,10.4515,10.8961,10.0949,-0.1013,0.0,-6.9811,-10.3636,,97040.3,0.0968,10.6,11.9,12.3,9.6,9.6,9.6,-2.2262,-5.6595,-9.5091,-2.3272,-6.9811,-17.1429,-19.8374,2.7083,2.7083
20240527,1512,瑞利,TWSE,9.8,9.8,9.61,9.65,66189.0,640360.0,TWSE_RWD_JSON_MI_INDEX,data/daily_price/daily_price_20240527.csv,9.81,10.047,10.429,10.8829,10.0579,-2.1298,-2.3279,-7.2115,-12.2727,,97286.4,0.6804,10.6,11.9,12.3,9.6,9.6,9.6,-3.9514,-7.4696,-11.3286,-4.0551,-8.9623,-18.9076,-21.5447,0.5208,0.5208
20240528,1512,瑞利,TWSE,9.65,9.65,9.25,9.36,137849.0,1302785.0,TWSE_RWD_JSON_MI_INDEX,data/daily_price/daily_price_20240528.csv,9.726,9.985,10.4058,10.8668,9.9997,-3.0052,-4.2945,-11.6981,-12.9302,,101826.85,1.3538,10.55,11.9,12.3,9.25,9.25,9.25,-6.2594,-10.0505,-13.8664,-6.3972,-11.2796,-21.3445,-23.9024,1.1892,1.1892
20240529,1512,瑞利,TWSE,9.64,9.64,9.37,9.55,29635.0,283142.0,TWSE_RWD_JSON_MI_INDEX,data/daily_price/daily_price_20240529.csv,9.658,9.945,10.3842,10.8531,9.9622,2.0299,-3.4378,-7.7295,-11.9816,,100887.15,0.2937,10.5,11.9,12.3,9.25,9.25,9.25,-3.9718,-8.0331,-12.0069,-4.1379,-9.0476,-19.7479,-22.3577,3.2432,3.2432
20240530,1512,瑞利,TWSE,9.45,9.47,9.34,9.47,33194.0,311556.0,TWSE_RWD_JSON_MI_INDEX,data/daily_price/daily_price_20240530.csv,9.578,9.911,10.3612,10.8389,9.9212,-0.8377,-4.0527,-6.6995,-12.7189,,97030.75,0.3421,10.5,11.9,12.3,9.25,9.25,9.25,-4.4496,-8.601,-12.6292,-4.5479,-9.8095,-20.4202,-23.0081,2.3784,2.3784
20240531,1512,瑞利,TWSE,9.47,9.68,9.34,9.43,43737.0,414921.0,TWSE_RWD_JSON_MI_INDEX,data/daily_price/daily_price_20240531.csv,9.492,9.875,10.3508,10.8245,9.8803,-0.4224,-4.3611,-7.0936,-6.1692,,38990.65,1.1217,10.5,11.9,12.3,9.25,9.25,9.25,-4.5063,-8.8962,-12.8827,-4.5573,-10.1905,-20.7563,-23.3333,1.9459,1.9459
20240603,1512,瑞利,TWSE,9.43,9.43,9.01,9.25,175141.0,1610714.0,TWSE_RWD_JSON_MI_INDEX,data/daily_price/daily_price_20240603.csv,9.412,9.83,10.33,10.8086,9.8277,-1.9088,-4.1451,-8.867,-11.9048,,45270.9,3.8687,10.35,11.9,12.3,9.01,9.01,9.01,-5.9003,-10.455,-14.4199,-5.8787,-10.628,-22.2689,-24.7967,2.6637,2.6637
20240604,1512,瑞利,TWSE,9.19,9.19,9.01,9.03,86620.0,783884.0,TWSE_RWD_JSON_MI_INDEX,data/daily_price/daily_price_20240604.csv,9.346,9.774,10.3122,10.7908,9.7613,-2.3784,-3.5256,-11.0345,-10.5941,,48711.0,1.7782,10.35,11.9,12.3,9.01,9.01,9.01,-7.612,-12.4335,-16.3176,-7.4915,-12.7536,-24.1176,-26.5854,0.222,0.222
20240605,1512,瑞利,TWSE,8.93,8.93,8.5,8.55,250261.0,2171561.0,TWSE_RWD_JSON_MI_INDEX,data/daily_price/daily_price_20240605.csv,9.146,9.6915,10.288,10.7686,9.6603,-5.3156,-10.4712,-16.1765,-14.5,,60505.95,4.1361,10.35,11.9,12.3,8.5,8.5,8.5,-11.7784,-16.8935,-20.6026,-11.4937,-17.3913,-28.1513,-30.4878,0.5882,0.5882
20240606,1512,瑞利,TWSE,8.79,8.8,8.55,8.6,32994.0,285454.0,TWSE_RWD_JSON_MI_INDEX,data/daily_price/daily_price_20240606.csv,8.972,9.6115,10.2647,10.7474,9.572,0.5848,-9.1869,-15.6863,-14.0,,61598.05,0.5356,10.3,11.9,12.3,8.5,8.5,8.5,-10.5239,-16.2174,-19.9803,-10.1543,-16.5049,-27.7311,-30.0813,1.1765,1.1765
20240607,1512,瑞利,TWSE,8.59,8.76,8.32,8.75,157247.0,1340783.0,TWSE_RWD_JSON_MI_INDEX,data/daily_price/daily_price_20240607.csv,8.836,9.539,10.2272,10.728,9.5035,1.7442,-7.211,-14.2157,-20.4545,,67376.05,2.3339,10.25,11.9,12.3,8.32,8.32,8.32,-8.2713,-14.4436,-18.4374,-7.9284,-14.6341,-26.4706,-28.8618,5.1683,5.1683
20240611,1512,瑞利,TWSE,8.75,8.92,8.46,8.9,45584.0,399313.0,TWSE_RWD_JSON_MI_INDEX,data/daily_price/daily_price_20240611.csv,8.766,9.484,10.1863,10.7104,9.4532,1.7143,-3.7838,-11.0,-21.5859,,67450.45,0.6758,10.25,11.7,12.3,8.32,8.32,8.32,-6.1577,-12.628,-16.9031,-5.8518,-13.1707,-23.9316,-27.6423,6.9712,6.9712
20240612,1512,瑞利,TWSE,9.0,9.11,8.61,8.9,41218.0,363694.0,TWSE_RWD_JSON_MI_INDEX,data/daily_price/daily_price_20240612.csv,8.74,9.429,10.1547,10.6931,9.4071,0.0,-1.4396,-11.0,-17.5926,,69143.65,0.5961,10.1,11.7,12.3,8.32,8.32,8.32,-5.6104,-12.3556,-16.7691,-5.3904,-11.8812,-23.9316,-27.6423,6.9712,6.9712
20240613,1512,瑞利,TWSE,8.88,8.88,8.57,8.65,37946.0,328139.0,TWSE_RWD_JSON_MI_INDEX,data/daily_price/daily_price_20240613.csv,8.76,9.3615,10.1238,10.6739,9.344,-2.809,1.1696,-13.5,-17.619,,69927.85,0.5426,10.1,11.7,12.3,8.32,8.32,8.32,-7.6003,-14.5581,-18.961,-7.4272,-14.3564,-26.0684,-29.6748,3.9663,3.9663
20240614,1512,瑞利,TWSE,8.91,9.0,8.62,9.0,38631.0,338035.0,TWSE_RWD_JSON_MI_INDEX,data/daily_price/daily_price_20240614.csv,8.84,9.3115,10.0838,10.6582,9.3153,4.0462,4.6512,-10.0,-21.0526,,69279.35,0.5576,9.97,11.7,12.3,8.32,8.32,8.32,-3.3453,-10.7482,-15.5582,-3.385,-9.7292,-23.0769,-26.8293,8.1731,8.1731
20240617,1512,瑞利,TWSE,9.27,9.27,9.1,9.18,45824.0,421515.0,TWSE_RWD_JSON_MI_INDEX,data/daily_price/daily_price_20240617.csv,8.926,9.2775,10.0477,10.6445,9.304,2.0,4.9143,-6.8966,-19.1189,,69330.45,0.661,9.97,11.5,12.3,8.32,8.32,8.32,-1.0509,-8.6355,-13.7586,-1.3333,-7.9238,-20.1739,-25.3659,10.3365,10.3365
20240618,1512,瑞利,TWSE,9.17,9.17,8.99,9.12,19799.0,179375.0,TWSE_RWD_JSON_MI_INDEX,data/daily_price/daily_price_20240618.csv,8.97,9.2395,10.0147,10.6306,9.2887,-0.6536,2.4719,-7.6923,-17.8378,,67002.2,0.2955,9.97,11.3,12.3,8.32,8.32,8.32,-1.2934,-8.9336,-14.2095,-1.8163,-8.5256,-19.292,-25.8537,9.6154,9.6154
20240619,1512,瑞利,TWSE,8.71,9.0,8.71,9.0,6546.0,58130.0,TWSE_RWD_JSON_MI_INDEX,data/daily_price/daily_price_20240619.csv,8.99,9.2005,9.9772,10.6157,9.2647,-1.3158,1.1236,-7.9755,-20.0,,66311.25,0.0987,9.91,11.3,12.3,8.32,8.32,8.32,-2.1792,-9.794,-15.2201,-2.8566,-9.1826,-20.354,-26.8293,8.1731,8.1731
20240620,1512,瑞利,TWSE,8.61,8.86,8.61,8.86,45360.0,393839.0,TWSE_RWD_JSON_MI_INDEX,data/daily_price/daily_price_20240620.csv,9.032,9.149,9.9382,10.5999,9.2309,-1.5556,2.4277,-10.4146,-20.8929,,66307.35,0.6841,9.88,11.2,12.3,8.32,8.32,8.32,-3.1588,-10.8487,-16.4144,-4.0184,-10.3239,-20.8929,-27.9675,6.4904,6.4904
20240621,1512,瑞利,TWSE,8.64,8.86,8.61,8.86,103537.0,898251.0,TWSE_RWD_JSON_MI_INDEX,data/daily_price/daily_price_20240621.csv,9.004,9.0985,9.9075,10.5844,9.2,0.0,-1.5556,-10.233,-17.1963,,70335.45,1.472,9.88,11.2,12.3,8.32,8.32,8.32,-2.6213,-10.5728,-16.2917,-3.6959,-10.3239,-20.8929,-27.9675,6.4904,6.4904
20240624,1512,瑞利,TWSE,8.57,8.79,8.41,8.68,40746.0,347329.0,TWSE_RWD_JSON_MI_INDEX,data/daily_price/daily_price_20240624.csv,8.904,9.0395,9.8722,10.5675,9.1567,-2.0316,-5.4466,-11.9675,-19.6296,,71902.9,0.5667,9.8,11.0,12.3,8.32,8.32,8.32,-3.977,-12.076,-17.8615,-5.2059,-11.4286,-21.0909,-29.4309,4.3269,4.3269
20240625,1512,瑞利,TWSE,8.66,8.76,8.36,8.62,61928.0,525952.0,TWSE_RWD_JSON_MI_INDEX,data/daily_price/daily_price_20240625.csv,8.804,8.988,9.835,10.5504,9.112,-0.6912,-5.4825,-10.6736,-20.553,,71689.85,0.8638,9.68,11.0,12.3,8.32,8.32,8.32,-4.0943,-12.3538,-18.2972,-5.3991,-10.9504,-21.6364,-29.9187,3.6058,3.6058
20240626,1512,瑞利,TWSE,8.88,8.88,8.46,8.5,56261.0,482527.0,TWSE_RWD_JSON_MI_INDEX,data/daily_price/daily_price_20240626.csv,8.704,8.945,9.7967,10.5326,9.061,-1.3921,-5.5556,-9.188,-21.2963,,67610.45,0.8321,9.68,11.0,12.3,8.32,8.32,8.32,-4.9748,-13.2358,-19.2982,-6.191,-12.1901,-22.7273,-30.8943,2.1635,2.1635
20240627,1512,瑞利,TWSE,8.73,8.73,8.5,8.5,33190.0,283018.0,TWSE_RWD_JSON_MI_INDEX,data/daily_price/daily_price_20240627.csv,8.632,8.8925,9.7625,10.5151,9.0142,0.0,-4.0632,-10.9948,-19.4313,,67788.2,0.4896,9.68,11.0,12.3,8.32,8.32,8.32,-4.4138,-12.9321,-19.1638,-5.7045,-12.1901,-22.7273,-30.8943,2.1635,2.1635
20240628,1512,瑞利,TWSE,8.33,8.45,8.33,8.45,79499.0,665282.0,TWSE_RWD_JSON_MI_INDEX,data/daily_price/daily_price_20240628.csv,8.55,8.8415,9.7242,10.4974,8.9672,-0.5882,-4.6275,-10.7709,-21.3953,,70103.45,1.134,9.68,11.0,12.3,8.32,8.32,8.32,-4.428,-13.1031,-19.5042,-5.7677,-12.7066,-23.1818,-31.3008,1.5625,1.5625
20240701,1512,瑞利,TWSE,8.39,8.5,8.35,8.48,58185.0,487788.0,TWSE_RWD_JSON_MI_INDEX,data/daily_price/daily_price_20240701.csv,8.51,8.794,9.6897,10.4803,8.9266,0.355,-2.3041,-10.0742,-19.6209,,70825.85,0.8215,9.43,11.0,12.3,8.32,8.32,8.32,-3.5706,-12.4841,-19.0866,-5.003,-10.0742,-22.9091,-31.0569,1.9231,1.9231
20240702,1512,瑞利,TWSE,8.27,8.4,8.27,8.33,33696.0,281434.0,TWSE_RWD_JSON_MI_INDEX,data/daily_price/daily_price_20240702.csv,8.452,8.748,9.6518,10.4623,8.8769,-1.7689,-3.3643,-9.9459,-21.4151,,63753.6,0.5285,9.27,11.0,12.3,8.27,8.27,8.27,-4.7782,-13.6952,-20.3806,-6.1608,-10.1402,-24.2727,-32.2764,0.7255,0.7255
20240703,1512,瑞利,TWSE,8.33,8.44,8.33,8.42,33671.0,280858.0,TWSE_RWD_JSON_MI_INDEX,data/daily_price/daily_price_20240703.csv,8.436,8.7175,9.6172,10.4452,8.8388,1.0804,-0.9412,-6.7553,-19.8095,,61106.15,0.551,9.27,11.0,12.3,8.27,8.27,8.27,-3.4127,-12.4482,-19.3892,-4.7383,-9.1694,-23.4545,-31.5447,1.8138,1.8138
20240704,1512,瑞利,TWSE,8.42,8.45,8.23,8.4,65492.0,545250.0,TWSE_RWD_JSON_MI_INDEX,data/daily_price/daily_price_20240704.csv,8.416,8.71,9.5805,10.4127,8.8022,-0.2375,-1.1765,-1.7544,-20.7547,-31.7073,51867.7,1.2627,9.27,11.0,12.25,8.23,8.23,8.23,-3.5591,-12.3219,-19.3297,-4.5698,-9.3851,-23.6364,-31.4286,2.0656,2.0656
20240705,1512,瑞利,TWSE,8.4,8.4,8.3,8.39,35969.0,301236.0,TWSE_RWD_JSON_MI_INDEX,data/daily_price/daily_price_20240705.csv,8.404,8.6995,9.5437,10.3823,8.7679,-0.119,-0.7101,-2.4419,-20.8491,-30.3734,52016.45,0.6915,9.27,11.0,12.25,8.23,8.23,8.23,-3.5577,-12.0883,-19.189,-4.3099,-9.493,-23.7273,-31.5102,1.9441,1.9441
20240708,1512,瑞利,TWSE,8.27,8.58,8.24,8.58,75569.0,632873.0,TWSE_RWD_JSON_MI_INDEX,data/daily_price/daily_price_20240708.csv,8.424,8.691,9.5142,10.3533,8.7522,2.2646,1.1792,-1.9429,-17.1014,-28.7967,47932.55,1.5766,9.27,11.0,12.25,8.23,8.23,8.23,-1.2772,-9.8187,-17.1281,-1.9679,-7.4434,-22.0,-29.9592,4.2527,4.2527
20240709,1512,瑞利,TWSE,8.46,8.46,8.1,8.37,47286.0,392184.0,TWSE_RWD_JSON_MI_INDEX,data/daily_price/daily_price_20240709.csv,8.432,8.6645,9.482,10.3227,8.7204,-2.4476,0.4802,-5.9551,-18.7379,-30.5394,48017.65,0.9848,9.27,11.0,12.25,8.1,8.1,8.1,-3.3989,-11.7275,-18.9163,-4.0179,-9.7087,-23.9091,-31.6735,3.3333,3.3333
20240710,1512,瑞利,TWSE,8.58,8.58,8.25,8.25,81181.0,672945.0,TWSE_RWD_JSON_MI_INDEX,data/daily_price/daily_price_20240710.csv,8.398,8.632,9.447,10.291,8.6812,-1.4337,-2.019,-7.3034,-20.2899,-31.5353,50015.8,1.6231,9.27,11.0,12.25,8.1,8.1,8.1,-4.4254,-12.6707,-19.8329,-4.9668,-11.0032,-25.0,-32.6531,1.8519,1.8519
20240711,1512,瑞利,TWSE,8.28,8.4,8.22,8.4,84812.0,704117.0,TWSE_RWD_JSON_MI_INDEX,data/daily_price/daily_price_20240711.csv,8.398,8.6195,9.4162,10.2606,8.6577,1.8182,0.0,-2.8902,-18.0488,-30.2905,52359.1,1.6198,9.27,11.0,12.25,8.1,8.1,8.1,-2.5466,-10.7917,-18.1333,-2.9771,-9.3851,-23.6364,-31.4286,3.7037,3.7037
20240712,1512,瑞利,TWSE,8.45,8.46,8.17,8.44,63394.0,524609.0,TWSE_RWD_JSON_MI_INDEX,data/daily_price/daily_price_20240712.csv,8.408,8.5915,9.3843,10.2309,8.6396,0.4762,0.5959,-6.2222,-18.4541,-29.6667,53597.25,1.1828,9.27,11.0,12.25,8.1,8.1,8.1,-1.7634,-10.0629,-17.5049,-2.3103,-8.9536,-23.2727,-31.102,4.1975,4.1975
20240715,1512,瑞利,TWSE,8.41,8.44,8.4,8.4,35648.0,300602.0,TWSE_RWD_JSON_MI_INDEX,data/daily_price/daily_price_20240715.csv,8.372,8.5525,9.3543,10.2013,8.6196,-0.4739,-2.0979,-8.4967,-17.6471,-29.7071,53088.45,0.6715,9.17,11.0,12.25,8.1,8.1,8.1,-1.7831,-10.202,-17.6578,-2.5481,-8.3969,-23.6364,-31.4286,3.7037,3.7037
20240716,1512,瑞利,TWSE,8.24,8.4,8.24,8.35,45432.0,377052.0,TWSE_RWD_JSON_MI_INDEX,data/daily_price/daily_price_20240716.csv,8.368,8.514,9.3243,10.1697,8.5972,-0.5952,-0.2389,-8.443,-17.734,-31.2757,54370.1,0.8356,9.0,11.0,12.1,8.1,8.1,8.1,-1.9262,-10.4494,-17.8931,-2.875,-7.2222,-24.0909,-30.9917,3.0864,3.0864
20240717,1512,瑞利,TWSE,8.31,8.39,8.26,8.35,56836.0,472816.0,TWSE_RWD_JSON_MI_INDEX,data/daily_price/daily_price_20240717.csv,8.388,8.4815,9.2918,10.1405,8.5766,0.0,1.2121,-7.2222,-18.932,-29.5359,56884.6,0.9991,8.88,11.0,12.0,8.1,8.1,8.1,-1.5504,-10.1361,-17.6569,-2.6417,-5.9685,-24.0909,-30.4167,3.0864,3.0864
20240718,1512,瑞利,TWSE,8.31,8.4,8.3,8.4,14017.0,116569.0,TWSE_RWD_JSON_MI_INDEX,data/daily_price/daily_price_20240718.csv,8.388,8.4585,9.2552,10.1122,8.5619,0.5988,0.0,-5.1919,-20.7547,-28.8136,55317.45,0.2534,8.88,10.85,12.0,8.1,8.1,8.1,-0.6916,-9.2399,-16.9317,-1.8904,-5.4054,-22.5806,-30.0,3.7037,3.7037
20240719,1512,瑞利,TWSE,8.4,8.45,8.36,8.36,15647.0,131391.0,TWSE_RWD_JSON_MI_INDEX,data/daily_price/daily_price_20240719.csv,8.372,8.4335,9.2178,10.086,8.545,-0.4762,-0.9479,-5.6433,-21.1321,-27.3043,50922.95,0.3073,8.88,10.7,12.0,8.1,8.1,8.1,-0.8715,-9.3062,-17.1128,-2.1654,-5.8559,-21.8692,-30.3333,3.2099,3.2099
20240722,1512,瑞利,TWSE,8.13,8.45,8.13,8.36,74667.0,615724.0,TWSE_RWD_JSON_MI_INDEX,data/daily_price/daily_price_20240722.csv,8.364,8.4175,9.1805,10.059,8.5296,0.0,-0.4762,-3.6866,-21.1321,-27.931,52619.0,1.419,8.88,10.6,12.0,8.1,8.1,8.1,-0.6831,-8.9374,-16.8903,-1.9885,-5.8559,-21.1321,-30.3333,3.2099,3.2099
20240723,1512,瑞利,TWSE,8.32,8.33,8.21,8.21,66453.0,549094.0,TWSE_RWD_JSON_MI_INDEX,data/daily_price/daily_price_20240723.csv,8.336,8.397,9.144,10.0337,8.503,-1.7943,-1.6766,-4.7564,-21.0577,-27.0222,52845.25,1.2575,8.88,10.6,12.0,8.1,8.1,8.1,-2.227,-10.2143,-18.1755,-3.4456,-7.545,-22.5472,-31.5833,1.358,1.358
20240726,1512,瑞利,TWSE,8.16,8.37,8.16,8.2,37964.0,314136.0,TWSE_RWD_JSON_MI_INDEX,data/daily_price/daily_price_20240726.csv,8.306,8.382,9.104,10.0049,8.4777,-0.1218,-1.7964,-3.5294,-22.6415,-29.6137,51930.4,0.7311,8.73,10.55,12.0,8.1,8.1,8.1,-2.1713,-9.9297,-18.0403,-3.276,-6.071,-22.2749,-31.6667,1.2346,1.2346
20240729,1512,瑞利,TWSE,8.26,8.26,8.25,8.25,5534.0,45695.0,TWSE_RWD_JSON_MI_INDEX,data/daily_price/daily_price_20240729.csv,8.276,8.3695,9.069,9.9799,8.4588,0.6098,-1.7857,-2.9412,-20.2899,-26.6667,50547.6,0.1095,8.58,10.5,12.0,8.1,8.1,8.1,-1.4278,-9.0308,-17.334,-2.4679,-3.8462,-21.4286,-31.25,1.8519,1.8519
20240730,1512,瑞利,TWSE,7.48,8.25,7.48,8.23,26018.0,199771.0,TWSE_RWD_JSON_MI_INDEX,data/daily_price/daily_price_20240730.csv,8.25,8.3585,9.037,9.9514,8.4397,-0.2424,-1.555,-2.6036,-18.9163,-29.3562,47873.55,0.5435,8.58,10.5,12.0,7.48,7.48,7.48,-1.5374,-8.93,-17.2982,-2.4846,-4.0793,-21.619,-31.4167,10.0267,10.0267
20240731,1512,瑞利,TWSE,8.01,8.23,8.0,8.23,15963.0,130116.0,TWSE_RWD_JSON_MI_INDEX,data/daily_price/daily_price_20240731.csv,8.224,8.346,9.005,9.9229,8.4222,0.0,-1.555,-2.9481,-18.9163,-29.3562,45762.45,0.3488,8.58,10.5,12.0,7.48,7.48,7.48,-1.3899,-8.6063,-17.0607,-2.2823,-4.0793,-21.619,-31.4167,10.0267,10.0267
20240801,1512,瑞利,TWSE,8.5,8.5,8.01,8.01,13384.0,108059.0,TWSE_RWD_JSON_MI_INDEX,data/daily_price/daily_price_20240801.csv,8.184,8.33,8.9693,9.8918,8.3879,-2.6731,-2.4361,-3.8415,-21.0837,-31.8298,44746.85,0.2991,8.58,10.35,12.0,7.48,7.48,7.48,-3.8415,-10.6957,-19.0234,-4.5049,-6.6434,-22.6087,-33.25,7.0856,7.0856
20240802,1512,瑞利,TWSE,8.54,8.54,7.88,8.0,33309.0,268140.0,TWSE_RWD_JSON_MI_INDEX,data/daily_price/daily_price_20240802.csv,8.144,8.309,8.9335,9.8601,8.3555,-0.1248,-2.439,-4.9881,-21.1823,-32.2034,44728.75,0.7447,8.58,10.35,12.0,7.48,7.48,7.48,-3.7189,-10.4494,-18.8648,-4.2552,-6.7599,-22.7053,-33.3333,6.9519,6.9519
20240805,1512,瑞利,TWSE,8.0,8.0,7.2,7.98,162640.0,1194517.0,TWSE_RWD_JSON_MI_INDEX,data/daily_price/daily_price_20240805.csv,8.09,8.288,8.8965,9.8266,8.3242,-0.25,-3.2727,-5.0,-21.7647,-33.5,49586.15,3.2799,8.58,10.35,12.0,7.2,7.2,7.2,-3.7162,-10.3018,-18.7917,-4.1355,-6.993,-22.8986,-33.5,10.8333,10.8333
20240806,1512,瑞利,TWSE,7.9,7.9,7.21,7.3,106003.0,788491.0,TWSE_RWD_JSON_MI_INDEX,data/daily_price/daily_price_20240806.csv,7.904,8.2335,8.8482,9.7891,8.2389,-8.5213,-11.3001,-12.9917,-28.4314,-38.1356,53087.85,1.9967,8.58,10.3,11.95,7.2,7.2,7.2,-11.3378,-17.497,-25.4271,-11.3959,-14.9184,-29.1262,-38.9121,1.3889,1.3889
20240807,1512,瑞利,TWSE,7.32,7.43,7.02,7.3,67616.0,486912.0,TWSE_RWD_JSON_MI_INDEX,data/daily_price/daily_price_20240807.csv,7.718,8.1695,8.7998,9.7537,8.1607,0.0,-11.3001,-14.9184,-28.4314,-36.7965,52690.2,1.2833,8.58,10.25,11.95,7.02,7.02,7.02,-10.6432,-17.0439,-25.1564,-10.5464,-14.9184,-28.7805,-38.9121,3.9886,3.9886
20240808,1512,瑞利,TWSE,7.2,7.38,7.1,7.12,42984.0,307519.0,TWSE_RWD_JSON_MI_INDEX,data/daily_price/daily_price_20240808.csv,7.54,8.107,8.7518,9.7142,8.0739,-2.4658,-11.1111,-14.9343,-28.8,-39.9156,52475.1,0.8191,8.58,10.25,11.95,7.02,7.02,7.02,-12.1747,-18.6456,-26.7056,-11.815,-17.0163,-30.5366,-40.4184,1.4245,1.4245
20240809,1512,瑞利,TWSE,7.13,7.31,7.05,7.12,56315.0,400566.0,TWSE_RWD_JSON_MI_INDEX,data/daily_price/daily_price_20240809.csv,7.364,8.0505,8.7038,9.6744,7.9944,0.0,-11.0,-13.697,-28.8,-40.1681,51231.8,1.0992,8.54,10.1,11.95,7.02,7.02,7.02,-11.5583,-18.197,-26.4038,-10.9381,-16.6276,-29.505,-40.4184,1.4245,1.4245
20240812,1512,瑞利,TWSE,7.01,7.12,7.01,7.05,30721.0,216407.0,TWSE_RWD_JSON_MI_INDEX,data/daily_price/daily_price_20240812.csv,7.178,7.983,8.6547,9.6344,7.9157,-0.9831,-11.6541,-16.0714,-29.5,-40.5063,48527.25,0.6331,8.54,10.1,11.95,7.01,7.01,7.01,-11.6873,-18.5411,-26.8248,-10.9369,-17.4473,-30.198,-41.0042,0.5706,0.5706
20240813,1512,瑞利,TWSE,7.2,7.28,7.02,7.28,32004.0,227838.0,TWSE_RWD_JSON_MI_INDEX,data/daily_price/daily_price_20240813.csv,7.174,7.925,8.6093,9.5959,7.8628,3.2624,-0.274,-13.7441,-27.2,-38.8235,46957.75,0.6815,8.54,9.97,11.9,7.01,7.01,7.01,-8.1388,-15.4406,-24.1344,-7.4116,-14.7541,-26.9809,-38.8235,3.8516,3.8516
20240814,1512,瑞利,TWSE,7.2,7.2,7.06,7.1,48540.0,345464.0,TWSE_RWD_JSON_MI_INDEX,data/daily_price/daily_price_20240814.csv,7.134,7.86,8.5633,9.5592,7.7992,-2.4725,-2.7397,-15.4762,-27.9919,-38.2609,47602.35,1.0197,8.54,9.97,11.9,7.01,7.01,7.01,-9.6692,-17.0884,-25.7264,-8.9649,-16.8618,-28.7864,-40.3361,1.2839,1.2839
20240815,1512,瑞利,TWSE,7.11,7.3,7.11,7.3,42377.0,302285.0,TWSE_RWD_JSON_MI_INDEX,data/daily_price/daily_price_20240815.csv,7.17,7.8075,8.5203,9.5242,7.7576,2.8169,2.5281,-12.5749,-26.1134,-36.5217,47449.6,0.8931,8.54,9.97,11.9,7.01,7.01,7.01,-6.5002,-14.3226,-23.3535,-5.8987,-14.5199,-26.7803,-38.6555,4.1369,4.1369
20240816,1512,瑞利,TWSE,7.3,7.35,7.14,7.35,43722.0,313447.0,TWSE_RWD_JSON_MI_INDEX,data/daily_price/daily_price_20240816.csv,7.216,7.7575,8.4798,9.4922,7.7236,0.6849,3.2303,-11.976,-24.8466,-34.375,46793.9,0.9344,8.54,9.91,11.9,7.01,7.01,7.01,-5.253,-13.3238,-22.5677,-4.8375,-13.9344,-25.8325,-38.2353,4.8502,4.8502
20240819,1512,瑞利,TWSE,7.07,7.3,7.07,7.29,12892.0,91720.0,TWSE_RWD_JSON_MI_INDEX,data/daily_price/daily_price_20240819.csv,7.264,7.702,8.4365,9.4629,7.6875,-0.8163,3.4043,-13.2143,-26.2892,-32.5,46737.65,0.2758,8.54,9.88,11.9,7.01,7.01,7.01,-5.3493,-13.5898,-22.9624,-5.1706,-14.637,-26.2146,-38.7395,3.9943,3.9943
20240820,1512,瑞利,TWSE,7.1,7.11,7.1,7.11,12934.0,91864.0,TWSE_RWD_CSV_MI_INDEX,data/daily_price/daily_price_20240820.csv,7.23,7.6395,8.3905,9.4305,7.6394,-2.4691,-2.3352,-14.9522,-27.9635,-35.3636,46602.0,0.2775,8.54,9.88,11.9,7.01,7.01,7.01,-6.9311,-15.2613,-24.6063,-6.9295,-16.7447,-28.0364,-40.2521,1.4265,1.4265
20240821,1512,瑞利,TWSE,7.1,7.22,6.87,6.91,123805.0,866920.0,TWSE_RWD_JSON_MI_INDEX,data/daily_price/daily_price_20240821.csv,7.192,7.567,8.3413,9.3964,7.5786,-2.8129,-2.6761,-17.3445,-29.9189,-37.1818,49058.9,2.5236,8.54,9.8,11.9,6.87,6.87,6.87,-8.6824,-17.1595,-26.4613,-8.8221,-19.0867,-29.4898,-41.9328,0.5822,0.5822
20240822,1512,瑞利,TWSE,7.0,7.6,7.0,7.6,131373.0,989243.0,TWSE_RWD_JSON_MI_INDEX,data/daily_price/daily_price_20240822.csv,7.252,7.5365,8.3072,9.3681,7.5804,9.9855,4.1096,-7.43,-21.2435,-30.9091,52304.9,2.5117,8.54,9.68,11.9,6.87,6.87,6.87,0.8426,-8.5127,-18.8735,0.2589,-11.007,-21.4876,-36.1345,10.6259,10.6259
20240823,1512,瑞利,TWSE,8.2,8.36,7.7,8.25,242516.0,1984977.0,TWSE_RWD_JSON_MI_INDEX,data/daily_price/daily_price_20240823.csv,7.432,7.539,8.2887,9.3472,7.6362,8.5526,12.2449,0.6098,-11.859,-23.2558,62532.5,3.8782,8.54,9.68,11.9,6.87,6.87,6.87,9.431,-0.4665,-11.7387,8.0384,-3.3958,-14.7727,-30.6723,20.0873,20.0873
20240826,1512,瑞利,TWSE,8.8,8.8,8.1,8.23,80369.0,687619.0,TWSE_RWD_JSON_MI_INDEX,data/daily_price/daily_price_20240826.csv,7.62,7.538,8.2667,9.3254,7.6857,-0.2424,12.8944,-0.2424,-13.822,-24.1475,66274.25,1.2127,8.8,9.68,11.9,6.87,6.87,6.87,9.1802,-0.4435,-11.7466,7.0825,-6.4773,-14.9793,-30.8403,19.7962,19.7962
20240827,1512,瑞利,TWSE,8.2,8.45,7.78,8.0,70279.0,563371.0,TWSE_RWD_JSON_MI_INDEX,data/daily_price/daily_price_20240827.csv,7.798,7.5265,8.2422,9.3017,7.7119,-2.7947,12.5176,-2.7947,-15.5227,-26.2673,68487.3,1.0262,8.8,9.68,11.9,6.87,6.87,6.87,6.2911,-2.9381,-13.9939,3.7364,-9.0909,-17.3554,-32.7731,16.4483,16.4483
20240828,1512,瑞利,TWSE,7.86,7.94,7.8,7.8,78381.0,613147.0,TWSE_RWD_JSON_MI_INDEX,data/daily_price/daily_price_20240828.csv,7.976,7.505,8.215,9.2829,7.7192,-2.5,12.8799,-5.2248,-17.2853,-22.3881,71608.2,1.0946,8.8,9.43,11.9,6.87,6.87,6.87,3.9307,-5.0517,-15.9747,1.0467,-11.3636,-17.2853,-34.4538,13.5371,13.5371
20240829,1512,瑞利,TWSE,7.74,7.79,7.55,7.6,51593.0,395677.0,TWSE_RWD_JSON_MI_INDEX,data/daily_price/daily_price_20240829.csv,7.976,7.4845,8.1875,9.2587,7.7093,-2.5641,0.0,-5.1186,-17.8378,-27.619,73518.65,0.7018,8.8,9.27,11.9,6.87,6.87,6.87,1.5432,-7.1756,-17.9155,-1.4173,-13.6364,-18.0151,-36.1345,10.6259,10.6259
20240830,1512,瑞利,TWSE,7.63,7.9,7.6,7.78,67726.0,518079.0,TWSE_RWD_JSON_MI_INDEX,data/daily_price/daily_price_20240830.csv,7.882,7.4735,8.1667,9.2394,7.7152,2.3684,-5.697,-2.75,-13.8427,-22.9703,75239.5,0.9001,8.8,9.27,11.9,6.87,6.87,6.87,4.1012,-4.7347,-15.7955,0.8404,-11.5909,-16.0734,-34.6218,13.246,13.246
20240902,1512,瑞利,TWSE,7.7,7.7,7.55,7.67,21084.0,159762.0,TWSE_RWD_JSON_MI_INDEX,data/daily_price/daily_price_20240902.csv,7.77,7.458,8.152,9.22,7.7114,-1.4139,-6.8044,-3.8847,-10.2924,-23.3,68161.7,0.3093,8.8,9.27,11.9,6.87,6.87,6.87,2.8426,-5.9127,-16.8113,-0.5368,-12.8409,-17.26,-35.5462,11.6448,11.6448
20240903,1512,瑞利,TWSE,7.93,7.93,7.54,7.67,19468.0,147995.0,TWSE_RWD_JSON_MI_INDEX,data/daily_price/daily_price_20240903.csv,7.704,7.4765,8.1365,9.2006,7.7079,0.0,-4.125,5.0685,-10.814,-23.3,63834.95,0.305,8.8,9.27,11.9,6.87,6.87,6.87,2.5881,-5.7334,-16.6357,-0.4923,-12.8409,-17.26,-35.5462,11.6448,11.6448
20240904,1512,瑞利,TWSE,7.51,7.55,7.3,7.55,26425.0,197413.0,TWSE_RWD_JSON_MI_INDEX,data/daily_price/daily_price_20240904.csv,7.654,7.489,8.1165,9.1718,7.6948,-1.5645,-3.2051,3.4247,-13.7143,-31.3636,61775.4,0.4278,8.8,9.27,11.9,6.87,6.87,6.87,0.8145,-6.9796,-17.6828,-1.8816,-14.2045,-18.5545,-36.5546,9.8981,9.8981
20240905,1512,瑞利,TWSE,7.55,7.78,7.55,7.76,11135.0,84854.0,TWSE_RWD_JSON_MI_INDEX,data/daily_price/daily_price_20240905.csv,7.686,7.521,8.0975,9.1419,7.7002,2.7815,2.1053,8.9888,-12.809,-31.63,60182.95,0.185,8.8,9.27,11.7,6.87,6.87,6.87,3.1778,-4.168,-15.1163,0.7763,-11.8182,-16.2891,-33.6752,12.9549,12.9549
20240906,1512,瑞利,TWSE,7.52,7.59,7.34,7.59,37051.0,274488.0,TWSE_RWD_JSON_MI_INDEX,data/daily_price/daily_price_20240906.csv,7.648,7.5445,8.0757,9.1152,7.691,-2.1907,-2.4422,6.6011,-14.7191,-29.7222,59219.75,0.6257,8.8,9.27,11.7,6.87,6.87,6.87,0.6031,-6.014,-16.7322,-1.3137,-13.75,-18.123,-35.1282,10.4803,10.4803
20240909,1512,瑞利,TWSE,7.58,7.58,7.23,7.44,13676.0,99856.0,TWSE_RWD_JSON_MI_INDEX,data/daily_price/daily_price_20240909.csv,7.602,7.564,8.0555,9.0897,7.6701,-1.9763,-2.9987,5.5319,-13.9884,-29.1429,58367.5,0.2343,8.8,9.27,11.7,6.87,6.87,6.87,-1.6393,-7.6407,-18.1488,-3.0002,-15.4545,-19.7411,-36.4103,8.2969,8.2969
20240910,1512,瑞利,TWSE,7.68,7.68,7.55,7.65,13104.0,99229.0,TWSE_RWD_JSON_MI_INDEX,data/daily_price/daily_price_20240910.csv,7.598,7.5825,8.033,9.0584,7.6684,2.8226,-0.2608,5.0824,-15.0,-32.8947,57422.5,0.2282,8.8,9.27,11.7,6.87,6.87,6.87,0.8902,-4.7678,-15.5482,-0.2405,-13.0682,-17.4757,-34.6154,11.3537,11.3537
20240911,1512,瑞利,TWSE,7.65,7.65,7.36,7.64,13116.0,97822.0,TWSE_RWD_JSON_MI_INDEX,data/daily_price/daily_price_20240911.csv,7.616,7.6095,8.0073,9.0275,7.6661,-0.1307,1.1921,7.6056,-16.7756,-32.6872,55651.3,0.2357,8.8,9.17,11.5,6.87,6.87,6.87,0.4008,-4.5875,-15.3697,-0.3401,-13.1818,-16.6848,-33.5652,11.2082,11.2082
20240912,1512,瑞利,TWSE,7.83,7.83,7.3,7.55,13409.0,99172.0,TWSE_RWD_JSON_MI_INDEX,data/daily_price/daily_price_20240912.csv,7.574,7.622,7.9812,8.9979,7.6564,-1.178,-2.7062,3.4247,-17.2149,-31.982,54202.9,0.2474,8.8,9.0,11.3,6.87,6.87,6.87,-0.9446,-5.4023,-16.0917,-1.3896,-14.2045,-16.1111,-33.1858,9.8981,9.8981
20240913,1512,瑞利,TWSE,7.45,7.45,7.31,7.45,14004.0,103552.0,TWSE_RWD_JSON_MI_INDEX,data/daily_price/daily_price_20240913.csv,7.546,7.627,7.9553,8.9662,7.6392,-1.3245,-1.8445,1.3605,-17.2222,-33.7778,52717.0,0.2656,8.8,8.88,11.3,6.87,6.87,6.87,-2.3207,-6.3521,-16.9106,-2.4767,-15.3409,-16.1036,-34.0708,8.4425,8.4425
20240916,1512,瑞利,TWSE,7.24,7.45,7.2,7.45,77534.0,560854.0,TWSE_RWD_JSON_MI_INDEX,data/daily_price/daily_price_20240916.csv,7.548,7.635,7.9318,8.935,7.6234,0.0,0.1344,2.1948,-15.9142,-33.4821,55949.1,1.3858,8.8,8.88,11.2,6.87,6.87,6.87,-2.4231,-6.0747,-16.62,-2.275,-15.3409,-16.1036,-33.4821,8.4425,8.4425
20240918,1512,瑞利,TWSE,7.39,7.41,7.39,7.39,11012.0,81432.0,TWSE_RWD_JSON_MI_INDEX,data/daily_price/daily_price_20240918.csv,7.496,7.649,7.9073,8.9074,7.604,-0.8054,-3.3987,3.9381,-16.5914,-30.9346,55853.0,0.1972,8.8,8.88,11.2,6.87,6.87,6.87,-3.3861,-6.5425,-17.0354,-2.814,-16.0227,-16.7793,-34.0179,7.5691,7.5691
20240919,1512,瑞利,TWSE,7.39,7.4,7.26,7.4,20178.0,147282.0,TWSE_RWD_JSON_MI_INDEX,data/daily_price/daily_price_20240919.csv,7.448,7.6735,7.886,8.8791,7.587,0.1353,-3.1414,7.0912,-14.7465,-31.4815,50671.65,0.3982,8.8,8.88,11.0,7.0,6.87,6.87,-3.5642,-6.1628,-16.6581,-2.4645,-15.9091,-16.6667,-32.7273,7.7147,7.7147
20240920,1512,瑞利,TWSE,7.15,7.4,7.0,7.21,115715.0,824666.0,TWSE_RWD_JSON_MI_INDEX,data/daily_price/daily_price_20240920.csv,7.38,7.654,7.8625,8.8487,7.5556,-2.5676,-4.5033,-5.1316,-16.3573,-33.5484,49888.75,2.3195,8.8,8.88,11.0,7.0,6.87,6.87,-5.8009,-8.2989,-18.5196,-4.5736,-18.0682,-18.8063,-34.4545,4.9491,4.9491
20240923,1512,瑞利,TWSE,7.2,7.2,7.05,7.18,74826.0,532139.0,TWSE_RWD_JSON_MI_INDEX,data/daily_price/daily_price_20240923.csv,7.326,7.6005,7.8405,8.8186,7.5243,-0.4161,-3.6242,-12.9697,-15.5294,-33.5185,41504.25,1.8029,8.8,8.8,11.0,7.0,6.87,6.87,-5.5325,-8.4242,-18.581,-4.5754,-18.4091,-18.4091,-34.7273,4.5124,4.5124
20240924,1512,瑞利,TWSE,7.15,7.15,7.12,7.12,4604.0,32538.0,TWSE_RWD_JSON_MI_INDEX,data/daily_price/daily_price_20240924.csv,7.26,7.545,7.8175,8.79,7.4906,-0.8357,-4.4295,-13.4872,-16.2353,-32.5118,37716.0,0.1221,8.45,8.8,11.0,7.0,6.87,6.87,-5.6329,-8.9223,-18.9989,-4.9473,-15.7396,-19.0909,-35.2727,3.639,3.639
20240925,1512,瑞利,TWSE,7.12,7.25,7.12,7.25,36350.0,261416.0,TWSE_RWD_JSON_MI_INDEX,data/daily_price/daily_price_20240925.csv,7.232,7.5075,7.7975,8.7608,7.4705,1.8258,-1.8945,-9.375,-14.2012,-32.5581,36019.55,1.0092,7.94,8.8,11.0,7.0,6.87,6.87,-3.4299,-7.0215,-17.2453,-2.952,-8.6902,-17.6136,-34.0909,5.5313,5.5313
20240926,1512,瑞利,TWSE,7.2,7.2,7.2,7.2,4534.0,32672.0,TWSE_RWD_JSON_MI_INDEX,data/daily_price/daily_price_20240926.csv,7.192,7.4775,7.7762,8.7329,7.448,-0.6897,-2.7027,-7.6923,-15.0943,-31.7536,32327.2,0.1403,7.93,8.8,11.0,7.0,6.87,6.87,-3.7111,-7.4094,-17.5533,-3.3296,-9.2055,-18.1818,-34.5455,4.8035,4.8035
20240927,1512,瑞利,TWSE,7.2,7.2,7.2,7.2,4025.0,28982.0,TWSE_RWD_JSON_MI_INDEX,data/daily_price/daily_price_20240927.csv,7.19,7.4575,7.7573,8.7046,7.4273,0.0,-0.1387,-5.2632,-13.5654,-32.0755,29948.8,0.1344,7.93,8.8,11.0,7.0,6.87,6.87,-3.4529,-7.1846,-17.285,-3.0606,-9.2055,-18.1818,-34.5455,4.8035,4.8035
20240930,1512,瑞利,TWSE,7.1,7.18,7.1,7.18,15377.0,109563.0,TWSE_RWD_JSON_MI_INDEX,data/daily_price/daily_price_20240930.csv,7.19,7.4275,7.7367,8.6769,7.4067,-0.2778,0.0,-7.7121,-14.7268,-31.619,27331.35,0.5626,7.93,8.8,11.0,7.0,6.87,6.87,-3.3322,-7.1952,-17.2517,-3.0609,-9.4578,-18.4091,-34.7273,4.5124,4.5124
20241001,1512,瑞利,TWSE,7.43,7.43,7.14,7.2,15494.0,111013.0,TWSE_RWD_JSON_MI_INDEX,data/daily_price/daily_price_20241001.csv,7.206,7.404,7.7167,8.6486,7.3895,0.2786,1.1236,-6.1278,-14.2857,-32.0755,27051.85,0.5728,7.93,8.8,11.0,7.0,6.87,6.87,-2.7553,-6.6955,-16.7494,-2.5643,-9.2055,-18.1818,-34.5455,4.8035,4.8035
20241004,1512,瑞利,TWSE,7.11,7.11,7.0,7.1,21737.0,152739.0,TWSE_RWD_JSON_MI_INDEX,data/daily_price/daily_price_20241004.csv,7.176,7.3755,7.6952,8.6194,7.3654,-1.3889,-2.069,-7.4316,-15.3754,-33.0189,27165.3,0.8002,7.83,8.8,11.0,7.0,6.87,6.87,-3.7353,-7.7343,-17.6278,-3.6028,-9.3231,-19.3182,-35.4545,3.3479,3.3479
20241007,1512,瑞利,TWSE,7.16,7.16,7.05,7.15,45008.0,318829.0,TWSE_RWD_JSON_MI_INDEX,data/daily_price/daily_price_20241007.csv,7.166,7.3555,7.6713,8.5927,7.3474,0.7042,-0.6944,-5.298,-16.6667,-30.9179,28094.45,1.602,7.83,8.8,11.0,7.0,6.87,6.87,-2.7938,-6.7959,-16.7903,-2.6869,-8.6845,-18.75,-35.0,4.0757,4.0757
20241008,1512,瑞利,TWSE,7.1,7.3,7.08,7.08,9724.0,69042.0,TWSE_RWD_JSON_MI_INDEX,data/daily_price/daily_price_20241008.csv,7.142,7.3215,7.6498,8.5659,7.3251,-0.979,-1.6667,-8.7629,-15.4122,-31.2621,28023.9,0.347,7.83,8.8,11.0,7.0,6.87,6.87,-3.2985,-7.449,-17.3468,-3.3464,-9.5785,-19.5455,-35.6364,3.0568,3.0568
20241009,1512,瑞利,TWSE,7.1,7.15,7.1,7.1,60044.0,426410.0,TWSE_RWD_JSON_MI_INDEX,data/daily_price/daily_price_20241009.csv,7.126,7.297,7.6307,8.5388,7.3064,0.2825,-1.1142,-6.4559,-13.9394,-31.401,29173.55,2.0582,7.83,8.8,11.0,7.0,6.87,6.87,-2.6997,-6.9544,-16.8505,-2.8245,-9.3231,-19.3182,-35.4545,3.3479,3.3479
20241011,1512,瑞利,TWSE,7.15,7.15,7.0,7.1,64313.0,452692.0,TWSE_RWD_JSON_MI_INDEX,data/daily_price/daily_price_20241011.csv,7.106,7.28,7.609,8.5126,7.2892,0.0,-1.3889,-4.5699,-15.4762,-30.7317,31705.4,2.0285,7.83,8.8,11.0,7.0,6.87,6.87,-2.4725,-6.6894,-16.5941,-2.5952,-9.3231,-19.3182,-35.4545,3.3479,3.3479
20241014,1512,瑞利,TWSE,7.0,7.0,7.0,7.0,77701.0,543836.0,TWSE_RWD_JSON_MI_INDEX,data/daily_price/daily_price_20241014.csv,7.086,7.2475,7.585,8.4847,7.2651,-1.4085,-1.4085,-8.4967,-17.0616,-32.3671,34935.25,2.2241,7.83,8.8,11.0,7.0,6.87,6.87,-3.415,-7.7126,-17.4982,-3.6486,-10.6003,-20.4545,-36.3636,1.8923,1.8923
20241015,1512,瑞利,TWSE,7.02,7.3,7.0,7.14,127430.0,904436.0,TWSE_RWD_JSON_MI_INDEX,data/daily_price/daily_price_20241015.csv,7.084,7.2225,7.564,8.4592,7.2547,2.0,-0.1399,-6.5445,-15.0,-30.0,40650.95,3.1347,7.83,8.8,11.0,7.0,6.87,6.87,-1.1423,-5.6055,-15.5945,-1.5804,-8.8123,-18.8636,-35.0909,3.9301,3.9301
20241016,1512,瑞利,TWSE,7.45,7.45,7.11,7.35,19082.0,137854.0,TWSE_RWD_JSON_MI_INDEX,data/daily_price/daily_price_20241016.csv,7.138,7.2125,7.5473,8.4358,7.2626,2.9412,3.8136,-2.649,-11.976,-27.5862,40934.6,0.4662,7.45,8.8,11.0,7.0,6.87,6.87,1.9064,-2.6146,-12.8717,1.2035,-1.3423,-16.4773,-33.1818,6.9869,6.9869
20241017,1512,瑞利,TWSE,7.35,7.54,7.19,7.45,42793.0,312160.0,TWSE_RWD_JSON_MI_INDEX,data/daily_price/daily_price_20241017.csv,7.208,7.2125,7.5323,8.4121,7.2782,1.3605,4.9296,0.0,-10.7784,-27.6699,42374.05,1.0099,7.54,8.8,11.0,7.0,6.87,6.87,3.2929,-1.0931,-11.4369,2.3603,-1.1936,-15.3409,-32.2727,8.4425,8.4425
20241018,1512,瑞利,TWSE,7.2,7.3,7.2,7.2,33861.0,244181.0,TWSE_RWD_JSON_MI_INDEX,data/daily_price/daily_price_20241018.csv,7.228,7.2,7.5123,8.3837,7.2717,-3.3557,1.4085,-3.3557,-14.2857,-32.0755,40190.4,0.8425,7.54,8.8,10.85,7.0,6.87,6.87,0.0,-4.1576,-14.1196,-0.986,-4.5093,-18.1818,-33.6406,4.8035,4.8035
20241021,1512,瑞利,TWSE,7.44,7.91,7.44,7.87,111975.0,869640.0,TWSE_RWD_JSON_MI_INDEX,data/daily_price/daily_price_20241021.csv,7.402,7.224,7.5042,8.361,7.3216,9.3056,12.4286,6.4953,-5.8612,-25.7547,45238.55,2.4752,7.91,8.8,10.7,7.0,6.87,6.87,8.9424,4.8751,-5.8725,7.4908,-0.5057,-10.5682,-26.4486,14.556,14.556
20241022,1512,瑞利,TWSE,7.83,7.83,7.31,7.39,32151.0,238690.0,TWSE_RWD_JSON_MI_INDEX,data/daily_price/daily_price_20241022.csv,7.452,7.2235,7.488,8.3343,7.3273,-6.0991,3.5014,-0.1351,-11.6029,-30.283,45837.2,0.7014,7.91,8.8,10.6,7.0,6.87,6.87,2.305,-1.3088,-11.3298,0.8563,-6.574,-16.0227,-30.283,7.5691,7.5691
20241023,1512,瑞利,TWSE,7.39,7.78,7.29,7.63,21048.0,157954.0,TWSE_RWD_JSON_MI_INDEX,data/daily_price/daily_price_20241023.csv,7.508,7.2445,7.4783,8.3112,7.3525,3.2476,3.8095,5.8252,-7.0646,-26.6346,41103.85,0.5121,7.91,8.8,10.6,7.0,6.87,6.87,5.3213,2.0281,-8.1958,3.7744,-3.5398,-13.2955,-28.0189,11.0626,11.0626
20241024,1512,瑞利,TWSE,7.4,7.62,7.4,7.62,5024.0,37778.0,TWSE_RWD_JSON_MI_INDEX,data/daily_price/daily_price_20241024.csv,7.542,7.2665,7.4687,8.2863,7.3748,-0.1311,2.2819,6.1281,-7.0732,-28.1132,37613.75,0.1336,7.91,8.8,10.55,7.0,6.87,6.87,4.8648,2.0262,-8.0414,3.3251,-3.6662,-13.4091,-27.7725,10.917,10.917
20241025,1512,瑞利,TWSE,7.6,7.6,7.55,7.55,6532.0,49590.0,TWSE_RWD_JSON_MI_INDEX,data/daily_price/daily_price_20241025.csv,7.612,7.288,7.457,8.263,7.3894,-0.9186,4.8611,6.0393,-8.4848,-27.0531,37710.15,0.1732,7.91,8.8,10.5,7.0,6.87,6.87,3.595,1.2472,-8.6288,2.1736,-4.5512,-14.2045,-28.0952,9.8981,9.8981
20241028,1512,瑞利,TWSE,7.08,7.66,7.08,7.6,29509.0,214739.0,TWSE_RWD_JSON_MI_INDEX,data/daily_price/daily_price_20241028.csv,7.558,7.3055,7.4465,8.2418,7.4069,0.6623,-3.4307,4.8276,-7.6549,-25.1232,37368.1,0.7897,7.91,8.8,10.5,7.0,6.87,6.87,4.0312,2.0614,-7.7866,2.6066,-3.9191,-13.6364,-27.619,10.6259,10.6259
20241029,1512,瑞利,TWSE,7.35,7.58,7.28,7.28,30608.0,224815.0,TWSE_RWD_JSON_MI_INDEX,data/daily_price/daily_price_20241029.csv,7.536,7.3095,7.4307,8.2178,7.3964,-4.2105,-1.4885,1.1111,-11.5431,-28.2759,38671.8,0.7915,7.91,8.8,10.5,7.0,6.87,6.87,-0.4036,-2.0276,-11.4122,-1.5731,-7.9646,-17.2727,-30.6667,5.968,5.968
20241030,1512,瑞利,TWSE,7.5,7.67,7.3,7.61,21056.0,155457.0,TWSE_RWD_JSON_MI_INDEX,data/daily_price/daily_price_20241030.csv,7.532,7.33,7.424,8.1967,7.4142,4.533,-0.2621,5.6944,-4.9938,-25.0246,39523.35,0.5327,7.91,8.8,10.35,7.0,6.87,6.87,3.8199,2.5054,-7.1574,2.6414,-3.7927,-13.5227,-26.4734,10.7715,10.7715
20241101,1512,瑞利,TWSE,7.55,7.55,7.28,7.5,6100.0,44920.0,TWSE_RWD_JSON_MI_INDEX,data/daily_price/daily_price_20241101.csv,7.508,7.346,7.4157,8.1746,7.4213,-1.4455,-1.5748,4.4568,-6.25,-26.1084,39059.5,0.1562,7.91,8.8,10.35,7.0,6.87,6.87,2.0964,1.1372,-8.2522,1.0603,-5.1833,-14.7727,-27.5362,9.1703,9.1703
20241104,1512,瑞利,TWSE,7.45,7.5,7.45,7.45,6108.0,45586.0,TWSE_RWD_JSON_MI_INDEX,data/daily_price/daily_price_20241104.csv,7.488,7.3585,7.4068,8.1517,7.4237,-0.6667,-1.3245,3.4722,-6.6416,-26.9608,38590.2,0.1583,7.91,8.8,10.35,7.0,6.87,6.87,1.2435,0.5828,-8.6076,0.3542,-5.8154,-15.3409,-28.0193,8.4425,8.4425
20241105,1512,瑞利,TWSE,7.44,7.97,7.3,7.69,21604.0,163243.0,TWSE_RWD_JSON_MI_INDEX,data/daily_price/daily_price_20241105.csv,7.506,7.388,7.4133,8.1308,7.4459,3.2215,1.1842,8.3099,5.3425,-24.6078,38583.55,0.5599,7.97,8.8,10.3,7.0,6.87,6.87,4.0877,3.732,-5.4208,3.2784,-3.5132,-12.6136,-25.3398,11.936,11.936
20241106,1512,瑞利,TWSE,7.28,7.55,7.28,7.43,22618.0,165925.0,TWSE_RWD_JSON_MI_INDEX,data/daily_price/daily_price_20241106.csv,7.536,7.402,7.4155,8.1077,7.4446,-3.381,2.0604,3.9161,1.7808,-27.1569,37464.05,0.6037,7.97,8.8,10.25,7.0,6.87,6.87,0.3783,0.1955,-8.3583,-0.1957,-6.7754,-15.5682,-27.5122,8.1514,8.1514
20241107,1512,瑞利,TWSE,7.33,7.41,7.3,7.38,27734.0,202873.0,TWSE_RWD_JSON_MI_INDEX,data/daily_price/daily_price_20241107.csv,7.49,7.417,7.4198,8.0858,7.4392,-0.6729,-3.0223,4.2373,3.6517,-26.2,38364.55,0.7229,7.97,8.8,10.25,7.0,6.87,6.87,-0.4989,-0.5368,-8.7293,-0.7956,-7.4028,-16.1364,-28.0,7.4236,7.4236
20241108,1512,瑞利,TWSE,7.38,7.38,7.26,7.35,36282.0,265834.0,TWSE_RWD_JSON_MI_INDEX,data/daily_price/daily_price_20241108.csv,7.46,7.4295,7.4237,8.0638,7.4318,-0.4065,-2.0,3.5211,3.2303,-26.5,37176.45,0.9759,7.97,8.8,10.1,7.0,6.87,6.87,-1.0701,-0.9923,-8.8513,-1.1001,-7.7792,-16.4773,-27.2277,6.9869,6.9869
20241111,1512,瑞利,TWSE,7.11,7.31,7.1,7.28,23296.0,168439.0,TWSE_RWD_JSON_MI_INDEX,data/daily_price/daily_price_20241111.csv,7.426,7.4385,7.4275,8.0411,7.4191,-0.9524,-2.2819,2.5352,3.2624,-27.2,35125.6,0.6632,7.97,8.8,10.1,7.0,6.87,6.87,-2.1308,-1.9859,-9.4649,-1.875,-8.6575,-17.2727,-27.9208,5.968,5.968
20241112,1512,瑞利,TWSE,7.1,7.29,6.92,7.27,25886.0,183612.0,TWSE_RWD_JSON_MI_INDEX,data/daily_price/daily_price_20241112.csv,7.342,7.452,7.4273,8.0183,7.4067,-0.1374,-5.4616,3.8571,-0.1374,-27.3,32534.85,0.7956,7.97,8.8,9.97,6.92,6.87,6.87,-2.4423,-2.1183,-9.3328,-1.8454,-8.7829,-17.3864,-27.0812,5.8224,5.8224
20241113,1512,瑞利,TWSE,7.27,7.5,7.11,7.16,36014.0,259448.0,TWSE_RWD_JSON_MI_INDEX,data/daily_price/daily_price_20241113.csv,7.288,7.453,7.4283,7.9958,7.3861,-1.5131,-3.6339,0.2801,0.8451,-27.3834,27964.05,1.2879,7.97,8.8,9.97,6.92,6.87,6.87,-3.9313,-3.6123,-10.4534,-3.0615,-10.1631,-18.6364,-28.1846,4.2213,4.2213
20241114,1512,瑞利,TWSE,7.16,7.3,7.0,7.3,22625.0,160297.0,TWSE_RWD_JSON_MI_INDEX,data/daily_price/daily_price_20241114.csv,7.272,7.4505,7.4283,7.9743,7.379,1.9553,-1.084,-0.6803,0.0,-26.1134,28141.2,0.804,7.97,8.8,9.97,6.92,6.87,6.87,-2.02,-1.7276,-8.4563,-1.0699,-8.4065,-17.0455,-26.7803,6.2591,6.2591
20241115,1512,瑞利,TWSE,7.05,7.2,7.02,7.2,20519.0,145264.0,TWSE_RWD_JSON_MI_INDEX,data/daily_price/daily_price_20241115.csv,7.242,7.438,7.4258,7.9528,7.364,-1.3699,-2.0408,-3.3557,-2.0408,-26.3804,27027.5,0.7592,7.97,8.8,9.91,6.92,6.87,6.87,-3.1998,-3.0412,-9.4662,-2.2275,-9.6612,-18.1818,-27.3461,4.8035,4.8035
20241118,1512,瑞利,TWSE,7.1,7.2,7.1,7.2,12007.0,85449.0,TWSE_RWD_JSON_MI_INDEX,data/daily_price/daily_price_20241118.csv,7.226,7.438,7.4243,7.9304,7.3504,0.0,-1.0989,0.0,-1.2346,-27.1992,25934.8,0.463,7.97,8.8,9.88,6.92,6.87,6.87,-3.1998,-3.0216,-9.2103,-2.0457,-9.6612,-18.1818,-27.1255,4.8035,4.8035
20241119,1512,瑞利,TWSE,7.1,7.18,7.1,7.18,6354.0,45001.0,TWSE_RWD_CSV_MI_INDEX,data/daily_price/daily_price_20241119.csv,7.208,7.4035,7.4255,7.908,7.3362,-0.2778,-1.238,-8.7675,0.9845,-27.2543,20653.75,0.3076,7.97,8.8,9.88,6.92,6.87,6.87,-3.0188,-3.3062,-9.2059,-2.1288,-9.9122,-18.4091,-27.3279,4.5124,4.5124
20241120,1512,瑞利,TWSE,7.01,7.18,7.0,7.18,30018.0,210797.0,TWSE_RWD_JSON_MI_INDEX,data/daily_price/daily_price_20241120.csv,7.212,7.393,7.43,7.8857,7.3232,0.0,0.2793,-2.8417,3.9074,-27.1805,20547.1,1.4609,7.97,8.8,9.8,6.92,6.92,6.87,-2.8811,-3.3647,-8.9487,-1.9548,-9.9122,-18.4091,-26.7347,3.7572,4.5124
20241122,1512,瑞利,TWSE,7.01,7.1,6.95,7.01,50313.0,352247.0,TWSE_RWD_JSON_MI_INDEX,data/daily_price/daily_price_20241122.csv,7.154,7.362,7.4202,7.8637,7.2971,-2.3677,-3.9726,-8.1258,-7.7632,-27.3575,22010.35,2.2859,7.97,8.8,9.68,6.92,6.92,6.87,-4.7813,-5.5277,-10.8558,-3.9339,-12.0452,-20.3409,-27.5826,1.3006,2.0378
20241125,1512,瑞利,TWSE,7.23,7.23,6.95,7.05,13536.0,96084.0,TWSE_RWD_JSON_MI_INDEX,data/daily_price/daily_price_20241125.csv,7.124,7.3335,7.4002,7.8444,7.2765,0.5706,-2.0833,-7.4803,-14.5455,-24.6795,22435.95,0.6033,7.97,8.8,9.68,6.92,6.92,6.87,-3.8658,-4.7319,-10.1272,-3.1124,-11.5433,-19.8864,-27.1694,1.8786,2.6201
20241126,1512,瑞利,TWSE,7.0,7.0,6.76,6.83,55233.0,379636.0,TWSE_RWD_JSON_MI_INDEX,data/daily_price/daily_price_20241126.csv,7.05,7.2975,7.3768,7.8218,7.2393,-3.1206,-5.1389,-9.5364,-17.0109,-28.4817,24871.0,2.2208,7.97,8.45,9.68,6.76,6.76,6.76,-6.4063,-7.4128,-12.6794,-5.6534,-14.3036,-19.1716,-29.4421,1.0355,1.0355
20241127,1512,瑞利,TWSE,6.95,6.95,6.56,6.8,148028.0,989163.0,TWSE_RWD_JSON_MI_INDEX,data/daily_price/daily_price_20241127.csv,6.974,7.2575,7.3568,7.7995,7.2027,-0.4392,-5.2925,-10.5263,-15.0,-28.1943,30796.95,4.8066,7.97,7.97,9.68,6.56,6.56,6.56,-6.3038,-7.5689,-12.8149,-5.5904,-14.6801,-14.6801,-29.7521,3.6585,3.6585
20241128,1512,瑞利,TWSE,6.85,6.92,6.8,6.85,29013.0,198537.0,TWSE_RWD_JSON_MI_INDEX,data/daily_price/daily_price_20241128.csv,6.908,7.236,7.341,7.778,7.1733,0.7353,-4.5961,-5.9066,-12.1795,-27.3595,30717.2,0.9445,7.97,7.97,9.43,6.56,6.56,6.56,-5.3344,-6.6885,-11.9311,-4.5066,-14.0527,-14.0527,-27.3595,4.4207,4.4207
20241129,1512,瑞利,TWSE,6.59,7.23,6.59,7.02,88275.0,621237.0,TWSE_RWD_JSON_MI_INDEX,data/daily_price/daily_price_20241129.csv,6.91,7.2065,7.3313,7.7594,7.1605,2.4818,0.1427,-7.753,-7.6316,-24.1081,34078.15,2.5904,7.97,7.97,9.27,6.56,6.56,6.56,-2.5879,-4.2466,-9.5293,-1.9621,-11.9197,-11.9197,-24.2718,7.0122,7.0122
20241202,1512,瑞利,TWSE,7.02,7.26,7.02,7.02,48744.0,343220.0,TWSE_RWD_JSON_MI_INDEX,data/daily_price/daily_price_20241202.csv,6.904,7.1825,7.3187,7.7427,7.1488,0.0,-0.4255,-6.4,-9.7686,-22.2591,36210.35,1.3461,7.97,7.97,9.27,6.56,6.56,6.56,-2.2624,-4.0809,-9.3336,-1.8016,-11.9197,-11.9197,-24.2718,7.0122,7.0122
20241203,1512,瑞利,TWSE,6.97,7.1,6.93,7.05,31117.0,217399.0,TWSE_RWD_JSON_MI_INDEX,data/daily_price/daily_price_20241203.csv,6.948,7.1625,7.3083,7.7302,7.1406,0.4274,3.2211,-5.3691,-8.0834,-17.5439,37460.8,0.8307,7.97,7.97,9.27,6.56,6.56,6.56,-1.5707,-3.5348,-8.7989,-1.2682,-11.5433,-11.5433,-23.9482,7.4695,7.4695
20241204,1512,瑞利,TWSE,7.05,7.05,7.0,7.04,12468.0,87742.0,TWSE_RWD_JSON_MI_INDEX,data/daily_price/daily_price_20241204.csv,6.996,7.13,7.2978,7.7172,7.1322,-0.1418,3.5294,-8.4525,-8.2138,-18.1395,37004.0,0.3369,7.55,7.97,9.27,6.56,6.56,6.56,-1.2623,-3.533,-8.7748,-1.2924,-6.755,-11.6688,-24.0561,7.3171,7.3171
20241205,1512,瑞利,TWSE,7.0,7.03,6.88,7.03,43338.0,299429.0,TWSE_RWD_JSON_MI_INDEX,data/daily_price/daily_price_20241205.csv,7.032,7.11,7.2892,7.7028,7.1237,-0.142,2.6277,-5.3836,-6.8874,-19.6571,38040.0,1.1393,7.5,7.97,9.27,6.56,6.56,6.56,-1.1252,-3.5555,-8.7349,-1.3148,-6.2667,-11.7942,-24.164,7.1646,7.1646
20241206,1512,瑞利,TWSE,7.04,7.04,7.0,7.01,25115.0,176183.0,TWSE_RWD_JSON_MI_INDEX,data/daily_price/daily_price_20241206.csv,7.03,7.0915,7.2767,7.6871,7.1142,-0.2845,-0.1425,-5.0136,-9.6649,-21.236,37909.05,0.6625,7.5,7.97,9.27,6.56,6.56,6.56,-1.1493,-3.6647,-8.8081,-1.4646,-6.5333,-12.0452,-24.3797,6.8598,6.8598
20241209,1512,瑞利,TWSE,6.9,7.0,6.73,7.0,22487.0,153406.0,TWSE_RWD_JSON_MI_INDEX,data/daily_price/daily_price_20241209.csv,7.026,7.074,7.2668,7.6712,7.1047,-0.1427,-0.2849,-4.7619,-7.7734,-21.3483,37219.3,0.6042,7.5,7.97,9.27,6.56,6.56,6.56,-1.0461,-3.6719,-8.7502,-1.4733,-6.6667,-12.1706,-24.4876,6.7073,6.7073
20241210,1512,瑞利,TWSE,7.6,7.6,6.75,6.99,31328.0,215429.0,TWSE_RWD_JSON_MI_INDEX,data/daily_price/daily_price_20241210.csv,7.014,7.0595,7.2593,7.6574,7.0951,-0.1429,-0.8511,-3.9835,-6.0484,-19.1908,37620.9,0.8327,7.6,7.97,9.27,6.56,6.56,6.56,-0.9845,-3.7102,-8.716,-1.4816,-8.0263,-12.2961,-24.5955,6.5549,6.5549
20241211,1512,瑞利,TWSE,6.95,7.2,6.87,6.94,27003.0,188989.0,TWSE_RWD_JSON_MI_INDEX,data/daily_price/daily_price_20241211.csv,6.994,7.043,7.2475,7.6402,7.0822,-0.7153,-1.4205,-4.5392,-9.281,-22.8889,37676.75,0.7167,7.6,7.97,9.27,6.56,6.56,6.56,-1.4624,-4.2428,-9.1653,-2.0078,-8.6842,-12.9235,-25.1348,5.7927,5.7927
20241212,1512,瑞利,TWSE,6.7,6.9,6.7,6.76,68313.0,458684.0,TWSE_RWD_JSON_MI_INDEX,data/daily_price/daily_price_20241212.csv,6.94,7.023,7.2328,7.6201,7.0553,-2.5937,-3.8407,-5.5866,-11.5183,-26.3617,39291.7,1.7386,7.6,7.97,9.17,6.56,6.56,6.56,-3.7448,-6.5373,-11.2871,-4.1861,-11.0526,-15.1819,-26.2814,3.0488,3.0488
20241213,1512,瑞利,TWSE,6.79,6.89,6.7,6.72,46707.0,314995.0,TWSE_RWD_JSON_MI_INDEX,data/daily_price/daily_price_20241213.csv,6.882,6.994,7.219,7.6001,7.0274,-0.5917,-4.1369,-7.9452,-10.9934,-26.3158,40495.8,1.1534,7.6,7.97,9.0,6.56,6.56,6.56,-3.9176,-6.9123,-11.5799,-4.3743,-11.5789,-15.6838,-25.3333,2.439,2.439
20241216,1512,瑞利,TWSE,6.72,6.72,6.4,6.4,31015.0,203181.0,TWSE_RWD_JSON_MI_INDEX,data/daily_price/daily_price_20241216.csv,6.762,6.954,7.2015,7.5784,6.9751,-4.7619,-8.5714,-11.1111,-14.094,-28.8889,41020.6,0.7561,7.6,7.97,8.88,6.4,6.4,6.4,-7.9666,-11.1296,-15.5496,-8.2452,-15.7895,-19.6989,-27.9279,0.0,0.0
20241217,1512,瑞利,TWSE,6.5,6.55,6.24,6.55,34795.0,220557.0,TWSE_RWD_JSON_MI_INDEX,data/daily_price/daily_price_20241217.csv,6.674,6.9215,7.1865,7.5592,6.9397,2.3438,-6.2947,-9.0278,-12.0805,-26.0722,42160.0,0.8253,7.6,7.97,8.88,6.24,6.24,6.24,-5.3673,-8.8569,-13.3502,-5.6154,-13.8158,-17.8168,-26.2387,4.9679,4.9679
20241218,1512,瑞利,TWSE,6.55,6.6,6.55,6.6,5196.0,34073.0,TWSE_RWD_JSON_MI_INDEX,data/daily_price/daily_price_20241218.csv,6.606,6.8925,7.1733,7.5403,6.9114,0.7634,-4.8991,-8.078,-10.6901,-25.5079,42102.1,0.1234,7.6,7.97,8.88,6.24,6.24,6.24,-4.2437,-7.9926,-12.4707,-4.5053,-13.1579,-17.1895,-25.6757,5.7692,5.7692
20241219,1512,瑞利,TWSE,6.62,6.85,6.42,6.42,18161.0,119998.0,TWSE_RWD_JSON_MI_INDEX,data/daily_price/daily_price_20241219.csv,6.538,6.8545,7.157,7.5215,6.8704,-2.7273,-5.0296,-10.585,-13.2432,-26.0369,41509.25,0.4375,7.6,7.97,8.88,6.24,6.24,6.24,-6.3389,-10.2976,-14.6447,-6.5561,-15.5263,-19.4479,-27.7027,2.8846,2.8846
20241220,1512,瑞利,TWSE,6.58,6.59,6.4,6.4,28028.0,179928.0,TWSE_RWD_JSON_MI_INDEX,data/daily_price/daily_price_20241220.csv,6.474,6.824,7.1435,7.503,6.8312,-0.3115,-4.7619,-8.7019,-11.2344,-25.7541,40395.0,0.6938,7.6,7.97,8.88,6.24,6.24,6.24,-6.2134,-10.4081,-14.7008,-6.3126,-15.7895,-19.6989,-27.9279,2.5641,2.5641
20241223,1512,瑞利,TWSE,6.41,6.41,6.4,6.41,5737.0,36748.0,TWSE_RWD_JSON_MI_INDEX,data/daily_price/daily_price_20241223.csv,6.476,6.792,7.1307,7.4856,6.7961,0.1562,0.1562,-9.078,-10.7242,-24.5882,40005.05,0.1434,7.6,7.97,8.8,6.24,6.24,6.24,-5.6243,-10.1066,-14.3687,-5.6816,-15.6579,-19.5734,-27.1591,2.7244,2.7244
20241224,1512,瑞利,TWSE,6.42,6.51,6.42,6.49,21081.0,136613.0,TWSE_RWD_JSON_MI_INDEX,data/daily_price/daily_price_20241224.csv,6.464,6.775,7.1202,7.4688,6.7706,1.248,-0.916,-4.978,-8.8483,-23.6471,38297.45,0.5505,7.6,7.97,8.8,6.24,6.24,6.24,-4.2066,-8.8504,-13.1056,-4.1446,-14.6053,-18.5696,-26.25,4.0064,4.0064
20241225,1512,瑞利,TWSE,6.5,6.76,6.45,6.5,19744.0,129095.0,TWSE_RWD_JSON_MI_INDEX,data/daily_price/daily_price_20241225.csv,6.444,6.76,7.1077,7.4526,6.7481,0.1541,-1.5152,-4.4118,-10.3448,-23.0769,31883.25,0.6193,7.6,7.97,8.8,6.24,6.24,6.24,-3.8462,-8.5495,-12.7819,-3.6761,-14.4737,-18.4442,-26.1364,4.1667,4.1667
20241226,1512,瑞利,TWSE,6.6,7.05,6.5,6.75,42616.0,292697.0,TWSE_RWD_JSON_MI_INDEX,data/daily_price/daily_price_20241226.csv,6.51,6.755,7.1002,7.4382,6.7482,3.8462,5.1402,-1.4599,-6.25,-20.4009,32563.4,1.3087,7.6,7.97,8.8,6.24,6.24,6.24,-0.074,-4.9318,-9.2518,0.0263,-11.1842,-15.3074,-23.2955,8.1731,8.1731
20241227,1512,瑞利,TWSE,6.75,7.0,6.75,6.83,37628.0,258356.0,TWSE_RWD_JSON_MI_INDEX,data/daily_price/daily_price_20241227.csv,6.596,6.7455,7.094,7.4257,6.755,1.1852,6.7187,-2.7066,-5.1389,-18.0072,30031.05,1.253,7.6,7.97,8.8,6.24,6.24,6.24,1.2527,-3.7215,-8.0217,1.1097,-10.1316,-14.3036,-22.3864,9.4551,9.4551
20241230,1512,瑞利,TWSE,6.85,6.96,6.72,6.72,16365.0,110855.0,TWSE_RWD_JSON_MI_INDEX,data/daily_price/daily_price_20241230.csv,6.658,6.7305,7.0863,7.4115,6.7521,-1.6105,4.8362,-4.2735,-6.4067,-20.19,28412.1,0.576,7.6,7.97,8.8,6.24,6.24,6.24,-0.156,-5.1696,-9.3301,-0.4757,-11.5789,-15.6838,-23.6364,7.6923,7.6923
20241231,1512,瑞利,TWSE,6.72,6.99,6.72,6.98,43755.0,299298.0,TWSE_RWD_JSON_MI_INDEX,data/daily_price/daily_price_20241231.csv,6.756,6.727,7.0827,7.3997,6.7711,3.869,7.5501,-0.9929,-3.0556,-16.9048,29044.0,1.5065,7.6,7.97,8.8,6.24,6.24,6.24,3.761,-1.4495,-5.6714,3.085,-8.1579,-12.4216,-20.6818,11.859,11.859
20250102,1512,瑞利,TWSE,6.85,6.98,6.85,6.98,4732.0,32376.0,TWSE_RWD_JSON_MI_INDEX,data/daily_price/daily_price_20250102.csv,6.852,6.724,7.0807,7.3879,6.7885,0.0,7.3846,-0.8523,-1.6901,-16.8057,28657.2,0.1651,7.6,7.97,8.8,6.24,6.24,6.24,3.8073,-1.4217,-5.5214,2.8207,-8.1579,-12.4216,-20.6818,11.859,11.859
20250103,1512,瑞利,TWSE,6.98,7.0,6.98,7.0,24234.0,169215.0,TWSE_RWD_JSON_MI_INDEX,data/daily_price/daily_price_20250103.csv,6.902,6.7225,7.0782,7.3748,6.8061,0.2865,3.7037,-0.4267,-2.0979,-18.4149,27702.0,0.8748,7.6,7.97,8.8,6.24,6.24,6.24,4.1279,-1.1043,-5.0815,2.8483,-7.8947,-12.1706,-20.4545,12.1795,12.1795
20250106,1512,瑞利,TWSE,6.82,6.99,6.81,6.99,23108.0,158653.0,TWSE_RWD_CSV_MI_INDEX,data/daily_price/daily_price_20250106.csv,6.934,6.7215,7.0767,7.3632,6.8215,-0.1429,2.3426,-0.2853,-1.2712,-16.4875,27601.65,0.8372,7.6,7.97,8.8,6.24,6.24,6.24,3.9946,-1.2247,-5.0691,2.4707,-8.0263,-12.2961,-20.5682,12.0192,12.0192
20250107,1512,瑞利,TWSE,6.95,7.09,6.95,7.09,20005.0,139415.0,TWSE_RWD_JSON_MI_INDEX,data/daily_price/daily_price_20250107.csv,7.008,6.726,7.0765,7.3536,6.8438,1.4306,5.506,1.2857,-0.1408,-14.0606,27477.55,0.728,7.6,7.97,8.8,6.24,6.24,6.24,5.4118,0.1908,-3.5844,3.5968,-6.7105,-11.0414,-19.4318,13.6218,13.6218
20250108,1512,瑞利,TWSE,7.1,7.15,7.08,7.15,31021.0,221022.0,TWSE_RWD_JSON_MI_INDEX,data/daily_price/daily_price_20250108.csv,7.042,6.734,7.0773,7.3432,6.8694,0.8463,2.4355,2.289,0.7042,-14.881,27462.2,1.1296,7.2,7.97,8.8,6.24,6.24,6.24,6.1776,1.0268,-2.6306,4.0855,-0.6944,-10.2886,-18.75,14.5833,14.5833
20250109,1512,瑞利,TWSE,7.0,7.11,7.0,7.09,46305.0,327986.0,TWSE_RWD_JSON_MI_INDEX,data/daily_price/daily_price_20250109.csv,7.064,6.7415,7.0788,7.3319,6.8877,-0.8392,1.5759,2.1614,1.2857,-15.9953,28427.3,1.6289,7.15,7.97,8.8,6.24,6.24,6.24,5.1695,0.1577,-3.2995,2.9365,-0.8392,-11.0414,-19.4318,13.6218,13.6218
20250110,1512,瑞利,TWSE,6.95,7.1,6.95,7.09,22524.0,159289.0,TWSE_RWD_JSON_MI_INDEX,data/daily_price/daily_price_20250110.csv,7.082,6.758,7.078,7.321,6.9046,0.0,1.2857,4.8817,-0.7003,-15.5952,26137.85,0.8617,7.15,7.97,8.8,6.24,6.24,6.24,4.9127,0.1695,-3.1553,2.6852,-0.8392,-11.0414,-19.4318,13.6218,13.6218
20250113,1512,瑞利,TWSE,7.09,7.11,7.04,7.11,74819.0,529366.0,TWSE_RWD_JSON_MI_INDEX,data/daily_price/daily_price_20250113.csv,7.106,6.7775,7.074,7.3107,6.9217,0.2821,1.7167,5.8036,-3.2653,-14.8503,27543.45,2.7164,7.15,7.97,8.8,6.24,6.24,6.24,4.9059,0.5089,-2.7448,2.7202,-0.5594,-10.7905,-19.2045,13.9423,13.9423
20250114,1512,瑞利,TWSE,7.11,7.11,6.91,7.11,20026.0,140383.0,TWSE_RWD_JSON_MI_INDEX,data/daily_price/daily_price_20250114.csv,7.11,6.813,7.0683,7.3003,6.9374,0.0,0.2821,11.0937,-4.5638,-14.8503,26994.0,0.7419,7.15,7.97,8.8,6.24,6.24,6.24,4.3593,0.5895,-2.6072,2.4879,-0.5594,-10.7905,-19.2045,13.9423,13.9423
20250115,1512,瑞利,TWSE,7.11,7.11,7.11,7.11,2023.0,14374.0,TWSE_RWD_JSON_MI_INDEX,data/daily_price/daily_price_20250115.csv,7.102,6.841,7.0668,7.2896,6.9518,0.0,-0.5594,8.5496,-1.25,-15.3571,25355.4,0.0798,7.15,7.97,8.8,6.4,6.24,6.24,3.9322,0.6108,-2.4636,2.2759,-0.5594,-10.7905,-19.2045,13.9423,13.9423
20250116,1512,瑞利,TWSE,7.09,7.11,7.08,7.1,19088.0,135431.0,TWSE_RWD_JSON_MI_INDEX,data/daily_price/daily_price_20250116.csv,7.104,6.866,7.054,7.2791,6.9641,-0.1406,0.141,7.5758,-9.784,-15.0718,26050.0,0.7327,7.15,7.97,8.8,6.4,6.24,6.24,3.4081,0.6521,-2.4602,1.9509,-0.6993,-10.9159,-19.3182,13.7821,13.7821
20250117,1512,瑞利,TWSE,7.49,7.53,7.46,7.5,43085.0,322160.0,TWSE_RWD_JSON_MI_INDEX,data/daily_price/daily_price_20250117.csv,7.186,6.92,7.0558,7.2719,7.0088,5.6338,5.7828,16.8224,1.4885,-10.2871,27296.2,1.5784,7.53,7.97,8.8,6.4,6.24,6.24,8.3815,6.295,3.1365,7.0084,-0.3984,-5.8971,-14.7727,20.1923,20.1923
20250120,1512,瑞利,TWSE,7.11,7.27,7.0,7.27,56513.0,400826.0,TWSE_RWD_JSON_MI_INDEX,data/daily_price/daily_price_20250120.csv,7.218,6.9635,7.0498,7.2641,7.0306,-3.0667,2.2504,13.5937,-4.7182,-11.4495,28720.45,1.9677,7.53,7.97,8.8,6.4,6.24,6.24,4.4015,3.123,0.0815,3.4057,-3.4529,-8.7829,-17.3864,16.5064,16.5064
20250121,1512,瑞利,TWSE,7.27,7.27,7.1,7.23,66023.0,475942.0,TWSE_RWD_JSON_MI_INDEX,data/daily_price/daily_price_20250121.csv,7.242,7.0045,7.0433,7.256,7.0472,-0.5502,1.6878,12.7925,-5.1181,-11.8293,31734.75,2.0805,7.53,7.97,8.8,6.42,6.24,6.24,3.2194,2.6503,-0.3583,2.5942,-3.9841,-9.2848,-17.8409,15.8654,15.8654
20250122,1512,瑞利,TWSE,7.23,7.25,7.11,7.11,9722.0,69939.0,TWSE_RWD_JSON_MI_INDEX,data/daily_price/daily_price_20250122.csv,7.242,7.0355,7.036,7.2465,7.0524,-1.6598,0.0,9.5532,-5.8278,-13.8182,31166.8,0.3119,7.53,7.97,8.8,6.45,6.24,6.24,1.0589,1.0517,-1.8837,0.8165,-5.5777,-10.7905,-19.2045,13.9423,13.9423
20250203,1512,瑞利,TWSE,7.11,7.2,7.0,7.2,24076.0,169288.0,TWSE_RWD_JSON_MI_INDEX,data/daily_price/daily_price_20250203.csv,7.262,7.0705,7.0293,7.2379,7.0647,1.2658,1.4085,10.7692,-5.2632,-12.5152,31383.4,0.7672,7.53,7.97,8.8,6.5,6.24,6.24,1.8316,2.4279,-0.5239,1.915,-4.3825,-9.6612,-18.1818,15.3846,15.3846
20250204,1512,瑞利,TWSE,7.15,7.15,7.0,7.1,28046.0,197325.0,TWSE_RWD_JSON_MI_INDEX,data/daily_price/daily_price_20250204.csv,7.182,7.088,7.0263,7.2285,7.0677,-1.3889,-5.3333,5.1852,-2.4725,-13.7303,30654.9,0.9149,7.53,7.97,8.8,6.72,6.24,6.24,0.1693,1.0484,-1.7777,0.4577,-5.7105,-10.9159,-19.3182,13.7821,13.7821
20250205,1512,瑞利,TWSE,7.0,7.06,6.61,7.06,25041.0,171328.0,TWSE_RWD_JSON_MI_INDEX,data/daily_price/daily_price_20250205.csv,7.14,7.0995,7.0172,7.2206,7.067,-0.5634,-2.8886,3.3675,-7.2273,-11.8602,30025.55,0.834,7.53,7.97,8.8,6.61,6.24,6.24,-0.5564,0.6104,-2.224,-0.0993,-6.2417,-11.4178,-19.7727,13.141,13.141
20250206,1512,瑞利,TWSE,7.0,7.02,6.76,7.02,14028.0,96695.0,TWSE_RWD_JSON_MI_INDEX,data/daily_price/daily_price_20250206.csv,7.098,7.1145,7.0092,7.2124,7.0631,-0.5666,-2.9046,4.4643,-6.4,-12.25,29908.7,0.469,7.53,7.97,8.8,6.61,6.24,6.24,-1.3283,0.1546,-2.6679,-0.6102,-6.7729,-11.9197,-20.2273,12.5,12.5
20250207,1512,瑞利,TWSE,6.82,7.0,6.82,6.98,24826.0,172679.0,TWSE_RWD_JSON_MI_INDEX,data/daily_price/daily_price_20250207.csv,7.072,7.1145,7.0013,7.2041,7.0562,-0.5698,-1.8284,0.0,-6.3087,-12.5313,28962.25,0.8572,7.53,7.97,8.8,6.61,6.24,6.24,-1.8905,-0.3047,-3.1105,-1.0795,-7.3041,-12.4216,-20.6818,11.859,11.859
20250210,1512,瑞利,TWSE,6.9,7.0,6.9,7.0,16072.0,111978.0,TWSE_RWD_JSON_MI_INDEX,data/daily_price/daily_price_20250210.csv,7.032,7.1155,6.9898,7.2016,7.0515,0.2865,-2.7778,0.2865,-8.9727,-4.1096,29529.25,0.5443,7.53,7.6,8.8,6.61,6.24,6.24,-1.6232,0.1454,-2.7992,-0.7302,-7.0385,-7.8947,-20.4545,12.1795,12.1795
20250211,1512,瑞利,TWSE,7.5,7.5,6.98,7.0,51042.0,359835.0,TWSE_RWD_JSON_MI_INDEX,data/daily_price/daily_price_20250211.csv,7.012,7.1155,6.9827,7.1991,7.0472,0.0,-1.4085,0.0,-5.7873,-4.1096,30869.65,1.6535,7.53,7.6,8.8,6.61,6.24,6.24,-1.6232,0.2482,-2.7654,-0.6698,-7.0385,-7.8947,-20.4545,12.1795,12.1795
20250212,1512,瑞利,TWSE,7.0,7.14,6.95,7.1,42777.0,299347.0,TWSE_RWD_JSON_MI_INDEX,data/daily_price/daily_price_20250212.csv,7.02,7.121,6.978,7.1989,7.0516,1.4286,0.5666,1.5737,-3.794,-0.2809,31853.1,1.3429,7.53,7.6,8.8,6.61,6.24,6.24,-0.2949,1.7484,-1.374,0.6863,-5.7105,-6.5789,-19.3182,13.7821,13.7821
20250213,1512,瑞利,TWSE,7.1,7.1,7.0,7.03,33168.0,232769.0,TWSE_RWD_JSON_MI_INDEX,data/daily_price/daily_price_20250213.csv,7.022,7.118,6.9727,7.1982,7.0498,-0.9859,0.1425,-0.8463,-4.3537,-1.264,32511.25,1.0202,7.53,7.6,8.8,6.61,6.24,6.24,-1.2363,0.8223,-2.3362,-0.2809,-6.6401,-7.5,-20.1136,12.6603,12.6603
20250214,1512,瑞利,TWSE,7.03,7.07,6.9,6.91,19722.0,137816.0,TWSE_RWD_JSON_MI_INDEX,data/daily_price/daily_price_20250214.csv,7.008,7.106,6.9665,7.197,7.0382,-1.707,-1.0029,-3.3566,-5.0824,-1.9858,31946.3,0.6173,7.53,7.6,8.8,6.61,6.24,6.24,-2.7582,-0.811,-3.9878,-1.8208,-8.2337,-9.0789,-21.4773,10.7372,10.7372
20250217,1512,瑞利,TWSE,6.95,7.07,6.95,7.06,32296.0,225403.0,TWSE_RWD_JSON_MI_INDEX,data/daily_price/daily_price_20250217.csv,7.02,7.1045,6.963,7.1952,7.04,2.1708,0.8571,-0.4231,-2.8886,-3.022,31245.85,1.0336,7.53,7.6,8.8,6.61,6.24,6.24,-0.6264,1.3931,-1.8786,0.2845,-6.2417,-7.1053,-19.7727,13.141,13.141
20250218,1512,瑞利,TWSE,7.06,7.06,6.95,7.03,26050.0,182222.0,TWSE_RWD_JSON_MI_INDEX,data/daily_price/daily_price_20250218.csv,7.026,7.1015,6.9608,7.1946,7.0391,-0.4249,0.4286,-0.8463,-1.8156,-0.9859,31422.15,0.829,7.53,7.6,8.8,6.61,6.24,6.24,-1.0068,0.9937,-2.2876,-0.1299,-6.6401,-7.5,-20.1136,12.6603,12.6603
20250219,1512,瑞利,TWSE,7.32,7.32,6.91,7.04,52054.0,366006.0,TWSE_RWD_JSON_MI_INDEX,data/daily_price/daily_price_20250219.csv,7.014,7.098,6.9565,7.1924,7.0392,0.1422,-0.8451,-0.9845,-3.5616,-3.5616,30283.9,1.7189,7.53,7.6,8.8,6.61,6.24,6.24,-0.8171,1.2003,-2.1191,0.0112,-6.5073,-7.3684,-20.0,12.8205,12.8205
20250220,1512,瑞利,TWSE,6.9,7.08,6.9,7.08,27568.0,192864.0,TWSE_RWD_JSON_MI_INDEX,data/daily_price/daily_price_20250220.csv,7.024,7.0965,6.9545,7.1902,7.0426,0.5682,0.7112,-0.4219,-1.6667,-3.6735,30661.0,0.8991,7.53,7.6,8.8,6.61,6.24,6.24,-0.2325,1.8046,-1.5322,0.5309,-5.9761,-6.8421,-19.5455,13.4615,13.4615
20250221,1512,瑞利,TWSE,7.05,7.09,6.99,7.09,44352.0,311713.0,TWSE_RWD_CSV_MI_INDEX,data/daily_price/daily_price_20250221.csv,7.06,7.0955,6.9527,7.1885,7.0466,0.1412,2.6049,-0.2813,-1.5278,-2.7435,32777.45,1.3531,7.53,7.6,8.8,6.61,6.24,6.24,-0.0775,1.9753,-1.3702,0.6165,-5.8433,-6.7105,-19.4318,13.6218,13.6218
20250224,1512,瑞利,TWSE,7.09,7.09,7.0,7.07,24166.0,169672.0,TWSE_RWD_JSON_MI_INDEX,data/daily_price/daily_price_20250224.csv,7.062,7.094,6.9508,7.1882,7.0485,-0.2821,0.1416,-0.4225,-1.532,-0.5626,33031.35,0.7316,7.53,7.6,8.8,6.61,6.24,6.24,-0.3383,1.7144,-1.6439,0.3048,-6.1089,-6.9737,-19.6591,13.3013,13.3013
20250225,1512,瑞利,TWSE,7.15,7.15,6.9,7.0,27198.0,190871.0,TWSE_RWD_JSON_MI_INDEX,data/daily_price/daily_price_20250225.csv,7.056,7.069,6.9478,7.1889,7.0445,-0.9901,-0.4267,-6.6667,-2.507,1.3025,32237.0,0.8437,7.5,7.6,8.8,6.61,6.24,6.24,-0.9761,0.7508,-2.6279,-0.6313,-6.6667,-7.8947,-20.4545,12.1795,12.1795
20250226,1512,瑞利,TWSE,7.0,7.15,7.0,7.1,28633.0,202124.0,TWSE_RWD_JSON_MI_INDEX,data/daily_price/daily_price_20250226.csv,7.068,7.0605,6.9493,7.1848,7.0491,1.4286,0.8523,-2.3384,1.2839,-6.5789,30843.0,0.9283,7.5,7.6,8.8,6.61,6.24,6.24,0.5595,2.1681,-1.1796,0.7221,-5.3333,-6.5789,-19.3182,13.7821,13.7821
20250227,1512,瑞利,TWSE,7.06,7.06,6.95,7.03,26050.0,182222.0,TWSE_RWD_JSON_MI_INDEX,data/daily_price/daily_price_20250227.csv,7.058,7.0505,6.949,7.1746,7.0475,-0.9859,-0.7062,-2.7663,-0.2837,-14.7879,28844.35,0.9031,7.5,7.6,8.8,6.61,6.24,6.24,-0.2908,1.1656,-2.0152,-0.2484,-6.2667,-7.5,-20.1136,12.6603,12.6603
20250303,1512,瑞利,TWSE,6.95,7.1,6.9,7.1,52032.0,366704.0,TWSE_RWD_JSON_MI_INDEX,data/daily_price/daily_price_20250303.csv,7.06,7.05,6.9535,7.1652,7.0519,0.9957,0.141,-0.1406,3.9531,-13.7303,30959.85,1.6806,7.5,7.6,8.45,6.61,6.24,6.24,0.7092,2.1069,-0.9095,0.6824,-5.3333,-6.5789,-15.9763,13.7821,13.7821
20250304,1512,瑞利,TWSE,7.09,7.1,7.09,7.1,7077.0,50208.0,TWSE_RWD_JSON_MI_INDEX,data/daily_price/daily_price_20250304.csv,7.066,7.045,6.9585,7.1577,7.0559,0.0,0.4243,-1.3889,4.4118,-11.25,30109.9,0.235,7.5,7.6,7.97,6.61,6.24,6.24,0.7807,2.0335,-0.8057,0.6251,-5.3333,-6.5789,-10.9159,13.7821,13.7821
20250305,1512,瑞利,TWSE,6.93,7.02,6.93,7.02,7580.0,52994.0,TWSE_RWD_JSON_MI_INDEX,data/daily_price/daily_price_20250305.csv,7.07,7.041,6.9613,7.1512,7.0529,-1.1268,0.2857,-1.1268,2.4818,-10.0,29086.6,0.2606,7.5,7.6,7.97,6.61,6.24,6.24,-0.2983,0.8428,-1.8342,-0.4665,-6.4,-7.6316,-11.9197,12.5,12.5
20250306,1512,瑞利,TWSE,7.02,7.02,7.01,7.02,14365.0,100811.0,TWSE_RWD_JSON_MI_INDEX,data/daily_price/daily_price_20250306.csv,7.054,7.039,6.9613,7.1463,7.0502,0.0,-1.1268,-0.5666,0.0,-7.6316,28552.8,0.5031,7.5,7.6,7.97,6.76,6.24,6.24,-0.2699,0.8428,-1.7678,-0.4278,-6.4,-7.6316,-11.9197,12.5,12.5
20250307,1512,瑞利,TWSE,7.38,7.38,7.1,7.14,26134.0,187048.0,TWSE_RWD_JSON_MI_INDEX,data/daily_price/daily_price_20250307.csv,7.076,7.045,6.9633,7.141,7.0576,1.7094,1.5647,1.7094,1.7094,-8.2262,29158.1,0.8963,7.5,7.6,7.97,6.82,6.24,6.24,1.3485,2.5371,-0.014,1.1669,-4.8,-6.0526,-10.4141,14.4231,14.4231
20250310,1512,瑞利,TWSE,7.13,7.25,7.13,7.19,62490.0,449750.0,TWSE_RWD_JSON_MI_INDEX,data/daily_price/daily_price_20250310.csv,7.094,7.0555,6.9657,7.137,7.0687,0.7003,1.2676,3.0086,1.9858,-6.2581,31041.3,2.0131,7.5,7.6,7.97,6.9,6.24,6.24,1.9063,3.2206,0.7426,1.7164,-4.1333,-5.3947,-9.7867,15.2244,15.2244
20250311,1512,瑞利,TWSE,7.06,7.07,6.78,7.07,18057.0,125979.0,TWSE_RWD_JSON_MI_INDEX,data/daily_price/daily_price_20250311.csv,7.088,7.059,6.9662,7.132,7.0688,-1.669,-0.4225,1.0,0.4261,-7.8227,31140.55,0.5799,7.5,7.6,7.97,6.78,6.24,6.24,0.1558,1.4905,-0.8693,0.0172,-5.7333,-6.9737,-11.2923,13.3013,13.3013
20250312,1512,瑞利,TWSE,7.1,7.1,6.95,6.95,16070.0,112652.0,TWSE_RWD_JSON_MI_INDEX,data/daily_price/daily_price_20250312.csv,7.074,7.0565,6.9648,7.127,7.0589,-1.6973,-0.9972,-0.7143,-1.138,-7.947,29391.95,0.5467,7.38,7.6,7.97,6.78,6.24,6.24,-1.5092,-0.213,-2.4835,-1.5425,-5.8266,-8.5526,-12.798,11.3782,11.3782
20250313,1512,瑞利,TWSE,7.0,7.0,7.0,7.0,1071.0,7470.0,TWSE_RWD_JSON_MI_INDEX,data/daily_price/daily_price_20250313.csv,7.07,7.0515,6.9647,7.1207,7.054,0.7194,-0.2849,-1.4085,-0.1427,-9.7938,27306.65,0.0392,7.38,7.6,7.97,6.78,6.24,6.24,-0.7303,0.5073,-1.6946,-0.7652,-5.1491,-7.8947,-12.1706,12.1795,12.1795
20250314,1512,瑞利,TWSE,7.0,7.0,7.0,7.0,9066.0,63436.0,TWSE_RWD_JSON_MI_INDEX,data/daily_price/daily_price_20250314.csv,7.042,7.05,6.9647,7.1158,7.0495,0.0,-1.9608,-0.4267,0.0,-7.7734,26101.55,0.3473,7.38,7.6,7.97,6.78,6.24,6.24,-0.7092,0.5073,-1.6267,-0.7019,-5.1491,-7.8947,-12.1706,12.1795,12.1795
20250317,1512,瑞利,TWSE,7.0,7.0,6.91,6.96,17056.0,119087.0,TWSE_RWD_JSON_MI_INDEX,data/daily_price/daily_price_20250317.csv,6.996,7.0525,6.9642,7.1118,7.042,-0.5714,-3.1989,0.7236,-0.4292,-6.4516,25968.25,0.6568,7.38,7.53,7.97,6.78,6.24,6.24,-1.3116,-0.0598,-2.1338,-1.1648,-5.6911,-7.5697,-12.6725,11.5385,11.5385
20250318,1512,瑞利,TWSE,6.96,6.99,6.77,6.96,29050.0,201016.0,TWSE_RWD_JSON_MI_INDEX,data/daily_price/daily_price_20250318.csv,6.974,7.0475,6.9645,7.106,7.0352,0.0,-1.5559,-1.4164,0.2882,-9.0196,25805.95,1.1257,7.38,7.53,7.97,6.77,6.24,6.24,-1.2416,-0.0646,-2.0546,-1.0688,-5.6911,-7.5697,-12.6725,11.5385,11.5385
20250319,1512,瑞利,TWSE,6.66,6.88,6.65,6.68,31397.0,210043.0,TWSE_RWD_JSON_MI_INDEX,data/daily_price/daily_price_20250319.csv,6.92,7.03,6.9632,7.098,7.0056,-4.023,-3.8849,-4.9787,-1.1834,-12.5654,26073.3,1.2042,7.38,7.53,7.97,6.65,6.24,6.24,-4.9787,-4.0666,-5.889,-4.6476,-9.4851,-11.2882,-16.1857,7.0513,7.0513
20250320,1512,瑞利,TWSE,6.75,7.16,6.68,7.13,163505.0,1150198.0,TWSE_RWD_JSON_MI_INDEX,data/daily_price/daily_price_20250320.csv,6.946,7.0345,6.97,7.0945,7.016,6.7365,1.8571,1.2784,6.1012,-5.5629,31645.85,5.1667,7.38,7.53,7.97,6.65,6.24,6.24,1.3576,2.2956,0.5004,1.6255,-3.3875,-5.3121,-10.5395,14.2628,14.2628
20250321,1512,瑞利,TWSE,6.97,7.09,6.9,7.09,30826.0,213889.0,TWSE_RWD_JSON_MI_INDEX,data/daily_price/daily_price_20250321.csv,6.964,7.035,6.9815,7.0915,7.0221,-0.561,1.2857,0.1412,10.7812,-4.8322,31808.75,0.9691,7.38,7.53,7.97,6.65,6.24,6.24,0.7818,1.5541,-0.0212,0.9666,-3.9295,-5.8433,-11.0414,13.6218,13.6218
20250324,1512,瑞利,TWSE,7.05,7.17,7.01,7.17,42875.0,305233.0,TWSE_RWD_JSON_MI_INDEX,data/daily_price/daily_price_20250324.csv,7.006,7.039,6.9918,7.0892,7.0345,1.1283,3.0172,1.1283,9.4656,-3.7584,31734.9,1.351,7.38,7.53,7.97,6.65,6.4,6.24,1.8611,2.5482,1.1402,1.9269,-2.8455,-4.7809,-10.0376,12.0312,14.9038
20250325,1512,瑞利,TWSE,6.79,7.1,6.79,6.86,34390.0,235572.0,TWSE_RWD_JSON_MI_INDEX,data/daily_price/daily_price_20250325.csv,6.986,7.0285,6.9962,7.0848,7.0199,-4.3236,-1.4368,-2.9703,3.9394,-7.1719,32246.1,1.0665,7.38,7.53,7.97,6.65,6.4,6.24,-2.3974,-1.9463,-3.1723,-2.278,-7.0461,-8.8977,-13.9272,7.1875,9.9359
20250326,1512,瑞利,TWSE,7.09,7.13,6.92,7.12,16388.0,116294.0,TWSE_RWD_JSON_MI_INDEX,data/daily_price/daily_price_20250326.csv,7.074,7.0345,7.0078,7.0824,7.0283,3.7901,6.5868,1.7143,10.9034,-3.7838,31705.6,0.5169,7.38,7.53,7.97,6.65,6.4,6.24,1.2154,1.6006,0.5307,1.3054,-3.523,-5.4449,-10.665,11.25,14.1026
20250327,1512,瑞利,TWSE,7.0,7.01,7.0,7.0,9633.0,67441.0,TWSE_RWD_JSON_MI_INDEX,data/daily_price/daily_price_20250327.csv,7.048,7.0295,7.0178,7.0807,7.0259,-1.6854,-1.8233,-1.4085,9.375,-2.9126,30755.6,0.3132,7.38,7.53,7.97,6.65,6.4,6.24,-0.4197,-0.2541,-1.1393,-0.3686,-5.1491,-7.0385,-12.1706,9.375,12.1795
20250328,1512,瑞利,TWSE,6.99,6.99,6.99,6.99,3707.0,25932.0,TWSE_RWD_JSON_MI_INDEX,data/daily_price/daily_price_20250328.csv,7.028,7.0275,7.0275,7.0791,7.0229,-0.1429,-1.4104,-0.569,9.0484,-2.6462,29638.45,0.1251,7.38,7.53,7.97,6.65,6.42,6.24,-0.5336,-0.5336,-1.2584,-0.4686,-5.2846,-7.1713,-12.2961,8.8785,12.0192
20250331,1512,瑞利,TWSE,7.0,7.0,6.7,6.98,21476.0,149316.0,TWSE_RWD_JSON_MI_INDEX,data/daily_price/daily_price_20250331.csv,6.99,7.0215,7.0357,7.0779,7.0193,-0.1431,-2.6499,-1.6901,7.5501,-1.9663,28110.65,0.764,7.38,7.53,7.97,6.65,6.45,6.24,-0.591,-0.7912,-1.3834,-0.5603,-5.4201,-7.3041,-12.4216,8.2171,11.859
20250401,1512,瑞利,TWSE,6.98,6.99,6.8,6.98,126820.0,863305.0,TWSE_RWD_JSON_MI_INDEX,data/daily_price/daily_price_20250401.csv,7.014,7.0155,7.0437,7.0757,7.0161,0.0,1.7493,-1.6901,7.3846,-3.7241,34097.8,3.7193,7.38,7.53,7.97,6.65,6.5,6.24,-0.506,-0.9039,-1.3521,-0.5139,-5.4201,-7.3041,-12.4216,7.3846,11.859
20250402,1512,瑞利,TWSE,6.97,6.97,6.97,6.97,1861.0,12660.0,TWSE_RWD_JSON_MI_INDEX,data/daily_price/daily_price_20250402.csv,6.984,7.013,7.0473,7.0738,7.0122,-0.1433,-2.1067,-0.7123,3.2593,-3.1944,33811.85,0.055,7.38,7.53,7.97,6.65,6.61,6.24,-0.6131,-1.0973,-1.4667,-0.602,-5.5556,-7.4369,-12.5471,5.4463,11.6987
20250407,1512,瑞利,listed,6.28,6.39,6.28,6.28,75510.0,475376.0,,data/daily_price/20250407.csv,6.84,6.976,7.0382,7.0661,6.9512,-9.8996,-10.2857,-10.5413,-8.0527,-12.7778,36869.1,2.0481,7.38,7.53,7.97,6.28,6.28,6.24,-9.9771,-10.7722,-11.1247,-9.6559,-14.9051,-16.6003,-21.2045,0.0,0.641
20250408,1512,瑞利,listed,6.27,6.3,5.87,6.28,94192.0,581718.0,,data/daily_price/20250408.csv,6.698,6.933,7.0308,7.0586,6.8953,0.0,-10.1574,-12.0448,-6.5476,-12.5348,40272.0,2.3389,7.25,7.53,7.97,5.87,5.87,5.87,-9.4187,-10.6792,-11.0303,-8.923,-13.3793,-16.6003,-21.2045,6.9847,6.9847
20250409,1512,瑞利,listed,5.92,5.92,5.66,5.66,54363.0,309501.0,,data/daily_price/20250409.csv,6.434,6.8565,7.0088,7.0458,6.7923,-9.8726,-18.9112,-21.2796,-18.9112,-21.3889,39865.65,1.3637,7.17,7.53,7.97,5.66,5.66,5.66,-17.4506,-19.2448,-19.6679,-16.6707,-21.06,-24.834,-28.9837,0.0,0.0
20250410,1512,瑞利,listed,6.22,6.22,6.22,6.22,55623.0,345627.0,,data/daily_price/20250410.csv,6.282,6.814,6.9962,7.0384,6.7446,9.894,-10.8883,-12.0226,-10.8883,-12.3944,41743.95,1.3325,7.17,7.53,7.97,5.66,5.66,5.66,-8.7173,-11.0942,-11.6279,-7.7785,-13.2497,-17.3971,-21.9573,9.894,9.894
20250414,1512,瑞利,listed,5.88,6.2,5.88,6.2,9010.0,53500.0,,data/daily_price/20250414.csv,6.128,6.7765,6.9828,7.0305,6.6992,-0.3215,-11.0473,-10.7914,-11.4286,-13.2867,41390.95,0.2177,7.17,7.53,7.97,5.66,5.66,5.66,-8.5073,-11.2108,-11.8128,-7.4523,-13.5286,-17.6627,-22.2083,9.5406,9.5406
20250415,1512,瑞利,listed,5.99,6.5,5.99,6.5,29057.0,184075.0,,data/daily_price/20250415.csv,6.172,6.7515,6.9747,7.0257,6.6826,4.8387,3.5032,-7.1429,-7.01,-8.1921,42790.25,0.6791,7.17,7.53,7.97,5.66,5.66,5.66,-3.7251,-6.8056,-7.4821,-2.7331,-9.3445,-13.6786,-18.4442,14.841,14.841
20250416,1512,瑞利,listed,6.23,6.23,6.22,6.23,23678.0,147425.0,,data/daily_price/20250416.csv,6.162,6.713,6.9603,7.0184,6.6449,-4.1538,-0.7962,-11.0,-12.1298,-12.2535,43520.85,0.5441,7.17,7.53,7.97,5.66,5.66,5.66,-7.195,-10.4928,-11.2335,-6.2442,-13.1102,-17.2643,-21.8319,10.0707,10.0707
20250417,1512,瑞利,listed,6.17,6.31,6.15,6.23,29002.0,179922.0,,data/daily_price/20250417.csv,6.276,6.6765,6.945,7.0112,6.6103,0.0,10.0707,-10.4885,-12.8671,-12.2535,44118.15,0.6574,7.17,7.53,7.97,5.66,5.66,5.66,-6.6876,-10.2952,-11.1418,-5.7538,-13.1102,-17.2643,-21.8319,10.0707,10.0707
20250418,1512,瑞利,listed,6.23,6.3,6.23,6.3,14013.0,87935.0,,data/daily_price/20250418.csv,6.292,6.6435,6.9318,7.0053,6.5845,1.1236,1.2862,-9.4828,-11.1425,-10.0,43366.3,0.3231,7.17,7.53,7.97,5.66,5.66,5.66,-5.1705,-9.115,-10.0685,-4.3205,-12.1339,-16.3347,-20.9536,11.3074,11.3074
20250421,1512,瑞利,listed,6.2,6.29,6.2,6.29,11015.0,68400.0,,data/daily_price/20250421.csv,6.31,6.624,6.9185,6.9982,6.5599,-0.1587,1.4516,-5.8383,-11.2835,-11.9048,42347.2,0.2601,7.17,7.53,7.97,5.66,5.66,5.66,-5.0423,-9.0843,-10.1204,-4.115,-12.2734,-16.4675,-21.079,11.1307,11.1307
20250422,1512,瑞利,listed,5.9,6.3,5.9,6.29,29006.0,179716.0,,data/daily_price/20250422.csv,6.268,6.582,6.9048,6.9894,6.5374,0.0,-3.2308,-11.7812,-11.5331,-14.4218,35622.25,0.8143,7.17,7.53,7.97,5.66,5.66,5.66,-4.4363,-8.9044,-10.0068,-3.7851,-12.2734,-16.4675,-21.079,11.1307,11.1307
20250423,1512,瑞利,listed,6.35,6.35,6.29,6.3,34518.0,218708.0,,data/daily_price/20250423.csv,6.282,6.5425,6.8913,6.9798,6.5177,0.159,1.1236,-11.1425,-11.3924,-15.4362,35806.85,0.964,7.17,7.53,7.97,5.66,5.66,5.66,-3.7065,-8.5808,-9.74,-3.3395,-12.1339,-16.3347,-20.9536,11.3074,11.3074
20250424,1512,瑞利,listed,6.5,6.93,6.45,6.93,65028.0,437567.0,,data/daily_price/20250424.csv,6.422,6.5305,6.8883,6.9776,6.552,10.0,11.236,-3.3473,-2.5316,-3.75,36914.5,1.7616,7.13,7.53,7.97,5.66,5.66,5.66,6.1174,0.6049,-0.6819,5.7689,-2.805,-7.9681,-13.0489,22.4382,22.4382
20250425,1512,瑞利,listed,7.1,7.17,6.94,6.94,109003.0,767271.0,,data/daily_price/20250425.csv,6.55,6.5345,6.8857,6.9698,6.5844,0.1443,10.1587,1.1662,-2.2535,-11.817,40645.15,2.6818,7.17,7.53,7.97,5.66,5.66,5.66,6.2055,0.7891,-0.428,5.4014,-3.2078,-7.8353,-12.9235,22.6148,22.6148
20250428,1512,瑞利,listed,7.0,7.06,6.8,7.06,110403.0,772741.0,,data/daily_price/20250428.csv,6.704,6.5315,6.8783,6.9671,6.624,1.7291,12.2417,-0.8427,-5.8667,-4.4655,45345.9,2.4347,7.17,7.5,7.97,5.66,5.66,5.66,8.0916,2.6411,1.3337,6.5823,-1.5342,-5.8667,-11.4178,24.735,24.735
20250429,1512,瑞利,listed,7.15,7.15,7.02,7.09,112435.0,796984.0,,data/daily_price/20250429.csv,6.864,6.536,6.8753,6.9626,6.6628,0.4249,12.7186,1.2857,-2.4759,-7.0773,50486.0,2.2271,7.17,7.5,7.97,5.66,5.66,5.66,8.4761,3.1223,1.83,6.4113,-1.1158,-5.4667,-11.0414,25.265,25.265
20250430,1512,瑞利,listed,7.08,7.1,7.0,7.0,75003.0,528441.0,,data/daily_price/20250430.csv,7.004,6.5365,6.8715,6.9574,6.6909,-1.2694,11.1111,0.1431,-3.1812,-8.1365,54050.8,1.3876,7.17,7.5,7.97,5.66,5.66,5.66,7.091,1.87,0.6121,4.6194,-2.371,-6.6667,-12.1706,23.6749,23.6749
20250502,1512,瑞利,listed,7.0,7.13,7.0,7.13,70285.0,496304.0,,data/daily_price/20250502.csv,7.044,6.544,6.8718,6.9539,6.7275,1.8571,2.886,2.149,0.2813,-5.5629,56491.25,1.2442,7.17,7.5,7.97,5.66,5.66,5.66,8.9548,3.7569,2.5321,5.9827,-0.5579,-4.9333,-10.5395,25.9717,25.9717
20250505,1512,瑞利,listed,6.96,7.38,6.95,7.38,67323.0,477791.0,,data/daily_price/20250505.csv,7.132,6.564,6.8748,6.9521,6.7819,3.5063,6.3401,5.7307,2.5,-2.8947,53516.4,1.258,7.38,7.5,7.97,5.66,5.66,5.66,12.4314,7.3481,6.1552,8.8193,0.0,-1.6,-7.4028,30.3887,30.3887
20250506,1512,瑞利,listed,7.37,7.55,7.2,7.48,204413.0,1518729.0,,data/daily_price/20250506.csv,7.216,6.5895,6.8812,6.9538,6.8401,1.355,5.949,7.3171,5.3521,2.7473,63644.0,3.2118,7.55,7.55,7.97,5.66,5.66,5.66,13.5139,8.7025,7.5679,9.3557,-0.9272,-0.9272,-6.1481,32.1555,32.1555
20250507,1512,瑞利,listed,7.6,7.61,7.3,7.54,38208.0,286263.0,,data/daily_price/20250507.csv,7.306,6.6525,6.8892,6.9532,6.8984,0.8021,6.347,20.0637,6.7989,-0.9198,61778.9,0.6185,7.61,7.61,7.97,5.66,5.66,5.66,13.3408,9.4472,8.4398,9.3009,-0.9198,-0.9198,-5.3952,33.2155,33.2155
20250508,1512,瑞利,listed,7.53,8.29,7.53,8.0,482081.0,3894500.0,,data/daily_price/20250508.csv,7.506,6.7385,6.9055,6.9573,6.9902,6.1008,14.2857,27.3885,13.9601,6.6667,81173.35,5.9389,8.29,8.29,8.29,5.66,5.66,5.66,18.7208,15.8497,14.9866,14.4461,-3.4982,-3.4982,-3.4982,41.3428,41.3428
20250509,1512,瑞利,listed,8.4,8.4,8.01,8.35,185605.0,1547253.0,,data/daily_price/20250509.csv,7.75,6.873,6.9283,6.9648,7.1035,4.375,17.1108,47.5265,19.6275,12.0805,87735.45,2.1155,8.4,8.4,8.4,5.88,5.66,5.66,21.4899,20.5196,19.888,17.5475,-0.5952,-0.5952,-0.5952,47.5265,47.5265
20250512,1512,瑞利,listed,7.92,8.34,7.92,8.34,72252.0,596346.0,,data/daily_price/20250512.csv,7.942,6.979,6.9507,6.9702,7.2065,-0.1198,13.0081,34.0836,19.1429,8.4525,88566.9,0.8158,8.4,8.4,8.4,5.88,5.66,5.66,19.5014,19.9885,19.6514,15.7281,-0.7143,-0.7143,-0.7143,47.3498,47.3498
20250513,1512,瑞利,listed,8.5,8.5,8.22,8.35,53668.0,450760.0,,data/daily_price/20250513.csv,8.116,7.0865,6.9732,6.9779,7.3018,0.1199,11.631,34.6774,19.2857,12.3822,90799.8,0.5911,8.5,8.5,8.5,5.9,5.66,5.66,17.8297,19.7447,19.6632,14.3548,-1.7647,-1.7647,-1.7647,47.5265,47.5265
20250514,1512,瑞利,listed,8.4,8.89,8.4,8.81,97582.0,851199.0,,data/daily_price/20250514.csv,8.37,7.202,7.0017,6.9898,7.4275,5.509,16.8435,35.5385,24.0845,19.3767,94226.05,1.0356,8.89,8.89,8.89,5.9,5.66,5.66,22.3271,25.8272,26.0402,18.613,-0.8999,-0.8999,-0.8999,55.6537,55.6537
20250515,1512,瑞利,listed,9.3,9.4,8.86,9.1,200336.0,1831061.0,,data/daily_price/20250515.csv,8.59,7.3455,7.0362,7.0044,7.5669,3.2917,13.75,46.0674,29.4452,23.8095,103058.95,1.9439,9.4,9.4,9.4,5.9,5.66,5.66,23.8854,29.3318,29.918,20.2607,-3.1915,-3.1915,-3.1915,60.7774,60.7774
20250516,1512,瑞利,listed,9.32,9.39,9.16,9.28,154571.0,1435567.0,,data/daily_price/20250516.csv,8.776,7.498,7.0757,7.0211,7.7097,1.978,11.1377,48.9567,34.2981,27.4725,109337.4,1.4137,9.4,9.4,9.4,5.9,5.66,5.66,23.7663,31.1537,32.1733,20.3686,-1.2766,-1.2766,-1.2766,63.9576,63.9576
20250519,1512,瑞利,listed,9.23,10.2,9.23,9.98,312364.0,3036804.0,,data/daily_price/20250519.csv,9.104,7.682,7.1243,7.0437,7.8988,7.5431,19.6643,58.4127,41.3598,37.2765,124254.95,2.5139,10.2,10.2,10.2,5.9,5.66,5.66,29.9141,40.0833,41.6876,26.3476,-2.1569,-2.1569,-2.1569,76.3251,76.3251
20250520,1512,瑞利,listed,9.5,9.82,9.02,9.47,359619.0,3372020.0,,data/daily_price/20250520.csv,9.328,7.841,7.165,7.0629,8.0298,-5.1102,13.4132,50.5564,34.7084,32.2626,141685.15,2.5382,10.2,10.2,10.2,5.9,5.66,5.66,20.7754,32.1703,34.0806,17.936,-7.1569,-7.1569,-7.1569,67.3145,67.3145
20250522,1512,瑞利,listed,9.49,9.49,9.23,9.24,82618.0,768481.0,,data/daily_price/20250522.csv,9.414,7.9885,7.2017,7.0791,8.1306,-2.4287,4.8808,46.8998,31.25,26.5753,144365.75,0.5723,10.2,10.2,10.2,6.29,5.66,5.66,15.6663,28.3036,30.5254,13.6444,-9.4118,-9.4118,-9.4118,63.2509,63.2509
20250523,1512,瑞利,listed,9.27,9.3,8.85,9.07,198001.0,1792258.0,,data/daily_price/20250523.csv,9.408,8.127,7.2348,7.0947,8.2089,-1.8398,-0.3297,43.9683,28.1073,25.9722,152539.9,1.298,10.2,10.2,10.2,6.45,5.66,5.66,11.6033,25.3657,27.8425,10.4897,-11.0784,-11.0784,-11.0784,60.2473,60.2473
20250526,1512,瑞利,listed,9.0,9.0,8.88,8.88,89110.0,793188.0,,data/daily_price/20250526.csv,9.328,8.2245,7.2647,7.1087,8.2648,-2.0948,-4.3103,28.1385,25.2468,23.3333,153744.0,0.5796,10.2,10.2,10.2,6.8,5.66,5.66,7.9701,22.2355,24.9179,7.4432,-12.9412,-12.9412,-12.9412,56.8905,56.8905
20250527,1512,瑞利,listed,8.83,9.14,8.6,8.62,102614.0,897858.0,,data/daily_price/20250527.csv,9.056,8.3085,7.2905,7.1207,8.2944,-2.9279,-13.6273,24.2075,21.9236,20.0557,153424.55,0.6688,10.2,10.2,10.2,6.8,5.66,5.66,3.7492,18.2361,21.0561,3.9252,-15.4902,-15.4902,-15.4902,52.2968,52.2968
20250528,1512,瑞利,listed,8.6,8.6,7.94,7.94,193662.0,1573714.0,,data/daily_price/20250528.csv,8.75,8.3525,7.3062,7.127,8.2649,-7.8886,-16.1563,12.4646,13.4286,10.585,157587.5,1.2289,10.2,10.2,10.2,6.95,5.66,5.66,-4.9386,8.6753,11.4073,-3.931,-22.1569,-22.1569,-22.1569,40.2827,40.2827
20250529,1512,瑞利,listed,7.9,8.15,7.7,7.88,70071.0,548599.0,,data/daily_price/20250529.csv,8.478,8.392,7.3192,7.1342,8.2328,-0.7557,-14.7186,11.1425,10.9859,12.4108,155469.3,0.4507,10.2,10.2,10.2,6.95,5.66,5.66,-6.101,7.6625,10.4531,-4.2855,-22.7451,-22.7451,-22.7451,39.2226,39.2226
20250602,1512,瑞利,listed,7.61,7.81,7.37,7.5,85043.0,639819.0,,data/daily_price/20250602.csv,8.164,8.417,7.327,7.138,8.1718,-4.8223,-17.3098,7.1429,6.6856,6.383,155971.3,0.5452,10.2,10.2,10.2,6.95,5.66,5.66,-10.8946,2.3611,5.0714,-8.2204,-26.4706,-26.4706,-26.4706,32.5088,32.5088
20250603,1512,瑞利,listed,7.95,7.95,7.36,7.66,127596.0,962622.0,,data/daily_price/20250603.csv,7.92,8.4435,7.3363,7.1449,8.1291,2.1333,-13.7387,7.4334,7.8873,12.1523,158836.85,0.8033,10.2,10.2,10.2,6.95,5.66,5.66,-9.2793,4.4118,7.2091,-5.7707,-24.902,-24.902,-24.902,35.3357,35.3357
20250604,1512,瑞利,listed,7.59,8.1,7.59,8.0,204404.0,1618515.0,,data/daily_price/20250604.csv,7.796,8.4745,7.3513,7.1549,8.1183,4.4386,-7.1926,8.4011,12.6761,17.6471,165690.9,1.2336,10.2,10.2,10.2,7.2,5.66,5.66,-5.5992,8.8238,11.8112,-1.4578,-21.5686,-21.5686,-21.5686,41.3428,41.3428
20250605,1512,瑞利,listed,7.92,8.25,7.92,7.97,24790.0,198831.0,,data/daily_price/20250605.csv,7.802,8.499,7.3672,7.1642,8.106,-0.375,0.3778,6.5508,13.5328,16.3504,156709.75,0.1582,10.2,10.2,10.2,7.3,5.66,5.66,-6.2243,8.1827,11.2468,-1.6776,-21.8627,-21.8627,-21.8627,40.8127,40.8127
20250606,1512,瑞利,listed,7.89,7.89,7.64,7.8,87339.0,681467.0,,data/daily_price/20250606.csv,7.786,8.512,7.3802,7.1708,8.0805,-2.133,-1.0152,3.4483,11.1111,11.1111,159166.3,0.5487,10.2,10.2,10.2,7.36,5.66,5.66,-8.3647,5.6887,8.7752,-3.4711,-23.5294,-23.5294,-23.5294,37.8092,37.8092
20250609,1512,瑞利,listed,8.0,8.0,7.82,7.97,68535.0,545608.0,,data/daily_price/20250609.csv,7.88,8.5105,7.394,7.1787,8.0713,2.1795,6.2667,-0.375,11.6246,13.5328,138489.0,0.4949,10.2,10.2,10.2,7.36,5.66,5.66,-6.351,7.7901,11.0234,-1.2548,-21.8627,-21.8627,-21.8627,40.8127,40.8127
20250610,1512,瑞利,listed,7.81,8.05,7.81,8.03,38804.0,306345.0,,data/daily_price/20250610.csv,7.954,8.4945,7.408,7.1868,8.0678,0.7528,4.8303,-3.8323,11.6829,13.9007,131148.95,0.2959,10.2,10.2,10.2,7.36,5.66,5.66,-5.4682,8.3963,11.7321,-0.469,-21.2745,-21.2745,-21.2745,41.8728,41.8728
20250611,1512,瑞利,listed,8.04,8.04,7.9,7.92,22001.0,174528.0,,data/daily_price/20250611.csv,7.938,8.4735,7.4222,7.1942,8.0555,-1.3699,-1.0,-5.036,12.0226,12.5,128636.4,0.171,10.2,10.2,10.2,7.36,5.66,5.66,-6.5321,6.7074,10.0892,-1.6823,-22.3529,-22.3529,-22.3529,39.9293,39.9293
20250612,1512,瑞利,listed,7.92,7.95,7.88,7.9,25426.0,201447.0,,data/daily_price/20250612.csv,7.924,8.451,7.438,7.2014,8.0426,-0.2525,-0.8783,-5.3892,13.6691,12.3755,127224.3,0.1999,10.2,10.2,10.2,7.36,5.66,5.66,-6.5199,6.2113,9.7006,-1.7726,-22.549,-22.549,-22.549,39.576,39.576
20250613,1512,瑞利,listed,7.9,7.99,7.83,7.95,59040.0,464876.0,,data/daily_price/20250613.csv,7.954,8.408,7.4538,7.2092,8.0348,0.6329,1.9231,-9.7616,13.5714,13.4094,125297.2,0.4712,10.2,10.2,10.2,7.36,5.66,5.66,-5.4472,6.6565,10.275,-1.056,-22.0588,-22.0588,-22.0588,40.4594,40.4594
20250616,1512,瑞利,listed,7.9,7.9,7.7,7.84,35471.0,275510.0,,data/daily_price/20250616.csv,7.928,8.345,7.4678,7.2162,8.0186,-1.3836,-1.6311,-13.8462,12.0,12.0,117053.95,0.303,10.2,10.2,10.2,7.36,5.66,5.66,-6.0515,4.9836,8.6437,-2.2274,-23.1373,-23.1373,-23.1373,38.5159,38.5159
20250617,1512,瑞利,listed,7.65,7.82,7.57,7.82,30055.0,230868.0,,data/daily_price/20250617.csv,7.886,8.272,7.4822,7.2232,8.0021,-0.2551,-2.6152,-15.7328,12.3563,11.8741,110828.15,0.2712,10.2,10.2,10.2,7.36,5.66,5.66,-5.4642,4.5152,8.2628,-2.2751,-23.3333,-23.3333,-23.3333,38.1625,38.1625
20250618,1512,瑞利,listed,7.82,7.83,7.78,7.8,25796.0,201469.0,,data/daily_price/20250618.csv,7.862,8.163,7.4962,7.2303,7.9852,-0.2558,-1.5152,-21.8437,12.069,12.3919,96499.75,0.2673,9.82,10.2,10.2,7.36,5.66,5.66,-4.4469,4.0532,7.8788,-2.3195,-20.5703,-23.5294,-23.5294,37.8092,37.8092
20250619,1512,瑞利,listed,7.8,7.95,7.61,7.64,60000.0,460890.0,,data/daily_price/20250619.csv,7.81,8.0715,7.5122,7.2377,7.9565,-2.0513,-3.2911,-19.3242,14.3713,13.0178,81518.8,0.736,9.49,10.2,10.2,7.36,5.66,5.66,-5.346,1.7017,5.5589,-3.9773,-19.4942,-25.098,-25.098,34.9823,34.9823
20250620,1512,瑞利,listed,7.62,7.64,7.6,7.61,16280.0,124093.0,,data/daily_price/20250620.csv,7.742,7.99,7.5202,7.2451,7.9276,-0.3927,-4.2767,-17.6407,6.7321,13.244,78201.9,0.2082,9.3,10.2,10.2,7.36,5.66,5.66,-4.7559,1.1946,5.0367,-4.006,-18.172,-25.3922,-25.3922,34.4523,34.4523
20250623,1512,瑞利,listed,7.73,7.73,7.46,7.62,12584.0,95122.0,,data/daily_price/20250623.csv,7.698,7.9175,7.529,7.2552,7.9019,0.1314,-2.8061,-15.9868,7.4753,19.0625,68931.05,0.1826,9.14,10.2,10.2,7.36,5.66,5.66,-3.7575,1.2087,5.0274,-3.5681,-16.6302,-25.2941,-25.2941,34.629,34.629
20250624,1512,瑞利,listed,7.67,7.7,7.5,7.67,36605.0,276689.0,,data/daily_price/20250624.csv,7.668,7.857,7.5373,7.2646,7.8826,0.6562,-1.9182,-13.6261,6.9735,17.0992,66305.8,0.5521,9.14,10.2,10.2,7.36,5.66,5.66,-2.38,1.7601,5.5807,-2.6973,-16.0832,-24.8039,-24.8039,35.5124,35.5124
20250625,1512,瑞利,listed,7.66,7.67,7.6,7.67,14061.0,107523.0,,data/daily_price/20250625.csv,7.642,7.8095,7.5508,7.2735,7.8649,0.0,-1.6667,-11.0209,11.8076,16.2121,61878.15,0.2272,8.6,10.2,10.2,7.36,5.66,5.66,-1.7863,1.5782,5.4513,-2.4781,-10.814,-24.8039,-24.8039,35.5124,35.5124
20250626,1512,瑞利,listed,7.67,7.74,7.56,7.66,45367.0,346275.0,,data/daily_price/20250626.csv,7.646,7.7955,7.5598,7.2838,7.8478,-0.1304,0.2618,-3.5264,7.5843,19.3146,54463.4,0.833,8.25,10.2,10.2,7.36,5.66,5.66,-1.7382,1.325,5.1644,-2.3934,-7.1515,-24.902,-24.902,35.3357,35.3357
20250627,1512,瑞利,listed,7.66,7.66,7.51,7.65,13881.0,105759.0,,data/daily_price/20250627.csv,7.654,7.784,7.5707,7.2942,7.8313,-0.1305,0.5256,-2.9188,9.2857,19.5312,51653.9,0.2687,8.25,10.2,10.2,7.36,5.66,5.66,-1.7215,1.0479,4.8771,-2.3156,-7.2727,-25.0,-25.0,35.159,35.159
20250630,1512,瑞利,listed,7.5,7.59,7.5,7.52,11210.0,84120.0,,data/daily_price/20250630.csv,7.634,7.785,7.5795,7.3035,7.8054,-1.6993,-1.3123,0.2667,7.5823,17.3167,47962.25,0.2337,8.25,10.2,10.2,7.36,5.66,5.66,-3.404,-0.785,2.9643,-3.6564,-8.8485,-26.2745,-26.2745,32.8622,32.8622
20250701,1512,瑞利,listed,7.69,7.69,7.45,7.51,41744.0,314103.0,,data/daily_price/20250701.csv,7.602,7.7775,7.5883,7.312,7.7808,-0.133,-2.086,-1.9582,7.5931,15.7165,43669.65,0.9559,8.25,10.2,10.2,7.45,5.66,5.66,-3.4394,-1.0323,2.7079,-3.4801,-8.9697,-26.3725,-26.3725,32.6855,32.6855
20250702,1512,瑞利,listed,7.53,7.62,7.5,7.5,51151.0,386418.0,,data/daily_price/20250702.csv,7.568,7.7525,7.597,7.3203,7.7574,-0.1332,-2.2164,-6.25,7.4499,15.3846,36007.0,1.4206,8.25,10.2,10.2,7.45,5.66,5.66,-3.257,-1.2768,2.4544,-3.3179,-9.0909,-26.4706,-26.4706,32.5088,32.5088
20250703,1512,瑞利,listed,7.64,8.25,7.59,8.25,200244.0,1614065.0,,data/daily_price/20250703.csv,7.686,7.7665,7.6183,7.3328,7.7984,10.0,7.7023,3.5132,18.3644,22.2222,44779.7,4.4718,8.25,10.2,10.2,7.45,5.66,5.66,6.2255,8.2914,12.5077,5.7905,0.0,-19.1176,-19.1176,45.7597,45.7597
20250704,1512,瑞利,listed,8.59,9.07,8.25,9.07,670577.0,5959612.0,,data/daily_price/20250704.csv,7.97,7.83,7.6648,7.3515,7.9044,9.9394,18.5621,16.2821,44.4268,32.7965,73941.6,9.069,9.07,10.2,10.2,7.45,5.66,5.66,15.8365,18.3326,23.3762,14.7463,0.0,-11.0784,-11.0784,60.2473,60.2473
20250707,1512,瑞利,listed,9.04,9.89,8.82,9.41,501868.0,4674639.0,,data/daily_price/20250707.csv,8.348,7.902,7.717,7.3739,8.0299,3.7486,25.133,18.0678,49.8408,40.0298,95608.25,5.2492,9.89,10.2,10.2,7.45,5.66,5.66,19.0838,21.9386,27.612,17.1875,-4.8534,-7.7451,-7.7451,66.2544,66.2544
20250708,1512,瑞利,listed,9.38,9.75,8.74,9.37,252783.0,2321394.0,,data/daily_price/20250708.csv,8.72,7.969,7.7788,7.3938,8.1415,-0.4251,24.767,16.6874,65.5477,34.2407,106307.2,2.3779,9.89,10.2,10.2,7.45,5.88,5.66,17.5806,20.4551,26.7272,15.0888,-5.2578,-8.1373,-8.1373,59.3537,65.5477
20250709,1512,瑞利,listed,8.88,9.05,8.88,8.91,116204.0,1043331.0,,data/daily_price/20250709.csv,9.002,8.0185,7.8237,7.4099,8.2056,-4.9093,18.8,12.5,43.2476,27.6504,111017.35,1.0467,9.89,10.2,10.2,7.45,5.88,5.66,11.118,13.8852,20.2443,8.5846,-9.909,-12.6471,-12.6471,51.5306,57.4205
20250710,1512,瑞利,listed,8.91,8.95,8.6,8.8,143927.0,1260999.0,,data/daily_price/20250710.csv,9.112,8.0635,7.867,7.4249,8.2551,-1.2346,6.6667,11.3924,41.9355,25.7143,116942.4,1.2308,9.89,10.2,10.2,7.45,5.9,5.66,9.1338,11.8597,18.5198,6.6006,-11.0212,-13.7255,-13.7255,49.1525,55.477
20250711,1512,瑞利,listed,8.77,9.05,8.58,8.58,120684.0,1050083.0,,data/daily_price/20250711.csv,9.014,8.095,7.9017,7.4382,8.2822,-2.5,-5.4024,7.9245,32.0,22.7468,120024.6,1.0055,9.89,10.2,10.2,7.45,5.9,5.66,5.9914,8.5847,15.351,3.5958,-13.2457,-15.8824,-15.8824,45.4237,51.5901
20250714,1512,瑞利,listed,8.53,8.8,8.03,8.58,94635.0,797060.0,,data/daily_price/20250714.csv,8.848,8.132,7.9408,7.4506,8.307,0.0,-8.8204,9.4388,37.7207,21.0155,122982.8,0.7695,9.89,10.2,10.2,7.45,5.9,5.66,5.5091,8.0491,15.1588,3.2863,-13.2457,-15.8824,-15.8824,45.4237,51.5901
20250715,1512,瑞利,listed,8.58,8.58,8.37,8.39,62609.0,530230.0,,data/daily_price/20250715.csv,8.652,8.1605,7.9768,7.4609,8.3139,-2.2145,-10.4589,7.289,34.6709,17.3427,124610.5,0.5024,9.89,10.2,10.2,7.45,5.9,5.66,2.8123,5.1796,12.4527,0.9151,-15.1668,-17.7451,-17.7451,42.2034,48.2332
20250716,1512,瑞利,listed,8.39,8.66,8.27,8.37,56268.0,468720.0,,data/daily_price/20250716.csv,8.544,8.189,8.0113,7.4716,8.3186,-0.2384,-6.0606,7.3077,32.8571,18.0536,126134.1,0.4461,9.89,10.2,10.2,7.45,5.9,5.66,2.2103,4.477,12.0244,0.6179,-15.3691,-17.9412,-17.9412,41.8644,47.8799
20250717,1512,瑞利,listed,8.65,8.65,8.29,8.43,30986.0,259834.0,,data/daily_price/20250717.csv,8.47,8.2285,8.047,7.4828,8.3279,0.7168,-4.2045,10.3403,34.0223,18.8999,124683.4,0.2485,9.89,10.2,10.2,7.45,5.9,5.66,2.4488,4.7595,12.6591,1.2263,-14.7624,-17.3529,-17.3529,42.8814,48.9399
20250718,1512,瑞利,listed,8.66,8.93,8.43,8.93,129040.0,1115819.0,,data/daily_price/20250718.csv,8.54,8.2945,8.091,7.4979,8.3781,5.9312,4.0793,17.3456,41.9714,25.5977,130321.4,0.9902,9.89,10.2,10.2,7.45,6.29,5.66,7.6617,10.3695,19.0997,6.588,-9.7068,-12.451,-12.451,41.9714,57.7739
20250721,1512,瑞利,listed,9.07,9.1,8.56,8.84,124322.0,1102066.0,,data/daily_price/20250721.csv,8.592,8.3555,8.1333,7.5123,8.4166,-1.0078,3.0303,16.0105,40.3175,24.3319,135908.3,0.9147,9.89,10.2,10.2,7.45,6.45,5.66,5.7986,8.6885,17.6732,5.0311,-10.6168,-13.3333,-13.3333,37.0543,56.1837
20250722,1512,瑞利,listed,8.84,8.9,8.51,8.65,85413.0,738087.0,,data/daily_price/20250722.csv,8.644,8.4045,8.162,7.5252,8.436,-2.1493,3.0989,12.7771,24.8196,21.6596,138348.7,0.6174,9.89,10.2,10.2,7.45,6.8,5.66,2.9211,5.9789,14.9476,2.5367,-12.5379,-15.1961,-15.1961,27.2059,52.8269
20250723,1512,瑞利,listed,8.5,8.6,8.4,8.48,42823.0,363507.0,,data/daily_price/20250723.csv,8.666,8.445,8.1877,7.5367,8.4397,-1.9653,1.3142,10.5606,22.1902,19.4366,139786.8,0.3063,9.89,10.2,10.2,7.45,6.8,5.66,0.4144,3.5704,12.5166,0.4778,-14.2568,-16.8627,-16.8627,24.7059,49.8233
20250724,1512,瑞利,listed,8.88,8.88,8.48,8.59,41760.0,361160.0,,data/daily_price/20250724.csv,8.698,8.4915,8.2132,7.5458,8.4522,1.2972,1.898,12.141,21.6714,14.5333,139606.45,0.2991,9.89,10.2,10.2,7.45,6.95,5.66,1.16,4.5882,13.8389,1.6304,-13.1446,-15.7843,-15.7843,23.5971,51.7668
20250725,1512,瑞利,listed,8.56,8.64,8.51,8.6,43524.0,372140.0,,data/daily_price/20250725.csv,8.632,8.539,8.2383,7.5568,8.4645,0.1164,-3.6954,12.4183,21.2976,18.2944,141088.6,0.3085,9.89,10.2,10.2,7.45,6.95,5.66,0.7144,4.39,13.8043,1.6006,-13.0435,-15.6863,-15.6863,23.741,51.9435
20250728,1512,瑞利,listed,8.41,8.51,8.18,8.33,115845.0,961574.0,,data/daily_price/20250728.csv,8.53,8.5795,8.2605,7.566,8.4533,-3.1395,-5.7692,10.7713,19.0,15.2144,146320.35,0.7917,9.89,10.2,10.2,7.45,6.95,5.66,-2.9081,0.8414,10.0978,-1.4587,-15.7735,-18.3333,-18.3333,19.8561,47.1731
20250729,1512,瑞利,listed,8.17,8.18,8.03,8.09,62051.0,502953.0,,data/daily_price/20250729.csv,8.418,8.6085,8.2765,7.5742,8.423,-2.8812,-6.474,7.723,13.4642,13.7834,147335.7,0.4212,9.89,10.2,10.2,7.5,6.95,5.66,-6.0231,-2.2534,6.8104,-3.9538,-18.2002,-20.6863,-20.6863,16.4029,42.9329
20250730,1512,瑞利,listed,8.09,8.34,8.09,8.33,66418.0,545314.0,,data/daily_price/20250730.csv,8.388,8.65,8.2923,7.5836,8.4153,2.9666,-1.7689,11.0667,12.8726,15.6944,148099.05,0.4485,9.89,10.2,10.2,7.59,7.2,5.66,-3.6994,0.4542,9.8425,-1.0134,-15.7735,-18.3333,-18.3333,15.6944,47.1731
20250731,1512,瑞利,listed,8.33,8.33,8.05,8.06,64444.0,525711.0,,data/daily_price/20250731.csv,8.282,8.6405,8.302,7.5916,8.3857,-3.2413,-6.17,-2.303,7.754,13.5211,141309.05,0.4561,9.89,10.2,10.2,8.03,7.3,5.66,-6.7184,-2.915,6.1702,-3.8837,-18.5035,-20.9804,-20.9804,10.411,42.4028
20250801,1512,瑞利,listed,8.01,8.07,7.89,8.05,53007.0,420996.0,,data/daily_price/20250801.csv,8.172,8.5895,8.3105,7.5998,8.3577,-0.1241,-6.3953,-11.2459,6.7639,14.0227,110430.55,0.48,9.89,10.2,10.2,7.89,7.36,5.66,-6.2809,-3.1346,5.9234,-3.6816,-18.6047,-21.0784,-21.0784,9.375,42.2261
20250804,1512,瑞利,listed,8.04,8.4,8.0,8.37,75749.0,616698.0,,data/daily_price/20250804.csv,8.18,8.5375,8.3167,7.6111,8.3587,3.9752,0.4802,-11.0521,4.625,19.2308,89124.6,0.8499,9.75,10.2,10.2,7.89,7.36,5.66,-1.9619,0.6413,9.9712,0.1349,-14.1538,-17.9412,-17.9412,13.7228,47.8799
20250805,1512,瑞利,listed,8.37,8.6,8.26,8.26,60094.0,503794.0,,data/daily_price/20250805.csv,8.214,8.482,8.3152,7.6218,8.3505,-1.3142,2.1014,-11.8463,-1.0778,18.3381,79490.15,0.756,9.1,10.2,10.2,7.89,7.36,5.66,-2.6173,-0.6634,8.3741,-1.0837,-9.2308,-19.0196,-19.0196,12.2283,45.9364
20250806,1512,瑞利,listed,8.4,8.4,8.25,8.28,41712.0,346588.0,,data/daily_price/20250806.csv,8.204,8.4505,8.3142,7.6324,8.3446,0.2421,-0.6002,-7.0707,-0.7194,18.2857,75765.55,0.5505,9.1,10.2,10.2,7.89,7.36,5.66,-2.0176,-0.4109,8.4846,-0.7744,-9.011,-18.8235,-18.8235,12.5,46.2898
20250807,1512,瑞利,listed,8.3,8.3,8.08,8.14,51054.0,415852.0,,data/daily_price/20250807.csv,8.22,8.4175,8.3107,7.6419,8.3276,-1.6908,0.9926,-7.5,-2.515,16.2857,71121.9,0.7178,9.1,10.2,10.2,7.89,7.36,5.66,-3.2967,-2.0536,6.5178,-2.2524,-10.5495,-20.1961,-20.1961,10.5978,43.8163
20250808,1512,瑞利,listed,8.05,8.25,8.05,8.2,44714.0,365889.0,,data/daily_price/20250808.csv,8.25,8.3985,8.3005,7.6511,8.3169,0.7371,1.8634,-4.4289,-6.924,15.493,67323.4,0.6642,9.1,10.2,10.2,7.89,7.36,5.66,-2.3635,-1.2108,7.1744,-1.406,-9.8901,-19.6078,-19.6078,11.413,44.8763
20250811,1512,瑞利,listed,8.05,8.18,8.05,8.15,9321.0,75629.0,,data/daily_price/20250811.csv,8.206,8.377,8.2847,7.6604,8.303,-0.6098,-2.6284,-5.0117,-10.4396,15.9317,63057.7,0.1478,9.1,10.2,10.2,7.89,7.36,5.66,-2.7098,-1.6255,6.3911,-1.843,-10.4396,-20.098,-20.098,10.7337,43.9929
20250812,1512,瑞利,listed,8.15,8.45,8.15,8.31,76872.0,636696.0,,data/daily_price/20250812.csv,8.216,8.373,8.2685,7.6721,8.3036,1.9632,0.6053,-0.9535,-10.4526,20.2605,63770.85,1.2054,9.1,10.2,10.2,7.89,7.36,5.66,-0.7524,0.5019,8.3148,0.077,-8.6813,-18.5294,-18.5294,12.9076,46.8198
20250813,1512,瑞利,listed,8.33,8.44,8.18,8.29,87042.0,721583.0,,data/daily_price/20250813.csv,8.218,8.369,8.2403,7.6823,8.3025,-0.2407,0.1208,-0.9558,-16.9339,17.4221,65309.55,1.3328,9.1,9.89,10.2,7.89,7.36,5.66,-0.944,0.6027,7.9099,-0.1503,-8.9011,-16.178,-18.7255,12.6359,46.4664
20250814,1512,瑞利,listed,8.25,8.35,7.84,8.21,88466.0,713705.0,,data/daily_price/20250814.csv,8.232,8.358,8.2193,7.6922,8.2948,-0.965,0.86,-2.6097,-13.3052,16.7852,68183.55,1.2975,9.1,9.89,10.2,7.84,7.36,5.66,-1.7708,-0.1136,6.732,-1.022,-9.7802,-16.9869,-19.5098,11.5489,45.053
20250815,1512,瑞利,listed,8.39,8.44,8.08,8.08,96494.0,785804.0,,data/daily_price/20250815.csv,8.208,8.3155,8.2,7.7008,8.2769,-1.5834,-1.4634,-9.5185,-12.5541,14.7727,66556.25,1.4498,9.1,9.89,10.2,7.84,7.36,5.66,-2.8321,-1.4634,4.9237,-2.3786,-11.2088,-18.3013,-20.7843,9.7826,42.7562
20250818,1512,瑞利,listed,8.0,8.17,7.87,7.9,380806.0,3032764.0,,data/daily_price/20250818.csv,8.158,8.2685,8.1805,7.7077,8.2455,-2.2277,-3.0675,-10.6335,-12.8997,11.5819,79380.45,4.7972,8.9,9.89,10.2,7.84,7.36,5.66,-4.4567,-3.4289,2.4954,-4.1898,-11.236,-20.1213,-22.549,7.337,39.576
20250819,1512,瑞利,listed,7.94,8.16,7.84,7.92,128229.0,1014720.0,,data/daily_price/20250819.csv,8.08,8.232,8.1645,7.7146,8.2183,0.2532,-4.6931,-8.4393,-10.8108,11.7066,81521.25,1.573,8.88,9.89,10.2,7.84,7.36,5.66,-3.7901,-2.9947,2.6627,-3.6302,-10.8108,-19.9191,-22.3529,7.6087,39.9293
20250820,1512,瑞利,listed,8.05,8.05,7.66,7.83,181327.0,1413321.0,,data/daily_price/20250820.csv,7.988,8.1995,8.1513,7.7209,8.186,-1.1364,-5.5489,-7.6651,-9.1647,10.7496,88446.45,2.0501,8.88,9.89,10.2,7.66,7.36,5.66,-4.5064,-3.9421,1.4128,-4.3487,-11.8243,-20.8291,-23.2353,6.3859,38.3392
20250821,1512,瑞利,listed,8.02,8.02,7.81,7.85,38089.0,300671.0,,data/daily_price/20250821.csv,7.916,8.1625,8.1498,7.728,8.158,0.2554,-4.3849,-8.6147,-1.1335,12.1429,88262.9,0.4315,8.64,9.89,10.2,7.66,7.36,5.66,-3.8285,-3.679,1.5787,-3.7752,-9.1435,-20.6269,-23.0392,6.6576,38.6926
20250822,1512,瑞利,listed,7.83,7.88,7.75,7.8,76447.0,596505.0,,data/daily_price/20250822.csv,7.86,8.1225,8.1485,7.7338,8.1282,-0.6369,-3.4653,-9.3023,-1.0152,9.8592,89909.05,0.8503,8.6,9.89,10.2,7.66,7.36,5.66,-3.9705,-4.2769,0.8555,-4.0372,-9.3023,-21.1325,-23.5294,5.9783,37.8092
20250825,1512,瑞利,listed,7.77,7.77,7.52,7.66,137901.0,1054932.0,,data/daily_price/20250825.csv,7.812,8.089,8.1512,7.7391,8.0891,-1.7949,-3.038,-8.0432,2.1333,8.9616,91011.85,1.5152,8.6,9.89,10.2,7.52,7.36,5.66,-5.3035,-6.0257,-1.0219,-5.3051,-10.9302,-22.548,-24.902,4.0761,35.3357
20250826,1512,瑞利,listed,7.41,7.78,7.4,7.61,152130.0,1142615.0,,data/daily_price/20250826.csv,7.75,8.065,8.1503,7.7433,8.0492,-0.6527,-3.9141,-5.9333,-0.6527,7.1831,95515.8,1.5927,8.6,9.89,10.2,7.4,7.4,5.66,-5.6417,-6.6296,-1.7219,-5.4566,-11.5116,-23.0536,-25.3922,2.8378,34.4523
20250827,1512,瑞利,listed,7.7,7.72,7.61,7.72,41807.0,320187.0,,data/daily_price/20250827.csv,7.728,8.0345,8.1457,7.7485,8.0218,1.4455,-1.4049,-7.3229,-3.5,8.7324,94285.25,0.4434,8.6,9.89,10.2,7.4,7.4,5.66,-3.9144,-5.2257,-0.3678,-3.762,-10.2326,-21.9414,-24.3137,4.3243,36.3958
20250828,1512,瑞利,listed,8.1,8.1,7.6,7.61,109040.0,842839.0,,data/daily_price/20250828.csv,7.68,8.012,8.1397,7.7534,7.9875,-1.4249,-3.0573,-5.5831,-4.5169,8.4046,96515.05,1.1298,8.6,9.89,10.2,7.4,7.4,5.66,-5.0175,-6.5072,-1.8497,-4.7257,-11.5116,-23.0536,-25.3922,2.8378,34.4523
20250829,1512,瑞利,listed,7.61,7.62,7.56,7.6,75119.0,570625.0,,data/daily_price/20250829.csv,7.64,7.9895,8.1363,7.7582,7.9552,-0.1314,-2.5641,-5.5901,-2.5641,8.2621,97620.65,0.7695,8.6,9.89,10.2,7.4,7.4,5.66,-4.8751,-6.5918,-2.0398,-4.4647,-11.6279,-23.1547,-25.4902,2.7027,34.2756
20250901,1512,瑞利,listed,7.8,7.83,7.51,7.6,52303.0,400501.0,,data/daily_price/20250901.csv,7.628,7.951,8.1302,7.7621,7.9256,0.0,-0.7833,-9.1995,-4.6424,6.4426,96448.35,0.5423,8.6,9.89,10.2,7.4,7.4,5.66,-4.4145,-6.521,-2.0881,-4.1079,-11.6279,-23.1547,-25.4902,2.7027,34.2756
20250902,1512,瑞利,listed,7.6,7.64,7.5,7.59,102198.0,773236.0,,data/daily_price/20250902.csv,7.624,7.9175,8.1228,7.7654,7.8976,-0.1316,-0.2628,-8.1114,-5.4795,5.5633,98553.55,1.037,8.45,9.89,10.2,7.4,7.4,5.66,-4.1364,-6.5597,-2.2589,-3.895,-10.1775,-23.2558,-25.5882,2.5676,34.0989
20250903,1512,瑞利,listed,7.52,7.72,7.52,7.72,50697.0,387233.0,,data/daily_price/20250903.csv,7.624,7.8895,8.1195,7.7708,7.8828,1.7128,0.0,-6.7633,-2.5253,9.1938,99002.8,0.5121,8.45,9.89,10.2,7.4,7.4,5.66,-2.1484,-4.9203,-0.6542,-2.0654,-8.6391,-21.9414,-24.3137,4.3243,36.3958
20250904,1512,瑞利,listed,7.85,7.96,7.78,7.96,102594.0,804827.0,,data/daily_price/20250904.csv,7.694,7.8805,8.1205,7.7792,7.8892,3.1088,4.5992,-2.2113,0.7595,14.5324,101579.8,1.01,8.45,9.89,10.2,7.4,7.4,5.66,1.0088,-1.9765,2.3235,0.8969,-5.7988,-19.5147,-21.9608,7.5676,40.636
20250905,1512,瑞利,listed,8.14,8.14,7.87,7.95,77341.0,615607.0,,data/daily_price/20250905.csv,7.764,7.868,8.1205,7.7872,7.8943,-0.1256,4.6053,-3.0488,0.0,13.5714,103211.15,0.7493,8.45,9.89,10.2,7.4,7.4,5.66,1.0422,-2.0996,2.091,0.7055,-5.9172,-19.6158,-22.0588,7.4324,40.4594
20250909,1512,瑞利,listed,8.0,8.0,7.8,7.87,148846.0,1171271.0,,data/daily_price/20250909.csv,7.818,7.854,8.121,7.7944,7.8923,-1.0063,3.5526,-3.4356,0.3827,12.4286,110187.4,1.3508,8.45,9.89,10.2,7.4,7.4,5.66,0.2037,-3.0908,0.9697,-0.2823,-6.8639,-20.4247,-22.8431,6.3514,39.0459
20250910,1512,瑞利,listed,7.66,7.86,7.64,7.85,146436.0,1128185.0,,data/daily_price/20250910.csv,7.87,7.831,8.1215,7.8018,7.8888,-0.2541,3.4256,-5.5355,0.3836,12.7874,113665.6,1.2883,8.44,9.89,10.2,7.4,7.4,5.66,0.2426,-3.343,0.6174,-0.4913,-6.9905,-20.6269,-23.0392,6.0811,38.6926
20250911,1512,瑞利,listed,7.9,8.63,7.88,8.63,703076.0,6022365.0,,data/daily_price/20250911.csv,8.052,7.848,8.1353,7.8158,7.9505,9.9363,11.7876,4.1013,10.641,23.9943,144467.3,4.8667,8.63,9.89,10.2,7.4,7.4,5.66,9.9643,6.0805,10.4181,8.5463,0.0,-12.7401,-15.3922,16.6216,52.4735
20250917,1512,瑞利,listed,8.27,8.51,8.22,8.41,117982.0,988341.0,,data/daily_price/20250917.csv,8.142,7.858,8.1482,7.8302,7.9888,-2.5492,5.6533,2.4361,10.0785,25.8982,145943.1,0.8084,8.63,9.89,10.2,7.4,7.4,5.66,7.0247,3.2134,7.4051,5.2722,-2.5492,-14.9646,-17.549,13.6486,48.5866
20250918,1512,瑞利,listed,8.4,8.45,8.22,8.32,147883.0,1234140.0,,data/daily_price/20250918.csv,8.216,7.87,8.16,7.8401,8.0164,-1.0702,4.6541,2.9703,9.3298,16.69,148512.55,0.9958,8.63,9.89,10.2,7.4,7.4,5.66,5.7179,1.9608,6.1213,3.787,-3.5921,-15.8746,-18.4314,12.4324,46.9965
20250919,1512,瑞利,listed,8.28,8.41,8.22,8.38,87334.0,725572.0,,data/daily_price/20250919.csv,8.318,7.894,8.1727,7.8508,8.0467,0.7212,6.4803,6.0759,9.9738,18.1946,133838.95,0.6525,8.63,9.89,10.2,7.4,7.4,5.66,6.1566,2.5369,6.7403,4.1419,-2.8969,-15.2679,-17.8431,13.2432,48.0565
20250922,1512,瑞利,listed,8.3,8.5,8.3,8.36,140555.0,1179356.0,,data/daily_price/20250922.csv,8.42,7.916,8.1842,7.8608,8.0728,-0.2387,6.4968,5.5556,8.9961,16.5969,134455.25,1.0454,8.63,9.89,10.2,7.4,7.4,5.66,5.6089,2.1485,6.3512,3.5574,-3.1286,-15.4702,-18.0392,12.973,47.7032
20250923,1512,瑞利,listed,8.93,8.93,8.4,8.42,135533.0,1159552.0,,data/daily_price/20250923.csv,8.378,7.9455,8.1967,7.8738,8.1018,0.7177,-2.4334,7.5351,9.7784,22.7405,132165.55,1.0255,8.93,9.89,10.2,7.4,7.4,5.66,5.9719,2.7247,6.9376,3.9281,-5.7111,-14.8635,-17.451,13.7838,48.7633
20250924,1512,瑞利,listed,8.56,8.56,8.26,8.38,134292.0,1117321.0,,data/daily_price/20250924.csv,8.372,7.972,8.2087,7.8842,8.1249,-0.4751,-0.3567,6.7516,9.3995,17.6966,136975.7,0.9804,8.93,9.89,10.2,7.4,7.4,5.66,5.1179,2.0872,6.2879,3.1392,-6.159,-15.2679,-17.8431,13.2432,48.0565
20250925,1512,瑞利,listed,8.38,8.5,8.38,8.47,42616.0,359927.0,,data/daily_price/20250925.csv,8.402,8.0055,8.2223,7.8965,8.1537,1.074,1.8029,8.5897,10.719,21.0,135284.15,0.315,8.93,9.89,10.2,7.4,7.4,5.66,5.8023,3.0121,7.2627,3.8793,-5.1512,-14.3579,-16.9608,14.4595,49.6466
20250926,1512,瑞利,listed,8.5,8.5,8.27,8.3,97523.0,810381.0,,data/daily_price/20250926.csv,8.386,8.0375,8.2353,7.9074,8.1659,-2.0071,-0.9547,8.3551,10.3723,18.7411,133265.25,0.7318,8.93,9.89,10.2,7.4,7.4,5.66,3.2659,0.7852,4.9647,1.6424,-7.0549,-16.0768,-18.6275,12.1622,46.6431
20250930,1512,瑞利,listed,8.31,8.49,8.3,8.3,81765.0,683217.0,,data/daily_price/20250930.csv,8.374,8.072,8.2485,7.9184,8.1771,0.0,-0.7177,9.067,10.5193,18.9112,129747.0,0.6302,8.93,9.89,10.2,7.5,7.4,5.66,2.8246,0.6244,4.8189,1.5034,-7.0549,-16.0768,-18.6275,12.1622,46.6431
20251001,1512,瑞利,listed,8.3,8.41,8.28,8.3,124923.0,1041340.0,,data/daily_price/20251001.csv,8.35,8.101,8.2618,7.9294,8.1873,0.0,-1.4252,7.513,10.6667,18.9112,133902.8,0.9329,8.93,9.89,10.2,7.5,7.4,5.66,2.4565,0.462,4.6735,1.3764,-7.0549,-16.0768,-18.6275,12.1622,46.6431
20251002,1512,瑞利,listed,8.27,8.4,8.15,8.15,40843.0,337988.0,,data/daily_price/20251002.csv,8.304,8.128,8.2602,7.9392,8.1842,-1.8072,-2.7446,7.0959,-1.2121,16.9297,130492.95,0.313,8.93,9.89,10.2,7.5,7.4,5.66,0.2707,-1.3337,2.6545,-0.4179,-8.7346,-17.5935,-20.098,10.1351,43.9929
20251003,1512,瑞利,listed,8.14,8.25,8.1,8.25,26939.0,220784.0,,data/daily_price/20251003.csv,8.26,8.1605,8.2465,7.9557,8.1897,1.227,-2.5974,8.5526,-9.0408,31.3694,128083.95,0.2103,8.93,9.89,10.2,7.5,7.4,5.66,1.0967,0.0424,3.6997,0.7365,-7.6148,-16.5824,-19.1176,11.4865,45.7597
20251007,1512,瑞利,listed,8.2,8.27,8.15,8.19,78048.0,640318.0,,data/daily_price/20251007.csv,8.238,8.19,8.2262,7.9716,8.1897,-0.7273,-1.3253,7.7632,-12.9649,30.414,129371.2,0.6033,8.93,9.75,10.2,7.5,7.4,5.66,-0.0,-0.4397,2.7399,0.0036,-8.2867,-16.0,-19.7059,10.6757,44.6996
20251008,1512,瑞利,listed,8.1,8.31,8.1,8.25,63723.0,521514.0,,data/daily_price/20251008.csv,8.228,8.223,8.2075,7.9932,8.1947,0.7326,-0.6024,8.6957,-11.953,45.7597,127447.45,0.5,8.93,9.1,10.2,7.52,7.4,5.88,0.3283,0.5178,3.2132,0.6744,-7.6148,-9.3407,-19.1176,11.4865,40.3061
20251009,1512,瑞利,listed,8.3,8.42,8.19,8.24,55867.0,461894.0,,data/daily_price/20251009.csv,8.216,8.249,8.1963,8.01,8.1985,-0.1212,-0.7229,6.7358,-7.5196,32.4759,127705.95,0.4375,8.93,9.1,10.2,7.64,7.4,5.88,-0.1091,0.5328,2.8714,0.5061,-7.7268,-9.4505,-19.2157,11.3514,40.1361
20251013,1512,瑞利,listed,8.2,8.2,8.0,8.07,56229.0,452684.0,,data/daily_price/20251013.csv,8.2,8.2545,8.1842,8.0256,8.1878,-2.0631,-0.9816,1.3819,-8.2955,30.1613,125387.7,0.4484,8.93,9.1,10.2,7.64,7.4,5.9,-2.2351,-1.395,0.5534,-1.4387,-9.6305,-11.3187,-20.8824,9.0541,36.7797
20251014,1512,瑞利,listed,8.2,8.2,8.08,8.14,50720.0,412233.0,,data/daily_price/20251014.csv,8.178,8.264,8.1768,8.0393,8.1838,0.8674,-1.3333,2.3899,-5.1282,25.2308,124056.65,0.4088,8.93,9.1,10.2,7.64,7.4,5.9,-1.5005,-0.4505,1.2532,-0.5354,-8.8466,-10.5495,-20.1961,10.0,37.9661
20251016,1512,瑞利,listed,8.26,8.26,8.0,8.01,83582.0,673215.0,,data/daily_price/20251016.csv,8.142,8.271,8.1673,8.0541,8.1693,-1.5971,-2.1978,1.7789,-6.6434,28.5714,120793.45,0.6919,8.93,9.1,10.2,7.64,7.4,5.9,-3.1556,-1.9264,-0.5473,-1.9503,-10.3024,-11.978,-21.4706,8.2432,35.7627
20251020,1512,瑞利,listed,7.93,7.93,7.85,7.93,71950.0,567809.0,,data/daily_price/20251020.csv,8.078,8.275,8.1597,8.0682,8.1494,-0.9988,-3.8788,1.0191,-5.4827,27.2873,117069.15,0.6146,8.93,9.1,10.2,7.85,7.4,5.9,-4.1692,-2.8147,-1.7135,-2.692,-11.1982,-12.8571,-22.2549,7.1622,34.4068
20251021,1512,瑞利,listed,7.92,7.92,7.88,7.91,34367.0,271481.0,,data/daily_price/20251021.csv,8.012,8.239,8.152,8.0817,8.1294,-0.2522,-4.0049,-8.343,-5.4958,25.5556,83633.7,0.4109,8.93,9.1,10.2,7.85,7.4,5.9,-3.9932,-2.9686,-2.1241,-2.6993,-11.4222,-13.0769,-22.451,6.8919,34.0678
20251022,1512,瑞利,listed,8.12,8.12,8.12,8.12,1823.0,14624.0,,data/daily_price/20251022.csv,8.022,8.2245,8.1468,8.0969,8.1286,2.6549,0.6196,-3.4483,-3.6773,29.0938,77825.75,0.0234,8.93,9.1,10.2,7.85,7.4,5.9,-1.2706,-0.3294,0.2851,-0.1064,-9.0705,-10.7692,-20.3922,9.7297,37.6271
20251023,1512,瑞利,listed,7.83,7.99,7.82,7.9,91087.0,715268.0,,data/daily_price/20251023.csv,7.974,8.2035,8.1297,8.1103,8.1096,-2.7094,-2.9484,-5.0481,-11.5342,25.5962,74985.95,1.2147,8.93,9.1,10.2,7.82,7.4,6.29,-3.6996,-2.825,-2.5934,-2.5845,-11.5342,-13.1868,-22.549,6.7568,25.5962
20251027,1512,瑞利,listed,7.82,7.99,7.8,7.85,54857.0,428522.0,,data/daily_price/20251027.csv,7.942,8.177,8.1132,8.1232,8.088,-0.6329,-1.9975,-6.3246,-11.1991,24.6032,73362.1,0.7478,8.93,8.93,10.2,7.8,7.4,6.45,-3.999,-3.2437,-3.3638,-2.9422,-12.0941,-12.0941,-23.0392,6.0811,21.7054
20251028,1512,瑞利,listed,7.71,7.98,7.71,7.9,49591.0,390874.0,,data/daily_price/20251028.csv,7.936,8.154,8.1007,8.1313,8.0723,0.6369,-0.3783,-5.5024,-8.6705,13.9971,68813.9,0.7207,8.93,8.93,10.2,7.71,7.4,6.8,-3.115,-2.4772,-2.845,-2.1344,-11.5342,-11.5342,-22.549,6.7568,16.1765
20251029,1512,瑞利,listed,7.85,7.9,7.74,7.78,28034.0,218618.0,,data/daily_price/20251029.csv,7.91,8.122,8.089,8.1383,8.0479,-1.519,-1.6435,-7.601,-8.2547,12.1037,63438.95,0.4419,8.56,8.93,10.2,7.71,7.4,6.8,-4.2108,-3.82,-4.403,-3.3293,-9.1121,-12.8779,-23.7255,5.1351,14.4118
20251030,1512,瑞利,listed,7.64,7.78,7.61,7.77,33113.0,253407.0,,data/daily_price/20251030.csv,7.84,8.0915,8.0753,8.1443,8.0248,-0.1285,-4.3103,-7.2792,-9.546,10.0567,58380.0,0.5672,8.5,8.93,10.2,7.61,7.4,6.95,-3.9733,-3.7811,-4.5953,-3.1749,-8.5882,-12.9899,-23.8235,5.0,11.7986
20251031,1512,瑞利,listed,7.77,7.92,7.66,7.7,29229.0,226235.0,,data/daily_price/20251031.csv,7.8,8.053,8.0603,8.1493,7.9977,-0.9009,-2.5316,-9.0909,-10.4651,8.6037,57710.65,0.5065,8.5,8.93,10.2,7.61,7.4,6.95,-4.3835,-4.4705,-5.5137,-3.7225,-9.4118,-13.7738,-24.5098,4.0541,10.7914
20251103,1512,瑞利,TWSE,7.7,7.71,7.61,7.65,48363.0,,,data/daily_price/20251103.csv,7.76,8.0205,8.049,8.1548,7.9687,-0.6494,-2.5478,-7.8313,-8.1633,9.2857,55252.65,0.8753,8.49,8.93,10.2,7.61,7.4,6.95,-4.6194,-4.9571,-6.1896,-3.9999,-9.894,-14.3337,-25.0,3.3784,10.0719
20251104,1512,瑞利,TWSE,7.63,7.63,7.4,7.63,73842.0,,,data/daily_price/20251104.csv,7.706,7.987,8.0413,8.1589,7.9405,-0.2614,-3.4177,-8.0723,-5.686,7.0126,54856.5,1.3461,8.42,8.93,10.2,7.4,7.4,6.95,-4.4698,-5.1152,-6.4827,-3.9105,-9.3824,-14.5577,-25.1961,3.1081,9.7842
20251105,1512,瑞利,TWSE,7.53,7.57,7.52,7.55,16095.0,,,data/daily_price/20251105.csv,7.66,7.9495,8.0283,8.1603,7.908,-1.0485,-2.9563,-9.0361,-9.3637,2.3035,49415.1,0.3257,8.42,8.93,10.2,7.4,7.4,7.2,-5.0255,-5.9581,-7.4793,-4.5267,-10.3325,-15.4535,-25.9804,2.027,4.8611
20251106,1512,瑞利,TWSE,7.51,7.64,7.51,7.51,53876.0,,,data/daily_price/20251106.csv,7.608,7.9175,8.0192,8.1606,7.8748,-0.5298,-3.3462,-7.8528,-6.8238,0.4011,50066.75,1.0761,8.42,8.93,10.2,7.4,7.4,7.3,-5.1468,-6.3494,-7.9723,-4.6325,-10.8076,-15.9015,-26.3725,1.4865,2.8767
20251107,1512,瑞利,TWSE,7.56,7.56,7.45,7.5,45003.0,,,data/daily_price/20251107.csv,7.568,7.88,8.01,8.1602,7.8436,-0.1332,-2.5974,-9.0909,-6.8323,-0.5305,50969.95,0.8829,8.42,8.93,10.2,7.4,7.4,7.36,-4.8223,-6.367,-8.0911,-4.3803,-10.9264,-16.0134,-26.4706,1.3514,1.9022
20251110,1512,瑞利,TWSE,7.5,7.52,7.5,7.5,15104.0,,,data/daily_price/20251110.csv,7.538,7.8455,7.9955,8.1561,7.8149,0.0,-1.9608,-8.4249,-10.3943,-6.25,47822.75,0.3158,8.42,8.93,10.2,7.4,7.4,7.36,-4.4038,-6.1972,-8.0441,-4.03,-10.9264,-16.0134,-26.4706,1.3514,1.9022
20251111,1512,瑞利,TWSE,7.65,8.25,7.65,8.2,412180.0,,,data/daily_price/20251111.csv,7.652,7.843,7.9945,8.1548,7.847,9.3333,7.4705,-0.6061,-0.7264,-1.7964,65245.6,6.3174,8.42,8.93,10.2,7.4,7.4,7.36,4.5518,2.5705,0.5539,4.4982,-2.6128,-8.1747,-19.6078,10.8108,11.413
20251112,1512,瑞利,TWSE,7.98,8.04,7.79,7.87,176035.0,,,data/daily_price/20251112.csv,7.716,7.8245,7.9877,8.1509,7.8489,-4.0244,4.2384,-4.4903,-4.9517,-5.6355,71254.0,2.4705,8.26,8.93,10.2,7.4,7.4,7.36,0.5815,-1.4731,-3.4464,0.2683,-4.7215,-11.8701,-22.8431,6.3514,6.9293
20251113,1512,瑞利,TWSE,8.13,8.13,7.97,8.08,95369.0,,,data/daily_price/20251113.csv,7.83,7.825,7.9867,8.1487,7.8682,2.6684,7.5899,0.1239,-0.7371,-3.2335,73211.0,1.3027,8.26,8.93,10.2,7.4,7.4,7.36,3.2588,1.1686,-0.8427,2.6919,-2.1792,-9.5185,-20.7843,9.1892,9.7826
20251114,1512,瑞利,TWSE,7.95,8.13,7.92,8.07,35452.0,,,data/daily_price/20251114.csv,7.944,7.8215,7.9845,8.1425,7.885,-0.1238,7.6,-0.86,-1.5854,-8.3995,72447.6,0.4893,8.26,8.93,10.2,7.4,7.4,7.36,3.1771,1.0708,-0.8904,2.3461,-2.3002,-9.6305,-20.8824,9.0541,9.6467
20251117,1512,瑞利,TWSE,8.0,8.06,7.96,7.96,58856.0,,,data/daily_price/20251117.csv,8.036,7.819,7.9813,8.133,7.8913,-1.3631,6.1333,-0.6242,-2.3313,-12.5275,71211.3,0.8265,8.25,8.93,10.2,7.4,7.4,7.36,1.8033,-0.2673,-2.1271,0.8711,-3.5152,-10.8623,-21.9608,7.5676,8.1522
20251118,1512,瑞利,TWSE,7.83,7.93,7.81,7.88,56144.0,,,data/daily_price/20251118.csv,7.972,7.8165,7.9742,8.1213,7.8903,-1.005,-3.9024,-0.6305,-5.1745,-15.0862,70421.0,0.7973,8.25,8.93,10.2,7.4,7.4,7.36,0.8124,-1.1809,-2.9716,-0.1308,-4.4848,-11.7581,-22.7451,6.4865,7.0652
20251119,1512,瑞利,TWSE,7.8,7.95,7.74,7.92,22921.0,,,data/daily_price/20251119.csv,7.982,7.817,7.968,8.1042,7.8928,0.5076,0.6353,0.1264,-4.4632,-20.6413,69848.7,0.3282,8.25,8.93,9.89,7.4,7.4,7.36,1.3176,-0.6024,-2.2725,0.3447,-4.0,-11.3102,-19.9191,7.027,7.6087
20251120,1512,瑞利,TWSE,7.92,7.97,7.8,7.89,40103.0,,,data/daily_price/20251120.csv,7.944,7.8055,7.9627,8.091,7.8926,-0.3788,-2.3515,-2.8325,-3.8977,-16.6843,71762.7,0.5588,8.25,8.93,9.89,7.4,7.4,7.36,1.0826,-0.9126,-2.4842,-0.0325,-4.3636,-11.6461,-20.2224,6.6216,7.2011
20251121,1512,瑞利,TWSE,7.7,7.79,7.58,7.65,72185.0,,,data/daily_price/20251121.csv,7.86,7.793,7.9555,8.0778,7.8724,-3.0418,-5.2045,-3.1646,-5.3218,-17.2078,70817.6,1.0193,8.25,8.93,9.89,7.4,7.4,7.36,-1.835,-3.8401,-5.2954,-2.8244,-7.2727,-14.3337,-22.6491,3.3784,3.9402
20251124,1512,瑞利,TWSE,7.65,7.76,7.65,7.65,35002.0,,,data/daily_price/20251124.csv,7.798,7.783,7.9513,8.0659,7.8538,0.0,-3.8945,-2.5478,-3.1646,-15.656,69824.85,0.5013,8.25,8.93,9.89,7.4,7.4,7.36,-1.7089,-3.7897,-5.1565,-2.5952,-7.2727,-14.3337,-22.6491,3.3784,3.9402
20251125,1512,瑞利,TWSE,7.7,7.73,7.65,7.69,35025.0,,,data/daily_price/20251125.csv,7.76,7.7725,7.9475,8.056,7.8402,0.5229,-2.4112,-2.6582,-2.904,-13.4009,69096.55,0.5069,8.25,8.93,9.89,7.4,7.4,7.36,-1.0614,-3.24,-4.5432,-1.9154,-6.7879,-13.8858,-22.2447,3.9189,4.4837
20251126,1512,瑞利,TWSE,7.67,7.74,7.65,7.7,49006.0,,,data/daily_price/20251126.csv,7.716,7.7685,7.9453,8.0483,7.8285,0.13,-2.7778,-1.0283,-1.6603,-10.6729,70145.15,0.6986,8.25,8.93,9.89,7.4,7.4,7.36,-0.8818,-3.0878,-4.328,-1.6413,-6.6667,-13.7738,-22.1436,4.0541,4.6196
20251127,1512,瑞利,TWSE,7.7,7.77,7.7,7.72,21040.0,,,data/daily_price/20251127.csv,7.682,7.766,7.9432,8.0465,7.8194,0.2597,-2.1546,-0.6435,-1.6561,-2.7708,69541.5,0.3026,8.25,8.93,9.89,7.4,7.4,7.36,-0.5923,-2.8095,-4.0577,-1.2718,-6.4242,-13.5498,-21.9414,4.3243,4.8913
20251128,1512,瑞利,TWSE,7.73,7.73,7.66,7.68,11065.0,,,data/daily_price/20251128.csv,7.688,7.765,7.9412,8.0448,7.8078,-0.5181,0.3922,-0.2597,-1.5385,-2.5381,68633.3,0.1612,8.25,8.93,9.89,7.4,7.4,7.36,-1.0947,-3.2888,-4.535,-1.6372,-6.9091,-13.9978,-22.3458,3.7838,4.3478
20251201,1512,瑞利,TWSE,7.66,7.68,7.58,7.68,23200.0,,,data/daily_price/20251201.csv,7.694,7.7665,7.9415,8.0463,7.7972,0.0,0.3922,0.3922,0.2611,2.4,67375.15,0.3443,8.25,8.93,9.89,7.4,7.4,7.36,-1.1138,-3.2928,-4.5528,-1.5028,-6.9091,-13.9978,-22.3458,3.7838,4.3478
20251202,1512,瑞利,TWSE,7.69,7.69,7.58,7.65,11048.0,,,data/daily_price/20251202.csv,7.686,7.7675,7.9422,8.0462,7.7849,-0.3906,-0.5202,0.2621,0.5256,-0.1305,64235.45,0.172,8.25,8.93,9.89,7.45,7.4,7.4,-1.5127,-3.6787,-4.9247,-1.733,-7.2727,-14.3337,-22.6491,3.3784,3.3784
20251203,1512,瑞利,TWSE,7.65,7.67,7.53,7.61,92262.0,,,data/daily_price/20251203.csv,7.668,7.7705,7.9403,8.043,7.7703,-0.5229,-1.1688,0.7947,-1.4249,-4.875,68043.8,1.3559,8.25,8.93,9.89,7.45,7.4,7.4,-2.0655,-4.1602,-5.3836,-2.0634,-7.7576,-14.7816,-23.0536,2.8378,2.8378
20251204,1512,瑞利,TWSE,7.67,7.67,7.46,7.59,38286.0,,,data/daily_price/20251204.csv,7.642,7.7745,7.94,8.0398,7.7553,-0.2628,-1.6839,1.0652,-0.2628,-4.7679,67264.3,0.5692,8.25,8.93,9.89,7.45,7.4,7.4,-2.3731,-4.4081,-5.5951,-2.1315,-8.0,-15.0056,-23.2558,2.5676,2.5676
20251205,1512,瑞利,TWSE,7.51,7.59,7.5,7.59,32618.0,,,data/daily_price/20251205.csv,7.624,7.779,7.9398,8.0381,7.7415,0.0,-1.1719,1.2,-0.1316,-2.6923,66645.05,0.4894,8.25,8.93,9.89,7.46,7.4,7.4,-2.4296,-4.4061,-5.5745,-1.9574,-8.0,-15.0056,-23.2558,2.5676,2.5676
20251208,1512,瑞利,TWSE,7.53,7.53,7.5,7.5,37759.0,,,data/daily_price/20251208.csv,7.588,7.779,7.9382,8.0342,7.7214,-1.1858,-2.3438,0.0,-1.3158,-5.8971,67777.8,0.5571,8.25,8.93,9.89,7.46,7.4,7.4,-3.5866,-5.5197,-6.6487,-2.8674,-9.0909,-16.0134,-24.1658,1.3514,1.3514
20251209,1512,瑞利,TWSE,7.5,7.5,7.46,7.49,20176.0,,,data/daily_price/20251209.csv,7.556,7.7435,7.9365,8.0297,7.7021,-0.1333,-2.0915,-8.6585,-1.3175,-6.7248,48177.6,0.4188,8.13,8.93,9.89,7.46,7.4,7.4,-3.2737,-5.6259,-6.7209,-2.754,-7.8721,-16.1254,-24.2669,1.2162,1.2162
20251210,1512,瑞利,TWSE,7.49,7.52,7.48,7.48,37012.0,,,data/daily_price/20251210.csv,7.53,7.724,7.9325,8.026,7.6836,-0.1335,-1.7083,-4.9555,-3.1088,-5.5556,41226.45,0.8978,8.13,8.93,9.89,7.46,7.4,7.4,-3.159,-5.7044,-6.8029,-2.6499,-7.9951,-16.2374,-24.368,1.0811,1.0811
20251211,1512,瑞利,TWSE,7.58,7.8,7.58,7.66,65269.0,,,data/daily_price/20251211.csv,7.544,7.703,7.9275,8.024,7.6816,2.4064,0.9223,-5.198,-3.7688,-3.038,39721.45,1.6432,8.13,8.93,9.89,7.46,7.4,7.4,-0.5582,-3.3743,-4.5364,-0.2817,-5.7811,-14.2217,-22.548,3.5135,3.5135
20251212,1512,瑞利,TWSE,7.6,7.72,7.6,7.61,38512.0,,,data/daily_price/20251212.csv,7.548,7.68,7.9218,8.0212,7.6757,-0.6527,0.2635,-5.7001,-4.2767,-4.2767,39874.45,0.9658,8.06,8.93,9.89,7.46,7.4,7.4,-0.9115,-3.9364,-5.126,-0.8556,-5.5831,-14.7816,-23.0536,2.8378,2.8378
20251215,1512,瑞利,TWSE,7.44,7.69,7.41,7.59,134211.0,,,data/daily_price/20251215.csv,7.566,7.6615,7.9172,8.0191,7.6685,-0.2628,1.2,-4.6482,-3.5578,-3.1888,43642.2,3.0753,7.97,8.93,9.89,7.41,7.4,7.4,-0.9332,-4.1324,-5.3508,-1.0241,-4.7679,-15.0056,-23.2558,2.5676,2.5676
20251216,1512,瑞利,TWSE,7.39,7.59,7.39,7.46,102186.0,,,data/daily_price/20251216.csv,7.56,7.6405,7.9107,8.0161,7.6512,-1.7128,-0.4005,-5.3299,-4.9682,-4.6036,45944.3,2.2241,7.97,8.93,9.89,7.39,7.39,7.39,-2.3624,-5.6969,-6.9371,-2.4984,-6.399,-16.4614,-24.5703,0.9472,0.9472
20251217,1512,瑞利,TWSE,7.54,7.54,7.47,7.49,23754.0,,,data/daily_price/20251217.csv,7.562,7.619,7.8917,8.0135,7.6377,0.4021,0.1337,-5.4293,-13.2097,-3.9744,45985.95,0.5165,7.97,8.93,9.89,7.39,7.39,7.39,-1.6931,-5.0898,-6.5327,-1.9342,-6.0226,-16.1254,-24.2669,1.3532,1.3532
20251218,1512,瑞利,TWSE,7.49,7.53,7.46,7.5,43085.0,,,data/daily_price/20251218.csv,7.53,7.5995,7.8765,8.0123,7.6262,0.1335,-2.0888,-4.943,-10.8205,-1.8325,46135.05,0.9339,7.8,8.93,9.89,7.39,7.39,7.39,-1.3093,-4.78,-6.3943,-1.6554,-3.8462,-16.0134,-24.1658,1.4885,1.4885
20251219,1512,瑞利,TWSE,7.46,7.64,7.46,7.6,28012.0,,,data/daily_price/20251219.csv,7.528,7.597,7.8645,8.0122,7.6241,1.3333,-0.1314,-0.6536,-8.6538,-0.1314,43926.4,0.6377,7.8,8.93,9.89,7.39,7.39,7.39,0.0395,-3.3632,-5.1452,-0.3156,-2.5641,-14.8936,-23.1547,2.8417,2.8417
20251222,1512,瑞利,TWSE,7.55,7.67,7.52,7.67,45197.0,,,data/daily_price/20251222.csv,7.544,7.598,7.8527,8.0127,7.6279,0.9211,1.054,0.2614,-8.4726,0.6562,44436.15,1.0171,7.8,8.93,9.89,7.39,7.39,7.39,0.9476,-2.3262,-4.2766,0.5521,-1.6667,-14.1097,-22.4469,3.7889,3.7889
20251223,1512,瑞利,TWSE,7.72,7.72,7.49,7.49,25664.0,,,data/daily_price/20251223.csv,7.55,7.588,7.8382,8.0112,7.6164,-2.3468,0.4021,-2.6008,-10.4067,-2.3468,43968.1,0.5837,7.8,8.93,9.89,7.39,7.39,7.39,-1.2915,-4.4419,-6.5055,-1.6596,-3.9744,-16.1254,-24.2669,1.3532,1.3532
20251224,1512,瑞利,TWSE,7.5,7.5,7.48,7.48,41924.0,,,data/daily_price/20251224.csv,7.548,7.577,7.8225,8.0096,7.605,-0.1335,-0.1335,-2.8571,-11.1639,-2.4772,43614.0,0.9613,7.8,8.56,9.89,7.39,7.39,7.39,-1.2802,-4.3784,-6.6119,-1.6441,-4.1026,-12.6168,-24.368,1.2179,1.2179
20251226,1512,瑞利,TWSE,7.48,7.69,7.48,7.59,54025.0,,,data/daily_price/20251226.csv,7.566,7.5705,7.8093,8.009,7.6038,1.4706,1.2,-1.6839,-9.4272,-0.9138,45263.25,1.1936,7.8,8.5,9.89,7.39,7.39,7.39,0.2576,-2.8086,-5.2316,-0.1812,-2.6923,-10.7059,-23.2558,2.7064,2.7064
20251229,1512,瑞利,TWSE,7.56,7.56,7.49,7.55,36027.0,,,data/daily_price/20251229.csv,7.556,7.564,7.794,8.0082,7.5993,-0.527,-0.6579,-1.6927,-10.8619,-1.3072,46511.35,0.7746,7.8,8.5,9.89,7.39,7.39,7.39,-0.1851,-3.1306,-5.7212,-0.6487,-3.2051,-11.1765,-23.6603,2.1651,2.1651
20251230,1512,瑞利,TWSE,7.57,7.57,7.43,7.52,10017.0,,,data/daily_price/20251230.csv,7.526,7.556,7.781,8.0082,7.5927,-0.3974,-1.9557,-2.0833,-9.3976,0.0,45852.2,0.2185,7.8,8.49,9.89,7.39,7.39,7.39,-0.4764,-3.3543,-6.0959,-0.9574,-3.5897,-11.4252,-23.9636,1.7591,1.7591
20251231,1512,瑞利,TWSE,7.58,7.58,7.45,7.52,32206.0,,,data/daily_price/20251231.csv,7.532,7.5495,7.768,8.0082,7.5866,0.0,0.4005,-1.6993,-9.3976,0.1332,46910.1,0.6865,7.8,8.42,9.89,7.39,7.39,7.39,-0.3908,-3.1926,-6.0968,-0.8783,-3.5897,-10.6888,-23.9636,1.7591,1.7591
20260102,1512,瑞利,TWSE,7.43,7.53,7.41,7.44,47708.0,,,data/daily_price/20260102.csv,7.524,7.541,7.7537,8.0078,7.5744,-1.0638,-0.5348,-2.2339,-10.3614,-0.8,44682.4,1.0677,7.8,8.42,9.89,7.39,7.39,7.39,-1.3393,-4.0454,-7.09,-1.7746,-4.6154,-11.639,-24.7725,0.6766,0.6766
20260105,1512,瑞利,TWSE,7.44,7.44,7.03,7.44,137085.0,,,data/daily_price/20260105.csv,7.494,7.5335,7.7418,8.001,7.5632,0.0,-1.9763,-1.9763,-8.7117,-9.8182,49622.35,2.7626,7.8,8.42,9.89,7.03,7.03,7.03,-1.2411,-3.8987,-7.0116,-1.6291,-4.6154,-11.639,-24.7725,5.8321,5.8321
20260106,1512,瑞利,TWSE,7.44,7.64,7.22,7.44,48920.0,,,data/daily_price/20260106.csv,7.472,7.526,7.7283,7.9874,7.5529,0.0,-1.457,-1.9763,-9.8182,-17.9713,50437.45,0.9699,7.8,8.42,9.89,7.03,7.03,7.03,-1.1427,-3.7309,-6.8535,-1.4954,-4.6154,-11.639,-24.7725,5.8321,5.8321
20260107,1512,瑞利,TWSE,7.48,7.48,7.27,7.34,83826.0,,,data/daily_price/20260107.csv,7.436,7.518,7.7142,7.9702,7.5352,-1.3441,-2.3936,-2.1333,-10.3785,-21.9979,52740.8,1.5894,7.8,8.42,9.75,7.03,7.03,7.03,-2.3677,-4.8504,-7.9066,-2.5905,-5.8974,-12.8266,-24.7179,4.4097,4.4097
20260108,1512,瑞利,TWSE,7.24,7.42,7.24,7.39,54824.0,,,data/daily_price/20260108.csv,7.41,7.513,7.6998,7.9537,7.5231,0.6812,-1.7287,-1.3351,-10.4242,-21.1313,54473.2,1.0064,7.8,8.42,9.1,7.03,7.03,7.03,-1.6372,-4.0239,-7.0869,-1.7692,-5.2564,-12.2328,-18.7912,5.1209,5.1209
20260109,1512,瑞利,TWSE,7.23,7.38,7.23,7.36,38630.0,,,data/daily_price/20260109.csv,7.394,7.507,7.6852,7.9408,7.5095,-0.406,-1.0753,-1.6043,-10.6796,-17.3962,54554.1,0.7081,7.8,8.26,9.1,7.03,7.03,7.03,-1.9582,-4.2311,-7.3135,-1.9909,-5.641,-10.8959,-19.1209,4.6942,4.6942
20260112,1512,瑞利,TWSE,7.37,7.37,7.23,7.3,59794.0,,,data/daily_price/20260112.csv,7.366,7.489,7.6723,7.9282,7.492,-0.8152,-1.8817,-4.6997,-9.5415,-17.0455,54280.35,1.1016,7.72,8.26,9.1,7.03,7.03,7.03,-2.5237,-4.8529,-7.9242,-2.5634,-5.4404,-11.6223,-19.7802,3.8407,3.8407
20260113,1512,瑞利,TWSE,7.42,7.42,7.24,7.26,76298.0,,,data/daily_price/20260113.csv,7.33,7.4715,7.6577,7.9172,7.4727,-0.5479,-2.4194,-4.5992,-10.8108,-15.3846,56169.65,1.3583,7.72,8.26,9.1,7.03,7.03,7.03,-2.8308,-5.1931,-8.3015,-2.8465,-5.9585,-12.1065,-20.2198,3.2717,3.2717
20260114,1512,瑞利,TWSE,7.24,7.35,7.21,7.33,91112.0,,,data/daily_price/20260114.csv,7.328,7.4585,7.6463,7.9068,7.4608,0.9642,-0.1362,-3.4256,-8.4894,-14.5688,54014.7,1.6868,7.72,8.25,9.1,7.03,7.03,7.03,-1.7229,-4.1371,-7.2954,-1.7534,-5.0518,-11.1515,-19.4505,4.2674,4.2674
20260115,1512,瑞利,TWSE,7.25,7.32,7.24,7.25,80295.0,,,data/daily_price/20260115.csv,7.3,7.448,7.635,7.8973,7.4433,-1.0914,-1.8945,-2.815,-8.575,-13.5876,52920.15,1.5173,7.72,8.25,9.1,7.03,7.03,7.03,-2.6584,-5.0426,-8.1969,-2.5963,-6.0881,-12.1212,-20.3297,3.1294,3.1294
20260116,1512,瑞利,TWSE,7.24,7.97,7.22,7.91,454313.0,,,data/daily_price/20260116.csv,7.41,7.469,7.635,7.8935,7.4821,9.1034,7.4728,5.6075,0.0,-5.4958,74448.1,6.1024,7.97,8.25,9.1,7.03,7.03,7.03,5.9044,3.6018,0.209,5.7183,-0.7528,-4.1212,-13.0769,12.5178,12.5178
20260119,1512,瑞利,TWSE,7.9,8.65,7.9,8.54,909418.0,,,data/daily_price/20260119.csv,7.658,7.521,7.642,7.8944,7.5703,7.9646,16.9863,13.8667,5.1724,1.3049,117764.75,7.7223,8.65,8.65,9.1,7.03,7.03,7.03,13.5487,11.7509,8.1777,12.8093,-1.2717,-1.2717,-6.1538,21.4794,21.4794
20260120,1512,瑞利,TWSE,8.6,9.39,8.6,9.17,1012361.0,,,data/daily_price/20260120.csv,8.04,7.5995,7.6632,7.8964,7.7036,7.377,26.3085,20.6579,16.0759,2.6876,166982.2,6.0627,9.39,9.39,9.39,7.03,7.03,7.03,20.6658,19.6633,16.1286,19.0351,-2.3429,-2.3429,-2.3429,30.441,30.441
20260121,1512,瑞利,TWSE,9.3,9.3,8.8,8.83,646740.0,,,data/daily_price/20260121.csv,8.34,7.6575,7.6795,7.8963,7.7975,-3.7077,20.4638,15.1239,12.4841,-0.1131,197059.35,3.282,9.39,9.39,9.39,7.03,7.03,7.03,15.3118,14.9814,11.8241,13.2418,-5.9638,-5.9638,-5.9638,25.6046,25.6046
20260122,1512,瑞利,TWSE,8.85,8.95,8.32,8.4,422474.0,,,data/daily_price/20260122.csv,8.57,7.703,7.6878,7.8942,7.8477,-4.8698,15.8621,12.1495,6.3291,-2.8902,216899.85,1.9478,9.39,9.39,9.39,7.03,7.03,7.03,9.0484,9.2636,6.4066,7.0379,-10.5431,-10.5431,-10.5431,19.4879,19.4879
20260123,1512,瑞利,TWSE,8.4,8.4,8.2,8.31,195927.0,,,data/daily_price/20260123.csv,8.65,7.7445,7.6967,7.8928,7.8862,-1.0714,5.0569,11.0963,6.8123,-2.0047,224600.0,0.8723,9.39,9.39,9.39,7.03,7.03,7.03,7.302,7.9688,5.2854,5.3738,-11.5016,-11.5016,-11.5016,18.2077,18.2077
20260126,1512,瑞利,TWSE,8.4,8.4,8.27,8.35,172176.0,,,data/daily_price/20260126.csv,8.612,7.7825,7.7063,7.8908,7.9249,0.4813,-2.2248,10.0132,7.4646,-2.7939,230507.55,0.7469,9.39,9.39,9.39,7.03,7.03,7.03,7.292,8.3524,5.819,5.3646,-11.0756,-11.0756,-11.0756,18.7767,18.7767
20260127,1512,瑞利,TWSE,8.36,8.38,8.28,8.37,148761.0,,,data/daily_price/20260127.csv,8.452,7.8235,7.7175,7.8889,7.962,0.2395,-8.7241,10.8609,8.7013,-2.6744,236144.25,0.63,9.39,9.39,9.39,7.03,7.03,7.03,6.9854,8.4548,6.0982,5.1249,-10.8626,-10.8626,-10.8626,19.0612,19.0612
20260128,1512,瑞利,TWSE,8.38,8.38,8.19,8.24,86146.0,,,data/daily_price/20260128.csv,8.334,7.8595,7.7273,7.8882,7.9851,-1.5532,-6.6818,9.5745,7.7124,-1.0804,239950.7,0.359,9.39,9.39,9.39,7.03,7.03,7.03,4.8413,6.6345,4.4603,3.1919,-12.2471,-12.2471,-12.2471,17.2119,17.2119
20260129,1512,瑞利,TWSE,8.21,8.21,8.11,8.12,129415.0,,,data/daily_price/20260129.csv,8.278,7.8895,7.7355,7.8884,7.9964,-1.4563,-3.3333,7.9787,6.422,0.3708,244811.15,0.5286,9.39,9.39,9.39,7.03,7.03,7.03,2.9216,4.9706,2.9357,1.5461,-13.525,-13.525,-13.525,15.505,15.505
20260130,1512,瑞利,TWSE,8.12,8.12,7.94,7.95,120322.0,,,data/daily_price/20260130.csv,8.206,7.915,7.7422,7.8852,7.9925,-2.0936,-4.3321,6.8548,5.298,-4.5618,248441.85,0.4843,9.39,9.39,9.39,7.03,7.03,7.03,0.4422,2.6844,0.8212,-0.5318,-15.3355,-15.3355,-15.3355,13.0868,13.0868
20260202,1512,瑞利,TWSE,7.96,8.07,7.95,7.95,98241.0,,,data/daily_price/20260202.csv,8.126,7.9405,7.7495,7.8843,7.989,0.0,-4.7904,6.8548,5.8589,-1.3648,246499.65,0.3985,9.39,9.39,9.39,7.21,7.03,7.03,0.1196,2.5873,0.8329,-0.4877,-15.3355,-15.3355,-15.3355,13.0868,13.0868
20260203,1512,瑞利,TWSE,8.0,8.06,7.95,8.0,93543.0,,,data/daily_price/20260203.csv,8.052,7.9685,7.7578,7.8839,7.9899,0.6289,-4.4205,7.5269,6.6667,-0.6211,248730.8,0.3761,9.39,9.39,9.39,7.21,7.03,7.03,0.3953,3.1216,1.4724,0.1267,-14.803,-14.803,-14.803,13.798,13.798
20260204,1512,瑞利,TWSE,8.05,8.05,7.84,8.0,127921.0,,,data/daily_price/20260204.csv,8.004,8.0015,7.7662,7.8808,7.9907,0.0,-2.9126,8.9918,6.6667,-4.4205,250935.55,0.5098,9.39,9.39,9.39,7.21,7.03,7.03,-0.0187,3.0109,1.5121,0.1161,-14.803,-14.803,-14.803,13.798,13.798
20260205,1512,瑞利,TWSE,7.89,7.95,7.81,7.85,116500.0,,,data/daily_price/20260205.csv,7.95,8.0245,7.7603,7.8774,7.979,-1.875,-3.3251,6.2246,-4.2683,-4.9637,254019.35,0.4586,9.39,9.39,9.39,7.21,7.03,7.03,-2.1746,1.1554,-0.348,-1.6167,-16.4004,-16.4004,-16.4004,11.6643,11.6643
20260206,1512,瑞利,TWSE,7.85,7.87,7.67,7.79,77823.0,,,data/daily_price/20260206.csv,7.918,8.046,7.759,7.8733,7.9632,-0.7643,-2.0126,5.8424,-1.0165,-5.9179,255979.0,0.304,9.39,9.39,9.39,7.21,7.03,7.03,-3.1817,0.3995,-1.0584,-2.1756,-17.0394,-17.0394,-17.0394,10.8108,10.8108
20260209,1512,瑞利,TWSE,7.7,7.94,7.7,7.89,38503.0,,,data/daily_price/20260209.csv,7.906,8.0755,7.7558,7.8712,7.9571,1.2837,-0.7547,8.0822,-2.3515,-3.0713,254914.45,0.151,9.39,9.39,9.39,7.21,7.03,7.03,-2.2971,1.7299,0.2382,-0.8438,-15.9744,-15.9744,-15.9744,12.2333,12.2333
20260210,1512,瑞利,TWSE,7.9,8.25,7.8,8.1,142463.0,,,data/daily_price/20260210.csv,7.926,8.1175,7.7563,7.8704,7.969,2.6616,1.25,11.5702,0.3717,-1.2195,258222.7,0.5517,9.39,9.39,9.39,7.21,7.03,7.03,-0.2156,4.4308,2.917,1.6433,-13.738,-13.738,-13.738,15.2205,15.2205
20260211,1512,瑞利,TWSE,8.16,8.25,7.92,7.95,121195.0,,,data/daily_price/20260211.csv,7.916,8.1485,7.7562,7.8688,7.9675,-1.8519,-0.625,8.4584,-0.1256,-2.454,259726.85,0.4666,9.39,9.39,9.39,7.22,7.03,7.03,-2.436,2.4991,1.0326,-0.2191,-15.3355,-15.3355,-15.3355,13.0868,13.0868
20260223,1512,瑞利,TWSE,7.83,8.13,7.8,7.98,91936.0,,,data/daily_price/20260223.csv,7.942,8.185,7.7578,7.866,7.9685,0.3774,1.6561,10.069,1.269,-3.9711,260308.9,0.3532,9.39,9.39,9.39,7.22,7.03,7.03,-2.5046,2.8638,1.4493,0.1443,-15.016,-15.016,-15.016,13.5135,13.5135
20260224,1512,瑞利,TWSE,7.98,7.98,7.81,7.98,103028.0,,,data/daily_price/20260224.csv,7.98,8.1885,7.7588,7.8634,7.9695,0.0,2.439,0.885,0.7576,-3.7394,242744.65,0.4244,9.39,9.39,9.39,7.67,7.03,7.03,-2.5463,2.8505,1.4826,0.1322,-15.016,-15.016,-15.016,13.5135,13.5135
20260225,1512,瑞利,TWSE,7.91,7.91,7.71,7.81,217945.0,,,data/daily_price/20260225.csv,7.964,8.152,7.7575,7.8601,7.9562,-2.1303,-1.0139,-8.548,-1.0139,-4.8721,208171.0,1.047,9.39,9.39,9.39,7.67,7.03,7.03,-4.1953,0.6768,-0.6372,-1.8372,-16.8264,-16.8264,-16.8264,11.0953,11.0953
20260226,1512,瑞利,TWSE,7.81,7.81,7.72,7.75,129358.0,,,data/daily_price/20260226.csv,7.894,8.081,7.7592,7.8573,7.939,-0.7682,-4.321,-15.4853,1.3072,-4.0842,164020.85,0.7887,9.3,9.39,9.39,7.67,7.03,7.03,-4.096,-0.1181,-1.366,-2.3806,-16.6667,-17.4654,-17.4654,10.2418,10.2418
20260302,1512,瑞利,TWSE,7.8,7.84,7.73,7.74,66053.0,,,data/daily_price/20260302.csv,7.852,8.0265,7.7607,7.856,7.9224,-0.129,-2.6415,-12.3443,1.1765,-2.0253,134986.5,0.4893,8.95,9.39,9.39,7.67,7.03,7.03,-3.5694,-0.2663,-1.4766,-2.3025,-13.5196,-17.5719,-17.5719,10.0996,10.0996
20260303,1512,瑞利,TWSE,7.73,7.73,7.33,7.59,171433.0,,,data/daily_price/20260303.csv,7.774,7.986,7.759,7.8533,7.8947,-1.938,-4.8872,-9.6429,-1.3004,-4.1667,122434.45,1.4002,8.4,9.39,9.39,7.33,7.03,7.03,-4.9587,-2.1781,-3.3521,-3.8597,-9.6429,-19.1693,-19.1693,7.9659,7.9659
20260304,1512,瑞利,TWSE,7.34,7.55,7.21,7.22,86047.0,,,data/daily_price/20260304.csv,7.622,7.9315,7.751,7.8482,7.8385,-4.8748,-9.5238,-13.1167,-6.2338,-7.7905,116940.45,0.7358,8.4,9.39,9.39,7.21,7.03,7.03,-8.9706,-6.8507,-8.004,-7.8903,-14.0476,-23.1097,-23.1097,2.7027,2.7027
20260305,1512,瑞利,TWSE,7.25,7.49,7.19,7.26,139436.0,,,data/daily_price/20260305.csv,7.512,7.877,7.7433,7.8432,7.7903,0.554,-7.0423,-13.0539,-5.9585,-7.5159,115303.45,1.2093,8.38,9.39,9.39,7.19,7.03,7.03,-7.8329,-6.2419,-7.4363,-6.8069,-13.3652,-22.6837,-22.6837,3.2717,3.2717
20260306,1512,瑞利,TWSE,7.26,7.33,7.2,7.21,115483.0,,,data/daily_price/20260306.csv,7.404,7.819,7.7355,7.8383,7.7419,-0.6887,-6.9677,-13.859,-6.1198,-7.5641,113639.55,1.0162,8.38,9.39,9.39,7.19,7.03,7.03,-7.7887,-6.7934,-8.0162,-6.8707,-13.9618,-23.2162,-23.2162,2.5605,2.5605
20260309,1512,瑞利,TWSE,7.18,7.18,6.91,7.07,144550.0,,,data/daily_price/20260309.csv,7.27,7.7605,7.7253,7.8334,7.6859,-1.9417,-8.6563,-14.199,-7.9427,-7.7023,116559.75,1.2401,8.25,9.39,9.39,6.91,6.91,6.91,-8.8976,-8.4829,-9.7456,-8.0137,-14.303,-24.7071,-24.7071,2.3155,2.3155
20260310,1512,瑞利,TWSE,7.18,7.18,6.99,7.06,51620.0,,,data/daily_price/20260310.csv,7.164,7.7075,7.7155,7.8288,7.6338,-0.1414,-6.9829,-13.0542,-7.7124,-7.2273,112670.0,0.4582,8.25,9.39,9.39,6.91,6.91,6.91,-8.4009,-8.4959,-9.8205,-7.5162,-14.4242,-24.8136,-24.8136,2.1708,2.1708
20260311,1512,瑞利,TWSE,7.74,7.76,7.4,7.76,326453.0,,,data/daily_price/20260311.csv,7.272,7.698,7.718,7.8292,7.6443,9.915,7.4792,-2.3899,1.9711,0.5181,122976.55,2.6546,8.25,9.39,9.39,6.91,6.91,6.91,0.8054,0.5442,-0.8834,1.5137,-5.9394,-17.3589,-17.3589,12.301,12.301
20260312,1512,瑞利,TWSE,8.24,8.51,8.01,8.01,832976.0,,,data/daily_price/20260312.csv,7.422,7.701,7.725,7.8325,7.6748,3.2216,10.3306,0.7547,5.5336,5.2562,159713.3,5.2154,8.51,9.39,9.39,6.91,6.91,6.91,4.0125,3.6893,2.2662,4.3681,-5.8754,-14.6965,-14.6965,15.919,15.919
20260313,1512,瑞利,TWSE,8.0,8.0,7.72,7.84,307460.0,,,data/daily_price/20260313.csv,7.548,7.693,7.7292,7.8345,7.6885,-2.1223,8.7379,-2.0,3.2938,3.1579,170409.15,1.8042,8.51,9.39,9.39,6.91,6.91,6.91,1.9108,1.434,0.0702,1.9701,-7.8731,-16.5069,-16.5069,13.4588,13.4588
20260316,1512,瑞利,TWSE,8.15,8.15,7.79,8.01,182407.0,,,data/daily_price/20260316.csv,7.736,7.6935,7.7377,7.8379,7.7153,2.1684,13.2956,0.125,6.8,5.3947,173133.45,1.0536,8.51,9.39,9.39,6.91,6.91,6.91,4.1139,3.5196,2.1955,3.8194,-5.8754,-14.6965,-14.6965,15.919,15.919
20260317,1512,瑞利,TWSE,7.93,8.09,7.86,7.86,150933.0,,,data/daily_price/20260317.csv,7.896,7.694,7.7438,7.8402,7.7274,-1.8727,11.3314,0.1274,4.9399,3.5573,174855.1,0.8632,8.51,9.39,9.39,6.91,6.91,6.91,2.1575,1.5001,0.253,1.7163,-7.6381,-16.2939,-16.2939,13.7482,13.7482
20260318,1512,瑞利,TWSE,7.81,7.9,7.35,7.35,321059.0,,,data/daily_price/20260318.csv,7.814,7.672,7.7417,7.8371,7.6959,-6.4885,-5.2835,-5.6483,-1.738,-4.7927,187016.9,1.7167,8.51,9.39,9.39,6.91,6.91,6.91,-4.1971,-5.0592,-6.2151,-4.495,-13.631,-21.7252,-21.7252,6.3676,6.3676
20260319,1512,瑞利,TWSE,7.52,7.87,7.32,7.66,188759.0,,,data/daily_price/20260319.csv,7.744,7.6605,7.7417,7.8346,7.6929,4.2177,-4.3695,-2.9151,0.0,-3.7688,194529.7,0.9703,8.51,9.39,9.39,6.91,6.91,6.91,-0.0065,-1.0549,-2.2284,-0.4281,-9.9882,-18.4239,-18.4239,10.8538,10.8538
20260320,1512,瑞利,TWSE,7.65,7.78,7.6,7.7,122573.0,,,data/daily_price/20260320.csv,7.716,7.6405,7.7432,7.8325,7.6935,0.5222,-1.7857,-4.9383,1.1827,-3.1447,193535.2,0.6333,8.51,9.39,9.39,6.91,6.91,6.91,0.7787,-0.5575,-1.6917,0.0842,-9.5182,-17.9979,-17.9979,11.4327,11.4327
20260323,1512,瑞利,TWSE,7.6,8.06,7.25,7.66,93451.0,,,data/daily_price/20260323.csv,7.646,7.626,7.7443,7.8308,7.6907,-0.5195,-4.3695,-3.6478,0.9223,-2.6684,192148.0,0.4863,8.51,9.39,9.39,6.91,6.91,6.91,0.4458,-1.089,-2.1805,-0.3996,-9.9882,-18.4239,-18.4239,10.8538,10.8538
20260324,1512,瑞利,TWSE,7.84,7.88,7.53,7.71,85939.0,,,data/daily_price/20260324.csv,7.616,7.6125,7.7485,7.8296,7.6923,0.6527,-1.9084,-3.3835,3.3512,-1.7834,191848.15,0.448,8.51,9.39,9.39,6.91,6.91,6.91,1.2808,-0.4969,-1.5273,0.2296,-9.4007,-17.8914,-17.8914,11.5774,11.5774
20260325,1512,瑞利,TWSE,7.95,7.95,7.62,7.71,62815.0,,,data/daily_price/20260325.csv,7.688,7.599,7.7522,7.8219,7.6938,0.0,4.898,-3.3835,2.9372,-10.6605,189837.5,0.3309,8.51,9.39,9.39,6.91,6.91,6.91,1.4607,-0.5439,-1.4308,0.2105,-9.4007,-17.8914,-17.8914,11.5774,11.5774
20260326,1512,瑞利,TWSE,7.71,7.83,7.31,7.46,111779.0,,,data/daily_price/20260326.csv,7.648,7.5815,7.7515,7.814,7.6743,-3.2425,-2.611,-4.4814,-0.5333,-11.2961,184529.2,0.6058,8.51,9.39,9.39,6.91,6.91,6.91,-1.6026,-3.7606,-4.5303,-2.7927,-12.3384,-20.5538,-20.5538,7.9595,7.9595
20260327,1512,瑞利,TWSE,7.46,7.49,7.33,7.49,40424.0,,,data/daily_price/20260327.csv,7.606,7.5685,7.7497,7.8071,7.659,0.4021,-2.7273,-3.3548,-1.4474,-9.976,180082.5,0.2245,8.51,9.39,9.39,6.91,6.91,6.91,-1.0372,-3.3507,-4.0615,-2.2061,-11.9859,-20.2343,-20.2343,8.3936,8.3936
20260330,1512,瑞利,TWSE,7.31,7.44,7.31,7.44,38836.0,,,data/daily_price/20260330.csv,7.562,7.5535,7.7458,7.7992,7.6407,-0.6676,-2.8721,-3.876,-2.9987,-11.2172,178721.65,0.2173,8.51,9.39,9.39,6.91,6.91,6.91,-1.5026,-3.9484,-4.6062,-2.6269,-12.5734,-20.7668,-20.7668,7.67,7.67
20260331,1512,瑞利,TWSE,7.44,7.48,7.25,7.48,53245.0,,,data/daily_price/20260331.csv,7.516,7.548,7.7457,7.7919,7.6273,0.5376,-2.9831,-1.4493,-0.1335,-10.5263,172812.25,0.3081,8.51,9.39,9.39,6.91,6.91,6.91,-0.9009,-3.4299,-4.0031,-1.9315,-12.1034,-20.3408,-20.3408,8.2489,8.2489
20260401,1512,瑞利,TWSE,7.76,8.08,7.48,7.82,207318.0,,,data/daily_price/20260401.csv,7.538,7.578,7.7513,7.7869,7.6434,4.5455,1.4267,8.3102,4.5455,-7.1259,178875.8,1.159,8.51,9.39,9.39,6.91,6.91,6.91,3.1935,0.8859,0.4249,2.3108,-8.1081,-16.7199,-16.7199,13.1693,13.1693
20260402,1512,瑞利,TWSE,7.83,7.92,7.53,7.58,87362.0,,,data/daily_price/20260402.csv,7.562,7.594,7.7512,7.7802,7.6381,-3.0691,1.6086,4.4077,-0.1318,-9.5465,176272.1,0.4956,8.51,9.39,9.39,6.91,6.91,6.91,-0.1844,-2.2083,-2.5738,-0.7606,-10.9283,-19.2758,-19.2758,9.6961,9.6961
20260407,1512,瑞利,TWSE,7.58,7.79,7.31,7.32,52540.0,,,data/daily_price/20260407.csv,7.528,7.5995,7.7473,7.7707,7.6116,-3.4301,-2.2697,1.5257,-3.0464,-13.5773,173124.95,0.3035,8.51,9.39,9.39,6.91,6.91,6.91,-3.6779,-5.5159,-5.7996,-3.8309,-13.9835,-22.0447,-22.0447,5.9334,5.9334
20260408,1512,瑞利,TWSE,7.35,7.6,7.35,7.46,129635.0,,,data/daily_price/20260408.csv,7.532,7.619,7.7463,7.7637,7.599,1.9126,0.2688,5.5163,-0.7979,-10.1205,172379.2,0.752,8.51,9.39,9.39,6.99,6.91,6.91,-2.0869,-3.6964,-3.9114,-1.8286,-12.3384,-20.5538,-20.5538,7.9595,7.9595
20260409,1512,瑞利,TWSE,7.5,7.61,7.33,7.44,123454.0,,,data/daily_price/20260409.csv,7.524,7.638,7.745,7.7565,7.5857,-0.2681,-0.5348,5.3824,-1.0638,-10.3614,175970.9,0.7016,8.51,9.39,9.39,7.25,6.91,6.91,-2.5923,-3.938,-4.0804,-1.9209,-12.5734,-20.7668,-20.7668,7.67,7.67
20260410,1512,瑞利,TWSE,7.45,7.68,7.35,7.44,84695.0,,,data/daily_price/20260410.csv,7.448,7.622,7.745,7.7493,7.5736,0.0,-4.8593,-4.1237,0.0,-10.3614,163883.0,0.5168,8.51,9.39,9.39,7.25,6.91,6.91,-2.3878,-3.938,-3.9917,-1.7636,-12.5734,-20.7668,-20.7668,7.67,7.67
20260413,1512,瑞利,TWSE,7.4,7.4,7.15,7.23,165272.0,,,data/daily_price/20260413.csv,7.378,7.583,7.7415,7.7417,7.5449,-2.8226,-4.6174,-9.7378,-2.8226,-11.2883,130497.8,1.2665,8.15,9.39,9.39,7.15,6.91,6.91,-4.6551,-6.6072,-6.6093,-4.1742,-11.2883,-23.0032,-23.0032,4.631,4.631
20260414,1512,瑞利,TWSE,7.22,7.43,7.2,7.23,129563.0,,,data/daily_price/20260414.csv,7.36,7.5525,7.738,7.7332,7.5187,0.0,-1.2295,-7.7806,-2.8226,-12.3636,121602.95,1.0655,8.15,9.39,9.39,7.15,6.91,6.91,-4.2701,-6.565,-6.5066,-3.8397,-11.2883,-23.0032,-23.0032,4.631,4.631
20260415,1512,瑞利,TWSE,7.23,7.46,7.2,7.39,132162.0,,,data/daily_price/20260415.csv,7.346,7.5215,7.7388,7.7265,7.508,2.213,-0.9383,-7.7403,0.6812,-9.768,119090.7,1.1098,8.09,9.39,9.39,7.15,6.91,6.91,-1.7483,-4.5076,-4.3551,-1.5712,-8.6527,-21.2993,-21.2993,6.9465,6.9465
20260416,1512,瑞利,TWSE,7.39,7.48,7.35,7.44,132440.0,,,data/daily_price/20260416.csv,7.346,7.5005,7.7397,7.7198,7.5023,0.6766,0.0,-5.3435,0.6766,-9.8182,118166.05,1.1208,8.08,9.39,9.39,7.15,6.91,6.91,-0.8066,-3.8718,-3.6238,-0.8305,-7.9208,-20.7668,-20.7668,7.67,7.67
20260417,1512,瑞利,TWSE,7.45,7.67,7.35,7.45,86423.0,,,data/daily_price/20260417.csv,7.348,7.5055,7.7412,7.7132,7.4979,0.1344,0.1344,1.3605,1.2228,-9.5874,106434.25,0.812,8.08,9.39,9.39,7.15,6.91,6.91,-0.7395,-3.7613,-3.4119,-0.6395,-7.797,-20.6603,-20.6603,7.8148,7.8148
20260420,1512,瑞利,TWSE,7.45,7.45,7.21,7.3,113636.0,,,data/daily_price/20260420.csv,7.362,7.4875,7.7412,7.7068,7.4815,-2.0134,0.9682,-4.6997,0.0,-9.5415,102678.1,1.1067,8.08,9.39,9.39,7.15,6.91,6.91,-2.5042,-5.699,-5.2778,-2.4253,-9.6535,-22.2577,-22.2577,5.644,5.644
20260421,1512,瑞利,TWSE,7.3,7.43,7.26,7.35,53834.0,,,data/daily_price/20260421.csv,7.386,7.47,7.7427,7.7002,7.4705,0.6849,1.6598,-4.5455,1.2397,-9.7052,99241.15,0.5425,8.08,9.39,9.39,7.15,6.91,6.91,-1.6064,-5.0715,-4.5475,-1.613,-9.0347,-21.7252,-21.7252,6.3676,6.3676
20260422,1512,瑞利,TWSE,7.4,7.4,7.3,7.31,125479.0,,,data/daily_price/20260422.csv,7.37,7.4525,7.7423,7.6943,7.4571,-0.5442,-1.0825,-4.5692,-0.2729,-8.7391,100842.55,1.2443,8.08,9.39,9.39,7.15,6.91,6.91,-1.9121,-5.584,-4.995,-1.9729,-9.5297,-22.1512,-22.1512,5.7887,5.7887
20260423,1512,瑞利,TWSE,7.42,7.42,7.16,7.3,169440.0,,,data/daily_price/20260423.csv,7.342,7.432,7.7432,7.6891,7.444,-0.1368,-1.8817,-5.3178,0.6897,-7.9445,105017.6,1.6134,8.08,9.39,9.39,7.15,6.91,6.91,-1.7761,-5.7233,-5.0602,-1.9348,-9.6535,-22.2577,-22.2577,5.644,5.644
20260424,1512,瑞利,TWSE,7.42,7.49,7.32,7.32,135222.0,,,data/daily_price/20260424.csv,7.316,7.4125,7.7333,7.6842,7.4337,0.274,-1.745,-5.0584,-7.4589,-7.4589,108637.95,1.2447,8.08,9.39,9.39,7.15,6.91,6.91,-1.2479,-5.3448,-4.7392,-1.5294,-9.4059,-22.0447,-22.0447,5.9334,5.9334
20260427,1512,瑞利,TWSE,7.26,7.34,7.21,7.27,96235.0,,,data/daily_price/20260427.csv,7.31,7.403,7.7122,7.6771,7.4201,-0.6831,-0.411,-2.5469,-14.8712,-10.468,107860.75,0.8922,8.08,9.39,9.39,7.15,6.91,6.91,-1.7966,-5.7334,-5.3026,-2.0222,-10.0248,-22.5772,-22.5772,5.2098,5.2098
20260428,1512,瑞利,TWSE,7.53,7.53,7.26,7.35,47071.0,,,data/daily_price/20260428.csv,7.31,7.396,7.6818,7.6725,7.4142,1.1004,0.0,-1.8692,-19.8473,-6.962,108193.1,0.4351,8.08,9.3,9.39,7.15,6.91,6.91,-0.622,-4.3197,-4.2033,-0.8661,-9.0347,-20.9677,-21.7252,6.3676,6.3676
20260429,1512,瑞利,TWSE,7.42,7.59,7.35,7.5,87891.0,,,data/daily_price/20260429.csv,7.348,7.399,7.6597,7.6696,7.4214,2.0408,2.5992,0.8065,-15.0623,-4.4586,110645.85,0.7943,8.08,8.95,9.39,7.15,6.91,6.91,1.365,-2.0845,-2.2111,1.0596,-7.1782,-16.2011,-20.1278,8.5384,8.5384
20260430,1512,瑞利,TWSE,7.5,7.6,7.4,7.48,28922.0,,,data/daily_price/20260430.csv,7.384,7.399,7.6443,7.6661,7.4262,-0.2667,2.4658,0.0,-10.9524,-5.3165,109429.7,0.2643,8.08,8.51,9.39,7.15,6.91,6.91,1.0947,-2.1497,-2.4274,0.7238,-7.4257,-12.1034,-20.3408,8.2489,8.2489
20260504,1512,瑞利,TWSE,7.48,7.48,7.39,7.45,95871.0,,,data/daily_price/20260504.csv,7.41,7.3805,7.63,7.6633,7.4282,-0.4011,1.776,-4.7315,-10.349,-4.2416,103857.35,0.9231,7.92,8.51,9.39,7.15,6.91,6.91,0.9417,-2.3591,-2.7838,0.2931,-5.9343,-12.4559,-20.6603,7.8148,7.8148
20260505,1512,瑞利,TWSE,7.45,7.45,7.25,7.32,61013.0,,,data/daily_price/20260505.csv,7.42,7.3675,7.6128,7.6596,7.4192,-1.745,0.6878,-3.4301,-12.3353,-5.7915,102539.9,0.595,7.79,8.51,9.39,7.15,6.91,6.91,-0.6447,-3.8466,-4.4334,-1.3372,-6.0334,-13.9835,-22.0447,5.9334,5.9334
20260506,1512,瑞利,TWSE,7.66,7.66,7.3,7.35,133451.0,,,data/daily_price/20260506.csv,7.42,7.369,7.5958,7.6567,7.4134,0.4098,0.0,0.4098,-12.1864,-4.5455,106585.45,1.2521,7.68,8.51,9.39,7.15,6.91,6.91,-0.2578,-3.2364,-4.0052,-0.8558,-4.2969,-13.631,-21.7252,6.3676,6.3676
20260507,1512,瑞利,TWSE,7.3,7.34,7.24,7.28,105493.0,,,data/daily_price/20260507.csv,7.376,7.36,7.5798,7.6536,7.4023,-0.9524,-2.9333,-2.4129,-11.6505,-4.8366,105378.35,1.0011,7.68,8.51,9.39,7.15,6.91,6.91,-1.087,-3.9557,-4.8812,-1.6525,-5.2083,-14.4536,-22.4707,5.3546,5.3546
20260508,1512,瑞利,TWSE,7.45,7.45,7.2,7.35,48022.0,,,data/daily_price/20260508.csv,7.35,7.3555,7.567,7.6512,7.398,0.9615,-1.738,-1.2097,-9.4828,-3.6697,101606.75,0.4726,7.68,8.51,9.39,7.15,6.91,6.91,-0.0748,-2.8677,-3.9373,-0.6483,-4.2969,-13.631,-21.7252,6.3676,6.3676
20260511,1512,瑞利,TWSE,7.23,7.3,7.2,7.21,123610.0,,,data/daily_price/20260511.csv,7.302,7.344,7.5547,7.6484,7.3823,-1.9048,-3.2215,-3.0914,-9.3082,-4.5033,103552.5,1.1937,7.67,8.51,9.39,7.15,6.91,6.91,-1.8246,-4.5623,-5.7321,-2.3339,-5.9974,-15.2761,-23.2162,4.3415,4.3415
20260512,1512,瑞利,TWSE,7.21,7.21,7.1,7.13,176493.0,,,data/daily_price/20260512.csv,7.264,7.339,7.541,7.6453,7.3613,-1.1096,-2.5956,-1.3831,-10.3145,-5.0599,104113.55,1.6952,7.67,8.51,9.39,7.1,6.91,6.91,-2.8478,-5.4502,-6.7395,-3.1418,-7.0404,-16.2162,-24.0682,3.1838,3.1838
20260513,1512,瑞利,TWSE,7.14,7.18,7.02,7.03,147339.0,,,data/daily_price/20260513.csv,7.2,7.329,7.5248,7.6413,7.3337,-1.4025,-4.3537,-2.7663,-12.125,-6.2667,105002.35,1.4032,7.67,8.51,9.39,7.02,6.91,6.91,-4.0797,-6.576,-8.0003,-4.1407,-8.3442,-17.3913,-25.1331,1.7366,1.7366
20260514,1512,瑞利,TWSE,7.02,7.05,6.92,6.96,205565.0,,,data/daily_price/20260514.csv,7.136,7.3075,7.5075,7.6368,7.3025,-0.9957,-4.3956,-5.8187,-13.0,-7.2,108672.5,1.8916,7.67,8.51,9.39,6.92,6.91,6.91,-4.7554,-7.2927,-8.8627,-4.6905,-9.2568,-18.2139,-25.8786,0.7236,0.7236
20260515,1512,瑞利,TWSE,6.96,7.1,6.95,6.96,87137.0,,,data/daily_price/20260515.csv,7.058,7.2835,7.4927,7.6265,7.274,0.0,-5.3061,-6.4516,-11.3376,-15.122,106407.35,0.8189,7.67,8.51,9.39,6.92,6.91,6.91,-4.4415,-7.1092,-8.7393,-4.3165,-9.2568,-18.2139,-25.8786,0.7236,0.7236
20260518,1512,瑞利,TWSE,6.87,7.0,6.75,6.96,25009.0,,,data/daily_price/20260518.csv,7.008,7.259,7.4788,7.6189,7.2478,0.0,-3.4674,-6.5772,-10.6547,-11.5629,103336.65,0.242,7.66,8.51,9.39,6.75,6.75,6.75,-4.119,-6.9374,-8.6484,-3.9711,-9.1384,-18.2139,-25.8786,3.1111,3.1111
20260519,1512,瑞利,TWSE,7.23,7.23,6.91,7.01,10385.0,,,data/daily_price/20260519.csv,6.984,7.2445,7.4642,7.61,7.228,0.7184,-1.683,-3.9726,-11.1534,-13.2426,98174.1,0.1058,7.66,8.51,9.39,6.75,6.75,6.75,-3.2369,-6.0846,-7.8844,-3.0161,-8.4856,-17.6263,-25.3461,3.8519,3.8519
20260520,1512,瑞利,TWSE,6.82,7.24,6.79,7.1,44195.0,,,data/daily_price/20260520.csv,6.998,7.232,7.4475,7.6019,7.2173,1.2839,0.9957,-3.4014,-12.3457,-12.0198,97692.15,0.4524,7.66,8.51,9.39,6.75,6.75,6.75,-1.8252,-4.666,-6.6025,-1.6257,-7.3107,-16.5687,-24.3876,5.1852,5.1852
20260521,1512,瑞利,TWSE,7.1,7.1,6.84,6.96,101510.0,,,data/daily_price/20260521.csv,6.998,7.2145,7.431,7.5936,7.1959,-1.9718,0.0,-4.788,-12.4528,-12.5628,96493.7,1.052,7.66,8.51,9.39,6.75,6.75,6.75,-3.5276,-6.3383,-8.3437,-3.2781,-9.1384,-18.2139,-25.8786,3.1111,3.1111
20260522,1512,瑞利,TWSE,6.87,6.99,6.84,6.99,77500.0,533252.0,TWSE_RWD_JSON_MI_INDEX,data/daily_price/daily_price_20260522.csv,7.004,7.199,7.4145,7.5862,7.1787,0.431,0.431,-4.2466,-12.406,-11.2944,91896.7,0.8433,7.66,8.51,9.39,6.75,6.75,6.75,-2.9032,-5.7253,-7.8586,-2.629,-8.7467,-17.8613,-25.5591,3.5556,3.5556
20260525,1512,瑞利,TWSE,6.97,7.0,6.85,6.97,153839.0,1065450.0,TWSE_RWD_JSON_MI_INDEX,data/daily_price/daily_price_20260525.csv,7.006,7.1815,7.3977,7.5782,7.1613,-0.2861,0.1437,-4.7814,-12.6566,-11.9949,92827.55,1.6573,7.66,8.51,9.39,6.75,6.75,6.75,-2.9451,-5.7811,-8.0263,-2.6718,-9.0078,-18.0964,-25.7721,3.2593,3.2593
20260526,1512,瑞利,TWSE,7.05,7.05,6.86,6.94,73788.0,507275.0,TWSE_RWD_JSON_MI_INDEX,data/daily_price/daily_price_20260526.csv,6.992,7.165,7.3832,7.5703,7.1429,-0.4304,-0.9986,-4.5392,-11.1396,-12.0406,91705.2,0.8046,7.66,8.51,9.39,6.75,6.75,6.75,-3.1403,-6.0024,-8.3264,-2.8405,-9.3995,-18.4489,-26.0916,2.8148,2.8148
20260527,1512,瑞利,TWSE,6.94,6.96,6.81,6.82,97343.0,668651.0,TWSE_RWD_JSON_MI_INDEX,data/daily_price/daily_price_20260527.csv,6.936,7.1385,7.3677,7.5634,7.116,-1.7291,-3.9437,-7.2109,-12.0,-10.8497,94218.8,1.0332,7.66,8.51,9.39,6.75,6.75,6.75,-4.4617,-7.4334,-9.8291,-4.1594,-10.9661,-19.859,-27.3695,1.037,1.037
20260528,1512,瑞利,TWSE,6.51,6.91,6.5,6.89,161485.0,1079142.0,TWSE_RWD_JSON_MI_INDEX,data/daily_price/daily_price_20260528.csv,6.922,7.108,7.3535,7.5571,7.0972,1.0264,-1.0057,-8.1333,-10.9819,-9.9346,97898.5,1.6495,7.66,8.51,9.39,6.5,6.5,6.5,-3.067,-6.3031,-8.8273,-2.9188,-10.0522,-19.0364,-26.6241,6.0,6.0
20260529,1512,瑞利,TWSE,6.82,6.84,6.71,6.74,234956.0,1591114.0,TWSE_RWD_JSON_MI_INDEX,data/daily_price/daily_price_20260529.csv,6.872,7.071,7.3393,7.5492,7.0674,-2.1771,-3.5765,-9.893,-11.1989,-12.3537,108200.2,2.1715,7.66,8.51,9.39,6.5,6.5,6.5,-4.6811,-8.166,-10.7186,-4.6324,-12.0104,-20.7991,-28.2215,3.6923,3.6923
20260601,1512,瑞利,TWSE,6.74,6.8,6.5,6.8,264414.0,1743955.0,TWSE_RWD_JSON_MI_INDEX,data/daily_price/daily_price_20260601.csv,6.838,7.0385,7.3323,7.5417,7.0451,0.8902,-2.439,-8.7248,-5.8172,-11.6883,116627.35,2.2672,7.66,8.51,9.39,6.5,6.5,6.5,-3.3885,-7.2601,-9.8343,-3.4791,-11.2272,-20.094,-27.5825,4.6154,4.6154
20260602,1512,瑞利,TWSE,6.77,6.96,6.7,6.96,148212.0,1004637.0,TWSE_RWD_JSON_MI_INDEX,data/daily_price/daily_price_20260602.csv,6.842,7.0205,7.3273,7.5353,7.038,2.3529,0.2882,-4.918,-4.1322,-9.8446,120987.3,1.225,7.66,8.51,9.39,6.5,6.5,6.5,-0.8618,-5.0132,-7.6351,-1.1085,-9.1384,-18.2139,-25.8786,7.0769,7.0769
20260603,1512,瑞利,TWSE,6.96,7.2,6.9,7.11,259158.0,1829611.0,TWSE_RWD_JSON_MI_INDEX,data/daily_price/daily_price_20260603.csv,6.9,7.0085,7.3257,7.5306,7.044,2.1552,4.2522,-3.2653,-1.387,-7.4219,127272.65,2.0362,7.45,8.51,9.39,6.5,6.5,6.5,1.4482,-2.944,-5.585,0.9368,-4.5638,-16.4512,-24.2812,9.3846,9.3846
20260604,1512,瑞利,TWSE,7.1,7.5,6.94,7.29,268997.0,1948802.0,TWSE_RWD_JSON_MI_INDEX,data/daily_price/daily_price_20260604.csv,6.98,7.009,7.3293,7.5273,7.0645,2.5316,5.8055,0.1374,3.1117,-5.0781,135447.85,1.986,7.5,8.51,9.39,6.5,6.5,6.5,4.0091,-0.5367,-3.153,3.1918,-2.8,-14.3361,-22.3642,12.1538,12.1538
20260605,1512,瑞利,TWSE,7.29,7.58,7.07,7.08,160391.0,1151644.0,TWSE_RWD_JSON_MI_INDEX,data/daily_price/daily_price_20260605.csv,7.048,6.9955,7.3297,7.5226,7.0658,-2.8807,5.0445,-3.6735,0.2833,-7.451,141066.3,1.137,7.58,8.51,9.39,6.5,6.5,6.5,1.2079,-3.4062,-5.8834,0.2009,-6.5963,-16.8038,-24.6006,8.9231,8.9231
20260608,1512,瑞利,TWSE,7.07,7.07,6.7,6.81,101520.0,691526.0,TWSE_RWD_JSON_MI_INDEX,data/daily_price/daily_price_20260608.csv,7.05,6.9755,7.3138,7.5159,7.0445,-3.8136,0.1471,-5.5479,-12.2423,-10.5125,139961.8,0.7253,7.58,8.51,9.39,6.5,6.5,6.5,-2.3726,-6.8888,-9.3923,-3.3287,-10.1583,-19.9765,-27.476,4.7692,4.7692
20260609,1512,瑞利,TWSE,6.81,6.93,6.71,6.93,112470.0,764490.0,TWSE_RWD_JSON_MI_INDEX,data/daily_price/daily_price_20260609.csv,7.044,6.9655,7.2958,7.5104,7.0349,1.7621,-0.431,-2.805,-13.4831,-8.6957,136760.65,0.8224,7.58,8.15,9.39,6.5,6.5,6.5,-0.5097,-5.0143,-7.7282,-1.4918,-8.5752,-14.9693,-26.1981,6.6154,6.6154
20260610,1512,瑞利,TWSE,6.93,6.93,6.8,6.82,76582.0,523240.0,TWSE_RWD_JSON_MI_INDEX,data/daily_price/daily_price_20260610.csv,6.986,6.955,7.2788,7.504,7.017,-1.5873,-4.0788,-2.9872,-13.0102,-10.1449,133222.8,0.5748,7.58,8.15,9.39,6.5,6.5,6.5,-1.941,-6.3037,-9.1151,-2.8079,-10.0264,-16.319,-27.3695,4.9231,4.9231
20260611,1512,瑞利,TWSE,6.81,6.86,6.74,6.86,94924.0,645475.0,TWSE_RWD_JSON_MI_INDEX,data/daily_price/daily_price_20260611.csv,6.9,6.95,7.2597,7.4987,7.0039,0.5865,-5.8985,-1.4368,-14.3571,-8.5333,127690.75,0.7434,7.58,8.09,9.39,6.5,6.5,6.5,-1.295,-5.5053,-8.5171,-2.0552,-9.4987,-15.204,-26.9436,5.5385,5.5385
20260612,1512,瑞利,TWSE,6.86,7.04,6.8,6.86,96558.0,666285.0,TWSE_RWD_JSON_MI_INDEX,data/daily_price/daily_price_20260612.csv,6.856,6.945,7.243,7.4934,6.992,0.0,-3.1073,-1.4368,-12.7226,-8.4112,128161.8,0.7534,7.58,8.08,9.39,6.5,6.5,6.5,-1.2239,-5.2879,-8.453,-1.8872,-9.4987,-15.099,-26.9436,5.5385,5.5385
20260615,1512,瑞利,TWSE,6.87,6.99,6.71,6.86,148140.0,1014351.0,TWSE_RWD_JSON_MI_INDEX,data/daily_price/daily_price_20260615.csv,6.866,6.94,7.2348,7.4882,6.981,0.0,0.7342,-1.4368,-6.6667,-8.2888,134318.35,1.1029,7.58,8.08,9.39,6.5,6.5,6.5,-1.1527,-5.181,-8.3898,-1.7327,-9.4987,-15.099,-26.9436,5.5385,5.5385
20260616,1512,瑞利,TWSE,6.86,6.9,6.8,6.89,50045.0,343783.0,TWSE_RWD_JSON_MI_INDEX,data/daily_price/daily_price_20260616.csv,6.858,6.934,7.222,7.4818,6.9734,0.4373,-0.5772,-1.7118,-10.0522,-10.0522,136301.35,0.3672,7.58,8.08,9.39,6.5,6.5,6.5,-0.6346,-4.5971,-7.9103,-1.1956,-9.1029,-14.7277,-26.6241,6.0,6.0
20260617,1512,瑞利,TWSE,6.88,7.23,6.88,7.16,160435.0,1140262.0,TWSE_RWD_JSON_MI_INDEX,data/daily_price/daily_price_20260617.csv,6.926,6.937,7.213,7.4781,6.9889,3.9187,4.9853,0.8451,-7.013,-5.9133,142113.35,1.1289,7.58,8.08,9.39,6.5,6.5,6.5,3.2146,-0.7348,-4.2535,2.4478,-5.5409,-11.3861,-23.7487,10.1538,10.1538
20260618,1512,瑞利,TWSE,7.15,7.33,7.15,7.25,208912.0,1511723.0,TWSE_RWD_JSON_MI_INDEX,data/daily_price/daily_price_20260618.csv,7.004,6.9515,7.2062,7.4752,7.0107,1.257,5.6851,4.1667,-5.3525,-4.4796,147483.45,1.4165,7.58,8.08,9.39,6.5,6.5,6.5,4.294,0.6083,-3.0133,3.4136,-4.3536,-10.2723,-22.7902,11.5385,11.5385
20260622,1512,瑞利,TWSE,7.25,7.25,6.92,6.93,185884.0,1305360.0,TWSE_RWD_JSON_MI_INDEX,data/daily_price/daily_price_20260622.csv,7.018,6.9485,7.1932,7.4708,7.004,-4.4138,1.0204,-0.8584,-10.1167,-7.1046,152902.65,1.2157,7.58,8.08,9.39,6.5,6.5,6.5,-0.2662,-3.6586,-7.2393,-1.056,-8.5752,-14.2327,-26.1981,6.6154,6.6154
20260623,1512,瑞利,TWSE,6.93,7.08,6.73,6.76,100443.0,690804.0,TWSE_RWD_JSON_MI_INDEX,data/daily_price/daily_price_20260623.csv,6.998,6.938,7.1773,7.4648,6.9836,-2.4531,-1.4577,-3.0129,-12.3217,-9.7463,150232.85,0.6686,7.58,8.08,9.39,6.5,6.5,6.5,-2.5656,-5.8146,-9.441,-3.2022,-10.8179,-16.3366,-28.0085,4.0,4.0
20260624,1512,瑞利,TWSE,6.99,6.99,6.71,6.8,113963.0,769584.0,TWSE_RWD_JSON_MI_INDEX,data/daily_price/daily_price_20260624.csv,6.98,6.931,7.1663,7.4589,6.9683,0.5917,-1.3062,-2.0173,-8.8472,-9.3333,152241.6,0.7486,7.58,8.08,9.39,6.5,6.5,6.5,-1.8901,-5.1119,-8.8339,-2.4156,-10.2902,-15.8416,-27.5825,4.6154,4.6154
20260625,1512,瑞利,TWSE,6.8,6.96,6.73,6.88,117957.0,808746.0,TWSE_RWD_JSON_MI_INDEX,data/daily_price/daily_price_20260625.csv,6.924,6.934,7.1562,7.4529,6.961,1.1765,-3.9106,0.8798,-8.1442,-9.4737,153272.3,0.7696,7.58,8.08,9.39,6.5,6.5,6.5,-0.7788,-3.8591,-7.6871,-1.1632,-9.2348,-14.8515,-26.7306,5.8462,5.8462
20260626,1512,瑞利,TWSE,6.71,6.95,6.71,6.77,117254.0,794073.0,TWSE_RWD_JSON_MI_INDEX,data/daily_price/daily_price_20260626.csv,6.828,6.928,7.145,7.4454,6.9451,-1.5988,-6.6207,-1.7417,-9.0054,-11.734,151060.75,0.7762,7.58,8.08,9.39,6.5,6.5,6.5,-2.2806,-5.2484,-9.0716,-2.5205,-10.686,-16.2129,-27.902,4.1538,4.1538
