date,stock_id,stock_name,market,open,high,low,close,volume,trading_value,source,source_file,ma5,ma20,ma60,ma120,ema23,return_1d,return_5d,return_20d,return_60d,return_120d,volume_ma20,volume_ratio,high_20,high_60,high_120,low_20,low_60,low_120,distance_to_ma20_pct,distance_to_ma60_pct,distance_to_ma120_pct,distance_to_ema23_pct,distance_to_high_20_pct,distance_to_high_60_pct,distance_to_high_120_pct,distance_to_low_60_pct,distance_to_low_120_pct
20240102,1516,川飛,TWSE,18.7,18.7,18.6,18.6,48380.0,901710.0,TWSE_RWD_JSON_MI_INDEX,data/daily_price/daily_price_20240102.csv,,,,,,,,,,,,,,,,,,,,,,,,,,,
20240103,1516,川飛,TWSE,18.6,18.6,18.45,18.5,91972.0,1703712.0,TWSE_RWD_JSON_MI_INDEX,data/daily_price/daily_price_20240103.csv,,,,,,-0.5376,,,,,,,,,,,,,,,,,,,,,
20240104,1516,川飛,TWSE,18.6,18.6,18.5,18.5,54268.0,1005298.0,TWSE_RWD_JSON_MI_INDEX,data/daily_price/daily_price_20240104.csv,,,,,,0.0,,,,,,,,,,,,,,,,,,,,,
20240105,1516,川飛,TWSE,18.5,18.75,18.5,18.5,112959.0,2099771.0,TWSE_RWD_JSON_MI_INDEX,data/daily_price/daily_price_20240105.csv,,,,,,0.0,,,,,,,,,,,,,,,,,,,,,
20240108,1516,川飛,TWSE,18.55,18.75,18.5,18.5,48887.0,907667.0,TWSE_RWD_JSON_MI_INDEX,data/daily_price/daily_price_20240108.csv,18.52,18.52,18.52,18.52,18.5706,0.0,,,,,71293.2,0.6857,18.75,18.75,18.75,18.45,18.45,18.45,-0.108,-0.108,-0.108,-0.3802,-1.3333,-1.3333,-1.3333,0.271,0.271
20240109,1516,川飛,TWSE,18.5,18.5,18.35,18.35,617386.0,11334790.0,TWSE_RWD_JSON_MI_INDEX,data/daily_price/daily_price_20240109.csv,18.47,18.4917,18.4917,18.4917,18.5522,-0.8108,-1.3441,,,,162308.6667,3.8038,18.75,18.75,18.75,18.35,18.35,18.35,-0.7661,-0.7661,-0.7661,-1.09,-2.1333,-2.1333,-2.1333,0.0,0.0
20240110,1516,川飛,TWSE,18.35,18.35,18.15,18.25,54369.0,991837.0,TWSE_RWD_JSON_MI_INDEX,data/daily_price/daily_price_20240110.csv,18.42,18.4571,18.4571,18.4571,18.527,-0.545,-1.3514,,,,146888.7143,0.3701,18.75,18.75,18.75,18.15,18.15,18.15,-1.1223,-1.1223,-1.1223,-1.4953,-2.6667,-2.6667,-2.6667,0.551,0.551
20240111,1516,川飛,TWSE,18.05,18.35,18.05,18.25,40538.0,737856.0,TWSE_RWD_JSON_MI_INDEX,data/daily_price/daily_price_20240111.csv,18.37,18.4312,18.4312,18.4312,18.504,0.0,-1.3514,,,,133594.875,0.3034,18.75,18.75,18.75,18.05,18.05,18.05,-0.9834,-0.9834,-0.9834,-1.3724,-2.6667,-2.6667,-2.6667,1.108,1.108
20240112,1516,川飛,TWSE,18.25,18.25,18.2,18.2,40182.0,732837.0,TWSE_RWD_JSON_MI_INDEX,data/daily_price/daily_price_20240112.csv,18.31,18.4056,18.4056,18.4056,18.4786,-0.274,-1.6216,,,,123215.6667,0.3261,18.75,18.75,18.75,18.05,18.05,18.05,-1.1168,-1.1168,-1.1168,-1.5078,-2.9333,-2.9333,-2.9333,0.831,0.831
20240115,1516,川飛,TWSE,18.2,18.2,18.0,18.15,295447.0,5354210.0,TWSE_RWD_JSON_MI_INDEX,data/daily_price/daily_price_20240115.csv,18.24,18.38,18.38,18.38,18.4512,-0.2747,-1.8919,,,,140438.8,2.1037,18.75,18.75,18.75,18.0,18.0,18.0,-1.2514,-1.2514,-1.2514,-1.6326,-3.2,-3.2,-3.2,0.8333,0.8333
20240116,1516,川飛,TWSE,18.0,18.05,17.55,17.75,135183.0,2413131.0,TWSE_RWD_JSON_MI_INDEX,data/daily_price/daily_price_20240116.csv,18.12,18.3227,18.3227,18.3227,18.3928,-2.2039,-3.2698,,,,139961.0,0.9659,18.75,18.75,18.75,17.55,17.55,17.55,-3.1258,-3.1258,-3.1258,-3.4948,-5.3333,-5.3333,-5.3333,1.1396,1.1396
20240117,1516,川飛,TWSE,17.8,17.8,17.4,17.45,70914.0,1241373.0,TWSE_RWD_JSON_MI_INDEX,data/daily_price/daily_price_20240117.csv,17.96,18.25,18.25,18.25,18.3142,-1.6901,-4.3836,,,,134207.0833,0.5284,18.75,18.75,18.75,17.4,17.4,17.4,-4.3836,-4.3836,-4.3836,-4.7189,-6.9333,-6.9333,-6.9333,0.2874,0.2874
20240118,1516,川飛,TWSE,17.5,17.5,17.3,17.35,33336.0,579123.0,TWSE_RWD_JSON_MI_INDEX,data/daily_price/daily_price_20240118.csv,17.78,18.1808,18.1808,18.1808,18.2339,-0.5731,-4.9315,,,,126447.7692,0.2636,18.75,18.75,18.75,17.3,17.3,17.3,-4.5695,-4.5695,-4.5695,-4.8475,-7.4667,-7.4667,-7.4667,0.289,0.289
20240119,1516,川飛,TWSE,17.45,17.7,17.45,17.7,16256.0,286367.0,TWSE_RWD_JSON_MI_INDEX,data/daily_price/daily_price_20240119.csv,17.68,18.1464,18.1464,18.1464,18.1894,2.0173,-2.7473,,,,118576.9286,0.1371,18.75,18.75,18.75,17.3,17.3,17.3,-2.4601,-2.4601,-2.4601,-2.6905,-5.6,-5.6,-5.6,2.3121,2.3121
20240122,1516,川飛,TWSE,17.8,17.8,17.6,17.6,16601.0,292406.0,TWSE_RWD_JSON_MI_INDEX,data/daily_price/daily_price_20240122.csv,17.57,18.11,18.11,18.11,18.1403,-0.565,-3.0303,,,,111778.5333,0.1485,18.75,18.75,18.75,17.3,17.3,17.3,-2.8161,-2.8161,-2.8161,-2.9783,-6.1333,-6.1333,-6.1333,1.7341,1.7341
20240123,1516,川飛,TWSE,17.55,17.7,17.55,17.7,16260.0,286397.0,TWSE_RWD_JSON_MI_INDEX,data/daily_price/daily_price_20240123.csv,17.56,18.0844,18.0844,18.0844,18.1036,0.5682,-0.2817,,,,105808.625,0.1537,18.75,18.75,18.75,17.3,17.3,17.3,-2.1255,-2.1255,-2.1255,-2.2293,-5.6,-5.6,-5.6,2.3121,2.3121
20240124,1516,川飛,TWSE,17.65,17.8,17.65,17.75,42506.0,751556.0,TWSE_RWD_JSON_MI_INDEX,data/daily_price/daily_price_20240124.csv,17.62,18.0647,18.0647,18.0647,18.0741,0.2825,1.7192,,,,102084.9412,0.4164,18.75,18.75,18.75,17.3,17.3,17.3,-1.7421,-1.7421,-1.7421,-1.7933,-5.3333,-5.3333,-5.3333,2.6012,2.6012
20240125,1516,川飛,TWSE,17.85,17.85,17.65,17.65,61578.0,1087832.0,TWSE_RWD_JSON_MI_INDEX,data/daily_price/daily_price_20240125.csv,17.68,18.0417,18.0417,18.0417,18.0388,-0.5634,1.7291,,,,99834.5556,0.6168,18.75,18.75,18.75,17.3,17.3,17.3,-2.1709,-2.1709,-2.1709,-2.1552,-5.8667,-5.8667,-5.8667,2.0231,2.0231
20240126,1516,川飛,TWSE,17.6,17.7,17.6,17.7,13204.0,232916.0,TWSE_RWD_JSON_MI_INDEX,data/daily_price/daily_price_20240126.csv,17.68,18.0237,18.0237,18.0237,18.0105,0.2833,0.0,,,,95275.0526,0.1386,18.75,18.75,18.75,17.3,17.3,17.3,-1.7959,-1.7959,-1.7959,-1.7242,-5.6,-5.6,-5.6,2.3121,2.3121
20240129,1516,川飛,TWSE,17.45,17.55,17.3,17.5,35740.0,623465.0,TWSE_RWD_JSON_MI_INDEX,data/daily_price/daily_price_20240129.csv,17.66,17.9975,17.9975,17.9975,17.968,-1.1299,-0.5682,,,,92298.3,0.3872,18.75,18.75,18.75,17.3,17.3,17.3,-2.7643,-2.7643,-2.7643,-2.6046,-6.6667,-6.6667,-6.6667,1.1561,1.1561
20240130,1516,川飛,TWSE,17.5,17.6,17.45,17.5,24541.0,429505.0,TWSE_RWD_JSON_MI_INDEX,data/daily_price/daily_price_20240130.csv,17.62,17.9425,17.9738,17.9738,17.929,0.0,-1.1299,-5.914,,,91106.35,0.2694,18.75,18.75,18.75,17.3,17.3,17.3,-2.4662,-2.6361,-2.6361,-2.3928,-6.6667,-6.6667,-6.6667,1.1561,1.1561
20240131,1516,川飛,TWSE,17.5,17.6,17.4,17.4,38061.0,665563.0,TWSE_RWD_JSON_MI_INDEX,data/daily_price/daily_price_20240131.csv,17.55,17.8875,17.9477,17.9477,17.8849,-0.5714,-1.9718,-5.9459,,,88410.8,0.4305,18.75,18.75,18.75,17.3,17.3,17.3,-2.7254,-3.0518,-3.0518,-2.7113,-7.2,-7.2,-7.2,0.578,0.578
20240201,1516,川飛,TWSE,17.4,17.5,17.4,17.4,25555.0,445009.0,TWSE_RWD_JSON_MI_INDEX,data/daily_price/daily_price_20240201.csv,17.5,17.8325,17.9239,17.9239,17.8445,0.0,-1.4164,-5.9459,,,86975.15,0.2938,18.75,18.75,18.75,17.3,17.3,17.3,-2.4253,-2.923,-2.923,-2.491,-7.2,-7.2,-7.2,0.578,0.578
20240202,1516,川飛,TWSE,17.45,17.6,17.45,17.5,25126.0,439531.0,TWSE_RWD_JSON_MI_INDEX,data/daily_price/daily_price_20240202.csv,17.46,17.7825,17.9062,17.9062,17.8158,0.5747,-1.1299,-5.4054,,,82583.5,0.3042,18.75,18.75,18.75,17.3,17.3,17.3,-1.5886,-2.2688,-2.2688,-1.7726,-6.6667,-6.6667,-6.6667,1.1561,1.1561
20240205,1516,川飛,TWSE,17.5,17.5,17.35,17.35,18274.0,317856.0,TWSE_RWD_JSON_MI_INDEX,data/daily_price/daily_price_20240205.csv,17.43,17.725,17.884,17.884,17.777,-0.8571,-0.8571,-6.2162,,,81052.85,0.2255,18.5,18.75,18.75,17.3,17.3,17.3,-2.1157,-2.9859,-2.9859,-2.4019,-6.2162,-7.4667,-7.4667,0.289,0.289
20240215,1516,川飛,TWSE,17.4,17.6,17.35,17.5,51103.0,891410.0,TWSE_RWD_JSON_MI_INDEX,data/daily_price/daily_price_20240215.csv,17.43,17.6825,17.8692,17.8692,17.7539,0.8646,0.0,-4.6322,,,52738.7,0.969,18.35,18.75,18.75,17.3,17.3,17.3,-1.0321,-2.0663,-2.0663,-1.4301,-4.6322,-6.6667,-6.6667,1.1561,1.1561
20240216,1516,川飛,TWSE,17.5,17.9,17.5,17.9,89972.0,1596002.0,TWSE_RWD_JSON_MI_INDEX,data/daily_price/daily_price_20240216.csv,17.53,17.665,17.8704,17.8704,17.7661,2.2857,2.8736,-1.9178,,,54518.85,1.6503,18.35,18.75,18.75,17.3,17.3,17.3,1.3303,0.1658,0.1658,0.7538,-2.4523,-4.5333,-4.5333,3.4682,3.4682
20240219,1516,川飛,TWSE,18.0,18.0,17.7,17.9,48988.0,872935.0,TWSE_RWD_JSON_MI_INDEX,data/daily_price/daily_price_20240219.csv,17.63,17.6475,17.8714,17.8714,17.7772,0.0,2.8736,-1.9178,,,54941.35,0.8916,18.25,18.75,18.75,17.3,17.3,17.3,1.4308,0.1599,0.1599,0.6906,-1.9178,-4.5333,-4.5333,3.4682,3.4682
20240220,1516,川飛,TWSE,17.9,17.9,17.75,17.75,50339.0,895395.0,TWSE_RWD_JSON_MI_INDEX,data/daily_price/daily_price_20240220.csv,17.68,17.625,17.8672,17.8672,17.775,-0.838,1.4286,-2.4725,,,55449.2,0.9078,18.2,18.75,18.75,17.3,17.3,17.3,0.7092,-0.6562,-0.6562,-0.1405,-2.4725,-5.3333,-5.3333,2.6012,2.6012
20240221,1516,川飛,TWSE,17.8,17.85,17.7,17.85,81968.0,1455338.0,TWSE_RWD_JSON_MI_INDEX,data/daily_price/daily_price_20240221.csv,17.78,17.61,17.8667,17.8667,17.7812,0.5634,2.8818,-1.6529,,,44775.25,1.8307,18.05,18.75,18.75,17.3,17.3,17.3,1.3629,-0.0933,-0.0933,0.3868,-1.108,-4.8,-4.8,3.1792,3.1792
20240222,1516,川飛,TWSE,17.85,17.85,17.75,17.8,35476.0,630649.0,TWSE_RWD_CSV_MI_INDEX,data/daily_price/daily_price_20240222.csv,17.84,17.6125,17.8645,17.8645,17.7828,-0.2801,1.7143,0.2817,,,39789.9,0.8916,18.0,18.75,18.75,17.3,17.3,17.3,1.0646,-0.3611,-0.3611,0.0968,-1.1111,-5.0667,-5.0667,2.8902,2.8902
20240223,1516,川飛,TWSE,17.75,18.15,17.7,17.75,106420.0,1891691.0,TWSE_RWD_JSON_MI_INDEX,data/daily_price/daily_price_20240223.csv,17.81,17.6275,17.8609,17.8609,17.7801,-0.2809,-0.838,1.7192,,,41565.2,2.5603,18.15,18.75,18.75,17.3,17.3,17.3,0.6949,-0.6211,-0.6211,-0.169,-2.2039,-5.3333,-5.3333,2.6012,2.6012
20240226,1516,川飛,TWSE,17.8,17.85,17.65,17.8,33580.0,597107.0,TWSE_RWD_JSON_MI_INDEX,data/daily_price/daily_price_20240226.csv,17.79,17.65,17.8591,17.8591,17.7817,0.2817,-0.5587,2.5937,,,41577.4,0.8077,18.15,18.75,18.75,17.3,17.3,17.3,0.8499,-0.3309,-0.3309,0.1028,-1.9284,-5.0667,-5.0667,2.8902,2.8902
20240227,1516,川飛,TWSE,17.85,17.85,17.65,17.65,45466.0,805463.0,TWSE_RWD_JSON_MI_INDEX,data/daily_price/daily_price_20240227.csv,17.77,17.6475,17.8529,17.8529,17.7707,-0.8427,-0.5634,-0.2825,,,43037.9,1.0564,18.15,18.75,18.75,17.3,17.3,17.3,0.0142,-1.1367,-1.1367,-0.6794,-2.7548,-5.8667,-5.8667,2.0231,2.0231
20240229,1516,川飛,TWSE,17.5,17.7,17.5,17.6,10322.0,181456.0,TWSE_RWD_JSON_MI_INDEX,data/daily_price/daily_price_20240229.csv,17.72,17.6475,17.8457,17.8457,17.7565,-0.2833,-1.4006,0.0,,,42723.95,0.2416,18.15,18.75,18.75,17.3,17.3,17.3,-0.2692,-1.3769,-1.3769,-0.8814,-3.0303,-6.1333,-6.1333,1.7341,1.7341
20240301,1516,川飛,TWSE,17.6,17.6,17.45,17.6,69298.0,1215367.0,TWSE_RWD_JSON_MI_INDEX,data/daily_price/daily_price_20240301.csv,17.68,17.6425,17.8389,17.8389,17.7435,0.0,-1.1236,-0.565,,,45375.85,1.5272,18.15,18.75,18.75,17.3,17.3,17.3,-0.2409,-1.3391,-1.3391,-0.8086,-3.0303,-6.1333,-6.1333,1.7341,1.7341
20240304,1516,川飛,TWSE,17.65,17.8,17.5,17.5,35094.0,617075.0,TWSE_RWD_CSV_MI_INDEX,data/daily_price/daily_price_20240304.csv,17.63,17.63,17.8297,17.8297,17.7232,-0.5682,-1.4085,-1.4085,,,45005.25,0.7798,18.15,18.75,18.75,17.3,17.3,17.3,-0.7374,-1.8493,-1.8493,-1.2592,-3.5813,-6.6667,-6.6667,1.1561,1.1561
20240305,1516,川飛,TWSE,17.45,17.45,17.3,17.35,148486.0,2579252.0,TWSE_RWD_JSON_MI_INDEX,data/daily_price/daily_price_20240305.csv,17.54,17.615,17.8171,17.8171,17.6921,-0.8571,-2.5281,-1.6997,,,49350.65,3.0088,18.15,18.75,18.75,17.3,17.3,17.3,-1.5044,-2.6217,-2.6217,-1.9335,-4.4077,-7.4667,-7.4667,0.289,0.289
20240306,1516,川飛,TWSE,17.3,17.3,17.15,17.25,51318.0,884390.0,TWSE_RWD_JSON_MI_INDEX,data/daily_price/daily_price_20240306.csv,17.46,17.5925,17.8026,17.8026,17.6552,-0.5764,-2.2663,-2.5424,,,51256.35,1.0012,18.15,18.75,18.75,17.15,17.15,17.15,-1.9469,-3.1038,-3.1038,-2.2953,-4.9587,-8.0,-8.0,0.5831,0.5831
20240307,1516,川飛,TWSE,17.25,17.25,17.1,17.1,53782.0,923772.0,TWSE_RWD_JSON_MI_INDEX,data/daily_price/daily_price_20240307.csv,17.36,17.5725,17.785,17.785,17.609,-0.8696,-2.8409,-2.2857,,,52158.45,1.0311,18.15,18.75,18.75,17.1,17.1,17.1,-2.6889,-3.8516,-3.8516,-2.8904,-5.7851,-8.8,-8.8,0.0,0.0
20240308,1516,川飛,TWSE,17.05,17.05,16.55,16.85,163858.0,2759223.0,TWSE_RWD_JSON_MI_INDEX,data/daily_price/daily_price_20240308.csv,17.21,17.54,17.7622,17.7622,17.5457,-1.462,-4.2614,-3.7143,,,59124.3,2.7714,18.15,18.75,18.75,16.55,16.55,16.55,-3.9339,-5.1356,-5.1356,-3.9652,-7.1625,-10.1333,-10.1333,1.8127,1.8127
20240311,1516,川飛,TWSE,16.65,17.0,16.65,16.8,45471.0,767884.0,TWSE_RWD_JSON_MI_INDEX,data/daily_price/daily_price_20240311.csv,17.07,17.51,17.7393,17.7393,17.4836,-0.2967,-4.0,-3.4483,,,59494.8,0.7643,18.15,18.75,18.75,16.55,16.55,16.55,-4.0548,-5.2949,-5.2949,-3.9098,-7.438,-10.4,-10.4,1.5106,1.5106
20240312,1516,川飛,TWSE,16.9,17.05,16.9,17.0,12901.0,218907.0,TWSE_RWD_JSON_MI_INDEX,data/daily_price/daily_price_20240312.csv,17.0,17.49,17.7221,17.7221,17.4433,1.1905,-2.0173,-2.2989,,,58862.1,0.2192,18.15,18.75,18.75,16.55,16.55,16.55,-2.8016,-4.0745,-4.0745,-2.5413,-6.3361,-9.3333,-9.3333,2.719,2.719
20240313,1516,川飛,TWSE,17.0,17.0,16.65,16.9,92880.0,1555303.0,TWSE_RWD_JSON_MI_INDEX,data/daily_price/daily_price_20240313.csv,16.93,17.46,17.7034,17.7034,17.398,-0.5882,-2.029,-3.4286,,,62249.8,1.4921,18.15,18.75,18.75,16.55,16.55,16.55,-3.2073,-4.5382,-4.5382,-2.8624,-6.8871,-9.8667,-9.8667,2.1148,2.1148
20240314,1516,川飛,TWSE,16.7,16.75,16.6,16.65,37314.0,623630.0,TWSE_RWD_JSON_MI_INDEX,data/daily_price/daily_price_20240314.csv,16.84,17.425,17.68,17.68,17.3357,-1.4793,-2.6316,-4.0346,,,63201.8,0.5904,18.15,18.75,18.75,16.55,16.55,16.55,-4.4476,-5.8258,-5.8258,-3.9553,-8.2645,-11.2,-11.2,0.6042,0.6042
20240315,1516,川飛,TWSE,16.65,16.65,16.5,16.6,50890.0,842128.0,TWSE_RWD_JSON_MI_INDEX,data/daily_price/daily_price_20240315.csv,16.79,17.38,17.6565,17.6565,17.2744,-0.3003,-1.4837,-5.1429,,,63191.15,0.8053,18.15,18.75,18.75,16.5,16.5,16.5,-4.4879,-5.9837,-5.9837,-3.9039,-8.5399,-11.4667,-11.4667,0.6061,0.6061
20240318,1516,川飛,TWSE,16.45,16.6,16.4,16.6,39602.0,651689.0,TWSE_RWD_JSON_MI_INDEX,data/daily_price/daily_price_20240318.csv,16.75,17.315,17.634,17.634,17.2182,0.0,-1.1905,-7.2626,,,60672.65,0.6527,18.15,18.75,18.75,16.4,16.4,16.4,-4.1294,-5.8639,-5.8639,-3.5902,-8.5399,-11.4667,-11.4667,1.2195,1.2195
20240319,1516,川飛,TWSE,16.6,16.65,16.45,16.45,29695.0,490293.0,TWSE_RWD_JSON_MI_INDEX,data/daily_price/daily_price_20240319.csv,16.64,17.2425,17.6094,17.6094,17.1542,-0.9036,-3.2353,-8.1006,,,59708.0,0.4973,18.15,18.75,18.75,16.4,16.4,16.4,-4.5962,-6.5839,-6.5839,-4.1049,-9.3664,-12.2667,-12.2667,0.3049,0.3049
20240320,1516,川飛,TWSE,16.45,16.55,16.3,16.35,68427.0,1122109.0,TWSE_RWD_JSON_MI_INDEX,data/daily_price/daily_price_20240320.csv,16.53,17.1725,17.5837,17.5837,17.0871,-0.6079,-3.2544,-7.8873,,,60612.4,1.1289,18.15,18.75,18.75,16.3,16.3,16.3,-4.7896,-7.016,-7.016,-4.314,-9.9174,-12.8,-12.8,0.3067,0.3067
20240321,1516,川飛,TWSE,16.35,16.5,16.3,16.45,60940.0,998672.0,TWSE_RWD_JSON_MI_INDEX,data/daily_price/daily_price_20240321.csv,16.49,17.1025,17.561,17.561,17.034,0.6116,-1.2012,-7.8431,,,59561.0,1.0232,18.15,18.75,18.75,16.3,16.3,16.3,-3.8152,-6.3265,-6.3265,-3.4287,-9.3664,-12.2667,-12.2667,0.9202,0.9202
20240322,1516,川飛,TWSE,16.45,16.5,16.35,16.45,22734.0,372568.0,TWSE_RWD_JSON_MI_INDEX,data/daily_price/daily_price_20240322.csv,16.46,17.035,17.5392,17.5392,16.9854,0.0,-0.9036,-7.5843,,,58923.9,0.3858,18.15,18.75,18.75,16.3,16.3,16.3,-3.4341,-6.2102,-6.2102,-3.152,-9.3664,-12.2667,-12.2667,0.9202,0.9202
20240325,1516,川飛,TWSE,16.5,16.55,16.4,16.45,37486.0,617354.0,TWSE_RWD_JSON_MI_INDEX,data/daily_price/daily_price_20240325.csv,16.43,16.97,17.5183,17.5183,16.9408,0.0,-0.9036,-7.3239,,,55477.2,0.6757,17.85,18.75,18.75,16.3,16.3,16.3,-3.0642,-6.098,-6.098,-2.8969,-7.8431,-12.2667,-12.2667,0.9202,0.9202
20240326,1516,川飛,TWSE,16.4,16.45,16.3,16.4,45545.0,745712.0,TWSE_RWD_JSON_MI_INDEX,data/daily_price/daily_price_20240326.csv,16.42,16.9,17.4972,17.4972,16.8957,-0.304,-0.304,-7.8652,,,56075.45,0.8122,17.85,18.75,18.75,16.3,16.3,16.3,-2.9586,-6.2706,-6.2706,-2.9339,-8.1232,-12.5333,-12.5333,0.6135,0.6135
20240327,1516,川飛,TWSE,16.4,16.4,16.3,16.4,25700.0,420872.0,TWSE_RWD_JSON_MI_INDEX,data/daily_price/daily_price_20240327.csv,16.43,16.8375,17.4769,17.4769,16.8544,0.0,0.3058,-7.0822,,,55087.15,0.4665,17.8,18.75,18.75,16.3,16.3,16.3,-2.5984,-6.1616,-6.1616,-2.696,-7.8652,-12.5333,-12.5333,0.6135,0.6135
20240328,1516,川飛,TWSE,16.4,16.55,16.4,16.5,51418.0,845673.0,TWSE_RWD_JSON_MI_INDEX,data/daily_price/daily_price_20240328.csv,16.44,16.7825,17.4591,17.4591,16.8249,0.6098,0.304,-6.25,,,57141.95,0.8998,17.8,18.75,18.75,16.3,16.3,16.3,-1.6833,-5.4934,-5.4934,-1.9308,-7.3034,-12.0,-12.0,1.227,1.227
20240329,1516,川飛,TWSE,16.45,16.45,16.4,16.45,15371.0,252714.0,TWSE_RWD_JSON_MI_INDEX,data/daily_price/daily_price_20240329.csv,16.44,16.725,17.4411,17.4411,16.7936,-0.303,0.0,-6.5341,,,54445.6,0.2823,17.8,18.75,18.75,16.3,16.3,16.3,-1.6442,-5.6824,-5.6824,-2.0461,-7.5843,-12.2667,-12.2667,0.9202,0.9202
20240401,1516,川飛,TWSE,16.5,16.5,16.4,16.45,13968.0,229686.0,TWSE_RWD_JSON_MI_INDEX,data/daily_price/daily_price_20240401.csv,16.44,16.6725,17.4237,17.4237,16.765,0.0,0.0,-6.0,,,53389.3,0.2616,17.45,18.75,18.75,16.3,16.3,16.3,-1.3345,-5.5883,-5.5883,-1.8788,-5.7307,-12.2667,-12.2667,0.9202,0.9202
20240402,1516,川飛,TWSE,16.55,16.55,16.4,16.5,102569.0,1692238.0,TWSE_RWD_JSON_MI_INDEX,data/daily_price/daily_price_20240402.csv,16.46,16.63,17.4078,17.4078,16.7429,0.304,0.6098,-4.8991,,,51093.45,2.0075,17.3,18.75,18.75,16.3,16.3,16.3,-0.7817,-5.2147,-5.2147,-1.4508,-4.6243,-12.0,-12.0,1.227,1.227
20240403,1516,川飛,TWSE,16.55,17.3,16.55,16.9,170740.0,2895121.0,TWSE_RWD_JSON_MI_INDEX,data/daily_price/daily_price_20240403.csv,16.56,16.6125,17.3992,17.3992,16.756,2.4242,3.0488,-2.029,,,57064.55,2.9921,17.3,18.75,18.75,16.3,16.3,16.3,1.7306,-2.8688,-2.8688,0.8594,-2.3121,-9.8667,-9.8667,3.681,3.681
20240408,1516,川飛,TWSE,16.95,17.2,16.9,17.15,106300.0,1815966.0,TWSE_RWD_JSON_MI_INDEX,data/daily_price/daily_price_20240408.csv,16.69,16.615,17.395,17.395,16.7888,1.4793,3.9394,0.2924,,,59690.45,1.7809,17.3,18.75,18.75,16.3,16.3,16.3,3.22,-1.4085,-1.4085,2.1513,-0.8671,-8.5333,-8.5333,5.2147,5.2147
20240409,1516,川飛,TWSE,17.15,17.3,17.0,17.1,147218.0,2513445.0,TWSE_RWD_CSV_MI_INDEX,data/daily_price/daily_price_20240409.csv,16.82,16.6275,17.37,17.3902,16.8148,-0.2915,3.9514,1.4837,-8.0645,,58858.45,2.5012,17.3,18.75,18.75,16.3,16.3,16.3,2.8417,-1.5544,-1.6686,1.6964,-1.1561,-8.8,-8.8,4.908,4.908
20240410,1516,川飛,TWSE,17.2,17.8,17.2,17.55,320390.0,5620320.0,TWSE_RWD_JSON_MI_INDEX,data/daily_price/daily_price_20240410.csv,17.04,16.665,17.3542,17.3927,16.876,2.6316,6.6869,4.4643,-5.1351,,72604.4,4.4128,17.8,18.75,18.75,16.3,16.3,16.3,5.3105,1.1285,0.9042,3.9937,-1.4045,-6.4,-6.4,7.6687,7.6687
20240411,1516,川飛,TWSE,18.1,18.1,17.3,17.45,68972.0,1219800.0,TWSE_RWD_JSON_MI_INDEX,data/daily_price/daily_price_20240411.csv,17.23,16.6875,17.3367,17.3937,16.9239,-0.5698,5.7576,2.6471,-5.6757,,75407.95,0.9147,18.1,18.75,18.75,16.3,16.3,16.3,4.5693,0.6537,0.324,3.1089,-3.5912,-6.9333,-6.9333,7.0552,7.0552
20240412,1516,川飛,TWSE,17.45,17.45,17.3,17.3,47204.0,818263.0,TWSE_RWD_JSON_MI_INDEX,data/daily_price/daily_price_20240412.csv,17.31,16.7075,17.3167,17.3922,16.9552,-0.8596,2.3669,2.3669,-6.4865,,73124.15,0.6455,18.1,18.75,18.75,16.3,16.3,16.3,3.5463,-0.0962,-0.5301,2.0336,-4.4199,-7.7333,-7.7333,6.135,6.135
20240415,1516,川飛,TWSE,17.7,18.45,16.9,17.25,143616.0,2511635.0,TWSE_RWD_JSON_MI_INDEX,data/daily_price/daily_price_20240415.csv,17.33,16.7375,17.2958,17.39,16.9798,-0.289,0.5831,3.6036,-6.7568,,78439.25,1.8309,18.45,18.5,18.75,16.3,16.3,16.3,3.062,-0.265,-0.8051,1.5915,-6.5041,-6.7568,-8.0,5.8282,5.8282
20240416,1516,川飛,TWSE,16.9,17.15,16.65,16.75,93770.0,1577227.0,TWSE_RWD_JSON_MI_INDEX,data/daily_price/daily_price_20240416.csv,17.26,16.745,17.2692,17.3803,16.9606,-2.8986,-2.0468,0.9036,-8.7193,,80583.25,1.1636,18.45,18.45,18.75,16.3,16.3,16.3,0.0299,-3.0063,-3.6265,-1.2418,-9.2141,-9.2141,-10.6667,2.7607,2.7607
20240417,1516,川飛,TWSE,17.0,17.1,16.75,17.0,41145.0,699523.0,TWSE_RWD_JSON_MI_INDEX,data/daily_price/daily_price_20240417.csv,17.15,16.765,17.2483,17.3746,16.9639,1.4925,-3.1339,2.4096,-6.8493,,80660.4,0.5101,18.45,18.45,18.75,16.3,16.3,16.3,1.4017,-1.4398,-2.1562,0.2128,-7.8591,-7.8591,-9.3333,4.2945,4.2945
20240418,1516,川飛,TWSE,17.0,17.1,16.95,17.1,58429.0,995378.0,TWSE_RWD_JSON_MI_INDEX,data/daily_price/daily_price_20240418.csv,17.08,16.7975,17.2292,17.3706,16.9752,0.5882,-2.0057,3.9514,-6.3014,,82097.1,0.7117,18.45,18.45,18.75,16.3,16.3,16.3,1.8009,-0.7497,-1.5577,0.7349,-7.3171,-7.3171,-8.8,4.908,4.908
20240419,1516,川飛,TWSE,17.05,17.3,16.85,17.3,102542.0,1744125.0,TWSE_RWD_JSON_MI_INDEX,data/daily_price/daily_price_20240419.csv,17.08,16.845,17.2142,17.3696,17.0023,1.1696,0.0,5.8104,-4.9451,,83802.85,1.2236,18.45,18.45,18.75,16.3,16.3,16.3,2.7011,0.4986,-0.4005,1.7509,-6.2331,-6.2331,-7.7333,6.135,6.135
20240422,1516,川飛,TWSE,17.5,17.8,17.2,17.2,144023.0,2493841.0,TWSE_RWD_JSON_MI_INDEX,data/daily_price/daily_price_20240422.csv,17.07,16.8825,17.1983,17.3671,17.0188,-0.578,-0.2899,4.5593,-5.2342,,87957.0,1.6374,18.45,18.45,18.75,16.3,16.3,16.3,1.8806,0.0097,-0.9624,1.0648,-6.7751,-6.7751,-8.2667,5.5215,5.5215
20240423,1516,川飛,TWSE,17.35,17.35,16.95,17.1,32483.0,558223.0,TWSE_RWD_JSON_MI_INDEX,data/daily_price/daily_price_20240423.csv,17.14,16.915,17.1875,17.3634,17.0256,-0.5814,2.0896,3.9514,-3.662,,88444.45,0.3673,18.45,18.45,18.75,16.3,16.3,16.3,1.0937,-0.5091,-1.5169,0.4373,-7.3171,-7.3171,-8.8,4.908,4.908
20240424,1516,川飛,TWSE,17.15,17.35,16.9,17.35,128410.0,2201690.0,TWSE_RWD_JSON_MI_INDEX,data/daily_price/daily_price_20240424.csv,17.21,16.96,17.1858,17.3632,17.0526,1.462,2.0588,5.4711,-0.5731,,92990.65,1.3809,18.45,18.45,18.75,16.3,16.3,16.3,2.2995,0.9552,-0.076,1.7441,-5.9621,-5.9621,-7.4667,6.4417,6.4417
20240425,1516,川飛,TWSE,17.1,17.35,17.05,17.35,63667.0,1092926.0,TWSE_RWD_JSON_MI_INDEX,data/daily_price/daily_price_20240425.csv,17.26,17.0075,17.1858,17.363,17.0774,0.0,1.462,5.7927,0.0,,93896.75,0.6781,18.45,18.45,18.75,16.3,16.3,16.3,2.0138,0.9552,-0.075,1.5964,-5.9621,-5.9621,-7.4667,6.4417,6.4417
20240426,1516,川飛,TWSE,19.05,19.05,19.05,19.05,574461.0,10943449.0,TWSE_RWD_JSON_MI_INDEX,data/daily_price/daily_price_20240426.csv,17.61,17.14,17.2083,17.3858,17.2418,9.7983,10.1156,16.1585,7.6271,,121334.8,4.7345,19.05,19.05,19.05,16.4,16.3,16.3,11.1435,10.7022,9.5721,10.4876,0.0,0.0,0.0,16.8712,16.8712
20240429,1516,川飛,TWSE,20.85,20.95,20.1,20.95,3333651.0,69532892.0,TWSE_RWD_JSON_MI_INDEX,data/daily_price/daily_price_20240429.csv,18.36,17.3625,17.2642,17.4333,17.5508,9.9738,21.8023,26.9697,19.0341,,285446.45,11.6787,20.95,20.95,20.95,16.4,16.3,16.3,20.6623,21.3496,20.1721,19.3679,0.0,0.0,0.0,28.5276,28.5276
20240430,1516,川飛,TWSE,21.0,21.3,19.45,19.85,2363271.0,47706996.0,TWSE_RWD_JSON_MI_INDEX,data/daily_price/daily_price_20240430.csv,18.91,17.5325,17.3,17.4651,17.7424,-5.2506,16.0819,20.6687,12.1469,,402841.45,5.8665,21.3,21.3,21.3,16.4,16.3,16.3,13.2183,14.7399,13.655,11.879,-6.8075,-6.8075,-6.8075,21.7791,21.7791
20240502,1516,川飛,TWSE,19.85,20.85,19.85,20.4,1056165.0,21566876.0,TWSE_RWD_JSON_MI_INDEX,data/daily_price/daily_price_20240502.csv,19.52,17.73,17.3442,17.5032,17.9638,2.7708,17.5793,24.0122,14.9296,,454951.3,2.3215,21.3,21.3,21.3,16.4,16.3,16.3,15.0592,17.6188,16.5498,13.5614,-4.2254,-4.2254,-4.2254,25.1534,25.1534
20240503,1516,川飛,TWSE,20.8,21.1,20.25,20.25,691018.0,14179681.0,TWSE_RWD_JSON_MI_INDEX,data/daily_price/daily_price_20240503.csv,20.1,17.9175,17.3875,17.5385,18.1544,-0.7353,16.7147,22.7273,14.7309,,484373.75,1.4266,21.3,21.3,21.3,16.55,16.3,16.3,13.018,16.463,15.4605,11.5434,-4.9296,-4.9296,-4.9296,24.2331,24.2331
20240506,1516,川飛,TWSE,20.1,20.2,19.55,20.1,501343.0,9993606.0,TWSE_RWD_JSON_MI_INDEX,data/daily_price/daily_price_20240506.csv,20.31,18.0775,17.4275,17.5709,18.3165,-0.7407,5.5118,18.9349,13.5593,,500903.9,1.0009,21.3,21.3,21.3,16.65,16.3,16.3,11.1879,15.335,14.3938,9.7371,-5.6338,-5.6338,-5.6338,23.3129,23.3129
20240507,1516,川飛,TWSE,20.1,20.2,19.6,19.6,264194.0,5216906.0,TWSE_RWD_JSON_MI_INDEX,data/daily_price/daily_price_20240507.csv,20.04,18.2,17.4625,17.5962,18.4235,-2.4876,-6.4439,14.2857,12.0,,508798.6,0.5193,21.3,21.3,21.3,16.65,16.3,16.3,7.6923,12.2405,11.3874,6.3861,-7.9812,-7.9812,-7.9812,20.2454,20.2454
20240508,1516,川飛,TWSE,19.65,19.9,19.3,19.5,251562.0,4922217.0,TWSE_RWD_JSON_MI_INDEX,data/daily_price/daily_price_20240508.csv,19.97,18.32,17.4958,17.6198,18.5132,-0.5102,-1.7632,14.0351,11.4286,,514015.8,0.4894,21.3,21.3,21.3,16.65,16.3,16.3,6.441,11.4551,10.6712,5.3304,-8.4507,-8.4507,-8.4507,19.6319,19.6319
20240509,1516,川飛,TWSE,19.75,19.75,19.2,19.3,124419.0,2406653.0,TWSE_RWD_JSON_MI_INDEX,data/daily_price/daily_price_20240509.csv,19.75,18.4075,17.5275,17.6402,18.5787,-1.0256,-5.3922,9.9715,10.9195,,504217.25,0.2468,21.3,21.3,21.3,16.65,16.3,16.3,4.8486,10.1127,9.4089,3.8822,-9.3897,-9.3897,-9.3897,18.4049,18.4049
20240510,1516,川飛,TWSE,19.45,19.45,18.9,19.05,184375.0,3516650.0,TWSE_RWD_JSON_MI_INDEX,data/daily_price/daily_price_20240510.csv,19.51,18.4875,17.555,17.6572,18.618,-1.2953,-5.9259,9.1691,9.4828,,509987.4,0.3615,21.3,21.3,21.3,16.65,16.3,16.3,3.0426,8.5161,7.8878,2.3203,-10.5634,-10.5634,-10.5634,16.8712,16.8712
20240513,1516,川飛,TWSE,19.2,19.2,18.8,18.8,145301.0,2747626.0,TWSE_RWD_JSON_MI_INDEX,data/daily_price/daily_price_20240513.csv,19.25,18.5625,17.5767,17.6708,18.6332,-1.3123,-6.4677,8.6705,7.4286,,514892.25,0.2822,21.3,21.3,21.3,16.65,16.3,16.3,1.2795,6.96,6.39,0.8953,-11.7371,-11.7371,-11.7371,15.3374,15.3374
20240514,1516,川飛,TWSE,18.8,20.3,18.8,20.1,628549.0,12415894.0,TWSE_RWD_JSON_MI_INDEX,data/daily_price/daily_price_20240514.csv,19.35,18.705,17.6225,17.6994,18.7554,6.9149,2.551,16.5217,15.8501,,539138.9,1.1658,21.3,21.3,21.3,16.65,16.3,16.3,7.4579,14.0587,13.5631,7.1691,-5.6338,-5.6338,-5.6338,23.3129,23.3129
20240515,1516,川飛,TWSE,20.05,20.05,19.55,19.9,355677.0,7054186.0,TWSE_RWD_JSON_MI_INDEX,data/daily_price/daily_price_20240515.csv,19.43,18.8625,17.6625,17.725,18.8508,-0.995,2.0513,18.806,13.7143,,552234.25,0.6441,21.3,21.3,21.3,16.75,16.3,16.3,5.5003,12.6681,12.2708,5.5658,-6.5728,-6.5728,-6.5728,22.0859,22.0859
20240516,1516,川飛,TWSE,19.9,20.5,19.65,19.85,306344.0,6177776.0,TWSE_RWD_JSON_MI_INDEX,data/daily_price/daily_price_20240516.csv,19.54,19.005,17.695,17.7494,18.9341,-0.2513,2.8497,16.7647,10.8939,,565494.2,0.5417,21.3,21.3,21.3,16.85,16.3,16.3,4.4462,12.1786,11.8346,4.8375,-6.8075,-6.8075,-6.8075,21.7791,21.7791
20240517,1516,川飛,TWSE,19.9,20.15,19.65,19.85,239805.0,4788346.0,TWSE_RWD_JSON_MI_INDEX,data/daily_price/daily_price_20240517.csv,19.7,19.1425,17.7275,17.7733,19.0104,0.0,4.1995,16.0819,10.8939,,574563.0,0.4174,21.3,21.3,21.3,16.85,16.3,16.3,3.696,11.9729,11.6844,4.4166,-6.8075,-6.8075,-6.8075,21.7791,21.7791
20240520,1516,川飛,TWSE,20.25,20.25,19.9,20.15,173355.0,3481416.0,TWSE_RWD_JSON_MI_INDEX,data/daily_price/daily_price_20240520.csv,19.97,19.285,17.7675,17.8,19.1054,1.5113,7.1809,16.474,13.5211,,578103.65,0.2999,21.3,21.3,21.3,16.9,16.3,16.3,4.4854,13.4093,13.2022,5.4678,-5.3991,-5.3991,-5.3991,23.6196,23.6196
20240521,1516,川飛,TWSE,20.1,21.8,20.05,21.1,914148.0,19079213.0,TWSE_RWD_JSON_MI_INDEX,data/daily_price/daily_price_20240521.csv,20.17,19.48,17.8217,17.8367,19.2716,4.7146,4.9751,22.6744,18.2073,,616609.9,1.4825,21.8,21.8,21.8,16.9,16.3,16.3,8.3162,18.3952,18.2956,9.4877,-3.211,-3.211,-3.211,29.4479,29.4479
20240522,1516,川飛,TWSE,20.95,23.2,20.95,23.2,4016843.0,92134220.0,TWSE_RWD_JSON_MI_INDEX,data/daily_price/daily_price_20240522.csv,20.83,19.785,17.9117,17.8956,19.5989,9.9526,16.5829,35.6725,30.3371,,815827.9,4.9236,23.2,23.2,23.2,16.9,16.3,16.3,17.2606,29.5245,29.6408,18.3737,0.0,0.0,0.0,42.3313,42.3313
20240523,1516,川飛,TWSE,24.1,25.5,23.0,25.5,4417169.0,109384772.0,TWSE_RWD_JSON_MI_INDEX,data/daily_price/daily_price_20240523.csv,21.96,20.1925,18.0408,17.9783,20.0907,9.9138,28.4635,46.9741,43.662,,1030265.85,4.2874,25.5,25.5,25.5,17.05,16.3,16.3,26.2845,41.346,41.838,26.9244,0.0,0.0,0.0,56.4417,56.4417
20240524,1516,川飛,TWSE,26.3,26.95,25.0,25.8,10575701.0,274103717.0,TWSE_RWD_JSON_MI_INDEX,data/daily_price/daily_price_20240524.csv,23.15,20.615,18.1742,18.0624,20.5665,1.1765,29.9748,48.7032,44.9438,,1555867.55,6.7973,26.95,26.95,26.95,18.8,16.3,16.3,25.1516,41.9597,42.8384,25.4469,-4.2672,-4.2672,-4.2672,58.2822,58.2822
20240527,1516,川飛,TWSE,26.1,26.4,25.2,25.7,2331338.0,60017746.0,TWSE_RWD_JSON_MI_INDEX,data/daily_price/daily_price_20240527.csv,24.26,20.9475,18.3083,18.1436,20.9943,-0.3876,27.5434,34.9081,45.6091,,1643711.4,1.4183,26.95,26.95,26.95,18.8,16.3,16.3,22.6877,40.3732,41.6476,22.4144,-4.6382,-4.6382,-4.6382,57.6687,57.6687
20240528,1516,川飛,TWSE,25.6,28.25,25.3,28.25,4592458.0,128160698.0,TWSE_RWD_JSON_MI_INDEX,data/daily_price/daily_price_20240528.csv,25.69,21.3125,18.4858,18.25,21.5989,9.9222,33.8863,34.8449,60.5114,,1706651.75,2.6909,28.25,28.25,28.25,18.8,16.3,16.3,32.5513,52.8197,54.7945,30.7936,0.0,0.0,0.0,73.3129,73.3129
20240529,1516,川飛,TWSE,29.5,29.9,25.6,25.9,8622279.0,239040786.0,TWSE_RWD_JSON_MI_INDEX,data/daily_price/daily_price_20240529.csv,26.23,21.615,18.6242,18.3297,21.9573,-8.3186,11.6379,30.4786,47.1591,,2019602.15,4.2693,29.9,29.9,29.9,18.8,16.3,16.3,19.8242,39.0666,41.3008,17.956,-13.3779,-13.3779,-13.3779,58.8957,58.8957
20240530,1516,川飛,TWSE,25.95,26.35,24.55,24.55,2112869.0,53736764.0,TWSE_RWD_JSON_MI_INDEX,data/daily_price/daily_price_20240530.csv,26.04,21.8225,18.7417,18.3938,22.1734,-5.2124,-3.7255,20.3431,40.2857,,2072437.35,1.0195,29.9,29.9,29.9,18.8,16.3,16.3,12.4986,30.9916,33.4688,10.7183,-17.893,-17.893,-17.893,50.6135,50.6135
20240531,1516,川飛,TWSE,24.6,25.15,23.75,24.45,1423145.0,34903037.0,TWSE_RWD_JSON_MI_INDEX,data/daily_price/daily_price_20240531.csv,25.77,22.0325,18.86,18.4556,22.3631,-0.4073,-5.2326,20.7407,40.9222,,2109043.7,0.6748,29.9,29.9,29.9,18.8,16.3,16.3,10.9724,29.6394,32.48,9.3318,-18.2274,-18.2274,-18.2274,50.0,50.0
20240603,1516,川飛,TWSE,24.25,24.4,23.65,23.85,1069185.0,25634437.0,TWSE_RWD_JSON_MI_INDEX,data/daily_price/daily_price_20240603.csv,25.4,22.22,18.97,18.5101,22.487,-2.454,-7.1984,18.6567,38.2609,,2137435.8,0.5002,29.9,29.9,29.9,18.8,16.3,16.3,7.3357,25.7248,28.8486,6.0612,-20.2341,-20.2341,-20.2341,46.319,46.319
20240604,1516,川飛,TWSE,23.95,24.45,23.1,23.1,991076.0,23411392.0,TWSE_RWD_JSON_MI_INDEX,data/daily_price/daily_price_20240604.csv,24.37,22.395,19.07,18.556,22.5381,-3.1447,-18.2301,17.8571,35.0877,,2173779.9,0.4559,29.9,29.9,29.9,18.8,16.3,16.3,3.148,21.1327,24.488,2.4931,-22.7425,-22.7425,-22.7425,41.7178,41.7178
20240605,1516,川飛,TWSE,23.45,23.55,22.85,23.0,565300.0,13115878.0,TWSE_RWD_JSON_MI_INDEX,data/daily_price/daily_price_20240605.csv,23.79,22.57,19.1725,18.6,22.5766,-0.4329,-11.1969,17.9487,36.4985,,2189466.8,0.2582,29.9,29.9,29.9,18.8,16.3,16.3,1.9052,19.9635,23.6559,1.8754,-23.0769,-23.0769,-23.0769,41.1043,41.1043
20240606,1516,川飛,TWSE,23.45,24.2,22.7,24.0,955956.0,22547124.0,TWSE_RWD_JSON_MI_INDEX,data/daily_price/daily_price_20240606.csv,23.68,22.805,19.2925,18.6529,22.6952,4.3478,-2.2403,24.3523,42.8571,,2231043.65,0.4285,29.9,29.9,29.9,18.8,16.3,16.3,5.2401,24.4007,28.666,5.7492,-19.7324,-19.7324,-19.7324,47.2393,47.2393
20240607,1516,川飛,TWSE,24.0,24.05,23.35,23.7,667391.0,15817873.0,TWSE_RWD_JSON_MI_INDEX,data/daily_price/daily_price_20240607.csv,23.53,23.0375,19.4042,18.7019,22.7789,-1.25,-3.0675,24.4094,39.4118,,2255194.45,0.2959,29.9,29.9,29.9,18.8,16.3,16.3,2.8757,22.1387,26.7248,4.0435,-20.7358,-20.7358,-20.7358,45.3988,45.3988
20240611,1516,川飛,TWSE,23.85,24.4,23.5,23.5,605121.0,14394593.0,TWSE_RWD_JSON_MI_INDEX,data/daily_price/daily_price_20240611.csv,23.46,23.2725,19.5142,18.7481,22.839,-0.8439,-1.4675,25.0,39.0533,,2278185.45,0.2656,29.9,29.9,29.9,18.8,16.3,16.3,0.9775,20.4253,25.3462,2.894,-21.4047,-21.4047,-21.4047,44.1718,44.1718
20240612,1516,川飛,TWSE,23.45,23.45,22.85,23.15,440690.0,10168288.0,TWSE_RWD_JSON_MI_INDEX,data/daily_price/daily_price_20240612.csv,23.47,23.425,19.6225,18.79,22.8649,-1.4894,0.2165,15.1741,39.039,,2268792.5,0.1942,29.9,29.9,29.9,19.55,16.3,16.3,-1.174,17.9768,23.2038,1.2467,-22.5753,-22.5753,-22.5753,42.0245,42.0245
20240613,1516,川飛,TWSE,23.3,24.3,23.2,23.45,428206.0,10126511.0,TWSE_RWD_JSON_MI_INDEX,data/daily_price/daily_price_20240613.csv,23.56,23.6025,19.7367,18.834,22.9137,1.2959,1.9565,17.8392,41.2651,,2272418.95,0.1884,29.9,29.9,29.9,19.65,16.3,16.3,-0.6461,18.8144,24.5091,2.3405,-21.5719,-21.5719,-21.5719,43.865,43.865
20240614,1516,川飛,TWSE,23.5,23.9,23.15,23.9,331979.0,7793097.0,TWSE_RWD_JSON_MI_INDEX,data/daily_price/daily_price_20240614.csv,23.54,23.805,19.8583,18.8813,22.9959,1.919,-0.4167,20.403,43.9759,,2273700.7,0.146,29.9,29.9,29.9,19.65,16.3,16.3,0.3991,20.3525,26.5802,3.9316,-20.0669,-20.0669,-20.0669,46.6258,46.6258
20240617,1516,川飛,TWSE,23.7,24.0,23.65,23.75,403505.0,9584284.0,TWSE_RWD_JSON_MI_INDEX,data/daily_price/daily_price_20240617.csv,23.55,24.0,19.98,18.9264,23.0587,-0.6276,0.211,19.6474,44.3769,,2281885.7,0.1768,29.9,29.9,29.9,19.9,16.3,16.3,-1.0417,18.8689,25.4862,2.9979,-20.5686,-20.5686,-20.5686,45.7055,45.7055
20240618,1516,川飛,TWSE,24.1,24.7,23.6,23.65,716057.0,17155358.0,TWSE_RWD_JSON_MI_INDEX,data/daily_price/daily_price_20240618.csv,23.58,24.175,20.1017,18.9697,23.108,-0.4211,0.6383,17.3697,44.6483,,2309020.8,0.3101,29.9,29.9,29.9,20.05,16.3,16.3,-2.1717,17.6519,24.6723,2.3455,-20.903,-20.903,-20.903,45.092,45.092
20240619,1516,川飛,TWSE,23.65,23.75,23.0,23.05,653906.0,15208610.0,TWSE_RWD_JSON_MI_INDEX,data/daily_price/daily_price_20240619.csv,23.56,24.2725,20.2117,19.0068,23.1032,-2.537,-0.432,9.2417,40.1216,,2296008.7,0.2848,29.9,29.9,29.9,20.95,16.3,16.3,-5.0366,14.043,21.2723,-0.2301,-22.9097,-22.9097,-22.9097,41.411,41.411
20240620,1516,川飛,TWSE,23.1,23.45,23.1,23.45,285707.0,6643267.0,TWSE_RWD_JSON_MI_INDEX,data/daily_price/daily_price_20240620.csv,23.56,24.285,20.3283,19.0468,23.1321,1.7354,0.0,1.0776,42.5532,,2109451.9,0.1354,29.9,29.9,29.9,22.7,16.3,16.3,-3.4383,15.3562,23.1175,1.3744,-21.5719,-21.5719,-21.5719,43.865,43.865
20240621,1516,川飛,TWSE,23.45,24.2,23.25,24.05,709775.0,16933291.0,TWSE_RWD_JSON_MI_INDEX,data/daily_price/daily_price_20240621.csv,23.59,24.2125,20.455,19.0915,23.2086,2.5586,0.6276,-5.6863,46.2006,,1924082.2,0.3689,29.9,29.9,29.9,22.7,16.3,16.3,-0.6711,17.5752,25.9722,3.6255,-19.5652,-19.5652,-19.5652,47.546,47.546
20240624,1516,川飛,TWSE,24.3,24.45,23.85,24.15,755032.0,18257976.0,TWSE_RWD_JSON_MI_INDEX,data/daily_price/daily_price_20240624.csv,23.67,24.13,20.5842,19.1363,23.287,0.4158,1.6842,-6.3953,47.2561,,1433048.75,0.5269,29.9,29.9,29.9,22.7,16.3,16.3,0.0829,17.3232,26.2001,3.7058,-19.2308,-19.2308,-19.2308,48.1595,48.1595
20240625,1516,川飛,TWSE,24.15,24.45,23.8,24.25,429231.0,10316012.0,TWSE_RWD_JSON_MI_INDEX,data/daily_price/daily_price_20240625.csv,23.79,24.0575,20.715,19.1811,23.3673,0.4141,2.537,-5.642,47.8659,,1337943.4,0.3208,29.9,29.9,29.9,22.7,16.4,16.3,0.8002,17.0649,26.4263,3.7776,-18.8963,-18.8963,-18.8963,47.8659,48.773
20240626,1516,川飛,TWSE,24.4,24.45,24.0,24.45,514059.0,12459949.0,TWSE_RWD_JSON_MI_INDEX,data/daily_price/daily_price_20240626.csv,24.07,23.8675,20.8475,19.227,23.4575,0.8247,6.0738,-13.4513,48.1818,,1134023.45,0.4533,29.9,29.9,29.9,22.7,16.4,16.3,2.4406,17.2802,27.1652,4.2311,-18.2274,-18.2274,-18.2274,49.0854,50.0
20240627,1516,川飛,TWSE,24.5,25.65,24.2,24.25,2042578.0,51240303.0,TWSE_RWD_JSON_MI_INDEX,data/daily_price/daily_price_20240627.csv,24.23,23.785,20.9775,19.2703,23.5235,-0.818,3.4115,-6.3707,47.4164,,805038.4,2.5372,26.35,29.9,29.9,22.7,16.4,16.3,1.955,15.6,25.8416,3.0882,-7.9696,-18.8963,-18.8963,47.8659,48.773
20240628,1516,川飛,TWSE,24.35,25.15,23.9,24.7,775233.0,19071781.0,TWSE_RWD_JSON_MI_INDEX,data/daily_price/daily_price_20240628.csv,24.36,23.7925,21.115,19.3167,23.6216,1.8557,2.7027,0.611,50.152,,738156.6,1.0502,25.65,29.9,29.9,22.7,16.4,16.3,3.8142,16.9785,27.8689,4.5654,-3.7037,-17.3913,-17.3913,50.6098,51.5337
20240701,1516,川飛,TWSE,25.1,25.1,24.1,24.1,387827.0,9475645.0,TWSE_RWD_JSON_MI_INDEX,data/daily_price/daily_price_20240701.csv,24.35,23.775,21.2417,19.3572,23.6614,-2.4291,-0.207,-1.4315,46.0606,,686390.7,0.565,25.65,29.9,29.9,22.7,16.55,16.3,1.367,13.4563,24.5015,1.8535,-6.0429,-19.398,-19.398,45.6193,47.8528
20240702,1516,川飛,TWSE,24.3,24.7,24.2,24.4,321649.0,7853410.0,TWSE_RWD_JSON_MI_INDEX,data/daily_price/daily_price_20240702.csv,24.38,23.8025,21.3667,19.3996,23.723,1.2448,0.6186,2.3061,44.3787,,649013.9,0.4956,25.65,29.9,29.9,22.7,16.65,16.3,2.5102,14.1966,25.7759,2.8538,-4.8733,-18.3946,-18.3946,46.5465,49.6933
20240703,1516,川飛,TWSE,24.75,24.75,24.15,24.25,351266.0,8549113.0,TWSE_RWD_JSON_MI_INDEX,data/daily_price/daily_price_20240703.csv,24.34,23.86,21.485,19.44,23.7669,-0.6148,-0.818,4.9784,41.3994,,617023.4,0.5693,25.65,29.9,29.9,22.7,16.65,16.3,1.6345,12.8694,24.7428,2.0326,-5.4581,-18.8963,-18.8963,45.6456,48.773
20240704,1516,川飛,TWSE,24.4,24.7,24.2,24.4,416223.0,10172772.0,TWSE_RWD_JSON_MI_INDEX,data/daily_price/daily_price_20240704.csv,24.37,23.93,21.6067,19.4883,23.8197,0.6186,0.6186,6.087,42.6901,31.1828,609569.55,0.6828,25.65,29.9,29.9,22.7,16.65,16.3,1.9641,12.9281,25.2031,2.4364,-4.8733,-18.3946,-18.3946,46.5465,49.6933
20240705,1516,川飛,TWSE,24.35,24.7,24.0,24.4,443759.0,10841483.0,TWSE_RWD_JSON_MI_INDEX,data/daily_price/daily_price_20240705.csv,24.31,23.95,21.7208,19.5375,23.868,0.0,-1.2146,1.6667,39.0313,31.8919,583959.7,0.7599,25.65,29.9,29.9,22.85,16.65,16.3,1.8789,12.3345,24.888,2.2288,-4.8733,-18.3946,-18.3946,46.5465,49.6933
20240708,1516,川飛,TWSE,24.45,24.65,24.05,24.1,386364.0,9359618.0,TWSE_RWD_JSON_MI_INDEX,data/daily_price/daily_price_20240708.csv,24.31,23.97,21.8317,19.5842,23.8874,-1.2295,0.0,1.6878,38.1089,30.2703,569908.35,0.6779,25.65,29.9,29.9,22.85,16.65,16.3,0.5423,10.3901,23.0586,0.8902,-6.0429,-19.398,-19.398,44.7447,47.8528
20240709,1516,川飛,TWSE,23.9,25.75,23.9,24.3,1508062.0,37620476.0,TWSE_RWD_JSON_MI_INDEX,data/daily_price/daily_price_20240709.csv,24.29,24.01,21.9483,19.6325,23.9217,0.8299,-0.4098,3.4043,40.4624,31.3514,615055.4,2.4519,25.75,29.9,29.9,22.85,16.65,16.3,1.2078,10.7146,23.7744,1.5812,-5.6311,-18.7291,-18.7291,45.9459,49.0798
20240710,1516,川飛,TWSE,24.3,25.45,24.3,25.15,691447.0,17290988.0,TWSE_RWD_JSON_MI_INDEX,data/daily_price/daily_price_20240710.csv,24.47,24.11,22.08,19.6879,24.0241,3.4979,3.7113,8.6393,45.7971,35.9459,627593.25,1.1017,25.75,29.9,29.9,23.0,16.65,16.3,4.3136,13.904,27.7433,4.6865,-2.3301,-15.8863,-15.8863,51.0511,54.2945
20240711,1516,川飛,TWSE,25.5,26.05,24.25,24.5,1632403.0,41103399.0,TWSE_RWD_JSON_MI_INDEX,data/daily_price/daily_price_20240711.csv,24.49,24.1625,22.2092,19.7392,24.0638,-2.5845,0.4098,4.4776,46.2687,33.515,687803.1,2.3734,26.05,29.9,29.9,23.0,16.75,16.3,1.3968,10.3148,24.1187,1.8129,-5.9501,-18.0602,-18.0602,46.2687,50.3067
20240712,1516,川飛,TWSE,24.5,24.85,24.2,24.5,357144.0,8788579.0,TWSE_RWD_JSON_MI_INDEX,data/daily_price/daily_price_20240712.csv,24.51,24.1925,22.3342,19.7913,24.1001,0.0,0.4098,2.5105,44.1176,34.2466,689061.35,0.5183,26.05,29.9,29.9,23.0,16.85,16.3,1.2711,9.6974,23.7921,1.6593,-5.9501,-18.0602,-18.0602,45.4006,50.3067
20240715,1516,川飛,TWSE,24.5,24.6,24.3,24.3,246419.0,6014286.0,TWSE_RWD_JSON_MI_INDEX,data/daily_price/daily_price_20240715.csv,24.55,24.22,22.4542,19.8417,24.1168,-0.8163,0.8299,2.3158,42.1053,33.1507,681207.05,0.3617,26.05,29.9,29.9,23.0,16.85,16.3,0.3303,8.2204,22.4696,0.7598,-6.7179,-18.7291,-18.7291,44.2136,49.0798
20240716,1516,川飛,TWSE,24.9,24.9,24.2,24.4,281797.0,6860409.0,TWSE_RWD_JSON_MI_INDEX,data/daily_price/daily_price_20240716.csv,24.57,24.2575,22.5725,19.8933,24.1404,0.4115,0.4115,3.1712,41.0405,34.0659,659494.05,0.4273,26.05,29.9,29.9,23.0,16.9,16.3,0.5874,8.0961,22.6542,1.0755,-6.334,-18.3946,-18.3946,44.3787,49.6933
20240717,1516,川飛,TWSE,24.5,24.9,24.3,24.6,339453.0,8364091.0,TWSE_RWD_JSON_MI_INDEX,data/daily_price/daily_price_20240717.csv,24.46,24.335,22.6958,19.9471,24.1787,0.8197,-2.1869,6.7245,43.0233,35.5372,643771.4,0.5273,26.05,29.9,29.9,23.1,16.9,16.3,1.089,8.3899,23.3263,1.7426,-5.5662,-17.7258,-17.7258,45.5621,50.9202
20240718,1516,川飛,TWSE,24.35,24.35,23.5,23.75,516351.0,12310754.0,TWSE_RWD_JSON_MI_INDEX,data/daily_price/daily_price_20240718.csv,24.31,24.35,22.8067,19.9971,24.143,-3.4553,-3.0612,1.2793,38.8889,33.8028,655303.6,0.788,26.05,29.9,29.9,23.25,16.9,16.3,-2.4641,4.1362,18.7673,-1.6276,-8.8292,-20.5686,-20.5686,40.5325,45.7055
20240719,1516,川飛,TWSE,23.65,23.85,22.9,23.1,516083.0,11963583.0,TWSE_RWD_JSON_MI_INDEX,data/daily_price/daily_price_20240719.csv,24.03,24.3025,22.9025,20.0442,24.056,-2.7368,-5.7143,-3.9501,33.1412,32.3782,645619.0,0.7994,26.05,29.9,29.9,22.9,17.05,16.3,-4.9481,0.8624,15.2455,-3.9742,-11.3244,-22.7425,-22.7425,35.4839,41.7178
20240722,1516,川飛,TWSE,23.55,23.55,22.3,22.4,412286.0,9350387.0,TWSE_RWD_JSON_MI_INDEX,data/daily_price/daily_price_20240722.csv,23.65,24.215,22.9867,20.0862,23.918,-3.0303,-7.8189,-7.2464,29.1066,29.1066,628481.7,0.656,26.05,29.9,29.9,22.3,18.8,16.3,-7.4954,-2.5522,11.5191,-6.3468,-14.0115,-25.0836,-25.0836,19.1489,37.4233
20240723,1516,川飛,TWSE,22.9,23.35,22.4,22.45,234499.0,5312710.0,TWSE_RWD_JSON_MI_INDEX,data/daily_price/daily_price_20240723.csv,23.26,24.125,23.0433,20.1258,23.7957,0.2232,-7.9918,-7.4227,17.8478,26.8362,618745.1,0.379,26.05,29.9,29.9,22.3,18.8,16.3,-6.943,-2.5749,11.5482,-5.6552,-13.8196,-24.9164,-24.9164,19.4149,37.7301
20240726,1516,川飛,TWSE,21.75,22.5,21.5,22.35,279314.0,6162007.0,TWSE_RWD_JSON_MI_INDEX,data/daily_price/daily_price_20240726.csv,22.81,24.02,23.0667,20.1654,23.6752,-0.4454,-9.1463,-8.589,6.6826,26.9886,607007.85,0.4601,26.05,29.9,29.9,21.5,18.8,16.3,-6.9525,-3.1069,10.8333,-5.5975,-14.2035,-25.2508,-25.2508,18.883,37.1166
20240729,1516,川飛,TWSE,22.4,22.4,21.7,22.1,184602.0,4063186.0,TWSE_RWD_JSON_MI_INDEX,data/daily_price/daily_price_20240729.csv,22.48,23.9125,23.1042,20.2021,23.544,-1.1186,-6.9474,-8.866,11.335,24.8588,514109.05,0.3591,26.05,29.9,29.9,21.5,18.8,16.3,-7.5797,-4.3463,9.3947,-6.133,-15.1631,-26.087,-26.087,17.5532,35.5828
20240730,1516,川飛,TWSE,22.1,22.5,21.9,22.4,114224.0,2529497.0,TWSE_RWD_JSON_MI_INDEX,data/daily_price/daily_price_20240730.csv,22.34,23.7975,23.1375,20.2408,23.4486,1.3575,-3.0303,-9.3117,9.8039,26.1972,481058.6,0.2374,26.05,29.9,29.9,21.5,18.8,16.3,-5.8725,-3.1875,10.6674,-4.472,-14.0115,-25.0836,-25.0836,19.1489,37.4233
20240731,1516,川飛,TWSE,22.4,23.35,22.4,22.85,224163.0,5108237.0,TWSE_RWD_JSON_MI_INDEX,data/daily_price/daily_price_20240731.csv,22.43,23.735,23.1808,20.2842,23.3987,2.0089,2.0089,-5.1867,12.8395,29.4618,472875.4,0.474,26.05,29.9,29.9,21.5,18.8,16.3,-3.7287,-1.4272,12.6494,-2.3452,-12.2841,-23.5786,-23.5786,21.5426,40.184
20240801,1516,川飛,TWSE,23.45,23.6,22.85,23.5,258268.0,6006041.0,TWSE_RWD_JSON_MI_INDEX,data/daily_price/daily_price_20240801.csv,22.64,23.69,23.2375,20.3325,23.4072,2.8446,4.6771,-3.6885,16.9154,32.7684,469706.35,0.5498,26.05,29.9,29.9,21.5,18.8,16.3,-0.802,1.1296,15.5785,0.3966,-9.7889,-21.4047,-21.4047,25.0,44.1718
20240802,1516,川飛,TWSE,22.7,23.4,22.2,22.5,435630.0,9862051.0,TWSE_RWD_JSON_MI_INDEX,data/daily_price/daily_price_20240802.csv,22.67,23.6025,23.2858,20.3742,23.3316,-4.2553,0.6711,-7.2165,14.7959,28.5714,473924.55,0.9192,26.05,29.9,29.9,21.5,18.8,16.3,-4.6711,-3.3747,10.434,-3.5642,-13.6276,-24.7492,-24.7492,19.6809,38.0368
20240805,1516,川飛,TWSE,21.9,22.05,20.25,20.3,595895.0,12152061.0,TWSE_RWD_JSON_MI_INDEX,data/daily_price/daily_price_20240805.csv,22.31,23.3975,23.2992,20.3975,23.0789,-9.7778,-8.1448,-16.8033,4.1026,16.0,482908.15,1.234,26.05,29.9,29.9,20.25,18.8,16.3,-13.2386,-12.8724,-0.478,-12.0411,-22.0729,-32.107,-32.107,7.9787,24.5399
20240806,1516,川飛,TWSE,20.3,20.6,19.8,20.35,358800.0,7268728.0,TWSE_RWD_JSON_MI_INDEX,data/daily_price/daily_price_20240806.csv,21.9,23.195,23.3167,20.4221,22.8515,0.2463,-9.1518,-16.5984,5.4404,16.954,478660.2,0.7496,26.05,29.9,29.9,19.8,18.8,16.3,-12.2656,-12.7234,-0.353,-10.9469,-21.881,-31.9398,-31.9398,8.2447,24.8466
20240807,1516,川飛,TWSE,20.5,21.75,20.5,21.25,290292.0,6190134.0,TWSE_RWD_JSON_MI_INDEX,data/daily_price/daily_price_20240807.csv,21.58,23.0525,23.3533,20.4542,22.7181,4.4226,-7.0022,-11.8257,11.5486,22.1264,473856.6,0.6126,26.05,29.9,29.9,19.8,18.8,16.3,-7.8191,-9.0066,3.8908,-6.4621,-18.4261,-28.9298,-28.9298,13.0319,30.3681
20240808,1516,川飛,TWSE,20.85,21.6,20.85,21.3,70488.0,1502316.0,TWSE_RWD_JSON_MI_INDEX,data/daily_price/daily_price_20240808.csv,21.14,22.9025,23.395,20.4858,22.5999,0.2353,-9.3617,-12.3457,13.2979,21.7143,401977.9,0.1754,26.05,29.9,29.9,19.8,18.8,16.3,-6.9971,-8.9549,3.9743,-5.7518,-18.2342,-28.7625,-28.7625,13.2979,30.6748
20240809,1516,川飛,TWSE,21.7,21.75,21.35,21.35,98698.0,2121614.0,TWSE_RWD_JSON_MI_INDEX,data/daily_price/daily_price_20240809.csv,20.91,22.7125,23.4158,20.5192,22.4957,0.2347,-5.1111,-15.1093,6.2189,23.0548,372340.45,0.2651,26.05,29.9,29.9,19.8,19.55,16.3,-5.9989,-8.8224,4.0491,-5.0932,-18.0422,-28.5953,-28.5953,9.2072,30.9816
20240812,1516,川飛,TWSE,20.05,21.75,20.05,21.15,135833.0,2852204.0,TWSE_RWD_JSON_MI_INDEX,data/daily_price/daily_price_20240812.csv,21.08,22.545,23.4367,20.5496,22.3836,-0.9368,4.1872,-13.6735,6.2814,20.8571,297511.95,0.4566,24.9,29.9,29.9,19.8,19.65,16.3,-6.1876,-9.7568,2.9218,-5.5112,-15.0602,-29.2642,-29.2642,7.6336,29.7546
20240813,1516,川飛,TWSE,20.95,20.95,20.3,20.6,217631.0,4490004.0,TWSE_RWD_JSON_MI_INDEX,data/daily_price/daily_price_20240813.csv,21.13,22.35,23.4492,20.5721,22.235,-2.6005,1.2285,-15.9184,3.7783,15.0838,290536.3,0.7491,24.9,29.9,29.9,19.8,19.65,16.3,-7.83,-12.1504,0.1357,-7.3531,-17.2691,-31.1037,-31.1037,4.8346,26.3804
20240814,1516,川飛,TWSE,20.5,21.15,20.35,20.35,213144.0,4379336.0,TWSE_RWD_JSON_MI_INDEX,data/daily_price/daily_price_20240814.csv,20.95,22.1525,23.4575,20.5925,22.0779,-1.2136,-4.2353,-16.2551,2.5189,13.6872,288872.55,0.7378,24.9,29.9,29.9,19.8,19.8,16.3,-8.1368,-13.2474,-1.1776,-7.8263,-18.2731,-31.9398,-31.9398,2.7778,24.8466
20240815,1516,川飛,TWSE,20.25,20.95,20.2,20.6,398102.0,8164948.0,TWSE_RWD_JSON_MI_INDEX,data/daily_price/daily_price_20240815.csv,20.81,21.9625,23.465,20.6162,21.9547,1.2285,-3.2864,-15.5738,2.2333,16.0563,294687.8,1.3509,24.9,29.9,29.9,19.8,19.8,16.3,-6.2038,-12.2097,-0.0788,-6.1706,-17.2691,-31.1037,-31.1037,4.0404,26.3804
20240816,1516,川飛,TWSE,20.8,20.8,20.5,20.65,101233.0,2088951.0,TWSE_RWD_JSON_MI_INDEX,data/daily_price/daily_price_20240816.csv,20.67,21.765,23.4575,20.6396,21.846,0.2427,-3.2787,-16.0569,-2.1327,15.6863,282776.8,0.358,24.35,29.9,29.9,19.8,19.8,16.3,-5.1229,-11.9685,0.0505,-5.4747,-15.1951,-30.9365,-30.9365,4.2929,26.6871
20240819,1516,川飛,TWSE,21.0,21.0,20.65,20.75,99206.0,2058718.0,TWSE_RWD_JSON_MI_INDEX,data/daily_price/daily_price_20240819.csv,20.59,21.615,23.4167,20.6642,21.7547,0.4843,-1.8913,-12.6316,-10.5603,16.573,261919.55,0.3788,23.85,29.9,29.9,19.8,19.8,16.3,-4.0019,-11.3879,0.4154,-4.6182,-12.9979,-30.602,-30.602,4.798,27.3006
20240820,1516,川飛,TWSE,20.6,20.8,20.5,20.8,146522.0,3025977.0,TWSE_RWD_CSV_MI_INDEX,data/daily_price/daily_price_20240820.csv,20.63,21.5,23.3383,20.6896,21.6751,0.241,0.9709,-9.9567,-18.4314,17.1831,243441.5,0.6019,23.6,29.9,29.9,19.8,19.8,16.3,-3.2558,-10.8762,0.5337,-4.0374,-11.8644,-30.4348,-30.4348,5.0505,27.6074
20240821,1516,川飛,TWSE,20.5,21.1,20.5,20.75,113187.0,2355336.0,TWSE_RWD_JSON_MI_INDEX,data/daily_price/daily_price_20240821.csv,20.71,21.4175,23.2542,20.7142,21.598,-0.2404,1.9656,-7.3661,-19.5736,16.573,228486.55,0.4954,23.6,29.9,29.9,19.8,19.8,16.3,-3.1166,-10.7687,0.173,-3.9264,-12.0763,-30.602,-30.602,4.798,27.3006
20240822,1516,川飛,TWSE,20.85,21.3,20.7,21.2,160376.0,3364482.0,TWSE_RWD_JSON_MI_INDEX,data/daily_price/daily_price_20240822.csv,20.83,21.355,23.1792,20.7438,21.5649,2.1687,2.9126,-5.5679,-17.5097,20.1133,224780.4,0.7135,23.6,29.9,29.9,19.8,19.8,16.3,-0.7258,-8.5386,2.1995,-1.6919,-10.1695,-29.097,-29.097,7.0707,30.0613
20240823,1516,川飛,TWSE,20.8,20.95,20.6,20.7,95941.0,1989373.0,TWSE_RWD_JSON_MI_INDEX,data/daily_price/daily_price_20240823.csv,20.84,21.2725,23.0533,20.7696,21.4928,-2.3585,0.2421,-7.3826,-26.7257,17.6136,215611.75,0.445,23.6,29.9,29.9,19.8,19.8,16.3,-2.6913,-10.2082,-0.335,-3.6886,-12.2881,-30.7692,-30.7692,4.5455,26.9939
20240826,1516,川飛,TWSE,20.85,21.05,20.75,20.8,71392.0,1490542.0,TWSE_RWD_JSON_MI_INDEX,data/daily_price/daily_price_20240826.csv,20.85,21.2075,22.9683,20.7962,21.435,0.4831,0.241,-5.8824,-19.6911,18.1818,209951.25,0.34,23.6,26.35,29.9,19.8,19.8,16.3,-1.9215,-9.4405,0.018,-2.9627,-11.8644,-21.0626,-30.4348,5.0505,27.6074
20240827,1516,川飛,TWSE,20.8,20.95,20.55,20.75,76817.0,1591928.0,TWSE_RWD_JSON_MI_INDEX,data/daily_price/daily_price_20240827.csv,20.84,21.125,22.905,20.8233,21.378,-0.2404,-0.2404,-7.3661,-15.4786,18.5714,208080.9,0.3692,23.6,26.05,29.9,19.8,19.8,16.3,-1.7751,-9.4084,-0.3522,-2.9374,-12.0763,-20.3455,-30.602,4.798,27.3006
20240828,1516,川飛,TWSE,20.75,20.9,20.6,20.6,129450.0,2678333.0,TWSE_RWD_JSON_MI_INDEX,data/daily_price/daily_price_20240828.csv,20.81,21.0125,22.8408,20.8504,21.3131,-0.7229,-0.7229,-9.8468,-15.7464,18.732,203345.25,0.6366,23.6,26.05,29.9,19.8,19.8,16.3,-1.9631,-9.8106,-1.201,-3.346,-12.7119,-20.9213,-31.1037,4.0404,26.3804
20240829,1516,川飛,TWSE,20.5,20.8,20.4,20.6,94683.0,1946295.0,TWSE_RWD_JSON_MI_INDEX,data/daily_price/daily_price_20240829.csv,20.69,20.8675,22.7867,20.8783,21.2537,0.0,-2.8302,-12.3404,-13.6268,19.4203,195166.0,0.4851,23.4,26.05,29.9,19.8,19.8,16.3,-1.2819,-9.5963,-1.3331,-3.0757,-11.9658,-20.9213,-31.1037,4.0404,26.3804
20240830,1516,川飛,TWSE,20.85,20.95,20.5,20.55,147918.0,3056494.0,TWSE_RWD_JSON_MI_INDEX,data/daily_price/daily_price_20240830.csv,20.66,20.77,22.7442,20.9071,21.1951,-0.2427,-0.7246,-8.6667,-11.039,20.1754,180780.4,0.8182,22.05,26.05,29.9,19.8,19.8,16.3,-1.0592,-9.6472,-1.708,-3.0435,-6.8027,-21.1132,-31.2709,3.7879,26.0736
20240902,1516,川飛,TWSE,20.6,20.75,20.55,20.6,70055.0,1444080.0,TWSE_RWD_JSON_MI_INDEX,data/daily_price/daily_price_20240902.csv,20.62,20.785,22.7042,20.9383,21.1455,0.2433,-0.9615,1.4778,-10.4348,22.2552,154488.4,0.4535,21.75,26.05,29.9,19.8,19.8,16.3,-0.8901,-9.2678,-1.6159,-2.5796,-5.2874,-20.9213,-31.1037,4.0404,26.3804
20240903,1516,川飛,TWSE,20.55,20.85,20.4,20.4,120870.0,2484777.0,TWSE_RWD_JSON_MI_INDEX,data/daily_price/daily_price_20240903.csv,20.55,20.7875,22.6442,20.9683,21.0833,-0.9709,-1.6867,0.2457,-15.0,21.4286,142591.9,0.8477,21.75,26.05,29.9,20.05,19.8,16.3,-1.8641,-9.9106,-2.7104,-3.2412,-6.2069,-21.6891,-31.7726,3.0303,25.1534
20240904,1516,川飛,TWSE,20.0,20.0,19.7,19.7,339372.0,6725191.0,TWSE_RWD_JSON_MI_INDEX,data/daily_price/daily_price_20240904.csv,20.37,20.71,22.5775,20.9908,20.9681,-3.4314,-4.3689,-7.2941,-16.8776,15.8824,145045.9,2.3398,21.75,26.05,29.9,19.7,19.7,16.3,-4.8769,-12.745,-6.1495,-6.0476,-9.4253,-24.3762,-34.1137,0.0,20.8589
20240905,1516,川飛,TWSE,20.25,20.25,19.75,19.85,175877.0,3497613.0,TWSE_RWD_JSON_MI_INDEX,data/daily_price/daily_price_20240905.csv,20.22,20.6375,22.5167,21.0154,20.8749,0.7614,-3.6408,-6.8075,-15.5319,17.4556,150315.35,1.1701,21.75,26.05,29.9,19.7,19.7,16.3,-3.8159,-11.8431,-5.5455,-4.9097,-8.7356,-23.8004,-33.612,0.7614,21.7791
20240906,1516,川飛,TWSE,19.8,19.9,19.8,19.8,53610.0,1063436.0,TWSE_RWD_JSON_MI_INDEX,data/daily_price/daily_price_20240906.csv,20.07,20.56,22.4608,21.0417,20.7853,-0.2519,-3.6496,-7.26,-14.4708,18.9189,148060.95,0.3621,21.75,26.05,29.9,19.7,19.7,16.3,-3.6965,-11.8465,-5.901,-4.7405,-8.9655,-23.9923,-33.7793,0.5076,21.4724
20240909,1516,川飛,TWSE,19.7,20.0,19.6,19.7,13420.0,265667.0,TWSE_RWD_JSON_MI_INDEX,data/daily_price/daily_price_20240909.csv,19.89,20.4875,22.3983,21.0675,20.6949,-0.5051,-4.3689,-6.8558,-15.9915,18.6747,141940.3,0.0945,21.3,26.05,29.9,19.6,19.6,16.3,-3.8438,-12.047,-6.491,-4.8074,-7.5117,-24.3762,-34.1137,0.5102,20.8589
20240910,1516,川飛,TWSE,20.25,20.25,19.25,19.35,135280.0,2641218.0,TWSE_RWD_JSON_MI_INDEX,data/daily_price/daily_price_20240910.csv,19.68,20.425,22.3225,21.0904,20.5828,-1.7766,-5.1471,-6.068,-19.0377,16.5663,137822.75,0.9816,21.3,26.05,29.9,19.25,19.25,16.3,-5.2632,-13.3162,-8.2522,-5.9895,-9.1549,-25.7198,-35.2843,0.5195,18.7117
20240911,1516,川飛,TWSE,18.95,19.1,17.55,18.2,653543.0,11967354.0,TWSE_RWD_JSON_MI_INDEX,data/daily_price/daily_price_20240911.csv,19.38,20.3175,22.23,21.105,20.3842,-5.9432,-7.6142,-10.5651,-23.3684,10.6383,159842.7,4.0887,21.3,26.05,29.9,17.55,17.55,16.3,-10.422,-18.1287,-13.7645,-10.7153,-14.554,-30.1344,-39.1304,3.7037,11.6564
20240912,1516,川飛,TWSE,18.25,18.55,18.2,18.4,101153.0,1857447.0,TWSE_RWD_JSON_MI_INDEX,data/daily_price/daily_price_20240912.csv,19.09,20.2075,22.1425,21.1221,20.2189,1.0989,-7.3048,-10.6796,-22.1987,12.5382,144995.25,0.6976,21.3,26.05,29.9,17.55,17.55,16.3,-8.9447,-16.9019,-12.8874,-8.996,-13.615,-29.3666,-38.4615,4.8433,12.8834
20240913,1516,川飛,TWSE,18.4,18.8,18.4,18.65,59072.0,1101166.0,TWSE_RWD_JSON_MI_INDEX,data/daily_price/daily_price_20240913.csv,18.86,20.1075,22.0692,21.1404,20.0881,1.3587,-5.8081,-9.6852,-19.0889,13.3739,142887.2,0.4134,21.3,26.05,29.9,17.55,17.55,16.3,-7.2485,-15.493,-11.7804,-7.1592,-12.4413,-28.4069,-37.6254,6.2678,14.4172
20240916,1516,川飛,TWSE,18.9,18.9,18.65,18.7,82644.0,1547856.0,TWSE_RWD_JSON_MI_INDEX,data/daily_price/daily_price_20240916.csv,18.66,20.005,21.99,21.1592,19.9725,0.2681,-5.0761,-9.8795,-20.2559,13.6778,142059.1,0.5818,21.3,26.05,29.9,17.55,17.55,16.3,-6.5234,-14.9613,-11.6222,-6.3711,-12.2066,-28.215,-37.4582,6.5527,14.7239
20240918,1516,川飛,TWSE,19.05,19.05,18.7,18.7,137255.0,2572739.0,TWSE_RWD_JSON_MI_INDEX,data/daily_price/daily_price_20240918.csv,18.53,19.9,21.9008,21.1779,19.8664,0.0,-3.3592,-10.0962,-22.2453,13.6778,141595.75,0.9693,21.3,26.05,29.9,17.55,17.55,16.3,-6.0302,-14.6151,-11.7005,-5.8714,-12.2066,-28.215,-37.4582,6.5527,14.7239
20240919,1516,川飛,TWSE,19.0,19.6,18.95,18.95,114989.0,2211495.0,TWSE_RWD_JSON_MI_INDEX,data/daily_price/daily_price_20240919.csv,18.68,19.81,21.8142,21.1992,19.7901,1.3369,4.1209,-8.6747,-21.5321,15.5488,141685.85,0.8116,21.3,26.05,29.9,17.55,17.55,16.3,-4.3412,-13.1298,-10.6097,-4.2449,-11.0329,-27.2553,-36.6221,7.9772,16.2577
20240920,1516,川飛,TWSE,19.2,19.2,18.8,18.85,91077.0,1716918.0,TWSE_RWD_JSON_MI_INDEX,data/daily_price/daily_price_20240920.csv,18.77,19.6925,21.7242,21.2196,19.7117,-0.5277,2.4457,-11.0849,-22.268,14.939,138220.9,0.6589,21.05,26.05,29.9,17.55,17.55,16.4,-4.2783,-13.2303,-11.167,-4.3716,-10.4513,-27.6392,-36.9565,7.4074,14.939
20240923,1516,川飛,TWSE,19.25,19.25,18.75,18.95,44380.0,837599.0,TWSE_RWD_JSON_MI_INDEX,data/daily_price/daily_price_20240923.csv,18.83,19.605,21.6325,21.24,19.6482,0.5305,1.6086,-8.4541,-22.4949,14.8485,135642.85,0.3272,21.05,26.05,29.9,17.55,17.55,16.4,-3.341,-12.4003,-10.7815,-3.5537,-9.9762,-27.2553,-36.6221,7.9772,15.5488
20240924,1516,川飛,TWSE,19.0,19.25,18.9,19.25,90472.0,1731674.0,TWSE_RWD_JSON_MI_INDEX,data/daily_price/daily_price_20240924.csv,18.94,19.5275,21.5492,21.2633,19.6151,1.5831,2.9412,-7.4519,-20.6186,17.0213,136596.85,0.6623,20.95,26.05,29.9,17.55,17.55,16.4,-1.4211,-10.6694,-9.4686,-1.8611,-8.1146,-26.1036,-35.6187,9.6866,17.378
20240925,1516,川飛,TWSE,19.5,19.65,19.35,19.45,77457.0,1510578.0,TWSE_RWD_JSON_MI_INDEX,data/daily_price/daily_price_20240925.csv,19.09,19.4625,21.4617,21.2883,19.6013,1.039,4.0107,-6.2651,-21.2551,18.2371,136628.85,0.5669,20.95,26.05,29.9,17.55,17.55,16.4,-0.0642,-9.3733,-8.6354,-0.7719,-7.1599,-25.3359,-34.9498,10.8262,18.5976
20240926,1516,川飛,TWSE,19.5,19.5,19.3,19.3,42010.0,815158.0,TWSE_RWD_JSON_MI_INDEX,data/daily_price/daily_price_20240926.csv,19.16,19.3975,21.3817,21.3117,19.5762,-0.7712,1.847,-6.3107,-19.917,16.9697,132256.85,0.3176,20.95,26.05,29.9,17.55,17.55,16.55,-0.5026,-9.7358,-9.4393,-1.4109,-7.8759,-25.9117,-35.4515,9.9715,16.6163
20240927,1516,川飛,TWSE,19.3,19.55,19.25,19.45,15212.0,294869.0,TWSE_RWD_JSON_MI_INDEX,data/daily_price/daily_price_20240927.csv,19.28,19.34,21.2992,21.3329,19.5657,0.7772,3.183,-5.5825,-20.2869,15.0888,128283.3,0.1186,20.95,26.05,29.9,17.55,17.55,16.65,0.5688,-8.6819,-8.8263,-0.5912,-7.1599,-25.3359,-34.9498,10.8262,16.8168
20240930,1516,川飛,TWSE,19.35,19.35,19.05,19.15,65346.0,1252384.0,TWSE_RWD_JSON_MI_INDEX,data/daily_price/daily_price_20240930.csv,19.32,19.27,21.2142,21.3496,19.531,-1.5424,1.0554,-6.8127,-21.0309,11.6618,124154.7,0.5263,20.85,26.05,29.9,17.55,17.55,16.65,-0.6227,-9.7301,-10.3027,-1.9509,-8.1535,-26.4875,-35.9532,9.1168,15.015
20241001,1516,川飛,TWSE,19.1,19.15,18.7,19.15,69066.0,1304607.0,TWSE_RWD_JSON_MI_INDEX,data/daily_price/daily_price_20241001.csv,19.3,19.1975,21.1267,21.3667,19.4993,0.0,-0.5195,-7.0388,-21.5164,11.9883,124105.25,0.5565,20.85,26.05,29.9,17.55,17.55,16.65,-0.2474,-9.3563,-10.3744,-1.7913,-8.1535,-26.4875,-35.9532,9.1168,15.015
20241004,1516,川飛,TWSE,19.2,19.2,18.85,18.85,48242.0,912829.0,TWSE_RWD_JSON_MI_INDEX,data/daily_price/daily_price_20241004.csv,19.18,19.12,21.0342,21.3775,19.4452,-1.5666,-3.0848,-7.598,-22.7459,7.4074,120473.85,0.4004,20.25,26.05,29.9,17.55,17.55,16.65,-1.4121,-10.3839,-11.8232,-3.0608,-6.9136,-27.6392,-36.9565,7.4074,13.2132
20241007,1516,川飛,TWSE,19.05,19.15,18.9,18.9,88246.0,1678711.0,TWSE_RWD_JSON_MI_INDEX,data/daily_price/daily_price_20241007.csv,19.1,19.08,20.9475,21.3896,19.3997,0.2653,-2.0725,-4.0609,-21.5768,8.3095,107917.55,0.8177,20.25,26.05,29.9,17.55,17.55,16.65,-0.9434,-9.7744,-11.6392,-2.576,-6.6667,-27.4472,-36.7893,7.6923,13.5135
20241008,1516,川飛,TWSE,18.95,19.15,18.75,18.75,61668.0,1165157.0,TWSE_RWD_JSON_MI_INDEX,data/daily_price/daily_price_20241008.csv,18.96,19.025,20.855,21.4017,19.3456,-0.7937,-3.599,-5.5416,-22.8395,8.3815,102207.1,0.6034,20.25,26.05,29.9,17.55,17.55,16.65,-1.4455,-10.0935,-12.39,-3.0787,-7.4074,-28.023,-37.291,6.8376,12.6126
20241009,1516,川飛,TWSE,18.85,18.85,18.5,18.6,65500.0,1223288.0,TWSE_RWD_JSON_MI_INDEX,data/daily_price/daily_price_20241009.csv,18.85,18.965,20.7458,21.4129,19.2835,-0.8,-2.8721,-6.0606,-26.0437,7.8261,102801.6,0.6371,20.25,26.05,29.9,17.55,17.55,16.65,-1.9246,-10.3434,-13.1365,-3.5443,-8.1481,-28.5988,-37.7926,5.9829,11.7117
20241011,1516,川飛,TWSE,18.6,18.6,18.25,18.35,77275.0,1418410.0,TWSE_RWD_JSON_MI_INDEX,data/daily_price/daily_price_20241011.csv,18.69,18.8975,20.6433,21.4262,19.2057,-1.3441,-4.1775,-6.8528,-25.102,9.5522,105994.35,0.729,20.25,24.9,29.9,17.55,17.55,16.75,-2.8972,-11.1093,-14.3574,-4.4553,-9.3827,-26.3052,-38.6288,4.5584,9.5522
20241014,1516,川飛,TWSE,18.2,18.35,18.1,18.3,40450.0,737933.0,TWSE_RWD_JSON_MI_INDEX,data/daily_price/daily_price_20241014.csv,18.58,18.845,20.54,21.4371,19.1302,-0.2725,-2.9178,-5.4264,-25.3061,7.6471,101252.85,0.3995,19.65,24.9,29.9,17.55,17.55,16.85,-2.892,-10.9056,-14.6339,-4.3398,-6.8702,-26.506,-38.796,4.2735,8.6053
20241015,1516,川飛,TWSE,18.75,18.8,18.2,18.3,73752.0,1358547.0,TWSE_RWD_JSON_MI_INDEX,data/daily_price/daily_price_20241015.csv,18.46,18.85,20.44,21.4471,19.061,0.0,-3.1746,0.5495,-24.6914,7.0175,72263.3,1.0206,19.65,24.9,29.9,18.1,17.55,16.85,-2.9178,-10.4697,-14.6737,-3.9926,-6.8702,-26.506,-38.796,4.2735,8.6053
20241016,1516,川飛,TWSE,18.15,18.7,18.05,18.4,68323.0,1258038.0,TWSE_RWD_JSON_MI_INDEX,data/daily_price/daily_price_20241016.csv,18.39,18.85,20.34,21.4562,19.0059,0.5464,-1.8667,0.0,-24.5902,6.3584,70621.8,0.9674,19.65,24.9,29.9,18.05,17.55,16.9,-2.3873,-9.5379,-14.2441,-3.1881,-6.3613,-26.1044,-38.4615,4.8433,8.8757
20241017,1516,川飛,TWSE,18.5,18.9,18.4,18.45,42277.0,784204.0,TWSE_RWD_JSON_MI_INDEX,data/daily_price/daily_price_20241017.csv,18.36,18.84,20.2375,21.4667,18.9596,0.2717,-0.8065,-1.0724,-25.0,7.2674,69782.05,0.6058,19.65,24.35,29.9,18.05,17.55,16.9,-2.0701,-8.8326,-14.0528,-2.6879,-6.1069,-24.23,-38.2943,5.1282,9.1716
20241018,1516,川飛,TWSE,18.7,18.8,18.45,18.55,68797.0,1279423.0,TWSE_RWD_JSON_MI_INDEX,data/daily_price/daily_price_20241018.csv,18.4,18.8325,20.1508,21.4787,18.9255,0.542,1.0899,-0.8021,-21.8947,8.4795,69089.7,0.9958,19.65,23.85,29.9,18.05,17.55,16.9,-1.5001,-7.9443,-13.6356,-1.984,-5.598,-22.2222,-37.9599,5.698,9.7633
20241021,1516,川飛,TWSE,19.0,20.4,19.0,20.4,510545.0,10374206.0,TWSE_RWD_JSON_MI_INDEX,data/daily_price/daily_price_20241021.csv,18.82,18.9175,20.1058,21.5042,19.0484,9.973,11.4754,9.0909,-11.6883,17.5793,87754.2,5.8179,20.4,23.6,29.9,18.05,17.55,17.05,7.8367,1.4631,-5.1347,7.0959,0.0,-13.5593,-31.7726,16.2393,19.6481
20241022,1516,川飛,TWSE,20.4,21.15,19.45,19.75,1092167.0,22167091.0,TWSE_RWD_JSON_MI_INDEX,data/daily_price/daily_price_20241022.csv,19.11,18.9575,20.0617,21.5242,19.1068,-3.1863,7.9235,4.2216,-11.8304,13.8329,136613.1,7.9946,21.15,23.6,29.9,18.05,17.55,17.55,4.1804,-1.5535,-8.2427,3.3662,-6.6194,-16.3136,-33.9465,12.5356,12.5356
20241023,1516,川飛,TWSE,19.6,20.1,19.6,19.75,155076.0,3069481.0,TWSE_RWD_JSON_MI_INDEX,data/daily_price/daily_price_20241023.csv,19.38,19.0025,20.0167,21.53,19.1604,0.0,7.337,4.7745,-12.0267,3.6745,139813.05,1.1092,21.15,23.6,29.9,18.05,17.55,17.55,3.9337,-1.3322,-8.2675,3.0771,-6.6194,-16.3136,-33.9465,12.5356,12.5356
20241024,1516,川飛,TWSE,19.85,19.9,19.4,19.45,127948.0,2513110.0,TWSE_RWD_JSON_MI_INDEX,data/daily_price/daily_price_20241024.csv,19.58,19.0275,19.9683,21.5175,19.1846,-1.519,5.4201,2.6385,-12.9754,-7.1599,143991.45,0.8886,21.15,23.6,29.9,18.05,17.55,17.55,2.2205,-2.5958,-9.6085,1.3837,-8.0378,-17.5847,-34.9498,10.8262,10.8262
20241025,1516,川飛,TWSE,19.5,19.5,19.3,19.4,62329.0,1211877.0,TWSE_RWD_JSON_MI_INDEX,data/daily_price/daily_price_20241025.csv,19.75,19.035,19.9233,21.5138,19.2025,-0.2571,4.5822,0.7792,-12.2172,-2.267,142584.3,0.4371,21.15,23.6,29.9,18.05,17.55,17.55,1.9175,-2.6267,-9.8251,1.0285,-8.2742,-17.7966,-35.1171,10.5413,10.5413
20241028,1516,川飛,TWSE,19.7,19.8,19.4,19.45,55220.0,1073903.0,TWSE_RWD_JSON_MI_INDEX,data/daily_price/daily_price_20241028.csv,19.56,19.035,19.8742,21.5058,19.2231,0.2577,-4.6569,0.0,-13.1696,-4.6569,141472.45,0.3903,21.15,23.6,29.9,18.05,17.55,17.55,2.1802,-2.1343,-9.5594,1.1802,-8.0378,-17.5847,-34.9498,10.8262,10.8262
20241029,1516,川飛,TWSE,19.9,19.95,19.3,19.3,93108.0,1812478.0,TWSE_RWD_JSON_MI_INDEX,data/daily_price/daily_price_20241029.csv,19.47,19.035,19.815,21.4979,19.2295,-0.7712,-2.2785,0.0,-15.5361,-4.6914,144027.35,0.6465,21.15,23.6,29.9,18.05,17.55,17.55,1.3922,-2.599,-10.2239,0.3664,-8.747,-18.2203,-35.4515,9.9715,9.9715
20241030,1516,川飛,TWSE,19.55,20.3,19.35,20.3,207607.0,4087679.0,TWSE_RWD_JSON_MI_INDEX,data/daily_price/daily_price_20241030.csv,19.58,19.0775,19.7617,21.4996,19.3187,5.1813,2.7848,4.3702,-13.617,0.995,153647.1,1.3512,21.15,23.4,29.9,18.05,17.55,17.55,6.4081,2.7241,-5.5796,5.0793,-4.0189,-13.2479,-32.107,15.6695,15.6695
20241101,1516,川飛,TWSE,19.65,20.55,19.25,19.55,344234.0,6849626.0,TWSE_RWD_JSON_MI_INDEX,data/daily_price/daily_price_20241101.csv,19.6,19.0975,19.7125,21.4992,19.338,-3.6946,0.5141,2.0888,-13.1111,-0.2551,167591.5,2.054,21.15,22.05,29.9,18.05,17.55,17.55,2.3694,-0.8244,-9.0662,1.0962,-7.565,-11.3379,-34.6154,11.396,11.396
20241104,1516,川飛,TWSE,19.55,19.85,19.0,19.1,95775.0,1855152.0,TWSE_RWD_JSON_MI_INDEX,data/daily_price/daily_price_20241104.csv,19.54,19.095,19.6925,21.4958,19.3182,-2.3018,-1.5464,-0.2611,-5.9113,-2.0513,168926.95,0.567,21.15,21.75,29.9,18.05,17.55,17.55,0.0262,-3.0088,-11.1456,-1.1294,-9.6927,-12.1839,-36.1204,8.8319,8.8319
20241105,1516,川飛,TWSE,19.1,19.1,18.7,18.9,49491.0,935306.0,TWSE_RWD_JSON_MI_INDEX,data/daily_price/daily_price_20241105.csv,19.43,19.0975,19.6683,21.4925,19.2833,-1.0471,-2.8278,0.2653,-7.1253,-2.0725,168989.4,0.2929,21.15,21.75,29.9,18.05,17.55,17.55,-1.0342,-3.9064,-12.0623,-1.9879,-10.6383,-13.1034,-36.7893,7.6923,7.6923
20241106,1516,川飛,TWSE,18.9,18.95,18.75,18.75,37524.0,707231.0,TWSE_RWD_JSON_MI_INDEX,data/daily_price/daily_price_20241106.csv,19.32,19.09,19.6267,21.49,19.2389,-0.7937,-2.8497,-0.7937,-11.7647,-1.5748,166453.3,0.2254,21.15,21.75,29.9,18.05,17.55,17.55,-1.781,-4.4667,-12.7501,-2.5411,-11.3475,-13.7931,-37.291,6.8376,6.8376
20241107,1516,川飛,TWSE,18.9,18.9,18.65,18.75,101567.0,1902127.0,TWSE_RWD_JSON_MI_INDEX,data/daily_price/daily_price_20241107.csv,19.01,19.09,19.5842,21.4896,19.1981,0.0,-7.6355,0.0,-11.9718,-0.266,168448.25,0.603,21.15,21.75,29.9,18.05,17.55,17.55,-1.781,-4.2594,-12.7484,-2.3343,-11.3475,-13.7931,-37.291,6.8376,6.8376
20241108,1516,川飛,TWSE,18.75,18.75,18.5,18.55,90292.0,1677579.0,TWSE_RWD_JSON_MI_INDEX,data/daily_price/daily_price_20241108.csv,18.81,19.0875,19.5375,21.4767,19.1441,-1.0667,-5.1151,-0.2688,-13.1148,-7.7114,169687.85,0.5321,21.15,21.75,29.9,18.05,17.55,17.55,-2.816,-5.0544,-13.6272,-3.1035,-12.2931,-14.7126,-37.9599,5.698,5.698
20241111,1516,川飛,TWSE,18.5,18.5,18.0,18.3,83120.0,1513332.0,TWSE_RWD_JSON_MI_INDEX,data/daily_price/daily_price_20241111.csv,18.65,19.085,19.49,21.4633,19.0738,-1.3477,-4.1885,-0.2725,-13.4752,-8.0402,169980.1,0.489,21.15,21.3,29.9,18.0,17.55,17.55,-4.1132,-6.1057,-14.7383,-4.0568,-13.4752,-14.0845,-38.796,4.2735,4.2735
20241112,1516,川飛,TWSE,18.25,18.5,18.1,18.2,82418.0,1507529.0,TWSE_RWD_JSON_MI_INDEX,data/daily_price/daily_price_20241112.csv,18.51,19.08,19.45,21.4496,19.001,-0.5464,-3.7037,-0.5464,-11.6505,-8.3123,172078.5,0.479,21.15,21.3,29.9,18.0,17.55,17.55,-4.6122,-6.4267,-15.1499,-4.2154,-13.948,-14.554,-39.1304,3.7037,3.7037
20241113,1516,川飛,TWSE,18.15,18.15,17.5,17.6,226356.0,4023188.0,TWSE_RWD_JSON_MI_INDEX,data/daily_price/daily_price_20241113.csv,18.28,19.045,19.4042,21.4308,18.8842,-3.2967,-6.1333,-3.8251,-13.5135,-11.335,179708.7,1.2596,21.15,21.3,29.9,17.5,17.5,17.5,-7.5873,-9.2978,-17.8753,-6.8005,-16.7849,-17.3709,-41.1371,0.5714,0.5714
20241114,1516,川飛,TWSE,17.7,17.7,16.8,17.05,265436.0,4529774.0,TWSE_RWD_JSON_MI_INDEX,data/daily_price/daily_price_20241114.csv,17.94,18.9775,19.345,21.405,18.7314,-3.125,-9.0667,-7.337,-17.233,-15.3846,189564.35,1.4002,21.15,21.3,29.9,16.8,16.8,16.8,-10.1568,-11.8635,-20.3457,-8.9762,-19.3853,-19.9531,-42.9766,1.4881,1.4881
20241115,1516,川飛,TWSE,17.0,17.25,16.5,17.05,121618.0,2060822.0,TWSE_RWD_JSON_MI_INDEX,data/daily_price/daily_price_20241115.csv,17.64,18.9075,19.285,21.3712,18.5913,0.0,-8.0863,-7.5881,-17.4334,-19.1943,193531.4,0.6284,21.15,21.3,29.9,16.5,16.5,16.5,-9.8241,-11.5893,-20.2199,-8.2902,-19.3853,-19.9531,-42.9766,3.3333,3.3333
20241118,1516,川飛,TWSE,16.8,17.05,16.75,16.9,86890.0,1465129.0,TWSE_RWD_JSON_MI_INDEX,data/daily_price/daily_price_20241118.csv,17.36,18.825,19.2208,21.3188,18.4503,-0.8798,-7.6503,-8.8949,-18.5542,-27.1552,194436.05,0.4469,21.15,21.3,29.9,16.5,16.5,16.5,-10.2258,-12.0746,-20.7271,-8.4027,-20.0946,-20.6573,-43.4783,2.4242,2.4242
20241119,1516,川飛,TWSE,17.0,17.0,16.85,16.9,46477.0,785944.0,TWSE_RWD_CSV_MI_INDEX,data/daily_price/daily_price_20241119.csv,17.1,18.65,19.1558,21.2471,18.3211,0.0,-7.1429,-17.1569,-18.75,-33.7255,171232.65,0.2714,21.15,21.3,29.9,16.5,16.5,16.5,-9.3834,-11.7762,-20.4597,-7.7568,-20.0946,-20.6573,-43.4783,2.4242,2.4242
20241120,1516,川飛,TWSE,16.9,16.95,16.7,16.7,134298.0,2253523.0,TWSE_RWD_JSON_MI_INDEX,data/daily_price/daily_price_20241120.csv,16.92,18.4975,19.0883,21.1712,18.186,-1.1834,-5.1136,-15.443,-19.5181,-35.2713,123339.2,1.0889,20.55,21.3,29.9,16.5,16.5,16.5,-9.7175,-12.512,-21.1194,-8.1713,-18.7348,-21.5962,-44.1472,1.2121,1.2121
20241121,1516,川飛,TWSE,17.2,17.2,16.75,16.9,37181.0,625930.0,TWSE_RWD_JSON_MI_INDEX,data/daily_price/daily_price_20241121.csv,16.89,18.355,19.0167,21.0979,18.0789,1.1976,-0.8798,-14.4304,-20.283,-34.2412,117444.45,0.3166,20.55,21.15,29.9,16.5,16.5,16.5,-7.927,-11.1306,-19.8973,-6.5207,-17.7616,-20.0946,-43.4783,2.4242,2.4242
20241122,1516,川飛,TWSE,16.9,17.2,16.9,17.2,53098.0,909746.0,TWSE_RWD_JSON_MI_INDEX,data/daily_price/daily_price_20241122.csv,16.92,18.2425,18.9583,21.0058,18.0056,1.7751,0.8798,-11.5681,-16.9082,-39.115,113701.95,0.467,20.55,21.15,29.9,16.5,16.5,16.5,-5.7147,-9.2747,-18.118,-4.4743,-16.3017,-18.6761,-42.4749,4.2424,4.2424
20241125,1516,川飛,TWSE,17.3,17.45,17.1,17.35,75177.0,1303604.0,TWSE_RWD_JSON_MI_INDEX,data/daily_price/daily_price_20241125.csv,17.01,18.14,18.9008,20.9346,17.951,0.8721,2.6627,-10.567,-16.5865,-33.0116,114344.35,0.6575,20.55,21.15,26.35,16.5,16.5,16.5,-4.355,-8.2051,-17.1228,-3.3479,-15.5718,-17.9669,-34.1556,5.1515,5.1515
20241126,1516,川飛,TWSE,17.6,19.05,17.4,18.1,683105.0,12727832.0,TWSE_RWD_JSON_MI_INDEX,data/daily_price/daily_price_20241126.csv,17.25,18.0725,18.8567,20.8808,17.9634,4.3228,7.1006,-6.9409,-12.7711,-26.2729,145738.6,4.6872,20.55,21.15,26.05,16.5,16.5,16.5,0.1522,-4.0127,-13.3176,0.7604,-11.9221,-14.4208,-30.5182,9.697,9.697
20241127,1516,川飛,TWSE,18.05,18.35,17.7,17.7,190232.0,3427924.0,TWSE_RWD_JSON_MI_INDEX,data/daily_price/daily_price_20241127.csv,17.45,17.9925,18.8083,20.8246,17.9415,-2.2099,5.988,-8.2902,-14.0777,-27.6074,150594.8,1.2632,20.55,21.15,26.05,16.5,16.5,16.5,-1.6257,-5.8928,-15.0043,-1.3458,-13.8686,-16.3121,-32.0537,7.2727,7.2727
20241128,1516,川飛,TWSE,17.85,18.5,17.5,17.6,84688.0,1510703.0,TWSE_RWD_JSON_MI_INDEX,data/daily_price/daily_price_20241128.csv,17.59,17.8575,18.7583,20.7725,17.913,-0.565,4.142,-13.3005,-14.5631,-26.2055,144448.85,0.5863,20.55,21.15,26.05,16.5,16.5,16.5,-1.442,-6.175,-15.2726,-1.7473,-14.3552,-16.7849,-32.4376,6.6667,6.6667
20241129,1516,川飛,TWSE,17.65,17.8,17.65,17.8,15240.0,270199.0,TWSE_RWD_JSON_MI_INDEX,data/daily_price/daily_price_20241129.csv,17.71,17.77,18.7125,20.7283,17.9036,1.1364,3.4884,-8.9514,-13.382,-22.9437,127999.15,0.1191,19.85,21.15,26.05,16.5,16.5,16.5,0.1688,-4.8764,-14.1272,-0.5786,-10.3275,-15.8392,-31.6699,7.8788,7.8788
20241202,1516,川飛,TWSE,17.5,17.8,17.5,17.7,57133.0,1009438.0,TWSE_RWD_JSON_MI_INDEX,data/daily_price/daily_price_20241202.csv,17.78,17.7,18.6642,20.6842,17.8866,-0.5618,2.0173,-7.3298,-14.0777,-23.0435,126067.05,0.4532,19.1,21.15,26.05,16.5,16.5,16.5,0.0,-5.1659,-14.4273,-1.0433,-7.3298,-16.3121,-32.0537,7.2727,7.2727
20241203,1516,川飛,TWSE,17.7,17.7,17.55,17.65,49270.0,867391.0,TWSE_RWD_JSON_MI_INDEX,data/daily_price/daily_price_20241203.csv,17.69,17.6375,18.6183,20.6312,17.8669,-0.2825,-2.4862,-6.6138,-13.4804,-26.4583,126056.0,0.3909,19.05,21.15,26.05,16.5,16.5,16.5,0.0709,-5.201,-14.4502,-1.214,-7.3491,-16.5485,-32.2457,6.9697,6.9697
20241204,1516,川飛,TWSE,17.55,17.7,17.55,17.7,57513.0,1015796.0,TWSE_RWD_JSON_MI_INDEX,data/daily_price/daily_price_20241204.csv,17.69,17.585,18.585,20.5812,17.853,0.2833,0.0,-5.6,-10.1523,-25.3165,127055.45,0.4527,19.05,21.15,26.05,16.5,16.5,16.5,0.654,-4.7619,-13.9994,-0.857,-7.0866,-16.3121,-32.0537,7.2727,7.2727
20241205,1516,川飛,TWSE,18.55,19.45,18.05,18.05,1693865.0,32253474.0,TWSE_RWD_JSON_MI_INDEX,data/daily_price/daily_price_20241205.csv,17.78,17.55,18.555,20.5358,17.8694,1.9774,2.5568,-3.7333,-9.068,-23.1915,206670.35,8.196,19.45,21.15,26.05,16.5,16.5,16.5,2.849,-2.7216,-12.1049,1.0106,-7.1979,-14.6572,-30.7102,9.3939,9.3939
20241206,1516,川飛,TWSE,18.1,18.25,17.9,17.95,178409.0,3213875.0,TWSE_RWD_JSON_MI_INDEX,data/daily_price/daily_price_20241206.csv,17.81,17.52,18.5242,20.4925,17.8761,-0.554,0.8427,-3.2345,-9.3434,-22.4622,211076.2,0.8452,19.45,21.15,26.05,16.5,16.5,16.5,2.4543,-3.0996,-12.407,0.4133,-7.7121,-15.13,-31.094,8.7879,8.7879
20241209,1516,川飛,TWSE,17.9,18.0,17.85,17.95,62755.0,1124481.0,TWSE_RWD_JSON_MI_INDEX,data/daily_price/daily_price_20241209.csv,17.86,17.5025,18.495,20.4467,17.8823,0.0,1.4124,-1.9126,-8.8832,-23.4542,210057.95,0.2988,19.45,21.15,26.05,16.5,16.5,16.5,2.5568,-2.9467,-12.2106,0.3787,-7.7121,-15.13,-31.094,8.7879,8.7879
20241210,1516,川飛,TWSE,17.95,18.1,17.75,17.75,101987.0,1826922.0,TWSE_RWD_JSON_MI_INDEX,data/daily_price/daily_price_20241210.csv,17.88,17.48,18.4683,20.3954,17.8713,-1.1142,0.5666,-2.4725,-8.2687,-25.7322,211036.4,0.4833,19.45,21.15,26.05,16.5,16.5,16.5,1.5446,-3.8895,-12.9706,-0.6785,-8.7404,-16.0757,-31.8618,7.5758,7.5758
20241211,1516,川飛,TWSE,17.55,17.8,17.4,17.4,225556.0,3968890.0,TWSE_RWD_JSON_MI_INDEX,data/daily_price/daily_price_20241211.csv,17.82,17.47,18.455,20.3425,17.832,-1.9718,-1.6949,-1.1364,-4.3956,-26.7368,210996.4,1.069,19.45,21.15,26.05,16.5,16.5,16.5,-0.4007,-5.7166,-14.4648,-2.4225,-10.5398,-17.7305,-33.2054,5.4545,5.4545
20241212,1516,川飛,TWSE,17.85,17.9,17.55,17.65,116756.0,2065260.0,TWSE_RWD_JSON_MI_INDEX,data/daily_price/daily_price_20241212.csv,17.74,17.5,18.4425,20.2925,17.8168,1.4368,-2.2161,3.5191,-4.0761,-25.37,203562.4,0.5736,19.45,21.15,26.05,16.5,16.5,16.5,0.8571,-4.2971,-13.0221,-0.9363,-9.2545,-16.5485,-32.2457,6.9697,6.9697
20241213,1516,川飛,TWSE,17.65,17.8,17.6,17.75,49157.0,869914.0,TWSE_RWD_JSON_MI_INDEX,data/daily_price/daily_price_20241213.csv,17.7,17.535,18.4275,20.2483,17.8113,0.5666,-1.1142,4.1056,-4.8257,-22.9935,199939.35,0.2459,19.45,21.15,26.05,16.7,16.5,16.5,1.2261,-3.6766,-12.3385,-0.3439,-8.7404,-16.0757,-31.8618,7.5758,7.5758
20241216,1516,川飛,TWSE,17.9,18.95,17.9,18.1,321006.0,5931440.0,TWSE_RWD_JSON_MI_INDEX,data/daily_price/daily_price_20241216.csv,17.73,17.595,18.4175,20.2038,17.8353,1.9718,0.8357,7.1006,-3.2086,-22.8145,211645.15,1.5167,19.45,21.15,26.05,16.7,16.5,16.5,2.8701,-1.7239,-10.4127,1.484,-6.9409,-14.4208,-30.5182,9.697,9.697
20241217,1516,川飛,TWSE,18.4,18.4,18.05,18.05,67037.0,1217057.0,TWSE_RWD_JSON_MI_INDEX,data/daily_price/daily_price_20241217.csv,17.79,17.6525,18.4067,20.1538,17.8532,-0.2762,1.6901,6.8047,-3.4759,-24.948,212673.15,0.3152,19.45,21.15,26.05,16.7,16.5,16.5,2.2518,-1.9377,-10.4385,1.1023,-7.1979,-14.6572,-30.7102,9.3939,9.3939
20241218,1516,川飛,TWSE,18.05,18.45,18.05,18.3,106692.0,1950087.0,TWSE_RWD_JSON_MI_INDEX,data/daily_price/daily_price_20241218.csv,17.97,17.7325,18.3958,20.105,17.8904,1.385,5.1724,9.5808,-3.4301,-24.2236,211292.85,0.5049,19.45,21.15,26.05,16.75,16.5,16.5,3.2003,-0.521,-8.9779,2.2893,-5.9126,-13.4752,-29.7505,10.9091,10.9091
20241219,1516,川飛,TWSE,18.25,18.25,18.05,18.1,72190.0,1309733.0,TWSE_RWD_JSON_MI_INDEX,data/daily_price/daily_price_20241219.csv,18.06,17.7925,18.3833,20.0537,17.9079,-1.0929,2.5496,7.1006,-3.9788,-25.3608,213043.3,0.3389,19.45,21.15,26.05,16.9,16.5,16.5,1.7283,-1.5413,-9.7426,1.0727,-6.9409,-14.4208,-30.5182,9.697,9.697
20241220,1516,川飛,TWSE,18.15,18.2,18.05,18.1,58733.0,1063812.0,TWSE_RWD_JSON_MI_INDEX,data/daily_price/daily_price_20241220.csv,18.13,17.8375,18.3692,20.0008,17.9239,0.0,1.9718,5.2326,-4.4855,-25.9714,213325.05,0.2753,19.45,21.15,26.05,17.1,16.5,16.5,1.4716,-1.4653,-9.5038,0.9824,-6.9409,-14.4208,-30.5182,9.697,9.697
20241223,1516,川飛,TWSE,18.65,18.65,18.1,18.2,53205.0,967858.0,TWSE_RWD_JSON_MI_INDEX,data/daily_price/daily_price_20241223.csv,18.15,17.88,18.3517,19.9504,17.9469,0.5525,0.5525,4.8991,-5.4545,-24.9485,212226.45,0.2507,19.45,21.15,26.05,17.4,16.5,16.5,1.7897,-0.8264,-8.7738,1.4102,-6.4267,-13.948,-30.1344,10.303,10.303
20241224,1516,川飛,TWSE,18.25,18.45,18.1,18.15,69017.0,1254370.0,TWSE_RWD_JSON_MI_INDEX,data/daily_price/daily_price_20241224.csv,18.17,17.8825,18.33,19.8958,17.9638,-0.2747,0.554,0.2762,-6.6838,-26.5182,181522.05,0.3802,19.45,21.15,26.05,17.4,16.5,16.5,1.4959,-0.982,-8.7749,1.0363,-6.6838,-14.1844,-30.3263,10.0,10.0
20241225,1516,川飛,TWSE,18.1,18.3,18.1,18.25,60276.0,1093958.0,TWSE_RWD_JSON_MI_INDEX,data/daily_price/daily_price_20241225.csv,18.16,17.91,18.3125,19.8471,17.9877,0.551,-0.2732,3.1073,-5.4404,-24.2739,175024.25,0.3444,19.45,21.15,26.05,17.4,16.5,16.5,1.8984,-0.3413,-8.0469,1.4583,-6.1697,-13.7116,-29.9424,10.6061,10.6061
20241226,1516,川飛,TWSE,18.25,18.25,18.15,18.2,45889.0,834175.0,TWSE_RWD_JSON_MI_INDEX,data/daily_price/daily_price_20241226.csv,18.18,17.94,18.2917,19.7954,18.0054,-0.274,0.5525,3.4091,-6.4267,-25.4098,173084.3,0.2651,19.45,21.15,26.05,17.4,16.5,16.5,1.4493,-0.5011,-8.0595,1.0809,-6.4267,-13.948,-30.1344,10.303,10.303
20241227,1516,川飛,TWSE,18.2,18.25,18.15,18.2,48432.0,880104.0,TWSE_RWD_JSON_MI_INDEX,data/daily_price/daily_price_20241227.csv,18.2,17.96,18.2758,19.745,18.0216,0.0,0.5525,2.2472,-4.9608,-24.9485,174743.9,0.2772,19.45,21.15,26.05,17.4,16.5,16.5,1.3363,-0.4149,-7.8248,0.9899,-6.4267,-13.948,-30.1344,10.303,10.303
20241230,1516,川飛,TWSE,18.0,18.15,18.0,18.0,69870.0,1260640.0,TWSE_RWD_JSON_MI_INDEX,data/daily_price/daily_price_20241230.csv,18.16,17.975,18.2567,19.6917,18.0198,-1.0989,-1.0989,1.6949,-6.0052,-26.2295,175380.75,0.3984,19.45,21.15,26.05,17.4,16.5,16.5,0.1391,-1.4059,-8.5908,-0.1099,-7.455,-14.8936,-30.9021,9.0909,9.0909
20241231,1516,川飛,TWSE,18.3,18.3,17.8,17.9,71064.0,1274020.0,TWSE_RWD_JSON_MI_INDEX,data/daily_price/daily_price_20241231.csv,18.11,17.9875,18.2408,19.6375,18.0098,-0.5556,-1.3774,1.4164,-5.0398,-26.6393,176470.45,0.4027,19.45,21.15,26.05,17.4,16.5,16.5,-0.4864,-1.8685,-8.8479,-0.6098,-7.9692,-15.3664,-31.286,8.4848,8.4848
20250102,1516,川飛,TWSE,17.9,18.0,17.85,17.85,46476.0,832832.0,TWSE_RWD_JSON_MI_INDEX,data/daily_price/daily_price_20250102.csv,18.03,17.995,18.2233,19.5854,17.9965,-0.2793,-2.1918,0.8475,-5.5556,-25.9336,175918.6,0.2642,19.45,21.15,26.05,17.4,16.5,16.5,-0.8058,-2.0487,-8.8608,-0.814,-8.2262,-15.6028,-31.4779,8.1818,8.1818
20250103,1516,川飛,TWSE,17.85,18.0,17.8,17.8,133586.0,2389569.0,TWSE_RWD_JSON_MI_INDEX,data/daily_price/daily_price_20250103.csv,17.95,17.9825,18.2075,19.5312,17.9801,-0.2801,-2.1978,-1.385,-5.0667,-26.749,97904.65,1.3645,18.95,21.15,26.05,17.4,16.5,16.5,-1.0149,-2.2381,-8.864,-1.0018,-6.0686,-15.8392,-31.6699,7.8788,7.8788
20250106,1516,川飛,TWSE,17.75,18.1,17.7,18.1,70802.0,1272700.0,TWSE_RWD_CSV_MI_INDEX,data/daily_price/daily_price_20250106.csv,17.93,17.99,18.1992,19.4725,17.9901,1.6854,-0.5495,0.8357,-2.6882,-28.0318,92524.3,0.7652,18.95,21.15,26.05,17.4,16.5,16.5,0.6115,-0.5449,-7.0484,0.6108,-4.4855,-14.4208,-30.5182,9.697,9.697
20250107,1516,川飛,TWSE,17.95,17.95,17.9,17.9,28692.0,514141.0,TWSE_RWD_JSON_MI_INDEX,data/daily_price/daily_price_20250107.csv,17.91,17.9875,18.1917,19.4175,17.9826,-1.105,-0.5556,-0.2786,-2.4523,-26.9388,90821.15,0.3159,18.95,21.15,24.9,17.4,16.5,16.5,-0.4864,-1.6033,-7.8151,-0.4594,-5.5409,-15.3664,-28.1124,8.4848,8.4848
20250108,1516,川飛,TWSE,17.75,18.0,17.75,17.9,31188.0,557150.0,TWSE_RWD_JSON_MI_INDEX,data/daily_price/daily_price_20250108.csv,17.91,17.995,18.185,19.3625,17.9757,0.0,0.0,0.8451,-2.1858,-26.9388,87281.2,0.3573,18.95,21.15,24.9,17.4,16.5,16.5,-0.5279,-1.5672,-7.5533,-0.4212,-5.5409,-15.3664,-28.1124,8.4848,8.4848
20250109,1516,川飛,TWSE,17.85,17.9,17.5,17.5,134651.0,2390938.0,TWSE_RWD_JSON_MI_INDEX,data/daily_price/daily_price_20250109.csv,17.84,18.0,18.1717,19.3058,17.9361,-2.2346,-1.9608,0.5747,-4.3716,-27.9835,82735.95,1.6275,18.95,21.15,24.9,17.5,16.5,16.5,-2.7778,-3.6962,-9.3538,-2.4313,-7.6517,-17.2577,-29.7189,6.0606,6.0606
20250110,1516,川飛,TWSE,17.5,17.5,16.9,16.95,93351.0,1602930.0,TWSE_RWD_JSON_MI_INDEX,data/daily_price/daily_price_20250110.csv,17.67,17.965,18.1475,19.2438,17.8539,-3.1429,-4.7753,-3.966,-7.8804,-30.5328,81565.7,1.1445,18.95,21.15,24.9,16.9,16.5,16.5,-5.6499,-6.5987,-11.9195,-5.0628,-10.5541,-19.8582,-31.9277,2.7273,2.7273
20250113,1516,川飛,TWSE,16.85,16.85,15.45,15.75,186237.0,2941752.0,TWSE_RWD_JSON_MI_INDEX,data/daily_price/daily_price_20250113.csv,17.2,17.865,18.1025,19.17,17.6786,-7.0796,-12.9834,-11.2676,-14.6341,-35.9756,88419.7,2.1063,18.95,21.15,24.35,15.45,15.45,15.45,-11.8388,-12.9954,-17.8404,-10.9091,-16.8865,-25.5319,-35.3183,1.9417,1.9417
20250114,1516,川飛,TWSE,15.75,16.6,15.75,16.6,58811.0,963065.0,TWSE_RWD_JSON_MI_INDEX,data/daily_price/daily_price_20250114.csv,16.94,17.79,18.07,19.1104,17.5887,5.3968,-7.2626,-8.2873,-10.5121,-30.1053,75309.95,0.7809,18.65,21.15,23.85,15.45,15.45,15.45,-6.6892,-8.135,-13.1364,-5.6212,-10.992,-21.513,-30.3983,7.4434,7.4434
20250115,1516,川飛,TWSE,16.15,17.2,16.15,17.2,41137.0,691155.0,TWSE_RWD_JSON_MI_INDEX,data/daily_price/daily_price_20250115.csv,16.8,17.7475,18.0167,19.0612,17.5563,3.6145,-3.9106,-4.7091,-15.6863,-25.5411,74014.95,0.5558,18.65,21.15,23.6,15.45,15.45,15.45,-3.0849,-4.5328,-9.7646,-2.0295,-7.7748,-18.6761,-27.1186,11.3269,11.3269
20250116,1516,川飛,TWSE,17.45,17.45,17.1,17.2,88703.0,1522390.0,TWSE_RWD_JSON_MI_INDEX,data/daily_price/daily_price_20250116.csv,16.74,17.6925,17.9742,19.0179,17.5266,0.0,-1.7143,-6.0109,-12.9114,-23.2143,73115.5,1.2132,18.65,20.55,23.6,15.45,15.45,15.45,-2.7837,-4.3071,-9.559,-1.8635,-7.7748,-16.3017,-27.1186,11.3269,11.3269
20250117,1516,川飛,TWSE,20.6,22.5,20.55,21.9,282874.0,6140860.0,TWSE_RWD_JSON_MI_INDEX,data/daily_price/daily_price_20250117.csv,17.73,17.8825,18.01,19.0133,17.8911,27.3256,29.2035,20.9945,10.8861,-2.4499,83649.7,3.3816,22.5,22.5,23.6,15.45,15.45,15.45,22.4661,21.5991,15.1823,22.4075,-2.6667,-2.6667,-7.2034,41.7476,41.7476
20250120,1516,川飛,TWSE,16.95,16.95,16.3,16.5,75523.0,1254849.0,TWSE_RWD_JSON_MI_INDEX,data/daily_price/daily_price_20250120.csv,17.88,17.8025,17.9608,18.9646,17.7751,-24.6575,4.7619,-8.8398,-15.1671,-26.1745,84489.2,0.8939,22.5,22.5,23.6,15.45,15.45,15.45,-7.3164,-8.1334,-12.9957,-7.1737,-26.6667,-26.6667,-30.0847,6.7961,6.7961
20250121,1516,川飛,TWSE,16.5,16.8,16.5,16.7,70349.0,1168439.0,TWSE_RWD_JSON_MI_INDEX,data/daily_price/daily_price_20250121.csv,17.9,17.7275,17.9158,18.9196,17.6855,1.2121,0.6024,-8.2418,-13.9175,-24.4344,85346.4,0.8243,22.5,22.5,23.6,15.45,15.45,15.45,-5.7961,-6.7864,-11.7317,-5.5726,-25.7778,-25.7778,-29.2373,8.0906,8.0906
20250122,1516,川飛,TWSE,16.8,16.85,16.65,16.85,33733.0,565421.0,TWSE_RWD_JSON_MI_INDEX,data/daily_price/daily_price_20250122.csv,17.83,17.6625,17.8725,18.8733,17.6159,0.8982,-2.0349,-7.1625,-13.3676,-24.7768,83582.2,0.4036,22.5,22.5,23.6,15.45,15.45,15.45,-4.6001,-5.7211,-10.7206,-4.3479,-25.1111,-25.1111,-28.6017,9.0615,9.0615
20250203,1516,川飛,TWSE,16.8,17.1,16.65,16.75,29357.0,492304.0,TWSE_RWD_JSON_MI_INDEX,data/daily_price/daily_price_20250203.csv,17.74,17.5875,17.83,18.8225,17.5438,-0.5935,-2.6163,-8.2192,-13.2124,-26.6958,82036.25,0.3579,22.5,22.5,23.6,15.45,15.45,15.45,-4.7619,-6.0572,-11.0108,-4.5244,-25.5556,-25.5556,-29.0254,8.4142,8.4142
20250204,1516,川飛,TWSE,16.8,17.3,16.8,16.8,16711.0,281644.0,TWSE_RWD_JSON_MI_INDEX,data/daily_price/daily_price_20250204.csv,16.72,17.5175,17.7717,18.7667,17.4818,0.2985,-23.2877,-7.6923,-17.2414,-28.5106,80577.35,0.2074,22.5,22.5,23.4,15.45,15.45,15.45,-4.0959,-5.4675,-10.4796,-3.8999,-25.3333,-25.3333,-28.2051,8.7379,8.7379
20250205,1516,川飛,TWSE,17.2,17.3,17.2,17.25,38629.0,665662.0,TWSE_RWD_JSON_MI_INDEX,data/daily_price/daily_price_20250205.csv,16.87,17.47,17.7333,18.7229,17.4625,2.6786,4.5455,-5.2198,-11.7647,-23.3333,80087.2,0.4823,22.5,22.5,22.5,15.45,15.45,15.45,-1.2593,-2.7256,-7.8669,-1.2167,-23.3333,-23.3333,-23.3333,11.6505,11.6505
20250206,1516,川飛,TWSE,17.25,17.25,17.15,17.2,20842.0,359217.0,TWSE_RWD_JSON_MI_INDEX,data/daily_price/daily_price_20250206.csv,16.97,17.43,17.7017,18.6971,17.4406,-0.2899,2.994,-4.4444,-9.9476,-15.2709,77635.8,0.2685,22.5,22.5,22.5,15.45,15.45,15.45,-1.3196,-2.834,-8.007,-1.3795,-23.5556,-23.5556,-23.5556,11.3269,11.3269
20250207,1516,川飛,TWSE,17.25,17.3,17.25,17.25,28335.0,489354.0,TWSE_RWD_JSON_MI_INDEX,data/daily_price/daily_price_20250207.csv,17.05,17.3975,17.6742,18.6712,17.4247,0.2907,2.3739,-3.6313,-8.7302,-15.2334,75499.35,0.3753,22.5,22.5,22.5,15.45,15.45,15.45,-0.8478,-2.3999,-7.612,-1.0026,-23.3333,-23.3333,-23.3333,11.6505,11.6505
20250210,1516,川飛,TWSE,17.2,17.8,17.2,17.45,28239.0,488951.0,TWSE_RWD_JSON_MI_INDEX,data/daily_price/daily_price_20250210.csv,17.19,17.3775,17.6525,18.6396,17.4268,1.1594,4.1791,-2.2409,-6.9333,-17.8824,74587.5,0.3786,22.5,22.5,22.5,15.45,15.45,15.45,0.4172,-1.1471,-6.382,0.133,-22.4444,-22.4444,-22.4444,12.945,12.945
20250211,1516,川飛,TWSE,17.4,17.6,17.25,17.45,33527.0,586548.0,TWSE_RWD_JSON_MI_INDEX,data/daily_price/daily_price_20250211.csv,17.32,17.36,17.6308,18.6075,17.4287,0.0,3.869,-1.9663,-6.9333,-18.0751,69584.55,0.4818,22.5,22.5,22.5,15.45,15.45,15.45,0.5184,-1.0257,-6.2206,0.1219,-22.4444,-22.4444,-22.4444,12.945,12.945
20250212,1516,川飛,TWSE,17.4,17.7,17.4,17.5,11131.0,194551.0,TWSE_RWD_JSON_MI_INDEX,data/daily_price/daily_price_20250212.csv,17.37,17.33,17.6133,18.5754,17.4347,0.2865,1.4493,-3.3149,-5.6604,-18.0328,66601.0,0.1671,22.5,22.5,22.5,15.45,15.45,15.45,0.981,-0.6435,-5.7895,0.3746,-22.2222,-22.2222,-22.2222,13.2686,13.2686
20250213,1516,川飛,TWSE,17.5,17.5,17.25,17.25,16247.0,282615.0,TWSE_RWD_JSON_MI_INDEX,data/daily_price/daily_price_20250213.csv,17.38,17.2975,17.5958,18.5429,17.4193,-1.4286,0.2907,-3.6313,-5.7377,-18.4397,65978.75,0.2462,22.5,22.5,22.5,15.45,15.45,15.45,-0.2746,-1.9654,-6.9726,-0.9719,-23.3333,-23.3333,-23.3333,11.6505,11.6505
20250214,1516,川飛,TWSE,17.3,17.35,17.2,17.3,16506.0,285590.0,TWSE_RWD_JSON_MI_INDEX,data/daily_price/daily_price_20250214.csv,17.39,17.2675,17.5808,18.5154,17.4094,0.2899,0.2899,-3.352,-4.9451,-16.0194,65244.65,0.253,22.5,22.5,22.5,15.45,15.45,15.45,0.1882,-1.5974,-6.5643,-0.6281,-23.1111,-23.1111,-23.1111,11.9741,11.9741
20250217,1516,川飛,TWSE,17.3,17.45,17.2,17.2,17755.0,306477.0,TWSE_RWD_JSON_MI_INDEX,data/daily_price/daily_price_20250217.csv,17.34,17.2525,17.5742,18.4892,17.3919,-0.578,-1.4327,-1.7143,-2.2727,-15.4791,59399.85,0.2989,22.5,22.5,22.5,15.45,15.45,15.45,-0.3043,-2.1291,-6.9726,-1.1034,-23.5556,-23.5556,-23.5556,11.3269,11.3269
20250218,1516,川飛,TWSE,17.2,17.5,17.1,17.5,18495.0,319717.0,TWSE_RWD_JSON_MI_INDEX,data/daily_price/daily_price_20250218.csv,17.35,17.28,17.5817,18.4633,17.4009,1.7442,0.2865,3.2448,2.6393,-15.0485,55657.05,0.3323,22.5,22.5,22.5,15.45,15.45,15.45,1.2731,-0.4645,-5.2175,0.5694,-22.2222,-22.2222,-22.2222,13.2686,13.2686
20250219,1516,川飛,TWSE,17.4,17.6,17.4,17.5,23122.0,403746.0,TWSE_RWD_JSON_MI_INDEX,data/daily_price/daily_price_20250219.csv,17.35,17.3675,17.5892,18.4371,17.4092,0.0,0.0,11.1111,2.6393,-15.2542,47501.3,0.4868,22.5,22.5,22.5,15.75,15.45,15.45,0.7629,-0.5069,-5.0826,0.5217,-22.2222,-22.2222,-22.2222,13.2686,13.2686
20250220,1516,川飛,TWSE,17.5,17.5,17.25,17.45,7375.0,128444.0,TWSE_RWD_JSON_MI_INDEX,data/daily_price/daily_price_20250220.csv,17.39,17.41,17.5983,18.4096,17.4126,-0.2857,1.1594,5.1205,3.2544,-15.9036,44929.5,0.1641,22.5,22.5,22.5,16.15,15.45,15.45,0.2298,-0.8429,-5.2124,0.2149,-22.4444,-22.4444,-22.4444,12.945,12.945
20250221,1516,川飛,TWSE,17.7,17.8,17.5,17.6,55991.0,989162.0,TWSE_RWD_CSV_MI_INDEX,data/daily_price/daily_price_20250221.csv,17.45,17.43,17.61,18.3829,17.4282,0.8596,1.7341,2.3256,4.142,-15.3846,45672.2,1.2259,22.5,22.5,22.5,16.3,15.45,15.45,0.9753,-0.0568,-4.2589,0.9858,-21.7778,-21.7778,-21.7778,13.9159,13.9159
20250224,1516,川飛,TWSE,17.65,17.65,17.25,17.4,52843.0,917409.0,TWSE_RWD_JSON_MI_INDEX,data/daily_price/daily_price_20250224.csv,17.49,17.44,17.6217,18.355,17.4258,-1.1364,1.1628,1.1628,4.1916,-16.1446,43879.2,1.2043,22.5,22.5,22.5,16.3,15.45,15.45,-0.2294,-1.2579,-5.2029,-0.1483,-22.6667,-22.6667,-22.6667,12.6214,12.6214
20250225,1516,川飛,TWSE,17.35,17.35,17.3,17.3,40766.0,706686.0,TWSE_RWD_JSON_MI_INDEX,data/daily_price/daily_price_20250225.csv,17.45,17.21,17.6283,18.3225,17.4154,-0.5747,-1.1429,-21.0046,2.3669,-18.3962,31773.8,1.283,17.8,22.5,22.5,16.3,15.45,15.45,0.523,-1.8625,-5.5806,-0.6624,-2.809,-23.1111,-23.1111,11.9741,11.9741
20250226,1516,川飛,TWSE,17.35,17.6,17.35,17.35,28248.0,493763.0,TWSE_RWD_JSON_MI_INDEX,data/daily_price/daily_price_20250226.csv,17.42,17.2525,17.6308,18.2946,17.4099,0.289,-0.8571,5.1515,0.8721,-16.1836,29410.05,0.9605,17.8,22.5,22.5,16.5,15.45,15.45,0.5651,-1.5929,-5.1632,-0.3441,-2.5281,-22.8889,-22.8889,12.2977,12.2977
20250227,1516,川飛,TWSE,17.2,17.5,17.1,17.5,18495.0,319717.0,TWSE_RWD_JSON_MI_INDEX,data/daily_price/daily_price_20250227.csv,17.43,17.2925,17.6333,18.2671,17.4174,0.8646,0.2865,4.7904,0.8646,-15.8654,26817.35,0.6897,17.8,22.5,22.5,16.65,15.45,15.45,1.1999,-0.7561,-4.1993,0.4741,-1.6854,-22.2222,-22.2222,13.2686,13.2686
20250303,1516,川飛,TWSE,17.5,17.5,17.0,17.15,29132.0,499719.0,TWSE_RWD_JSON_MI_INDEX,data/daily_price/daily_price_20250303.csv,17.34,17.3075,17.6175,18.2371,17.3951,-2.0,-2.5568,1.7804,-5.2486,-17.3494,26587.3,1.0957,17.8,22.5,22.5,16.65,15.45,15.45,-0.91,-2.6536,-5.9608,-1.4092,-3.6517,-23.7778,-23.7778,11.0032,11.0032
20250304,1516,川飛,TWSE,17.1,17.35,16.95,17.3,37298.0,640058.0,TWSE_RWD_JSON_MI_INDEX,data/daily_price/daily_price_20250304.csv,17.32,17.335,17.6108,18.2096,17.3872,0.8746,-0.5747,3.2836,-2.2599,-16.0194,26984.35,1.3822,17.8,22.5,22.5,16.8,15.45,15.45,-0.2019,-1.765,-4.9951,-0.5015,-2.809,-23.1111,-23.1111,11.9741,11.9741
20250305,1516,川飛,TWSE,17.4,17.5,17.2,17.25,32635.0,564762.0,TWSE_RWD_JSON_MI_INDEX,data/daily_price/daily_price_20250305.csv,17.31,17.3575,17.605,18.1817,17.3758,-0.289,-0.289,2.6786,-1.9886,-16.2621,27780.55,1.1747,17.8,22.5,22.5,16.95,15.45,15.45,-0.6193,-2.0165,-5.1242,-0.7238,-3.0899,-23.3333,-23.3333,11.6505,11.6505
20250306,1516,川飛,TWSE,17.5,17.5,17.2,17.25,23702.0,410279.0,TWSE_RWD_JSON_MI_INDEX,data/daily_price/daily_price_20250306.csv,17.29,17.3575,17.5958,18.1542,17.3653,0.0,-0.5764,0.0,-3.0899,-16.0584,27034.2,0.8767,17.8,22.5,22.5,16.95,15.45,15.45,-0.6193,-1.9654,-4.9805,-0.6639,-3.0899,-23.3333,-23.3333,11.6505,11.6505
20250307,1516,川飛,TWSE,17.45,17.45,17.2,17.25,31354.0,541192.0,TWSE_RWD_JSON_MI_INDEX,data/daily_price/daily_price_20250307.csv,17.24,17.36,17.5883,18.1263,17.3557,0.0,-1.4286,0.2907,-2.5424,-16.2621,27559.8,1.1377,17.8,22.5,22.5,16.95,15.45,15.45,-0.6336,-1.9236,-4.8341,-0.6089,-3.0899,-23.3333,-23.3333,11.6505,11.6505
20250310,1516,川飛,TWSE,17.25,17.35,17.15,17.25,31175.0,538029.0,TWSE_RWD_JSON_MI_INDEX,data/daily_price/daily_price_20250310.csv,17.26,17.36,17.5817,18.1,17.3469,0.0,0.5831,0.0,-2.2663,-15.4412,27701.8,1.1254,17.8,22.5,22.5,16.95,15.45,15.45,-0.6336,-1.8864,-4.6961,-0.5585,-3.0899,-23.3333,-23.3333,11.6505,11.6505
20250311,1516,川飛,TWSE,17.2,17.45,17.0,17.45,117712.0,2034653.0,TWSE_RWD_JSON_MI_INDEX,data/daily_price/daily_price_20250311.csv,17.29,17.36,17.5775,18.0812,17.3555,1.1594,0.8671,0.0,-1.4124,-11.4213,32175.45,3.6584,17.8,22.5,22.5,16.95,15.45,15.45,0.5184,-0.7254,-3.4912,0.5447,-1.9663,-22.4444,-22.4444,12.945,12.945
20250312,1516,川飛,TWSE,16.5,17.2,16.45,16.75,449245.0,7540445.0,TWSE_RWD_JSON_MI_INDEX,data/daily_price/daily_price_20250312.csv,17.19,17.325,17.5558,18.0554,17.305,-4.0115,-2.8986,-4.0115,-7.2022,-15.6171,52961.35,8.4825,17.8,22.5,22.5,16.45,15.45,15.45,-3.3189,-4.5901,-7.2301,-3.2072,-5.8989,-25.5556,-25.5556,8.4142,8.4142
20250313,1516,川飛,TWSE,16.8,16.85,15.75,15.8,442489.0,7196523.0,TWSE_RWD_JSON_MI_INDEX,data/daily_price/daily_price_20250313.csv,16.9,17.24,17.52,18.0221,17.1796,-5.6716,-8.4058,-9.7143,-11.9777,-20.202,74529.25,5.9371,17.8,22.5,22.5,15.75,15.45,15.45,-8.3527,-9.8174,-12.3298,-8.0304,-11.236,-29.7778,-29.7778,2.2654,2.2654
20250314,1516,川飛,TWSE,16.1,16.2,16.0,16.15,114313.0,1841149.0,TWSE_RWD_JSON_MI_INDEX,data/daily_price/daily_price_20250314.csv,16.68,17.185,17.49,17.9925,17.0938,2.2152,-6.3768,-6.3768,-10.0279,-18.0203,79432.55,1.4391,17.8,22.5,22.5,15.75,15.45,15.45,-6.0227,-7.6615,-10.2404,-5.5213,-9.2697,-28.2222,-28.2222,4.5307,4.5307
20250317,1516,川飛,TWSE,16.15,16.8,16.15,16.65,159274.0,2644527.0,TWSE_RWD_JSON_MI_INDEX,data/daily_price/daily_price_20250317.csv,16.56,17.1525,17.4717,17.97,17.0568,3.096,-3.4783,-3.7572,-6.1972,-13.9535,86570.95,1.8398,17.8,22.5,22.5,15.75,15.45,15.45,-2.9296,-4.7029,-7.3456,-2.385,-6.4607,-26.0,-26.0,7.767,7.767
20250318,1516,川飛,TWSE,16.65,16.7,16.45,16.5,36970.0,610647.0,TWSE_RWD_JSON_MI_INDEX,data/daily_price/daily_price_20250318.csv,16.37,17.1175,17.4567,17.9558,17.0104,-0.9009,-5.4441,-4.0698,-5.1724,-9.3407,87531.7,0.4224,17.8,22.5,22.5,15.75,15.45,15.45,-3.6074,-5.4802,-8.1079,-3.0006,-7.3034,-26.6667,-26.6667,6.7961,6.7961
20250319,1516,川飛,TWSE,16.5,16.75,16.4,16.75,98020.0,1620141.0,TWSE_RWD_JSON_MI_INDEX,data/daily_price/daily_price_20250319.csv,16.37,17.08,17.4417,17.9421,16.9887,1.5152,0.0,-4.2857,-5.0992,-8.9674,91507.95,1.0712,17.8,22.5,22.5,15.75,15.45,15.45,-1.9321,-3.9656,-6.6441,-1.4051,-5.8989,-25.5556,-25.5556,8.4142,8.4142
20250320,1516,川飛,TWSE,16.75,16.8,16.65,16.75,58842.0,983112.0,TWSE_RWD_JSON_MI_INDEX,data/daily_price/daily_price_20250320.csv,16.56,17.0425,17.425,17.9262,16.9688,0.0,6.0127,-4.2857,-5.6338,-10.1877,93293.95,0.6307,17.8,22.5,22.5,15.75,15.45,15.45,-1.7163,-3.8737,-6.5616,-1.2895,-5.8989,-25.5556,-25.5556,8.4142,8.4142
20250321,1516,川飛,TWSE,16.9,16.9,16.55,16.8,89393.0,1495202.0,TWSE_RWD_JSON_MI_INDEX,data/daily_price/daily_price_20250321.csv,16.69,17.01,17.4033,17.9104,16.9548,0.2985,4.0248,-3.7249,-7.1823,-10.1604,97394.85,0.9178,17.8,22.5,22.5,15.75,15.45,15.45,-1.2346,-3.4668,-6.1998,-0.9127,-5.618,-25.3333,-25.3333,8.7379,8.7379
20250324,1516,川飛,TWSE,16.45,16.5,16.45,16.45,32518.0,534993.0,TWSE_RWD_JSON_MI_INDEX,data/daily_price/daily_price_20250324.csv,16.65,16.9525,17.3767,17.8917,16.9127,-2.0833,-1.2012,-6.5341,-8.8643,-12.0321,96221.2,0.338,17.65,22.5,22.5,15.75,15.45,15.45,-2.9642,-5.3328,-8.0578,-2.7357,-6.7989,-26.8889,-26.8889,6.4725,6.4725
20250325,1516,川飛,TWSE,16.4,16.4,16.05,16.05,49742.0,811681.0,TWSE_RWD_JSON_MI_INDEX,data/daily_price/daily_price_20250325.csv,16.56,16.885,17.3392,17.8675,16.8408,-2.4316,-2.7273,-7.7586,-12.2951,-15.3034,96066.15,0.5178,17.6,22.5,22.5,15.75,15.45,15.45,-4.9452,-7.435,-10.1721,-4.6957,-8.8068,-28.6667,-28.6667,3.8835,3.8835
20250326,1516,川飛,TWSE,16.3,16.3,16.0,16.1,34806.0,559319.0,TWSE_RWD_JSON_MI_INDEX,data/daily_price/daily_price_20250326.csv,16.43,16.825,17.3058,17.8446,16.7791,0.3115,-3.8806,-6.9364,-11.0497,-14.5889,95768.15,0.3634,17.6,22.5,22.5,15.75,15.45,15.45,-4.3091,-6.9678,-9.7765,-4.0471,-8.5227,-28.4444,-28.4444,4.2071,4.2071
20250327,1516,川飛,TWSE,15.85,15.9,15.6,15.65,79234.0,1241806.0,TWSE_RWD_JSON_MI_INDEX,data/daily_price/daily_price_20250327.csv,16.21,16.74,17.265,17.8171,16.685,-2.795,-6.5672,-9.7983,-13.5359,-17.4142,98317.45,0.8059,17.5,22.5,22.5,15.6,15.45,15.45,-6.5114,-9.3542,-12.163,-6.203,-10.5714,-30.4444,-30.4444,1.2945,1.2945
20250328,1516,川飛,TWSE,15.65,15.65,14.8,15.15,127501.0,1927808.0,TWSE_RWD_JSON_MI_INDEX,data/daily_price/daily_price_20250328.csv,15.88,16.6225,17.2142,17.7829,16.5571,-3.1949,-9.8214,-13.4286,-16.7582,-21.2987,103767.75,1.2287,17.5,22.5,22.5,14.8,14.8,14.8,-8.8585,-11.9911,-14.8059,-8.4983,-13.4286,-32.6667,-32.6667,2.3649,2.3649
20250331,1516,川飛,TWSE,14.25,14.85,14.2,14.35,136626.0,1956414.0,TWSE_RWD_JSON_MI_INDEX,data/daily_price/daily_price_20250331.csv,15.46,16.4825,17.1508,17.7404,16.3731,-5.2805,-12.766,-16.3265,-20.9366,-26.2211,109142.45,1.2518,17.5,22.5,22.5,14.2,14.2,14.2,-12.938,-16.3306,-19.1113,-12.3565,-18.0,-36.2222,-36.2222,1.0563,1.0563
20250401,1516,川飛,TWSE,14.25,14.55,14.2,14.35,37784.0,542415.0,TWSE_RWD_JSON_MI_INDEX,data/daily_price/daily_price_20250401.csv,15.12,16.335,17.0858,17.6992,16.2045,0.0,-10.5919,-17.052,-21.3699,-25.6477,109166.75,0.3461,17.5,22.5,22.5,14.2,14.2,14.2,-12.1518,-16.0123,-18.9227,-11.4446,-18.0,-36.2222,-36.2222,1.0563,1.0563
20250402,1516,川飛,TWSE,14.35,15.75,14.3,15.75,307355.0,4773853.0,TWSE_RWD_JSON_MI_INDEX,data/daily_price/daily_price_20250402.csv,15.05,16.26,17.045,17.6683,16.1667,9.7561,-2.1739,-8.6957,-13.4615,-19.0231,122902.75,2.5008,17.5,22.5,22.5,14.2,14.2,14.2,-3.1365,-7.5975,-10.8575,-2.5773,-10.0,-30.0,-30.0,10.9155,10.9155
20250407,1516,川飛,listed,14.2,14.85,14.2,14.2,372573.0,5310577.0,,data/daily_price/20250407.csv,14.76,16.1075,16.9783,17.6271,16.0028,-9.8413,-9.2652,-17.6812,-21.978,-25.8486,140346.3,2.6547,17.45,22.5,22.5,14.2,14.2,14.2,-11.8423,-16.364,-19.4421,-11.2654,-18.6246,-36.8889,-36.8889,0.0,0.0
20250408,1516,川飛,listed,14.0,14.35,13.4,14.3,216238.0,3030788.0,,data/daily_price/20250408.csv,14.59,15.96,16.9167,17.5867,15.8609,0.7042,-5.6106,-17.1014,-20.5556,-25.3264,149590.5,1.4455,17.45,22.5,22.5,13.4,13.4,13.4,-10.401,-15.468,-18.6884,-9.8411,-18.0516,-36.4444,-36.4444,6.7164,6.7164
20250409,1516,川飛,listed,14.3,14.5,13.1,13.9,194518.0,2705271.0,,data/daily_price/20250409.csv,14.5,15.7925,16.85,17.5454,15.6975,-2.7972,-3.1359,-19.4203,-22.3464,-26.2599,157757.65,1.233,17.45,22.5,22.5,13.1,13.1,13.1,-11.9835,-17.5074,-20.777,-11.4507,-20.3438,-38.2222,-38.2222,6.1069,6.1069
20250410,1516,川飛,listed,14.0,15.25,14.0,15.25,492701.0,7368630.0,,data/daily_price/20250410.csv,14.68,15.6825,16.8067,17.515,15.6602,9.7122,6.2718,-12.6074,-14.5658,-19.3122,176507.1,2.7914,17.2,22.5,22.5,13.1,13.1,13.1,-2.7579,-9.2622,-12.9318,-2.6193,-11.3372,-32.2222,-32.2222,16.4122,16.4122
20250414,1516,川飛,listed,16.45,16.45,15.05,15.15,66676.0,1042839.0,,data/daily_price/20250414.csv,14.56,15.6025,16.7625,17.485,15.6177,-0.6557,-3.8095,-9.5522,-14.8876,-19.2,157378.65,0.4237,16.9,22.5,22.5,13.1,13.1,13.1,-2.9002,-9.6197,-13.3543,-2.9945,-10.355,-32.6667,-32.6667,15.6489,15.6489
20250415,1516,川飛,listed,15.05,15.05,14.1,14.6,303117.0,4383708.0,,data/daily_price/20250415.csv,14.64,15.5425,16.7042,17.4517,15.5329,-3.6304,2.8169,-7.5949,-19.337,-21.5054,150410.05,2.0153,16.9,22.5,22.5,13.1,13.1,13.1,-6.064,-12.5967,-16.3404,-6.0057,-13.6095,-35.1111,-35.1111,11.4504,11.4504
20250416,1516,川飛,listed,14.6,14.6,14.25,14.5,49277.0,706932.0,,data/daily_price/20250416.csv,14.68,15.46,16.6475,17.4196,15.4468,-0.6849,1.3986,-10.2167,-18.9944,-20.9809,147158.25,0.3349,16.9,22.5,22.5,13.1,13.1,13.1,-6.2096,-12.8998,-16.7604,-6.1294,-14.2012,-35.5556,-35.5556,10.687,10.687
20250417,1516,川飛,listed,14.1,14.55,14.1,14.15,28311.0,404729.0,,data/daily_price/20250417.csv,14.73,15.335,16.585,17.385,15.3387,-2.4138,1.7986,-15.015,-20.9497,-22.6776,140610.1,0.2013,16.9,22.5,22.5,13.1,13.1,13.1,-7.7274,-14.6819,-18.608,-7.7498,-16.2722,-37.1111,-37.1111,8.0153,8.0153
20250418,1516,川飛,listed,14.05,14.5,13.9,14.2,111134.0,1558096.0,,data/daily_price/20250418.csv,14.52,15.22,16.53,17.3508,15.2438,0.3534,-6.8852,-13.9394,-18.8571,-22.4044,144318.3,0.7701,16.9,22.5,22.5,13.1,13.1,13.1,-6.7017,-14.0956,-18.1596,-6.8476,-15.9763,-36.8889,-36.8889,8.3969,8.3969
20250421,1516,川飛,listed,14.1,14.3,14.0,14.0,13229.0,186066.0,,data/daily_price/20250421.csv,14.29,15.0825,16.4808,17.3142,15.1402,-1.4085,-7.5908,-16.4179,-17.4041,-23.913,140078.75,0.0944,16.9,22.5,22.5,13.1,13.1,13.1,-7.1772,-15.0528,-19.1414,-7.5308,-17.1598,-37.7778,-37.7778,6.8702,6.8702
20250422,1516,川飛,listed,13.95,14.3,13.95,14.1,19422.0,272734.0,,data/daily_price/20250422.csv,14.19,14.95,16.4533,17.2779,15.0535,0.7143,-3.4247,-15.8209,-10.4762,-23.5772,138107.75,0.1406,16.9,22.5,22.5,13.1,13.1,13.1,-5.6856,-14.3031,-18.3929,-6.3341,-16.568,-37.3333,-37.3333,7.6336,7.6336
20250423,1516,川飛,listed,14.3,14.55,14.15,14.4,28123.0,401739.0,,data/daily_price/20250423.csv,14.17,14.83,16.4167,17.2433,14.999,2.1277,-0.6897,-14.2857,-13.253,-22.372,135044.25,0.2083,16.5,22.5,22.5,13.1,13.1,13.1,-2.8995,-12.2843,-16.4895,-3.9938,-12.7273,-36.0,-36.0,9.9237,9.9237
20250424,1516,川飛,listed,14.45,14.5,14.25,14.5,77130.0,1103617.0,,data/daily_price/20250424.csv,14.24,14.7325,16.3717,17.1942,14.9575,0.6944,2.4735,-11.8541,-15.6977,-28.9216,137274.85,0.5619,16.45,22.5,22.5,13.1,13.1,13.1,-1.5781,-11.4324,-15.6691,-3.0584,-11.8541,-35.5556,-35.5556,10.687,10.687
20250425,1516,川飛,listed,14.5,14.85,14.3,14.4,27220.0,392102.0,,data/daily_price/20250425.csv,14.28,14.65,16.325,17.1496,14.911,-0.6897,1.4085,-10.2804,-16.2791,-27.0886,136148.75,0.1999,16.45,22.5,22.5,13.1,13.1,13.1,-1.7065,-11.7917,-16.0329,-3.427,-12.462,-36.0,-36.0,9.9237,9.9237
20250428,1516,川飛,listed,14.4,14.45,13.95,14.35,28486.0,403862.0,,data/daily_price/20250428.csv,14.35,14.5625,16.1992,17.1046,14.8642,-0.3472,2.5,-10.8696,-34.4749,-27.3418,135832.75,0.2097,16.45,17.8,22.5,13.1,13.1,13.1,-1.4592,-11.4152,-16.1044,-3.4596,-12.766,-19.382,-36.2222,9.542,9.542
20250429,1516,川飛,listed,14.2,15.45,14.2,15.2,278704.0,4199071.0,,data/daily_price/20250429.csv,14.57,14.54,16.1775,17.0692,14.8922,5.9233,7.8014,-2.8754,-7.8788,-21.8509,145806.25,1.9115,16.45,17.8,22.5,13.1,13.1,13.1,4.5392,-6.0423,-10.9505,2.0667,-7.5988,-14.6067,-32.4444,16.0305,16.0305
20250430,1516,川飛,listed,15.2,15.2,14.75,14.9,102405.0,1537536.0,,data/daily_price/20250430.csv,14.67,14.5275,16.1475,17.0317,14.8929,-1.9737,3.4722,-1.6502,-10.7784,-23.1959,144551.45,0.7084,16.45,17.8,22.5,13.1,13.1,13.1,2.5641,-7.7257,-12.5159,0.0478,-9.4225,-16.2921,-33.7778,13.7405,13.7405
20250502,1516,川飛,listed,14.9,15.6,14.9,15.5,91079.0,1398657.0,,data/daily_price/20250502.csv,14.87,14.585,16.125,16.9987,14.9435,4.0268,6.8966,8.0139,-8.0119,-20.3085,142274.1,0.6402,16.45,17.8,22.5,13.1,13.1,13.1,6.2736,-3.876,-8.8168,3.7242,-5.7751,-12.9213,-31.1111,18.3206,18.3206
20250505,1516,川飛,listed,15.5,15.5,15.05,15.1,29392.0,446131.0,,data/daily_price/20250505.csv,15.01,14.6225,16.0975,16.9638,14.9565,-2.5806,4.8611,5.2265,-9.8507,-21.7617,141854.5,0.2072,16.45,17.8,22.5,13.1,13.1,13.1,3.2655,-6.1966,-10.9867,0.9594,-8.2067,-15.1685,-32.8889,15.2672,15.2672
20250506,1516,川飛,listed,15.1,15.35,15.0,15.1,34303.0,518230.0,,data/daily_price/20250506.csv,15.16,14.59,16.0692,16.9204,14.9685,0.0,5.2265,-4.127,-10.119,-25.6158,128201.9,0.2676,16.45,17.8,22.5,13.1,13.1,13.1,3.4955,-6.0312,-10.7587,0.8787,-8.2067,-15.1685,-32.8889,15.2672,15.2672
20250507,1516,川飛,listed,14.95,15.25,14.95,14.95,9177.0,137745.0,,data/daily_price/20250507.csv,15.11,14.6275,16.0308,16.8821,14.9669,-0.9934,-1.6447,5.2817,-13.3333,-23.5294,110032.1,0.0834,16.45,17.8,22.5,13.1,13.1,13.1,2.2048,-6.7422,-11.4446,-0.1131,-9.1185,-16.0112,-33.5556,14.1221,14.1221
20250508,1516,川飛,listed,16.4,16.4,16.4,16.4,221399.0,3630932.0,,data/daily_price/20250508.csv,15.41,14.7325,16.0175,16.8596,15.0864,9.699,10.0671,14.6853,-4.6512,-14.1361,110290.15,2.0074,16.45,17.8,22.5,13.1,13.1,13.1,11.3185,2.388,-2.7259,8.7075,-0.304,-7.8652,-27.1111,25.1908,25.1908
20250509,1516,川飛,listed,17.35,18.0,16.8,18.0,1006912.0,17922189.0,,data/daily_price/20250509.csv,15.91,14.9375,16.03,16.8521,15.3292,9.7561,16.129,29.4964,4.3478,-4.7619,150909.85,6.6723,18.0,18.0,22.5,13.9,13.1,13.1,20.5021,12.2895,6.8117,17.4233,0.0,0.0,-20.0,37.4046,37.4046
20250512,1516,川飛,listed,17.8,18.45,17.45,18.45,672312.0,12197610.0,,data/daily_price/20250512.csv,16.58,15.0975,16.0467,16.8496,15.5892,2.5,22.1854,20.9836,5.7307,-1.6,159890.4,4.2048,18.45,18.45,22.5,13.9,13.1,13.1,22.2057,14.9771,9.4983,18.351,0.0,0.0,-18.0,40.8397,40.8397
20250513,1516,川飛,listed,18.45,18.7,18.2,18.2,566819.0,10348865.0,,data/daily_price/20250513.csv,17.2,15.25,16.0592,16.845,15.8068,-1.355,20.5298,20.132,4.298,-2.9333,184897.55,3.0656,18.7,18.7,22.5,13.9,13.1,13.1,19.3443,13.3309,8.0439,15.1404,-2.6738,-2.6738,-19.1111,38.9313,38.9313
20250514,1516,川飛,listed,18.2,18.4,18.2,18.2,236012.0,4303283.0,,data/daily_price/20250514.csv,17.85,15.43,16.0708,16.8421,16.0062,0.0,21.7391,24.6575,4.0,-1.8868,181542.3,1.3,18.7,18.7,22.5,13.9,13.1,13.1,17.952,13.2486,8.0626,13.7058,-2.6738,-2.6738,-19.1111,38.9313,38.9313
20250515,1516,川飛,listed,18.25,18.55,18.25,18.3,251864.0,4619820.0,,data/daily_price/20250515.csv,18.23,15.62,16.0883,16.8421,16.1974,0.5495,11.5854,26.2069,6.087,0.0,191671.65,1.314,18.7,18.7,22.5,13.9,13.1,13.1,17.1575,13.747,8.6564,12.9813,-2.139,-2.139,-18.6667,39.6947,39.6947
20250516,1516,川飛,listed,18.3,18.6,18.3,18.55,166000.0,3066383.0,,data/daily_price/20250516.csv,18.34,15.84,16.1092,16.845,16.3934,1.3661,3.0556,31.0954,7.2254,1.9231,198556.1,0.836,18.7,18.7,22.5,13.9,13.1,13.1,17.1086,15.1518,10.1217,13.1551,-0.8021,-0.8021,-17.5556,41.6031,41.6031
20250519,1516,川飛,listed,18.55,18.55,18.25,18.25,108288.0,1984311.0,,data/daily_price/20250519.csv,18.3,16.0425,16.1267,16.8504,16.5481,-1.6173,-1.084,28.5211,6.1047,3.6932,198413.8,0.5458,18.7,18.7,22.5,13.95,13.1,13.1,13.7603,13.1666,8.3059,10.2843,-2.4064,-2.4064,-18.8889,39.313,39.313
20250520,1516,川飛,listed,18.7,18.8,18.3,18.5,90629.0,1669267.0,,data/daily_price/20250520.csv,18.36,16.2675,16.1433,16.8625,16.7108,1.3699,1.6484,32.1429,5.7143,8.5044,202283.8,0.448,18.8,18.8,22.5,13.95,13.1,13.1,13.7237,14.5984,9.7109,10.7069,-1.5957,-1.5957,-17.7778,41.2214,41.2214
20250522,1516,川飛,listed,21.7,21.7,20.6,21.25,554651.0,11664787.0,,data/daily_price/20250522.csv,18.97,16.625,16.2058,16.8975,17.0891,14.8649,16.7582,50.7092,21.4286,24.6334,229045.25,2.4216,21.7,21.7,22.5,13.95,13.1,13.1,27.8195,31.1256,25.7582,24.3485,-2.0737,-2.0737,-5.5556,62.2137,62.2137
20250523,1516,川飛,listed,20.95,22.35,20.95,21.65,805982.0,17595065.0,,data/daily_price/20250523.csv,19.64,16.9875,16.2758,16.9371,17.4691,1.8824,18.306,50.3472,24.0688,28.1065,267938.2,3.0081,22.35,22.35,22.5,13.95,13.1,13.1,27.4467,33.0193,27.826,23.9328,-3.132,-3.132,-3.7778,65.2672,65.2672
20250526,1516,川飛,listed,22.1,22.1,21.3,21.6,171583.0,3692024.0,,data/daily_price/20250526.csv,20.25,17.3425,16.3425,16.9762,17.8134,-0.2309,16.442,48.9655,22.7273,27.8107,272660.85,0.6293,22.35,22.35,22.5,13.95,13.1,13.1,24.5495,32.1707,27.2366,21.2572,-3.3557,-3.3557,-4.0,64.8855,64.8855
20250527,1516,川飛,listed,21.6,22.35,21.6,22.0,881299.0,19467886.0,,data/daily_price/20250527.csv,21.0,17.7225,16.4192,17.0204,18.1623,1.8519,20.5479,52.7778,26.4368,31.7365,315364.8,2.7945,22.35,22.35,22.5,13.95,13.1,13.1,24.136,33.9897,29.2565,21.1303,-1.566,-1.566,-2.2222,67.9389,67.9389
20250528,1516,川飛,listed,22.4,22.4,22.1,22.15,292919.0,6489014.0,,data/daily_price/20250528.csv,21.73,18.1125,16.5,17.0642,18.4946,0.6818,19.7297,54.3554,28.0347,31.0651,328586.45,0.8915,22.4,22.4,22.5,14.2,13.1,13.1,22.2912,34.2424,29.8042,19.7648,-1.1161,-1.1161,-1.5556,69.084,69.084
20250529,1516,川飛,listed,22.0,22.2,21.7,22.1,306754.0,6732057.0,,data/daily_price/20250529.csv,21.9,18.4575,16.5792,17.105,18.795,-0.2257,4.0,45.3947,27.3775,28.4884,329988.95,0.9296,22.4,22.4,22.5,14.75,13.1,13.1,19.7345,33.2998,29.202,17.5843,-1.3393,-1.3393,-1.7778,68.7023,68.7023
20250602,1516,川飛,listed,22.0,22.5,20.55,22.2,352142.0,7782851.0,,data/daily_price/20250602.csv,22.01,18.8225,16.6575,17.1454,19.0788,0.4525,2.5404,48.9933,26.8571,27.9539,342475.8,1.0282,22.5,22.5,22.5,14.9,13.1,13.1,17.944,33.2733,29.4807,16.3597,-1.3333,-1.3333,-1.3333,69.4656,69.4656
20250603,1516,川飛,listed,21.45,22.4,21.45,22.2,124678.0,2771013.0,,data/daily_price/20250603.csv,22.13,19.1575,16.7417,17.1796,19.3389,0.0,2.7778,43.2258,29.4461,22.6519,344155.75,0.3623,22.5,22.5,22.5,14.95,13.1,13.1,15.8815,32.6033,29.2232,14.7947,-1.3333,-1.3333,-1.3333,69.4656,69.4656
20250604,1516,川飛,listed,22.2,22.25,22.2,22.2,175639.0,3899418.0,,data/daily_price/20250604.csv,22.17,19.5125,16.8233,17.2171,19.5773,0.0,0.9091,47.0199,28.3237,25.4237,351468.1,0.4997,22.5,22.5,22.5,14.95,13.1,13.1,13.7732,31.9596,28.9417,13.3966,-1.3333,-1.3333,-1.3333,69.4656,69.4656
20250605,1516,川飛,listed,22.5,22.5,22.0,22.2,162405.0,3606579.0,,data/daily_price/20250605.csv,22.18,19.8675,16.9058,17.2554,19.7959,0.0,0.2257,47.0199,28.6957,26.1364,357873.2,0.4538,22.5,22.5,22.5,14.95,13.1,13.1,11.7403,31.3156,28.6553,12.1446,-1.3333,-1.3333,-1.3333,69.4656,69.4656
20250606,1516,川飛,listed,22.2,22.25,22.15,22.2,149745.0,3324127.0,,data/daily_price/20250606.csv,22.2,20.23,16.9883,17.2921,19.9962,0.0,0.4525,48.495,28.6957,24.7191,364901.6,0.4104,22.5,22.5,22.5,16.4,13.1,13.1,9.738,30.6779,28.3824,11.0211,-1.3333,-1.3333,-1.3333,69.4656,69.4656
20250609,1516,川飛,listed,21.95,21.95,20.0,20.0,255862.0,5257446.0,,data/daily_price/20250609.csv,21.76,20.41,17.0342,17.3113,19.9965,-9.9099,-9.9099,21.9512,15.942,12.9944,366624.75,0.6979,22.5,22.5,22.5,16.8,13.1,13.1,-2.0088,17.4111,15.5318,0.0174,-11.1111,-11.1111,-11.1111,52.6718,52.6718
20250610,1516,川飛,listed,18.1,19.4,18.05,18.4,340627.0,6211906.0,,data/daily_price/20250610.csv,21.0,20.43,17.0533,17.3175,19.8635,-8.0,-17.1171,2.2222,6.6667,4.2493,333310.5,1.022,22.5,22.5,22.5,17.45,13.1,13.1,-9.9364,7.8968,6.2509,-7.3677,-18.2222,-18.2222,-18.2222,40.458,40.458
20250611,1516,川飛,listed,18.0,18.7,18.0,18.0,119609.0,2173312.0,,data/daily_price/20250611.csv,20.16,20.4075,17.0625,17.32,19.7082,-2.1739,-18.9189,-2.439,3.1519,1.6949,305675.35,0.3913,22.5,22.5,22.5,18.0,13.1,13.1,-11.7971,5.4945,3.9261,-8.6674,-20.0,-20.0,-20.0,37.4046,37.4046
20250612,1516,川飛,listed,18.0,18.0,17.45,17.95,67643.0,1196985.0,,data/daily_price/20250612.csv,19.31,20.395,17.0825,17.3192,19.5617,-0.2778,-19.1441,-1.3736,7.1642,-0.554,280716.55,0.241,22.5,22.5,22.5,17.45,13.1,13.1,-11.9882,5.0783,3.6424,-8.2389,-20.2222,-20.2222,-20.2222,37.0229,37.0229
20250613,1516,川飛,listed,18.3,18.3,17.65,17.65,60436.0,1079926.0,,data/daily_price/20250613.csv,18.4,20.3675,17.1133,17.3167,19.4024,-1.6713,-20.4955,-3.022,11.7089,-1.6713,271937.75,0.2222,22.5,22.5,22.5,17.45,13.1,13.1,-13.3423,3.136,1.9249,-9.0317,-21.5556,-21.5556,-21.5556,34.7328,34.7328
20250616,1516,川飛,listed,17.8,17.8,16.85,17.1,92290.0,1585252.0,,data/daily_price/20250616.csv,17.82,20.3075,17.1292,17.3096,19.2105,-3.1161,-14.5,-6.5574,5.8824,-4.7354,263959.05,0.3496,22.5,22.5,22.5,16.85,13.1,13.1,-15.7947,-0.1703,-1.2108,-10.9862,-24.0,-24.0,-24.0,30.5344,30.5344
20250617,1516,川飛,listed,17.1,17.85,17.0,17.05,48131.0,831662.0,,data/daily_price/20250617.csv,17.55,20.2325,17.1358,17.3037,19.0305,-0.2924,-7.337,-8.0863,2.4024,-3.9437,258065.6,0.1865,22.5,22.5,22.5,16.85,13.1,13.1,-15.7296,-0.5009,-1.4664,-10.4068,-24.2222,-24.2222,-24.2222,30.1527,30.1527
20250618,1516,川飛,listed,16.85,17.0,16.85,16.9,11563.0,195722.0,,data/daily_price/20250618.csv,17.33,20.165,17.1425,17.2996,18.8529,-0.8798,-6.1111,-7.3973,2.4242,-2.8736,253229.35,0.0457,22.5,22.5,22.5,16.85,13.1,13.1,-16.1914,-1.4146,-2.3098,-10.3587,-24.8889,-24.8889,-24.8889,29.0076,29.0076
20250619,1516,川飛,listed,16.9,17.0,16.6,16.6,49486.0,830310.0,,data/daily_price/20250619.csv,17.06,20.07,17.14,17.2908,18.6652,-1.7751,-7.5209,-10.2703,-0.8955,-5.949,251172.2,0.197,22.5,22.5,22.5,16.6,13.1,13.1,-17.2895,-3.1505,-3.9954,-11.0643,-26.2222,-26.2222,-26.2222,26.7176,26.7176
20250620,1516,川飛,listed,16.6,16.6,16.05,16.05,50732.0,821170.0,,data/daily_price/20250620.csv,16.74,19.81,17.1283,17.2767,18.4472,-3.3133,-9.0652,-24.4706,-4.1791,-9.5775,225976.25,0.2245,22.5,22.5,22.5,16.05,13.1,13.1,-18.9803,-6.2956,-7.1001,-12.9952,-28.6667,-28.6667,-28.6667,22.5191,22.5191
20250623,1516,川飛,listed,16.05,16.2,15.9,15.9,27752.0,444144.0,,data/daily_price/20250623.csv,16.5,19.5225,17.1133,17.2583,18.235,-0.9346,-7.0175,-26.5589,-5.3571,-12.1547,187064.75,0.1484,22.5,22.5,22.5,15.9,13.1,13.1,-18.5555,-7.09,-7.8706,-12.8049,-29.3333,-29.3333,-29.3333,21.374,21.374
20250624,1516,川飛,listed,15.95,16.2,15.9,15.9,60191.0,959243.0,,data/daily_price/20250624.csv,16.27,19.2375,17.1042,17.2404,18.0404,0.0,-6.7449,-26.3889,-3.3435,-11.9114,181495.15,0.3316,22.5,22.5,22.5,15.9,13.1,13.1,-17.3489,-7.0402,-7.7749,-11.8645,-29.3333,-29.3333,-29.3333,21.374,21.374
20250625,1516,川飛,listed,15.8,15.9,15.75,15.9,17158.0,270923.0,,data/daily_price/20250625.csv,16.07,18.9325,17.1017,17.2204,17.862,0.0,-5.9172,-27.7273,-0.9346,-13.1148,138288.1,0.1241,22.5,22.5,22.5,15.75,13.1,13.1,-16.0174,-7.0266,-7.6677,-10.9844,-29.3333,-29.3333,-29.3333,21.374,21.374
20250626,1516,川飛,listed,15.9,16.15,15.9,15.9,13007.0,207964.0,,data/daily_price/20250626.csv,15.93,18.62,17.0983,17.2021,17.6985,0.0,-4.2169,-28.2167,-1.2422,-12.1547,124292.5,0.1046,22.5,22.5,22.5,15.75,13.1,13.1,-14.6079,-7.0085,-7.5693,-10.162,-29.3333,-29.3333,-29.3333,21.374,21.374
20250627,1516,川飛,listed,16.3,16.45,16.0,16.05,33336.0,539546.0,,data/daily_price/20250627.csv,15.93,18.3175,17.105,17.185,17.5611,0.9434,0.0,-27.3756,2.5559,-11.326,110621.6,0.3014,22.5,22.5,22.5,15.75,13.1,13.1,-12.3789,-6.1678,-6.6046,-8.6051,-28.6667,-28.6667,-28.6667,22.5191,22.5191
20250630,1516,川飛,listed,15.75,16.15,15.75,15.9,21758.0,345278.0,,data/daily_price/20250630.csv,15.93,18.0025,17.1175,17.1658,17.4227,-0.9346,0.0,-28.3784,4.9505,-12.6374,94102.4,0.2312,22.5,22.5,22.5,15.75,13.1,13.1,-11.6789,-7.1126,-7.3741,-8.7399,-29.3333,-29.3333,-29.3333,21.374,21.374
20250701,1516,川飛,listed,16.2,16.5,16.2,16.35,33724.0,551379.0,,data/daily_price/20250701.csv,16.02,17.71,17.1508,17.1508,17.3333,2.8302,2.8302,-26.3514,13.9373,-9.9174,89554.7,0.3766,22.5,22.5,22.5,15.75,13.1,13.1,-7.6793,-4.6694,-4.6694,-5.673,-27.3333,-27.3333,-27.3333,24.8092,24.8092
20250702,1516,川飛,listed,15.6,16.1,15.6,15.9,14371.0,229799.0,,data/daily_price/20250702.csv,16.02,17.395,17.1767,17.1312,17.2139,-2.7523,0.0,-28.3784,10.8014,-12.8767,81491.3,0.1764,22.5,22.5,22.5,15.6,13.1,13.1,-8.5944,-7.4326,-7.1872,-7.6327,-29.3333,-29.3333,-29.3333,21.374,21.374
20250703,1516,川飛,listed,15.7,16.0,15.65,15.95,24939.0,392905.0,,data/daily_price/20250703.csv,16.03,17.0825,17.18,17.1125,17.1086,0.3145,0.3145,-28.1532,1.2698,-12.3626,74618.0,0.3342,22.25,22.5,22.5,15.6,13.1,13.1,-6.6296,-7.1595,-6.7933,-6.7718,-28.3146,-29.1111,-29.1111,21.7557,21.7557
20250704,1516,川飛,listed,15.7,15.9,15.35,15.45,114100.0,1777800.0,,data/daily_price/20250704.csv,15.91,16.745,17.2008,17.0896,16.9703,-3.1348,-3.7383,-30.4054,8.8028,-15.1099,72835.75,1.5665,21.95,22.5,22.5,15.35,13.1,13.1,-7.7337,-10.1788,-9.5941,-8.9588,-29.6128,-31.3333,-31.3333,17.9389,17.9389
20250707,1516,川飛,listed,15.8,15.8,15.25,15.6,25077.0,390582.0,,data/daily_price/20250707.csv,15.85,16.525,17.2225,17.0696,16.8562,0.9709,-1.8868,-22.0,9.0909,-13.3333,61296.5,0.4091,19.4,22.5,22.5,15.25,13.1,13.1,-5.5976,-9.4208,-8.6094,-7.4522,-19.5876,-30.6667,-30.6667,19.084,19.084
20250708,1516,川飛,listed,15.55,15.55,15.25,15.25,10007.0,153955.0,,data/daily_price/20250708.csv,15.63,16.3675,17.245,17.0475,16.7223,-2.2436,-6.7278,-17.1196,9.7122,-14.8045,44765.5,0.2235,18.7,22.5,22.5,15.25,13.9,13.1,-6.8276,-11.5686,-10.5441,-8.8044,-18.4492,-32.2222,-32.2222,9.7122,16.4122
20250709,1516,川飛,listed,15.15,15.8,15.15,15.8,7019.0,110243.0,,data/daily_price/20250709.csv,15.61,16.2575,17.2542,17.0304,16.6454,3.6066,-0.6289,-12.2222,3.6066,-11.4846,39136.0,0.1793,18.3,22.5,22.5,15.15,13.9,13.1,-2.8141,-8.4279,-7.2248,-5.0791,-13.6612,-29.7778,-29.7778,13.6691,20.6107
20250710,1516,川飛,listed,15.8,15.8,15.2,15.2,25247.0,386704.0,,data/daily_price/20250710.csv,15.46,16.12,17.255,17.0088,16.525,-3.7975,-4.7022,-15.3203,0.33,-14.6067,37016.2,0.6821,18.3,22.5,22.5,15.15,13.9,13.1,-5.7072,-11.9096,-10.6342,-8.0181,-16.9399,-32.4444,-32.4444,9.3525,16.0305
20250711,1516,川飛,listed,15.2,15.5,15.15,15.15,10066.0,153503.0,,data/daily_price/20250711.csv,15.4,15.995,17.2642,16.9842,16.4104,-0.3289,-1.9417,-14.1643,3.7671,-16.2983,34497.7,0.2918,17.85,22.5,22.5,15.15,13.9,13.1,-5.2829,-12.246,-10.7993,-7.6805,-15.1261,-32.6667,-32.6667,8.9928,15.6489
20250714,1516,川飛,listed,15.1,15.15,15.0,15.0,9176.0,138485.0,,data/daily_price/20250714.csv,15.28,15.89,17.2725,16.96,16.2929,-0.9901,-3.8462,-12.2807,3.4483,-16.2011,30342.0,0.3024,17.85,22.5,22.5,15.0,13.9,13.1,-5.601,-13.1568,-11.5566,-7.9352,-15.9664,-33.3333,-33.3333,7.9137,14.5038
20250715,1516,川飛,listed,15.0,15.0,14.85,14.85,18468.0,274794.0,,data/daily_price/20250715.csv,15.2,15.78,17.2842,16.9346,16.1726,-1.0,-2.623,-12.9032,4.947,-17.0391,28858.85,0.6399,17.0,22.5,22.5,14.85,13.9,13.1,-5.8935,-14.0832,-12.3096,-8.1782,-12.6471,-34.0,-34.0,6.8345,13.3588
20250716,1516,川飛,listed,14.5,14.6,14.5,14.55,32751.0,476258.0,,data/daily_price/20250716.csv,14.95,15.6625,17.29,16.91,16.0374,-2.0202,-7.9114,-13.9053,2.4648,-16.8571,29918.25,1.0947,17.0,22.5,22.5,14.5,13.95,13.1,-7.103,-15.8473,-13.9562,-9.2747,-14.4118,-35.3333,-35.3333,4.3011,11.0687
20250717,1516,川飛,listed,14.65,14.8,14.6,14.7,22922.0,336772.0,,data/daily_price/20250717.csv,14.85,15.5675,17.3017,16.8912,15.926,1.0309,-3.2895,-11.4458,5.0,-13.2743,28590.05,0.8017,16.6,22.5,22.5,14.5,13.95,13.1,-5.5725,-15.0371,-12.9727,-7.6979,-11.4458,-34.6667,-34.6667,5.3763,12.2137
20250718,1516,川飛,listed,14.4,16.15,14.4,16.15,216516.0,3475240.0,,data/daily_price/20250718.csv,15.05,15.5725,17.3358,16.8946,15.9446,9.8639,6.6007,0.6231,14.539,2.5397,36879.25,5.8709,16.5,22.5,22.5,14.4,13.95,13.1,3.7085,-6.8404,-4.4072,1.288,-2.1212,-28.2222,-28.2222,15.7706,23.2824
20250721,1516,川飛,listed,15.85,15.85,14.9,14.9,300204.0,4542111.0,,data/daily_price/20250721.csv,15.03,15.5225,17.3442,16.8804,15.8576,-7.7399,-0.6667,-6.2893,3.4722,-10.241,50501.85,5.9444,16.5,22.5,22.5,14.4,13.95,13.1,-4.0103,-14.0922,-11.732,-6.0386,-9.697,-33.7778,-33.7778,6.81,13.7405
20250722,1516,川飛,listed,15.05,15.05,14.55,14.6,63195.0,932619.0,,data/daily_price/20250722.csv,14.98,15.4575,17.3458,16.8588,15.7528,-2.0134,-1.6835,-8.1761,0.6897,-15.1163,50652.05,1.2476,16.5,22.5,22.5,14.4,13.95,13.1,-5.5475,-15.8299,-13.3981,-7.318,-11.5152,-35.1111,-35.1111,4.6595,11.4504
20250723,1516,川飛,listed,14.75,14.85,14.7,14.8,37308.0,550970.0,,data/daily_price/20250723.csv,15.03,15.4025,17.3525,16.8388,15.6734,1.3699,1.7182,-6.9182,2.7778,-13.9535,51659.55,0.7222,16.5,22.5,22.5,14.4,13.95,13.1,-3.9117,-14.7097,-12.1075,-5.5724,-10.303,-34.2222,-34.2222,6.0932,12.9771
20250724,1516,川飛,listed,14.8,14.8,14.6,14.7,22422.0,329388.0,,data/daily_price/20250724.csv,15.03,15.3425,17.3583,16.7788,15.5923,-0.6757,0.0,-7.5472,2.439,-32.8767,52130.3,0.4301,16.5,22.5,22.5,14.4,14.2,13.1,-4.1877,-15.3145,-12.3892,-5.7225,-10.9091,-34.6667,-34.6667,3.5211,12.2137
20250725,1516,川飛,listed,14.6,14.6,14.45,14.45,61276.0,889128.0,,data/daily_price/20250725.csv,14.69,15.2625,17.3458,16.7617,15.4971,-1.7007,-10.5263,-9.9688,-4.9342,-12.4242,53527.3,1.1448,16.5,22.5,22.5,14.4,14.4,13.1,-5.3235,-16.6947,-13.7914,-6.7566,-12.4242,-35.7778,-35.7778,0.3472,10.3053
20250728,1516,川飛,listed,14.65,14.65,13.9,14.1,153062.0,2158670.0,,data/daily_price/20250728.csv,14.53,15.1725,17.3325,16.74,15.3807,-2.4221,-5.3691,-11.3208,-5.3691,-15.5689,60092.5,2.5471,16.5,22.5,22.5,13.9,13.9,13.1,-7.0687,-18.6499,-15.7706,-8.3264,-14.5455,-37.3333,-37.3333,1.4388,7.6336
20250729,1516,川飛,listed,14.1,14.1,13.9,13.95,51814.0,725814.0,,data/daily_price/20250729.csv,14.4,15.0525,17.3067,16.7158,15.2614,-1.0638,-4.4521,-14.6789,-10.0,-17.2107,60997.0,0.8495,16.15,22.5,22.5,13.9,13.9,13.1,-7.3244,-19.3952,-16.5462,-8.5931,-13.6223,-38.0,-38.0,0.3597,6.4885
20250730,1516,川飛,listed,14.0,14.05,14.0,14.05,49153.0,688444.0,,data/daily_price/20250730.csv,14.25,14.96,17.2892,16.6933,15.1605,0.7168,-5.0676,-11.6352,-6.9536,-16.1194,62736.1,0.7835,16.15,22.5,22.5,13.9,13.9,13.1,-6.0829,-18.7352,-15.8347,-7.3248,-13.0031,-37.5556,-37.5556,1.0791,7.2519
20250731,1516,川飛,listed,14.2,14.2,14.05,14.05,16411.0,231980.0,,data/daily_price/20250731.csv,14.12,14.865,17.2717,16.6704,15.0679,0.0,-4.4218,-11.9122,-6.9536,-16.369,62309.7,0.2634,16.15,22.5,22.5,13.9,13.9,13.1,-5.4827,-18.6529,-15.719,-6.7557,-13.0031,-37.5556,-37.5556,1.0791,7.2519
20250801,1516,川飛,listed,14.05,14.15,14.0,14.15,23415.0,328568.0,,data/daily_price/20250801.csv,14.06,14.8,17.2583,16.6446,14.9914,0.7117,-2.0761,-8.4142,-5.3512,-17.971,57775.45,0.4053,16.15,22.5,22.5,13.9,13.9,13.1,-4.3919,-18.0106,-14.9874,-5.6128,-12.3839,-37.1111,-37.1111,1.7986,8.0153
20250804,1516,川飛,listed,14.05,14.25,14.0,14.15,8095.0,113987.0,,data/daily_price/20250804.csv,14.07,14.7275,17.2208,16.6192,14.9213,0.0,0.3546,-9.2949,-13.7195,-17.7326,56926.35,0.1422,16.15,22.5,22.5,13.9,13.9,13.1,-3.9212,-17.8321,-14.8573,-5.1693,-12.3839,-37.1111,-37.1111,1.7986,8.0153
20250805,1516,川飛,listed,14.15,14.4,14.15,14.35,23140.0,329731.0,,data/daily_price/20250805.csv,14.15,14.6825,17.16,16.595,14.8737,1.4134,2.8674,-5.9016,-20.2778,-16.8116,57583.0,0.4019,16.15,22.5,22.5,13.9,13.9,13.1,-2.2646,-16.3753,-13.5282,-3.5211,-11.1455,-36.2222,-36.2222,3.2374,9.542
20250806,1516,川飛,listed,14.35,14.35,14.2,14.35,24362.0,348450.0,,data/daily_price/20250806.csv,14.21,14.61,17.0917,16.5692,14.8301,0.0,2.1352,-9.1772,-22.2222,-17.765,58450.15,0.4168,16.15,22.5,22.5,13.9,13.9,13.1,-1.7796,-16.041,-13.3934,-3.2372,-11.1455,-36.2222,-36.2222,3.2374,9.542
20250807,1516,川飛,listed,14.25,14.4,14.15,14.3,25551.0,363853.0,,data/daily_price/20250807.csv,14.26,14.565,17.0267,16.5429,14.7859,-0.3484,1.7794,-5.9211,-21.4286,-18.0516,58465.35,0.437,16.15,22.5,22.5,13.9,13.9,13.1,-1.8194,-16.0141,-13.5582,-3.2862,-11.4551,-36.4444,-36.4444,2.8777,9.1603
20250808,1516,川飛,listed,14.3,14.3,14.2,14.2,26037.0,370357.0,,data/daily_price/20250808.csv,14.27,14.5175,16.96,16.5154,14.7371,-0.6993,0.3534,-6.2706,-21.978,-18.8571,59263.9,0.4393,16.15,22.5,22.5,13.9,13.9,13.1,-2.187,-16.2736,-14.0197,-3.6444,-12.0743,-36.8889,-36.8889,2.1583,8.3969
20250811,1516,川飛,listed,14.15,14.3,14.05,14.3,75364.0,1068478.0,,data/daily_price/20250811.csv,14.3,14.4825,16.8933,16.4908,14.7007,0.7042,1.0601,-4.6667,-21.8579,-17.1014,62573.3,1.2044,16.15,22.5,22.5,13.9,13.9,13.1,-1.2601,-15.3512,-13.2852,-2.7254,-11.4551,-36.4444,-36.4444,2.8777,9.1603
20250812,1516,川飛,listed,14.3,14.3,14.2,14.3,16490.0,235355.0,,data/daily_price/20250812.csv,14.29,14.455,16.8225,16.4658,14.6673,0.0,-0.3484,-3.7037,-22.9111,-17.341,62474.4,0.2639,16.15,22.5,22.5,13.9,13.9,13.1,-1.0723,-14.9948,-13.1535,-2.504,-11.4551,-36.4444,-36.4444,2.8777,9.1603
20250813,1516,川飛,listed,14.2,14.2,14.0,14.1,37714.0,530318.0,,data/daily_price/20250813.csv,14.24,14.4325,16.7533,16.44,14.62,-1.3986,-1.7422,-3.0928,-22.7397,-18.0233,62722.55,0.6013,16.15,22.5,22.5,13.9,13.9,13.1,-2.3038,-15.8376,-14.2336,-3.5567,-12.6935,-37.3333,-37.3333,1.4388,7.6336
20250814,1516,川飛,listed,14.15,14.2,14.05,14.1,47131.0,665156.0,,data/daily_price/20250814.csv,14.2,14.4025,16.68,16.4117,14.5767,0.0,-1.3986,-4.0816,-23.7838,-19.4286,63933.0,0.7372,16.15,22.5,22.5,13.9,13.9,13.1,-2.1003,-15.4676,-14.0855,-3.27,-12.6935,-37.3333,-37.3333,1.4388,7.6336
20250815,1516,川飛,listed,14.15,14.15,14.1,14.1,71390.0,1008598.0,,data/daily_price/20250815.csv,14.18,14.3,16.5608,16.3833,14.5369,0.0,-0.7042,-12.6935,-33.6471,-19.4286,56676.7,1.2596,15.85,22.5,22.5,13.9,13.9,13.1,-1.3986,-14.8594,-13.9369,-3.0057,-11.041,-37.3333,-37.3333,1.4388,7.6336
20250818,1516,川飛,listed,14.1,14.15,14.1,14.15,25554.0,361456.0,,data/daily_price/20250818.csv,14.15,14.2625,16.4358,16.3558,14.5047,0.3546,-1.049,-5.0336,-34.642,-18.9112,42944.2,0.5951,15.05,22.5,22.5,13.9,13.9,13.1,-0.7888,-13.9076,-13.4865,-2.4454,-5.9801,-37.1111,-37.1111,1.7986,8.0153
20250819,1516,川飛,listed,13.8,14.15,13.8,14.1,38392.0,535224.0,,data/daily_price/20250819.csv,14.11,14.2375,16.3108,16.3267,14.471,-0.3534,-1.3986,-3.4247,-34.7222,-19.8864,41704.05,0.9206,14.85,22.5,22.5,13.8,13.8,13.1,-0.9658,-13.5544,-13.6382,-2.5635,-5.0505,-37.3333,-37.3333,2.1739,7.6336
20250820,1516,川飛,listed,14.2,14.2,14.1,14.1,9031.0,127788.0,,data/daily_price/20250820.csv,14.11,14.2025,16.1792,16.2992,14.4401,0.0,0.0,-4.7297,-35.9091,-18.9655,40290.2,0.2241,14.8,22.5,22.5,13.8,13.8,13.1,-0.7217,-12.8509,-13.4925,-2.3549,-4.7297,-37.3333,-37.3333,2.1739,7.6336
20250821,1516,川飛,listed,14.1,14.2,14.1,14.2,16588.0,235113.0,,data/daily_price/20250821.csv,14.13,14.1775,16.0467,16.2733,14.4201,0.7092,0.7092,-3.4014,-35.8916,-17.9191,39998.5,0.4147,14.65,22.5,22.5,13.8,13.8,13.1,0.1587,-11.5081,-12.7407,-1.526,-3.0717,-36.8889,-36.8889,2.8986,8.3969
20250822,1516,川飛,listed,14.2,15.6,14.2,14.7,257434.0,3901643.0,,data/daily_price/20250822.csv,14.25,14.19,15.9233,16.2513,14.4434,3.5211,4.2553,1.7301,-33.4842,-15.2738,49806.4,5.1687,15.6,22.5,22.5,13.8,13.8,13.1,3.5941,-7.6826,-9.5454,1.7767,-5.7692,-34.6667,-34.6667,6.5217,12.2137
20250825,1516,川飛,listed,14.3,14.75,14.25,14.3,141132.0,2030543.0,,data/daily_price/20250825.csv,14.28,14.2,15.7917,16.2246,14.4314,-2.7211,1.0601,1.4184,-35.5856,-18.2857,49209.9,2.868,15.6,22.5,22.5,13.8,13.8,13.1,0.7042,-9.4459,-11.8621,-0.9107,-8.3333,-36.4444,-36.4444,3.6232,9.1603
20250826,1516,川飛,listed,14.35,14.5,14.25,14.25,82087.0,1175737.0,,data/daily_price/20250826.csv,14.31,14.215,15.6592,16.2004,14.4163,-0.3497,1.0638,2.1505,-35.8108,-16.9096,50723.55,1.6183,15.6,22.5,22.5,13.8,13.8,13.1,0.2462,-8.999,-12.0393,-1.1536,-8.6538,-36.6667,-36.6667,3.2609,8.7786
20250827,1516,川飛,listed,14.3,14.45,14.25,14.25,54523.0,778853.0,,data/daily_price/20250827.csv,14.34,14.225,15.5267,16.175,14.4025,0.0,1.0638,1.4235,-35.8108,-17.6301,50992.05,1.0692,15.6,22.5,22.5,13.8,13.8,13.1,0.1757,-8.2224,-11.9011,-1.0585,-8.6538,-36.6667,-36.6667,3.2609,8.7786
20250828,1516,川飛,listed,14.3,14.3,14.05,14.05,76520.0,1080326.0,,data/daily_price/20250828.csv,14.31,14.225,15.3908,16.1483,14.3731,-1.4035,-1.0563,0.0,-36.7117,-18.5507,53997.5,1.4171,15.6,22.25,22.5,13.8,13.8,13.1,-1.2302,-8.7119,-12.9941,-2.2478,-9.9359,-36.8539,-37.5556,1.8116,7.2519
20250829,1516,川飛,listed,14.05,14.15,14.05,14.1,30384.0,428325.0,,data/daily_price/20250829.csv,14.19,14.2225,15.2558,16.1221,14.3503,0.3559,-4.0816,-0.3534,-36.4865,-18.2609,54345.95,0.5591,15.6,21.95,22.5,13.8,13.8,13.1,-0.8613,-7.5763,-12.5423,-1.7444,-9.6154,-35.7631,-37.3333,2.1739,7.6336
20250901,1516,川飛,listed,14.1,14.2,13.8,14.15,16618.0,233524.0,,data/daily_price/20250901.csv,14.16,14.2225,15.1583,16.0962,14.3336,0.3546,-1.049,0.0,-29.25,-17.971,54772.1,0.3034,15.6,19.4,22.5,13.8,13.8,13.1,-0.5098,-6.652,-12.0913,-1.2811,-9.2949,-27.0619,-37.1111,2.5362,8.0153
20250902,1516,川飛,listed,14.1,14.1,13.9,13.95,12645.0,176880.0,,data/daily_price/20250902.csv,14.1,14.2025,15.0842,16.0688,14.3017,-1.4134,-2.1053,-2.7875,-24.1848,-19.1304,54247.35,0.2331,15.6,18.7,22.5,13.8,13.8,13.1,-1.7779,-7.5189,-13.1855,-2.4589,-10.5769,-25.4011,-38.0,1.087,6.4885
20250903,1516,川飛,listed,14.3,14.3,13.95,14.0,29160.0,408687.0,,data/daily_price/20250903.csv,14.05,14.185,15.0175,16.04,14.2765,0.3584,-1.7544,-2.439,-22.2222,-19.7708,54487.25,0.5352,15.6,18.3,22.5,13.8,13.8,13.1,-1.3042,-6.7754,-12.7182,-1.9369,-10.2564,-23.4973,-37.7778,1.4493,6.8702
20250904,1516,川飛,listed,14.25,14.5,14.05,14.45,26686.0,382161.0,,data/daily_price/20250904.csv,14.13,14.1925,14.9592,16.0208,14.291,3.2143,2.847,1.049,-19.4986,-13.7313,54544.0,0.4893,15.6,18.3,22.5,13.8,13.8,13.1,1.8143,-3.4037,-9.8049,1.1127,-7.3718,-21.0383,-35.7778,4.7101,10.3053
20250905,1516,川飛,listed,14.4,14.4,13.95,14.05,90192.0,1267557.0,,data/daily_price/20250905.csv,14.12,14.185,14.8992,16.0062,14.2709,-2.7682,-0.3546,-1.0563,-20.3966,-11.0759,57751.75,1.5617,15.6,17.85,22.5,13.8,13.8,13.1,-0.9517,-5.6994,-12.2218,-1.5479,-9.9359,-21.2885,-37.5556,1.8116,7.2519
20250909,1516,川飛,listed,14.2,14.2,14.05,14.1,7800.0,110161.0,,data/daily_price/20250909.csv,14.11,14.175,14.8492,15.9892,14.2567,0.3559,-0.3534,-1.3986,-17.5439,-12.6935,54373.55,0.1435,15.6,17.85,22.5,13.8,13.8,13.1,-0.5291,-5.0452,-11.8153,-1.0988,-9.6154,-21.0084,-37.3333,2.1739,7.6336
20250910,1516,川飛,listed,14.05,14.3,14.05,14.05,16485.0,233220.0,,data/daily_price/20250910.csv,14.13,14.1625,14.7992,15.9675,14.2394,-0.3546,0.7168,-1.7483,-17.5953,-15.6156,54373.3,0.3032,15.6,17.0,22.5,13.8,13.8,13.1,-0.7944,-5.0622,-12.0088,-1.3304,-9.9359,-17.3529,-37.5556,1.8116,7.2519
20250911,1516,川飛,listed,14.05,14.1,13.95,14.0,133915.0,1875980.0,,data/daily_price/20250911.csv,14.13,14.1575,14.7508,15.9467,14.2195,-0.3559,0.0,-0.7092,-17.1598,-15.1515,59183.35,2.2627,15.6,17.0,22.5,13.8,13.8,13.1,-1.1125,-5.0901,-12.2074,-1.5435,-10.2564,-17.6471,-37.7778,1.4493,6.8702
20250917,1516,川飛,listed,15.15,15.3,14.9,15.0,39061.0,588918.0,,data/daily_price/20250917.csv,14.24,14.2025,14.7242,15.9321,14.2845,7.1429,3.8062,6.383,-9.6386,-10.4478,58779.85,0.6645,15.6,16.6,22.5,13.8,13.8,13.1,5.6152,1.8733,-5.8504,5.0087,-3.8462,-9.6386,-33.3333,8.6957,14.5038
20250918,1516,川飛,listed,14.6,15.35,14.6,14.9,32167.0,476670.0,,data/daily_price/20250918.csv,14.41,14.2425,14.705,15.9167,14.3358,-0.6667,6.0498,5.6738,-7.1651,-11.0448,56818.7,0.5661,15.6,16.5,22.5,13.8,13.8,13.1,4.6165,1.3261,-6.3874,3.9355,-4.4872,-9.697,-33.7778,7.971,13.7405
20250919,1516,川飛,listed,14.9,16.25,14.9,15.95,104061.0,1620485.0,,data/daily_price/20250919.csv,14.78,14.3325,14.7058,15.9096,14.4703,7.047,13.1206,12.7208,0.3145,-5.0595,60744.05,1.7131,16.25,16.5,22.5,13.8,13.8,13.1,11.2855,8.4604,0.254,10.2255,-1.8462,-3.3333,-29.1111,15.5797,21.7557
20250922,1516,川飛,listed,15.3,15.8,15.3,15.5,47928.0,745170.0,,data/daily_price/20250922.csv,15.07,14.4025,14.6992,15.9017,14.5561,-2.8213,10.3203,9.9291,-2.5157,-5.7751,61220.85,0.7829,16.25,16.5,22.5,13.8,13.8,13.1,7.6202,5.4482,-2.5259,6.4843,-4.6154,-6.0606,-31.1111,12.3188,18.3206
20250923,1516,川飛,listed,15.35,15.4,15.3,15.4,51281.0,789150.0,,data/daily_price/20250923.csv,15.35,14.4675,14.6908,15.8963,14.6265,-0.6452,10.0,9.2199,-3.1447,-4.0498,63333.35,0.8097,16.25,16.5,22.5,13.8,13.8,13.1,6.4455,4.8273,-3.1218,5.2886,-5.2308,-6.6667,-31.5556,11.5942,17.5573
20250924,1516,川飛,listed,15.4,15.55,15.2,15.2,14067.0,215979.0,,data/daily_price/20250924.csv,15.39,14.5175,14.6792,15.8887,14.6743,-1.2987,1.3333,7.0423,-4.4025,-5.5901,63207.3,0.2226,16.25,16.5,22.5,13.8,13.8,13.1,4.7012,3.5481,-4.3348,3.5828,-6.4615,-7.8788,-32.4444,10.1449,16.0305
20250925,1516,川飛,listed,15.0,15.35,15.0,15.2,9985.0,151383.0,,data/daily_price/20250925.csv,15.45,14.5425,14.665,15.885,14.7181,0.0,2.0134,3.4014,-5.296,-2.8754,50834.85,0.1964,16.25,16.5,22.5,13.8,13.8,13.1,4.5212,3.6481,-4.3122,3.2744,-6.4615,-7.8788,-32.4444,10.1449,16.0305
20250926,1516,川飛,listed,15.5,15.5,15.2,15.2,44077.0,670456.0,,data/daily_price/20250926.csv,15.3,14.5875,14.6533,15.8854,14.7582,0.0,-4.7022,6.2937,-4.4025,0.33,45982.1,0.9586,16.25,16.5,22.5,13.8,13.8,13.1,4.1988,3.7307,-4.3148,2.9934,-6.4615,-7.8788,-32.4444,10.1449,16.0305
20250930,1516,川飛,listed,15.0,15.15,15.0,15.1,14435.0,217012.0,,data/daily_price/20250930.csv,15.22,14.63,14.6325,15.8917,14.7867,-0.6579,-2.5806,5.9649,-7.6453,5.2265,42599.5,0.3389,16.25,16.25,22.5,13.8,13.8,13.1,3.2126,3.1949,-4.9816,2.1187,-7.0769,-7.0769,-32.8889,9.4203,15.2672
20251001,1516,川飛,listed,15.25,15.3,15.0,15.0,36939.0,560752.0,,data/daily_price/20251001.csv,15.14,14.6675,14.6175,15.8971,14.8045,-0.6623,-2.5974,5.2632,-5.6604,4.5296,41720.3,0.8854,16.25,16.25,22.5,13.8,13.8,13.1,2.2669,2.6167,-5.6431,1.3207,-7.6923,-7.6923,-33.3333,8.6957,14.5038
20251002,1516,川飛,listed,15.0,15.5,14.8,15.25,36994.0,559334.0,,data/daily_price/20251002.csv,15.15,14.7275,14.6058,15.8929,14.8416,1.6667,0.3289,8.5409,-4.3887,-3.1746,39744.0,0.9308,16.25,16.25,22.5,13.8,13.8,13.1,3.5478,4.4103,-4.0453,2.7517,-6.1538,-6.1538,-32.2222,10.5072,16.4122
20251003,1516,川飛,listed,15.2,15.4,15.1,15.3,40010.0,612508.0,,data/daily_price/20251003.csv,15.17,14.7875,14.6033,15.9021,14.8798,0.3279,0.6579,8.5106,-0.9709,7.7465,40225.3,0.9946,16.25,16.25,22.5,13.8,13.8,13.1,3.4658,4.7706,-3.7862,2.8239,-5.8462,-5.8462,-32.0,10.8696,16.7939
20251007,1516,川飛,listed,15.45,16.8,15.4,16.4,224494.0,3646410.0,,data/daily_price/20251007.csv,15.41,14.9,14.6167,15.9196,15.0065,7.1895,7.8947,15.9011,5.1282,14.6853,50619.1,4.435,16.8,16.8,22.5,13.9,13.8,13.1,10.0671,12.2007,3.0178,9.286,-2.381,-2.381,-27.1111,18.8406,25.1908
20251008,1516,川飛,listed,16.6,18.0,16.3,18.0,602079.0,10537327.0,,data/daily_price/20251008.csv,15.99,15.1025,14.6625,15.9538,15.2559,9.7561,19.2053,29.0323,18.0328,29.4964,80090.8,7.5175,18.0,18.0,22.5,13.95,13.8,13.8,19.1856,22.7621,12.8261,17.9868,0.0,0.0,-20.0,30.4348,30.4348
20251009,1516,川飛,listed,18.1,19.5,16.8,16.95,640289.0,11605939.0,,data/daily_price/20251009.csv,16.38,15.25,14.6817,15.9679,15.3971,-5.8333,13.0,21.0714,7.2785,11.1475,110647.25,5.7868,19.5,19.5,22.5,13.95,13.8,13.8,11.1475,15.4501,6.1504,10.0855,-13.0769,-13.0769,-24.6667,22.8261,22.8261
20251013,1516,川飛,listed,16.95,17.95,16.55,17.55,261647.0,4560645.0,,data/daily_price/20251013.csv,16.84,15.405,14.7208,15.9879,15.5765,3.5398,15.082,21.4533,15.4605,15.8416,122395.3,2.1377,19.5,19.5,22.5,13.95,13.8,13.8,13.9241,19.2188,9.7704,12.6695,-10.0,-10.0,-22.0,27.1739,27.1739
20251014,1516,川飛,listed,17.65,18.0,17.6,18.0,141132.0,2517656.0,,data/daily_price/20251014.csv,17.38,15.6025,14.7683,16.0162,15.7785,2.5641,17.6471,28.1139,18.8119,23.2877,124942.3,1.1296,19.5,19.5,22.5,13.95,13.8,13.8,15.3661,21.8824,12.3859,14.0794,-7.6923,-7.6923,-20.0,30.4348,30.4348
20251016,1516,川飛,listed,18.7,18.7,18.1,18.2,161965.0,2948614.0,,data/daily_price/20251016.csv,17.74,15.8075,14.8217,16.0471,15.9803,1.1111,10.9756,29.078,21.3333,25.5172,132650.55,1.221,19.5,19.5,22.5,13.95,13.8,13.8,15.1352,22.7932,13.4162,13.8904,-6.6667,-6.6667,-19.1111,31.8841,31.8841
20251020,1516,川飛,listed,18.75,19.1,17.95,18.05,121807.0,2262060.0,,data/daily_price/20251020.csv,17.75,16.0075,14.875,16.0796,16.1528,-0.8242,0.2778,28.4698,21.5488,27.5618,137916.65,0.8832,19.5,19.5,22.5,13.95,13.8,13.8,12.7596,21.3445,12.2542,11.7457,-7.4359,-7.4359,-19.7778,30.7971,30.7971
20251021,1516,川飛,listed,18.15,19.5,18.0,19.4,222656.0,4277823.0,,data/daily_price/20251021.csv,18.24,16.2775,14.9558,16.1229,16.4234,7.4792,14.4543,38.5714,33.3333,36.6197,142353.7,1.5641,19.5,19.5,22.5,14.6,13.8,13.8,19.1829,29.7153,20.3256,18.1244,-0.5128,-0.5128,-13.7778,40.5797,40.5797
20251022,1516,川飛,listed,19.0,19.35,18.3,19.3,35997.0,680144.0,,data/daily_price/20251022.csv,18.59,16.4925,15.0325,16.1671,16.6631,-0.5155,9.9715,28.6667,31.2925,37.8571,142200.5,0.2531,19.5,19.5,22.5,14.6,13.8,13.8,17.0229,28.3885,19.3784,15.8249,-1.0256,-1.0256,-14.2222,39.8551,39.8551
20251023,1516,川飛,listed,19.3,19.3,18.5,18.75,107444.0,2022697.0,,data/daily_price/20251023.csv,18.74,16.685,15.0758,16.2058,16.837,-2.8497,4.1667,25.8389,16.0991,32.9787,145964.35,0.7361,19.5,19.5,22.5,14.8,13.8,13.8,12.3764,24.3712,15.6991,11.362,-3.8462,-3.8462,-16.6667,35.8696,35.8696
20251027,1516,川飛,listed,18.75,18.8,18.0,18.15,69347.0,1272330.0,,data/daily_price/20251027.csv,18.73,16.795,15.13,16.2371,16.9464,-3.2,-0.2747,13.7931,21.8121,26.0417,144228.65,0.4808,19.5,19.5,22.5,14.8,13.8,13.8,8.0679,19.9603,11.7812,7.1024,-6.9231,-6.9231,-19.3333,31.5217,31.5217
20251028,1516,川飛,listed,18.35,18.35,17.0,17.6,126817.0,2253663.0,,data/daily_price/20251028.csv,18.64,16.9,15.18,16.2629,17.0009,-3.0303,-2.4931,13.5484,20.5479,21.3793,148173.1,0.8559,19.5,19.5,22.5,14.8,13.8,13.8,4.142,15.942,8.2217,3.5241,-9.7436,-9.7436,-21.7778,27.5362,27.5362
20251029,1516,川飛,listed,17.4,17.4,16.35,16.7,237963.0,4001297.0,,data/daily_price/20251029.csv,18.1,16.965,15.2117,16.2821,16.9758,-5.1136,-13.9175,8.4416,12.8378,15.9722,157507.2,1.5108,19.5,19.5,22.5,14.8,13.8,13.8,-1.562,9.7842,2.5667,-1.6247,-14.359,-14.359,-25.7778,21.0145,21.0145
20251030,1516,川飛,listed,16.6,17.1,16.0,16.4,114260.0,1875692.0,,data/daily_price/20251030.csv,17.52,17.025,15.24,16.2992,16.9278,-1.7964,-15.0259,7.8947,11.5646,14.2857,162516.85,0.7031,19.5,19.5,22.5,14.8,13.8,13.8,-3.6711,7.6115,0.6186,-3.118,-15.8974,-15.8974,-27.1111,18.8406,18.8406
20251031,1516,川飛,listed,16.4,16.7,16.3,16.3,56207.0,924373.0,,data/daily_price/20251031.csv,17.03,17.08,15.2708,16.3083,16.8755,-0.6098,-13.0667,7.2368,12.8028,7.2368,164827.95,0.341,19.5,19.5,22.5,14.8,13.8,13.8,-4.5667,6.7394,-0.0511,-3.4103,-16.4103,-16.4103,-27.5556,18.1159,18.1159
20251103,1516,川飛,TWSE,16.1,16.5,16.05,16.5,43158.0,,,data/daily_price/20251103.csv,16.7,17.145,15.3108,16.3217,16.8442,1.227,-9.0909,8.5526,17.0213,10.7383,164782.0,0.2619,19.5,19.5,22.5,14.8,13.8,13.8,-3.762,7.7668,1.0926,-2.0435,-15.3846,-15.3846,-26.6667,19.5652,19.5652
20251104,1516,川飛,TWSE,16.5,17.4,16.4,16.5,72225.0,,,data/daily_price/20251104.csv,16.48,17.215,15.3533,16.33,16.8155,0.0,-6.25,9.2715,18.2796,6.4516,167671.5,0.4308,19.5,19.5,22.5,14.8,13.8,13.8,-4.1534,7.4685,1.041,-1.8764,-15.3846,-15.3846,-26.6667,19.5652,19.5652
20251105,1516,川飛,TWSE,16.6,16.7,16.2,16.35,49115.0,,,data/daily_price/20251105.csv,16.41,17.2825,15.3917,16.3404,16.7767,-0.9091,-2.0958,9.0,16.3701,8.2781,168280.3,0.2919,19.5,19.5,22.5,14.8,13.8,13.8,-5.3956,6.2263,0.0586,-2.5436,-16.1538,-16.1538,-27.3333,18.4783,18.4783
20251106,1516,川飛,TWSE,16.35,16.6,16.25,16.6,22072.0,,,data/daily_price/20251106.csv,16.45,17.35,15.4342,16.3529,16.762,1.5291,1.2195,8.8525,18.1495,9.9338,167534.2,0.1317,19.5,19.5,22.5,15.1,13.8,13.8,-4.3228,7.5536,1.5109,-0.9665,-14.8718,-14.8718,-26.2222,20.2899,20.2899
20251107,1516,川飛,TWSE,16.2,17.25,16.0,16.6,30802.0,,,data/daily_price/20251107.csv,16.51,17.415,15.475,16.3667,16.7485,0.0,1.8405,8.4967,17.3145,11.0368,167073.8,0.1844,19.5,19.5,22.5,15.4,13.8,13.8,-4.6799,7.2698,1.4257,-0.8867,-14.8718,-14.8718,-26.2222,20.2899,20.2899
20251110,1516,川飛,TWSE,16.6,16.6,16.6,16.6,2155.0,,,data/daily_price/20251110.csv,16.53,17.425,15.5158,16.3683,16.7361,0.0,0.6061,1.2195,17.3145,1.2195,155956.85,0.0138,19.5,19.5,22.5,16.0,13.8,13.8,-4.7346,6.9875,1.4153,-0.8134,-14.8718,-14.8718,-26.2222,20.2899,20.2899
20251111,1516,川飛,TWSE,16.6,16.95,16.6,16.9,15437.0,,,data/daily_price/20251111.csv,16.61,17.37,15.5583,16.3592,16.7498,1.8072,2.4242,-6.1111,17.77,-6.1111,126624.75,0.1219,19.5,19.5,22.5,16.0,13.8,13.8,-2.7058,8.6235,3.306,0.8968,-13.3333,-13.3333,-24.8889,22.4638,22.4638
20251112,1516,川飛,TWSE,16.9,17.0,16.8,16.8,16951.0,,,data/daily_price/20251112.csv,16.7,17.3625,15.5992,16.3454,16.754,-0.5917,2.7523,-0.885,17.0732,-8.9431,95457.85,0.1776,19.5,19.5,22.5,16.0,13.8,13.8,-3.2397,7.6981,2.7811,0.2748,-13.8462,-13.8462,-25.3333,21.7391,21.7391
20251113,1516,川飛,TWSE,17.2,17.2,16.35,17.15,25058.0,,,data/daily_price/20251113.csv,16.81,17.3425,15.6467,16.3367,16.787,2.0833,3.3133,-2.2792,19.9301,-5.7692,83628.4,0.2996,19.5,19.5,22.5,16.0,13.8,13.8,-1.11,9.608,4.9786,2.1626,-12.0513,-12.0513,-23.7778,24.2754,24.2754
20251114,1516,川飛,TWSE,16.8,17.1,16.4,16.85,36446.0,,,data/daily_price/20251114.csv,16.86,17.285,15.6908,16.3254,16.7922,-1.7493,1.506,-6.3889,18.662,-7.4176,78394.1,0.4649,19.5,19.5,22.5,16.0,13.8,13.8,-2.5166,7.3875,3.2133,0.3441,-13.5897,-13.5897,-25.1111,22.1014,22.1014
20251117,1516,川飛,TWSE,16.5,17.5,16.5,17.3,53857.0,,,data/daily_price/20251117.csv,17.0,17.24,15.7408,16.3171,16.8345,2.6706,4.2169,-4.9451,20.979,-5.4645,72988.7,0.7379,19.5,19.5,22.5,16.0,13.8,13.8,0.348,9.9052,6.0239,2.7649,-11.2821,-11.2821,-23.1111,25.3623,25.3623
20251118,1516,川飛,TWSE,17.35,18.6,17.35,18.05,92842.0,,,data/daily_price/20251118.csv,17.23,17.24,15.8033,16.3129,16.9358,4.3353,6.8047,0.0,26.2238,-2.6954,71540.45,1.2978,19.5,19.5,22.5,16.0,13.8,13.8,4.6984,14.2164,10.6485,6.5788,-7.4359,-7.4359,-19.7778,30.7971,30.7971
20251119,1516,川飛,TWSE,18.0,18.5,18.0,18.4,58855.0,,,data/daily_price/20251119.csv,17.55,17.19,15.875,16.3142,17.0578,1.9391,9.5238,-5.1546,30.4965,0.8219,63350.4,0.929,19.35,19.5,22.5,16.0,13.8,13.8,7.039,15.9055,12.7854,7.8683,-4.9096,-5.641,-18.2222,33.3333,33.3333
20251120,1516,川飛,TWSE,18.45,18.6,18.4,18.5,97623.0,,,data/daily_price/20251120.csv,17.82,17.15,15.9483,16.3142,17.178,0.5435,7.8717,-4.1451,31.2057,0.0,66431.7,1.4695,19.3,19.5,22.5,16.0,13.8,13.8,7.8717,15.9996,13.3984,7.6958,-4.1451,-5.1282,-17.7778,34.058,34.058
20251121,1516,川飛,TWSE,18.3,18.85,18.3,18.7,90986.0,,,data/daily_price/20251121.csv,18.19,17.1475,16.025,16.2929,17.3049,1.0811,10.9792,-0.2667,32.6241,-12.0,65608.8,1.3868,18.85,19.5,22.5,16.0,13.8,13.8,9.0538,16.6927,14.7738,8.0622,-0.7958,-4.1026,-16.8889,35.5072,35.5072
20251124,1516,川飛,TWSE,18.9,19.2,18.65,19.2,114988.0,,,data/daily_price/20251124.csv,18.57,17.2,16.1092,16.2725,17.4628,2.6738,10.9827,5.7851,35.689,-11.3164,67890.85,1.6937,19.2,19.5,22.5,16.0,13.8,13.8,11.6279,19.1868,17.9905,9.9481,0.0,-1.5385,-14.6667,39.1304,39.1304
20251125,1516,川飛,TWSE,19.5,20.55,19.25,20.4,204116.0,,,data/daily_price/20251125.csv,19.04,17.34,16.2142,16.2625,17.7075,6.25,13.0194,15.9091,44.6809,-5.5556,71755.8,2.8446,20.55,20.55,22.5,16.0,13.8,13.8,17.6471,25.8159,25.442,15.2051,-0.7299,-0.7299,-9.3333,47.8261,47.8261
20251126,1516,川飛,TWSE,21.0,21.0,19.45,20.1,125769.0,,,data/daily_price/20251126.csv,19.38,17.51,16.3142,16.2467,17.9069,-1.4706,9.2391,20.3593,42.5532,-8.6364,66146.1,1.9014,21.0,21.0,22.5,16.0,13.8,13.8,14.7915,23.2058,23.7177,12.2471,-4.2857,-4.2857,-10.6667,45.6522,45.6522
20251127,1516,川飛,TWSE,20.1,20.65,19.8,20.25,144680.0,,,data/daily_price/20251127.csv,19.73,17.7025,16.415,16.2308,18.1022,0.7463,9.4595,23.4756,42.6056,-8.5779,67667.1,2.1381,21.0,21.0,22.5,16.0,13.8,13.8,14.3906,23.3628,24.7625,11.865,-3.5714,-3.5714,-10.0,46.7391,46.7391
20251128,1516,川飛,TWSE,20.25,20.3,19.9,19.95,97367.0,,,data/daily_price/20251128.csv,19.98,17.885,16.5025,16.2129,18.2562,-1.4815,6.6845,22.3926,35.7143,-9.7285,69725.1,1.3964,21.0,21.0,22.5,16.0,13.8,13.8,11.546,20.8908,23.05,9.2782,-5.0,-5.0,-11.3333,44.5652,44.5652
20251201,1516,川飛,TWSE,19.95,20.05,19.85,20.0,54954.0,,,data/daily_price/20251201.csv,20.14,18.06,16.5975,16.1946,18.4015,0.2506,4.1667,21.2121,39.8601,-9.9099,70314.9,0.7815,21.0,21.0,22.5,16.0,13.8,13.8,10.742,20.5001,23.4981,8.6869,-4.7619,-4.7619,-11.1111,44.9275,44.9275
20251202,1516,川飛,TWSE,20.0,20.15,20.0,20.0,43854.0,,,data/daily_price/20251202.csv,20.06,18.235,16.6933,16.1762,18.5347,0.0,-1.9608,21.2121,40.3509,-9.9099,68896.35,0.6365,21.0,21.0,22.5,16.0,13.8,13.8,9.6792,19.8083,23.638,7.9058,-4.7619,-4.7619,-11.1111,44.9275,44.9275
20251203,1516,川飛,TWSE,20.0,20.3,20.0,20.25,31731.0,,,data/daily_price/20251203.csv,20.09,18.43,16.7933,16.16,18.6776,1.25,0.7463,23.8532,42.1053,-8.7838,68027.15,0.4664,21.0,21.0,22.5,16.0,13.8,13.8,9.8752,20.5836,25.3094,8.4184,-3.5714,-3.5714,-10.0,46.7391,46.7391
20251204,1516,川飛,TWSE,20.0,20.2,20.0,20.05,14073.0,,,data/daily_price/20251204.csv,20.05,18.6025,16.8933,16.1421,18.792,-0.9877,-0.9877,20.7831,42.7046,-9.6847,67627.2,0.2081,21.0,21.0,22.25,16.0,13.8,13.8,7.7812,18.6859,24.2095,6.6944,-4.5238,-4.5238,-9.8876,45.2899,45.2899
20251205,1516,川飛,TWSE,20.05,20.15,20.0,20.0,30724.0,,,data/daily_price/20251205.csv,20.06,18.7725,16.9917,16.1238,18.8927,-0.2494,0.2506,20.4819,41.844,-9.9099,67623.3,0.4543,21.0,21.0,21.95,16.35,13.8,13.8,6.5388,17.7048,24.0406,5.8612,-4.7619,-4.7619,-8.8838,44.9275,44.9275
20251208,1516,川飛,TWSE,21.0,21.0,19.95,20.0,35503.0,,,data/daily_price/20251208.csv,20.06,18.9425,17.0892,16.1238,18.9849,0.0,0.0,20.4819,41.3428,0.0,69290.7,0.5124,21.0,21.0,21.0,16.35,13.9,13.8,5.5827,17.0332,24.0406,5.3466,-4.7619,-4.7619,-4.7619,43.8849,44.9275
20251209,1516,川飛,TWSE,20.0,20.05,19.95,20.0,39923.0,,,data/daily_price/20251209.csv,20.06,19.0975,17.19,16.1371,19.0695,0.0,0.0,18.3432,43.3692,8.6957,70515.0,0.5662,21.0,21.0,21.0,16.35,13.95,13.8,4.7257,16.3467,23.9381,4.8794,-4.7619,-4.7619,-4.7619,43.3692,44.9275
20251210,1516,川飛,TWSE,20.0,20.15,20.0,20.0,71578.0,,,data/daily_price/20251210.csv,20.01,19.2575,17.29,16.1538,19.1471,0.0,-1.2346,19.0476,42.8571,11.1111,73246.35,0.9772,21.0,21.0,21.0,16.35,13.95,13.8,3.8556,15.6738,23.8103,4.4546,-4.7619,-4.7619,-4.7619,43.3692,44.9275
20251211,1516,川飛,TWSE,20.1,20.2,20.0,20.15,127431.0,,,data/daily_price/20251211.csv,20.03,19.4075,17.385,16.1721,19.2306,0.75,0.4988,17.4927,39.4464,12.2563,78365.0,1.6261,21.0,21.0,21.0,16.4,13.95,13.8,3.8258,15.9045,24.5974,4.7807,-4.0476,-4.0476,-4.0476,44.4444,46.0145
20251212,1516,川飛,TWSE,20.05,20.25,20.0,20.05,49484.0,,,data/daily_price/20251212.csv,20.04,19.5675,17.485,16.1921,19.2989,-0.4963,0.25,18.9911,42.7046,13.5977,79016.9,0.6262,21.0,21.0,21.0,16.5,13.95,13.8,2.4658,14.6697,23.8259,3.8918,-4.5238,-4.5238,-4.5238,43.7276,45.2899
20251215,1516,川飛,TWSE,20.1,20.15,20.1,20.15,13630.0,,,data/daily_price/20251215.csv,20.07,19.71,17.5858,16.2175,19.3698,0.4988,0.75,16.474,42.9078,17.8363,77005.55,0.177,21.0,21.0,21.0,17.35,13.95,13.8,2.2324,14.5809,24.2485,4.0277,-4.0476,-4.0476,-4.0476,44.4444,46.0145
20251216,1516,川飛,TWSE,20.15,20.15,20.05,20.1,25791.0,,,data/daily_price/20251216.csv,20.09,19.8125,17.6867,16.2429,19.4307,-0.2481,0.5,11.3573,43.0605,17.8886,73653.0,0.3502,21.0,21.0,21.0,18.0,13.95,13.8,1.4511,13.6449,23.7462,3.4446,-4.2857,-4.2857,-4.2857,44.086,45.6522
20251217,1516,川飛,TWSE,20.1,21.2,20.05,20.6,166506.0,,,data/daily_price/20251217.csv,20.21,19.9225,17.7967,16.2738,19.5281,2.4876,3.0,11.9565,47.1429,21.8935,79035.55,2.1067,21.2,21.2,21.2,18.3,14.6,13.8,3.4007,15.752,26.5842,5.4888,-2.8302,-2.8302,-2.8302,41.0959,49.2754
20251218,1516,川飛,TWSE,20.6,22.5,20.55,21.9,282874.0,,,data/daily_price/20251218.csv,20.56,20.0925,17.9117,16.3179,19.7258,6.3107,8.6849,18.3784,46.0,31.9277,88298.1,3.2036,22.5,22.5,22.5,18.3,14.6,13.8,8.9959,22.2667,34.2083,11.0222,-2.6667,-2.6667,-2.6667,50.0,58.6957
20251219,1516,川飛,TWSE,22.1,22.65,21.95,21.95,260197.0,,,data/daily_price/20251219.csv,20.94,20.255,18.0292,16.3671,19.9111,0.2283,9.4763,17.3797,47.3154,36.7601,96758.65,2.6891,22.65,22.65,22.65,18.65,14.8,13.8,8.3683,21.7472,34.1106,10.2398,-3.0905,-3.0905,-3.0905,48.3108,59.058
20251222,1516,川飛,TWSE,21.95,22.25,21.55,22.2,175327.0,,,data/daily_price/20251222.csv,21.35,20.405,18.1333,16.4196,20.1019,1.139,10.1737,15.625,39.185,39.6226,99775.6,1.7572,22.65,22.65,22.65,19.25,14.8,13.8,8.7969,22.4265,35.2044,10.4374,-1.9868,-1.9868,-1.9868,50.0,60.8696
20251223,1516,川飛,TWSE,22.2,22.7,22.1,22.7,154662.0,,,data/daily_price/20251223.csv,21.87,20.52,18.2533,16.4762,20.3184,2.2523,12.9353,11.2745,46.4516,42.7673,97302.9,1.5895,22.7,22.7,22.7,19.45,14.8,13.8,10.6238,24.3608,37.7741,11.7214,0.0,0.0,0.0,53.3784,64.4928
20251224,1516,川飛,TWSE,22.75,23.5,22.7,23.3,218685.0,,,data/daily_price/20251224.csv,22.41,20.68,18.385,16.5379,20.5669,2.6432,13.1068,15.9204,51.2987,46.5409,101948.7,2.145,23.5,23.5,23.5,19.8,14.8,13.8,12.6692,26.7338,40.8884,13.2891,-0.8511,-0.8511,-0.8511,57.4324,68.8406
20251226,1516,川飛,TWSE,23.3,23.95,23.3,23.3,178611.0,,,data/daily_price/20251226.csv,22.69,20.8325,18.52,16.5996,20.7946,0.0,6.3927,15.0617,53.2895,46.5409,103645.25,1.7233,23.95,23.95,23.95,19.85,14.8,13.8,11.8445,25.8099,40.365,12.0482,-2.714,-2.714,-2.714,57.4324,68.8406
20251229,1516,川飛,TWSE,23.5,24.5,23.5,24.0,226591.0,,,data/daily_price/20251229.csv,23.1,21.035,18.6667,16.6658,21.0617,3.0043,9.3394,20.3008,57.8947,49.5327,110106.45,2.0579,24.5,24.5,24.5,19.85,14.8,13.8,14.0956,28.5714,44.0072,13.9507,-2.0408,-2.0408,-2.0408,62.1622,73.913
20251230,1516,川飛,TWSE,24.05,24.6,23.45,23.9,169186.0,,,data/daily_price/20251230.csv,23.44,21.23,18.8117,16.7325,21.2983,-0.4167,7.6577,19.5,57.2368,50.3145,115818.05,1.4608,24.6,24.6,24.6,19.95,14.8,13.8,12.5765,27.0488,42.8358,12.2158,-2.8455,-2.8455,-2.8455,61.4865,73.1884
20251231,1516,川飛,TWSE,24.1,24.1,22.9,22.9,96688.0,,,data/daily_price/20251231.csv,23.48,21.375,18.9417,16.7871,21.4317,-4.1841,0.8811,14.5,51.6556,40.0612,118459.75,0.8162,24.6,24.6,24.6,19.95,14.8,13.8,7.1345,20.8975,36.4144,6.8509,-6.9106,-6.9106,-6.9106,54.7297,65.942
20260102,1516,川飛,TWSE,22.9,23.15,22.55,22.55,102470.0,,,data/daily_price/20260102.csv,23.33,21.49,19.0675,16.8425,21.5249,-1.5284,-3.2189,11.358,50.3333,41.8239,121996.7,0.8399,24.6,24.6,24.6,19.95,14.8,13.8,4.9325,18.2641,33.8875,4.7623,-8.3333,-8.3333,-8.3333,52.3649,63.4058
20260105,1516,川飛,TWSE,22.25,22.25,21.35,21.8,105798.0,,,data/daily_price/20260105.csv,23.03,21.5775,19.1767,16.8912,21.5478,-3.3259,-6.4378,8.7282,42.9508,36.6771,126582.95,0.8358,24.6,24.6,24.6,19.95,15.1,13.8,1.0312,13.6798,29.0609,1.1702,-11.3821,-11.3821,-11.3821,44.3709,57.971
20260106,1516,川飛,TWSE,21.65,21.65,20.4,20.9,112120.0,,,data/daily_price/20260106.csv,22.41,21.6225,19.27,16.9367,21.4939,-4.1284,-12.9167,4.5,36.6013,35.2751,130652.75,0.8582,24.6,24.6,24.6,19.95,15.4,13.8,-3.3414,8.4587,23.4009,-2.7629,-15.0407,-15.0407,-15.0407,35.7143,51.4493
20260107,1516,川飛,TWSE,20.9,22.5,20.65,21.15,112486.0,,,data/daily_price/20260107.csv,21.86,21.68,19.3492,16.9829,21.4652,1.1962,-11.5063,5.75,28.9634,35.5769,134501.9,0.8363,24.6,24.6,24.6,19.95,16.0,13.8,-2.4446,9.307,24.5369,-1.4684,-14.0244,-14.0244,-14.0244,32.1875,53.2609
20260108,1516,川飛,TWSE,22.95,22.95,21.35,22.4,18106.0,,,data/daily_price/20260108.csv,21.76,21.8,19.4225,17.0425,21.5431,5.9102,-2.1834,12.0,24.4444,46.8852,133411.05,0.1357,24.6,24.6,24.6,20.0,16.0,13.8,2.7523,15.3302,31.4361,3.9776,-8.9431,-8.9431,-8.9431,40.0,62.3188
20260109,1516,川飛,TWSE,22.4,22.55,21.2,21.25,22192.0,,,data/daily_price/20260109.csv,21.5,21.8625,19.4942,17.0879,21.5187,-5.1339,-5.765,6.25,25.3687,34.4937,130941.75,0.1695,24.6,24.6,24.6,20.0,16.0,13.8,-2.8016,9.007,24.3569,-1.2486,-13.6179,-13.6179,-13.6179,32.8125,53.9855
20260112,1516,川飛,TWSE,21.25,21.5,21.2,21.25,19126.0,,,data/daily_price/20260112.csv,21.39,21.9175,19.5558,17.1383,21.4963,0.0,-2.5229,5.4591,21.0826,39.8026,125526.5,0.1524,24.6,24.6,24.6,20.0,16.0,13.8,-3.0455,8.6632,23.9911,-1.1457,-13.6179,-13.6179,-13.6179,32.8125,53.9855
20260113,1516,川飛,TWSE,21.5,22.0,21.5,21.85,55870.0,,,data/daily_price/20260113.csv,21.58,22.0075,19.62,17.1942,21.5258,2.8235,4.5455,8.9776,21.3889,44.2244,125845.8,0.444,24.6,24.6,24.6,20.05,16.0,13.8,-0.7157,11.366,27.078,1.5063,-11.1789,-11.1789,-11.1789,36.5625,58.3333
20260114,1516,川飛,TWSE,22.65,22.65,22.0,22.0,26330.0,,,data/daily_price/20260114.csv,21.75,22.1,19.6833,17.2525,21.5653,0.6865,4.0189,9.1811,20.8791,46.6667,126480.8,0.2082,24.6,24.6,24.6,20.05,16.0,13.8,-0.4525,11.7697,27.5178,2.0158,-10.5691,-10.5691,-10.5691,37.5,59.4203
20260115,1516,川飛,TWSE,22.0,22.2,21.95,22.2,35514.0,,,data/daily_price/20260115.csv,21.71,22.205,19.7525,17.3138,21.6182,0.9091,-0.8929,10.4478,22.9917,49.4949,126966.95,0.2797,24.6,24.6,24.6,20.05,16.0,13.8,-0.0225,12.3908,28.2218,2.6914,-9.7561,-9.7561,-9.7561,38.75,60.8696
20260116,1516,川飛,TWSE,22.2,22.2,21.9,21.95,36812.0,,,data/daily_price/20260116.csv,21.85,22.2725,19.795,17.3754,21.6458,-1.1261,3.2941,6.5534,13.1443,50.8591,120482.25,0.3055,24.6,24.6,24.6,20.4,16.0,13.8,-1.448,10.8866,26.3279,1.4052,-10.7724,-10.7724,-10.7724,37.1875,59.058
20260119,1516,川飛,TWSE,22.4,22.4,21.65,21.65,71127.0,,,data/daily_price/20260119.csv,21.93,22.26,19.8342,17.4333,21.6462,-1.3667,1.8824,-1.1416,12.1762,47.2789,109894.9,0.6472,24.6,24.6,24.6,20.4,16.0,13.8,-2.7403,9.1551,24.1874,0.0177,-11.9919,-11.9919,-11.9919,35.3125,56.8841
20260120,1516,川飛,TWSE,22.0,22.0,21.95,22.0,41151.0,,,data/daily_price/20260120.csv,21.96,22.2625,19.8883,17.4821,21.6757,1.6166,0.6865,0.2278,17.3333,36.2229,98942.6,0.4159,24.6,24.6,24.6,20.4,16.0,13.8,-1.1791,10.6176,25.8431,1.4963,-10.5691,-10.5691,-10.5691,37.5,59.4203
20260121,1516,川飛,TWSE,22.0,22.2,22.0,22.2,48830.0,,,data/daily_price/20260121.csv,22.0,22.2625,19.9558,17.5429,21.7194,0.9091,0.9091,0.0,22.314,48.9933,92617.75,0.5272,24.6,24.6,24.6,20.4,16.0,13.8,-0.2807,11.2457,26.5468,2.213,-9.7561,-9.7561,-9.7561,38.75,60.8696
20260122,1516,川飛,TWSE,22.1,22.1,21.9,21.9,69679.0,,,data/daily_price/20260122.csv,21.94,22.2225,20.0275,17.6037,21.7344,-1.3514,-1.3514,-3.5242,24.4318,50.0,88368.6,0.7885,24.6,24.6,24.6,20.4,16.0,13.8,-1.4512,9.3496,24.4053,0.7619,-10.9756,-10.9756,-10.9756,36.875,58.6957
20260123,1516,川飛,TWSE,23.0,23.0,21.95,22.05,66575.0,,,data/daily_price/20260123.csv,21.96,22.16,20.1167,17.6642,21.7607,0.6849,0.4556,-5.3648,32.0359,48.9865,80763.1,0.8243,24.6,24.6,24.6,20.4,16.0,13.8,-0.4964,9.6106,24.829,1.3294,-10.3659,-10.3659,-10.3659,37.8125,59.7826
20260126,1516,川飛,TWSE,22.05,22.8,22.05,22.2,72402.0,,,data/daily_price/20260126.csv,22.07,22.105,20.2133,17.7267,21.7973,0.6803,2.5404,-4.721,35.3659,51.0204,75452.65,0.9596,24.6,24.6,24.6,20.4,16.0,13.8,0.4298,9.8285,25.2351,1.8474,-9.7561,-9.7561,-9.7561,38.75,60.8696
20260127,1516,川飛,TWSE,22.25,22.6,22.0,22.6,50672.0,,,data/daily_price/20260127.csv,22.19,22.035,20.3183,17.7946,21.8642,1.8018,2.7273,-5.8333,38.6503,56.4014,66656.7,0.7602,24.6,24.6,24.6,20.4,16.0,13.8,2.5641,11.2296,27.0049,3.3653,-8.1301,-8.1301,-8.1301,41.25,63.7681
20260128,1516,川飛,TWSE,22.05,22.8,22.05,22.8,36800.0,,,data/daily_price/20260128.csv,22.31,21.98,20.4233,17.8671,21.9422,0.885,2.7027,-4.6025,38.1818,61.7021,60037.4,0.613,24.1,24.6,24.6,20.4,16.0,13.8,3.7307,11.637,27.609,3.9094,-5.3942,-7.3171,-7.3171,42.5,65.2174
20260129,1516,川飛,TWSE,22.2,22.6,22.15,22.15,34713.0,,,data/daily_price/20260129.csv,22.36,21.9425,20.5175,17.9354,21.9595,-2.8509,1.1416,-3.2751,34.2424,58.7814,56938.65,0.6097,23.15,24.6,24.6,20.4,16.0,13.8,0.9457,7.9566,23.4987,0.8675,-4.3197,-9.9593,-9.9593,38.4375,60.5072
20260130,1516,川飛,TWSE,21.95,22.6,21.95,22.25,26226.0,,,data/daily_price/20260130.csv,22.4,21.9275,20.6158,18.0038,21.9837,0.4515,0.907,-1.3304,36.0856,58.363,53126.45,0.4937,23.0,24.6,24.6,20.4,16.0,13.8,1.4708,7.9268,23.5854,1.2113,-3.2609,-9.5528,-9.5528,39.0625,61.2319
20260202,1516,川飛,TWSE,22.25,22.25,21.4,21.45,1653530.0,,,data/daily_price/20260202.csv,22.25,21.91,20.6967,18.0654,21.9392,-3.5955,-3.3784,-1.6055,29.2169,52.669,130513.05,12.6695,23.0,24.6,24.6,20.4,16.0,13.8,-2.0995,3.6399,18.7352,-2.23,-6.7391,-12.8049,-12.8049,34.0625,55.4348
20260203,1516,川飛,TWSE,21.4,21.65,21.15,21.65,28088.0,,,data/daily_price/20260203.csv,22.06,21.9475,20.7808,18.1279,21.9151,0.9324,-4.2035,3.5885,30.4217,53.0035,126311.45,0.2224,23.0,24.6,24.6,20.65,16.35,13.8,-1.3555,4.1825,19.4291,-1.2098,-5.8696,-11.9919,-11.9919,32.4159,56.8841
20260204,1516,川飛,TWSE,21.7,22.65,21.45,21.45,19152.0,,,data/daily_price/20260204.csv,21.79,21.9625,20.8617,18.1887,21.8764,-0.9238,-5.9211,1.4184,29.2169,51.5901,121644.75,0.1574,23.0,24.6,24.6,21.15,16.35,13.8,-2.3335,2.8202,17.93,-1.949,-6.7391,-12.8049,-12.8049,31.1927,55.4348
20260205,1516,川飛,TWSE,21.6,21.7,21.45,21.5,40353.0,,,data/daily_price/20260205.csv,21.66,21.9175,20.9383,18.2483,21.845,0.2331,-2.9345,-4.0179,27.2189,49.8258,122757.1,0.3287,23.0,24.6,24.6,21.15,16.35,13.8,-1.9049,2.6825,17.819,-1.5794,-6.5217,-12.6016,-12.6016,31.4985,55.7971
20260206,1516,川飛,TWSE,21.55,21.7,21.45,21.7,61369.0,,,data/daily_price/20260206.csv,21.55,21.94,21.02,18.3096,21.8329,0.9302,-2.4719,2.1176,29.1667,51.2195,124715.95,0.4921,23.0,24.6,24.6,21.15,16.35,13.8,-1.0939,3.235,18.5172,-0.6088,-5.6522,-11.7886,-11.7886,32.7217,57.2464
20260209,1516,川飛,TWSE,23.35,23.85,22.0,22.0,146517.0,,,data/daily_price/20260209.csv,21.66,21.9775,21.1008,18.3737,21.8468,1.3825,2.5641,3.5294,28.2799,53.8462,131085.5,1.1177,23.85,24.6,24.6,21.15,16.4,13.8,0.1024,4.2613,19.736,0.701,-7.7568,-10.5691,-10.5691,34.1463,59.4203
20260210,1516,川飛,TWSE,21.6,22.4,21.0,22.15,41328.0,,,data/daily_price/20260210.csv,21.76,21.9925,21.1892,18.44,21.8721,0.6818,2.3095,1.373,31.454,55.9859,130358.4,0.317,23.85,24.6,24.6,21.0,16.5,13.8,0.7162,4.5345,20.1193,1.2705,-7.1279,-9.9593,-9.9593,34.2424,60.5072
20260211,1516,川飛,TWSE,22.9,22.9,21.1,21.15,26630.0,,,data/daily_price/20260211.csv,21.7,21.95,21.2533,18.4971,21.8119,-4.5147,-1.3986,-3.8636,22.2543,47.9021,130373.4,0.2043,23.85,24.6,24.6,21.0,17.35,13.8,-3.6446,-0.4862,14.3424,-3.0347,-11.3208,-14.0244,-14.0244,21.902,53.2609
20260223,1516,川飛,TWSE,21.2,21.25,20.35,21.05,47654.0,,,data/daily_price/20260223.csv,21.61,21.8925,21.3033,18.5533,21.7484,-0.4728,-2.093,-5.1802,16.6205,47.2028,130980.4,0.3638,23.85,24.6,24.6,20.35,18.0,13.8,-3.8483,-1.1892,13.4567,-3.2115,-11.74,-14.4309,-14.4309,16.9444,52.5362
20260224,1516,川飛,TWSE,21.05,21.2,20.85,20.85,56086.0,,,data/daily_price/20260224.csv,21.44,21.8375,21.3442,18.6096,21.6736,-0.9501,-3.9171,-5.0114,13.3152,47.8723,131944.1,0.4251,23.85,24.6,24.6,20.35,18.3,13.8,-4.522,-2.3152,12.039,-3.7999,-12.5786,-15.2439,-15.2439,13.9344,51.087
20260225,1516,川飛,TWSE,20.85,21.05,20.8,21.05,22257.0,,,data/daily_price/20260225.csv,21.25,21.8075,21.3867,18.6675,21.6216,0.9592,-4.3182,-2.7714,13.7838,49.2908,129500.6,0.1719,23.85,24.6,24.6,20.35,18.3,13.8,-3.4736,-1.5742,12.7628,-2.6437,-11.74,-14.4309,-14.4309,15.0273,52.5362
20260226,1516,川飛,TWSE,21.05,22.1,20.9,22.05,68238.0,,,data/daily_price/20260226.csv,21.23,21.81,21.4425,18.7337,21.6573,4.7506,-0.4515,0.2273,17.9144,56.383,130854.95,0.5215,23.85,24.6,24.6,20.35,18.65,13.8,1.1004,2.8332,17.702,1.8132,-7.5472,-10.3659,-10.3659,18.2306,59.7826
20260302,1516,川飛,TWSE,22.7,22.7,22.2,22.6,1521146.0,,,data/daily_price/20260302.csv,21.52,21.83,21.4992,18.8042,21.7359,2.4943,6.8558,1.8018,17.7083,59.7173,204470.75,7.4394,23.85,24.6,24.6,20.35,19.25,13.8,3.5273,5.1204,20.1861,3.9756,-5.2411,-8.1301,-8.1301,17.4026,63.7681
20260303,1516,川飛,TWSE,22.8,23.1,22.45,22.45,77490.0,,,data/daily_price/20260303.csv,21.8,21.8575,21.5333,18.8737,21.7954,-0.6637,6.6508,2.5114,10.049,59.2199,204861.3,0.3783,23.85,24.6,24.6,20.35,19.45,13.8,2.7107,4.257,18.9483,3.0035,-5.87,-8.7398,-8.7398,15.4242,62.6812
20260304,1516,川飛,TWSE,22.45,22.85,22.0,22.1,53796.0,,,data/daily_price/20260304.csv,22.05,21.86,21.5667,18.9404,21.8208,-1.559,5.9952,0.2268,9.9502,56.7376,204222.35,0.2634,23.85,24.6,24.6,20.35,19.8,13.8,1.0979,2.473,16.6817,1.2797,-7.3375,-10.1626,-10.1626,11.6162,60.1449
20260305,1516,川飛,TWSE,22.1,22.8,21.3,22.5,80240.0,,,data/daily_price/20260305.csv,22.34,21.875,21.6042,19.0096,21.8774,1.81,6.8884,1.3514,11.1111,58.4507,204614.25,0.3922,23.85,24.6,24.6,20.35,19.85,13.8,2.8571,4.1466,18.3614,2.846,-5.6604,-8.5366,-8.5366,13.3501,63.0435
20260306,1516,川飛,TWSE,23.0,23.55,22.15,22.6,60371.0,,,data/daily_price/20260306.csv,22.45,21.875,21.6483,19.0754,21.9376,0.4444,2.4943,0.0,13.2832,53.7415,205099.2,0.2944,23.85,24.6,24.6,20.35,19.85,13.8,3.3143,4.396,18.4771,3.0196,-5.2411,-8.1301,-8.1301,13.8539,63.7681
20260309,1516,川飛,TWSE,24.2,24.75,23.0,23.85,237813.0,,,data/daily_price/20260309.csv,22.7,21.9275,21.7125,19.155,22.097,5.531,5.531,4.6053,19.25,66.7832,215149.85,1.1053,24.75,24.75,24.75,20.35,19.95,13.8,8.7675,9.8446,24.5106,7.9334,-3.6364,-3.6364,-3.6364,19.5489,72.8261
20260310,1516,川飛,TWSE,24.0,25.6,23.9,25.0,581322.0,,,data/daily_price/20260310.csv,23.21,22.07,21.7958,19.2446,22.3389,4.8218,11.3586,12.8668,25.0,75.4386,242480.3,2.3974,25.6,25.6,25.6,20.35,19.95,13.8,13.2759,14.7008,29.9067,11.9125,-2.3438,-2.3438,-2.3438,25.3133,81.1594
20260311,1516,川飛,TWSE,26.0,26.05,24.55,25.5,241534.0,,,data/daily_price/20260311.csv,23.89,22.2325,21.8833,19.3383,22.6023,2.0,15.3846,14.6067,25.9259,78.9474,253245.7,0.9538,26.05,26.05,26.05,20.35,19.95,13.8,14.697,16.527,31.8624,12.8204,-2.1113,-2.1113,-2.1113,27.8195,84.7826
20260312,1516,川飛,TWSE,25.6,25.6,24.0,24.5,116686.0,,,data/daily_price/20260312.csv,24.29,22.385,21.9575,19.4254,22.7604,-3.9216,8.8889,14.2191,22.1945,74.3772,176403.5,0.6615,26.05,26.05,26.05,20.35,19.95,13.8,9.4483,11.5792,26.1234,7.6429,-5.9501,-5.9501,-5.9501,22.807,77.5362
20260313,1516,川飛,TWSE,24.2,24.5,23.1,23.4,81742.0,,,data/daily_price/20260313.csv,24.45,22.4725,22.0142,19.5029,22.8137,-4.4898,3.5398,8.0831,17.0,65.9574,179086.2,0.4564,26.05,26.05,26.05,20.35,19.95,13.8,4.1273,6.2952,19.9821,2.5698,-10.1727,-10.1727,-10.1727,17.2932,69.5652
20260316,1516,川飛,TWSE,23.4,23.4,22.15,22.5,98860.0,,,data/daily_price/20260316.csv,24.18,22.525,22.0558,19.5725,22.7876,-3.8462,-5.6604,4.8951,12.5,59.0106,183071.6,0.54,26.05,26.05,26.05,20.35,19.95,13.9,-0.111,2.0138,14.9572,-1.2621,-13.6276,-13.6276,-13.6276,12.782,61.8705
20260317,1516,川飛,TWSE,23.0,23.0,22.3,22.9,96990.0,,,data/daily_price/20260317.csv,23.76,22.595,22.1042,19.6471,22.797,1.7778,-8.4,6.5116,14.5,64.1577,185903.45,0.5217,26.05,26.05,26.05,20.35,20.0,13.95,1.3499,3.6004,16.5567,0.452,-12.0921,-12.0921,-12.0921,14.5,64.1577
20260318,1516,川飛,TWSE,22.9,22.95,22.5,22.55,48270.0,,,data/daily_price/20260318.csv,23.17,22.6375,22.1467,19.7183,22.7764,-1.5284,-11.5686,3.9171,12.75,61.0714,185248.5,0.2606,26.05,26.05,26.05,20.35,20.0,13.95,-0.3865,1.8212,14.3606,-0.9939,-13.4357,-13.4357,-13.4357,12.75,61.6487
20260319,1516,川飛,TWSE,22.5,22.5,21.9,22.3,87993.0,,,data/daily_price/20260319.csv,22.73,22.6525,22.1825,19.7837,22.7367,-1.1086,-8.9796,1.3636,10.67,54.3253,182322.3,0.4826,26.05,26.05,26.05,20.35,20.0,13.95,-1.5561,0.5297,12.7188,-1.9206,-14.3954,-14.3954,-14.3954,11.5,59.8566
20260320,1516,川飛,TWSE,22.2,22.75,21.5,22.25,260162.0,,,data/daily_price/20260320.csv,22.5,22.6575,22.2192,19.8521,22.6961,-0.2242,-4.9145,0.4515,10.9726,58.363,193264.0,1.3461,26.05,26.05,26.05,20.35,20.05,13.95,-1.7985,0.1388,12.0789,-1.9656,-14.5873,-14.5873,-14.5873,10.9726,59.4982
20260323,1516,川飛,TWSE,21.8,22.35,21.6,22.25,36534.0,,,data/daily_price/20260323.csv,22.45,22.7125,22.2542,19.92,22.6589,0.0,-1.1111,5.2009,10.4218,57.8014,193759.2,0.1886,26.05,26.05,26.05,20.35,20.05,13.95,-2.0363,-0.0187,11.6968,-1.8048,-14.5873,-14.5873,-14.5873,10.9726,59.4982
20260324,1516,川飛,TWSE,22.35,22.5,21.7,22.2,112136.0,,,data/daily_price/20260324.csv,22.31,22.77,22.2892,19.9879,22.6207,-0.2247,-3.0568,5.4632,10.4478,58.0071,196983.3,0.5693,26.05,26.05,26.05,20.8,20.05,13.95,-2.5033,-0.4,11.0671,-1.8598,-14.7793,-14.7793,-14.7793,10.7232,59.1398
20260325,1516,川飛,TWSE,22.5,22.5,22.0,22.0,34817.0,,,data/daily_price/20260325.csv,22.2,22.8275,22.3125,20.0546,22.569,-0.9009,-2.439,5.5156,6.7961,57.1429,195919.85,0.1777,26.05,26.05,26.05,20.8,20.35,14.6,-3.625,-1.4006,9.7006,-2.5211,-15.547,-15.547,-15.547,8.1081,50.6849
20260326,1516,川飛,TWSE,21.8,21.8,21.45,21.5,59973.0,,,data/daily_price/20260326.csv,22.04,22.85,22.3058,20.1088,22.4799,-2.2727,-3.5874,2.1378,-1.8265,43.3333,197805.65,0.3032,26.05,26.05,26.05,20.9,20.35,14.6,-5.9081,-3.6127,6.9186,-4.359,-17.4664,-17.4664,-17.4664,5.6511,47.2603
20260327,1516,川飛,TWSE,21.0,21.0,20.05,20.45,44858.0,,,data/daily_price/20260327.csv,21.68,22.77,22.2808,20.155,22.3107,-4.8837,-8.0899,-7.2562,-6.8337,37.2483,196636.65,0.2281,26.05,26.05,26.05,20.05,20.05,14.8,-10.1888,-8.2171,1.4637,-8.3401,-21.4971,-21.4971,-21.4971,1.995,38.1757
20260330,1516,川飛,TWSE,22.0,22.0,20.5,20.65,29936.0,,,data/daily_price/20260330.csv,21.36,22.6725,22.255,20.1942,22.1723,0.978,-7.191,-8.6283,-6.982,29.4671,122076.15,0.2452,26.05,26.05,26.05,20.05,20.05,14.8,-8.9205,-7.2119,2.2573,-6.866,-20.7294,-20.7294,-20.7294,2.9925,39.527
20260331,1516,川飛,TWSE,20.5,20.65,19.8,19.8,28813.0,,,data/daily_price/20260331.csv,20.88,22.54,22.2067,20.23,21.9746,-4.1162,-10.8108,-11.804,-12.7753,27.7419,119642.3,0.2408,26.05,26.05,26.05,19.8,19.8,14.8,-12.1562,-10.8376,-2.1256,-9.8962,-23.9923,-23.9923,-23.9923,0.0,33.7838
20260401,1516,川飛,TWSE,19.9,21.75,19.9,20.35,143458.0,,,data/daily_price/20260401.csv,20.55,22.4525,22.1575,20.2713,21.8393,2.7778,-7.5,-7.9186,-12.6609,32.1429,124125.4,1.1558,26.05,26.05,26.05,19.8,19.8,14.8,-9.3642,-8.1575,0.3885,-6.8192,-21.881,-21.881,-21.881,2.7778,37.5
20260402,1516,川飛,TWSE,20.5,21.8,20.35,20.35,145719.0,,,data/daily_price/20260402.csv,20.32,22.345,22.1083,20.3142,21.7152,0.0,-5.3488,-9.5556,-12.6609,33.8816,127399.35,1.1438,26.05,26.05,26.05,19.8,19.8,14.8,-8.9282,-7.9533,0.1764,-6.2866,-21.881,-21.881,-21.881,2.7778,37.5
20260407,1516,川飛,TWSE,20.15,20.3,19.85,20.05,24074.0,,,data/daily_price/20260407.csv,20.24,22.2175,22.0425,20.3546,21.5764,-1.4742,-1.956,-11.2832,-16.4583,31.9079,125584.5,0.1917,26.05,26.05,26.05,19.8,19.8,14.8,-9.7558,-9.0394,-1.4964,-7.0744,-23.0326,-23.0326,-23.0326,1.2626,35.473
20260408,1516,川飛,TWSE,21.5,21.5,20.2,20.9,21100.0,,,data/daily_price/20260408.csv,20.29,22.07,21.9925,20.4021,21.52,4.2394,1.2107,-12.369,-12.5523,37.5,114748.85,0.1839,26.05,26.05,26.05,19.8,19.8,14.8,-5.3013,-4.9676,2.4405,-2.8812,-19.7697,-19.7697,-19.7697,5.5556,41.2162
20260409,1516,川飛,TWSE,20.7,20.8,20.3,20.3,24191.0,,,data/daily_price/20260409.csv,20.39,21.835,21.9492,20.4454,21.4184,-2.8708,2.5253,-18.8,-11.3537,34.4371,86892.3,0.2784,26.05,26.05,26.05,19.8,19.8,14.8,-7.03,-7.5136,-0.7112,-5.2215,-22.0729,-22.0729,-22.0729,2.5253,37.1622
20260410,1516,川飛,TWSE,20.1,21.5,20.1,20.5,13799.0,,,data/daily_price/20260410.csv,20.42,21.585,21.915,20.4912,21.3418,0.9852,0.7371,-19.6078,-9.0909,36.6667,75505.55,0.1828,25.6,26.05,26.05,19.8,19.8,14.8,-5.0266,-6.4568,0.0427,-3.9445,-19.9219,-21.3052,-21.3052,3.5354,38.5135
20260413,1516,川飛,TWSE,20.2,20.25,20.0,20.0,66549.0,,,data/daily_price/20260413.csv,20.35,21.36,21.885,20.5308,21.23,-2.439,-1.7199,-18.3673,-8.2569,31.1475,72998.7,0.9116,24.5,26.05,26.05,19.8,19.8,15.1,-6.367,-8.6132,-2.5855,-5.7937,-18.3673,-23.2246,-23.2246,1.0101,32.4503
20260414,1516,川飛,TWSE,20.0,20.3,19.9,19.9,22848.0,,,data/daily_price/20260414.csv,20.32,21.185,21.8683,20.5692,21.1192,-0.5,-0.7481,-14.9573,-4.7847,30.0654,70054.0,0.3261,23.4,26.05,26.05,19.8,19.8,15.4,-6.0656,-9.0008,-3.2533,-5.7728,-14.9573,-23.6084,-23.6084,0.5051,29.2208
20260415,1516,川飛,TWSE,19.9,20.5,19.9,19.9,21369.0,,,data/daily_price/20260415.csv,20.12,21.055,21.8475,20.5983,21.0176,0.0,-4.7847,-11.5556,-5.9102,21.3415,66179.45,0.3229,23.0,26.05,26.05,19.8,19.8,16.0,-5.4856,-8.9141,-3.3902,-5.3173,-13.4783,-23.6084,-23.6084,0.5051,24.375
20260416,1516,川飛,TWSE,20.2,20.8,20.0,20.0,32614.0,,,data/daily_price/20260416.csv,20.06,20.91,21.8075,20.615,20.9328,0.5025,-1.4778,-12.6638,-10.7143,11.1111,62960.65,0.518,22.95,26.05,26.05,19.8,19.8,16.0,-4.352,-8.2884,-2.9833,-4.4561,-12.854,-23.2246,-23.2246,1.0101,25.0
20260417,1516,川飛,TWSE,20.0,20.15,19.6,19.7,44763.0,,,data/daily_price/20260417.csv,19.9,20.7675,21.7817,20.6379,20.83,-1.5,-3.9024,-12.6386,-7.2941,16.2242,62785.3,0.713,22.75,26.05,26.05,19.6,19.6,16.0,-5.1402,-9.557,-4.5446,-5.4251,-13.4066,-24.3762,-24.3762,0.5102,23.125
20260420,1516,川飛,TWSE,20.15,20.65,20.15,20.55,119401.0,,,data/daily_price/20260420.csv,20.01,20.68,21.77,20.6629,20.8067,4.3147,2.75,-7.8475,-3.2941,17.094,64355.7,1.8553,22.75,26.05,26.05,19.6,19.6,16.0,-0.6286,-5.604,-0.5465,-1.2338,-9.6703,-21.1132,-21.1132,4.8469,28.4375
20260421,1516,川飛,TWSE,20.55,20.95,20.1,20.65,62407.0,,,data/daily_price/20260421.csv,20.16,20.6,21.75,20.685,20.7937,0.4866,3.7688,-7.191,-5.492,14.7222,54467.95,1.1458,22.5,26.05,26.05,19.6,19.6,16.0,0.2427,-5.0575,-0.1692,-0.6908,-8.2222,-20.7294,-20.7294,5.3571,29.0625
20260422,1516,川飛,TWSE,20.65,20.65,20.1,20.5,19515.0,,,data/daily_price/20260422.csv,20.28,20.5125,21.725,20.7042,20.7692,-0.7264,3.0151,-7.8652,-6.8182,12.6374,53617.0,0.364,22.5,26.05,26.05,19.6,19.6,16.0,-0.0609,-5.6387,-0.9861,-1.2961,-8.8889,-21.3052,-21.3052,4.5918,28.125
20260423,1516,川飛,TWSE,20.2,20.2,19.7,20.05,87105.0,,,data/daily_price/20260423.csv,20.29,20.405,21.6892,20.7208,20.7092,-2.1951,0.25,-9.6847,-9.6847,11.0803,52365.45,1.6634,22.5,26.05,26.05,19.6,19.6,16.0,-1.7398,-7.5575,-3.2375,-3.1834,-10.8889,-23.0326,-23.0326,2.2959,25.3125
20260424,1516,川飛,TWSE,20.3,20.35,19.8,20.35,46112.0,,,data/daily_price/20260424.csv,20.42,20.3225,21.6625,20.7287,20.6793,1.4963,3.2995,-7.5,-7.2893,4.8969,52930.2,0.8712,22.0,26.05,26.05,19.6,19.6,16.0,0.1353,-6.0589,-1.8272,-1.5925,-7.5,-21.881,-21.881,3.8265,27.1875
20260427,1516,川飛,TWSE,20.0,20.15,20.0,20.1,49719.0,,,data/daily_price/20260427.csv,20.33,20.2525,21.6367,20.7354,20.631,-1.2285,-2.1898,-6.5116,-7.1594,4.1451,52417.5,0.9485,22.0,26.05,26.05,19.6,19.6,16.0,-0.753,-7.1021,-3.0644,-2.574,-8.6364,-22.8407,-22.8407,2.551,25.625
20260428,1516,川飛,TWSE,20.4,20.7,19.8,20.15,44014.0,,,data/daily_price/20260428.csv,20.23,20.2375,21.6058,20.7471,20.5909,0.2488,-2.4213,-1.467,-8.4091,7.4667,52375.3,0.8404,22.0,26.05,26.05,19.6,19.6,16.0,-0.4324,-6.7381,-2.8779,-2.1415,-8.4091,-22.6488,-22.6488,2.8061,25.9375
20260429,1516,川飛,TWSE,20.2,20.75,20.2,20.65,110101.0,,,data/daily_price/20260429.csv,20.26,20.2375,21.58,20.7679,20.5959,2.4814,0.7317,0.0,-6.982,13.7741,56383.55,1.9527,21.8,26.05,26.05,19.6,19.6,16.0,2.0383,-4.3095,-0.5678,0.2628,-5.2752,-20.7294,-20.7294,5.3571,29.0625
20260430,1516,川飛,TWSE,20.65,21.45,20.5,21.45,50962.0,,,data/daily_price/20260430.csv,20.54,20.32,21.5725,20.8,20.667,3.8741,6.9825,8.3333,-2.0548,21.875,57491.0,0.8864,21.8,26.05,26.05,19.6,19.6,16.0,5.561,-0.5679,3.125,3.7884,-1.6055,-17.6583,-17.6583,9.4388,34.0625
20260504,1516,川飛,TWSE,21.45,21.9,20.8,21.8,46011.0,,,data/daily_price/20260504.csv,20.83,20.3925,21.5683,20.8425,20.7615,1.6317,7.1253,7.1253,-1.1338,30.5389,52618.65,0.8744,21.9,26.05,26.05,19.6,19.6,16.0,6.902,1.0741,4.594,5.0022,-0.4566,-16.3148,-16.3148,11.2245,36.25
20260505,1516,川飛,TWSE,21.5,21.8,21.0,21.8,90427.0,,,data/daily_price/20260505.csv,21.17,20.465,21.5617,20.8875,20.848,0.0,8.4577,7.1253,-1.8018,32.9268,49854.05,1.8138,21.9,26.05,26.05,19.6,19.6,16.0,6.5233,1.1054,4.3686,4.5664,-0.4566,-16.3148,-16.3148,11.2245,36.25
20260506,1516,川飛,TWSE,21.8,21.95,20.55,21.8,151128.0,,,data/daily_price/20260506.csv,21.5,20.5525,21.5483,20.9333,20.9273,0.0,8.1886,8.7282,-3.5398,33.7423,56206.75,2.6888,21.95,26.05,26.05,19.6,19.6,16.0,6.0698,1.1679,4.1401,4.17,-0.6834,-16.3148,-16.3148,11.2245,36.25
20260507,1516,川飛,TWSE,21.8,22.25,21.7,21.85,185190.0,,,data/daily_price/20260507.csv,21.74,20.6,21.5325,20.9779,21.0042,0.2294,5.8111,4.5455,-4.1667,32.4242,64411.25,2.8751,22.25,26.05,26.05,19.6,19.6,16.0,6.068,1.4745,4.1571,4.0267,-1.7978,-16.1228,-16.1228,11.4796,36.5625
20260508,1516,川飛,TWSE,21.7,21.95,21.55,21.7,34320.0,,,data/daily_price/20260508.csv,21.79,20.67,21.525,21.0213,21.0622,-0.6865,1.1655,6.8966,-2.0316,31.5152,64917.7,0.5287,22.25,26.05,26.05,19.6,19.6,16.0,4.9831,0.813,3.2289,3.0281,-2.4719,-16.6987,-16.6987,10.7143,35.625
20260511,1516,川飛,TWSE,21.1,21.9,20.7,21.75,97427.0,,,data/daily_price/20260511.csv,21.78,20.7325,21.5167,21.0663,21.1195,0.2304,-0.2294,6.0976,-2.2472,33.0275,69099.1,1.41,22.25,26.05,26.05,19.6,19.6,16.0,4.9078,1.0844,3.2457,2.9853,-2.2472,-16.5067,-16.5067,10.9694,35.9375
20260512,1516,川飛,TWSE,21.0,21.65,21.0,21.6,78148.0,,,data/daily_price/20260512.csv,21.74,20.8125,21.5192,21.1079,21.1596,-0.6897,-0.9174,8.0,0.6993,30.1205,69679.05,1.1215,22.25,26.05,26.05,19.6,19.6,16.0,3.7838,0.3756,2.3313,2.0815,-2.9213,-17.0825,-17.0825,10.2041,35.0
20260513,1516,川飛,TWSE,21.6,21.65,21.0,21.6,153118.0,,,data/daily_price/20260513.csv,21.7,20.8975,21.5183,21.1496,21.1963,0.0,-0.9174,8.5427,-0.2309,30.1205,76192.55,2.0096,22.25,26.05,26.05,19.6,19.6,16.35,3.3616,0.3795,2.1297,1.9047,-2.9213,-17.0825,-17.0825,10.2041,32.1101
20260514,1516,川飛,TWSE,21.6,21.85,21.6,21.8,98067.0,,,data/daily_price/20260514.csv,21.69,20.9925,21.5242,21.1929,21.2466,0.9259,-0.2288,9.5477,1.6317,31.3253,80027.45,1.2254,22.25,26.05,26.05,19.6,19.6,16.35,3.8466,1.2815,2.8646,2.6048,-2.0225,-16.3148,-16.3148,11.2245,33.3333
20260515,1516,川飛,TWSE,21.8,21.9,21.8,21.9,110581.0,,,data/daily_price/20260515.csv,21.73,21.0875,21.5308,21.2346,21.301,0.4587,0.9217,9.5,1.8605,29.5858,83925.8,1.3176,22.25,26.05,26.05,19.6,19.6,16.35,3.853,1.7146,3.1336,2.8119,-1.573,-15.9309,-15.9309,11.7347,33.945
20260518,1516,川飛,TWSE,22.3,22.3,21.0,21.1,241915.0,,,data/daily_price/20260518.csv,21.6,21.1575,21.5208,21.2704,21.2843,-3.653,-2.9885,7.1066,-2.765,25.5952,93783.4,2.5795,22.3,26.05,26.05,19.7,19.6,16.35,-0.2718,-1.9555,-0.8012,-0.8658,-5.3812,-19.0019,-19.0019,7.6531,29.052
20260519,1516,川飛,TWSE,21.6,22.0,21.5,21.8,138322.0,,,data/daily_price/20260519.csv,21.64,21.22,21.5175,21.3092,21.3273,3.3175,0.9259,6.0827,-0.9091,27.1137,94729.45,1.4602,22.3,26.05,26.05,19.7,19.6,16.4,2.7333,1.3129,2.3034,2.2166,-2.2422,-16.3148,-16.3148,11.2245,32.9268
20260520,1516,川飛,TWSE,22.0,22.0,21.3,21.3,4768.0,,,data/daily_price/20260520.csv,21.58,21.2525,21.5033,21.3462,21.325,-2.2936,-1.3889,3.1477,-3.8375,26.4095,91847.5,0.0519,22.3,26.05,26.05,19.7,19.6,16.5,0.2235,-0.9456,-0.2167,-0.1172,-4.4843,-18.2342,-18.2342,8.6735,29.0909
20260521,1516,川飛,TWSE,22.25,22.25,20.95,21.0,101815.0,,,data/daily_price/20260521.csv,21.42,21.2775,21.5008,21.3771,21.2979,-1.4085,-3.6697,2.439,-0.7092,21.3873,95962.5,1.061,22.3,26.05,26.05,19.7,19.6,17.35,-1.3042,-2.3294,-1.764,-1.3987,-5.8296,-19.3858,-19.3858,7.1429,21.0375
20260522,1516,川飛,TWSE,21.5,21.5,20.6,20.75,18117.0,374674.0,TWSE_RWD_JSON_MI_INDEX,data/daily_price/daily_price_20260522.csv,21.19,21.3125,21.4958,21.3996,21.2522,-1.1905,-5.2511,3.4913,-1.4252,14.9584,92513.1,0.1958,22.3,26.05,26.05,19.8,19.6,18.0,-2.6393,-3.4697,-3.0355,-2.3632,-6.9507,-20.3455,-20.3455,5.8673,15.2778
20260525,1516,川飛,TWSE,20.8,21.7,20.8,21.0,111826.0,2355140.0,TWSE_RWD_JSON_MI_INDEX,data/daily_price/daily_price_20260525.csv,21.17,21.345,21.4983,21.4212,21.2312,1.2048,-0.4739,3.1941,0.7194,14.1304,95798.8,1.1673,22.3,26.05,26.05,19.8,19.6,18.3,-1.6163,-2.318,-1.9665,-1.0891,-5.8296,-19.3858,-19.3858,7.1429,14.7541
20260526,1516,川飛,TWSE,21.0,21.0,20.75,21.0,149161.0,3131428.0,TWSE_RWD_JSON_MI_INDEX,data/daily_price/daily_price_20260526.csv,21.01,21.39,21.4975,21.4421,21.212,0.0,-3.6697,4.4776,-0.2375,13.5135,100770.9,1.4802,22.3,26.05,26.05,19.8,19.6,18.3,-1.8233,-2.3142,-2.0618,-0.9992,-5.8296,-19.3858,-19.3858,7.1429,14.7541
20260527,1516,川飛,TWSE,21.3,21.35,20.6,20.6,36471.0,759841.0,TWSE_RWD_JSON_MI_INDEX,data/daily_price/daily_price_20260527.csv,20.87,21.4125,21.4733,21.4579,21.161,-1.9048,-3.2864,2.2333,-6.576,10.1604,100393.75,0.3633,22.3,26.05,26.05,20.2,19.6,18.65,-3.7945,-4.0671,-3.9981,-2.6509,-7.6233,-20.9213,-20.9213,5.102,10.4558
20260528,1516,川飛,TWSE,20.6,21.05,20.6,21.0,194972.0,4085152.0,TWSE_RWD_JSON_MI_INDEX,data/daily_price/daily_price_20260528.csv,20.87,21.43,21.4467,21.4729,21.1475,1.9417,0.0,1.6949,-7.0796,9.375,104637.3,1.8633,22.3,26.05,26.05,20.5,19.6,19.25,-2.0065,-2.0827,-2.2024,-0.6977,-5.8296,-19.3858,-19.3858,7.1429,9.0909
20260529,1516,川飛,TWSE,21.1,21.1,20.55,20.7,64262.0,1336823.0,TWSE_RWD_JSON_MI_INDEX,data/daily_price/daily_price_20260529.csv,20.86,21.3925,21.4175,21.4754,21.1102,-1.4286,-0.241,-3.4965,-7.7951,1.4706,105302.3,0.6103,22.3,26.05,26.05,20.55,19.6,19.45,-3.2371,-3.3501,-3.6107,-1.9434,-7.1749,-20.5374,-20.5374,5.6122,6.4267
20260601,1516,川飛,TWSE,19.35,21.2,19.35,21.0,111192.0,2302411.0,TWSE_RWD_JSON_MI_INDEX,data/daily_price/daily_price_20260601.csv,20.86,21.3525,21.3992,21.4829,21.1011,1.4493,0.0,-3.6697,-4.9774,4.4776,108561.35,1.0242,22.3,26.05,26.05,19.35,19.35,19.35,-1.6509,-1.8653,-2.2479,-0.4789,-5.8296,-19.3858,-19.3858,8.5271,8.5271
20260602,1516,川飛,TWSE,21.0,21.0,20.7,21.0,53763.0,1124818.0,TWSE_RWD_JSON_MI_INDEX,data/daily_price/daily_price_20260602.csv,20.86,21.3125,21.3742,21.4892,21.0926,0.0,0.0,-3.6697,-6.6667,3.7037,106728.15,0.5037,22.3,26.05,26.05,19.35,19.35,19.35,-1.4663,-1.7506,-2.2763,-0.4392,-5.8296,-19.3858,-19.3858,8.5271,8.5271
20260603,1516,川飛,TWSE,20.4,21.65,20.4,21.65,84000.0,1775128.0,TWSE_RWD_JSON_MI_INDEX,data/daily_price/daily_price_20260603.csv,21.07,21.305,21.3583,21.5033,21.1391,3.0952,5.0971,-0.6881,-4.2035,8.5213,103371.75,0.8126,22.3,26.05,26.05,19.35,19.35,19.35,1.6193,1.3656,0.6821,2.4169,-2.9148,-16.8906,-16.8906,11.8863,11.8863
20260604,1516,川飛,TWSE,21.65,21.65,21.45,21.5,13909.0,298747.0,TWSE_RWD_JSON_MI_INDEX,data/daily_price/daily_price_20260604.csv,21.17,21.2875,21.3192,21.5158,21.1692,-0.6928,2.381,-1.6018,-9.8532,7.5,94807.7,0.1467,22.3,26.05,26.05,19.35,19.35,19.35,0.9982,0.8482,-0.0736,1.5628,-3.5874,-17.4664,-17.4664,11.1111,11.1111
20260605,1516,川飛,TWSE,21.0,21.05,21.0,21.0,19570.0,411959.0,TWSE_RWD_JSON_MI_INDEX,data/daily_price/daily_price_20260605.csv,21.23,21.2525,21.2525,21.5242,21.1551,-2.3256,1.4493,-3.2258,-16.0,5.0,94070.2,0.208,22.3,26.05,26.05,19.35,19.35,19.35,-1.1881,-1.1881,-2.4352,-0.733,-5.8296,-19.3858,-19.3858,8.5271,8.5271
20260608,1516,川飛,TWSE,20.9,20.9,20.6,20.6,4873.0,99294.0,TWSE_RWD_JSON_MI_INDEX,data/daily_price/daily_price_20260608.csv,21.15,21.195,21.1708,21.5271,21.1088,-1.9048,-1.9048,-5.2874,-19.2157,1.7284,89442.5,0.0545,22.3,25.6,26.05,19.35,19.35,19.35,-2.8073,-2.6963,-4.3066,-2.4104,-7.6233,-19.5312,-20.9213,6.4599,6.4599
20260609,1516,川飛,TWSE,20.35,20.8,20.35,20.6,27038.0,556121.0,TWSE_RWD_JSON_MI_INDEX,data/daily_price/daily_price_20260609.csv,21.07,21.145,21.1058,21.5317,21.0664,0.0,-1.9048,-4.6296,-15.9184,2.7431,86887.0,0.3112,22.3,24.5,26.05,19.35,19.35,19.35,-2.5774,-2.3967,-4.327,-2.214,-7.6233,-15.9184,-20.9213,6.4599,6.4599
20260610,1516,川飛,TWSE,22.2,22.2,20.65,21.95,156806.0,3296400.0,TWSE_RWD_JSON_MI_INDEX,data/daily_price/daily_price_20260610.csv,21.13,21.1625,21.0817,21.5479,21.14,6.5534,1.3857,1.6204,-6.1966,9.75,87071.4,1.8009,22.3,23.4,26.05,19.35,19.35,19.35,3.7212,4.1189,1.866,3.8314,-1.5695,-6.1966,-15.739,13.4367,13.4367
20260611,1516,川飛,TWSE,21.5,21.5,20.85,21.3,150777.0,3152219.0,TWSE_RWD_JSON_MI_INDEX,data/daily_price/daily_price_20260611.csv,21.09,21.1375,21.0617,21.5588,21.1534,-2.9613,-0.9302,-2.2936,-5.3333,6.5,89706.9,1.6808,22.3,23.0,26.05,19.35,19.35,19.35,0.7688,1.1316,-1.2002,0.6932,-4.4843,-7.3913,-18.2342,10.0775,10.0775
20260612,1516,川飛,TWSE,21.1,21.5,20.6,21.5,34036.0,724528.0,TWSE_RWD_JSON_MI_INDEX,data/daily_price/daily_price_20260612.csv,21.19,21.1175,21.0383,21.5713,21.1823,0.939,2.381,-1.8265,-6.1135,7.5,85879.65,0.3963,22.3,22.95,26.05,19.35,19.35,19.35,1.8113,2.1944,-0.3303,1.5,-3.5874,-6.3181,-17.4664,11.1111,11.1111
20260615,1516,川飛,TWSE,21.5,21.5,21.0,21.15,100444.0,2342014.0,TWSE_RWD_JSON_MI_INDEX,data/daily_price/daily_price_20260615.csv,21.3,21.12,21.015,21.5808,21.1796,-1.6279,2.6699,0.237,-6.2084,5.75,78806.1,1.2746,22.25,22.75,26.05,19.35,19.35,19.35,0.142,0.6424,-1.9964,-0.1396,-4.9438,-7.033,-18.81,9.3023,9.3023
20260616,1516,川飛,TWSE,21.1,21.1,20.4,20.55,45121.0,934076.0,TWSE_RWD_JSON_MI_INDEX,data/daily_price/daily_price_20260616.csv,21.29,21.0575,20.9858,21.5842,21.1271,-2.8369,-0.2427,-5.7339,-7.8475,1.9851,74146.05,0.6085,22.25,22.75,26.05,19.35,19.35,19.35,-2.4101,-2.0768,-4.7913,-2.7316,-7.6404,-9.6703,-21.1132,6.2016,6.2016
20260617,1516,川飛,TWSE,20.55,20.55,20.45,20.45,19055.0,390766.0,TWSE_RWD_JSON_MI_INDEX,data/daily_price/daily_price_20260617.csv,20.99,21.015,20.9558,21.5875,21.0707,-0.4866,-6.8337,-3.9906,-8.0899,1.995,74860.4,0.2545,22.25,22.5,26.05,19.35,19.35,19.35,-2.6886,-2.4138,-5.2693,-2.9457,-8.0899,-9.1111,-21.4971,5.6848,5.6848
20260618,1516,川飛,TWSE,20.5,20.55,20.4,20.5,40354.0,826715.0,TWSE_RWD_JSON_MI_INDEX,data/daily_price/daily_price_20260618.csv,20.83,20.99,20.9267,21.5904,21.0231,0.2445,-3.7559,-2.381,-7.8652,1.737,71787.35,0.5621,22.2,22.5,26.05,19.35,19.35,19.35,-2.3344,-2.0389,-5.0505,-2.4883,-7.6577,-8.8889,-21.3052,5.9432,5.9432
20260622,1516,川飛,TWSE,20.35,20.45,20.35,20.4,15716.0,320298.0,TWSE_RWD_JSON_MI_INDEX,data/daily_price/daily_price_20260622.csv,20.61,20.9725,20.8967,21.5929,20.9712,-0.4878,-5.1163,-1.6867,-8.1081,1.4925,71667.3,0.2193,22.2,22.5,26.05,19.35,19.35,19.35,-2.7298,-2.3768,-5.5246,-2.7237,-8.1081,-9.3333,-21.6891,5.4264,5.4264
20260623,1516,川飛,TWSE,20.4,20.5,19.5,19.85,44193.0,888773.0,TWSE_RWD_JSON_MI_INDEX,data/daily_price/daily_price_20260623.csv,20.35,20.915,20.8608,21.5867,20.8778,-2.6961,-6.1466,-5.4762,-9.7727,-3.6408,68285.65,0.6472,22.2,22.3,26.05,19.35,19.35,19.35,-5.092,-4.8456,-8.0451,-4.9228,-10.5856,-10.9865,-23.8004,2.584,2.584
20260624,1516,川飛,TWSE,20.0,20.45,20.0,20.4,19214.0,387606.0,TWSE_RWD_JSON_MI_INDEX,data/daily_price/daily_price_20260624.csv,20.32,20.885,20.8425,21.5742,20.8379,2.7708,-0.7299,-2.8571,-5.1163,-6.8493,61788.3,0.311,22.2,22.3,26.05,19.35,19.35,19.35,-2.3222,-2.1231,-5.4425,-2.1017,-8.1081,-8.5202,-21.6891,5.4264,5.4264
20260625,1516,川飛,TWSE,19.65,20.0,19.65,19.8,23207.0,460634.0,TWSE_RWD_JSON_MI_INDEX,data/daily_price/daily_price_20260625.csv,20.19,20.845,20.8317,21.5562,20.7515,-2.9412,-3.1785,-3.8835,-3.1785,-9.795,61125.1,0.3797,22.2,22.3,26.05,19.35,19.35,19.35,-5.0132,-4.9524,-8.1473,-4.585,-10.8108,-11.2108,-23.9923,2.3256,2.3256
20260626,1516,川飛,TWSE,19.0,19.3,19.0,19.3,52949.0,1010297.0,TWSE_RWD_JSON_MI_INDEX,data/daily_price/daily_price_20260626.csv,19.95,20.76,20.8092,21.5321,20.6305,-2.5253,-5.8537,-8.0952,-6.5375,-13.0631,54023.95,0.9801,22.2,22.3,26.05,19.0,19.0,19.0,-7.0328,-7.2524,-10.3663,-6.4492,-13.0631,-13.4529,-25.9117,1.5789,1.5789
