date,stock_id,stock_name,market,open,high,low,close,volume,trading_value,source,source_file,ma5,ma20,ma60,ma120,ema23,return_1d,return_5d,return_20d,return_60d,return_120d,volume_ma20,volume_ratio,high_20,high_60,high_120,low_20,low_60,low_120,distance_to_ma20_pct,distance_to_ma60_pct,distance_to_ma120_pct,distance_to_ema23_pct,distance_to_high_20_pct,distance_to_high_60_pct,distance_to_high_120_pct,distance_to_low_60_pct,distance_to_low_120_pct
20240102,2344,華邦電,TWSE,30.55,30.95,29.9,30.0,49293294.0,1495210449.0,TWSE_RWD_JSON_MI_INDEX,data/daily_price/daily_price_20240102.csv,,,,,,,,,,,,,,,,,,,,,,,,,,,
20240103,2344,華邦電,TWSE,29.55,29.65,29.0,29.35,41503724.0,1217391174.0,TWSE_RWD_JSON_MI_INDEX,data/daily_price/daily_price_20240103.csv,,,,,,-2.1667,,,,,,,,,,,,,,,,,,,,,
20240104,2344,華邦電,TWSE,29.45,29.6,28.95,29.1,22673720.0,661030010.0,TWSE_RWD_JSON_MI_INDEX,data/daily_price/daily_price_20240104.csv,,,,,,-0.8518,,,,,,,,,,,,,,,,,,,,,
20240105,2344,華邦電,TWSE,29.1,29.3,28.7,28.85,29522776.0,854731308.0,TWSE_RWD_JSON_MI_INDEX,data/daily_price/daily_price_20240105.csv,,,,,,-0.8591,,,,,,,,,,,,,,,,,,,,,
20240108,2344,華邦電,TWSE,29.05,29.2,28.25,28.55,26727773.0,765798344.0,TWSE_RWD_JSON_MI_INDEX,data/daily_price/daily_price_20240108.csv,29.17,29.17,29.17,29.17,29.6866,-1.0399,,,,,33944257.4,0.7874,30.95,30.95,30.95,28.25,28.25,28.25,-2.1255,-2.1255,-2.1255,-3.8286,-7.7544,-7.7544,-7.7544,1.0619,1.0619
20240109,2344,華邦電,TWSE,28.8,28.8,28.1,28.1,25679310.0,728382440.0,TWSE_RWD_JSON_MI_INDEX,data/daily_price/daily_price_20240109.csv,28.79,28.9917,28.9917,28.9917,29.5544,-1.5762,-6.3333,,,,32566766.1667,0.7885,30.95,30.95,30.95,28.1,28.1,28.1,-3.0756,-3.0756,-3.0756,-4.921,-9.2084,-9.2084,-9.2084,0.0,0.0
20240110,2344,華邦電,TWSE,28.1,28.2,27.8,28.1,12674338.0,355778301.0,TWSE_RWD_JSON_MI_INDEX,data/daily_price/daily_price_20240110.csv,28.54,28.8643,28.8643,28.8643,29.4332,0.0,-4.2589,,,,29724990.7143,0.4264,30.95,30.95,30.95,27.8,27.8,27.8,-2.6479,-2.6479,-2.6479,-4.5295,-9.2084,-9.2084,-9.2084,1.0791,1.0791
20240111,2344,華邦電,TWSE,28.3,28.3,27.7,27.85,24245714.0,675857674.0,TWSE_RWD_JSON_MI_INDEX,data/daily_price/daily_price_20240111.csv,28.29,28.7375,28.7375,28.7375,29.3012,-0.8897,-4.2955,,,,29040081.125,0.8349,30.95,30.95,30.95,27.7,27.7,27.7,-3.0883,-3.0883,-3.0883,-4.9528,-10.0162,-10.0162,-10.0162,0.5415,0.5415
20240112,2344,華邦電,TWSE,27.8,28.05,27.7,27.95,18832670.0,525027685.0,TWSE_RWD_JSON_MI_INDEX,data/daily_price/daily_price_20240112.csv,28.11,28.65,28.65,28.65,29.1886,0.3591,-3.1196,,,,27905924.3333,0.6749,30.95,30.95,30.95,27.7,27.7,27.7,-2.4433,-2.4433,-2.4433,-4.2435,-9.6931,-9.6931,-9.6931,0.9025,0.9025
20240115,2344,華邦電,TWSE,28.15,29.3,28.05,29.0,49024865.0,1409679886.0,TWSE_RWD_JSON_MI_INDEX,data/daily_price/daily_price_20240115.csv,28.2,28.685,28.685,28.685,29.1729,3.7567,1.5762,,,,30017818.4,1.6332,30.95,30.95,30.95,27.7,27.7,27.7,1.0981,1.0981,1.0981,-0.5927,-6.3005,-6.3005,-6.3005,4.6931,4.6931
20240116,2344,華邦電,TWSE,28.7,28.7,28.0,28.1,37061470.0,1046917008.0,TWSE_RWD_JSON_MI_INDEX,data/daily_price/daily_price_20240116.csv,28.2,28.6318,28.6318,28.6318,29.0835,-3.1034,0.0,,,,30658150.3636,1.2089,30.95,30.95,30.95,27.7,27.7,27.7,-1.8574,-1.8574,-1.8574,-3.3817,-9.2084,-9.2084,-9.2084,1.444,1.444
20240117,2344,華邦電,TWSE,28.0,28.05,26.8,26.85,76848281.0,2093910191.0,TWSE_RWD_JSON_MI_INDEX,data/daily_price/daily_price_20240117.csv,27.95,28.4833,28.4833,28.4833,28.8974,-4.4484,-4.4484,,,,34507327.9167,2.227,30.95,30.95,30.95,26.8,26.8,26.8,-5.7343,-5.7343,-5.7343,-7.085,-13.2472,-13.2472,-13.2472,0.1866,0.1866
20240118,2344,華邦電,TWSE,27.0,27.65,26.9,27.5,45818769.0,1250563668.0,TWSE_RWD_JSON_MI_INDEX,data/daily_price/daily_price_20240118.csv,27.88,28.4077,28.4077,28.4077,28.7809,2.4209,-1.2567,,,,35377438.7692,1.2951,30.95,30.95,30.95,26.8,26.8,26.8,-3.1952,-3.1952,-3.1952,-4.4506,-11.147,-11.147,-11.147,2.6119,2.6119
20240119,2344,華邦電,TWSE,27.75,27.9,27.5,27.65,18943599.0,524914792.0,TWSE_RWD_JSON_MI_INDEX,data/daily_price/daily_price_20240119.csv,27.82,28.3536,28.3536,28.3536,28.6867,0.5455,-1.0733,,,,34203593.0714,0.5538,30.95,30.95,30.95,26.8,26.8,26.8,-2.4814,-2.4814,-2.4814,-3.6138,-10.6624,-10.6624,-10.6624,3.1716,3.1716
20240122,2344,華邦電,TWSE,27.85,28.2,27.55,27.9,23764711.0,661484876.0,TWSE_RWD_JSON_MI_INDEX,data/daily_price/daily_price_20240122.csv,27.6,28.3233,28.3233,28.3233,28.6211,0.9042,-3.7931,,,,33507667.6,0.7092,30.95,30.95,30.95,26.8,26.8,26.8,-1.4946,-1.4946,-1.4946,-2.5196,-9.8546,-9.8546,-9.8546,4.1045,4.1045
20240123,2344,華邦電,TWSE,28.1,28.75,27.85,28.15,53378245.0,1507345413.0,TWSE_RWD_JSON_MI_INDEX,data/daily_price/daily_price_20240123.csv,27.61,28.3125,28.3125,28.3125,28.5819,0.8961,0.1779,,,,34749578.6875,1.5361,30.95,30.95,30.95,26.8,26.8,26.8,-0.574,-0.574,-0.574,-1.511,-9.0468,-9.0468,-9.0468,5.0373,5.0373
20240124,2344,華邦電,TWSE,28.35,28.9,27.9,27.9,46010573.0,1305164255.0,TWSE_RWD_JSON_MI_INDEX,data/daily_price/daily_price_20240124.csv,27.82,28.2882,28.2882,28.2882,28.525,-0.8881,3.9106,,,,35411990.1176,1.2993,30.95,30.95,30.95,26.8,26.8,26.8,-1.3724,-1.3724,-1.3724,-2.1912,-9.8546,-9.8546,-9.8546,4.1045,4.1045
20240125,2344,華邦電,TWSE,28.5,28.6,27.75,27.85,34607930.0,972401849.0,TWSE_RWD_JSON_MI_INDEX,data/daily_price/daily_price_20240125.csv,27.89,28.2639,28.2639,28.2639,28.4688,-0.1792,1.2727,,,,35367320.1111,0.9785,30.95,30.95,30.95,26.8,26.8,26.8,-1.4644,-1.4644,-1.4644,-2.1736,-10.0162,-10.0162,-10.0162,3.9179,3.9179
20240126,2344,華邦電,TWSE,27.95,28.45,27.7,28.0,36694297.0,1027845500.0,TWSE_RWD_JSON_MI_INDEX,data/daily_price/daily_price_20240126.csv,27.96,28.25,28.25,28.25,28.4297,0.5386,1.2658,,,,35437161.0,1.0355,30.95,30.95,30.95,26.8,26.8,26.8,-0.885,-0.885,-0.885,-1.5115,-9.5315,-9.5315,-9.5315,4.4776,4.4776
20240129,2344,華邦電,TWSE,28.0,28.0,27.6,27.9,14660480.0,407380774.0,TWSE_RWD_JSON_MI_INDEX,data/daily_price/daily_price_20240129.csv,27.96,28.2325,28.2325,28.2325,28.3856,-0.3571,0.0,,,,34398326.95,0.4262,30.95,30.95,30.95,26.8,26.8,26.8,-1.1777,-1.1777,-1.1777,-1.7107,-9.8546,-9.8546,-9.8546,4.1045,4.1045
20240130,2344,華邦電,TWSE,27.85,27.9,27.3,27.35,22508978.0,618921166.0,TWSE_RWD_JSON_MI_INDEX,data/daily_price/daily_price_20240130.csv,27.8,28.1,28.1905,28.1905,28.2993,-1.9713,-2.8419,-8.8333,,,33059111.15,0.6809,29.65,30.95,30.95,26.8,26.8,26.8,-2.669,-2.9814,-2.9814,-3.3544,-7.7572,-11.6317,-11.6317,2.0522,2.0522
20240131,2344,華邦電,TWSE,27.25,27.55,27.05,27.2,19969735.0,543138156.0,TWSE_RWD_JSON_MI_INDEX,data/daily_price/daily_price_20240131.csv,27.66,27.9925,28.1455,28.1455,28.2077,-0.5484,-2.509,-7.3254,,,31982411.7,0.6244,29.6,30.95,30.95,26.8,26.8,26.8,-2.8311,-3.3592,-3.3592,-3.5723,-8.1081,-12.1163,-12.1163,1.4925,1.4925
20240201,2344,華邦電,TWSE,27.2,27.4,27.1,27.35,9016822.0,245872776.0,TWSE_RWD_JSON_MI_INDEX,data/daily_price/daily_price_20240201.csv,27.56,27.905,28.1109,28.1109,28.1362,0.5515,-1.7953,-6.0137,,,31299566.8,0.2881,29.3,30.95,30.95,26.8,26.8,26.8,-1.9889,-2.7067,-2.7067,-2.7943,-6.6553,-11.6317,-11.6317,2.0522,2.0522
20240202,2344,華邦電,TWSE,27.45,27.5,27.05,27.05,12743591.0,346381660.0,TWSE_RWD_JSON_MI_INDEX,data/daily_price/daily_price_20240202.csv,27.37,27.815,28.0667,28.0667,28.0457,-1.0969,-3.3929,-6.2392,,,30460607.55,0.4184,29.3,30.95,30.95,26.8,26.8,26.8,-2.7503,-3.6223,-3.6223,-3.5502,-7.6792,-12.601,-12.601,0.9328,0.9328
20240205,2344,華邦電,TWSE,27.0,27.2,26.9,27.1,11503666.0,311211873.0,TWSE_RWD_JSON_MI_INDEX,data/daily_price/daily_price_20240205.csv,27.21,27.7425,28.028,28.028,27.9669,0.1848,-2.8674,-5.0788,,,29699402.2,0.3873,29.3,30.95,30.95,26.8,26.8,26.8,-2.3159,-3.311,-3.311,-3.0997,-7.5085,-12.4394,-12.4394,1.1194,1.1194
20240215,2344,華邦電,TWSE,27.25,27.25,26.2,26.35,56230557.0,1486826144.0,TWSE_RWD_JSON_MI_INDEX,data/daily_price/daily_price_20240215.csv,27.01,27.655,27.9635,27.9635,27.8321,-2.7675,-3.6563,-6.2278,,,31226964.55,1.8007,29.3,30.95,30.95,26.2,26.2,26.2,-4.7189,-5.7699,-5.7699,-5.3253,-10.0683,-14.8627,-14.8627,0.5725,0.5725
20240216,2344,華邦電,TWSE,26.5,27.3,26.45,27.15,32131382.0,866738169.0,TWSE_RWD_JSON_MI_INDEX,data/daily_price/daily_price_20240216.csv,27.0,27.6075,27.9333,27.9333,27.7753,3.0361,-0.1838,-3.3808,,,32199816.75,0.9979,29.3,30.95,30.95,26.2,26.2,26.2,-1.6572,-2.8043,-2.8043,-2.2513,-7.3379,-12.2779,-12.2779,3.626,3.626
20240219,2344,華邦電,TWSE,27.65,27.8,27.35,27.7,29343145.0,810340083.0,TWSE_RWD_JSON_MI_INDEX,data/daily_price/daily_price_20240219.csv,27.07,27.6,27.925,27.925,27.769,2.0258,1.2797,-0.5386,,,32454688.3,0.9041,29.3,30.95,30.95,26.2,26.2,26.2,0.3623,-0.8057,-0.8057,-0.2485,-5.4608,-10.5008,-10.5008,5.7252,5.7252
20240220,2344,華邦電,TWSE,27.85,27.85,27.2,27.3,21029678.0,576142921.0,TWSE_RWD_JSON_MI_INDEX,data/daily_price/daily_price_20240220.csv,27.12,27.5675,27.9034,27.9034,27.7299,-1.444,0.9242,-2.3256,,,32564538.7,0.6458,29.3,30.95,30.95,26.2,26.2,26.2,-0.9703,-2.1626,-2.1626,-1.5504,-6.8259,-11.7932,-11.7932,4.1985,4.1985
20240221,2344,華邦電,TWSE,27.3,27.8,27.3,27.7,22635013.0,626593629.0,TWSE_RWD_JSON_MI_INDEX,data/daily_price/daily_price_20240221.csv,27.24,27.5025,27.8967,27.8967,27.7274,1.4652,2.214,-4.4828,,,31245046.1,0.7244,28.9,30.95,30.95,26.2,26.2,26.2,0.7181,-0.705,-0.705,-0.099,-4.1522,-10.5008,-10.5008,5.7252,5.7252
20240222,2344,華邦電,TWSE,27.8,28.1,27.6,27.9,21101176.0,587413738.0,TWSE_RWD_CSV_MI_INDEX,data/daily_price/daily_price_20240222.csv,27.55,27.4925,27.8968,27.8968,27.7418,0.722,5.8824,-0.7117,,,30447031.4,0.693,28.9,30.95,30.95,26.2,26.2,26.2,1.4822,0.0116,0.0116,0.5702,-3.4602,-9.8546,-9.8546,6.4885,6.4885
20240223,2344,華邦電,TWSE,28.15,28.2,27.65,27.65,28929644.0,806595889.0,TWSE_RWD_JSON_MI_INDEX,data/daily_price/daily_price_20240223.csv,27.65,27.5325,27.8891,27.8891,27.7342,-0.8961,1.8416,2.9795,,,28051099.55,1.0313,28.9,30.95,30.95,26.2,26.2,26.2,0.4268,-0.8572,-0.8572,-0.3035,-4.3253,-10.6624,-10.6624,5.5344,5.5344
20240226,2344,華邦電,TWSE,27.65,27.7,27.35,27.55,15506381.0,426807849.0,TWSE_RWD_JSON_MI_INDEX,data/daily_price/daily_price_20240226.csv,27.62,27.535,27.8788,27.8788,27.7188,-0.3617,-0.5415,0.1818,,,26535480.15,0.5844,28.9,30.95,30.95,26.2,26.2,26.2,0.0545,-1.1793,-1.1793,-0.609,-4.6713,-10.9855,-10.9855,5.1527,5.1527
20240227,2344,華邦電,TWSE,28.0,28.1,27.4,27.45,22978679.0,637508547.0,TWSE_RWD_JSON_MI_INDEX,data/daily_price/daily_price_20240227.csv,27.65,27.525,27.8662,27.8662,27.6964,-0.363,0.5495,-0.7233,,,26737234.15,0.8594,28.9,30.95,30.95,26.2,26.2,26.2,-0.2725,-1.4935,-1.4935,-0.8897,-5.0173,-11.3086,-11.3086,4.771,4.771
20240229,2344,華邦電,TWSE,27.5,27.95,27.2,27.95,21806148.0,604084150.0,TWSE_RWD_JSON_MI_INDEX,data/daily_price/daily_price_20240229.csv,27.7,27.5275,27.8686,27.8686,27.7176,1.8215,0.9025,0.1792,,,26639306.0,0.8186,28.9,30.95,30.95,26.2,26.2,26.2,1.5348,0.2922,0.2922,0.8386,-3.2872,-9.6931,-9.6931,6.6794,6.6794
20240301,2344,華邦電,TWSE,27.95,27.95,27.6,27.7,14134938.0,392471275.0,TWSE_RWD_JSON_MI_INDEX,data/daily_price/daily_price_20240301.csv,27.66,27.505,27.8639,27.8639,27.7161,-0.8945,-0.7168,-1.5986,,,24677140.65,0.5728,28.9,30.95,30.95,26.2,26.2,26.2,0.709,-0.5882,-0.5882,-0.058,-4.1522,-10.5008,-10.5008,5.7252,5.7252
20240304,2344,華邦電,TWSE,28.15,28.5,27.75,27.75,30862852.0,866092875.0,TWSE_RWD_CSV_MI_INDEX,data/daily_price/daily_price_20240304.csv,27.68,27.4975,27.8608,27.8608,27.7189,0.1805,0.3617,-0.5376,,,23919754.6,1.2903,28.6,30.95,30.95,26.2,26.2,26.2,0.9183,-0.3977,-0.3977,0.1121,-2.972,-10.3393,-10.3393,5.916,5.916
20240305,2344,華邦電,TWSE,27.8,28.0,27.3,27.55,13647819.0,376450600.0,TWSE_RWD_JSON_MI_INDEX,data/daily_price/daily_price_20240305.csv,27.68,27.4825,27.8526,27.8526,27.7048,-0.7207,0.0,-1.0772,,,22871749.05,0.5967,28.5,30.95,30.95,26.2,26.2,26.2,0.2456,-1.0865,-1.0865,-0.5589,-3.3333,-10.9855,-10.9855,5.1527,5.1527
20240306,2344,華邦電,TWSE,27.5,27.7,27.2,27.2,15987526.0,436867660.0,TWSE_RWD_JSON_MI_INDEX,data/daily_price/daily_price_20240306.csv,27.63,27.4425,27.8359,27.8359,27.6628,-1.2704,-0.9107,-2.8571,,,21836410.5,0.7321,28.5,30.95,30.95,26.2,26.2,26.2,-0.8837,-2.2845,-2.2845,-1.6729,-4.5614,-12.1163,-12.1163,3.8168,3.8168
20240307,2344,華邦電,TWSE,27.7,28.7,27.6,27.65,74686645.0,2099591360.0,TWSE_RWD_JSON_MI_INDEX,data/daily_price/daily_price_20240307.csv,27.57,27.43,27.8312,27.8312,27.6617,1.6544,-1.0733,-0.8961,,,24837718.75,3.007,28.7,30.95,30.95,26.2,26.2,26.2,0.802,-0.6512,-0.6512,-0.0423,-3.6585,-10.6624,-10.6624,5.5344,5.5344
20240308,2344,華邦電,TWSE,28.05,28.45,27.1,27.6,49209189.0,1364740791.0,TWSE_RWD_JSON_MI_INDEX,data/daily_price/daily_price_20240308.csv,27.55,27.4425,27.8256,27.8256,27.6566,-0.1808,-0.361,0.9141,,,26172729.3,1.8802,28.7,30.95,30.95,26.2,26.2,26.2,0.5739,-0.8108,-0.8108,-0.2045,-3.8328,-10.8239,-10.8239,5.3435,5.3435
20240311,2344,華邦電,TWSE,27.7,28.1,27.3,27.45,29514908.0,817562872.0,TWSE_RWD_JSON_MI_INDEX,data/daily_price/daily_price_20240311.csv,27.49,27.455,27.8167,27.8167,27.6393,-0.5435,-1.0811,0.9191,,,26649987.95,1.1075,28.7,30.95,30.95,26.2,26.2,26.2,-0.0182,-1.3182,-1.3182,-0.6851,-4.3554,-11.3086,-11.3086,4.771,4.771
20240312,2344,華邦電,TWSE,27.55,27.65,27.3,27.5,19075877.0,523689299.0,TWSE_RWD_JSON_MI_INDEX,data/daily_price/daily_price_20240312.csv,27.48,27.4625,27.8093,27.8093,27.6277,0.1821,-0.1815,0.5484,,,27152940.7,0.7025,28.7,30.95,30.95,26.2,26.2,26.2,0.1365,-1.1122,-1.1122,-0.4623,-4.1812,-11.147,-11.147,4.9618,4.9618
20240313,2344,華邦電,TWSE,27.6,27.7,26.8,26.8,43003077.0,1163125186.0,TWSE_RWD_JSON_MI_INDEX,data/daily_price/daily_price_20240313.csv,27.4,27.45,27.7864,27.7864,27.5588,-2.5455,-1.4706,-0.9242,,,28665915.0,1.5001,28.7,30.95,30.95,26.2,26.2,26.2,-2.3679,-3.5498,-3.5498,-2.7532,-6.6202,-13.4087,-13.4087,2.2901,2.2901
20240314,2344,華邦電,TWSE,26.75,27.1,26.6,26.8,14865068.0,398412533.0,TWSE_RWD_JSON_MI_INDEX,data/daily_price/daily_price_20240314.csv,27.23,27.435,27.7644,27.7644,27.4955,0.0,-3.0741,-1.107,,,28833985.1,0.5155,28.7,30.95,30.95,26.2,26.2,26.2,-2.3146,-3.4737,-3.4737,-2.5296,-6.6202,-13.4087,-13.4087,2.2901,2.2901
20240315,2344,華邦電,TWSE,26.9,26.9,26.5,26.5,19818174.0,527555924.0,TWSE_RWD_JSON_MI_INDEX,data/daily_price/daily_price_20240315.csv,27.01,27.4425,27.737,27.737,27.4126,-1.1194,-3.9855,0.5693,,,27013365.95,0.7336,28.7,30.95,30.95,26.45,26.2,26.2,-3.4345,-4.4596,-4.4596,-3.329,-7.6655,-14.378,-14.378,1.145,1.145
20240318,2344,華邦電,TWSE,26.5,26.95,26.3,26.9,11220775.0,298573340.0,TWSE_RWD_JSON_MI_INDEX,data/daily_price/daily_price_20240318.csv,26.9,27.43,27.7191,27.7191,27.3699,1.5094,-2.0036,-0.9208,,,25967835.6,0.4321,28.7,30.95,30.95,26.3,26.2,26.2,-1.9322,-2.9552,-2.9552,-1.7167,-6.2718,-13.0856,-13.0856,2.6718,2.6718
20240319,2344,華邦電,TWSE,26.9,27.0,26.6,26.6,15641007.0,417738567.0,TWSE_RWD_JSON_MI_INDEX,data/daily_price/daily_price_20240319.csv,26.72,27.375,27.6958,27.6958,27.3057,-1.1152,-3.2727,-3.9711,,,25282728.7,0.6186,28.7,30.95,30.95,26.3,26.2,26.2,-2.8311,-3.9567,-3.9567,-2.5844,-7.3171,-14.0549,-14.0549,1.5267,1.5267
20240320,2344,華邦電,TWSE,26.65,26.7,26.05,26.05,30015081.0,788371663.0,TWSE_RWD_JSON_MI_INDEX,data/daily_price/daily_price_20240320.csv,26.57,27.3125,27.6622,27.6622,27.2011,-2.0677,-2.7985,-4.5788,,,25731998.85,1.1664,28.7,30.95,30.95,26.05,26.05,26.05,-4.6224,-5.8283,-5.8283,-4.2317,-9.2334,-15.832,-15.832,0.0,0.0
20240321,2344,華邦電,TWSE,27.2,27.9,27.1,27.7,90405765.0,2485464895.0,TWSE_RWD_JSON_MI_INDEX,data/daily_price/daily_price_20240321.csv,26.75,27.3125,27.663,27.663,27.2426,6.334,3.3582,0.0,,,29120536.45,3.1045,28.7,30.95,30.95,26.05,26.05,26.05,1.4188,0.1338,0.1338,1.6789,-3.4843,-10.5008,-10.5008,6.334,6.334
20240322,2344,華邦電,TWSE,28.0,28.15,27.2,27.5,61481110.0,1700282529.0,TWSE_RWD_JSON_MI_INDEX,data/daily_price/daily_price_20240322.csv,26.95,27.2925,27.6598,27.6598,27.2641,-0.722,3.7736,-1.4337,,,31139533.15,1.9744,28.7,30.95,30.95,26.05,26.05,26.05,0.7603,-0.5777,-0.5777,0.8653,-4.1812,-11.147,-11.147,5.5662,5.5662
20240325,2344,華邦電,TWSE,27.4,27.8,27.1,27.45,24019324.0,657326209.0,TWSE_RWD_JSON_MI_INDEX,data/daily_price/daily_price_20240325.csv,27.06,27.2825,27.6558,27.6558,27.2796,-0.1818,2.0446,-0.7233,,,30894017.15,0.7775,28.7,30.95,30.95,26.05,26.05,26.05,0.6139,-0.744,-0.744,0.6247,-4.3554,-11.3086,-11.3086,5.3743,5.3743
20240326,2344,華邦電,TWSE,27.85,28.1,27.05,27.1,44492252.0,1224808429.0,TWSE_RWD_JSON_MI_INDEX,data/daily_price/daily_price_20240326.csv,27.16,27.26,27.6453,27.6453,27.2646,-1.275,1.8797,-1.6334,,,32343310.7,1.3756,28.7,30.95,30.95,26.05,26.05,26.05,-0.5869,-1.9724,-1.9724,-0.6038,-5.5749,-12.4394,-12.4394,4.0307,4.0307
20240327,2344,華邦電,TWSE,27.05,27.15,26.8,26.95,16942130.0,456924996.0,TWSE_RWD_JSON_MI_INDEX,data/daily_price/daily_price_20240327.csv,27.34,27.235,27.6324,27.6324,27.2384,-0.5535,3.4549,-1.8215,,,32041483.25,0.5288,28.7,30.95,30.95,26.05,26.05,26.05,-1.0464,-2.4696,-2.4696,-1.0588,-6.0976,-12.9241,-12.9241,3.4549,3.4549
20240328,2344,華邦電,TWSE,27.05,27.4,26.85,27.0,13348095.0,361402091.0,TWSE_RWD_JSON_MI_INDEX,data/daily_price/daily_price_20240328.csv,27.2,27.1875,27.6209,27.6209,27.2185,0.1855,-2.5271,-3.3989,,,31618580.6,0.4222,28.7,30.95,30.95,26.05,26.05,26.05,-0.6897,-2.248,-2.248,-0.8029,-5.9233,-12.7625,-12.7625,3.6468,3.6468
20240329,2344,華邦電,TWSE,27.1,27.35,27.0,27.2,15150832.0,411744803.0,TWSE_RWD_JSON_MI_INDEX,data/daily_price/daily_price_20240329.csv,27.14,27.1625,27.6134,27.6134,27.217,0.7407,-1.0909,-1.8051,,,31669375.3,0.4784,28.7,30.95,30.95,26.05,26.05,26.05,0.1381,-1.4971,-1.4971,-0.0624,-5.2265,-12.1163,-12.1163,4.4146,4.4146
20240401,2344,華邦電,TWSE,27.4,27.75,27.2,27.45,18664871.0,513920163.0,TWSE_RWD_JSON_MI_INDEX,data/daily_price/daily_price_20240401.csv,27.14,27.1475,27.6105,27.6105,27.2364,0.9191,0.0,-1.0811,,,31059476.25,0.6009,28.7,30.95,30.95,26.05,26.05,26.05,1.1143,-0.5814,-0.5814,0.7842,-4.3554,-11.3086,-11.3086,5.3743,5.3743
20240402,2344,華邦電,TWSE,27.7,27.8,27.0,27.05,23176091.0,632044690.0,TWSE_RWD_JSON_MI_INDEX,data/daily_price/daily_price_20240402.csv,27.13,27.1225,27.6009,27.6009,27.2209,-1.4572,-0.1845,-1.8149,,,31535889.85,0.7349,28.7,30.95,30.95,26.05,26.05,26.05,-0.2673,-1.9958,-1.9958,-0.6277,-5.7491,-12.601,-12.601,3.8388,3.8388
20240403,2344,華邦電,TWSE,26.8,26.9,26.55,26.7,16271264.0,434563391.0,TWSE_RWD_JSON_MI_INDEX,data/daily_price/daily_price_20240403.csv,27.08,27.0975,27.5856,27.5856,27.1775,-1.2939,-0.9276,-1.8382,,,31550076.75,0.5157,28.7,30.95,30.95,26.05,26.05,26.05,-1.4669,-3.2103,-3.2103,-1.7568,-6.9686,-13.7318,-13.7318,2.4952,2.4952
20240408,2344,華邦電,TWSE,26.9,27.15,26.7,26.8,9175816.0,246365060.0,TWSE_RWD_JSON_MI_INDEX,data/daily_price/daily_price_20240408.csv,27.04,27.055,27.5725,27.5725,27.146,0.3745,-0.7407,-3.0741,,,28274535.3,0.3245,28.45,30.95,30.95,26.05,26.05,26.05,-0.9425,-2.8017,-2.8017,-1.2746,-5.7996,-13.4087,-13.4087,2.8791,2.8791
20240409,2344,華邦電,TWSE,27.2,27.2,26.8,27.0,21818063.0,588648510.0,TWSE_RWD_CSV_MI_INDEX,data/daily_price/daily_price_20240409.csv,27.0,27.025,27.5225,27.5631,27.1338,0.7463,-0.7353,-2.1739,-10.0,,26904979.0,0.8109,28.15,29.65,30.95,26.05,26.05,26.05,-0.0925,-1.8984,-2.043,-0.4933,-4.0853,-8.9376,-12.7625,3.6468,3.6468
20240410,2344,華邦電,TWSE,27.05,28.2,26.9,27.55,71326940.0,1978006345.0,TWSE_RWD_JSON_MI_INDEX,data/daily_price/daily_price_20240410.csv,27.02,27.03,27.4925,27.5629,27.1685,2.037,0.3643,0.3643,-6.1329,,28995580.6,2.4599,28.2,29.6,30.95,26.05,26.05,26.05,1.9238,0.2091,-0.0468,1.4041,-2.305,-6.9257,-10.9855,5.7582,5.7582
20240411,2344,華邦電,TWSE,27.5,27.6,27.15,27.3,30685149.0,840940735.0,TWSE_RWD_JSON_MI_INDEX,data/daily_price/daily_price_20240411.csv,27.07,27.02,27.4625,27.5587,27.1795,-0.9074,0.9242,-0.7273,-6.1856,,29576044.2,1.0375,28.2,29.3,30.95,26.05,26.05,26.05,1.0363,-0.5917,-0.9388,0.4434,-3.1915,-6.8259,-11.7932,4.7985,4.7985
20240412,2344,華邦電,TWSE,27.25,27.35,26.85,26.9,42209786.0,1142436418.0,TWSE_RWD_JSON_MI_INDEX,data/daily_price/daily_price_20240412.csv,27.11,27.025,27.43,27.5484,27.1562,-1.4652,0.7491,0.3731,-6.7591,,29536379.65,1.4291,28.2,29.3,30.95,26.05,26.05,26.05,-0.4625,-1.9322,-2.3538,-0.9434,-4.6099,-8.1911,-13.0856,3.263,3.263
20240415,2344,華邦電,TWSE,26.6,26.85,26.25,26.65,41148380.0,1089924233.0,TWSE_RWD_JSON_MI_INDEX,data/daily_price/daily_price_20240415.csv,27.08,27.0175,27.3983,27.5346,27.114,-0.9294,-0.5597,-0.5597,-6.655,,30850545.25,1.3338,28.2,29.3,30.95,26.05,26.05,26.05,-1.3602,-2.7313,-3.2127,-1.7113,-5.4965,-9.0444,-13.8934,2.3033,2.3033
20240416,2344,華邦電,TWSE,26.35,26.5,25.3,25.5,59380965.0,1533101150.0,TWSE_RWD_JSON_MI_INDEX,data/daily_price/daily_price_20240416.csv,26.78,26.9675,27.355,27.5038,26.9795,-4.3152,-5.5556,-3.7736,-9.2527,,32828684.8,1.8088,28.2,29.3,30.95,25.3,25.3,25.3,-5.4417,-6.7812,-7.2855,-5.4838,-9.5745,-12.9693,-17.609,0.7905,0.7905
20240417,2344,華邦電,TWSE,25.75,26.05,25.65,26.05,24888465.0,643503218.0,TWSE_RWD_JSON_MI_INDEX,data/daily_price/daily_price_20240417.csv,26.48,26.925,27.3208,27.4821,26.902,2.1569,-5.4446,-3.1599,-7.2954,,33512069.3,0.7427,28.2,29.3,30.95,25.3,25.3,25.3,-3.2498,-4.6515,-5.211,-3.1672,-7.6241,-11.0922,-15.832,2.9644,2.9644
20240418,2344,華邦電,TWSE,25.75,26.0,25.55,25.9,18055990.0,465208798.0,TWSE_RWD_JSON_MI_INDEX,data/daily_price/daily_price_20240418.csv,26.2,26.89,27.2883,27.4588,26.8185,-0.5758,-5.1282,-2.6316,-7.0018,,33632818.45,0.5369,28.2,29.3,30.95,25.3,25.3,25.3,-3.6817,-5.0876,-5.6769,-3.425,-8.156,-11.6041,-16.3166,2.3715,2.3715
20240419,2344,華邦電,TWSE,25.75,25.85,24.95,25.4,37329485.0,949823738.0,TWSE_RWD_JSON_MI_INDEX,data/daily_price/daily_price_20240419.csv,25.9,26.8575,27.2458,27.429,26.7003,-1.9305,-5.5762,-2.4952,-9.1234,,33998538.65,1.098,28.2,29.3,30.95,24.95,24.95,24.95,-5.4268,-6.7747,-7.3972,-4.8701,-9.9291,-13.3106,-17.9321,1.8036,1.8036
20240422,2344,華邦電,TWSE,25.35,25.35,24.55,24.7,29753534.0,740624184.0,TWSE_RWD_JSON_MI_INDEX,data/daily_price/daily_price_20240422.csv,25.51,26.7075,27.1742,27.39,26.5336,-2.7559,-7.3171,-10.8303,-14.8276,,30965927.1,0.9608,28.2,28.9,30.95,24.55,24.55,24.55,-7.5166,-9.1048,-9.8211,-6.9106,-12.4113,-14.5329,-20.1939,0.611,0.611
20240423,2344,華邦電,TWSE,24.95,25.2,24.65,24.9,26401403.0,655621122.0,TWSE_RWD_JSON_MI_INDEX,data/daily_price/daily_price_20240423.csv,25.39,26.5775,27.1208,27.3549,26.3975,0.8097,-2.3529,-9.4545,-11.3879,,29211941.75,0.9038,28.2,28.9,30.95,24.55,24.55,24.55,-6.3117,-8.1887,-8.9744,-5.6729,-11.7021,-13.8408,-19.5477,1.4257,1.4257
20240424,2344,華邦電,TWSE,25.1,25.65,25.05,25.65,18671205.0,474646244.0,TWSE_RWD_JSON_MI_INDEX,data/daily_price/daily_price_20240424.csv,25.31,26.4875,27.1008,27.3312,26.3352,3.012,-1.5355,-6.5574,-4.4693,,28944535.8,0.6451,28.2,28.9,30.95,24.55,24.55,24.55,-3.1619,-5.3535,-6.1514,-2.6019,-9.0426,-11.2457,-17.1244,4.4807,4.4807
20240425,2344,華邦電,TWSE,25.3,25.65,25.2,25.2,20524114.0,521092094.0,TWSE_RWD_JSON_MI_INDEX,data/daily_price/daily_price_20240425.csv,25.17,26.3925,27.0625,27.3021,26.2406,-1.7544,-2.7027,-7.0111,-8.3636,,27746128.9,0.7397,28.2,28.9,30.95,24.55,24.55,24.55,-4.5183,-6.8822,-7.6993,-3.9656,-10.6383,-12.8028,-18.5784,2.6477,2.6477
20240426,2344,華邦電,TWSE,25.2,25.55,25.1,25.15,33360102.0,842926247.0,TWSE_RWD_JSON_MI_INDEX,data/daily_price/daily_price_20240426.csv,25.12,26.3025,27.0208,27.273,26.1497,-0.1984,-0.9843,-6.679,-9.0416,,28567027.5,1.1678,28.2,28.9,30.95,24.55,24.55,24.55,-4.3817,-6.9237,-7.7842,-3.8231,-10.8156,-12.9758,-18.7399,2.444,2.444
20240429,2344,華邦電,TWSE,25.5,26.05,25.5,26.0,23731595.0,612182747.0,TWSE_RWD_JSON_MI_INDEX,data/daily_price/daily_price_20240429.csv,25.38,26.2525,26.9892,27.256,26.1372,3.3797,5.2632,-3.7037,-6.81,,29086202.5,0.8159,28.2,28.9,30.95,24.55,24.55,24.55,-0.9618,-3.6651,-4.6082,-0.5251,-7.8014,-10.0346,-15.9935,5.9063,5.9063
20240430,2344,華邦電,TWSE,26.05,26.15,25.85,26.0,12632599.0,328562154.0,TWSE_RWD_JSON_MI_INDEX,data/daily_price/daily_price_20240430.csv,25.6,26.1925,26.9533,27.2395,26.1258,0.0,4.4177,-4.4118,-7.6377,,28960290.85,0.4362,28.2,28.9,30.95,24.55,24.55,24.55,-0.7349,-3.537,-4.5503,-0.4816,-7.8014,-10.0346,-15.9935,5.9063,5.9063
20240502,2344,華邦電,TWSE,25.9,26.0,25.7,25.9,8616926.0,222848343.0,TWSE_RWD_JSON_MI_INDEX,data/daily_price/daily_price_20240502.csv,25.65,26.115,26.92,27.2221,26.107,-0.3846,0.9747,-5.6466,-7.1685,,28457893.6,0.3028,28.2,28.7,30.95,24.55,24.55,24.55,-0.8233,-3.789,-4.8566,-0.7929,-8.156,-9.7561,-16.3166,5.499,5.499
20240503,2344,華邦電,TWSE,25.7,25.75,25.2,25.2,29638328.0,753846873.0,TWSE_RWD_JSON_MI_INDEX,data/daily_price/daily_price_20240503.csv,25.65,26.0225,26.8758,27.1962,26.0314,-2.7027,0.0,-6.8392,-9.5153,,28781005.45,1.0298,28.2,28.7,30.95,24.55,24.55,24.55,-3.1607,-6.2355,-7.3398,-3.1939,-10.6383,-12.1951,-18.5784,2.6477,2.6477
20240506,2344,華邦電,TWSE,25.25,26.05,25.25,25.45,31261148.0,801089462.0,TWSE_RWD_JSON_MI_INDEX,data/daily_price/daily_price_20240506.csv,25.71,25.96,26.8333,27.1741,25.983,0.9921,1.1928,-4.6816,-9.1071,,29530499.65,1.0586,28.2,28.7,30.95,24.55,24.55,24.55,-1.9646,-5.1553,-6.3445,-2.0512,-9.7518,-11.324,-17.7706,3.666,3.666
20240507,2344,華邦電,TWSE,25.7,26.2,25.15,25.25,37032399.0,945049309.0,TWSE_RWD_JSON_MI_INDEX,data/daily_price/daily_price_20240507.csv,25.56,25.8825,26.7892,27.15,25.9219,-0.7859,-2.8846,-5.7836,-9.4982,,30923328.8,1.1976,28.2,28.7,30.95,24.55,24.55,24.55,-2.4437,-5.7455,-6.9982,-2.5919,-10.461,-12.0209,-18.4168,2.8513,2.8513
20240508,2344,華邦電,TWSE,25.35,25.5,25.1,25.35,13992169.0,353981095.0,TWSE_RWD_JSON_MI_INDEX,data/daily_price/daily_price_20240508.csv,25.43,25.8,26.7558,27.1278,25.8742,0.396,-2.5,-6.1111,-7.3126,,30532034.1,0.4583,28.2,28.7,30.95,24.55,24.55,24.55,-1.7442,-5.2543,-6.5533,-2.026,-10.1064,-11.6725,-18.0937,3.2587,3.2587
20240509,2344,華邦電,TWSE,25.4,25.45,24.9,24.9,21186511.0,530349436.0,TWSE_RWD_JSON_MI_INDEX,data/daily_price/daily_price_20240509.csv,25.23,25.6675,26.7175,27.1006,25.793,-1.7751,-3.861,-9.6189,-8.4559,,28025012.65,0.756,27.6,28.7,30.95,24.55,24.55,24.55,-2.9902,-6.8027,-8.1201,-3.4623,-9.7826,-13.2404,-19.5477,1.4257,1.4257
20240510,2344,華邦電,TWSE,25.0,25.3,24.8,25.3,14604485.0,365527494.0,TWSE_RWD_JSON_MI_INDEX,data/daily_price/daily_price_20240510.csv,25.25,25.5675,26.6833,27.0789,25.752,1.6064,0.3968,-7.326,-7.4954,,27220979.45,0.5365,27.35,28.7,30.95,24.55,24.55,24.55,-1.0463,-5.1843,-6.5694,-1.755,-7.4954,-11.8467,-18.2553,3.055,3.055
20240513,2344,華邦電,TWSE,25.5,25.7,25.2,25.45,16102931.0,409250664.0,TWSE_RWD_JSON_MI_INDEX,data/daily_price/daily_price_20240513.csv,25.25,25.495,26.6567,27.0595,25.7268,0.5929,0.0,-5.3903,-5.915,,25915636.7,0.6214,26.85,28.7,30.95,24.55,24.55,24.55,-0.1765,-4.5267,-5.9481,-1.0759,-5.2142,-11.324,-17.7706,3.666,3.666
20240514,2344,華邦電,TWSE,25.6,25.65,25.25,25.6,12749788.0,324008547.0,TWSE_RWD_JSON_MI_INDEX,data/daily_price/daily_price_20240514.csv,25.32,25.4425,26.6317,27.0424,25.7162,0.5894,1.3861,-3.94,-5.5351,,24495707.1,0.5205,26.5,28.7,30.95,24.55,24.55,24.55,0.619,-3.8738,-5.3337,-0.4519,-3.3962,-10.8014,-17.2859,4.277,4.277
20240515,2344,華邦電,TWSE,25.75,25.95,25.35,25.5,23737312.0,609187166.0,TWSE_RWD_JSON_MI_INDEX,data/daily_price/daily_price_20240515.csv,25.35,25.4425,26.6175,27.0244,25.6982,-0.3906,0.5917,0.0,-3.2258,,22713524.45,1.0451,26.2,28.7,30.95,24.55,24.55,24.55,0.226,-4.1984,-5.6409,-0.7713,-2.6718,-11.1498,-17.609,3.8697,3.8697
20240516,2344,華邦電,TWSE,25.8,25.8,25.5,25.6,20775240.0,532776687.0,TWSE_RWD_JSON_MI_INDEX,data/daily_price/daily_price_20240516.csv,25.49,25.42,26.5917,27.008,25.69,0.3922,2.8112,-1.7274,-5.709,,22507863.2,0.923,26.2,28.7,30.95,24.55,24.55,24.55,0.7081,-3.7292,-5.2134,-0.3504,-2.2901,-10.8014,-17.2859,4.277,4.277
20240517,2344,華邦電,TWSE,25.55,25.7,25.35,25.35,11894036.0,302931798.0,TWSE_RWD_JSON_MI_INDEX,data/daily_price/daily_price_20240517.csv,25.5,25.3925,26.5525,26.9892,25.6617,-0.9766,0.1976,-2.1236,-8.4838,,22199765.5,0.5358,26.2,28.7,30.95,24.55,24.55,24.55,-0.1674,-4.5288,-6.0736,-1.2146,-3.2443,-11.6725,-18.0937,3.2587,3.2587
20240520,2344,華邦電,TWSE,25.5,25.7,25.3,25.5,8512431.0,217393662.0,TWSE_RWD_JSON_MI_INDEX,data/daily_price/daily_price_20240520.csv,25.51,25.3975,26.5225,26.9725,25.6482,0.5917,0.1965,0.3937,-6.5934,,20758912.8,0.4101,26.2,28.7,30.95,24.55,24.55,24.55,0.4036,-3.8552,-5.4592,-0.5779,-2.6718,-11.1498,-17.609,3.8697,3.8697
20240521,2344,華邦電,TWSE,25.7,25.7,25.3,25.45,8060868.0,205387709.0,TWSE_RWD_JSON_MI_INDEX,data/daily_price/daily_price_20240521.csv,25.48,25.435,26.485,26.9556,25.6317,-0.1961,-0.5859,3.0364,-8.1227,,19674279.5,0.4097,26.2,28.7,30.95,24.65,24.55,24.55,0.059,-3.9079,-5.5853,-0.7089,-2.8626,-11.324,-17.7706,3.666,3.666
20240522,2344,華邦電,TWSE,25.7,25.95,25.55,25.85,21274894.0,547648212.0,TWSE_RWD_JSON_MI_INDEX,data/daily_price/daily_price_20240522.csv,25.55,25.4825,26.4508,26.9434,25.6499,1.5717,1.3725,3.8153,-7.3477,,19417954.05,1.0956,26.2,28.7,30.95,24.8,24.55,24.55,1.4422,-2.2715,-4.0582,0.7802,-1.3359,-9.9303,-16.4782,5.2953,5.2953
20240523,2344,華邦電,TWSE,25.9,25.95,25.6,25.7,15436048.0,397670959.0,TWSE_RWD_JSON_MI_INDEX,data/daily_price/daily_price_20240523.csv,25.57,25.485,26.4183,26.9299,25.6541,-0.5803,0.3906,0.1949,-7.0524,,19256196.2,0.8016,26.2,28.7,30.95,24.8,24.55,24.55,0.8436,-2.7191,-4.567,0.1791,-1.9084,-10.453,-16.9628,4.6843,4.6843
20240524,2344,華邦電,TWSE,25.7,26.3,25.65,25.85,28902357.0,750033343.0,TWSE_RWD_JSON_MI_INDEX,data/daily_price/daily_price_20240524.csv,25.67,25.5175,26.39,26.9183,25.6704,0.5837,1.9724,2.5794,-6.1706,,19675108.35,1.469,26.3,28.7,30.95,24.8,24.55,24.55,1.303,-2.0462,-3.9686,0.6997,-1.711,-9.9303,-16.4782,5.2953,5.2953
20240527,2344,華邦電,TWSE,26.1,26.15,25.8,26.0,15888822.0,412783373.0,TWSE_RWD_JSON_MI_INDEX,data/daily_price/daily_price_20240527.csv,25.77,25.56,26.3658,26.9085,25.6979,0.5803,1.9608,3.3797,-5.2823,,18801544.35,0.8451,26.3,28.7,30.95,24.8,24.55,24.55,1.7214,-1.3875,-3.3763,1.1757,-1.1407,-9.4077,-15.9935,5.9063,5.9063
20240528,2344,華邦電,TWSE,26.05,26.55,25.7,26.45,35419215.0,930304238.0,TWSE_RWD_JSON_MI_INDEX,data/daily_price/daily_price_20240528.csv,25.97,25.5825,26.3408,26.9037,25.7605,1.7308,3.9293,1.7308,-5.3667,,19385925.35,1.8271,26.55,28.7,30.95,24.8,24.55,24.55,3.391,0.4144,-1.6863,2.6764,-0.3766,-7.8397,-14.5396,7.7393,7.7393
20240529,2344,華邦電,TWSE,26.55,26.55,26.05,26.05,16792235.0,440468727.0,TWSE_RWD_JSON_MI_INDEX,data/daily_price/daily_price_20240529.csv,26.01,25.585,26.3133,26.8948,25.7847,-1.5123,0.7737,0.1923,-5.9567,,19593907.15,0.857,26.55,28.7,30.95,24.8,24.55,24.55,1.8175,-1.0008,-3.1411,1.0291,-1.8832,-9.2334,-15.832,6.11,6.11
20240530,2344,華邦電,TWSE,25.9,25.9,25.4,25.4,22486073.0,575823361.0,TWSE_RWD_JSON_MI_INDEX,data/daily_price/daily_price_20240530.csv,25.95,25.56,26.2742,26.8794,25.7526,-2.4952,-1.1673,-1.9305,-8.4685,,20287364.5,1.1084,26.55,28.7,30.95,24.8,24.55,24.55,-0.626,-3.3271,-5.5038,-1.3692,-4.3315,-11.4983,-17.9321,3.4623,3.4623
20240531,2344,華邦電,TWSE,25.5,25.55,25.0,25.0,32589209.0,820852228.0,TWSE_RWD_JSON_MI_INDEX,data/daily_price/daily_price_20240531.csv,25.78,25.55,26.2317,26.8602,25.6899,-1.5748,-3.2882,-0.7937,-9.2559,,20434908.55,1.5948,26.55,28.7,30.95,24.8,24.55,24.55,-2.1526,-4.6953,-6.9255,-2.6854,-5.838,-12.892,-19.2246,1.833,1.833
20240603,2344,華邦電,TWSE,25.3,25.35,25.1,25.2,7999273.0,201706778.0,TWSE_RWD_JSON_MI_INDEX,data/daily_price/daily_price_20240603.csv,25.62,25.5375,26.1983,26.8434,25.6491,0.8,-3.0769,-0.9823,-7.3529,,19271814.8,0.4151,26.55,28.7,30.95,24.8,24.55,24.55,-1.3216,-3.8107,-6.1223,-1.7508,-5.0847,-12.1951,-18.5784,2.6477,2.6477
20240604,2344,華邦電,TWSE,24.85,24.85,24.0,24.1,61350921.0,1487891972.0,TWSE_RWD_JSON_MI_INDEX,data/daily_price/daily_price_20240604.csv,25.15,25.48,26.1392,26.816,25.52,-4.3651,-8.8847,-4.5545,-12.8391,,20487740.9,2.9945,26.55,28.45,30.95,24.0,24.0,24.0,-5.416,-7.8012,-10.1283,-5.5642,-9.2279,-15.29,-22.1325,0.4167,0.4167
20240605,2344,華邦電,TWSE,24.05,24.4,23.9,23.9,39711154.0,953638489.0,TWSE_RWD_JSON_MI_INDEX,data/daily_price/daily_price_20240605.csv,24.72,25.4075,26.0775,26.7871,25.385,-0.8299,-8.2534,-5.7199,-13.4058,,21773690.15,1.8238,26.55,28.2,30.95,23.9,23.9,23.9,-5.9333,-8.3501,-10.778,-5.8498,-9.9812,-15.2482,-22.7787,0.0,0.0
20240606,2344,華邦電,TWSE,24.2,24.35,23.9,23.9,25636604.0,616132418.0,TWSE_RWD_JSON_MI_INDEX,data/daily_price/daily_price_20240606.csv,24.42,25.3575,26.0183,26.7588,25.2612,0.0,-5.9055,-4.0161,-12.9326,,21996194.8,1.1655,26.55,28.2,30.95,23.9,23.9,23.9,-5.7478,-8.1417,-10.6837,-5.3886,-9.9812,-15.2482,-22.7787,0.0,0.0
20240607,2344,華邦電,TWSE,24.05,24.55,24.0,24.45,19975948.0,486865323.0,TWSE_RWD_JSON_MI_INDEX,data/daily_price/daily_price_20240607.csv,24.31,25.315,25.9675,26.7364,25.1936,2.3013,-2.2,-3.3597,-11.0909,,22264767.95,0.8972,26.55,28.2,30.95,23.9,23.9,23.9,-3.4169,-5.8438,-8.5517,-2.9516,-7.9096,-13.2979,-21.0016,2.3013,2.3013
20240611,2344,華邦電,TWSE,24.6,24.6,24.0,24.05,24594554.0,595793498.0,TWSE_RWD_JSON_MI_INDEX,data/daily_price/daily_price_20240611.csv,24.08,25.245,25.9217,26.7106,25.0983,-1.636,-4.5635,-5.501,-10.2612,,22689349.1,1.084,26.55,28.2,30.95,23.9,23.9,23.9,-4.7336,-7.2205,-9.9608,-4.1769,-9.4162,-14.7163,-22.294,0.6276,0.6276
20240612,2344,華邦電,TWSE,24.25,24.5,24.0,24.0,24887576.0,602003931.0,TWSE_RWD_JSON_MI_INDEX,data/daily_price/daily_price_20240612.csv,24.06,25.165,25.875,26.6848,25.0068,-0.2079,-0.4149,-6.25,-10.4478,,23296238.5,1.0683,26.55,28.2,30.95,23.9,23.9,23.9,-4.6294,-7.2464,-10.061,-4.0261,-9.6045,-14.8936,-22.4556,0.4184,0.4184
20240613,2344,華邦電,TWSE,24.3,24.85,24.2,24.65,30169143.0,742564900.0,TWSE_RWD_JSON_MI_INDEX,data/daily_price/daily_price_20240613.csv,24.21,25.1225,25.8442,26.6656,24.9771,2.7083,3.1381,-3.3333,-6.9811,,23617830.05,1.2774,26.55,28.2,30.95,23.9,23.9,23.9,-1.8808,-4.6206,-7.5587,-1.3095,-7.1563,-12.5887,-20.3554,3.1381,3.1381
20240614,2344,華邦電,TWSE,24.85,24.85,24.35,24.65,15852167.0,388748481.0,TWSE_RWD_JSON_MI_INDEX,data/daily_price/daily_price_20240614.csv,24.36,25.075,25.8067,26.6467,24.9498,0.0,3.1381,-3.7109,-8.3643,,23371676.4,0.6783,26.55,28.2,30.95,23.9,23.9,23.9,-1.6949,-4.482,-7.4933,-1.2016,-7.1563,-12.5887,-20.3554,3.1381,3.1381
20240617,2344,華邦電,TWSE,24.65,25.5,24.55,25.5,36679254.0,924098143.0,TWSE_RWD_JSON_MI_INDEX,data/daily_price/daily_price_20240617.csv,24.57,25.0825,25.7883,26.6361,24.9957,3.4483,4.2945,0.5917,-4.1353,,24610937.3,1.4904,26.55,28.2,30.95,23.9,23.9,23.9,1.6645,-1.1181,-4.2653,2.0177,-3.9548,-9.5745,-17.609,6.6946,6.6946
20240618,2344,華邦電,TWSE,25.95,26.85,25.5,26.8,115729482.0,3041966233.0,TWSE_RWD_JSON_MI_INDEX,data/daily_price/daily_price_20240618.csv,25.12,25.1475,25.8008,26.6376,25.146,5.098,11.4345,5.098,2.8791,,29971789.85,3.8613,26.85,28.2,30.95,23.9,23.9,23.9,6.5712,3.8726,0.6096,6.5775,-0.1862,-4.9645,-13.4087,12.1339,12.1339
20240619,2344,華邦電,TWSE,26.95,27.25,26.25,26.3,72788722.0,1943094833.0,TWSE_RWD_JSON_MI_INDEX,data/daily_price/daily_price_20240619.csv,25.58,25.19,25.7775,26.6345,25.2422,-1.8657,9.5833,3.3399,-5.0542,,33208182.55,2.1919,27.25,28.2,30.95,23.9,23.9,23.9,4.4065,2.027,-1.2561,4.1907,-3.4862,-6.7376,-15.0242,10.0418,10.0418
20240620,2344,華邦電,TWSE,26.4,27.3,26.2,26.7,61376042.0,1649491323.0,TWSE_RWD_JSON_MI_INDEX,data/daily_price/daily_price_20240620.csv,25.99,25.2325,25.7642,26.6351,25.3637,1.5209,8.3164,3.2882,-2.9091,,35213239.95,1.743,27.3,28.2,30.95,23.9,23.9,23.9,5.8159,3.6323,0.2435,5.2687,-2.1978,-5.3191,-13.7318,11.7155,11.7155
20240621,2344,華邦電,TWSE,26.55,27.2,26.35,26.95,37822842.0,1015376705.0,TWSE_RWD_JSON_MI_INDEX,data/daily_price/daily_price_20240621.csv,26.45,25.295,25.7558,26.6379,25.4959,0.9363,9.3306,4.8638,-1.8215,,36332579.65,1.041,27.3,28.2,30.95,23.9,23.9,23.9,6.5428,4.6365,1.1715,5.7034,-1.2821,-4.4326,-12.9241,12.7615,12.7615
20240624,2344,華邦電,TWSE,26.95,26.95,26.15,26.3,60279089.0,1608453329.0,TWSE_RWD_JSON_MI_INDEX,data/daily_price/daily_price_20240624.csv,26.61,25.3175,25.7425,26.635,25.5629,-2.4119,3.1373,1.7408,-2.952,,37901416.25,1.5904,27.3,28.2,30.95,23.9,23.9,23.9,3.8807,2.1657,-1.2576,2.8836,-3.663,-6.7376,-15.0242,10.0418,10.0418
20240625,2344,華邦電,TWSE,26.2,26.25,25.7,25.95,19529108.0,505456903.0,TWSE_RWD_JSON_MI_INDEX,data/daily_price/daily_price_20240625.csv,26.44,25.315,25.7258,26.6289,25.5951,-1.3308,-3.1716,-0.1923,-3.7106,,38083430.55,0.5128,27.3,28.2,30.95,23.9,23.9,23.9,2.5084,0.8714,-2.5497,1.3865,-4.9451,-7.9787,-16.1551,8.5774,8.5774
20240626,2344,華邦電,TWSE,25.85,25.95,25.35,25.4,27211455.0,695040802.0,TWSE_RWD_JSON_MI_INDEX,data/daily_price/daily_price_20240626.csv,26.26,25.2625,25.6992,26.6183,25.5789,-2.1195,-3.4221,-3.9698,-5.9259,,37673042.55,0.7223,27.3,28.2,30.95,23.9,23.9,23.9,0.5443,-1.1641,-4.5768,-0.6993,-6.9597,-9.9291,-17.9321,6.2762,6.2762
20240627,2344,華邦電,TWSE,25.3,25.3,25.0,25.05,20309750.0,509541070.0,TWSE_RWD_JSON_MI_INDEX,data/daily_price/daily_price_20240627.csv,25.93,25.2125,25.6633,26.6047,25.5348,-1.378,-6.1798,-3.8388,-7.9044,,37848918.3,0.5366,27.3,28.2,30.95,23.9,23.9,23.9,-0.6445,-2.3899,-5.8439,-1.8986,-8.2418,-11.1702,-19.063,4.8117,4.8117
20240628,2344,華邦電,TWSE,25.05,26.0,25.05,25.7,23750311.0,608871698.0,TWSE_RWD_JSON_MI_INDEX,data/daily_price/daily_price_20240628.csv,25.68,25.2275,25.6342,26.597,25.5486,2.5948,-4.6382,1.1811,-6.3752,,37912130.2,0.6265,27.3,28.2,30.95,23.9,23.9,23.9,1.873,0.2568,-3.3726,0.5927,-5.8608,-8.8652,-16.9628,7.5314,7.5314
20240701,2344,華邦電,TWSE,25.7,25.8,25.35,25.5,18215520.0,466665779.0,TWSE_RWD_JSON_MI_INDEX,data/daily_price/daily_price_20240701.csv,25.52,25.2525,25.6083,26.5877,25.5445,-0.7782,-3.0418,2.0,-5.7301,,37193445.75,0.4898,27.3,28.2,30.95,23.9,23.9,23.9,0.9801,-0.423,-4.091,-0.1743,-6.5934,-9.5745,-17.609,6.6946,6.6946
20240702,2344,華邦電,TWSE,25.4,25.5,25.15,25.4,20532919.0,518867916.0,TWSE_RWD_JSON_MI_INDEX,data/daily_price/daily_price_20240702.csv,25.41,25.2625,25.5867,26.5777,25.5325,-0.3922,-2.1195,0.7937,-4.8689,,37820128.05,0.5429,27.3,28.2,30.95,23.9,23.9,23.9,0.5443,-0.7295,-4.4313,-0.5189,-6.9597,-9.9291,-17.9321,6.2762,6.2762
20240703,2344,華邦電,TWSE,25.5,26.65,25.25,26.3,53377945.0,1392225932.0,TWSE_RWD_JSON_MI_INDEX,data/daily_price/daily_price_20240703.csv,25.59,25.3725,25.5783,26.5754,25.5964,3.5433,3.5433,9.1286,-1.8657,,37421479.25,1.4264,27.3,28.2,30.95,23.9,23.9,23.9,3.6555,2.8214,-1.0364,2.7487,-3.663,-6.7376,-15.0242,10.0418,10.0418
20240704,2344,華邦電,TWSE,26.5,26.7,26.0,26.3,26264190.0,690818527.0,TWSE_RWD_JSON_MI_INDEX,data/daily_price/daily_price_20240704.csv,25.84,25.4925,25.5667,26.5446,25.6551,0.0,4.99,10.0418,-2.5926,-12.3333,36749131.05,0.7147,27.3,28.2,29.65,23.9,23.9,23.9,3.1676,2.8683,-0.9214,2.5139,-3.663,-6.7376,-11.2985,10.0418,10.0418
20240705,2344,華邦電,TWSE,26.3,26.35,25.95,25.95,21430113.0,557929300.0,TWSE_RWD_JSON_MI_INDEX,data/daily_price/daily_price_20240705.csv,25.89,25.595,25.54,26.5163,25.6796,-1.3308,0.9728,8.5774,-5.8076,-11.5843,36538806.5,0.5865,27.3,27.6,29.6,24.0,23.9,23.9,1.387,1.6053,-2.1355,1.0528,-4.9451,-5.9783,-12.3311,8.5774,8.5774
20240708,2344,華邦電,TWSE,26.1,26.25,25.75,25.95,37759932.0,980835518.0,TWSE_RWD_JSON_MI_INDEX,data/daily_price/daily_price_20240708.csv,25.98,25.67,25.5175,26.49,25.7022,0.0,1.7647,6.135,-4.9451,-10.8247,37428005.7,1.0089,27.3,27.35,29.3,24.0,23.9,23.9,1.0908,1.6949,-2.0385,0.9642,-4.9451,-5.1188,-11.4334,8.5774,8.5774
20240709,2344,華邦電,TWSE,26.05,26.05,25.2,25.55,29748333.0,759854959.0,TWSE_RWD_JSON_MI_INDEX,data/daily_price/daily_price_20240709.csv,26.01,25.745,25.495,26.4625,25.6895,-1.5414,0.5906,6.237,-5.0186,-11.4385,37685694.65,0.7894,27.3,27.3,29.3,24.0,23.9,23.9,-0.7574,0.2157,-3.4483,-0.543,-6.4103,-6.4103,-12.7986,6.9038,6.9038
20240710,2344,華邦電,TWSE,25.6,25.7,25.3,25.4,16841553.0,428046330.0,TWSE_RWD_JSON_MI_INDEX,data/daily_price/daily_price_20240710.csv,25.83,25.815,25.4742,26.4362,25.6654,-0.5871,-3.4221,5.8333,-4.6904,-11.0333,37283393.5,0.4517,27.3,27.3,29.3,24.2,23.9,23.9,-1.6076,-0.2911,-3.9198,-1.034,-6.9597,-6.9597,-13.3106,6.2762,6.2762
20240711,2344,華邦電,TWSE,25.5,25.85,25.15,25.8,20056526.0,512512583.0,TWSE_RWD_JSON_MI_INDEX,data/daily_price/daily_price_20240711.csv,25.73,25.8725,25.4792,26.4171,25.6766,1.5748,-1.9011,4.6653,1.1765,-8.1851,36777762.65,0.5453,27.3,27.3,29.3,24.35,23.9,23.9,-0.2802,1.2592,-2.3359,0.4806,-5.4945,-5.4945,-11.9454,7.9498,7.9498
20240712,2344,華邦電,TWSE,25.6,26.1,25.45,25.8,21244054.0,549449865.0,TWSE_RWD_JSON_MI_INDEX,data/daily_price/daily_price_20240712.csv,25.7,25.93,25.475,26.3979,25.6869,0.0,-0.578,4.6653,-0.9597,-8.1851,37047357.0,0.5734,27.3,27.3,29.3,24.55,23.9,23.9,-0.5013,1.2758,-2.265,0.4404,-5.4945,-5.4945,-11.9454,7.9498,7.9498
20240715,2344,華邦電,TWSE,25.85,25.85,25.25,25.35,22139177.0,562209955.0,TWSE_RWD_JSON_MI_INDEX,data/daily_price/daily_price_20240715.csv,25.58,25.9225,25.4658,26.3771,25.6588,-1.7442,-2.3121,-0.5882,-2.1236,-8.9767,36320353.15,0.6096,27.3,27.3,29.3,25.0,23.9,23.9,-2.2085,-0.4549,-3.8938,-1.2035,-7.1429,-7.1429,-13.4812,6.0669,6.0669
20240716,2344,華邦電,TWSE,25.4,25.7,25.3,25.35,14714777.0,375460215.0,TWSE_RWD_JSON_MI_INDEX,data/daily_price/daily_price_20240716.csv,25.54,25.85,25.465,26.3554,25.6331,0.0,-0.7828,-5.4104,-0.1969,-9.3023,31269617.9,0.4706,27.3,27.3,29.3,25.0,23.9,23.9,-1.9342,-0.4516,-3.8148,-1.1043,-7.1429,-7.1429,-13.4812,6.0669,6.0669
20240717,2344,華邦電,TWSE,25.45,25.6,25.2,25.25,20872999.0,529398831.0,TWSE_RWD_JSON_MI_INDEX,data/daily_price/daily_price_20240717.csv,25.51,25.7975,25.4742,26.3242,25.6011,-0.3945,-0.5906,-3.9924,2.2267,-12.931,28673831.75,0.7279,27.3,27.3,28.9,25.0,23.9,23.9,-2.1223,-0.88,-4.0805,-1.3716,-7.5092,-7.5092,-12.6298,5.6485,5.6485
20240718,2344,華邦電,TWSE,25.2,25.35,24.7,25.25,26976706.0,675025856.0,TWSE_RWD_JSON_MI_INDEX,data/daily_price/daily_price_20240718.csv,25.4,25.725,25.48,26.3004,25.5719,0.0,-2.1318,-5.4307,1.4056,-10.1423,26953864.95,1.0008,27.2,27.3,28.9,24.7,23.9,23.9,-1.8465,-0.9027,-3.9939,-1.2587,-7.1691,-7.5092,-12.6298,5.6485,5.6485
20240719,2344,華邦電,TWSE,25.05,25.2,24.35,24.4,33686007.0,828682300.0,TWSE_RWD_JSON_MI_INDEX,data/daily_price/daily_price_20240719.csv,25.12,25.5975,25.4592,26.28,25.4742,-3.3663,-5.4264,-9.462,-4.8733,-9.1248,26747023.2,1.2594,26.95,27.3,28.9,24.35,23.9,23.9,-4.6782,-4.1603,-7.1537,-4.2169,-9.462,-10.6227,-15.5709,2.0921,2.0921
20240722,2344,華邦電,TWSE,24.4,24.5,23.55,23.85,33913528.0,810054406.0,TWSE_RWD_JSON_MI_INDEX,data/daily_price/daily_price_20240722.csv,24.82,25.475,25.4367,26.2496,25.3389,-2.2541,-5.9172,-9.3156,-5.3571,-13.2727,25428745.15,1.3337,26.7,27.3,28.9,23.55,23.55,23.55,-6.3788,-6.2377,-9.1414,-5.8758,-10.6742,-12.6374,-17.474,1.2739,1.2739
20240723,2344,華邦電,TWSE,24.1,24.4,23.9,23.9,21197799.0,509980719.0,TWSE_RWD_JSON_MI_INDEX,data/daily_price/daily_price_20240723.csv,24.53,25.3725,25.4158,26.2183,25.219,0.2096,-5.7199,-7.8998,-4.9702,-13.5624,25512179.7,0.8309,26.7,27.3,28.9,23.55,23.55,23.55,-5.8035,-5.9641,-8.8424,-5.2301,-10.4869,-12.4542,-17.301,1.4862,1.4862
20240726,2344,華邦電,TWSE,23.6,23.65,23.2,23.45,26962518.0,630495404.0,TWSE_RWD_JSON_MI_INDEX,data/daily_price/daily_price_20240726.csv,24.17,25.275,25.3733,26.1812,25.0716,-1.8828,-7.1287,-7.6772,-9.8077,-15.9498,25499732.85,1.0574,26.7,27.3,28.9,23.2,23.2,23.2,-7.2206,-7.5801,-10.4321,-6.4677,-12.1723,-14.1026,-18.8581,1.0776,1.0776
20240729,2344,華邦電,TWSE,23.6,23.85,23.2,23.2,16224575.0,379543204.0,TWSE_RWD_JSON_MI_INDEX,data/daily_price/daily_price_20240729.csv,23.76,25.1825,25.3267,26.14,24.9156,-1.0661,-8.1188,-7.3852,-10.7692,-17.5844,25295474.1,0.6414,26.7,27.3,28.9,23.2,23.2,23.2,-7.8725,-8.3969,-11.2471,-6.8856,-13.1086,-15.0183,-19.7232,0.0,0.0
20240730,2344,華邦電,TWSE,22.85,23.05,22.1,22.7,49792633.0,1120542972.0,TWSE_RWD_JSON_MI_INDEX,data/daily_price/daily_price_20240730.csv,23.42,25.0325,25.2733,26.0967,24.731,-2.1552,-6.9672,-11.6732,-12.3552,-18.638,26597590.2,1.8721,26.7,27.3,28.7,22.1,22.1,22.1,-9.3179,-10.182,-13.0157,-8.2122,-14.9813,-16.8498,-20.9059,2.7149,2.7149
20240731,2344,華邦電,TWSE,22.5,23.35,22.3,23.15,34345948.0,790059882.0,TWSE_RWD_JSON_MI_INDEX,data/daily_price/daily_price_20240731.csv,23.28,24.915,25.2392,26.0575,24.5992,1.9824,-2.935,-9.2157,-8.1349,-16.8761,27404111.6,1.2533,26.7,27.3,28.7,22.1,22.1,22.1,-7.0841,-8.2775,-11.158,-5.8913,-13.2959,-15.2015,-19.338,4.7511,4.7511
20240801,2344,華邦電,TWSE,23.5,23.7,23.2,23.3,26338604.0,616229304.0,TWSE_RWD_JSON_MI_INDEX,data/daily_price/daily_price_20240801.csv,23.16,24.81,25.2033,26.0183,24.4909,0.6479,-2.5105,-8.2677,-8.4479,-16.7857,27694395.85,0.951,26.7,27.3,28.7,22.1,22.1,22.1,-6.0863,-7.5519,-10.4478,-4.8628,-12.7341,-14.652,-18.8153,5.4299,5.4299
20240802,2344,華邦電,TWSE,23.55,24.1,23.2,23.2,54141463.0,1275319043.0,TWSE_RWD_JSON_MI_INDEX,data/daily_price/daily_price_20240802.csv,23.11,24.655,25.1692,25.9792,24.3834,-0.4292,-1.0661,-11.7871,-8.1188,-16.8459,27732571.75,1.9523,26.7,27.3,28.7,22.1,22.1,22.1,-5.9014,-7.8237,-10.6977,-4.8532,-13.1086,-15.0183,-19.1638,4.9774,4.9774
20240805,2344,華邦電,TWSE,22.3,22.4,21.4,22.0,57982952.0,1273727638.0,TWSE_RWD_JSON_MI_INDEX,data/daily_price/daily_price_20240805.csv,22.87,24.44,25.1133,25.9346,24.1848,-5.1724,-5.1724,-16.3498,-13.215,-19.5612,29318509.85,1.9777,26.35,27.3,28.7,21.4,21.4,21.4,-9.9836,-12.3971,-15.1712,-9.0336,-16.5085,-19.4139,-23.3449,2.8037,2.8037
20240806,2344,華邦電,TWSE,22.8,23.5,22.0,23.1,53418750.0,1222514573.0,TWSE_RWD_JSON_MI_INDEX,data/daily_price/daily_price_20240806.csv,22.95,24.2975,25.0833,25.9004,24.0944,5.0,1.7621,-10.9827,-7.2289,-15.0735,30917941.7,1.7278,26.25,27.3,28.7,21.4,21.4,21.4,-4.9285,-7.907,-10.8122,-4.1269,-12.0,-15.3846,-19.5122,7.9439,7.9439
20240807,2344,華邦電,TWSE,23.0,23.7,22.9,23.55,30205099.0,707228791.0,TWSE_RWD_JSON_MI_INDEX,data/daily_price/daily_price_20240807.csv,23.03,24.1775,25.0542,25.8688,24.049,1.9481,1.7279,-9.2486,-6.917,-13.894,30540200.05,0.989,26.1,27.3,28.7,21.4,21.4,21.4,-2.5954,-6.0037,-8.9635,-2.0749,-9.7701,-13.7363,-17.9443,10.0467,10.0467
20240808,2344,華邦電,TWSE,23.1,23.25,22.65,22.65,26024938.0,596357959.0,TWSE_RWD_JSON_MI_INDEX,data/daily_price/daily_price_20240808.csv,22.9,24.0325,25.0075,25.8321,23.9324,-3.8217,-2.7897,-11.3503,-11.002,-16.2662,30354030.3,0.8574,26.1,27.3,28.7,21.4,21.4,21.4,-5.7526,-9.4272,-12.3183,-5.3585,-13.2184,-17.033,-21.0801,5.8411,5.8411
20240809,2344,華邦電,TWSE,23.15,23.55,22.9,22.9,31165390.0,723500536.0,TWSE_RWD_JSON_MI_INDEX,data/daily_price/daily_price_20240809.csv,22.84,23.9075,24.9625,25.7971,23.8464,1.1038,-1.2931,-9.8425,-10.5469,-15.4982,31070222.15,1.0031,26.1,27.3,28.7,21.4,21.4,21.4,-4.2142,-8.2624,-11.2303,-3.9686,-12.2605,-16.1172,-20.2091,7.0093,7.0093
20240812,2344,華邦電,TWSE,23.1,23.7,23.1,23.35,26234565.0,614465732.0,TWSE_RWD_JSON_MI_INDEX,data/daily_price/daily_price_20240812.csv,23.11,23.785,24.9267,25.7721,23.805,1.9651,6.1364,-9.4961,-8.4314,-11.3852,31379124.1,0.8361,26.1,27.3,28.7,21.4,21.4,21.4,-1.8289,-6.3252,-9.3981,-1.9114,-10.5364,-14.4689,-18.6411,9.1121,9.1121
20240813,2344,華邦電,TWSE,23.5,23.6,23.25,23.6,12979297.0,304644010.0,TWSE_RWD_JSON_MI_INDEX,data/daily_price/daily_price_20240813.csv,23.21,23.675,24.8933,25.7425,23.7879,1.0707,2.1645,-8.5271,-7.8125,-13.0755,30965886.25,0.4191,25.85,27.3,28.7,21.4,21.4,21.4,-0.3168,-5.1955,-8.3228,-0.79,-8.7041,-13.5531,-17.77,10.2804,10.2804
20240814,2344,華邦電,TWSE,23.85,24.35,23.7,24.2,26202678.0,630740614.0,TWSE_RWD_JSON_MI_INDEX,data/daily_price/daily_price_20240814.csv,23.34,23.6175,24.8742,25.7133,23.8223,2.5424,2.7601,-4.5365,-4.5365,-12.6354,31169061.3,0.8407,25.7,27.3,28.7,21.4,21.4,21.4,2.4664,-2.7103,-5.8854,1.5856,-5.8366,-11.3553,-15.6794,13.0841,13.0841
20240815,2344,華邦電,TWSE,24.4,24.4,23.8,23.8,15401519.0,369627744.0,TWSE_RWD_JSON_MI_INDEX,data/daily_price/daily_price_20240815.csv,23.57,23.54,24.8458,25.6842,23.8204,-1.6529,5.0773,-6.1144,-6.6667,-12.8205,31203398.4,0.4936,25.6,27.3,28.7,21.4,21.4,21.4,1.1045,-4.2093,-7.3359,-0.0857,-7.0312,-12.8205,-17.0732,11.215,11.215
20240816,2344,華邦電,TWSE,24.2,24.35,23.9,23.95,17683112.0,426799762.0,TWSE_RWD_JSON_MI_INDEX,data/daily_price/daily_price_20240816.csv,23.78,23.475,24.8208,25.6529,23.8312,0.6303,4.5852,-5.1485,-5.8939,-13.5379,31043904.05,0.5696,25.35,27.3,28.7,21.4,21.4,21.4,2.0234,-3.5085,-6.6383,0.4985,-5.5227,-12.2711,-16.5505,11.9159,11.9159
20240819,2344,華邦電,TWSE,23.95,24.15,23.7,24.0,22395225.0,536967278.0,TWSE_RWD_JSON_MI_INDEX,data/daily_price/daily_price_20240819.csv,23.91,23.4125,24.79,25.6204,23.8453,0.2088,2.7837,-4.9505,-7.1567,-13.9785,30814830.0,0.7268,25.2,27.3,28.7,21.4,21.4,21.4,2.5093,-3.1868,-6.3247,0.6489,-4.7619,-12.0879,-16.3763,12.1495,12.1495
20240820,2344,華邦電,TWSE,23.9,24.15,23.65,23.75,39962265.0,954098795.0,TWSE_RWD_CSV_MI_INDEX,data/daily_price/daily_price_20240820.csv,23.94,23.38,24.7575,25.5879,23.8373,-1.0417,0.6356,-2.6639,-7.5875,-14.1049,31128642.9,1.2838,24.5,27.3,28.7,21.4,21.4,21.4,1.5825,-4.0695,-7.1828,-0.3664,-3.0612,-13.0037,-17.2474,10.9813,10.9813
20240821,2344,華邦電,TWSE,23.8,23.85,23.35,23.35,24669010.0,580900648.0,TWSE_RWD_JSON_MI_INDEX,data/daily_price/daily_price_20240821.csv,23.77,23.355,24.7158,25.5529,23.7967,-1.6842,-3.5124,-2.0964,-9.6712,-15.245,30666417.0,0.8044,24.4,27.3,28.7,21.4,21.4,21.4,-0.0214,-5.5261,-8.621,-1.8773,-4.3033,-14.4689,-18.6411,9.1121,9.1121
20240822,2344,華邦電,TWSE,23.4,23.85,23.35,23.75,15313895.0,362997819.0,TWSE_RWD_JSON_MI_INDEX,data/daily_price/daily_price_20240822.csv,23.76,23.3475,24.6783,25.5221,23.7928,1.7131,-0.2101,-0.6276,-8.6538,-13.4791,30372221.8,0.5042,24.4,27.3,28.7,21.4,21.4,21.4,1.724,-3.7617,-6.9433,-0.18,-2.6639,-13.0037,-17.2474,10.9813,10.9813
20240823,2344,華邦電,TWSE,23.5,23.55,23.2,23.4,17649804.0,411695228.0,TWSE_RWD_JSON_MI_INDEX,data/daily_price/daily_price_20240823.csv,23.65,23.345,24.6275,25.4842,23.7601,-1.4737,-2.2965,-0.2132,-11.5312,-16.2791,29906586.1,0.5902,24.4,27.3,28.7,21.4,21.4,21.4,0.2356,-4.9843,-8.1783,-1.5155,-4.0984,-14.2857,-18.4669,9.3458,9.3458
20240826,2344,華邦電,TWSE,23.5,23.95,23.4,23.55,23093425.0,547691126.0,TWSE_RWD_JSON_MI_INDEX,data/daily_price/daily_price_20240826.csv,23.56,23.3625,24.5858,25.4496,23.7426,0.641,-1.875,1.5086,-9.5969,-14.9819,30250028.6,0.7634,24.4,27.3,28.7,21.4,21.4,21.4,0.8026,-4.2131,-7.4641,-0.8111,-3.4836,-13.7363,-17.9443,10.0467,10.0467
20240827,2344,華邦電,TWSE,23.5,23.55,23.3,23.4,13621633.0,318752242.0,TWSE_RWD_JSON_MI_INDEX,data/daily_price/daily_price_20240827.csv,23.49,23.3975,24.5525,25.4133,23.714,-0.6369,-1.4737,3.0837,-7.874,-15.6757,28441478.6,0.4789,24.4,27.3,28.7,21.4,21.4,21.4,0.0107,-4.694,-7.9224,-1.3243,-4.0984,-14.2857,-18.4669,9.3458,9.3458
20240828,2344,華邦電,TWSE,23.5,23.6,23.25,23.45,11412946.0,267843497.0,TWSE_RWD_JSON_MI_INDEX,data/daily_price/daily_price_20240828.csv,23.51,23.4125,24.5267,25.3792,23.692,0.2137,0.4283,1.2959,-6.2,-14.882,27294828.5,0.4181,24.4,27.3,28.7,21.4,21.4,21.4,0.1602,-4.3898,-7.6014,-1.0216,-3.8934,-14.1026,-18.2927,9.5794,9.5794
20240829,2344,華邦電,TWSE,23.25,23.6,23.15,23.55,11788654.0,275767378.0,TWSE_RWD_JSON_MI_INDEX,data/daily_price/daily_price_20240829.csv,23.47,23.425,24.4992,25.3488,23.6802,0.4264,-0.8421,1.073,-6.5476,-13.4191,26567331.0,0.4437,24.4,27.3,28.7,21.4,21.4,21.4,0.5336,-3.8743,-7.096,-0.5498,-3.4836,-13.7363,-17.9443,10.0467,10.0467
20240830,2344,華邦電,TWSE,23.55,24.3,23.55,24.05,42990730.0,1035112217.0,TWSE_RWD_JSON_MI_INDEX,data/daily_price/daily_price_20240830.csv,23.6,23.4675,24.4983,25.3188,23.711,2.1231,2.7778,3.6638,-0.2075,-13.0199,26009794.35,1.6529,24.4,27.3,28.45,21.4,21.4,21.4,2.4822,-1.8301,-5.0111,1.4296,-1.4344,-11.9048,-15.4657,12.3832,12.3832
20240902,2344,華邦電,TWSE,24.15,24.2,23.55,23.7,15471358.0,369872003.0,TWSE_RWD_JSON_MI_INDEX,data/daily_price/daily_price_20240902.csv,23.63,23.5525,24.495,25.2862,23.7101,-1.4553,0.6369,7.7273,-0.8368,-14.1304,23884214.65,0.6478,24.4,27.3,28.2,22.0,21.4,21.4,0.6263,-3.2456,-6.2732,-0.0426,-2.8689,-13.1868,-15.9574,10.7477,10.7477
20240903,2344,華邦電,TWSE,23.7,23.75,23.2,23.2,13601074.0,317685425.0,TWSE_RWD_JSON_MI_INDEX,data/daily_price/daily_price_20240903.csv,23.59,23.5575,24.4833,25.2508,23.6676,-2.1097,-0.8547,0.4329,-2.9289,-15.4827,21893330.85,0.6212,24.4,27.3,28.2,22.65,21.4,21.4,-1.5176,-5.2417,-8.1218,-1.9757,-4.918,-15.0183,-17.7305,8.4112,8.4112
20240904,2344,華邦電,TWSE,22.05,22.25,21.6,22.1,39559631.0,872326167.0,TWSE_RWD_JSON_MI_INDEX,data/daily_price/daily_price_20240904.csv,23.32,23.485,24.4442,25.2058,23.537,-4.7414,-5.7569,-6.1571,-9.6115,-19.6364,22361057.45,1.7691,24.4,27.3,28.2,21.6,21.4,21.4,-5.8974,-9.5899,-12.3219,-6.1051,-9.4262,-19.0476,-21.6312,3.271,3.271
20240905,2344,華邦電,TWSE,22.2,22.35,21.4,21.4,34563421.0,752085551.0,TWSE_RWD_JSON_MI_INDEX,data/daily_price/daily_price_20240905.csv,22.89,23.4225,24.4,25.1608,23.3589,-3.1674,-9.1295,-5.5188,-11.0187,-20.1493,22787981.6,1.5167,24.4,27.3,28.2,21.4,21.4,21.4,-8.6349,-12.2951,-14.9472,-8.386,-12.2951,-21.6117,-24.1135,0.0,0.0
20240906,2344,華邦電,TWSE,21.5,21.65,21.25,21.4,20427442.0,437018704.0,TWSE_RWD_JSON_MI_INDEX,data/daily_price/daily_price_20240906.csv,22.36,23.3475,24.3567,25.1158,23.1956,0.0,-11.0187,-6.5502,-10.8333,-20.1493,22251084.2,0.918,24.4,27.3,28.2,21.25,21.25,21.25,-8.3414,-12.139,-14.7948,-7.7413,-12.2951,-21.6117,-24.1135,0.7059,0.7059
20240909,2344,華邦電,TWSE,20.9,21.3,20.8,21.2,17149726.0,361348900.0,TWSE_RWD_JSON_MI_INDEX,data/daily_price/daily_price_20240909.csv,21.86,23.24,24.2992,25.0717,23.0293,-0.9346,-10.5485,-9.2077,-13.9959,-20.0,21796842.25,0.7868,24.4,27.3,28.2,20.8,20.8,20.8,-8.778,-12.7542,-15.4424,-7.9435,-13.1148,-22.3443,-24.8227,1.9231,1.9231
20240910,2344,華邦電,TWSE,21.3,21.35,20.45,20.45,23832601.0,494981508.0,TWSE_RWD_JSON_MI_INDEX,data/daily_price/daily_price_20240910.csv,21.31,23.0825,24.2292,25.0179,22.8144,-3.5377,-11.8534,-13.3475,-17.0385,-23.9777,22339507.45,1.0668,24.4,27.3,28.2,20.45,20.45,20.45,-11.4047,-15.5976,-18.2586,-10.3636,-16.1885,-25.0916,-27.4823,0.0,0.0
20240911,2344,華邦電,TWSE,20.5,21.0,20.5,20.8,11163834.0,232286967.0,TWSE_RWD_JSON_MI_INDEX,data/daily_price/daily_price_20240911.csv,21.05,22.9125,24.1508,24.9696,22.6465,1.7115,-5.8824,-14.0496,-18.4314,-21.8045,21587565.25,0.5171,24.4,27.3,28.2,20.45,20.45,20.45,-9.2199,-13.8746,-16.6987,-8.1537,-14.7541,-23.8095,-26.2411,1.7115,1.7115
20240912,2344,華邦電,TWSE,21.25,21.3,20.95,21.05,8974299.0,189556318.0,TWSE_RWD_JSON_MI_INDEX,data/daily_price/daily_price_20240912.csv,20.98,22.775,24.055,24.9279,22.5135,1.2019,-1.6355,-11.5546,-21.4552,-19.1939,21266204.25,0.422,24.35,27.3,28.2,20.45,20.45,20.45,-7.5741,-12.4922,-15.5565,-6.5005,-13.5524,-22.8938,-25.3546,2.934,2.934
20240913,2344,華邦電,TWSE,21.05,21.15,20.95,21.05,7046078.0,148264229.0,TWSE_RWD_JSON_MI_INDEX,data/daily_price/daily_price_20240913.csv,20.91,22.63,23.9675,24.8725,22.3915,0.0,-1.6355,-12.1086,-19.962,-24.0072,20734352.55,0.3398,24.3,27.3,28.2,20.45,20.45,20.45,-6.9819,-12.1727,-15.3684,-5.9912,-13.3745,-22.8938,-25.3546,2.934,2.934
20240916,2344,華邦電,TWSE,20.65,21.05,20.55,21.05,17856921.0,371422574.0,TWSE_RWD_JSON_MI_INDEX,data/daily_price/daily_price_20240916.csv,20.88,22.4825,23.8733,24.8188,22.2797,0.0,-0.7075,-12.2917,-21.161,-23.4545,20507437.35,0.8708,24.3,27.2,28.2,20.45,20.45,20.45,-6.3716,-11.8263,-15.1851,-5.5195,-13.3745,-22.6103,-25.3546,2.934,2.934
20240918,2344,華邦電,TWSE,21.05,21.1,20.4,20.4,22833233.0,472425050.0,TWSE_RWD_JSON_MI_INDEX,data/daily_price/daily_price_20240918.csv,20.87,22.315,23.7642,24.76,22.1231,-3.0879,-0.2445,-14.1053,-24.3043,-25.6831,19650985.75,1.1619,24.3,26.95,28.2,20.4,20.4,20.4,-8.5817,-14.1565,-17.609,-7.7886,-16.0494,-24.3043,-27.6596,0.0,0.0
20240919,2344,華邦電,TWSE,20.4,20.7,20.1,20.4,26813220.0,544170589.0,TWSE_RWD_JSON_MI_INDEX,data/daily_price/daily_price_20240919.csv,20.79,22.1675,23.6658,24.7042,21.9795,0.0,-1.9231,-12.6338,-22.4335,-24.7232,19758196.25,1.3571,24.3,26.7,28.2,20.1,20.1,20.1,-7.9734,-13.7998,-17.4228,-7.1862,-16.0494,-23.5955,-27.6596,1.4925,1.4925
20240920,2344,華邦電,TWSE,20.6,20.95,20.45,20.45,42691297.0,879221452.0,TWSE_RWD_JSON_MI_INDEX,data/daily_price/daily_price_20240920.csv,20.67,22.0025,23.5742,24.65,21.852,0.2451,-2.8504,-13.8947,-21.1946,-24.1187,21127066.35,2.0207,24.3,26.7,28.2,20.1,20.1,20.1,-7.056,-13.2525,-17.0385,-6.416,-15.8436,-23.4082,-27.4823,1.7413,1.7413
20240923,2344,華邦電,TWSE,20.75,20.95,20.55,20.65,15277143.0,316425947.0,TWSE_RWD_JSON_MI_INDEX,data/daily_price/daily_price_20240923.csv,20.59,21.865,23.495,24.5971,21.7519,0.978,-1.9002,-11.7521,-18.7008,-23.5185,21008433.3,0.7272,24.3,26.7,28.2,20.1,20.1,20.1,-5.5568,-12.109,-16.047,-5.0656,-15.0206,-22.6592,-26.773,2.7363,2.7363
20240924,2344,華邦電,TWSE,20.6,20.6,20.1,20.4,28032310.0,568695702.0,TWSE_RWD_JSON_MI_INDEX,data/daily_price/daily_price_20240924.csv,20.46,21.7075,23.4175,24.5404,21.6392,-1.2107,-3.0879,-13.3758,-18.5629,-25.0,21255377.55,1.3188,24.3,26.7,28.2,20.1,20.1,20.1,-6.0233,-12.8857,-16.8718,-5.7267,-16.0494,-23.5955,-27.6596,1.4925,1.4925
20240925,2344,華邦電,TWSE,20.5,20.85,20.5,20.75,29449596.0,610769454.0,TWSE_RWD_JSON_MI_INDEX,data/daily_price/daily_price_20240925.csv,20.53,21.575,23.335,24.4846,21.5651,1.7157,1.7157,-11.3248,-19.2607,-24.408,22046775.7,1.3358,24.3,26.7,28.2,20.1,20.1,20.1,-3.8239,-11.0778,-15.2528,-3.7798,-14.6091,-22.2846,-26.4184,3.2338,3.2338
20240926,2344,華邦電,TWSE,21.5,21.75,20.9,20.9,48246898.0,1028130007.0,TWSE_RWD_JSON_MI_INDEX,data/daily_price/daily_price_20240926.csv,20.63,21.4475,23.2583,24.4333,21.5097,0.7229,2.451,-10.8742,-18.0392,-22.7357,23888473.3,2.0197,24.3,26.7,28.2,20.1,20.1,20.1,-2.5527,-10.1397,-14.4611,-2.8345,-13.9918,-21.7228,-25.8865,3.9801,3.9801
20240927,2344,華邦電,TWSE,21.3,21.55,21.25,21.45,36237098.0,776436932.0,TWSE_RWD_JSON_MI_INDEX,data/daily_price/daily_price_20240927.csv,20.83,21.3425,23.1925,24.3896,21.5047,2.6316,4.89,-8.9172,-15.5512,-19.6629,25110895.5,1.4431,24.3,26.7,28.2,20.1,20.1,20.1,0.5037,-7.5132,-12.0526,-0.2544,-11.7284,-19.6629,-23.9362,6.7164,6.7164
20240930,2344,華邦電,TWSE,21.2,21.75,21.15,21.35,31467127.0,675846173.0,TWSE_RWD_JSON_MI_INDEX,data/daily_price/daily_price_20240930.csv,20.97,21.2075,23.11,24.3442,21.4918,-0.4662,3.3898,-11.2266,-18.8213,-20.3358,24534715.35,1.2826,24.2,26.7,28.2,20.1,20.1,20.1,0.6719,-7.6158,-12.2993,-0.6599,-11.7769,-20.0375,-24.2908,6.2189,6.2189
20241001,2344,華邦電,TWSE,21.35,21.45,20.9,21.0,20264517.0,426642897.0,TWSE_RWD_JSON_MI_INDEX,data/daily_price/daily_price_20241001.csv,21.09,21.0725,23.0217,24.2942,21.4508,-1.6393,2.9412,-11.3924,-20.1521,-22.2222,24774373.3,0.818,23.75,26.35,28.2,20.1,20.1,20.1,-0.3441,-8.7816,-13.5595,-2.1017,-11.5789,-20.3036,-25.5319,4.4776,4.4776
20241004,2344,華邦電,TWSE,21.0,21.25,20.7,20.85,18097053.0,377884756.0,TWSE_RWD_JSON_MI_INDEX,data/daily_price/daily_price_20241004.csv,21.11,20.955,22.9367,24.2383,21.4008,-0.7143,0.4819,-10.1293,-19.6532,-24.3194,24999172.25,0.7239,22.35,26.25,27.6,20.1,20.1,20.1,-0.5011,-9.0975,-13.9792,-2.5736,-6.7114,-20.5714,-24.4565,3.7313,3.7313
20241007,2344,華邦電,TWSE,20.95,21.0,20.55,20.7,14652859.0,303325706.0,TWSE_RWD_JSON_MI_INDEX,data/daily_price/daily_price_20241007.csv,21.07,20.885,22.8492,24.1833,21.3424,-0.7194,-0.9569,-6.3348,-20.2312,-24.1758,23753833.65,0.6169,22.35,26.1,27.35,20.1,20.1,20.1,-0.8858,-9.4059,-14.4039,-3.0098,-7.3826,-20.6897,-24.3144,2.9851,2.9851
20241008,2344,華邦電,TWSE,20.7,20.8,20.3,20.35,19308868.0,394719640.0,TWSE_RWD_JSON_MI_INDEX,data/daily_price/daily_price_20241008.csv,20.85,20.8325,22.7625,24.1288,21.2597,-1.6908,-5.1282,-4.9065,-20.3523,-24.3494,22991106.0,0.8398,21.75,26.1,27.3,20.1,20.1,20.1,-2.3161,-10.5986,-15.6608,-4.2789,-6.4368,-22.0307,-25.4579,1.2438,1.2438
20241009,2344,華邦電,TWSE,20.6,20.65,20.25,20.25,15487211.0,315559281.0,TWSE_RWD_JSON_MI_INDEX,data/daily_price/daily_price_20241009.csv,20.63,20.775,22.6767,24.0754,21.1755,-0.4914,-5.1522,-5.3738,-20.2756,-24.015,22744094.45,0.6809,21.75,26.1,27.3,20.1,20.1,20.1,-2.5271,-10.7012,-15.8893,-4.3708,-6.8966,-22.4138,-25.8242,0.7463,0.7463
20241011,2344,華邦電,TWSE,20.35,20.35,20.05,20.05,23298189.0,468662828.0,TWSE_RWD_JSON_MI_INDEX,data/daily_price/daily_price_20241011.csv,20.44,20.7175,22.5808,24.03,21.0817,-0.9877,-4.5238,-5.4245,-22.2868,-21.3725,23051517.6,1.0107,21.75,26.1,27.3,20.05,20.05,20.05,-3.2219,-11.2079,-16.5626,-4.894,-7.8161,-23.1801,-26.5568,0.0,0.0
20241014,2344,華邦電,TWSE,20.15,20.2,20.0,20.1,14643005.0,293962733.0,TWSE_RWD_JSON_MI_INDEX,data/daily_price/daily_price_20241014.csv,20.29,20.7,22.4858,23.9804,20.9999,0.2494,-3.5971,-1.7115,-22.093,-22.8407,22592037.8,0.6481,21.75,25.85,27.3,20.0,20.0,20.0,-2.8986,-10.6104,-16.1816,-4.2854,-7.5862,-22.2437,-26.3736,0.5,0.5
20241015,2344,華邦電,TWSE,20.15,20.5,20.15,20.35,16267249.0,331554564.0,TWSE_RWD_JSON_MI_INDEX,data/daily_price/daily_price_20241015.csv,20.22,20.6775,22.4025,23.9342,20.9458,1.2438,-1.6908,-2.1635,-19.7239,-21.4286,22847208.55,0.712,21.75,25.7,27.3,20.0,20.0,20.0,-1.5838,-9.1619,-14.9751,-2.8443,-6.4368,-20.8171,-25.4579,1.75,1.75
20241016,2344,華邦電,TWSE,20.2,20.2,19.95,20.0,21547430.0,431666795.0,TWSE_RWD_JSON_MI_INDEX,data/daily_price/daily_price_20241016.csv,20.15,20.625,22.3133,23.8892,20.867,-1.7199,-1.7199,-4.9881,-21.1045,-21.2598,23475865.1,0.9179,21.75,25.6,27.3,19.95,19.95,19.95,-3.0303,-10.3675,-16.28,-4.1547,-8.046,-21.875,-26.7399,0.2506,0.2506
20241017,2344,華邦電,TWSE,20.15,20.5,20.1,20.25,18284388.0,370706455.0,TWSE_RWD_JSON_MI_INDEX,data/daily_price/daily_price_20241017.csv,20.15,20.585,22.23,23.8521,20.8155,1.25,0.0,-3.8005,-19.802,-18.0162,24037780.6,0.7607,21.75,25.35,27.3,19.95,19.95,19.95,-1.6274,-8.9069,-15.1018,-2.7169,-6.8966,-20.1183,-25.8242,1.5038,1.5038
20241018,2344,華邦電,TWSE,20.35,20.4,20.0,20.1,15031649.0,302765284.0,TWSE_RWD_JSON_MI_INDEX,data/daily_price/daily_price_20241018.csv,20.16,20.5375,22.1442,23.8121,20.7559,-0.7407,0.2494,-4.5131,-20.396,-19.2771,23896517.0,0.629,21.75,25.2,27.3,19.95,19.95,19.95,-2.1302,-9.2312,-15.5891,-3.1601,-7.5862,-20.2381,-26.3736,0.7519,0.7519
20241021,2344,華邦電,TWSE,20.2,20.4,19.95,20.25,21090197.0,425005841.0,TWSE_RWD_JSON_MI_INDEX,data/daily_price/daily_price_20241021.csv,20.19,20.53,22.075,23.7671,20.7138,0.7463,0.7463,-0.7353,-17.0082,-21.0526,23809365.2,0.8858,21.75,24.5,27.3,19.95,19.95,19.95,-1.3639,-8.2673,-14.7981,-2.2389,-6.8966,-17.3469,-25.8242,1.5038,1.5038
20241022,2344,華邦電,TWSE,20.25,20.25,20.0,20.2,18903181.0,379584322.0,TWSE_RWD_JSON_MI_INDEX,data/daily_price/daily_price_20241022.csv,20.16,20.52,22.0142,23.7254,20.6709,-0.2469,-0.7371,-0.9804,-15.304,-19.8413,23413863.25,0.8073,21.75,24.4,27.3,19.95,19.95,19.95,-1.5595,-8.2409,-14.8592,-2.2783,-7.1264,-17.2131,-26.0073,1.2531,1.2531
20241023,2344,華邦電,TWSE,20.15,20.45,20.1,20.2,13777424.0,278648418.0,TWSE_RWD_JSON_MI_INDEX,data/daily_price/daily_price_20241023.csv,20.2,20.5075,21.9525,23.6842,20.6317,0.0,1.0,-1.2225,-15.4812,-19.6819,21968169.6,0.6272,21.75,24.4,27.3,19.95,19.95,19.95,-1.4995,-7.9831,-14.711,-2.0924,-7.1264,-17.2131,-26.0073,1.2531,1.2531
20241024,2344,華邦電,TWSE,20.15,20.15,19.9,19.95,21649671.0,432646502.0,TWSE_RWD_JSON_MI_INDEX,data/daily_price/daily_price_20241024.csv,20.14,20.4725,21.8942,23.6338,20.5749,-1.2376,-1.4815,-3.3898,-14.9254,-23.2692,22286796.0,0.9714,21.75,24.4,27.3,19.9,19.9,19.9,-2.5522,-8.8798,-15.5868,-3.0371,-8.2759,-18.2377,-26.9231,0.2513,0.2513
20241025,2344,華邦電,TWSE,20.0,20.05,19.6,19.8,30323157.0,598769929.0,TWSE_RWD_JSON_MI_INDEX,data/daily_price/daily_price_20241025.csv,20.08,20.4425,21.8375,23.5821,20.5103,-0.7519,-1.4925,-2.9412,-14.6552,-23.8462,22401338.35,1.3536,21.75,24.4,27.3,19.6,19.6,19.6,-3.143,-9.3303,-16.038,-3.4632,-8.9655,-18.8525,-27.4725,1.0204,1.0204
20241028,2344,華邦電,TWSE,19.9,19.9,19.5,19.75,17759014.0,349321378.0,TWSE_RWD_JSON_MI_INDEX,data/daily_price/daily_price_20241028.csv,19.98,20.3925,21.7883,23.5308,20.447,-0.2525,-2.4691,-4.8193,-12.9956,-23.7452,21816809.25,0.814,21.75,24.4,27.3,19.5,19.5,19.5,-3.1507,-9.3552,-16.0676,-3.4086,-9.1954,-19.0574,-27.6557,1.2821,1.2821
20241029,2344,華邦電,TWSE,19.75,19.75,19.2,19.2,21531070.0,416179079.0,TWSE_RWD_JSON_MI_INDEX,data/daily_price/daily_price_20241029.csv,19.78,20.3075,21.7225,23.4808,20.343,-2.7848,-4.9505,-8.134,-17.0626,-23.8095,20481017.85,1.0513,21.75,24.4,27.3,19.2,19.2,19.2,-5.4537,-11.6124,-18.2312,-5.6188,-11.7241,-21.3115,-29.6703,0.0,0.0
20241030,2344,華邦電,TWSE,19.3,19.5,19.05,19.25,17989671.0,345592403.0,TWSE_RWD_JSON_MI_INDEX,data/daily_price/daily_price_20241030.csv,19.59,20.1975,21.655,23.4292,20.252,0.2604,-4.703,-10.2564,-17.382,-24.3615,19568646.5,0.9193,21.75,24.4,27.3,19.05,19.05,19.05,-4.6912,-11.106,-17.8375,-4.9474,-11.4943,-21.1066,-29.4872,1.0499,1.0499
20241101,2344,華邦電,TWSE,19.0,19.4,18.8,19.35,23906503.0,454609960.0,TWSE_RWD_JSON_MI_INDEX,data/daily_price/daily_price_20241101.csv,19.47,20.0975,21.5908,23.38,20.1768,0.5195,-3.0075,-9.3677,-16.5948,-23.3663,19190615.3,1.2457,21.45,24.4,27.3,18.8,18.8,18.8,-3.7194,-10.3786,-17.237,-4.0977,-9.7902,-20.6967,-29.1209,2.9255,2.9255
20241104,2344,華邦電,TWSE,19.35,19.35,19.05,19.2,14356133.0,275261350.0,TWSE_RWD_JSON_MI_INDEX,data/daily_price/daily_price_20241104.csv,19.35,20.0075,21.5442,23.3288,20.0954,-0.7752,-3.0303,-8.5714,-12.7273,-24.2604,18895196.1,0.7598,21.25,24.4,27.3,18.8,18.8,18.8,-4.036,-10.8807,-17.6981,-4.4557,-9.6471,-21.3115,-29.6703,2.1277,2.1277
20241105,2344,華邦電,TWSE,19.1,19.25,18.9,19.0,21436015.0,407786982.0,TWSE_RWD_JSON_MI_INDEX,data/daily_price/daily_price_20241105.csv,19.2,19.915,21.4758,23.2796,20.0041,-1.0417,-3.7975,-8.8729,-17.7489,-23.6948,19062144.2,1.1245,21.0,24.4,27.3,18.8,18.8,18.8,-4.5945,-11.5285,-18.3834,-5.0195,-9.5238,-22.1311,-30.4029,1.0638,1.0638
20241106,2344,華邦電,TWSE,19.15,19.3,18.85,18.9,23060512.0,438752780.0,TWSE_RWD_JSON_MI_INDEX,data/daily_price/daily_price_20241106.csv,19.14,19.825,21.3983,23.2262,19.9121,-0.5263,-1.5625,-8.6957,-19.7452,-25.2964,19482526.85,1.1837,20.8,24.4,27.3,18.8,18.8,18.8,-4.6658,-11.6754,-18.6266,-5.0828,-9.1346,-22.541,-30.7692,0.5319,0.5319
20241107,2344,華邦電,TWSE,18.95,19.85,18.9,19.8,43093064.0,836105725.0,TWSE_RWD_JSON_MI_INDEX,data/daily_price/daily_price_20241107.csv,19.25,19.7975,21.3508,23.1792,19.9028,4.7619,2.8571,-2.7027,-12.5828,-22.2004,20671736.65,2.0846,20.65,24.4,27.3,18.8,18.8,18.8,0.0126,-7.2636,-14.5785,-0.5163,-4.1162,-18.8525,-27.4725,5.3191,5.3191
20241108,2344,華邦電,TWSE,19.9,20.05,19.35,19.5,28514082.0,560442865.0,TWSE_RWD_JSON_MI_INDEX,data/daily_price/daily_price_20241108.csv,19.28,19.76,21.2942,23.1283,19.8692,-1.5152,0.7752,-3.7037,-14.8472,-23.8281,21323080.2,1.3372,20.5,24.4,27.3,18.8,18.8,18.8,-1.3158,-8.4256,-15.6878,-1.8581,-4.878,-20.082,-28.5714,3.7234,3.7234
20241111,2344,華邦電,TWSE,19.4,19.4,19.0,19.2,21350299.0,407811560.0,TWSE_RWD_JSON_MI_INDEX,data/daily_price/daily_price_20241111.csv,19.28,19.7175,21.225,23.0758,19.8134,-1.5385,0.0,-4.2394,-17.773,-24.7059,21225685.7,1.0059,20.5,24.4,27.3,18.8,18.8,18.8,-2.6246,-9.5406,-16.7961,-3.096,-6.3415,-21.3115,-29.6703,2.1277,2.1277
20241112,2344,華邦電,TWSE,18.95,19.1,18.7,18.7,27810051.0,523607823.0,TWSE_RWD_JSON_MI_INDEX,data/daily_price/daily_price_20241112.csv,19.22,19.6475,21.1433,23.0183,19.7206,-2.6042,-1.5789,-6.9652,-20.7627,-26.9531,21884038.0,1.2708,20.5,24.4,27.3,18.7,18.7,18.7,-4.8225,-11.556,-18.7604,-5.1755,-8.7805,-23.3607,-31.5018,0.0,0.0
20241113,2344,華邦電,TWSE,18.7,18.75,18.3,18.35,24679537.0,455333582.0,TWSE_RWD_JSON_MI_INDEX,data/daily_price/daily_price_20241113.csv,19.11,19.5475,21.0458,22.96,19.6064,-1.8717,-2.9101,-9.828,-24.1736,-27.6134,22304652.4,1.1065,20.5,24.4,27.3,18.3,18.3,18.3,-6.1261,-12.8093,-20.0784,-6.4082,-10.4878,-24.7951,-32.7839,0.2732,0.2732
20241114,2344,華邦電,TWSE,18.35,18.35,17.7,17.7,28467962.0,511165261.0,TWSE_RWD_JSON_MI_INDEX,data/daily_price/daily_price_20241114.csv,18.69,19.4325,20.9442,22.895,19.4476,-3.5422,-10.6061,-11.5,-25.6303,-30.5882,22650679.0,1.2568,20.5,24.35,27.3,17.7,17.7,17.7,-8.9155,-15.4896,-22.6905,-8.986,-13.6585,-27.3101,-35.1648,0.0,0.0
20241115,2344,華邦電,TWSE,17.75,18.15,17.75,18.0,30810137.0,551594628.0,TWSE_RWD_JSON_MI_INDEX,data/daily_price/daily_price_20241115.csv,18.39,19.32,20.845,22.8329,19.3269,1.6949,-7.6923,-11.1111,-24.8434,-29.2731,23276966.45,1.3236,20.45,24.3,27.3,17.7,17.7,17.7,-6.8323,-13.6484,-21.1664,-6.8657,-11.9804,-25.9259,-34.0659,1.6949,1.6949
20241118,2344,華邦電,TWSE,18.0,18.05,17.7,17.8,28736986.0,511628397.0,TWSE_RWD_JSON_MI_INDEX,data/daily_price/daily_price_20241118.csv,18.11,19.205,20.7417,22.7658,19.1997,-1.1111,-7.2917,-11.4428,-25.8333,-31.1412,23962233.3,1.1993,20.45,24.3,27.3,17.7,17.7,17.7,-7.3158,-14.1824,-21.8127,-7.2901,-12.9584,-26.749,-34.7985,0.565,0.565
20241119,2344,華邦電,TWSE,17.95,18.15,17.8,18.0,20249114.0,364801384.0,TWSE_RWD_CSV_MI_INDEX,data/daily_price/daily_price_20241119.csv,17.97,19.0925,20.6458,22.7017,19.0997,1.1236,-3.7433,-11.1111,-24.2105,-29.9611,23920179.15,0.8465,20.45,24.3,27.3,17.7,17.7,17.7,-5.7221,-12.8153,-20.7107,-5.7577,-11.9804,-25.9259,-34.0659,1.6949,1.6949
20241120,2344,華邦電,TWSE,18.05,18.25,17.8,17.8,24850865.0,447074851.0,TWSE_RWD_JSON_MI_INDEX,data/daily_price/daily_price_20241120.csv,17.86,18.9725,20.5533,22.6346,18.9914,-1.1111,-2.9973,-11.8812,-23.7687,-31.1412,24217563.35,1.0262,20.45,24.3,27.3,17.7,17.7,17.7,-6.18,-13.396,-21.3593,-6.2734,-12.9584,-26.749,-34.7985,0.565,0.565
20241121,2344,華邦電,TWSE,17.8,18.0,17.5,17.8,31627381.0,563009850.0,TWSE_RWD_JSON_MI_INDEX,data/daily_price/daily_price_20241121.csv,17.88,18.8525,20.4542,22.5662,18.8921,0.0,0.565,-11.8812,-25.0526,-31.5385,25110061.2,1.2596,20.15,24.3,27.3,17.5,17.5,17.5,-5.5828,-12.9762,-21.1211,-5.7808,-11.6625,-26.749,-34.7985,1.7143,1.7143
20241122,2344,華邦電,TWSE,17.9,18.1,17.9,18.05,18363361.0,330908993.0,TWSE_RWD_JSON_MI_INDEX,data/daily_price/daily_price_20241122.csv,17.89,18.7575,20.365,22.4962,18.8219,1.4045,0.2778,-9.5238,-22.8632,-31.758,24945745.7,0.7361,20.05,24.3,27.3,17.5,17.5,17.5,-3.7718,-11.3675,-19.7644,-4.1013,-9.9751,-25.7202,-33.8828,3.1429,3.1429
20241125,2344,華邦電,TWSE,18.1,18.15,17.6,17.6,312132640.0,5508005990.0,TWSE_RWD_JSON_MI_INDEX,data/daily_price/daily_price_20241125.csv,17.85,18.6475,20.2658,22.4258,18.7201,-2.4931,-1.1236,-11.1111,-25.2654,-32.4376,39036219.85,7.996,20.05,24.3,27.3,17.5,17.5,17.5,-5.6174,-13.1543,-21.5191,-5.9835,-12.2195,-27.572,-35.5311,0.5714,0.5714
20241126,2344,華邦電,TWSE,17.8,17.85,17.45,17.45,31222537.0,550063790.0,TWSE_RWD_JSON_MI_INDEX,data/daily_price/daily_price_20241126.csv,17.74,18.5325,20.1667,22.3596,18.6143,-0.8523,-3.0556,-11.6456,-25.4274,-31.2992,39709396.0,0.7863,20.05,24.3,27.3,17.45,17.45,17.45,-5.8411,-13.4711,-21.9574,-6.2547,-12.9676,-28.1893,-36.0806,0.0,0.0
20241127,2344,華邦電,TWSE,17.5,17.5,16.6,16.6,48650408.0,823066072.0,TWSE_RWD_JSON_MI_INDEX,data/daily_price/daily_price_20241127.csv,17.5,18.4025,20.0525,22.2896,18.4464,-4.8711,-6.7416,-13.5417,-29.2111,-33.6,41065362.9,1.1847,20.05,24.3,27.3,16.6,16.6,16.6,-9.7949,-17.2173,-25.5258,-10.0096,-17.207,-31.6872,-39.1941,0.0,0.0
20241128,2344,華邦電,TWSE,16.5,16.6,16.05,16.05,49759782.0,806792931.0,TWSE_RWD_JSON_MI_INDEX,data/daily_price/daily_price_20241128.csv,17.15,18.2425,19.9275,22.2133,18.2467,-3.3133,-9.8315,-16.6234,-31.8471,-36.3095,42653868.45,1.1666,20.05,24.3,27.3,16.05,16.05,16.05,-12.0186,-19.458,-27.7461,-12.0389,-19.9501,-33.9506,-41.2088,0.0,0.0
20241129,2344,華邦電,TWSE,16.05,16.25,15.9,16.05,24366264.0,391995554.0,TWSE_RWD_JSON_MI_INDEX,data/daily_price/daily_price_20241129.csv,16.75,18.0775,19.7942,22.1463,18.0637,0.0,-11.0803,-17.0543,-33.264,-33.4025,42676856.5,0.5709,20.05,24.2,27.3,15.9,15.9,15.9,-11.2156,-18.9155,-27.5272,-11.1475,-19.9501,-33.6777,-41.2088,0.9434,0.9434
20241202,2344,華邦電,TWSE,16.15,16.3,15.85,15.85,26838570.0,428312400.0,TWSE_RWD_JSON_MI_INDEX,data/daily_price/daily_price_20241202.csv,16.4,17.91,19.6633,22.0792,17.8792,-1.2461,-9.9432,-17.4479,-33.1224,-33.682,43300978.35,0.6198,20.05,23.75,27.3,15.85,15.85,15.85,-11.502,-19.3931,-28.2129,-11.3494,-20.9476,-33.2632,-41.9414,0.0,0.0
20241203,2344,華邦電,TWSE,16.0,16.2,15.85,15.9,21683288.0,346227381.0,TWSE_RWD_JSON_MI_INDEX,data/daily_price/daily_price_20241203.csv,16.09,17.755,19.5417,22.0125,17.7142,0.3155,-8.8825,-16.3158,-31.4655,-33.4728,43313342.0,0.5006,20.05,22.35,27.3,15.85,15.85,15.85,-10.4478,-18.6354,-27.7683,-10.2418,-20.6983,-28.8591,-41.7582,0.3155,0.3155
20241204,2344,華邦電,TWSE,16.05,16.2,15.95,16.0,19310500.0,310215684.0,TWSE_RWD_JSON_MI_INDEX,data/daily_price/daily_price_20241204.csv,15.97,17.61,19.44,21.9421,17.5714,0.6289,-3.6145,-15.3439,-27.6018,-34.5603,43125841.4,0.4478,20.05,22.35,27.3,15.85,15.85,15.85,-9.1425,-17.6955,-27.0808,-8.9429,-20.1995,-28.4116,-41.3919,0.9464,0.9464
20241205,2344,華邦電,TWSE,16.1,16.25,15.85,15.85,19176579.0,307346577.0,TWSE_RWD_JSON_MI_INDEX,data/daily_price/daily_price_20241205.csv,15.93,17.4125,19.3475,21.8737,17.4279,-0.9375,-1.2461,-19.9495,-25.9346,-34.0956,41930017.15,0.4573,20.05,21.75,27.3,15.85,15.85,15.85,-8.9734,-18.0773,-27.5387,-9.0541,-20.9476,-27.1264,-41.9414,0.0,0.0
20241206,2344,華邦電,TWSE,15.8,16.45,15.75,16.15,38952455.0,630212882.0,TWSE_RWD_JSON_MI_INDEX,data/daily_price/daily_price_20241206.csv,15.95,17.245,19.26,21.8083,17.3215,1.8927,0.6231,-17.1795,-24.5327,-32.7083,42451935.8,0.9176,19.4,21.75,27.3,15.75,15.75,15.75,-6.3497,-16.1475,-25.9457,-6.763,-16.7526,-25.7471,-40.8425,2.5397,2.5397
20241209,2344,華邦電,TWSE,16.2,16.25,15.9,15.9,20267255.0,324408173.0,TWSE_RWD_JSON_MI_INDEX,data/daily_price/daily_price_20241209.csv,15.96,17.08,19.1717,21.7354,17.203,-1.548,0.3155,-17.1875,-25.0,-35.497,42397783.6,0.478,19.1,21.75,27.3,15.75,15.75,15.75,-6.9087,-17.0651,-26.8475,-7.5742,-16.7539,-26.8966,-41.7582,0.9524,0.9524
20241210,2344,華邦電,TWSE,15.95,16.2,15.8,15.8,19934571.0,318311464.0,TWSE_RWD_JSON_MI_INDEX,data/daily_price/daily_price_20241210.csv,15.94,16.935,19.0942,21.6617,17.0861,-0.6289,-0.6289,-15.508,-22.7384,-35.9026,42004009.6,0.4746,18.75,21.75,27.3,15.75,15.75,15.75,-6.7021,-17.2522,-27.0601,-7.5271,-15.7333,-27.3563,-42.1245,0.3175,0.3175
20241211,2344,華邦電,TWSE,15.8,15.8,15.2,15.25,42931970.0,660700940.0,TWSE_RWD_JSON_MI_INDEX,data/daily_price/daily_price_20241211.csv,15.79,16.78,19.0017,21.5763,16.9331,-3.481,-4.6875,-16.8937,-26.6827,-40.1961,42916631.25,1.0004,18.35,21.75,27.3,15.2,15.2,15.2,-9.118,-19.7439,-29.3204,-9.9396,-16.8937,-29.8851,-44.1392,0.3289,0.3289
20241212,2344,華邦電,TWSE,15.4,15.8,15.1,15.1,30754603.0,471854617.0,TWSE_RWD_JSON_MI_INDEX,data/daily_price/daily_price_20241212.csv,15.64,16.65,18.9025,21.4787,16.7803,-0.9836,-4.7319,-14.6893,-28.266,-43.6567,43030963.3,0.7147,18.25,21.75,27.3,15.1,15.1,15.1,-9.3093,-20.1164,-29.698,-10.0136,-17.2603,-30.5747,-44.6886,0.0,0.0
20241213,2344,華邦電,TWSE,15.2,15.2,14.8,15.0,27050800.0,405203819.0,TWSE_RWD_JSON_MI_INDEX,data/daily_price/daily_price_20241213.csv,15.41,16.5,18.8017,21.3846,16.632,-0.6623,-7.1207,-16.6667,-28.7411,-42.9658,42842996.45,0.6314,18.25,21.75,27.3,14.8,14.8,14.8,-9.0909,-20.2198,-29.856,-9.8122,-17.8082,-31.0345,-45.0549,1.3514,1.3514
20241216,2344,華邦電,TWSE,15.1,15.1,14.4,14.45,37018131.0,542195093.0,TWSE_RWD_JSON_MI_INDEX,data/daily_price/daily_price_20241216.csv,15.12,16.3325,18.6917,21.2825,16.4501,-3.6667,-9.1195,-18.8202,-31.3539,-45.8801,43257053.7,0.8558,18.25,21.75,27.2,14.4,14.4,14.4,-11.5261,-22.6928,-32.1038,-12.1587,-20.8219,-33.5632,-46.875,0.3472,0.3472
20241217,2344,華邦電,TWSE,14.75,15.25,14.75,14.9,41605290.0,625133755.0,TWSE_RWD_JSON_MI_INDEX,data/daily_price/daily_price_20241217.csv,14.94,16.1775,18.6,21.1821,16.321,3.1142,-5.6962,-17.2222,-26.9608,-44.7124,44324862.5,0.9386,18.25,21.75,26.95,14.4,14.4,14.4,-7.8968,-19.8925,-29.6575,-8.7063,-18.3562,-31.4943,-44.7124,3.4722,3.4722
20241218,2344,華邦電,TWSE,15.1,15.9,15.05,15.6,50801156.0,786664717.0,TWSE_RWD_JSON_MI_INDEX,data/daily_price/daily_price_20241218.csv,15.01,16.0675,18.52,21.0929,16.2609,4.698,2.2951,-12.3596,-23.5294,-40.6844,45622377.05,1.1135,18.15,21.75,26.7,14.4,14.4,14.4,-2.9096,-15.7667,-26.0415,-4.0642,-14.0496,-28.2759,-41.573,8.3333,8.3333
20241219,2344,華邦電,TWSE,15.2,15.9,15.15,15.7,40089775.0,624352141.0,TWSE_RWD_JSON_MI_INDEX,data/daily_price/daily_price_20241219.csv,15.13,15.9625,18.4408,21.0075,16.2141,0.641,3.9735,-11.7978,-23.2274,-39.499,46045496.75,0.8707,18.15,21.75,26.7,14.4,14.4,14.4,-1.6445,-14.8628,-25.2648,-3.1709,-13.4986,-27.8161,-41.1985,9.0278,9.0278
20241220,2344,華邦電,TWSE,15.4,15.4,15.0,15.0,31371865.0,476161920.0,TWSE_RWD_JSON_MI_INDEX,data/daily_price/daily_price_20241220.csv,15.13,15.81,18.3467,20.9208,16.113,-4.4586,0.0,-16.8975,-27.3608,-40.9449,46695921.95,0.6718,18.15,21.75,26.7,14.4,14.4,14.4,-5.1233,-18.2413,-28.3011,-6.9072,-17.3554,-31.0345,-43.8202,4.1667,4.1667
20241223,2344,華邦電,TWSE,15.25,15.55,15.2,15.2,18653400.0,285822730.0,TWSE_RWD_JSON_MI_INDEX,data/daily_price/daily_price_20241223.csv,15.28,15.69,18.26,20.8388,16.0369,1.3333,5.1903,-13.6364,-25.4902,-39.3214,32021959.95,0.5825,17.85,21.75,26.7,14.4,14.4,14.4,-3.123,-16.7579,-27.059,-5.2184,-14.8459,-30.1149,-43.0712,5.5556,5.5556
20241224,2344,華邦電,TWSE,15.35,16.0,15.35,15.6,37017764.0,581214401.0,TWSE_RWD_JSON_MI_INDEX,data/daily_price/daily_price_20241224.csv,15.42,15.5975,18.1742,20.7546,16.0005,2.6316,4.698,-10.6017,-24.8193,-39.2996,32311721.3,1.1456,17.5,21.75,26.7,14.4,14.4,14.4,0.016,-14.1639,-24.8359,-2.5029,-10.8571,-28.2759,-41.573,8.3333,8.3333
20241225,2344,華邦電,TWSE,15.75,15.8,15.45,15.6,12583542.0,195922548.0,TWSE_RWD_JSON_MI_INDEX,data/daily_price/daily_price_20241225.csv,15.42,15.5475,18.0858,20.6721,15.9671,0.0,0.0,-6.0241,-25.3589,-38.8235,30508378.0,0.4125,16.6,21.75,26.7,14.4,14.4,14.4,0.3377,-13.7446,-24.5359,-2.2991,-6.0241,-28.2759,-41.573,8.3333,8.3333
20241226,2344,華邦電,TWSE,15.6,15.75,15.4,15.45,9089144.0,140982794.0,TWSE_RWD_JSON_MI_INDEX,data/daily_price/daily_price_20241226.csv,15.37,15.5175,17.9858,20.5892,15.924,-0.9615,-1.5924,-3.7383,-27.972,-39.1732,28474846.1,0.3192,16.45,21.75,26.7,14.4,14.4,14.4,-0.435,-14.0991,-24.9605,-2.9767,-6.079,-28.9655,-42.1348,7.2917,7.2917
20241227,2344,華邦電,TWSE,15.5,15.5,15.15,15.25,10305531.0,157532699.0,TWSE_RWD_JSON_MI_INDEX,data/daily_price/daily_price_20241227.csv,15.42,15.4775,17.8842,20.4971,15.8678,-1.2945,1.6667,-4.9844,-28.5714,-42.0152,27771809.45,0.3711,16.45,21.45,26.7,14.4,14.4,14.4,-1.4699,-14.729,-25.5992,-3.8936,-7.2948,-28.9044,-42.8839,5.9028,5.9028
20241230,2344,華邦電,TWSE,15.25,15.25,15.0,15.0,7541437.0,113787720.0,TWSE_RWD_JSON_MI_INDEX,data/daily_price/daily_price_20241230.csv,15.38,15.435,17.7842,20.4029,15.7955,-1.6393,-1.3158,-5.3628,-28.5714,-42.9658,26806952.8,0.2813,16.45,21.25,26.35,14.4,14.4,14.4,-2.8183,-15.6553,-26.4811,-5.0364,-8.8146,-29.4118,-43.074,4.1667,4.1667
20241231,2344,華邦電,TWSE,14.9,14.95,14.65,14.8,11531195.0,170223326.0,TWSE_RWD_JSON_MI_INDEX,data/daily_price/daily_price_20241231.csv,15.22,15.38,17.6833,20.31,15.7126,-1.3333,-5.1282,-6.9182,-29.0168,-42.9672,26299348.15,0.4385,16.45,21.0,26.25,14.4,14.4,14.4,-3.7711,-16.3054,-27.1295,-5.8078,-10.0304,-29.5238,-43.619,2.7778,2.7778
20250102,2344,華邦電,TWSE,14.6,14.8,14.5,14.5,13306570.0,194378614.0,TWSE_RWD_JSON_MI_INDEX,data/daily_price/daily_price_20250102.csv,15.0,15.305,17.58,20.2146,15.6115,-2.027,-7.0513,-9.375,-29.9517,-44.1233,25999151.65,0.5118,16.45,20.8,26.1,14.4,14.4,14.4,-5.2597,-17.5199,-28.2696,-7.1198,-11.8541,-30.2885,-44.4444,0.6944,0.6944
20250103,2344,華邦電,TWSE,14.6,14.85,14.4,14.4,13874556.0,201668624.0,TWSE_RWD_JSON_MI_INDEX,data/daily_price/daily_price_20250103.csv,14.79,15.2325,17.4808,20.1217,15.5106,-0.6897,-6.7961,-9.1483,-29.2383,-43.6399,25734050.5,0.5392,16.45,20.65,26.1,14.4,14.4,14.4,-5.4653,-17.6241,-28.4354,-7.16,-12.462,-30.2663,-44.8276,0.0,0.0
20250106,2344,華邦電,TWSE,14.6,14.9,14.4,14.8,17197624.0,253656017.0,TWSE_RWD_CSV_MI_INDEX,data/daily_price/daily_price_20250106.csv,14.7,15.165,17.39,20.0333,15.4513,2.7778,-2.9508,-8.3591,-26.9136,-41.7323,24646308.95,0.6978,16.25,20.5,26.1,14.4,14.4,14.4,-2.4069,-14.8936,-26.1231,-4.2154,-8.9231,-27.8049,-43.295,2.7778,2.7778
20250107,2344,華邦電,TWSE,15.1,15.55,14.65,14.65,29967650.0,450479884.0,TWSE_RWD_JSON_MI_INDEX,data/daily_price/daily_price_20250107.csv,14.63,15.1025,17.3,19.9404,15.3846,-1.0135,-2.3333,-7.8616,-26.9327,-43.2171,25131328.7,1.1924,16.2,20.5,26.1,14.4,14.4,14.4,-2.9962,-15.3179,-26.5311,-4.7747,-9.5679,-28.5366,-43.8697,1.7361,1.7361
20250108,2344,華邦電,TWSE,14.75,14.75,14.45,14.5,13039614.0,189869846.0,TWSE_RWD_JSON_MI_INDEX,data/daily_price/daily_price_20250108.csv,14.57,15.0375,17.2067,19.8462,15.3108,-1.0239,-2.027,-8.2278,-27.8607,-43.7984,24786580.85,0.5261,16.0,20.5,25.85,14.4,14.4,14.4,-3.5744,-15.7303,-26.9383,-5.2959,-9.375,-29.2683,-43.9072,0.6944,0.6944
20250109,2344,華邦電,TWSE,14.5,14.55,13.7,13.7,29387188.0,412904246.0,TWSE_RWD_JSON_MI_INDEX,data/daily_price/daily_price_20250109.csv,14.41,14.96,17.0958,19.7492,15.1766,-5.5172,-5.5172,-10.1639,-32.6781,-45.9566,24109341.75,1.2189,16.0,20.5,25.7,13.7,13.7,13.7,-8.4225,-19.8635,-30.63,-9.7295,-14.375,-33.1707,-46.6926,0.0,0.0
20250110,2344,華邦電,TWSE,13.8,14.15,13.75,13.8,19544519.0,271827134.0,TWSE_RWD_JSON_MI_INDEX,data/daily_price/daily_price_20250110.csv,14.29,14.895,16.9925,19.6529,15.0619,0.7299,-4.1667,-8.6093,-31.0,-45.5621,23548837.55,0.83,16.0,20.5,25.6,13.7,13.7,13.7,-7.3515,-18.7877,-29.7814,-8.3781,-13.75,-32.6829,-46.0938,0.7299,0.7299
20250113,2344,華邦電,TWSE,13.65,13.7,13.2,13.35,26912495.0,359025618.0,TWSE_RWD_JSON_MI_INDEX,data/daily_price/daily_price_20250113.csv,14.0,14.8125,16.8775,19.5537,14.9192,-3.2609,-9.7973,-11.0,-34.0741,-47.1287,23541922.3,1.1432,16.0,20.45,25.35,13.2,13.2,13.2,-9.8734,-20.9006,-31.7267,-10.5182,-16.5625,-34.7188,-47.3373,1.1364,1.1364
20250114,2344,華邦電,TWSE,13.45,13.7,13.4,13.55,16707467.0,226280035.0,TWSE_RWD_JSON_MI_INDEX,data/daily_price/daily_price_20250114.csv,13.78,14.7675,16.7683,19.4562,14.8051,1.4981,-7.5085,-6.2284,-32.5871,-46.3366,22526389.1,0.7417,16.0,20.45,25.2,13.2,13.2,13.2,-8.2445,-19.1929,-30.3566,-8.4777,-15.3125,-33.7408,-46.2302,2.6515,2.6515
20250115,2344,華邦電,TWSE,13.55,13.85,13.3,13.65,24724036.0,336469779.0,TWSE_RWD_JSON_MI_INDEX,data/daily_price/daily_price_20250115.csv,13.61,14.705,16.6583,19.3667,14.7089,0.738,-5.8621,-8.3893,-32.5926,-44.0574,21682326.4,1.1403,16.0,20.45,24.5,13.2,13.2,13.2,-7.1744,-18.059,-29.5181,-7.1989,-14.6875,-33.2518,-44.2857,3.4091,3.4091
20250116,2344,華邦電,TWSE,13.9,14.4,13.75,14.0,39053784.0,550486626.0,TWSE_RWD_JSON_MI_INDEX,data/daily_price/daily_price_20250116.csv,13.67,14.625,16.555,19.2846,14.6498,2.5641,2.1898,-10.2564,-30.6931,-41.2998,21094957.8,1.8513,16.0,20.45,24.4,13.2,13.2,13.2,-4.2735,-15.4334,-27.4032,-4.4355,-12.5,-31.5403,-42.623,6.0606,6.0606
20250117,2344,華邦電,TWSE,75.0,77.8,73.9,74.5,531280423.0,40316342264.0,TWSE_RWD_JSON_MI_INDEX,data/daily_price/daily_price_20250117.csv,25.81,17.565,17.46,19.7062,19.6373,432.1429,439.8551,374.5223,268.8119,211.7155,45654490.2,11.637,77.8,77.8,77.8,13.2,13.2,13.2,324.1389,326.6896,278.0526,279.3798,-4.2416,-4.2416,-4.2416,464.3939,464.3939
20250120,2344,華邦電,TWSE,14.3,14.3,13.95,14.1,17943530.0,252739838.0,TWSE_RWD_JSON_MI_INDEX,data/daily_price/daily_price_20250120.csv,25.96,17.52,17.3625,19.6283,19.1759,-81.0738,5.618,-6.0,-29.3233,-39.8721,44983073.45,0.3989,77.8,77.8,77.8,13.2,13.2,13.2,-19.5205,-18.7905,-28.1651,-26.4701,-81.8766,-81.8766,-81.8766,6.8182,6.8182
20250121,2344,華邦電,TWSE,14.05,14.3,14.0,14.15,12979948.0,183811102.0,TWSE_RWD_JSON_MI_INDEX,data/daily_price/daily_price_20250121.csv,26.08,17.4675,17.2683,19.5529,18.757,0.3546,4.428,-6.9079,-28.5354,-39.0086,44699400.85,0.2904,77.8,77.8,77.8,13.2,13.2,13.2,-18.9924,-18.0581,-27.6323,-24.5617,-81.8123,-81.8123,-81.8123,7.197,7.197
20250122,2344,華邦電,TWSE,14.25,14.35,14.05,14.35,16678956.0,236789986.0,TWSE_RWD_JSON_MI_INDEX,data/daily_price/daily_price_20250122.csv,26.22,17.405,17.1783,19.4833,18.3898,1.4134,5.1282,-8.0128,-27.3418,-36.7841,43682460.45,0.3818,77.8,77.8,77.8,13.2,13.2,13.2,-17.5524,-16.4645,-26.3473,-21.9676,-81.5553,-81.5553,-81.5553,8.7121,8.7121
20250203,2344,華邦電,TWSE,14.6,14.6,14.0,14.3,36910553.0,526010630.0,TWSE_RWD_JSON_MI_INDEX,data/daily_price/daily_price_20250203.csv,26.28,17.34,17.0967,19.4096,18.049,-0.3484,2.1429,-8.3333,-25.5208,-38.2289,44898811.0,0.8221,77.8,77.8,77.8,13.2,13.2,13.2,-17.5317,-16.358,-26.3251,-20.7711,-81.6195,-81.6195,-81.6195,8.3333,8.3333
20250204,2344,華邦電,TWSE,14.3,14.4,13.9,14.05,21229080.0,299557475.0,TWSE_RWD_JSON_MI_INDEX,data/daily_price/daily_price_20250204.csv,14.19,17.27,17.01,19.3325,17.7157,-1.7483,-81.1409,-9.0615,-27.013,-39.6996,45505807.8,0.4665,77.8,77.8,77.8,13.2,13.2,13.2,-18.645,-17.4015,-27.3245,-20.692,-81.9409,-81.9409,-81.9409,6.4394,6.4394
20250205,2344,華邦電,TWSE,14.2,14.6,14.15,14.2,24652618.0,353366483.0,TWSE_RWD_JSON_MI_INDEX,data/daily_price/daily_price_20250205.csv,14.21,17.2175,16.9242,19.2575,17.4228,1.0676,0.7092,-6.8852,-26.615,-38.7931,46223162.15,0.5333,77.8,77.8,77.8,13.2,13.2,13.2,-17.5258,-16.0963,-26.2625,-18.4974,-81.7481,-81.7481,-81.7481,7.5758,7.5758
20250206,2344,華邦電,TWSE,14.25,14.55,14.2,14.5,19749707.0,284290177.0,TWSE_RWD_JSON_MI_INDEX,data/daily_price/daily_price_20250206.csv,14.28,17.1925,16.8458,19.195,17.1792,2.1127,2.4735,-3.3333,-24.4792,-34.0909,46833575.65,0.4217,77.8,77.8,77.8,13.2,13.2,13.2,-15.6609,-13.9253,-24.4595,-15.5956,-81.3625,-81.3625,-81.3625,9.8485,9.8485
20250207,2344,華邦電,TWSE,14.45,14.5,14.25,14.35,10070904.0,144550596.0,TWSE_RWD_JSON_MI_INDEX,data/daily_price/daily_price_20250207.csv,14.28,17.17,16.7683,19.1221,16.9434,-1.0345,0.0,-3.0405,-24.4737,-37.8788,46760561.1,0.2154,77.8,77.8,77.8,13.2,13.2,13.2,-16.424,-14.422,-24.9559,-15.3064,-81.5553,-81.5553,-81.5553,8.7121,8.7121
20250210,2344,華邦電,TWSE,14.2,14.3,14.05,14.25,12608336.0,178642922.0,TWSE_RWD_JSON_MI_INDEX,data/daily_price/daily_price_20250210.csv,14.27,17.1575,16.6908,19.0446,16.719,-0.6969,-0.3497,-1.7241,-24.6032,-39.4904,46725649.4,0.2698,77.8,77.8,77.8,13.2,13.2,13.2,-16.9459,-14.6238,-25.1756,-14.7675,-81.6838,-81.6838,-81.6838,7.9545,7.9545
20250211,2344,華邦電,TWSE,14.35,14.55,14.25,14.25,11378247.0,163465118.0,TWSE_RWD_JSON_MI_INDEX,data/daily_price/daily_price_20250211.csv,14.31,17.15,16.5983,18.9746,16.5132,0.0,1.4235,-1.0417,-28.0303,-37.0861,46600833.95,0.2442,77.8,77.8,77.8,13.2,13.2,13.2,-16.9096,-14.148,-24.8995,-13.7055,-81.6838,-81.6838,-81.6838,7.9545,7.9545
20250212,2344,華邦電,TWSE,14.3,14.7,14.25,14.55,18169797.0,264070227.0,TWSE_RWD_JSON_MI_INDEX,data/daily_price/daily_price_20250212.csv,14.38,17.1375,16.5158,18.905,16.3496,2.1053,2.4648,-1.6892,-25.3846,-36.4629,46649442.6,0.3895,77.8,77.8,77.8,13.2,13.2,13.2,-15.0985,-11.9027,-23.0362,-11.0071,-81.2982,-81.2982,-81.2982,10.2273,10.2273
20250213,2344,華邦電,TWSE,14.6,16.0,14.45,16.0,48179865.0,754278035.0,TWSE_RWD_JSON_MI_INDEX,data/daily_price/daily_price_20250213.csv,14.68,17.205,16.4625,18.8438,16.3205,9.9656,10.3448,9.215,-16.6667,-31.4775,47560053.35,1.013,77.8,77.8,77.8,13.2,13.2,13.2,-7.0038,-2.8094,-15.0912,-1.9637,-79.4344,-79.4344,-79.4344,21.2121,21.2121
20250214,2344,華邦電,TWSE,16.5,17.5,15.55,17.15,244449142.0,4062176246.0,TWSE_RWD_JSON_MI_INDEX,data/daily_price/daily_price_20250214.csv,15.24,17.3375,16.4367,18.79,16.3896,7.1875,19.5122,18.2759,-8.2888,-27.3305,59130529.75,4.1341,77.8,77.8,77.8,13.2,13.2,13.2,-1.0815,4.3399,-8.728,4.6394,-77.9563,-77.9563,-77.9563,29.9242,29.9242
20250217,2344,華邦電,TWSE,17.15,18.7,16.85,18.55,230697903.0,4136651890.0,TWSE_RWD_JSON_MI_INDEX,data/daily_price/daily_price_20250217.csv,16.1,17.58,16.44,18.7429,16.5696,8.1633,30.1754,35.4015,1.0899,-23.3471,69196065.5,3.334,77.8,77.8,77.8,13.2,13.2,13.2,5.5176,12.8345,-1.0293,11.9517,-76.1568,-76.1568,-76.1568,40.5303,40.5303
20250218,2344,華邦電,TWSE,18.45,19.35,18.1,18.75,236343661.0,4427143882.0,TWSE_RWD_JSON_MI_INDEX,data/daily_price/daily_price_20250218.csv,17.0,17.8275,16.4575,18.7008,16.7513,1.0782,31.5789,35.8696,5.9322,-21.2185,80036022.6,2.953,77.8,77.8,77.8,13.2,13.2,13.2,5.1746,13.9298,0.2629,11.9313,-75.8997,-75.8997,-75.8997,42.0455,42.0455
20250219,2344,華邦電,TWSE,19.0,19.65,18.65,19.2,248588557.0,4745693683.0,TWSE_RWD_JSON_MI_INDEX,data/daily_price/daily_price_20250219.csv,17.93,18.12,16.4775,18.6612,16.9554,2.4,31.9588,43.8202,6.6667,-19.833,91119825.7,2.7282,77.8,77.8,77.8,13.3,13.2,13.2,5.9603,16.5225,2.887,13.2383,-75.3213,-75.3213,-75.3213,45.4545,45.4545
20250220,2344,華邦電,TWSE,19.2,19.25,17.7,18.95,257895659.0,4761726671.0,TWSE_RWD_JSON_MI_INDEX,data/daily_price/daily_price_20250220.csv,18.52,18.39,16.4967,18.6192,17.1216,-1.3021,18.4375,39.8524,6.4607,-21.0417,103179235.3,2.4995,77.8,77.8,77.8,13.3,13.2,13.2,3.0451,14.8717,1.7768,10.6788,-75.6427,-75.6427,-75.6427,43.5606,43.5606
20250221,2344,華邦電,TWSE,18.7,19.5,18.3,18.85,198981888.0,3769367631.0,TWSE_RWD_CSV_MI_INDEX,data/daily_price/daily_price_20250221.csv,18.86,18.65,16.5108,18.5783,17.2656,-0.5277,9.9125,38.0952,4.7222,-20.6316,111892127.9,1.7783,77.8,77.8,77.8,13.75,13.2,13.2,1.0724,14.1675,1.4623,9.1763,-75.7712,-75.7712,-75.7712,42.803,42.803
20250224,2344,華邦電,TWSE,18.65,18.95,18.4,18.85,79710839.0,1490526748.0,TWSE_RWD_JSON_MI_INDEX,data/daily_price/daily_price_20250224.csv,18.92,18.8925,16.5283,18.5408,17.3977,0.0,1.6173,34.6429,5.8989,-19.2719,113924980.65,0.6997,77.8,77.8,77.8,13.9,13.2,13.2,-0.225,14.0466,1.6675,8.3478,-75.7712,-75.7712,-75.7712,42.803,42.803
20250225,2344,華邦電,TWSE,18.3,19.5,18.05,19.1,159098519.0,2999115337.0,TWSE_RWD_JSON_MI_INDEX,data/daily_price/daily_price_20250225.csv,18.99,16.1225,16.55,18.5021,17.5395,1.3263,1.8667,-74.3624,7.3034,-19.5789,95315885.45,1.6692,19.65,77.8,77.8,13.9,13.2,13.2,18.468,15.4079,3.2316,8.8968,-2.799,-75.4499,-75.4499,44.697,44.697
20250226,2344,華邦電,TWSE,18.9,19.65,18.55,18.6,113971129.0,2161967795.0,TWSE_RWD_JSON_MI_INDEX,data/daily_price/daily_price_20250226.csv,18.87,16.3475,16.5592,18.4621,17.6279,-2.6178,-3.125,31.9149,3.0471,-20.5128,100117265.4,1.1384,19.65,77.8,77.8,13.9,13.2,13.2,13.7789,12.3245,0.747,5.5145,-5.3435,-76.0925,-76.0925,40.9091,40.9091
20250227,2344,華邦電,TWSE,18.45,19.35,18.1,18.75,236343661.0,4427143882.0,TWSE_RWD_JSON_MI_INDEX,data/daily_price/daily_price_20250227.csv,18.83,16.5775,16.5783,18.4221,17.7214,0.8065,-1.0554,32.5088,6.5341,-20.3822,111285451.05,2.1238,19.65,77.8,77.8,13.9,13.2,13.2,13.1051,13.0994,1.78,5.8042,-4.5802,-75.8997,-75.8997,42.0455,42.0455
20250303,2344,華邦電,TWSE,18.4,18.95,18.15,18.7,83024136.0,1543795433.0,TWSE_RWD_JSON_MI_INDEX,data/daily_price/daily_price_20250303.csv,18.8,16.795,16.5992,18.3829,17.803,-0.2667,-0.7958,30.3136,7.1633,-20.0855,114602710.05,0.7245,19.65,77.8,77.8,13.9,13.2,13.2,11.3427,12.6563,1.7249,5.0387,-4.8346,-75.964,-75.964,41.6667,41.6667
20250304,2344,華邦電,TWSE,18.3,18.55,18.15,18.55,65027097.0,1193382333.0,TWSE_RWD_JSON_MI_INDEX,data/daily_price/daily_price_20250304.csv,18.74,17.0075,16.6317,18.3421,17.8652,-0.8021,-1.5915,29.7203,11.747,-20.8955,116008537.25,0.5605,19.65,77.8,77.8,13.9,13.2,13.2,9.0695,11.5342,1.1335,3.8331,-5.598,-76.1568,-76.1568,40.5303,40.5303
20250305,2344,華邦電,TWSE,18.5,19.1,18.35,18.8,54459398.0,1022215321.0,TWSE_RWD_JSON_MI_INDEX,data/daily_price/daily_price_20250305.csv,18.68,17.245,16.6775,18.3025,17.9431,1.3477,-1.5707,33.8078,17.134,-20.1699,117670053.15,0.4628,19.65,77.8,77.8,14.05,13.2,13.2,9.0171,12.7267,2.7182,4.7756,-4.3257,-75.8355,-75.8355,42.4242,42.4242
20250306,2344,華邦電,TWSE,18.9,18.95,18.15,18.15,49687269.0,919785810.0,TWSE_RWD_JSON_MI_INDEX,data/daily_price/daily_price_20250306.csv,18.59,17.4425,16.7125,18.2533,17.9604,-3.4574,-2.4194,27.8169,13.0841,-24.5322,118921785.7,0.4178,19.65,77.8,77.8,14.05,13.2,13.2,4.0562,8.6013,-0.5661,1.0559,-7.6336,-76.671,-76.671,37.5,37.5
20250307,2344,華邦電,TWSE,18.15,18.7,18.05,18.25,67951855.0,1251379744.0,TWSE_RWD_JSON_MI_INDEX,data/daily_price/daily_price_20250307.csv,18.49,17.63,16.7525,18.2079,17.9845,0.551,-2.6667,25.8621,15.142,-22.9958,121331893.1,0.56,19.65,77.8,77.8,14.05,13.2,13.2,3.5167,8.939,0.2311,1.4763,-7.1247,-76.5424,-76.5424,38.2576,38.2576
20250310,2344,華邦電,TWSE,18.95,19.55,18.9,19.0,189602867.0,3651168850.0,TWSE_RWD_JSON_MI_INDEX,data/daily_price/daily_price_20250310.csv,18.55,17.8625,16.8042,18.1729,18.0691,4.1096,1.6043,32.4042,19.4969,-18.1034,130308491.25,1.455,19.65,77.8,77.8,14.05,13.2,13.2,6.3681,13.0672,4.5512,5.1518,-3.3079,-75.5784,-75.5784,43.9394,43.9394
20250311,2344,華邦電,TWSE,18.65,19.15,18.35,19.1,110052956.0,2053922092.0,TWSE_RWD_JSON_MI_INDEX,data/daily_price/daily_price_20250311.csv,18.66,18.105,16.8558,18.1479,18.155,0.5263,2.965,34.0351,19.375,-13.5747,135180722.25,0.8141,19.65,77.8,77.8,14.25,13.2,13.2,5.4957,13.3139,5.2462,5.205,-2.799,-75.4499,-75.4499,44.697,44.697
20250312,2344,華邦電,TWSE,19.05,21.0,18.8,21.0,269346439.0,5453229862.0,TWSE_RWD_JSON_MI_INDEX,data/daily_price/daily_price_20250312.csv,19.1,18.4425,16.9417,18.1446,18.3921,9.9476,11.7021,47.3684,32.4921,-1.8692,148079131.85,1.8189,21.0,77.8,77.8,14.25,13.2,13.2,13.8674,23.9547,15.737,14.1794,0.0,-73.0077,-73.0077,59.0909,59.0909
20250313,2344,華邦電,TWSE,21.4,22.1,20.4,20.7,397786178.0,8516206387.0,TWSE_RWD_JSON_MI_INDEX,data/daily_price/daily_price_20250313.csv,19.61,18.75,17.0175,18.1387,18.5844,-1.4286,14.0496,42.268,28.1734,-3.271,167059950.9,2.3811,22.1,77.8,77.8,14.45,13.2,13.2,10.4,21.6395,14.1203,11.3836,-6.3348,-73.3933,-73.3933,56.8182,56.8182
20250314,2344,華邦電,TWSE,21.0,21.15,20.35,20.95,174956425.0,3633832520.0,TWSE_RWD_JSON_MI_INDEX,data/daily_price/daily_price_20250314.csv,20.15,18.9975,17.1017,18.1367,18.7816,1.2077,14.7945,30.9375,31.761,-1.1792,173398778.9,1.009,22.1,77.8,77.8,15.55,13.2,13.2,10.2777,22.5027,15.5119,11.5456,-5.2036,-73.072,-73.072,58.7121,58.7121
20250317,2344,華邦電,TWSE,21.15,21.55,20.3,20.45,154185527.0,3213302191.0,TWSE_RWD_JSON_MI_INDEX,data/daily_price/daily_price_20250317.csv,20.44,19.1625,17.1792,18.1367,18.9206,-2.3866,7.6316,19.242,29.4304,0.0,168885598.15,0.913,22.1,77.8,77.8,16.85,13.2,13.2,6.7189,19.0395,12.755,8.0833,-7.4661,-73.7147,-73.7147,54.9242,54.9242
20250318,2344,華邦電,TWSE,20.65,20.95,20.1,20.35,92009193.0,1886915072.0,TWSE_RWD_JSON_MI_INDEX,data/daily_price/daily_price_20250318.csv,20.69,19.2525,17.2642,18.1329,19.0397,-0.489,6.5445,9.7035,33.4426,-2.1635,161951162.65,0.5681,22.1,77.8,77.8,17.7,13.2,13.2,5.7006,17.8742,12.2268,6.8819,-7.9186,-73.8432,-73.8432,54.1667,54.1667
20250319,2344,華邦電,TWSE,20.45,21.1,20.3,20.5,124984770.0,2575564912.0,TWSE_RWD_JSON_MI_INDEX,data/daily_price/daily_price_20250319.csv,20.59,19.34,17.3542,18.1283,19.1614,0.7371,-2.381,9.3333,35.7616,-2.6128,156383218.1,0.7992,22.1,77.8,77.8,17.7,13.2,13.2,5.9979,18.1273,13.0827,6.9859,-7.2398,-73.6504,-73.6504,55.303,55.303
20250320,2344,華邦電,TWSE,20.7,21.2,20.55,21.1,125389286.0,2622975355.0,TWSE_RWD_JSON_MI_INDEX,data/daily_price/daily_price_20250320.csv,20.67,19.435,17.4558,18.1288,19.323,2.9268,1.9324,9.8958,40.6667,0.2375,150223254.55,0.8347,22.1,77.8,77.8,17.7,13.2,13.2,8.567,20.8765,16.3897,9.1965,-4.5249,-72.8792,-72.8792,59.8485,59.8485
20250321,2344,華邦電,TWSE,21.1,21.6,20.5,21.05,138217530.0,2891676507.0,TWSE_RWD_JSON_MI_INDEX,data/daily_price/daily_price_20250321.csv,20.69,19.54,17.5658,18.1288,19.4669,-0.237,0.4773,11.0818,45.6747,0.0,144239348.1,0.9583,22.1,77.8,77.8,18.05,13.2,13.2,7.7277,19.8349,16.1139,8.1324,-4.7511,-72.9434,-72.9434,59.4697,59.4697
20250324,2344,華邦電,TWSE,20.9,21.0,19.95,19.95,103485841.0,2110606867.0,TWSE_RWD_JSON_MI_INDEX,data/daily_price/daily_price_20250324.csv,20.59,19.595,17.65,18.125,19.5071,-5.2257,-2.445,5.8355,33.8926,-2.2059,139464545.75,0.742,22.1,77.8,77.8,18.05,13.2,13.2,1.8117,13.0312,10.069,2.2703,-9.7285,-74.3573,-74.3573,51.1364,51.1364
20250325,2344,華邦電,TWSE,20.2,20.4,19.2,19.35,71785562.0,1417248050.0,TWSE_RWD_JSON_MI_INDEX,data/daily_price/daily_price_20250325.csv,20.39,19.62,17.7125,18.1162,19.494,-3.0075,-4.914,2.6525,24.0385,-5.1471,139068281.9,0.5162,22.1,77.8,77.8,18.05,13.2,13.2,-1.3761,9.2449,6.8102,-0.7389,-12.4434,-75.1285,-75.1285,46.5909,46.5909
20250326,2344,華邦電,TWSE,19.55,19.95,19.35,19.45,55571215.0,1087150788.0,TWSE_RWD_JSON_MI_INDEX,data/daily_price/daily_price_20250326.csv,20.18,19.6375,17.775,18.1079,19.4904,0.5168,-5.122,1.8325,23.8854,-4.89,133891916.7,0.415,22.1,77.8,77.8,18.05,13.2,13.2,-0.9548,9.4233,7.4116,-0.2071,-11.991,-75.0,-75.0,47.3485,47.3485
20250327,2344,華邦電,TWSE,19.1,19.85,19.1,19.25,47714729.0,927524477.0,TWSE_RWD_JSON_MI_INDEX,data/daily_price/daily_price_20250327.csv,19.81,19.67,17.8458,18.0962,19.4703,-1.0283,-8.7678,3.4946,28.3333,-6.7797,130579096.7,0.3654,22.1,77.8,77.8,18.05,13.2,13.2,-2.1352,7.8683,6.3756,-1.1317,-12.8959,-75.2571,-75.2571,45.8333,45.8333
20250328,2344,華邦電,TWSE,19.3,19.4,18.5,18.7,58260040.0,1097242743.0,TWSE_RWD_JSON_MI_INDEX,data/daily_price/daily_price_20250328.csv,19.34,19.6675,17.9042,18.0821,19.4061,-2.8571,-11.1639,-0.2667,23.0263,-8.3333,121674915.65,0.4788,22.1,77.8,77.8,18.05,13.2,13.2,-4.9193,4.445,3.4173,-3.6388,-15.3846,-75.964,-75.964,41.6667,41.6667
20250331,2344,華邦電,TWSE,17.8,18.35,17.35,17.55,74509246.0,1323314194.0,TWSE_RWD_JSON_MI_INDEX,data/daily_price/daily_price_20250331.csv,18.86,19.61,17.9367,18.0554,19.2515,-6.1497,-12.0301,-6.1497,12.5,-15.4217,121249171.15,0.6145,22.1,77.8,77.8,17.35,13.2,13.2,-10.5048,-2.1557,-2.7993,-8.8381,-20.5882,-77.4422,-77.4422,32.9545,32.9545
20250401,2344,華邦電,TWSE,17.95,18.2,17.8,18.1,50379839.0,908555100.0,TWSE_RWD_JSON_MI_INDEX,data/daily_price/daily_price_20250401.csv,18.61,19.5875,17.9783,18.0321,19.1555,3.1339,-6.4599,-2.4259,16.0256,-13.3971,120516808.25,0.418,22.1,77.8,77.8,17.35,13.2,13.2,-7.5941,0.6767,0.3766,-5.5102,-18.0995,-76.7352,-76.7352,37.1212,37.1212
20250402,2344,華邦電,TWSE,18.15,18.85,17.8,18.7,53016793.0,974794868.0,TWSE_RWD_JSON_MI_INDEX,data/daily_price/daily_price_20250402.csv,18.46,19.5825,18.0325,18.0092,19.1176,3.3149,-3.856,-0.5319,21.0356,-12.8205,120444678.0,0.4402,22.1,77.8,77.8,17.35,13.2,13.2,-4.5066,3.7016,3.836,-2.1841,-15.3846,-75.964,-75.964,41.6667,41.6667
20250407,2344,華邦電,listed,16.85,16.85,16.85,16.85,4724750.0,79611731.0,,data/daily_price/20250407.csv,17.98,19.5175,18.0592,17.9717,18.9286,-9.893,-12.4675,-7.1625,10.4918,-21.0773,118196552.05,0.04,22.1,77.8,77.8,16.85,13.2,13.2,-13.6672,-6.6956,-6.2413,-10.9812,-23.7557,-78.3419,-78.3419,27.6515,27.6515
20250408,2344,華邦電,listed,15.35,16.05,15.2,15.2,87274331.0,1340582589.0,,data/daily_price/20250408.csv,17.28,19.365,18.0625,17.9233,18.6179,-9.7923,-18.7166,-16.7123,1.3333,-27.619,119162675.85,0.7324,22.1,77.8,77.8,15.2,13.2,13.2,-21.5079,-15.8478,-15.1943,-18.358,-31.2217,-80.4627,-80.4627,15.1515,15.1515
20250409,2344,華邦電,listed,14.55,14.8,13.7,13.7,89217079.0,1253908119.0,,data/daily_price/20250409.csv,16.51,19.1,18.0442,17.8638,18.2081,-9.8684,-21.9373,-27.8947,-7.4324,-34.2926,114143386.45,0.7816,22.1,77.8,77.8,13.7,13.2,13.2,-28.2723,-24.0752,-23.3084,-24.7586,-38.009,-82.3907,-82.3907,3.7879,3.7879
20250410,2344,華邦電,listed,15.05,15.05,15.05,15.05,34689275.0,522073499.0,,data/daily_price/20250410.csv,15.9,18.8975,18.0533,17.8167,17.9449,9.854,-16.8508,-21.2042,3.7931,-27.2947,110375202.4,0.3143,22.1,77.8,77.8,13.7,13.2,13.2,-20.3598,-16.6359,-15.5285,-16.1321,-31.9005,-80.6555,-80.6555,14.0152,14.0152
20250414,2344,華邦電,listed,15.7,16.3,15.7,15.9,82043219.0,1316242621.0,,data/daily_price/20250414.csv,15.34,18.6425,18.0783,17.7796,17.7745,5.6478,-14.9733,-24.2857,10.4167,-21.8673,101010041.4,0.8122,22.1,77.8,77.8,13.7,13.2,13.2,-14.711,-12.0494,-10.5716,-10.5459,-28.0543,-79.563,-79.563,20.4545,20.4545
20250415,2344,華邦電,listed,16.25,16.5,16.0,16.3,42259159.0,687593899.0,,data/daily_price/20250415.csv,15.23,18.4225,18.1033,17.7467,17.6516,2.5157,-3.2641,-21.256,10.1351,-19.5062,83233690.45,0.5077,21.6,77.8,77.8,13.7,13.2,13.2,-11.5212,-9.9613,-8.1518,-7.6571,-24.537,-79.0488,-79.0488,23.4848,23.4848
20250416,2344,華邦電,listed,16.2,16.2,15.5,15.55,51900815.0,819731719.0,,data/daily_price/20250416.csv,15.3,18.1525,18.1183,17.7092,17.4765,-4.6012,2.3026,-25.7757,6.1433,-22.4439,77080909.95,0.6733,21.6,77.8,77.8,13.7,13.2,13.2,-14.3369,-14.1753,-12.1924,-11.0232,-28.0093,-80.0129,-80.0129,17.803,17.803
20250417,2344,華邦電,listed,15.5,15.75,15.2,15.4,40747467.0,629041922.0,,data/daily_price/20250417.csv,15.64,17.9,18.1333,17.67,17.3034,-0.9646,12.4088,-24.6944,6.2069,-23.3831,71409006.95,0.5706,21.6,77.8,77.8,13.7,13.2,13.2,-13.9665,-15.0735,-12.8466,-11.0003,-28.7037,-80.2057,-80.2057,16.6667,16.6667
20250418,2344,華邦電,listed,15.45,16.4,15.4,15.9,103498411.0,1661191186.0,,data/daily_price/20250418.csv,15.81,17.6775,18.17,17.6329,17.1865,3.2468,5.6478,-21.8673,16.0584,-21.8673,71983467.85,1.4378,21.6,77.8,77.8,13.7,13.2,13.2,-10.0552,-12.4931,-9.8277,-7.4854,-26.3889,-79.563,-79.563,20.4545,20.4545
20250421,2344,華邦電,listed,15.9,16.05,15.3,15.35,125178716.0,1956674455.0,,data/daily_price/20250421.csv,15.7,17.42,18.1958,17.5942,17.0334,-3.4591,-3.4591,-25.122,11.2319,-23.25,71993165.15,1.7388,21.6,77.8,77.8,13.7,13.2,13.2,-11.8829,-15.64,-12.7552,-9.8831,-28.9352,-80.2699,-80.2699,16.2879,16.2879
20250422,2344,華邦電,listed,15.4,16.25,15.25,15.4,130117621.0,2039241075.0,,data/daily_price/20250422.csv,15.52,17.135,18.23,17.5537,16.8973,0.3257,-5.5215,-27.0142,15.3558,-23.9506,72229581.9,1.8014,21.6,77.8,77.8,13.7,13.3,13.2,-10.1255,-15.5239,-12.2695,-8.8613,-28.7037,-80.2057,-80.2057,15.7895,16.6667
20250423,2344,華邦電,listed,16.1,16.15,15.6,15.6,76889430.0,1216720299.0,,data/daily_price/20250423.csv,15.53,16.8625,18.2642,17.5162,16.7892,1.2987,0.3215,-25.8907,15.1292,-22.3881,69163176.9,1.1117,21.0,77.8,77.8,13.7,13.3,13.2,-7.487,-14.5869,-10.9398,-7.0832,-25.7143,-79.9486,-79.9486,17.2932,18.1818
20250424,2344,華邦電,listed,15.7,15.85,15.4,15.4,48819766.0,759416643.0,,data/daily_price/20250424.csv,15.53,16.635,18.2933,17.4758,16.6734,-1.2821,0.0,-22.807,12.8205,-23.9506,66429873.15,0.7349,20.4,77.8,77.8,13.7,13.7,13.2,-7.4241,-15.8163,-11.8783,-7.6375,-24.5098,-80.2057,-80.2057,12.4088,16.6667
20250425,2344,華邦電,listed,15.75,15.95,15.6,15.8,49605719.0,782619800.0,,data/daily_price/20250425.csv,15.51,16.4575,18.3233,17.4392,16.6007,2.5974,-0.6289,-18.3463,12.8571,-21.7822,65320881.0,0.7594,19.95,77.8,77.8,13.7,13.7,13.2,-3.9951,-13.7711,-9.3993,-4.823,-20.802,-79.6915,-79.6915,15.3285,19.697
20250428,2344,華邦電,listed,15.9,16.0,15.6,15.7,30098324.0,473566883.0,,data/daily_price/20250428.csv,15.58,16.27,17.3433,17.4017,16.5256,-0.6329,2.2801,-19.2802,-78.9262,-22.2772,64047236.45,0.4699,19.85,22.1,77.8,13.7,13.7,13.2,-3.5034,-9.4753,-9.7788,-4.9959,-20.9068,-28.9593,-79.8201,14.5985,18.9394
20250429,2344,華邦電,listed,15.75,16.0,15.7,15.95,33876612.0,537847233.0,,data/daily_price/20250429.csv,15.69,16.105,17.3742,17.3683,16.4776,1.5924,3.5714,-17.1429,13.1206,-20.0501,63355330.6,0.5347,19.4,22.1,77.8,13.7,13.7,13.2,-0.9624,-8.197,-8.1662,-3.2021,-17.7835,-27.8281,-79.4987,16.4234,20.8333
20250430,2344,華邦電,listed,16.05,16.15,15.7,15.75,45950742.0,731376355.0,,data/daily_price/20250430.csv,15.72,15.9575,17.4008,17.3346,16.417,-1.2539,0.9615,-15.7754,11.3074,-20.4545,62739865.7,0.7324,18.85,22.1,77.8,13.7,13.7,13.2,-1.3003,-9.4871,-9.1412,-4.0628,-16.4456,-28.733,-79.7558,14.9635,19.3182
20250502,2344,華邦電,listed,16.0,16.25,15.9,15.95,33786124.0,540991005.0,,data/daily_price/20250502.csv,15.83,15.8775,17.4275,17.3029,16.3781,1.2698,3.5714,-9.1168,11.1498,-19.2405,60703709.6,0.5566,18.85,22.1,77.8,13.7,13.7,13.2,0.4566,-8.478,-7.819,-2.6137,-15.3846,-27.8281,-79.4987,16.4234,20.8333
20250505,2344,華邦電,listed,16.1,16.1,15.25,15.45,39294355.0,613525185.0,,data/daily_price/20250505.csv,15.76,15.745,17.4467,17.2717,16.3007,-3.1348,-2.2152,-14.6409,8.042,-19.5312,60149435.4,0.6533,18.85,22.1,77.8,13.7,13.7,13.2,-1.8736,-11.4444,-10.5471,-5.219,-18.0371,-30.0905,-80.1414,12.7737,17.0455
20250506,2344,華邦電,listed,15.3,15.8,15.25,15.7,24682554.0,384500853.0,,data/daily_price/20250506.csv,15.76,15.595,17.4742,17.2421,16.2507,1.6181,0.0,-16.0428,11.7438,-18.4416,58732723.45,0.4203,16.85,22.1,77.8,13.7,13.7,13.2,0.6733,-10.1531,-8.9437,-3.3886,-6.8249,-28.9593,-79.8201,14.5985,18.9394
20250507,2344,華邦電,listed,15.75,15.8,15.45,15.55,17189397.0,267921276.0,,data/daily_price/20250507.csv,15.68,15.53,17.4967,17.2104,16.1923,-0.9554,-2.5078,-7.7151,9.507,-19.6382,59355955.8,0.2896,16.5,22.1,77.8,13.7,13.7,13.2,0.1288,-11.1259,-9.6477,-3.9666,-5.7576,-29.638,-80.0129,13.5036,17.803
20250508,2344,華邦電,listed,15.85,16.2,15.6,15.6,44805514.0,709095451.0,,data/daily_price/20250508.csv,15.65,15.55,17.515,17.1804,16.1429,0.3215,-0.9524,2.6316,7.5862,-18.75,57232514.95,0.7829,16.5,22.1,77.8,13.7,13.7,13.2,0.3215,-10.9335,-9.1989,-3.3633,-5.4545,-29.4118,-79.9486,13.8686,18.1818
20250509,2344,華邦電,listed,15.8,15.85,15.4,15.55,18271060.0,284607408.0,,data/daily_price/20250509.csv,15.57,15.6425,17.535,17.1517,16.0935,-0.3205,-2.5078,13.5036,8.3624,-18.1579,53685214.0,0.3403,16.5,22.1,77.8,15.05,13.7,13.2,-0.5913,-11.3202,-9.3383,-3.3773,-5.7576,-29.638,-80.0129,13.5036,17.803
20250512,2344,華邦電,listed,15.8,16.65,15.75,16.55,76003127.0,1233043832.0,,data/daily_price/20250512.csv,15.79,15.7175,17.5733,17.1321,16.1316,6.4309,7.1197,9.9668,16.1404,-12.4339,55750906.6,1.3633,16.65,22.1,77.8,15.2,13.7,13.2,5.2966,-5.8232,-3.3976,2.5939,-0.6006,-25.1131,-78.7275,20.8029,25.3788
20250513,2344,華邦電,listed,17.1,18.2,16.8,17.9,206408288.0,3641098587.0,,data/daily_price/20250513.csv,16.23,15.8175,17.6342,17.1162,16.2789,8.1571,14.0127,12.5786,25.614,-9.596,61969160.05,3.3308,18.2,22.1,77.8,15.2,13.7,13.2,13.1658,1.5075,4.579,9.9581,-1.6484,-19.0045,-76.9923,30.6569,35.6061
20250514,2344,華邦電,listed,17.85,18.35,17.7,18.15,151885981.0,2746777191.0,,data/daily_price/20250514.csv,16.75,15.91,17.6942,17.105,16.4349,1.3966,16.7203,11.3497,24.7423,-6.9231,67450501.15,2.2518,18.35,22.1,77.8,15.2,13.7,13.2,14.0792,2.5762,6.1093,10.436,-1.0899,-17.8733,-76.671,32.4818,37.5
20250515,2344,華邦電,listed,18.45,18.9,17.9,18.1,134611568.0,2468870683.0,,data/daily_price/20250515.csv,17.25,16.0375,17.7292,17.0958,16.5736,-0.2755,16.0256,16.3987,13.125,-5.7292,71586038.8,1.8804,18.9,22.1,77.8,15.2,13.7,13.2,12.8605,2.0917,5.8738,9.2097,-4.2328,-18.0995,-76.7352,32.1168,37.1212
20250516,2344,華邦電,listed,18.1,18.2,17.8,17.95,49038144.0,881834077.0,,data/daily_price/20250516.csv,17.73,16.165,17.7425,17.0896,16.6883,-0.8287,15.4341,16.5584,4.6647,-4.0107,72000572.65,0.6811,18.9,22.1,77.8,15.25,13.7,13.2,11.0424,1.1695,5.0347,7.5603,-5.0265,-18.7783,-76.928,31.0219,35.9848
20250519,2344,華邦電,listed,17.95,18.15,17.7,17.75,38023884.0,679193789.0,,data/daily_price/20250519.csv,17.97,16.2575,17.7292,17.0846,16.7768,-1.1142,7.2508,11.6352,-4.3127,-3.2698,68726846.3,0.5533,18.9,22.1,77.8,15.25,13.7,13.2,9.1804,0.1175,3.8948,5.8009,-6.0847,-19.6833,-77.1851,29.562,34.4697
20250520,2344,華邦電,listed,18.15,18.8,17.95,18.55,120117574.0,2214382485.0,,data/daily_price/20250520.csv,18.1,16.4175,17.7258,17.0917,16.9246,4.507,3.6313,20.8469,-1.0667,4.8023,68473789.2,1.7542,18.9,22.1,77.8,15.25,13.7,13.2,12.9892,4.6495,8.5324,9.6041,-1.8519,-16.0633,-76.1568,35.4015,40.5303
20250522,2344,華邦電,listed,18.1,18.15,17.7,17.85,49671190.0,886788594.0,,data/daily_price/20250522.csv,18.04,16.54,17.7033,17.0904,17.0017,-3.7736,-1.6529,15.9091,-7.0312,-0.8333,64451467.65,0.7707,18.9,22.1,77.8,15.25,13.7,13.2,7.9202,0.8285,4.4445,4.9897,-5.5556,-19.2308,-77.0566,30.292,35.2273
20250523,2344,華邦電,listed,17.95,18.1,17.75,17.75,25656051.0,459197761.0,,data/daily_price/20250523.csv,17.97,16.6475,17.6833,17.09,17.064,-0.5602,-1.9337,13.7821,-6.3325,-0.2809,61889798.7,0.4145,18.9,22.1,77.8,15.25,13.7,13.2,6.6226,0.377,3.8619,4.0199,-6.0847,-19.6833,-77.1851,29.562,34.4697
20250526,2344,華邦電,listed,17.75,17.8,17.3,17.45,35231583.0,616599141.0,,data/daily_price/20250526.csv,17.87,16.75,17.66,17.0854,17.0962,-1.6901,-2.7855,13.3117,-7.4271,-3.0556,61210389.55,0.5756,18.9,22.1,77.8,15.25,13.7,13.2,4.1791,-1.1891,2.1339,2.0695,-7.672,-21.0407,-77.5707,27.3723,32.197
20250527,2344,華邦電,listed,17.45,17.65,17.2,17.35,26947034.0,470070644.0,,data/daily_price/20250527.csv,17.79,16.8275,17.635,17.0817,17.1173,-0.5731,-2.2535,9.8101,-7.9576,-2.5281,60077455.3,0.4485,18.9,22.1,77.8,15.25,13.7,13.2,3.105,-1.6161,1.5709,1.3591,-8.2011,-21.4932,-77.6992,26.6423,31.4394
20250528,2344,華邦電,listed,17.8,18.05,17.3,17.4,48953278.0,865614407.0,,data/daily_price/20250528.csv,17.56,16.9125,17.6067,17.0783,17.1409,0.2882,-6.1995,10.828,-8.9005,-2.2472,61020203.0,0.8022,18.9,22.1,77.8,15.25,13.7,13.2,2.8825,-1.1738,1.8835,1.5116,-7.9365,-21.267,-77.635,27.0073,31.8182
20250529,2344,華邦電,listed,17.6,17.9,17.4,17.7,48955342.0,865736017.0,,data/daily_price/20250529.csv,17.53,17.0,17.5917,17.0754,17.1875,1.7241,-0.8403,10.9718,-4.8387,-1.9391,61774139.5,0.7925,18.9,22.1,77.8,15.25,13.7,13.2,4.1176,0.6158,3.6578,2.9818,-6.3492,-19.9095,-77.2494,29.1971,34.0909
20250602,2344,華邦電,listed,17.5,17.55,16.85,16.9,36253384.0,617822035.0,,data/daily_price/20250602.csv,17.36,17.0575,17.5608,17.0696,17.1635,-4.5198,-4.7887,7.3016,-9.8667,-3.9773,61289271.6,0.5915,18.9,22.1,77.8,15.25,13.7,13.2,-0.9233,-3.7631,-0.9935,-1.5354,-10.582,-23.5294,-78.2776,23.3577,28.0303
20250603,2344,華邦電,listed,17.1,17.2,16.7,16.7,26626284.0,448273940.0,,data/daily_price/20250603.csv,17.21,17.095,17.5275,17.0633,17.1249,-1.1834,-4.298,4.7022,-10.6952,-4.298,60931279.6,0.437,18.9,22.1,77.8,15.25,13.7,13.2,-2.3106,-4.7212,-2.1293,-2.4812,-11.6402,-24.4344,-78.5347,21.8978,26.5152
20250604,2344,華邦電,listed,17.0,18.0,16.95,17.65,69082667.0,1216120964.0,,data/daily_price/20250604.csv,17.27,17.205,17.5125,17.0721,17.1687,5.6886,1.7291,14.2395,-4.8518,6.3253,62420695.2,1.1067,18.9,22.1,77.8,15.25,13.7,13.2,2.5865,0.7852,3.3852,2.8036,-6.6138,-20.1357,-77.3136,28.8321,33.7121
20250605,2344,華邦電,listed,17.85,18.6,17.7,18.1,106061105.0,1930424593.0,,data/daily_price/20250605.csv,17.41,17.325,17.5008,17.0892,17.2463,2.5496,4.023,15.2866,-3.7234,12.7726,66489622.75,1.5952,18.9,22.1,77.8,15.4,13.7,13.2,4.4733,3.4236,5.9151,4.9502,-4.2328,-18.0995,-76.7352,32.1168,37.1212
20250606,2344,華邦電,listed,18.1,18.4,18.0,18.35,52663870.0,958911221.0,,data/daily_price/20250606.csv,17.54,17.465,17.5042,17.1083,17.3383,1.3812,3.6723,18.0064,1.1019,14.3302,68263346.4,0.7715,18.9,22.1,77.8,15.4,13.7,13.2,5.0673,4.8322,7.2577,5.8353,-2.9101,-16.9683,-76.4139,33.9416,39.0152
20250609,2344,華邦電,listed,18.45,18.8,18.3,18.4,66163437.0,1226127849.0,,data/daily_price/20250609.csv,17.84,17.605,17.5067,17.1296,17.4267,0.2725,8.8757,17.9487,0.8219,16.0883,69331242.55,0.9543,18.9,22.1,77.8,15.4,13.7,13.2,4.5158,5.1028,7.4165,5.5849,-2.6455,-16.7421,-76.3496,34.3066,39.3939
20250610,2344,華邦電,listed,18.6,19.3,18.45,18.8,99914095.0,1891211041.0,,data/daily_price/20250610.csv,18.26,17.7675,17.5033,17.1538,17.5412,2.1739,12.5749,20.9003,-1.0526,18.239,73413394.3,1.361,19.3,22.1,77.8,15.75,13.7,13.2,5.8112,7.4081,9.597,7.1764,-2.5907,-14.9321,-75.8355,37.2263,42.4242
20250611,2344,華邦電,listed,19.1,19.25,18.65,18.8,61674853.0,1165634517.0,,data/daily_price/20250611.csv,18.49,17.88,17.4983,17.1771,17.6461,0.0,6.5156,13.5952,-1.5707,17.5,72696980.6,0.8484,19.3,22.1,77.8,16.7,13.7,13.2,5.1454,7.4388,9.4482,6.5393,-2.5907,-14.9321,-75.8355,37.2263,42.4242
20250612,2344,華邦電,listed,18.8,18.9,18.6,18.8,28613369.0,537190672.0,,data/daily_price/20250612.csv,18.63,17.925,17.4617,17.2017,17.7422,0.0,3.8674,5.0279,-10.4762,18.612,63807234.65,0.4484,19.3,22.1,77.8,16.7,13.7,13.2,4.8815,7.6644,9.2917,5.9618,-2.5907,-14.9321,-75.8355,37.2263,42.4242
20250613,2344,華邦電,listed,18.7,18.7,18.2,18.45,41139315.0,757094612.0,,data/daily_price/20250613.csv,18.65,17.94,17.4242,17.2208,17.8012,-1.8617,0.545,1.6529,-10.8696,14.2415,58269901.35,0.706,19.3,21.6,77.8,16.7,13.7,13.2,2.8428,5.8874,7.1377,3.6446,-4.4041,-14.5833,-76.2853,34.6715,39.7727
20250616,2344,華邦電,listed,18.5,18.65,18.15,18.4,45754464.0,842061387.0,,data/daily_price/20250616.csv,18.65,17.955,17.3817,17.2417,17.8511,-0.271,0.0,1.6575,-12.1718,15.7233,53827046.15,0.85,19.3,21.6,77.8,16.7,13.7,13.2,2.4784,5.8587,6.7182,3.0748,-4.6632,-14.8148,-76.3496,34.3066,39.3939
20250617,2344,華邦電,listed,18.55,19.0,18.55,18.75,56800723.0,1068588001.0,,data/daily_price/20250617.csv,18.64,17.995,17.3533,17.2663,17.926,1.9022,-0.266,4.4568,-8.313,18.6709,54215175.1,1.0477,19.3,21.6,77.8,16.7,13.7,13.2,4.1956,8.0484,8.5934,4.5966,-2.8497,-13.1944,-75.8997,36.8613,42.0455
20250618,2344,華邦電,listed,18.9,19.85,18.85,19.65,194706566.0,3800763784.0,,data/daily_price/20250618.csv,18.81,18.09,17.3417,17.3029,18.0697,4.8,4.5213,10.7042,-3.4398,28.8525,62049309.2,3.1379,19.85,21.6,77.8,16.7,13.7,13.2,8.6235,13.3109,13.5647,8.7457,-1.0076,-9.0278,-74.7429,43.4307,48.8636
20250619,2344,華邦電,listed,20.0,20.3,19.15,19.6,152054342.0,2980207487.0,,data/daily_price/20250619.csv,18.97,18.1425,17.3267,17.3404,18.1972,-0.2545,4.2553,5.6604,-4.3902,29.8013,63646147.6,2.3891,20.3,21.6,77.8,16.7,13.7,13.2,8.0336,13.1204,13.0307,7.7088,-3.4483,-9.2593,-74.8072,43.0657,48.4848
20250620,2344,華邦電,listed,19.6,19.75,18.8,18.95,83338972.0,1591725682.0,,data/daily_price/20250620.csv,19.07,18.1975,17.2908,17.3733,18.2599,-3.3163,2.71,6.1625,-10.1896,26.3333,65329536.7,1.2757,20.3,21.6,77.8,16.7,13.7,13.2,4.1352,9.5956,9.0752,3.7791,-6.6502,-12.2685,-75.6427,38.3212,43.5606
20250623,2344,華邦電,listed,18.55,19.65,18.5,19.6,81776761.0,1579451492.0,,data/daily_price/20250623.csv,19.31,18.29,17.2667,17.4162,18.3716,3.4301,6.5217,10.4225,-6.8884,35.6401,68135572.2,1.2002,20.3,21.0,77.8,16.7,13.7,13.2,7.1624,13.5135,12.5386,6.6863,-3.4483,-6.6667,-74.8072,43.0657,48.4848
20250624,2344,華邦電,listed,20.1,21.25,19.85,20.05,243057485.0,4990652389.0,,data/daily_price/20250624.csv,19.57,18.42,17.2683,17.4592,18.5115,2.2959,6.9333,14.8997,0.5013,34.5638,78526867.3,3.0952,21.25,21.25,77.8,16.7,13.7,13.2,8.8491,16.1085,14.8394,8.3112,-5.6471,-5.6471,-74.2288,46.3504,51.8939
20250625,2344,華邦電,listed,20.2,21.0,20.05,20.25,147333284.0,3014632999.0,,data/daily_price/20250625.csv,19.69,18.565,17.2833,17.4979,18.6564,0.9975,3.0534,16.7147,4.6512,29.8077,84546179.8,1.7426,21.25,21.25,77.8,16.7,13.7,13.2,9.0762,17.1649,15.7281,8.5421,-4.7059,-4.7059,-73.9717,47.8102,53.4091
20250626,2344,華邦電,listed,20.75,21.5,20.5,20.85,216038224.0,4533744462.0,,data/daily_price/20250626.csv,19.94,18.7375,17.3067,17.5408,18.8392,2.963,6.3776,19.8276,7.1979,32.8025,92900427.1,2.3255,21.5,21.5,77.8,16.7,13.7,13.2,11.2742,20.4738,18.8655,10.6737,-3.0233,-3.0233,-73.2005,52.1898,57.9545
20250627,2344,華邦電,listed,21.2,21.7,20.7,21.15,169640197.0,3590424030.0,,data/daily_price/20250627.csv,20.38,18.91,17.3383,17.5921,19.0317,1.4388,11.6095,19.4915,9.8701,41.0,98934669.85,1.7147,21.7,21.7,77.8,16.7,13.7,13.2,11.8456,21.984,20.2245,11.1302,-2.5346,-2.5346,-72.8149,54.3796,60.2273
20250630,2344,華邦電,listed,21.25,21.3,20.15,20.15,104406100.0,2132274832.0,,data/daily_price/20250630.csv,20.49,19.0725,17.3625,17.6333,19.1249,-4.7281,2.8061,19.2308,7.754,32.5658,102342305.65,1.0202,21.7,21.7,77.8,16.7,13.7,13.2,5.6495,16.0547,14.2722,5.3599,-7.1429,-7.1429,-74.1003,47.0803,52.6515
20250701,2344,華邦電,listed,20.15,20.45,19.8,19.85,76615219.0,1533562939.0,,data/daily_price/20250701.csv,20.45,19.23,17.4008,17.6688,19.1853,-1.4888,-0.9975,18.8623,13.1054,27.2436,104841752.4,0.7308,21.7,21.7,77.8,16.95,13.7,13.2,3.2241,14.075,12.3452,3.4644,-8.5253,-8.5253,-74.4859,44.8905,50.3788
20250702,2344,華邦電,listed,19.9,20.1,19.5,19.55,68749472.0,1355484432.0,,data/daily_price/20250702.csv,20.31,19.325,17.425,17.7017,19.2157,-1.5113,-3.4568,10.7649,8.011,25.3205,104825092.65,0.6558,21.7,21.7,77.8,17.7,13.7,13.2,1.1643,12.1951,10.4416,1.7396,-9.9078,-9.9078,-74.8715,42.7007,48.1061
20250703,2344,華邦電,listed,19.55,19.85,19.5,19.75,32903370.0,647767093.0,,data/daily_price/20250703.csv,20.09,19.4075,17.4425,17.7375,19.2603,1.023,-5.2758,9.116,5.615,27.8317,101167205.9,0.3252,21.7,21.7,77.8,18.0,13.7,13.2,1.7648,13.2292,11.346,2.5428,-8.9862,-8.9862,-74.6144,44.1606,49.6212
20250704,2344,華邦電,listed,19.9,19.9,18.95,19.15,56810889.0,1092728642.0,,data/daily_price/20250704.csv,19.69,19.4475,17.4808,17.77,19.2511,-3.038,-9.4563,4.3597,13.6499,25.5738,101374556.85,0.5604,21.7,21.7,77.8,18.15,13.7,13.2,-1.5298,9.5486,7.7659,-0.525,-11.7512,-11.7512,-75.3856,39.781,45.0758
20250707,2344,華邦電,listed,19.05,19.3,18.85,19.1,29315240.0,557565164.0,,data/daily_price/20250707.csv,19.48,19.4825,17.5458,17.8042,19.2385,-0.2611,-5.2109,3.8043,25.6579,27.3333,99532147.0,0.2945,21.7,21.7,77.8,18.15,13.7,13.2,-1.9633,8.8578,7.2783,-0.7198,-11.9816,-11.9816,-75.4499,39.4161,44.697
20250708,2344,華邦電,listed,19.1,19.3,18.8,18.9,41871220.0,795027201.0,,data/daily_price/20250708.csv,19.29,19.4875,17.6325,17.8383,19.2103,-1.0471,-4.7859,0.5319,37.9562,27.7027,96630003.25,0.4333,21.7,21.7,77.8,18.15,15.05,13.2,-3.0148,7.1884,5.9516,-1.6151,-12.9032,-12.9032,-75.7069,25.5814,43.1818
20250709,2344,華邦電,listed,18.85,19.15,18.8,18.95,19011959.0,360213373.0,,data/daily_price/20250709.csv,19.17,19.495,17.6975,17.8754,19.1886,0.2646,-3.0691,0.7979,25.9136,30.6897,94496858.55,0.2012,21.7,21.7,77.8,18.15,15.2,13.2,-2.7956,7.0773,6.0115,-1.2434,-12.6728,-12.6728,-75.6427,24.6711,43.5606
20250710,2344,華邦電,listed,19.0,19.0,18.4,18.5,28479063.0,529657749.0,,data/daily_price/20250710.csv,18.92,19.48,17.7408,17.9096,19.1312,-2.3747,-6.3291,-1.5957,16.3522,28.4722,94490143.25,0.3014,21.7,21.7,77.8,18.15,15.2,13.2,-5.0308,4.2792,3.2967,-3.2993,-14.7465,-14.7465,-76.2211,21.7105,40.1515
20250711,2344,華邦電,listed,18.4,18.6,18.0,18.45,41944222.0,768607723.0,,data/daily_price/20250711.csv,18.78,19.48,17.7767,17.94,19.0744,-0.2703,-3.6554,0.0,13.1902,24.6622,94530388.6,0.4437,21.7,21.7,77.8,18.0,15.2,13.2,-5.2875,3.7877,2.8428,-3.2737,-14.977,-14.977,-76.2853,21.3816,39.7727
20250714,2344,華邦電,listed,18.4,18.55,18.2,18.25,23622207.0,433202152.0,,data/daily_price/20250714.csv,18.61,19.4725,17.8217,17.97,19.0057,-1.084,-4.4503,-0.8152,17.3633,24.5734,93423775.75,0.2529,21.7,21.7,77.8,18.0,15.2,13.2,-6.2781,2.4034,1.5582,-3.9763,-15.8986,-15.8986,-76.5424,20.0658,38.2576
20250715,2344,華邦電,listed,18.3,18.4,17.7,17.9,43454344.0,782189758.0,,data/daily_price/20250715.csv,18.41,19.43,17.8633,17.9983,18.9136,-1.9178,-5.291,-4.5333,16.2338,23.4483,92756456.8,0.4685,21.7,21.7,77.8,17.7,15.25,13.2,-7.8744,0.2053,-0.5463,-5.359,-17.5115,-17.5115,-76.9923,17.377,35.6061
20250716,2344,華邦電,listed,18.15,18.15,17.6,17.65,37378601.0,664049581.0,,data/daily_price/20250716.csv,18.15,19.33,17.8925,18.0312,18.8083,-1.3966,-6.8602,-10.1781,11.0063,28.8321,84890058.55,0.4403,21.7,21.7,77.8,17.6,15.25,13.2,-8.6912,-1.3553,-2.1144,-6.1584,-18.6636,-18.6636,-77.3136,15.7377,33.7121
20250717,2344,華邦電,listed,17.65,18.1,17.55,17.9,39526107.0,706275943.0,,data/daily_price/20250717.csv,18.03,19.245,17.935,18.0654,18.7326,1.4164,-3.2432,-8.6735,16.6124,29.7101,79263646.8,0.4987,21.7,21.7,77.8,17.55,15.25,13.2,-6.9888,-0.1951,-0.9157,-4.4446,-17.5115,-17.5115,-76.9923,17.377,35.6061
20250718,2344,華邦電,listed,18.0,18.05,17.65,17.65,22013689.0,391484699.0,,data/daily_price/20250718.csv,17.87,19.18,17.9725,18.1012,18.6424,-1.3966,-4.336,-6.8602,14.6104,32.2097,76197382.65,0.2889,21.7,21.7,77.8,17.55,15.25,13.3,-7.9771,-1.7944,-2.4929,-5.3232,-18.6636,-18.6636,-77.3136,15.7377,32.7068
20250721,2344,華邦電,listed,17.7,17.75,17.4,17.4,24053411.0,420883920.0,,data/daily_price/20250721.csv,17.7,19.07,18.0025,18.1333,18.5388,-1.4164,-4.6575,-11.2245,11.5385,28.4133,73311215.15,0.3281,21.7,21.7,77.8,17.4,15.25,13.3,-8.7572,-3.3468,-4.0441,-6.143,-19.8157,-19.8157,-77.635,14.0984,30.8271
20250722,2344,華邦電,listed,17.45,17.65,17.15,17.15,24786033.0,431628283.0,,data/daily_price/20250722.csv,17.55,18.925,18.0317,18.1625,18.4231,-1.4368,-4.1899,-14.4638,11.3636,25.641,62397642.55,0.3972,21.7,21.7,77.8,17.15,15.25,13.7,-9.3791,-4.8895,-5.5747,-6.9104,-20.9677,-20.9677,-77.9563,12.459,25.1825
20250723,2344,華邦電,listed,17.25,17.75,17.25,17.6,28303309.0,496790568.0,,data/daily_price/20250723.csv,17.54,18.7925,18.0617,18.1925,18.3545,2.6239,-0.2833,-13.0864,11.3924,25.7143,56446143.8,0.5014,21.7,21.7,77.8,17.15,15.25,13.7,-6.3456,-2.5561,-3.2568,-4.1108,-18.894,-18.894,-77.3779,15.4098,28.4672
20250724,2344,華邦電,listed,17.7,17.75,17.15,17.35,31091690.0,540749302.0,,data/daily_price/20250724.csv,17.43,18.6175,18.0892,17.7162,18.2708,-1.4205,-3.0726,-16.7866,10.5096,-76.7114,47198817.1,0.6587,21.7,21.7,22.1,17.15,15.25,13.7,-6.8081,-4.0862,-2.0673,-5.0398,-20.0461,-20.0461,-21.4932,13.7705,26.6423
20250725,2344,華邦電,listed,17.35,17.6,17.3,17.45,13129389.0,229270729.0,,data/daily_price/20250725.csv,17.39,18.4325,18.1142,17.7442,18.2024,0.5764,-1.1331,-17.4941,9.4044,23.7589,39373276.7,0.3335,21.3,21.7,22.1,17.15,15.25,13.7,-5.3303,-3.6666,-1.6578,-4.1336,-18.0751,-19.5853,-21.0407,14.4262,27.3723
20250728,2344,華邦電,listed,17.5,17.75,17.35,17.5,17696014.0,310293270.0,,data/daily_price/20250728.csv,17.41,18.3,18.1433,17.7721,18.1439,0.2865,0.5747,-13.1514,11.1111,23.6749,35037772.4,0.5051,20.45,21.7,22.1,17.15,15.25,13.7,-4.3716,-3.5458,-1.531,-3.5487,-14.4254,-19.3548,-20.8145,14.7541,27.7372
20250729,2344,華邦電,listed,17.7,18.0,17.4,17.4,37870147.0,668597992.0,,data/daily_price/20250729.csv,17.46,18.1775,18.1675,17.7975,18.0819,-0.5714,1.4577,-12.3426,9.0909,21.2544,33100518.8,1.1441,20.1,21.7,22.1,17.15,15.25,13.7,-4.2773,-4.2246,-2.2335,-3.7711,-13.4328,-19.8157,-21.267,14.0984,27.0073
20250730,2344,華邦電,listed,17.4,17.9,17.25,17.85,29781548.0,526771651.0,,data/daily_price/20250730.csv,17.51,18.0925,18.2075,17.8271,18.0626,2.5862,1.4205,-8.6957,15.534,24.8252,31152122.6,0.956,19.9,21.7,22.1,17.15,15.25,13.7,-1.3403,-1.9635,0.1285,-1.1768,-10.3015,-17.7419,-19.2308,17.0492,30.292
20250731,2344,華邦電,listed,17.7,17.8,17.35,17.35,25462564.0,445191523.0,,data/daily_price/20250731.csv,17.51,17.9725,18.235,17.8546,18.0032,-2.8011,0.0,-12.1519,10.5096,23.4875,30780082.3,0.8272,19.9,21.7,22.1,17.15,15.4,13.7,-3.4636,-4.8533,-2.8261,-3.6281,-12.8141,-20.0461,-21.4932,12.6623,26.6423
20250801,2344,華邦電,listed,17.25,17.8,16.85,17.6,29365200.0,514654219.0,,data/daily_price/20250801.csv,17.54,17.895,18.2692,17.8829,17.9696,1.4409,0.8596,-8.094,13.1833,23.9437,29407797.85,0.9986,19.3,21.7,22.1,16.85,15.4,13.7,-1.6485,-3.6628,-1.582,-2.0567,-8.8083,-18.894,-20.362,14.2857,28.4672
20250804,2344,華邦電,listed,17.4,17.45,17.1,17.35,24658786.0,425928354.0,,data/daily_price/20250804.csv,17.51,17.8075,18.2983,17.9067,17.918,-1.4205,-0.8571,-9.1623,11.2179,19.6552,29174975.15,0.8452,19.3,21.7,22.1,16.85,15.4,13.7,-2.5691,-5.1826,-3.1087,-3.1697,-10.1036,-20.0461,-21.4932,12.6623,26.6423
20250805,2344,華邦電,listed,17.55,17.95,17.45,17.6,23155920.0,409499234.0,,data/daily_price/20250805.csv,17.55,17.7425,18.3325,17.9337,17.8915,1.4409,1.1494,-6.8783,13.1833,22.6481,28239210.15,0.82,19.15,21.7,22.1,16.85,15.75,13.7,-0.8032,-3.9956,-1.861,-1.629,-8.094,-18.894,-20.362,11.746,28.4672
20250806,2344,華邦電,listed,17.5,17.55,17.05,17.05,46773462.0,802880014.0,,data/daily_price/20250806.csv,17.39,17.6475,18.3408,17.9571,17.8213,-3.125,-4.4818,-10.0264,3.0211,19.6491,29627285.3,1.5787,19.0,21.7,22.1,16.85,16.7,13.7,-3.3857,-7.038,-5.0514,-4.3281,-10.2632,-21.4286,-22.8507,2.0958,24.4526
20250807,2344,華邦電,listed,17.15,17.25,16.5,16.5,46331780.0,776057233.0,,data/daily_price/20250807.csv,17.22,17.5475,18.3175,17.9758,17.7112,-3.2258,-4.8991,-10.8108,-7.8212,15.7895,30519921.15,1.5181,18.6,21.7,22.1,16.5,16.5,13.7,-5.9695,-9.9222,-8.2101,-6.8387,-11.2903,-23.9631,-25.3394,0.0,20.438
20250808,2344,華邦電,listed,16.75,18.05,16.75,17.45,103047565.0,1807394705.0,,data/daily_price/20250808.csv,17.19,17.4975,18.3058,18.0,17.6895,5.7576,-0.8523,-5.4201,-3.8567,19.9313,33575088.3,3.0692,18.55,21.7,22.1,16.5,16.5,13.7,-0.2715,-4.6752,-3.0556,-1.3537,-5.9299,-19.5853,-21.0407,5.7576,27.3723
20250811,2344,華邦電,listed,17.6,17.65,17.35,17.4,30565323.0,533609529.0,,data/daily_price/20250811.csv,17.2,17.455,18.2942,18.0117,17.6653,-0.2865,0.2882,-4.6575,-3.8674,8.75,33922244.1,0.901,18.4,21.7,22.1,16.5,16.5,13.7,-0.3151,-4.8877,-3.3959,-1.502,-5.4348,-19.8157,-21.267,5.4545,27.0073
20250812,2344,華邦電,listed,17.7,18.6,17.7,18.45,104374238.0,1915641197.0,,data/daily_price/20250812.csv,17.37,17.4825,18.3025,18.0225,17.7307,6.0345,4.8295,3.0726,2.7855,7.5802,36968238.8,2.8233,18.6,21.7,22.1,16.5,16.5,13.7,5.5341,0.8059,2.372,4.0567,-0.8065,-14.977,-16.5158,11.8182,34.6715
20250813,2344,華邦電,listed,18.75,18.85,18.1,18.1,62899063.0,1159117048.0,,data/daily_price/20250813.csv,17.58,17.505,18.3083,18.0188,17.7615,-1.897,6.1584,2.5496,1.9718,-2.4259,38244261.9,1.6447,18.85,21.7,22.1,16.5,16.5,13.7,3.399,-1.1379,0.4509,1.9058,-3.9788,-16.5899,-18.0995,9.697,32.1168
20250814,2344,華邦電,listed,18.15,18.4,18.0,18.0,34601779.0,627730319.0,,data/daily_price/20250814.csv,17.88,17.51,18.2992,18.0125,17.7814,-0.5525,9.0909,0.5587,-2.965,-4.0,37998045.5,0.9106,18.85,21.7,22.1,16.5,16.5,13.7,2.7984,-1.6349,-0.0694,1.2295,-4.5093,-17.0507,-18.552,9.0909,31.3869
20250815,2344,華邦電,listed,18.1,18.45,17.75,18.4,39510470.0,714541752.0,,data/daily_price/20250815.csv,18.07,17.5475,18.3083,18.0058,17.8329,2.2222,5.4441,4.2493,3.0812,-4.1667,38872884.55,1.0164,18.85,21.7,22.1,16.5,16.5,13.7,4.8582,0.5007,2.1891,3.1799,-2.3873,-15.2074,-16.7421,11.5152,34.3066
20250818,2344,華邦電,listed,18.55,19.35,18.15,19.1,107922757.0,2033949871.0,,data/daily_price/20250818.csv,18.41,17.6325,18.3308,18.0071,17.9385,3.8043,9.7701,9.7701,7.6056,0.7916,43066351.85,2.506,19.35,21.7,22.1,16.5,16.5,13.7,8.3227,4.196,6.0694,6.4748,-1.292,-11.9816,-13.5747,15.7576,39.4161
20250819,2344,華邦電,listed,19.15,19.25,18.55,18.6,49210243.0,923660646.0,,data/daily_price/20250819.csv,18.44,17.705,18.35,18.005,17.9936,-2.6178,0.813,8.4548,6.5903,-1.3263,44287562.35,1.1112,19.35,21.7,22.1,16.5,16.5,13.7,5.0551,1.3624,3.3046,3.3699,-3.876,-14.2857,-15.8371,12.7273,35.7664
20250820,2344,華邦電,listed,18.45,18.6,17.95,18.0,47050322.0,855649676.0,,data/daily_price/20250820.csv,18.42,17.725,18.3608,17.9979,17.9942,-3.2258,-0.5525,2.2727,3.7464,-4.5093,45224913.0,1.0404,19.35,21.7,22.1,16.5,16.5,13.7,1.5515,-1.9652,0.0116,0.0324,-6.9767,-17.0507,-18.552,9.0909,31.3869
20250821,2344,華邦電,listed,18.1,18.5,18.05,18.4,35344254.0,645489438.0,,data/daily_price/20250821.csv,18.5,17.7775,18.3775,17.9921,18.028,2.2222,2.2222,6.0519,5.7471,-3.6649,45437541.2,0.7779,19.35,21.7,22.1,16.5,16.5,13.7,3.5016,0.1224,2.2672,2.0635,-4.9096,-15.2074,-16.7421,11.5152,34.3066
20250822,2344,華邦電,listed,18.3,18.45,18.05,18.2,18456912.0,335722102.0,,data/daily_price/20250822.csv,18.46,17.815,18.3858,17.9888,18.0423,-1.087,-1.087,4.298,2.8249,-2.1505,45703917.35,0.4038,19.35,21.7,22.1,16.5,16.5,13.7,2.1611,-1.0107,1.1743,0.8739,-5.9432,-16.129,-17.6471,10.303,32.8467
20250825,2344,華邦電,listed,18.45,18.75,18.4,18.4,29323268.0,544227922.0,,data/daily_price/20250825.csv,18.32,17.86,18.4108,17.9858,18.0721,1.0989,-3.6649,5.1429,8.8757,-1.8667,46285280.05,0.6335,19.35,21.7,22.1,16.5,16.5,13.7,3.0235,-0.0588,2.3027,1.8142,-4.9096,-15.2074,-16.7421,11.5152,34.3066
20250826,2344,華邦電,listed,18.45,18.9,18.3,18.75,30607131.0,570046615.0,,data/daily_price/20250826.csv,18.35,17.9275,18.445,17.9862,18.1286,1.9022,0.8065,7.7586,12.2754,0.2674,45922129.25,0.6665,19.35,21.7,22.1,16.5,16.5,13.7,4.5879,1.6536,4.2463,3.4276,-3.1008,-13.5945,-15.1584,13.6364,36.8613
20250827,2344,華邦電,listed,19.05,20.0,19.0,19.8,95355606.0,1875290404.0,,data/daily_price/20250827.csv,18.71,18.025,18.4808,17.9967,18.2679,5.6,10.0,10.9244,12.1813,6.7385,49200832.15,1.9381,20.0,21.7,22.1,16.5,16.5,13.7,9.8474,7.138,10.0204,8.3869,-1.0,-8.7558,-10.4072,20.0,44.5255
20250828,2344,華邦電,listed,19.9,20.05,19.6,19.6,54451676.0,1076849978.0,,data/daily_price/20250828.csv,18.95,18.1375,18.5058,18.0033,18.3789,-1.0101,6.5217,12.9683,8.2873,4.2553,50650287.75,1.0751,20.05,21.7,22.1,16.5,16.5,13.7,8.0634,5.9126,8.8687,6.644,-2.2444,-9.6774,-11.3122,18.7879,43.0657
20250829,2344,華邦電,listed,19.8,20.55,19.7,19.7,82516634.0,1659037339.0,,data/daily_price/20250829.csv,19.25,18.2425,18.5283,18.0162,18.489,0.5102,8.2418,11.9318,7.3569,8.5399,53307859.45,1.5479,20.55,21.7,22.1,16.5,16.5,13.7,7.9896,6.3236,9.3457,6.5499,-4.1363,-9.2166,-10.8597,19.3939,43.7956
20250901,2344,華邦電,listed,19.7,20.35,19.6,20.3,79269429.0,1590942508.0,,data/daily_price/20250901.csv,19.63,18.39,18.56,18.0333,18.6399,3.0457,10.3261,17.0029,10.3261,11.2329,56038391.6,1.4146,20.55,21.7,22.1,16.5,16.5,13.7,10.3861,9.375,12.5693,8.9061,-1.2165,-6.4516,-8.1448,23.0303,48.1752
20250902,2344,華邦電,listed,20.5,20.65,19.8,19.95,100967634.0,2035398991.0,,data/daily_price/20250902.csv,19.87,18.5075,18.5792,18.0412,18.7491,-1.7241,6.4,13.3523,6.117,5.0,59928977.3,1.6848,20.65,21.7,22.1,16.5,16.5,13.7,7.7941,7.3783,10.5799,6.4052,-3.3898,-8.0645,-9.7285,20.9091,45.6204
20250903,2344,華邦電,listed,19.95,20.55,19.9,20.1,65368703.0,1322465466.0,,data/daily_price/20250903.csv,19.93,18.66,18.6008,18.0496,18.8617,0.7519,1.5152,17.8886,6.9149,5.2356,60858739.35,1.0741,20.65,21.7,22.1,16.5,16.5,13.7,7.717,8.0597,11.3599,6.5654,-2.6634,-7.3733,-9.0498,21.8182,46.7153
20250904,2344,華邦電,listed,20.4,20.8,20.3,20.5,65653280.0,1347946204.0,,data/daily_price/20250904.csv,20.11,18.86,18.6292,18.0454,18.9982,1.99,4.5918,24.2424,9.0426,-2.381,61824814.35,1.0619,20.8,21.7,22.1,16.75,16.5,13.7,8.6957,10.0425,13.6023,7.905,-1.4423,-5.53,-7.2398,24.2424,49.635
20250905,2344,華邦電,listed,20.65,22.55,20.6,22.55,227254069.0,4992131427.0,,data/daily_price/20250905.csv,20.68,19.115,18.6975,18.0608,19.2942,10.0,14.467,29.2264,22.2222,8.9372,68035139.55,3.3402,22.55,22.55,22.55,17.35,16.5,13.7,17.9702,20.6044,24.8558,16.8746,0.0,0.0,0.0,36.6667,64.5985
20250909,2344,華邦電,listed,24.4,24.9,23.7,24.55,237839246.0,5764269263.0,,data/daily_price/20250909.csv,21.53,19.4725,18.8,18.0908,19.7322,8.8692,20.936,41.092,33.4239,17.1838,78398835.7,3.0337,24.9,24.9,24.9,17.7,16.5,13.7,26.0752,30.5851,35.7041,24.4162,-1.4056,-1.4056,-1.4056,48.7879,79.1971
20250910,2344,華邦電,listed,24.85,25.7,24.5,24.95,285159030.0,7189180523.0,,data/daily_price/20250910.csv,22.53,19.7975,18.9033,18.1283,20.167,1.6293,25.0627,35.2304,33.0667,22.0049,87438075.3,3.2613,25.7,25.7,25.7,17.75,16.5,13.7,26.026,31.9873,37.6299,23.7171,-2.9183,-2.9183,-2.9183,51.2121,82.1168
20250911,2344,華邦電,listed,25.7,26.6,24.7,25.0,311904444.0,7978439289.0,,data/daily_price/20250911.csv,23.51,20.1425,18.9925,18.1671,20.5697,0.2004,24.3781,38.1215,27.2265,22.8501,99888344.35,3.1225,26.6,26.6,26.6,17.75,16.5,13.7,24.1157,31.6309,37.6115,21.5378,-6.015,-6.015,-6.015,51.5152,82.4818
20250917,2344,華邦電,listed,28.1,29.8,27.3,29.4,444180445.0,12614230787.0,,data/daily_price/20250917.csv,25.29,20.7125,19.1558,18.2412,21.3056,17.6,43.4146,63.3333,50.0,43.4146,120367277.65,3.6902,29.8,29.8,29.8,17.75,16.5,13.7,41.9433,53.4781,61.1732,37.992,-1.3423,-1.3423,-1.3423,78.1818,114.5985
20250918,2344,華邦電,listed,30.25,32.3,30.25,32.3,446562113.0,14081142879.0,,data/daily_price/20250918.csv,27.24,21.4075,19.3783,18.3346,22.2218,9.8639,43.2373,75.5435,70.4485,53.0806,140719859.8,3.1734,32.3,32.3,32.3,17.95,16.5,13.7,50.8817,66.681,76.1698,45.3528,0.0,0.0,0.0,95.7576,135.7664
20250919,2344,華邦電,listed,34.0,34.3,32.5,33.5,581855348.0,19455476266.0,,data/daily_price/20250919.csv,29.03,22.1275,19.61,18.4383,23.1616,3.7152,36.4562,75.3927,70.9184,59.1449,164416489.35,3.5389,34.3,34.3,34.3,17.95,16.5,13.7,51.3953,70.8312,81.6867,44.6357,-2.3324,-2.3324,-2.3324,103.0303,144.5255
20250922,2344,華邦電,listed,33.8,35.3,33.4,34.25,378938823.0,12962425448.0,,data/daily_price/20250922.csv,30.89,22.91,19.8467,18.5575,24.0857,2.2388,37.2745,84.1398,70.8229,71.6792,180902918.35,2.0947,35.3,35.3,35.3,17.95,16.5,13.7,49.498,72.5731,84.5615,42.2007,-2.9745,-2.9745,-2.9745,107.5758,150.0
20250923,2344,華邦電,listed,35.0,36.85,34.9,36.45,534413768.0,19178872328.0,,data/daily_price/20250923.csv,33.18,23.8325,20.1167,18.7,25.116,6.4234,45.8,102.5,80.0,88.3721,205271090.65,2.6035,36.85,36.85,36.85,18.05,16.5,13.7,52.9424,81.193,94.9198,45.1264,-1.0855,-1.0855,-1.0855,120.9091,166.0584
20250924,2344,華邦電,listed,36.0,36.05,34.3,35.2,399525349.0,14014459828.0,,data/daily_price/20250924.csv,34.34,24.6725,20.3558,18.8312,25.9564,-3.4294,19.7279,91.3043,68.8249,80.9769,223480145.4,1.7877,36.85,36.85,36.85,18.05,16.5,13.7,42.669,72.9234,86.9233,35.6122,-4.4776,-4.4776,-4.4776,113.3333,156.9343
20250925,2344,華邦電,listed,34.2,35.7,33.2,33.4,453055706.0,15500096747.0,,data/daily_price/20250925.csv,34.56,25.4325,20.56,18.9492,26.5767,-5.1136,3.4056,83.5165,57.9196,73.5065,245210085.1,1.8476,36.85,36.85,36.85,18.3,16.5,13.7,31.328,62.4514,76.261,25.6742,-9.3623,-9.3623,-9.3623,102.4242,143.7956
20250926,2344,華邦電,listed,32.95,33.2,31.2,31.4,311944386.0,9917713566.0,,data/daily_price/20250926.csv,34.14,26.0825,20.7475,19.055,26.9786,-5.988,-6.2687,70.6522,55.8313,67.9144,259341141.0,1.2028,36.85,36.85,36.85,18.3,16.5,13.7,20.3872,51.3435,64.7861,16.3885,-14.7897,-14.7897,-14.7897,90.303,129.1971
20250930,2344,華邦電,listed,34.0,34.15,32.95,34.05,281479643.0,9502442731.0,,data/daily_price/20250930.csv,34.1,26.8475,20.9842,19.1925,27.5679,8.4395,-0.5839,81.6,71.5365,94.0171,271884766.6,1.0353,36.85,36.85,36.85,19.0,16.5,13.7,26.8275,62.2652,77.4131,23.5133,-7.5984,-7.5984,-7.5984,106.3636,148.5401
20251001,2344,華邦電,listed,33.4,35.2,33.2,33.8,333619796.0,11437384590.0,,data/daily_price/20251001.csv,33.57,27.5475,21.2217,19.3233,28.0872,-0.7342,-7.2702,70.7071,72.89,86.7403,283797976.1,1.1756,36.85,36.85,36.85,19.6,16.5,13.7,22.6972,59.2712,74.9181,20.3394,-8.2768,-8.2768,-8.2768,104.8485,146.7153
20251002,2344,華邦電,listed,36.0,36.5,35.05,36.0,466423745.0,16725946610.0,,data/daily_price/20251002.csv,33.73,28.3675,21.4925,19.4675,28.7466,6.5089,2.2727,83.6735,82.2785,92.5134,304396579.55,1.5323,36.85,36.85,36.85,19.6,16.5,13.7,26.9058,67.5003,84.9236,25.2321,-2.3066,-2.3066,-2.3066,118.1818,162.7737
20251003,2344,華邦電,listed,35.8,39.25,35.35,38.8,579286537.0,21742182968.0,,data/daily_price/20251003.csv,34.81,29.3225,21.82,19.6504,29.5844,7.7778,16.1677,96.9543,102.611,130.2671,329235074.7,1.7595,39.25,39.25,39.25,19.6,16.5,13.7,32.3216,77.8185,97.4513,31.1501,-1.1465,-1.1465,-1.1465,135.1515,183.2117
20251007,2344,華邦電,listed,40.75,42.65,40.75,42.65,272729643.0,11465121331.0,,data/daily_price/20251007.csv,37.06,30.44,22.2125,19.8792,30.6732,9.9227,35.828,110.0985,123.2984,180.5921,338908085.4,0.8047,42.65,42.65,42.65,19.8,16.5,13.7,40.1117,92.009,114.5462,39.0464,0.0,0.0,0.0,158.4848,211.3139
20251008,2344,華邦電,listed,41.95,42.15,39.35,41.25,467415817.0,19001264528.0,,data/daily_price/20251008.csv,38.5,31.505,22.585,20.1087,31.5546,-3.2825,21.1454,106.7669,118.254,201.0949,357230494.55,1.3084,42.65,42.65,42.65,19.9,16.5,15.05,30.9316,82.6433,105.1346,30.7257,-3.2825,-3.2825,-3.2825,150.0,174.0864
20251009,2344,華邦電,listed,42.9,44.35,41.7,43.45,546683937.0,23568242474.0,,data/daily_price/20251009.csv,40.43,32.6725,22.9933,20.3454,32.5459,5.3333,28.5503,116.1692,129.2876,188.7043,381296256.25,1.4338,44.35,44.35,44.35,20.3,16.5,15.2,32.9865,88.9678,113.5616,33.5038,-2.0293,-2.0293,-2.0293,163.3333,185.8553
20251013,2344,華邦電,listed,40.35,43.8,40.35,43.0,399484526.0,17057755380.0,,data/daily_price/20251013.csv,41.83,33.7975,23.4017,20.5713,33.4171,-1.0357,19.4444,109.7561,132.4324,170.4403,397987818.55,1.0038,44.35,44.35,44.35,20.6,16.5,15.2,27.2283,83.7476,109.0296,28.6768,-3.044,-3.044,-3.044,160.6061,182.8947
20251014,2344,華邦電,listed,44.9,45.55,40.15,40.7,598421210.0,25505773372.0,,data/daily_price/20251014.csv,42.21,34.705,23.7725,20.7746,34.024,-5.3488,4.8969,80.4878,120.5962,149.6933,416546175.6,1.4366,45.55,45.55,45.55,23.7,16.5,15.2,17.2742,71.2062,95.9125,19.6215,-10.6476,-10.6476,-10.6476,146.6667,167.7632
20251016,2344,華邦電,listed,41.1,44.0,41.1,44.0,437429618.0,19028495936.0,,data/daily_price/20251016.csv,42.48,35.6775,24.2017,21.0117,34.8553,8.1081,3.1653,79.2261,141.0959,182.9582,426525694.2,1.0256,45.55,45.55,45.55,24.5,16.5,15.2,23.327,81.8057,109.4075,26.2361,-3.4029,-3.4029,-3.4029,166.6667,189.4737
20251020,2344,華邦電,listed,45.6,48.0,44.05,46.35,578807421.0,26476039502.0,,data/daily_price/20251020.csv,43.5,36.7475,24.6758,21.2696,35.8132,5.3409,12.3636,85.7715,158.9385,200.974,441208113.75,1.3119,48.0,48.0,48.0,24.7,16.5,15.25,26.131,87.8356,117.9168,29.4215,-3.4375,-3.4375,-3.4375,180.9091,203.9344
20251021,2344,華邦電,listed,45.7,45.75,44.6,44.6,77971629.0,3513569071.0,,data/daily_price/20251021.csv,43.73,37.7275,25.125,21.5088,36.5454,-3.7756,2.6467,78.4,152.6912,180.5031,429511473.0,0.1815,48.0,48.0,48.0,27.3,16.5,15.25,18.2162,77.5124,107.3575,22.0399,-7.0833,-7.0833,-7.0833,170.303,192.459
20251022,2344,華邦電,listed,43.7,45.45,43.7,45.45,55912233.0,2493420205.0,,data/daily_price/20251022.csv,44.22,38.53,25.5842,21.7596,37.2875,1.9058,5.6977,54.5918,153.9106,196.0912,410098062.4,0.1363,48.0,48.0,48.0,30.25,16.5,15.25,17.96,77.6489,108.8735,21.8908,-5.3125,-5.3125,-5.3125,175.4545,198.0328
20251023,2344,華邦電,listed,44.95,46.5,44.7,46.3,45232386.0,2076401905.0,,data/daily_price/20251023.csv,45.34,39.23,26.0617,22.0171,38.0385,1.8702,13.7592,43.3437,162.3229,200.6494,390031576.05,0.116,48.0,48.0,48.0,31.2,16.5,15.25,18.0219,77.6556,110.2913,21.7187,-3.5417,-3.5417,-3.5417,180.6061,203.6066
20251027,2344,華邦電,listed,50.9,50.9,50.2,50.9,85726404.0,4347507686.0,,data/daily_price/20251027.csv,46.72,40.1,26.62,22.3112,39.1103,9.9352,15.6818,51.9403,192.5287,226.2821,365225128.85,0.2347,50.9,50.9,50.9,31.2,16.5,15.25,26.9327,91.2096,128.136,30.1447,0.0,0.0,0.0,208.4848,233.7705
20251028,2344,華邦電,listed,50.9,54.5,50.9,54.0,98212499.0,5201218600.0,,data/daily_price/20251028.csv,48.25,41.0875,27.2342,22.6329,40.3511,6.0904,16.5049,57.6642,214.8688,250.6494,351188812.65,0.2797,54.5,54.5,54.5,31.2,16.5,15.25,31.4268,98.2803,138.5905,33.8253,-0.9174,-0.9174,-0.9174,227.2727,254.0984
20251029,2344,華邦電,listed,54.4,54.5,51.9,54.0,70726750.0,3805166699.0,,data/daily_price/20251029.csv,50.13,41.965,27.8408,22.9512,41.4885,0.0,21.0762,48.1481,206.8182,241.7722,328004461.75,0.2156,54.5,54.5,54.5,31.2,16.5,15.25,28.6787,93.9597,135.2813,30.1565,-0.9174,-0.9174,-0.9174,227.2727,254.0984
20251030,2344,華邦電,listed,55.7,57.0,53.4,55.2,74032183.0,4096659139.0,,data/daily_price/20251030.csv,52.08,42.965,28.4717,23.2804,42.6312,2.2222,21.4521,56.8182,218.1556,251.5924,311729803.45,0.2375,57.0,57.0,57.0,31.2,16.5,15.25,28.4767,93.877,137.1092,29.4828,-3.1579,-3.1579,-3.1579,234.5455,261.9672
20251031,2344,華邦電,listed,55.2,55.2,53.5,54.2,57761731.0,3132185778.0,,data/daily_price/20251031.csv,53.66,44.005,29.0842,23.5992,43.5952,-1.8116,17.0626,62.2754,210.6017,239.8119,291965104.7,0.1978,57.0,57.0,57.0,31.2,16.5,15.25,23.1678,86.3557,129.6691,24.3255,-4.9123,-4.9123,-4.9123,228.4848,255.4098
20251103,2344,華邦電,TWSE,55.5,57.5,55.1,56.6,68487857.0,,,data/daily_price/20251103.csv,54.8,45.265,29.7358,23.9396,44.679,4.428,11.1984,80.2548,223.4286,259.3651,279792278.25,0.2448,57.5,57.5,57.5,32.95,16.5,15.25,25.0414,90.3427,136.4285,26.6816,-1.5652,-1.5652,-1.5652,243.0303,271.1475
20251104,2344,華邦電,TWSE,56.8,56.8,53.0,53.3,41115669.0,,,data/daily_price/20251104.csv,54.66,46.2275,30.3342,24.2508,45.3974,-5.8304,-1.2963,56.5345,206.3218,234.1693,267774079.55,0.1535,57.5,57.5,57.5,33.2,16.5,15.25,15.2993,75.7095,119.7863,17.4077,-7.3043,-7.3043,-7.3043,223.0303,249.5082
20251105,2344,華邦電,TWSE,48.6,56.0,48.6,56.0,47931403.0,,,data/daily_price/20251105.csv,55.06,47.3375,30.97,24.5888,46.2809,5.0657,3.7037,65.6805,213.7255,262.4595,253489659.9,0.1891,57.5,57.5,57.5,35.05,16.5,15.25,18.2994,80.8201,127.7464,21.0002,-2.6087,-2.6087,-2.6087,239.3939,267.2131
20251106,2344,華邦電,TWSE,58.6,59.0,58.0,59.0,40871416.0,,,data/daily_price/20251106.csv,55.82,48.4875,31.6642,24.9496,47.3408,5.3571,6.8841,63.8889,240.0576,275.7962,232212043.45,0.176,59.0,59.0,59.0,35.35,16.5,15.4,21.6808,86.3305,136.4769,24.6281,0.0,0.0,0.0,257.5758,283.1169
20251107,2344,華邦電,TWSE,58.5,59.2,57.6,58.1,22850042.0,,,data/daily_price/20251107.csv,56.6,49.4525,32.3392,25.3042,48.2374,-1.5254,7.1956,49.7423,230.1136,273.6334,204390218.7,0.1118,59.2,59.2,59.2,39.35,16.5,15.4,17.4865,79.6583,129.6065,20.4458,-1.8581,-1.8581,-1.8581,252.1212,277.2727
20251110,2344,華邦電,TWSE,61.4,63.9,60.8,63.9,32006484.0,,,data/daily_price/20251110.csv,58.06,50.515,33.115,25.7067,49.5427,9.9828,12.8975,49.8242,268.2997,309.6154,192354060.75,0.1664,63.9,63.9,63.9,39.35,16.5,15.4,26.4971,92.9639,148.5737,28.9798,0.0,0.0,0.0,287.2727,314.9351
20251111,2344,華邦電,TWSE,64.9,66.1,64.5,64.5,43521354.0,,,data/daily_price/20251111.csv,60.3,51.6775,33.8967,26.1146,50.7891,0.939,21.0131,56.3636,266.4773,314.791,171159337.6,0.2543,66.1,66.1,66.1,40.15,16.5,15.75,24.8125,90.2842,146.9884,26.9957,-2.4206,-2.4206,-2.4206,290.9091,309.5238
20251112,2344,華邦電,TWSE,63.1,65.9,63.0,64.8,23237650.0,,,data/daily_price/20251112.csv,62.06,52.745,34.6925,26.5167,51.9567,0.4651,15.7143,49.1369,280.0587,291.5408,144987023.25,0.1603,66.1,66.1,66.1,40.15,16.5,16.5,22.8552,86.7839,144.3746,24.7193,-1.9667,-1.9667,-1.9667,292.7273,292.7273
20251113,2344,華邦電,TWSE,66.0,69.1,61.7,64.2,32553424.0,,,data/daily_price/20251113.csv,63.1,53.805,35.4875,26.9025,52.977,-0.9259,8.8136,49.3023,289.0909,258.6592,126640468.15,0.2571,69.1,69.1,69.1,40.15,16.75,16.5,19.3198,80.9088,138.6395,21.1848,-7.0912,-7.0912,-7.0912,283.2836,289.0909
20251114,2344,華邦電,TWSE,60.0,62.2,59.1,60.3,34688969.0,,,data/daily_price/20251114.csv,63.54,54.785,36.2017,27.2538,53.5872,-6.0748,3.7866,48.1572,245.5587,232.2314,98453856.1,0.3523,69.1,69.1,69.1,41.1,17.35,16.5,10.0666,66.5669,121.254,12.5269,-12.7352,-12.7352,-12.7352,247.5504,265.4545
20251117,2344,華邦電,TWSE,66.3,66.3,65.1,66.2,45241959.0,,,data/daily_price/20251117.csv,64.0,55.895,37.015,27.6546,54.6383,9.7844,3.5994,50.4545,280.4598,265.7459,78844473.15,0.5738,69.1,69.1,69.1,43.7,17.7,16.5,18.4364,78.8464,139.3817,21.1605,-4.1968,-4.1968,-4.1968,274.0113,301.2121
20251118,2344,華邦電,TWSE,66.5,66.7,59.6,61.4,466709594.0,,,data/daily_price/20251118.csv,63.38,56.6475,37.7308,28.0167,55.2018,-7.2508,-4.8062,32.4703,232.7913,242.0613,73239581.8,6.3724,69.1,69.1,69.1,43.7,17.75,16.5,8.3896,62.7316,119.1553,11.2284,-11.1433,-11.1433,-11.1433,245.9155,272.1212
20251119,2344,華邦電,TWSE,59.5,61.4,58.1,59.4,262846110.0,,,data/daily_price/20251119.csv,62.3,57.3875,38.4192,28.3638,55.5516,-3.2573,-8.3333,33.1839,228.1768,234.6479,82483305.85,3.1867,69.1,69.1,69.1,43.7,17.75,16.5,3.5069,54.6103,109.4222,6.9276,-14.0376,-14.0376,-14.0376,234.6479,260.0
20251120,2344,華邦電,TWSE,63.4,63.9,53.5,58.0,433182309.0,,,data/daily_price/20251120.csv,61.06,58.015,39.0858,28.6925,55.7556,-2.3569,-9.6573,27.6128,222.2222,212.6685,101346809.65,4.2743,69.1,69.1,69.1,44.7,17.75,16.5,-0.0259,48.3914,102.1434,4.0254,-16.0637,-16.0637,-16.0637,226.7606,251.5152
20251121,2344,華邦電,TWSE,52.2,53.2,52.2,52.2,153645404.0,,,data/daily_price/20251121.csv,59.44,58.31,39.6492,28.9788,55.4593,-10.0,-13.4328,12.743,183.6957,192.437,106767460.55,1.4391,69.1,69.1,69.1,48.6,17.95,16.5,-10.4785,31.6547,80.132,-5.877,-24.4573,-24.4573,-24.4573,190.8078,216.3636
20251124,2344,華邦電,TWSE,53.0,55.5,52.3,54.6,233767269.0,,,data/daily_price/20251124.csv,57.12,58.495,40.2408,29.2858,55.3877,4.5977,-17.5227,7.2692,185.8639,207.6056,114169503.8,2.0475,69.1,69.1,69.1,48.6,17.95,16.5,-6.6587,35.6831,86.4383,-1.4222,-20.9841,-20.9841,-20.9841,204.1783,230.9091
20251125,2344,華邦電,TWSE,59.1,59.4,55.9,57.5,219802494.0,,,data/daily_price/20251125.csv,56.34,58.67,40.8892,29.6196,55.5637,5.3114,-6.3518,6.4815,209.1398,229.5129,120249003.55,1.8279,69.1,69.1,69.1,48.6,17.95,16.5,-1.9942,40.624,94.1283,3.4847,-16.7873,-16.7873,-16.7873,220.3343,248.4848
20251126,2344,華邦電,TWSE,57.0,57.8,52.7,53.6,194948799.0,,,data/daily_price/20251126.csv,55.18,58.65,41.4825,29.9217,55.4001,-6.7826,-9.7643,-0.7407,197.7778,208.9337,126460106.0,1.5416,69.1,69.1,69.1,48.6,18.05,16.5,-8.6104,29.2111,79.1344,-3.2493,-22.4313,-22.4313,-22.4313,196.9529,224.8485
20251127,2344,華邦電,TWSE,55.2,57.0,54.7,56.9,161180525.0,,,data/daily_price/20251127.csv,54.96,58.735,42.1242,30.2508,55.5251,6.1567,-1.8966,3.0797,209.2391,227.0115,130817523.1,1.2321,69.1,69.1,69.1,48.6,18.05,16.5,-3.1242,35.0769,88.094,2.4762,-17.6556,-17.6556,-17.6556,215.2355,244.8485
20251128,2344,華邦電,TWSE,57.3,59.5,55.8,58.0,184303003.0,,,data/daily_price/20251128.csv,56.12,58.925,42.7875,30.5867,55.7313,1.9332,11.1111,7.0111,218.6813,227.6836,137144586.7,1.3439,69.1,69.1,69.1,48.6,18.3,16.5,-1.5698,35.5536,89.6251,4.0707,-16.0637,-16.0637,-16.0637,216.9399,251.5152
20251201,2344,華邦電,TWSE,57.9,59.0,56.3,57.6,113248893.0,,,data/daily_price/20251201.csv,56.72,58.975,43.4408,30.9258,55.8871,-0.6897,5.4945,1.7668,213.0435,240.8284,139382638.5,0.8125,69.1,69.1,69.1,48.6,18.3,16.5,-2.3315,32.5941,86.2521,3.065,-16.6425,-16.6425,-16.6425,214.7541,249.0909
20251202,2344,華邦電,TWSE,58.9,58.9,56.1,56.6,116743624.0,,,data/daily_price/20251202.csv,56.54,59.14,44.0717,31.2583,55.9465,-1.7361,-1.5652,6.1914,201.8667,238.9222,143164036.25,0.8155,69.1,69.1,69.1,48.6,19.0,16.5,-4.2949,28.4272,81.0717,1.1681,-18.0897,-18.0897,-18.0897,197.8947,243.0303
20251203,2344,華邦電,TWSE,57.3,58.5,55.5,55.8,142553494.0,,,data/daily_price/20251203.csv,56.98,59.13,44.6717,31.5762,55.9343,-1.4134,4.1045,-0.3571,181.8182,216.1473,147895140.8,0.9639,69.1,69.1,69.1,52.2,19.6,16.5,-5.6317,24.9114,76.7151,-0.24,-19.2475,-19.2475,-19.2475,184.6939,238.1818
20251204,2344,華邦電,TWSE,55.0,58.9,53.7,57.8,244918744.0,,,data/daily_price/20251204.csv,57.16,59.07,45.3083,31.9071,56.0897,3.5842,1.5817,-2.0339,194.898,219.337,158097507.2,1.5492,69.1,69.1,69.1,52.2,19.6,16.5,-2.15,27.5704,81.151,3.0491,-16.3531,-16.3531,-16.3531,194.898,250.303
20251205,2344,華邦電,TWSE,58.1,62.8,56.4,61.8,343693196.0,,,data/daily_price/20251205.csv,57.92,59.255,46.01,32.2692,56.5656,6.9204,6.5517,6.3683,213.7056,236.7847,174139664.9,1.9737,69.1,69.1,69.1,52.2,19.6,16.5,4.295,34.3186,91.5141,9.2537,-10.5644,-10.5644,-10.5644,215.3061,274.5455
20251208,2344,華邦電,TWSE,63.5,67.9,63.5,67.9,312825078.0,,,data/daily_price/20251208.csv,59.98,59.455,46.8033,32.6817,57.5101,9.8706,17.8819,6.2598,234.4828,269.0217,188180594.6,1.6624,69.1,69.1,69.1,52.2,19.8,16.5,14.204,45.0751,107.7617,18.0662,-1.7366,-1.7366,-1.7366,242.9293,311.5152
20251209,2344,華邦電,TWSE,71.0,71.6,66.9,71.3,595084386.0,,,data/daily_price/20251209.csv,62.92,59.795,47.6592,33.1192,58.6593,5.0074,25.9717,10.5426,257.3935,279.2553,215758746.2,2.7581,71.6,71.6,71.6,52.2,19.9,16.5,19.2407,49.604,115.2832,21.5494,-0.419,-0.419,-0.419,258.2915,332.1212
20251210,2344,華邦電,TWSE,71.0,73.4,67.3,67.5,408320544.0,,,data/daily_price/20251210.csv,65.26,59.93,48.4492,33.525,59.396,-5.3296,20.9677,4.1667,235.8209,259.0426,235012890.9,1.7374,73.4,73.4,73.4,52.2,20.3,16.5,12.6314,39.3213,101.3423,13.644,-8.0381,-8.0381,-8.0381,232.5123,309.0909
20251211,2344,華邦電,TWSE,69.6,70.5,67.5,68.4,288345883.0,,,data/daily_price/20251211.csv,67.38,60.14,49.2475,33.9383,60.1463,1.3333,18.3391,6.5421,233.6585,263.8298,247802513.85,1.1636,73.4,73.4,73.4,52.2,20.6,16.5,13.7346,38.8903,101.542,13.7226,-6.812,-6.812,-6.812,232.0388,314.5455
20251212,2344,華邦電,TWSE,69.2,75.2,68.5,74.6,543798403.0,,,data/daily_price/20251212.csv,69.94,60.855,50.115,34.4062,61.3508,9.0643,20.712,23.7148,230.8204,304.336,273257985.55,1.9901,75.2,75.2,75.2,52.2,23.7,16.5,22.5865,48.8576,116.8211,21.5958,-0.7979,-0.7979,-0.7979,214.7679,352.1212
20251215,2344,華邦電,TWSE,72.0,72.8,69.0,71.1,427984064.0,,,data/daily_price/20251215.csv,70.58,61.1,50.8908,34.8454,62.1632,-4.6917,4.7128,7.4018,189.613,286.413,292395090.8,1.4637,75.2,75.2,75.2,52.2,24.5,16.5,16.3666,39.7108,104.0441,14.3763,-5.4521,-5.4521,-5.4521,190.2041,330.9091
20251216,2344,華邦電,TWSE,70.0,71.9,68.8,70.6,347382553.0,,,data/daily_price/20251216.csv,70.44,61.56,51.6517,35.2775,62.8663,-0.7032,-0.9818,14.9837,182.9659,276.5333,286428738.75,1.2128,75.2,75.2,75.2,52.2,24.7,16.5,14.6849,36.6848,100.1276,12.3018,-6.117,-6.117,-6.117,185.83,327.8788
20251217,2344,華邦電,TWSE,71.3,74.4,70.2,73.9,454004106.0,,,data/daily_price/20251217.csv,71.72,62.285,52.4667,35.7296,63.7858,4.6742,9.4815,24.4108,195.6,276.0814,295986638.55,1.5339,75.2,75.2,75.2,52.2,27.3,16.5,18.6481,40.8513,106.8314,15.8565,-1.7287,-1.7287,-1.7287,170.696,347.8788
20251218,2344,華邦電,TWSE,75.0,77.8,73.9,74.5,531280423.0,,,data/daily_price/20251218.csv,72.94,63.11,53.2183,36.1871,64.6786,0.8119,8.9181,28.4483,153.4014,280.102,300891544.25,1.7657,77.8,77.8,77.8,52.2,30.25,16.5,18.0479,39.9894,105.8746,15.1849,-4.2416,-4.2416,-4.2416,146.281,351.5152
20251219,2344,華邦電,TWSE,76.9,77.5,71.2,71.3,495025660.0,,,data/daily_price/20251219.csv,72.28,64.065,53.8683,36.6233,65.2304,-4.2953,-4.4236,36.59,120.743,276.2533,317960557.05,1.5569,77.8,77.8,77.8,52.3,31.2,16.5,11.2932,32.3598,94.6846,9.3048,-8.3548,-8.3548,-8.3548,128.5256,332.1212
20251222,2344,華邦電,TWSE,73.9,75.0,72.8,73.1,238544600.0,,,data/daily_price/20251222.csv,72.68,64.99,54.5283,37.0692,65.8862,2.5245,2.8129,33.8828,118.209,272.9592,318199423.6,0.7497,77.8,77.8,77.8,52.7,31.2,16.5,12.4788,34.0587,97.1989,10.9489,-6.0411,-6.0411,-6.0411,134.2949,343.0303
20251223,2344,華邦電,TWSE,74.0,74.4,72.4,73.0,155196257.0,,,data/daily_price/20251223.csv,73.16,65.765,55.1742,37.5104,66.479,-0.1368,3.3994,26.9565,113.1387,264.0898,314969111.75,0.4927,77.8,77.8,77.8,52.7,31.2,16.5,11.0013,32.3083,94.6126,9.8091,-6.1697,-6.1697,-6.1697,133.9744,342.4242
20251224,2344,華邦電,TWSE,73.6,77.2,72.5,76.9,321347803.0,,,data/daily_price/20251224.csv,73.76,66.93,55.8483,37.9825,67.3474,5.3425,4.0595,43.4701,110.9739,279.7531,321289061.95,1.0002,77.8,77.8,77.8,53.7,31.2,16.5,14.8962,37.6944,102.4617,14.184,-1.1568,-1.1568,-1.1568,146.4744,366.0606
20251226,2344,華邦電,TWSE,78.0,79.1,76.0,76.5,274963547.0,,,data/daily_price/20251226.csv,74.16,67.91,56.5367,38.4462,68.1102,-0.5202,2.6846,34.4464,117.3295,266.9065,326978213.05,0.8409,79.1,79.1,79.1,53.7,31.2,16.5,12.6491,35.3104,98.9791,12.318,-3.287,-3.287,-3.287,145.1923,363.6364
20251229,2344,華邦電,TWSE,76.9,77.9,75.6,76.9,166636334.0,,,data/daily_price/20251229.csv,75.28,68.855,57.2617,38.9108,68.8426,0.5229,7.8541,32.5862,130.2395,263.5934,326094879.6,0.511,79.1,79.1,79.1,53.7,31.2,16.5,11.684,34.2958,97.6313,11.704,-2.7813,-2.7813,-2.7813,146.4744,366.0606
20251230,2344,華邦電,TWSE,77.2,84.4,77.2,83.7,405326803.0,,,data/daily_price/20251230.csv,77.4,70.16,58.1333,39.4404,70.0808,8.8427,14.5007,45.3125,166.5605,315.3846,340698775.1,1.1897,84.4,84.4,84.4,53.7,32.95,16.5,19.2987,43.9794,112.2189,19.4336,-0.8294,-0.8294,-0.8294,154.0212,407.2727
20251231,2344,華邦電,TWSE,84.1,86.5,82.2,82.6,340682906.0,,,data/daily_price/20251231.csv,79.32,71.46,58.9425,39.9633,71.124,-1.3142,13.1507,45.9364,142.5844,316.1209,351895739.2,0.9681,86.5,86.5,86.5,53.7,33.2,16.5,15.5891,40.1366,106.6895,16.1352,-4.5087,-4.5087,-4.5087,148.7952,400.6061
20260102,2344,華邦電,TWSE,83.1,90.8,82.1,90.8,414793767.0,,,data/daily_price/20260102.csv,82.1,73.21,59.8925,40.5571,72.7637,9.9274,18.0754,62.724,168.6391,364.4501,365507752.85,1.1348,90.8,90.8,90.8,53.7,35.05,16.5,24.0268,51.605,123.882,24.7875,0.0,0.0,0.0,159.0585,450.303
20260105,2344,華邦電,TWSE,95.0,96.8,91.6,95.5,435516103.0,,,data/daily_price/20260105.csv,85.9,75.095,60.8842,41.1883,74.6584,5.1762,24.8366,65.2249,165.2778,383.5443,375037620.8,1.1613,96.8,96.8,96.8,56.4,35.35,16.5,27.1722,56.8552,131.8618,27.916,-1.343,-1.343,-1.343,170.1556,478.7879
20260106,2344,華邦電,TWSE,95.8,104.5,95.0,104.0,403567044.0,,,data/daily_price/20260106.csv,91.32,77.205,61.9708,41.8954,77.1035,8.9005,35.2406,68.2848,168.0412,443.0809,378031313.2,1.0675,104.5,104.5,104.5,63.5,39.35,16.5,34.7063,67.8209,148.2372,34.8836,-0.4785,-0.4785,-0.4785,164.2948,530.303
20260107,2344,華邦電,TWSE,109.0,110.5,104.5,106.5,351786974.0,,,data/daily_price/20260107.csv,95.88,79.135,63.035,42.6237,79.5532,2.4038,27.2401,56.8483,149.7069,457.5916,379979408.0,0.9258,110.5,110.5,110.5,66.9,39.35,16.5,34.5801,68.9538,149.8607,33.8726,-3.6199,-3.6199,-3.6199,170.648,545.4545
20260108,2344,華邦電,TWSE,105.5,109.5,104.0,108.5,200419065.0,,,data/daily_price/20260108.csv,101.06,80.995,64.1558,43.3704,81.9655,1.8779,31.3559,52.1739,163.0303,474.0741,360246141.95,0.5563,110.5,110.5,110.5,67.3,40.15,16.5,33.9589,69.1195,150.1705,32.3728,-1.81,-1.81,-1.81,170.2366,557.5758
20260109,2344,華邦電,TWSE,103.5,103.5,97.7,97.8,83406112.0,,,data/daily_price/20260109.csv,102.46,82.51,65.0617,44.0275,83.285,-9.8618,7.7093,44.8889,125.0863,416.095,344000420.35,0.2425,110.5,110.5,110.5,67.5,40.15,16.5,18.5311,50.3189,122.1339,17.4281,-11.4932,-11.4932,-11.4932,143.5866,492.7273
20260112,2344,華邦電,TWSE,98.1,102.5,96.5,102.0,56471038.0,,,data/daily_price/20260112.csv,103.76,84.19,66.045,44.7233,84.8446,4.2945,6.8063,49.1228,137.2093,451.3514,332406678.1,0.1699,110.5,110.5,110.5,68.5,40.15,16.5,21.1545,54.4402,128.0689,20.2198,-7.6923,-7.6923,-7.6923,154.0473,518.1818
20260113,2344,華邦電,TWSE,104.5,104.5,98.5,99.8,42978779.0,,,data/daily_price/20260113.csv,102.92,85.45,67.03,45.4013,86.0909,-2.1569,-4.0385,33.7802,145.2088,440.9214,307365696.9,0.1398,110.5,110.5,110.5,68.8,41.1,16.5,16.7934,48.8886,119.8177,15.924,-9.6833,-9.6833,-9.6833,142.8224,504.8485
20260114,2344,華邦電,TWSE,99.0,100.5,99.0,99.8,23626210.0,,,data/daily_price/20260114.csv,101.58,86.885,67.96,46.0808,87.2333,0.0,-6.2911,40.3657,126.8182,446.8493,287147804.2,0.0823,110.5,110.5,110.5,68.8,43.7,16.5,14.8645,46.8511,116.5759,14.4059,-9.6833,-9.6833,-9.6833,128.3753,504.8485
20260115,2344,華邦電,TWSE,99.8,100.0,99.1,99.2,22752094.0,,,data/daily_price/20260115.csv,99.72,88.315,68.8408,46.7583,88.2305,-0.6012,-8.5714,40.5099,114.0237,454.1899,270916281.25,0.084,110.5,110.5,110.5,70.2,43.7,16.5,12.3252,44.1005,112.1547,12.4327,-10.2262,-10.2262,-10.2262,127.0023,501.2121
20260116,2344,華邦電,TWSE,102.0,108.0,100.5,106.5,51171187.0,,,data/daily_price/20260116.csv,101.46,89.945,69.8725,47.4988,89.753,7.3589,8.8957,44.1137,138.7892,503.3994,250774635.3,0.2041,110.5,110.5,110.5,71.2,43.7,16.5,18.4057,52.4205,124.2164,18.659,-3.6199,-3.6199,-3.6199,143.7071,545.4545
20260119,2344,華邦電,TWSE,115.0,117.0,115.0,116.5,54995554.0,,,data/daily_price/20260119.csv,104.36,92.045,71.0567,48.3204,91.9819,9.3897,14.2157,56.3758,156.3256,550.838,226960391.85,0.2423,117.0,117.0,117.0,71.2,44.7,16.5,26.5685,63.9537,141.0989,26.6554,-0.4274,-0.4274,-0.4274,160.6264,606.0606
20260120,2344,華邦電,TWSE,105.5,114.5,105.5,113.0,52267677.0,,,data/daily_price/20260120.csv,107.0,94.13,72.1683,49.115,93.7334,-3.0043,13.2265,58.4853,144.0605,540.2266,204822492.7,0.2552,117.0,117.0,117.0,72.4,48.6,16.5,20.0467,56.5784,130.0723,20.5547,-3.4188,-3.4188,-3.4188,132.5103,584.8485
20260121,2344,華邦電,TWSE,112.0,112.0,103.0,105.5,65297844.0,,,data/daily_price/20260121.csv,108.14,95.75,73.0783,49.8492,94.714,-6.6372,5.7114,44.3228,107.2692,506.3218,196160154.9,0.3329,117.0,117.0,117.0,72.4,48.6,16.5,10.1828,44.3656,111.6384,11.388,-9.8291,-9.8291,-9.8291,117.0782,539.3939
20260122,2344,華邦電,TWSE,113.5,113.5,104.5,104.5,57616942.0,,,data/daily_price/20260122.csv,109.2,97.325,73.92,50.5771,95.5295,-0.9479,5.3427,43.1507,93.5185,509.3294,191281189.15,0.3012,117.0,117.0,117.0,72.5,48.6,16.5,7.3722,41.369,106.6153,9.3903,-10.6838,-10.6838,-10.6838,115.0206,533.3333
20260123,2344,華邦電,TWSE,107.0,107.0,99.4,103.0,49825240.0,,,data/daily_price/20260123.csv,108.5,98.63,74.7367,51.2888,96.152,-1.4354,-3.2864,33.9402,90.7407,485.2273,177705061.0,0.2804,117.0,117.0,117.0,75.6,48.6,16.5,4.4307,37.8172,100.8238,7.1221,-11.9658,-11.9658,-11.9658,111.9342,524.2424
20260126,2344,華邦電,TWSE,107.0,113.0,107.0,113.0,59539991.0,,,data/daily_price/20260126.csv,107.8,100.455,75.7,52.0858,97.556,9.7087,-3.0043,47.7124,104.7101,551.2968,166933883.2,0.3567,117.0,117.0,117.0,75.6,48.6,16.5,12.4882,49.2734,116.9496,15.8309,-3.4188,-3.4188,-3.4188,132.5103,584.8485
20260127,2344,華邦電,TWSE,113.5,120.5,110.0,115.5,280726529.0,,,data/daily_price/20260127.csv,108.3,102.385,76.7217,52.9029,99.0513,2.2124,2.2124,50.1951,113.0996,561.8911,172638392.95,1.6261,120.5,120.5,120.5,77.2,48.6,16.5,12.8095,50.5442,118.3244,16.6062,-4.1494,-4.1494,-4.1494,137.6543,600.0
20260128,2344,華邦電,TWSE,120.5,127.0,120.0,127.0,183205546.0,,,data/daily_price/20260128.csv,112.6,104.55,77.895,53.8154,101.3804,9.9567,20.3791,51.7324,124.3816,625.7143,161532330.1,1.1342,127.0,127.0,127.0,82.1,48.6,16.5,21.473,63.04,135.9919,25.2708,0.0,0.0,0.0,161.3169,669.697
20260129,2344,華邦電,TWSE,133.0,136.0,124.0,130.0,391188412.0,,,data/daily_price/20260129.csv,117.7,106.92,79.1733,54.7538,103.7654,2.3622,24.4019,57.385,143.9024,647.1264,164057605.4,2.3845,136.0,136.0,136.0,82.1,48.6,16.5,21.5862,64.1967,137.4267,25.2827,-4.4118,-4.4118,-4.4118,167.4897,687.8788
20260130,2344,華邦電,TWSE,132.5,136.0,128.5,128.5,250735126.0,,,data/daily_price/20260130.csv,122.8,108.805,80.3817,55.6758,105.8266,-1.1538,24.7573,41.5198,129.4643,619.888,155854673.35,1.6088,136.0,136.0,136.0,91.6,52.2,16.5,18.1012,59.8623,130.8003,21.4251,-5.5147,-5.5147,-5.5147,146.1686,678.7879
20260202,2344,華邦電,TWSE,121.5,122.5,116.0,116.0,166067918.0,,,data/daily_price/20260202.csv,123.4,109.83,81.3317,56.4979,106.6744,-9.7276,2.6549,21.466,96.6102,568.5879,142382264.1,1.1664,136.0,136.0,136.0,95.0,52.2,16.5,5.6178,42.6259,105.3173,8.7422,-14.7059,-14.7059,-14.7059,122.2222,603.0303
20260203,2344,華邦電,TWSE,123.5,123.5,104.5,105.5,450168931.0,,,data/daily_price/20260203.csv,121.4,109.905,82.1217,57.2304,106.5765,-9.0517,-8.658,1.4423,81.5835,499.4318,144712358.45,3.1108,136.0,136.0,136.0,96.5,52.2,16.5,-4.008,28.4679,84.3425,-1.0101,-22.4265,-22.4265,-22.4265,102.1073,539.3939
20260204,2344,華邦電,TWSE,105.0,111.5,104.5,108.5,210454359.0,,,data/daily_price/20260204.csv,117.7,110.005,82.865,57.99,106.7368,2.8436,-14.5669,1.8779,69.7966,525.3602,137645727.7,1.529,136.0,136.0,136.0,96.5,52.2,16.5,-1.3681,30.9359,87.1012,1.6519,-20.2206,-20.2206,-20.2206,107.8544,557.5758
20260205,2344,華邦電,TWSE,102.5,107.5,101.0,102.5,147383712.0,,,data/daily_price/20260205.csv,112.2,109.705,83.4983,58.6975,106.3837,-5.53,-21.1538,-5.53,58.9147,482.3864,134993960.05,1.0918,136.0,136.0,136.0,96.5,52.2,16.5,-6.5676,22.7569,74.6241,-3.6507,-24.6324,-24.6324,-24.6324,96.3602,521.2121
20260206,2344,華邦電,TWSE,100.0,102.0,95.0,97.8,234055621.0,,,data/daily_price/20260206.csv,106.06,109.705,84.0483,59.3704,105.6684,-4.5854,-23.8911,0.0,50.9259,473.607,142526435.5,1.6422,136.0,136.0,136.0,95.0,52.2,16.5,-10.8518,16.3616,64.7285,-7.4463,-28.0882,-28.0882,-28.0882,87.3563,492.7273
20260209,2344,華邦電,TWSE,106.0,107.5,101.0,107.5,155358413.0,,,data/daily_price/20260209.csv,104.36,109.98,84.77,60.1288,105.821,9.9182,-7.3276,5.3922,67.4455,551.5152,147470804.25,1.0535,136.0,136.0,136.0,95.0,52.2,16.75,-2.255,26.8137,78.783,1.5866,-20.9559,-20.9559,-20.9559,105.9387,541.791
20260210,2344,華邦電,TWSE,108.0,109.0,102.5,103.5,199667829.0,,,data/daily_price/20260210.csv,103.96,110.165,85.49,60.8458,105.6276,-3.7209,-1.8957,3.7074,71.6418,493.1232,155305256.75,1.2856,136.0,136.0,136.0,95.0,52.2,17.35,-6.05,21.0668,70.102,-2.0143,-23.8971,-23.8971,-23.8971,98.2759,496.5418
20260211,2344,華邦電,TWSE,101.5,109.0,101.5,105.5,203300198.0,,,data/daily_price/20260211.csv,103.36,110.45,86.145,61.58,105.617,1.9324,-2.765,5.7114,59.3656,506.3218,164288956.15,1.2375,136.0,136.0,136.0,95.0,52.2,17.7,-4.4817,22.4679,71.3219,-0.1108,-22.4265,-22.4265,-22.4265,102.1073,496.0452
20260223,2344,華邦電,TWSE,114.5,116.0,112.5,115.0,172618558.0,,,data/daily_price/20260223.csv,105.86,111.24,87.0383,62.3846,106.3989,9.0047,12.1951,15.9274,87.2964,523.3062,171782279.35,1.0049,136.0,136.0,136.0,95.0,52.2,17.75,3.3801,32.1257,84.3404,8.0838,-15.4412,-15.4412,-15.4412,120.3065,547.8873
20260224,2344,華邦電,TWSE,115.0,123.5,113.0,122.0,249188364.0,,,data/daily_price/20260224.csv,110.7,112.015,88.0817,63.2504,107.699,6.087,24.7444,14.554,105.3872,574.0331,181683138.2,1.3716,136.0,136.0,136.0,95.0,52.2,17.75,8.914,38.5078,92.8841,13.2787,-10.2941,-10.2941,-10.2941,133.7165,587.3239
20260225,2344,華邦電,TWSE,122.0,124.0,115.0,118.0,171060627.0,,,data/daily_price/20260225.csv,112.8,112.09,89.0817,64.0838,108.5574,-3.2787,9.7674,1.2876,103.4483,555.5556,187486391.85,0.9124,136.0,136.0,136.0,95.0,52.2,17.75,5.2725,32.4627,84.134,8.6982,-13.2353,-13.2353,-13.2353,126.0536,564.7887
20260226,2344,華邦電,TWSE,119.5,124.0,116.0,122.5,180884833.0,,,data/daily_price/20260226.csv,116.6,112.565,90.2533,64.9512,109.7193,3.8136,18.3575,8.4071,134.6743,565.7609,193917249.65,0.9328,136.0,136.0,136.0,95.0,52.3,17.95,8.826,35.7291,88.603,11.6485,-9.9265,-9.9265,-9.9265,134.2256,582.4513
20260302,2344,華邦電,TWSE,115.0,127.0,115.0,124.5,155981725.0,,,data/daily_price/20260302.csv,120.4,113.515,91.4183,65.8296,110.951,1.6327,18.0095,18.0095,128.022,551.8325,198451443.7,0.786,136.0,136.0,136.0,95.0,52.7,17.95,9.6771,36.1871,89.1247,12.2117,-8.4559,-8.4559,-8.4559,136.2429,593.5933
20260303,2344,華邦電,TWSE,125.0,125.0,112.5,112.5,191958703.0,,,data/daily_price/20260303.csv,119.9,113.915,92.335,66.6121,111.0801,-9.6386,-2.1739,7.6555,95.6522,504.8387,205168531.75,0.9356,136.0,136.0,136.0,95.0,52.7,17.95,-1.2422,21.839,68.8883,1.2783,-17.2794,-17.2794,-17.2794,113.4725,526.7409
20260304,2344,華邦電,TWSE,106.0,109.5,102.0,104.0,182140240.0,,,data/daily_price/20260304.csv,116.3,113.965,93.175,67.3288,110.4901,-7.5556,-14.7541,0.9709,94.0299,477.7778,211784281.75,0.86,136.0,136.0,136.0,95.0,53.7,18.05,-8.7439,11.6179,54.466,-5.8739,-23.5294,-23.5294,-23.5294,93.6685,476.1773
20260305,2344,華邦電,TWSE,113.5,114.0,109.0,112.0,165823126.0,,,data/daily_price/20260305.csv,115.1,113.915,94.0933,68.1088,110.6159,7.6923,-5.0847,-0.885,96.8366,508.6957,217098438.5,0.7638,136.0,136.0,136.0,95.0,53.7,18.05,-1.6811,19.0307,64.4429,1.2512,-17.6471,-17.6471,-17.6471,108.5661,520.4986
20260306,2344,華邦電,TWSE,110.0,113.0,105.5,106.5,122902263.0,,,data/daily_price/20260306.csv,111.9,113.465,94.9017,68.8446,110.2729,-4.9107,-13.0612,-7.7922,83.6207,485.1648,209207225.2,0.5875,136.0,136.0,136.0,95.0,53.7,18.3,-6.1385,12.2214,54.6963,-3.4214,-21.6912,-21.6912,-21.6912,98.324,481.9672
20260309,2344,華邦電,TWSE,95.9,101.0,95.9,101.0,168056845.0,,,data/daily_price/20260309.csv,107.2,112.165,95.625,69.5329,109.5002,-5.1643,-18.8755,-20.4724,75.3472,448.913,208449790.15,0.8062,136.0,136.0,136.0,95.0,53.7,18.3,-9.9541,5.6209,45.2549,-7.7627,-25.7353,-25.7353,-25.7353,88.0819,451.9126
20260310,2344,華邦電,TWSE,108.0,109.0,101.5,105.5,164291467.0,,,data/daily_price/20260310.csv,105.8,110.94,96.44,70.2558,109.1668,4.4554,-6.2222,-18.8462,86.3958,462.6667,197104942.9,0.8335,136.0,136.0,136.0,95.0,53.7,19.0,-4.9036,9.3944,50.1655,-3.3589,-22.4265,-22.4265,-22.4265,96.4618,455.2632
20260311,2344,華邦電,TWSE,109.0,115.0,107.5,114.0,182016851.0,,,data/daily_price/20260311.csv,107.8,110.215,97.41,71.0408,109.5696,8.0569,9.6154,-11.284,104.3011,475.7576,193669029.15,0.9398,127.0,136.0,136.0,95.0,53.7,19.6,3.4342,17.0311,60.4711,4.0435,-10.2362,-16.1765,-16.1765,112.2905,481.6327
20260312,2344,華邦電,TWSE,114.5,117.5,109.0,109.0,167667839.0,,,data/daily_price/20260312.csv,107.2,109.865,98.2633,71.7858,109.5221,-4.386,-2.6786,-6.0345,88.5813,456.1224,193749025.2,0.8654,127.0,136.0,136.0,95.0,56.4,19.6,-0.7873,10.9264,51.8405,-0.4767,-14.1732,-19.8529,-19.8529,93.2624,456.1224
20260313,2344,華邦電,TWSE,109.0,114.5,108.0,109.0,172609285.0,,,data/daily_price/20260313.csv,107.7,110.04,99.05,72.53,109.4786,0.0,2.3474,3.3175,76.3754,453.2995,179871042.9,0.9596,127.0,136.0,136.0,95.0,63.5,19.6,-0.9451,10.0454,50.2826,-0.4372,-14.1732,-19.8529,-19.8529,71.6535,456.1224
20260316,2344,華邦電,TWSE,113.5,118.0,113.0,117.0,201277340.0,,,data/daily_price/20260316.csv,110.9,110.465,99.8683,73.3358,110.1054,7.3394,15.8416,7.8341,72.3122,476.3547,179412191.95,1.1219,127.0,136.0,136.0,95.0,66.9,19.8,5.9159,17.1543,59.54,6.2618,-7.874,-13.9706,-13.9706,74.8879,490.9091
20260317,2344,華邦電,TWSE,121.5,126.0,119.5,123.5,236549367.0,,,data/daily_price/20260317.csv,114.5,111.515,100.7383,74.1988,111.2216,5.5556,17.0616,20.4878,73.2118,519.0476,183870474.7,1.2865,127.0,136.0,136.0,95.0,67.3,19.9,10.7474,22.5948,66.4449,11.0396,-2.7559,-9.1912,-9.1912,83.5067,520.603
20260318,2344,華邦電,TWSE,129.0,129.5,120.5,128.0,296360065.0,,,data/daily_price/20260318.csv,117.3,113.025,101.7467,75.0979,112.6198,3.6437,12.2807,30.8793,89.6296,536.8159,186985696.9,1.5849,129.5,136.0,136.0,95.9,67.5,20.3,13.2493,25.8026,70.4441,13.6567,-1.1583,-5.8824,-5.8824,89.6296,530.5419
20260319,2344,華邦電,TWSE,123.5,125.5,120.0,122.0,198121897.0,,,data/daily_price/20260319.csv,119.9,113.75,102.64,75.9438,113.4015,-4.6875,11.9266,13.4884,78.3626,495.122,189123871.1,1.0476,129.5,136.0,136.0,95.9,68.5,20.6,7.2527,18.862,60.6452,7.5824,-5.7915,-10.2941,-10.2941,78.1022,492.233
20260320,2344,華邦電,TWSE,124.0,124.5,110.0,110.0,338024724.0,,,data/daily_price/20260320.csv,120.1,114.075,103.23,76.6725,113.118,-9.8361,0.9174,6.2802,47.4531,387.8049,196041715.85,1.7242,129.5,136.0,136.0,95.9,68.8,23.7,-3.5722,6.5582,43.4673,-2.7564,-15.0579,-19.1176,-19.1176,59.8837,364.135
20260323,2344,華邦電,TWSE,103.5,109.5,103.5,107.5,148725825.0,,,data/daily_price/20260323.csv,118.2,114.175,103.8367,77.3638,112.6499,-2.2727,-8.1197,1.8957,51.1955,337.8819,193312997.2,0.7694,129.5,136.0,136.0,95.9,68.8,24.5,-5.8463,3.528,38.954,-4.5716,-16.9884,-20.9559,-20.9559,56.25,338.7755
20260324,2344,華邦電,TWSE,109.5,109.5,97.0,99.5,226815033.0,,,data/daily_price/20260324.csv,113.4,113.4,104.3183,77.985,111.554,-7.4419,-19.4332,-13.4783,40.9348,298.7976,196022820.95,1.1571,129.5,136.0,136.0,95.9,70.2,24.7,-12.2575,-4.6189,27.5886,-10.8056,-23.166,-26.8382,-26.8382,41.7379,302.834
20260325,2344,華邦電,TWSE,99.0,103.0,98.1,98.2,204010523.0,,,data/daily_price/20260325.csv,107.44,112.21,104.7233,78.595,110.4412,-1.3065,-23.2812,-19.5082,32.8823,292.8,193763928.9,1.0529,129.5,136.0,136.0,95.9,71.2,27.3,-12.4855,-6.2291,24.9443,-11.0839,-24.1699,-27.7941,-27.7941,37.9213,259.707
20260326,2344,華邦電,TWSE,100.0,104.5,96.0,96.0,190169312.0,,,data/daily_price/20260326.csv,102.24,111.11,105.0817,79.15,109.2378,-2.2403,-21.3115,-18.6441,28.8591,226.5306,194719363.15,0.9766,129.5,136.0,136.0,95.9,71.2,30.25,-13.5991,-8.6425,21.2887,-12.1183,-25.8687,-29.4118,-29.4118,34.8315,217.3554
20260327,2344,華邦電,TWSE,90.2,92.4,87.2,92.4,159719227.0,,,data/daily_price/20260327.csv,98.72,109.605,105.4333,79.6508,107.8346,-3.75,-16.0,-24.5714,29.5933,186.0681,193661082.85,0.8247,129.5,136.0,136.0,87.2,72.4,31.2,-15.6973,-12.3617,16.0063,-14.3132,-28.6486,-32.0588,-32.0588,27.6243,196.1538
20260330,2344,華邦電,TWSE,91.2,96.8,90.6,93.0,152254475.0,,,data/daily_price/20260330.csv,95.82,108.03,105.765,80.1467,106.5984,0.6494,-13.4884,-25.3012,27.223,177.6119,193474720.35,0.7869,129.5,136.0,136.0,87.2,72.4,31.2,-13.9128,-12.0692,16.0373,-12.7567,-28.1853,-31.6176,-31.6176,28.453,198.0769
20260331,2344,華邦電,TWSE,88.0,95.5,85.2,90.2,248002672.0,,,data/daily_price/20260331.csv,93.96,106.915,106.0517,80.6129,105.2319,-3.0108,-9.3467,-19.8222,23.5616,163.3577,196276918.8,1.2635,129.5,136.0,136.0,85.2,72.5,31.2,-15.6339,-14.9471,11.8927,-14.2845,-30.3475,-33.6765,-33.6765,24.4138,189.1026
20260401,2344,華邦電,TWSE,97.1,97.2,91.3,93.1,205567931.0,,,data/daily_price/20260401.csv,92.94,106.37,106.3217,81.085,104.2209,3.2151,-5.1935,-10.4808,21.0663,155.4184,197448303.35,1.0411,129.5,136.0,136.0,85.2,75.6,31.2,-12.4753,-12.4355,14.8178,-10.6705,-28.1081,-31.5441,-31.5441,23.1481,198.3974
20260402,2344,華邦電,TWSE,96.0,97.6,91.8,91.8,183485734.0,,,data/daily_price/20260402.csv,92.1,105.36,106.5767,81.5567,103.1858,-1.3963,-4.375,-18.0357,20.0,160.7955,198331433.75,0.9251,129.5,136.0,136.0,85.2,75.6,31.2,-12.8702,-13.8648,12.5598,-11.0343,-29.112,-32.5,-32.5,21.4286,194.2308
20260407,2344,華邦電,TWSE,95.0,95.8,89.1,89.4,169816458.0,,,data/daily_price/20260407.csv,91.5,104.505,106.785,82.0233,102.037,-2.6144,-3.2468,-16.0563,16.2549,167.6647,200677143.5,0.8462,129.5,136.0,136.0,85.2,77.2,31.2,-14.4539,-16.2804,8.9934,-12.3847,-30.9653,-34.2647,-34.2647,15.8031,186.5385
20260408,2344,華邦電,TWSE,93.1,95.8,92.2,95.6,171450402.0,,,data/daily_price/20260408.csv,92.02,104.235,106.9833,82.5583,101.5006,6.9351,2.7957,-5.3465,14.2174,204.4586,200846821.35,0.8536,129.5,136.0,136.0,85.2,82.1,32.95,-8.2842,-10.6403,15.7969,-5.8133,-26.1776,-29.7059,-29.7059,16.4434,190.1366
20260409,2344,華邦電,TWSE,96.0,96.2,90.3,91.0,135311587.0,,,data/daily_price/20260409.csv,92.18,103.51,107.1233,83.0329,100.6255,-4.8117,0.8869,-13.7441,10.1695,167.254,199397827.35,0.6786,129.5,136.0,136.0,85.2,82.1,33.2,-12.0858,-15.0512,9.5951,-9.5657,-29.7297,-33.0882,-33.0882,10.8404,174.0964
20260410,2344,華邦電,TWSE,93.0,97.5,92.3,93.5,166460245.0,,,data/daily_price/20260410.csv,92.26,102.485,107.1683,83.5304,100.0317,2.7473,0.4296,-17.9825,2.9736,176.6272,198619997.05,0.8381,129.5,136.0,136.0,85.2,85.2,35.05,-8.7671,-12.7541,11.9353,-6.5297,-27.7992,-31.25,-31.25,9.7418,166.7618
20260413,2344,華邦電,TWSE,93.8,95.2,91.5,94.4,95826273.0,,,data/daily_price/20260413.csv,92.78,101.755,107.15,84.0171,99.5624,0.9626,2.8322,-13.3945,-1.1518,162.2222,195027918.75,0.4913,129.5,136.0,136.0,85.2,85.2,35.35,-7.2281,-11.8992,12.3581,-5.1851,-27.1042,-30.5882,-30.5882,10.7981,167.0438
20260414,2344,華邦電,TWSE,96.8,98.0,93.5,93.5,167859423.0,,,data/daily_price/20260414.csv,93.6,100.98,106.975,84.4729,99.0572,-0.9534,4.5861,-14.2202,-10.0962,140.9794,194790425.65,0.8617,129.5,136.0,136.0,85.2,85.2,39.35,-7.4074,-12.5964,10.6864,-5.6101,-27.7992,-31.25,-31.25,9.7418,137.6112
20260415,2344,華邦電,TWSE,95.6,96.6,90.1,90.2,128417146.0,,,data/daily_price/20260415.csv,92.52,99.64,106.7033,84.8692,98.3191,-3.5294,-5.6485,-22.906,-15.3052,111.4889,191147415.95,0.6718,129.5,136.0,136.0,85.2,85.2,39.35,-9.4741,-15.4666,6.2812,-8.2579,-30.3475,-33.6765,-33.6765,5.8685,129.2249
20260416,2344,華邦電,TWSE,90.6,90.9,88.3,89.6,112136484.0,,,data/daily_price/20260416.csv,92.24,97.945,106.3883,85.2721,97.5925,-0.6652,-1.5385,-27.4494,-17.4194,117.2121,184926771.8,0.6064,129.5,136.0,136.0,85.2,85.2,40.15,-8.5201,-15.7802,5.0754,-8.1897,-30.8108,-34.1176,-34.1176,5.1643,123.1631
20260417,2344,華邦電,TWSE,90.0,90.7,86.8,87.8,121007219.0,,,data/daily_price/20260417.csv,91.1,95.935,106.2217,85.6417,96.7765,-2.0089,-6.0963,-31.4063,-10.2249,102.0713,176159129.5,0.6869,125.5,136.0,136.0,85.2,85.2,40.15,-8.4797,-17.3427,2.5202,-9.2755,-30.0398,-35.4412,-35.4412,3.0516,118.68
20260420,2344,華邦電,TWSE,87.5,88.4,83.8,85.7,164660840.0,,,data/daily_price/20260420.csv,89.36,94.12,105.95,85.9975,95.8534,-2.3918,-9.2161,-29.7541,-15.9804,99.3023,174486076.65,0.9437,124.5,136.0,136.0,83.8,83.8,40.15,-8.946,-19.1128,-0.3459,-10.5927,-31.1647,-36.9853,-36.9853,2.2673,113.4496
20260421,2344,華邦電,TWSE,88.1,92.8,88.0,91.1,185988550.0,,,data/daily_price/20260421.csv,88.88,93.175,105.805,86.4175,95.4573,6.3011,-2.5668,-17.1818,-8.7174,123.8329,166884267.95,1.1145,109.5,136.0,136.0,83.8,83.8,41.1,-2.227,-13.8982,5.4185,-4.5647,-16.8037,-33.0147,-33.0147,8.7112,121.6545
20260422,2344,華邦電,TWSE,91.5,91.5,88.9,90.6,94692275.0,,,data/daily_price/20260422.csv,88.96,92.33,105.6517,86.8058,95.0525,-0.5488,0.4435,-15.7209,-9.2184,105.9091,164182590.45,0.5767,109.5,136.0,136.0,83.8,83.8,43.7,-1.8737,-14.2465,4.3709,-4.6843,-17.2603,-33.3824,-33.3824,8.1146,107.3227
20260423,2344,華邦電,TWSE,93.0,93.4,84.3,87.8,171220047.0,,,data/daily_price/20260423.csv,88.6,91.745,105.4617,87.1512,94.4482,-3.0905,-2.0089,-11.7588,-11.4919,89.4283,161402841.15,1.0608,104.5,136.0,136.0,83.8,83.8,43.7,-4.3,-16.747,0.7444,-7.039,-15.9809,-35.4412,-35.4412,4.7733,100.9153
20260424,2344,華邦電,TWSE,88.6,88.9,84.0,88.2,122540288.0,,,data/daily_price/20260424.csv,88.68,91.245,105.1567,87.5146,93.9275,0.4556,0.4556,-10.1833,-17.1831,97.7578,157329329.4,0.7789,104.5,136.0,136.0,83.8,83.8,43.7,-3.3372,-16.1251,0.7832,-6.0978,-15.5981,-35.1471,-35.1471,5.2506,101.8307
20260427,2344,華邦電,TWSE,89.8,95.6,89.1,93.9,270349710.0,,,data/daily_price/20260427.csv,90.32,91.14,104.78,87.9183,93.9252,6.4626,9.5683,-2.1875,-19.3991,106.6007,161338349.3,1.6757,98.0,136.0,136.0,83.8,83.8,44.7,3.0283,-10.3837,6.8037,-0.0268,-4.1837,-30.9559,-30.9559,12.0525,110.0671
20260428,2344,華邦電,TWSE,95.3,96.9,93.5,95.5,219580752.0,,,data/daily_price/20260428.csv,91.2,91.295,104.4883,88.3283,94.0564,1.7039,4.8299,3.355,-15.4867,106.2635,164331425.55,1.3362,98.0,136.0,136.0,83.8,83.8,48.6,4.6059,-8.6022,8.1193,1.5348,-2.551,-29.7794,-29.7794,13.9618,96.5021
20260429,2344,華邦電,TWSE,94.5,96.0,92.1,92.7,129993397.0,,,data/daily_price/20260429.csv,91.62,91.28,104.275,88.6767,93.9434,-2.9319,2.3179,-0.3226,-12.1327,82.1218,163218371.65,0.7964,98.0,136.0,136.0,83.8,83.8,48.6,1.5557,-11.1005,4.5371,-1.3236,-5.4082,-31.8382,-31.8382,10.6205,90.7407
20260430,2344,華邦電,TWSE,94.2,94.6,88.8,89.8,116065273.0,,,data/daily_price/20260430.csv,92.02,91.26,104.03,88.975,93.5981,-3.1284,2.2779,-0.4435,-14.067,66.2963,156621501.7,0.7411,98.0,136.0,136.0,83.8,83.8,48.6,-1.5998,-13.6787,0.9272,-4.0579,-8.3673,-33.9706,-33.9706,7.1599,84.7737
20260504,2344,華邦電,TWSE,91.9,98.4,91.1,95.4,198798052.0,,,data/daily_price/20260504.csv,93.46,91.375,103.9033,89.32,93.7483,6.2361,8.1633,2.4705,-7.3786,76.6667,156283007.75,1.272,98.4,136.0,136.0,83.8,83.8,48.6,4.4049,-8.1839,6.807,1.7619,-3.0488,-29.8529,-29.8529,13.8425,96.2963
20260505,2344,華邦電,TWSE,96.8,100.5,96.6,98.8,196655974.0,,,data/daily_price/20260505.csv,94.44,91.725,103.6667,89.6833,94.1692,3.5639,5.2183,7.6253,-12.5664,78.9855,156941519.75,1.2531,100.5,136.0,136.0,83.8,83.8,48.6,7.7133,-4.6945,10.1654,4.9175,-1.6915,-27.3529,-27.3529,17.8998,103.2922
20260506,2344,華邦電,TWSE,108.5,108.5,104.0,108.5,241792428.0,,,data/daily_price/20260506.csv,97.04,92.68,103.55,90.1358,95.3635,9.8178,13.6126,21.3647,-6.0606,100.1845,160540318.25,1.5061,108.5,136.0,136.0,83.8,83.8,48.6,17.0695,4.7803,20.3739,13.7752,0.0,-20.2206,-20.2206,29.4749,123.251
20260507,2344,華邦電,TWSE,113.0,117.0,106.5,114.0,338649833.0,,,data/daily_price/20260507.csv,101.3,93.6,103.3333,90.6142,96.9165,5.0691,22.9773,19.2469,-10.2362,101.4134,168900289.8,2.005,117.0,136.0,136.0,83.8,83.8,48.6,21.7949,10.3226,25.8081,17.627,-2.5641,-16.1765,-16.1765,36.0382,134.5679
20260508,2344,華邦電,TWSE,111.0,115.0,103.5,107.0,174129448.0,,,data/daily_price/20260508.csv,104.74,94.4,102.95,91.0617,97.7568,-6.1404,19.1537,17.5824,-17.6923,100.7505,170841182.85,1.0192,117.0,136.0,136.0,83.8,83.8,48.6,13.3475,3.9339,17.5028,9.4553,-8.547,-21.3235,-21.3235,27.685,120.1646
20260511,2344,華邦電,TWSE,115.0,117.5,113.0,117.5,162759860.0,,,data/daily_price/20260511.csv,109.16,95.6,102.7667,91.5742,99.4021,9.8131,23.1656,25.6684,-8.5603,109.8214,170656163.6,0.9537,117.5,129.5,136.0,83.8,83.8,52.2,22.9079,14.3367,28.3113,18.2068,0.0,-9.2664,-13.6029,40.2148,125.0958
20260512,2344,華邦電,TWSE,118.5,123.5,116.0,121.5,317628648.0,,,data/daily_price/20260512.csv,113.7,96.955,102.8583,92.095,101.2436,3.4043,22.9757,28.7076,4.7414,105.9322,181746282.35,1.7476,123.5,129.5,136.0,83.8,83.8,52.2,25.3159,18.1236,31.929,20.0076,-1.6194,-6.1776,-10.6618,44.9881,132.7586
20260513,2344,華邦電,TWSE,117.0,122.0,115.0,122.0,133243035.0,,,data/daily_price/20260513.csv,116.4,98.38,103.1333,92.6275,102.9733,0.4115,12.4424,30.4813,15.6398,109.9828,180015462.95,0.7402,123.5,129.5,136.0,83.8,83.8,52.2,24.0089,18.2935,31.7103,18.4773,-1.2146,-5.7915,-10.2941,45.5847,133.7165
20260514,2344,華邦電,TWSE,127.0,134.0,124.5,134.0,419382102.0,,,data/daily_price/20260514.csv,120.4,100.57,103.5583,93.2117,105.5588,9.8361,17.5439,48.5588,23.5023,109.7027,194563710.75,2.1555,134.0,134.0,136.0,83.8,83.8,52.2,33.2405,29.3957,43.7588,26.9434,0.0,0.0,-1.4706,59.9045,156.705
20260515,2344,華邦電,TWSE,132.5,136.5,127.5,129.5,348302189.0,,,data/daily_price/20260515.csv,124.9,102.565,104.0083,93.7533,107.5539,-3.3582,21.028,44.5312,26.3415,100.7752,206371996.0,1.6877,136.5,136.5,136.5,83.8,83.8,52.2,26.2614,24.5093,38.1284,20.4047,-5.1282,-5.1282,-5.1282,54.5346,148.0843
20260518,2344,華邦電,TWSE,126.0,134.0,119.0,130.5,192808793.0,,,data/daily_price/20260518.csv,127.5,104.7,104.5533,94.3008,109.4661,0.7722,11.0638,48.6333,33.4356,101.3889,209962074.7,0.9183,136.5,136.5,136.5,83.8,83.8,52.2,24.6418,24.8167,38.3869,19.215,-4.3956,-4.3956,-4.3956,55.7279,150.0
20260519,2344,華邦電,TWSE,125.0,127.0,117.5,117.5,184930796.0,,,data/daily_price/20260519.csv,126.7,106.29,104.72,94.745,110.1356,-9.9617,-3.2922,37.1062,9.3023,83.0218,210975572.5,0.8766,136.5,136.5,136.5,84.0,83.8,52.2,10.5466,12.204,24.0171,6.6867,-13.9194,-13.9194,-13.9194,40.2148,125.0958
20260520,2344,華邦電,TWSE,117.5,119.0,112.0,115.5,150894253.0,,,data/daily_price/20260520.csv,125.4,107.51,104.92,95.205,110.5826,-1.7021,-5.3279,26.7838,11.5942,91.5423,209220857.65,0.7212,136.5,136.5,136.5,84.0,83.8,52.2,7.4319,10.0839,21.3172,4.4468,-15.3846,-15.3846,-15.3846,37.8282,121.2644
20260521,2344,華邦電,TWSE,120.0,122.5,113.5,114.0,209614242.0,,,data/daily_price/20260521.csv,121.4,108.68,105.0617,95.6033,110.8674,-1.2987,-14.9254,25.8278,8.0569,72.2054,214966956.0,0.9751,136.5,136.5,136.5,84.0,83.8,52.2,4.8951,8.5077,19.2427,2.8255,-16.4835,-16.4835,-16.4835,36.0382,118.3908
20260522,2344,華邦電,TWSE,116.5,125.0,115.5,125.0,193146658.0,23713688822.0,TWSE_RWD_JSON_MI_INDEX,data/daily_price/daily_price_20260522.csv,120.5,110.54,105.2283,96.1333,112.0451,9.6491,-3.4749,42.369,8.6957,103.5831,216063286.55,0.8939,136.5,136.5,136.5,84.0,83.8,52.2,13.0812,18.7893,30.0277,11.5622,-8.4249,-8.4249,-8.4249,49.1647,139.4636
20260525,2344,華邦電,TWSE,120.5,133.0,119.0,128.5,357612926.0,45036539414.0,TWSE_RWD_JSON_MI_INDEX,data/daily_price/daily_price_20260525.csv,120.1,112.555,105.3367,96.7092,113.4164,2.8,-1.5326,45.6916,5.3279,116.33,227816918.45,1.5697,136.5,136.5,136.5,88.8,83.8,52.2,14.1664,21.9898,32.8726,13.2993,-5.8608,-5.8608,-5.8608,53.3413,146.1686
20260526,2344,華邦電,TWSE,133.5,141.0,133.0,141.0,336105421.0,46772761159.0,TWSE_RWD_JSON_MI_INDEX,data/daily_price/daily_price_20260526.csv,124.8,114.91,105.72,97.4008,115.715,9.7276,20.0,50.1597,19.4915,143.1034,231104704.0,1.4543,141.0,141.0,141.0,88.8,83.8,52.2,22.7047,33.3712,44.7626,21.8511,0.0,0.0,0.0,68.2578,170.1149
20260527,2344,華邦電,TWSE,155.0,155.0,146.0,155.0,439027902.0,67328902619.0,TWSE_RWD_JSON_MI_INDEX,data/daily_price/daily_price_20260527.csv,132.7,117.885,106.2617,98.2575,118.9888,9.9291,34.1991,62.3037,26.5306,196.9349,242077061.5,1.8136,155.0,155.0,155.0,88.8,83.8,52.3,31.4841,45.8663,57.7488,30.2644,0.0,0.0,0.0,84.9642,196.3671
20260528,2344,華邦電,TWSE,151.0,156.5,142.0,144.0,362557912.0,54471638075.0,TWSE_RWD_JSON_MI_INDEX,data/daily_price/daily_price_20260528.csv,138.7,120.45,106.5867,99.0025,121.073,-7.0968,26.3158,55.3398,15.6627,163.7363,253705287.25,1.4291,156.5,156.5,156.5,88.8,83.8,52.7,19.5517,35.1013,45.4509,18.9365,-7.9872,-7.9872,-7.9872,71.8377,173.2448
20260529,2344,華邦電,TWSE,155.0,158.0,151.0,158.0,249880280.0,39141432292.0,TWSE_RWD_JSON_MI_INDEX,data/daily_price/daily_price_20260529.csv,145.3,123.86,107.345,99.84,124.1503,9.7222,26.4,75.9465,40.4444,174.7826,260396037.6,0.9596,158.0,158.0,158.0,91.1,83.8,52.7,27.5634,47.189,58.2532,27.2651,0.0,0.0,0.0,88.5442,199.8102
20260601,2344,華邦電,TWSE,168.0,173.5,166.0,168.0,295190831.0,50138270841.0,TWSE_RWD_JSON_MI_INDEX,data/daily_price/daily_price_20260601.csv,153.2,127.49,108.4117,100.7933,127.8044,6.3291,30.7393,76.1006,61.5385,213.4328,265215676.55,1.113,173.5,173.5,173.5,96.6,83.8,53.7,31.775,54.9649,66.6777,31.4509,-3.17,-3.17,-3.17,100.4773,212.8492
20260602,2344,華邦電,TWSE,174.0,184.5,171.5,184.5,270430116.0,49294630283.0,TWSE_RWD_JSON_MI_INDEX,data/daily_price/daily_price_20260602.csv,161.9,131.775,109.62,101.8567,132.529,9.8214,30.8511,86.7409,64.7321,224.2531,268904383.65,1.0057,184.5,184.5,184.5,103.5,83.8,53.7,40.0114,68.3087,81.1369,39.2148,0.0,0.0,0.0,120.1671,243.5754
20260603,2344,華邦電,TWSE,188.0,193.0,177.0,177.5,332157125.0,61116743607.0,TWSE_RWD_JSON_MI_INDEX,data/daily_price/daily_price_20260603.csv,166.4,135.225,110.8033,102.8525,136.2766,-3.794,14.5161,63.5945,66.6667,206.0345,273422618.5,1.2148,193.0,193.0,193.0,103.5,83.8,53.7,31.2627,60.1937,72.5772,30.2498,-8.0311,-8.0311,-8.0311,111.8138,230.54
20260604,2344,華邦電,TWSE,175.0,188.0,175.0,179.5,227016133.0,41267028902.0,TWSE_RWD_JSON_MI_INDEX,data/daily_price/daily_price_20260604.csv,173.5,138.5,112.1117,103.8683,139.8786,1.1268,24.6528,57.4561,77.7228,211.6319,267840933.5,0.8476,193.0,193.0,193.0,103.5,83.8,53.7,29.6029,60.1082,72.8149,28.3256,-6.9948,-6.9948,-6.9948,114.2005,234.2644
20260605,2344,華邦電,TWSE,169.0,172.5,162.0,162.0,228440187.0,37434581948.0,TWSE_RWD_JSON_MI_INDEX,data/daily_price/daily_price_20260605.csv,174.3,141.25,113.0533,104.7467,141.722,-9.7493,2.5316,51.4019,53.5545,186.2191,270556470.45,0.8443,193.0,193.0,193.0,112.0,83.8,53.7,14.6903,43.2952,54.6589,14.3083,-16.0622,-16.0622,-16.0622,93.3174,201.676
20260608,2344,華邦電,TWSE,146.0,157.0,146.0,154.0,179964848.0,27112929399.0,TWSE_RWD_JSON_MI_INDEX,data/daily_price/daily_price_20260608.csv,171.5,143.075,113.72,105.565,142.7452,-4.9383,-8.3333,31.0638,35.0877,175.9857,271416719.85,0.6631,193.0,193.0,193.0,112.0,83.8,53.7,7.6359,35.4203,45.8817,7.8845,-20.2073,-20.2073,-20.2073,83.7709,186.7784
20260609,2344,華邦電,TWSE,160.5,161.0,153.5,156.5,203232684.0,31874303678.0,TWSE_RWD_JSON_MI_INDEX,data/daily_price/daily_price_20260609.csv,165.9,144.825,114.5117,106.3875,143.8914,1.6234,-15.1762,28.8066,43.578,170.7612,265696921.65,0.7649,193.0,193.0,193.0,112.0,83.8,56.4,8.0615,36.6673,47.1037,8.7626,-18.9119,-18.9119,-18.9119,86.7542,177.4823
20260610,2344,華邦電,TWSE,152.0,163.5,148.0,149.0,185310442.0,28921631822.0,TWSE_RWD_JSON_MI_INDEX,data/daily_price/daily_price_20260610.csv,160.2,146.175,115.1783,107.1142,144.3171,-4.7923,-16.0563,22.1311,36.6972,141.1003,268300292.0,0.6907,193.0,193.0,193.0,112.0,83.8,63.5,1.9326,29.3646,39.1039,3.2448,-22.7979,-22.7979,-22.7979,77.8043,134.6457
20260611,2344,華邦電,TWSE,154.0,162.5,149.0,156.5,237289830.0,36970883270.0,TWSE_RWD_JSON_MI_INDEX,data/daily_price/daily_price_20260611.csv,155.6,147.3,115.8367,107.8525,145.3324,5.0336,-12.8134,16.791,33.7607,130.486,259195678.4,0.9155,193.0,193.0,193.0,112.0,83.8,66.9,6.2458,35.104,45.1056,7.6842,-18.9119,-18.9119,-18.9119,86.7542,133.9312
20260612,2344,華邦電,TWSE,169.5,172.0,166.0,172.0,213495727.0,36419205477.0,TWSE_RWD_JSON_MI_INDEX,data/daily_price/daily_price_20260612.csv,157.6,149.425,116.645,108.6917,147.5547,9.9042,6.1728,32.8185,39.2713,141.2342,252455355.3,0.8457,193.0,193.0,193.0,112.0,83.8,67.3,15.1079,47.456,58.2458,16.567,-10.8808,-10.8808,-10.8808,105.2506,155.5721
20260615,2344,華邦電,TWSE,179.5,189.0,175.0,189.0,229481900.0,42292264163.0,TWSE_RWD_JSON_MI_INDEX,data/daily_price/daily_price_20260615.csv,164.6,152.35,117.6617,109.7042,151.0085,9.8837,22.7273,44.8276,47.6562,180.0,254289010.65,0.9024,193.0,193.0,193.0,112.0,83.8,67.5,24.0564,60.6301,72.2815,25.1586,-2.0725,-2.0725,-2.0725,125.537,180.0
20260616,2344,華邦電,TWSE,198.5,201.0,191.5,197.0,355003301.0,69881486603.0,TWSE_RWD_JSON_MI_INDEX,data/daily_price/daily_price_20260616.csv,172.7,156.325,118.9117,110.7758,154.8411,4.2328,25.8786,67.6596,61.4754,188.0117,262792635.9,1.3509,201.0,201.0,201.0,112.0,83.8,68.5,26.0195,65.6692,77.8366,27.2272,-1.99,-1.99,-1.99,135.0835,187.5912
20260617,2344,華邦電,TWSE,195.0,199.0,186.5,199.0,226916174.0,43878001512.0,TWSE_RWD_JSON_MI_INDEX,data/daily_price/daily_price_20260617.csv,182.7,160.5,120.395,111.8125,158.521,1.0152,33.557,72.2944,80.9091,166.756,266593731.95,0.8512,201.0,201.0,201.0,113.5,83.8,68.8,23.9875,65.2893,77.9765,25.5354,-0.995,-0.995,-0.995,137.4702,189.2442
20260618,2344,華邦電,TWSE,203.5,218.5,201.5,218.5,338003801.0,71264800231.0,TWSE_RWD_JSON_MI_INDEX,data/daily_price/daily_price_20260618.csv,195.1,165.725,122.245,113.0408,163.5192,9.799,39.6166,91.6667,103.2558,207.3136,273013209.9,1.238,218.5,218.5,218.5,115.5,83.8,68.8,31.8449,78.7394,93.293,33.6234,0.0,0.0,0.0,160.7399,217.5872
20260622,2344,華邦電,TWSE,229.5,233.5,219.0,222.0,403194761.0,91397720609.0,TWSE_RWD_JSON_MI_INDEX,data/daily_price/daily_price_20260622.csv,205.1,170.575,124.2867,114.3025,168.3926,1.6018,29.0698,77.6,123.1156,214.4476,283515615.05,1.4221,233.5,233.5,233.5,119.0,83.8,70.2,30.148,78.6193,94.2215,31.8347,-4.9251,-4.9251,-4.9251,164.9165,216.2393
20260623,2344,華邦電,TWSE,219.0,222.0,205.5,211.5,263314980.0,56076307281.0,TWSE_RWD_JSON_MI_INDEX,data/daily_price/daily_price_20260623.csv,209.6,174.725,126.175,115.4492,171.9849,-4.7297,11.9048,64.5914,115.3768,186.1976,278800717.75,0.9445,233.5,233.5,233.5,133.0,83.8,71.2,21.0474,67.6243,83.1975,22.9759,-9.4218,-9.4218,-9.4218,152.3866,197.0506
20260624,2344,華邦電,TWSE,208.5,217.0,201.0,205.0,253065352.0,52451833408.0,TWSE_RWD_JSON_MI_INDEX,data/daily_price/daily_price_20260624.csv,211.2,177.925,127.9917,116.5367,174.7362,-3.0733,4.0609,45.3901,113.5417,175.1678,274648714.3,0.9214,233.5,233.5,233.5,142.0,83.8,71.2,15.2171,60.1667,75.9103,17.3197,-12.2056,-12.2056,-12.2056,144.6301,187.9213
20260625,2344,華邦電,TWSE,219.5,222.5,211.0,219.5,227328719.0,49485930827.0,TWSE_RWD_JSON_MI_INDEX,data/daily_price/daily_price_20260625.csv,215.3,181.15,130.11,117.7717,178.4665,7.0732,10.3015,41.6129,137.5541,207.8541,264063755.15,0.8609,233.5,233.5,233.5,142.0,83.8,72.4,21.1703,68.7034,86.3776,22.9923,-5.9957,-5.9957,-5.9957,161.9332,203.1768
20260626,2344,華邦電,TWSE,220.0,225.0,203.0,206.5,254263166.0,54355361498.0,TWSE_RWD_JSON_MI_INDEX,data/daily_price/daily_price_20260626.csv,212.9,184.275,132.0017,118.8833,180.8026,-5.9226,-5.492,43.4028,122.043,182.4897,258649017.85,0.983,233.5,233.5,233.5,146.0,83.8,72.4,12.0608,56.4374,73.6997,14.2129,-11.5632,-11.5632,-11.5632,146.42,185.221
