date,stock_id,stock_name,market,open,high,low,close,volume,trading_value,source,source_file,ma5,ma20,ma60,ma120,ema23,return_1d,return_5d,return_20d,return_60d,return_120d,volume_ma20,volume_ratio,high_20,high_60,high_120,low_20,low_60,low_120,distance_to_ma20_pct,distance_to_ma60_pct,distance_to_ma120_pct,distance_to_ema23_pct,distance_to_high_20_pct,distance_to_high_60_pct,distance_to_high_120_pct,distance_to_low_60_pct,distance_to_low_120_pct
20240102,2436,偉詮電,TWSE,73.2,74.0,72.3,72.5,2116920.0,154214016.0,TWSE_RWD_JSON_MI_INDEX,data/daily_price/daily_price_20240102.csv,,,,,,,,,,,,,,,,,,,,,,,,,,,
20240103,2436,偉詮電,TWSE,72.8,73.8,71.7,71.8,2995630.0,216688043.0,TWSE_RWD_JSON_MI_INDEX,data/daily_price/daily_price_20240103.csv,,,,,,-0.9655,,,,,,,,,,,,,,,,,,,,,
20240104,2436,偉詮電,TWSE,72.0,72.6,70.4,70.8,2688433.0,191397554.0,TWSE_RWD_JSON_MI_INDEX,data/daily_price/daily_price_20240104.csv,,,,,,-1.3928,,,,,,,,,,,,,,,,,,,,,
20240105,2436,偉詮電,TWSE,71.4,73.0,71.1,71.8,3484817.0,251233869.0,TWSE_RWD_JSON_MI_INDEX,data/daily_price/daily_price_20240105.csv,,,,,,1.4124,,,,,,,,,,,,,,,,,,,,,
20240108,2436,偉詮電,TWSE,71.2,72.3,68.7,68.7,5395674.0,377905376.0,TWSE_RWD_JSON_MI_INDEX,data/daily_price/daily_price_20240108.csv,71.12,71.12,71.12,71.12,71.9659,-4.3175,,,,,3336294.8,1.6173,74.0,74.0,74.0,68.7,68.7,68.7,-3.4027,-3.4027,-3.4027,-4.5381,-7.1622,-7.1622,-7.1622,0.0,0.0
20240109,2436,偉詮電,TWSE,69.1,69.5,68.0,68.0,1671695.0,114327943.0,TWSE_RWD_JSON_MI_INDEX,data/daily_price/daily_price_20240109.csv,70.22,70.6,70.6,70.6,71.6354,-1.0189,-6.2069,,,,3058861.5,0.5465,74.0,74.0,74.0,68.0,68.0,68.0,-3.6827,-3.6827,-3.6827,-5.0749,-8.1081,-8.1081,-8.1081,0.0,0.0
20240110,2436,偉詮電,TWSE,68.2,68.3,67.3,67.5,1327448.0,89808396.0,TWSE_RWD_JSON_MI_INDEX,data/daily_price/daily_price_20240110.csv,69.36,70.1571,70.1571,70.1571,71.2908,-0.7353,-5.9889,,,,2811516.7143,0.4721,74.0,74.0,74.0,67.3,67.3,67.3,-3.7874,-3.7874,-3.7874,-5.3174,-8.7838,-8.7838,-8.7838,0.2972,0.2972
20240111,2436,偉詮電,TWSE,67.7,67.9,66.8,67.3,2120473.0,142738822.0,TWSE_RWD_JSON_MI_INDEX,data/daily_price/daily_price_20240111.csv,68.66,69.8,69.8,69.8,70.9582,-0.2963,-4.9435,,,,2725136.25,0.7781,74.0,74.0,74.0,66.8,66.8,66.8,-3.5817,-3.5817,-3.5817,-5.1555,-9.0541,-9.0541,-9.0541,0.7485,0.7485
20240112,2436,偉詮電,TWSE,67.7,67.7,66.0,66.2,2050931.0,136389520.0,TWSE_RWD_JSON_MI_INDEX,data/daily_price/daily_price_20240112.csv,67.54,69.4,69.4,69.4,70.5617,-1.6345,-7.7994,,,,2650224.5556,0.7739,74.0,74.0,74.0,66.0,66.0,66.0,-4.611,-4.611,-4.611,-6.1814,-10.5405,-10.5405,-10.5405,0.303,0.303
20240115,2436,偉詮電,TWSE,66.4,69.0,66.4,69.0,2822670.0,191930006.0,TWSE_RWD_JSON_MI_INDEX,data/daily_price/daily_price_20240115.csv,67.6,69.36,69.36,69.36,70.4316,4.2296,0.4367,,,,2667469.1,1.0582,74.0,74.0,74.0,66.0,66.0,66.0,-0.519,-0.519,-0.519,-2.0326,-6.7568,-6.7568,-6.7568,4.5455,4.5455
20240116,2436,偉詮電,TWSE,68.4,68.5,67.3,67.4,2680466.0,181449273.0,TWSE_RWD_JSON_MI_INDEX,data/daily_price/daily_price_20240116.csv,67.48,69.1818,69.1818,69.1818,70.1789,-2.3188,-0.8824,,,,2668650.6364,1.0044,74.0,74.0,74.0,66.0,66.0,66.0,-2.5756,-2.5756,-2.5756,-3.9598,-8.9189,-8.9189,-8.9189,2.1212,2.1212
20240117,2436,偉詮電,TWSE,68.3,69.5,67.0,67.2,2856605.0,194481993.0,TWSE_RWD_JSON_MI_INDEX,data/daily_price/daily_price_20240117.csv,67.42,69.0167,69.0167,69.0167,69.9307,-0.2967,-0.4444,,,,2684313.5,1.0642,74.0,74.0,74.0,66.0,66.0,66.0,-2.6322,-2.6322,-2.6322,-3.9048,-9.1892,-9.1892,-9.1892,1.8182,1.8182
20240118,2436,偉詮電,TWSE,67.5,68.1,65.9,66.1,1808529.0,120269794.0,TWSE_RWD_JSON_MI_INDEX,data/daily_price/daily_price_20240118.csv,67.18,68.7923,68.7923,68.7923,69.6115,-1.6369,-1.7831,,,,2616945.4615,0.6911,74.0,74.0,74.0,65.9,65.9,65.9,-3.9137,-3.9137,-3.9137,-5.0444,-10.6757,-10.6757,-10.6757,0.3035,0.3035
20240119,2436,偉詮電,TWSE,66.8,67.5,66.2,66.8,1938980.0,129328141.0,TWSE_RWD_JSON_MI_INDEX,data/daily_price/daily_price_20240119.csv,67.3,68.65,68.65,68.65,69.3772,1.059,0.9063,,,,2568519.3571,0.7549,74.0,74.0,74.0,65.9,65.9,65.9,-2.6948,-2.6948,-2.6948,-3.7147,-9.7297,-9.7297,-9.7297,1.3657,1.3657
20240122,2436,偉詮電,TWSE,67.4,67.7,66.9,67.6,1504321.0,101303795.0,TWSE_RWD_JSON_MI_INDEX,data/daily_price/daily_price_20240122.csv,67.02,68.58,68.58,68.58,69.2291,1.1976,-2.029,,,,2497572.8,0.6023,74.0,74.0,74.0,65.9,65.9,65.9,-1.429,-1.429,-1.429,-2.3532,-8.6486,-8.6486,-8.6486,2.5797,2.5797
20240123,2436,偉詮電,TWSE,67.5,68.4,67.3,68.2,1318315.0,89435005.0,TWSE_RWD_JSON_MI_INDEX,data/daily_price/daily_price_20240123.csv,67.18,68.5562,68.5562,68.5562,69.1433,0.8876,1.1869,,,,2423869.1875,0.5439,74.0,74.0,74.0,65.9,65.9,65.9,-0.5196,-0.5196,-0.5196,-1.3643,-7.8378,-7.8378,-7.8378,3.4901,3.4901
20240124,2436,偉詮電,TWSE,68.4,68.8,67.9,67.9,1235823.0,84422983.0,TWSE_RWD_JSON_MI_INDEX,data/daily_price/daily_price_20240124.csv,67.32,68.5176,68.5176,68.5176,69.0397,-0.4399,1.0417,,,,2353984.1176,0.525,74.0,74.0,74.0,65.9,65.9,65.9,-0.9014,-0.9014,-0.9014,-1.6508,-8.2432,-8.2432,-8.2432,3.0349,3.0349
20240125,2436,偉詮電,TWSE,68.2,68.3,66.8,66.8,1171459.0,78876771.0,TWSE_RWD_JSON_MI_INDEX,data/daily_price/daily_price_20240125.csv,67.46,68.4222,68.4222,68.4222,68.8531,-1.62,1.059,,,,2288288.2778,0.5119,74.0,74.0,74.0,65.9,65.9,65.9,-2.3709,-2.3709,-2.3709,-2.9818,-9.7297,-9.7297,-9.7297,1.3657,1.3657
20240126,2436,偉詮電,TWSE,67.1,67.2,66.2,66.2,841959.0,56010754.0,TWSE_RWD_JSON_MI_INDEX,data/daily_price/daily_price_20240126.csv,67.34,68.3053,68.3053,68.3053,68.632,-0.8982,-0.8982,,,,2212165.6842,0.3806,74.0,74.0,74.0,65.9,65.9,65.9,-3.0821,-3.0821,-3.0821,-3.5435,-10.5405,-10.5405,-10.5405,0.4552,0.4552
20240129,2436,偉詮電,TWSE,66.5,66.8,65.8,66.8,693600.0,46058405.0,TWSE_RWD_JSON_MI_INDEX,data/daily_price/daily_price_20240129.csv,67.18,68.23,68.23,68.23,68.4793,0.9063,-1.1834,,,,2136237.4,0.3247,74.0,74.0,74.0,65.8,65.8,65.8,-2.0959,-2.0959,-2.0959,-2.4523,-9.7297,-9.7297,-9.7297,1.5198,1.5198
20240130,2436,偉詮電,TWSE,66.9,66.9,65.5,65.5,1627137.0,107214535.0,TWSE_RWD_JSON_MI_INDEX,data/daily_price/daily_price_20240130.csv,66.64,67.88,68.1,68.1,68.231,-1.9461,-3.9589,-9.6552,,,2111748.25,0.7705,73.8,74.0,74.0,65.5,65.5,65.5,-3.5062,-3.8179,-3.8179,-4.0026,-11.2466,-11.4865,-11.4865,0.0,0.0
20240131,2436,偉詮電,TWSE,65.5,66.4,65.5,65.6,1074774.0,70654266.0,TWSE_RWD_JSON_MI_INDEX,data/daily_price/daily_price_20240131.csv,66.18,67.57,67.9864,67.9864,68.0118,0.1527,-3.3873,-8.6351,,,2015705.45,0.5332,73.0,74.0,74.0,65.5,65.5,65.5,-2.9155,-3.5101,-3.5101,-3.5461,-10.137,-11.3514,-11.3514,0.1527,0.1527
20240201,2436,偉詮電,TWSE,65.4,65.7,65.0,65.1,1009327.0,65809372.0,TWSE_RWD_JSON_MI_INDEX,data/daily_price/daily_price_20240201.csv,65.84,67.285,67.8609,67.8609,67.7691,-0.7622,-2.5449,-8.0508,,,1931750.15,0.5225,73.0,74.0,74.0,65.0,65.0,65.0,-3.2474,-4.0684,-4.0684,-3.9386,-10.8219,-12.027,-12.027,0.1538,0.1538
20240202,2436,偉詮電,TWSE,65.5,66.1,64.9,65.0,928510.0,60611235.0,TWSE_RWD_JSON_MI_INDEX,data/daily_price/daily_price_20240202.csv,65.6,66.945,67.7417,67.7417,67.5384,-0.1536,-1.8127,-9.4708,,,1803934.8,0.5147,72.3,74.0,74.0,64.9,64.9,64.9,-2.9054,-4.0472,-4.0472,-3.7584,-10.0968,-12.1622,-12.1622,0.1541,0.1541
20240205,2436,偉詮電,TWSE,65.0,65.0,63.7,64.4,1297722.0,83204646.0,TWSE_RWD_JSON_MI_INDEX,data/daily_price/daily_price_20240205.csv,65.12,66.73,67.608,67.608,67.2768,-0.9231,-3.5928,-6.2591,,,1599037.2,0.8116,69.5,74.0,74.0,63.7,63.7,63.7,-3.4917,-4.745,-4.745,-4.2761,-7.3381,-12.973,-12.973,1.0989,1.0989
20240215,2436,偉詮電,TWSE,65.2,68.5,65.2,68.4,3874939.0,261751829.0,TWSE_RWD_JSON_MI_INDEX,data/daily_price/daily_price_20240215.csv,65.7,66.75,67.6385,67.6385,67.3704,6.2112,4.4275,0.5882,,,1709199.4,2.2671,69.5,74.0,74.0,63.7,63.7,63.7,2.4719,1.1259,1.1259,1.5282,-1.5827,-7.5676,-7.5676,7.3783,7.3783
20240216,2436,偉詮電,TWSE,68.4,69.8,68.4,69.8,2826494.0,195543204.0,TWSE_RWD_JSON_MI_INDEX,data/daily_price/daily_price_20240216.csv,66.54,66.865,67.7185,67.7185,67.5729,2.0468,6.4024,3.4074,,,1784151.7,1.5842,69.8,74.0,74.0,63.7,63.7,63.7,4.3894,3.0737,3.0737,3.2958,0.0,-5.6757,-5.6757,9.5761,9.5761
20240219,2436,偉詮電,TWSE,69.7,69.8,68.8,69.7,1417407.0,98350121.0,TWSE_RWD_JSON_MI_INDEX,data/daily_price/daily_price_20240219.csv,67.46,66.985,67.7893,67.7893,67.7502,-0.1433,7.0661,3.5661,,,1748998.4,0.8104,69.8,74.0,74.0,63.7,63.7,63.7,4.0531,2.8186,2.8186,2.878,-0.1433,-5.8108,-5.8108,9.4192,9.4192
20240220,2436,偉詮電,TWSE,70.3,71.4,69.2,69.2,3393518.0,237966119.0,TWSE_RWD_JSON_MI_INDEX,data/daily_price/daily_price_20240220.csv,68.3,67.135,67.8379,67.8379,67.871,-0.7174,6.4615,4.5317,,,1816127.75,1.8685,71.4,74.0,74.0,63.7,63.7,63.7,3.0759,2.0078,2.0078,1.9582,-3.0812,-6.4865,-6.4865,8.6342,8.6342
20240221,2436,偉詮電,TWSE,70.0,71.0,69.5,70.8,3595100.0,253315267.0,TWSE_RWD_JSON_MI_INDEX,data/daily_price/daily_price_20240221.csv,69.58,67.225,67.9367,67.9367,68.1151,2.3121,9.9379,2.6087,,,1854749.25,1.9383,71.4,74.0,74.0,63.7,63.7,63.7,5.318,4.2147,4.2147,3.9418,-0.8403,-4.3243,-4.3243,11.146,11.146
20240222,2436,偉詮電,TWSE,71.3,71.4,70.2,70.7,1887414.0,133405035.0,TWSE_RWD_CSV_MI_INDEX,data/daily_price/daily_price_20240222.csv,70.04,67.39,68.0258,68.0258,68.3305,-0.1412,3.3626,4.8961,,,1815096.65,1.0398,71.4,74.0,74.0,63.7,63.7,63.7,4.9117,3.9311,3.9311,3.4677,-0.9804,-4.4595,-4.4595,10.989,10.989
20240223,2436,偉詮電,TWSE,71.2,71.2,69.4,69.4,2137288.0,149981567.0,TWSE_RWD_JSON_MI_INDEX,data/daily_price/daily_price_20240223.csv,69.96,67.5,68.0688,68.0688,68.4196,-1.8388,-0.5731,3.2738,,,1779130.8,1.2013,71.4,74.0,74.0,63.7,63.7,63.7,2.8148,1.9557,1.9557,1.4329,-2.8011,-6.2162,-6.2162,8.9482,8.9482
20240226,2436,偉詮電,TWSE,69.1,70.1,69.1,69.9,1294258.0,90112844.0,TWSE_RWD_JSON_MI_INDEX,data/daily_price/daily_price_20240226.csv,70.0,67.69,68.1242,68.1242,68.543,0.7205,0.2869,5.7489,,,1753417.25,0.7381,71.4,74.0,74.0,63.7,63.7,63.7,3.2649,2.6066,2.6066,1.9798,-2.1008,-5.5405,-5.5405,9.7331,9.7331
20240227,2436,偉詮電,TWSE,71.0,71.3,67.6,67.9,3078458.0,212939231.0,TWSE_RWD_JSON_MI_INDEX,data/daily_price/daily_price_20240227.csv,69.74,67.745,68.1176,68.1176,68.4894,-2.8612,-1.8786,1.6467,,,1810391.15,1.7004,71.4,74.0,74.0,63.7,63.7,63.7,0.2288,-0.3195,-0.3195,-0.8606,-4.902,-8.2432,-8.2432,6.5934,6.5934
20240229,2436,偉詮電,TWSE,67.9,68.0,66.6,67.0,1791448.0,120102481.0,TWSE_RWD_JSON_MI_INDEX,data/daily_price/daily_price_20240229.csv,68.98,67.715,68.0857,68.0857,68.3653,-1.3255,-5.3672,-0.8876,,,1824747.5,0.9818,71.4,74.0,74.0,63.7,63.7,63.7,-1.0559,-1.5946,-1.5946,-1.997,-6.1625,-9.4595,-9.4595,5.1805,5.1805
20240301,2436,偉詮電,TWSE,67.1,67.6,66.7,66.7,1131639.0,75897475.0,TWSE_RWD_JSON_MI_INDEX,data/daily_price/daily_price_20240301.csv,68.18,67.64,68.0472,68.0472,68.2265,-0.4478,-5.6577,-2.1994,,,1815413.7,0.6234,71.4,74.0,74.0,63.7,63.7,63.7,-1.3897,-1.9798,-1.9798,-2.2374,-6.5826,-9.8649,-9.8649,4.7096,4.7096
20240304,2436,偉詮電,TWSE,67.7,68.1,67.2,67.2,1361203.0,92049226.0,TWSE_RWD_CSV_MI_INDEX,data/daily_price/daily_price_20240304.csv,67.74,67.605,68.0243,68.0243,68.141,0.7496,-3.17,-1.0309,,,1821682.7,0.7472,71.4,74.0,74.0,63.7,63.7,63.7,-0.5991,-1.2118,-1.2118,-1.3809,-5.8824,-9.1892,-9.1892,5.4945,5.4945
20240305,2436,偉詮電,TWSE,67.3,67.8,66.5,66.6,1163547.0,77662607.0,TWSE_RWD_JSON_MI_INDEX,data/daily_price/daily_price_20240305.csv,67.08,67.595,67.9868,67.9868,68.0125,-0.8929,-4.721,-0.2994,,,1821287.1,0.6389,71.4,74.0,74.0,63.7,63.7,63.7,-1.472,-2.0399,-2.0399,-2.0769,-6.7227,-10.0,-10.0,4.5526,4.5526
20240306,2436,偉詮電,TWSE,66.0,66.4,65.1,65.2,1940224.0,127043503.0,TWSE_RWD_JSON_MI_INDEX,data/daily_price/daily_price_20240306.csv,66.54,67.545,67.9154,67.9154,67.7782,-2.1021,-3.9764,-1.5106,,,1876200.35,1.0341,71.4,74.0,74.0,63.7,63.7,63.7,-3.4718,-3.9982,-3.9982,-3.8038,-8.6835,-11.8919,-11.8919,2.3548,2.3548
20240307,2436,偉詮電,TWSE,65.6,66.7,64.3,64.4,2009476.0,130686852.0,TWSE_RWD_JSON_MI_INDEX,data/daily_price/daily_price_20240307.csv,66.02,67.425,67.8275,67.8275,67.4967,-1.227,-3.8806,-3.5928,,,1941994.15,1.0347,71.4,74.0,74.0,63.7,63.7,63.7,-4.4865,-5.0533,-5.0533,-4.5879,-9.8039,-12.973,-12.973,1.0989,1.0989
20240308,2436,偉詮電,TWSE,64.8,65.2,63.2,63.3,2052632.0,131297834.0,TWSE_RWD_JSON_MI_INDEX,data/daily_price/daily_price_20240308.csv,65.34,67.315,67.7171,67.7171,67.1469,-1.7081,-5.0975,-3.3588,,,1963268.9,1.0455,71.4,74.0,74.0,63.2,63.2,63.2,-5.9645,-6.5228,-6.5228,-5.7291,-11.3445,-14.4595,-14.4595,0.1582,0.1582
20240311,2436,偉詮電,TWSE,63.0,64.4,63.0,64.2,725805.0,46345060.0,TWSE_RWD_JSON_MI_INDEX,data/daily_price/daily_price_20240311.csv,64.74,67.245,67.6333,67.6333,66.9014,1.4218,-4.4643,-2.1341,,,1945820.45,0.373,71.4,74.0,74.0,63.0,63.0,63.0,-4.5282,-5.0764,-5.0764,-4.0378,-10.084,-13.2432,-13.2432,1.9048,1.9048
20240312,2436,偉詮電,TWSE,64.5,65.3,64.3,65.2,713798.0,46456756.0,TWSE_RWD_JSON_MI_INDEX,data/daily_price/daily_price_20240312.csv,64.46,67.25,67.5767,67.5767,66.7596,1.5576,-2.1021,0.1536,,,1931044.0,0.3696,71.4,74.0,74.0,63.0,63.0,63.0,-3.0483,-3.5171,-3.5171,-2.3361,-8.6835,-11.8919,-11.8919,3.4921,3.4921
20240313,2436,偉詮電,TWSE,65.4,65.6,63.0,63.2,1280158.0,81821082.0,TWSE_RWD_JSON_MI_INDEX,data/daily_price/daily_price_20240313.csv,64.06,67.16,67.4773,67.4773,66.4629,-3.0675,-3.0675,-2.7692,,,1948626.4,0.657,71.4,74.0,74.0,63.0,63.0,63.0,-5.8964,-6.3388,-6.3388,-4.9094,-11.4846,-14.5946,-14.5946,0.3175,0.3175
20240314,2436,偉詮電,TWSE,63.1,64.5,63.0,64.0,1256007.0,80267695.0,TWSE_RWD_JSON_MI_INDEX,data/daily_price/daily_price_20240314.csv,63.98,67.14,67.4,67.4,66.2577,1.2658,-0.6211,-0.6211,,,1946540.65,0.6453,71.4,74.0,74.0,63.0,63.0,63.0,-4.6768,-5.0445,-5.0445,-3.4075,-10.3641,-13.5135,-13.5135,1.5873,1.5873
20240315,2436,偉詮電,TWSE,64.0,64.5,62.7,62.7,1264704.0,79922104.0,TWSE_RWD_JSON_MI_INDEX,data/daily_price/daily_price_20240315.csv,63.86,66.855,67.2978,67.2978,65.9612,-2.0312,-0.9479,-8.3333,,,1816028.9,0.6964,71.4,74.0,74.0,62.7,62.7,62.7,-6.2149,-6.8321,-6.8321,-4.9442,-12.1849,-15.2703,-15.2703,0.0,0.0
20240318,2436,偉詮電,TWSE,63.0,63.5,62.6,63.3,659588.0,41575756.0,TWSE_RWD_JSON_MI_INDEX,data/daily_price/daily_price_20240318.csv,63.68,66.53,67.2128,67.2128,65.7395,0.9569,-1.4019,-9.3123,,,1707683.6,0.3862,71.4,74.0,74.0,62.6,62.6,62.6,-4.855,-5.8215,-5.8215,-3.7108,-11.3445,-14.4595,-14.4595,1.1182,1.1182
20240319,2436,偉詮電,TWSE,63.1,63.8,63.0,63.1,745071.0,47102895.0,TWSE_RWD_JSON_MI_INDEX,data/daily_price/daily_price_20240319.csv,63.26,66.2,67.1271,67.1271,65.5195,-0.316,-3.2209,-9.4692,,,1674066.8,0.4451,71.4,74.0,74.0,62.6,62.6,62.6,-4.6828,-5.9992,-5.9992,-3.6928,-11.6246,-14.7297,-14.7297,0.7987,0.7987
20240320,2436,偉詮電,TWSE,63.4,64.0,63.1,63.4,800966.0,50834932.0,TWSE_RWD_JSON_MI_INDEX,data/daily_price/daily_price_20240320.csv,63.3,65.91,67.051,67.051,65.3429,0.4754,0.3165,-8.3815,,,1544439.2,0.5186,71.4,74.0,74.0,62.6,62.6,62.6,-3.8082,-5.4451,-5.4451,-2.9734,-11.2045,-14.3243,-14.3243,1.278,1.278
20240321,2436,偉詮電,TWSE,65.4,66.5,64.3,64.4,2526554.0,164589172.0,TWSE_RWD_JSON_MI_INDEX,data/daily_price/daily_price_20240321.csv,63.38,65.59,66.998,66.998,65.2643,1.5773,0.625,-9.0395,,,1491011.9,1.6945,71.4,74.0,74.0,62.6,62.6,62.6,-1.8143,-3.8777,-3.8777,-1.3243,-9.8039,-12.973,-12.973,2.8754,2.8754
20240322,2436,偉詮電,TWSE,64.4,65.2,64.2,64.9,909148.0,58719287.0,TWSE_RWD_JSON_MI_INDEX,data/daily_price/daily_price_20240322.csv,63.82,65.3,66.9569,66.9569,65.2339,0.7764,3.5088,-8.2037,,,1442098.6,0.6304,71.3,74.0,74.0,62.6,62.6,62.6,-0.6126,-3.0719,-3.0719,-0.5119,-8.9762,-12.2973,-12.2973,3.6741,3.6741
20240325,2436,偉詮電,TWSE,65.2,65.4,64.2,64.5,807217.0,52195006.0,TWSE_RWD_JSON_MI_INDEX,data/daily_price/daily_price_20240325.csv,64.06,65.055,66.9096,66.9096,65.1728,-0.6163,1.8957,-7.0605,,,1375595.05,0.5868,71.3,74.0,74.0,62.6,62.6,62.6,-0.8531,-3.6013,-3.6013,-1.0323,-9.5372,-12.8378,-12.8378,3.0351,3.0351
20240326,2436,偉詮電,TWSE,64.9,65.1,63.0,63.1,873015.0,55723454.0,TWSE_RWD_JSON_MI_INDEX,data/daily_price/daily_price_20240326.csv,64.06,64.715,66.8377,66.8377,65.0,-2.1705,0.0,-9.7282,,,1354532.9,0.6445,71.3,74.0,74.0,62.6,62.6,62.6,-2.4956,-5.5923,-5.5923,-2.9232,-11.5007,-14.7297,-14.7297,0.7987,0.7987
20240327,2436,偉詮電,TWSE,63.6,64.1,63.3,63.9,559502.0,35680165.0,TWSE_RWD_JSON_MI_INDEX,data/daily_price/daily_price_20240327.csv,64.16,64.515,66.7833,66.7833,64.9084,1.2678,0.7886,-5.891,,,1228585.1,0.4554,68.1,74.0,74.0,62.6,62.6,62.6,-0.9533,-4.3174,-4.3174,-1.5535,-6.1674,-13.6486,-13.6486,2.0767,2.0767
20240328,2436,偉詮電,TWSE,64.1,64.2,63.0,63.0,849272.0,53836281.0,TWSE_RWD_JSON_MI_INDEX,data/daily_price/daily_price_20240328.csv,63.88,64.315,66.7145,66.7145,64.7493,-1.4085,-2.1739,-5.9701,,,1181476.3,0.7188,68.1,74.0,74.0,62.6,62.6,62.6,-2.0446,-5.5678,-5.5678,-2.7017,-7.489,-14.8649,-14.8649,0.639,0.639
20240329,2436,偉詮電,TWSE,63.5,63.5,62.6,62.7,695368.0,43718053.0,TWSE_RWD_JSON_MI_INDEX,data/daily_price/daily_price_20240329.csv,63.44,64.115,66.6429,66.6429,64.5786,-0.4762,-3.3898,-5.997,,,1159662.75,0.5996,68.1,74.0,74.0,62.6,62.6,62.6,-2.207,-5.9164,-5.9164,-2.909,-7.9295,-15.2703,-15.2703,0.1597,0.1597
20240401,2436,偉詮電,TWSE,62.8,63.7,62.8,63.5,663559.0,42051821.0,TWSE_RWD_JSON_MI_INDEX,data/daily_price/daily_price_20240401.csv,63.24,63.93,66.5877,66.5877,64.4887,1.2759,-1.5504,-5.506,,,1124780.55,0.5899,67.8,74.0,74.0,62.6,62.6,62.6,-0.6726,-4.6371,-4.6371,-1.5331,-6.3422,-14.1892,-14.1892,1.4377,1.4377
20240402,2436,偉詮電,TWSE,63.5,63.5,62.7,62.8,777211.0,48874424.0,TWSE_RWD_JSON_MI_INDEX,data/daily_price/daily_price_20240402.csv,63.18,63.74,66.5224,66.5224,64.348,-1.1024,-0.4754,-5.7057,,,1105463.75,0.7031,66.7,74.0,74.0,62.6,62.6,62.6,-1.4747,-5.5957,-5.5957,-2.4056,-5.8471,-15.1351,-15.1351,0.3195,0.3195
20240403,2436,偉詮電,TWSE,62.5,63.5,62.0,63.4,1133796.0,71000328.0,TWSE_RWD_JSON_MI_INDEX,data/daily_price/daily_price_20240403.csv,63.08,63.65,66.4695,66.4695,64.269,0.9554,-0.7825,-2.7607,,,1065142.35,1.0645,66.7,74.0,74.0,62.0,62.0,62.0,-0.3928,-4.6179,-4.6179,-1.3521,-4.9475,-14.3243,-14.3243,2.2581,2.2581
20240408,2436,偉詮電,TWSE,63.3,63.5,62.1,62.1,1147648.0,71606289.0,TWSE_RWD_JSON_MI_INDEX,data/daily_price/daily_price_20240408.csv,62.9,63.535,66.3967,66.3967,64.0882,-2.0505,-1.4286,-3.5714,,,1022050.95,1.1229,66.5,74.0,74.0,62.0,62.0,62.0,-2.2586,-6.4712,-6.4712,-3.1023,-6.6165,-16.0811,-16.0811,0.1613,0.1613
20240409,2436,偉詮電,TWSE,62.6,63.0,62.1,62.4,677610.0,42333121.0,TWSE_RWD_CSV_MI_INDEX,data/daily_price/daily_price_20240409.csv,62.84,63.49,66.2283,66.3311,63.9475,0.4831,-0.4785,-1.4218,-13.931,,953299.85,0.7108,66.5,73.8,74.0,62.0,62.0,62.0,-1.7168,-5.7805,-5.9265,-2.42,-6.1654,-15.4472,-15.6757,0.6452,0.6452
20240410,2436,偉詮電,TWSE,62.4,64.2,62.4,63.6,1498329.0,95457243.0,TWSE_RWD_JSON_MI_INDEX,data/daily_price/daily_price_20240410.csv,62.86,63.46,66.0917,66.2871,63.9186,1.9231,0.1575,-0.9346,-11.4206,,991926.05,1.5105,66.5,73.0,74.0,62.0,62.0,62.0,0.2206,-3.77,-4.0537,-0.4984,-4.3609,-12.8767,-14.0541,2.5806,2.5806
20240411,2436,偉詮電,TWSE,63.1,63.3,62.4,62.8,893706.0,56057620.0,TWSE_RWD_JSON_MI_INDEX,data/daily_price/daily_price_20240411.csv,62.86,63.34,65.9583,66.2317,63.8254,-1.2579,0.0,-3.681,-11.2994,,1000921.45,0.8929,66.5,73.0,74.0,62.0,62.0,62.0,-0.8525,-4.7884,-5.1814,-1.6065,-5.5639,-13.9726,-15.1351,1.2903,1.2903
20240412,2436,偉詮電,TWSE,63.2,64.0,63.1,63.2,1011908.0,64234990.0,TWSE_RWD_JSON_MI_INDEX,data/daily_price/daily_price_20240412.csv,62.82,63.34,65.815,66.1844,63.7732,0.6369,-0.3155,0.0,-11.9777,,987508.95,1.0247,66.5,72.3,74.0,62.0,62.0,62.0,-0.221,-3.9733,-4.5092,-0.8989,-4.9624,-12.5864,-14.5946,1.9355,1.9355
20240415,2436,偉詮電,TWSE,63.2,63.2,61.0,61.0,1632179.0,100565963.0,TWSE_RWD_JSON_MI_INDEX,data/daily_price/daily_price_20240415.csv,62.6,63.19,65.6867,66.1046,63.5421,-3.481,-1.7713,-4.6875,-11.2082,,1006317.55,1.6219,66.5,71.4,74.0,61.0,61.0,61.0,-3.4657,-7.1349,-7.722,-4.0007,-8.2707,-14.5658,-17.5676,0.0,0.0
20240416,2436,偉詮電,TWSE,60.3,60.3,57.7,58.5,2334538.0,136729011.0,TWSE_RWD_JSON_MI_INDEX,data/daily_price/daily_price_20240416.csv,61.82,62.98,65.5283,65.9894,63.122,-4.0984,-6.25,-6.6986,-13.9706,,1059809.25,2.2028,66.5,71.4,74.0,57.7,57.7,57.7,-7.1134,-10.7256,-11.3494,-7.3223,-12.0301,-18.0672,-20.9459,1.3865,1.3865
20240417,2436,偉詮電,TWSE,61.6,63.8,61.5,62.6,2771747.0,174009639.0,TWSE_RWD_JSON_MI_INDEX,data/daily_price/daily_price_20240417.csv,61.62,62.945,65.4467,65.9388,63.0785,7.0085,-1.5723,-1.1058,-7.2593,,1165417.2,2.3783,66.5,71.4,74.0,57.7,57.7,57.7,-0.5481,-4.3496,-5.0635,-0.7585,-5.8647,-12.3249,-15.4054,8.4922,8.4922
20240418,2436,偉詮電,TWSE,62.5,62.7,61.4,62.1,978173.0,60648679.0,TWSE_RWD_JSON_MI_INDEX,data/daily_price/daily_price_20240418.csv,61.48,62.895,65.36,65.8824,62.9969,-0.7987,-1.1146,-1.5848,-7.7266,,1177072.3,0.831,66.5,71.4,74.0,57.7,57.7,57.7,-1.264,-4.9878,-5.7411,-1.4238,-6.6165,-13.0252,-16.0811,7.6256,7.6256
20240419,2436,偉詮電,TWSE,61.8,62.0,58.8,60.6,1873846.0,113339048.0,TWSE_RWD_JSON_MI_INDEX,data/daily_price/daily_price_20240419.csv,60.96,62.755,65.2667,65.8058,62.7972,-2.4155,-4.1139,-4.4164,-8.4592,,1230716.3,1.5226,66.5,71.4,74.0,57.7,57.7,57.7,-3.434,-7.1502,-7.9108,-3.4989,-8.8722,-15.1261,-18.1081,5.026,5.026
20240422,2436,偉詮電,TWSE,60.0,60.4,59.1,59.2,1026722.0,61176325.0,TWSE_RWD_JSON_MI_INDEX,data/daily_price/daily_price_20240422.csv,60.6,62.495,65.1033,65.7114,62.4974,-2.3102,-2.9508,-8.0745,-14.2029,,1155724.7,0.8884,65.4,71.4,74.0,57.7,57.7,57.7,-5.2724,-9.0676,-9.9091,-5.2761,-9.4801,-17.0868,-20.0,2.5997,2.5997
20240423,2436,偉詮電,TWSE,59.7,60.6,59.4,60.5,466488.0,28001635.0,TWSE_RWD_JSON_MI_INDEX,data/daily_price/daily_price_20240423.csv,61.0,62.275,64.9883,65.638,62.331,2.1959,3.4188,-6.7797,-10.2374,,1133591.7,0.4115,65.4,71.4,74.0,57.7,57.7,57.7,-2.8503,-6.9064,-7.8278,-2.9375,-7.4924,-15.2661,-18.2432,4.8527,4.8527
20240424,2436,偉詮電,TWSE,61.0,61.9,60.6,61.7,811104.0,49632458.0,TWSE_RWD_JSON_MI_INDEX,data/daily_price/daily_price_20240424.csv,60.82,62.135,64.8967,65.5833,62.2784,1.9835,-1.4377,-4.3411,-8.1845,,1133786.05,0.7154,65.1,71.4,74.0,57.7,57.7,57.7,-0.7001,-4.9258,-5.9212,-0.9287,-5.2227,-13.5854,-16.6216,6.9324,6.9324
20240425,2436,偉詮電,TWSE,61.7,62.1,61.0,61.7,527258.0,32549513.0,TWSE_RWD_JSON_MI_INDEX,data/daily_price/daily_price_20240425.csv,60.74,62.065,64.8233,65.5301,62.2302,0.0,-0.6441,-2.2187,-6.6566,,1116498.2,0.4722,64.2,71.4,74.0,57.7,57.7,57.7,-0.5881,-4.8182,-5.8448,-0.852,-3.8941,-13.5854,-16.6216,6.9324,6.9324
20240426,2436,偉詮電,TWSE,62.0,62.2,60.7,60.8,741798.0,45376381.0,TWSE_RWD_JSON_MI_INDEX,data/daily_price/daily_price_20240426.csv,60.78,61.91,64.7233,65.4662,62.111,-1.4587,0.33,-4.8513,-8.982,,1125613.0,0.659,64.2,71.4,74.0,57.7,57.7,57.7,-1.7929,-6.0617,-7.1277,-2.1107,-5.296,-14.8459,-17.8378,5.3726,5.3726
20240429,2436,偉詮電,TWSE,61.3,62.0,61.3,61.8,885653.0,54625291.0,TWSE_RWD_JSON_MI_INDEX,data/daily_price/daily_price_20240429.csv,61.3,61.85,64.6267,65.4173,62.0851,1.6447,4.3919,-1.9048,-8.5799,,1127432.05,0.7855,64.2,71.4,74.0,57.7,57.7,57.7,-0.0808,-4.3738,-5.5296,-0.4592,-3.7383,-13.4454,-16.4865,7.1057,7.1057
20240430,2436,偉詮電,TWSE,61.5,62.3,61.5,61.8,428303.0,26538489.0,TWSE_RWD_JSON_MI_INDEX,data/daily_price/daily_price_20240430.csv,61.56,61.805,64.52,65.3697,62.0613,0.0,2.1488,-1.4354,-9.3842,,1114078.8,0.3844,64.2,71.4,74.0,57.7,57.7,57.7,-0.0081,-4.2157,-5.4608,-0.4211,-3.7383,-13.4454,-16.4865,7.1057,7.1057
20240502,2436,偉詮電,TWSE,61.5,62.0,61.3,61.5,333029.0,20514622.0,TWSE_RWD_JSON_MI_INDEX,data/daily_price/daily_price_20240502.csv,61.52,61.705,64.4133,65.3195,62.0146,-0.4854,-0.3241,-3.1496,-9.4256,,1097552.3,0.3034,64.2,71.4,74.0,57.7,57.7,57.7,-0.3322,-4.5229,-5.8474,-0.8297,-4.2056,-13.8655,-16.8919,6.5858,6.5858
20240503,2436,偉詮電,TWSE,62.2,62.5,61.2,61.4,454059.0,28062761.0,TWSE_RWD_JSON_MI_INDEX,data/daily_price/daily_price_20240503.csv,61.46,61.635,64.3233,65.2692,61.9633,-0.1626,-0.4862,-2.2293,-8.0838,,1081394.7,0.4199,64.2,71.4,74.0,57.7,57.7,57.7,-0.3813,-4.5447,-5.9281,-0.9092,-4.3614,-14.0056,-17.027,6.4125,6.4125
20240506,2436,偉詮電,TWSE,62.1,62.1,61.5,61.6,287324.0,17727319.0,TWSE_RWD_JSON_MI_INDEX,data/daily_price/daily_price_20240506.csv,61.62,61.545,64.2467,65.2228,61.9331,0.3257,1.3158,-2.8391,-6.9486,,1039071.1,0.2765,64.2,71.4,74.0,57.7,57.7,57.7,0.0894,-4.1195,-5.5545,-0.5378,-4.0498,-13.7255,-16.7568,6.7591,6.7591
20240507,2436,偉詮電,TWSE,62.0,62.1,60.9,61.3,451079.0,27647784.0,TWSE_RWD_JSON_MI_INDEX,data/daily_price/daily_price_20240507.csv,61.52,61.505,64.155,65.1738,61.8803,-0.487,-0.8091,-1.2882,-8.2335,,1004242.65,0.4492,64.2,71.4,74.0,57.7,57.7,57.7,-0.3333,-4.4502,-5.9437,-0.9378,-4.5171,-14.1457,-17.1622,6.2392,6.2392
20240508,2436,偉詮電,TWSE,61.6,62.0,61.3,61.9,355350.0,21960583.0,TWSE_RWD_JSON_MI_INDEX,data/daily_price/daily_price_20240508.csv,61.54,61.48,64.095,65.1333,61.8819,0.9788,0.1618,-0.8013,-5.4962,,988129.65,0.3596,64.2,71.4,74.0,57.7,57.7,57.7,0.6831,-3.4246,-4.9642,0.0292,-3.5826,-13.3053,-16.3514,7.279,7.279
20240509,2436,偉詮電,TWSE,62.2,62.3,60.9,60.9,395004.0,24214619.0,TWSE_RWD_JSON_MI_INDEX,data/daily_price/daily_price_20240509.csv,61.42,61.345,64.0167,65.0817,61.8001,-1.6155,-0.9756,-4.2453,-7.1646,,932963.4,0.4234,64.0,71.4,74.0,57.7,57.7,57.7,-0.7254,-4.8685,-6.4253,-1.4565,-4.8438,-14.7059,-17.7027,5.5459,5.5459
20240510,2436,偉詮電,TWSE,61.0,61.3,59.6,60.2,652419.0,39167820.0,TWSE_RWD_JSON_MI_INDEX,data/daily_price/daily_price_20240510.csv,61.18,61.215,63.935,65.0229,61.6668,-1.1494,-1.9544,-4.1401,-7.5269,,920899.05,0.7085,64.0,71.4,74.0,57.7,57.7,57.7,-1.6581,-5.8419,-7.4172,-2.3786,-5.9375,-15.6863,-18.6486,4.3328,4.3328
20240513,2436,偉詮電,TWSE,60.2,60.3,59.6,60.0,588880.0,35338238.0,TWSE_RWD_JSON_MI_INDEX,data/daily_price/daily_price_20240513.csv,60.86,61.055,63.8517,64.9631,61.5279,-0.3322,-2.5974,-5.0633,-7.6923,,899747.65,0.6545,63.8,71.4,74.0,57.7,57.7,57.7,-1.728,-6.0322,-7.6399,-2.4832,-5.9561,-15.9664,-18.9189,3.9861,3.9861
20240514,2436,偉詮電,TWSE,60.6,61.0,60.3,60.5,420070.0,25450355.0,TWSE_RWD_JSON_MI_INDEX,data/daily_price/daily_price_20240514.csv,60.7,61.03,63.7867,64.9106,61.4422,0.8333,-1.3051,-0.8197,-6.0559,,839142.2,0.5006,63.8,71.4,74.0,57.7,57.7,57.7,-0.8684,-5.1526,-6.7949,-1.5335,-5.1724,-15.2661,-18.2432,4.8527,4.8527
20240515,2436,偉詮電,TWSE,60.3,60.9,59.7,60.1,504675.0,30309126.0,TWSE_RWD_JSON_MI_INDEX,data/daily_price/daily_price_20240515.csv,60.34,61.11,63.6483,64.8547,61.3304,-0.6612,-2.9079,2.735,-12.1345,,747649.05,0.675,63.8,71.4,74.0,58.8,57.7,57.7,-1.6528,-5.5749,-7.3312,-2.0061,-5.7994,-15.8263,-18.7838,4.1594,4.1594
20240516,2436,偉詮電,TWSE,60.5,60.7,60.1,60.2,554384.0,33412524.0,TWSE_RWD_JSON_MI_INDEX,data/daily_price/daily_price_20240516.csv,60.2,60.99,63.4883,64.8011,61.2362,0.1664,-1.1494,-3.8339,-13.7536,,636780.9,0.8706,62.7,71.4,74.0,58.8,57.7,57.7,-1.2953,-5.1794,-7.1004,-1.6921,-3.9872,-15.6863,-18.6486,4.3328,4.3328
20240517,2436,偉詮電,TWSE,60.2,60.7,59.9,60.4,439364.0,26549710.0,TWSE_RWD_JSON_MI_INDEX,data/daily_price/daily_price_20240517.csv,60.24,60.905,63.3333,64.7511,61.1665,0.3322,0.3322,-2.7375,-13.3429,,609840.45,0.7205,62.5,71.4,74.0,58.8,57.7,57.7,-0.8292,-4.6316,-6.7198,-1.2531,-3.36,-15.4062,-18.3784,4.6794,4.6794
20240520,2436,偉詮電,TWSE,60.5,61.0,60.0,60.6,442329.0,26782786.0,TWSE_RWD_JSON_MI_INDEX,data/daily_price/daily_price_20240520.csv,60.36,60.905,63.19,64.7045,61.1193,0.3311,1.0,0.0,-12.4277,,538264.6,0.8218,62.5,71.4,74.0,59.1,57.7,57.7,-0.5008,-4.0987,-6.3434,-0.8496,-3.04,-15.1261,-18.1081,5.026,5.026
20240521,2436,偉詮電,TWSE,60.8,61.0,60.1,60.6,319754.0,19343410.0,TWSE_RWD_JSON_MI_INDEX,data/daily_price/daily_price_20240521.csv,60.38,60.975,63.02,64.6589,61.076,0.0,0.1653,2.3649,-14.4068,,502916.2,0.6358,62.5,71.4,74.0,59.4,57.7,57.7,-0.615,-3.8401,-6.2774,-0.7794,-3.04,-15.1261,-18.1081,5.026,5.026
20240522,2436,偉詮電,TWSE,60.9,61.7,60.9,61.6,780812.0,47942179.0,TWSE_RWD_JSON_MI_INDEX,data/daily_price/daily_price_20240522.csv,60.68,61.03,62.8683,64.6253,61.1197,1.6502,2.4958,1.8182,-12.8713,,518632.4,1.5055,62.5,71.3,74.0,59.6,57.7,57.7,0.934,-2.0174,-4.6813,0.7859,-1.44,-13.6045,-16.7568,6.7591,6.7591
20240523,2436,偉詮電,TWSE,61.7,61.8,60.4,60.9,711159.0,43328964.0,TWSE_RWD_JSON_MI_INDEX,data/daily_price/daily_price_20240523.csv,60.82,60.99,62.7267,64.5848,61.1014,-1.1364,1.1628,-1.2966,-12.2478,,513635.15,1.3846,62.5,71.3,74.0,59.6,57.7,57.7,-0.1476,-2.9121,-5.7053,-0.3296,-2.56,-14.5863,-17.7027,5.5459,5.5459
20240524,2436,偉詮電,TWSE,60.8,61.1,60.1,60.9,353409.0,21473437.0,TWSE_RWD_JSON_MI_INDEX,data/daily_price/daily_price_20240524.csv,60.92,60.95,62.5767,64.5452,61.0846,0.0,0.8278,-1.2966,-12.8755,,504942.7,0.6999,62.5,71.3,74.0,59.6,57.7,57.7,-0.082,-2.6794,-5.6475,-0.3022,-2.56,-14.5863,-17.7027,5.5459,5.5459
20240527,2436,偉詮電,TWSE,61.9,64.1,61.8,63.4,3050424.0,192601059.0,TWSE_RWD_JSON_MI_INDEX,data/daily_price/daily_price_20240527.csv,61.48,61.08,62.5017,64.533,61.2775,4.1051,4.6205,4.2763,-6.6274,,620374.0,4.9171,64.1,68.1,74.0,59.6,57.7,57.7,3.7983,1.4373,-1.7557,3.4637,-1.092,-6.9016,-14.3243,9.8787,9.8787
20240528,2436,偉詮電,TWSE,63.7,65.1,63.1,64.6,3621782.0,233706929.0,TWSE_RWD_JSON_MI_INDEX,data/daily_price/daily_price_20240528.csv,62.28,61.22,62.4617,64.5337,61.5544,1.8927,6.6007,4.5307,-3.5821,,757180.45,4.7832,65.1,68.1,74.0,59.6,57.7,57.7,5.5211,3.4234,0.1028,4.9478,-0.768,-5.1395,-12.7027,11.9584,11.9584
20240529,2436,偉詮電,TWSE,65.4,69.4,65.1,65.7,8871774.0,592696957.0,TWSE_RWD_JSON_MI_INDEX,data/daily_price/daily_price_20240529.csv,63.1,61.415,62.445,64.5458,61.8999,1.7028,6.6558,6.3107,-1.4993,,1179354.0,7.5226,69.4,69.4,74.0,59.6,57.7,57.7,6.9771,5.2126,1.7881,6.1391,-5.3314,-5.3314,-11.2162,13.8648,13.8648
20240530,2436,偉詮電,TWSE,65.2,66.7,64.2,64.3,2513856.0,163914958.0,TWSE_RWD_JSON_MI_INDEX,data/daily_price/daily_price_20240530.csv,63.78,61.555,62.3967,64.5433,62.0999,-2.1309,5.5829,4.5528,-4.3155,,1288395.35,1.9512,69.4,69.4,74.0,59.6,57.7,57.7,4.4594,3.0504,-0.377,3.5429,-7.3487,-7.3487,-13.1081,11.4385,11.4385
20240531,2436,偉詮電,TWSE,65.4,66.0,63.7,64.0,1607280.0,104178457.0,TWSE_RWD_JSON_MI_INDEX,data/daily_price/daily_price_20240531.csv,64.4,61.685,62.3533,64.5378,62.2582,-0.4666,5.0903,4.2345,-3.9039,,1346056.4,1.1941,69.4,69.4,74.0,59.6,57.7,57.7,3.7529,2.6409,-0.8332,2.7977,-7.781,-7.781,-13.5135,10.9185,10.9185
20240603,2436,偉詮電,TWSE,64.6,68.5,64.0,66.5,5110110.0,340995975.0,TWSE_RWD_JSON_MI_INDEX,data/daily_price/daily_price_20240603.csv,65.02,61.93,62.375,64.5576,62.6117,3.9062,4.8896,7.9545,1.9939,,1587195.7,3.2196,69.4,69.4,74.0,59.6,57.7,57.7,7.3793,6.6132,3.0088,6.2102,-4.1787,-4.1787,-10.1351,15.2513,15.2513
20240604,2436,偉詮電,TWSE,66.7,66.9,65.0,65.3,2035479.0,134100210.0,TWSE_RWD_JSON_MI_INDEX,data/daily_price/daily_price_20240604.csv,65.16,62.13,62.39,64.565,62.8357,-1.8045,1.0836,6.5253,1.3975,,1666415.7,1.2215,69.4,69.4,74.0,59.6,57.7,57.7,5.1022,4.6642,1.1384,3.9218,-5.9078,-5.9078,-11.7568,13.1716,13.1716
20240605,2436,偉詮電,TWSE,66.1,66.2,64.6,64.6,1064220.0,69306101.0,TWSE_RWD_JSON_MI_INDEX,data/daily_price/daily_price_20240605.csv,64.94,62.265,62.4117,64.5653,62.9828,-1.072,-1.6743,4.3619,2.0537,,1701859.2,0.6253,69.4,69.4,74.0,59.6,57.7,57.7,3.7501,3.5063,0.0537,2.5678,-6.9164,-6.9164,-12.7027,11.9584,11.9584
20240606,2436,偉詮電,TWSE,65.6,65.6,63.2,63.4,1213395.0,77435729.0,TWSE_RWD_JSON_MI_INDEX,data/daily_price/daily_price_20240606.csv,64.76,62.39,62.3983,64.5539,63.0175,-1.8576,-1.3997,4.1051,-1.2461,,1742778.75,0.6962,69.4,69.4,74.0,59.6,57.7,57.7,1.6188,1.6053,-1.7875,0.6069,-8.6455,-8.6455,-14.3243,9.8787,9.8787
20240607,2436,偉詮電,TWSE,63.4,64.5,63.4,64.4,678086.0,43467660.0,TWSE_RWD_JSON_MI_INDEX,data/daily_price/daily_price_20240607.csv,64.84,62.6,62.385,64.5524,63.1327,1.5773,0.625,6.9767,-1.227,,1744062.1,0.3888,69.4,69.4,74.0,59.6,57.7,57.7,2.8754,3.2299,-0.2361,2.0073,-7.2046,-7.2046,-12.973,11.6118,11.6118
20240611,2436,偉詮電,TWSE,64.5,64.7,63.5,63.5,594173.0,37996857.0,TWSE_RWD_JSON_MI_INDEX,data/daily_price/daily_price_20240611.csv,64.24,62.775,62.39,64.5423,63.1633,-1.3975,-4.5113,5.8333,0.4747,,1744326.75,0.3406,69.4,69.4,74.0,59.7,57.7,57.7,1.1549,1.7791,-1.6149,0.533,-8.5014,-8.5014,-14.1892,10.052,10.052
20240612,2436,偉詮電,TWSE,64.0,64.4,62.9,63.1,797568.0,50456670.0,TWSE_RWD_JSON_MI_INDEX,data/daily_price/daily_price_20240612.csv,63.8,62.905,62.375,64.5286,63.1581,-0.6299,-3.3691,4.2975,-1.4062,,1763201.65,0.4523,69.4,69.4,74.0,59.7,57.7,57.7,0.31,1.1623,-2.2139,-0.0919,-9.0778,-9.0778,-14.7297,9.3588,9.3588
20240613,2436,偉詮電,TWSE,63.6,63.9,62.9,63.0,1136018.0,71907592.0,TWSE_RWD_JSON_MI_INDEX,data/daily_price/daily_price_20240613.csv,63.48,63.05,62.38,64.5142,63.1449,-0.1585,-2.4768,4.8253,0.4785,,1794768.8,0.633,69.4,69.4,74.0,59.9,57.7,57.7,-0.0793,0.9939,-2.347,-0.2295,-9.2219,-9.2219,-14.8649,9.1854,9.1854
20240614,2436,偉詮電,TWSE,63.0,63.5,62.5,62.8,826009.0,51985998.0,TWSE_RWD_JSON_MI_INDEX,data/daily_price/daily_price_20240614.csv,63.36,63.18,62.3717,64.4981,63.1161,-0.3175,-0.9464,4.3189,-0.7899,,1808350.05,0.4568,69.4,69.4,74.0,59.9,57.7,57.7,-0.6015,0.6867,-2.6328,-0.5009,-9.5101,-9.5101,-15.1351,8.8388,8.8388
20240617,2436,偉詮電,TWSE,63.0,65.7,63.0,65.0,1798185.0,116443854.0,TWSE_RWD_JSON_MI_INDEX,data/daily_price/daily_price_20240617.csv,63.48,63.41,62.4033,64.5028,63.2731,3.5032,0.9317,7.6159,3.0111,,1876291.1,0.9584,69.4,69.4,74.0,60.0,57.7,57.7,2.5075,4.1611,0.7709,2.7292,-6.3401,-6.3401,-12.1622,12.6516,12.6516
20240618,2436,偉詮電,TWSE,65.0,65.0,63.5,64.3,1188556.0,76110262.0,TWSE_RWD_JSON_MI_INDEX,data/daily_price/daily_price_20240618.csv,63.64,63.595,62.4183,64.5009,63.3587,-1.0769,1.2598,6.1056,1.4196,,1913602.45,0.6211,69.4,69.4,74.0,60.1,57.7,57.7,1.1086,3.0146,-0.3115,1.4857,-7.3487,-7.3487,-13.1081,11.4385,11.4385
20240619,2436,偉詮電,TWSE,65.0,65.0,63.2,63.4,1377422.0,87645376.0,TWSE_RWD_JSON_MI_INDEX,data/daily_price/daily_price_20240619.csv,63.7,63.735,62.4017,64.4909,63.3621,-1.3997,0.4754,4.6205,-1.5528,,1966485.85,0.7004,69.4,69.4,74.0,60.1,57.7,57.7,-0.5256,1.5999,-1.6916,0.0597,-8.6455,-8.6455,-14.3243,9.8787,9.8787
20240620,2436,偉詮電,TWSE,63.7,65.3,63.7,64.8,1908315.0,123577134.0,TWSE_RWD_JSON_MI_INDEX,data/daily_price/daily_price_20240620.csv,64.06,63.895,62.4,64.4937,63.482,2.2082,2.8571,5.1948,-0.1541,,2022861.0,0.9434,69.4,69.4,74.0,60.1,57.7,57.7,1.4164,3.8462,0.4749,2.0762,-6.6282,-6.6282,-12.4324,12.305,12.305
20240621,2436,偉詮電,TWSE,64.9,65.4,64.2,64.6,981627.0,63537176.0,TWSE_RWD_JSON_MI_INDEX,data/daily_price/daily_price_20240621.csv,64.42,64.08,62.4017,64.4946,63.5751,-0.3086,2.8662,6.0755,0.155,,2036384.4,0.482,69.4,69.4,74.0,60.1,57.7,57.7,0.8115,3.5229,0.1634,1.612,-6.9164,-6.9164,-12.7027,11.9584,11.9584
20240624,2436,偉詮電,TWSE,64.6,64.6,63.2,63.2,973201.0,61954134.0,TWSE_RWD_JSON_MI_INDEX,data/daily_price/daily_price_20240624.csv,64.06,64.195,62.4033,64.4832,63.5439,-2.1672,-2.7692,3.7767,0.1585,,2067374.0,0.4707,69.4,69.4,74.0,61.8,57.7,57.7,-1.55,1.2766,-1.99,-0.5412,-8.9337,-8.9337,-14.5946,9.5321,9.5321
20240625,2436,偉詮電,TWSE,63.2,63.2,61.5,62.5,1177040.0,73221457.0,TWSE_RWD_JSON_MI_INDEX,data/daily_price/daily_price_20240625.csv,63.7,64.15,62.38,64.4658,63.4569,-1.1076,-2.7994,-1.4196,-2.1909,,1973704.8,0.5964,69.4,69.4,74.0,61.5,57.7,57.7,-2.5721,0.1924,-3.0494,-1.5079,-9.9424,-9.9424,-15.5405,8.3189,8.3189
20240626,2436,偉詮電,TWSE,62.8,63.3,62.3,62.3,1280974.0,80336717.0,TWSE_RWD_JSON_MI_INDEX,data/daily_price/daily_price_20240626.csv,63.48,64.035,62.3683,64.447,63.3605,-0.32,-1.735,-3.5604,-1.1111,,1856664.4,0.6899,69.4,69.4,74.0,61.5,57.7,57.7,-2.7095,-0.1096,-3.3314,-1.6737,-10.2305,-10.2305,-15.8108,7.9723,7.9723
20240627,2436,偉詮電,TWSE,61.6,61.9,61.1,61.3,960963.0,59034392.0,TWSE_RWD_JSON_MI_INDEX,data/daily_price/daily_price_20240627.csv,62.78,63.815,62.345,64.4198,63.1888,-1.6051,-5.4012,-6.6971,-2.2329,,1461123.85,0.6577,68.5,69.4,74.0,61.1,57.7,57.7,-3.9411,-1.6762,-4.843,-2.9891,-10.5109,-11.6715,-17.1622,6.2392,6.2392
20240628,2436,偉詮電,TWSE,61.8,62.1,61.5,61.9,579198.0,35832833.0,TWSE_RWD_JSON_MI_INDEX,data/daily_price/daily_price_20240628.csv,62.24,63.695,62.3183,64.3983,63.0814,0.9788,-4.1796,-3.7325,-2.5197,,1364390.95,0.4245,68.5,69.4,74.0,61.1,57.7,57.7,-2.8181,-0.6713,-3.8794,-1.8728,-9.635,-10.8069,-16.3514,7.279,7.279
20240701,2436,偉詮電,TWSE,62.2,62.4,61.7,61.9,559172.0,34665236.0,TWSE_RWD_JSON_MI_INDEX,data/daily_price/daily_price_20240701.csv,61.98,63.59,62.3033,64.3771,62.9829,0.0,-2.057,-3.2813,-1.4331,,1311985.55,0.4262,68.5,69.4,74.0,61.1,57.7,57.7,-2.6577,-0.6474,-3.8478,-1.7194,-9.635,-10.8069,-16.3514,7.279,7.279
20240702,2436,偉詮電,TWSE,61.8,61.8,60.6,60.6,1208788.0,73638347.0,TWSE_RWD_JSON_MI_INDEX,data/daily_price/daily_price_20240702.csv,61.6,63.295,62.2567,64.3454,62.7844,-2.1002,-3.04,-8.8722,-4.4164,,1116919.45,1.0823,66.9,69.4,74.0,60.6,57.7,57.7,-4.2578,-2.661,-5.8207,-3.4791,-9.417,-12.6801,-18.1081,5.026,5.026
20240703,2436,偉詮電,TWSE,60.8,62.4,60.8,62.3,913212.0,56601557.0,TWSE_RWD_JSON_MI_INDEX,data/daily_price/daily_price_20240703.csv,61.6,63.145,62.26,64.3283,62.744,2.8053,0.0,-4.5942,0.3221,,1060806.1,0.8609,66.2,69.4,74.0,60.6,57.7,57.7,-1.3382,0.0642,-3.1531,-0.7076,-5.8912,-10.2305,-15.8108,7.9723,7.9723
20240704,2436,偉詮電,TWSE,62.7,63.1,62.0,62.6,773946.0,48413524.0,TWSE_RWD_JSON_MI_INDEX,data/daily_price/daily_price_20240704.csv,61.86,63.045,62.2633,64.2458,62.732,0.4815,2.1207,-3.096,0.3205,-13.6552,1046292.4,0.7397,65.7,69.4,73.8,60.6,57.7,57.7,-0.7058,0.5407,-2.5618,-0.2104,-4.7184,-9.7983,-15.1762,8.4922,8.4922
20240705,2436,偉詮電,TWSE,62.7,63.7,62.1,63.7,1316598.0,83060287.0,TWSE_RWD_JSON_MI_INDEX,data/daily_price/daily_price_20240705.csv,62.22,63.06,62.265,64.1783,62.8127,1.7572,2.9079,0.4732,0.1572,-11.2813,1051452.55,1.2522,65.7,69.4,73.0,60.6,57.7,57.7,1.0149,2.3047,-0.7453,1.4127,-3.0441,-8.2133,-12.7397,10.3986,10.3986
20240708,2436,偉詮電,TWSE,64.0,64.1,62.5,62.9,930728.0,58773458.0,TWSE_RWD_JSON_MI_INDEX,data/daily_price/daily_price_20240708.csv,62.42,62.985,62.2667,64.1125,62.8199,-1.2559,1.6155,-2.3292,0.1592,-11.1582,1064084.65,0.8747,65.7,69.4,73.0,60.6,57.7,57.7,-0.135,1.0171,-1.8912,0.1275,-4.2618,-9.366,-13.8356,9.0121,9.0121
20240709,2436,偉詮電,TWSE,62.8,62.9,60.8,61.3,1193106.0,73406225.0,TWSE_RWD_JSON_MI_INDEX,data/daily_price/daily_price_20240709.csv,62.56,62.875,62.235,64.025,62.6933,-2.5437,1.1551,-3.4646,-3.0063,-14.624,1094031.3,1.0906,65.7,69.4,72.3,60.6,57.7,57.7,-2.505,-1.5024,-4.2561,-2.2224,-6.6971,-11.6715,-15.2144,6.2392,6.2392
20240710,2436,偉詮電,TWSE,61.2,61.8,61.0,61.0,644909.0,39504499.0,TWSE_RWD_JSON_MI_INDEX,data/daily_price/daily_price_20240710.csv,62.3,62.77,62.235,63.9608,62.5522,-0.4894,-2.0867,-3.3281,0.0,-11.2082,1086398.35,0.5936,65.7,69.4,71.4,60.6,57.7,57.7,-2.8198,-1.9844,-4.6291,-2.4814,-7.1537,-12.1037,-14.5658,5.7192,5.7192
20240711,2436,偉詮電,TWSE,61.2,61.8,61.0,61.6,552460.0,33908148.0,TWSE_RWD_JSON_MI_INDEX,data/daily_price/daily_price_20240711.csv,62.1,62.7,62.2867,63.9075,62.4728,0.9836,-1.5974,-2.2222,5.2991,-9.4118,1057220.45,0.5226,65.7,69.4,71.4,60.6,58.8,57.7,-1.7544,-1.1024,-3.6107,-1.3971,-6.2405,-11.2392,-13.7255,4.7619,6.7591
20240712,2436,偉詮電,TWSE,61.0,62.5,60.7,61.6,894206.0,55227650.0,TWSE_RWD_JSON_MI_INDEX,data/daily_price/daily_price_20240712.csv,61.68,62.64,62.27,63.8583,62.4001,0.0,-3.2967,-1.9108,-1.5974,-8.7407,1060630.3,0.8431,65.7,69.4,71.4,60.6,58.8,57.7,-1.6603,-1.076,-3.5365,-1.2822,-6.2405,-11.2392,-13.7255,4.7619,6.7591
20240715,2436,偉詮電,TWSE,61.9,61.9,60.8,60.9,787397.0,48077526.0,TWSE_RWD_JSON_MI_INDEX,data/daily_price/daily_price_20240715.csv,61.28,62.435,62.25,63.805,62.2751,-1.1364,-3.1797,-6.3077,-1.9324,-9.5097,1010090.9,0.7795,65.4,69.4,71.4,60.6,58.8,57.7,-2.4586,-2.1687,-4.5529,-2.2081,-6.8807,-12.2478,-14.7059,3.5714,5.5459
20240716,2436,偉詮電,TWSE,61.0,62.7,61.0,61.6,911333.0,56565401.0,TWSE_RWD_JSON_MI_INDEX,data/daily_price/daily_price_20240716.csv,61.34,62.3,62.2667,63.7667,62.2188,1.1494,0.4894,-4.1991,1.6502,-6.9486,996229.75,0.9148,65.4,69.4,71.4,60.6,59.1,57.7,-1.1236,-1.0707,-3.3978,-0.9946,-5.8104,-11.2392,-13.7255,4.2301,6.7591
20240717,2436,偉詮電,TWSE,61.7,62.3,61.5,61.6,585607.0,36219194.0,TWSE_RWD_JSON_MI_INDEX,data/daily_price/daily_price_20240717.csv,61.46,62.21,62.3067,63.705,62.1673,0.0,0.9836,-2.8391,4.0541,-10.7246,956639.0,0.6122,65.4,69.4,71.4,60.6,59.4,57.7,-0.9805,-1.1342,-3.3043,-0.9125,-5.8104,-11.2392,-13.7255,3.7037,6.7591
20240718,2436,偉詮電,TWSE,61.2,61.2,60.0,60.5,1115086.0,67394574.0,TWSE_RWD_JSON_MI_INDEX,data/daily_price/daily_price_20240718.csv,61.24,61.995,62.3067,63.6475,62.0283,-1.7857,-1.7857,-6.6358,0.0,-10.2374,916977.55,1.216,65.4,69.4,71.4,60.0,59.6,57.7,-2.4115,-2.8996,-4.9452,-2.4639,-7.4924,-12.8242,-15.2661,1.5101,4.8527
20240719,2436,偉詮電,TWSE,60.2,60.5,59.0,59.0,1561713.0,92810957.0,TWSE_RWD_JSON_MI_INDEX,data/daily_price/daily_price_20240719.csv,60.72,61.715,62.2617,63.5792,61.776,-2.4793,-4.2208,-8.6687,-4.376,-12.2024,945981.85,1.6509,64.6,69.4,71.4,59.0,59.0,57.7,-4.3993,-5.2386,-7.2023,-4.4936,-8.6687,-14.9856,-17.3669,0.0,2.253
20240722,2436,偉詮電,TWSE,58.7,58.8,56.0,56.6,1423022.0,81241134.0,TWSE_RWD_JSON_MI_INDEX,data/daily_price/daily_price_20240722.csv,59.86,61.385,62.1767,63.5,61.3446,-4.0678,-7.0608,-10.443,-8.2658,-14.3722,968472.9,1.4693,64.1,69.4,71.4,56.0,56.0,56.0,-7.7951,-8.9691,-10.8661,-7.7344,-11.7005,-18.4438,-20.7283,1.0714,1.0714
20240723,2436,偉詮電,TWSE,56.9,57.8,56.9,57.4,423989.0,24357050.0,TWSE_RWD_JSON_MI_INDEX,data/daily_price/daily_price_20240723.csv,59.02,61.13,62.12,63.4217,61.0159,1.4134,-6.8182,-8.16,-5.5921,-14.0719,930820.35,0.4555,64.1,69.4,71.4,56.0,56.0,56.0,-6.1018,-7.5982,-9.4947,-5.9262,-10.4524,-17.2911,-19.6078,2.5,2.5
20240726,2436,偉詮電,TWSE,55.9,56.6,55.3,56.2,662839.0,37161100.0,TWSE_RWD_JSON_MI_INDEX,data/daily_price/daily_price_20240726.csv,57.94,60.825,62.0267,63.3267,60.6146,-2.0906,-8.7662,-9.7913,-9.0615,-16.8639,899913.6,0.7366,64.1,69.4,71.4,55.3,55.3,55.3,-7.6038,-9.3938,-11.2538,-7.283,-12.3245,-19.0202,-21.2885,1.6275,1.6275
20240729,2436,偉詮電,TWSE,57.0,57.4,54.4,54.4,1029271.0,56887372.0,TWSE_RWD_JSON_MI_INDEX,data/daily_price/daily_price_20240729.csv,56.72,60.48,61.9033,63.2117,60.0967,-3.2028,-10.0826,-11.2561,-11.9741,-20.2346,903329.0,1.1394,64.1,69.4,71.4,54.4,54.4,54.4,-10.0529,-12.121,-13.9399,-9.4792,-15.1326,-21.6138,-23.8095,0.0,0.0
20240730,2436,偉詮電,TWSE,54.0,54.8,53.0,54.6,1154802.0,62144084.0,TWSE_RWD_JSON_MI_INDEX,data/daily_price/daily_price_20240730.csv,55.84,60.115,61.7883,63.1008,59.6386,0.3676,-7.4576,-11.7932,-11.2195,-19.5876,932109.2,1.2389,64.1,69.4,71.4,53.0,53.0,53.0,-9.1741,-11.6338,-13.4718,-8.4486,-14.8206,-21.3256,-23.5294,3.0189,3.0189
20240731,2436,偉詮電,TWSE,54.3,55.6,54.0,54.8,408416.0,22377086.0,TWSE_RWD_JSON_MI_INDEX,data/daily_price/daily_price_20240731.csv,55.48,59.76,61.6783,63.0008,59.2354,0.3663,-3.1802,-11.4701,-10.7492,-17.9641,924571.4,0.4417,64.1,69.4,71.4,53.0,53.0,53.0,-8.2999,-11.1519,-13.017,-7.4878,-14.5086,-21.0375,-23.2493,3.3962,3.3962
20240801,2436,偉詮電,TWSE,55.3,56.6,55.3,56.6,320978.0,18055154.0,TWSE_RWD_JSON_MI_INDEX,data/daily_price/daily_price_20240801.csv,55.32,59.56,61.595,62.9208,59.0158,3.2847,-1.3937,-6.6007,-8.1169,-14.5015,880180.9,0.3647,64.1,69.4,71.4,53.0,53.0,53.0,-4.9698,-8.1094,-10.0457,-4.0935,-11.7005,-18.4438,-20.7283,6.7925,6.7925
20240802,2436,偉詮電,TWSE,55.1,56.3,54.4,54.6,524881.0,28990918.0,TWSE_RWD_JSON_MI_INDEX,data/daily_price/daily_price_20240802.csv,55.0,59.175,61.4833,62.8192,58.6478,-3.5336,-2.847,-12.3596,-10.9299,-18.2635,860764.35,0.6098,64.1,69.4,71.4,53.0,53.0,53.0,-7.7313,-11.1954,-13.0839,-6.9019,-14.8206,-21.3256,-23.5294,3.0189,3.0189
20240805,2436,偉詮電,TWSE,53.0,53.1,49.15,49.15,1784251.0,88293367.0,TWSE_RWD_JSON_MI_INDEX,data/daily_price/daily_price_20240805.csv,53.95,58.5025,61.2708,62.6829,57.8563,-9.9817,-9.6507,-21.4856,-20.5977,-24.9618,911279.6,1.958,64.1,69.4,71.4,49.15,49.15,49.15,-15.9865,-19.7824,-21.5895,-15.0482,-23.3229,-29.1787,-31.1625,0.0,0.0
20240806,2436,偉詮電,TWSE,48.6,50.0,45.2,48.3,1716948.0,81989442.0,TWSE_RWD_JSON_MI_INDEX,data/daily_price/daily_price_20240806.csv,52.69,57.7325,61.0608,62.5388,57.06,-1.7294,-11.5385,-24.1758,-20.6897,-26.372,931297.1,1.8436,64.1,69.4,71.4,45.2,45.2,45.2,-16.3383,-20.8986,-22.7679,-15.3522,-24.649,-30.4035,-32.3529,6.8584,6.8584
20240807,2436,偉詮電,TWSE,49.0,52.7,49.0,52.4,889403.0,45836512.0,TWSE_RWD_JSON_MI_INDEX,data/daily_price/daily_price_20240807.csv,52.21,57.2075,60.9308,62.4329,56.6716,8.4886,-4.3796,-16.6932,-12.9568,-19.5084,929230.85,0.9571,62.9,69.4,71.4,45.2,45.2,45.2,-8.4036,-14.0008,-16.0699,-7.5375,-16.6932,-24.4957,-26.6106,15.9292,15.9292
20240808,2436,偉詮電,TWSE,52.9,53.5,51.6,52.2,862852.0,45365934.0,TWSE_RWD_JSON_MI_INDEX,data/daily_price/daily_price_20240808.csv,51.33,56.7525,60.8008,62.3262,56.299,-0.3817,-7.7739,-14.845,-13.0,-19.6923,912718.15,0.9454,62.7,69.4,71.4,45.2,45.2,45.2,-8.0217,-14.1459,-16.2472,-7.2808,-16.7464,-24.7839,-26.8908,15.4867,15.4867
20240809,2436,偉詮電,TWSE,55.0,55.3,53.6,54.4,1258244.0,68721304.0,TWSE_RWD_JSON_MI_INDEX,data/daily_price/daily_price_20240809.csv,51.29,56.4225,60.6992,62.2429,56.1408,4.2146,-0.3663,-10.8197,-10.0826,-15.528,943384.9,1.3338,62.7,69.4,71.4,45.2,45.2,45.2,-3.5846,-10.3777,-12.6005,-3.1007,-13.2376,-21.6138,-23.8095,20.354,20.354
20240812,2436,偉詮電,TWSE,55.1,56.1,54.8,55.8,678645.0,37684614.0,TWSE_RWD_JSON_MI_INDEX,data/daily_price/daily_price_20240812.csv,52.62,56.1325,60.6275,62.1379,56.1124,2.5735,13.53,-9.4156,-7.1547,-18.4211,949694.15,0.7146,62.7,69.4,71.4,45.2,45.2,45.2,-0.5923,-7.9626,-10.1998,-0.5567,-11.0048,-19.5965,-21.8487,23.4513,23.4513
20240813,2436,偉詮電,TWSE,55.5,56.4,54.9,56.3,614939.0,34332369.0,TWSE_RWD_JSON_MI_INDEX,data/daily_price/daily_price_20240813.csv,54.22,55.8675,60.5625,62.0254,56.128,0.8961,16.5631,-8.6039,-6.4784,-19.341,935730.8,0.6572,62.7,69.4,71.4,45.2,45.2,45.2,0.7742,-7.0382,-9.2308,0.3065,-10.2073,-18.8761,-21.1485,24.5575,24.5575
20240814,2436,偉詮電,TWSE,56.7,56.9,55.5,55.7,598829.0,33601250.0,TWSE_RWD_JSON_MI_INDEX,data/daily_price/daily_price_20240814.csv,54.88,55.6075,60.4842,61.9087,56.0923,-1.0657,6.2977,-8.5386,-7.7815,-20.0861,926302.4,0.6465,62.7,69.4,71.4,45.2,45.2,45.2,0.1663,-7.9098,-10.0289,-0.6994,-11.1643,-19.7406,-21.9888,23.2301,23.2301
20240815,2436,偉詮電,TWSE,55.6,58.8,55.3,56.9,1396671.0,79320152.0,TWSE_RWD_JSON_MI_INDEX,data/daily_price/daily_price_20240815.csv,55.82,55.3725,60.4225,61.8062,56.1596,2.1544,9.0038,-7.6299,-6.1056,-17.7746,950569.3,1.4693,62.3,69.4,71.4,45.2,45.2,45.2,2.7586,-5.8298,-7.9381,1.3183,-8.6677,-18.0115,-20.3081,25.885,25.885
20240816,2436,偉詮電,TWSE,56.8,57.1,55.9,56.0,1185366.0,66673487.0,TWSE_RWD_JSON_MI_INDEX,data/daily_price/daily_price_20240816.csv,56.14,55.0925,60.3458,61.6829,56.1463,-1.5817,2.9412,-9.0909,-7.5908,-20.904,980557.25,1.2089,61.2,69.4,71.4,45.2,45.2,45.2,1.6472,-7.2015,-9.2131,-0.2606,-8.4967,-19.3084,-21.5686,23.8938,23.8938
20240819,2436,偉詮電,TWSE,56.5,57.0,55.6,56.6,701978.0,39644274.0,TWSE_RWD_JSON_MI_INDEX,data/daily_price/daily_price_20240819.csv,56.3,54.8975,60.2625,61.5654,56.1841,1.0714,1.4337,-6.4463,-8.1169,-19.9434,959901.85,0.7313,60.5,69.4,71.3,45.2,45.2,45.2,3.1012,-6.0776,-8.0653,0.7402,-6.4463,-18.4438,-20.6171,25.2212,25.2212
20240820,2436,偉詮電,TWSE,56.5,57.1,56.1,56.1,451699.0,25532055.0,TWSE_RWD_CSV_MI_INDEX,data/daily_price/daily_price_20240820.csv,56.26,54.7525,60.1825,61.4546,56.1771,-0.8834,-0.3552,-4.9153,-7.8818,-19.1643,904401.15,0.4994,58.8,69.4,71.3,45.2,45.2,45.2,2.4611,-6.7835,-8.7131,-0.1373,-4.5918,-19.1643,-21.3184,24.115,24.115
20240821,2436,偉詮電,TWSE,56.7,56.8,55.6,55.8,392719.0,22024003.0,TWSE_RWD_JSON_MI_INDEX,data/daily_price/daily_price_20240821.csv,56.28,54.7125,60.0975,61.3371,56.1457,-0.5348,0.1795,-1.4134,-8.3744,-20.1717,852886.0,0.4605,58.8,69.4,71.3,45.2,45.2,45.2,1.9877,-7.1509,-9.0273,-0.6157,-5.102,-19.5965,-21.7391,23.4513,23.4513
20240822,2436,偉詮電,TWSE,56.3,56.3,55.7,55.9,393563.0,22061605.0,TWSE_RWD_JSON_MI_INDEX,data/daily_price/daily_price_20240822.csv,56.08,54.6375,59.9725,61.2371,56.1252,0.1792,-1.7575,-2.6132,-11.8297,-17.673,851364.7,0.4623,58.8,69.4,69.4,45.2,45.2,45.2,2.3107,-6.7906,-8.7154,-0.4013,-4.932,-19.4524,-19.4524,23.6726,23.6726
20240823,2436,偉詮電,TWSE,55.7,56.0,55.1,55.9,510967.0,28391592.0,TWSE_RWD_JSON_MI_INDEX,data/daily_price/daily_price_20240823.csv,56.06,54.6225,59.8275,61.1446,56.1065,0.0,-0.1786,-0.5338,-13.4675,-16.5672,843771.1,0.6056,58.8,69.4,69.4,45.2,45.2,45.2,2.3388,-6.5647,-8.5773,-0.368,-4.932,-19.4524,-19.4524,23.6726,23.6726
20240826,2436,偉詮電,TWSE,56.7,56.9,56.0,56.1,308589.0,17434867.0,TWSE_RWD_JSON_MI_INDEX,data/daily_price/daily_price_20240826.csv,55.96,54.7075,59.6675,61.0562,56.1059,0.3578,-0.8834,3.125,-14.6119,-15.8921,807737.0,0.382,58.8,68.5,69.4,45.2,45.2,45.2,2.5454,-5.979,-8.1175,-0.0105,-4.5918,-18.1022,-19.1643,24.115,24.115
20240827,2436,偉詮電,TWSE,56.5,56.6,55.9,56.2,228684.0,12841869.0,TWSE_RWD_JSON_MI_INDEX,data/daily_price/daily_price_20240827.csv,55.98,54.7875,59.5325,60.9646,56.1138,0.1783,0.1783,2.9304,-12.5972,-16.369,761431.1,0.3003,58.8,68.5,69.4,45.2,45.2,45.2,2.5781,-5.5978,-7.8153,0.1537,-4.4218,-17.9562,-19.0202,24.3363,24.3363
20240828,2436,偉詮電,TWSE,56.7,56.7,56.0,56.5,293801.0,16571044.0,TWSE_RWD_JSON_MI_INDEX,data/daily_price/daily_price_20240828.csv,56.12,54.8725,59.4075,60.8804,56.1459,0.5338,1.2545,3.1022,-11.7188,-15.1652,755700.35,0.3888,58.8,68.5,69.4,45.2,45.2,45.2,2.966,-4.8942,-7.1951,0.6306,-3.9116,-17.5182,-18.5879,25.0,25.0
20240829,2436,偉詮電,TWSE,55.8,56.8,55.8,56.8,331842.0,18761237.0,TWSE_RWD_JSON_MI_INDEX,data/daily_price/daily_price_20240829.csv,56.3,54.8825,59.2458,60.8104,56.2004,0.531,1.61,0.3534,-14.5865,-12.8834,756243.55,0.4388,58.8,66.9,69.4,45.2,45.2,45.2,3.4938,-4.1283,-6.595,1.0668,-3.4014,-15.0972,-18.1556,25.6637,25.6637
20240830,2436,偉詮電,TWSE,57.0,58.1,56.9,57.7,932709.0,53844080.0,TWSE_RWD_JSON_MI_INDEX,data/daily_price/daily_price_20240830.csv,56.66,55.0375,59.1192,60.7546,56.3254,1.5845,3.22,5.6777,-11.6386,-10.4037,776634.95,1.201,58.8,66.2,69.4,45.2,45.2,45.2,4.8376,-2.4005,-5.0277,2.4404,-1.8707,-12.8399,-16.8588,27.6549,27.6549
20240902,2436,偉詮電,TWSE,58.2,58.7,57.5,57.5,588628.0,34149302.0,TWSE_RWD_JSON_MI_INDEX,data/daily_price/daily_price_20240902.csv,56.94,55.455,59.0008,60.7062,56.4233,-0.3466,2.4955,16.9888,-10.9907,-9.1627,716853.8,0.8211,58.8,65.7,69.4,45.2,45.2,45.2,3.6877,-2.5437,-5.2816,1.9083,-2.2109,-12.481,-17.147,27.2124,27.2124
20240903,2436,偉詮電,TWSE,57.5,57.6,56.3,56.3,376118.0,21402002.0,TWSE_RWD_JSON_MI_INDEX,data/daily_price/daily_price_20240903.csv,56.96,55.855,58.8825,60.6404,56.413,-2.087,0.1779,16.5631,-11.1987,-12.3053,649812.3,0.5788,58.8,65.7,69.4,49.0,45.2,45.2,0.7967,-4.3859,-7.1576,-0.2003,-4.2517,-14.3075,-18.8761,24.5575,24.5575
20240904,2436,偉詮電,TWSE,53.8,54.2,51.1,52.8,867076.0,46081712.0,TWSE_RWD_JSON_MI_INDEX,data/daily_price/daily_price_20240904.csv,56.22,55.875,58.6892,60.5371,56.1119,-6.2167,-6.5487,0.7634,-18.0124,-19.0184,648695.95,1.3366,58.8,65.7,69.4,51.1,45.2,45.2,-5.5034,-10.0345,-12.7807,-5.9024,-10.2041,-19.6347,-23.9193,16.8142,16.8142
20240905,2436,偉詮電,TWSE,53.8,54.2,52.5,52.9,286287.0,15263512.0,TWSE_RWD_JSON_MI_INDEX,data/daily_price/daily_price_20240905.csv,55.44,55.91,58.5125,60.4512,55.8443,0.1894,-6.8662,1.341,-16.6929,-16.2975,619867.7,0.4619,58.8,65.7,69.4,51.1,45.2,45.2,-5.3837,-9.592,-12.4915,-5.2723,-10.034,-19.4825,-23.7752,17.0354,17.0354
20240906,2436,偉詮電,TWSE,52.8,53.1,52.2,52.2,368908.0,19377271.0,TWSE_RWD_JSON_MI_INDEX,data/daily_price/daily_price_20240906.csv,54.34,55.8,58.3308,60.3529,55.5406,-1.3233,-9.5321,-4.0441,-17.2742,-18.4375,575400.9,0.6411,58.8,65.7,69.4,51.1,45.2,45.2,-6.4516,-10.5105,-13.5087,-6.0147,-11.2245,-20.5479,-24.7839,15.4867,15.4867
20240909,2436,偉詮電,TWSE,50.6,52.8,50.6,52.7,306937.0,15938729.0,TWSE_RWD_JSON_MI_INDEX,data/daily_price/daily_price_20240909.csv,53.38,55.645,58.1592,60.2696,55.3039,0.9579,-8.3478,-5.5556,-16.3492,-15.949,556815.5,0.5512,58.8,65.7,69.4,50.6,45.2,45.2,-5.2925,-9.3866,-12.5595,-4.7083,-10.3741,-19.7869,-24.0634,16.5929,16.5929
20240910,2436,偉詮電,TWSE,53.0,53.2,50.7,50.8,489481.0,25268271.0,TWSE_RWD_JSON_MI_INDEX,data/daily_price/daily_price_20240910.csv,52.28,55.37,57.9592,60.1654,54.9285,-3.6053,-9.7691,-9.7691,-19.1083,-19.7472,550542.6,0.8891,58.8,65.7,69.4,50.6,45.2,45.2,-8.2536,-12.3521,-15.5661,-7.5162,-13.6054,-22.6788,-26.8012,12.3894,12.3894
20240911,2436,偉詮電,TWSE,51.0,51.6,50.9,51.0,141734.0,7250021.0,TWSE_RWD_JSON_MI_INDEX,data/daily_price/daily_price_20240911.csv,51.92,55.135,57.7258,60.0646,54.6012,0.3937,-3.4091,-8.4381,-21.5385,-19.1759,527687.85,0.2686,58.8,65.4,69.4,50.6,45.2,45.2,-7.4998,-11.6513,-15.0914,-6.5954,-13.2653,-22.0183,-26.513,12.8319,12.8319
20240912,2436,偉詮電,TWSE,51.9,52.3,51.1,52.0,331398.0,17203652.0,TWSE_RWD_JSON_MI_INDEX,data/daily_price/daily_price_20240912.csv,51.74,54.89,57.5208,59.9696,54.3844,1.9608,-1.7013,-8.6116,-19.1291,-17.9811,474424.2,0.6985,58.7,65.4,69.4,50.6,45.2,45.2,-5.2651,-9.598,-13.2894,-4.3844,-11.414,-20.4893,-25.072,15.0442,15.0442
20240913,2436,偉詮電,TWSE,52.4,52.6,51.9,52.3,169415.0,8842751.0,TWSE_RWD_JSON_MI_INDEX,data/daily_price/daily_price_20240913.csv,51.76,54.705,57.3358,59.8688,54.2107,0.5769,0.1916,-6.6071,-17.5079,-18.7888,423626.65,0.3999,58.7,65.4,69.4,50.6,45.2,45.2,-4.3963,-8.783,-12.6422,-3.5246,-10.9029,-20.0306,-24.6398,15.708,15.708
20240916,2436,偉詮電,TWSE,52.7,53.1,52.5,52.7,169526.0,8959398.0,TWSE_RWD_JSON_MI_INDEX,data/daily_price/daily_price_20240916.csv,51.76,54.51,57.1342,59.7671,54.0848,0.7648,0.0,-6.8905,-18.6728,-18.7982,397004.05,0.427,58.7,65.4,69.4,50.6,45.2,45.2,-3.3205,-7.761,-11.8244,-2.5604,-10.2215,-19.419,-24.0634,16.5929,16.5929
20240918,2436,偉詮電,TWSE,53.1,53.3,52.0,52.0,230601.0,12135483.0,TWSE_RWD_JSON_MI_INDEX,data/daily_price/daily_price_20240918.csv,52.0,54.305,56.9242,59.6629,53.9111,-1.3283,2.3622,-7.3084,-19.5046,-19.3798,385949.15,0.5975,58.7,64.6,69.4,50.6,45.2,45.2,-4.2445,-8.6504,-12.8437,-3.5449,-11.414,-19.5046,-25.072,15.0442,15.0442
20240919,2436,偉詮電,TWSE,52.2,53.4,52.1,53.3,360137.0,19113517.0,TWSE_RWD_JSON_MI_INDEX,data/daily_price/daily_price_20240919.csv,52.46,54.18,56.7592,59.5812,53.8602,2.5,4.5098,-4.4803,-15.6646,-15.5309,384320.05,0.9371,58.7,64.1,69.4,50.6,45.2,45.2,-1.6242,-6.0945,-10.5423,-1.04,-9.1993,-16.8487,-23.1988,17.9204,17.9204
20240920,2436,偉詮電,TWSE,54.1,55.4,53.8,53.9,781248.0,42584966.0,TWSE_RWD_JSON_MI_INDEX,data/daily_price/daily_price_20240920.csv,52.84,54.08,56.6158,59.4979,53.8635,1.1257,3.6538,-3.5778,-13.76,-15.6495,403704.3,1.9352,58.7,64.1,69.4,50.6,45.2,45.2,-0.3328,-4.797,-9.4086,0.0678,-8.1772,-15.9126,-22.3343,19.2478,19.2478
20240923,2436,偉詮電,TWSE,55.0,59.2,54.9,59.2,4203514.0,246895629.0,TWSE_RWD_JSON_MI_INDEX,data/daily_price/daily_price_20240923.csv,54.22,54.245,56.5642,59.4662,54.3082,9.833,13.1931,5.9034,-4.9759,-6.0317,588331.65,7.1448,59.2,64.1,69.4,50.6,45.2,45.2,9.1345,4.6599,-0.4477,9.0075,0.0,-7.6443,-14.6974,30.9735,30.9735
20240924,2436,偉詮電,TWSE,62.6,65.1,62.5,63.1,15778668.0,1012389703.0,TWSE_RWD_JSON_MI_INDEX,data/daily_price/daily_price_20240924.csv,56.3,54.595,56.5942,59.4696,55.0408,6.5878,19.7343,12.4777,2.9364,0.638,1361835.6,11.5863,65.1,65.1,69.4,50.6,45.2,45.2,15.5783,11.4956,6.1047,14.6422,-3.0722,-3.0722,-9.0778,39.6018,39.6018
20240925,2436,偉詮電,TWSE,63.9,69.2,63.4,67.9,32190377.0,2150439193.0,TWSE_RWD_JSON_MI_INDEX,data/daily_price/daily_price_20240925.csv,59.48,55.18,56.6942,59.5062,56.1124,7.607,30.5769,20.8185,9.6931,6.9291,2959920.25,10.8754,69.2,69.2,69.4,50.6,45.2,45.2,23.0518,19.7654,14.1057,21.0071,-1.8786,-1.8786,-2.1614,50.2212,50.2212
20240926,2436,偉詮電,TWSE,69.1,69.8,65.7,66.8,22331264.0,1515408120.0,TWSE_RWD_JSON_MI_INDEX,data/daily_price/daily_price_20240926.csv,62.18,55.695,56.7758,59.5396,57.0031,-1.62,25.3283,18.2301,7.916,6.3694,4061793.4,5.4979,69.8,69.8,69.8,50.6,45.2,45.2,19.939,17.6557,12.1943,17.1867,-4.298,-4.298,-4.298,47.7876,47.7876
20240927,2436,偉詮電,TWSE,66.5,66.6,64.1,64.8,8144287.0,531111671.0,TWSE_RWD_JSON_MI_INDEX,data/daily_price/daily_price_20240927.csv,64.36,56.095,56.8458,59.5512,57.6528,-2.994,20.2226,14.0845,6.9307,2.2082,4452415.65,1.8292,69.8,69.8,69.8,50.6,45.2,45.2,15.5183,13.9925,8.8138,12.397,-7.1633,-7.1633,-7.1633,43.3628,43.3628
20240930,2436,偉詮電,TWSE,65.0,65.8,62.7,63.3,5028924.0,322343275.0,TWSE_RWD_JSON_MI_INDEX,data/daily_price/daily_price_20240930.csv,65.18,56.375,56.8625,59.5612,58.1234,-2.3148,6.9257,9.7054,1.6051,1.9324,4657226.4,1.0798,69.8,69.8,69.8,50.6,45.2,45.2,12.2838,11.3212,6.2772,8.9062,-9.3123,-9.3123,-9.3123,40.0442,40.0442
20241001,2436,偉詮電,TWSE,64.4,65.5,63.6,64.5,6023918.0,389177522.0,TWSE_RWD_JSON_MI_INDEX,data/daily_price/daily_price_20241001.csv,65.46,56.725,56.8942,59.5788,58.6548,1.8957,2.2187,12.1739,3.0351,3.3654,4928990.9,1.2221,69.8,69.8,69.8,50.6,45.2,45.2,13.7065,13.3684,8.2601,9.9654,-7.5931,-7.5931,-7.5931,42.6991,42.6991
20241004,2436,偉詮電,TWSE,64.2,64.2,62.6,64.1,3691876.0,234023596.0,TWSE_RWD_JSON_MI_INDEX,data/daily_price/daily_price_20241004.csv,64.7,57.115,56.9008,59.5829,59.1086,-0.6202,-5.5965,13.8544,0.6279,0.7862,5094778.8,0.7246,69.8,69.8,69.8,50.6,45.2,45.2,12.2297,12.6521,7.5812,8.4445,-8.1662,-8.1662,-8.1662,41.8142,41.8142
20241007,2436,偉詮電,TWSE,64.2,64.2,62.9,63.1,4061060.0,257646508.0,TWSE_RWD_JSON_MI_INDEX,data/daily_price/daily_price_20241007.csv,63.96,57.63,56.9042,59.5854,59.4412,-1.5601,-5.5389,19.5076,0.318,0.4777,5254478.0,0.7729,69.8,69.8,69.8,50.6,45.2,45.2,9.4916,10.8882,5.8984,6.1554,-9.5989,-9.5989,-9.5989,39.6018,39.6018
20241008,2436,偉詮電,TWSE,64.0,67.7,63.8,67.6,14732184.0,970488203.0,TWSE_RWD_JSON_MI_INDEX,data/daily_price/daily_price_20241008.csv,64.52,58.365,57.0092,59.6221,60.1211,7.1315,4.321,27.7883,10.2773,6.962,5976772.85,2.4649,69.8,69.8,69.8,50.6,45.2,45.2,15.8228,18.5774,13.3808,12.4398,-3.1519,-3.1519,-3.1519,49.5575,49.5575
20241009,2436,偉詮電,TWSE,66.7,67.2,61.0,61.3,12496342.0,800503846.0,TWSE_RWD_JSON_MI_INDEX,data/daily_price/daily_price_20241009.csv,64.12,58.82,57.0142,59.6246,60.2193,-9.3195,-3.1596,17.433,0.4918,0.4918,6583144.55,1.8982,69.8,69.8,69.8,50.6,45.2,45.2,4.2163,7.5171,2.8099,1.7946,-12.1777,-12.1777,-12.1777,35.6195,35.6195
20241011,2436,偉詮電,TWSE,61.8,61.9,59.0,59.8,6104466.0,367492770.0,TWSE_RWD_JSON_MI_INDEX,data/daily_price/daily_price_20241011.csv,63.18,59.175,56.9842,59.6354,60.1844,-2.447,-7.2868,13.4725,-2.9221,2.2222,6873021.0,0.8882,69.8,69.8,69.8,50.7,45.2,45.2,1.0562,4.9414,0.276,-0.6387,-14.3266,-14.3266,-14.3266,32.3009,32.3009
20241014,2436,偉詮電,TWSE,60.9,60.9,59.5,60.7,1770675.0,106539455.0,TWSE_RWD_JSON_MI_INDEX,data/daily_price/daily_price_20241014.csv,62.5,59.67,56.9692,59.6196,60.2273,1.505,-5.3042,19.4882,-1.461,-3.0351,6937080.7,0.2552,69.8,69.8,69.8,50.9,45.2,45.2,1.7262,6.5489,1.8122,0.7848,-13.0372,-13.0372,-13.0372,34.292,34.292
20241015,2436,偉詮電,TWSE,61.0,61.5,59.6,59.6,2115189.0,127563496.0,TWSE_RWD_JSON_MI_INDEX,data/daily_price/daily_price_20241015.csv,61.8,60.1,56.9475,59.5988,60.1751,-1.8122,-5.5468,16.8627,-2.1346,-4.0258,7035753.45,0.3006,69.8,69.8,69.8,51.1,45.2,45.2,-0.8319,4.6578,0.0021,-0.9557,-14.6132,-14.6132,-14.6132,31.8584,31.8584
20241016,2436,偉詮電,TWSE,59.5,60.0,59.0,59.8,1135729.0,67690462.0,TWSE_RWD_JSON_MI_INDEX,data/daily_price/daily_price_20241016.csv,60.24,60.49,56.9175,59.5921,60.1438,0.3356,-11.5385,15.0,-2.9221,-1.3201,7075970.0,0.1605,69.8,69.8,69.8,51.9,45.2,45.2,-1.1407,5.0643,0.3489,-0.5717,-14.3266,-14.3266,-14.3266,32.3009,32.3009
20241017,2436,偉詮電,TWSE,60.0,60.6,59.5,60.1,1178055.0,70700692.0,TWSE_RWD_JSON_MI_INDEX,data/daily_price/daily_price_20241017.csv,60.0,60.88,56.8925,59.5996,60.1402,0.5017,-1.9576,14.914,-2.4351,1.5203,7126402.0,0.1653,69.8,69.8,69.8,52.0,45.2,45.2,-1.2812,5.6378,0.8396,-0.0668,-13.8968,-13.8968,-13.8968,32.9646,32.9646
20241018,2436,偉詮電,TWSE,60.3,60.4,58.4,58.8,2069788.0,122366849.0,TWSE_RWD_JSON_MI_INDEX,data/daily_price/daily_price_20241018.csv,59.8,61.185,56.8642,59.5854,60.0285,-2.1631,-1.6722,11.575,-2.8099,-2.8099,7221415.1,0.2866,69.8,69.8,69.8,52.0,45.2,45.2,-3.898,3.4043,-1.3181,-2.0465,-15.7593,-15.7593,-15.7593,30.0885,30.0885
20241021,2436,偉詮電,TWSE,59.3,60.6,59.1,60.6,1609910.0,96703167.0,TWSE_RWD_JSON_MI_INDEX,data/daily_price/daily_price_20241021.csv,59.78,61.615,56.8908,59.5762,60.0761,3.0612,-0.1647,16.5385,2.7119,-1.7828,7290380.55,0.2208,69.8,69.8,69.8,52.1,45.2,45.2,-1.6473,6.5198,1.7184,0.872,-13.1805,-13.1805,-13.1805,34.0708,34.0708
20241022,2436,偉詮電,TWSE,60.6,61.7,60.2,61.7,2350460.0,144021424.0,TWSE_RWD_JSON_MI_INDEX,data/daily_price/daily_price_20241022.csv,60.2,62.035,56.9758,59.5762,60.2114,1.8152,3.5235,15.7598,9.0106,0.0,7389896.7,0.3181,69.8,69.8,69.8,53.8,45.2,45.2,-0.54,8.2915,3.5648,2.4722,-11.6046,-11.6046,-11.6046,36.5044,36.5044
20241023,2436,偉詮電,TWSE,61.7,62.2,60.9,61.8,1519256.0,93413972.0,TWSE_RWD_JSON_MI_INDEX,data/daily_price/daily_price_20241023.csv,60.6,62.43,57.0492,59.5846,60.3438,0.1621,3.3445,14.6568,7.6655,1.6447,7426797.1,0.2046,69.8,69.8,69.8,54.9,45.2,45.2,-1.0091,8.3276,3.7181,2.4131,-11.4613,-11.4613,-11.4613,36.7257,36.7257
20241024,2436,偉詮電,TWSE,61.9,62.0,60.6,61.2,1549284.0,94852369.0,TWSE_RWD_JSON_MI_INDEX,data/daily_price/daily_price_20241024.csv,60.82,62.53,57.1325,59.5796,60.4152,-0.9709,1.8303,3.3784,8.8968,-0.9709,7294085.6,0.2124,69.8,69.8,69.8,58.4,45.2,45.2,-2.127,7.1194,2.7198,1.2991,-12.3209,-12.3209,-12.3209,35.3982,35.3982
20241025,2436,偉詮電,TWSE,61.5,61.9,60.3,61.4,1235407.0,75394782.0,TWSE_RWD_JSON_MI_INDEX,data/daily_price/daily_price_20241025.csv,61.34,62.445,57.2492,59.5762,60.4972,0.3268,4.4218,-2.6941,12.8676,-0.6472,6566922.55,0.1881,69.8,69.8,69.8,58.4,45.2,45.2,-1.6735,7.2505,3.0612,1.4922,-12.0344,-12.0344,-12.0344,35.8407,35.8407
20241028,2436,偉詮電,TWSE,61.4,61.7,60.3,60.6,1097762.0,66716785.0,TWSE_RWD_JSON_MI_INDEX,data/daily_price/daily_price_20241028.csv,61.34,62.08,57.3492,59.5688,60.5058,-1.3029,0.0,-10.7511,10.989,-1.4634,5012291.8,0.219,69.8,69.8,69.8,58.4,45.2,45.2,-2.384,5.6685,1.7312,0.1557,-13.1805,-13.1805,-13.1805,34.0708,34.0708
20241029,2436,偉詮電,TWSE,60.5,60.5,59.3,59.6,834778.0,49863631.0,TWSE_RWD_JSON_MI_INDEX,data/daily_price/daily_price_20241029.csv,60.92,61.72,57.4292,59.5538,60.4303,-1.6502,-3.4036,-10.7784,8.7591,-2.9316,3937467.5,0.212,67.7,69.8,69.8,58.4,45.2,45.2,-3.4349,3.78,0.0777,-1.374,-11.9645,-14.6132,-14.6132,31.8584,31.8584
20241030,2436,偉詮電,TWSE,59.9,59.9,58.8,58.8,808406.0,47764528.0,TWSE_RWD_JSON_MI_INDEX,data/daily_price/daily_price_20241030.csv,60.32,61.42,57.4658,59.5304,60.2945,-1.3423,-4.8544,-9.2593,3.8869,-4.5455,3570673.45,0.2264,67.7,69.8,69.8,58.4,45.2,45.2,-4.2657,2.3217,-1.227,-2.4786,-13.1462,-15.7593,-15.7593,30.0885,30.0885
20241101,2436,偉詮電,TWSE,57.4,58.4,56.2,58.3,1081500.0,62341920.0,TWSE_RWD_JSON_MI_INDEX,data/daily_price/daily_price_20241101.csv,59.74,61.17,57.5275,59.5054,60.1282,-0.8503,-4.7386,-7.8989,6.7766,-4.894,3373302.25,0.3206,67.7,69.8,69.8,56.2,45.2,45.2,-4.6918,1.3428,-2.0257,-3.0406,-13.8848,-16.4756,-16.4756,28.9823,28.9823
20241104,2436,偉詮電,TWSE,58.7,58.7,57.6,57.8,454447.0,26286885.0,TWSE_RWD_JSON_MI_INDEX,data/daily_price/daily_price_20241104.csv,59.02,60.835,57.6717,59.4712,59.9342,-0.8576,-5.8632,-10.3876,17.5992,-6.6236,3094828.7,0.1468,67.7,69.8,69.8,56.2,45.2,45.2,-4.9889,0.2225,-2.8102,-3.561,-14.6233,-17.192,-17.192,27.8761,27.8761
20241105,2436,偉詮電,TWSE,57.7,58.4,57.3,57.3,543789.0,31389634.0,TWSE_RWD_JSON_MI_INDEX,data/daily_price/daily_price_20241105.csv,58.36,60.495,57.8217,59.4412,59.7147,-0.8651,-5.4455,-10.6084,18.6335,-5.9113,2937424.35,0.1851,67.7,69.8,69.8,56.2,49.0,45.2,-5.2814,-0.9022,-3.6023,-4.0437,-15.3619,-17.9083,-17.9083,16.9388,26.7699
20241106,2436,偉詮電,TWSE,57.4,57.5,56.4,56.6,948367.0,53854336.0,TWSE_RWD_JSON_MI_INDEX,data/daily_price/daily_price_20241106.csv,57.76,60.17,57.8917,59.4112,59.4552,-1.2216,-5.0336,-10.3011,8.0153,-5.9801,2781789.7,0.3409,67.7,69.8,69.8,56.2,50.6,45.2,-5.9332,-2.2312,-4.7318,-4.8022,-16.3959,-18.9112,-18.9112,11.8577,25.2212
20241107,2436,偉詮電,TWSE,56.2,57.1,56.2,56.5,1175646.0,66516506.0,TWSE_RWD_JSON_MI_INDEX,data/daily_price/daily_price_20241107.csv,57.3,59.615,57.9633,59.3821,59.2089,-0.1767,-3.9116,-16.4201,8.2375,-5.8333,2103962.8,0.5588,67.2,69.8,69.8,56.2,50.6,45.2,-5.2252,-2.5246,-4.8535,-4.5751,-15.9226,-19.0544,-19.0544,11.6601,25.0
20241108,2436,偉詮電,TWSE,56.7,56.7,53.7,54.3,2747369.0,150230982.0,TWSE_RWD_JSON_MI_INDEX,data/daily_price/daily_price_20241108.csv,56.5,59.265,57.9617,59.3304,58.7998,-3.8938,-6.8611,-11.4192,-0.1838,-10.2479,1616514.15,1.6996,62.2,69.8,69.8,53.7,50.6,45.2,-8.3776,-6.3174,-8.4786,-7.6528,-12.701,-22.2063,-22.2063,7.3123,20.1327
20241111,2436,偉詮電,TWSE,54.3,54.7,53.6,54.6,774962.0,41966836.0,TWSE_RWD_JSON_MI_INDEX,data/daily_price/daily_price_20241111.csv,55.86,59.005,57.9417,59.2846,58.4498,0.5525,-5.5363,-8.6957,-2.1505,-9.1514,1350038.95,0.574,62.2,69.8,69.8,53.6,50.6,45.2,-7.4655,-5.7673,-7.9019,-6.5866,-12.2186,-21.7765,-21.7765,7.9051,20.7965
20241112,2436,偉詮電,TWSE,54.2,55.1,53.5,53.7,900741.0,48632092.0,TWSE_RWD_JSON_MI_INDEX,data/daily_price/daily_price_20241112.csv,55.14,58.655,57.8983,59.2304,58.054,-1.6484,-6.2827,-11.5321,-4.6181,-10.7973,1306542.25,0.6894,62.2,69.8,69.8,53.5,50.6,45.2,-8.4477,-7.2512,-9.3371,-7.4999,-13.6656,-23.0659,-23.0659,6.1265,18.8053
20241113,2436,偉詮電,TWSE,53.7,54.4,53.2,53.8,683646.0,36839661.0,TWSE_RWD_JSON_MI_INDEX,data/daily_price/daily_price_20241113.csv,54.58,58.365,57.8667,59.1754,57.6995,0.1862,-4.947,-9.7315,-3.4111,-10.9272,1234965.1,0.5536,62.2,69.8,69.8,53.2,50.6,45.2,-7.8215,-7.0276,-9.0839,-6.7583,-13.5048,-22.9226,-22.9226,6.3241,19.0265
20241114,2436,偉詮電,TWSE,53.7,54.0,52.0,52.0,894026.0,47153496.0,TWSE_RWD_JSON_MI_INDEX,data/daily_price/daily_price_20241114.csv,53.68,57.975,57.785,59.1038,57.2246,-3.3457,-7.9646,-13.0435,-8.6116,-14.1914,1222879.95,0.7311,62.2,69.8,69.8,52.0,50.6,45.2,-10.3062,-10.0112,-12.0191,-9.1299,-16.3987,-25.5014,-25.5014,2.7668,15.0442
20241115,2436,偉詮電,TWSE,52.5,52.9,51.9,52.2,499045.0,26107305.0,TWSE_RWD_JSON_MI_INDEX,data/daily_price/daily_price_20241115.csv,53.26,57.58,57.7217,59.0338,56.8058,0.3846,-3.8674,-13.1448,-6.7857,-13.8614,1188929.45,0.4197,62.2,69.8,69.8,51.9,50.6,45.2,-9.3435,-9.566,-11.576,-8.108,-16.0772,-25.2149,-25.2149,3.1621,15.4867
20241118,2436,偉詮電,TWSE,51.9,52.0,51.3,51.4,545489.0,28128900.0,TWSE_RWD_JSON_MI_INDEX,data/daily_price/daily_price_20241118.csv,52.62,57.21,57.635,58.9488,56.3554,-1.5326,-5.8608,-12.585,-9.1873,-16.5584,1112714.5,0.4902,62.2,69.8,69.8,51.3,50.6,45.2,-10.1556,-10.8181,-12.8056,-8.793,-17.3633,-26.361,-26.361,1.581,13.7168
20241119,2436,偉詮電,TWSE,52.0,53.2,51.0,52.6,704191.0,36818189.0,TWSE_RWD_CSV_MI_INDEX,data/daily_price/daily_price_20241119.csv,52.4,56.81,57.5767,58.8796,56.0424,2.3346,-2.0484,-13.2013,-6.2389,-13.6289,1067428.55,0.6597,62.2,69.8,69.8,51.0,50.6,45.2,-7.4107,-8.6435,-10.6651,-6.1425,-15.4341,-24.6418,-24.6418,3.9526,16.3717
20241120,2436,偉詮電,TWSE,52.6,52.7,52.0,52.0,537260.0,28015909.0,TWSE_RWD_JSON_MI_INDEX,data/daily_price/daily_price_20241120.csv,52.04,56.325,57.5133,58.8054,55.7055,-1.1407,-3.3457,-15.7212,-6.81,-14.6141,976768.55,0.55,62.2,69.8,69.8,51.0,50.6,45.2,-7.6787,-9.5862,-11.5728,-6.652,-16.3987,-25.5014,-25.5014,2.7668,15.0442
20241121,2436,偉詮電,TWSE,52.1,53.2,51.6,52.7,436496.0,22946671.0,TWSE_RWD_JSON_MI_INDEX,data/daily_price/daily_price_20241121.csv,52.18,55.87,57.46,58.7162,55.4551,1.3462,1.3462,-14.7249,-5.7245,-16.877,922630.55,0.4731,62.0,69.8,69.8,51.0,50.6,45.2,-5.6739,-8.284,-10.2463,-4.9681,-15.0,-24.4986,-24.4986,4.1502,16.5929
20241122,2436,偉詮電,TWSE,53.1,53.5,52.7,52.7,449363.0,23836021.0,TWSE_RWD_JSON_MI_INDEX,data/daily_price/daily_price_20241122.csv,52.28,55.445,57.4067,58.6171,55.2255,0.0,0.9579,-13.8889,-5.7245,-18.4211,867634.5,0.5179,61.9,69.8,69.8,51.0,50.6,45.2,-4.9509,-8.1988,-10.0945,-4.573,-14.8627,-24.4986,-24.4986,4.1502,16.5929
20241125,2436,偉詮電,TWSE,53.3,54.7,53.0,54.5,905124.0,49071556.0,TWSE_RWD_JSON_MI_INDEX,data/daily_price/daily_price_20241125.csv,52.9,55.1,57.38,58.5238,55.165,3.4156,6.0311,-11.2378,-2.852,-17.0472,851120.35,1.0635,61.7,69.8,69.8,51.0,50.6,45.2,-1.0889,-5.0192,-6.8754,-1.2055,-11.6694,-21.9198,-21.9198,7.7075,20.5752
20241126,2436,偉詮電,TWSE,54.5,54.5,53.6,53.6,444834.0,23995698.0,TWSE_RWD_JSON_MI_INDEX,data/daily_price/daily_price_20241126.csv,53.1,54.75,57.3367,58.4346,55.0346,-1.6514,1.9011,-11.5512,-4.6263,-16.6407,818473.95,0.5435,60.5,69.8,69.8,51.0,50.6,45.2,-2.1005,-6.5171,-8.2735,-2.6067,-11.405,-23.2092,-23.2092,5.9289,18.5841
20241127,2436,偉詮電,TWSE,53.9,54.0,52.1,52.1,482216.0,25422903.0,TWSE_RWD_JSON_MI_INDEX,data/daily_price/daily_price_20241127.csv,53.12,54.375,57.2633,58.3354,54.7901,-2.7985,0.1923,-12.5839,-7.7876,-18.5937,800845.85,0.6021,59.9,69.8,69.8,51.0,50.6,45.2,-4.1839,-9.0168,-10.6889,-4.9098,-13.0217,-25.3582,-25.3582,2.9644,15.2655
20241128,2436,偉詮電,TWSE,52.1,52.3,50.7,51.1,570086.0,29206774.0,TWSE_RWD_JSON_MI_INDEX,data/daily_price/daily_price_20241128.csv,52.8,53.99,57.1683,58.2071,54.4826,-1.9194,-3.0361,-13.0952,-10.0352,-23.1579,788929.85,0.7226,58.7,69.8,69.8,50.7,50.6,45.2,-5.3528,-10.6149,-12.21,-6.2085,-12.9472,-26.7908,-26.7908,0.9881,13.0531
20241129,2436,偉詮電,TWSE,50.8,51.7,50.4,51.1,631238.0,32258658.0,TWSE_RWD_JSON_MI_INDEX,data/daily_price/daily_price_20241129.csv,52.48,53.63,57.0583,58.0888,54.2007,0.0,-3.0361,-12.3499,-11.4385,-21.7458,766416.75,0.8236,58.7,69.8,69.8,50.4,50.4,45.2,-4.7175,-10.4425,-12.0312,-5.7207,-12.9472,-26.7908,-26.7908,1.3889,13.0531
20241202,2436,偉詮電,TWSE,51.6,52.1,51.5,52.1,351483.0,18210730.0,TWSE_RWD_JSON_MI_INDEX,data/daily_price/daily_price_20241202.csv,52.0,53.345,56.9683,57.9846,54.0256,1.9569,-4.4037,-9.8616,-9.3913,-19.3498,761268.55,0.4617,58.4,69.8,69.8,50.4,50.4,45.2,-2.3339,-8.5457,-10.1485,-3.5643,-10.7877,-25.3582,-25.3582,3.373,15.2655
20241203,2436,偉詮電,TWSE,53.0,53.0,52.0,52.3,325669.0,17082352.0,TWSE_RWD_JSON_MI_INDEX,data/daily_price/daily_price_20241203.csv,51.74,53.095,56.9017,57.8921,53.8818,0.3839,-2.4254,-8.726,-7.1048,-17.5079,750362.55,0.434,57.5,69.8,69.8,50.4,50.4,45.2,-1.4973,-8.0871,-9.6595,-2.9357,-9.0435,-25.0716,-25.0716,3.7698,15.708
20241204,2436,偉詮電,TWSE,53.2,54.6,53.2,54.2,1659394.0,89633760.0,TWSE_RWD_JSON_MI_INDEX,data/daily_price/daily_price_20241204.csv,52.16,52.975,56.925,57.8071,53.9083,3.6329,4.0307,-4.2403,2.6515,-15.8385,785913.9,2.1114,57.1,69.8,69.8,50.4,50.4,45.2,2.3124,-4.787,-6.2399,0.541,-5.0788,-22.3496,-22.3496,7.5397,19.9115
20241205,2436,偉詮電,TWSE,54.9,57.9,54.3,57.7,4916413.0,278143442.0,TWSE_RWD_JSON_MI_INDEX,data/daily_price/daily_price_20241205.csv,53.48,53.035,57.005,57.7588,54.2243,6.4576,12.9159,2.1239,9.0737,-9.1339,972952.25,5.0531,57.9,69.8,69.8,50.4,50.4,45.2,8.7961,1.2192,-0.1017,6.4098,-0.3454,-17.3352,-17.3352,14.4841,27.6549
20241206,2436,偉詮電,TWSE,59.4,63.4,59.4,63.4,11170009.0,702509369.0,TWSE_RWD_JSON_MI_INDEX,data/daily_price/daily_price_20241206.csv,55.94,53.49,57.1917,57.7612,54.9889,9.8787,24.0705,16.7587,21.4559,0.4754,1394084.25,8.0124,63.4,69.8,69.8,50.4,50.4,45.2,18.5268,10.8553,9.7622,15.2959,0.0,-9.1691,-9.1691,25.7937,40.2655
20241209,2436,偉詮電,TWSE,63.7,64.1,58.5,59.3,16517245.0,1007303645.0,TWSE_RWD_JSON_MI_INDEX,data/daily_price/daily_price_20241209.csv,57.38,53.725,57.3017,57.7304,55.3482,-6.4669,13.8196,8.6081,12.5237,-5.873,2181198.4,7.5726,64.1,69.8,69.8,50.4,50.4,45.2,10.3769,3.4874,2.7188,7.1399,-7.4883,-15.043,-15.043,17.6587,31.1947
20241210,2436,偉詮電,TWSE,59.5,62.3,59.3,60.0,9154045.0,555092729.0,TWSE_RWD_JSON_MI_INDEX,data/daily_price/daily_price_20241210.csv,58.92,54.04,57.455,57.7071,55.7359,1.1804,14.7228,11.7318,18.1102,-4.4586,2593863.6,3.5291,64.1,69.8,69.8,50.4,50.4,45.2,11.0289,4.4296,3.9734,7.6506,-6.3963,-14.0401,-14.0401,19.0476,32.7434
20241211,2436,偉詮電,TWSE,59.2,59.9,57.5,57.9,2994401.0,174761774.0,TWSE_RWD_JSON_MI_INDEX,data/daily_price/daily_price_20241211.csv,59.66,54.245,57.57,57.6479,55.9162,-3.5,6.8266,7.6208,13.5294,-10.9231,2709401.35,1.1052,64.1,69.8,69.8,50.4,50.4,45.2,6.7379,0.5732,0.4373,3.5478,-9.6724,-17.0487,-17.0487,14.881,28.0973
20241212,2436,偉詮電,TWSE,58.5,58.8,56.5,56.8,1911754.0,109897518.0,TWSE_RWD_JSON_MI_INDEX,data/daily_price/daily_price_20241212.csv,59.48,54.485,57.65,57.5854,55.9898,-1.8998,-1.5598,9.2308,9.2308,-11.6641,2760287.75,0.6926,64.1,69.8,69.8,50.4,50.4,45.2,4.2489,-1.4744,-1.3639,1.447,-11.3885,-18.6246,-18.6246,12.6984,25.6637
20241213,2436,偉詮電,TWSE,56.6,56.6,54.8,55.3,1609225.0,89193962.0,TWSE_RWD_JSON_MI_INDEX,data/daily_price/daily_price_20241213.csv,57.86,54.64,57.7,57.5179,55.9324,-2.6408,-12.776,5.9387,5.7361,-12.776,2815796.75,0.5715,64.1,69.8,69.8,50.4,50.4,45.2,1.2079,-4.1594,-3.856,-1.1306,-13.7285,-20.7736,-20.7736,9.7222,22.3451
20241216,2436,偉詮電,TWSE,55.7,56.3,54.6,54.6,1233977.0,68160386.0,TWSE_RWD_JSON_MI_INDEX,data/daily_price/daily_price_20241216.csv,56.92,54.8,57.7317,57.4329,55.8213,-1.2658,-7.9258,6.2257,3.6053,-15.7407,2850221.15,0.4329,64.1,69.8,69.8,50.4,50.4,45.2,-0.365,-5.4245,-4.9326,-2.1879,-14.8206,-21.7765,-21.7765,8.3333,20.7965
20241217,2436,偉詮電,TWSE,54.6,57.5,54.6,57.1,1603665.0,90669098.0,TWSE_RWD_JSON_MI_INDEX,data/daily_price/daily_price_20241217.csv,56.34,55.025,57.8167,57.3704,55.9279,4.5788,-4.8333,8.5551,9.8077,-11.6099,2895194.85,0.5539,64.1,69.8,69.8,50.4,50.4,45.2,3.771,-1.2396,-0.4714,2.0958,-10.9204,-18.1948,-18.1948,13.2937,26.3274
20241218,2436,偉詮電,TWSE,57.9,57.9,55.8,56.1,1051751.0,59299429.0,TWSE_RWD_JSON_MI_INDEX,data/daily_price/daily_price_20241218.csv,55.98,55.23,57.8633,57.3112,55.9422,-1.7513,-3.1088,7.8846,5.2533,-11.2342,2920919.4,0.3601,64.1,69.8,69.8,50.4,50.4,45.2,1.5752,-3.0474,-2.1135,0.282,-12.4805,-19.6275,-19.6275,11.3095,24.115
20241219,2436,偉詮電,TWSE,54.8,55.8,54.6,55.7,956306.0,52798201.0,TWSE_RWD_JSON_MI_INDEX,data/daily_price/daily_price_20241219.csv,55.76,55.38,57.8933,57.2546,55.922,-0.713,-1.9366,5.6926,3.3395,-10.88,2946909.9,0.3245,64.1,69.8,69.8,50.4,50.4,45.2,0.5778,-3.7886,-2.7152,-0.3971,-13.1045,-20.2006,-20.2006,10.5159,23.2301
20241220,2436,偉詮電,TWSE,55.7,56.0,55.0,55.0,825745.0,45725225.0,TWSE_RWD_JSON_MI_INDEX,data/daily_price/daily_price_20241220.csv,55.7,55.495,57.8233,57.1938,55.8452,-1.2567,-0.5425,4.3643,-7.0946,-11.7175,2965729.0,0.2784,64.1,69.8,69.8,50.4,50.4,45.2,-0.892,-4.8827,-3.8356,-1.5135,-14.1966,-21.2034,-21.2034,9.127,21.6814
20241223,2436,偉詮電,TWSE,55.7,56.7,55.5,56.0,843959.0,47472718.0,TWSE_RWD_JSON_MI_INDEX,data/daily_price/daily_price_20241223.csv,55.98,55.57,57.705,57.1496,55.8581,1.8182,2.5641,2.7523,-11.252,-8.646,2962670.75,0.2849,64.1,69.8,69.8,50.4,50.4,45.2,0.7738,-2.9547,-2.0115,0.254,-12.6365,-19.7708,-19.7708,11.1111,23.8938
20241224,2436,偉詮電,TWSE,56.8,56.8,54.9,54.9,783490.0,43481929.0,TWSE_RWD_JSON_MI_INDEX,data/daily_price/daily_price_20241224.csv,55.54,55.635,57.4883,57.0912,55.7783,-1.9643,-3.8529,2.4254,-19.1458,-11.3086,2979603.55,0.263,64.1,69.8,69.8,50.4,50.4,45.2,-1.3211,-4.5024,-3.8382,-1.5746,-14.3526,-21.3467,-21.3467,8.9286,21.4602
20241225,2436,偉詮電,TWSE,55.7,55.9,55.0,55.3,548491.0,30326863.0,TWSE_RWD_JSON_MI_INDEX,data/daily_price/daily_price_20241225.csv,55.38,55.795,57.2967,57.0362,55.7384,0.7286,-1.426,6.142,-17.2156,-10.6624,2982917.3,0.1839,64.1,67.7,69.8,50.4,50.4,45.2,-0.8872,-3.4848,-3.0441,-0.7865,-13.7285,-18.3161,-20.7736,9.7222,22.3451
20241226,2436,偉詮電,TWSE,55.4,57.3,55.4,56.1,1023694.0,57576071.0,TWSE_RWD_JSON_MI_INDEX,data/daily_price/daily_price_20241226.csv,55.46,56.045,57.1517,56.9987,55.7685,1.4467,0.7181,9.7847,-13.4259,-7.4257,3005597.7,0.3406,64.1,67.7,69.8,50.4,50.4,45.2,0.0981,-1.8401,-1.5768,0.5943,-12.4805,-17.1344,-19.6275,11.3095,24.115
20241227,2436,偉詮電,TWSE,56.3,57.7,56.1,56.7,2401205.0,136708753.0,TWSE_RWD_JSON_MI_INDEX,data/daily_price/daily_price_20241227.csv,55.8,56.325,57.0417,56.9521,55.8462,1.0695,3.0909,10.9589,-10.4265,-8.9888,3094096.05,0.7761,64.1,67.7,69.8,51.5,50.4,45.2,0.6658,-0.599,-0.4426,1.5289,-11.5445,-16.2482,-18.7679,12.5,25.4425
20241230,2436,偉詮電,TWSE,56.7,56.7,55.5,55.8,628235.0,35031765.0,TWSE_RWD_JSON_MI_INDEX,data/daily_price/daily_price_20241230.csv,55.76,56.51,56.8967,56.8954,55.8423,-1.5873,-0.3571,7.1017,-13.4884,-10.8626,3107933.65,0.2021,64.1,67.7,69.8,52.0,50.4,45.2,-1.2564,-1.9275,-1.9253,-0.0758,-12.9485,-17.5775,-20.0573,10.7143,23.4513
20241231,2436,偉詮電,TWSE,55.8,55.8,55.1,55.4,646916.0,35848022.0,TWSE_RWD_JSON_MI_INDEX,data/daily_price/daily_price_20241231.csv,55.86,56.665,56.7517,56.8262,55.8055,-0.7168,0.9107,5.9273,-13.5725,-13.0298,3123996.0,0.2071,64.1,67.7,69.8,53.2,50.4,45.2,-2.2324,-2.3817,-2.5098,-0.7266,-13.5725,-18.1684,-20.6304,9.9206,22.5664
20250102,2436,偉詮電,TWSE,55.4,56.0,54.5,54.5,668714.0,36795389.0,TWSE_RWD_JSON_MI_INDEX,data/daily_price/daily_price_20250102.csv,55.7,56.68,56.6083,56.7562,55.6967,-1.6245,-1.4467,0.5535,-13.6292,-13.3545,3074462.0,0.2175,64.1,67.7,69.8,54.3,50.4,45.2,-3.8462,-3.7244,-3.9753,-2.1485,-14.9766,-19.4978,-21.9198,8.1349,20.5752
20250103,2436,偉詮電,TWSE,55.1,55.5,53.5,53.6,656198.0,35490606.0,TWSE_RWD_JSON_MI_INDEX,data/daily_price/daily_price_20250103.csv,55.2,56.475,56.375,56.6921,55.5219,-1.6514,-4.4563,-7.1057,-20.7101,-12.5612,2861451.25,0.2293,64.1,67.2,69.8,53.5,50.4,45.2,-5.0907,-4.9224,-5.4542,-3.4616,-16.3807,-20.2381,-23.2092,6.3492,18.5841
20250106,2436,偉詮電,TWSE,54.0,55.8,53.8,55.2,1012365.0,55728485.0,TWSE_RWD_CSV_MI_INDEX,data/daily_price/daily_price_20250106.csv,54.9,56.065,56.2733,56.6438,55.4951,2.9851,-2.6455,-12.9338,-9.9511,-9.5082,2353569.05,0.4301,64.1,64.1,69.8,53.5,50.4,45.2,-1.5429,-1.9074,-2.5488,-0.5318,-13.8846,-13.8846,-20.9169,9.5238,22.1239
20250107,2436,偉詮電,TWSE,55.5,55.7,54.1,54.2,779511.0,42566746.0,TWSE_RWD_JSON_MI_INDEX,data/daily_price/daily_price_20250107.csv,54.58,55.81,56.18,56.5821,55.3872,-1.8116,-2.8674,-8.6003,-9.3645,-12.013,1566682.35,0.4976,62.3,64.1,69.8,53.5,50.4,45.2,-2.8848,-3.5244,-4.21,-2.1434,-13.0016,-15.4446,-22.3496,7.5397,19.9115
20250108,2436,偉詮電,TWSE,54.0,54.6,53.7,54.1,450593.0,24369111.0,TWSE_RWD_JSON_MI_INDEX,data/daily_price/daily_price_20250108.csv,54.32,55.515,56.07,56.5196,55.2799,-0.1845,-2.3466,-9.8333,-10.8731,-12.1753,1131509.75,0.3982,59.9,64.1,69.8,53.5,50.4,45.2,-2.5489,-3.5135,-4.281,-2.1345,-9.6828,-15.6006,-22.4928,7.3413,19.6903
20250109,2436,偉詮電,TWSE,54.1,55.3,53.5,53.5,894601.0,48514096.0,TWSE_RWD_JSON_MI_INDEX,data/daily_price/daily_price_20250109.csv,54.12,55.295,55.9683,56.4579,55.1316,-1.1091,-1.8349,-7.5993,-10.2349,-12.1511,1026519.75,0.8715,58.8,64.1,69.8,53.5,50.4,45.2,-3.2462,-4.4102,-5.2392,-2.9595,-9.0136,-16.5367,-23.3524,6.1508,18.3628
20250110,2436,偉詮電,TWSE,53.5,53.7,52.3,52.5,684877.0,36157121.0,TWSE_RWD_JSON_MI_INDEX,data/daily_price/daily_price_20250110.csv,53.9,55.08,55.8467,56.3821,54.9123,-1.8692,-2.0522,-7.5704,-12.2074,-14.7727,965175.9,0.7096,57.9,64.1,69.8,52.3,50.4,45.2,-4.6841,-5.9926,-6.8853,-4.393,-9.3264,-18.0967,-24.7851,4.1667,16.1504
20250113,2436,偉詮電,TWSE,52.3,52.3,50.4,51.6,776820.0,39766063.0,TWSE_RWD_JSON_MI_INDEX,data/daily_price/daily_price_20250113.csv,53.18,54.895,55.705,56.2988,54.6363,-1.7143,-6.5217,-6.6908,-14.1431,-16.2338,923555.65,0.8411,57.9,64.1,69.8,50.4,50.4,45.2,-6.0024,-7.3692,-8.3461,-5.5572,-10.8808,-19.5008,-26.0745,2.381,14.1593
20250114,2436,偉詮電,TWSE,52.2,53.6,52.1,53.6,724821.0,38349748.0,TWSE_RWD_JSON_MI_INDEX,data/daily_price/daily_price_20250114.csv,53.06,54.845,55.6183,56.2412,54.5499,3.876,-1.107,-1.8315,-8.8435,-11.405,898097.85,0.8071,57.9,64.1,69.8,50.4,50.4,45.2,-2.27,-3.6289,-4.6963,-1.7414,-7.4266,-16.3807,-23.2092,6.3492,18.5841
20250115,2436,偉詮電,TWSE,53.3,53.6,52.9,53.1,354828.0,18886194.0,TWSE_RWD_JSON_MI_INDEX,data/daily_price/daily_price_20250115.csv,52.86,54.645,55.4933,56.1921,54.4291,-0.9328,-1.8484,-7.0053,-12.3762,-10.0,835656.0,0.4246,57.9,64.1,69.8,50.4,50.4,45.2,-2.8273,-4.3128,-5.5027,-2.4419,-8.2902,-17.1607,-23.9255,5.3571,17.4779
20250116,2436,偉詮電,TWSE,53.8,54.7,53.4,54.6,685836.0,37210931.0,TWSE_RWD_JSON_MI_INDEX,data/daily_price/daily_price_20250116.csv,53.08,54.57,55.375,56.1754,54.4433,2.8249,2.0561,-2.6738,-11.5073,-3.5336,817360.25,0.8391,57.7,64.1,69.8,50.4,50.4,45.2,0.055,-1.3995,-2.8045,0.2878,-5.3726,-14.8206,-21.7765,8.3333,20.7965
20250117,2436,偉詮電,TWSE,48.45,48.45,47.3,47.45,1040869.0,49584726.0,TWSE_RWD_JSON_MI_INDEX,data/daily_price/daily_price_20250117.csv,52.07,54.1575,55.1358,56.0925,53.8606,-13.0952,-9.619,-14.8115,-23.2201,-17.3345,821588.4,1.2669,57.7,64.1,69.8,47.3,47.3,45.2,-12.3852,-13.9398,-15.4076,-11.9021,-17.7643,-25.975,-32.0201,0.3171,4.9779
20250120,2436,偉詮電,TWSE,55.0,57.1,54.5,56.3,1743128.0,97564534.0,TWSE_RWD_JSON_MI_INDEX,data/daily_price/daily_price_20250120.csv,53.01,54.2225,55.0542,56.0933,54.0638,18.6512,9.1085,2.3636,-8.0065,0.1779,867457.55,2.0095,57.7,64.1,69.8,47.3,47.3,45.2,3.8314,2.2629,0.3684,4.1361,-2.4263,-12.1685,-19.341,19.0275,24.5575
20250121,2436,偉詮電,TWSE,55.2,55.6,54.7,54.8,1281778.0,70529392.0,TWSE_RWD_JSON_MI_INDEX,data/daily_price/daily_price_20250121.csv,53.25,54.1625,54.9442,56.0967,54.1252,-2.6643,2.2388,-2.1429,-10.7492,0.7353,889348.5,1.4413,57.7,64.1,69.8,47.3,47.3,45.2,1.177,-0.2624,-2.3115,1.2468,-5.026,-14.5086,-21.49,15.8562,21.2389
20250122,2436,偉詮電,TWSE,55.3,55.3,54.7,55.1,849158.0,46742656.0,TWSE_RWD_JSON_MI_INDEX,data/daily_price/daily_price_20250122.csv,53.65,54.1725,54.8525,56.1008,54.2064,0.5474,3.7665,0.3643,-9.0759,0.9158,892631.9,0.9513,57.7,64.1,69.8,47.3,47.3,45.2,1.7121,0.4512,-1.784,1.6485,-4.5061,-14.0406,-21.0602,16.4905,21.9027
20250203,2436,偉詮電,TWSE,54.0,54.5,53.3,53.9,794006.0,42818142.0,TWSE_RWD_JSON_MI_INDEX,data/daily_price/daily_price_20250203.csv,53.51,54.1025,54.7575,56.0933,54.1809,-2.1779,-1.2821,-2.5316,-9.5638,-1.6423,904907.65,0.8774,57.7,64.1,69.8,47.3,47.3,45.2,-0.3743,-1.566,-3.9101,-0.5184,-6.5858,-15.9126,-22.7794,13.9535,19.2478
20250204,2436,偉詮電,TWSE,54.6,55.5,54.0,55.1,511770.0,28031001.0,TWSE_RWD_JSON_MI_INDEX,data/daily_price/daily_price_20250204.csv,55.04,54.0525,54.6958,56.0808,54.2575,2.2263,16.1222,-1.7825,-6.2925,-2.6502,879311.45,0.582,57.7,64.1,69.8,47.3,47.3,45.2,1.9379,0.7389,-1.749,1.5528,-4.5061,-14.0406,-21.0602,16.4905,21.9027
20250205,2436,偉詮電,TWSE,55.9,56.9,55.8,56.4,1026897.0,57713765.0,TWSE_RWD_JSON_MI_INDEX,data/daily_price/daily_price_20250205.csv,55.06,54.0375,54.6642,56.0958,54.436,2.3593,0.1776,-0.5291,-3.259,3.2967,810596.05,1.2668,57.1,64.1,69.8,47.3,47.3,45.2,4.372,3.1755,0.5422,3.6079,-1.2259,-12.0125,-19.1977,19.2389,24.7788
20250206,2436,偉詮電,TWSE,57.4,57.7,56.6,56.9,1249708.0,71358805.0,TWSE_RWD_JSON_MI_INDEX,data/daily_price/daily_price_20250206.csv,55.48,54.0925,54.6492,56.1604,54.6414,0.8865,3.8321,1.9713,-1.5571,15.7681,841669.7,1.4848,57.7,64.1,69.8,47.3,47.3,45.2,5.1902,4.1187,1.3169,4.1336,-1.3865,-11.2324,-18.4814,20.296,25.885
20250207,2436,偉詮電,TWSE,56.9,57.5,56.9,57.2,791458.0,45276977.0,TWSE_RWD_JSON_MI_INDEX,data/daily_price/daily_price_20250207.csv,55.9,54.1825,54.6475,56.2346,54.8546,0.5272,3.8113,3.2491,-0.1745,18.4265,848896.8,0.9323,57.7,64.1,69.8,47.3,47.3,47.3,5.5691,4.6708,1.7168,4.2757,-0.8666,-10.7644,-18.0516,20.9302,20.9302
20250210,2436,偉詮電,TWSE,57.0,57.1,56.3,56.7,670419.0,38032372.0,TWSE_RWD_JSON_MI_INDEX,data/daily_price/daily_price_20250210.csv,56.46,54.2925,54.6492,56.2704,55.0084,-0.8741,5.1948,4.0367,0.1767,8.2061,848982.05,0.7897,57.7,64.1,69.8,47.3,47.3,47.3,4.4343,3.7527,0.7634,3.0752,-1.7331,-11.5445,-18.7679,19.8732,19.8732
20250211,2436,偉詮電,TWSE,57.5,58.1,56.9,57.6,1375769.0,79162709.0,TWSE_RWD_JSON_MI_INDEX,data/daily_price/daily_price_20250211.csv,56.96,54.4925,54.6675,56.3154,55.2243,1.5873,4.5372,7.4627,1.9469,10.3448,884960.6,1.5546,58.1,64.1,69.8,47.3,47.3,47.3,5.7026,5.3642,2.2811,4.3019,-0.8606,-10.1404,-17.4785,21.7759,21.7759
20250212,2436,偉詮電,TWSE,57.6,57.9,56.7,56.9,807665.0,46230769.0,TWSE_RWD_JSON_MI_INDEX,data/daily_price/daily_price_20250212.csv,57.06,54.5775,54.7108,56.3362,55.364,-1.2153,0.8865,3.0797,4.7882,4.5956,874725.6,0.9233,58.1,64.1,69.8,47.3,47.3,47.3,4.2554,4.0013,1.0007,2.7744,-2.0654,-11.2324,-18.4814,20.296,20.296
20250213,2436,偉詮電,TWSE,57.5,58.5,57.4,57.9,1406786.0,81714254.0,TWSE_RWD_JSON_MI_INDEX,data/daily_price/daily_price_20250213.csv,57.26,54.7625,54.7658,56.3538,55.5753,1.7575,1.7575,6.8266,6.044,3.7634,906089.35,1.5526,58.5,64.1,69.8,47.3,47.3,47.3,5.7293,5.7229,2.7438,4.183,-1.0256,-9.6724,-17.0487,22.4101,22.4101
20250214,2436,偉詮電,TWSE,58.0,58.7,57.7,58.3,889592.0,51840060.0,TWSE_RWD_JSON_MI_INDEX,data/daily_price/daily_price_20250214.csv,57.48,54.9725,54.8425,56.3704,55.8024,0.6908,1.9231,7.7634,8.5661,3.5524,928039.3,0.9586,58.7,64.1,69.8,47.3,47.3,47.3,6.053,6.3044,3.423,4.4759,-0.6814,-9.0484,-16.4756,23.2558,23.2558
20250217,2436,偉詮電,TWSE,59.0,59.0,58.0,58.3,686567.0,40039664.0,TWSE_RWD_JSON_MI_INDEX,data/daily_price/daily_price_20250217.csv,57.8,55.2125,54.9175,56.3921,56.0105,0.0,2.8219,8.972,8.3643,4.6679,917637.6,0.7482,59.0,64.1,69.8,47.3,47.3,47.3,5.592,6.1592,3.3833,4.0876,-1.1864,-9.0484,-16.4756,23.2558,23.2558
20250218,2436,偉詮電,TWSE,59.3,59.7,58.7,58.9,1968490.0,116409113.0,TWSE_RWD_JSON_MI_INDEX,data/daily_price/daily_price_20250218.csv,58.06,55.5325,55.0325,56.4088,56.2513,1.0292,2.2569,12.1905,13.2692,3.5149,981818.25,2.0049,59.7,64.1,69.8,47.3,47.3,47.3,6.064,7.0277,4.4164,4.7087,-1.34,-8.1123,-15.616,24.5243,24.5243
20250219,2436,偉詮電,TWSE,58.9,59.3,58.4,59.0,909657.0,53491779.0,TWSE_RWD_JSON_MI_INDEX,data/daily_price/daily_price_20250219.csv,58.48,55.9025,55.1458,56.4338,56.4804,0.1698,3.6907,14.3411,13.0268,5.3571,988460.1,0.9203,59.7,64.1,69.8,47.3,47.3,47.3,5.5409,6.989,4.5474,4.4611,-1.1725,-7.9563,-15.4728,24.7357,24.7357
20250220,2436,偉詮電,TWSE,59.6,59.6,58.0,58.1,769928.0,44994911.0,TWSE_RWD_JSON_MI_INDEX,data/daily_price/daily_price_20250220.csv,58.52,56.1275,55.2575,56.4462,56.6153,-1.5254,0.3454,8.3955,13.035,2.6502,990715.45,0.7771,59.7,64.1,69.8,47.3,47.3,47.3,3.5143,5.1441,2.9298,2.6224,-2.6801,-9.3604,-16.7622,22.833,22.833
20250221,2436,偉詮電,TWSE,57.9,58.4,57.4,58.2,593675.0,34399204.0,TWSE_RWD_CSV_MI_INDEX,data/daily_price/daily_price_20250221.csv,58.5,56.3825,55.3508,56.4638,56.7474,0.1721,-0.1715,9.6045,10.6464,3.7433,1002657.8,0.5921,59.7,64.1,69.8,47.3,47.3,47.3,3.2235,5.1475,3.075,2.5598,-2.5126,-9.2044,-16.6189,23.0444,23.0444
20250224,2436,偉詮電,TWSE,57.8,58.4,57.7,58.3,469329.0,27285214.0,TWSE_RWD_JSON_MI_INDEX,data/daily_price/daily_price_20250224.csv,58.5,56.5675,55.4558,56.4846,56.8768,0.1718,0.0,6.7766,12.1154,4.4803,991832.45,0.4732,59.7,64.1,69.8,47.3,47.3,47.3,3.0627,5.1287,3.214,2.5023,-2.3451,-9.0484,-16.4756,23.2558,23.2558
20250225,2436,偉詮電,TWSE,58.0,58.4,57.6,57.9,371290.0,21517814.0,TWSE_RWD_JSON_MI_INDEX,data/daily_price/daily_price_20250225.csv,58.3,57.09,55.5425,56.5013,56.962,-0.6861,-1.6978,22.0232,9.8672,3.5778,958353.5,0.3874,59.7,64.1,69.8,53.3,47.3,47.3,1.4188,4.2445,2.4756,1.6467,-3.0151,-9.6724,-17.0487,22.4101,22.4101
20250226,2436,偉詮電,TWSE,58.6,58.8,57.7,57.8,389072.0,22605039.0,TWSE_RWD_JSON_MI_INDEX,data/daily_price/daily_price_20250226.csv,58.06,57.165,55.6275,56.5171,57.0319,-0.1727,-2.0339,2.6643,9.6774,3.3989,890650.7,0.4368,59.7,64.1,69.8,53.3,47.3,47.3,1.1108,3.9054,2.27,1.3469,-3.1826,-9.8284,-17.192,22.1987,22.1987
20250227,2436,偉詮電,TWSE,59.3,59.7,58.7,58.9,1968490.0,116409113.0,TWSE_RWD_JSON_MI_INDEX,data/daily_price/daily_price_20250227.csv,58.22,57.37,55.7008,56.5404,57.1875,1.9031,1.3769,7.4818,8.0734,4.9911,924986.3,2.1281,59.7,64.1,69.8,53.3,47.3,47.3,2.6669,5.7435,4.1733,2.9945,-1.34,-8.1123,-15.616,24.5243,24.5243
20250303,2436,偉詮電,TWSE,55.4,56.0,54.8,55.0,855585.0,47223049.0,TWSE_RWD_JSON_MI_INDEX,data/daily_price/daily_price_20250303.csv,57.58,57.365,55.7242,56.5304,57.0052,-6.6214,-5.4983,-0.1815,2.6119,-2.1352,925307.65,0.9246,59.7,64.1,69.8,53.3,47.3,47.3,-4.1227,-1.2996,-2.7072,-3.5177,-7.8727,-14.1966,-21.2034,16.2791,16.2791
20250304,2436,偉詮電,TWSE,54.1,55.7,53.5,55.6,440316.0,24133129.0,TWSE_RWD_JSON_MI_INDEX,data/daily_price/daily_price_20250304.csv,57.04,57.45,55.7825,56.5229,56.8881,1.0909,-4.6312,3.154,6.7179,-1.5929,907623.15,0.4851,59.7,64.1,69.8,53.5,47.3,47.3,-3.2202,-0.3272,-1.6328,-2.2643,-6.8677,-13.2605,-20.3438,17.5476,17.5476
20250305,2436,偉詮電,TWSE,55.6,56.2,55.1,55.8,419226.0,23388046.0,TWSE_RWD_JSON_MI_INDEX,data/daily_price/daily_price_20250305.csv,56.62,57.485,55.8608,56.5146,56.7975,0.3597,-3.6269,1.2704,9.1977,-1.7606,902995.95,0.4643,59.7,64.1,69.8,53.5,47.3,47.3,-2.9312,-0.1089,-1.2644,-1.7562,-6.5327,-12.9485,-20.0573,17.9704,17.9704
20250306,2436,偉詮電,TWSE,56.8,57.2,55.5,55.6,572433.0,32144921.0,TWSE_RWD_JSON_MI_INDEX,data/daily_price/daily_price_20250306.csv,56.18,57.445,55.9358,56.4971,56.6977,-0.3584,-3.8062,-1.4184,8.8063,-3.6395,880272.75,0.6503,59.7,64.1,69.8,53.5,47.3,47.3,-3.2118,-0.6004,-1.5878,-1.936,-6.8677,-13.2605,-20.3438,17.5476,17.5476
20250310,2436,偉詮電,TWSE,55.8,56.5,55.0,55.8,607254.0,33831358.0,TWSE_RWD_JSON_MI_INDEX,data/daily_price/daily_price_20250310.csv,55.56,57.39,55.9975,56.4829,56.6229,0.3597,-5.2632,-1.9332,7.1017,-2.9565,848150.05,0.716,59.7,64.1,69.8,53.5,47.3,47.3,-2.7705,-0.3527,-1.2091,-1.4532,-6.5327,-12.9485,-20.0573,17.9704,17.9704
20250311,2436,偉詮電,TWSE,55.0,55.7,53.9,55.7,796292.0,43488792.0,TWSE_RWD_JSON_MI_INDEX,data/daily_price/daily_price_20250311.csv,55.7,57.315,56.0542,56.4779,56.546,-0.1792,1.2727,-2.6224,6.501,-1.0657,848391.75,0.9386,59.7,64.1,69.8,53.5,47.3,47.3,-2.8178,-0.6318,-1.3774,-1.4961,-6.7002,-13.1045,-20.2006,17.759,17.759
20250312,2436,偉詮電,TWSE,55.0,56.3,55.0,55.7,432695.0,24124627.0,TWSE_RWD_JSON_MI_INDEX,data/daily_price/daily_price_20250312.csv,55.72,57.265,56.0792,56.5021,56.4755,0.0,0.1799,-1.7637,2.7675,5.4924,836505.55,0.5173,59.7,64.1,69.8,53.5,47.3,47.3,-2.7329,-0.6761,-1.4196,-1.3731,-6.7002,-13.1045,-20.2006,17.759,17.759
20250313,2436,偉詮電,TWSE,55.7,56.4,54.1,54.3,415661.0,22900643.0,TWSE_RWD_JSON_MI_INDEX,data/daily_price/daily_price_20250313.csv,55.42,57.1,56.0225,56.5138,56.2942,-2.5135,-2.6882,-5.7292,-5.8925,2.6465,788500.15,0.5272,59.7,64.1,69.8,53.5,47.3,47.3,-4.9037,-3.0747,-3.9172,-3.5424,-9.0452,-15.2886,-22.2063,14.7992,14.7992
20250314,2436,偉詮電,TWSE,54.6,55.1,54.1,54.8,402326.0,21984531.0,TWSE_RWD_JSON_MI_INDEX,data/daily_price/daily_price_20250314.csv,55.26,56.995,55.8792,56.5354,56.1697,0.9208,-1.4388,-3.6907,-13.5647,4.9808,768233.2,0.5237,59.7,64.1,69.8,53.5,47.3,47.3,-3.8512,-1.9313,-3.0696,-2.4384,-8.2077,-14.5086,-21.49,15.8562,15.8562
20250317,2436,偉詮電,TWSE,55.4,56.2,54.7,55.3,478059.0,26471527.0,TWSE_RWD_JSON_MI_INDEX,data/daily_price/daily_price_20250317.csv,55.16,56.865,55.8125,56.5571,56.0972,0.9124,-0.8961,-4.4905,-6.7454,4.9336,721796.85,0.6623,59.7,62.3,69.8,53.5,47.3,47.3,-2.7521,-0.9183,-2.2227,-1.4211,-7.3702,-11.236,-20.7736,16.9133,16.9133
20250318,2436,偉詮電,TWSE,56.0,58.6,56.0,56.7,1751930.0,100499781.0,TWSE_RWD_JSON_MI_INDEX,data/daily_price/daily_price_20250318.csv,55.36,56.785,55.7575,56.6062,56.1474,2.5316,1.7953,-2.7444,-5.5,11.6142,764913.75,2.2904,59.7,59.9,69.8,53.5,47.3,47.3,-0.1497,1.6904,0.1656,0.9842,-5.0251,-5.3422,-18.7679,19.8732,19.8732
20250319,2436,偉詮電,TWSE,56.7,57.5,56.3,56.9,626807.0,35624298.0,TWSE_RWD_JSON_MI_INDEX,data/daily_price/daily_price_20250319.csv,55.6,56.715,55.7408,56.6554,56.2101,0.3527,2.1544,-2.4014,-1.7271,11.5686,761925.75,0.8227,59.7,59.7,69.8,53.5,47.3,47.3,0.3262,2.0796,0.4317,1.2273,-4.6901,-4.6901,-18.4814,20.296,20.296
20250320,2436,偉詮電,TWSE,57.4,59.3,57.0,58.9,1868862.0,109373076.0,TWSE_RWD_JSON_MI_INDEX,data/daily_price/daily_price_20250320.csv,56.52,56.715,55.7758,56.7129,56.4343,3.5149,8.4715,0.0,3.6972,13.2692,756944.35,2.469,59.7,59.7,69.8,53.5,47.3,47.3,3.8526,5.6013,3.8564,4.3692,-1.34,-1.34,-15.616,24.5243,24.5243
20250321,2436,偉詮電,TWSE,59.5,59.9,58.8,59.2,1479662.0,87658880.0,TWSE_RWD_JSON_MI_INDEX,data/daily_price/daily_price_20250321.csv,57.4,56.725,55.8408,56.7704,56.6648,0.5093,8.0292,0.339,7.0524,13.1931,785444.6,1.8839,59.9,59.9,69.8,53.5,47.3,47.3,4.3632,6.0156,4.2797,4.4741,-1.1686,-1.1686,-15.1862,25.1586,25.1586
20250324,2436,偉詮電,TWSE,59.2,59.8,58.5,58.6,988661.0,58511474.0,TWSE_RWD_JSON_MI_INDEX,data/daily_price/daily_price_20250324.csv,58.06,56.75,55.9075,56.8196,56.826,-1.0135,5.9675,0.8606,7.326,11.1954,796381.25,1.2414,59.9,59.9,69.8,53.5,47.3,47.3,3.2599,4.816,3.1335,3.1217,-2.1703,-2.1703,-16.0458,23.8901,23.8901
20250325,2436,偉詮電,TWSE,58.9,59.3,57.6,58.0,568211.0,33094703.0,TWSE_RWD_JSON_MI_INDEX,data/daily_price/daily_price_20250325.csv,58.32,56.74,55.9225,56.8696,56.9239,-1.0239,2.2928,-0.3436,1.5762,11.5385,795108.05,0.7146,59.9,59.9,69.8,53.5,47.3,47.3,2.2207,3.715,1.9877,1.8905,-3.172,-3.172,-16.9054,22.6216,22.6216
20250326,2436,偉詮電,TWSE,58.3,58.8,57.7,58.5,359663.0,20941279.0,TWSE_RWD_JSON_MI_INDEX,data/daily_price/daily_price_20250326.csv,58.64,56.75,55.9625,56.9129,57.0552,0.8621,2.812,0.3431,4.2781,9.7561,789624.75,0.4555,59.9,59.9,69.8,53.5,47.3,47.3,3.0837,4.5343,2.7886,2.5323,-2.3372,-2.3372,-16.1891,23.6786,23.6786
20250327,2436,偉詮電,TWSE,57.6,58.1,56.6,57.0,727432.0,41738087.0,TWSE_RWD_JSON_MI_INDEX,data/daily_price/daily_price_20250327.csv,58.26,56.705,55.9842,56.9388,57.0506,-2.5641,-3.2258,-1.5544,2.3339,5.7514,807431.85,0.9009,59.9,59.9,69.8,53.5,47.3,47.3,0.5202,1.8145,0.1076,-0.0887,-4.8414,-4.8414,-18.3381,20.5074,20.5074
20250328,2436,偉詮電,TWSE,56.6,56.6,53.7,54.1,1038645.0,56779452.0,TWSE_RWD_JSON_MI_INDEX,data/daily_price/daily_price_20250328.csv,57.24,56.52,55.9692,56.8962,56.8047,-5.0877,-8.6149,-6.4014,-1.6364,-8.6149,839910.5,1.2366,59.9,59.9,69.8,53.5,47.3,47.3,-4.2817,-3.3396,-4.9146,-4.7614,-9.6828,-9.6828,-22.4928,14.3763,14.3763
20250331,2436,偉詮電,TWSE,52.3,52.6,50.0,50.0,1313926.0,66926436.0,TWSE_RWD_JSON_MI_INDEX,data/daily_price/daily_price_20250331.csv,55.52,56.075,55.8692,56.7871,56.2377,-7.5786,-14.6758,-15.1104,-10.7143,-20.7607,807182.3,1.6278,59.9,59.9,69.8,50.0,47.3,47.3,-10.8337,-10.5052,-11.9518,-11.0916,-16.5275,-16.5275,-28.3668,5.7082,5.7082
20250401,2436,偉詮電,TWSE,50.4,50.9,49.75,50.7,628714.0,31722559.0,TWSE_RWD_JSON_MI_INDEX,data/daily_price/daily_price_20250401.csv,54.06,55.86,55.7992,56.6438,55.7762,1.4,-12.5862,-7.8182,-7.6503,-25.3314,795838.75,0.79,59.9,59.9,69.8,49.75,47.3,47.3,-9.2374,-9.1384,-10.4932,-9.101,-15.3589,-15.3589,-27.3639,7.1882,7.1882
20250402,2436,偉詮電,TWSE,51.0,51.4,50.2,51.3,431407.0,21988012.0,TWSE_RWD_JSON_MI_INDEX,data/daily_price/daily_price_20250402.csv,52.62,55.645,55.7325,56.5146,55.4032,1.1834,-12.3077,-7.7338,-7.2333,-23.2036,795393.3,0.5424,59.9,59.9,67.7,49.75,47.3,47.3,-7.8084,-7.9532,-9.227,-7.406,-14.3573,-14.3573,-24.2245,8.4567,8.4567
20250407,2436,偉詮電,listed,46.2,46.2,46.2,46.2,93126.0,4302397.0,,data/daily_price/20250407.csv,50.46,55.165,55.5675,56.3596,54.6362,-9.9415,-18.9474,-17.2043,-17.6471,-28.7037,779088.3,0.1195,59.9,59.9,67.7,46.2,46.2,46.2,-16.2512,-16.8579,-18.0264,-15.4408,-22.8715,-22.8715,-31.7578,0.0,0.0
20250408,2436,偉詮電,listed,41.6,42.4,41.6,41.6,1375349.0,57236088.0,,data/daily_price/20250408.csv,47.96,54.465,55.3158,56.1788,53.5499,-9.9567,-23.1054,-25.1799,-26.6314,-34.2812,819234.1,1.6788,59.9,59.9,67.7,41.6,41.6,41.6,-23.6207,-24.7955,-25.9506,-22.3154,-30.5509,-30.5509,-38.5524,0.0,0.0
20250409,2436,偉詮電,listed,39.85,40.0,37.45,37.45,1737924.0,66299185.0,,data/daily_price/20250409.csv,45.45,53.5475,55.01,55.9533,52.2082,-9.976,-25.1,-32.8853,-32.8853,-41.938,875767.6,1.9845,59.9,59.9,67.7,37.45,37.45,37.45,-30.0621,-31.9215,-33.0692,-28.268,-37.4791,-37.4791,-44.6824,0.0,0.0
20250410,2436,偉詮電,listed,41.15,41.15,40.0,41.15,770544.0,31639664.0,,data/daily_price/20250410.csv,43.54,52.82,54.7725,55.7621,51.2867,9.8798,-18.8363,-26.1221,-25.722,-35.8034,874480.2,0.8811,59.9,59.9,67.7,37.45,37.45,37.45,-22.0939,-24.8711,-26.2043,-19.7648,-31.3022,-31.3022,-39.2171,9.8798,9.8798
20250414,2436,偉詮電,listed,43.45,44.4,42.0,42.3,972101.0,41767721.0,,data/daily_price/20250414.csv,41.74,52.15,54.5692,55.5888,50.5378,2.7947,-17.5439,-24.0575,-22.3853,-32.9635,901450.5,1.0784,59.9,59.9,67.7,37.45,37.45,37.45,-18.8878,-22.4837,-23.9055,-16.3003,-29.3823,-29.3823,-37.5185,12.9506,12.9506
20250415,2436,偉詮電,listed,42.6,44.3,42.5,44.0,791718.0,34534725.0,,data/daily_price/20250415.csv,41.3,51.635,54.4092,55.3921,49.993,4.0189,-4.7619,-18.9687,-17.9104,-34.9112,920253.35,0.8603,59.9,59.9,67.2,37.45,37.45,37.45,-14.7865,-19.1313,-20.5663,-11.9877,-26.5442,-26.5442,-34.5238,17.49,17.49
20250416,2436,偉詮電,listed,43.95,43.95,42.55,42.55,558424.0,24049309.0,,data/daily_price/20250416.csv,41.49,51.0225,54.1983,55.2358,49.3728,-3.2955,2.2837,-22.354,-22.9167,-30.5873,928058.25,0.6017,59.9,59.9,64.1,37.45,37.45,37.45,-16.6054,-21.4921,-22.9667,-13.8189,-28.9649,-28.9649,-33.6193,13.6182,13.6182
20250417,2436,偉詮電,listed,41.9,42.7,41.25,42.4,380766.0,16001139.0,,data/daily_price/20250417.csv,42.48,50.3775,54.0017,55.0908,48.7917,-0.3525,13.2176,-23.3273,-21.7712,-29.097,923193.6,0.4124,59.9,59.9,64.1,37.45,37.45,37.45,-15.8354,-21.4839,-23.0362,-13.1,-29.2154,-29.2154,-33.8534,13.2176,13.2176
20250418,2436,偉詮電,listed,42.4,42.9,41.6,42.15,363804.0,15336697.0,,data/daily_price/20250418.csv,42.68,49.65,53.8025,54.9362,48.2382,-0.5896,2.4301,-25.6614,-22.0887,-30.5601,853787.3,0.4261,59.9,59.9,64.1,37.45,37.45,37.45,-15.1057,-21.6579,-23.2747,-12.6211,-29.6327,-29.6327,-34.2434,12.5501,12.5501
20250421,2436,偉詮電,listed,42.15,42.15,41.05,41.4,552571.0,22896298.0,,data/daily_price/20250421.csv,42.5,48.875,53.6008,54.7846,47.6684,-1.7794,-2.1277,-27.2408,-22.6168,-30.5369,850075.5,0.65,59.9,59.9,64.1,37.45,37.45,37.45,-15.2941,-22.7624,-24.4313,-13.1499,-30.8848,-30.8848,-35.4134,10.5474,10.5474
20250422,2436,偉詮電,listed,40.4,41.75,40.4,40.8,638813.0,26144552.0,,data/daily_price/20250422.csv,41.86,47.97,53.4058,54.6263,47.096,-1.4493,-7.2727,-30.7301,-22.2857,-31.7726,788573.05,0.8101,59.9,59.9,64.1,37.45,37.45,37.45,-14.9468,-23.6039,-25.3106,-13.3684,-31.8865,-31.8865,-36.3495,8.9453,8.9453
20250423,2436,偉詮電,listed,41.9,42.65,41.9,42.45,567508.0,24058448.0,,data/daily_price/20250423.csv,41.84,47.1325,53.2533,54.4792,46.7088,4.0441,-0.235,-28.2939,-17.7326,-29.3677,742965.35,0.7638,59.8,59.9,64.1,37.45,37.45,37.45,-9.9348,-20.2867,-22.0803,-9.1178,-29.0134,-29.1319,-33.7754,13.3511,13.3511
20250424,2436,偉詮電,listed,42.8,43.4,42.65,42.65,684459.0,29368150.0,,data/daily_price/20250424.csv,41.89,46.335,53.0708,54.3446,46.3706,0.4711,0.5896,-27.2184,-20.4291,-27.466,727755.25,0.9405,59.3,59.9,64.1,37.45,37.45,37.45,-7.953,-19.6357,-21.5193,-8.0236,-28.0776,-28.798,-33.4633,13.8852,13.8852
20250425,2436,偉詮電,listed,44.4,45.35,44.15,45.0,1231086.0,55088572.0,,data/daily_price/20250425.csv,42.46,45.685,52.9358,54.2146,46.2564,5.51,6.7616,-22.4138,-15.2542,-25.7426,760899.0,1.6179,58.8,59.9,64.1,37.45,37.45,37.45,-1.4994,-14.9914,-16.9965,-2.7161,-23.4694,-24.8748,-29.7972,20.1602,20.1602
20250428,2436,偉詮電,listed,45.3,46.85,45.3,45.75,1287344.0,59177838.0,,data/daily_price/20250428.csv,43.33,45.0475,52.7883,54.0817,46.2142,1.6667,10.5072,-21.7949,-16.2088,-25.8509,807283.05,1.5947,58.1,59.9,64.1,37.45,37.45,37.45,1.5595,-13.3331,-15.4057,-1.0044,-21.2565,-23.6227,-28.6271,22.1629,22.1629
20250429,2436,偉詮電,listed,46.4,46.4,45.25,46.0,732546.0,33517624.0,,data/daily_price/20250429.csv,44.37,44.4975,52.7642,53.95,46.1963,0.5464,12.7451,-19.2982,-3.0558,-25.5663,807538.75,0.9071,56.6,59.9,64.1,37.45,37.45,37.45,3.3766,-12.8196,-14.7359,-0.425,-18.7279,-23.2053,-28.2371,22.8304,22.8304
20250430,2436,偉詮電,listed,46.4,46.4,45.0,45.1,535530.0,24416133.0,,data/daily_price/20250430.csv,44.9,44.0475,52.5775,53.8158,46.105,-1.9565,6.2426,-16.6359,-19.8934,-26.3072,782383.0,0.6845,52.6,59.9,64.1,37.45,37.45,37.45,2.3895,-14.2219,-16.1957,-2.1798,-14.2586,-24.7078,-29.6412,20.4272,20.4272
20250502,2436,偉詮電,listed,45.85,46.1,45.45,45.55,308122.0,14073372.0,,data/daily_price/20250502.csv,45.48,43.825,52.4233,53.6838,46.0587,0.9978,6.7995,-8.9,-16.8796,-25.8143,732092.8,0.4209,51.4,59.9,64.1,37.45,37.45,37.45,3.9361,-13.1112,-15.1512,-1.1045,-11.3813,-23.9566,-28.9392,21.6288,21.6288
20250505,2436,偉詮電,listed,45.8,45.8,42.85,43.9,573602.0,25265847.0,,data/daily_price/20250505.csv,45.26,43.485,52.2367,53.5446,45.8788,-3.6224,-2.4444,-13.4122,-20.3267,-27.5578,729337.2,0.7865,51.4,59.9,64.1,37.45,37.45,37.45,0.9544,-15.9594,-18.0122,-4.3132,-14.5914,-26.7112,-31.5133,17.223,17.223
20250506,2436,偉詮電,listed,44.0,44.75,43.9,44.7,428408.0,19015241.0,,data/daily_price/20250506.csv,45.05,43.155,52.0833,53.4204,45.7806,1.8223,-2.2951,-12.8655,-17.0686,-25.0,729187.25,0.5875,46.85,59.9,64.1,37.45,37.45,37.45,3.5801,-14.176,-16.3241,-2.3604,-4.5891,-25.3756,-30.2652,19.3591,19.3591
20250507,2436,偉詮電,listed,45.4,45.45,44.55,45.15,590347.0,26597688.0,,data/daily_price/20250507.csv,44.88,43.1025,51.9175,53.3067,45.728,1.0067,-1.8478,-2.2727,-18.0581,-23.2143,754048.3,0.7829,46.85,59.9,64.1,37.45,37.45,37.45,4.7503,-13.0351,-15.3014,-1.2641,-3.6286,-24.6244,-29.5632,20.5607,20.5607
20250508,2436,偉詮電,listed,45.45,46.2,45.45,46.15,488609.0,22400445.0,,data/daily_price/20250508.csv,45.09,43.33,51.7467,53.2054,45.7632,2.2148,2.3282,10.9375,-18.1738,-20.8405,709711.3,0.6885,46.85,59.9,64.1,37.45,37.45,37.45,6.5082,-10.8155,-13.2607,0.8452,-1.4941,-22.9549,-28.0031,23.231,23.231
20250509,2436,偉詮電,listed,46.2,46.4,45.05,46.05,665278.0,30441841.0,,data/daily_price/20250509.csv,45.19,43.76,51.5658,53.1075,45.7871,-0.2167,1.0977,22.964,-19.0685,-20.3287,656079.0,1.014,46.85,59.9,64.1,40.0,37.45,37.45,5.2331,-10.6967,-13.2891,0.5742,-1.7076,-23.1219,-28.1591,22.964,22.964
20250512,2436,偉詮電,listed,46.05,46.75,45.8,46.35,582030.0,27000097.0,,data/daily_price/20250512.csv,45.68,44.02,51.385,53.0163,45.834,0.6515,5.5809,12.6367,-18.9685,-19.1099,646653.3,0.9001,46.85,59.9,64.1,40.4,37.45,37.45,5.293,-9.7986,-12.574,1.1258,-1.0672,-22.621,-27.6911,23.765,23.765
20250513,2436,偉詮電,listed,47.2,47.75,47.05,47.15,599779.0,28391030.0,,data/daily_price/20250513.csv,46.17,44.2625,51.2258,52.9375,45.9437,1.726,5.481,11.4657,-16.843,-16.6961,628037.2,0.955,47.75,59.9,64.1,40.4,37.45,37.45,6.5236,-7.9566,-10.9327,2.6256,-1.2565,-21.2855,-26.4431,25.9012,25.9012
20250514,2436,偉詮電,listed,47.3,47.85,47.2,47.75,389031.0,18512988.0,,data/daily_price/20250514.csv,46.69,44.45,51.0617,52.8646,46.0942,1.2725,5.7586,8.5227,-17.1007,-15.4867,607902.85,0.64,47.85,59.9,64.1,40.4,37.45,37.45,7.4241,-6.4856,-9.6749,3.5922,-0.209,-20.2838,-25.507,27.5033,27.5033
20250515,2436,偉詮電,listed,47.75,48.0,47.5,47.7,324314.0,15490166.0,,data/daily_price/20250515.csv,47.0,44.7075,50.9083,52.8096,46.228,-0.1047,3.3586,12.1034,-16.1687,-12.1547,596197.35,0.544,48.0,59.9,64.1,40.4,37.45,37.45,6.6935,-6.3022,-9.6755,3.1842,-0.625,-20.3673,-25.585,27.3698,27.3698
20250516,2436,偉詮電,listed,47.9,48.0,47.4,47.7,314951.0,15026107.0,,data/daily_price/20250516.csv,47.33,44.9725,50.7383,52.7521,46.3507,0.0,3.5831,12.5,-17.6166,-12.6374,592906.6,0.5312,48.0,59.9,64.1,40.4,37.45,37.45,6.0648,-5.9882,-9.577,2.9111,-0.625,-20.3673,-25.585,27.3698,27.3698
20250519,2436,偉詮電,listed,47.25,47.5,46.4,46.4,597375.0,28008008.0,,data/daily_price/20250519.csv,47.34,45.185,50.54,52.6912,46.3548,-2.7254,0.1079,10.083,-20.4117,-13.594,604585.15,0.9881,48.0,59.9,64.1,40.4,37.45,37.45,2.6889,-8.1915,-11.9398,0.0975,-3.3333,-22.5376,-27.6131,23.8985,23.8985
20250520,2436,偉詮電,listed,47.25,47.55,47.0,47.2,393364.0,18587516.0,,data/daily_price/20250520.csv,47.35,45.475,50.355,52.6362,46.4252,1.7241,0.106,14.0097,-19.0395,-12.2677,596624.8,0.6593,48.0,59.9,64.1,40.4,37.45,37.45,3.7933,-6.2655,-10.328,1.6689,-1.6667,-21.202,-26.3651,26.0347,26.0347
20250522,2436,偉詮電,listed,47.45,47.65,47.1,47.5,322433.0,15269581.0,,data/daily_price/20250522.csv,47.3,45.81,50.165,52.5988,46.5148,0.6356,-0.5236,16.4216,-19.3548,-8.6538,580805.8,0.5551,48.0,59.9,64.1,41.9,37.45,37.45,3.6892,-5.3125,-9.6937,2.118,-1.0417,-20.7012,-25.897,26.8358,26.8358
20250523,2436,偉詮電,listed,47.6,48.55,47.6,48.05,586371.0,28239191.0,,data/daily_price/20250523.csv,47.37,46.09,49.9825,52.5642,46.6427,1.1579,0.7338,13.192,-18.5593,-7.9502,581748.95,1.0079,48.55,59.9,64.1,42.65,37.45,37.45,4.2525,-3.8664,-8.5879,3.0171,-1.0299,-19.783,-25.039,28.3044,28.3044
20250526,2436,偉詮電,listed,48.0,48.15,47.6,47.8,197446.0,9456633.0,,data/daily_price/20250526.csv,47.39,46.3475,49.8108,52.5342,46.7392,-0.5203,0.2096,12.075,-17.7281,-7.0039,557398.3,0.3542,48.55,59.9,64.1,42.85,37.45,37.45,3.1339,-4.0369,-9.0116,2.2697,-1.5448,-20.2003,-25.429,27.6368,27.6368
20250527,2436,偉詮電,listed,47.7,48.3,46.85,47.25,584248.0,27775746.0,,data/daily_price/20250527.csv,47.56,46.46,49.6283,52.4896,46.7817,-1.1506,1.8319,5.0,-18.8144,-10.1711,525056.4,1.1127,48.55,59.9,64.1,42.85,37.45,37.45,1.7004,-4.7923,-9.9821,1.001,-2.6777,-21.1185,-26.2871,26.1682,26.1682
20250528,2436,偉詮電,listed,48.25,48.45,47.25,47.65,363055.0,17368695.0,,data/daily_price/20250528.csv,47.65,46.555,49.4508,52.4533,46.8541,0.8466,0.9534,4.153,-18.2676,-8.3654,478841.95,0.7582,48.55,59.9,64.1,42.85,37.45,37.45,2.3521,-3.6417,-9.1573,1.6987,-1.8538,-20.4508,-25.663,27.2363,27.2363
20250529,2436,偉詮電,listed,47.75,48.0,47.35,48.0,279019.0,13333075.0,,data/daily_price/20250529.csv,47.75,46.655,49.2858,52.4142,46.9496,0.7345,1.0526,4.3478,-17.0984,-8.9184,456165.6,0.6117,48.55,59.9,64.1,42.85,37.45,37.45,2.8829,-2.6089,-8.4217,2.2373,-1.1329,-19.8664,-25.117,28.1709,28.1709
20250602,2436,偉詮電,listed,48.8,49.25,46.3,46.3,2242218.0,107248252.0,,data/daily_price/20250602.csv,47.4,46.715,49.0942,52.3608,46.8955,-3.5417,-3.642,2.6608,-19.8962,-12.1442,541500.0,4.1408,49.25,59.9,64.1,42.85,37.45,37.45,-0.8884,-5.6914,-11.5751,-1.2697,-5.9898,-22.7045,-27.7691,23.6315,23.6315
20250603,2436,偉詮電,listed,46.6,47.35,45.75,45.75,504885.0,23441458.0,,data/daily_price/20250603.csv,46.99,46.725,48.875,52.2879,46.8,-1.1879,-4.2887,0.4391,-22.326,-16.055,551338.15,0.9157,49.25,59.9,64.1,42.85,37.45,37.45,-2.0867,-6.3939,-12.5037,-2.2436,-7.1066,-23.6227,-28.6271,22.1629,22.1629
20250604,2436,偉詮電,listed,45.85,47.25,45.85,47.25,641172.0,30070814.0,,data/daily_price/20250604.csv,46.99,46.8925,48.7458,52.235,46.8375,3.2787,0.0,7.631,-14.0909,-11.847,554716.65,1.1559,49.25,59.9,64.1,43.9,37.45,37.45,0.7624,-3.0686,-9.5434,0.8807,-4.0609,-21.1185,-26.2871,26.1682,26.1682
20250605,2436,偉詮電,listed,47.7,48.65,47.7,47.85,1128429.0,54365772.0,,data/daily_price/20250605.csv,47.03,47.05,48.6167,52.1996,46.9219,1.2698,0.4197,7.047,-13.9388,-8.1574,589717.7,1.9135,49.25,59.9,64.1,44.55,37.45,37.45,1.7003,-1.577,-8.3326,1.978,-2.8426,-20.1169,-25.351,27.7704,27.7704
20250606,2436,偉詮電,listed,49.9,52.6,49.9,52.6,6098882.0,317112862.0,,data/daily_price/20250606.csv,47.95,47.4225,48.5633,52.2121,47.3951,9.9269,9.5833,16.5006,-5.7348,2.9354,865144.45,7.0496,52.6,59.9,64.1,45.05,37.45,37.45,10.9178,8.3122,0.743,10.9821,0.0,-12.187,-17.9407,40.4539,40.4539
20250609,2436,偉詮電,listed,54.0,55.9,52.6,52.8,29219784.0,1576027744.0,,data/daily_price/20250609.csv,49.25,47.755,48.5167,52.2263,47.8455,0.3802,14.0389,14.4095,-5.036,3.3268,2301703.2,12.6949,55.9,59.9,64.1,45.05,37.45,37.45,10.5643,8.8286,1.0986,10.3553,-5.5456,-11.8531,-17.6287,40.988,40.988
20250610,2436,偉詮電,listed,52.6,52.8,51.6,51.6,3762639.0,195413115.0,,data/daily_price/20250610.csv,50.42,48.0325,48.4467,52.2221,48.1583,-2.2727,12.7869,12.0521,-7.5269,-0.9597,2456571.25,1.5317,55.9,59.9,64.1,45.75,37.45,37.45,7.4273,6.5089,-1.1912,7.1465,-7.6923,-13.8564,-19.5008,37.7837,37.7837
20250611,2436,偉詮電,listed,51.5,52.7,50.6,52.7,2815428.0,144967344.0,,data/daily_price/20250611.csv,51.51,48.35,48.3967,52.2254,48.5368,2.1318,11.5344,13.7001,-5.386,0.7648,2568241.15,1.0962,55.9,59.9,64.1,45.75,37.45,37.45,8.9969,8.8918,0.9087,8.5774,-5.7245,-12.02,-17.7847,40.721,40.721
20250612,2436,偉詮電,listed,53.0,53.1,51.4,51.4,2472661.0,128340113.0,,data/daily_price/20250612.csv,52.22,48.5625,48.325,52.2021,48.7754,-2.4668,7.419,9.0138,-7.7199,-5.1661,2661885.25,0.9289,55.9,59.9,64.1,45.75,37.45,37.45,5.843,6.3632,-1.5365,5.381,-8.0501,-14.1903,-19.8128,37.2497,37.2497
20250613,2436,偉詮電,listed,51.7,51.7,50.0,50.0,1808108.0,91301648.0,,data/daily_price/20250613.csv,51.7,48.675,48.2533,52.1379,48.8775,-2.7237,-4.943,4.712,-7.919,-13.3449,2732839.1,0.6616,55.9,59.9,64.1,45.75,37.45,37.45,2.7221,3.6198,-4.1005,2.2966,-10.5546,-16.5275,-21.9969,33.5113,33.5113
20250616,2436,偉詮電,listed,49.65,51.8,49.4,51.4,1686724.0,85400476.0,,data/daily_price/20250616.csv,51.42,48.86,48.1967,52.0379,49.0877,2.8,-2.6515,7.7568,-6.2044,-18.9274,2800959.6,0.6022,55.9,59.9,64.1,45.75,37.45,37.45,5.1985,6.6464,-1.2259,4.7106,-8.0501,-14.1903,-19.8128,37.2497,37.2497
20250617,2436,偉詮電,listed,51.4,52.0,50.8,51.2,1626696.0,83638265.0,,data/daily_price/20250617.csv,51.34,49.035,48.1283,51.9704,49.2637,-0.3891,-0.7752,7.3375,-7.4141,-13.6594,2866546.85,0.5675,55.9,59.9,62.3,45.75,37.45,37.45,4.4152,6.3822,-1.4824,3.9305,-8.4079,-14.5242,-17.817,36.7156,36.7156
20250618,2436,偉詮電,listed,51.0,51.6,50.8,50.8,742774.0,37977580.0,,data/daily_price/20250618.csv,50.96,49.255,48.03,51.8938,49.3917,-0.7813,-3.6053,9.4828,-10.4056,-15.3333,2873816.8,0.2585,55.9,59.9,59.9,45.75,37.45,37.45,3.1367,5.7672,-2.1077,2.8512,-9.1234,-15.192,-15.192,35.6475,35.6475
20250619,2436,偉詮電,listed,51.1,51.2,49.85,49.95,711553.0,35746914.0,,data/daily_price/20250619.csv,50.67,49.3925,47.9142,51.8275,49.4382,-1.6732,-2.821,5.8263,-12.2144,-13.7306,2889726.25,0.2462,55.9,59.9,59.9,45.75,37.45,37.45,1.1287,4.2489,-3.6226,1.0351,-10.644,-16.611,-16.611,33.3778,33.3778
20250620,2436,偉詮電,listed,50.1,50.4,48.9,49.8,822541.0,40741473.0,,data/daily_price/20250620.csv,50.63,49.5075,47.7625,51.7692,49.4684,-0.3003,-0.4,4.8421,-15.4499,-12.3239,2914731.65,0.2822,55.9,59.9,59.9,45.75,37.45,37.45,0.5908,4.2659,-3.8037,0.6703,-10.9123,-16.8614,-16.8614,32.9773,32.9773
20250623,2436,偉詮電,listed,48.8,49.5,48.05,49.2,788934.0,38483114.0,,data/daily_price/20250623.csv,50.19,49.565,47.5958,51.7183,49.446,-1.2048,-4.2802,2.3933,-16.8919,-11.0307,2924859.8,0.2697,55.9,59.8,59.9,45.75,37.45,37.45,-0.7364,3.3704,-4.8693,-0.4976,-11.9857,-17.7258,-17.8631,31.3752,31.3752
20250624,2436,偉詮電,listed,50.1,51.6,50.0,51.2,1117788.0,57150456.0,,data/daily_price/20250624.csv,50.19,49.735,47.4725,51.69,49.5922,4.065,0.0,7.113,-12.628,-6.2271,2970876.9,0.3762,55.9,59.3,59.9,45.75,37.45,37.45,2.9456,7.8519,-0.948,3.2421,-8.4079,-13.6594,-14.5242,36.7156,36.7156
20250625,2436,偉詮電,listed,51.5,52.8,50.4,50.4,2028947.0,103803426.0,,data/daily_price/20250625.csv,50.11,49.8925,47.3458,51.6342,49.6595,-1.5625,-0.7874,6.6667,-13.1034,-11.7338,3043111.85,0.6667,55.9,58.8,59.9,45.75,37.45,37.45,1.0172,6.4508,-2.3902,1.4911,-9.839,-14.2857,-15.8598,34.5794,34.5794
20250626,2436,偉詮電,listed,49.15,52.5,49.1,50.1,4272094.0,217254878.0,,data/daily_price/20250626.csv,50.14,50.015,47.2058,51.5842,49.6962,-0.5952,0.3003,5.1417,-14.359,-10.6952,3238563.8,1.3191,55.9,58.1,59.9,45.75,37.45,37.45,0.1699,6.131,-2.8772,0.8125,-10.3757,-13.7694,-16.3606,33.7784,33.7784
20250627,2436,偉詮電,listed,50.8,52.0,49.9,51.5,2008608.0,102737757.0,,data/daily_price/20250627.csv,50.48,50.19,47.1142,51.5492,49.8465,2.7944,3.4137,7.2917,-9.6491,-7.5404,3325043.25,0.6041,55.9,56.6,59.9,45.75,37.45,37.45,2.6101,9.3089,-0.0954,3.3171,-7.8712,-9.0106,-14.0234,37.5167,37.5167
20250630,2436,偉詮電,listed,51.6,52.0,51.0,51.8,1521453.0,78463830.0,,data/daily_price/20250630.csv,51.0,50.465,47.0758,51.5225,50.0093,0.5825,5.2846,11.879,-4.2514,-5.8182,3289005.0,0.4626,55.9,55.9,59.9,45.75,37.45,37.45,2.6454,10.0352,0.5386,3.5807,-7.3345,-7.3345,-13.5225,38.3178,38.3178
20250701,2436,偉詮電,listed,52.0,52.6,51.4,52.2,3136975.0,163369769.0,,data/daily_price/20250701.csv,51.2,50.7875,47.1125,51.4908,50.1919,0.7722,1.9531,14.0984,4.4,-6.7857,3420609.5,0.9171,55.9,55.9,59.9,45.85,37.45,37.45,2.7812,10.7986,1.3773,4.0009,-6.619,-6.619,-12.8548,39.3858,39.3858
20250702,2436,偉詮電,listed,52.7,53.0,51.0,51.1,2759331.0,142593629.0,,data/daily_price/20250702.csv,51.34,50.98,47.1192,51.4592,50.2676,-2.1073,1.3889,8.1481,0.789,-6.9217,3526517.45,0.7825,55.9,55.9,59.9,47.7,37.45,37.45,0.2354,8.4484,-0.698,1.656,-8.5868,-8.5868,-14.6912,36.4486,36.4486
20250703,2436,偉詮電,listed,51.9,53.8,51.7,52.8,5208159.0,274762320.0,,data/daily_price/20250703.csv,51.88,51.2275,47.1442,51.4383,50.4786,3.3268,5.3892,10.3448,2.924,-4.5208,3730503.95,1.3961,55.9,55.9,59.9,48.05,37.45,37.45,3.0696,11.9969,2.6472,4.5988,-5.5456,-5.5456,-11.8531,40.988,40.988
20250704,2436,偉詮電,listed,52.8,53.1,50.6,50.7,1862631.0,95899904.0,,data/daily_price/20250704.csv,51.72,51.1325,47.2192,51.3933,50.497,-3.9773,-1.5534,-3.6122,9.7403,-9.6257,3518691.4,0.5294,55.9,55.9,59.9,48.05,37.45,37.45,-0.8458,7.3717,-1.3491,0.4019,-9.3023,-9.3023,-15.3589,35.3805,35.3805
20250707,2436,偉詮電,listed,50.5,50.9,49.75,50.0,1154087.0,57969103.0,,data/daily_price/20250707.csv,51.36,50.9925,47.3592,51.3375,50.4556,-1.3807,-3.4749,-5.303,20.1923,-11.8166,2115406.55,0.5456,53.8,55.9,59.9,48.05,37.45,37.45,-1.9464,5.5762,-2.6053,-0.903,-7.0632,-10.5546,-16.5275,33.5113,33.5113
20250708,2436,偉詮電,listed,50.6,50.6,49.05,49.5,808720.0,40150658.0,,data/daily_price/20250708.csv,50.82,50.8875,47.56,51.285,50.376,-1.0,-5.1724,-4.0698,32.1762,-11.2903,1967710.6,0.411,53.8,55.9,59.9,48.05,40.0,37.45,-2.7266,4.0791,-3.4805,-1.7389,-7.9926,-11.449,-17.3623,23.75,32.1762
20250709,2436,偉詮電,listed,49.3,49.95,49.3,49.8,470405.0,23372059.0,,data/daily_price/20250709.csv,50.56,50.7425,47.7042,51.2383,50.328,0.6061,-2.544,-5.5028,21.0207,-10.1083,1850459.45,0.2542,53.8,55.9,59.9,48.05,40.4,37.45,-1.8574,4.3934,-2.8071,-1.0491,-7.4349,-10.9123,-16.8614,23.2673,32.9773
20250710,2436,偉詮電,listed,50.0,50.0,49.35,49.35,548706.0,27189749.0,,data/daily_price/20250710.csv,49.87,50.64,47.8217,51.1954,50.2465,-0.9036,-6.5341,-3.9883,16.6667,-9.4495,1754261.7,0.3128,53.8,55.9,59.9,48.05,40.4,37.45,-2.5474,3.1959,-3.6047,-1.7842,-8.2714,-11.7174,-17.6127,22.1535,31.7757
20250711,2436,偉詮電,listed,49.8,50.2,49.3,49.85,704677.0,35087530.0,,data/daily_price/20250711.csv,49.7,50.6325,47.9192,51.1642,50.2134,1.0132,-1.6765,-0.3,13.2955,-6.9963,1699090.15,0.4147,53.8,55.9,59.9,48.05,40.4,37.45,-1.5455,4.0294,-2.5685,-0.7238,-7.342,-10.8229,-16.778,23.3911,33.1108
20250714,2436,偉詮電,listed,50.1,50.1,49.2,49.45,596201.0,29476972.0,,data/daily_price/20250714.csv,49.59,50.535,48.0342,51.1163,50.1498,-0.8024,-1.1,-3.7938,16.2162,-10.4167,1644564.0,0.3625,53.8,55.9,59.9,48.05,40.4,37.45,-2.147,2.9476,-3.2597,-1.3955,-8.0855,-11.5385,-17.4457,22.401,32.0427
20250715,2436,偉詮電,listed,49.45,49.95,49.2,49.5,551670.0,27335892.0,,data/daily_price/20250715.csv,49.59,50.45,48.1525,51.0771,50.0957,0.1011,0.0,-3.3203,16.7453,-8.6716,1590812.7,0.3468,53.8,55.9,59.9,48.05,40.4,37.45,-1.8831,2.7984,-3.0877,-1.1891,-7.9926,-11.449,-17.3623,22.5248,32.1762
20250716,2436,偉詮電,listed,49.6,51.0,49.55,50.2,1106372.0,55616040.0,,data/daily_price/20250716.csv,49.67,50.42,48.2867,51.0446,50.1044,1.4141,0.8032,-1.1811,19.0985,-7.2089,1608992.6,0.6876,53.8,55.9,59.9,48.05,40.4,37.45,-0.4363,3.9624,-1.6546,0.1909,-6.6914,-10.1968,-16.1937,24.2574,34.0454
20250717,2436,偉詮電,listed,50.9,51.9,50.5,51.6,1752821.0,90042468.0,,data/daily_price/20250717.csv,50.12,50.5025,48.4567,51.0287,50.229,2.7888,4.5593,3.3033,24.6377,-3.5514,1661056.0,1.0552,53.8,55.9,59.9,48.05,40.4,37.45,2.1732,6.4869,1.1195,2.7295,-4.0892,-7.6923,-13.8564,27.7228,37.7837
20250718,2436,偉詮電,listed,52.0,52.0,50.9,51.3,990160.0,50915561.0,,data/daily_price/20250718.csv,50.41,50.5775,48.6317,51.0188,50.3183,-0.5814,2.9087,3.012,25.7353,-2.2857,1669436.95,0.5931,53.8,55.9,59.9,48.05,41.9,37.45,1.4285,5.4868,0.5513,1.9511,-4.6468,-8.229,-14.3573,22.4344,36.9826
20250721,2436,偉詮電,listed,51.3,51.3,50.4,50.7,783486.0,39701989.0,,data/daily_price/20250721.csv,50.66,50.6525,48.7692,51.0112,50.3501,-1.1696,2.5278,3.0488,19.4346,-1.7442,1669164.55,0.4694,53.8,55.9,59.9,49.05,42.65,37.45,0.0938,3.9591,-0.6102,0.695,-5.7621,-9.3023,-15.3589,18.8746,35.3805
20250722,2436,偉詮電,listed,51.0,51.3,48.85,49.0,1433298.0,71179819.0,,data/daily_price/20250722.csv,50.56,50.5425,48.875,50.9729,50.2376,-3.3531,-1.0101,-4.2969,14.8886,-8.5821,1684940.05,0.8507,53.8,55.9,59.9,48.85,42.85,37.45,-3.0519,0.2558,-3.8705,-2.4634,-8.9219,-12.3435,-18.197,14.3524,30.8411
20250723,2436,偉詮電,listed,49.5,50.2,49.4,50.1,731496.0,36521366.0,,data/daily_price/20250723.csv,50.54,50.5275,48.96,50.9479,50.2261,2.2449,-0.1992,-0.5952,11.3333,-5.6497,1620067.5,0.4515,53.8,55.9,59.9,48.85,42.85,37.45,-0.8461,2.3284,-1.6643,-0.2511,-6.8773,-10.3757,-16.3606,16.9195,33.7784
20250724,2436,偉詮電,listed,50.4,50.5,49.7,50.1,449941.0,22504275.0,,data/daily_price/20250724.csv,50.24,50.5275,49.0325,50.9104,50.2156,0.0,-2.907,0.0,9.5082,-8.2418,1428959.85,0.3149,53.8,55.9,59.9,48.85,42.85,37.45,-0.8461,2.1771,-1.5918,-0.2302,-6.8773,-10.3757,-16.3606,16.9195,33.7784
20250725,2436,偉詮電,listed,50.1,50.1,49.2,49.3,632482.0,31307379.0,,data/daily_price/20250725.csv,49.84,50.4175,49.0875,50.9258,50.1393,-1.5968,-3.8986,-4.2718,7.1739,3.8988,1360153.55,0.465,53.8,55.9,59.9,48.85,42.85,37.45,-2.2165,0.4329,-3.1926,-1.6739,-8.3643,-11.8068,-17.6962,15.0525,31.6422
20250728,2436,偉詮電,listed,49.6,49.75,48.7,49.35,517860.0,25551884.0,,data/daily_price/20250728.csv,49.57,50.295,49.1583,50.8679,50.0735,0.1014,-2.6627,-4.7297,9.4235,-12.3446,1309973.9,0.3953,53.8,55.9,59.9,48.7,42.85,37.45,-1.8789,0.3899,-2.984,-1.4449,-8.2714,-11.7174,-17.6127,15.1692,31.7757
20250729,2436,偉詮電,listed,49.6,49.75,48.5,48.5,759148.0,37092642.0,,data/daily_price/20250729.csv,49.47,50.11,49.2075,50.8154,49.9424,-1.7224,-1.0204,-7.0881,6.4764,-11.4964,1191082.55,0.6374,53.8,55.9,59.9,48.5,42.85,37.45,-3.2129,-1.4378,-4.5565,-2.8881,-9.8513,-13.2379,-19.0317,13.1855,29.506
20250730,2436,偉詮電,listed,48.7,48.8,48.0,48.4,711166.0,34405196.0,,data/daily_price/20250730.csv,49.13,49.975,49.2825,50.7596,49.8139,-0.2062,-3.3932,-5.2838,10.2506,-12.1597,1088674.3,0.6532,53.8,55.9,59.9,48.0,43.9,37.45,-3.1516,-1.7907,-4.6485,-2.8383,-10.0372,-13.4168,-19.1987,10.2506,29.239
20250731,2436,偉詮電,listed,48.5,48.55,47.35,47.4,954503.0,45588384.0,,data/daily_price/20250731.csv,48.59,49.705,49.3275,50.7054,49.6127,-2.0661,-5.3892,-10.2273,6.0403,-12.0594,875991.5,1.0896,53.1,55.9,59.9,47.35,44.55,37.45,-4.6374,-3.9076,-6.5189,-4.46,-10.7345,-15.2057,-20.8681,6.3973,26.5688
20250801,2436,偉詮電,listed,46.7,48.35,45.95,48.3,746051.0,35550824.0,,data/daily_price/20250801.csv,48.39,49.585,49.38,50.6488,49.5033,1.8987,-2.0284,-4.7337,6.9767,-12.3412,820162.5,0.9096,52.0,55.9,59.9,45.95,45.05,37.45,-2.5915,-2.1871,-4.6373,-2.4308,-7.1154,-13.5957,-19.3656,7.2142,28.972
20250804,2436,偉詮電,listed,48.2,49.2,47.55,49.0,711426.0,34682163.0,,data/daily_price/20250804.csv,48.32,49.535,49.4275,50.5871,49.4614,1.4493,-0.7092,-2.0,6.1755,-13.1206,798029.45,0.8915,52.0,55.9,59.9,45.95,45.05,37.45,-1.08,-0.8649,-3.1373,-0.9328,-5.7692,-12.3435,-18.197,8.768,30.8411
20250805,2436,偉詮電,listed,49.4,50.4,49.3,49.75,950790.0,47449929.0,,data/daily_price/20250805.csv,48.57,49.5475,49.4892,50.5275,49.4854,1.5306,2.5773,0.5051,8.0347,-12.5659,805132.95,1.1809,52.0,55.9,59.9,45.95,45.75,37.45,0.4087,0.5271,-1.5388,0.5347,-4.3269,-11.0018,-16.9449,8.7432,32.8438
20250806,2436,偉詮電,listed,49.5,49.6,48.6,48.6,717189.0,35097650.0,,data/daily_price/20250806.csv,48.61,49.4875,49.5267,50.4558,49.4116,-2.3116,0.4132,-2.4096,4.8544,-15.035,817472.15,0.8773,52.0,55.9,59.9,45.95,45.75,37.45,-1.7934,-1.871,-3.6781,-1.6426,-6.5385,-13.059,-18.8648,6.2295,29.773
20250807,2436,偉詮電,listed,48.9,48.9,47.7,47.7,717138.0,34560148.0,,data/daily_price/20250807.csv,48.67,49.405,49.5358,50.3808,49.269,-1.8519,0.6329,-3.3435,1.1665,-15.873,825893.75,0.8683,52.0,55.9,59.9,45.95,45.75,37.45,-3.4511,-3.7061,-5.3211,-3.1846,-8.2692,-14.6691,-20.3673,4.2623,27.3698
20250808,2436,偉詮電,listed,47.7,47.7,45.95,46.05,2279217.0,106280007.0,,data/daily_price/20250808.csv,48.22,49.215,49.5075,50.2846,49.0007,-3.4591,-4.6584,-7.6229,-3.5602,-20.0521,904620.75,2.5195,52.0,55.9,59.9,45.95,45.75,37.45,-6.431,-6.9838,-8.4212,-6.0218,-11.4423,-17.6208,-23.1219,0.6557,22.964
20250811,2436,偉詮電,listed,46.1,46.1,45.2,45.35,1399840.0,63668484.0,,data/daily_price/20250811.csv,47.49,49.01,49.4683,50.1883,48.6965,-1.5201,-7.449,-8.2912,-4.9266,-20.2988,944802.7,1.4816,52.0,55.9,59.9,45.2,45.2,37.45,-7.4679,-8.3252,-9.6404,-6.8722,-12.7885,-18.873,-24.2905,0.3319,21.0948
20250812,2436,偉詮電,listed,45.35,46.8,45.35,46.3,1563959.0,72203016.0,,data/daily_price/20250812.csv,46.8,48.85,49.445,50.0917,48.4968,2.0948,-6.9347,-6.4646,-2.935,-20.0345,995417.15,1.5712,52.0,55.9,59.9,45.2,45.2,37.45,-5.2201,-6.3606,-7.5695,-4.5298,-10.9615,-17.1735,-22.7045,2.4336,23.6315
20250813,2436,偉詮電,listed,46.35,48.25,45.85,45.95,1917629.0,89943214.0,,data/daily_price/20250813.csv,46.27,48.6375,49.4375,49.9888,48.2846,-0.7559,-5.4527,-8.4661,-0.9698,-21.1835,1035980.0,1.851,52.0,55.9,59.9,45.2,45.2,37.45,-5.5256,-7.0544,-8.0793,-4.835,-11.6346,-17.7996,-23.2888,1.6593,22.6969
20250814,2436,偉詮電,listed,46.7,47.4,45.8,47.1,1186643.0,55431629.0,,data/daily_price/20250814.csv,46.15,48.4125,49.4358,49.8954,48.1859,2.5027,-1.2579,-8.7209,-0.2119,-19.211,1007671.1,1.1776,52.0,55.9,59.9,45.2,45.2,37.45,-2.7111,-4.725,-5.6026,-2.2535,-9.4231,-15.7424,-21.3689,4.2035,25.7677
20250815,2436,偉詮電,listed,47.4,47.45,46.15,46.25,852793.0,39691565.0,,data/daily_price/20250815.csv,46.19,48.16,49.415,49.79,48.0245,-1.8047,0.4343,-9.8441,-2.6316,-21.4771,1000802.75,0.8521,51.3,55.9,59.9,45.2,45.2,37.45,-3.9659,-6.4049,-7.1099,-3.6951,-9.8441,-17.263,-22.788,2.323,23.498
20250818,2436,偉詮電,listed,46.3,48.3,46.1,47.45,1486482.0,70496257.0,,data/daily_price/20250818.csv,46.61,47.9975,49.405,49.6938,47.9767,2.5946,4.6307,-6.4103,-1.2487,-19.5763,1035952.55,1.4349,51.3,55.9,59.9,45.2,45.2,37.45,-1.1407,-3.9571,-4.5152,-1.0977,-7.5049,-15.1163,-20.7846,4.9779,26.7023
20250819,2436,偉詮電,listed,47.45,47.5,46.6,46.65,759810.0,35600548.0,,data/daily_price/20250819.csv,46.68,47.88,49.3858,49.5983,47.8661,-1.686,0.7559,-4.7959,-2.4059,-19.7074,1002278.15,0.7581,50.5,55.9,59.9,45.2,45.2,37.45,-2.5689,-5.5397,-5.9444,-2.5406,-7.6238,-16.5474,-22.1202,3.208,24.5661
20250820,2436,偉詮電,listed,46.7,46.75,45.3,45.35,1182683.0,54117930.0,,data/daily_price/20250820.csv,46.56,47.6425,49.3542,49.4913,47.6564,-2.7867,-1.3058,-9.481,-4.0212,-22.079,1024837.5,1.154,50.5,55.9,59.9,45.2,45.2,37.45,-4.8119,-8.1131,-8.3676,-4.8397,-10.198,-18.873,-24.2905,0.3319,21.0948
20250821,2436,偉詮電,listed,45.65,47.2,45.3,46.4,990064.0,45975572.0,,data/daily_price/20250821.csv,46.42,47.4575,49.3333,49.3921,47.5517,2.3153,-1.4862,-7.3852,-2.6233,-20.4117,1051843.65,0.9413,50.4,55.9,59.9,45.2,45.2,37.45,-2.2283,-5.9459,-6.0578,-2.4221,-7.9365,-16.9946,-22.5376,2.6549,23.8985
20250822,2436,偉詮電,listed,46.6,47.6,46.6,46.9,938411.0,44235666.0,,data/daily_price/20250822.csv,46.55,47.3375,49.315,49.3004,47.4974,1.0776,1.4054,-4.8682,-2.2917,-18.9983,1067140.1,0.8794,50.4,55.9,59.9,45.2,45.2,37.45,-0.9242,-4.8971,-4.869,-1.2578,-6.9444,-16.1002,-21.7028,3.7611,25.2336
20250825,2436,偉詮電,listed,47.85,49.0,47.5,47.6,1633383.0,78812448.0,,data/daily_price/20250825.csv,46.58,47.25,49.3367,49.2154,47.506,1.4925,0.3161,-3.5461,2.8078,-17.6471,1122916.25,1.4546,50.4,55.9,59.9,45.2,45.2,37.45,0.7407,-3.52,-3.2823,0.1979,-5.5556,-14.8479,-20.5342,5.3097,27.1028
20250826,2436,偉詮電,listed,47.45,48.7,47.45,48.5,895302.0,43187870.0,,data/daily_price/20250826.csv,46.95,47.25,49.3825,49.1287,47.5888,1.8908,3.9657,0.0,6.0109,-17.657,1129723.95,0.7925,50.4,55.9,59.9,45.2,45.2,37.45,2.6455,-1.7871,-1.2798,1.9147,-3.7698,-13.2379,-19.0317,7.3009,29.506
20250827,2436,偉詮電,listed,49.35,50.3,48.7,49.95,1993033.0,99010225.0,,data/daily_price/20250827.csv,47.87,47.3275,49.4275,49.0867,47.7856,2.9897,10.1433,3.2025,5.7143,-9.1818,1193817.3,1.6695,50.4,55.9,59.9,45.2,45.2,37.45,5.5412,1.0571,1.7588,4.5295,-0.8929,-10.644,-16.611,10.5088,33.3778
20250828,2436,偉詮電,listed,50.1,50.8,49.5,49.95,1417396.0,71067092.0,,data/daily_price/20250828.csv,48.58,47.455,49.4625,49.0396,47.9659,0.0,7.6509,5.3797,4.3887,-10.1619,1216961.95,1.1647,50.8,55.9,59.9,45.2,45.2,37.45,5.2576,0.9856,1.8565,4.1364,-1.6732,-10.644,-16.611,10.5088,33.3778
20250829,2436,偉詮電,listed,50.6,50.6,49.55,49.55,834472.0,41645188.0,,data/daily_price/20250829.csv,49.11,47.5175,49.4117,48.9875,48.0979,-0.8008,5.6503,2.588,-5.7985,-11.2007,1221383.0,0.6832,50.8,55.9,59.9,45.2,45.2,37.45,4.2774,0.28,1.1483,3.019,-2.4606,-11.3596,-17.2788,9.6239,32.3097
20250901,2436,偉詮電,listed,49.95,49.95,47.75,48.85,1540870.0,74970178.0,,data/daily_price/20250901.csv,49.36,47.51,49.3458,48.9312,48.1606,-1.4127,2.6261,-0.3061,-7.4811,-12.1403,1262855.2,1.2201,50.8,53.8,59.9,45.2,45.2,37.45,2.8205,-1.0048,-0.166,1.4314,-3.8386,-9.2007,-18.4474,8.0752,30.4406
20250902,2436,偉詮電,listed,48.95,49.05,47.65,48.4,731462.0,35317201.0,,data/daily_price/20250902.csv,49.34,47.4425,49.2925,48.8696,48.1806,-0.9212,-0.2062,-2.7136,-6.2016,-13.2616,1251888.8,0.5843,50.8,53.8,59.9,45.2,45.2,37.45,2.0182,-1.8106,-0.9609,0.4554,-4.7244,-10.0372,-19.1987,7.0796,29.239
20250903,2436,偉詮電,listed,49.3,53.2,49.3,53.2,4628223.0,241302361.0,,data/daily_price/20250903.csv,49.99,47.6725,49.3008,48.8487,48.5988,9.9174,6.5065,9.465,0.9488,-4.4883,1447440.5,3.1975,53.2,53.8,59.9,45.2,45.2,37.45,11.5947,7.9089,8.9076,9.4676,0.0,-1.1152,-11.1853,17.6991,42.0561
20250904,2436,偉詮電,listed,53.6,54.5,51.4,52.2,10521039.0,556548698.0,,data/daily_price/20250904.csv,50.44,47.8975,49.3142,48.8196,48.8989,-1.8797,4.5045,9.434,1.5564,-6.2837,1937635.55,5.4298,54.5,54.5,59.9,45.2,45.2,37.45,8.9827,5.8519,6.9243,6.7508,-4.2202,-4.2202,-12.8548,15.4867,39.3858
20250905,2436,偉詮電,listed,52.7,56.1,51.8,55.2,10067367.0,546413312.0,,data/daily_price/20250905.csv,51.57,48.355,49.4008,48.8271,49.424,5.7471,11.4026,19.8697,10.4,1.6575,2327043.05,4.3262,56.1,56.1,59.9,45.2,45.2,37.45,14.1557,11.739,13.052,11.6866,-1.6043,-1.6043,-7.8464,22.1239,47.3965
20250909,2436,偉詮電,listed,62.1,62.3,58.3,59.2,21024150.0,1257092993.0,,data/daily_price/20250909.csv,53.64,49.0475,49.5308,48.8637,50.2387,7.2464,21.1873,30.5402,15.1751,8.0292,3308258.55,6.3551,62.3,62.3,62.3,45.3,45.2,37.45,20.6993,19.5215,21.1532,17.8375,-4.9759,-4.9759,-4.9759,30.9735,58.0774
20250910,2436,偉詮電,listed,59.3,59.8,57.2,57.7,7978333.0,462038644.0,,data/daily_price/20250910.csv,55.5,49.6175,49.6392,48.8838,50.8605,-2.5338,19.2149,24.622,12.6953,4.34,3628977.25,2.1985,62.3,62.3,62.3,45.3,45.2,37.45,16.2896,16.2389,18.0351,13.4476,-7.3836,-7.3836,-7.3836,27.6549,54.0721
20250911,2436,偉詮電,listed,57.7,58.1,55.8,55.9,6253107.0,354131053.0,,data/daily_price/20250911.csv,56.04,50.115,49.7242,48.8771,51.2804,-3.1196,5.0752,21.654,10.0394,-1.4109,3845751.15,1.626,62.3,62.3,62.3,45.3,45.2,37.45,11.5435,12.4202,14.3685,9.0084,-10.2729,-10.2729,-10.2729,23.6726,49.2657
20250917,2436,偉詮電,listed,57.2,58.5,55.7,56.2,7953757.0,454045603.0,,data/daily_price/20250917.csv,56.84,50.57,49.8283,48.8713,51.6904,0.5367,7.6628,19.3206,12.5125,-1.2302,4184106.85,1.9009,62.3,62.3,62.3,45.3,45.2,37.45,11.1331,12.7872,14.996,8.7243,-9.7913,-9.7913,-9.7913,24.3363,50.0668
20250918,2436,偉詮電,listed,56.2,58.3,55.7,57.1,5914236.0,337771917.0,,data/daily_price/20250918.csv,57.22,51.1125,49.95,48.8562,52.1412,1.6014,3.442,23.4595,14.6586,-3.056,4437179.0,1.3329,62.3,62.3,62.3,45.3,45.2,37.45,11.7144,14.3143,16.8735,9.5103,-8.3467,-8.3467,-8.3467,26.3274,52.47
20250919,2436,偉詮電,listed,57.6,57.6,55.5,55.5,3086049.0,173347232.0,,data/daily_price/20250919.csv,56.48,51.515,50.055,48.8254,52.4211,-2.8021,-6.25,16.9652,12.8049,-6.25,4517157.35,0.6832,62.3,62.3,62.3,45.3,45.2,37.45,7.7356,10.878,13.6703,5.8734,-10.9149,-10.9149,-10.9149,22.7876,48.1976
20250922,2436,偉詮電,listed,55.6,56.2,54.4,55.7,2383752.0,131933101.0,,data/daily_price/20250922.csv,56.08,51.9675,50.13,48.8013,52.6943,0.3604,-3.4662,19.3998,8.7891,-4.9488,4598354.45,0.5184,62.3,62.3,62.3,45.3,45.2,37.45,7.1824,11.1111,14.1364,5.704,-10.5939,-10.5939,-10.5939,23.2301,48.7316
20250923,2436,偉詮電,listed,56.0,56.9,54.9,56.0,2712767.0,151793183.0,,data/daily_price/20250923.csv,56.1,52.5,50.2233,48.7846,52.9698,0.5386,0.1789,23.484,11.1111,-3.4483,4674858.65,0.5803,62.3,62.3,62.3,45.3,45.2,37.45,6.6667,11.502,14.7904,5.7206,-10.1124,-10.1124,-10.1124,23.8938,49.5327
20250924,2436,偉詮電,listed,56.2,56.2,54.7,55.2,2572322.0,142434902.0,,data/daily_price/20250924.csv,55.9,52.94,50.3083,48.7571,53.1557,-1.4286,-1.7794,18.9655,10.1796,-5.641,4753971.55,0.5411,62.3,62.3,62.3,46.6,45.2,37.45,4.269,9.7234,13.2143,3.8459,-11.3965,-11.3965,-11.3965,22.1239,47.3965
20250925,2436,偉詮電,listed,55.8,57.0,54.1,54.1,3003448.0,166210421.0,,data/daily_price/20250925.csv,55.3,53.3,50.3517,48.7329,53.2344,-1.9928,-5.2539,15.3518,5.0485,-5.0877,4857223.4,0.6183,62.3,62.3,62.3,47.45,45.2,37.45,1.5009,7.4443,11.0133,1.6261,-13.1621,-13.1621,-13.1621,19.6903,44.4593
20250926,2436,偉詮電,listed,54.0,54.0,51.4,51.6,3366645.0,175657000.0,,data/daily_price/20250926.csv,54.52,53.5,50.3483,48.7121,53.0982,-4.6211,-7.027,8.4034,-0.3861,-4.6211,4943886.5,0.681,62.3,62.3,62.3,47.45,45.2,37.45,-3.5514,2.486,5.9285,-2.8215,-17.175,-17.175,-17.175,14.1593,37.7837
20250930,2436,偉詮電,listed,52.0,52.7,51.5,52.4,846157.0,44097328.0,,data/daily_price/20250930.csv,53.86,53.695,50.3517,48.7321,53.04,1.5504,-5.9246,8.0412,0.3831,4.8,4941429.25,0.1712,62.3,62.3,62.3,47.65,45.2,37.45,-2.4118,4.0681,7.5267,-1.2066,-15.8909,-15.8909,-15.8909,15.9292,39.9199
20251001,2436,偉詮電,listed,52.8,54.5,52.3,53.2,1421548.0,76028467.0,,data/daily_price/20251001.csv,53.3,53.8575,50.3867,48.7529,53.0533,1.5267,-5.0,6.5065,4.1096,4.931,4912855.0,0.2894,62.3,62.3,62.3,47.65,45.2,37.45,-1.2208,5.5835,9.1217,0.2765,-14.6067,-14.6067,-14.6067,17.6991,42.0561
20251002,2436,偉詮電,listed,53.9,54.2,53.1,53.5,1010943.0,54105091.0,,data/daily_price/20251002.csv,52.96,54.035,50.3983,48.7712,53.0905,0.5639,-3.0797,7.1071,1.3258,4.2885,4892532.35,0.2066,62.3,62.3,62.3,47.65,45.2,37.45,-0.9901,6.1543,9.6958,0.7713,-14.1252,-14.1252,-14.1252,18.3628,42.8571
20251003,2436,偉詮電,listed,53.9,55.2,53.4,53.6,1846315.0,100353852.0,,data/daily_price/20251003.csv,52.86,54.2375,50.4467,48.8329,53.133,0.1869,-0.9242,8.1736,5.7199,16.0173,4943124.5,0.3735,62.3,62.3,62.3,47.65,45.2,37.45,-1.1754,6.2508,9.762,0.8789,-13.9647,-13.9647,-13.9647,18.5841,43.1242
20251007,2436,偉詮電,listed,53.6,54.8,53.3,53.5,1404812.0,75483876.0,,data/daily_price/20251007.csv,53.24,54.47,50.505,48.9321,53.1636,-0.1866,3.6822,9.5189,7.0,28.6058,4936321.6,0.2846,62.3,62.3,62.3,47.65,45.2,37.45,-1.7808,5.9301,9.3352,0.6328,-14.1252,-14.1252,-14.1252,18.3628,42.8571
20251008,2436,偉詮電,listed,53.1,53.1,51.9,52.5,1285108.0,67357176.0,,data/daily_price/20251008.csv,53.26,54.675,50.555,49.0575,53.1083,-1.8692,0.1908,8.4711,6.0606,40.1869,4964003.9,0.2589,62.3,62.3,62.3,49.3,45.2,40.0,-3.9781,3.8473,7.0173,-1.1454,-15.7303,-15.7303,-15.7303,16.1504,31.25
20251009,2436,偉詮電,listed,52.6,52.8,51.9,52.2,890189.0,46589758.0,,data/daily_price/20251009.csv,53.06,54.625,50.595,49.1496,53.0326,-0.5714,-1.8797,-1.8797,4.8193,26.853,4777102.2,0.1863,62.3,62.3,62.3,51.4,45.2,40.4,-4.4394,3.1723,6.2064,-1.57,-16.2119,-16.2119,-16.2119,15.4867,29.2079
20251013,2436,偉詮電,listed,47.7,51.7,47.65,51.5,1824233.0,91213815.0,,data/daily_price/20251013.csv,52.66,54.59,50.6308,49.2262,52.9049,-1.341,-3.7383,-1.341,4.3566,21.7494,4342261.9,0.4201,62.3,62.3,62.3,47.65,45.2,40.4,-5.6604,1.7167,4.619,-2.6555,-17.3355,-17.3355,-17.3355,13.9381,27.4752
20251014,2436,偉詮電,listed,52.4,52.4,49.8,49.8,2127881.0,107727322.0,,data/daily_price/20251014.csv,51.9,54.32,50.63,49.2746,52.6461,-3.301,-7.0896,-9.7826,-0.1003,13.1818,3945287.6,0.5393,62.3,62.3,62.3,47.65,45.2,40.4,-8.3211,-1.6393,1.0663,-5.4062,-20.0642,-20.0642,-20.0642,10.177,23.2673
20251016,2436,偉詮電,listed,51.1,52.8,51.1,51.5,1491967.0,77454765.0,,data/daily_price/20251016.csv,51.5,53.935,50.6642,49.3492,52.5506,3.4137,-3.7383,-13.0068,4.1456,21.0341,2968678.45,0.5026,59.8,62.3,62.3,47.65,45.2,40.4,-4.5147,1.6498,4.3584,-1.9993,-13.8796,-17.3355,-17.3355,13.9381,27.4752
20251020,2436,偉詮電,listed,51.1,52.0,51.0,51.5,1220715.0,62916000.0,,data/daily_price/20251020.csv,51.3,53.625,50.6975,49.425,52.4631,0.0,-1.9048,-10.7452,4.0404,21.4623,2630797.55,0.464,58.5,62.3,62.3,47.65,45.2,40.4,-3.9627,1.5829,4.1983,-1.8357,-11.9658,-17.3355,-17.3355,13.9381,27.4752
20251021,2436,偉詮電,listed,52.3,53.4,51.9,52.1,1414423.0,74286064.0,,data/daily_price/20251021.csv,51.28,53.435,50.7292,49.5079,52.4328,1.165,-0.1916,-6.7979,3.7849,23.6062,2388863.35,0.5921,58.5,62.3,62.3,47.65,45.2,40.4,-2.4984,2.7023,5.2357,-0.6347,-10.9402,-16.3724,-16.3724,15.2655,28.9604
20251022,2436,偉詮電,listed,52.1,52.3,51.7,51.8,608286.0,31585883.0,,data/daily_price/20251022.csv,51.34,53.215,50.7325,49.5946,52.3801,-0.5758,0.5825,-7.8292,0.3876,25.1208,2021589.8,0.3009,58.3,62.3,62.3,47.65,45.2,40.4,-2.659,2.1042,4.4469,-1.1074,-11.1492,-16.8539,-16.8539,14.6018,28.2178
20251023,2436,偉詮電,listed,51.5,51.5,50.7,50.7,779039.0,39680575.0,,data/daily_price/20251023.csv,51.52,52.895,50.7225,49.6771,52.2401,-2.1236,1.8072,-11.2084,-1.1696,24.2647,1764829.95,0.4414,57.6,62.3,62.3,47.65,45.2,41.9,-4.1497,-0.0444,2.0591,-2.9481,-11.9792,-18.6196,-18.6196,12.1681,21.0024
20251027,2436,偉詮電,listed,51.1,51.6,50.7,51.0,839484.0,42837061.0,,data/daily_price/20251027.csv,51.42,52.67,50.7275,49.7483,52.1367,0.5917,-0.9709,-8.1081,0.5917,20.1413,1652501.7,0.508,57.0,62.3,62.3,47.65,45.2,42.65,-3.1707,0.5372,2.516,-2.1803,-10.5263,-18.138,-18.138,12.8319,19.578
20251028,2436,偉詮電,listed,51.6,51.6,49.9,49.9,1070337.0,53659188.0,,data/daily_price/20251028.csv,51.1,52.38,50.7425,49.8088,51.9503,-2.1569,-3.1068,-10.4129,1.8367,16.9988,1586830.95,0.6745,57.0,62.3,62.3,47.65,45.2,42.85,-4.7346,-1.6603,0.1832,-3.9467,-12.4561,-19.9037,-19.9037,10.3982,16.4527
20251029,2436,偉詮電,listed,50.4,50.6,48.9,49.35,1815062.0,89882911.0,,data/daily_price/20251029.csv,50.55,52.0475,50.73,49.845,51.7336,-1.1022,-5.2783,-11.875,-1.497,9.6667,1541945.7,1.1771,57.0,62.3,62.3,47.65,45.2,42.85,-5.1828,-2.7203,-0.9931,-4.6075,-13.4211,-20.7865,-20.7865,9.1814,15.1692
20251030,2436,偉詮電,listed,49.5,49.75,48.25,48.65,1417813.0,69258399.0,,data/daily_price/20251030.csv,49.92,51.72,50.7058,49.8692,51.4767,-1.4184,-6.0811,-11.8659,-2.8942,6.3388,1484220.25,0.9553,57.0,62.3,62.3,47.65,45.2,42.85,-5.9358,-4.0544,-2.4447,-5.4912,-14.6491,-21.9101,-21.9101,7.6327,13.5356
20251031,2436,偉詮電,listed,48.3,48.85,48.2,48.45,825406.0,40002808.0,,data/daily_price/20251031.csv,49.47,51.4375,50.6917,49.8896,51.2245,-0.4111,-4.4379,-10.4436,-1.7241,5.3261,1375318.15,0.6002,55.2,62.3,62.3,47.65,45.2,42.85,-5.808,-4.4222,-2.8855,-5.4163,-12.2283,-22.2311,-22.2311,7.1903,13.0688
20251103,2436,偉詮電,TWSE,48.7,49.05,48.25,48.8,539932.0,,,data/daily_price/20251103.csv,49.03,51.2975,50.6825,49.9204,51.0224,0.7224,-4.3137,-5.4264,-1.1145,8.204,1233982.5,0.4376,55.2,62.3,62.3,47.65,45.2,42.85,-4.8687,-3.7143,-2.2444,-4.3558,-11.5942,-21.6693,-21.6693,7.9646,13.8856
20251104,2436,偉詮電,TWSE,48.8,48.8,47.25,47.3,1196242.0,,,data/daily_price/20251104.csv,48.51,51.0425,50.6625,49.935,50.7122,-3.0738,-5.2104,-9.7328,-2.4742,3.8419,1251486.75,0.9559,55.2,62.3,62.3,47.25,45.2,42.85,-7.3321,-6.6371,-5.2769,-6.7286,-14.3116,-24.077,-24.077,4.646,10.3851
20251105,2436,偉詮電,TWSE,46.4,47.05,46.3,46.9,1240936.0,,,data/daily_price/20251105.csv,48.02,50.7275,50.6375,49.96,50.3945,-0.8457,-4.9645,-11.8421,-3.0992,6.8337,1242456.15,0.9988,55.2,62.3,62.3,46.3,45.2,43.9,-7.5452,-7.3809,-6.1249,-6.9343,-15.0362,-24.7191,-24.7191,3.7611,6.8337
20251106,2436,偉詮電,TWSE,46.8,47.15,45.2,45.95,3367644.0,,,data/daily_price/20251106.csv,47.48,50.35,50.6133,49.9704,50.0242,-2.0256,-5.5498,-14.1121,-3.0591,2.7964,1360291.2,2.4757,55.2,62.3,62.3,45.2,45.2,44.55,-8.7388,-9.2136,-8.0456,-8.1444,-16.7572,-26.244,-26.244,1.6593,3.1425
20251107,2436,偉詮電,TWSE,47.0,47.45,45.3,45.75,2327901.0,,,data/daily_price/20251107.csv,46.94,49.9575,50.5708,49.9754,49.668,-0.4353,-5.5728,-14.6455,-5.2795,1.3289,1384370.5,1.6816,54.8,62.3,62.3,45.2,45.2,45.05,-8.4222,-9.5328,-8.455,-7.8883,-16.5146,-26.565,-26.565,1.2168,1.5538
20251110,2436,偉詮電,TWSE,46.0,47.6,45.25,47.35,2469342.0,,,data/daily_price/20251110.csv,46.65,49.65,50.5433,49.9854,49.4748,3.4973,-2.9713,-11.4953,-3.3673,2.6002,1437597.0,1.7177,53.4,62.3,62.3,45.2,45.2,45.05,-4.6324,-6.318,-5.2724,-4.2947,-11.3296,-23.9968,-23.9968,4.7566,5.1054
20251111,2436,偉詮電,TWSE,47.4,48.25,47.2,47.45,1322472.0,,,data/daily_price/20251111.csv,46.68,49.3975,50.505,49.9971,49.3061,0.2112,0.3171,-9.619,-4.6231,3.0402,1439465.2,0.9187,53.4,62.3,62.3,45.2,45.2,45.2,-3.9425,-6.0489,-5.0945,-3.7644,-11.1423,-23.8363,-23.8363,4.9779,4.9779
20251112,2436,偉詮電,TWSE,47.4,48.6,47.4,47.9,1277880.0,,,data/daily_price/20251112.csv,46.88,49.1825,50.4933,50.01,49.1889,0.9484,2.1322,-8.2375,-1.4403,3.3441,1458849.75,0.876,53.4,62.3,62.3,45.2,45.2,45.2,-2.6076,-5.136,-4.2192,-2.6203,-10.2996,-23.114,-23.114,5.9735,5.9735
20251113,2436,偉詮電,TWSE,47.9,48.3,47.4,48.1,1044308.0,,,data/daily_price/20251113.csv,47.31,49.0125,50.5,50.0179,49.0982,0.4175,4.679,-6.6019,0.8386,2.0148,1419853.5,0.7355,53.4,62.3,62.3,45.2,45.2,45.2,-1.8618,-4.7525,-3.8345,-2.033,-9.9251,-22.7929,-22.7929,6.4159,6.4159
20251114,2436,偉詮電,TWSE,47.3,47.75,46.45,46.45,1322174.0,,,data/daily_price/20251114.csv,47.45,48.845,50.5067,50.0071,48.8775,-3.4304,1.5301,-6.7269,0.8686,-2.7225,1379568.15,0.9584,53.4,62.3,62.3,45.2,45.2,45.2,-4.9033,-8.0319,-7.1132,-4.9665,-13.015,-25.4414,-25.4414,2.7655,2.7655
20251117,2436,偉詮電,TWSE,46.4,46.75,45.85,45.85,543267.0,,,data/daily_price/20251117.csv,47.15,48.5625,50.515,49.9917,48.6252,-1.2917,-3.1679,-10.9709,1.1025,-3.8784,1332133.15,0.4078,53.4,62.3,62.3,45.2,45.2,45.2,-5.5856,-9.2349,-8.2847,-5.7073,-14.1386,-26.4045,-26.4045,1.4381,1.4381
20251118,2436,偉詮電,TWSE,45.85,45.85,44.0,44.1,1429881.0,,,data/daily_price/20251118.csv,46.48,48.1925,50.4783,49.9617,48.2481,-3.8168,-7.0601,-14.3689,-4.7516,-7.5472,1342591.45,1.065,53.4,62.3,62.3,44.0,44.0,44.0,-8.492,-12.6358,-11.7323,-8.5974,-17.4157,-29.2135,-29.2135,0.2273,0.2273
20251119,2436,偉詮電,TWSE,44.0,44.25,43.0,43.15,1182619.0,,,data/daily_price/20251119.csv,45.53,47.745,50.4317,49.9346,47.8232,-2.1542,-9.9165,-17.1785,-6.0936,-7.0043,1331001.25,0.8885,52.3,62.3,62.3,43.0,43.0,43.0,-9.624,-14.4387,-13.5869,-9.7719,-17.4952,-30.7384,-30.7384,0.3488,0.3488
20251120,2436,偉詮電,TWSE,44.1,44.65,43.65,44.55,1067427.0,,,data/daily_price/20251120.csv,44.82,47.3825,50.3892,49.9125,47.5505,3.2445,-7.3805,-13.9961,-5.414,-5.6144,1353958.3,0.7884,51.6,62.3,62.3,43.0,43.0,43.0,-5.9779,-11.5881,-10.7438,-6.3101,-13.6628,-28.4912,-28.4912,3.6047,3.6047
20251121,2436,偉詮電,TWSE,44.0,44.3,43.0,43.25,940497.0,,,data/daily_price/20251121.csv,44.18,47.01,50.3392,49.8771,47.1921,-2.9181,-6.8891,-14.6943,-6.4865,-8.9474,1362031.2,0.6905,51.6,62.3,62.3,43.0,43.0,43.0,-7.9983,-14.0828,-13.2868,-8.3533,-16.1822,-30.5778,-30.5778,0.5814,0.5814
20251124,2436,偉詮電,TWSE,43.45,43.95,43.3,43.75,432843.0,,,data/daily_price/20251124.csv,43.76,46.6475,50.2775,49.8412,46.9053,1.1561,-4.5802,-14.2157,-7.7977,-8.949,1341699.15,0.3226,51.6,62.3,62.3,43.0,43.0,43.0,-6.2115,-12.9829,-12.2213,-6.7269,-15.2132,-29.7753,-29.7753,1.7442,1.7442
20251125,2436,偉詮電,TWSE,44.2,44.85,44.15,44.5,409513.0,,,data/daily_price/20251125.csv,43.84,46.3775,50.2417,49.8138,46.7048,1.7143,0.907,-10.8216,-4.6088,-6.9038,1308657.95,0.3129,50.6,62.3,62.3,43.0,43.0,43.0,-4.0483,-11.4281,-10.6672,-4.7208,-12.0553,-28.5714,-28.5714,3.4884,3.4884
20251126,2436,偉詮電,TWSE,44.75,45.45,44.65,44.85,765903.0,,,data/daily_price/20251126.csv,44.18,46.1525,50.2333,49.7938,46.5503,0.7865,3.9397,-9.1185,-1.1025,-5.0794,1256200.0,0.6097,49.75,62.3,62.3,43.0,43.0,43.0,-2.8222,-10.7167,-9.9285,-3.6525,-9.8492,-28.0096,-28.0096,4.3023,4.3023
20251127,2436,偉詮電,TWSE,45.0,45.3,44.4,44.75,580108.0,,,data/daily_price/20251127.csv,44.22,45.9575,50.2058,49.7696,46.4002,-0.223,0.4489,-8.0164,-3.556,-6.086,1214314.75,0.4777,49.05,62.3,62.3,43.0,43.0,43.0,-2.6274,-10.8669,-10.0856,-3.5565,-8.7666,-28.1701,-28.1701,4.0698,4.0698
20251128,2436,偉詮電,TWSE,46.8,47.5,46.2,47.4,3119188.0,,,data/daily_price/20251128.csv,45.05,45.905,50.2142,49.7646,46.4835,5.9218,9.5954,-2.1672,1.0661,-1.25,1329003.85,2.347,49.05,62.3,62.3,43.0,43.0,43.0,3.2567,-5.6043,-4.7515,1.9716,-3.3639,-23.9165,-23.9165,10.2326,10.2326
20251201,2436,偉詮電,TWSE,46.85,48.0,46.5,47.5,2102148.0,,,data/daily_price/20251201.csv,45.8,45.84,50.2125,49.7746,46.5683,0.211,8.5714,-2.6639,-0.2101,2.5918,1407114.65,1.4939,48.8,62.3,62.3,43.0,43.0,43.0,3.6213,-5.402,-4.5698,2.0008,-2.6639,-23.756,-23.756,10.4651,10.4651
20251202,2436,偉詮電,TWSE,47.7,47.7,46.3,46.3,1503593.0,,,data/daily_price/20251202.csv,46.16,45.79,50.1758,49.7792,46.5459,-2.5263,4.0449,-2.1142,-4.5361,1.2022,1422482.2,1.057,48.6,62.3,62.3,43.0,43.0,43.0,1.1138,-7.7245,-6.9892,-0.5283,-4.7325,-25.6822,-25.6822,7.6744,7.6744
20251203,2436,偉詮電,TWSE,46.5,46.9,46.05,46.15,830220.0,,,data/daily_price/20251203.csv,46.42,45.7525,50.1125,49.77,46.5129,-0.324,2.8986,-1.5991,-7.6076,-2.328,1401946.4,0.5922,48.6,62.3,62.3,43.0,43.0,43.0,0.8688,-7.9072,-7.2735,-0.7802,-5.0412,-25.923,-25.923,7.3256,7.3256
20251204,2436,偉詮電,TWSE,46.2,46.5,45.5,45.65,695782.0,,,data/daily_price/20251204.csv,46.6,45.7375,50.0408,49.7517,46.441,-1.0834,2.0112,-0.6529,-8.6086,-4.5977,1268353.3,0.5486,48.6,62.3,62.3,43.0,43.0,43.0,-0.1913,-8.7745,-8.2443,-1.7032,-6.07,-26.7255,-26.7255,6.1628,6.1628
20251205,2436,偉詮電,TWSE,45.7,45.85,45.05,45.8,418380.0,,,data/daily_price/20251205.csv,46.28,45.74,49.9783,49.695,46.3876,0.3286,-3.3755,0.1093,-7.5681,-12.9278,1172877.25,0.3567,48.6,62.3,62.3,43.0,43.0,43.0,0.1312,-8.3603,-7.8378,-1.2667,-5.7613,-26.4848,-26.4848,6.5116,6.5116
20251208,2436,偉詮電,TWSE,47.5,50.3,47.5,49.3,8818330.0,,,data/daily_price/20251208.csv,46.64,45.8375,49.9858,49.6658,46.6303,7.6419,3.7895,4.1183,0.9212,-6.6288,1490326.65,5.917,50.3,62.3,62.3,43.0,43.0,43.0,7.5539,-1.3721,-0.7366,5.7253,-1.9881,-20.8668,-20.8668,14.6512,14.6512
20251209,2436,偉詮電,TWSE,49.3,50.1,48.35,48.4,2049544.0,,,data/daily_price/20251209.csv,47.06,45.885,49.9858,49.6392,46.7778,-1.8256,4.5356,2.0021,0.0,-6.2016,1526680.25,1.3425,50.3,62.3,62.3,43.0,43.0,43.0,5.4811,-3.1726,-2.4963,3.468,-3.7773,-22.3114,-22.3114,12.5581,12.5581
20251210,2436,偉詮電,TWSE,48.75,48.75,47.6,47.7,993560.0,,,data/daily_price/20251210.csv,47.37,45.875,49.8942,49.5975,46.8546,-1.4463,3.3586,-0.4175,-10.3383,-9.4877,1512464.25,0.6569,50.3,62.3,62.3,43.0,43.0,43.0,3.9782,-4.3976,-3.8258,1.8043,-5.169,-23.435,-23.435,10.9302,10.9302
20251211,2436,偉詮電,TWSE,47.7,48.95,47.7,48.1,994034.0,,,data/daily_price/20251211.csv,47.86,45.875,49.8258,49.57,46.9584,0.8386,5.3669,0.0,-7.8544,-6.4202,1509950.55,0.6583,50.3,62.3,62.3,43.0,43.0,43.0,4.8501,-3.4637,-2.9655,2.4311,-4.3738,-22.7929,-22.7929,11.8605,11.8605
20251212,2436,偉詮電,TWSE,48.55,48.9,48.1,48.7,941454.0,,,data/daily_price/20251212.csv,48.44,45.9875,49.7175,49.5592,47.1035,1.2474,6.3319,4.8439,-11.7754,-2.6,1490914.55,0.6315,50.3,62.3,62.3,43.0,43.0,43.0,5.8983,-2.0466,-1.7336,3.3893,-3.1809,-21.8299,-21.8299,13.2558,13.2558
20251215,2436,偉詮電,TWSE,48.8,49.3,48.35,48.8,1775842.0,,,data/daily_price/20251215.csv,48.34,46.135,49.5442,49.5375,47.2449,0.2053,-1.0142,6.434,-17.5676,-5.0584,1552543.3,1.1438,50.3,59.8,62.3,43.0,43.0,43.0,5.7765,-1.502,-1.4888,3.2916,-2.9821,-18.3946,-21.6693,13.4884,13.4884
20251216,2436,偉詮電,TWSE,48.75,49.05,47.45,48.2,1272344.0,,,data/daily_price/20251216.csv,48.3,46.34,49.3858,49.5125,47.3245,-1.2295,-0.4132,9.2971,-16.4645,-5.8594,1544666.45,0.8237,50.3,58.5,62.3,43.0,43.0,43.0,4.0138,-2.4012,-2.6508,1.85,-4.175,-17.6068,-22.6324,12.093,12.093
20251217,2436,偉詮電,TWSE,48.6,49.65,48.35,48.35,1498409.0,,,data/daily_price/20251217.csv,48.43,46.6,49.26,49.4921,47.41,0.3112,1.3627,12.051,-13.5063,-4.8228,1560455.95,0.9602,50.3,58.5,62.3,43.0,43.0,43.0,3.7554,-1.8473,-2.3076,1.9828,-3.8767,-17.3504,-22.3917,12.4419,12.4419
20251218,2436,偉詮電,TWSE,48.45,48.45,47.3,47.45,1040869.0,,,data/daily_price/20251218.csv,48.3,46.745,49.1142,49.4712,47.4133,-1.8614,-1.3514,6.5095,-15.5694,-5.005,1559128.05,0.6676,50.3,58.3,62.3,43.0,43.0,43.0,1.5082,-3.3884,-4.0857,0.0774,-5.666,-18.6106,-23.8363,10.3488,10.3488
20251219,2436,偉詮電,TWSE,48.0,49.35,47.85,49.25,1632664.0,,,data/daily_price/20251219.csv,48.41,47.045,48.9833,49.4667,47.5663,3.7935,1.1294,13.8728,-13.7478,-1.1044,1593736.4,1.0244,50.3,57.6,62.3,43.3,43.0,43.0,4.687,0.5444,-0.438,3.5396,-2.0875,-14.4965,-20.947,14.5349,14.5349
20251222,2436,偉詮電,TWSE,49.7,50.3,49.0,49.0,1713076.0,,,data/daily_price/20251222.csv,48.45,47.3075,48.875,49.465,47.6858,-0.5076,0.4098,12.0,-11.7117,-0.4065,1657748.05,1.0334,50.3,57.0,62.3,44.15,43.0,43.0,3.5777,0.2558,-0.9401,2.7559,-2.5845,-14.0351,-21.3483,13.9535,13.9535
20251223,2436,偉詮電,TWSE,49.0,49.0,47.7,47.75,1160849.0,,,data/daily_price/20251223.csv,48.36,47.47,48.7425,49.4362,47.6912,-2.551,-0.9336,7.3034,-14.2729,-6.7383,1695314.85,0.6847,50.3,57.0,62.3,44.4,43.0,43.0,0.5898,-2.0362,-3.411,0.1234,-5.0696,-16.2281,-23.3547,11.0465,11.0465
20251224,2436,偉詮電,TWSE,48.0,48.45,47.55,47.75,723232.0,,,data/daily_price/20251224.csv,48.24,47.615,48.605,49.4142,47.6961,0.0,-1.241,6.466,-14.7321,-5.2579,1693181.3,0.4271,50.3,57.0,62.3,44.4,43.0,43.0,0.2835,-1.7591,-3.3678,0.1131,-5.0696,-16.2281,-23.3547,11.0465,11.0465
20251226,2436,偉詮電,TWSE,48.1,48.7,47.7,48.5,1058919.0,,,data/daily_price/20251226.csv,48.45,47.8025,48.4933,49.4008,47.7631,1.5707,2.2129,8.3799,-12.1377,-3.1936,1717121.85,0.6167,50.3,57.0,62.3,45.05,43.0,43.0,1.4591,0.0137,-1.8235,1.5429,-3.5785,-14.9123,-22.1509,12.7907,12.7907
20251229,2436,偉詮電,TWSE,48.5,48.5,47.9,48.0,716723.0,,,data/daily_price/20251229.csv,48.2,47.8325,48.3917,49.3717,47.7828,-1.0309,-2.5381,1.2658,-11.2754,-6.7961,1596998.6,0.4488,50.3,55.2,62.3,45.05,43.0,43.0,0.3502,-0.8094,-2.7782,0.4545,-4.5726,-13.0435,-22.9535,11.6279,11.6279
20251230,2436,偉詮電,TWSE,48.2,49.0,47.5,48.8,1366380.0,,,data/daily_price/20251230.csv,48.16,47.8975,48.345,49.3467,47.8676,1.6667,-0.4082,2.7368,-5.4264,-5.7915,1560210.2,0.8758,50.3,55.2,62.3,45.05,43.0,43.0,1.8842,0.9412,-1.1078,1.9479,-2.9821,-11.5942,-21.6693,13.4884,13.4884
20251231,2436,偉詮電,TWSE,49.3,49.65,47.65,47.65,2063721.0,,,data/daily_price/20251231.csv,48.14,47.965,48.2658,49.3088,47.8494,-2.3566,-0.2094,2.9158,-9.0649,-8.7165,1588216.6,1.2994,50.3,55.2,62.3,45.05,43.0,43.0,-0.6567,-1.2759,-3.364,-0.4168,-5.2684,-13.6775,-23.5152,10.814,10.814
20260102,2436,偉詮電,TWSE,47.9,48.65,47.75,47.9,959359.0,,,data/daily_price/20260102.csv,48.17,48.0525,48.1775,49.2821,47.8537,0.5247,0.3141,3.792,-9.9624,-6.2622,1594673.55,0.6016,50.3,55.2,62.3,45.05,43.0,43.0,-0.3174,-0.576,-2.8044,0.0968,-4.7714,-13.2246,-23.114,11.3953,11.3953
20260105,2436,偉詮電,TWSE,48.45,48.5,47.4,47.55,1393966.0,,,data/daily_price/20260105.csv,47.98,48.1475,48.0783,49.2383,47.8284,-0.7307,-1.9588,4.1621,-11.1215,-9.9432,1629582.75,0.8554,50.3,55.2,62.3,45.05,43.0,43.0,-1.241,-1.0989,-3.4289,-0.582,-5.4672,-13.8587,-23.6758,10.5814,10.5814
20260106,2436,偉詮電,TWSE,47.55,48.95,47.25,48.3,1796966.0,,,data/daily_price/20260106.csv,48.04,48.2725,47.99,49.2183,47.8677,1.5773,0.625,5.4585,-9.8881,-4.7337,1698512.05,1.058,50.3,54.8,62.3,47.25,43.0,43.0,0.057,0.646,-1.8658,0.9032,-3.9761,-11.8613,-22.4719,12.3256,12.3256
20260107,2436,偉詮電,TWSE,49.2,50.2,49.0,49.8,4236881.0,,,data/daily_price/20260107.csv,48.24,48.2975,47.9283,49.2167,48.0287,3.1056,2.0492,1.0142,-6.9159,-0.4,1469439.6,2.8833,50.3,53.4,62.3,47.25,43.0,43.0,3.1109,3.9051,1.1852,3.688,-0.994,-6.7416,-20.0642,15.814,15.814
20260108,2436,偉詮電,TWSE,49.8,49.8,47.4,47.55,3240081.0,,,data/daily_price/20260108.csv,48.22,48.255,47.8458,49.2004,47.9888,-4.5181,-0.2099,-1.7562,-9.4286,-3.9394,1528966.45,2.1191,50.3,53.4,62.3,47.25,43.0,43.0,-1.461,-0.6183,-3.3545,-0.9144,-5.4672,-10.9551,-23.6758,10.5814,10.5814
20260109,2436,偉詮電,TWSE,47.55,48.55,46.35,48.35,1913698.0,,,data/daily_price/20260109.csv,48.31,48.2875,47.7817,49.1883,48.0189,1.6824,0.9395,1.3627,-7.3755,-2.9116,1574973.35,1.2151,50.3,53.4,62.3,46.35,43.0,43.0,0.1294,1.1894,-1.7043,0.6895,-3.8767,-9.4569,-22.3917,12.4419,12.4419
20260112,2436,偉詮電,TWSE,48.4,49.2,48.4,48.4,1147435.0,,,data/daily_price/20260112.csv,48.48,48.3025,47.73,49.1804,48.0507,0.1034,1.7876,0.6237,-6.0194,-1.925,1582643.4,0.725,50.3,53.4,62.3,46.35,43.0,43.0,0.2019,1.4037,-1.5868,0.727,-3.7773,-9.3633,-22.3114,12.5581,12.5581
20260113,2436,偉詮電,TWSE,48.6,48.7,47.5,47.7,1242544.0,,,data/daily_price/20260113.csv,48.36,48.2525,47.695,49.1625,48.0214,-1.4463,-1.2422,-2.0534,-4.2169,-4.3129,1597697.9,0.7777,50.3,53.4,62.3,46.35,43.0,43.0,-1.145,0.0105,-2.9748,-0.6694,-5.169,-10.6742,-23.435,10.9302,10.9302
20260114,2436,偉詮電,TWSE,47.8,48.85,47.8,48.6,1159602.0,,,data/daily_price/20260114.csv,48.12,48.2425,47.6467,49.1554,48.0696,1.8868,-2.4096,-0.4098,-5.6311,-1.7189,1566885.9,0.7401,50.3,53.4,62.3,46.35,43.0,43.0,0.741,2.0008,-1.1299,1.1033,-3.3797,-8.9888,-21.9904,13.0233,13.0233
20260115,2436,偉詮電,TWSE,48.65,48.8,48.0,48.8,909537.0,,,data/daily_price/20260115.csv,48.37,48.2725,47.6017,49.1496,48.1305,0.4115,2.6288,1.2448,-5.2427,-1.4141,1548745.55,0.5873,50.3,53.4,62.3,46.35,43.0,43.0,1.0928,2.5174,-0.7113,1.391,-2.9821,-8.6142,-21.6693,13.4884,13.4884
20260116,2436,偉詮電,TWSE,48.85,49.35,48.3,48.35,1213814.0,,,data/daily_price/20260116.csv,48.37,48.2725,47.5392,49.1342,48.1488,-0.9221,0.0,0.0,-7.1977,-3.6853,1534515.8,0.791,50.3,52.3,62.3,46.35,43.0,43.0,0.1605,1.7056,-1.596,0.4179,-3.8767,-7.5526,-22.3917,12.4419,12.4419
20260119,2436,偉詮電,TWSE,48.4,49.9,48.35,49.8,2408823.0,,,data/daily_price/20260119.csv,48.65,48.39,47.5058,49.1192,48.2864,2.999,2.8926,4.9526,-3.861,-3.4884,1602913.5,1.5028,50.3,51.6,62.3,46.35,43.0,43.0,2.9138,4.8292,1.3861,3.1346,-0.994,-3.4884,-20.0642,15.814,15.814
20260120,2436,偉詮電,TWSE,49.9,50.8,49.0,50.6,2656027.0,,,data/daily_price/20260120.csv,49.23,48.4575,47.5042,49.1133,48.4792,1.6064,6.0797,2.7411,-0.1972,-1.3645,1654081.65,1.6057,50.8,51.6,62.3,46.35,43.0,43.0,4.4214,6.517,3.027,4.3747,-0.3937,-1.938,-18.7801,17.6744,17.6744
20260121,2436,偉詮電,TWSE,50.2,51.2,49.65,50.0,2260743.0,,,data/daily_price/20260121.csv,49.51,48.5075,47.4875,49.1075,48.6059,-1.1858,2.8807,2.0408,-1.9608,-1.3807,1681465.0,1.3445,51.2,51.6,62.3,46.35,43.0,43.0,3.0768,5.2909,1.8174,2.8681,-2.3438,-3.1008,-19.7432,16.2791,16.2791
20260122,2436,偉詮電,TWSE,50.8,52.1,50.6,51.0,3067479.0,,,data/daily_price/20260122.csv,49.95,48.67,47.5058,49.1242,48.8054,2.0,4.5082,6.8063,2.2044,4.0816,1776796.5,1.7264,52.1,52.1,62.3,46.35,43.0,43.0,4.7873,7.3552,3.8186,4.4966,-2.1113,-2.1113,-18.138,18.6047,18.6047
20260123,2436,偉詮電,TWSE,51.9,51.9,50.5,51.1,1795806.0,,,data/daily_price/20260123.csv,50.5,48.8375,47.535,49.1325,48.9967,0.1961,5.6877,7.0157,3.5461,1.996,1830425.2,0.9811,52.1,52.1,62.3,46.35,43.0,43.0,4.6327,7.4997,4.0045,4.2928,-1.9194,-1.9194,-17.9775,18.8372,18.8372
20260126,2436,偉詮電,TWSE,51.3,52.0,51.0,51.4,1539312.0,,,data/daily_price/20260126.csv,50.82,48.9825,47.5808,49.1433,49.1969,0.5871,3.2129,5.9794,5.6526,2.5948,1854444.85,0.8301,52.1,52.1,62.3,46.35,43.0,43.0,4.9354,8.0267,4.592,4.4781,-1.3436,-1.3436,-17.496,19.5349,19.5349
20260127,2436,偉詮電,TWSE,52.0,54.3,51.5,52.8,5711651.0,,,data/daily_price/20260127.csv,51.26,49.2225,47.6533,49.1725,49.4972,2.7237,4.3478,10.0,8.9783,7.0994,2104191.25,2.7144,54.3,54.3,62.3,46.35,43.0,43.0,7.268,10.8002,7.3771,6.6727,-2.7624,-2.7624,-15.2488,22.7907,22.7907
20260128,2436,偉詮電,TWSE,53.7,56.5,53.1,54.7,12246978.0,,,data/daily_price/20260128.csv,52.2,49.5175,47.7517,49.2171,49.9308,3.5985,9.4,12.0902,12.0902,10.8409,2648221.15,4.6246,56.5,56.5,62.3,46.35,43.0,43.0,10.466,14.551,11.1403,9.5517,-3.1858,-3.1858,-12.199,27.2093,27.2093
20260129,2436,偉詮電,TWSE,54.7,56.4,52.9,54.8,5770325.0,,,data/daily_price/20260129.csv,52.96,49.875,47.8767,49.2696,50.3365,0.1828,7.451,15.0052,15.8562,12.9897,2833551.35,2.0364,56.5,56.5,62.3,46.35,43.0,43.0,9.8747,14.4608,11.2248,8.8673,-3.0088,-3.0088,-12.0385,27.4419,27.4419
20260130,2436,偉詮電,TWSE,54.9,55.4,52.0,52.2,4110528.0,,,data/daily_price/20260130.csv,53.18,50.09,47.965,49.3013,50.4918,-4.7445,2.1526,8.977,11.3006,7.8512,2991109.8,1.3742,56.5,56.5,62.3,46.35,43.0,43.0,4.2124,8.8294,5.8797,3.3831,-7.6106,-7.6106,-16.2119,21.3953,21.3953
20260202,2436,偉詮電,TWSE,51.1,51.1,48.75,49.0,3018832.0,,,data/daily_price/20260202.csv,52.7,50.1625,48.0158,49.3146,50.3675,-6.1303,-4.6693,3.0494,6.6376,3.3755,3072353.1,0.9826,56.5,56.5,62.3,46.35,43.0,43.0,-2.3175,2.0497,-0.6379,-2.715,-13.2743,-13.2743,-21.3483,13.9535,13.9535
20260203,2436,偉詮電,TWSE,50.5,52.2,49.5,50.6,2231967.0,,,data/daily_price/20260203.csv,52.26,50.2775,48.0967,49.3337,50.3869,3.2653,-4.1667,4.7619,10.6011,4.7619,3094103.15,0.7214,56.5,56.5,62.3,46.35,43.0,43.0,0.6414,5.2048,2.5667,0.423,-10.4425,-10.4425,-18.7801,17.6744,17.6744
20260204,2436,偉詮電,TWSE,50.8,53.2,50.2,52.4,2058134.0,,,data/daily_price/20260204.csv,51.8,50.4075,48.1808,49.3621,50.5546,3.5573,-4.2048,5.2209,10.6653,6.9388,2985165.8,0.6895,56.5,56.5,62.3,46.35,43.0,43.0,3.9528,8.7569,6.1544,3.6502,-7.2566,-7.2566,-15.8909,21.8605,21.8605
20260205,2436,偉詮電,TWSE,51.6,54.1,51.5,52.7,2800404.0,,,data/daily_price/20260205.csv,51.38,50.665,48.2683,49.3867,50.7334,0.5725,-3.8321,10.8307,11.0643,5.9296,2963181.95,0.9451,56.5,56.5,62.3,46.35,43.0,43.0,4.0166,9.1813,6.709,3.8763,-6.7257,-6.7257,-15.4093,22.5581,22.5581
20260206,2436,偉詮電,TWSE,54.5,55.0,52.0,53.5,8261302.0,,,data/daily_price/20260206.csv,51.64,50.9225,48.3617,49.4275,50.964,1.518,2.4904,10.6515,11.691,10.0823,3280562.15,2.5183,56.5,56.5,62.3,47.5,43.0,43.0,5.0616,10.6248,8.2393,4.9761,-5.3097,-5.3097,-14.1252,24.4186,24.4186
20260209,2436,偉詮電,TWSE,54.8,57.9,53.8,56.8,10529614.0,,,data/daily_price/20260209.csv,53.2,51.3425,48.5067,49.5033,51.4503,6.1682,15.9184,17.3554,18.0873,19.0776,3749671.1,2.8081,57.9,57.9,62.3,47.5,43.0,43.0,10.6296,17.0973,14.7397,10.3978,-1.8998,-1.8998,-8.8283,32.093,32.093
20260210,2436,偉詮電,TWSE,57.0,59.8,56.2,58.0,16769769.0,,,data/daily_price/20260210.csv,54.68,51.8575,48.6992,49.6029,51.9961,2.1127,14.6245,21.5933,24.8654,25.9501,4526032.35,3.7052,59.8,59.8,62.3,47.8,43.0,43.0,11.845,19.0985,16.9286,11.5468,-3.01,-3.01,-6.9021,34.8837,34.8837
20260211,2436,偉詮電,TWSE,58.7,61.6,56.3,59.4,18008472.0,,,data/daily_price/20260211.csv,56.08,52.3975,48.925,49.72,52.6131,2.4138,13.3588,22.2222,29.5529,30.9813,5368475.85,3.3545,61.6,61.6,62.3,48.0,43.0,43.0,13.3642,21.4103,19.469,12.8996,-3.5714,-3.5714,-4.6549,38.1395,38.1395
20260223,2436,偉詮電,TWSE,61.7,61.7,58.2,61.2,10146861.0,,,data/daily_price/20260223.csv,57.78,53.0175,49.21,49.8442,53.3287,3.0303,16.129,25.4098,38.7755,32.1814,5830342.05,1.7404,61.7,61.7,62.3,48.3,43.0,43.0,15.4336,24.365,22.7827,14.76,-0.8104,-0.8104,-1.7657,42.3256,42.3256
20260224,2436,偉詮電,TWSE,60.8,61.9,60.2,60.2,5482736.0,,,data/daily_price/20260224.csv,59.12,53.61,49.4942,49.9629,53.9013,-1.634,12.5234,24.5088,39.5133,31.012,6043788.15,0.9072,61.9,61.9,62.3,48.35,43.0,43.0,12.2925,21.6305,20.4894,11.6857,-2.7464,-2.7464,-3.3708,40.0,40.0
20260225,2436,偉詮電,TWSE,60.7,60.9,59.3,59.9,4361067.0,,,data/daily_price/20260225.csv,59.74,54.115,49.75,50.0696,54.4012,-0.4983,5.4577,20.2811,34.4557,27.1762,6141400.35,0.7101,61.9,61.9,62.3,48.75,43.0,43.0,10.6902,20.402,19.6335,10.1079,-3.231,-3.231,-3.8523,39.3023,39.3023
20260226,2436,偉詮電,TWSE,60.2,64.5,60.1,62.2,10596995.0,,,data/daily_price/20260226.csv,60.58,54.695,50.0658,50.2025,55.0511,3.8397,7.2414,22.9249,43.815,34.4865,6538448.75,1.6207,64.5,64.5,64.5,48.75,43.3,43.0,13.7215,24.2364,23.8982,12.986,-3.5659,-3.5659,-3.5659,43.649,44.6512
20260302,2436,偉詮電,TWSE,60.0,61.8,59.6,59.8,4208392.0,,,data/daily_price/20260302.csv,60.66,55.185,50.3333,50.3054,55.4468,-3.8585,0.6734,19.6,36.6857,26.0274,6635831.2,0.6342,64.5,64.5,64.5,48.75,44.15,43.0,8.3628,18.8079,18.8739,7.8511,-7.2868,-7.2868,-7.2868,35.4473,39.0698
20260303,2436,偉詮電,TWSE,60.0,62.6,57.6,57.8,6074353.0,,,data/daily_price/20260303.csv,59.98,55.525,50.555,50.3983,55.6429,-3.3445,-5.5556,13.3333,29.8876,23.9014,6786174.9,0.8951,64.5,64.5,64.5,48.75,44.4,43.0,4.0973,14.3309,14.6863,3.8766,-10.3876,-10.3876,-10.3876,30.1802,34.4186
20260304,2436,偉詮電,TWSE,57.2,57.2,54.1,54.7,4725542.0,,,data/daily_price/20260304.csv,58.88,55.705,50.7192,50.4762,55.5643,-5.3633,-9.1362,7.045,21.9621,20.6174,6932661.7,0.6816,64.5,64.5,64.5,48.75,44.4,43.0,-1.8041,7.8488,8.3678,-1.5556,-15.1938,-15.1938,-15.1938,23.1982,27.2093
20260305,2436,偉詮電,TWSE,56.2,57.7,55.7,57.1,2798278.0,,,data/daily_price/20260305.csv,58.32,55.99,50.925,50.5654,55.6923,4.3876,-4.6745,11.0895,27.5978,23.0603,6995610.0,0.4,64.5,64.5,64.5,48.75,45.05,43.0,1.9825,12.1257,12.923,2.5276,-11.4729,-11.4729,-11.4729,26.7481,32.7907
20260306,2436,偉詮電,TWSE,55.7,56.7,54.7,55.4,3253565.0,,,data/daily_price/20260306.csv,56.96,56.12,51.0583,50.6363,55.668,-2.9772,-10.9325,4.9242,16.8776,18.1237,6872705.7,0.4734,64.5,64.5,64.5,48.75,45.05,43.0,-1.283,8.5033,9.4078,-0.4813,-14.1085,-14.1085,-14.1085,22.9745,28.8372
20260309,2436,偉詮電,TWSE,50.3,51.0,49.9,50.5,3825803.0,,,data/daily_price/20260309.csv,55.1,55.91,51.1083,50.6604,55.2373,-8.8448,-15.5518,-7.6782,6.3158,6.0924,6451646.95,0.593,64.5,64.5,64.5,48.75,45.05,43.0,-9.6763,-1.1903,-0.3167,-8.5763,-21.7054,-21.7054,-21.7054,12.0977,17.4419
20260310,2436,偉詮電,TWSE,52.3,53.5,51.6,53.1,2408603.0,,,data/daily_price/20260310.csv,54.16,55.825,51.2217,50.6988,55.0592,5.1485,-8.1315,-3.1022,14.6868,9.4845,6283560.85,0.3833,64.5,64.5,64.5,48.75,45.05,43.0,-4.8813,3.6671,4.7363,-3.5583,-17.6744,-17.6744,-17.6744,17.869,23.4884
20260311,2436,偉詮電,TWSE,53.7,57.6,53.7,55.8,3374500.0,,,data/daily_price/20260311.csv,54.38,56.005,51.3825,50.7475,55.1209,5.0847,2.011,6.8966,20.9101,11.7117,6246759.45,0.5402,64.5,64.5,64.5,48.75,45.05,43.0,-0.366,8.5973,9.9562,1.232,-13.4884,-13.4884,-13.4884,23.8624,29.7674
20260312,2436,偉詮電,TWSE,58.5,59.5,57.2,58.8,5666782.0,,,data/daily_price/20260312.csv,54.72,56.495,51.6017,50.8212,55.4275,5.3763,2.9772,20.0,28.8061,17.7177,6379156.95,0.8883,64.5,64.5,64.5,49.5,45.05,43.0,4.08,13.9498,15.6996,6.0845,-8.8372,-8.8372,-8.8372,30.5216,36.7442
20260313,2436,偉詮電,TWSE,58.1,61.5,57.7,60.8,5192107.0,,,data/daily_price/20260313.csv,55.8,57.005,51.8517,50.915,55.8752,3.4014,9.7473,20.1581,32.7511,22.7043,6527163.95,0.7955,64.5,64.5,64.5,49.9,46.35,43.0,6.6573,17.2576,19.4147,8.8139,-5.7364,-5.7364,-5.7364,31.1758,41.3953
20260316,2436,偉詮電,TWSE,62.5,63.4,61.6,63.0,6518206.0,,,data/daily_price/20260316.csv,58.3,57.535,52.08,51.0329,56.4689,3.6184,24.7525,20.229,27.789,28.9662,6750167.55,0.9656,64.5,64.5,64.5,49.9,46.35,43.0,9.4986,20.9677,23.4497,11.5657,-2.3256,-2.3256,-2.3256,35.9223,46.5116
20260317,2436,偉詮電,TWSE,64.0,64.5,62.5,63.0,6674237.0,,,data/daily_price/20260317.csv,60.28,58.05,52.3233,51.1546,57.0132,0.0,18.6441,19.5446,30.1653,30.1653,6943859.2,0.9612,64.5,64.5,64.5,49.9,46.35,43.0,8.5271,20.4052,23.1561,10.5007,-2.3256,-2.3256,-2.3256,35.9223,46.5116
20260318,2436,偉詮電,TWSE,63.8,69.3,63.3,69.3,14092017.0,,,data/daily_price/20260318.csv,62.98,58.84,52.6833,51.2888,58.0371,10.0,24.1935,29.5327,45.283,30.2632,7235394.95,1.9477,69.3,69.3,69.3,49.9,46.35,43.0,17.777,31.5407,35.1174,19.4064,0.0,0.0,0.0,49.5146,61.1628
20260319,2436,偉詮電,TWSE,68.4,71.4,65.6,66.1,19753574.0,,,data/daily_price/20260319.csv,64.44,59.305,52.9833,51.4046,58.709,-4.6176,12.415,16.3732,37.422,26.6284,7696592.95,2.5665,71.4,71.4,71.4,49.9,46.35,43.0,11.4577,24.7562,28.5878,12.5892,-7.423,-7.423,-7.423,42.6106,53.7209
20260320,2436,偉詮電,TWSE,66.7,67.9,63.5,65.8,7752274.0,,,data/daily_price/20260320.csv,65.44,59.695,53.2683,51.4929,59.2999,-0.4539,8.2237,13.4483,35.1129,19.2029,7245718.2,1.0699,71.4,71.4,71.4,49.9,46.35,43.0,10.227,23.5255,27.7846,10.9614,-7.8431,-7.8431,-7.8431,41.9633,53.0233
20260323,2436,偉詮電,TWSE,64.2,67.8,64.0,64.8,9199855.0,,,data/daily_price/20260323.csv,65.8,59.965,53.535,51.5396,59.7583,-1.5198,2.8571,9.0909,32.7869,9.4595,6805287.35,1.3519,71.4,71.4,71.4,49.9,46.35,43.0,8.063,21.0423,25.7286,8.4369,-9.2437,-9.2437,-9.2437,39.8058,50.6977
20260324,2436,偉詮電,TWSE,66.4,67.4,62.8,62.8,6474135.0,,,data/daily_price/20260324.csv,65.76,60.045,53.7783,51.5821,60.0117,-3.0864,-0.3175,2.6144,30.2905,8.8388,6621651.05,0.9777,71.4,71.4,71.4,49.9,46.35,43.0,4.5882,16.7757,21.7477,4.6462,-12.0448,-12.0448,-12.0448,35.4908,46.0465
20260325,2436,偉詮電,TWSE,63.5,65.0,62.7,63.2,3679436.0,,,data/daily_price/20260325.csv,64.54,60.195,54.0258,51.6429,60.2774,0.6369,-8.8023,4.9834,30.7135,13.059,6531486.05,0.5633,71.4,71.4,71.4,49.9,46.35,43.0,4.9921,16.9811,22.3788,4.8485,-11.4846,-11.4846,-11.4846,36.3538,46.9767
20260326,2436,偉詮電,TWSE,64.0,64.4,60.4,60.5,3997965.0,,,data/daily_price/20260326.csv,63.42,60.225,54.2433,51.6788,60.296,-4.2722,-8.472,1.0017,27.5026,7.6512,6513330.95,0.6138,71.4,71.4,71.4,49.9,46.35,43.0,0.4566,11.5344,17.0694,0.3384,-15.2661,-15.2661,-15.2661,30.5286,40.6977
20260327,2436,偉詮電,TWSE,59.9,64.0,59.6,63.7,6286795.0,,,data/daily_price/20260327.csv,63.0,60.3,54.4842,51.7338,60.5796,5.2893,-3.1915,2.4116,29.3401,11.5587,6297820.95,0.9982,71.4,71.4,71.4,49.9,46.35,43.0,5.6385,16.9147,23.1305,5.1508,-10.7843,-10.7843,-10.7843,37.4326,48.1395
20260330,2436,偉詮電,TWSE,62.0,63.0,60.4,61.5,3780978.0,,,data/daily_price/20260330.csv,62.34,60.385,54.6925,51.7838,60.6563,-3.4537,-5.0926,2.8428,25.5102,10.8108,6276450.25,0.6024,71.4,71.4,71.4,49.9,46.35,43.0,1.8465,12.4469,18.7631,1.3909,-13.8655,-13.8655,-13.8655,32.6861,43.0233
20260331,2436,偉詮電,TWSE,61.4,61.4,58.4,58.7,3908661.0,,,data/daily_price/20260331.csv,61.52,60.43,54.875,51.8087,60.4933,-4.5528,-6.5287,1.5571,22.9319,5.386,6168165.65,0.6337,71.4,71.4,71.4,49.9,46.35,43.0,-2.8628,6.9704,13.3013,-2.9645,-17.7871,-17.7871,-17.7871,26.6451,36.5116
20260401,2436,偉詮電,TWSE,61.0,61.6,60.3,61.1,2397589.0,,,data/daily_price/20260401.csv,61.1,60.75,55.0975,51.8512,60.5439,4.0886,-3.3228,11.7002,27.9581,9.1071,6051768.0,0.3962,71.4,71.4,71.4,49.9,46.35,43.0,0.5761,10.8943,17.8371,0.9186,-14.4258,-14.4258,-14.4258,31.8231,42.093
20260402,2436,偉詮電,TWSE,61.5,62.0,58.9,59.6,2187231.0,,,data/daily_price/20260402.csv,60.92,60.875,55.2825,51.8879,60.4652,-2.455,-1.4876,4.3783,22.8866,7.971,6021215.65,0.3633,71.4,71.4,71.4,49.9,46.35,43.0,-2.0945,7.8099,14.863,-1.4309,-16.5266,-16.5266,-16.5266,28.5868,38.6047
20260407,2436,偉詮電,TWSE,60.1,60.3,57.6,57.9,2113984.0,,,data/daily_price/20260407.csv,59.76,61.0,55.4475,51.9196,60.2514,-2.8523,-9.1052,4.5126,20.625,7.024,5964236.6,0.3544,71.4,71.4,71.4,49.9,46.35,43.0,-5.082,4.4231,11.5186,-3.9027,-18.9076,-18.9076,-18.9076,24.9191,34.6512
20260408,2436,偉詮電,TWSE,60.0,62.9,59.8,62.7,4083361.0,,,data/daily_price/20260408.csv,60.0,61.61,55.6792,52.0121,60.4555,8.2902,1.9512,24.1584,28.4836,21.5116,5977114.5,0.6832,71.4,71.4,71.4,51.6,46.35,43.0,1.7692,12.6094,20.5489,3.7127,-12.1849,-12.1849,-12.1849,35.2751,45.814
20260409,2436,偉詮電,TWSE,63.4,63.4,60.2,61.5,2825346.0,,,data/daily_price/20260409.csv,60.56,62.03,55.91,52.0879,60.5425,-1.9139,4.77,15.8192,29.0661,17.3664,5997951.65,0.4711,71.4,71.4,71.4,53.7,46.35,43.0,-0.8544,9.9982,18.0696,1.5815,-13.8655,-13.8655,-13.8655,32.6861,43.0233
20260410,2436,偉詮電,TWSE,62.2,62.7,60.8,61.6,1850654.0,,,data/daily_price/20260410.csv,60.66,62.32,56.1383,52.1579,60.6307,0.1626,0.8183,10.3943,28.6013,15.7895,5921759.35,0.3125,71.4,71.4,71.4,57.2,46.35,43.0,-1.1553,9.7289,18.1029,1.5988,-13.7255,-13.7255,-13.7255,32.9018,43.2558
20260413,2436,偉詮電,TWSE,61.9,62.0,60.7,61.6,1664107.0,,,data/daily_price/20260413.csv,61.06,62.46,56.3725,52.2254,60.7114,0.0,3.3557,4.7619,29.5478,15.1402,5721625.6,0.2908,71.4,71.4,71.4,57.6,46.35,43.0,-1.3769,9.2731,17.9502,1.4636,-13.7255,-13.7255,-13.7255,32.9018,43.2558
20260414,2436,偉詮電,TWSE,62.6,64.5,61.2,63.3,4976770.0,,,data/daily_price/20260414.csv,62.14,62.585,56.6225,52.3062,60.9272,2.7597,9.3264,4.1118,31.0559,18.097,5710858.75,0.8715,71.4,71.4,71.4,57.6,46.35,43.0,1.1424,11.793,21.018,3.8946,-11.3445,-11.3445,-11.3445,36.5696,47.2093
20260415,2436,偉詮電,TWSE,64.4,64.7,60.8,60.8,4439021.0,,,data/daily_price/20260415.csv,61.76,62.475,56.8058,52.3671,60.9166,-3.9494,-3.0303,-3.4921,22.0884,13.6449,5606899.5,0.7917,71.4,71.4,71.4,57.6,46.35,43.0,-2.6811,7.0313,16.1035,-0.1913,-14.8459,-14.8459,-14.8459,31.1758,41.3953
20260416,2436,偉詮電,TWSE,61.5,63.3,61.0,63.1,2968097.0,,,data/daily_price/20260416.csv,62.08,62.48,57.065,52.4554,61.0985,3.7829,2.6016,0.1587,32.7024,20.1905,5421592.5,0.5475,71.4,71.4,71.4,57.6,46.35,43.0,0.9923,10.5757,20.2926,3.2758,-11.6246,-11.6246,-11.6246,36.1381,46.7442
20260417,2436,偉詮電,TWSE,63.1,64.5,62.7,63.1,3960690.0,,,data/daily_price/20260417.csv,62.38,62.17,57.3108,52.5462,61.2653,0.0,2.4351,-8.9466,30.5067,20.8812,4915026.15,0.8058,71.4,71.4,71.4,57.6,47.5,43.0,1.4959,10.1013,20.0847,2.9947,-11.6246,-11.6246,-11.6246,32.8421,46.7442
20260420,2436,偉詮電,TWSE,63.6,69.4,63.6,68.3,17510902.0,,,data/daily_price/20260420.csv,63.72,62.28,57.6425,52.6862,61.8515,8.2409,10.8766,3.3283,41.1157,32.6214,4802892.55,3.6459,69.4,71.4,71.4,57.6,47.5,43.0,9.666,18.489,29.6353,10.4257,-1.585,-4.3417,-4.3417,43.7895,58.8372
20260421,2436,偉詮電,TWSE,69.6,75.1,66.7,75.1,27574769.0,,,data/daily_price/20260421.csv,66.08,62.745,58.0992,52.8971,62.9556,9.9561,18.6414,14.1337,57.4423,50.8032,5794017.3,4.7592,75.1,75.1,75.1,57.6,47.8,43.0,19.6908,29.2618,41.9738,19.2905,0.0,0.0,0.0,57.113,74.6512
20260422,2436,偉詮電,TWSE,77.1,82.0,74.5,78.3,62775896.0,,,data/daily_price/20260422.csv,69.58,63.42,58.5942,53.1204,64.2343,4.261,28.7829,20.8333,61.1111,52.0388,8472819.35,7.4091,82.0,82.0,82.0,57.6,48.0,43.0,23.4626,33.631,47.401,21.8976,-4.5122,-4.5122,-4.5122,63.125,82.093
20260423,2436,偉詮電,TWSE,80.7,84.4,73.8,76.5,67571534.0,,,data/daily_price/20260423.csv,72.26,64.105,59.0558,53.3288,65.2564,-2.2989,21.2361,21.8153,56.7623,48.5437,11527689.3,5.8617,84.4,84.4,84.4,57.6,48.3,43.0,19.3355,29.5384,43.4498,17.2299,-9.3602,-9.3602,-9.3602,58.3851,77.907
20260424,2436,偉詮電,TWSE,79.0,82.0,77.3,79.5,44505557.0,,,data/daily_price/20260424.csv,75.54,64.92,59.575,53.5571,66.4434,3.9216,25.9905,25.7911,64.4261,52.5912,13568995.35,3.2799,84.4,84.4,84.4,57.6,48.35,43.0,22.4584,33.4452,48.4397,19.6508,-5.8057,-5.8057,-5.8057,64.4261,84.8837
20260427,2436,偉詮電,TWSE,79.2,79.7,72.1,72.9,19973125.0,,,data/daily_price/20260427.csv,76.46,65.54,59.96,53.7329,66.9814,-8.3019,6.735,20.4959,46.3855,40.7336,14367753.35,1.3901,84.4,84.4,84.4,57.6,48.75,43.0,11.2298,21.5811,35.671,8.8361,-13.6256,-13.6256,-13.6256,49.5385,69.5349
20260428,2436,偉詮電,TWSE,72.9,74.8,71.2,73.7,9437801.0,,,data/daily_price/20260428.csv,76.18,66.04,60.345,53.9246,67.5413,1.0974,-1.8642,15.6986,45.6522,45.3649,14525303.65,0.6497,84.4,84.4,84.4,57.6,48.75,43.0,11.599,22.1311,36.6724,9.1184,-12.6777,-12.6777,-12.6777,51.1795,71.3953
20260429,2436,偉詮電,TWSE,72.8,73.4,70.2,70.3,7347481.0,,,data/daily_price/20260429.csv,74.58,66.48,60.6833,54.0854,67.7712,-4.6133,-10.2171,14.3089,40.6,37.8431,14703628.8,0.4997,84.4,84.4,84.4,57.6,48.75,43.0,5.7461,15.8473,29.9796,3.7314,-16.7062,-16.7062,-16.7062,44.2051,63.4884
20260430,2436,偉詮電,TWSE,70.6,75.2,70.5,72.7,11750839.0,,,data/daily_price/20260430.csv,73.82,67.18,61.045,54.2754,68.1819,3.4139,-4.9673,23.8501,42.549,45.6914,15095737.7,0.7784,84.4,84.4,84.4,57.6,48.75,43.0,8.2167,19.0925,33.9465,6.6265,-13.8626,-13.8626,-13.8626,49.1282,69.0698
20260504,2436,偉詮電,TWSE,74.1,75.0,73.3,74.1,9077668.0,,,data/daily_price/20260504.csv,72.74,67.83,61.4283,54.4817,68.6751,1.9257,-6.7925,21.2766,45.0098,50.152,15429741.65,0.5883,84.4,84.4,84.4,57.6,48.75,43.0,9.2437,20.6284,36.0091,7.8994,-12.2038,-12.2038,-12.2038,52.0,72.3256
20260505,2436,偉詮電,TWSE,73.7,74.6,72.5,73.5,5558421.0,,,data/daily_price/20260505.csv,72.86,68.525,61.7967,54.6888,69.0772,-0.8097,0.823,23.3221,42.9961,51.0791,15598301.15,0.3563,84.4,84.4,84.4,57.6,48.75,43.0,7.2601,18.9385,34.3969,6.4027,-12.9147,-12.9147,-12.9147,50.7692,70.9302
20260506,2436,偉詮電,TWSE,75.8,78.8,74.1,74.9,16846360.0,,,data/daily_price/20260506.csv,73.1,69.375,62.165,54.9092,69.5624,1.9048,1.6282,29.361,41.8561,54.5924,16334919.95,1.0313,84.4,84.4,84.4,59.8,48.75,43.0,7.964,20.4858,36.4071,7.6731,-11.2559,-11.2559,-11.2559,53.641,74.186
20260507,2436,偉詮電,TWSE,75.6,76.2,73.8,74.0,8457010.0,,,data/daily_price/20260507.csv,73.84,69.94,62.4867,55.1192,69.9322,-1.2016,5.2632,18.0223,35.2834,51.6393,16553602.4,0.5109,84.4,84.4,84.4,60.2,48.75,43.0,5.805,18.4253,34.2546,5.8168,-12.3223,-12.3223,-12.3223,51.7949,72.093
20260508,2436,偉詮電,TWSE,73.3,74.5,70.5,72.0,6379087.0,,,data/daily_price/20260508.csv,73.7,70.465,62.7733,55.325,70.1045,-2.7027,-0.9629,17.0732,31.3869,52.2199,16731289.45,0.3813,84.4,84.4,84.4,60.7,48.75,43.0,2.1784,14.6984,30.1401,2.7038,-14.6919,-14.6919,-14.6919,47.6923,67.4419
20260511,2436,偉詮電,TWSE,72.3,77.1,71.5,75.9,10636326.0,,,data/daily_price/20260511.csv,74.06,71.18,63.1683,55.5667,70.5875,5.4167,2.4291,23.2143,45.4023,61.8337,17170573.05,0.6195,84.4,84.4,84.4,60.7,48.75,43.0,6.6311,20.1551,36.5927,7.5261,-10.0711,-10.0711,-10.0711,55.6923,76.5116
20260512,2436,偉詮電,TWSE,77.0,77.9,75.0,76.6,14212740.0,,,data/daily_price/20260512.csv,74.68,71.93,63.6283,55.8221,71.0885,0.9223,4.2177,24.3506,56.3265,66.7029,17798004.7,0.7986,84.4,84.4,84.4,60.8,49.5,43.0,6.4924,20.3866,37.2217,7.753,-9.2417,-9.2417,-9.2417,54.7475,78.1395
20260513,2436,偉詮電,TWSE,75.3,75.6,71.8,72.8,7630435.0,,,data/daily_price/20260513.csv,74.26,72.405,63.9983,56.0475,71.2312,-4.9608,-2.8037,15.0079,43.8735,59.1257,17930687.95,0.4256,84.4,84.4,84.4,60.8,49.9,43.0,0.5455,13.753,29.8898,2.2025,-13.7441,-13.7441,-13.7441,45.8918,69.3023
20260514,2436,偉詮電,TWSE,73.3,73.8,70.8,71.4,6244653.0,,,data/daily_price/20260514.csv,73.74,72.935,64.315,56.2479,71.2452,-1.9231,-3.5135,17.4342,36.2595,50.792,18020969.55,0.3465,84.4,84.4,84.4,61.0,49.9,43.0,-2.1046,11.0161,26.938,0.2172,-15.4028,-15.4028,-15.4028,43.0862,66.0465
20260515,2436,偉詮電,TWSE,71.9,72.7,69.1,69.8,5440227.0,,,data/daily_price/20260515.csv,73.3,73.27,64.6,56.4342,71.1248,-2.2409,-3.0556,10.6181,32.4478,47.1022,18144576.05,0.2998,84.4,84.4,84.4,62.7,49.9,43.0,-4.7359,8.0495,23.6839,-1.8626,-17.2986,-17.2986,-17.2986,39.8798,62.3256
20260518,2436,偉詮電,TWSE,68.5,71.3,66.5,71.0,3590254.0,,,data/daily_price/20260518.csv,72.32,73.665,64.8917,56.6267,71.1144,1.7192,-6.4559,12.5198,32.7103,48.2255,18126054.25,0.1981,84.4,84.4,84.4,63.6,49.9,43.0,-3.6177,9.4131,25.3826,-0.1609,-15.8768,-15.8768,-15.8768,42.2846,65.1163
20260519,2436,偉詮電,TWSE,70.9,71.7,69.1,69.5,3144176.0,,,data/daily_price/20260519.csv,70.9,73.725,65.1033,56.805,70.9799,-2.1127,-9.2689,1.757,22.3592,44.4906,17407717.95,0.1806,84.4,84.4,84.4,66.5,49.9,43.0,-5.7308,6.7534,22.3484,-2.0849,-17.654,-17.654,-17.654,39.2786,61.6279
20260520,2436,偉詮電,TWSE,70.1,72.7,69.1,71.8,4789969.0,,,data/daily_price/20260520.csv,70.7,73.56,65.3333,57.0162,71.0482,3.3094,-1.3736,-4.3941,23.7931,54.5748,16268477.95,0.2944,84.4,84.4,84.4,66.5,49.9,43.0,-2.3926,9.898,25.929,1.0582,-14.9289,-14.9289,-14.9289,43.8878,66.9767
20260521,2436,偉詮電,TWSE,73.4,75.4,72.4,74.8,7629946.0,,,data/daily_price/20260521.csv,71.38,73.385,65.59,57.2575,71.3609,4.1783,4.7619,-4.47,25.9259,63.1407,13511180.45,0.5647,84.4,84.4,84.4,66.5,49.9,43.0,1.9282,14.0418,30.6379,4.8194,-11.3744,-11.3744,-11.3744,49.8998,73.9535
20260522,2436,偉詮電,TWSE,76.2,78.0,75.7,77.6,12500893.0,963274544.0,TWSE_RWD_JSON_MI_INDEX,data/daily_price/daily_price_20260522.csv,72.94,73.44,65.8633,57.5367,71.8808,3.7433,11.1748,1.4379,26.7974,75.9637,10757648.4,1.162,82.0,84.4,84.4,66.5,49.9,43.0,5.6645,17.8197,34.8705,7.9565,-5.3659,-8.0569,-8.0569,55.511,80.4651
20260525,2436,偉詮電,TWSE,80.1,82.0,78.6,80.5,18747787.0,1509253258.0,TWSE_RWD_JSON_MI_INDEX,data/daily_price/daily_price_20260525.csv,74.84,73.49,66.2017,57.8479,72.599,3.7371,13.3803,1.2579,33.7209,86.5585,9469759.9,1.9798,82.0,84.4,84.4,66.5,49.9,43.0,9.5387,21.5981,39.158,10.883,-1.8293,-4.6209,-4.6209,61.3226,87.2093
20260526,2436,偉詮電,TWSE,81.5,81.9,78.9,79.6,11996663.0,962635555.0,TWSE_RWD_JSON_MI_INDEX,data/daily_price/daily_price_20260526.csv,76.86,73.825,66.53,58.14,73.1825,-1.118,14.5324,9.1907,32.8881,78.6756,9070936.8,1.3225,82.0,84.4,84.4,66.5,49.9,43.0,7.8226,19.6453,36.9109,8.7692,-2.9268,-5.6872,-5.6872,59.519,85.1163
20260527,2436,偉詮電,TWSE,81.8,82.5,77.1,78.1,12170849.0,968667899.0,TWSE_RWD_JSON_MI_INDEX,data/daily_price/daily_price_20260527.csv,78.12,74.045,66.795,58.4304,73.5923,-1.8844,8.7744,5.9701,25.5627,80.578,9207589.2,1.3218,82.5,84.4,84.4,66.5,49.9,43.3,5.4764,16.9249,33.6633,6.1253,-5.3333,-7.4645,-7.4645,56.513,80.3695
20260528,2436,偉詮電,TWSE,78.5,81.4,75.6,76.8,10774837.0,849101695.0,TWSE_RWD_JSON_MI_INDEX,data/daily_price/daily_price_20260528.csv,78.52,74.37,67.0783,58.7058,73.8596,-1.6645,2.6738,9.2461,28.4281,75.5429,9378957.0,1.1488,82.5,84.4,84.4,66.5,49.9,44.15,3.2674,14.493,30.8218,3.9811,-6.9091,-9.0047,-9.0047,53.9078,73.9524
20260529,2436,偉詮電,TWSE,78.9,79.5,75.8,77.2,8182744.0,631563731.0,TWSE_RWD_JSON_MI_INDEX,data/daily_price/daily_price_20260529.csv,78.44,74.595,67.4017,58.9783,74.1379,0.5208,-0.5155,6.1898,33.564,73.4831,9200552.25,0.8894,82.5,84.4,84.4,66.5,49.9,44.4,3.4922,14.5372,30.8955,4.1302,-6.4242,-8.5308,-8.5308,54.7094,73.8739
20260601,2436,偉詮電,TWSE,78.2,78.6,75.5,75.9,6523093.0,500070951.0,TWSE_RWD_JSON_MI_INDEX,data/daily_price/daily_price_20260601.csv,77.52,74.685,67.755,59.2371,74.2848,-1.6839,-5.7143,2.4291,38.7569,69.2308,9072823.5,0.719,82.5,84.4,84.4,66.5,49.9,44.4,1.6268,12.0213,28.1292,2.1744,-8.0,-10.0711,-10.0711,52.1042,70.9459
20260602,2436,偉詮電,TWSE,75.9,76.5,72.8,73.8,6226452.0,462055679.0,TWSE_RWD_JSON_MI_INDEX,data/daily_price/daily_price_20260602.csv,76.36,74.7,68.0333,59.4792,74.2444,-2.7668,-7.2864,0.4082,29.2469,64.9162,9106225.05,0.6838,82.5,84.4,84.4,66.5,49.9,45.05,-1.2048,8.4762,24.0771,-0.5985,-10.5455,-12.5592,-12.5592,47.8958,63.818
20260603,2436,偉詮電,TWSE,74.4,75.2,73.2,73.5,4130765.0,306131939.0,TWSE_RWD_JSON_MI_INDEX,data/daily_price/daily_price_20260603.csv,75.44,74.63,68.335,59.6967,74.1823,-0.4065,-5.8899,-1.8692,32.6715,55.0633,8470445.3,0.4877,82.5,84.4,84.4,66.5,49.9,45.05,-1.5141,7.5584,23.1225,-0.9198,-10.9091,-12.9147,-12.9147,47.2946,63.1521
20260604,2436,偉詮電,TWSE,72.9,73.7,71.6,71.8,3124562.0,225856971.0,TWSE_RWD_JSON_MI_INDEX,data/daily_price/daily_price_20260604.csv,74.44,74.52,68.69,59.8992,73.9838,-2.3129,-6.5104,-2.973,42.1782,51.1579,8203822.9,0.3809,82.5,84.4,84.4,66.5,51.6,45.05,-3.65,4.5276,19.8681,-2.9518,-12.9697,-14.9289,-14.9289,39.1473,59.3785
20260605,2436,偉詮電,TWSE,71.6,71.6,68.6,71.4,4215474.0,296977389.0,TWSE_RWD_JSON_MI_INDEX,data/daily_price/daily_price_20260605.csv,73.28,74.49,68.995,60.1083,73.7685,-0.5571,-7.513,-0.8333,34.4633,54.2117,8095642.25,0.5207,82.5,84.4,84.4,66.5,53.7,45.05,-4.1482,3.4858,18.7855,-3.2107,-13.4545,-15.4028,-15.4028,32.9609,58.4906
20260608,2436,偉詮電,TWSE,64.5,65.8,64.3,65.7,5318050.0,344447152.0,TWSE_RWD_JSON_MI_INDEX,data/daily_price/daily_price_20260608.csv,71.24,73.98,69.16,60.2712,73.0961,-7.9832,-13.4387,-13.4387,17.7419,42.3619,7829728.45,0.6792,82.5,84.4,84.4,64.3,57.2,45.05,-11.1922,-5.0029,9.0072,-10.1184,-20.3636,-22.1564,-22.1564,14.8601,45.838
20260609,2436,偉詮電,TWSE,66.2,68.1,65.9,67.6,3251028.0,218611021.0,TWSE_RWD_JSON_MI_INDEX,data/daily_price/daily_price_20260609.csv,70.0,73.53,69.3067,60.4542,72.6381,2.8919,-8.4011,-11.7493,14.966,48.0832,7281642.85,0.4465,82.5,84.4,84.4,64.3,57.6,45.05,-8.0647,-2.4625,11.8202,-6.9359,-18.0606,-19.9052,-19.9052,17.3611,50.0555
20260610,2436,偉詮電,TWSE,66.0,68.7,64.1,64.3,3821848.0,253205807.0,TWSE_RWD_JSON_MI_INDEX,data/daily_price/daily_price_20260610.csv,68.16,73.105,69.365,60.6083,71.9433,-4.8817,-12.517,-11.6758,5.7566,40.393,7091213.5,0.539,82.5,84.4,84.4,64.1,57.6,46.35,-12.0443,-7.302,6.091,-10.624,-22.0606,-23.8152,-23.8152,11.6319,38.7271
20260611,2436,偉詮電,TWSE,64.3,66.1,62.7,65.0,2974710.0,191995648.0,TWSE_RWD_JSON_MI_INDEX,data/daily_price/daily_price_20260611.csv,66.8,72.785,69.3983,60.7392,71.3647,1.0886,-9.4708,-8.9636,3.1746,31.8458,6927716.35,0.4294,82.5,84.4,84.4,62.7,57.6,46.35,-10.6959,-6.3378,7.015,-8.9185,-21.2121,-22.9858,-22.9858,12.8472,40.2373
20260612,2436,偉詮電,TWSE,66.5,69.3,66.5,67.8,3969803.0,270630426.0,TWSE_RWD_JSON_MI_INDEX,data/daily_price/daily_price_20260612.csv,66.08,72.685,69.4783,60.9008,71.0676,4.3077,-5.042,-2.8653,7.619,40.0826,6854195.15,0.5792,82.5,84.4,84.4,62.7,57.6,46.35,-6.7208,-2.4156,11.3285,-4.5979,-17.8182,-19.6682,-19.6682,17.7083,46.2783
20260615,2436,偉詮電,TWSE,69.4,70.4,68.4,69.7,3638949.0,252674778.0,TWSE_RWD_JSON_MI_INDEX,data/daily_price/daily_price_20260615.csv,66.88,72.62,69.485,61.0842,70.9536,2.8024,6.0883,-1.831,0.5772,46.1216,6856629.9,0.5307,82.5,84.4,84.4,62.7,57.6,46.35,-4.0209,0.3094,14.1049,-1.7668,-15.5152,-17.4171,-17.4171,21.0069,50.3776
20260616,2436,偉詮電,TWSE,71.0,71.1,67.1,67.3,3763016.0,258507886.0,TWSE_RWD_JSON_MI_INDEX,data/daily_price/daily_price_20260616.csv,66.82,72.51,69.505,61.2442,70.6492,-3.4433,-0.4438,-3.1655,1.8154,39.9168,6887571.9,0.5463,82.5,84.4,84.4,62.7,57.6,46.35,-7.1852,-3.1724,9.888,-4.7406,-18.4242,-20.2607,-20.2607,16.8403,45.1996
20260617,2436,偉詮電,TWSE,66.9,70.6,66.7,70.3,2503319.0,172250984.0,TWSE_RWD_JSON_MI_INDEX,data/daily_price/daily_price_20260617.csv,68.02,72.435,69.58,61.4242,70.6201,4.4577,9.3313,-2.0891,6.8389,44.3532,6773239.4,0.3696,82.5,84.4,84.4,62.7,57.6,46.35,-2.9475,1.0348,14.4501,-0.4532,-14.7879,-16.7062,-16.7062,22.0486,51.6721
20260618,2436,偉詮電,TWSE,70.1,73.8,70.1,73.4,5189825.0,377431878.0,TWSE_RWD_JSON_MI_INDEX,data/daily_price/daily_price_20260618.csv,69.7,72.365,69.7233,61.6292,70.8517,4.4097,12.9231,-1.8717,13.2716,50.4098,6651233.35,0.7803,82.5,84.4,84.4,62.7,57.6,46.35,1.4302,5.2732,19.0995,3.5966,-11.0303,-13.0332,-13.0332,27.4306,58.3603
20260622,2436,偉詮電,TWSE,74.8,79.3,74.8,78.6,12905162.0,1001692783.0,TWSE_RWD_JSON_MI_INDEX,data/daily_price/daily_price_20260622.csv,71.86,72.415,69.9867,61.8825,71.4974,7.0845,15.9292,1.2887,25.1592,63.0705,6671446.8,1.9344,82.5,84.4,84.4,62.7,57.6,46.35,8.541,12.3071,27.0149,9.934,-4.7273,-6.872,-6.872,36.4583,69.5793
20260623,2436,偉詮電,TWSE,80.5,81.4,76.9,77.5,14546159.0,1147380833.0,TWSE_RWD_JSON_MI_INDEX,data/daily_price/daily_price_20260623.csv,73.42,72.265,70.225,62.1254,71.9976,-1.3995,11.1908,-3.7267,22.6266,60.2896,6461365.4,2.2513,82.5,84.4,84.4,62.7,57.6,46.35,7.2442,10.3596,24.7477,7.6424,-6.0606,-8.1754,-8.1754,34.5486,67.206
20260624,2436,偉詮電,TWSE,77.0,77.9,75.4,76.2,4484797.0,342254098.0,TWSE_RWD_JSON_MI_INDEX,data/daily_price/daily_price_20260624.csv,75.2,72.095,70.4867,62.365,72.3478,-1.6774,13.2244,-4.2714,25.9504,60.5901,6085772.1,0.7369,82.5,84.4,84.4,62.7,57.6,46.35,5.6939,8.1056,22.1839,5.3245,-7.6364,-9.7156,-9.7156,32.2917,64.4013
