date,stock_id,stock_name,market,open,high,low,close,volume,trading_value,source,source_file,ma5,ma20,ma60,ma120,ema23,return_1d,return_5d,return_20d,return_60d,return_120d,volume_ma20,volume_ratio,high_20,high_60,high_120,low_20,low_60,low_120,distance_to_ma20_pct,distance_to_ma60_pct,distance_to_ma120_pct,distance_to_ema23_pct,distance_to_high_20_pct,distance_to_high_60_pct,distance_to_high_120_pct,distance_to_low_60_pct,distance_to_low_120_pct
20240102,2442,新美齊,TWSE,24.7,25.35,24.6,25.15,1278549.0,32137389.0,TWSE_RWD_JSON_MI_INDEX,data/daily_price/daily_price_20240102.csv,,,,,,,,,,,,,,,,,,,,,,,,,,,
20240103,2442,新美齊,TWSE,24.95,25.3,24.65,24.65,1218890.0,30337337.0,TWSE_RWD_JSON_MI_INDEX,data/daily_price/daily_price_20240103.csv,,,,,,-1.9881,,,,,,,,,,,,,,,,,,,,,
20240104,2442,新美齊,TWSE,24.8,25.2,24.55,25.0,1098514.0,27369751.0,TWSE_RWD_JSON_MI_INDEX,data/daily_price/daily_price_20240104.csv,,,,,,1.4199,,,,,,,,,,,,,,,,,,,,,
20240105,2442,新美齊,TWSE,24.9,25.85,24.9,25.55,2782276.0,70753081.0,TWSE_RWD_JSON_MI_INDEX,data/daily_price/daily_price_20240105.csv,,,,,,2.2,,,,,,,,,,,,,,,,,,,,,
20240108,2442,新美齊,TWSE,25.65,25.85,25.25,25.25,1806949.0,46172829.0,TWSE_RWD_JSON_MI_INDEX,data/daily_price/daily_price_20240108.csv,25.12,25.12,25.12,25.12,25.1463,-1.1742,,,,,1637035.6,1.1038,25.85,25.85,25.85,24.55,24.55,24.55,0.5175,0.5175,0.5175,0.4124,-2.3211,-2.3211,-2.3211,2.8513,2.8513
20240109,2442,新美齊,TWSE,25.25,25.25,24.2,24.8,2940569.0,72353986.0,TWSE_RWD_JSON_MI_INDEX,data/daily_price/daily_price_20240109.csv,25.05,25.0667,25.0667,25.0667,25.1174,-1.7822,-1.3917,,,,1854291.1667,1.5858,25.85,25.85,25.85,24.2,24.2,24.2,-1.0638,-1.0638,-1.0638,-1.2638,-4.0619,-4.0619,-4.0619,2.4793,2.4793
20240110,2442,新美齊,TWSE,24.8,24.9,24.0,24.15,2072356.0,50319596.0,TWSE_RWD_JSON_MI_INDEX,data/daily_price/daily_price_20240110.csv,24.95,24.9357,24.9357,24.9357,25.0368,-2.621,-2.0284,,,,1885443.2857,1.0991,25.85,25.85,25.85,24.0,24.0,24.0,-3.151,-3.151,-3.151,-3.542,-6.5764,-6.5764,-6.5764,0.625,0.625
20240111,2442,新美齊,TWSE,24.85,25.4,24.2,24.35,4277437.0,106290734.0,TWSE_RWD_JSON_MI_INDEX,data/daily_price/daily_price_20240111.csv,24.82,24.8625,24.8625,24.8625,24.9796,0.8282,-2.6,,,,2184442.5,1.9581,25.85,25.85,25.85,24.0,24.0,24.0,-2.0613,-2.0613,-2.0613,-2.5204,-5.8027,-5.8027,-5.8027,1.4583,1.4583
20240112,2442,新美齊,TWSE,24.4,24.45,23.75,23.85,2222824.0,53252392.0,TWSE_RWD_JSON_MI_INDEX,data/daily_price/daily_price_20240112.csv,24.48,24.75,24.75,24.75,24.8854,-2.0534,-6.6536,,,,2188707.1111,1.0156,25.85,25.85,25.85,23.75,23.75,23.75,-3.6364,-3.6364,-3.6364,-4.1609,-7.7369,-7.7369,-7.7369,0.4211,0.4211
20240115,2442,新美齊,TWSE,24.0,24.8,23.95,24.65,1595198.0,39218875.0,TWSE_RWD_JSON_MI_INDEX,data/daily_price/daily_price_20240115.csv,24.36,24.74,24.74,24.74,24.8658,3.3543,-2.3762,,,,2129356.2,0.7491,25.85,25.85,25.85,23.75,23.75,23.75,-0.3638,-0.3638,-0.3638,-0.868,-4.6422,-4.6422,-4.6422,3.7895,3.7895
20240116,2442,新美齊,TWSE,24.55,24.7,24.2,24.2,1046429.0,25441755.0,TWSE_RWD_JSON_MI_INDEX,data/daily_price/daily_price_20240116.csv,24.24,24.6909,24.6909,24.6909,24.8103,-1.8256,-2.4194,,,,2030908.2727,0.5153,25.85,25.85,25.85,23.75,23.75,23.75,-1.9882,-1.9882,-1.9882,-2.46,-6.383,-6.383,-6.383,1.8947,1.8947
20240117,2442,新美齊,TWSE,24.3,24.65,23.8,23.85,1282641.0,30888533.0,TWSE_RWD_JSON_MI_INDEX,data/daily_price/daily_price_20240117.csv,24.18,24.6208,24.6208,24.6208,24.7303,-1.4463,-1.2422,,,,1968552.6667,0.6516,25.85,25.85,25.85,23.75,23.75,23.75,-3.1308,-3.1308,-3.1308,-3.5597,-7.7369,-7.7369,-7.7369,0.4211,0.4211
20240118,2442,新美齊,TWSE,23.75,24.0,23.4,23.55,1047987.0,24715985.0,TWSE_RWD_JSON_MI_INDEX,data/daily_price/daily_price_20240118.csv,24.02,24.5385,24.5385,24.5385,24.632,-1.2579,-3.2854,,,,1897739.9231,0.5522,25.85,25.85,25.85,23.4,23.4,23.4,-4.0282,-4.0282,-4.0282,-4.3925,-8.8975,-8.8975,-8.8975,0.641,0.641
20240119,2442,新美齊,TWSE,23.6,23.8,23.2,23.65,776610.0,18233625.0,TWSE_RWD_JSON_MI_INDEX,data/daily_price/daily_price_20240119.csv,23.98,24.475,24.475,24.475,24.5501,0.4246,-0.8386,,,,1817659.2143,0.4273,25.85,25.85,25.85,23.2,23.2,23.2,-3.3708,-3.3708,-3.3708,-3.6665,-8.5106,-8.5106,-8.5106,1.9397,1.9397
20240122,2442,新美齊,TWSE,23.6,24.3,23.5,24.3,971286.0,23343588.0,TWSE_RWD_JSON_MI_INDEX,data/daily_price/daily_price_20240122.csv,23.91,24.4633,24.4633,24.4633,24.5293,2.7484,-1.4199,,,,1761234.3333,0.5515,25.85,25.85,25.85,23.2,23.2,23.2,-0.6677,-0.6677,-0.6677,-0.9347,-5.9961,-5.9961,-5.9961,4.7414,4.7414
20240123,2442,新美齊,TWSE,24.2,24.4,23.9,24.35,680350.0,16422311.0,TWSE_RWD_JSON_MI_INDEX,data/daily_price/daily_price_20240123.csv,23.94,24.4562,24.4562,24.4562,24.5143,0.2058,0.6198,,,,1693679.0625,0.4017,25.85,25.85,25.85,23.2,23.2,23.2,-0.4344,-0.4344,-0.4344,-0.6704,-5.8027,-5.8027,-5.8027,4.9569,4.9569
20240124,2442,新美齊,TWSE,24.3,24.7,24.2,24.45,603679.0,14779321.0,TWSE_RWD_JSON_MI_INDEX,data/daily_price/daily_price_20240124.csv,24.06,24.4559,24.4559,24.4559,24.509,0.4107,2.5157,,,,1629561.4118,0.3705,25.85,25.85,25.85,23.2,23.2,23.2,-0.0241,-0.0241,-0.0241,-0.2406,-5.4159,-5.4159,-5.4159,5.3879,5.3879
20240125,2442,新美齊,TWSE,24.65,24.65,24.35,24.45,433468.0,10623695.0,TWSE_RWD_JSON_MI_INDEX,data/daily_price/daily_price_20240125.csv,24.24,24.4556,24.4556,24.4556,24.5041,0.0,3.8217,,,,1563111.7778,0.2773,25.85,25.85,25.85,23.2,23.2,23.2,-0.0227,-0.0227,-0.0227,-0.2206,-5.4159,-5.4159,-5.4159,5.3879,5.3879
20240126,2442,新美齊,TWSE,24.6,24.95,24.6,24.8,761899.0,18869934.0,TWSE_RWD_JSON_MI_INDEX,data/daily_price/daily_price_20240126.csv,24.47,24.4737,24.4737,24.4737,24.5287,1.4315,4.8626,,,,1520942.6842,0.5009,25.85,25.85,25.85,23.2,23.2,23.2,1.3333,1.3333,1.3333,1.1059,-4.0619,-4.0619,-4.0619,6.8966,6.8966
20240129,2442,新美齊,TWSE,25.0,25.4,24.85,25.2,1785756.0,44957724.0,TWSE_RWD_JSON_MI_INDEX,data/daily_price/daily_price_20240129.csv,24.65,24.51,24.51,24.51,24.5847,1.6129,3.7037,,,,1534183.35,1.164,25.85,25.85,25.85,23.2,23.2,23.2,2.8152,2.8152,2.8152,2.5029,-2.5145,-2.5145,-2.5145,8.6207,8.6207
20240130,2442,新美齊,TWSE,25.2,26.0,25.2,25.6,3211974.0,82302577.0,TWSE_RWD_JSON_MI_INDEX,data/daily_price/daily_price_20240130.csv,24.9,24.5325,24.5619,24.5619,24.6693,1.5873,5.1335,1.7893,,,1630854.6,1.9695,26.0,26.0,26.0,23.2,23.2,23.2,4.3514,4.2264,4.2264,3.7728,-1.5385,-1.5385,-1.5385,10.3448,10.3448
20240131,2442,新美齊,TWSE,25.75,26.05,25.45,26.0,1911217.0,49397642.0,TWSE_RWD_JSON_MI_INDEX,data/daily_price/daily_price_20240131.csv,25.21,24.6,24.6273,24.6273,24.7802,1.5625,6.3395,5.4767,,,1665470.95,1.1476,26.05,26.05,26.05,23.2,23.2,23.2,5.6911,5.574,5.574,4.9226,-0.1919,-0.1919,-0.1919,12.069,12.069
20240201,2442,新美齊,TWSE,26.35,27.5,26.1,27.2,5018672.0,135772128.0,TWSE_RWD_JSON_MI_INDEX,data/daily_price/daily_price_20240201.csv,25.76,24.71,24.7391,24.7391,24.9818,4.6154,11.2474,8.8,,,1861478.85,2.6961,27.5,27.5,27.5,23.2,23.2,23.2,10.0769,9.9473,9.9473,8.8792,-1.0909,-1.0909,-1.0909,17.2414,17.2414
20240202,2442,新美齊,TWSE,27.0,27.0,25.65,25.95,5025463.0,131114907.0,TWSE_RWD_JSON_MI_INDEX,data/daily_price/daily_price_20240202.csv,25.99,24.73,24.7896,24.7896,25.0625,-4.5956,4.6371,1.5656,,,1973638.2,2.5463,27.5,27.5,27.5,23.2,23.2,23.2,4.9333,4.6811,4.6811,3.5411,-5.6364,-5.6364,-5.6364,11.8534,11.8534
20240205,2442,新美齊,TWSE,25.95,26.5,25.55,26.35,1576968.0,41048495.0,TWSE_RWD_JSON_MI_INDEX,data/daily_price/daily_price_20240205.csv,26.22,24.785,24.852,24.852,25.1698,1.5414,4.5635,4.3564,,,1962139.15,0.8037,27.5,27.5,27.5,23.2,23.2,23.2,6.3143,6.0277,6.0277,4.689,-4.1818,-4.1818,-4.1818,13.5776,13.5776
20240215,2442,新美齊,TWSE,26.3,26.95,26.25,26.75,1919663.0,51127004.0,TWSE_RWD_JSON_MI_INDEX,data/daily_price/daily_price_20240215.csv,26.45,24.8825,24.925,24.925,25.3015,1.518,4.4922,7.8629,,,1911093.85,1.0045,27.5,27.5,27.5,23.2,23.2,23.2,7.5053,7.322,7.322,5.725,-2.7273,-2.7273,-2.7273,15.3017,15.3017
20240216,2442,新美齊,TWSE,26.8,26.85,26.1,26.4,2161831.0,57166859.0,TWSE_RWD_JSON_MI_INDEX,data/daily_price/daily_price_20240216.csv,26.53,24.995,24.9796,24.9796,25.393,-1.3084,1.5385,9.3168,,,1915567.6,1.1286,27.5,27.5,27.5,23.2,23.2,23.2,5.6211,5.6861,5.6861,3.9656,-4.0,-4.0,-4.0,13.7931,13.7931
20240219,2442,新美齊,TWSE,26.55,27.1,26.2,26.9,1998238.0,53480860.0,TWSE_RWD_JSON_MI_INDEX,data/daily_price/daily_price_20240219.csv,26.47,25.1225,25.0482,25.0482,25.5186,1.8939,-1.1029,10.4723,,,1801607.65,1.1091,27.5,27.5,27.5,23.2,23.2,23.2,7.0753,7.3929,7.3929,5.4133,-2.1818,-2.1818,-2.1818,15.9483,15.9483
20240220,2442,新美齊,TWSE,26.8,26.8,26.2,26.45,2095680.0,55445288.0,TWSE_RWD_JSON_MI_INDEX,data/daily_price/daily_price_20240220.csv,26.57,25.2525,25.0966,25.0966,25.5962,-1.6729,1.9268,10.9015,,,1795250.45,1.1673,27.5,27.5,27.5,23.2,23.2,23.2,4.7421,5.393,5.393,3.3356,-3.8182,-3.8182,-3.8182,14.0086,14.0086
20240221,2442,新美齊,TWSE,26.55,26.55,26.05,26.1,1535925.0,40329977.0,TWSE_RWD_JSON_MI_INDEX,data/daily_price/daily_price_20240221.csv,26.52,25.325,25.13,25.13,25.6382,-1.3233,-0.9488,5.8824,,,1792286.8,0.857,27.5,27.5,27.5,23.2,23.2,23.2,3.0602,3.8599,3.8599,1.8012,-5.0909,-5.0909,-5.0909,12.5,12.5
20240222,2442,新美齊,TWSE,26.1,26.3,25.8,26.15,1402920.0,36534093.0,TWSE_RWD_CSV_MI_INDEX,data/daily_price/daily_price_20240222.csv,26.4,25.4225,25.1629,25.1629,25.6809,0.1916,-2.243,8.0579,,,1810111.35,0.775,27.5,27.5,27.5,23.2,23.2,23.2,2.8616,3.9228,3.9228,1.8268,-4.9091,-4.9091,-4.9091,12.7155,12.7155
20240223,2442,新美齊,TWSE,26.15,26.35,25.95,26.1,1117176.0,29226906.0,TWSE_RWD_JSON_MI_INDEX,data/daily_price/daily_price_20240223.csv,26.34,25.535,25.1922,25.1922,25.7158,-0.1912,-1.1364,9.434,,,1801838.1,0.62,27.5,27.5,27.5,23.2,23.2,23.2,2.2126,3.6035,3.6035,1.4941,-5.0909,-5.0909,-5.0909,12.5,12.5
20240226,2442,新美齊,TWSE,26.1,26.7,25.95,26.65,1419264.0,37420223.0,TWSE_RWD_JSON_MI_INDEX,data/daily_price/daily_price_20240226.csv,26.29,25.69,25.2364,25.2364,25.7936,2.1073,-0.9294,13.1635,,,1820401.95,0.7796,27.5,27.5,27.5,23.2,23.2,23.2,3.7369,5.6016,5.6016,3.3201,-3.0909,-3.0909,-3.0909,14.8707,14.8707
20240227,2442,新美齊,TWSE,26.7,27.35,26.65,27.15,2474456.0,66932151.0,TWSE_RWD_JSON_MI_INDEX,data/daily_price/daily_price_20240227.csv,26.43,25.865,25.2926,25.2926,25.9067,1.8762,2.6465,14.7992,,,1905294.25,1.2987,27.5,27.5,27.5,23.5,23.2,23.2,4.9681,7.3435,7.3435,4.7993,-1.2727,-1.2727,-1.2727,17.0259,17.0259
20240229,2442,新美齊,TWSE,27.5,28.75,27.0,27.3,3779533.0,103939179.0,TWSE_RWD_JSON_MI_INDEX,data/daily_price/daily_price_20240229.csv,26.67,26.015,25.35,25.35,26.0228,0.5525,4.5977,12.3457,,,2045706.6,1.8475,28.75,28.75,28.75,23.9,23.2,23.2,4.9395,7.6923,7.6923,4.9081,-5.0435,-5.0435,-5.0435,17.6724,17.6724
20240301,2442,新美齊,TWSE,27.15,27.6,26.6,26.65,2500680.0,67729990.0,TWSE_RWD_JSON_MI_INDEX,data/daily_price/daily_price_20240301.csv,26.77,26.13,25.3861,25.3861,26.075,-2.381,1.912,9.4456,,,2136723.1,1.1703,28.75,28.75,28.75,24.2,23.2,23.2,1.99,4.9787,4.9787,2.205,-7.3043,-7.3043,-7.3043,14.8707,14.8707
20240304,2442,新美齊,TWSE,26.75,27.25,26.4,26.6,1789957.0,47696853.0,TWSE_RWD_CSV_MI_INDEX,data/daily_price/daily_price_20240304.csv,26.87,26.2375,25.4189,25.4189,26.1188,-0.1876,1.9157,8.7935,,,2196037.0,0.8151,28.75,28.75,28.75,24.35,23.2,23.2,1.3816,4.6465,4.6465,1.8424,-7.4783,-7.4783,-7.4783,14.6552,14.6552
20240305,2442,新美齊,TWSE,26.6,27.05,26.4,26.4,2420759.0,64684986.0,TWSE_RWD_JSON_MI_INDEX,data/daily_price/daily_price_20240305.csv,26.82,26.335,25.4447,25.4447,26.1422,-0.7519,-0.9381,7.9755,,,2295401.55,1.0546,28.75,28.75,28.75,24.6,23.2,23.2,0.2468,3.7543,3.7543,0.9861,-8.1739,-8.1739,-8.1739,13.7931,13.7931
20240306,2442,新美齊,TWSE,26.45,27.55,26.2,27.4,3591882.0,96811519.0,TWSE_RWD_JSON_MI_INDEX,data/daily_price/daily_price_20240306.csv,26.87,26.465,25.4949,25.4949,26.247,3.7879,0.9208,10.4839,,,2436900.7,1.474,28.75,28.75,28.75,24.85,23.2,23.2,3.533,7.4726,7.4726,4.3927,-4.6957,-4.6957,-4.6957,18.1034,18.1034
20240307,2442,新美齊,TWSE,27.5,27.75,26.8,27.75,2413979.0,65742220.0,TWSE_RWD_JSON_MI_INDEX,data/daily_price/daily_price_20240307.csv,26.96,26.5925,25.5512,25.5512,26.3723,1.2774,1.6484,10.119,,,2468311.85,0.978,28.75,28.75,28.75,25.2,23.2,23.2,4.3527,8.6053,8.6053,5.2241,-3.4783,-3.4783,-3.4783,19.6121,19.6121
20240308,2442,新美齊,TWSE,27.6,28.6,27.1,27.75,3005424.0,83456149.0,TWSE_RWD_JSON_MI_INDEX,data/daily_price/daily_price_20240308.csv,27.18,26.7,25.6049,25.6049,26.4871,0.0,4.1276,8.3984,,,2457984.35,1.2227,28.75,28.75,28.75,25.45,23.2,23.2,3.9326,8.3778,8.3778,4.768,-3.4783,-3.4783,-3.4783,19.6121,19.6121
20240311,2442,新美齊,TWSE,27.75,28.45,27.4,28.35,2079712.0,58393889.0,TWSE_RWD_JSON_MI_INDEX,data/daily_price/daily_price_20240311.csv,27.53,26.8175,25.6702,25.6702,26.6423,2.1622,6.5789,9.0385,,,2466409.1,0.8432,28.75,28.75,28.75,25.55,23.2,23.2,5.7146,10.4392,10.4392,6.4096,-1.3913,-1.3913,-1.3913,22.1983,22.1983
20240312,2442,新美齊,TWSE,28.55,29.3,28.55,29.2,3423986.0,99433533.0,TWSE_RWD_JSON_MI_INDEX,data/daily_price/daily_price_20240312.csv,28.09,26.9175,25.7523,25.7523,26.8555,2.9982,10.6061,7.3529,,,2386674.8,1.4346,29.3,29.3,29.3,25.55,23.2,23.2,8.4796,13.3878,13.3878,8.7302,-0.3413,-0.3413,-0.3413,25.8621,25.8621
20240313,2442,新美齊,TWSE,28.95,28.95,27.05,27.9,4926540.0,136338117.0,TWSE_RWD_JSON_MI_INDEX,data/daily_price/daily_price_20240313.csv,28.19,27.015,25.8011,25.8011,26.9425,-4.4521,1.8248,7.5145,,,2381728.65,2.0685,29.3,29.3,29.3,25.55,23.2,23.2,3.276,8.1348,8.1348,3.5538,-4.7782,-4.7782,-4.7782,20.2586,20.2586
20240314,2442,新美齊,TWSE,27.85,28.55,27.85,28.2,2014376.0,56966064.0,TWSE_RWD_JSON_MI_INDEX,data/daily_price/daily_price_20240314.csv,28.28,27.1075,25.8544,25.8544,27.0473,1.0753,1.6216,7.0209,,,2403599.05,0.8381,29.3,29.3,29.3,25.8,23.2,23.2,4.0302,9.0722,9.0722,4.2618,-3.7543,-3.7543,-3.7543,21.5517,21.5517
20240315,2442,新美齊,TWSE,28.25,28.25,27.15,27.3,2400144.0,65885625.0,TWSE_RWD_JSON_MI_INDEX,data/daily_price/daily_price_20240315.csv,28.19,27.135,25.8859,25.8859,27.0684,-3.1915,-1.6216,2.0561,,,2427623.1,0.9887,29.3,29.3,29.3,25.8,23.2,23.2,0.6081,5.4629,5.4629,0.8557,-6.8259,-6.8259,-6.8259,17.6724,17.6724
20240318,2442,新美齊,TWSE,27.5,27.5,26.95,27.35,1241300.0,33732476.0,TWSE_RWD_JSON_MI_INDEX,data/daily_price/daily_price_20240318.csv,27.99,27.1825,25.917,25.917,27.0918,0.1832,-3.5273,3.5985,,,2381596.55,0.5212,29.3,29.3,29.3,25.8,23.2,23.2,0.6162,5.5291,5.5291,0.9529,-6.6553,-6.6553,-6.6553,17.8879,17.8879
20240319,2442,新美齊,TWSE,27.25,27.7,26.7,26.75,2032234.0,54977652.0,TWSE_RWD_JSON_MI_INDEX,data/daily_price/daily_price_20240319.csv,27.5,27.175,25.9344,25.9344,27.0633,-2.1938,-8.3904,-0.5576,,,2383296.35,0.8527,29.3,29.3,29.3,25.8,23.2,23.2,-1.5639,3.145,3.145,-1.1578,-8.7031,-8.7031,-8.7031,15.3017,15.3017
20240320,2442,新美齊,TWSE,26.7,26.8,26.15,26.5,2370958.0,62731614.0,TWSE_RWD_JSON_MI_INDEX,data/daily_price/daily_price_20240320.csv,27.22,27.1775,25.9459,25.9459,27.0164,-0.9346,-5.0179,0.189,,,2397060.25,0.9891,29.3,29.3,29.3,25.8,23.2,23.2,-2.4929,2.1355,2.1355,-1.9114,-9.5563,-9.5563,-9.5563,14.2241,14.2241
20240321,2442,新美齊,TWSE,26.5,26.85,26.2,26.35,2509024.0,66392577.0,TWSE_RWD_JSON_MI_INDEX,data/daily_price/daily_price_20240321.csv,26.85,27.19,25.954,25.954,26.9609,-0.566,-6.5603,0.9579,,,2445715.2,1.0259,29.3,29.3,29.3,25.8,23.2,23.2,-3.0894,1.5258,1.5258,-2.2658,-10.0683,-10.0683,-10.0683,13.5776,13.5776
20240322,2442,新美齊,TWSE,26.5,27.25,26.4,27.15,1342045.0,36209235.0,TWSE_RWD_JSON_MI_INDEX,data/daily_price/daily_price_20240322.csv,26.82,27.24,25.9775,25.9775,26.9766,3.0361,-0.5495,3.8241,,,2442671.45,0.5494,29.3,29.3,29.3,25.95,23.2,23.2,-0.3304,4.5137,4.5137,0.6427,-7.3379,-7.3379,-7.3379,17.0259,17.0259
20240325,2442,新美齊,TWSE,27.15,27.55,27.1,27.4,908162.0,24904156.0,TWSE_RWD_JSON_MI_INDEX,data/daily_price/daily_price_20240325.csv,26.83,27.305,26.0048,26.0048,27.0119,0.9208,0.1828,4.9808,,,2432220.75,0.3734,29.3,29.3,29.3,25.95,23.2,23.2,0.3479,5.3651,5.3651,1.4367,-6.4846,-6.4846,-6.4846,18.1034,18.1034
20240326,2442,新美齊,TWSE,27.4,27.45,26.6,26.8,1725130.0,46477793.0,TWSE_RWD_JSON_MI_INDEX,data/daily_price/daily_price_20240326.csv,26.84,27.3125,26.0198,26.0198,26.9943,-2.1898,0.1869,0.5629,,,2447514.05,0.7048,29.3,29.3,29.3,26.15,23.2,23.2,-1.8764,2.9984,2.9984,-0.7196,-8.5324,-8.5324,-8.5324,15.5172,15.5172
20240327,2442,新美齊,TWSE,27.2,27.85,27.1,27.85,2078146.0,57427845.0,TWSE_RWD_JSON_MI_INDEX,data/daily_price/daily_price_20240327.csv,27.11,27.3475,26.0537,26.0537,27.0656,3.9179,5.0943,2.5783,,,2427698.55,0.856,29.3,29.3,29.3,26.15,23.2,23.2,1.8375,6.8946,6.8946,2.8983,-4.9488,-4.9488,-4.9488,20.0431,20.0431
20240328,2442,新美齊,TWSE,27.2,27.65,26.7,26.8,3067501.0,82783189.0,TWSE_RWD_JSON_MI_INDEX,data/daily_price/daily_price_20240328.csv,27.2,27.3225,26.0673,26.0673,27.0434,-3.7702,1.7078,-1.8315,,,2392096.95,1.2823,29.3,29.3,29.3,26.15,23.2,23.2,-1.9123,2.8109,2.8109,-0.9002,-8.5324,-8.5324,-8.5324,15.5172,15.5172
20240329,2442,新美齊,TWSE,26.85,27.1,26.7,26.85,846165.0,22755036.0,TWSE_RWD_JSON_MI_INDEX,data/daily_price/daily_price_20240329.csv,27.14,27.3325,26.0812,26.0812,27.0273,0.1866,-1.105,0.7505,,,2309371.2,0.3664,29.3,29.3,29.3,26.15,23.2,23.2,-1.7653,2.9475,2.9475,-0.6561,-8.3618,-8.3618,-8.3618,15.7328,15.7328
20240401,2442,新美齊,TWSE,27.0,27.3,27.0,27.1,1235326.0,33556810.0,TWSE_RWD_JSON_MI_INDEX,data/daily_price/daily_price_20240401.csv,27.08,27.3575,26.0991,26.0991,27.0334,0.9311,-1.0949,1.8797,,,2281639.65,0.5414,29.3,29.3,29.3,26.15,23.2,23.2,-0.9412,3.8349,3.8349,0.2465,-7.5085,-7.5085,-7.5085,16.8103,16.8103
20240402,2442,新美齊,TWSE,27.1,27.35,26.9,27.25,1197816.0,32486372.0,TWSE_RWD_JSON_MI_INDEX,data/daily_price/daily_price_20240402.csv,27.17,27.4,26.119,26.119,27.0514,0.5535,1.6791,3.2197,,,2220492.5,0.5394,29.3,29.3,29.3,26.15,23.2,23.2,-0.5474,4.3303,4.3303,0.7341,-6.9966,-6.9966,-6.9966,17.4569,17.4569
20240403,2442,新美齊,TWSE,27.2,27.2,26.75,26.8,968868.0,26063118.0,TWSE_RWD_JSON_MI_INDEX,data/daily_price/daily_price_20240403.csv,26.96,27.37,26.1305,26.1305,27.0305,-1.6514,-3.7702,-2.1898,,,2089341.8,0.4637,29.3,29.3,29.3,26.15,23.2,23.2,-2.0826,2.5621,2.5621,-0.8526,-8.5324,-8.5324,-8.5324,15.5172,15.5172
20240408,2442,新美齊,TWSE,26.95,27.15,26.5,26.9,1388712.0,37301004.0,TWSE_RWD_JSON_MI_INDEX,data/daily_price/daily_price_20240408.csv,26.98,27.3275,26.1433,26.1433,27.0196,0.3731,0.3731,-3.0631,,,2038078.45,0.6814,29.3,29.3,29.3,26.15,23.2,23.2,-1.5644,2.8943,2.8943,-0.4426,-8.1911,-8.1911,-8.1911,15.9483,15.9483
20240409,2442,新美齊,TWSE,26.95,26.95,26.6,26.8,801154.0,21466778.0,TWSE_RWD_CSV_MI_INDEX,data/daily_price/daily_price_20240409.csv,26.97,27.28,26.1708,26.1541,27.0013,-0.3717,-0.1862,-3.4234,6.5606,,1927864.95,0.4156,29.3,29.3,29.3,26.15,23.2,23.2,-1.7595,2.4041,2.4696,-0.7455,-8.5324,-8.5324,-8.5324,15.5172,15.5172
20240410,2442,新美齊,TWSE,26.85,27.55,26.8,27.25,1853825.0,50456644.0,TWSE_RWD_JSON_MI_INDEX,data/daily_price/daily_price_20240410.csv,27.0,27.225,26.2142,26.1718,27.022,1.6791,0.5535,-3.8801,10.5477,,1916570.6,0.9673,29.3,29.3,29.3,26.15,23.2,23.2,0.0918,3.9514,4.1198,0.8437,-6.9966,-6.9966,-6.9966,17.4569,17.4569
20240411,2442,新美齊,TWSE,27.2,27.55,27.0,27.05,1839994.0,50124486.0,TWSE_RWD_JSON_MI_INDEX,data/daily_price/daily_price_20240411.csv,26.96,27.1175,26.2483,26.1857,27.0244,-0.7339,-0.7339,-7.363,8.2,,1837371.0,1.0014,28.95,29.3,29.3,26.15,23.2,23.2,-0.2489,3.0542,3.3006,0.0949,-6.563,-7.6792,-7.6792,16.5948,16.5948
20240412,2442,新美齊,TWSE,26.95,27.3,26.95,27.15,1217328.0,33031804.0,TWSE_RWD_JSON_MI_INDEX,data/daily_price/daily_price_20240412.csv,27.03,27.08,26.275,26.2008,27.0348,0.3697,1.306,-2.6882,6.2622,,1651910.4,0.7369,28.55,29.3,29.3,26.15,23.2,23.2,0.2585,3.3302,3.6229,0.426,-4.9037,-7.3379,-7.3379,17.0259,17.0259
20240415,2442,新美齊,TWSE,27.05,27.45,26.8,27.2,1234459.0,33552344.0,TWSE_RWD_JSON_MI_INDEX,data/daily_price/daily_price_20240415.csv,27.09,27.03,26.3075,26.2162,27.0486,0.1842,1.1152,-3.5461,7.7228,,1612914.55,0.7654,28.25,29.3,29.3,26.15,23.2,23.2,0.6289,3.3926,3.7528,0.5598,-3.7168,-7.1672,-7.1672,17.2414,17.2414
20240416,2442,新美齊,TWSE,27.0,27.0,25.3,25.85,5718109.0,148801436.0,TWSE_RWD_JSON_MI_INDEX,data/daily_price/daily_price_20240416.csv,26.9,26.9575,26.325,26.2106,26.9487,-4.9632,-3.5448,-5.3114,4.2339,,1778812.8,3.2146,27.85,29.3,29.3,25.3,23.2,23.2,-4.1083,-1.8044,-1.3758,-4.077,-7.1813,-11.7747,-11.7747,11.4224,11.4224
20240417,2442,新美齊,TWSE,25.85,26.65,25.45,26.6,1780401.0,46660016.0,TWSE_RWD_JSON_MI_INDEX,data/daily_price/daily_price_20240417.csv,26.77,26.92,26.3658,26.2164,26.9196,2.9014,-2.3853,-2.7422,10.1449,,1805767.85,0.986,27.85,29.3,29.3,25.3,23.2,23.2,-1.1887,0.8881,1.4631,-1.1874,-4.4883,-9.215,-9.215,14.6552,14.6552
20240418,2442,新美齊,TWSE,26.7,28.8,26.65,28.5,6466448.0,181558680.0,TWSE_RWD_JSON_MI_INDEX,data/daily_price/daily_price_20240418.csv,27.06,27.0075,26.435,26.25,27.0513,7.1429,5.3604,6.5421,17.0431,,2027478.55,3.1894,28.8,29.3,29.3,25.3,23.2,23.2,5.5262,7.8116,8.5714,5.3552,-1.0417,-2.7304,-2.7304,22.8448,22.8448
20240419,2442,新美齊,TWSE,28.05,28.35,26.65,27.4,4321246.0,118958304.0,TWSE_RWD_JSON_MI_INDEX,data/daily_price/daily_price_20240419.csv,27.11,27.0525,26.4942,26.2667,27.0804,-3.8596,0.9208,3.3962,14.8847,,2124992.95,2.0335,28.8,29.3,29.3,25.3,23.2,23.2,1.2845,3.419,4.3147,1.1802,-4.8611,-6.4846,-6.4846,18.1034,18.1034
20240422,2442,新美齊,TWSE,27.4,29.3,27.35,27.5,5292256.0,149313254.0,TWSE_RWD_JSON_MI_INDEX,data/daily_price/daily_price_20240422.csv,27.17,27.11,26.5417,26.2843,27.1154,0.365,1.1029,4.3643,11.5619,,2264154.55,2.3374,29.3,29.3,29.3,25.3,23.2,23.2,1.4386,3.6107,4.6253,1.4185,-6.1433,-6.1433,-6.1433,18.5345,18.5345
20240423,2442,新美齊,TWSE,27.8,29.3,27.5,29.15,11523366.0,332841388.0,TWSE_RWD_JSON_MI_INDEX,data/daily_price/daily_price_20240423.csv,27.83,27.21,26.6242,26.3246,27.2849,6.0,12.766,7.3665,20.4545,,2773220.6,4.1552,29.3,29.3,29.3,25.3,23.2,23.2,7.1297,9.487,10.7327,6.8356,-0.5119,-0.5119,-0.5119,25.6466,25.6466
20240424,2442,新美齊,TWSE,29.95,30.1,28.85,29.6,8210705.0,242734996.0,TWSE_RWD_JSON_MI_INDEX,data/daily_price/daily_price_20240424.csv,28.43,27.32,26.72,26.3701,27.4778,1.5437,11.2782,8.0292,24.109,,3138347.75,2.6163,30.1,30.1,30.1,25.3,23.2,23.2,8.3455,10.7784,12.2482,7.7232,-1.6611,-1.6611,-1.6611,27.5862,27.5862
20240425,2442,新美齊,TWSE,29.6,30.25,29.15,29.85,4302361.0,128293983.0,TWSE_RWD_JSON_MI_INDEX,data/daily_price/daily_price_20240425.csv,28.7,27.4725,26.825,26.4178,27.6755,0.8446,4.7368,11.3806,26.7516,,3267209.3,1.3168,30.25,30.25,30.25,25.3,23.2,23.2,8.6541,11.2768,12.992,7.857,-1.3223,-1.3223,-1.3223,28.6638,28.6638
20240426,2442,新美齊,TWSE,30.05,31.6,29.55,31.2,7145137.0,219582806.0,TWSE_RWD_JSON_MI_INDEX,data/daily_price/daily_price_20240426.csv,29.46,27.64,26.9508,26.4824,27.9692,4.5226,13.8686,12.0287,31.9239,,3520558.85,2.0295,31.6,31.6,31.6,25.3,23.5,23.2,12.8799,15.7664,17.814,11.5512,-1.2658,-1.2658,-1.2658,32.766,34.4828
20240429,2442,新美齊,TWSE,32.0,33.35,31.55,32.75,11224605.0,365156600.0,TWSE_RWD_JSON_MI_INDEX,data/daily_price/daily_price_20240429.csv,30.51,27.9375,27.0917,26.566,28.3676,4.9679,19.0909,22.2015,34.7737,,3928414.05,2.8573,33.35,33.35,33.35,25.3,23.9,23.2,17.226,20.8859,23.2779,15.4485,-1.7991,-1.7991,-1.7991,37.0293,41.1638
20240430,2442,新美齊,TWSE,32.45,33.1,30.4,31.25,6300308.0,197254099.0,TWSE_RWD_JSON_MI_INDEX,data/daily_price/daily_price_20240430.csv,30.93,28.1575,27.2067,26.6276,28.6078,-4.5802,7.2041,16.3873,28.3368,,4201121.2,1.4997,33.35,33.35,33.35,25.3,24.2,23.2,10.9829,14.8616,17.3593,9.2359,-6.2969,-6.2969,-6.2969,29.1322,34.6983
20240502,2442,新美齊,TWSE,31.1,32.7,31.0,32.25,4781955.0,153489841.0,TWSE_RWD_JSON_MI_INDEX,data/daily_price/daily_price_20240502.csv,31.46,28.415,27.3367,26.7006,28.9113,3.2,8.9527,19.0037,31.9018,,4378452.65,1.0922,33.35,33.35,33.35,25.3,24.35,23.2,13.4964,17.9734,20.7836,11.5479,-3.2984,-3.2984,-3.2984,32.4435,39.0086
20240503,2442,新美齊,TWSE,32.25,32.5,31.5,32.3,3410362.0,109554488.0,TWSE_RWD_JSON_MI_INDEX,data/daily_price/daily_price_20240503.csv,31.95,28.6675,27.4675,26.7724,29.1937,0.155,8.2077,18.5321,32.1063,,4489079.95,0.7597,33.35,33.35,33.35,25.3,24.6,23.2,12.6711,17.5935,20.6465,10.6402,-3.1484,-3.1484,-3.1484,31.3008,39.2241
20240506,2442,新美齊,TWSE,33.1,33.2,31.65,31.9,3360035.0,107576326.0,TWSE_RWD_JSON_MI_INDEX,data/daily_price/daily_price_20240506.csv,32.09,28.9225,27.5858,26.8373,29.4193,-1.2384,2.2436,19.0299,28.629,,4608638.3,0.7291,33.35,33.35,33.35,25.3,24.85,23.2,10.2948,15.6391,18.8642,8.4324,-4.3478,-4.3478,-4.3478,28.3702,37.5
20240507,2442,新美齊,TWSE,32.1,32.15,29.7,29.85,5727653.0,174752288.0,TWSE_RWD_JSON_MI_INDEX,data/daily_price/daily_price_20240507.csv,31.51,29.07,27.6633,26.875,29.4551,-6.4263,-8.855,10.9665,18.4524,,4825585.35,1.1869,33.35,33.35,33.35,25.3,25.2,23.2,2.6832,7.9046,11.0698,1.3405,-10.4948,-10.4948,-10.4948,18.4524,28.6638
20240508,2442,新美齊,TWSE,30.0,30.3,28.6,28.8,4734289.0,137867927.0,TWSE_RWD_JSON_MI_INDEX,data/daily_price/daily_price_20240508.csv,31.02,29.17,27.7167,26.8988,29.4006,-3.5176,-7.84,7.4627,12.5,,5022242.1,0.9427,33.35,33.35,33.35,25.3,25.3,23.2,-1.2684,3.9086,7.0681,-2.0427,-13.6432,-13.6432,-13.6432,13.834,24.1379
20240509,2442,新美齊,TWSE,28.7,29.4,28.1,28.2,4315749.0,123648400.0,TWSE_RWD_JSON_MI_INDEX,data/daily_price/daily_price_20240509.csv,30.21,29.2175,27.7533,26.9146,29.3005,-2.0833,-12.5581,3.4862,8.4615,,5145338.3,0.8388,33.35,33.35,33.35,25.3,25.3,23.2,-3.4825,1.6094,4.7757,-3.7559,-15.4423,-15.4423,-15.4423,11.4625,21.5517
20240510,2442,新美齊,TWSE,28.2,28.35,27.7,27.9,2907239.0,81479586.0,TWSE_RWD_JSON_MI_INDEX,data/daily_price/daily_price_20240510.csv,29.33,29.26,27.765,26.9265,29.1838,-1.0638,-13.6223,3.1423,2.5735,,5198700.55,0.5592,33.35,33.35,33.35,25.3,25.3,23.2,-4.648,0.4862,3.6154,-4.399,-16.3418,-16.3418,-16.3418,10.2767,20.2586
20240513,2442,新美齊,TWSE,27.85,29.15,27.75,28.65,2808969.0,80132479.0,TWSE_RWD_JSON_MI_INDEX,data/daily_price/daily_price_20240513.csv,28.68,29.335,27.81,26.947,29.1393,2.6882,-10.1881,5.5249,10.4046,,5278282.6,0.5322,33.35,33.35,33.35,25.3,25.3,23.2,-2.3351,3.0205,6.3197,-1.6792,-14.093,-14.093,-14.093,13.2411,23.4914
20240514,2442,新美齊,TWSE,28.65,29.2,28.05,28.4,2572051.0,73147279.0,TWSE_RWD_JSON_MI_INDEX,data/daily_price/daily_price_20240514.csv,28.39,29.395,27.8442,26.9641,29.0777,-0.8726,-4.8576,4.4118,7.7799,,5345162.2,0.4812,33.35,33.35,33.35,25.3,25.3,23.2,-3.3849,1.9962,5.3252,-2.3307,-14.8426,-14.8426,-14.8426,12.253,22.4138
20240515,2442,新美齊,TWSE,28.4,29.6,28.35,29.2,2824401.0,82367739.0,TWSE_RWD_JSON_MI_INDEX,data/daily_price/daily_price_20240515.csv,28.47,29.5625,27.885,26.9901,29.0879,2.8169,1.3889,12.9594,9.1589,,5200476.8,0.5431,33.35,33.35,33.35,25.45,25.3,23.2,-1.2262,4.7158,8.1878,0.3854,-12.4438,-12.4438,-12.4438,15.415,25.8621
20240516,2442,新美齊,TWSE,29.2,30.55,29.2,29.6,4990322.0,149231575.0,TWSE_RWD_JSON_MI_INDEX,data/daily_price/daily_price_20240516.csv,28.75,29.7125,27.9383,27.0201,29.1306,1.3699,4.9645,11.2782,12.1212,,5360972.85,0.9309,33.35,33.35,33.35,26.65,25.3,23.2,-0.3786,5.9476,9.548,1.6115,-11.2444,-11.2444,-11.2444,16.996,27.5862
20240517,2442,新美齊,TWSE,29.95,32.55,29.95,32.55,8488911.0,270221169.0,TWSE_RWD_JSON_MI_INDEX,data/daily_price/daily_price_20240517.csv,29.68,29.915,28.0325,27.083,29.4155,9.9662,16.6667,14.2105,21.0037,,5462096.0,1.5541,33.35,33.35,33.35,26.65,25.3,23.2,8.8083,16.1152,20.1863,10.6559,-2.3988,-2.3988,-2.3988,28.6561,40.3017
20240520,2442,新美齊,TWSE,33.1,34.9,32.6,34.2,23730450.0,799754622.0,TWSE_RWD_JSON_MI_INDEX,data/daily_price/daily_price_20240520.csv,30.79,30.255,28.1617,27.1629,29.8142,5.0691,19.3717,24.8175,29.3006,,6432556.2,3.6891,34.9,34.9,34.9,27.35,25.3,23.2,13.0392,21.4417,25.9069,14.7103,-2.0057,-2.0057,-2.0057,35.1779,47.4138
20240521,2442,新美齊,TWSE,33.85,34.3,31.3,31.9,12784762.0,416836093.0,TWSE_RWD_JSON_MI_INDEX,data/daily_price/daily_price_20240521.csv,31.49,30.475,28.2583,27.2156,29.988,-6.7251,12.3239,16.0,22.2222,,6807181.5,1.8781,34.9,34.9,34.9,27.5,25.3,23.2,4.676,12.8871,17.2124,6.3757,-8.596,-8.596,-8.596,26.087,37.5
20240522,2442,新美齊,TWSE,32.0,32.65,31.5,32.55,5122192.0,163778918.0,TWSE_RWD_JSON_MI_INDEX,data/daily_price/daily_price_20240522.csv,32.16,30.645,28.365,27.2742,30.2015,2.0376,11.4726,11.6638,24.4742,,6487122.8,0.7896,34.9,34.9,34.9,27.7,25.3,23.2,6.2163,14.7541,19.3437,7.776,-6.7335,-6.7335,-6.7335,28.6561,40.3017
20240523,2442,新美齊,TWSE,32.25,32.25,30.7,31.15,4922310.0,153652157.0,TWSE_RWD_JSON_MI_INDEX,data/daily_price/daily_price_20240523.csv,32.47,30.7225,28.4492,27.3163,30.2806,-4.3011,5.2365,5.2365,19.3487,,6322703.05,0.7785,34.9,34.9,34.9,27.7,25.3,23.2,1.3915,9.4935,14.0345,2.8712,-10.745,-10.745,-10.745,23.1225,34.2672
20240524,2442,新美齊,TWSE,30.95,31.85,30.8,31.8,2663377.0,83786942.0,TWSE_RWD_JSON_MI_INDEX,data/daily_price/daily_price_20240524.csv,32.32,30.82,28.535,27.3645,30.4072,2.0867,-2.3041,6.5327,19.3246,,6240753.85,0.4268,34.9,34.9,34.9,27.7,25.3,23.2,3.1798,11.4421,16.2089,4.5805,-8.8825,-8.8825,-8.8825,25.6917,37.069
20240527,2442,新美齊,TWSE,31.8,32.8,31.7,32.45,3384953.0,109474369.0,TWSE_RWD_JSON_MI_INDEX,data/daily_price/daily_price_20240527.csv,31.97,30.8825,28.6233,27.4186,30.5774,2.044,-5.117,4.0064,19.5212,,6052744.65,0.5592,34.9,34.9,34.9,27.7,25.3,23.2,5.0757,13.369,18.3502,6.124,-7.0201,-7.0201,-7.0201,28.2609,39.8707
20240528,2442,新美齊,TWSE,32.75,33.85,32.55,33.4,4714321.0,156359681.0,TWSE_RWD_JSON_MI_INDEX,data/daily_price/daily_price_20240528.csv,32.27,30.915,28.725,27.4816,30.8126,2.9276,4.7022,1.9847,22.3443,,5727230.45,0.8231,34.9,34.9,34.9,27.7,25.3,23.2,8.0382,16.275,21.536,8.3971,-4.298,-4.298,-4.298,32.0158,43.9655
20240529,2442,新美齊,TWSE,33.4,33.9,32.4,33.85,4014113.0,133013307.0,TWSE_RWD_JSON_MI_INDEX,data/daily_price/daily_price_20240529.csv,32.53,31.045,28.845,27.5479,31.0658,1.3473,3.9939,8.32,27.0169,,5612920.7,0.7152,34.9,34.9,34.9,27.7,25.3,23.2,9.0353,17.3514,22.8768,8.9624,-3.0086,-3.0086,-3.0086,33.7945,45.9052
20240530,2442,新美齊,TWSE,33.5,34.2,32.6,32.8,3873241.0,129294546.0,TWSE_RWD_JSON_MI_INDEX,data/daily_price/daily_price_20240530.csv,32.86,31.0725,28.9483,27.6021,31.2103,-3.1019,5.297,1.7054,23.3083,,5567485.0,0.6957,34.9,34.9,34.9,27.7,25.3,23.2,5.5596,13.3053,18.8317,5.0936,-6.0172,-6.0172,-6.0172,29.6443,41.3793
20240531,2442,新美齊,TWSE,33.1,34.2,32.8,33.0,4410343.0,147513470.0,TWSE_RWD_JSON_MI_INDEX,data/daily_price/daily_price_20240531.csv,33.1,31.1075,29.0583,27.6571,31.3594,0.6098,3.7736,2.1672,25.0,,5617484.05,0.7851,34.9,34.9,34.9,27.7,25.3,23.2,6.0837,13.5647,19.3182,5.2315,-5.4441,-5.4441,-5.4441,30.4348,42.2414
20240603,2442,新美齊,TWSE,33.45,34.2,32.4,34.05,5120103.0,172010258.0,TWSE_RWD_JSON_MI_INDEX,data/daily_price/daily_price_20240603.csv,33.42,31.215,29.1692,27.7217,31.5836,3.1818,4.9307,6.7398,24.2701,,5705487.45,0.8974,34.9,34.9,34.9,27.7,25.3,23.2,9.0822,16.7329,22.8279,7.809,-2.4355,-2.4355,-2.4355,34.585,46.7672
20240604,2442,新美齊,TWSE,33.9,35.0,33.7,34.25,5486531.0,188289707.0,TWSE_RWD_JSON_MI_INDEX,data/daily_price/daily_price_20240604.csv,33.59,31.435,29.2775,27.787,31.8058,0.5874,2.5449,14.7404,23.4234,,5693431.35,0.9637,35.0,35.0,35.0,27.7,25.3,23.2,8.955,16.984,23.2591,7.6847,-2.1429,-2.1429,-2.1429,35.3755,47.6293
20240605,2442,新美齊,TWSE,34.3,34.9,33.2,33.45,4837943.0,163698418.0,TWSE_RWD_JSON_MI_INDEX,data/daily_price/daily_price_20240605.csv,33.51,31.6675,29.3725,27.8431,31.9428,-2.3358,-1.1817,16.1458,20.5405,,5698614.05,0.849,35.0,35.0,35.0,27.7,25.3,23.2,5.6288,13.882,20.1376,4.7183,-4.4286,-4.4286,-4.4286,32.2134,44.181
20240606,2442,新美齊,TWSE,33.5,33.5,32.5,33.2,2857319.0,93968413.0,TWSE_RWD_JSON_MI_INDEX,data/daily_price/daily_price_20240606.csv,33.59,31.9175,29.4533,27.8956,32.0476,-0.7474,1.2195,17.7305,17.1076,,5625692.55,0.5079,35.0,35.0,35.0,27.7,25.3,23.2,4.0182,12.7207,19.0152,3.5959,-5.1429,-5.1429,-5.1429,31.2253,43.1034
20240607,2442,新美齊,TWSE,32.75,34.3,32.7,33.85,5155354.0,173590407.0,TWSE_RWD_JSON_MI_INDEX,data/daily_price/daily_price_20240607.csv,33.76,32.215,29.5308,27.9534,32.1978,1.9578,2.5758,21.3262,15.9247,,5738098.3,0.8984,35.0,35.0,35.0,27.75,25.3,23.2,5.0753,14.626,21.0944,5.1314,-3.2857,-3.2857,-3.2857,33.7945,45.9052
20240611,2442,新美齊,TWSE,33.7,33.7,32.0,32.05,5189656.0,169014314.0,TWSE_RWD_JSON_MI_INDEX,data/daily_price/daily_price_20240611.csv,33.36,32.385,29.6,27.9928,32.1855,-5.3176,-5.8737,11.8674,14.8746,,5857132.65,0.886,35.0,35.0,35.0,28.05,25.3,23.2,-1.0344,8.277,14.4938,-0.421,-8.4286,-8.4286,-8.4286,26.6798,38.1466
20240612,2442,新美齊,TWSE,32.05,32.05,30.45,31.2,5185253.0,160989399.0,TWSE_RWD_JSON_MI_INDEX,data/daily_price/daily_price_20240612.csv,32.75,32.525,29.65,28.0233,32.1034,-2.6521,-8.9051,9.8592,10.6383,,5987792.75,0.866,35.0,35.0,35.0,28.35,25.3,23.2,-4.0738,5.2277,11.3358,-2.8139,-10.8571,-10.8571,-10.8571,23.3202,34.4828
20240613,2442,新美齊,TWSE,31.3,31.8,30.85,31.8,2057262.0,64652389.0,TWSE_RWD_JSON_MI_INDEX,data/daily_price/daily_price_20240613.csv,32.42,32.655,29.725,28.059,32.0781,1.9231,-4.9327,8.9041,16.4835,,5949435.8,0.3458,35.0,35.0,35.0,29.2,25.3,23.2,-2.6183,6.9807,13.3328,-0.8669,-9.1429,-9.1429,-9.1429,25.6917,37.069
20240614,2442,新美齊,TWSE,32.0,33.35,32.0,32.3,4091863.0,134181552.0,TWSE_RWD_JSON_MI_INDEX,data/daily_price/daily_price_20240614.csv,32.24,32.79,29.8075,28.0986,32.0966,1.5723,-2.7108,9.1216,18.0987,,5904512.85,0.693,35.0,35.0,35.0,29.95,25.3,23.2,-1.4944,8.362,14.9524,0.6338,-7.7143,-7.7143,-7.7143,27.668,39.2241
20240617,2442,新美齊,TWSE,32.3,32.35,31.05,31.05,3754064.0,118099021.0,TWSE_RWD_JSON_MI_INDEX,data/daily_price/daily_price_20240617.csv,31.68,32.715,29.8792,28.1259,32.0094,-3.87,-8.2718,-4.6083,16.0748,,5667770.5,0.6624,35.0,35.0,35.0,30.45,25.3,23.2,-5.0894,3.9186,10.3964,-2.9971,-11.2857,-11.2857,-11.2857,22.7273,33.8362
20240618,2442,新美齊,TWSE,31.2,31.7,31.0,31.0,1268323.0,39572574.0,TWSE_RWD_JSON_MI_INDEX,data/daily_price/daily_price_20240618.csv,31.47,32.555,29.9542,28.1523,31.9253,-0.161,-3.2761,-9.3567,16.9811,,4544664.15,0.2791,35.0,35.0,35.0,30.45,25.3,23.2,-4.7765,3.4914,10.1154,-2.8982,-11.4286,-11.4286,-11.4286,22.5296,33.6207
20240619,2442,新美齊,TWSE,31.1,31.2,30.55,31.2,2246795.0,69330258.0,TWSE_RWD_JSON_MI_INDEX,data/daily_price/daily_price_20240619.csv,31.47,32.52,30.035,28.18,31.8648,0.6452,0.0,-2.1944,18.4061,,4017765.8,0.5592,35.0,35.0,35.0,30.45,25.3,23.2,-4.059,3.8788,10.7168,-2.0864,-10.8571,-10.8571,-10.8571,23.3202,34.4828
20240620,2442,新美齊,TWSE,31.4,31.4,30.7,31.15,1560206.0,48301224.0,TWSE_RWD_JSON_MI_INDEX,data/daily_price/daily_price_20240620.csv,31.34,32.45,30.1017,28.2068,31.8052,-0.1603,-2.044,-4.3011,14.733,,3839666.5,0.4063,35.0,35.0,35.0,30.45,25.3,23.2,-4.0062,3.4826,10.4345,-2.0602,-11.0,-11.0,-11.0,23.1225,34.2672
20240621,2442,新美齊,TWSE,31.15,31.15,30.3,30.35,3307709.0,101335183.0,TWSE_RWD_JSON_MI_INDEX,data/daily_price/daily_price_20240621.csv,30.95,32.41,30.1508,28.2259,31.684,-2.5682,-6.0372,-2.5682,10.7664,,3758936.45,0.88,35.0,35.0,35.0,30.3,25.3,23.2,-6.3561,0.6606,7.5254,-4.2103,-13.2857,-13.2857,-13.2857,19.9605,30.819
20240624,2442,新美齊,TWSE,30.4,30.75,30.35,30.6,1041228.0,31817634.0,TWSE_RWD_JSON_MI_INDEX,data/daily_price/daily_price_20240624.csv,30.86,32.35,30.2142,28.2469,31.5936,0.8237,-1.4493,-3.7736,14.1791,,3677829.0,0.2831,35.0,35.0,35.0,30.3,25.3,23.2,-5.4096,1.277,8.3305,-3.1451,-12.5714,-12.5714,-12.5714,20.9486,31.8966
20240625,2442,新美齊,TWSE,30.8,30.95,30.3,30.95,1404210.0,43068941.0,TWSE_RWD_JSON_MI_INDEX,data/daily_price/daily_price_20240625.csv,30.85,32.275,30.2658,28.2706,31.54,1.1438,-0.1613,-4.6225,11.1311,,3578791.85,0.3924,35.0,35.0,35.0,30.3,25.3,23.2,-4.1053,2.2605,9.4776,-1.8707,-11.5714,-11.5714,-11.5714,22.332,33.4052
20240626,2442,新美齊,TWSE,30.95,31.35,30.95,31.2,1217708.0,37913597.0,TWSE_RWD_JSON_MI_INDEX,data/daily_price/daily_price_20240626.csv,30.85,32.165,30.3392,28.2961,31.5117,0.8078,0.0,-6.5868,16.4179,,3403961.2,0.3577,35.0,35.0,35.0,30.3,25.3,23.2,-3.0002,2.8374,10.2626,-0.9891,-10.8571,-10.8571,-10.8571,23.3202,34.4828
20240627,2442,新美齊,TWSE,31.2,31.2,30.6,30.65,1172757.0,36122792.0,TWSE_RWD_JSON_MI_INDEX,data/daily_price/daily_price_20240627.csv,30.75,32.005,30.4025,28.3164,31.4399,-1.7628,-1.6051,-9.4535,14.1527,,3261893.4,0.3595,35.0,35.0,35.0,30.3,25.3,23.2,-4.2337,0.8141,8.2412,-2.5123,-12.4286,-12.4286,-12.4286,21.1462,32.1121
20240628,2442,新美齊,TWSE,30.65,30.85,30.5,30.55,1194204.0,36584017.0,TWSE_RWD_JSON_MI_INDEX,data/daily_price/daily_price_20240628.csv,30.79,31.8925,30.46,28.3355,31.3657,-0.3263,0.659,-6.8598,12.7306,,3127941.55,0.3818,35.0,35.0,35.0,30.3,25.3,23.2,-4.2095,0.2955,7.8154,-2.6006,-12.7143,-12.7143,-12.7143,20.751,31.681
20240701,2442,新美齊,TWSE,30.55,32.4,30.35,32.15,3372932.0,106919621.0,TWSE_RWD_JSON_MI_INDEX,data/daily_price/daily_price_20240701.csv,31.1,31.85,30.5417,28.3678,31.4311,5.2373,5.0654,-2.5758,17.9817,,3076071.0,1.0965,35.0,35.0,35.0,30.3,25.3,23.2,0.9419,5.266,13.3327,2.2873,-8.1429,-8.1429,-8.1429,27.0751,38.5776
20240702,2442,新美齊,TWSE,32.05,32.3,31.45,31.5,1751618.0,55538799.0,TWSE_RWD_JSON_MI_INDEX,data/daily_price/daily_price_20240702.csv,31.21,31.7225,30.62,28.3941,31.4368,-2.0218,1.7771,-7.489,17.5373,,2907646.75,0.6024,35.0,35.0,35.0,30.3,25.3,23.2,-0.7014,2.8739,10.9385,0.201,-10.0,-10.0,-10.0,24.5059,35.7759
20240703,2442,新美齊,TWSE,31.6,31.65,31.25,31.25,948354.0,29768502.0,TWSE_RWD_JSON_MI_INDEX,data/daily_price/daily_price_20240703.csv,31.22,31.5725,30.6925,28.4179,31.4212,-0.7937,0.1603,-8.7591,16.171,,2680737.9,0.3538,34.9,35.0,35.0,30.3,25.3,23.2,-1.0215,1.8164,9.9658,-0.545,-10.4585,-10.7143,-10.7143,23.5178,34.6983
20240704,2442,新美齊,TWSE,31.35,31.4,30.95,31.3,1202599.0,37491541.0,TWSE_RWD_JSON_MI_INDEX,data/daily_price/daily_price_20240704.csv,31.35,31.465,30.7675,28.4692,31.4111,0.16,2.1207,-6.4275,16.791,24.4533,2498970.7,0.4812,34.3,35.0,35.0,30.3,25.3,23.2,-0.5244,1.7307,9.9435,-0.3538,-8.7464,-10.5714,-10.5714,23.7154,34.9138
20240705,2442,新美齊,TWSE,31.4,31.5,30.95,31.5,1227306.0,38262394.0,TWSE_RWD_JSON_MI_INDEX,data/daily_price/daily_price_20240705.csv,31.54,31.38,30.8383,28.5262,31.4185,0.639,3.1097,-5.1205,15.5963,27.789,2417470.05,0.5077,34.3,35.0,35.0,30.3,25.3,23.2,0.3824,2.1456,10.4246,0.2593,-8.1633,-10.0,-10.0,24.5059,35.7759
20240708,2442,新美齊,TWSE,31.35,31.65,30.8,31.3,1633725.0,50709959.0,TWSE_RWD_JSON_MI_INDEX,data/daily_price/daily_price_20240708.csv,31.37,31.2525,30.9092,28.5788,31.4087,-0.6349,-2.6439,-7.5332,15.7116,25.2,2241388.6,0.7289,33.7,35.0,35.0,30.3,25.3,23.2,0.152,1.2645,9.5219,-0.346,-7.1217,-10.5714,-10.5714,23.7154,34.9138
20240709,2442,新美齊,TWSE,31.4,32.1,31.1,31.8,2736303.0,86603665.0,TWSE_RWD_JSON_MI_INDEX,data/daily_price/daily_price_20240709.csv,31.43,31.24,30.9867,28.6308,31.4413,1.5974,0.9524,-0.78,17.1271,24.4618,2118720.95,1.2915,33.35,35.0,35.0,30.3,25.3,23.2,1.7926,2.6248,11.0691,1.1409,-4.6477,-9.1429,-9.1429,25.6917,37.069
20240710,2442,新美齊,TWSE,31.8,34.05,31.6,34.0,8584597.0,285167950.0,TWSE_RWD_JSON_MI_INDEX,data/daily_price/daily_price_20240710.csv,31.98,31.38,31.1,28.7038,31.6545,6.9182,8.8,8.9744,25.0,34.6535,2288688.15,3.7509,34.05,35.0,35.0,30.3,25.3,23.2,8.3493,9.3248,18.4514,7.4097,-0.1468,-2.8571,-2.8571,34.3874,46.5517
20240711,2442,新美齊,TWSE,34.0,34.9,33.4,33.85,6221307.0,212688854.0,TWSE_RWD_JSON_MI_INDEX,data/daily_price/daily_price_20240711.csv,32.49,31.4825,31.2333,28.7792,31.8375,-0.4412,8.147,6.4465,30.9478,36.4919,2496890.4,2.4916,34.9,35.0,35.0,30.3,25.45,23.2,7.5201,8.3778,17.6198,6.3213,-3.0086,-3.2857,-3.2857,33.0059,45.9052
20240712,2442,新美齊,TWSE,33.8,33.8,32.3,32.4,2793783.0,92013779.0,TWSE_RWD_JSON_MI_INDEX,data/daily_price/daily_price_20240712.csv,32.67,31.4875,31.33,28.8479,31.8843,-4.2836,2.8571,0.3096,21.8045,34.1615,2431986.4,1.1488,34.9,35.0,35.0,30.3,26.65,23.2,2.898,3.4153,12.3131,1.6173,-7.1633,-7.4286,-7.4286,21.576,39.6552
20240715,2442,新美齊,TWSE,32.5,33.75,32.25,33.4,2493448.0,82589105.0,TWSE_RWD_JSON_MI_INDEX,data/daily_price/daily_price_20240715.csv,33.09,31.605,31.4117,28.9233,32.0106,3.0864,6.7093,7.5684,17.193,37.1663,2368955.6,1.0526,34.9,35.0,35.0,30.3,26.65,23.2,5.6795,6.3299,15.4777,4.3403,-4.298,-4.5714,-4.5714,25.3283,43.9655
20240716,2442,新美齊,TWSE,33.6,34.8,33.5,34.5,4851295.0,166598968.0,TWSE_RWD_JSON_MI_INDEX,data/daily_price/daily_price_20240716.csv,33.63,31.78,31.53,29.0121,32.2181,3.2934,8.4906,11.2903,25.9124,44.6541,2548104.2,1.9039,34.9,35.0,35.0,30.3,27.35,23.2,8.5588,9.4196,18.916,7.0827,-1.1461,-1.4286,-1.4286,26.1426,48.7069
20240717,2442,新美齊,TWSE,34.9,36.0,34.05,34.45,10424169.0,367433225.0,TWSE_RWD_JSON_MI_INDEX,data/daily_price/daily_price_20240717.csv,33.72,31.9425,31.6458,29.0938,32.4041,-0.1449,1.3235,10.4167,25.2727,39.7566,2956972.9,3.5253,36.0,36.0,36.0,30.3,27.5,23.2,7.85,8.8611,18.4103,6.3138,-4.3056,-4.3056,-4.3056,25.2727,48.4914
20240718,2442,新美齊,TWSE,34.0,35.0,33.7,34.15,4390188.0,150193657.0,TWSE_RWD_JSON_MI_INDEX,data/daily_price/daily_price_20240718.csv,33.78,32.0925,31.7292,29.1767,32.5496,-0.8708,0.8863,9.6308,17.1527,41.1157,3098472.0,1.4169,36.0,36.0,36.0,30.3,27.7,23.2,6.4112,7.6297,17.0456,4.9169,-5.1389,-5.1389,-5.1389,23.2852,47.1983
20240719,2442,新美齊,TWSE,34.15,34.3,32.65,32.8,4181497.0,138609297.0,TWSE_RWD_JSON_MI_INDEX,data/daily_price/daily_price_20240719.csv,33.86,32.215,31.7825,29.2512,32.5704,-3.9531,1.2346,8.0725,10.8108,37.5262,3142161.4,1.3308,36.0,36.0,36.0,30.3,27.7,23.2,1.8159,3.2014,12.132,0.7048,-8.8889,-8.8889,-8.8889,18.4116,41.3793
20240722,2442,新美齊,TWSE,32.75,32.75,31.75,32.5,3698340.0,118903384.0,TWSE_RWD_JSON_MI_INDEX,data/daily_price/daily_price_20240722.csv,33.68,32.31,31.8267,29.3258,32.5646,-0.9146,-2.6946,6.2092,8.8777,38.0042,3275017.0,1.1293,36.0,36.0,36.0,30.3,27.7,23.2,0.5881,2.1156,10.8238,-0.1983,-9.7222,-9.7222,-9.7222,17.3285,40.0862
20240723,2442,新美齊,TWSE,32.95,33.95,32.9,33.4,2605316.0,87250675.0,TWSE_RWD_JSON_MI_INDEX,data/daily_price/daily_price_20240723.csv,33.46,32.4325,31.8633,29.4071,32.6342,2.7692,-3.1884,7.916,7.0513,41.2262,3335072.3,0.7812,36.0,36.0,36.0,30.35,27.7,23.5,2.9831,4.8227,13.5781,2.3466,-7.2222,-7.2222,-7.2222,20.5776,42.1277
20240726,2442,新美齊,TWSE,32.8,33.9,32.5,33.9,2629490.0,87499892.0,TWSE_RWD_JSON_MI_INDEX,data/daily_price/daily_price_20240726.csv,33.35,32.5675,31.8825,29.4871,32.7397,1.497,-1.5965,8.6538,3.5115,39.5062,3405661.4,0.7721,36.0,36.0,36.0,30.35,27.7,23.9,4.0915,6.3279,14.9656,3.5441,-5.8333,-5.8333,-5.8333,22.3827,41.841
20240729,2442,新美齊,TWSE,35.2,37.25,35.05,37.25,18085146.0,666418941.0,TWSE_RWD_JSON_MI_INDEX,data/daily_price/daily_price_20240729.csv,33.97,32.8975,31.9825,29.5946,33.1155,9.882,9.0776,21.5334,19.2,52.9774,4251280.85,4.254,37.25,37.25,37.25,30.35,27.7,24.2,13.2305,16.4699,25.8676,12.485,0.0,0.0,0.0,34.4765,53.9256
20240730,2442,新美齊,TWSE,37.95,38.2,35.5,36.15,27777706.0,1016795021.0,TWSE_RWD_JSON_MI_INDEX,data/daily_price/daily_price_20240730.csv,34.64,33.1775,32.0475,29.6921,33.3684,-2.953,10.2134,18.3306,12.093,47.8528,5580455.95,4.9777,38.2,38.2,38.2,30.35,27.7,24.35,8.9594,12.8013,21.7496,8.336,-5.3665,-5.3665,-5.3665,30.5054,48.46
20240731,2442,新美齊,TWSE,36.25,37.25,34.7,36.35,14438784.0,518450703.0,TWSE_RWD_JSON_MI_INDEX,data/daily_price/daily_price_20240731.csv,35.41,33.3875,32.115,29.7912,33.6169,0.5533,11.8462,13.0638,12.5387,48.6708,6133748.55,2.354,38.2,38.2,38.2,30.8,27.7,24.6,8.8731,13.187,22.0157,8.1302,-4.8429,-4.8429,-4.8429,31.2274,47.7642
20240801,2442,新美齊,TWSE,36.8,38.9,35.95,38.4,12232867.0,463084818.0,TWSE_RWD_JSON_MI_INDEX,data/daily_price/daily_price_20240801.csv,36.41,33.7325,32.2233,29.9046,34.0155,5.6396,14.9701,21.9048,20.3762,54.8387,6657811.0,1.8374,38.9,38.9,38.9,30.8,27.7,24.85,13.8368,19.1683,28.4084,12.8898,-1.2853,-1.2853,-1.2853,38.6282,54.5272
20240802,2442,新美齊,TWSE,37.6,39.1,37.0,37.35,8802717.0,333907621.0,TWSE_RWD_JSON_MI_INDEX,data/daily_price/daily_price_20240802.csv,37.1,34.0375,32.3483,30.0058,34.2933,-2.7344,10.177,19.52,25.1256,48.2143,7050529.15,1.2485,39.1,39.1,39.1,30.8,27.7,25.2,9.7319,15.4619,24.4758,8.9133,-4.4757,-4.4757,-4.4757,34.8375,48.2143
20240805,2442,新美齊,TWSE,36.5,36.5,33.65,33.7,10623828.0,368897639.0,TWSE_RWD_JSON_MI_INDEX,data/daily_price/daily_price_20240805.csv,36.39,34.1575,32.43,30.0733,34.2439,-9.7724,-9.5302,7.6677,17.0139,31.6406,7521590.6,1.4124,39.1,39.1,39.1,30.8,27.7,25.3,-1.3394,3.9161,12.0594,-1.5883,-13.8107,-13.8107,-13.8107,21.6606,33.2016
20240806,2442,新美齊,TWSE,35.0,35.15,30.45,31.85,10021805.0,319855677.0,TWSE_RWD_JSON_MI_INDEX,data/daily_price/daily_price_20240806.csv,35.53,34.175,32.4908,30.1221,34.0444,-5.4896,-11.8949,1.1111,12.9433,22.5,7961315.55,1.2588,39.1,39.1,39.1,30.45,27.7,25.3,-6.8032,-1.9724,5.7364,-6.4457,-18.5422,-18.5422,-18.5422,14.9819,25.8893
20240807,2442,新美齊,TWSE,31.85,34.3,31.85,34.15,4365636.0,146450557.0,TWSE_RWD_JSON_MI_INDEX,data/daily_price/daily_price_20240807.csv,35.09,34.3175,32.595,30.18,34.0532,7.2214,-6.0523,9.1054,22.4014,25.5515,8097911.1,0.5391,39.1,39.1,39.1,30.45,27.75,25.3,-0.4881,4.7707,13.1544,0.2842,-12.6598,-12.6598,-12.6598,23.0631,34.9802
20240808,2442,新美齊,TWSE,34.0,34.75,33.2,34.2,2882073.0,97794227.0,TWSE_RWD_JSON_MI_INDEX,data/daily_price/daily_price_20240808.csv,34.25,34.4375,32.6875,30.2488,34.0654,0.1464,-10.9375,7.5472,19.3717,31.7919,8105199.6,0.3556,39.1,39.1,39.1,30.45,28.05,25.3,-0.6897,4.6272,13.0625,0.395,-12.532,-12.532,-12.532,21.9251,35.1779
20240809,2442,新美齊,TWSE,35.0,35.55,34.25,34.3,2658583.0,92880295.0,TWSE_RWD_JSON_MI_INDEX,data/daily_price/daily_price_20240809.csv,33.64,34.4525,32.7858,30.315,34.085,0.2924,-8.166,0.8824,20.7746,30.1708,7808898.9,0.3405,39.1,39.1,39.1,30.45,28.35,25.3,-0.4426,4.6184,13.1453,0.6308,-12.2762,-12.2762,-12.2762,20.9877,35.5731
20240812,2442,新美齊,TWSE,34.35,35.3,34.35,34.5,1524414.0,52981338.0,TWSE_RWD_JSON_MI_INDEX,data/daily_price/daily_price_20240812.csv,33.8,34.485,32.8742,30.3796,34.1196,0.5831,2.3739,1.9202,18.1507,28.972,7574054.25,0.2013,39.1,39.1,39.1,30.45,29.2,25.3,0.0435,4.9456,13.5631,1.115,-11.7647,-11.7647,-11.7647,18.1507,36.3636
20240813,2442,新美齊,TWSE,34.7,35.2,34.3,34.5,1368572.0,47354949.0,TWSE_RWD_JSON_MI_INDEX,data/daily_price/daily_price_20240813.csv,34.33,34.59,32.9558,30.4471,34.1513,0.0,8.3203,6.4815,16.5541,30.6818,7502793.7,0.1824,39.1,39.1,39.1,30.45,29.95,25.3,-0.2602,4.6856,13.3113,1.0211,-11.7647,-11.7647,-11.7647,15.192,36.3636
20240814,2442,新美齊,TWSE,35.0,35.25,34.35,34.9,1862329.0,65085041.0,TWSE_RWD_JSON_MI_INDEX,data/daily_price/daily_price_20240814.csv,34.48,34.665,32.995,30.5138,34.2137,1.1594,2.1962,4.491,7.2197,29.7398,7471237.75,0.2493,39.1,39.1,39.1,30.45,30.3,25.3,0.6779,5.7736,14.3747,2.006,-10.7417,-10.7417,-10.7417,15.1815,37.9447
20240815,2442,新美齊,TWSE,34.9,37.0,34.9,36.2,5101060.0,184641275.0,TWSE_RWD_JSON_MI_INDEX,data/daily_price/daily_price_20240815.csv,34.88,34.75,33.0283,30.595,34.3792,3.7249,5.848,4.9275,5.848,36.862,7483726.0,0.6816,39.1,39.1,39.1,30.45,30.3,25.3,4.1727,9.6029,18.32,5.2962,-7.4169,-7.4169,-7.4169,19.4719,43.083
20240816,2442,新美齊,TWSE,36.65,38.25,36.6,36.9,5388289.0,201892973.0,TWSE_RWD_JSON_MI_INDEX,data/daily_price/daily_price_20240816.csv,35.4,34.8725,33.1117,30.685,34.5893,1.9337,7.5802,7.1118,15.674,41.3793,7231932.0,0.7451,39.1,39.1,39.1,30.45,30.3,25.3,5.814,11.4411,20.2542,6.6805,-5.6266,-5.6266,-5.6266,21.7822,45.8498
20240819,2442,新美齊,TWSE,37.1,37.2,36.25,36.5,11545338.0,421746479.0,TWSE_RWD_JSON_MI_INDEX,data/daily_price/daily_price_20240819.csv,35.8,34.99,33.1775,30.7712,34.7485,-1.084,5.7971,6.8814,12.1352,39.5793,7589689.5,1.5212,39.1,39.1,39.1,30.45,30.3,25.3,4.3155,10.0143,18.6172,5.0405,-6.6496,-6.6496,-6.6496,20.462,44.2688
20240820,2442,新美齊,TWSE,36.9,37.2,35.2,35.5,3567543.0,128201911.0,TWSE_RWD_CSV_MI_INDEX,data/daily_price/daily_price_20240820.csv,36.0,35.125,33.25,30.8496,34.8111,-2.7397,2.8986,8.2317,13.9647,36.0153,7558991.8,0.472,39.1,39.1,39.1,30.45,30.3,25.3,1.0676,6.7669,15.0745,1.9789,-9.2072,-9.2072,-9.2072,17.1617,40.3162
20240821,2442,新美齊,TWSE,35.5,35.5,34.3,35.2,3284882.0,114717667.0,TWSE_RWD_JSON_MI_INDEX,data/daily_price/daily_price_20240821.csv,36.06,35.26,33.3067,30.9208,34.8435,-0.8451,0.8596,8.3077,10.6918,32.0826,7538318.9,0.4358,39.1,39.1,39.1,30.45,30.3,25.3,-0.1702,5.6845,13.8391,1.0231,-9.9744,-9.9744,-9.9744,16.1716,39.1304
20240822,2442,新美齊,TWSE,34.0,35.05,33.4,33.65,6175465.0,209259851.0,TWSE_RWD_JSON_MI_INDEX,data/daily_price/daily_price_20240822.csv,35.55,35.2725,33.3267,30.975,34.7441,-4.4034,-7.0442,0.7485,3.698,23.9411,7716826.35,0.8003,39.1,39.1,39.1,30.45,30.3,25.3,-4.5999,0.9702,8.636,-3.1489,-13.9386,-13.9386,-13.9386,11.0561,33.004
20240823,2442,新美齊,TWSE,33.65,33.65,32.25,33.1,4195238.0,138151529.0,TWSE_RWD_JSON_MI_INDEX,data/daily_price/daily_price_20240823.csv,34.79,35.2325,33.3217,31.0233,34.6071,-1.6345,-10.2981,-2.3599,-0.8982,21.2454,7795113.75,0.5382,39.1,39.1,39.1,30.45,30.3,25.3,-6.0527,-0.6652,6.6939,-4.3548,-15.3453,-15.3453,-15.3453,9.2409,30.83
20240826,2442,新美齊,TWSE,33.35,33.75,32.8,32.9,1959722.0,65151432.0,TWSE_RWD_JSON_MI_INDEX,data/daily_price/daily_price_20240826.csv,34.07,35.015,33.3058,31.0754,34.4648,-0.6042,-9.863,-11.6779,-2.8065,23.4522,6988842.55,0.2804,39.1,39.1,39.1,30.45,30.3,25.3,-6.0403,-1.2185,5.8715,-4.5403,-15.8568,-15.8568,-15.8568,8.5809,30.0395
20240827,2442,新美齊,TWSE,33.0,33.55,32.75,33.55,1570446.0,52322827.0,TWSE_RWD_JSON_MI_INDEX,data/daily_price/daily_price_20240827.csv,33.68,34.885,33.3183,31.1333,34.3886,1.9757,-5.493,-7.1923,2.2866,26.1278,5678479.55,0.2766,39.1,39.1,39.1,30.45,30.3,25.3,-3.8269,0.6953,7.7623,-2.4385,-14.1944,-14.1944,-14.1944,10.7261,32.6087
20240828,2442,新美齊,TWSE,33.6,34.85,33.35,34.1,2329397.0,79620912.0,TWSE_RWD_JSON_MI_INDEX,data/daily_price/daily_price_20240828.csv,33.46,34.7725,33.3367,31.1975,34.3645,1.6393,-3.125,-6.1898,3.3333,29.1667,5073010.2,0.4592,39.1,39.1,39.1,30.45,30.3,25.3,-1.934,2.2898,9.3036,-0.7698,-12.7877,-12.7877,-12.7877,12.5413,34.7826
20240829,2442,新美齊,TWSE,34.1,34.55,33.6,34.35,1674513.0,57161985.0,TWSE_RWD_JSON_MI_INDEX,data/daily_price/daily_price_20240829.csv,33.6,34.57,33.3417,31.2554,34.3633,0.7331,2.0802,-10.5469,0.8811,25.365,4545092.5,0.3684,39.1,39.1,39.1,30.45,30.3,25.3,-0.6364,3.0242,9.901,-0.0387,-12.1483,-12.1483,-12.1483,13.3663,35.7708
20240830,2442,新美齊,TWSE,35.05,35.05,34.35,34.5,2751835.0,95574656.0,TWSE_RWD_JSON_MI_INDEX,data/daily_price/daily_price_20240830.csv,33.88,34.4275,33.3458,31.3117,34.3747,0.4367,4.2296,-7.6305,0.7299,24.3243,4242548.4,0.6486,38.25,39.1,39.1,30.45,30.3,25.3,0.2106,3.4612,10.1826,0.3645,-9.8039,-11.7647,-11.7647,13.8614,36.3636
20240902,2442,新美齊,TWSE,34.05,34.3,33.3,33.3,1785758.0,60006160.0,TWSE_RWD_JSON_MI_INDEX,data/daily_price/daily_price_20240902.csv,33.96,34.4075,33.3433,31.3579,34.2851,-3.4783,1.2158,-1.1869,-0.4484,20.0,3800644.9,0.4699,38.25,39.1,39.1,30.45,30.3,25.3,-3.2188,-0.13,6.1933,-2.8734,-12.9412,-14.8338,-14.8338,9.901,31.6206
20240903,2442,新美齊,TWSE,33.3,33.4,32.6,32.85,1306402.0,42998891.0,TWSE_RWD_JSON_MI_INDEX,data/daily_price/daily_price_20240903.csv,33.82,34.4575,33.3375,31.3954,34.1655,-1.3514,-2.0864,3.1397,-1.0542,15.873,3364874.75,0.3882,38.25,39.1,39.1,31.85,30.3,25.3,-4.6652,-1.4623,4.6331,-3.8505,-14.1176,-15.9847,-15.9847,8.4158,29.8419
20240904,2442,新美齊,TWSE,32.0,32.8,30.95,32.8,3099715.0,99290330.0,TWSE_RWD_JSON_MI_INDEX,data/daily_price/daily_price_20240904.csv,33.56,34.39,33.32,31.4254,34.0518,-0.1522,-3.8123,-3.9531,-3.1019,12.3288,3301578.7,0.9389,38.25,39.1,39.1,30.95,30.3,25.3,-4.6234,-1.5606,4.3741,-3.676,-14.2484,-16.1125,-16.1125,8.2508,29.6443
20240905,2442,新美齊,TWSE,32.8,33.35,32.2,32.5,1906324.0,62431334.0,TWSE_RWD_JSON_MI_INDEX,data/daily_price/daily_price_20240905.csv,33.19,34.305,33.3275,31.4638,33.9224,-0.9146,-5.3857,-4.9708,1.4041,16.4875,3252791.25,0.5861,38.25,39.1,39.1,30.95,30.3,25.3,-5.2616,-2.4829,3.2935,-4.1932,-15.0327,-16.8798,-16.8798,7.2607,28.4585
20240906,2442,新美齊,TWSE,32.55,32.7,32.0,32.3,996266.0,32126913.0,TWSE_RWD_JSON_MI_INDEX,data/daily_price/daily_price_20240906.csv,32.75,34.205,33.3458,31.4979,33.7872,-0.6154,-6.3768,-5.8309,3.5256,14.539,3169675.4,0.3143,38.25,39.1,39.1,30.95,30.3,25.3,-5.5694,-3.1363,2.5465,-4.4018,-15.5556,-17.3913,-17.3913,6.6007,27.668
20240909,2442,新美齊,TWSE,31.35,32.0,31.3,31.75,1413828.0,44586957.0,TWSE_RWD_JSON_MI_INDEX,data/daily_price/daily_price_20240909.csv,32.44,34.0675,33.345,31.535,33.6175,-1.7028,-4.6547,-7.971,-0.1572,16.3004,3164146.1,0.4468,38.25,39.1,39.1,30.95,30.3,25.3,-6.8027,-4.7833,0.6818,-5.5551,-16.9935,-18.798,-18.798,4.7855,25.4941
20240910,2442,新美齊,TWSE,32.2,32.25,30.0,30.25,3353349.0,103156173.0,TWSE_RWD_JSON_MI_INDEX,data/daily_price/daily_price_20240910.csv,31.92,33.855,33.3108,31.5592,33.3368,-4.7244,-7.9148,-12.3188,-6.3467,10.6033,3263384.95,1.0276,38.25,39.1,39.1,30.0,30.0,25.3,-10.6484,-9.1887,-4.1483,-9.2596,-20.915,-22.6343,-22.6343,0.8333,19.5652
20240911,2442,新美齊,TWSE,30.05,30.5,28.8,29.5,4747451.0,139209992.0,TWSE_RWD_JSON_MI_INDEX,data/daily_price/daily_price_20240911.csv,31.26,33.585,33.285,31.5821,33.0171,-2.4793,-10.061,-15.4728,-4.9919,10.2804,3407641.05,1.3932,38.25,39.1,39.1,28.8,28.8,25.3,-12.1632,-11.3715,-6.5926,-10.6524,-22.8758,-24.5524,-24.5524,2.4306,16.6008
20240912,2442,新美齊,TWSE,29.8,30.7,29.6,30.5,1959332.0,58865512.0,TWSE_RWD_JSON_MI_INDEX,data/daily_price/daily_price_20240912.csv,30.86,33.3,33.2767,31.6154,32.8073,3.3898,-6.1538,-15.7459,-1.6129,15.0943,3250554.65,0.6028,38.25,39.1,39.1,28.8,28.8,25.3,-8.4084,-8.3442,-3.5281,-7.033,-20.2614,-21.9949,-21.9949,5.9028,20.5534
20240913,2442,新美齊,TWSE,30.5,31.95,30.5,31.95,2000408.0,62920700.0,TWSE_RWD_JSON_MI_INDEX,data/daily_price/daily_price_20240913.csv,30.79,33.0525,33.2892,31.6621,32.7359,4.7541,-1.0836,-13.4146,2.4038,21.2524,3081160.6,0.6492,37.2,39.1,39.1,28.8,28.8,25.3,-3.3356,-4.0228,0.9093,-2.4007,-14.1129,-18.2864,-18.2864,10.9375,26.2846
20240916,2442,新美齊,TWSE,32.3,33.1,32.1,32.75,1905366.0,62027802.0,TWSE_RWD_JSON_MI_INDEX,data/daily_price/daily_price_20240916.csv,30.99,32.865,33.3158,31.7088,32.7371,2.5039,3.1496,-10.274,5.1364,20.6262,2599162.0,0.7331,37.2,39.1,39.1,28.8,28.8,25.3,-0.3499,-1.6984,3.2838,0.0395,-11.9624,-16.2404,-16.2404,13.7153,29.4466
20240918,2442,新美齊,TWSE,32.8,33.65,32.65,33.45,2392822.0,79353560.0,TWSE_RWD_JSON_MI_INDEX,data/daily_price/daily_price_20240918.csv,31.63,32.7625,33.3675,31.7592,32.7965,2.1374,10.5785,-5.7746,10.2142,22.0803,2540425.95,0.9419,35.5,39.1,39.1,28.8,28.8,25.3,2.0984,0.2472,5.3239,1.9926,-5.7746,-14.4501,-14.4501,16.1458,32.2134
20240919,2442,新美齊,TWSE,33.55,33.75,33.0,33.1,1514826.0,50369348.0,TWSE_RWD_JSON_MI_INDEX,data/daily_price/daily_price_20240919.csv,32.35,32.6575,33.4092,31.8117,32.8218,-1.0463,12.2034,-5.9659,8.1699,23.5075,2451923.15,0.6178,35.05,39.1,39.1,28.8,28.8,25.3,1.355,-0.9254,4.0499,0.8477,-5.5635,-15.3453,-15.3453,14.9306,30.83
20240920,2442,新美齊,TWSE,30.55,31.0,29.8,29.8,6559331.0,196860321.0,TWSE_RWD_JSON_MI_INDEX,data/daily_price/daily_price_20240920.csv,32.21,32.465,33.39,31.8279,32.57,-9.9698,-2.2951,-11.4413,-3.7157,7.0018,2471116.45,2.6544,35.05,39.1,39.1,28.8,28.8,25.3,-8.2088,-10.7517,-6.3715,-8.5047,-14.9786,-23.7852,-23.7852,3.4722,17.7866
20240923,2442,新美齊,TWSE,27.35,27.8,26.85,26.9,9675071.0,262088454.0,TWSE_RWD_JSON_MI_INDEX,data/daily_price/daily_price_20240923.csv,31.2,32.155,33.3183,31.8288,32.0975,-9.7315,-15.8059,-18.7311,-13.7821,0.3731,2745108.1,3.5245,35.05,39.1,39.1,26.85,26.85,25.3,-16.3427,-19.2637,-15.4852,-16.1928,-23.2525,-31.202,-31.202,0.1862,6.3241
20240924,2442,新美齊,TWSE,27.3,28.3,26.95,27.4,6134495.0,169666870.0,TWSE_RWD_JSON_MI_INDEX,data/daily_price/daily_price_20240924.csv,30.13,31.88,33.2642,31.8333,31.706,1.8587,-16.3359,-16.7173,-10.6036,2.0484,2953846.75,2.0768,35.05,39.1,39.1,26.85,26.85,25.3,-14.0527,-17.6291,-13.9267,-13.5811,-21.826,-29.9233,-29.9233,2.0484,8.3004
20240925,2442,新美齊,TWSE,27.7,28.25,27.3,27.45,3379706.0,93668920.0,TWSE_RWD_JSON_MI_INDEX,data/daily_price/daily_price_20240925.csv,28.93,31.575,33.2125,31.8362,31.3513,0.1825,-17.9372,-18.1818,-10.1473,1.2915,3044309.75,1.1102,35.05,39.1,39.1,26.85,26.85,25.3,-13.0641,-17.3504,-13.7775,-12.4439,-21.6833,-29.7954,-29.7954,2.2346,8.498
20240926,2442,新美齊,TWSE,27.75,28.0,27.25,27.4,1383116.0,38048092.0,TWSE_RWD_JSON_MI_INDEX,data/daily_price/daily_price_20240926.csv,27.79,31.24,33.1333,31.8375,31.0221,-0.1821,-17.2205,-19.6481,-14.7745,0.5505,2996995.7,0.4615,35.05,39.1,39.1,26.85,26.85,25.3,-12.2919,-17.3038,-13.938,-11.6758,-21.826,-29.9233,-29.9233,2.0484,8.3004
20240927,2442,新美齊,TWSE,27.5,27.85,27.3,27.8,1518292.0,41937205.0,TWSE_RWD_JSON_MI_INDEX,data/daily_price/daily_price_20240927.csv,27.39,30.9125,33.0717,31.8458,30.7536,1.4599,-6.7114,-19.0684,-11.746,3.7313,2989184.65,0.5079,35.05,39.1,39.1,26.85,26.85,25.3,-10.0687,-15.9401,-12.7044,-9.604,-20.6847,-28.9003,-28.9003,3.5382,9.8814
20240930,2442,新美齊,TWSE,27.8,27.9,27.35,27.45,1087783.0,30025351.0,TWSE_RWD_JSON_MI_INDEX,data/daily_price/daily_price_20240930.csv,27.5,30.56,33.0083,31.8504,30.4783,-1.259,2.0446,-20.4348,-12.16,2.0446,2905982.05,0.3743,34.3,39.1,39.1,26.85,26.85,25.3,-10.1767,-16.8392,-13.8159,-9.9358,-19.9708,-29.7954,-29.7954,2.2346,8.498
20241001,2442,新美齊,TWSE,27.6,27.6,27.2,27.45,754055.0,20614931.0,TWSE_RWD_JSON_MI_INDEX,data/daily_price/daily_price_20241001.csv,27.51,30.2675,32.9442,31.8558,30.2259,0.0,0.1825,-17.5676,-12.3003,2.4254,2854396.9,0.2642,33.75,39.1,39.1,26.85,26.85,25.3,-9.3087,-16.6772,-13.8305,-9.1839,-18.6667,-29.7954,-29.7954,2.2346,8.498
20241004,2442,新美齊,TWSE,27.5,27.5,26.25,26.5,2582688.0,68749708.0,TWSE_RWD_JSON_MI_INDEX,data/daily_price/daily_price_20241004.csv,27.32,29.95,32.8608,31.8496,29.9154,-3.4608,-3.4608,-19.3303,-15.873,-2.7523,2918211.2,0.885,33.75,39.1,39.1,26.25,26.25,25.3,-11.5192,-19.3569,-16.7964,-11.4169,-21.4815,-32.2251,-32.2251,0.9524,4.7431
20241007,2442,新美齊,TWSE,26.5,26.55,25.95,26.3,2022900.0,53069106.0,TWSE_RWD_JSON_MI_INDEX,data/daily_price/daily_price_20241007.csv,27.1,29.625,32.7775,31.8433,29.6141,-0.7547,-4.0146,-19.8171,-15.9744,-2.7726,2864370.45,0.7062,33.75,39.1,39.1,25.95,25.95,25.3,-11.2236,-19.762,-17.4081,-11.191,-22.0741,-32.7366,-32.7366,1.3487,3.9526
20241008,2442,新美齊,TWSE,26.3,26.3,25.5,25.6,2641733.0,67931345.0,TWSE_RWD_JSON_MI_INDEX,data/daily_price/daily_price_20241008.csv,26.66,29.28,32.6742,31.8304,29.2796,-2.6616,-7.9137,-21.2308,-19.4969,-5.709,2901140.9,0.9106,33.75,39.1,39.1,25.5,25.5,25.3,-12.5683,-21.6506,-19.5738,-12.5672,-24.1481,-34.5269,-34.5269,0.3922,1.1858
20241009,2442,新美齊,TWSE,25.4,25.45,24.35,24.65,6914360.0,170685585.0,TWSE_RWD_JSON_MI_INDEX,data/daily_price/daily_price_20241009.csv,26.1,28.8975,32.5183,31.8092,28.8938,-3.7109,-10.2004,-23.6842,-27.5,-9.375,3197045.6,2.1627,33.75,39.1,39.1,24.35,24.35,24.35,-14.6985,-24.1966,-22.5066,-14.6876,-26.963,-36.9565,-36.9565,1.232,1.232
20241011,2442,新美齊,TWSE,24.8,25.45,24.4,24.7,2960502.0,73248329.0,TWSE_RWD_JSON_MI_INDEX,data/daily_price/daily_price_20241011.csv,25.55,28.545,32.3658,31.7996,28.5443,0.2028,-10.0182,-22.2047,-27.031,-4.4487,3274379.3,0.9041,33.75,39.1,39.1,24.35,24.35,24.35,-13.47,-23.685,-22.326,-13.4679,-26.8148,-36.8286,-36.8286,1.4374,1.4374
20241014,2442,新美齊,TWSE,24.5,24.5,24.1,24.2,1613450.0,39186262.0,TWSE_RWD_JSON_MI_INDEX,data/daily_price/daily_price_20241014.csv,25.09,28.2425,32.2292,31.7796,28.1823,-2.0243,-8.6792,-20.0,-25.3086,-9.0226,3187384.35,0.5062,33.75,39.1,39.1,24.1,24.1,24.1,-14.3135,-24.9127,-23.8505,-14.1305,-28.2963,-38.1074,-38.1074,0.4149,0.4149
20241015,2442,新美齊,TWSE,24.25,24.45,23.7,23.75,1923637.0,46130691.0,TWSE_RWD_JSON_MI_INDEX,data/daily_price/daily_price_20241015.csv,24.58,27.955,32.0683,31.74,27.8129,-1.8595,-9.6958,-19.4915,-28.8922,-16.6667,3046193.65,0.6315,33.75,39.1,39.1,23.7,23.7,23.7,-15.042,-25.9394,-25.1733,-14.6081,-29.6296,-39.2583,-39.2583,0.211,0.211
20241016,2442,新美齊,TWSE,23.7,24.0,23.45,23.75,1944764.0,45992616.0,TWSE_RWD_JSON_MI_INDEX,data/daily_price/daily_price_20241016.csv,24.21,27.6175,31.8892,31.7096,27.4744,0.0,-7.2266,-22.1311,-31.1594,-13.3212,3045465.25,0.6386,33.75,39.1,39.1,23.45,23.45,23.45,-14.0038,-25.5233,-25.1015,-13.5558,-29.6296,-39.2583,-39.2583,1.2793,1.2793
20241017,2442,新美齊,TWSE,23.8,24.2,23.75,23.8,1467198.0,35149295.0,TWSE_RWD_JSON_MI_INDEX,data/daily_price/daily_price_20241017.csv,24.04,27.21,31.7117,31.6788,27.1682,0.2105,-3.4483,-25.5086,-30.9144,-13.4545,3018804.75,0.486,33.75,39.1,39.1,23.45,23.45,23.45,-12.5322,-24.9488,-24.8708,-12.3975,-29.4815,-39.1304,-39.1304,1.4925,1.4925
20241018,2442,新美齊,TWSE,23.75,23.9,23.35,23.4,1356052.0,31913199.0,TWSE_RWD_JSON_MI_INDEX,data/daily_price/daily_price_20241018.csv,23.78,26.7425,31.5325,31.6308,26.8542,-1.6807,-5.2632,-28.5496,-31.4788,-19.7256,2991339.05,0.4533,33.75,39.1,39.1,23.35,23.35,23.35,-12.4988,-25.7909,-26.0216,-12.8627,-30.6667,-40.1535,-40.1535,0.2141,0.2141
20241021,2442,新美齊,TWSE,23.55,23.6,23.1,23.45,1316957.0,30701806.0,TWSE_RWD_JSON_MI_INDEX,data/daily_price/daily_price_20241021.csv,23.63,26.2425,31.3767,31.5796,26.5705,0.2137,-3.0992,-29.8954,-28.5061,-20.777,2937545.8,0.4483,33.75,39.1,39.1,23.1,23.1,23.1,-10.6411,-25.2629,-25.7432,-11.7442,-30.5185,-40.0256,-40.0256,1.5152,1.5152
20241022,2442,新美齊,TWSE,23.4,23.4,22.95,23.1,1895218.0,43701018.0,TWSE_RWD_JSON_MI_INDEX,data/daily_price/daily_price_20241022.csv,23.5,25.7425,31.22,31.5233,26.2813,-1.4925,-2.7368,-30.2115,-28.9231,-22.6131,2956565.4,0.641,31.0,39.1,39.1,22.95,22.95,22.95,-10.2651,-26.009,-26.7209,-12.1047,-25.4839,-40.9207,-40.9207,0.6536,0.6536
20241023,2442,新美齊,TWSE,23.55,24.1,23.15,23.25,2245555.0,52799604.0,TWSE_RWD_JSON_MI_INDEX,data/daily_price/daily_price_20241023.csv,23.4,25.415,31.0508,31.4571,26.0287,0.6494,-2.1053,-21.9799,-30.3892,-25.4808,2740876.6,0.8193,28.3,39.1,39.1,22.95,22.95,22.95,-8.5186,-25.1228,-26.0898,-10.6754,-17.8445,-40.5371,-40.5371,1.3072,1.3072
20241024,2442,新美齊,TWSE,23.25,23.25,22.25,23.2,4014164.0,91844110.0,TWSE_RWD_JSON_MI_INDEX,data/daily_price/daily_price_20241024.csv,23.28,25.23,30.8725,31.3775,25.7929,-0.2151,-2.521,-13.7546,-31.5634,-29.1603,2457831.25,1.6332,28.3,39.1,39.1,22.25,22.25,22.25,-8.046,-24.8522,-26.0617,-10.0529,-18.0212,-40.665,-40.665,4.2697,4.2697
20241025,2442,新美齊,TWSE,23.0,23.5,22.8,23.3,1580517.0,36538736.0,TWSE_RWD_JSON_MI_INDEX,data/daily_price/daily_price_20241025.csv,23.26,25.025,30.64,31.3113,25.5852,0.431,-0.4274,-14.9635,-37.4497,-25.44,2230132.35,0.7087,28.25,39.1,39.1,22.25,22.25,22.25,-6.8931,-23.9556,-25.5859,-8.9317,-17.5221,-40.4092,-40.4092,4.7191,4.7191
20241028,2442,新美齊,TWSE,23.3,24.15,23.15,23.65,1598607.0,37908236.0,TWSE_RWD_JSON_MI_INDEX,data/daily_price/daily_price_20241028.csv,23.3,24.835,30.4317,31.2396,25.4239,1.5021,0.8529,-13.8434,-34.5781,-26.6667,2141077.4,0.7466,28.0,39.1,39.1,22.25,22.25,22.25,-4.7715,-22.2849,-24.2948,-6.9774,-15.5357,-39.5141,-39.5141,6.2921,6.2921
20241029,2442,新美齊,TWSE,23.7,23.7,23.1,23.25,942128.0,21921226.0,TWSE_RWD_JSON_MI_INDEX,data/daily_price/daily_price_20241029.csv,23.33,24.6275,30.2133,31.1642,25.2428,-1.6913,0.6494,-15.146,-36.0385,-28.0186,2119028.0,0.4446,27.9,39.1,39.1,22.25,22.25,22.25,-5.5933,-23.0472,-25.3951,-7.8944,-16.6667,-40.5371,-40.5371,4.4944,4.4944
20241030,2442,新美齊,TWSE,23.4,23.45,23.15,23.3,512380.0,11939000.0,TWSE_RWD_JSON_MI_INDEX,data/daily_price/daily_price_20241030.csv,23.34,24.4025,29.9617,31.0925,25.0809,0.2151,0.2151,-16.1871,-39.3229,-26.9592,2068732.4,0.2477,27.9,39.1,39.1,22.25,22.25,22.25,-4.518,-22.234,-25.0623,-7.1005,-16.4875,-40.4092,-40.4092,4.7191,4.7191
20241101,2442,新美齊,TWSE,23.3,24.35,22.9,24.35,1309604.0,31160044.0,TWSE_RWD_JSON_MI_INDEX,data/daily_price/daily_price_20241101.csv,23.57,24.2475,29.745,31.0467,25.02,4.5064,4.9569,-11.2933,-34.8059,-18.4255,2079823.45,0.6297,27.6,38.25,39.1,22.25,22.25,22.25,0.4227,-18.1375,-21.5697,-2.6777,-11.7754,-36.3399,-37.7238,9.4382,9.4382
20241104,2442,新美齊,TWSE,24.4,24.4,23.5,23.65,1115195.0,26538303.0,TWSE_RWD_JSON_MI_INDEX,data/daily_price/daily_price_20241104.csv,23.64,24.0575,29.5775,31.0038,24.9058,-2.8747,1.5021,-13.8434,-29.822,-17.8819,2097880.45,0.5316,27.5,38.25,39.1,22.25,22.25,22.25,-1.6939,-20.0406,-23.7189,-5.0422,-14.0,-38.1699,-39.5141,6.2921,6.2921
20241105,2442,新美齊,TWSE,23.65,23.9,23.65,23.85,547506.0,13030350.0,TWSE_RWD_JSON_MI_INDEX,data/daily_price/daily_price_20241105.csv,23.68,23.925,29.4442,30.9675,24.8178,0.8457,0.8457,-10.0,-25.1177,-15.4255,1996121.35,0.2743,26.55,38.25,39.1,22.25,22.25,22.25,-0.3135,-18.9992,-22.9838,-3.8997,-10.1695,-37.6471,-39.0026,7.191,7.191
20241106,2442,新美齊,TWSE,24.0,24.0,23.5,23.7,848497.0,20060752.0,TWSE_RWD_JSON_MI_INDEX,data/daily_price/daily_price_20241106.csv,23.77,23.795,29.27,30.9325,24.7247,-0.6289,1.9355,-9.8859,-30.6003,-15.0538,1937401.2,0.438,26.3,38.25,39.1,22.25,22.25,22.25,-0.3992,-19.0297,-23.3816,-4.1443,-9.8859,-38.0392,-39.3862,6.5169,6.5169
20241107,2442,新美齊,TWSE,23.55,24.35,23.55,24.3,877277.0,21162856.0,TWSE_RWD_JSON_MI_INDEX,data/daily_price/daily_price_20241107.csv,23.97,23.73,29.105,30.8962,24.6893,2.5316,4.2918,-5.0781,-28.9474,-15.1832,1849178.4,0.4744,25.45,38.25,39.1,22.25,22.25,22.25,2.402,-16.5092,-21.3497,-1.5767,-4.5187,-36.4706,-37.8517,9.2135,9.2135
20241108,2442,新美齊,TWSE,24.45,24.7,23.85,24.05,1006976.0,24405123.0,TWSE_RWD_JSON_MI_INDEX,data/daily_price/daily_price_20241108.csv,23.91,23.7,28.9342,30.86,24.636,-1.0288,-1.232,-2.4341,-29.8834,-15.3169,1553809.2,0.6481,25.45,38.25,39.1,22.25,22.25,22.25,1.4768,-16.8803,-22.0674,-2.3787,-5.501,-37.1242,-38.491,8.0899,8.0899
20241111,2442,新美齊,TWSE,24.3,24.4,23.9,24.3,682069.0,16477450.0,TWSE_RWD_JSON_MI_INDEX,data/daily_price/daily_price_20241111.csv,24.04,23.68,28.7642,30.8192,24.608,1.0395,2.7484,-1.6194,-29.5652,-16.7808,1439887.55,0.4737,24.7,38.25,39.1,22.25,22.25,22.25,2.6182,-15.5199,-21.153,-1.2516,-1.6194,-36.4706,-37.8517,9.2135,9.2135
20241112,2442,新美齊,TWSE,24.15,24.9,24.0,24.75,1286423.0,31676361.0,TWSE_RWD_JSON_MI_INDEX,data/daily_price/daily_price_20241112.csv,24.22,23.7075,28.6017,30.7788,24.6198,1.8519,3.7736,2.2727,-28.2609,-16.3851,1423536.2,0.9037,24.9,38.25,39.1,22.25,22.25,22.25,4.3973,-13.4666,-19.5874,0.5287,-0.6024,-35.2941,-36.7008,11.236,11.236
20241113,2442,新美齊,TWSE,24.6,24.8,24.05,24.75,1030383.0,25169102.0,TWSE_RWD_JSON_MI_INDEX,data/daily_price/daily_price_20241113.csv,24.43,23.7575,28.4325,30.7138,24.6307,0.0,4.4304,4.2105,-29.0831,-23.9631,1378873.5,0.7473,24.9,38.25,39.1,22.25,22.25,22.25,4.1776,-12.9517,-19.4172,0.4844,-0.6024,-35.2941,-36.7008,11.236,11.236
20241114,2442,新美齊,TWSE,24.8,24.8,24.15,24.2,855952.0,20923301.0,TWSE_RWD_JSON_MI_INDEX,data/daily_price/daily_price_20241114.csv,24.41,23.78,28.2325,30.6304,24.5948,-2.2222,-0.4115,1.8947,-33.1492,-29.2398,1324432.9,0.6463,24.9,38.25,39.1,22.25,22.25,22.25,1.7662,-14.2832,-20.9936,-1.6052,-2.8112,-36.732,-38.1074,8.764,8.764
20241115,2442,新美齊,TWSE,24.2,25.35,24.2,24.9,1924109.0,48005752.0,TWSE_RWD_JSON_MI_INDEX,data/daily_price/daily_price_20241115.csv,24.58,23.835,28.0325,30.5721,24.6202,2.8926,3.5343,4.6218,-32.5203,-21.9436,1347278.45,1.4281,25.35,37.2,39.1,22.25,22.25,22.25,4.4682,-11.1745,-18.5531,1.1363,-1.7751,-33.0645,-36.3171,11.9101,11.9101
20241118,2442,新美齊,TWSE,25.0,25.0,24.35,24.55,857358.0,21073587.0,TWSE_RWD_JSON_MI_INDEX,data/daily_price/daily_price_20241118.csv,24.63,23.8925,27.8333,30.5054,24.6144,-1.4056,1.0288,4.9145,-32.7397,-24.5776,1322343.75,0.6484,25.35,37.2,39.1,22.25,22.25,22.25,2.7519,-11.7964,-19.5225,-0.2615,-3.1558,-34.0054,-37.2123,10.3371,10.3371
20241119,2442,新美齊,TWSE,24.5,24.8,24.5,24.65,557550.0,13741703.0,TWSE_RWD_CSV_MI_INDEX,data/daily_price/daily_price_20241119.csv,24.61,23.9525,27.6525,30.4512,24.6173,0.4073,-0.404,5.1173,-30.5634,-20.8668,1284373.4,0.4341,25.35,35.5,39.1,22.25,22.25,22.25,2.912,-10.858,-19.0509,0.1327,-2.7613,-30.5634,-36.9565,10.7865,10.7865
20241120,2442,新美齊,TWSE,24.7,24.9,24.55,24.8,475668.0,11771942.0,TWSE_RWD_JSON_MI_INDEX,data/daily_price/daily_price_20241120.csv,24.62,24.0375,27.4792,30.3929,24.6326,0.6085,0.202,7.3593,-29.5455,-22.0126,1213395.9,0.392,25.35,35.05,39.1,22.25,22.25,22.25,3.1721,-9.7498,-18.402,0.6797,-2.1696,-29.2439,-36.5729,11.4607,11.4607
20241121,2442,新美齊,TWSE,24.85,26.15,24.85,25.85,3279453.0,83885580.0,TWSE_RWD_JSON_MI_INDEX,data/daily_price/daily_price_20241121.csv,24.95,24.1675,27.3492,30.3379,24.734,4.2339,6.8182,11.1828,-23.1798,-20.339,1265090.8,2.5923,26.15,35.05,39.1,22.25,22.25,22.25,6.9618,-5.4816,-14.7931,4.5119,-1.1472,-26.2482,-33.8875,16.1798,16.1798
20241122,2442,新美齊,TWSE,25.85,26.8,25.6,26.55,3379692.0,89238212.0,TWSE_RWD_JSON_MI_INDEX,data/daily_price/daily_price_20241122.csv,25.28,24.335,27.24,30.2808,24.8854,2.7079,6.6265,14.4397,-19.7885,-20.509,1233367.2,2.7402,26.8,35.05,39.1,22.8,22.25,22.25,9.1021,-2.533,-12.3208,6.6893,-0.9328,-24.2511,-32.0972,19.3258,19.3258
20241125,2442,新美齊,TWSE,26.55,27.4,26.35,27.3,3897325.0,105130452.0,TWSE_RWD_JSON_MI_INDEX,data/daily_price/daily_price_20241125.csv,25.83,24.535,27.1467,30.2262,25.0866,2.8249,11.2016,17.1674,-17.0213,-19.3501,1349207.6,2.8886,27.4,35.05,39.1,22.9,22.25,22.25,11.2696,0.5648,-9.6812,8.8232,-0.365,-22.1113,-30.179,22.6966,22.6966
20241126,2442,新美齊,TWSE,27.05,27.65,26.7,27.05,2344560.0,63691522.0,TWSE_RWD_JSON_MI_INDEX,data/daily_price/daily_price_20241126.csv,26.31,24.705,27.0383,30.1783,25.2502,-0.9158,9.7363,14.3763,-19.3741,-17.5305,1386505.25,1.691,27.65,35.05,39.1,22.9,22.25,22.25,9.492,0.0431,-10.3662,7.1279,-2.17,-22.8245,-30.8184,21.573,21.573
20241127,2442,新美齊,TWSE,27.0,27.0,25.55,25.65,2656047.0,69344651.0,TWSE_RWD_JSON_MI_INDEX,data/daily_price/daily_price_20241127.csv,26.48,24.825,26.8975,30.1171,25.2835,-5.1756,3.4274,10.3226,-24.7801,-22.2727,1472201.2,1.8041,27.65,35.05,39.1,22.9,22.25,22.25,3.3233,-4.638,-14.8324,1.4495,-7.2333,-26.8188,-34.399,15.2809,15.2809
20241128,2442,新美齊,TWSE,25.9,26.45,25.2,25.4,1190622.0,30446531.0,TWSE_RWD_JSON_MI_INDEX,data/daily_price/daily_price_20241128.csv,26.39,24.93,26.7483,30.045,25.2932,-0.9747,-1.7408,9.0129,-26.0553,-25.4038,1506113.3,0.7905,27.65,35.05,39.1,22.9,22.25,22.25,1.8853,-5.0408,-15.4601,0.4222,-8.1374,-27.5321,-35.0384,14.1573,14.1573
20241129,2442,新美齊,TWSE,25.3,25.7,25.2,25.65,1281293.0,32548794.0,TWSE_RWD_JSON_MI_INDEX,data/daily_price/daily_price_20241129.csv,26.21,24.995,26.6008,29.9733,25.3229,0.9843,-3.3898,5.3388,-25.6522,-25.1095,1504697.75,0.8515,27.65,34.3,39.1,23.5,22.25,22.25,2.6205,-3.5744,-14.4239,1.2915,-7.2333,-25.2187,-34.399,15.2809,15.2809
20241202,2442,新美齊,TWSE,25.65,26.25,25.55,26.2,1546243.0,40071756.0,TWSE_RWD_JSON_MI_INDEX,data/daily_price/daily_price_20241202.csv,25.99,25.1225,26.4825,29.9129,25.396,2.1442,-4.0293,10.7822,-21.3213,-21.6741,1526250.15,1.0131,27.65,33.75,39.1,23.5,22.25,22.25,4.289,-1.0667,-12.4124,3.1657,-5.2441,-22.3704,-32.9923,17.7528,17.7528
20241203,2442,新美齊,TWSE,26.2,26.3,25.6,26.2,1522892.0,39572985.0,TWSE_RWD_JSON_MI_INDEX,data/daily_price/daily_price_20241203.csv,25.82,25.24,26.3717,29.8546,25.463,0.0,-3.1423,9.8532,-20.2435,-21.0843,1575019.45,0.9669,27.65,33.75,39.1,23.5,22.25,22.25,3.8035,-0.651,-12.2413,2.8943,-5.2441,-22.3704,-32.9923,17.7528,17.7528
20241204,2442,新美齊,TWSE,26.2,26.25,25.6,25.9,2103528.0,54462469.0,TWSE_RWD_JSON_MI_INDEX,data/daily_price/daily_price_20241204.csv,25.87,25.35,26.2567,29.7883,25.4994,-1.145,0.9747,9.2827,-21.0366,-23.486,1637771.0,1.2844,27.65,33.75,39.1,23.55,22.25,22.25,2.1696,-1.3584,-13.0532,1.5708,-6.3291,-23.2593,-33.7596,16.4045,16.4045
20241205,2442,新美齊,TWSE,26.0,26.0,25.45,25.7,1688647.0,43281066.0,TWSE_RWD_JSON_MI_INDEX,data/daily_price/daily_price_20241205.csv,25.93,25.42,26.1433,29.7354,25.5162,-0.7722,1.1811,5.7613,-20.9231,-19.8128,1678339.5,1.0061,27.65,33.75,39.1,23.85,22.25,22.25,1.1015,-1.6958,-13.5711,0.7205,-7.0524,-23.8519,-34.2711,15.5056,15.5056
20241206,2442,新美齊,TWSE,25.8,26.65,25.7,26.55,2403675.0,63101229.0,TWSE_RWD_JSON_MI_INDEX,data/daily_price/daily_price_20241206.csv,26.11,25.545,26.0475,29.6967,25.6023,3.3074,3.5088,10.395,-17.8019,-14.9038,1748174.45,1.375,27.65,33.75,39.1,23.9,22.25,22.25,3.9342,1.9292,-10.596,3.7016,-3.9783,-21.3333,-32.0972,19.3258,19.3258
20241209,2442,新美齊,TWSE,26.5,26.5,25.8,25.8,1337288.0,34947126.0,TWSE_RWD_JSON_MI_INDEX,data/daily_price/daily_price_20241209.csv,26.03,25.62,25.9483,29.6467,25.6188,-2.8249,-1.5267,6.1728,-18.7402,-18.8679,1780935.4,0.7509,27.65,33.75,39.1,24.0,22.25,22.25,0.7026,-0.5716,-12.975,0.7073,-6.6908,-23.5556,-34.0153,15.9551,15.9551
20241210,2442,新美齊,TWSE,25.9,26.1,25.55,25.55,820555.0,21123256.0,TWSE_RWD_JSON_MI_INDEX,data/daily_price/daily_price_20241210.csv,25.9,25.66,25.87,29.5904,25.6131,-0.969,-2.4809,3.2323,-15.5372,-20.8978,1757642.0,0.4668,27.65,33.75,39.1,24.05,22.25,22.25,-0.4287,-1.237,-13.6545,-0.2462,-7.5949,-24.2963,-34.6547,14.8315,14.8315
20241211,2442,新美齊,TWSE,25.6,25.6,25.05,25.1,680519.0,17230797.0,TWSE_RWD_JSON_MI_INDEX,data/daily_price/daily_price_20241211.csv,25.74,25.6775,25.7967,29.5408,25.5703,-1.7613,-3.0888,1.4141,-14.9153,-19.1626,1740148.8,0.3911,27.65,33.75,39.1,24.15,22.25,22.25,-2.2491,-2.7006,-15.0329,-1.8392,-9.2224,-25.6296,-35.8056,12.809,12.809
20241212,2442,新美齊,TWSE,25.2,25.8,25.2,25.45,1021127.0,26066339.0,TWSE_RWD_JSON_MI_INDEX,data/daily_price/daily_price_20241212.csv,25.69,25.74,25.7125,29.4946,25.5603,1.3944,-0.9728,5.1653,-16.5574,-17.9032,1748407.55,0.584,27.65,33.75,39.1,24.2,22.25,22.25,-1.1267,-1.0209,-13.713,-0.4314,-7.9566,-24.5926,-34.9105,14.382,14.382
20241213,2442,新美齊,TWSE,25.45,25.45,24.4,24.4,1389997.0,34510009.0,TWSE_RWD_JSON_MI_INDEX,data/daily_price/daily_price_20241213.csv,25.26,25.715,25.5867,29.4379,25.4636,-4.1257,-8.0979,-2.008,-23.6307,-21.7949,1721701.95,0.8073,27.65,33.75,39.1,24.35,22.25,22.25,-5.1137,-4.6378,-17.1137,-4.1769,-11.7541,-27.7037,-37.5959,9.6629,9.6629
20241216,2442,新美齊,TWSE,24.4,25.1,24.05,24.35,946493.0,23287378.0,TWSE_RWD_JSON_MI_INDEX,data/daily_price/daily_price_20241216.csv,24.97,25.705,25.4467,29.3812,25.3708,-0.2049,-5.6202,-0.8147,-25.6489,-21.8299,1726158.7,0.5483,27.65,33.75,39.1,24.05,22.25,22.25,-5.2713,-4.3097,-17.124,-4.0235,-11.9349,-27.8519,-37.7238,9.4382,9.4382
20241217,2442,新美齊,TWSE,24.35,24.6,24.2,24.3,488616.0,11924710.0,TWSE_RWD_JSON_MI_INDEX,data/daily_price/daily_price_20241217.csv,24.72,25.6875,25.2942,29.3308,25.2816,-0.2053,-4.8924,-1.4199,-27.3543,-19.9341,1722712.0,0.2836,27.65,33.75,39.1,24.05,22.25,22.25,-5.4015,-3.9304,-17.152,-3.8825,-12.1157,-28.0,-37.8517,9.2135,9.2135
20241218,2442,新美齊,TWSE,24.4,24.8,24.15,24.8,407608.0,10002480.0,TWSE_RWD_JSON_MI_INDEX,data/daily_price/daily_price_20241218.csv,24.66,25.6875,25.1558,29.2825,25.2414,2.0576,-1.1952,0.0,-25.0755,-18.9542,1719309.0,0.2371,27.65,31.0,39.1,24.05,22.25,22.25,-3.455,-1.4145,-15.3078,-1.7488,-10.3074,-20.0,-36.5729,11.4607,11.4607
20241219,2442,新美齊,TWSE,24.75,24.9,24.25,24.8,544233.0,13392757.0,TWSE_RWD_JSON_MI_INDEX,data/daily_price/daily_price_20241219.csv,24.53,25.635,25.0725,29.2312,25.2046,0.0,-2.554,-4.0619,-16.7785,-19.8708,1582548.0,0.3439,27.65,28.3,39.1,24.05,22.25,22.25,-3.2573,-1.0868,-15.1593,-1.6054,-10.3074,-12.3675,-36.5729,11.4607,11.4607
20241220,2442,新美齊,TWSE,25.1,25.65,24.0,24.05,1289126.0,31794105.0,TWSE_RWD_JSON_MI_INDEX,data/daily_price/daily_price_20241220.csv,24.46,25.51,25.025,29.1717,25.1084,-3.0242,-1.4344,-9.4162,-10.5948,-22.9167,1478019.7,0.8722,27.65,28.3,39.1,24.0,22.25,22.25,-5.7232,-3.8961,-17.557,-4.2154,-13.0199,-15.0177,-38.491,8.0899,8.0899
20241223,2442,新美齊,TWSE,24.45,24.85,24.25,24.75,771220.0,18978865.0,TWSE_RWD_JSON_MI_INDEX,data/daily_price/daily_price_20241223.csv,24.54,25.3825,24.9808,29.1225,25.0786,2.9106,1.6427,-9.3407,-9.6715,-19.2496,1321714.45,0.5835,27.65,28.25,39.1,24.0,22.25,22.25,-2.4919,-0.924,-15.0142,-1.3101,-10.4882,-12.3894,-36.7008,11.236,11.236
20241224,2442,新美齊,TWSE,24.9,25.25,24.65,24.65,660362.0,16468507.0,TWSE_RWD_JSON_MI_INDEX,data/daily_price/daily_price_20241224.csv,24.61,25.2625,24.9342,29.0733,25.0428,-0.404,1.4403,-8.8725,-10.2004,-19.3126,1237504.55,0.5336,27.0,28.0,39.1,24.0,22.25,22.25,-2.4245,-1.1397,-15.2144,-1.5687,-8.7037,-11.9643,-36.9565,10.7865,10.7865
20241225,2442,新美齊,TWSE,24.75,26.0,24.7,25.9,1821000.0,46506034.0,TWSE_RWD_JSON_MI_INDEX,data/daily_price/daily_price_20241225.csv,24.83,25.275,24.9092,29.0212,25.1143,5.071,4.4355,0.9747,-5.4745,-19.4401,1195752.2,1.5229,26.65,27.9,39.1,24.0,22.25,22.25,2.4728,3.9778,-10.7551,3.1286,-2.8143,-7.1685,-33.7596,16.4045,16.4045
20241226,2442,新美齊,TWSE,25.9,26.1,25.8,25.8,517287.0,13412281.0,TWSE_RWD_JSON_MI_INDEX,data/daily_price/daily_price_20241226.csv,25.03,25.295,24.8758,28.9738,25.1714,-0.3861,4.0323,1.5748,-7.1942,-18.0952,1162085.45,0.4451,26.65,27.9,39.1,24.0,22.25,22.25,1.9964,3.7151,-10.9539,2.4972,-3.1895,-7.5269,-34.0153,15.9551,15.9551
20241227,2442,新美齊,TWSE,25.8,26.25,25.1,25.15,583742.0,14876839.0,TWSE_RWD_JSON_MI_INDEX,data/daily_price/daily_price_20241227.csv,25.25,25.27,24.8375,28.9229,25.1696,-2.5194,4.5738,-1.9493,-8.3789,-19.52,1127207.9,0.5179,26.65,27.65,39.1,24.0,22.25,22.25,-0.4749,1.2582,-13.0447,-0.078,-5.6285,-9.0416,-35.6777,13.0337,13.0337
20241230,2442,新美齊,TWSE,25.3,25.85,25.25,25.65,756840.0,19431614.0,TWSE_RWD_JSON_MI_INDEX,data/daily_price/daily_price_20241230.csv,25.43,25.2425,24.8075,28.8758,25.2097,1.9881,3.6364,-2.0992,-6.5574,-18.0511,1087737.75,0.6958,26.65,27.65,39.1,24.0,22.25,22.25,1.6143,3.3962,-11.1714,1.7467,-3.7523,-7.2333,-34.399,15.2809,15.2809
20241231,2442,新美齊,TWSE,25.6,25.65,25.2,25.2,549320.0,13942352.0,TWSE_RWD_JSON_MI_INDEX,data/daily_price/daily_price_20241231.csv,25.54,25.1925,24.7858,28.8233,25.2089,-1.7544,2.2312,-3.8168,-4.9057,-20.0,1039059.15,0.5287,26.65,27.65,39.1,24.0,22.25,22.25,0.0298,1.671,-12.5708,-0.0351,-5.4409,-8.8608,-35.5499,13.2584,13.2584
20250102,2442,新美齊,TWSE,25.2,25.65,25.1,25.2,581920.0,14750566.0,TWSE_RWD_JSON_MI_INDEX,data/daily_price/daily_price_20250102.csv,25.4,25.1575,24.7675,28.7725,25.2081,0.0,-2.7027,-2.7027,-4.1825,-19.4888,962978.75,0.6043,26.65,27.65,39.1,24.0,22.25,22.25,0.1689,1.7462,-12.4164,-0.0322,-5.4409,-8.8608,-35.5499,13.2584,13.2584
20250103,2442,新美齊,TWSE,25.35,25.55,24.65,24.8,838389.0,20905835.0,TWSE_RWD_JSON_MI_INDEX,data/daily_price/daily_price_20250103.csv,25.2,25.1125,24.7542,28.7142,25.1741,-1.5873,-3.876,-3.5019,-3.125,-22.0126,920465.85,0.9108,26.65,27.65,39.1,24.0,22.25,22.25,-1.2444,0.1852,-13.6315,-1.4861,-6.9418,-10.3074,-36.5729,11.4607,11.4607
20250106,2442,新美齊,TWSE,24.9,25.1,24.65,25.0,468716.0,11672117.0,TWSE_RWD_CSV_MI_INDEX,data/daily_price/daily_price_20250106.csv,25.17,25.035,24.76,28.6392,25.1596,0.8065,-0.5964,-5.838,1.4199,-26.4706,823717.9,0.569,26.5,27.65,39.1,24.0,22.25,22.25,-0.1398,0.9693,-12.707,-0.6343,-5.6604,-9.5841,-36.0614,12.3596,12.3596
20250107,2442,新美齊,TWSE,25.15,25.25,24.8,24.85,404478.0,10098936.0,TWSE_RWD_JSON_MI_INDEX,data/daily_price/daily_price_20250107.csv,25.01,24.9875,24.7625,28.5642,25.1338,-0.6,-3.1189,-3.6822,0.6073,-26.5879,777077.4,0.5205,26.25,27.65,39.1,24.0,22.25,22.25,-0.5503,0.3534,-13.0029,-1.1291,-5.3333,-10.1266,-36.445,11.6854,11.6854
20250108,2442,新美齊,TWSE,24.8,25.3,24.6,25.3,583055.0,14544127.0,TWSE_RWD_JSON_MI_INDEX,data/daily_price/daily_price_20250108.csv,25.03,24.975,24.7808,28.505,25.1476,1.8109,0.3968,-0.9785,4.5455,-21.9136,765202.4,0.762,26.25,27.65,39.1,24.0,22.25,22.25,1.3013,2.095,-11.2436,0.6058,-3.619,-8.4991,-35.2941,13.7079,13.7079
20250109,2442,新美齊,TWSE,25.4,25.65,24.75,25.0,738769.0,18644451.0,TWSE_RWD_JSON_MI_INDEX,data/daily_price/daily_price_20250109.csv,24.99,24.97,24.8017,28.435,25.1353,-1.1858,-0.7937,-0.3984,5.2632,-25.1497,768114.9,0.9618,26.25,27.65,39.1,24.0,22.25,22.25,0.1201,0.7997,-12.0802,-0.5385,-4.7619,-9.5841,-36.0614,12.3596,12.3596
20250110,2442,新美齊,TWSE,25.05,25.55,24.15,24.25,2872506.0,70707535.0,TWSE_RWD_JSON_MI_INDEX,data/daily_price/daily_price_20250110.csv,24.88,24.91,24.81,28.3496,25.0616,-3.0,-2.2177,-4.7151,2.1053,-29.7101,860683.85,3.3375,26.25,27.65,39.1,24.0,22.25,22.25,-2.6495,-2.2572,-14.4608,-3.2383,-7.619,-12.2966,-37.9795,8.9888,8.9888
20250113,2442,新美齊,TWSE,24.1,24.1,22.8,23.4,1633332.0,38121395.0,TWSE_RWD_JSON_MI_INDEX,data/daily_price/daily_price_20250113.csv,24.56,24.86,24.8033,28.2575,24.9231,-3.5052,-6.4,-4.0984,-1.6807,-32.0755,872850.6,1.8713,26.25,27.65,39.1,22.8,22.25,22.25,-5.8729,-5.6578,-17.1901,-6.1112,-10.8571,-15.3707,-40.1535,5.1685,5.1685
20250114,2442,新美齊,TWSE,23.5,23.65,23.35,23.6,492969.0,11581218.0,TWSE_RWD_JSON_MI_INDEX,data/daily_price/daily_price_20250114.csv,24.31,24.8225,24.8067,28.1696,24.8128,0.8547,-5.0302,-3.0801,0.8547,-30.8931,850174.4,0.5798,26.25,27.65,39.1,22.8,22.25,22.25,-4.925,-4.8643,-16.2217,-4.888,-10.0952,-14.6474,-39.6419,6.0674,6.0674
20250115,2442,新美齊,TWSE,23.65,24.15,23.6,23.65,690039.0,16468401.0,TWSE_RWD_JSON_MI_INDEX,data/daily_price/daily_price_20250115.csv,23.98,24.79,24.81,28.0933,24.7159,0.2119,-6.5217,-2.6749,0.8529,-27.8963,860245.55,0.8021,26.25,27.65,39.1,22.8,22.25,22.25,-4.5986,-4.6755,-15.8163,-4.3128,-9.9048,-14.4665,-39.5141,6.2921,6.2921
20250116,2442,新美齊,TWSE,23.75,24.2,23.75,24.15,590858.0,14192582.0,TWSE_RWD_JSON_MI_INDEX,data/daily_price/daily_price_20250116.csv,23.81,24.7575,24.8275,28.0238,24.6688,2.1142,-3.4,-2.621,4.5455,-25.6923,869408.05,0.6796,26.25,27.65,39.1,22.8,22.25,22.25,-2.4538,-2.7288,-13.8231,-2.103,-8.0,-12.6582,-38.2353,8.5393,8.5393
20250117,2442,新美齊,TWSE,25.5,25.75,25.4,25.7,253093.0,6474731.0,TWSE_RWD_JSON_MI_INDEX,data/daily_price/daily_price_20250117.csv,24.1,24.8025,24.8683,27.9596,24.7547,6.4182,5.9794,3.629,10.5376,-23.0539,854851.05,0.2961,26.25,27.65,39.1,22.8,22.25,22.25,3.6186,3.3443,-8.0816,3.8186,-2.0952,-7.0524,-34.2711,15.5056,15.5056
20250120,2442,新美齊,TWSE,24.8,24.85,24.45,24.6,333181.0,8206365.0,TWSE_RWD_JSON_MI_INDEX,data/daily_price/daily_price_20250120.csv,24.34,24.83,24.8917,27.8821,24.7418,-4.2802,5.1282,2.2869,6.0345,-27.4336,807053.8,0.4128,26.25,27.65,39.1,22.8,22.8,22.25,-0.9263,-1.1717,-11.7713,-0.5732,-6.2857,-11.0307,-37.0844,7.8947,10.5618
20250121,2442,新美齊,TWSE,24.6,25.25,24.6,24.9,493981.0,12345446.0,TWSE_RWD_JSON_MI_INDEX,data/daily_price/daily_price_20250121.csv,24.6,24.8375,24.9183,27.7792,24.755,1.2195,5.5085,0.6061,6.867,-33.1544,793191.85,0.6228,26.25,27.65,39.1,22.8,22.8,22.25,0.2516,-0.0736,-10.3645,0.5857,-5.1429,-9.9458,-36.3171,9.2105,11.9101
20250122,2442,新美齊,TWSE,24.85,25.05,24.7,25.05,768420.0,19128805.0,TWSE_RWD_JSON_MI_INDEX,data/daily_price/daily_price_20250122.csv,24.88,24.8575,24.9417,27.6867,24.7796,0.6024,5.9197,1.6227,5.9197,-30.7054,798594.75,0.9622,26.25,27.65,39.1,22.8,22.8,22.25,0.7744,0.4343,-9.5232,1.0913,-4.5714,-9.4033,-35.9335,9.8684,12.5843
20250203,2442,新美齊,TWSE,24.9,25.45,24.85,25.35,1222016.0,30791111.0,TWSE_RWD_JSON_MI_INDEX,data/daily_price/daily_price_20250203.csv,25.12,24.83,24.9767,27.595,24.8271,1.1976,4.9689,-2.1236,9.0323,-30.2613,768645.55,1.5898,26.25,27.65,39.1,22.8,22.8,22.25,2.0942,1.4947,-8.1355,2.1061,-3.4286,-8.3183,-35.1662,11.1842,13.9326
20250204,2442,新美齊,TWSE,25.35,25.35,24.7,24.8,820190.0,20429713.0,TWSE_RWD_JSON_MI_INDEX,data/daily_price/daily_price_20250204.csv,24.94,24.78,25.0017,27.4817,24.8249,-2.1696,-3.5019,-3.876,6.4378,-35.4167,783790.7,1.0464,26.25,27.65,39.1,22.8,22.8,22.25,0.0807,-0.8066,-9.758,-0.1001,-5.5238,-10.3074,-36.5729,8.7719,11.4607
20250205,2442,新美齊,TWSE,25.05,25.2,24.75,24.9,1080075.0,26824929.0,TWSE_RWD_JSON_MI_INDEX,data/daily_price/daily_price_20250205.csv,25.0,24.7675,25.0108,27.3779,24.8311,0.4032,1.2195,-0.994,2.2587,-33.3333,808607.35,1.3357,25.85,27.65,38.25,22.8,22.8,22.25,0.535,-0.4431,-9.0508,0.2774,-3.675,-9.9458,-34.902,9.2105,11.9101
20250206,2442,新美齊,TWSE,24.95,25.6,24.95,25.55,1035655.0,26271696.0,TWSE_RWD_JSON_MI_INDEX,data/daily_price/daily_price_20250206.csv,25.13,24.7625,25.0425,27.31,24.891,2.6104,2.6104,-0.3899,8.0338,-24.184,822548.1,1.2591,25.75,27.65,38.25,22.8,22.8,22.25,3.1802,2.0266,-6.4445,2.6474,-0.7767,-7.5949,-33.2026,12.0614,14.8315
20250207,2442,新美齊,TWSE,25.55,25.55,25.05,25.05,522391.0,13150238.0,TWSE_RWD_JSON_MI_INDEX,data/daily_price/daily_price_20250207.csv,25.13,24.755,25.0625,27.2533,24.9043,-1.9569,0.0,-0.5952,5.0314,-21.3501,821201.65,0.6361,25.75,27.65,38.25,22.8,22.8,22.25,1.1917,-0.0499,-8.0846,0.5851,-2.7184,-9.4033,-34.5098,9.8684,12.5843
20250210,2442,新美齊,TWSE,25.05,25.85,24.85,25.65,788740.0,20177195.0,TWSE_RWD_JSON_MI_INDEX,data/daily_price/daily_price_20250210.csv,25.19,24.7775,25.095,27.1825,24.9664,2.3952,1.1834,1.7857,8.2278,-24.8902,831542.65,0.9485,25.85,27.65,38.25,22.8,22.8,22.25,3.5213,2.2116,-5.6378,2.738,-0.7737,-7.2333,-32.9412,12.5,15.2809
20250211,2442,新美齊,TWSE,25.55,25.85,25.25,25.6,757125.0,19408454.0,TWSE_RWD_JSON_MI_INDEX,data/daily_price/daily_price_20250211.csv,25.35,24.8175,25.1167,27.1108,25.0192,-0.1949,3.2258,3.2258,5.3498,-25.1462,827479.45,0.915,25.85,27.65,38.25,22.8,22.8,22.25,3.153,1.9244,-5.5728,2.3213,-0.9671,-7.4141,-33.0719,12.2807,15.0562
20250212,2442,新美齊,TWSE,25.75,26.5,25.55,26.15,1879835.0,49300242.0,TWSE_RWD_JSON_MI_INDEX,data/daily_price/daily_price_20250212.csv,25.6,24.875,25.1517,27.0429,25.1134,2.1484,5.0201,4.6,8.7318,-23.7609,898035.4,2.0933,26.5,27.65,38.25,22.8,22.8,22.25,5.1256,3.9693,-3.3019,4.1275,-1.3208,-5.425,-31.634,14.693,17.5281
20250213,2442,新美齊,TWSE,26.15,26.75,26.0,26.6,2040590.0,54147663.0,TWSE_RWD_JSON_MI_INDEX,data/daily_price/daily_price_20250213.csv,25.81,24.9625,25.19,26.9771,25.2373,1.7208,4.1096,7.0423,9.465,-22.8986,979841.0,2.0826,26.75,27.65,38.25,22.8,22.8,22.25,6.5598,5.5975,-1.3978,5.3994,-0.5607,-3.7975,-30.4575,16.6667,19.5506
20250214,2442,新美齊,TWSE,26.6,26.75,26.4,26.7,1141581.0,30379544.0,TWSE_RWD_JSON_MI_INDEX,data/daily_price/daily_price_20250214.csv,26.14,25.0325,25.2225,26.9121,25.3592,0.3759,6.5868,5.5336,7.8788,-22.6087,1007767.3,1.1328,26.75,27.65,38.25,22.8,22.8,22.25,6.6613,5.8579,-0.7881,5.2872,-0.1869,-3.4358,-30.1961,17.1053,20.0
20250217,2442,新美齊,TWSE,26.75,26.8,26.35,26.65,763922.0,20279960.0,TWSE_RWD_JSON_MI_INDEX,data/daily_price/daily_price_20250217.csv,26.34,25.115,25.2542,26.8433,25.4668,-0.1873,3.8986,6.6,7.6768,-23.639,1009024.95,0.7571,26.8,27.65,38.25,22.8,22.8,22.25,6.1119,5.5271,-0.7202,4.6461,-0.5597,-3.6166,-30.3268,16.886,19.7753
20250218,2442,新美齊,TWSE,26.55,26.75,26.55,26.65,546996.0,14576362.0,TWSE_RWD_JSON_MI_INDEX,data/daily_price/daily_price_20250218.csv,26.55,25.235,25.295,26.7638,25.5654,0.0,4.1016,9.8969,10.124,-26.3812,892749.45,0.6127,26.8,27.65,38.25,22.8,22.8,22.25,5.6073,5.3568,-0.425,4.2425,-0.5597,-3.6166,-30.3268,16.886,19.7753
20250219,2442,新美齊,TWSE,26.7,26.9,26.5,26.75,666270.0,17782648.0,TWSE_RWD_JSON_MI_INDEX,data/daily_price/daily_price_20250219.csv,26.67,25.4025,25.3258,26.6792,25.6641,0.3752,2.2945,14.3162,7.4297,-27.5068,844396.35,0.789,26.9,27.65,37.2,23.35,22.8,22.25,5.3046,5.6234,0.2655,4.2312,-0.5576,-3.255,-28.0914,17.3246,20.2247
20250220,2442,新美齊,TWSE,26.65,27.25,26.65,27.05,1350082.0,36488260.0,TWSE_RWD_JSON_MI_INDEX,data/daily_price/daily_price_20250220.csv,26.76,25.575,25.3675,26.6004,25.7796,1.1215,1.6917,14.6186,10.1833,-25.8904,887252.0,1.5216,27.25,27.65,37.2,23.6,22.8,22.25,5.7674,6.6325,1.6901,4.928,-0.7339,-2.17,-27.2849,18.6404,21.573
20250221,2442,新美齊,TWSE,27.2,28.5,27.15,28.4,4068852.0,113936429.0,TWSE_RWD_CSV_MI_INDEX,data/daily_price/daily_price_20250221.csv,27.1,25.8125,25.43,26.5412,25.998,4.9908,6.367,20.0846,15.213,-20.0,1056192.65,3.8524,28.5,28.5,35.5,23.75,22.8,22.25,10.0242,11.6791,7.0032,9.2393,-0.3509,-0.3509,-20.0,24.5614,27.6404
20250224,2442,新美齊,TWSE,28.0,28.5,27.8,28.1,2441242.0,68480852.0,TWSE_RWD_JSON_MI_INDEX,data/daily_price/daily_price_20250224.csv,27.39,26.01,25.485,26.4821,26.1731,-1.0563,5.4409,16.3561,13.3065,-20.1705,1148711.85,2.1252,28.5,28.5,35.05,24.45,22.8,22.25,8.0354,10.2609,6.1095,7.362,-1.4035,-1.4035,-19.8288,23.2456,26.2921
20250225,2442,新美齊,TWSE,28.1,28.2,27.7,27.75,1016302.0,28295053.0,TWSE_RWD_JSON_MI_INDEX,data/daily_price/daily_price_20250225.csv,27.61,26.1125,25.5167,26.4329,26.3045,-1.2456,4.1276,7.9767,7.3501,-17.5334,1186872.3,0.8563,28.5,28.5,35.05,24.45,22.8,22.25,6.2709,8.7524,4.9827,5.4951,-2.6316,-2.6316,-20.8274,21.7105,24.7191
20250226,2442,新美齊,TWSE,27.7,27.95,27.5,27.55,941392.0,26011603.0,TWSE_RWD_JSON_MI_INDEX,data/daily_price/daily_price_20250226.csv,27.77,26.26,25.5333,26.3867,26.4083,-0.7207,2.9907,11.9919,3.7665,-16.7674,1217282.85,0.7734,28.5,28.5,35.05,24.6,22.8,22.25,4.9124,7.8982,4.4088,4.3232,-3.3333,-3.3333,-21.398,20.8333,23.8202
20250227,2442,新美齊,TWSE,26.55,26.75,26.55,26.65,546996.0,14576362.0,TWSE_RWD_JSON_MI_INDEX,data/daily_price/daily_price_20250227.csv,27.69,26.3475,25.5225,26.3346,26.4285,-3.2668,-1.4787,7.0281,-2.381,-18.997,1219933.6,0.4484,28.5,28.5,35.05,24.7,22.8,22.25,1.1481,4.4177,1.1977,0.8382,-6.4912,-6.4912,-23.9658,16.886,19.7753
20250303,2442,新美齊,TWSE,27.5,27.5,27.1,27.2,773793.0,21083519.0,TWSE_RWD_JSON_MI_INDEX,data/daily_price/daily_price_20250303.csv,27.45,26.455,25.525,26.2817,26.4928,2.0638,-4.2254,8.5828,0.5545,-18.927,1220202.25,0.6342,28.5,28.5,35.05,24.7,22.8,22.25,2.8161,6.5622,3.4942,2.6696,-4.5614,-4.5614,-22.3966,19.2982,22.2472
20250304,2442,新美齊,TWSE,26.7,26.95,26.2,26.85,1234636.0,32951272.0,TWSE_RWD_JSON_MI_INDEX,data/daily_price/daily_price_20250304.csv,27.2,26.53,25.545,26.2212,26.5225,-1.2868,-4.4484,5.9172,4.6784,-21.261,1220833.25,1.0113,28.5,28.5,35.05,24.7,22.8,22.25,1.2062,5.1086,2.3979,1.2347,-5.7895,-5.7895,-23.3951,17.7632,20.6742
20250305,2442,新美齊,TWSE,26.85,27.25,26.5,27.0,905829.0,24320503.0,TWSE_RWD_JSON_MI_INDEX,data/daily_price/daily_price_20250305.csv,27.05,26.64,25.5717,26.16,26.5623,0.5587,-2.7027,8.871,6.2992,-21.3974,1225115.2,0.7394,28.5,28.5,35.05,24.75,22.8,22.25,1.3514,5.5856,3.211,1.6478,-5.2632,-5.2632,-22.9672,18.4211,21.3483
20250306,2442,新美齊,TWSE,27.15,27.15,26.25,26.3,1270794.0,33764607.0,TWSE_RWD_JSON_MI_INDEX,data/daily_price/daily_price_20250306.csv,26.8,26.71,25.5825,26.0917,26.5405,-2.5926,-4.5372,5.6225,2.5341,-23.7681,1234651.15,1.0293,28.5,28.5,34.3,24.85,22.8,22.25,-1.535,2.8047,0.7985,-0.906,-7.7193,-7.7193,-23.3236,15.3509,18.2022
20250307,2442,新美齊,TWSE,26.25,26.4,26.0,26.2,610378.0,15950529.0,TWSE_RWD_JSON_MI_INDEX,data/daily_price/daily_price_20250307.csv,26.71,26.7425,25.5825,26.0325,26.5121,-0.3802,-1.6886,2.544,0.0,-21.3213,1213387.3,0.503,28.5,28.5,33.75,24.85,22.8,22.25,-2.0286,2.4138,0.6434,-1.1772,-8.0702,-8.0702,-22.3704,14.9123,17.7528
20250310,2442,新美齊,TWSE,26.2,26.75,25.95,26.6,539939.0,14242744.0,TWSE_RWD_JSON_MI_INDEX,data/daily_price/daily_price_20250310.csv,26.59,26.82,25.5892,25.9804,26.5194,1.5267,-2.2059,6.1876,1.5267,-19.0259,1214264.7,0.4447,28.5,28.5,33.75,24.85,22.8,22.25,-0.8203,3.9502,2.3848,0.3039,-6.6667,-6.6667,-21.1852,16.6667,19.5506
20250311,2442,新美齊,TWSE,26.25,26.8,25.5,26.6,1177479.0,30802806.0,TWSE_RWD_JSON_MI_INDEX,data/daily_price/daily_price_20250311.csv,26.54,26.8675,25.6008,25.9287,26.5261,0.0,-0.9311,3.7037,2.7027,-18.9024,1233701.65,0.9544,28.5,28.5,33.75,25.25,22.8,22.25,-0.9956,3.9029,2.5888,0.2785,-6.6667,-6.6667,-21.1852,16.6667,19.5506
20250312,2442,新美齊,TWSE,26.55,26.95,26.5,26.5,951877.0,25470314.0,TWSE_RWD_JSON_MI_INDEX,data/daily_price/daily_price_20250312.csv,26.44,26.9125,25.6142,25.8788,26.524,-0.3759,-1.8519,3.5156,3.1128,-18.4615,1243439.25,0.7655,28.5,28.5,33.75,25.5,22.8,22.25,-1.5327,3.4584,2.4006,-0.0903,-7.0175,-7.0175,-21.4815,16.2281,19.1011
20250313,2442,新美齊,TWSE,26.55,26.8,25.65,25.85,1350379.0,35192905.0,TWSE_RWD_JSON_MI_INDEX,data/daily_price/daily_price_20250313.csv,26.35,26.8975,25.6025,25.825,26.4678,-2.4528,-1.711,-1.1472,-2.6365,-19.969,1216966.45,1.1096,28.5,28.5,33.75,25.5,22.8,22.25,-3.8944,0.9667,0.0968,-2.3341,-9.2982,-9.2982,-23.4074,13.3772,16.1798
20250314,2442,新美齊,TWSE,26.05,26.35,25.9,26.35,627857.0,16406894.0,TWSE_RWD_JSON_MI_INDEX,data/daily_price/daily_price_20250314.csv,26.38,26.885,25.6117,25.78,26.458,1.9342,0.5725,-0.9398,2.1318,-17.0079,1146329.8,0.5477,28.5,28.5,33.75,25.5,22.8,22.25,-1.99,2.8828,2.211,-0.4081,-7.5439,-7.5439,-21.9259,15.5702,18.427
20250317,2442,新美齊,TWSE,26.2,26.6,26.2,26.2,448860.0,11840846.0,TWSE_RWD_JSON_MI_INDEX,data/daily_price/daily_price_20250317.csv,26.3,26.86,25.6225,25.7462,26.4365,-0.5693,-1.5038,-1.8727,2.544,-13.3884,1111693.75,0.4038,28.5,28.5,33.75,25.5,22.8,22.25,-2.4572,2.2539,1.7624,-0.8945,-8.0702,-8.0702,-22.3704,14.9123,17.7528
20250318,2442,新美齊,TWSE,26.15,26.6,26.15,26.15,562184.0,14819580.0,TWSE_RWD_JSON_MI_INDEX,data/daily_price/daily_price_20250318.csv,26.21,26.835,25.64,25.7183,26.4126,-0.1908,-1.6917,-1.8762,4.1833,-11.3559,1101606.85,0.5103,28.5,28.5,33.75,25.5,22.8,22.25,-2.5526,1.9891,1.6784,-0.9942,-8.2456,-8.2456,-22.5185,14.693,17.5281
20250319,2442,新美齊,TWSE,26.4,26.4,25.7,25.7,640416.0,16588855.0,TWSE_RWD_JSON_MI_INDEX,data/daily_price/daily_price_20250319.csv,26.05,26.7875,25.6442,25.6783,26.3532,-1.7208,-3.0189,-3.5647,0.9823,-15.7377,1106277.85,0.5789,28.5,28.5,33.75,25.5,22.8,22.25,-4.0597,0.2177,0.0844,-2.4787,-9.8246,-9.8246,-23.8519,12.7193,15.5056
20250320,2442,新美齊,TWSE,25.7,25.95,25.65,25.8,337367.0,8690193.0,TWSE_RWD_JSON_MI_INDEX,data/daily_price/daily_price_20250320.csv,26.04,26.74,25.6675,25.6271,26.3071,0.3891,-0.1934,-3.5514,5.7377,-19.2488,1089832.7,0.3096,28.5,28.5,33.75,25.5,22.8,22.25,-3.5153,0.5162,0.6747,-1.9277,-9.4737,-9.4737,-23.5556,13.1579,15.9551
20250321,2442,新美齊,TWSE,25.8,26.55,25.6,26.1,825893.0,21645198.0,TWSE_RWD_JSON_MI_INDEX,data/daily_price/daily_price_20250321.csv,25.99,26.6925,25.6967,25.5717,26.2899,1.1628,-0.9488,-3.512,7.1869,-20.3053,1063623.25,0.7765,28.5,28.5,33.75,25.5,22.8,22.25,-2.2197,1.5696,2.0661,-0.7222,-8.4211,-8.4211,-22.6667,14.4737,17.3034
20250324,2442,新美齊,TWSE,26.1,26.45,25.95,25.95,685500.0,17894270.0,TWSE_RWD_JSON_MI_INDEX,data/daily_price/daily_price_20250324.csv,25.94,26.57,25.7242,25.5092,26.2615,-0.5747,-0.9542,-8.6268,6.7901,-22.4215,894455.65,0.7664,28.5,28.5,33.75,25.5,22.8,22.25,-2.3335,0.8779,1.7281,-1.1863,-8.9474,-8.9474,-23.1111,13.8158,16.6292
20250325,2442,新美齊,TWSE,26.05,26.2,25.85,25.9,568727.0,14785019.0,TWSE_RWD_JSON_MI_INDEX,data/daily_price/daily_price_20250325.csv,25.89,26.46,25.7425,25.4492,26.2314,-0.1927,-0.956,-7.8292,4.4355,-21.7523,800829.9,0.7102,28.2,28.5,31.0,25.5,22.8,22.25,-2.1164,0.6118,1.7715,-1.2634,-8.156,-9.1228,-16.4516,13.5965,16.4045
20250326,2442,新美齊,TWSE,26.0,26.4,25.9,26.25,652940.0,17082785.0,TWSE_RWD_JSON_MI_INDEX,data/daily_price/daily_price_20250326.csv,26.0,26.385,25.7667,25.4196,26.233,1.3514,2.1401,-5.4054,5.8468,-11.9128,782661.8,0.8343,27.95,28.5,28.5,25.5,22.8,22.25,-0.5117,1.8758,3.2668,0.065,-6.0823,-7.8947,-7.8947,15.1316,17.9775
20250327,2442,新美齊,TWSE,26.15,27.7,26.0,26.7,1931675.0,51700170.0,TWSE_RWD_JSON_MI_INDEX,data/daily_price/daily_price_20250327.csv,26.18,26.3425,25.8108,25.4179,26.2719,1.7143,3.4884,-3.0853,11.0187,-0.7435,832175.95,2.3212,27.7,28.5,28.5,25.5,22.8,22.25,1.3571,3.4449,5.044,1.6296,-3.6101,-6.3158,-6.3158,17.1053,20.0
20250328,2442,新美齊,TWSE,26.6,26.6,25.7,26.0,1266175.0,32912413.0,TWSE_RWD_JSON_MI_INDEX,data/daily_price/daily_price_20250328.csv,26.16,26.31,25.8317,25.4062,26.2492,-2.6217,-0.3831,-2.439,5.0505,-5.1095,868134.9,1.4585,27.7,28.5,28.5,25.5,22.8,22.25,-1.1783,0.6517,2.337,-0.9494,-6.1372,-8.7719,-8.7719,14.0351,16.8539
20250331,2442,新美齊,TWSE,25.1,25.35,24.65,24.85,1342524.0,33442745.0,TWSE_RWD_JSON_MI_INDEX,data/daily_price/daily_price_20250331.csv,25.94,26.1925,25.835,25.3846,26.1326,-4.4231,-4.2389,-8.6397,0.8114,-9.4718,896571.45,1.4974,27.7,28.5,28.5,24.65,22.8,22.25,-5.1255,-3.8127,-2.1059,-4.9081,-10.2888,-12.807,-12.807,8.9912,11.6854
20250401,2442,新美齊,TWSE,25.0,25.25,24.8,24.85,495314.0,12370748.0,TWSE_RWD_JSON_MI_INDEX,data/daily_price/daily_price_20250401.csv,25.73,26.0925,25.8175,25.3633,26.0257,0.0,-4.0541,-7.4488,-4.0541,-9.3066,859605.35,0.5762,27.7,28.5,28.5,24.65,22.8,22.25,-4.7619,-3.7475,-2.0239,-4.5176,-10.2888,-12.807,-12.807,8.9912,11.6854
20250402,2442,新美齊,TWSE,24.95,25.2,24.35,25.05,469010.0,11636774.0,TWSE_RWD_JSON_MI_INDEX,data/daily_price/daily_price_20250402.csv,25.49,25.995,25.805,25.3404,25.9444,0.8048,-4.5714,-7.2222,-2.907,-9.8921,837764.4,0.5598,27.7,28.5,28.5,24.35,22.8,22.25,-3.6353,-2.9258,-1.1461,-3.4475,-9.5668,-12.1053,-12.1053,9.8684,12.5843
20250407,2442,新美齊,listed,22.55,22.55,22.55,22.55,153290.0,3465104.0,,data/daily_price/20250407.csv,24.66,25.8075,25.7617,25.2996,25.6616,-9.98,-15.5431,-14.2586,-10.338,-17.8506,781889.2,0.1961,27.7,28.5,28.5,22.55,22.55,22.25,-12.6223,-12.4668,-10.8681,-12.1254,-18.5921,-20.8772,-20.8772,0.0,1.3483
20250408,2442,新美齊,listed,20.45,21.35,20.3,20.75,4492241.0,92806571.0,,data/daily_price/20250408.csv,23.61,25.535,25.68,25.2438,25.2523,-7.9823,-20.1923,-20.8015,-19.1033,-24.408,975982.35,4.6028,27.7,28.5,28.5,20.3,20.3,20.3,-18.739,-19.1978,-17.8014,-17.8291,-25.0903,-27.193,-27.193,2.2167,2.2167
20250409,2442,新美齊,listed,20.5,20.8,18.8,19.35,4951117.0,97919336.0,,data/daily_price/20250409.csv,22.51,25.1725,25.5825,25.1842,24.7604,-6.747,-22.1328,-27.2556,-23.2143,-26.9811,1196541.25,4.1379,27.7,28.5,28.5,18.8,18.8,18.8,-23.1304,-24.3624,-23.166,-21.851,-30.1444,-32.1053,-32.1053,2.9255,2.9255
20250410,2442,新美齊,listed,21.25,21.25,21.2,21.25,679843.0,14445791.0,,data/daily_price/20250410.csv,21.79,24.905,25.5167,25.1421,24.4679,9.8191,-14.4869,-20.1128,-15.6746,-19.2015,1171659.45,0.5802,27.7,28.5,28.5,18.8,18.8,18.8,-14.6758,-16.7211,-15.4804,-13.1514,-23.2852,-25.4386,-25.4386,13.0319,13.0319
20250414,2442,新美齊,listed,21.8,22.55,21.45,21.85,935560.0,20422507.0,,data/daily_price/20250414.csv,21.15,24.6725,25.4675,25.1108,24.2497,2.8235,-12.7745,-17.5472,-11.8952,-14.6484,1170843.6,0.799,27.7,28.5,28.5,18.8,18.8,18.8,-11.4399,-14.2044,-12.9858,-9.8958,-21.1191,-23.3333,-23.3333,16.2234,16.2234
20250415,2442,新美齊,listed,21.95,22.95,21.95,22.9,915621.0,20691953.0,,data/daily_price/20250415.csv,21.22,24.525,25.4325,25.0962,24.1372,4.8055,1.5521,-11.412,-8.4,-7.0994,1149105.7,0.7968,27.7,28.5,28.5,18.8,18.8,18.8,-6.6259,-9.9577,-8.7513,-5.1258,-17.3285,-19.6491,-19.6491,21.8085,21.8085
20250416,2442,新美齊,listed,22.9,23.2,22.55,22.6,625992.0,14313211.0,,data/daily_price/20250416.csv,21.59,24.3375,25.395,25.0788,24.0091,-1.31,8.9157,-14.2315,-9.0543,-8.502,1149012.45,0.5448,27.7,28.5,28.5,18.8,18.8,18.8,-7.1392,-11.0061,-9.8839,-5.8692,-18.4116,-20.7018,-20.7018,20.2128,20.2128
20250417,2442,新美齊,listed,22.65,23.2,22.5,23.0,567818.0,12991408.0,,data/daily_price/20250417.csv,22.32,24.1775,25.3567,25.0688,23.925,1.7699,18.863,-12.2137,-9.0909,-4.9587,1154960.35,0.4916,27.7,28.5,28.5,18.8,18.8,18.8,-4.8702,-9.2941,-8.2523,-3.8664,-16.9675,-19.2982,-19.2982,22.3404,22.3404
20250418,2442,新美齊,listed,23.0,23.35,22.75,22.95,581920.0,13382590.0,,data/daily_price/20250418.csv,22.66,24.0175,25.3225,25.0621,23.8438,-0.2174,8.0,-12.2371,-8.2,-3.3684,1155947.15,0.5034,27.7,28.5,28.5,18.8,18.8,18.8,-4.4447,-9.3691,-8.4274,-3.7485,-17.148,-19.4737,-19.4737,22.0745,22.0745
20250421,2442,新美齊,listed,23.0,23.4,22.45,22.6,350068.0,7923968.0,,data/daily_price/20250421.csv,22.81,23.8625,25.295,25.0525,23.7401,-1.5251,3.4325,-12.0623,-6.8041,-4.8421,1141429.75,0.3067,27.7,28.5,28.5,18.8,18.8,18.8,-5.2907,-10.6543,-9.7894,-4.8026,-18.4116,-20.7018,-20.7018,20.2128,20.2128
20250422,2442,新美齊,listed,22.1,22.7,22.1,22.3,287254.0,6405753.0,,data/daily_price/20250422.csv,22.69,23.6875,25.2767,25.04,23.6201,-1.3274,-2.6201,-13.5659,-4.7009,-6.3025,1138924.1,0.2522,27.7,28.5,28.5,18.8,18.8,18.8,-5.8575,-11.7763,-10.9425,-5.589,-19.4946,-21.7544,-21.7544,18.617,18.617
20250423,2442,新美齊,listed,22.35,22.95,22.35,22.8,282221.0,6431624.0,,data/daily_price/20250423.csv,22.73,23.5225,25.2633,25.035,23.5518,2.2422,0.885,-12.6437,-3.3898,-2.5641,1111740.5,0.2539,27.7,28.5,28.5,18.8,18.8,18.8,-3.0715,-9.7506,-8.9275,-3.192,-17.6895,-20.0,-20.0,21.2766,21.2766
20250424,2442,新美齊,listed,22.9,23.05,22.5,22.65,339038.0,7711262.0,,data/daily_price/20250424.csv,22.66,23.3575,25.2467,25.0283,23.4766,-0.6579,-1.5217,-12.7168,-4.2283,-3.4115,1094417.4,0.3098,27.7,28.5,28.5,18.8,18.8,18.8,-3.029,-10.2852,-9.5026,-3.5211,-18.231,-20.5263,-20.5263,20.4787,20.4787
20250425,2442,新美齊,listed,22.9,23.05,22.65,22.8,602088.0,13723915.0,,data/daily_price/20250425.csv,22.63,23.2025,25.2242,25.0258,23.4202,0.6623,-0.6536,-11.9691,-5.5901,-1.2987,1096085.45,0.5493,27.7,28.5,28.5,18.8,18.8,18.8,-1.7347,-9.6105,-8.8941,-2.6483,-17.6895,-20.0,-20.0,21.2766,21.2766
20250428,2442,新美齊,listed,23.0,23.4,22.8,23.35,587513.0,13678378.0,,data/daily_price/20250428.csv,22.78,23.0575,25.185,25.0267,23.4144,2.4123,3.3186,-11.0476,-9.144,0.4301,1092814.1,0.5376,27.7,28.5,28.5,18.8,18.8,18.8,1.2686,-7.2861,-6.6995,-0.275,-15.704,-18.0702,-18.0702,24.2021,24.2021
20250429,2442,新美齊,listed,23.35,23.85,23.3,23.65,517191.0,12165303.0,,data/daily_price/20250429.csv,23.05,22.905,25.1692,25.0304,23.434,1.2848,6.0538,-11.4232,-3.8618,1.9397,1022089.9,0.506,26.6,28.5,28.5,18.8,18.8,18.8,3.2526,-6.0358,-5.515,0.9216,-11.0902,-17.0175,-17.0175,25.7979,25.7979
20250430,2442,新美齊,listed,23.6,23.75,23.25,23.4,255209.0,5985289.0,,data/daily_price/20250430.csv,23.17,22.775,25.1442,25.0312,23.4312,-1.0571,2.6316,-10.0,-6.0241,0.4292,971541.6,0.2627,25.35,28.5,28.5,18.8,18.8,18.8,2.7442,-6.9367,-6.5169,-0.1331,-7.6923,-17.8947,-17.8947,24.4681,24.4681
20250502,2442,新美齊,listed,23.5,25.2,23.5,25.0,1293295.0,31529543.0,,data/daily_price/20250502.csv,23.64,22.7825,25.1433,25.0425,23.5619,6.8376,10.3753,0.6036,-0.1996,5.7082,969080.15,1.3346,25.25,28.5,28.5,18.8,18.8,18.8,9.7333,-0.5701,-0.1697,6.1034,-0.9901,-12.2807,-12.2807,32.9787,32.9787
20250505,2442,新美齊,listed,25.7,26.0,24.9,25.35,1884784.0,47895248.0,,data/daily_price/20250505.csv,24.15,22.8075,25.1433,25.06,23.7109,1.4,11.1842,2.0121,0.0,9.0323,1038553.65,1.8148,26.0,28.5,28.5,18.8,18.8,18.8,11.1476,0.822,1.1572,6.9127,-2.5,-11.0526,-11.0526,34.8404,34.8404
20250506,2442,新美齊,listed,25.35,25.55,24.85,25.3,622186.0,15654129.0,,data/daily_price/20250506.csv,24.54,22.82,25.1517,25.0767,23.8434,-0.1972,8.3512,0.998,2.0161,8.5837,1046212.45,0.5947,26.0,28.5,28.5,18.8,18.8,18.8,10.8677,0.5898,0.8906,6.1092,-2.6923,-11.2281,-11.2281,34.5745,34.5745
20250507,2442,新美齊,listed,25.35,25.6,24.95,25.05,948190.0,24053766.0,,data/daily_price/20250507.csv,24.82,22.945,25.1542,25.0825,23.9439,-0.9881,5.9197,11.0865,0.6024,2.8747,1085957.45,0.8731,26.0,28.5,28.5,18.8,18.8,18.8,9.1741,-0.4141,-0.1296,4.6195,-3.6538,-12.1053,-12.1053,33.2447,33.2447
20250508,2442,新美齊,listed,25.05,25.3,24.6,25.0,483034.0,12023436.0,,data/daily_price/20250508.csv,25.14,23.1575,25.145,25.0938,24.0319,-0.1996,6.8376,20.4819,-2.1526,5.7082,885497.1,0.5455,26.0,28.5,28.5,18.8,18.8,18.8,7.9564,-0.5767,-0.3736,4.0283,-3.8462,-12.2807,-12.2807,32.9787,32.9787
20250509,2442,新美齊,listed,24.95,25.15,24.55,25.15,451005.0,11202509.0,,data/daily_price/20250509.csv,25.17,23.4475,25.1467,25.1046,24.1251,0.6,0.6,29.9742,0.3992,5.4507,660491.5,0.6828,26.0,28.5,28.5,21.2,18.8,18.8,7.2609,0.0133,0.1809,4.2483,-3.2692,-11.7544,-11.7544,33.7766,33.7766
20250512,2442,新美齊,listed,25.45,25.65,25.15,25.6,675016.0,17103700.0,,data/daily_price/20250512.csv,25.22,23.665,25.1458,25.1204,24.248,1.7893,0.9862,20.4706,-0.1949,8.0169,660250.15,1.0224,26.0,28.5,28.5,21.45,18.8,18.8,8.1766,1.8061,1.9091,5.5757,-1.5385,-10.1754,-10.1754,36.1702,36.1702
20250513,2442,新美齊,listed,25.5,25.9,25.4,25.75,768395.0,19745976.0,,data/daily_price/20250513.csv,25.31,23.86,25.1483,25.1325,24.3732,0.5859,1.7787,17.849,0.5859,5.9671,651891.9,1.1787,26.0,28.5,28.5,21.95,18.8,18.8,7.9212,2.3925,2.457,5.649,-0.9615,-9.6491,-9.6491,36.9681,36.9681
20250514,2442,新美齊,listed,25.75,26.0,25.55,25.95,851709.0,21952942.0,,data/daily_price/20250514.csv,25.49,24.0125,25.145,25.1483,24.5046,0.7767,3.5928,13.3188,-0.7648,7.9002,648696.3,1.313,26.0,28.5,28.5,22.1,18.8,18.8,8.0687,3.2014,3.1878,5.8986,-0.1923,-8.9474,-8.9474,38.0319,38.0319
20250515,2442,新美齊,listed,25.9,25.9,25.45,25.45,609775.0,15634876.0,,data/daily_price/20250515.csv,25.58,24.155,25.1258,25.1579,24.5834,-1.9268,1.8,12.6106,-4.3233,4.7325,647885.45,0.9412,26.0,28.5,28.5,22.1,18.8,18.8,5.3612,1.2902,1.161,3.5253,-2.1154,-10.7018,-10.7018,35.3723,35.3723
20250516,2442,新美齊,listed,25.6,25.7,25.5,25.7,342550.0,8764593.0,,data/daily_price/20250516.csv,25.69,24.29,25.1092,25.1658,24.6764,0.9823,2.1869,11.7391,-3.7453,3.8384,636622.05,0.5381,26.0,28.5,28.5,22.1,18.8,18.8,5.8049,2.3531,2.1226,4.1481,-1.1538,-9.8246,-9.8246,36.7021,36.7021
20250519,2442,新美齊,listed,25.7,26.0,25.5,25.7,553052.0,14254288.0,,data/daily_price/20250519.csv,25.71,24.4275,25.0933,25.1738,24.7617,0.0,0.3906,11.9826,-3.5647,3.8384,635178.65,0.8707,26.0,28.5,28.5,22.1,18.8,18.8,5.2093,2.4176,2.0905,3.7893,-1.1538,-9.8246,-9.8246,36.7021,36.7021
20250520,2442,新美齊,listed,26.0,26.0,25.65,25.7,308912.0,7947677.0,,data/daily_price/20250520.csv,25.7,24.5825,25.0775,25.1862,24.8399,0.0,-0.1942,13.7168,-3.5647,6.1983,633120.85,0.4879,26.0,28.5,28.5,22.1,18.8,18.8,4.5459,2.4823,2.0398,3.4626,-1.1538,-9.8246,-9.8246,36.7021,36.7021
20250522,2442,新美齊,listed,25.8,26.1,25.8,25.9,301423.0,7822689.0,,data/daily_price/20250522.csv,25.69,24.7625,25.0633,25.1946,24.9282,0.7782,-0.1927,16.1435,-3.1776,4.0161,633829.3,0.4756,26.1,28.5,28.5,22.35,18.8,18.8,4.5936,3.3382,2.7999,3.8982,-0.7663,-9.1228,-9.1228,37.766,37.766
20250523,2442,新美齊,listed,26.05,26.05,24.85,24.9,1399381.0,35312735.0,,data/daily_price/20250523.csv,25.58,24.8675,25.0275,25.1975,24.9259,-3.861,-2.1611,9.2105,-7.9482,1.4257,689687.3,2.029,26.1,28.5,28.5,22.5,18.8,18.8,0.1307,-0.5094,-1.1807,-0.1039,-4.5977,-12.6316,-12.6316,32.4468,32.4468
20250526,2442,新美齊,listed,24.8,25.3,24.8,25.05,434441.0,10879141.0,,data/daily_price/20250526.csv,25.45,24.9875,24.9717,25.2008,24.9362,0.6024,-2.5292,10.596,-11.7958,1.6227,694457.45,0.6256,26.1,28.5,28.5,22.65,18.8,18.8,0.2501,0.3137,-0.5985,0.4562,-4.023,-12.1053,-12.1053,33.2447,33.2447
20250527,2442,新美齊,listed,24.95,25.1,24.75,24.75,345689.0,8591981.0,,data/daily_price/20250527.csv,25.26,25.085,24.9158,25.2004,24.9207,-1.1976,-3.6965,8.5526,-11.9217,-0.2016,681637.5,0.5071,26.1,28.2,28.5,22.8,18.8,18.8,-1.3355,-0.6656,-1.7873,-0.685,-5.1724,-12.234,-13.1579,31.6489,31.6489
20250528,2442,新美齊,listed,24.85,24.95,24.6,24.75,452676.0,11219122.0,,data/daily_price/20250528.csv,25.07,25.155,24.8658,25.1912,24.9065,0.0,-3.6965,5.9957,-10.8108,-4.2553,674895.65,0.6707,26.1,27.95,28.5,23.25,18.8,18.8,-1.61,-0.4658,-1.7516,-0.6283,-5.1724,-11.449,-13.1579,31.6489,31.6489
20250529,2442,新美齊,listed,24.75,25.0,24.75,24.95,264907.0,6593068.0,,data/daily_price/20250529.csv,24.88,25.22,24.8225,25.1779,24.9101,0.8081,-3.668,5.4968,-9.4374,-6.0264,662281.45,0.4,26.1,27.7,28.5,23.25,18.8,18.8,-1.0706,0.5136,-0.9052,0.1601,-4.4061,-9.9278,-12.4561,32.7128,32.7128
20250602,2442,新美齊,listed,24.8,25.0,24.6,24.9,347954.0,8624967.0,,data/daily_price/20250602.csv,24.88,25.295,24.7933,25.1579,24.9093,-0.2004,0.0,6.4103,-6.5666,-8.7912,666918.7,0.5217,26.1,27.7,28.5,23.5,18.8,18.8,-1.5616,0.4302,-1.0252,-0.0372,-4.5977,-10.1083,-12.6316,32.4468,32.4468
20250603,2442,新美齊,listed,24.95,25.1,24.8,24.8,214919.0,5358170.0,,data/daily_price/20250603.csv,24.83,25.285,24.7533,25.1392,24.9002,-0.4016,-0.998,-0.8,-8.8235,-8.3179,612999.9,0.3506,26.1,27.7,28.5,24.55,18.8,18.8,-1.9181,0.1885,-1.3492,-0.4023,-4.9808,-10.4693,-12.9825,31.9149,31.9149
20250604,2442,新美齊,listed,24.7,25.35,24.7,25.35,446013.0,11213474.0,,data/daily_price/20250604.csv,24.95,25.285,24.7283,25.1367,24.9376,2.2177,2.4242,0.0,-5.5866,-1.1696,541061.35,0.8243,26.1,27.7,28.5,24.55,18.8,18.8,0.2571,2.514,0.8487,1.6535,-2.8736,-8.4838,-11.0526,34.8404,34.8404
20250605,2442,新美齊,listed,25.35,25.75,25.3,25.6,395259.0,10099957.0,,data/daily_price/20250605.csv,25.12,25.3,24.705,25.1383,24.9928,0.9862,3.4343,1.1858,-5.1852,0.7874,529715.0,0.7462,26.1,27.7,28.5,24.55,18.8,18.8,1.1858,3.6227,1.8365,2.4293,-1.9157,-7.5812,-10.1754,36.1702,36.1702
20250606,2442,新美齊,listed,25.5,26.2,25.5,26.1,742831.0,19313772.0,,data/daily_price/20250606.csv,25.35,25.3525,24.7017,25.1421,25.0851,1.9531,4.6092,4.1916,-0.7605,1.7544,519447.05,1.43,26.2,27.7,28.5,24.55,18.8,18.8,2.9484,5.6609,3.81,4.0458,-0.3817,-5.7762,-8.4211,38.8298,38.8298
20250609,2442,新美齊,listed,26.2,26.2,25.0,25.15,632709.0,16029541.0,,data/daily_price/20250609.csv,25.4,25.36,24.6842,25.1333,25.0905,-3.6398,1.004,0.6,-4.0076,-4.0076,526930.8,1.2007,26.2,27.7,28.5,24.55,18.8,18.8,-0.8281,1.8872,0.0663,0.2371,-4.0076,-9.2058,-11.7544,33.7766,33.7766
20250610,2442,新美齊,listed,25.1,25.6,24.95,25.55,534016.0,13566952.0,,data/daily_price/20250610.csv,25.55,25.38,24.6667,25.1279,25.1288,1.5905,3.0242,1.5905,-3.9474,-2.4809,531081.35,1.0055,26.2,27.7,28.5,24.6,18.8,18.8,0.6698,3.5811,1.6797,1.6761,-2.4809,-7.7617,-10.3509,35.9043,35.9043
20250611,2442,新美齊,listed,25.4,25.5,24.95,25.4,256813.0,6490845.0,,data/daily_price/20250611.csv,25.56,25.37,24.6467,25.1237,25.1514,-0.5871,0.1972,-0.7813,-4.5113,-1.9305,510171.2,0.5034,26.2,27.7,28.5,24.6,18.8,18.8,0.1182,3.0565,1.0996,0.9884,-3.0534,-8.3032,-10.8772,35.1064,35.1064
20250612,2442,新美齊,listed,25.45,25.6,25.1,25.45,141033.0,3578734.0,,data/daily_price/20250612.csv,25.53,25.355,24.6292,25.1217,25.1763,0.1969,-0.5859,-1.165,-3.9623,-0.9728,478803.1,0.2946,26.2,27.7,28.5,24.6,18.8,18.8,0.3747,3.3328,1.307,1.0872,-2.8626,-8.1227,-10.7018,35.3723,35.3723
20250613,2442,新美齊,listed,25.15,25.3,25.0,25.05,394099.0,9898996.0,,data/daily_price/20250613.csv,25.32,25.31,24.6158,25.1092,25.1658,-1.5717,-4.023,-3.4682,-3.0948,-5.6497,455922.6,0.8644,26.2,27.7,28.5,24.6,18.8,18.8,-1.0273,1.7638,-0.2356,-0.46,-4.3893,-9.5668,-12.1053,33.2447,33.2447
20250616,2442,新美齊,listed,25.0,25.35,24.8,25.2,341170.0,8581432.0,,data/daily_price/20250616.csv,25.33,25.2975,24.5967,25.1042,25.1686,0.5988,0.1988,-0.9823,-4.3643,-2.3256,442492.35,0.771,26.2,27.7,28.5,24.6,18.8,18.8,-0.3854,2.4529,0.3817,0.1247,-3.8168,-9.0253,-11.5789,34.0426,34.0426
20250617,2442,新美齊,listed,25.2,26.0,25.15,25.6,385596.0,9824705.0,,data/daily_price/20250617.csv,25.34,25.2925,24.5867,25.1046,25.2046,1.5873,0.1957,-0.3891,-2.2901,0.1957,444644.65,0.8672,26.2,27.7,28.5,24.6,18.8,18.8,1.2158,4.1215,1.9734,1.5689,-2.2901,-7.5812,-10.1754,36.1702,36.1702
20250618,2442,新美齊,listed,25.3,25.75,25.3,25.55,275253.0,7051021.0,,data/daily_price/20250618.csv,25.37,25.285,24.5767,25.1083,25.2334,-0.1953,0.5906,-0.5837,-2.2945,1.7928,430754.7,0.639,26.2,27.7,28.5,24.6,18.8,18.8,1.0481,3.9604,1.759,1.2549,-2.4809,-7.7617,-10.3509,35.9043,35.9043
20250619,2442,新美齊,listed,25.3,25.4,25.15,25.25,253287.0,6399098.0,,data/daily_price/20250619.csv,25.33,25.2625,24.5692,25.1067,25.2347,-1.1742,-0.7859,-1.751,-1.751,-0.7859,427973.45,0.5918,26.2,27.7,28.5,24.6,18.8,18.8,-0.0495,2.7711,0.5709,0.0605,-3.626,-8.8448,-11.4035,34.3085,34.3085
20250620,2442,新美齊,listed,25.25,25.65,24.9,25.3,420323.0,10596045.0,,data/daily_price/20250620.csv,25.38,25.2325,24.5608,25.1142,25.2402,0.198,0.998,-2.3166,-1.938,3.6885,433918.45,0.9687,26.2,27.7,28.5,24.6,18.8,18.8,0.2675,3.0095,0.74,0.237,-3.4351,-8.6643,-11.2281,34.5745,34.5745
20250623,2442,新美齊,listed,25.0,25.05,24.45,24.9,347318.0,8599606.0,,data/daily_price/20250623.csv,25.32,25.2325,24.5408,25.1188,25.2118,-1.581,-1.1905,0.0,-4.5977,2.2587,381315.3,0.9108,26.2,27.7,28.5,24.45,18.8,18.8,-1.3177,1.4635,-0.8709,-1.2368,-4.9618,-10.1083,-12.6316,32.4468,32.4468
20250624,2442,新美齊,listed,25.1,25.45,24.75,25.3,280525.0,7078102.0,,data/daily_price/20250624.csv,25.26,25.245,24.53,25.1271,25.2192,1.6064,-1.1719,0.998,-2.5048,4.1152,373619.5,0.7508,26.2,27.7,28.5,24.45,18.8,18.8,0.2179,3.139,0.6882,0.3205,-3.4351,-8.6643,-11.2281,34.5745,34.5745
20250625,2442,新美齊,listed,25.15,25.45,24.9,24.95,301244.0,7547687.0,,data/daily_price/20250625.csv,25.14,25.255,24.5142,25.1283,25.1967,-1.3834,-2.3483,0.8081,-3.668,0.6048,371397.25,0.8111,26.2,27.7,28.5,24.45,18.8,18.8,-1.2077,1.7779,-0.7097,-0.9793,-4.771,-9.9278,-12.4561,32.7128,32.7128
20250626,2442,新美齊,listed,24.95,25.3,24.85,24.95,192440.0,4821539.0,,data/daily_price/20250626.csv,25.08,25.265,24.4925,25.1296,25.1762,0.0,-1.1881,0.8081,-4.9524,0.6048,358385.45,0.537,26.2,27.7,28.5,24.45,18.8,18.8,-1.2468,1.8679,-0.7146,-0.8984,-4.771,-9.9278,-12.4561,32.7128,32.7128
20250627,2442,新美齊,listed,24.9,25.15,24.85,24.85,335600.0,8369552.0,,data/daily_price/20250627.csv,24.99,25.26,24.4617,25.1362,25.149,-0.4008,-1.7787,-0.4008,-6.9288,3.3264,361920.1,0.9273,26.2,26.6,28.5,24.45,18.8,18.8,-1.6231,1.5875,-1.1388,-1.1889,-5.1527,-6.5789,-12.807,32.1809,32.1809
20250630,2442,新美齊,listed,24.7,24.9,24.35,24.35,419909.0,10300292.0,,data/daily_price/20250630.csv,24.88,25.2325,24.4342,25.1329,25.0824,-2.0121,-2.2088,-2.2088,-6.3462,-1.6162,365517.85,1.1488,26.2,26.2,28.5,24.35,18.8,18.8,-3.4975,-0.3445,-3.1151,-2.92,-7.0611,-7.0611,-14.5614,29.5213,29.5213
20250701,2442,新美齊,listed,24.5,25.2,24.15,24.7,604893.0,14906933.0,,data/daily_price/20250701.csv,24.76,25.2275,24.4317,25.1333,25.0505,1.4374,-2.3715,-0.4032,-0.6036,0.2028,385016.55,1.5711,26.2,26.2,28.5,24.15,18.8,18.8,-2.091,1.0983,-1.7241,-1.3994,-5.7252,-5.7252,-13.3333,31.383,31.383
20250702,2442,新美齊,listed,24.8,24.9,24.5,24.65,155928.0,3848302.0,,data/daily_price/20250702.csv,24.7,25.1925,24.4283,25.1229,25.0172,-0.2024,-1.2024,-2.7613,-0.8048,-4.8263,370512.3,0.4208,26.2,26.2,28.5,24.15,18.8,18.8,-2.1534,0.9074,-1.8824,-1.4677,-5.916,-5.916,-13.5088,31.117,31.117
20250703,2442,新美齊,listed,24.75,25.1,24.75,24.9,193717.0,4829146.0,,data/daily_price/20250703.csv,24.69,25.1575,24.4258,25.1154,25.0074,1.0142,-0.2004,-2.7344,-0.5988,-3.4884,360435.2,0.5375,26.2,26.2,28.5,24.15,18.8,18.8,-1.0236,1.9413,-0.8577,-0.4295,-4.9618,-4.9618,-12.6316,32.4468,32.4468
20250704,2442,新美齊,listed,24.9,25.0,24.4,24.7,288792.0,7099138.0,,data/daily_price/20250704.csv,24.66,25.0875,24.4617,25.1117,24.9818,-0.8032,-0.6036,-5.364,9.5344,-1.7893,337733.25,0.8551,26.2,26.2,28.5,24.15,18.8,18.8,-1.5446,0.9743,-1.6393,-1.128,-5.7252,-5.7252,-13.3333,31.383,31.383
20250707,2442,新美齊,listed,24.65,24.9,24.35,24.7,247132.0,6106364.0,,data/daily_price/20250707.csv,24.73,25.065,24.5275,25.1037,24.9583,0.0,1.4374,-1.7893,19.0361,-3.7037,318454.4,0.776,26.0,26.2,28.5,24.15,18.8,18.8,-1.4562,0.7033,-1.6083,-1.035,-5.0,-5.7252,-13.3333,31.383,31.383
20250708,2442,新美齊,listed,24.85,24.85,24.2,24.35,329957.0,8051541.0,,data/daily_price/20250708.csv,24.66,25.005,24.6108,25.0967,24.9076,-1.417,-1.417,-4.6967,25.8398,-3.373,308251.45,1.0704,26.0,26.2,28.5,24.15,21.2,18.8,-2.6195,-1.0598,-2.9752,-2.2387,-6.3462,-7.0611,-14.5614,14.8585,29.5213
20250709,2442,新美齊,listed,24.15,25.35,24.0,25.2,646136.0,16028850.0,,data/daily_price/20250709.csv,24.77,24.995,24.6767,25.0967,24.932,3.4908,2.2312,-0.7874,18.5882,0.0,327717.6,1.9716,26.0,26.2,28.5,24.0,21.45,18.8,0.8202,2.1208,0.4117,1.075,-3.0769,-3.8168,-11.5789,17.4825,34.0426
20250710,2442,新美齊,listed,24.8,25.7,24.8,25.3,406473.0,10235261.0,,data/daily_price/20250710.csv,24.85,24.9875,24.7342,25.1008,24.9626,0.3968,1.6064,-0.5894,15.7895,2.0161,340989.6,1.192,26.0,26.2,28.5,24.0,21.95,18.8,1.2506,2.2877,0.7935,1.3514,-2.6923,-3.4351,-11.2281,15.262,34.5745
20250711,2442,新美齊,listed,25.05,25.55,25.0,25.45,625606.0,15852862.0,,data/daily_price/20250711.csv,25.0,25.0075,24.7767,25.1046,25.0033,0.5929,3.0364,1.5968,11.1354,1.8,352564.95,1.7744,26.0,26.2,28.5,24.0,22.1,18.8,1.7695,2.7176,1.3759,1.7867,-2.1154,-2.8626,-10.7018,15.1584,35.3723
20250714,2442,新美齊,listed,25.25,25.6,25.2,25.45,231294.0,5866360.0,,data/daily_price/20250714.csv,25.15,25.02,24.8242,25.1096,25.0405,0.0,3.0364,0.9921,12.6106,2.4145,347071.15,0.6664,26.0,26.2,28.5,24.0,22.1,18.8,1.7186,2.5211,1.3557,1.6354,-2.1154,-2.8626,-10.7018,15.1584,35.3723
20250715,2442,新美齊,listed,25.25,25.55,25.1,25.55,299076.0,7564462.0,,data/daily_price/20250715.csv,25.39,25.0175,24.8667,25.1117,25.0829,0.3929,4.9281,-0.1953,11.087,0.9881,342745.15,0.8726,25.75,26.2,28.5,24.0,22.1,18.8,2.1285,2.748,1.7455,1.862,-0.7767,-2.4809,-10.3509,15.6109,35.9043
20250716,2442,新美齊,listed,25.45,25.7,25.45,25.5,354471.0,9068335.0,,data/daily_price/20250716.csv,25.45,25.015,24.9092,25.1158,25.1177,-0.1957,1.1905,-0.1957,11.1111,2.0,346706.05,1.0224,25.7,26.2,28.5,24.0,22.1,18.8,1.9388,2.372,1.5296,1.522,-0.7782,-2.6718,-10.5263,15.3846,35.6383
20250717,2442,新美齊,listed,25.6,26.2,25.45,25.95,814372.0,20996600.0,,data/daily_price/20250717.csv,25.58,25.05,24.965,25.13,25.1871,1.7647,2.5692,2.7723,14.823,7.0103,374760.3,2.173,26.2,26.2,28.5,24.0,22.1,18.8,3.5928,3.9455,3.263,3.0291,-0.9542,-0.9542,-8.9474,17.4208,38.0319
20250718,2442,新美齊,listed,26.0,26.0,25.7,25.8,315765.0,8159182.0,,data/daily_price/20250718.csv,25.65,25.075,25.0233,25.15,25.2381,-0.578,1.3752,1.9763,15.6951,10.2564,369532.4,0.8545,26.2,26.2,28.5,24.0,22.35,18.8,2.8913,3.1038,2.5845,2.2262,-1.5267,-1.5267,-9.4737,15.4362,37.234
20250721,2442,新美齊,listed,25.8,26.0,25.65,25.7,447099.0,11539950.0,,data/daily_price/20250721.csv,25.7,25.115,25.0717,25.1675,25.2766,-0.3876,0.9823,3.2129,12.7193,8.8983,374521.45,1.1938,26.2,26.2,28.5,24.0,22.5,18.8,2.3293,2.5061,2.1158,1.675,-1.9084,-1.9084,-9.8246,14.2222,36.7021
20250722,2442,新美齊,listed,25.7,25.8,24.9,25.3,529685.0,13398251.0,,data/daily_price/20250722.csv,25.65,25.115,25.1158,25.1812,25.2786,-1.5564,-0.9785,0.0,11.6998,6.9767,386979.45,1.3688,26.2,26.2,28.5,24.0,22.65,18.8,0.7366,0.7333,0.4716,0.0848,-3.4351,-3.4351,-11.2281,11.6998,34.5745
20250723,2442,新美齊,listed,25.15,25.95,25.15,25.9,608499.0,15691778.0,,data/daily_price/20250723.csv,25.73,25.1625,25.1675,25.1958,25.3304,2.3715,1.5686,3.8076,13.5965,7.2464,402342.2,1.5124,26.2,26.2,28.5,24.0,22.8,18.8,2.9309,2.9105,2.7948,2.2488,-1.145,-1.145,-9.1228,13.5965,37.766
20250724,2442,新美齊,listed,25.85,25.95,25.6,25.8,217493.0,5620574.0,,data/daily_price/20250724.csv,25.7,25.205,25.2083,25.1967,25.3695,-0.3861,-0.578,3.4068,10.4925,0.3891,403594.85,0.5389,26.2,26.2,28.5,24.0,23.25,18.8,2.3606,2.3471,2.3945,1.6969,-1.5267,-1.5267,-9.4737,10.9677,37.234
20250725,2442,新美齊,listed,25.75,25.9,25.65,25.75,327986.0,8471862.0,,data/daily_price/20250725.csv,25.69,25.25,25.2433,25.2062,25.4012,-0.1938,-0.1938,3.6217,8.8795,4.6748,403214.15,0.8134,26.2,26.2,28.5,24.0,23.25,18.8,1.9802,2.0071,2.1572,1.3731,-1.7176,-1.7176,-9.6491,10.7527,36.9681
20250728,2442,新美齊,listed,25.75,25.85,25.55,25.8,216279.0,5556784.0,,data/daily_price/20250728.csv,25.71,25.3225,25.2833,25.2138,25.4344,0.1942,0.3891,5.9548,10.2564,3.6145,393032.65,0.5503,26.2,26.2,28.5,24.0,23.5,18.8,1.8857,2.0435,2.3251,1.4373,-1.5267,-1.5267,-9.4737,9.7872,37.234
20250729,2442,新美齊,listed,25.95,25.95,25.5,25.95,599133.0,15442853.0,,data/daily_price/20250729.csv,25.84,25.385,25.2992,25.2212,25.4774,0.5814,2.5692,5.0607,3.8,3.5928,392744.65,1.5255,26.2,26.2,28.5,24.0,24.0,18.8,2.2257,2.5725,2.8894,1.855,-0.9542,-0.9542,-8.9474,8.125,38.0319
20250730,2442,新美齊,listed,25.95,26.7,25.85,26.5,1320005.0,34741582.0,,data/daily_price/20250730.csv,25.96,25.4775,25.3183,25.2308,25.5626,2.1195,2.3166,7.5051,4.5365,4.5365,450948.5,2.9272,26.7,26.7,28.5,24.0,24.0,18.8,4.0133,4.6672,5.0302,3.667,-0.7491,-0.7491,-7.0175,10.4167,40.9574
20250731,2442,新美齊,listed,26.5,26.85,26.4,26.4,1357435.0,36059896.0,,data/daily_price/20250731.csv,26.08,25.5525,25.3367,25.2442,25.6324,-0.3774,2.3256,6.0241,4.3478,6.4516,509134.4,2.6662,26.85,26.85,28.5,24.0,24.0,18.8,3.3167,4.1968,4.5786,2.9946,-1.676,-1.676,-7.3684,10.0,40.4255
20250801,2442,新美齊,listed,26.35,26.95,26.2,26.65,1328898.0,35544078.0,,data/daily_price/20250801.csv,26.26,25.65,25.3633,25.2588,25.7172,0.947,3.4951,7.8947,6.3872,7.0281,561139.7,2.3682,26.95,26.95,28.5,24.0,24.0,18.8,3.8986,5.0729,5.508,3.6271,-1.1132,-1.1132,-6.4912,11.0417,41.7553
20250804,2442,新美齊,listed,26.65,27.65,26.55,27.45,2088736.0,56435134.0,,data/daily_price/20250804.csv,26.59,25.7875,25.4042,25.2746,25.8616,3.0019,6.3953,11.1336,9.8,7.4364,653219.9,3.1976,27.65,27.65,28.5,24.0,24.0,18.8,6.4469,8.0531,8.6071,6.1419,-0.7233,-0.7233,-3.6842,14.375,46.0106
20250805,2442,新美齊,listed,27.5,27.6,26.75,27.1,1733824.0,47108217.0,,data/daily_price/20250805.csv,26.82,25.925,25.4367,25.2917,25.9648,-1.275,4.4316,11.2936,7.7535,8.1836,723413.25,2.3967,27.65,27.65,28.5,24.0,24.0,18.8,4.5323,6.5391,7.1499,4.3721,-1.9892,-1.9892,-4.9123,12.9167,44.1489
20250806,2442,新美齊,listed,27.0,27.45,27.0,27.3,1498350.0,40872615.0,,data/daily_price/20250806.csv,26.98,26.03,25.465,25.3054,26.0761,0.738,3.0189,8.3333,6.6406,6.4327,766023.95,1.956,27.65,27.65,28.5,24.8,24.0,18.8,4.879,7.206,7.882,4.6937,-1.2658,-1.2658,-4.2105,13.75,45.2128
20250807,2442,新美齊,listed,27.3,27.5,27.0,27.3,960940.0,26171403.0,,data/daily_price/20250807.csv,27.16,26.13,25.4908,25.3196,26.1781,0.0,3.4091,7.9051,6.0194,6.6406,793747.3,1.2106,27.65,27.65,28.5,24.9,24.0,18.8,4.4776,7.0973,7.8217,4.2858,-1.2658,-1.2658,-4.2105,13.75,45.2128
20250808,2442,新美齊,listed,27.3,27.45,26.6,26.6,1342563.0,36366269.0,,data/daily_price/20250808.csv,27.15,26.1875,25.5017,25.3233,26.2132,-2.5641,-0.1876,4.5187,2.5048,1.7208,829595.15,1.6183,27.65,27.65,28.5,24.9,24.0,18.8,1.5752,4.3069,5.0415,1.4755,-3.7975,-3.7975,-6.6667,10.8333,41.4894
20250811,2442,新美齊,listed,26.5,26.95,26.1,26.15,801962.0,21250501.0,,data/daily_price/20250811.csv,26.89,26.2225,25.5133,25.3196,26.208,-1.6917,-4.7359,2.7505,2.7505,-1.6917,858128.55,0.9345,27.65,27.65,28.5,24.9,24.0,18.8,-0.2765,2.4954,3.2797,-0.2211,-5.425,-5.425,-8.2456,8.9583,39.0957
20250812,2442,新美齊,listed,26.2,26.45,26.0,26.35,490340.0,12845115.0,,data/daily_price/20250812.csv,26.74,26.2625,25.5242,25.3167,26.2198,0.7648,-2.7675,3.1311,2.5292,-1.3109,867691.75,0.5651,27.65,27.65,28.5,24.9,24.0,18.8,0.3332,3.2355,4.0816,0.4966,-4.7016,-4.7016,-7.5439,9.7917,40.1596
20250813,2442,新美齊,listed,26.45,27.2,26.45,27.05,906291.0,24409436.0,,data/daily_price/20250813.csv,26.69,26.34,25.5467,25.32,26.289,2.6565,-0.9158,6.0784,5.2529,1.5009,895282.75,1.0123,27.65,27.65,28.5,24.9,24.0,18.8,2.6955,5.8847,6.8325,2.8948,-2.17,-2.17,-5.0877,12.7083,43.883
20250814,2442,新美齊,listed,27.05,27.35,26.9,27.05,1435543.0,39000776.0,,data/daily_price/20250814.csv,26.64,26.395,25.5692,25.3233,26.3524,0.0,-0.9158,4.2389,5.2529,1.5009,926341.3,1.5497,27.65,27.65,28.5,24.9,24.0,18.8,2.4815,5.7915,6.8185,2.6472,-2.17,-2.17,-5.0877,12.7083,43.883
20250815,2442,新美齊,listed,27.05,27.7,27.0,27.1,1634775.0,44744473.0,,data/daily_price/20250815.csv,26.74,26.46,25.5892,25.3263,26.4147,0.1848,1.8797,5.0388,4.6332,1.3084,992291.8,1.6475,27.7,27.7,28.5,24.9,24.0,18.8,2.4187,5.9042,7.0036,2.5944,-2.1661,-2.1661,-4.9123,12.9167,44.1489
20250818,2442,新美齊,listed,27.2,27.45,27.0,27.1,903610.0,24536285.0,,data/daily_price/20250818.csv,26.93,26.53,25.6258,25.3267,26.4718,0.0,3.6329,5.4475,8.8353,0.1848,1015117.35,0.8902,27.7,27.7,28.5,24.9,24.0,18.8,2.1485,5.7527,7.0018,2.3731,-2.1661,-2.1661,-4.9123,12.9167,44.1489
20250819,2442,新美齊,listed,27.1,27.6,26.9,27.6,1089681.0,29824304.0,,data/daily_price/20250819.csv,27.18,26.645,25.6683,25.32,26.5658,1.845,4.7438,9.0909,10.1796,-2.8169,1043117.15,1.0446,27.7,27.7,28.5,25.15,24.0,18.8,3.5842,7.5255,9.0047,3.8929,-0.361,-0.361,-3.1579,15.0,46.8085
20250820,2442,新美齊,listed,27.6,27.75,27.3,27.35,1064499.0,29259560.0,,data/daily_price/20250820.csv,27.24,26.7175,25.7117,25.3138,26.6312,-0.9058,1.1091,5.5985,10.5051,-2.669,1065917.15,0.9987,27.75,27.75,28.2,25.5,24.0,18.8,2.3674,6.3719,8.044,2.6992,-1.4414,-1.4414,-3.0142,13.9583,45.4787
20250821,2442,新美齊,listed,27.4,27.55,27.05,27.35,1062204.0,28995090.0,,data/daily_price/20250821.csv,27.3,26.795,25.755,25.3104,26.6911,0.0,1.1091,6.0078,10.5051,-1.4414,1108152.7,0.9585,27.75,27.75,27.95,25.5,24.0,18.8,2.0713,6.193,8.0583,2.4687,-1.4414,-1.4414,-2.1467,13.9583,45.4787
20250822,2442,新美齊,listed,27.5,27.8,27.4,27.55,828923.0,22862382.0,,data/daily_price/20250822.csv,27.39,26.885,25.7983,25.3104,26.7626,0.7313,1.6605,6.9903,10.4208,0.0,1133199.55,0.7315,27.8,27.8,27.8,25.5,24.0,18.8,2.4735,6.7898,8.8485,2.942,-0.8993,-0.8993,-0.8993,14.7917,46.5426
20250825,2442,新美齊,listed,27.75,28.3,27.55,28.0,1660105.0,46359778.0,,data/daily_price/20250825.csv,27.57,26.995,25.85,25.3217,26.8658,1.6334,3.321,8.5271,12.4498,5.0657,1205390.85,1.3772,28.3,28.3,28.3,25.5,24.0,18.8,3.7229,8.3172,10.5772,4.2219,-1.0601,-1.0601,-1.0601,16.6667,48.9362
20250826,2442,新美齊,listed,28.2,28.2,27.6,27.7,1019901.0,28481060.0,,data/daily_price/20250826.csv,27.59,27.0825,25.8983,25.3258,26.9353,-1.0714,0.3623,6.7437,11.6935,1.8382,1226429.25,0.8316,28.3,28.3,28.3,25.85,24.0,18.8,2.2801,6.9567,9.3745,2.8391,-2.1201,-2.1201,-2.1201,15.4167,47.3404
20250827,2442,新美齊,listed,27.7,27.95,27.5,27.95,651003.0,18041241.0,,data/daily_price/20250827.csv,27.71,27.155,25.9417,25.335,27.0198,0.9025,2.1938,5.4717,10.2564,4.0968,1192979.15,0.5457,28.3,28.3,28.3,26.0,24.0,18.8,2.9276,7.7417,10.3217,3.4425,-1.2367,-1.2367,-1.2367,16.4583,48.6702
20250828,2442,新美齊,listed,28.0,28.3,28.0,28.05,933700.0,26263675.0,,data/daily_price/20250828.csv,27.85,27.2375,25.9825,25.3438,27.1057,0.3578,2.5594,6.25,9.5703,3.8889,1171792.4,0.7968,28.3,28.3,28.3,26.0,24.0,18.8,2.983,7.9573,10.6782,3.4838,-0.8834,-0.8834,-0.8834,16.875,49.2021
20250829,2442,新美齊,listed,28.25,28.5,28.05,28.05,1192803.0,33779078.0,,data/daily_price/20250829.csv,27.95,27.3075,26.015,25.3583,27.1844,0.0,1.8149,5.2533,7.4713,6.654,1164987.65,1.0239,28.5,28.5,28.5,26.0,24.0,18.8,2.719,7.8224,10.6145,3.1843,-1.5789,-1.5789,-1.5789,16.875,49.2021
20250901,2442,新美齊,listed,28.15,28.65,27.9,28.25,868756.0,24493195.0,,data/daily_price/20250901.csv,28.0,27.3475,26.0667,25.3754,27.2732,0.713,0.8929,2.9144,12.326,7.8244,1103988.65,0.7869,28.65,28.65,28.65,26.0,24.0,18.8,3.3001,8.376,11.3282,3.5816,-1.3962,-1.3962,-1.3962,17.7083,50.266
20250902,2442,新美齊,listed,28.3,29.15,28.3,28.95,2055070.0,59272683.0,,data/daily_price/20250902.csv,28.25,27.44,26.1233,25.395,27.4129,2.4779,4.5126,6.8266,13.3072,8.8346,1120050.95,1.8348,29.15,29.15,29.15,26.0,24.0,18.8,5.5029,10.8205,13.9988,5.6072,-0.6861,-0.6861,-0.6861,20.625,53.9894
20250903,2442,新美齊,listed,28.95,29.0,27.9,28.25,1857432.0,52829479.0,,data/daily_price/20250903.csv,28.31,27.4875,26.1708,25.4088,27.4827,-2.418,1.0733,3.4799,11.2205,6.203,1138005.05,1.6322,29.15,29.15,29.15,26.0,24.0,18.8,2.774,7.9446,11.1822,2.792,-3.0875,-3.0875,-3.0875,17.7083,50.266
20250904,2442,新美齊,listed,28.3,30.45,28.3,30.0,5796128.0,173204150.0,,data/daily_price/20250904.csv,28.7,27.6225,26.2467,25.4379,27.6925,6.1947,6.9519,9.8901,17.8782,13.2075,1379764.45,4.2008,30.45,30.45,30.45,26.0,24.0,18.8,8.6071,14.3002,17.9342,8.3328,-1.4778,-1.4778,-1.4778,25.0,59.5745
20250905,2442,新美齊,listed,30.0,30.0,27.8,27.8,5397674.0,153418541.0,,data/daily_price/20250905.csv,28.65,27.6825,26.2925,25.4542,27.7014,-7.3333,-0.8913,4.5113,10.978,7.5435,1582520.0,3.4108,30.45,30.45,30.45,26.0,24.0,18.8,0.4245,5.7336,9.2159,0.3559,-8.7028,-8.7028,-8.7028,15.8333,47.8723
20250909,2442,新美齊,listed,26.4,27.15,26.35,27.05,1192954.0,31845492.0,,data/daily_price/20250909.csv,28.41,27.7275,26.3233,25.46,27.6471,-2.6978,-4.2478,3.4417,7.3413,2.6565,1602069.6,0.7446,30.45,30.45,30.45,26.0,24.0,18.8,-2.4434,2.7605,6.2451,-2.1598,-11.1658,-11.1658,-11.1658,12.7083,43.883
20250910,2442,新美齊,listed,26.8,27.6,26.5,26.5,897448.0,23943822.0,,data/daily_price/20250910.csv,27.92,27.735,26.3383,25.4625,27.5515,-2.0333,-8.4629,0.5693,3.5156,1.145,1622425.0,0.5532,30.45,30.45,30.45,26.35,24.0,18.8,-4.4529,0.6138,4.0746,-3.8166,-12.9721,-12.9721,-12.9721,10.4167,40.9574
20250911,2442,新美齊,listed,26.55,26.55,25.85,25.95,1254282.0,32759693.0,,data/daily_price/20250911.csv,27.46,27.68,26.345,25.4608,27.4181,-2.0755,-8.1416,-4.0665,1.5656,-0.7648,1639824.55,0.7649,30.45,30.45,30.45,25.85,24.0,18.8,-6.25,-1.4993,1.9213,-5.3544,-14.7783,-14.7783,-14.7783,8.125,38.0319
20250917,2442,新美齊,listed,26.95,26.95,26.3,26.4,563788.0,14918085.0,,data/daily_price/20250917.csv,26.74,27.6475,26.3642,25.4667,27.3332,1.7341,-12.0,-2.403,4.5545,2.7237,1596236.8,0.3532,30.45,30.45,30.45,25.85,24.0,18.8,-4.5122,0.1359,3.6649,-3.4143,-13.3005,-13.3005,-13.3005,10.0,40.4255
20250918,2442,新美齊,listed,26.5,26.55,26.1,26.4,558232.0,14652697.0,,data/daily_price/20250918.csv,26.46,27.6125,26.3825,25.4717,27.2555,0.0,-5.036,-2.583,4.3478,2.3256,1542409.65,0.3619,30.45,30.45,30.45,25.85,24.0,18.8,-4.3911,0.0663,3.6446,-3.1387,-13.3005,-13.3005,-13.3005,10.0,40.4255
20250919,2442,新美齊,listed,26.4,26.4,25.25,25.35,1462488.0,37572607.0,,data/daily_price/20250919.csv,26.12,27.525,26.39,25.4654,27.0967,-3.9773,-6.2847,-6.4576,1.8072,-2.8736,1570353.55,0.9313,30.45,30.45,30.45,25.25,24.0,18.8,-7.9019,-3.9409,-0.4532,-6.4461,-16.7488,-16.7488,-16.7488,5.625,34.8404
20250922,2442,新美齊,listed,25.2,25.35,25.0,25.15,1016621.0,25529806.0,,data/daily_price/20250922.csv,25.85,27.4025,26.3875,25.4588,26.9345,-0.789,-5.0943,-8.8768,-0.5929,-3.0829,1566700.55,0.6489,30.45,30.45,30.45,25.0,24.0,18.8,-8.2201,-4.6897,-1.2127,-6.6252,-17.4056,-17.4056,-17.4056,4.7917,33.7766
20250923,2442,新美齊,listed,25.15,25.4,25.05,25.2,449329.0,11305455.0,,data/daily_price/20250923.csv,25.7,27.295,26.3917,25.4529,26.7899,0.1988,-2.8902,-7.8611,1.002,-2.7027,1535942.05,0.2925,30.45,30.45,30.45,25.0,24.0,18.8,-7.6754,-4.5153,-0.9937,-5.9348,-17.2414,-17.2414,-17.2414,5.0,34.0426
20250924,2442,新美齊,listed,25.4,25.7,25.4,25.7,399446.0,10191740.0,,data/daily_price/20250924.csv,25.56,27.2125,26.4042,25.4483,26.6991,1.9841,-2.6515,-6.0329,3.006,-2.0952,1502804.15,0.2658,30.45,30.45,30.45,25.0,24.0,18.8,-5.5581,-2.6669,0.9889,-3.742,-15.5993,-15.5993,-15.5993,7.0833,36.7021
20250925,2442,新美齊,listed,25.7,25.9,25.4,25.65,297131.0,7603937.0,,data/daily_price/20250925.csv,25.41,27.1175,26.4175,25.4396,26.6117,-0.1946,-2.8409,-6.8966,3.2193,-3.9326,1476214.55,0.2013,30.45,30.45,30.45,25.0,24.0,18.8,-5.4116,-2.9053,0.8271,-3.6137,-15.7635,-15.7635,-15.7635,6.875,36.4362
20250926,2442,新美齊,listed,25.65,26.1,25.0,25.25,795155.0,20139155.0,,data/daily_price/20250926.csv,25.39,26.98,26.4325,25.4333,26.4982,-1.5595,-0.3945,-9.8214,3.6961,-2.8846,1432967.05,0.5549,30.45,30.45,30.45,25.0,24.0,18.8,-6.4122,-4.4737,-0.7208,-4.7105,-17.0772,-17.0772,-17.0772,5.2083,34.3085
20250930,2442,新美齊,listed,25.25,25.75,25.15,25.7,277500.0,7051890.0,,data/daily_price/20250930.csv,25.5,26.88,26.4492,25.4404,26.4317,1.7822,2.1869,-7.2202,4.0486,3.4205,1395847.0,0.1988,30.45,30.45,30.45,25.0,24.0,18.8,-4.3899,-2.8325,1.0204,-2.7682,-15.5993,-15.5993,-15.5993,7.0833,36.7021
20251001,2442,新美齊,listed,25.75,25.75,25.25,25.6,604786.0,15402410.0,,data/daily_price/20251001.csv,25.58,26.7625,26.465,25.4467,26.3624,-0.3891,1.5873,-8.4079,3.854,3.0181,1393536.15,0.434,30.45,30.45,30.45,25.0,24.0,18.8,-4.3438,-3.2685,0.6026,-2.8919,-15.9278,-15.9278,-15.9278,6.6667,36.1702
20251002,2442,新美齊,listed,25.4,25.9,25.4,25.8,326516.0,8397572.0,,data/daily_price/20251002.csv,25.6,26.65,26.48,25.4529,26.3155,0.7812,0.3891,-8.0214,3.6145,2.994,1363176.95,0.2395,30.45,30.45,30.45,25.0,24.0,18.8,-3.1895,-2.568,1.3636,-1.9589,-15.2709,-15.2709,-15.2709,7.5,37.234
20251003,2442,新美齊,listed,25.8,25.8,24.85,25.0,872755.0,22013776.0,,data/daily_price/20251003.csv,25.47,26.4975,26.485,25.4733,26.2059,-3.1008,-2.5341,-10.8734,1.2146,10.8647,1347174.55,0.6478,30.45,30.45,30.45,24.85,24.0,18.8,-5.6515,-5.6069,-1.8582,-4.6016,-17.8982,-17.8982,-17.8982,4.1667,32.9787
20251007,2442,新美齊,listed,25.05,25.5,25.0,25.25,571672.0,14434678.0,,data/daily_price/20251007.csv,25.47,26.3475,26.4942,25.5108,26.1262,1.0,0.0,-10.6195,2.2267,21.6867,1332320.35,0.4291,30.45,30.45,30.45,24.85,24.0,18.8,-4.1655,-4.696,-1.0224,-3.3538,-17.0772,-17.0772,-17.0772,5.2083,34.3085
20251008,2442,新美齊,listed,25.25,25.4,25.15,25.3,226210.0,5712385.0,,data/daily_price/20251008.csv,25.39,26.165,26.51,25.5604,26.0574,0.198,-1.5564,-12.6079,3.9014,30.7494,1240877.35,0.1823,30.45,30.45,30.45,24.85,24.0,21.2,-3.3059,-4.5643,-1.0188,-2.9066,-16.913,-16.913,-16.913,5.4167,19.3396
20251009,2442,新美齊,listed,25.3,25.5,25.0,25.3,646416.0,16333640.0,,data/daily_price/20251009.csv,25.33,26.0175,26.5117,25.5942,25.9943,0.0,-1.1719,-10.4425,0.3968,19.0588,1180326.55,0.5477,30.45,30.45,30.45,24.85,24.8,21.45,-2.7578,-4.5703,-1.1494,-2.6708,-16.913,-16.913,-16.913,2.0161,17.9487
20251013,2442,新美齊,listed,24.5,25.2,24.4,25.05,810536.0,20196893.0,,data/daily_price/20251013.csv,25.18,25.77,26.5075,25.6208,25.9156,-0.9881,-2.907,-16.5,-0.9881,14.6453,931046.95,0.8706,30.0,30.45,30.45,24.4,24.4,21.95,-2.7939,-5.4984,-2.228,-3.34,-16.5,-17.734,-17.734,2.6639,14.123
20251014,2442,新美齊,listed,25.05,25.95,25.05,25.45,803950.0,20540923.0,,data/daily_price/20251014.csv,25.27,25.6525,26.5075,25.6421,25.8768,1.5968,1.8,-8.4532,0.0,11.1354,701360.75,1.1463,27.6,30.45,30.45,24.4,24.4,22.1,-0.7894,-3.9894,-0.7491,-1.6492,-7.7899,-16.4204,-16.4204,4.3033,15.1584
20251016,2442,新美齊,listed,25.3,25.45,24.8,24.95,848249.0,21184450.0,,data/daily_price/20251016.csv,25.21,25.5475,26.4992,25.6617,25.7995,-1.9646,-1.1881,-7.7634,-1.9646,10.3982,684125.5,1.2399,27.6,30.45,30.45,24.4,24.4,22.1,-2.3388,-5.8461,-2.7733,-3.2929,-9.6014,-18.0624,-18.0624,2.2541,12.8959
20251020,2442,新美齊,listed,25.5,25.65,25.0,25.25,456267.0,11525004.0,,data/daily_price/20251020.csv,25.2,25.485,26.4942,25.6804,25.7537,1.2024,-0.1976,-4.717,-1.1742,9.7826,662066.45,0.6892,26.95,30.45,30.45,24.4,24.4,22.1,-0.9221,-4.696,-1.6761,-1.956,-6.308,-17.0772,-17.0772,3.4836,14.2534
20251021,2442,新美齊,listed,25.25,25.5,25.25,25.25,408543.0,10353963.0,,data/daily_price/20251021.csv,25.19,25.45,26.49,25.6996,25.7118,0.0,-0.1976,-2.6975,-0.9804,10.0218,619779.5,0.6592,26.95,30.45,30.45,24.4,24.4,22.1,-0.7859,-4.681,-1.7494,-1.7959,-6.308,-17.0772,-17.0772,3.4836,14.2534
20251022,2442,新美齊,listed,25.25,25.9,25.25,25.75,767425.0,19676645.0,,data/daily_price/20251022.csv,25.33,25.4175,26.4867,25.7258,25.715,1.9802,2.7944,-2.4621,-0.7707,13.9381,629961.35,1.2182,26.55,30.45,30.45,24.4,24.4,22.1,1.3082,-2.7813,0.0939,0.1363,-3.0132,-15.4351,-15.4351,5.5328,16.5158
20251023,2442,新美齊,listed,25.75,25.9,25.55,25.75,540654.0,13927236.0,,data/daily_price/20251023.csv,25.39,25.385,26.4858,25.7546,25.7179,0.0,1.1788,-2.4621,-0.1938,15.4709,629082.45,0.8594,26.4,30.45,30.45,24.4,24.4,22.35,1.4379,-2.7782,-0.0178,0.1249,-2.4621,-15.4351,-15.4351,5.5328,15.2125
20251027,2442,新美齊,listed,25.75,25.9,25.5,25.85,449124.0,11564950.0,,data/daily_price/20251027.csv,25.57,25.41,26.4883,25.78,25.7289,0.3883,3.6072,1.9724,0.5837,13.3772,578414.25,0.7765,26.1,30.45,30.45,24.4,24.4,22.5,1.7316,-2.4099,0.2715,0.4707,-0.9579,-15.1067,-15.1067,5.9426,14.8889
20251028,2442,新美齊,listed,25.85,26.05,25.6,26.0,396162.0,10227678.0,,data/daily_price/20251028.csv,25.72,25.4525,26.5,25.8079,25.7515,0.5803,2.9703,3.3797,2.7668,14.7903,547391.3,0.7237,26.1,30.45,30.45,24.4,24.4,22.65,2.1511,-1.8868,0.7443,0.9651,-0.3831,-14.6141,-14.6141,6.5574,14.7903
20251029,2442,新美齊,listed,25.95,26.35,25.9,26.15,620573.0,16180962.0,,data/daily_price/20251029.csv,25.9,25.5,26.5042,25.8358,25.7847,0.5769,3.5644,3.7698,0.9653,14.693,555953.5,1.1162,26.35,30.45,30.45,24.4,24.4,22.8,2.549,-1.3363,1.216,1.4168,-0.759,-14.1215,-14.1215,7.1721,14.693
20251030,2442,新美齊,listed,26.15,26.4,25.65,25.8,736689.0,19073812.0,,data/daily_price/20251030.csv,25.91,25.505,26.5042,25.8562,25.786,-1.3384,0.1942,0.3891,0.0,10.4925,572815.65,1.2861,26.4,30.45,30.45,24.4,24.4,23.25,1.1566,-2.6568,-0.2175,0.0544,-2.2727,-15.2709,-15.2709,5.7377,10.9677
20251031,2442,新美齊,listed,25.7,25.95,25.45,25.5,484228.0,12415548.0,,data/daily_price/20251031.csv,25.86,25.4975,26.5,25.8717,25.7621,-1.1628,-0.9709,-0.5848,-0.9709,7.8224,582170.5,0.8318,26.4,30.45,30.45,24.4,24.4,23.25,0.0098,-3.7736,-1.4366,-1.0175,-3.4091,-16.2562,-16.2562,4.5082,9.6774
20251103,2442,新美齊,TWSE,25.5,25.65,25.05,25.15,674686.0,,,data/daily_price/20251103.csv,25.72,25.4925,26.4892,25.8862,25.7111,-1.3725,-2.7079,-0.396,-2.5194,7.4786,576147.05,1.171,26.4,30.45,30.45,24.4,24.4,23.5,-1.3435,-5.0555,-2.8442,-2.1824,-4.7348,-17.4056,-17.4056,3.0738,7.0213
20251104,2442,新美齊,TWSE,25.15,25.15,24.55,24.65,739064.0,,,data/daily_price/20251104.csv,25.45,25.44,26.4675,25.8833,25.6227,-1.9881,-5.1923,-4.0856,-5.0096,-1.4,599225.25,1.2334,26.4,30.45,30.45,24.4,24.4,24.0,-3.1053,-6.8669,-4.765,-3.7962,-6.6288,-19.0476,-19.0476,1.0246,2.7083
20251105,2442,新美齊,TWSE,24.7,24.7,24.35,24.5,350572.0,,,data/daily_price/20251105.csv,25.12,25.385,26.4342,25.8763,25.5291,-0.6085,-6.3098,-4.2969,-7.5472,-3.3531,586514.55,0.5977,26.4,30.45,30.45,24.35,24.35,24.0,-3.4863,-7.3169,-5.3186,-4.0312,-7.197,-19.5402,-19.5402,0.616,2.0833
20251106,2442,新美齊,TWSE,24.65,25.0,24.65,24.95,247271.0,,,data/daily_price/20251106.csv,24.95,25.3425,26.41,25.8733,25.4809,1.8367,-3.2946,-3.2946,-5.4924,-1.3834,582552.3,0.4245,26.4,30.45,30.45,24.35,24.35,24.0,-1.5488,-5.5282,-3.5687,-2.0834,-5.4924,-18.0624,-18.0624,2.4641,3.9583
20251107,2442,新美齊,TWSE,24.95,24.95,24.7,24.85,171670.0,,,data/daily_price/20251107.csv,24.82,25.335,26.38,25.8717,25.4283,-0.4008,-2.549,-0.6,-6.7542,-0.7984,547498.05,0.3136,26.4,30.45,30.45,24.35,24.35,24.0,-1.9143,-5.7998,-3.949,-2.2742,-5.8712,-18.3908,-18.3908,2.0534,3.5417
20251110,2442,新美齊,TWSE,24.5,24.65,23.35,24.0,1377543.0,,,data/daily_price/20251110.csv,24.59,25.2725,26.3225,25.8633,25.3093,-3.4205,-4.5726,-4.9505,-12.5683,-4.0,587791.6,2.3436,26.4,30.45,30.45,23.35,23.35,23.35,-5.0351,-8.8233,-7.2045,-5.1731,-9.0909,-21.1823,-21.1823,2.7837,2.7837
20251111,2442,新美齊,TWSE,24.1,24.3,23.8,23.95,272985.0,,,data/daily_price/20251111.csv,24.45,25.205,26.27,25.8533,25.196,-0.2083,-2.8398,-5.336,-11.6236,-4.7714,590130.35,0.4626,26.4,30.45,30.45,23.35,23.35,23.35,-4.9792,-8.8314,-7.362,-4.9452,-9.2803,-21.3465,-21.3465,2.5696,2.5696
20251112,2442,新美齊,TWSE,24.0,24.1,23.35,23.5,761899.0,,,data/daily_price/20251112.csv,24.25,25.115,26.2067,25.8358,25.0547,-1.8789,-4.0816,-7.1146,-13.9194,-8.2031,595904.5,1.2786,26.4,30.45,30.45,23.35,23.35,23.35,-6.4304,-10.3282,-9.0411,-6.2051,-10.9848,-22.8243,-22.8243,0.6424,0.6424
20251113,2442,新美齊,TWSE,23.5,23.6,23.2,23.2,530540.0,,,data/daily_price/20251113.csv,23.9,25.0225,26.1383,25.8146,24.9001,-1.2766,-7.014,-7.3852,-15.0183,-9.9029,581904.7,0.9117,26.4,30.45,30.45,23.2,23.2,23.2,-7.2834,-11.2415,-10.1283,-6.8277,-12.1212,-23.8095,-23.8095,0.0,0.0
20251114,2442,新美齊,TWSE,23.2,23.3,22.95,23.2,567297.0,,,data/daily_price/20251114.csv,23.57,24.91,26.0817,25.7917,24.7584,0.0,-6.6398,-8.8409,-12.782,-10.5973,570072.05,0.9951,26.4,30.45,30.45,22.95,22.95,22.95,-6.8647,-11.0486,-10.0485,-6.2946,-12.1212,-23.8095,-23.8095,1.0893,1.0893
20251117,2442,新美齊,TWSE,23.2,23.65,22.9,23.55,517530.0,,,data/daily_price/20251117.csv,23.48,24.84,26.0383,25.7758,24.6577,1.5086,-1.875,-5.6112,-9.9426,-7.4656,553536.1,0.935,26.4,30.45,30.45,22.9,22.9,22.9,-5.1932,-9.5564,-8.6353,-4.4924,-10.7955,-22.6601,-22.6601,2.8384,2.8384
20251118,2442,新美齊,TWSE,23.5,23.55,22.7,23.0,706479.0,,,data/daily_price/20251118.csv,23.29,24.7275,25.9825,25.7533,24.5196,-2.3355,-3.9666,-8.9109,-12.7135,-10.5058,566046.7,1.2481,26.4,30.45,30.45,22.7,22.7,22.7,-6.9861,-11.4789,-10.6912,-6.1975,-12.8788,-24.4663,-24.4663,1.3216,1.3216
20251119,2442,新美齊,TWSE,23.15,23.15,22.85,23.0,294445.0,,,data/daily_price/20251119.csv,23.19,24.615,25.915,25.7308,24.393,0.0,-2.1277,-8.9109,-14.9723,-10.5058,560341.8,0.5255,26.4,30.45,30.45,22.7,22.7,22.7,-6.561,-11.2483,-10.6131,-5.7105,-12.8788,-24.4663,-24.4663,1.3216,1.3216
20251120,2442,新美齊,TWSE,23.25,23.35,23.15,23.2,251594.0,,,data/daily_price/20251120.csv,23.19,24.4875,25.8508,25.71,24.2935,0.8696,0.0,-9.9029,-14.2329,-9.7276,534550.25,0.4707,26.4,30.45,30.45,22.7,22.7,22.7,-5.2578,-10.2543,-9.7627,-4.5014,-12.1212,-23.8095,-23.8095,2.2026,2.2026
20251121,2442,新美齊,TWSE,23.15,23.35,22.85,22.95,351684.0,,,data/daily_price/20251121.csv,23.14,24.3475,25.7817,25.6854,24.1816,-1.0776,-1.0776,-10.8738,-15.3137,-11.39,525101.75,0.6697,26.4,30.45,30.45,22.7,22.7,22.7,-5.7398,-10.9833,-10.6497,-5.0931,-13.0682,-24.6305,-24.6305,1.1013,1.1013
20251124,2442,新美齊,TWSE,23.0,23.65,23.0,23.5,323888.0,,,data/daily_price/20251124.csv,23.13,24.23,25.7217,25.6737,24.1248,2.3965,-0.2123,-9.0909,-13.2841,-5.6225,518839.95,0.6243,26.4,30.45,30.45,22.7,22.7,22.7,-3.0128,-8.6373,-8.4668,-2.5898,-10.9848,-22.8243,-22.8243,3.5242,3.5242
20251125,2442,新美齊,TWSE,23.65,24.0,23.55,23.95,306732.0,,,data/daily_price/20251125.csv,23.32,24.1275,25.6608,25.6646,24.1102,1.9149,4.1304,-7.8846,-13.2246,-4.3912,514368.45,0.5963,26.4,30.45,30.45,22.7,22.7,22.7,-0.7357,-6.6671,-6.6807,-0.6645,-9.2803,-21.3465,-21.3465,5.5066,5.5066
20251126,2442,新美齊,TWSE,24.2,24.7,24.2,24.5,639831.0,,,data/daily_price/20251126.csv,23.62,24.045,25.6133,25.6625,24.1427,2.2965,6.5217,-6.3098,-10.4205,-1.0101,515331.35,1.2416,26.4,30.45,30.45,22.7,22.7,22.7,1.8923,-4.3467,-4.53,1.4799,-7.197,-19.5402,-19.5402,7.9295,7.9295
20251127,2442,新美齊,TWSE,24.5,24.7,24.45,24.65,255082.0,,,data/daily_price/20251127.csv,23.91,23.9875,25.5683,25.6617,24.185,0.6122,6.25,-4.4574,-9.872,-0.404,491251.0,0.5192,25.95,30.45,30.45,22.7,22.7,22.7,2.7619,-3.5917,-3.9423,1.9228,-5.0096,-19.0476,-19.0476,8.5903,8.5903
20251128,2442,新美齊,TWSE,24.65,25.15,24.45,25.0,394928.0,,,data/daily_price/20251128.csv,24.32,23.9625,25.5258,25.6621,24.2529,1.4199,8.9325,-1.9608,-9.2559,0.2004,486786.0,0.8113,25.65,30.45,30.45,22.7,22.7,22.7,4.3297,-2.06,-2.58,3.0805,-2.5341,-17.8982,-17.8982,10.1322,10.1322
20251201,2442,新美齊,TWSE,24.95,25.2,24.55,24.6,247832.0,,,data/daily_price/20251201.csv,24.54,23.935,25.4692,25.6596,24.2818,-1.6,4.6809,-2.1869,-12.1429,-1.2048,465443.3,0.5325,25.2,30.45,30.45,22.7,22.7,22.7,2.7784,-3.4126,-4.1294,1.3104,-2.381,-19.2118,-19.2118,8.37,8.37
20251202,2442,新美齊,TWSE,24.85,24.9,24.55,24.9,162286.0,,,data/daily_price/20251202.csv,24.73,23.9475,25.4225,25.6604,24.3333,1.2195,3.9666,1.0142,-10.1083,0.4032,436604.4,0.3717,25.2,30.45,30.45,22.7,22.7,22.7,3.9775,-2.0553,-2.9634,2.3288,-1.1905,-18.2266,-18.2266,9.6916,9.6916
20251203,2442,新美齊,TWSE,24.9,25.35,24.8,25.35,428687.0,,,data/daily_price/20251203.csv,24.9,23.99,25.3792,25.6604,24.4181,1.8072,3.4694,3.4694,-9.3023,0.0,440510.15,0.9732,25.35,30.45,30.45,22.7,22.7,22.7,5.669,-0.1149,-1.2097,3.8166,0.0,-16.7488,-16.7488,11.674,11.674
20251204,2442,新美齊,TWSE,25.3,25.65,25.3,25.45,403286.0,,,data/daily_price/20251204.csv,25.06,24.015,25.3358,25.6592,24.5041,0.3945,3.2454,2.004,-9.2692,-0.5859,448310.9,0.8996,25.65,30.45,30.45,22.7,22.7,22.7,5.9754,0.4506,-0.8152,3.8604,-0.7797,-16.4204,-16.4204,12.1145,12.1145
20251205,2442,新美齊,TWSE,25.55,25.55,25.05,25.4,325354.0,,,data/daily_price/20251205.csv,25.14,24.0425,25.2917,25.6533,24.5787,-0.1965,1.6,2.2133,-9.4474,-2.682,455995.1,0.7135,25.65,30.45,30.45,22.7,22.7,22.7,5.6463,0.4283,-0.9875,3.3415,-0.9747,-16.5846,-16.5846,11.8943,11.8943
20251208,2442,新美齊,TWSE,25.4,25.8,25.25,25.45,443153.0,,,data/daily_price/20251208.csv,25.31,24.115,25.245,25.6558,24.6513,0.1969,3.4553,6.0417,-9.9115,1.1928,409275.6,1.0828,25.8,30.45,30.45,22.7,22.7,22.7,5.536,0.812,-0.8023,3.2399,-1.3566,-16.4204,-16.4204,12.1145,12.1145
20251209,2442,新美齊,TWSE,25.45,25.45,24.95,25.1,295374.0,,,data/daily_price/20251209.csv,25.35,24.1725,25.1808,25.6521,24.6887,-1.3752,0.8032,4.8017,-13.2988,-1.7613,410395.05,0.7197,25.8,30.45,30.45,22.7,22.7,22.7,3.837,-0.321,-2.1522,1.6659,-2.7132,-17.5698,-17.5698,10.5727,10.5727
20251210,2442,新美齊,TWSE,24.8,24.9,24.5,24.8,359150.0,,,data/daily_price/20251210.csv,25.24,24.2375,25.1233,25.6471,24.698,-1.1952,-2.1696,5.5319,-12.2124,-2.3622,390257.6,0.9203,25.8,30.45,30.45,22.7,22.7,22.7,2.3208,-1.287,-3.3028,0.413,-3.876,-18.555,-18.555,9.2511,9.2511
20251211,2442,新美齊,TWSE,24.8,25.0,24.65,24.95,251952.0,,,data/daily_price/20251211.csv,25.14,24.325,25.0392,25.6429,24.719,0.6048,-1.9646,7.5431,-16.8333,-1.9646,376328.2,0.6695,25.8,30.0,30.45,22.7,22.7,22.7,2.5694,-0.3561,-2.7022,0.9346,-3.2946,-16.8333,-18.0624,9.9119,9.9119
20251212,2442,新美齊,TWSE,25.3,26.2,25.25,26.05,1539326.0,,,data/daily_price/20251212.csv,25.27,24.4675,25.01,25.6512,24.8299,4.4088,2.5591,12.2845,-6.295,3.992,424929.65,3.6225,26.2,27.6,30.45,22.7,22.7,22.7,6.4678,4.1583,1.5545,4.9138,-0.5725,-5.6159,-14.4499,14.7577,14.7577
20251215,2442,新美齊,TWSE,26.05,26.15,25.45,26.0,571940.0,,,data/daily_price/20251215.csv,25.38,24.59,24.9925,25.6579,24.9274,-0.1919,2.1611,10.4034,-3.8817,3.1746,427650.15,1.3374,26.2,27.6,30.45,22.7,22.7,22.7,5.734,4.0312,1.3332,4.3028,-0.7634,-5.7971,-14.6141,14.5374,14.5374
20251216,2442,新美齊,TWSE,25.85,25.85,25.35,25.7,328241.0,,,data/daily_price/20251216.csv,25.5,24.725,24.9792,25.6588,24.9918,-1.1538,2.3904,11.7391,-3.0189,0.3906,408738.25,0.8031,26.2,26.95,30.45,22.85,22.7,22.7,3.9434,2.8857,0.1608,2.8338,-1.9084,-4.6382,-15.5993,13.2159,13.2159
20251217,2442,新美齊,TWSE,25.7,26.1,25.4,25.65,728210.0,,,data/daily_price/20251217.csv,25.67,24.8575,24.9742,25.6596,25.0466,-0.1946,3.4274,11.5217,-1.1561,0.3914,430426.5,1.6918,26.2,26.95,30.45,22.85,22.7,22.7,3.1882,2.7061,-0.0373,2.4089,-2.0992,-4.8237,-15.7635,12.9956,12.9956
20251218,2442,新美齊,TWSE,25.5,25.75,25.4,25.7,253093.0,,,data/daily_price/20251218.csv,25.82,24.9825,24.9625,25.6633,25.1011,0.1949,3.006,10.7759,-2.6515,1.7822,430501.45,0.5879,26.2,26.55,30.45,22.85,22.7,22.7,2.872,2.9544,0.1429,2.386,-1.9084,-3.2015,-15.5993,13.2159,13.2159
20251219,2442,新美齊,TWSE,25.5,26.05,25.5,25.85,240935.0,,,data/daily_price/20251219.csv,25.78,25.1275,24.9533,25.6679,25.1635,0.5837,-0.7678,12.6362,-2.0833,2.1739,424964.0,0.567,26.2,26.4,30.45,23.0,22.7,22.7,2.8753,3.5934,0.7094,2.7282,-1.3359,-2.0833,-15.1067,13.8767,13.8767
20251222,2442,新美齊,TWSE,25.85,26.05,25.6,25.85,460635.0,,,data/daily_price/20251222.csv,25.75,25.245,24.9617,25.6758,25.2207,0.0,-0.5769,10.0,1.9724,3.8153,431801.35,1.0668,26.2,26.4,30.45,23.55,22.7,22.7,2.3965,3.5588,0.6783,2.4951,-1.3359,-2.0833,-15.1067,13.8767,13.8767
20251223,2442,新美齊,TWSE,26.05,26.15,25.7,26.15,521608.0,,,data/daily_price/20251223.csv,25.84,25.355,24.9783,25.6829,25.2981,1.1605,1.751,9.1858,3.9761,3.3597,442545.15,1.1787,26.2,26.4,30.45,24.2,22.7,22.7,3.1355,4.6907,1.8187,3.3672,-0.1908,-0.947,-14.1215,15.1982,15.1982
20251224,2442,新美齊,TWSE,26.15,27.0,26.15,26.45,1041222.0,,,data/daily_price/20251224.csv,26.0,25.4525,24.9992,25.6954,25.3941,1.1472,3.1189,7.9592,4.9603,6.012,462614.7,2.2507,27.0,27.0,30.45,24.45,22.7,22.7,3.9191,5.8035,2.9366,4.1579,-2.037,-2.037,-13.1363,16.5198,16.5198
20251226,2442,新美齊,TWSE,26.45,26.7,26.3,26.5,346229.0,,,data/daily_price/20251226.csv,26.16,25.545,25.0125,25.7083,25.4863,0.189,3.1128,7.5051,3.1128,6.2124,467172.05,0.7411,27.0,27.0,30.45,24.45,22.7,22.7,3.7385,5.947,3.0794,3.9775,-1.8519,-1.8519,-12.9721,16.7401,16.7401
20251229,2442,新美齊,TWSE,26.6,26.75,26.25,26.4,648844.0,,,data/daily_price/20251229.csv,26.27,25.615,25.025,25.7212,25.5624,-0.3774,2.1277,5.6,2.924,6.2374,479867.85,1.3521,27.0,27.0,30.45,24.5,22.7,22.7,3.0646,5.4945,2.6389,3.2765,-2.2222,-2.2222,-13.3005,16.2996,16.2996
20251230,2442,新美齊,TWSE,26.2,26.2,25.5,25.65,1033149.0,,,data/daily_price/20251230.csv,26.23,25.6675,25.0317,25.7321,25.5697,-2.8409,-0.7737,4.2683,1.5842,5.3388,519133.7,1.9901,27.0,27.0,30.45,24.5,22.7,22.7,-0.0682,2.4702,-0.319,0.3139,-5.0,-5.0,-15.7635,12.9956,12.9956
20251231,2442,新美齊,TWSE,25.7,25.7,24.3,25.0,1286383.0,,,data/daily_price/20251231.csv,26.0,25.6725,25.02,25.7346,25.5223,-2.5341,-4.3977,0.4016,-2.7237,1.2146,575338.55,2.2359,27.0,27.0,30.45,24.3,22.7,22.7,-2.6195,-0.0799,-2.8545,-2.0463,-7.4074,-7.4074,-17.8982,10.1322,10.1322
20260102,2442,新美齊,TWSE,25.0,25.2,24.9,25.1,518368.0,,,data/daily_price/20260102.csv,25.73,25.66,25.0117,25.7383,25.4871,0.4,-5.104,-0.9862,-1.9531,1.8256,579822.6,0.894,27.0,27.0,30.45,24.3,22.7,22.7,-2.1824,0.3532,-2.4801,-1.5187,-7.037,-7.037,-17.5698,10.5727,10.5727
20260105,2442,新美齊,TWSE,25.0,25.1,24.65,24.8,932132.0,,,data/daily_price/20260105.csv,25.39,25.6275,24.995,25.7375,25.4298,-1.1952,-6.4151,-2.554,-3.876,-0.4016,606264.9,1.5375,27.0,27.0,30.45,24.3,22.7,22.7,-3.229,-0.7802,-3.6425,-2.4767,-8.1481,-8.1481,-18.555,9.2511,9.2511
20260106,2442,新美齊,TWSE,24.0,24.3,23.75,24.0,1636225.0,,,data/daily_price/20260106.csv,24.91,25.5575,24.9783,25.7317,25.3107,-3.2258,-9.0909,-5.5118,-4.0,-2.834,671808.45,2.4356,27.0,27.0,30.45,23.75,22.7,22.7,-6.0941,-3.9167,-6.7297,-5.1783,-11.1111,-11.1111,-21.1823,5.7269,5.7269
20260107,2442,新美齊,TWSE,24.0,24.0,23.15,23.35,1296029.0,,,data/daily_price/20260107.csv,24.45,25.4525,24.9467,25.7204,25.1473,-2.7083,-8.9669,-8.2515,-7.5248,-5.4656,714452.25,1.814,27.0,27.0,30.45,23.15,22.7,22.7,-8.2605,-6.4003,-9.2161,-7.147,-13.5185,-13.5185,-23.3169,2.8634,2.8634
20260108,2442,新美齊,TWSE,23.3,23.45,23.2,23.45,550516.0,,,data/daily_price/20260108.csv,24.14,25.37,24.9158,25.7129,25.0058,0.4283,-6.2,-6.5737,-7.3123,-3.6961,727209.35,0.757,27.0,27.0,30.45,23.15,22.7,22.7,-7.568,-5.8831,-8.8007,-6.2219,-13.1481,-13.1481,-22.9885,3.304,3.304
20260109,2442,新美齊,TWSE,23.45,23.5,23.05,23.4,779448.0,,,data/daily_price/20260109.csv,23.8,25.3,24.8842,25.6979,24.872,-0.2132,-6.7729,-5.6452,-7.5099,-7.1429,748224.25,1.0417,27.0,27.0,30.45,23.05,22.7,22.7,-7.5099,-5.9643,-8.942,-5.9184,-13.3333,-13.3333,-23.1527,3.0837,3.0837
20260112,2442,新美齊,TWSE,23.4,23.4,22.95,23.15,746218.0,,,data/daily_price/20260112.csv,23.47,25.21,24.8525,25.68,24.7285,-1.0684,-6.6532,-7.2144,-7.5848,-8.498,772937.55,0.9654,27.0,27.0,30.45,22.95,22.7,22.7,-8.1714,-6.8504,-9.852,-6.3834,-14.2593,-14.2593,-23.9737,1.9824,1.9824
20260113,2442,新美齊,TWSE,25.0,25.0,23.4,24.35,4187991.0,,,data/daily_price/20260113.csv,23.54,25.125,24.8342,25.6708,24.697,5.1836,1.4583,-6.5259,-4.3222,-4.3222,905370.8,4.6257,27.0,27.0,30.45,22.95,22.7,22.7,-3.0846,-1.9496,-5.1453,-1.4049,-9.8148,-9.8148,-20.0328,7.2687,7.2687
20260114,2442,新美齊,TWSE,24.7,24.9,24.3,24.7,1611978.0,,,data/daily_price/20260114.csv,23.81,25.06,24.83,25.6646,24.6972,1.4374,5.7816,-5.0,-1.002,-2.947,957372.7,1.6838,27.0,27.0,30.45,22.95,22.7,22.7,-1.4366,-0.5236,-3.7584,0.0112,-8.5185,-8.5185,-18.8834,8.8106,8.8106
20260115,2442,新美齊,TWSE,24.95,25.6,24.5,24.7,1885800.0,,,data/daily_price/20260115.csv,24.06,25.01,24.8208,25.6575,24.6975,0.0,5.3305,-3.8911,-2.1782,-3.3268,1035250.65,1.8216,27.0,27.0,30.45,22.95,22.7,22.7,-1.2395,-0.4868,-3.7319,0.0103,-8.5185,-8.5185,-18.8834,8.8106,8.8106
20260116,2442,新美齊,TWSE,24.7,24.7,23.55,23.75,2317053.0,,,data/daily_price/20260116.csv,24.13,24.915,24.7958,25.6429,24.6185,-3.8462,1.4957,-7.4074,-5.9406,-6.8627,1114692.8,2.0786,27.0,27.0,30.45,22.95,22.7,22.7,-4.6759,-4.2178,-7.3818,-3.5278,-12.037,-12.037,-22.0033,4.6256,4.6256
20260119,2442,新美齊,TWSE,23.85,23.85,22.95,23.0,3053991.0,,,data/daily_price/20260119.csv,24.1,24.78,24.75,25.6183,24.4836,-3.1579,-0.6479,-10.5058,-10.6796,-11.368,1254737.7,2.434,27.0,27.0,30.45,22.95,22.7,22.7,-7.1832,-7.0707,-10.2205,-6.0597,-14.8148,-14.8148,-24.4663,1.3216,1.3216
20260120,2442,新美齊,TWSE,23.0,23.0,22.5,22.6,2370043.0,,,data/daily_price/20260120.csv,23.75,24.6175,24.6975,25.5917,24.3267,-1.7391,-7.1869,-12.5725,-12.233,-12.4031,1361193.1,1.7412,27.0,27.0,30.45,22.5,22.5,22.5,-8.1954,-8.4928,-11.69,-7.0978,-16.2963,-16.2963,-25.78,0.4444,0.4444
20260121,2442,新美齊,TWSE,22.6,22.6,22.0,22.15,1604922.0,,,data/daily_price/20260121.csv,23.24,24.4325,24.6358,25.5621,24.1453,-1.9912,-10.3239,-14.3133,-14.3133,-13.8132,1418407.45,1.1315,27.0,27.0,30.45,22.0,22.0,22.0,-9.3421,-10.0903,-13.3482,-8.2636,-17.963,-17.963,-27.2578,0.6818,0.6818
20260122,2442,新美齊,TWSE,22.25,23.05,22.05,22.95,1761052.0,,,data/daily_price/20260122.csv,22.89,24.2725,24.585,25.5425,24.0457,3.6117,-7.085,-12.2371,-11.7308,-9.2885,1480379.65,1.1896,27.0,27.0,30.45,22.0,22.0,22.0,-5.4486,-6.6504,-10.1498,-4.5566,-15.0,-15.0,-24.6305,4.3182,4.3182
20260123,2442,新美齊,TWSE,23.05,23.05,22.5,22.55,1105803.0,,,data/daily_price/20260123.csv,22.65,24.0775,24.525,25.5146,23.921,-1.7429,-5.0526,-14.7448,-13.7667,-12.9344,1483608.7,0.7453,26.75,27.0,30.45,22.0,22.0,22.0,-6.3441,-8.053,-11.6192,-5.7315,-15.7009,-16.4815,-25.9442,2.5,2.5
20260126,2442,新美齊,TWSE,22.4,22.85,22.35,22.65,906734.0,,,data/daily_price/20260126.csv,22.58,23.885,24.4725,25.4883,23.8151,0.4435,-1.5217,-14.5283,-12.2093,-12.2093,1511633.95,0.5998,26.75,27.0,30.45,22.0,22.0,22.0,-5.1706,-7.4471,-11.1358,-4.8923,-15.3271,-16.1111,-25.6158,2.9545,2.9545
20260127,2442,新美齊,TWSE,22.65,22.65,22.05,22.2,1235165.0,,,data/daily_price/20260127.csv,22.5,23.675,24.4175,25.4588,23.6805,-1.9868,-1.7699,-15.9091,-12.9412,-13.7864,1540950.0,0.8016,26.2,27.0,30.45,22.0,22.0,22.0,-6.2302,-9.0816,-12.8001,-6.252,-15.2672,-17.7778,-27.0936,0.9091,0.9091
20260128,2442,新美齊,TWSE,22.25,22.45,22.0,22.0,1004299.0,,,data/daily_price/20260128.csv,22.47,23.4925,24.365,25.4271,23.5405,-0.9009,-0.6772,-14.23,-12.5249,-14.7287,1539507.5,0.6524,25.7,27.0,30.45,22.0,22.0,22.0,-6.3531,-9.7065,-13.4781,-6.5439,-14.3969,-18.5185,-27.7504,0.0,0.0
20260129,2442,新美齊,TWSE,21.9,21.9,21.25,21.4,1628281.0,,,data/daily_price/20260129.csv,22.16,23.3125,24.3108,25.3892,23.3621,-2.7273,-6.7538,-14.4,-13.1846,-17.5337,1556602.4,1.046,25.6,27.0,30.45,21.25,21.25,21.25,-8.2038,-11.9734,-15.7121,-8.3986,-16.4063,-20.7407,-29.7209,0.7059,0.7059
20260130,2442,新美齊,TWSE,20.85,22.5,20.85,21.25,4877931.0,,,data/daily_price/20260130.csv,21.9,23.12,24.2567,25.3454,23.1861,-0.7009,-5.765,-15.3386,-13.2653,-19.8113,1774580.55,2.7488,25.6,27.0,30.45,20.85,20.85,20.85,-8.0882,-12.3952,-16.1584,-8.3502,-16.9922,-21.2963,-30.2135,1.9185,1.9185
20260202,2442,新美齊,TWSE,21.35,21.45,20.9,20.95,1891839.0,,,data/daily_price/20260202.csv,21.56,22.9275,24.19,25.3,22.9997,-1.4118,-7.5055,-15.5242,-16.0321,-20.6439,1822565.9,1.038,25.6,27.0,30.45,20.85,20.85,20.85,-8.625,-13.394,-17.1937,-8.912,-18.1641,-22.4074,-31.1987,0.4796,0.4796
20260203,2442,新美齊,TWSE,21.15,21.15,20.7,21.0,2096434.0,,,data/daily_price/20260203.csv,21.32,22.7775,24.1258,25.2529,22.8331,0.2387,-5.4054,-12.5,-15.493,-21.2008,1845576.35,1.1359,25.6,27.0,30.45,20.7,20.7,20.7,-7.8038,-12.9564,-16.8413,-8.0283,-17.9688,-22.2222,-31.0345,1.4493,1.4493
20260204,2442,新美齊,TWSE,21.1,21.6,21.0,21.5,1314651.0,,,data/daily_price/20260204.csv,21.22,22.685,24.0842,25.2033,22.722,2.381,-2.2727,-7.9229,-10.4167,-21.6758,1846507.45,0.712,25.6,27.0,30.45,20.7,20.7,20.7,-5.2237,-10.7297,-14.6938,-5.3781,-16.0156,-20.3704,-29.3924,3.8647,3.8647
20260205,2442,新美齊,TWSE,21.5,22.1,21.5,21.6,1214355.0,,,data/daily_price/20260205.csv,21.26,22.5925,24.045,25.1575,22.6285,0.4651,0.9346,-7.8891,-9.8121,-20.2952,1879699.4,0.646,25.6,27.0,30.45,20.7,20.7,20.7,-4.3931,-10.1684,-14.1409,-4.5452,-15.625,-20.0,-29.064,4.3478,4.3478
20260206,2442,新美齊,TWSE,21.4,21.45,20.85,21.0,983928.0,,,data/daily_price/20260206.csv,21.21,22.4725,24.0033,25.105,22.4928,-2.7778,-1.1765,-10.2564,-10.6383,-23.0769,1889923.4,0.5206,25.6,27.0,30.45,20.7,20.7,20.7,-6.5525,-12.5122,-16.3513,-6.6368,-17.9688,-22.2222,-31.0345,1.4493,1.4493
20260209,2442,新美齊,TWSE,21.1,21.3,20.85,21.0,959368.0,,,data/daily_price/20260209.csv,21.22,22.365,23.9667,25.0525,22.3684,0.0,0.2387,-9.2873,-9.4828,-23.0769,1900580.9,0.5048,25.6,27.0,30.45,20.7,20.7,20.7,-6.1033,-12.3783,-16.176,-6.1176,-17.9688,-22.2222,-31.0345,1.4493,1.4493
20260210,2442,新美齊,TWSE,20.7,20.7,20.1,20.7,2790593.0,,,data/daily_price/20260210.csv,21.16,22.1825,23.925,25.0033,22.2294,-1.4286,-1.4286,-14.9897,-10.7759,-22.1805,1830711.0,1.5243,25.6,27.0,30.45,20.1,20.1,20.1,-6.6832,-13.4796,-17.211,-6.8799,-19.1406,-23.3333,-32.0197,2.9851,2.9851
20260211,2442,新美齊,TWSE,20.45,20.7,20.2,20.7,1614165.0,,,data/daily_price/20260211.csv,21.0,21.9825,23.8775,24.9579,22.1019,0.0,-3.7209,-16.1943,-12.1019,-20.8413,1830820.35,0.8817,25.6,27.0,30.45,20.1,20.1,20.1,-5.8342,-13.3075,-17.0604,-6.343,-19.1406,-23.3333,-32.0197,2.9851,2.9851
20260223,2442,新美齊,TWSE,20.6,20.65,20.3,20.4,1147760.0,,,data/daily_price/20260223.csv,20.76,21.7675,23.8342,24.9083,21.9601,-1.4493,-5.5556,-17.4089,-11.3043,-22.5806,1793918.35,0.6398,24.7,27.0,30.45,20.1,20.1,20.1,-6.2823,-14.4086,-18.0997,-7.1042,-17.4089,-24.4444,-33.0049,1.4925,1.4925
20260224,2442,新美齊,TWSE,20.4,20.55,19.9,19.95,2356800.0,,,data/daily_price/20260224.csv,20.55,21.5775,23.7833,24.8492,21.7926,-2.2059,-5.0,-16.0,-13.2609,-26.2477,1795905.7,1.3123,23.85,27.0,30.45,19.9,19.9,19.9,-7.5426,-16.1177,-19.7156,-8.4551,-16.3522,-26.1111,-34.4828,0.2513,0.2513
20260225,2442,新美齊,TWSE,20.1,20.2,19.2,19.5,4787465.0,,,data/daily_price/20260225.csv,20.25,21.4025,23.7217,24.7862,21.6015,-2.2556,-7.1429,-15.2174,-15.9483,-27.9113,1882579.4,2.543,23.05,27.0,30.45,19.2,19.2,19.2,-8.8891,-17.7967,-21.3273,-9.7286,-15.4013,-27.7778,-35.9606,1.5625,1.5625
20260226,2442,新美齊,TWSE,19.65,20.7,19.65,19.95,3155747.0,,,data/daily_price/20260226.csv,20.1,21.27,23.6717,24.7267,21.4639,2.3077,-3.6232,-11.7257,-13.0719,-26.3838,1921864.6,1.642,23.05,27.0,30.45,19.2,19.2,19.2,-6.2059,-15.722,-19.3179,-7.0533,-13.449,-26.1111,-34.4828,3.9062,3.9062
20260302,2442,新美齊,TWSE,19.6,19.75,19.4,19.45,1900331.0,,,data/daily_price/20260302.csv,19.85,21.135,23.6042,24.6629,21.2961,-2.5063,-6.0386,-12.1896,-17.234,-28.2288,1936635.05,0.9813,23.05,27.0,30.45,19.2,19.2,19.2,-7.9726,-17.5993,-21.1367,-8.6687,-15.6182,-27.963,-36.1248,1.3021,1.3021
20260303,2442,新美齊,TWSE,19.4,19.45,18.85,19.25,3156365.0,,,data/daily_price/20260303.csv,19.62,20.95,23.5258,24.5933,21.1256,-1.0283,-5.6373,-16.122,-19.6242,-30.2536,2006400.7,1.5731,23.05,27.0,30.45,18.85,18.85,18.85,-8.1146,-18.1751,-21.7268,-8.8782,-16.4859,-28.7037,-36.7816,2.122,2.122
20260304,2442,新美齊,TWSE,19.05,19.05,18.45,18.9,2677710.0,,,data/daily_price/20260304.csv,19.41,20.7675,23.4325,24.5229,20.9401,-1.8182,-5.2632,-16.1863,-22.8571,-30.8958,2084996.05,1.2843,22.85,27.0,30.45,18.45,18.45,18.45,-8.9924,-19.3428,-22.9292,-9.7426,-17.2867,-30.0,-37.931,2.439,2.439
20260305,2442,新美齊,TWSE,19.4,19.4,19.05,19.3,1216715.0,,,data/daily_price/20260305.csv,19.37,20.6,23.3433,24.4558,20.8034,2.1164,-1.0256,-14.7903,-21.7039,-29.4333,2100495.1,0.5793,22.65,27.0,30.45,18.45,18.45,18.45,-6.3107,-17.3211,-21.0822,-7.2269,-14.7903,-28.5185,-36.6174,4.607,4.607
20260306,2442,新美齊,TWSE,19.25,20.1,19.05,19.35,2747543.0,,,data/daily_price/20260306.csv,19.25,20.4575,23.2492,24.3875,20.6823,0.2591,-3.0075,-12.8378,-22.6,-29.7641,2176114.0,1.2626,22.5,27.0,30.45,18.45,18.45,18.45,-5.4137,-16.7712,-20.6561,-6.4418,-14.0,-28.3333,-36.4532,4.878,4.878
20260309,2442,新美齊,TWSE,18.5,18.75,18.2,18.6,1889253.0,,,data/daily_price/20260309.csv,19.08,20.2875,23.1492,24.3092,20.5088,-3.876,-4.3702,-15.4545,-24.3902,-33.5714,2220361.7,0.8509,22.5,27.0,30.45,18.2,18.2,18.2,-8.3179,-19.6515,-23.4857,-9.3072,-17.3333,-31.1111,-38.9163,2.1978,2.1978
20260310,2442,新美齊,TWSE,19.0,19.0,18.05,18.05,2346609.0,,,data/daily_price/20260310.csv,18.84,20.12,23.035,24.2287,20.3039,-2.957,-6.2338,-15.6542,-27.51,-34.8375,2256278.1,1.04,22.5,27.0,30.45,18.05,18.05,18.05,-10.2883,-21.641,-25.5017,-11.1008,-19.7778,-33.1481,-40.7225,0.0,0.0
20260311,2442,新美齊,TWSE,18.5,19.7,18.4,19.7,2962330.0,,,data/daily_price/20260311.csv,19.0,20.0425,22.9408,24.16,20.2536,9.1413,4.2328,-7.2941,-22.288,-29.517,2160498.05,1.3711,22.1,27.0,30.45,18.05,18.05,18.05,-1.7089,-14.1269,-18.4603,-2.7332,-10.8597,-27.037,-35.3038,9.1413,9.1413
20260312,2442,新美齊,TWSE,19.75,20.2,19.4,19.95,2107566.0,,,data/daily_price/20260312.csv,19.13,19.9925,22.8492,24.0925,20.2283,1.269,3.3679,-4.7733,-21.611,-28.877,2171284.4,0.9707,22.1,27.0,30.45,18.05,18.05,18.05,-0.2126,-12.6883,-17.1941,-1.3756,-9.7285,-26.1111,-34.4828,10.5263,10.5263
20260313,2442,新美齊,TWSE,20.3,20.75,19.65,19.7,5138392.0,,,data/daily_price/20260313.csv,19.2,19.9275,22.7542,24.0229,20.1842,-1.2531,1.8088,-6.1905,-22.4409,-29.7683,2323382.3,2.2116,22.1,27.0,30.45,18.05,18.05,18.05,-1.1416,-13.4225,-17.995,-2.3991,-10.8597,-27.037,-35.3038,9.1413,9.1413
20260316,2442,新美齊,TWSE,20.25,20.8,19.9,20.65,4087797.0,,,data/daily_price/20260316.csv,19.61,19.885,22.6742,23.9596,20.2231,4.8223,11.0215,-3.9535,-18.8605,-26.9027,2462039.6,1.6603,22.1,27.0,30.45,18.05,18.05,18.05,3.8471,-8.9272,-13.8132,2.1112,-6.5611,-23.5185,-32.1839,14.4044,14.4044
20260317,2442,新美齊,TWSE,20.85,21.7,20.7,21.55,3704379.0,,,data/daily_price/20260317.csv,20.31,19.8825,22.615,23.8979,20.3336,4.3584,19.3906,-0.2315,-14.1434,-25.5613,2586540.8,1.4322,21.7,27.0,30.45,18.05,18.05,18.05,8.3868,-4.7093,-9.8248,5.982,-0.6912,-20.1852,-29.2282,19.3906,19.3906
20260318,2442,新美齊,TWSE,21.7,22.05,21.0,21.25,3811691.0,,,data/daily_price/20260318.csv,20.62,19.895,22.5558,23.8396,20.41,-1.3921,7.868,1.1905,-14.3145,-24.7788,2727928.95,1.3973,22.05,27.0,30.45,18.05,18.05,18.05,6.8108,-5.7893,-10.8625,4.1156,-3.6281,-21.2963,-30.2135,17.7285,17.7285
20260319,2442,新美齊,TWSE,21.2,21.25,20.35,20.45,4382616.0,,,data/daily_price/20260319.csv,20.72,19.8675,22.4808,23.76,20.4133,-3.7647,2.5063,-2.619,-18.0361,-31.8333,2899091.35,1.5117,22.05,27.0,30.0,18.05,18.05,18.05,2.9319,-9.0336,-13.931,0.1796,-7.2562,-24.2593,-31.8333,13.2964,13.2964
20260320,2442,新美齊,TWSE,21.45,21.95,20.35,20.7,3754356.0,,,data/daily_price/20260320.csv,20.92,19.8675,22.3917,23.7008,20.4372,1.2225,5.0761,0.0,-20.5374,-25.5396,2947279.5,1.2738,22.05,27.0,27.6,18.05,18.05,18.05,4.1903,-7.5549,-12.6613,1.2858,-6.1224,-23.3333,-25.0,14.6814,14.6814
20260323,2442,新美齊,TWSE,20.45,20.75,20.0,20.35,2074218.0,,,data/daily_price/20260323.csv,20.86,19.85,22.2975,23.645,20.43,-1.6908,-1.4528,-1.6908,-21.7308,-24.7689,2970282.15,0.6983,22.05,27.0,27.6,18.05,18.05,18.05,2.5189,-8.7342,-13.9353,-0.3914,-7.7098,-24.6296,-26.2681,12.7424,12.7424
20260324,2442,新美齊,TWSE,20.75,20.75,20.35,20.45,1192767.0,,,data/daily_price/20260324.csv,20.64,19.8525,22.21,23.5946,20.4316,0.4914,-5.1044,0.2451,-20.428,-22.8302,2972532.5,0.4013,22.05,27.0,27.0,18.05,18.05,18.05,3.0097,-7.9244,-13.3276,0.0899,-7.2562,-24.2593,-24.2593,13.2964,13.2964
20260325,2442,新美齊,TWSE,20.85,21.0,20.5,20.65,1328691.0,,,data/daily_price/20260325.csv,20.52,19.8875,22.1267,23.5504,20.4498,0.978,-2.8235,3.5088,-19.4932,-20.4239,2921127.05,0.4549,22.05,27.0,27.0,18.05,18.05,18.05,3.8341,-6.6737,-12.3158,0.9789,-6.3492,-23.5185,-23.5185,14.4044,14.4044
20260326,2442,新美齊,TWSE,20.75,20.85,20.35,20.4,1714993.0,,,data/daily_price/20260326.csv,20.51,19.9325,22.0383,23.5004,20.4457,-1.2107,-0.2445,4.6154,-20.6226,-22.7273,2767503.45,0.6197,22.05,27.0,27.0,18.05,18.05,18.05,2.3454,-7.434,-13.193,-0.2234,-7.483,-24.4444,-24.4444,13.0194,13.0194
20260327,2442,新美齊,TWSE,20.15,20.65,20.15,20.55,1130896.0,,,data/daily_price/20260327.csv,20.48,19.9625,21.95,23.4517,20.4544,0.7353,-0.7246,3.0075,-20.5029,-22.1591,2666260.9,0.4242,22.05,27.0,27.0,18.05,18.05,18.05,2.943,-6.3781,-12.373,0.4676,-6.8027,-23.8889,-23.8889,13.8504,13.8504
20260330,2442,新美齊,TWSE,20.4,20.75,20.4,20.45,1593363.0,,,data/daily_price/20260330.csv,20.5,20.0125,21.86,23.4108,20.454,-0.4866,0.4914,5.1414,-20.8897,-19.3294,2650912.5,0.6011,22.05,27.0,27.0,18.05,18.05,18.05,2.1861,-6.4501,-12.6473,-0.0196,-7.2562,-24.2593,-24.2593,13.2964,13.2964
20260331,2442,新美齊,TWSE,20.4,20.5,20.1,20.25,1883826.0,,,data/daily_price/20260331.csv,20.46,20.0625,21.7617,23.37,20.437,-0.978,-0.978,5.1948,-22.5621,-19.4831,2587285.55,0.7281,22.05,27.0,27.0,18.05,18.05,18.05,0.9346,-6.9465,-13.3504,-0.915,-8.1633,-25.0,-25.0,12.1884,12.1884
20260401,2442,新美齊,TWSE,20.5,20.95,20.45,20.85,1508152.0,,,data/daily_price/20260401.csv,20.5,20.16,21.6683,23.3338,20.4714,2.963,0.9685,10.3175,-21.172,-17.2619,2528807.65,0.5964,22.05,26.75,27.0,18.05,18.05,18.05,3.4226,-3.7766,-10.6445,1.8493,-5.4422,-22.0561,-22.7778,15.5125,15.5125
20260402,2442,新美齊,TWSE,20.95,21.0,20.4,20.5,1149975.0,,,data/daily_price/20260402.csv,20.52,20.22,21.5683,23.2904,20.4738,-1.6787,0.4902,6.2176,-22.6415,-20.2335,2525470.65,0.4554,22.05,26.75,27.0,18.05,18.05,18.05,1.3848,-4.9532,-11.981,0.128,-7.0295,-23.3645,-24.0741,13.5734,13.5734
20260407,2442,新美齊,TWSE,20.6,20.6,20.2,20.3,1246182.0,,,data/daily_price/20260407.csv,20.47,20.2675,21.4667,23.2458,20.4593,-0.9756,-1.2165,4.9096,-23.1061,-20.8577,2450402.6,0.5086,22.05,26.2,27.0,18.05,18.05,18.05,0.1604,-5.4348,-12.6725,-0.7787,-7.9365,-22.5191,-24.8148,12.4654,12.4654
20260408,2442,新美齊,TWSE,20.3,20.7,20.3,20.6,1818539.0,,,data/daily_price/20260408.csv,20.5,20.3675,21.3825,23.2071,20.471,1.4778,0.7335,10.7527,-19.6881,-18.4158,2446866.9,0.7432,22.05,25.7,27.0,18.05,18.05,18.05,1.1415,-3.6595,-11.234,0.63,-6.576,-19.8444,-23.7037,14.1274,14.1274
20260409,2442,新美齊,TWSE,20.65,20.65,20.2,20.3,1713564.0,,,data/daily_price/20260409.csv,20.51,20.48,21.3042,23.1621,20.4568,-1.4563,0.2469,12.4654,-18.8,-21.0117,2415214.65,0.7095,22.05,25.6,27.0,18.4,18.05,18.05,-0.8789,-4.7135,-12.3568,-0.7664,-7.9365,-20.7031,-24.8148,12.4654,12.4654
20260410,2442,新美齊,TWSE,20.3,20.45,20.2,20.25,1545347.0,,,data/daily_price/20260410.csv,20.39,20.5075,21.2233,23.1175,20.4396,-0.2463,-2.8777,2.7919,-19.3227,-20.8984,2344365.5,0.6592,22.05,25.6,27.0,19.4,18.05,18.05,-1.2556,-4.5861,-12.404,-0.9274,-8.1633,-20.8984,-25.0,12.1884,12.1884
20260413,2442,新美齊,TWSE,20.35,20.5,20.15,20.25,2042408.0,,,data/daily_price/20260413.csv,20.34,20.5225,21.1475,23.0712,20.4238,0.0,-1.2195,1.5038,-18.3468,-21.5116,2341107.6,0.8724,22.05,25.6,27.0,19.65,18.05,18.05,-1.3278,-4.244,-12.2284,-0.8508,-8.1633,-20.8984,-25.0,12.1884,12.1884
20260414,2442,新美齊,TWSE,20.3,20.35,20.0,20.05,3112065.0,,,data/daily_price/20260414.csv,20.29,20.54,21.0817,23.03,20.3926,-0.9877,-1.2315,1.7766,-16.4583,-19.8,2239791.25,1.3894,22.05,25.6,27.0,19.9,18.05,18.05,-2.3856,-4.8937,-12.9396,-1.6801,-9.0703,-21.6797,-25.7407,11.0803,11.0803
20260415,2442,新美齊,TWSE,20.05,20.15,19.9,19.9,3431852.0,,,data/daily_price/20260415.csv,20.15,20.5025,21.0242,22.9854,20.3516,-0.7481,-3.3981,-3.632,-14.7752,-21.1881,2206994.0,1.555,22.05,25.6,27.0,19.9,18.05,18.05,-2.9387,-5.347,-13.4234,-2.2188,-9.7506,-22.2656,-26.2963,10.2493,10.2493
20260416,2442,新美齊,TWSE,19.9,20.0,19.8,19.9,3109755.0,,,data/daily_price/20260416.csv,20.07,20.42,20.965,22.9404,20.3139,0.0,-1.9704,-7.6566,-15.1386,-21.3439,2177262.8,1.4283,22.05,25.6,27.0,19.8,18.05,18.05,-2.5465,-5.0799,-13.2535,-2.0377,-9.7506,-22.2656,-26.2963,10.2493,10.2493
20260417,2442,新美齊,TWSE,19.95,20.1,19.45,19.45,4965988.0,,,data/daily_price/20260417.csv,19.91,20.33,20.8992,22.8917,20.2419,-2.2613,-3.9506,-8.4706,-16.8803,-23.1225,2234977.65,2.2219,21.95,25.6,27.0,19.45,18.05,18.05,-4.3286,-6.9341,-15.0346,-3.9124,-11.3895,-24.0234,-27.963,7.7562,7.7562
20260420,2442,新美齊,TWSE,19.25,19.4,18.55,18.55,7020038.0,,,data/daily_price/20260420.csv,19.57,20.235,20.8225,22.8375,20.1009,-4.6272,-8.3951,-9.291,-19.8704,-25.9481,2366848.75,2.966,21.95,25.6,27.0,18.55,18.05,18.05,-8.3272,-10.9137,-18.7739,-7.7158,-15.4897,-27.5391,-31.2963,2.7701,2.7701
20260421,2442,新美齊,TWSE,18.7,19.05,18.6,19.0,2232642.0,,,data/daily_price/20260421.csv,19.36,20.15,20.7333,22.7838,20.0092,2.4259,-5.2369,-8.2126,-21.9713,-25.3438,2290763.05,0.9746,21.0,25.6,27.0,18.55,18.05,18.05,-5.7072,-8.3601,-16.6072,-5.0437,-9.5238,-25.7812,-29.6296,5.2632,5.2632
20260422,2442,新美齊,TWSE,19.0,19.15,18.6,18.6,2510665.0,,,data/daily_price/20260422.csv,19.1,20.0625,20.6317,22.7308,19.8918,-2.1053,-6.5327,-8.5995,-24.6964,-25.4509,2312585.4,1.0857,21.0,25.6,27.0,18.55,18.05,18.05,-7.2897,-9.8473,-18.1728,-6.494,-11.4286,-27.3438,-31.1111,3.0471,3.0471
20260423,2442,新美齊,TWSE,18.85,19.15,18.55,19.1,4027237.0,,,data/daily_price/20260423.csv,18.94,19.995,20.5383,22.6796,19.8258,2.6882,-4.0201,-6.6015,-22.6721,-24.3564,2454308.9,1.6409,21.0,24.7,27.0,18.55,18.05,18.05,-4.4761,-7.0032,-15.7833,-3.6608,-9.0476,-22.6721,-29.2593,5.8172,5.8172
20260424,2442,新美齊,TWSE,19.1,19.1,18.6,18.8,2266715.0,,,data/daily_price/20260424.csv,18.81,19.9025,20.4558,22.6258,19.7403,-1.5707,-3.3419,-8.9588,-20.8421,-25.5446,2501210.1,0.9062,21.0,23.85,27.0,18.55,18.05,18.05,-5.5395,-8.0947,-16.9091,-4.7634,-10.4762,-21.174,-30.3704,4.1551,4.1551
20260427,2442,新美齊,TWSE,18.65,18.65,17.9,18.3,5228463.0,,,data/daily_price/20260427.csv,18.76,19.7975,20.3775,22.5638,19.6203,-2.6596,-1.3477,-10.2941,-20.4348,-28.932,2676883.6,1.9532,21.0,23.05,27.0,17.9,17.9,17.9,-7.5641,-10.1951,-18.8965,-6.7291,-12.8571,-20.6074,-32.2222,2.2346,2.2346
20260428,2442,新美齊,TWSE,18.3,18.5,18.15,18.25,2194264.0,,,data/daily_price/20260428.csv,18.61,19.6825,20.305,22.5013,19.5061,-0.2732,-3.9474,-11.1922,-19.2478,-29.1262,2730052.0,0.8037,21.0,23.05,27.0,17.9,17.9,17.9,-7.278,-10.1207,-18.8934,-6.4395,-13.0952,-20.8243,-32.4074,1.9553,1.9553
20260429,2442,新美齊,TWSE,18.35,18.55,18.25,18.45,1456393.0,,,data/daily_price/20260429.csv,18.58,19.5825,20.2433,22.4396,19.4181,1.0959,-0.8065,-9.78,-16.7043,-28.6267,2723203.5,0.5348,21.0,23.05,27.0,17.9,17.9,17.9,-5.7832,-8.8589,-17.7792,-4.9855,-12.1429,-19.9566,-31.6667,3.0726,3.0726
20260430,2442,新美齊,TWSE,18.5,18.5,18.2,18.25,1669604.0,,,data/daily_price/20260430.csv,18.41,19.4825,20.165,22.375,19.3207,-1.084,-4.4503,-9.8765,-20.4793,-29.8077,2712492.4,0.6155,21.0,23.05,27.0,17.9,17.9,17.9,-6.3262,-9.4967,-18.4358,-5.5419,-13.0952,-20.8243,-32.4074,1.9553,1.9553
20260504,2442,新美齊,TWSE,18.3,18.4,18.15,18.3,1572473.0,,,data/daily_price/20260504.csv,18.31,19.355,20.0942,22.3096,19.2357,0.274,-2.6596,-12.2302,-18.847,-30.0191,2715708.45,0.579,21.0,22.85,27.0,17.9,17.9,17.9,-5.4508,-8.9288,-17.9725,-4.8643,-12.8571,-19.9125,-32.2222,2.2346,2.2346
20260505,2442,新美齊,TWSE,18.4,18.5,18.25,18.5,1010341.0,,,data/daily_price/20260505.csv,18.35,19.255,20.025,22.2487,19.1744,1.0929,1.0929,-9.7561,-18.3223,-28.2946,2708726.75,0.373,20.7,22.65,27.0,17.9,17.9,17.9,-3.9211,-7.6155,-16.8493,-3.517,-10.628,-18.3223,-31.4815,3.352,3.352
20260506,2442,新美齊,TWSE,18.5,18.65,18.25,18.5,1684538.0,,,data/daily_price/20260506.csv,18.4,19.165,19.9633,22.1904,19.1182,0.0,1.3699,-8.867,-16.6667,-27.451,2730644.55,0.6169,20.7,22.5,27.0,17.9,17.9,17.9,-3.4699,-7.3301,-16.6307,-3.2334,-10.628,-17.7778,-31.4815,3.352,3.352
20260507,2442,新美齊,TWSE,18.5,18.65,18.3,18.65,1690301.0,,,data/daily_price/20260507.csv,18.44,19.0675,19.9075,22.1362,19.0792,0.8108,1.084,-9.466,-15.2273,-25.8449,2724232.65,0.6205,20.65,22.5,27.0,17.9,17.9,17.9,-2.1896,-6.3167,-15.7491,-2.2494,-9.6852,-17.1111,-30.9259,4.1899,4.1899
20260508,2442,新美齊,TWSE,18.65,18.8,18.45,18.65,1514613.0,,,data/daily_price/20260508.csv,18.52,18.985,19.8617,22.0862,19.0434,0.0,2.1918,-8.1281,-12.8505,-24.3408,2714285.1,0.558,20.5,22.5,27.0,17.9,17.9,17.9,-1.7646,-6.1005,-15.5583,-2.0658,-9.0244,-17.1111,-30.9259,4.1899,4.1899
20260511,2442,新美齊,TWSE,18.8,18.95,18.65,18.8,1491818.0,,,data/daily_price/20260511.csv,18.62,18.9125,19.8208,22.0387,19.0231,0.8043,2.7322,-7.1605,-11.5294,-23.2653,2711608.65,0.5502,20.5,22.1,27.0,17.9,17.9,17.9,-0.5948,-5.1503,-14.6957,-1.1729,-8.2927,-14.9321,-30.3704,5.0279,5.0279
20260512,2442,新美齊,TWSE,18.9,18.9,18.65,18.75,1367630.0,,,data/daily_price/20260512.csv,18.67,18.8375,19.7842,21.9871,19.0004,-0.266,1.3514,-7.4074,-10.5012,-24.8497,2677869.75,0.5107,20.35,22.1,27.0,17.9,17.9,17.9,-0.4645,-5.2272,-14.7227,-1.3176,-7.8624,-15.1584,-30.5556,4.7486,4.7486
20260513,2442,新美齊,TWSE,18.85,18.85,18.25,18.3,2195600.0,,,data/daily_price/20260513.csv,18.63,18.75,19.7392,21.9325,18.942,-2.4,-1.0811,-8.7282,-12.8571,-26.3581,2632046.5,0.8342,20.15,22.1,27.0,17.9,17.9,17.9,-2.4,-7.2909,-16.5622,-3.3892,-9.1811,-17.1946,-32.2222,2.2346,2.2346
20260514,2442,新美齊,TWSE,18.35,18.4,18.15,18.2,1648343.0,,,data/daily_price/20260514.csv,18.54,18.665,19.6842,21.8842,18.8802,-0.5464,-2.4129,-8.5427,-15.3488,-24.1667,2542871.05,0.6482,20.1,22.1,27.0,17.9,17.9,17.9,-2.4913,-7.5399,-16.8349,-3.6025,-9.4527,-17.6471,-32.5926,1.676,1.676
20260515,2442,新美齊,TWSE,18.35,18.6,18.1,18.25,1706116.0,,,data/daily_price/20260515.csv,18.46,18.5825,19.6283,21.8367,18.8276,0.2747,-2.1448,-8.2915,-15.5093,-23.7996,2472689.1,0.69,20.1,22.05,27.0,17.9,17.9,17.9,-1.7893,-7.0222,-16.425,-3.0681,-9.204,-17.2336,-32.4074,1.9553,1.9553
20260518,2442,新美齊,TWSE,18.25,18.65,18.1,18.55,1432389.0,,,data/daily_price/20260518.csv,18.41,18.5375,19.5875,21.7954,18.8045,1.6438,-1.3298,-4.6272,-11.6667,-21.0638,2296009.15,0.6239,19.4,22.05,27.0,17.9,17.9,17.9,0.0674,-5.2967,-14.8904,-1.3534,-4.3814,-15.873,-31.2963,3.6313,3.6313
20260519,2442,新美齊,TWSE,18.5,18.55,18.2,18.25,1243248.0,,,data/daily_price/20260519.csv,18.31,18.5225,19.5417,21.7542,18.7583,-1.6173,-2.6667,-1.6173,-13.0952,-21.3362,2007169.65,0.6194,19.15,22.05,27.0,17.9,17.9,17.9,-1.4712,-6.6098,-16.108,-2.7097,-4.6997,-17.2336,-32.4074,1.9553,1.9553
20260520,2442,新美齊,TWSE,18.3,18.5,18.2,18.45,737367.0,,,data/daily_price/20260520.csv,18.34,18.495,19.5042,21.7146,18.7326,1.0959,0.8197,-2.8947,-10.8696,-20.4741,1932405.9,0.3816,19.15,22.05,27.0,17.9,17.9,17.9,-0.2433,-5.4048,-15.0341,-1.5086,-3.6554,-16.3265,-31.6667,3.0726,3.0726
20260521,2442,新美齊,TWSE,18.6,18.7,18.5,18.7,1386093.0,,,data/daily_price/20260521.csv,18.44,18.5,19.4708,21.6742,18.7299,1.355,2.7473,0.5376,-9.6618,-20.5945,1876177.3,0.7388,19.15,22.05,27.0,17.9,17.9,17.9,1.0811,-3.9589,-13.7222,-0.1596,-2.3499,-15.1927,-30.7407,4.4693,4.4693
20260522,2442,新美齊,TWSE,18.8,18.8,18.45,18.5,1394560.0,25868211.0,TWSE_RWD_JSON_MI_INDEX,data/daily_price/daily_price_20260522.csv,18.49,18.47,19.4392,21.6367,18.7107,-1.0695,1.3699,-3.1414,-9.3137,-19.5652,1744543.45,0.7994,19.1,22.05,27.0,17.9,17.9,17.9,0.1624,-4.8313,-14.497,-1.1263,-3.1414,-16.0998,-31.4815,3.352,3.352
20260525,2442,新美齊,TWSE,18.6,18.6,18.25,18.45,2074035.0,38098184.0,TWSE_RWD_JSON_MI_INDEX,data/daily_price/daily_price_20260525.csv,18.47,18.4525,19.4142,21.5988,18.689,-0.2703,-0.5391,-1.8617,-7.5188,-19.7826,1734909.45,1.1955,18.95,22.05,27.0,17.9,17.9,17.9,-0.0135,-4.9663,-14.5784,-1.2789,-2.6385,-16.3265,-31.6667,3.0726,3.0726
20260526,2442,新美齊,TWSE,18.45,18.6,18.35,18.5,1102985.0,20334192.0,TWSE_RWD_JSON_MI_INDEX,data/daily_price/daily_price_20260526.csv,18.52,18.4625,19.3975,21.5596,18.6733,0.271,1.3699,1.0929,-5.1282,-20.2586,1528635.55,0.7215,18.95,22.05,27.0,18.1,17.9,17.9,0.2031,-4.6269,-14.1913,-0.9278,-2.3747,-16.0998,-31.4815,3.352,3.352
20260527,2442,新美齊,TWSE,18.6,18.6,18.25,18.3,1800493.0,33125668.0,TWSE_RWD_JSON_MI_INDEX,data/daily_price/daily_price_20260527.csv,18.49,18.465,19.37,21.5208,18.6421,-1.0811,-0.813,0.274,-8.2707,-20.2614,1508947.0,1.1932,18.95,22.05,27.0,18.1,17.9,17.9,-0.8936,-5.524,-14.9661,-1.8354,-3.4301,-17.0068,-32.2222,2.2346,2.2346
20260528,2442,新美齊,TWSE,18.4,18.8,18.4,18.7,2656069.0,49547766.0,TWSE_RWD_JSON_MI_INDEX,data/daily_price/daily_price_20260528.csv,18.49,18.4775,19.3575,21.4808,18.647,2.1858,0.0,1.355,-3.856,-20.4255,1568930.8,1.6929,18.95,22.05,27.0,18.1,17.9,17.9,1.2042,-3.3966,-12.9456,0.2844,-1.3193,-15.1927,-30.7407,4.4693,4.4693
20260529,2442,新美齊,TWSE,18.75,18.75,18.45,18.65,2579878.0,47888131.0,TWSE_RWD_JSON_MI_INDEX,data/daily_price/daily_price_20260529.csv,18.52,18.4975,19.3475,21.4367,18.6472,-0.2674,0.8108,2.1918,-3.1169,-22.1294,1614444.5,1.598,18.95,22.05,27.0,18.1,17.9,17.9,0.8244,-3.6051,-12.9995,0.0149,-1.5831,-15.4195,-30.9259,4.1899,4.1899
20260601,2442,新美齊,TWSE,18.7,18.95,18.55,18.9,2759401.0,51879106.0,TWSE_RWD_JSON_MI_INDEX,data/daily_price/daily_price_20260601.csv,18.61,18.5275,19.3475,21.39,18.6683,1.3405,2.439,3.2787,0.0,-22.8571,1673790.9,1.6486,18.95,22.05,27.0,18.1,17.9,17.9,2.0105,-2.313,-11.641,1.2412,-0.2639,-14.2857,-30.0,5.5866,5.5866
20260602,2442,新美齊,TWSE,19.0,19.0,18.7,18.9,2083562.0,39212768.0,TWSE_RWD_JSON_MI_INDEX,data/daily_price/daily_price_20260602.csv,18.69,18.5475,19.3408,21.3421,18.6876,0.0,2.1622,2.1622,-2.0725,-23.3266,1727451.95,1.2061,19.0,22.05,27.0,18.1,17.9,17.9,1.9005,-2.2793,-11.4426,1.1366,-0.5263,-14.2857,-30.0,5.5866,5.5866
20260603,2442,新美齊,TWSE,18.9,19.5,18.75,19.4,3488926.0,67248640.0,TWSE_RWD_JSON_MI_INDEX,data/daily_price/daily_price_20260603.csv,18.91,18.5925,19.3417,21.2954,18.747,2.6455,6.0109,4.8649,0.2584,-22.4,1817671.35,1.9194,19.5,22.05,27.0,18.1,17.9,17.9,4.3431,0.3016,-8.9006,3.4834,-0.5128,-12.0181,-28.1481,8.3799,8.3799
20260604,2442,新美齊,TWSE,19.45,19.7,19.35,19.6,2780860.0,54372736.0,TWSE_RWD_JSON_MI_INDEX,data/daily_price/daily_price_20260604.csv,19.09,18.64,19.3583,21.2538,18.8181,1.0309,4.8128,5.0938,5.3763,-20.3252,1872199.3,1.4853,19.7,22.05,27.0,18.1,17.9,17.9,5.1502,1.2484,-7.781,4.1553,-0.5076,-11.1111,-27.4074,9.4972,9.4972
20260605,2442,新美齊,TWSE,19.85,20.05,19.5,19.9,4321585.0,85510924.0,TWSE_RWD_JSON_MI_INDEX,data/daily_price/daily_price_20260605.csv,19.34,18.7025,19.3892,21.2121,18.9082,1.5306,6.7024,6.7024,10.2493,-20.0803,2012547.9,2.1473,20.05,22.05,27.0,18.1,17.9,17.9,6.4029,2.6346,-6.1855,5.2453,-0.7481,-9.7506,-26.2963,11.1732,11.1732
20260608,2442,新美齊,TWSE,19.0,19.6,18.85,19.55,2492386.0,48170210.0,TWSE_RWD_JSON_MI_INDEX,data/daily_price/daily_price_20260608.csv,19.47,18.74,19.3867,21.1638,18.9617,-1.7588,3.4392,3.9894,-0.7614,-22.8797,2062576.3,1.2084,20.05,22.05,27.0,18.1,17.9,17.9,4.3223,0.8425,-7.6251,3.1026,-2.4938,-11.3379,-27.5926,9.2179,9.2179
20260609,2442,新美齊,TWSE,19.65,20.0,19.45,19.5,2228620.0,43758525.0,TWSE_RWD_JSON_MI_INDEX,data/daily_price/daily_price_20260609.csv,19.59,18.7775,19.3792,21.1142,19.0066,-0.2558,3.1746,4.0,-2.2556,-23.3792,2105625.8,1.0584,20.05,22.05,27.0,18.1,17.9,17.9,3.8477,0.6235,-7.6449,2.5962,-2.7431,-11.5646,-27.7778,8.9385,8.9385
20260610,2442,新美齊,TWSE,19.25,20.3,19.25,20.0,5199384.0,103776332.0,TWSE_RWD_JSON_MI_INDEX,data/daily_price/daily_price_20260610.csv,19.71,18.8625,19.3842,21.0692,19.0893,2.5641,3.0928,9.2896,1.5228,-21.2598,2255815.0,2.3049,20.3,22.05,27.0,18.1,17.9,17.9,6.0305,3.177,-5.0746,4.7705,-1.4778,-9.2971,-25.9259,11.7318,11.7318
20260611,2442,新美齊,TWSE,20.25,20.25,19.6,19.75,2852854.0,56707552.0,TWSE_RWD_JSON_MI_INDEX,data/daily_price/daily_price_20260611.csv,19.74,18.94,19.3692,21.0217,19.1444,-1.25,0.7653,8.5165,-4.3584,-22.3969,2316040.55,1.2318,20.3,22.05,27.0,18.1,17.9,17.9,4.2767,1.9662,-6.0493,3.1633,-2.7094,-10.4308,-26.8519,10.3352,10.3352
20260612,2442,新美齊,TWSE,19.95,20.2,19.8,19.85,2585608.0,51686868.0,TWSE_RWD_JSON_MI_INDEX,data/daily_price/daily_price_20260612.csv,19.73,19.02,19.3408,20.9779,19.2032,0.5063,-0.2513,8.7671,-7.8886,-20.9163,2360015.15,1.0956,20.3,22.05,27.0,18.1,17.9,17.9,4.3638,2.6326,-5.3767,3.3682,-2.2167,-9.9773,-26.4815,10.8939,10.8939
20260615,2442,新美齊,TWSE,20.0,20.0,19.65,19.8,1937357.0,38321049.0,TWSE_RWD_JSON_MI_INDEX,data/daily_price/daily_price_20260615.csv,19.78,19.0825,19.3167,20.9362,19.2529,-0.2519,1.2788,6.7385,-6.8235,-20.1613,2385263.55,0.8122,20.3,21.95,27.0,18.2,17.9,17.9,3.76,2.5022,-5.4272,2.8415,-2.4631,-9.795,-26.6667,10.6145,10.6145
20260616,2442,新美齊,TWSE,19.85,19.95,19.65,19.75,969895.0,19152450.0,TWSE_RWD_JSON_MI_INDEX,data/daily_price/daily_price_20260616.csv,19.83,19.1575,19.305,20.8929,19.2944,-0.2525,1.2821,8.2192,-3.423,-20.8417,2371595.9,0.409,20.3,21.95,27.0,18.2,17.9,17.9,3.0928,2.3051,-5.4704,2.3616,-2.7094,-10.0228,-26.8519,10.3352,10.3352
20260617,2442,新美齊,TWSE,19.75,20.0,19.65,19.95,2096765.0,41689459.0,TWSE_RWD_JSON_MI_INDEX,data/daily_price/daily_price_20260617.csv,19.82,19.2325,19.2925,20.8421,19.349,1.0127,-0.25,8.1301,-3.6232,-23.4165,2439565.8,0.8595,20.3,21.0,27.0,18.25,17.9,17.9,3.7307,3.4081,-4.2802,3.1062,-1.7241,-5.0,-26.1111,11.4525,11.4525
20260618,2442,新美齊,TWSE,20.05,20.45,19.75,19.85,2904939.0,58159058.0,TWSE_RWD_JSON_MI_INDEX,data/daily_price/daily_price_20260618.csv,19.84,19.29,19.2842,20.7908,19.3907,-0.5013,0.5063,6.1497,-2.457,-23.6538,2515508.1,1.1548,20.45,21.0,27.0,18.25,17.9,17.9,2.9031,2.9342,-4.5252,2.3684,-2.934,-5.4762,-26.4815,10.8939,10.8939
20260622,2442,新美齊,TWSE,19.8,19.8,19.35,19.5,2599723.0,50816885.0,TWSE_RWD_JSON_MI_INDEX,data/daily_price/daily_price_20260622.csv,19.77,19.34,19.2683,20.7392,19.3998,-1.7632,-1.7632,5.4054,-4.6455,-24.1245,2575766.25,1.0093,20.45,21.0,27.0,18.25,17.9,17.9,0.8273,1.2023,-5.975,0.5163,-4.6455,-7.1429,-27.7778,8.9385,8.9385
20260623,2442,新美齊,TWSE,19.5,19.5,19.25,19.35,1609309.0,31104692.0,TWSE_RWD_JSON_MI_INDEX,data/daily_price/daily_price_20260623.csv,19.68,19.385,19.2467,20.6867,19.3957,-0.7692,-2.2727,4.878,-6.2954,-24.5614,2552529.95,0.6305,20.45,21.0,27.0,18.25,17.9,17.9,-0.1806,0.5369,-6.4615,-0.2356,-5.379,-7.8571,-28.3333,8.1006,8.1006
20260624,2442,新美齊,TWSE,19.4,19.4,19.15,19.3,1091893.0,21053284.0,TWSE_RWD_JSON_MI_INDEX,data/daily_price/daily_price_20260624.csv,19.59,19.425,19.2283,20.6333,19.3877,-0.2584,-2.2785,4.3243,-5.3922,-24.9027,2551975.35,0.4279,20.45,21.0,27.0,18.25,17.9,17.9,-0.6435,0.3727,-6.462,-0.4524,-5.6235,-8.0952,-28.5185,7.8212,7.8212
