date,stock_id,stock_name,market,open,high,low,close,volume,trading_value,source,source_file,ma5,ma20,ma60,ma120,ema23,return_1d,return_5d,return_20d,return_60d,return_120d,volume_ma20,volume_ratio,high_20,high_60,high_120,low_20,low_60,low_120,distance_to_ma20_pct,distance_to_ma60_pct,distance_to_ma120_pct,distance_to_ema23_pct,distance_to_high_20_pct,distance_to_high_60_pct,distance_to_high_120_pct,distance_to_low_60_pct,distance_to_low_120_pct
20240102,2504,國產,TWSE,28.15,28.3,28.1,28.15,1107928.0,31234489.0,TWSE_RWD_JSON_MI_INDEX,data/daily_price/daily_price_20240102.csv,,,,,,,,,,,,,,,,,,,,,,,,,,,
20240103,2504,國產,TWSE,28.2,28.2,27.8,27.8,2584655.0,72150475.0,TWSE_RWD_JSON_MI_INDEX,data/daily_price/daily_price_20240103.csv,,,,,,-1.2433,,,,,,,,,,,,,,,,,,,,,
20240104,2504,國產,TWSE,27.85,28.05,27.85,28.0,1550935.0,43353906.0,TWSE_RWD_JSON_MI_INDEX,data/daily_price/daily_price_20240104.csv,,,,,,0.7194,,,,,,,,,,,,,,,,,,,,,
20240105,2504,國產,TWSE,28.0,28.1,27.9,28.0,857985.0,23996472.0,TWSE_RWD_JSON_MI_INDEX,data/daily_price/daily_price_20240105.csv,,,,,,0.0,,,,,,,,,,,,,,,,,,,,,
20240108,2504,國產,TWSE,28.0,28.05,27.9,27.95,664187.0,18573806.0,TWSE_RWD_JSON_MI_INDEX,data/daily_price/daily_price_20240108.csv,27.98,27.98,27.98,27.98,28.0889,-0.1786,,,,,1353138.0,0.4908,28.3,28.3,28.3,27.8,27.8,27.8,-0.1072,-0.1072,-0.1072,-0.4945,-1.2367,-1.2367,-1.2367,0.5396,0.5396
20240109,2504,國產,TWSE,28.0,28.05,27.75,27.95,1311855.0,36549204.0,TWSE_RWD_JSON_MI_INDEX,data/daily_price/daily_price_20240109.csv,27.94,27.975,27.975,27.975,28.0773,0.0,-0.7105,,,,1346257.5,0.9744,28.3,28.3,28.3,27.75,27.75,27.75,-0.0894,-0.0894,-0.0894,-0.4535,-1.2367,-1.2367,-1.2367,0.7207,0.7207
20240110,2504,國產,TWSE,27.95,27.95,27.8,27.8,800091.0,22263173.0,TWSE_RWD_JSON_MI_INDEX,data/daily_price/daily_price_20240110.csv,27.94,27.95,27.95,27.95,28.0542,-0.5367,0.0,,,,1268233.7143,0.6309,28.3,28.3,28.3,27.75,27.75,27.75,-0.5367,-0.5367,-0.5367,-0.9062,-1.7668,-1.7668,-1.7668,0.1802,0.1802
20240111,2504,國產,TWSE,27.8,28.0,27.7,27.95,1097368.0,30563518.0,TWSE_RWD_JSON_MI_INDEX,data/daily_price/daily_price_20240111.csv,27.93,27.95,27.95,27.95,28.0455,0.5396,-0.1786,,,,1246875.5,0.8801,28.3,28.3,28.3,27.7,27.7,27.7,0.0,0.0,0.0,-0.3406,-1.2367,-1.2367,-1.2367,0.9025,0.9025
20240112,2504,國產,TWSE,28.0,28.0,27.85,27.95,953491.0,26630627.0,TWSE_RWD_JSON_MI_INDEX,data/daily_price/daily_price_20240112.csv,27.92,27.95,27.95,27.95,28.0376,0.0,-0.1786,,,,1214277.2222,0.7852,28.3,28.3,28.3,27.7,27.7,27.7,-0.0,-0.0,-0.0,-0.3123,-1.2367,-1.2367,-1.2367,0.9025,0.9025
20240115,2504,國產,TWSE,28.05,28.05,27.9,28.0,1067084.0,29824185.0,TWSE_RWD_JSON_MI_INDEX,data/daily_price/daily_price_20240115.csv,27.93,27.955,27.955,27.955,28.0344,0.1789,0.1789,,,,1199557.9,0.8896,28.3,28.3,28.3,27.7,27.7,27.7,0.161,0.161,0.161,-0.1229,-1.0601,-1.0601,-1.0601,1.083,1.083
20240116,2504,國產,TWSE,27.9,27.9,27.5,27.5,2184102.0,60484521.0,TWSE_RWD_JSON_MI_INDEX,data/daily_price/daily_price_20240116.csv,27.84,27.9136,27.9136,27.9136,27.9899,-1.7857,-1.61,,,,1289061.9091,1.6943,28.3,28.3,28.3,27.5,27.5,27.5,-1.4818,-1.4818,-1.4818,-1.7503,-2.8269,-2.8269,-2.8269,0.0,0.0
20240117,2504,國產,TWSE,27.45,27.45,27.15,27.45,2932354.0,80079938.0,TWSE_RWD_JSON_MI_INDEX,data/daily_price/daily_price_20240117.csv,27.77,27.875,27.875,27.875,27.9449,-0.1818,-1.259,,,,1426002.9167,2.0563,28.3,28.3,28.3,27.15,27.15,27.15,-1.5247,-1.5247,-1.5247,-1.771,-3.0035,-3.0035,-3.0035,1.105,1.105
20240118,2504,國產,TWSE,27.55,27.9,27.4,27.85,3209261.0,88784423.0,TWSE_RWD_JSON_MI_INDEX,data/daily_price/daily_price_20240118.csv,27.75,27.8731,27.8731,27.8731,27.937,1.4572,-0.3578,,,,1563176.6154,2.053,28.3,28.3,28.3,27.15,27.15,27.15,-0.0828,-0.0828,-0.0828,-0.3114,-1.5901,-1.5901,-1.5901,2.5783,2.5783
20240119,2504,國產,TWSE,27.85,28.0,27.65,28.0,1315503.0,36661850.0,TWSE_RWD_JSON_MI_INDEX,data/daily_price/daily_price_20240119.csv,27.76,27.8821,27.8821,27.8821,27.9423,0.5386,0.1789,,,,1545485.6429,0.8512,28.3,28.3,28.3,27.15,27.15,27.15,0.4227,0.4227,0.4227,0.2067,-1.0601,-1.0601,-1.0601,3.1308,3.1308
20240122,2504,國產,TWSE,28.1,28.6,28.05,28.55,4305320.0,122187523.0,TWSE_RWD_JSON_MI_INDEX,data/daily_price/daily_price_20240122.csv,27.87,27.9267,27.9267,27.9267,27.9929,1.9643,1.9643,,,,1729474.6,2.4894,28.6,28.6,28.6,27.15,27.15,27.15,2.232,2.232,2.232,1.9902,-0.1748,-0.1748,-0.1748,5.1565,5.1565
20240123,2504,國產,TWSE,28.55,28.85,28.55,28.7,3296814.0,94662428.0,TWSE_RWD_JSON_MI_INDEX,data/daily_price/daily_price_20240123.csv,28.11,27.975,27.975,27.975,28.0518,0.5254,4.3636,,,,1827433.3125,1.8041,28.85,28.85,28.85,27.15,27.15,27.15,2.5916,2.5916,2.5916,2.3106,-0.5199,-0.5199,-0.5199,5.709,5.709
20240124,2504,國產,TWSE,28.75,29.25,28.75,29.0,6361651.0,184710380.0,TWSE_RWD_JSON_MI_INDEX,data/daily_price/daily_price_20240124.csv,28.42,28.0353,28.0353,28.0353,28.1308,1.0453,5.6466,,,,2094152.0,3.0378,29.25,29.25,29.25,27.15,27.15,27.15,3.441,3.441,3.441,3.0897,-0.8547,-0.8547,-0.8547,6.814,6.814
20240125,2504,國產,TWSE,29.1,29.2,28.95,29.1,3191676.0,92825765.0,TWSE_RWD_JSON_MI_INDEX,data/daily_price/daily_price_20240125.csv,28.67,28.0944,28.0944,28.0944,28.2116,0.3448,4.4883,,,,2155125.5556,1.481,29.25,29.25,29.25,27.15,27.15,27.15,3.5792,3.5792,3.5792,3.1491,-0.5128,-0.5128,-0.5128,7.1823,7.1823
20240126,2504,國產,TWSE,29.0,29.35,28.9,29.25,3561257.0,104043364.0,TWSE_RWD_JSON_MI_INDEX,data/daily_price/daily_price_20240126.csv,28.92,28.1553,28.1553,28.1553,28.2981,0.5155,4.4643,,,,2229132.4737,1.5976,29.35,29.35,29.35,27.15,27.15,27.15,3.8882,3.8882,3.8882,3.3637,-0.3407,-0.3407,-0.3407,7.7348,7.7348
20240129,2504,國產,TWSE,29.25,29.25,29.05,29.25,2555179.0,74561338.0,TWSE_RWD_JSON_MI_INDEX,data/daily_price/daily_price_20240129.csv,29.06,28.21,28.21,28.21,28.3775,0.0,2.4518,,,,2245434.8,1.1379,29.35,29.35,29.35,27.15,27.15,27.15,3.6866,3.6866,3.6866,3.0748,-0.3407,-0.3407,-0.3407,7.7348,7.7348
20240130,2504,國產,TWSE,29.3,29.5,29.25,29.5,3301752.0,96813951.0,TWSE_RWD_JSON_MI_INDEX,data/daily_price/daily_price_20240130.csv,29.22,28.2775,28.2714,28.2714,28.471,0.8547,2.7875,4.7957,,,2355126.0,1.4019,29.5,29.5,29.5,27.15,27.15,27.15,4.3232,4.3456,4.3456,3.6142,0.0,0.0,0.0,8.6556,8.6556
20240131,2504,國產,TWSE,29.5,29.7,29.45,29.7,3305068.0,97993832.0,TWSE_RWD_JSON_MI_INDEX,data/daily_price/daily_price_20240131.csv,29.36,28.3725,28.3364,28.3364,28.5734,0.678,2.4138,6.8345,,,2391146.65,1.3822,29.7,29.7,29.7,27.15,27.15,27.15,4.6788,4.8123,4.8123,3.9428,0.0,0.0,0.0,9.3923,9.3923
20240201,2504,國產,TWSE,29.8,30.15,29.75,30.0,4147624.0,124353494.0,TWSE_RWD_JSON_MI_INDEX,data/daily_price/daily_price_20240201.csv,29.54,28.4725,28.4087,28.4087,28.6923,1.0101,3.0928,7.1429,,,2520981.1,1.6452,30.15,30.15,30.15,27.15,27.15,27.15,5.3648,5.6015,5.6015,4.5577,-0.4975,-0.4975,-0.4975,10.4972,10.4972
20240202,2504,國產,TWSE,30.1,30.1,29.25,29.3,4222155.0,124391526.0,TWSE_RWD_JSON_MI_INDEX,data/daily_price/daily_price_20240202.csv,29.55,28.5375,28.4458,28.4458,28.7429,-2.3333,0.1709,4.6429,,,2689189.6,1.57,30.15,30.15,30.15,27.15,27.15,27.15,2.6719,3.0028,3.0028,1.9381,-2.8192,-2.8192,-2.8192,7.919,7.919
20240205,2504,國產,TWSE,29.3,29.45,29.15,29.3,1490602.0,43671001.0,TWSE_RWD_JSON_MI_INDEX,data/daily_price/daily_price_20240205.csv,29.56,28.605,28.48,28.48,28.7894,0.0,0.1709,4.8301,,,2730510.35,0.5459,30.15,30.15,30.15,27.15,27.15,27.15,2.4296,2.8792,2.8792,1.7737,-2.8192,-2.8192,-2.8192,7.919,7.919
20240215,2504,國產,TWSE,29.45,29.6,29.0,29.3,2924344.0,85442702.0,TWSE_RWD_JSON_MI_INDEX,data/daily_price/daily_price_20240215.csv,29.52,28.6725,28.5115,28.5115,28.8319,0.0,-0.678,4.8301,,,2811134.8,1.0403,30.15,30.15,30.15,27.15,27.15,27.15,2.1885,2.7654,2.7654,1.6235,-2.8192,-2.8192,-2.8192,7.919,7.919
20240216,2504,國產,TWSE,29.6,30.0,29.55,29.9,2959882.0,88249610.0,TWSE_RWD_JSON_MI_INDEX,data/daily_price/daily_price_20240216.csv,29.56,28.7775,28.563,28.563,28.9209,2.0478,0.6734,7.554,,,2919124.35,1.014,30.15,30.15,30.15,27.15,27.15,27.15,3.9006,4.681,4.681,3.3854,-0.8292,-0.8292,-0.8292,10.1289,10.1289
20240219,2504,國產,TWSE,30.0,32.15,30.0,32.0,15243798.0,477410524.0,TWSE_RWD_JSON_MI_INDEX,data/daily_price/daily_price_20240219.csv,29.96,28.98,28.6857,28.6857,29.1775,7.0234,6.6667,14.4902,,,3626445.85,4.2035,32.15,32.15,32.15,27.15,27.15,27.15,10.421,11.5538,11.5538,9.6735,-0.4666,-0.4666,-0.4666,17.8637,17.8637
20240220,2504,國產,TWSE,31.95,32.4,31.8,32.05,7440274.0,238599984.0,TWSE_RWD_JSON_MI_INDEX,data/daily_price/daily_price_20240220.csv,30.51,29.185,28.8017,28.8017,29.4169,0.1562,9.3857,14.6691,,,3950785.0,1.8832,32.4,32.4,32.4,27.15,27.15,27.15,9.8167,11.2781,11.2781,8.951,-1.0802,-1.0802,-1.0802,18.0479,18.0479
20240221,2504,國產,TWSE,32.15,32.5,31.9,32.4,7516458.0,242781890.0,TWSE_RWD_JSON_MI_INDEX,data/daily_price/daily_price_20240221.csv,31.13,29.405,28.9217,28.9217,29.6655,1.092,10.5802,15.7143,,,4273253.7,1.759,32.5,32.5,32.5,27.15,27.15,27.15,10.1853,12.0267,12.0267,9.2179,-0.3077,-0.3077,-0.3077,19.337,19.337
20240222,2504,國產,TWSE,32.5,32.5,31.55,32.0,6526251.0,208780248.0,TWSE_RWD_CSV_MI_INDEX,data/daily_price/daily_price_20240222.csv,31.67,29.63,29.021,29.021,29.86,-1.2346,9.215,16.3636,,,4490361.15,1.4534,32.5,32.5,32.5,27.15,27.15,27.15,7.9987,10.2651,10.2651,7.1667,-1.5385,-1.5385,-1.5385,17.8637,17.8637
20240223,2504,國產,TWSE,32.0,32.1,31.7,32.1,4100131.0,130968287.0,TWSE_RWD_JSON_MI_INDEX,data/daily_price/daily_price_20240223.csv,32.11,29.8625,29.1172,29.1172,30.0467,0.3125,7.3579,16.9399,,,4548750.0,0.9014,32.5,32.5,32.5,27.4,27.15,27.15,7.4927,10.2442,10.2442,6.8337,-1.2308,-1.2308,-1.2308,18.232,18.232
20240226,2504,國產,TWSE,31.9,32.2,31.85,31.9,2733194.0,87392770.0,TWSE_RWD_JSON_MI_INDEX,data/daily_price/daily_price_20240226.csv,32.09,30.065,29.2015,29.2015,30.2011,-0.6231,-0.3125,14.5422,,,4524946.65,0.604,32.5,32.5,32.5,27.65,27.15,27.15,6.1034,9.2409,9.2409,5.6252,-1.8462,-1.8462,-1.8462,17.4954,17.4954
20240227,2504,國產,TWSE,32.05,32.5,31.9,32.35,5947796.0,191942002.0,TWSE_RWD_JSON_MI_INDEX,data/daily_price/daily_price_20240227.csv,32.15,30.2825,29.2941,29.2941,30.3802,1.4107,0.936,15.5357,,,4756561.3,1.2504,32.5,32.5,32.5,28.05,27.15,27.15,6.8274,10.4317,10.4317,6.4838,-0.4615,-0.4615,-0.4615,19.1529,19.1529
20240229,2504,國產,TWSE,32.3,33.0,32.2,33.0,7111361.0,233129395.0,TWSE_RWD_JSON_MI_INDEX,data/daily_price/daily_price_20240229.csv,32.27,30.505,29.4,29.4,30.5985,2.0093,1.8519,15.5867,,,4896863.35,1.4522,33.0,33.0,33.0,28.55,27.15,27.15,8.179,12.2449,12.2449,7.8484,0.0,0.0,0.0,21.547,21.547
20240301,2504,國產,TWSE,33.65,34.45,33.3,34.0,12891163.0,437754589.0,TWSE_RWD_JSON_MI_INDEX,data/daily_price/daily_price_20240301.csv,32.67,30.77,29.5278,29.5278,30.882,3.0303,6.25,18.4669,,,5376580.8,2.3977,34.45,34.45,34.45,28.75,27.15,27.15,10.4972,15.1458,15.1458,10.0966,-1.3062,-1.3062,-1.3062,25.2302,25.2302
20240304,2504,國產,TWSE,34.2,34.55,34.0,34.15,5930895.0,203057597.0,TWSE_RWD_CSV_MI_INDEX,data/daily_price/daily_price_20240304.csv,33.08,31.0275,29.6527,29.6527,31.1543,0.4412,6.3863,17.7586,,,5355043.0,1.1075,34.55,34.55,34.55,28.9,27.15,27.15,10.0637,15.1666,15.1666,9.6156,-1.1577,-1.1577,-1.1577,25.7827,25.7827
20240305,2504,國產,TWSE,34.15,35.4,34.15,35.25,8854778.0,309981142.0,TWSE_RWD_JSON_MI_INDEX,data/daily_price/daily_price_20240305.csv,33.75,31.335,29.8,29.8,31.4956,3.2211,10.5016,21.134,,,5638198.1,1.5705,35.4,35.4,35.4,28.9,27.15,27.15,12.494,18.2886,18.2886,11.9203,-0.4237,-0.4237,-0.4237,29.8343,29.8343
20240306,2504,國產,TWSE,35.3,35.3,34.6,35.15,5207589.0,181976616.0,TWSE_RWD_JSON_MI_INDEX,data/daily_price/daily_price_20240306.csv,34.31,31.63,29.9372,29.9372,31.8002,-0.2837,8.6553,20.1709,,,5720514.7,0.9103,35.4,35.4,35.4,29.0,27.15,27.15,11.1287,17.4125,17.4125,10.5341,-0.7062,-0.7062,-0.7062,29.4659,29.4659
20240307,2504,國產,TWSE,35.15,36.3,34.95,36.25,10084113.0,362249937.0,TWSE_RWD_JSON_MI_INDEX,data/daily_price/daily_price_20240307.csv,34.96,31.98,30.095,30.095,32.171,3.1294,9.8485,23.9316,,,6096961.4,1.654,36.3,36.3,36.3,29.0,27.15,27.15,13.3521,20.4519,20.4519,12.6792,-0.1377,-0.1377,-0.1377,33.5175,33.5175
20240308,2504,國產,TWSE,36.25,36.8,35.8,36.4,10855090.0,394527914.0,TWSE_RWD_JSON_MI_INDEX,data/daily_price/daily_price_20240308.csv,35.44,32.325,30.2488,30.2488,32.5234,0.4138,7.0588,23.3898,,,6474628.3,1.6766,36.8,36.8,36.8,29.0,27.15,27.15,12.6063,20.3354,20.3354,11.9195,-1.087,-1.087,-1.087,34.07,34.07
20240311,2504,國產,TWSE,36.15,36.25,35.7,36.15,4650363.0,167509108.0,TWSE_RWD_JSON_MI_INDEX,data/daily_price/daily_price_20240311.csv,35.84,32.6475,30.3893,30.3893,32.8256,-0.6868,5.8565,21.7172,,,6541893.05,0.7109,36.8,36.8,36.8,29.0,27.15,27.15,10.7282,18.9564,18.9564,10.1274,-1.7663,-1.7663,-1.7663,33.1492,33.1492
20240312,2504,國產,TWSE,36.2,37.45,36.2,36.95,5383070.0,199041141.0,TWSE_RWD_JSON_MI_INDEX,data/daily_price/daily_price_20240312.csv,36.18,32.995,30.5419,30.5419,33.1693,2.213,4.8227,23.1667,,,6603665.35,0.8152,37.45,37.45,37.45,29.0,27.15,27.15,11.9867,20.9815,20.9815,11.3982,-1.3351,-1.3351,-1.3351,36.0958,36.0958
20240313,2504,國產,TWSE,36.7,38.05,36.15,36.75,12517457.0,466232808.0,TWSE_RWD_JSON_MI_INDEX,data/daily_price/daily_price_20240313.csv,36.5,33.3675,30.683,30.683,33.4677,-0.5413,4.5519,25.4266,,,7018430.45,1.7835,38.05,38.05,38.05,29.0,27.15,27.15,10.1371,19.7733,19.7733,9.8074,-3.4166,-3.4166,-3.4166,35.3591,35.3591
20240314,2504,國產,TWSE,36.75,37.0,36.0,36.35,5280674.0,192024232.0,TWSE_RWD_JSON_MI_INDEX,data/daily_price/daily_price_20240314.csv,36.52,33.72,30.8089,30.8089,33.7079,-1.0884,0.2759,24.0614,,,7207934.05,0.7326,38.05,38.05,38.05,29.0,27.15,27.15,7.7995,17.9854,17.9854,7.8383,-4.4678,-4.4678,-4.4678,33.8858,33.8858
20240315,2504,國產,TWSE,36.4,36.5,35.7,36.15,6456440.0,232848107.0,TWSE_RWD_JSON_MI_INDEX,data/daily_price/daily_price_20240315.csv,36.47,34.0625,30.925,30.925,33.9114,-0.5502,-0.6868,23.3788,,,7384538.85,0.8743,38.05,38.05,38.05,29.55,27.15,27.15,6.1284,16.8957,16.8957,6.6013,-4.9934,-4.9934,-4.9934,33.1492,33.1492
20240318,2504,國產,TWSE,36.3,37.35,36.25,37.0,5677506.0,209794314.0,TWSE_RWD_JSON_MI_INDEX,data/daily_price/daily_price_20240318.csv,36.64,34.4175,31.0543,31.0543,34.1688,2.3513,2.3513,23.7458,,,7520420.05,0.7549,38.05,38.05,38.05,30.0,27.15,27.15,7.5035,19.1463,19.1463,8.286,-2.7595,-2.7595,-2.7595,36.2799,36.2799
20240319,2504,國產,TWSE,37.0,37.05,36.35,36.35,3986964.0,145995386.0,TWSE_RWD_JSON_MI_INDEX,data/daily_price/daily_price_20240319.csv,36.52,34.635,31.1646,31.1646,34.3506,-1.7568,-1.6238,13.5938,,,6957578.35,0.573,38.05,38.05,38.05,31.55,27.15,27.15,4.9516,16.6388,16.6388,5.8207,-4.4678,-4.4678,-4.4678,33.8858,33.8858
20240320,2504,國產,TWSE,36.25,36.6,36.1,36.25,4416460.0,160338714.0,TWSE_RWD_JSON_MI_INDEX,data/daily_price/daily_price_20240320.csv,36.42,34.845,31.2684,31.2684,34.5088,-0.2751,-1.3605,13.1045,,,6806387.65,0.6489,38.05,38.05,38.05,31.55,27.15,27.15,4.0321,15.9319,15.9319,5.0456,-4.7306,-4.7306,-4.7306,33.5175,33.5175
20240321,2504,國產,TWSE,36.55,36.95,36.4,36.95,5272442.0,193741203.0,TWSE_RWD_JSON_MI_INDEX,data/daily_price/daily_price_20240321.csv,36.54,35.0725,31.382,31.382,34.7123,1.931,1.6506,14.0432,,,6694186.85,0.7876,38.05,38.05,38.05,31.55,27.15,27.15,5.3532,17.7427,17.7427,6.4465,-2.8909,-2.8909,-2.8909,36.0958,36.0958
20240322,2504,國產,TWSE,37.05,37.35,36.55,36.85,4570671.0,168698388.0,TWSE_RWD_JSON_MI_INDEX,data/daily_price/daily_price_20240322.csv,36.68,35.315,31.4892,31.4892,34.8904,-0.2706,1.9364,15.1563,,,6596407.85,0.6929,38.05,38.05,38.05,31.7,27.15,27.15,4.3466,17.0242,17.0242,5.6164,-3.1537,-3.1537,-3.1537,35.7274,35.7274
20240325,2504,國產,TWSE,37.0,37.75,36.85,37.0,4207019.0,156747871.0,TWSE_RWD_JSON_MI_INDEX,data/daily_price/daily_price_20240325.csv,36.68,35.56,31.5952,31.5952,35.0662,0.4071,0.0,15.2648,,,6601752.25,0.6373,38.05,38.05,38.05,31.85,27.15,27.15,4.0495,17.1064,17.1064,5.5147,-2.7595,-2.7595,-2.7595,36.2799,36.2799
20240326,2504,國產,TWSE,37.05,37.5,36.65,37.05,3379297.0,125610622.0,TWSE_RWD_JSON_MI_INDEX,data/daily_price/daily_price_20240326.csv,36.82,35.8175,31.6981,31.6981,35.2315,0.1351,1.9257,16.1442,,,6634057.4,0.5094,38.05,38.05,38.05,31.9,27.15,27.15,3.4411,16.8839,16.8839,5.1615,-2.6281,-2.6281,-2.6281,36.4641,36.4641
20240327,2504,國產,TWSE,37.0,38.2,37.0,38.1,5575961.0,210475271.0,TWSE_RWD_JSON_MI_INDEX,data/daily_price/daily_price_20240327.csv,37.19,36.105,31.8167,31.8167,35.4706,2.834,5.1034,17.7743,,,6615465.65,0.8429,38.2,38.2,38.2,32.2,27.15,27.15,5.5256,19.7486,19.7486,7.413,-0.2618,-0.2618,-0.2618,40.3315,40.3315
20240328,2504,國產,TWSE,38.1,38.1,37.5,37.7,3498729.0,132190328.0,TWSE_RWD_JSON_MI_INDEX,data/daily_price/daily_price_20240328.csv,37.34,36.34,31.9236,31.9236,35.6564,-1.0499,2.0298,14.2424,,,6434834.05,0.5437,38.2,38.2,38.2,33.3,27.15,27.15,3.7424,18.0943,18.0943,5.7315,-1.3089,-1.3089,-1.3089,38.8582,38.8582
20240329,2504,國產,TWSE,37.6,38.45,37.45,37.9,3183992.0,120599112.0,TWSE_RWD_JSON_MI_INDEX,data/daily_price/daily_price_20240329.csv,37.55,36.535,32.0304,32.0304,35.8433,0.5305,2.8494,11.4706,,,5949475.5,0.5352,38.45,38.45,38.45,34.0,27.15,27.15,3.7361,18.3252,18.3252,5.738,-1.4304,-1.4304,-1.4304,39.5948,39.5948
20240401,2504,國產,TWSE,37.9,38.4,37.6,38.3,3620786.0,138020772.0,TWSE_RWD_JSON_MI_INDEX,data/daily_price/daily_price_20240401.csv,37.81,36.7425,32.1404,32.1404,36.048,1.0554,3.5135,12.1523,,,5833970.05,0.6206,38.45,38.45,38.45,34.15,27.15,27.15,4.239,19.1648,19.1648,6.2471,-0.3901,-0.3901,-0.3901,41.0681,41.0681
20240402,2504,國產,TWSE,38.25,38.8,38.2,38.55,4157871.0,160157754.0,TWSE_RWD_JSON_MI_INDEX,data/daily_price/daily_price_20240402.csv,38.11,36.9075,32.2509,32.2509,36.2565,0.6527,4.0486,9.3617,,,5599124.7,0.7426,38.8,38.8,38.8,34.6,27.15,27.15,4.4503,19.5317,19.5317,6.3256,-0.6443,-0.6443,-0.6443,41.989,41.989
20240403,2504,國產,TWSE,38.9,39.9,38.85,39.75,8057034.0,318990663.0,TWSE_RWD_JSON_MI_INDEX,data/daily_price/daily_price_20240403.csv,38.44,37.1375,32.378,32.378,36.5477,3.1128,4.3307,13.0868,,,5741596.95,1.4033,39.9,39.9,39.9,34.95,27.15,27.15,7.0347,22.7687,22.7687,8.7621,-0.3759,-0.3759,-0.3759,46.4088,46.4088
20240408,2504,國產,TWSE,40.1,42.45,40.05,41.3,12486723.0,514341157.0,TWSE_RWD_JSON_MI_INDEX,data/daily_price/daily_price_20240408.csv,39.16,37.39,32.5267,32.5267,36.9437,3.8994,9.5491,13.931,,,5861727.45,2.1302,42.45,42.45,42.45,35.7,27.15,27.15,10.4573,26.9727,26.9727,11.7918,-2.7091,-2.7091,-2.7091,52.1179,52.1179
20240409,2504,國產,TWSE,40.9,41.6,40.25,41.35,7666910.0,314010592.0,TWSE_RWD_CSV_MI_INDEX,data/daily_price/daily_price_20240409.csv,39.85,37.6375,32.7467,32.6713,37.3109,0.1211,9.1029,13.5989,46.8917,,5702318.45,1.3445,42.45,42.45,42.45,35.7,27.15,27.15,9.8638,26.2724,26.5636,10.8256,-2.5913,-2.5913,-2.5913,52.302,52.302
20240410,2504,國產,TWSE,41.1,42.25,40.4,41.6,9499134.0,392518375.0,TWSE_RWD_JSON_MI_INDEX,data/daily_price/daily_price_20240410.csv,40.51,37.91,32.9767,32.8153,37.6683,0.6046,8.6162,15.0761,49.6403,,5944757.0,1.5979,42.45,42.45,42.45,35.7,27.15,27.15,9.7336,26.1498,26.77,10.4377,-2.0024,-2.0024,-2.0024,53.2228,53.2228
20240411,2504,國產,TWSE,42.0,42.45,41.3,41.7,5485511.0,229249062.0,TWSE_RWD_JSON_MI_INDEX,data/daily_price/daily_price_20240411.csv,41.14,38.1475,33.205,32.9563,38.0043,0.2404,8.1712,12.8552,48.9286,,5949879.05,0.922,42.45,42.45,42.45,35.7,27.15,27.15,9.3125,25.5835,26.531,9.7245,-1.7668,-1.7668,-1.7668,53.5912,53.5912
20240412,2504,國產,TWSE,41.35,43.5,41.2,43.4,10149312.0,432815852.0,TWSE_RWD_JSON_MI_INDEX,data/daily_price/daily_price_20240412.csv,41.87,38.48,33.4617,33.1195,38.4539,4.0767,9.1824,18.0952,55.0,,5831471.8,1.7404,43.5,43.5,43.5,35.7,27.15,27.15,12.7859,29.7007,31.0405,12.8623,-0.2299,-0.2299,-0.2299,59.8527,59.8527
20240415,2504,國產,TWSE,43.4,43.4,42.1,42.65,7314384.0,313240250.0,TWSE_RWD_JSON_MI_INDEX,data/daily_price/daily_price_20240415.csv,42.14,38.795,33.7067,33.2662,38.8036,-1.7281,3.2688,17.3315,52.5939,,5933157.3,1.2328,43.5,43.5,43.5,35.7,27.15,27.15,9.9368,26.5328,28.2084,9.9125,-1.954,-1.954,-1.954,57.0902,57.0902
20240416,2504,國產,TWSE,42.45,42.7,41.4,41.7,9643038.0,404601468.0,TWSE_RWD_JSON_MI_INDEX,data/daily_price/daily_price_20240416.csv,42.21,39.0725,33.9358,33.3939,39.045,-2.2274,0.8464,15.3527,49.195,,6092487.2,1.5828,43.5,43.5,43.5,36.1,27.15,27.15,6.7247,22.879,24.873,6.7999,-4.1379,-4.1379,-4.1379,53.5912,53.5912
20240417,2504,國產,TWSE,42.4,45.85,42.4,45.85,19191933.0,868514633.0,TWSE_RWD_JSON_MI_INDEX,data/daily_price/daily_price_20240417.csv,43.06,39.515,34.2367,33.5799,39.6121,9.952,10.2163,23.9189,64.9281,,6768208.55,2.8356,45.85,45.85,45.85,36.1,27.15,27.15,16.0319,33.9207,36.5402,15.7476,0.0,0.0,0.0,68.8766,68.8766
20240418,2504,國產,TWSE,46.0,48.95,45.25,48.05,33624807.0,1598338077.0,TWSE_RWD_JSON_MI_INDEX,data/daily_price/daily_price_20240418.csv,44.33,40.1,34.5717,33.7926,40.3152,4.7983,15.2278,32.1871,71.9141,,8250100.7,4.0757,48.95,48.95,48.95,36.1,27.15,27.15,19.8254,38.9866,42.1907,19.1858,-1.8386,-1.8386,-1.8386,76.9797,76.9797
20240419,2504,國產,TWSE,47.5,48.75,45.45,48.25,26761987.0,1271072148.0,TWSE_RWD_JSON_MI_INDEX,data/daily_price/daily_price_20240419.csv,45.3,40.7,34.91,34.0022,40.9764,0.4162,11.1751,33.1034,72.6297,,9367377.05,2.8569,48.95,48.95,48.95,36.4,27.15,27.15,18.5504,38.2125,41.9027,17.7506,-1.43,-1.43,-1.43,77.7164,77.7164
20240422,2504,國產,TWSE,48.4,49.75,46.1,47.0,29161112.0,1393947538.0,TWSE_RWD_JSON_MI_INDEX,data/daily_price/daily_price_20240422.csv,46.17,41.2025,35.2267,34.1879,41.4784,-2.5907,10.1993,27.1989,67.8571,,10561810.55,2.761,49.75,49.75,49.75,36.55,27.15,27.15,14.0707,33.4217,37.4757,13.312,-5.5276,-5.5276,-5.5276,73.1123,73.1123
20240423,2504,國產,TWSE,47.55,48.25,45.15,46.65,19501020.0,906557692.0,TWSE_RWD_JSON_MI_INDEX,data/daily_price/daily_price_20240423.csv,47.16,41.6925,35.5458,34.3634,41.9094,-0.7447,11.8705,26.5943,69.6364,,11308328.0,1.7245,49.75,49.75,49.75,36.65,27.15,27.15,11.8906,31.239,35.755,11.3116,-6.2312,-6.2312,-6.2312,71.8232,71.8232
20240424,2504,國產,TWSE,47.3,47.4,43.65,43.9,25372932.0,1138642417.0,TWSE_RWD_JSON_MI_INDEX,data/daily_price/daily_price_20240424.csv,46.77,42.0375,35.82,34.4958,42.0753,-5.895,-4.253,18.6486,59.9271,,12366623.65,2.0517,49.75,49.75,49.75,36.65,27.4,27.15,4.4306,22.5572,27.2617,4.3368,-11.7588,-11.7588,-11.7588,60.219,61.6943
20240425,2504,國產,TWSE,44.35,48.25,44.35,47.25,36650205.0,1726212584.0,TWSE_RWD_JSON_MI_INDEX,data/daily_price/daily_price_20240425.csv,46.61,42.5475,36.1433,34.6705,42.5065,7.631,-1.6649,27.5304,69.6589,,14030169.05,2.6122,49.75,49.75,49.75,37.0,27.65,27.15,11.0524,30.7295,36.2828,11.1595,-5.0251,-5.0251,-5.0251,70.8861,74.0331
20240426,2504,國產,TWSE,46.8,47.85,46.25,46.95,16594012.0,779576484.0,TWSE_RWD_JSON_MI_INDEX,data/daily_price/daily_price_20240426.csv,46.35,42.99,36.4592,34.8365,42.8768,-0.6349,-2.6943,23.2283,67.6786,,14581071.6,1.1381,49.75,49.75,49.75,37.45,28.05,27.15,9.2114,28.7742,34.7725,9.4998,-5.6281,-5.6281,-5.6281,67.3797,72.9282
20240429,2504,國產,TWSE,47.5,49.5,46.3,49.15,23486079.0,1137538008.0,TWSE_RWD_JSON_MI_INDEX,data/daily_price/daily_price_20240429.csv,46.78,43.5625,36.8025,35.0273,43.3996,4.6858,4.5745,30.3714,72.1541,,15580439.1,1.5074,49.75,49.75,49.75,37.45,28.55,27.15,12.8264,33.5507,40.319,13.25,-1.206,-1.206,-1.206,72.1541,81.0313
20240430,2504,國產,TWSE,49.0,49.05,46.9,48.05,15935584.0,763879339.0,TWSE_RWD_JSON_MI_INDEX,data/daily_price/daily_price_20240430.csv,47.06,44.07,37.125,35.1987,43.7871,-2.238,3.0011,26.781,67.4216,,16218018.7,0.9826,49.75,49.75,49.75,37.6,28.75,27.15,9.0311,29.4276,36.5108,9.7355,-3.4171,-3.4171,-3.4171,67.1304,76.9797
20240502,2504,國產,TWSE,48.3,51.8,48.25,50.8,28330382.0,1433285504.0,TWSE_RWD_JSON_MI_INDEX,data/daily_price/daily_price_20240502.csv,48.44,44.695,37.4883,35.4013,44.3715,5.7232,15.7175,32.6371,75.1724,,17453498.5,1.6232,51.8,51.8,51.8,38.2,28.9,27.15,13.6592,35.5088,43.4976,14.4879,-1.9305,-1.9305,-1.9305,75.7785,87.1087
20240503,2504,國產,TWSE,50.7,51.1,49.1,49.4,16632716.0,827012577.0,TWSE_RWD_JSON_MI_INDEX,data/daily_price/daily_price_20240503.csv,48.87,45.2375,37.8267,35.5808,44.7905,-2.7559,4.5503,28.1453,69.7595,,18077240.75,0.9201,51.8,51.8,51.8,38.85,28.9,27.15,9.2014,30.5957,38.839,10.2911,-4.6332,-4.6332,-4.6332,70.9343,81.9521
20240506,2504,國產,TWSE,49.45,49.75,47.55,49.45,16701505.0,811400059.0,TWSE_RWD_JSON_MI_INDEX,data/daily_price/daily_price_20240506.csv,49.37,45.7225,38.1633,35.7563,45.1788,0.1012,5.3248,24.4025,69.0598,,18509464.3,0.9023,51.8,51.8,51.8,40.05,29.0,27.15,8.1524,29.5746,38.2972,9.4539,-4.5367,-4.5367,-4.5367,70.5172,82.1363
20240507,2504,國產,TWSE,48.75,49.35,46.45,47.25,18771815.0,893311188.0,TWSE_RWD_JSON_MI_INDEX,data/daily_price/daily_price_20240507.csv,48.99,46.02,38.4633,35.9,45.3514,-4.4489,-3.8657,14.4068,61.5385,,18823718.9,0.9972,51.8,51.8,51.8,40.25,29.0,27.15,2.6728,22.8443,31.6156,4.1864,-8.7838,-8.7838,-8.7838,62.931,74.0331
20240508,2504,國產,TWSE,47.6,47.6,45.5,45.9,12541421.0,579158510.0,TWSE_RWD_JSON_MI_INDEX,data/daily_price/daily_price_20240508.csv,48.56,46.2475,38.7367,36.0235,45.3971,-2.8571,-4.4745,11.0036,55.5932,,19067444.45,0.6577,51.8,51.8,51.8,40.4,29.0,27.15,-0.7514,18.4924,27.417,1.1077,-11.39,-11.39,-11.39,58.2759,69.0608
20240509,2504,國產,TWSE,45.9,47.3,45.0,45.0,9177215.0,421423322.0,TWSE_RWD_JSON_MI_INDEX,data/daily_price/daily_price_20240509.csv,47.4,46.4175,38.9917,36.1329,45.364,-1.9608,-11.4173,8.1731,51.5152,,19051348.5,0.4817,51.8,51.8,51.8,41.2,29.0,27.15,-3.0538,15.4093,24.5401,-0.8025,-13.1274,-13.1274,-13.1274,55.1724,65.7459
20240510,2504,國產,TWSE,45.4,47.2,45.0,46.75,11571514.0,538695662.0,TWSE_RWD_JSON_MI_INDEX,data/daily_price/daily_price_20240510.csv,46.87,46.67,39.2708,36.2608,45.4795,3.8889,-5.3644,12.1103,55.8333,,19355648.65,0.5978,51.8,51.8,51.8,41.2,29.0,27.15,0.1714,19.0451,28.927,2.7935,-9.749,-9.749,-9.749,61.2069,72.1915
20240513,2504,國產,TWSE,46.9,47.5,45.8,46.5,7426159.0,347745396.0,TWSE_RWD_JSON_MI_INDEX,data/daily_price/daily_price_20240513.csv,46.28,46.825,39.5575,36.3827,45.5646,-0.5348,-5.9656,7.1429,58.7031,,19219491.0,0.3864,51.8,51.8,51.8,41.4,29.0,27.15,-0.6941,17.5504,27.8079,2.053,-10.2317,-10.2317,-10.2317,60.3448,71.2707
20240514,2504,國產,TWSE,46.35,46.95,45.1,45.55,7453373.0,339882654.0,TWSE_RWD_JSON_MI_INDEX,data/daily_price/daily_price_20240514.csv,45.94,46.97,39.8283,36.4906,45.5634,-2.043,-3.5979,6.7995,55.4608,,19226440.45,0.3877,51.8,51.8,51.8,41.4,29.0,27.15,-3.0232,14.3658,24.8267,-0.0293,-12.0656,-12.0656,-12.0656,57.069,67.7716
20240515,2504,國產,TWSE,45.9,46.1,45.05,45.55,6395726.0,290814319.0,TWSE_RWD_JSON_MI_INDEX,data/daily_price/daily_price_20240515.csv,45.87,47.1625,40.0992,36.5959,45.5623,0.0,-0.7625,9.2326,55.4608,,19064074.85,0.3355,51.8,51.8,51.8,42.4,29.55,27.15,-3.419,13.5934,24.4674,-0.0269,-12.0656,-12.0656,-12.0656,54.1455,67.7716
20240516,2504,國產,TWSE,46.0,48.85,45.95,48.55,21378523.0,1021722874.0,TWSE_RWD_JSON_MI_INDEX,data/daily_price/daily_price_20240516.csv,46.58,47.2975,40.41,36.7333,45.8112,6.5862,7.8889,5.8888,62.3746,,19173404.35,1.115,51.8,51.8,51.8,43.65,30.0,27.15,2.6481,20.1435,32.1688,5.9784,-6.2741,-6.2741,-6.2741,61.8333,78.8214
20240517,2504,國產,TWSE,48.8,50.2,48.0,50.2,19446664.0,960845244.0,TWSE_RWD_JSON_MI_INDEX,data/daily_price/daily_price_20240517.csv,47.27,47.405,40.7133,36.8864,46.177,3.3986,7.3797,4.4745,56.875,,18464497.2,1.0532,51.8,51.8,51.8,43.65,31.55,27.15,5.896,23.3011,36.0937,8.7122,-3.0888,-3.0888,-3.0888,59.1125,84.8987
20240520,2504,國產,TWSE,50.9,51.2,48.3,49.8,24867137.0,1238274119.0,TWSE_RWD_JSON_MI_INDEX,data/daily_price/daily_price_20240520.csv,47.93,47.4825,41.0092,37.0315,46.4789,-0.7968,7.0968,3.2124,55.3822,,18369754.7,1.3537,51.8,51.8,51.8,43.65,31.55,27.15,4.8807,21.4363,34.4802,7.1454,-3.861,-3.861,-3.861,57.8447,83.4254
20240521,2504,國產,TWSE,50.0,50.1,47.5,47.5,16988076.0,819090156.0,TWSE_RWD_JSON_MI_INDEX,data/daily_price/daily_price_20240521.csv,48.32,47.5075,41.2608,37.1478,46.564,-4.6185,4.281,1.0638,46.6049,,17761102.9,0.9565,51.8,51.8,51.8,43.65,31.55,27.15,-0.0158,15.1213,27.8677,2.0102,-8.3012,-8.3012,-8.3012,50.5547,74.954
20240522,2504,國產,TWSE,47.75,47.8,44.95,45.45,23627813.0,1082684991.0,TWSE_RWD_JSON_MI_INDEX,data/daily_price/daily_price_20240522.csv,48.3,47.4475,41.485,37.239,46.4711,-4.3158,-0.2195,-2.5723,42.0313,,17967442.55,1.315,51.8,51.8,51.8,43.65,31.7,27.15,-4.2099,9.5577,22.0494,-2.1974,-12.2587,-12.2587,-12.2587,43.3754,67.4033
20240523,2504,國產,TWSE,45.25,45.55,44.1,44.8,19548861.0,874308630.0,TWSE_RWD_JSON_MI_INDEX,data/daily_price/daily_price_20240523.csv,47.55,47.4925,41.6967,37.3212,46.3319,-1.4301,-7.724,2.0501,39.5639,,17676239.0,1.1059,51.8,51.8,51.8,44.1,31.85,27.15,-5.6693,7.4426,20.039,-3.3063,-13.5135,-13.5135,-13.5135,40.6593,65.0092
20240524,2504,國產,TWSE,44.45,47.0,44.35,47.0,15349270.0,711562512.0,TWSE_RWD_JSON_MI_INDEX,data/daily_price/daily_price_20240524.csv,46.91,47.48,41.9483,37.4253,46.3876,4.9107,-6.3745,-0.5291,47.3354,,16611192.25,0.924,51.8,51.8,51.8,44.1,31.9,27.15,-1.011,12.0426,25.5836,1.3203,-9.2664,-9.2664,-9.2664,47.3354,73.1123
20240527,2504,國產,TWSE,46.9,47.85,45.9,47.85,13203674.0,624802640.0,TWSE_RWD_JSON_MI_INDEX,data/daily_price/daily_price_20240527.csv,46.52,47.525,42.2067,37.5362,46.5094,1.8085,-3.9157,1.9169,47.9134,,16441675.35,0.8031,51.8,51.8,51.8,44.1,32.2,27.15,0.6839,13.3707,27.477,2.8824,-7.6255,-7.6255,-7.6255,48.6025,76.2431
20240528,2504,國產,TWSE,47.7,48.35,47.1,47.95,9141808.0,437851414.0,TWSE_RWD_JSON_MI_INDEX,data/daily_price/daily_price_20240528.csv,46.61,47.465,42.4558,37.6458,46.6295,0.209,0.9474,-2.4415,45.303,,15724461.8,0.5814,51.8,51.8,51.8,44.1,33.3,27.15,1.0218,12.9409,27.3715,2.832,-7.4324,-7.4324,-7.4324,43.994,76.6114
20240529,2504,國產,TWSE,48.1,48.9,46.3,47.45,16437473.0,786322231.0,TWSE_RWD_JSON_MI_INDEX,data/daily_price/daily_price_20240529.csv,47.01,47.435,42.68,37.7479,46.6979,-1.0428,4.4004,-1.2487,39.5588,,15749556.25,1.0437,51.8,51.8,51.8,44.1,34.0,27.15,0.0316,11.1762,25.7023,1.6107,-8.3977,-8.3977,-8.3977,39.5588,74.7698
20240530,2504,國產,TWSE,47.45,48.65,46.85,46.9,14700897.0,700074603.0,TWSE_RWD_JSON_MI_INDEX,data/daily_price/daily_price_20240530.csv,47.43,47.24,42.8925,37.8423,46.7147,-1.1591,4.6875,-7.6772,37.3353,,15068082.0,0.9756,51.2,51.8,51.8,44.1,34.15,27.15,-0.7197,9.3431,23.9355,0.3967,-8.3984,-9.4595,-9.4595,37.3353,72.744
20240531,2504,國產,TWSE,47.6,48.1,46.65,46.65,17796251.0,840865744.0,TWSE_RWD_JSON_MI_INDEX,data/daily_price/daily_price_20240531.csv,47.36,47.1025,43.0825,37.9321,46.7093,-0.533,-0.7447,-5.5668,32.3404,,15126258.75,1.1765,51.2,51.8,51.8,44.1,34.6,27.15,-0.9607,8.2806,22.9828,-0.127,-8.8867,-9.9421,-9.9421,34.8266,71.8232
20240603,2504,國產,TWSE,46.9,47.05,45.35,46.1,17130319.0,789455704.0,TWSE_RWD_JSON_MI_INDEX,data/daily_price/daily_price_20240603.csv,47.01,46.935,43.265,38.0146,46.6585,-1.179,-3.6573,-6.7745,31.1522,,15147699.45,1.1309,51.2,51.8,51.8,44.1,34.95,27.15,-1.7791,6.5526,21.269,-1.1971,-9.9609,-11.0039,-11.0039,31.9027,69.7974
20240604,2504,國產,TWSE,46.5,47.0,45.15,46.1,15656356.0,719908499.0,TWSE_RWD_JSON_MI_INDEX,data/daily_price/daily_price_20240604.csv,46.64,46.8775,43.4292,38.0955,46.612,0.0,-3.8582,-2.4339,27.1724,,14991926.5,1.0443,51.2,51.8,51.8,44.1,35.7,27.15,-1.6586,6.1499,21.0117,-1.0984,-9.9609,-11.0039,-11.0039,29.1317,69.7974
20240605,2504,國產,TWSE,46.25,46.45,45.4,45.85,12877070.0,591658581.0,TWSE_RWD_JSON_MI_INDEX,data/daily_price/daily_price_20240605.csv,46.32,46.875,43.5867,38.1723,46.5485,-0.5423,-3.372,-0.1089,25.9615,,15008708.95,0.858,51.2,51.8,51.8,44.1,35.7,27.15,-2.1867,5.1927,20.1133,-1.5006,-10.4492,-11.4865,-11.4865,28.4314,68.8766
20240606,2504,國產,TWSE,45.9,47.2,45.5,47.15,12259032.0,570674504.0,TWSE_RWD_JSON_MI_INDEX,data/daily_price/daily_price_20240606.csv,46.37,46.9825,43.77,38.2603,46.5986,2.8353,0.533,4.7778,30.4288,,15162799.8,0.8085,51.2,51.8,51.8,44.1,35.7,27.15,0.3565,7.7222,23.2348,1.1833,-7.9102,-8.9768,-8.9768,32.0728,73.6648
20240607,2504,國產,TWSE,47.1,48.4,47.0,47.6,14892552.0,713009988.0,TWSE_RWD_JSON_MI_INDEX,data/daily_price/daily_price_20240607.csv,46.56,47.025,43.9475,38.351,46.6821,0.9544,2.0364,1.8182,28.8227,,15328851.7,0.9715,51.2,51.8,51.8,44.1,35.7,27.15,1.2228,8.3111,24.1168,1.9664,-7.0312,-8.1081,-8.1081,33.3333,75.3223
20240611,2504,國產,TWSE,48.05,48.45,47.15,47.5,14639677.0,701837518.0,TWSE_RWD_JSON_MI_INDEX,data/daily_price/daily_price_20240611.csv,46.84,47.075,44.1267,38.4389,46.7502,-0.2101,3.0369,2.1505,29.2517,,15689527.6,0.9331,51.2,51.8,51.8,44.1,35.7,27.15,0.9028,7.6447,23.5726,1.6038,-7.2266,-8.3012,-8.3012,33.0532,74.954
20240612,2504,國產,TWSE,48.05,48.3,47.15,47.85,13821865.0,662097637.0,TWSE_RWD_JSON_MI_INDEX,data/daily_price/daily_price_20240612.csv,47.19,47.19,44.3183,38.5286,46.8419,0.7368,3.7961,5.0494,31.6369,,16007952.2,0.8634,51.2,51.8,51.8,44.1,35.7,27.15,1.3986,7.9689,24.1935,2.1522,-6.543,-7.6255,-7.6255,34.0336,76.2431
20240613,2504,國產,TWSE,48.1,49.45,47.7,48.0,10360768.0,503329546.0,TWSE_RWD_JSON_MI_INDEX,data/daily_price/daily_price_20240613.csv,47.62,47.3125,44.5158,38.6179,46.9384,0.3135,4.6892,5.3787,32.7801,,16206204.3,0.6393,51.2,51.8,51.8,44.1,36.1,27.15,1.4531,7.8268,24.2946,2.2617,-6.25,-7.3359,-7.3359,32.964,76.7956
20240614,2504,國產,TWSE,47.5,49.0,47.45,48.0,7563914.0,364273919.0,TWSE_RWD_JSON_MI_INDEX,data/daily_price/daily_price_20240614.csv,47.79,47.285,44.6992,38.7056,47.0269,0.0,1.8028,-1.1329,29.7297,,15515473.85,0.4875,51.2,51.8,51.8,44.1,36.1,27.15,1.5121,7.3846,24.013,2.0693,-6.25,-7.3359,-7.3359,32.964,76.7956
20240617,2504,國產,TWSE,48.5,49.3,48.45,48.45,8007101.0,391372914.0,TWSE_RWD_JSON_MI_INDEX,data/daily_price/daily_price_20240617.csv,47.96,47.1975,44.9008,38.7958,47.1454,0.9375,1.7857,-3.4861,33.2875,,14943495.7,0.5358,51.2,51.8,51.8,44.1,36.1,27.15,2.6537,7.9045,24.8845,2.7671,-5.3711,-6.4672,-6.4672,34.2105,78.453
20240618,2504,國產,TWSE,49.0,49.35,48.7,48.75,6055596.0,296537321.0,TWSE_RWD_JSON_MI_INDEX,data/daily_price/daily_price_20240618.csv,48.21,47.145,45.1092,38.8872,47.2792,0.6192,2.6316,-2.1084,34.4828,,14002918.65,0.4325,50.1,51.8,51.8,44.1,36.4,27.15,3.4044,8.0712,25.3627,3.111,-2.6946,-5.888,-5.888,33.9286,79.558
20240619,2504,國產,TWSE,49.15,49.2,48.5,48.6,5344665.0,261102462.0,TWSE_RWD_JSON_MI_INDEX,data/daily_price/daily_price_20240619.csv,48.36,47.2,45.3033,38.9755,47.3892,-0.3077,1.5674,2.3158,31.5291,,13420748.1,0.3982,49.45,51.8,51.8,44.1,36.55,27.15,2.9661,7.2769,24.6939,2.5549,-1.7189,-6.1776,-6.1776,32.9685,79.0055
20240620,2504,國產,TWSE,48.6,49.05,48.3,48.35,6188047.0,301303860.0,TWSE_RWD_JSON_MI_INDEX,data/daily_price/daily_price_20240620.csv,48.43,47.345,45.495,39.0599,47.4693,-0.5144,0.7292,6.3806,31.2076,,12548759.8,0.4931,49.45,51.8,51.8,44.1,36.65,27.15,2.1227,6.2754,23.7842,1.8553,-2.2245,-6.6602,-6.6602,31.9236,78.0847
20240621,2504,國產,TWSE,48.9,49.2,46.7,46.7,16045124.0,762972673.0,TWSE_RWD_JSON_MI_INDEX,data/daily_price/daily_price_20240621.csv,48.17,47.44,45.6567,39.1281,47.4052,-3.4126,-2.7083,4.2411,26.2162,,12373572.95,1.2967,49.45,51.8,51.8,44.35,36.65,27.15,-1.5599,2.2852,19.3515,-1.4876,-5.5612,-9.8456,-9.8456,27.4216,72.0074
20240624,2504,國產,TWSE,46.7,47.45,46.4,46.55,16487994.0,770263667.0,TWSE_RWD_JSON_MI_INDEX,data/daily_price/daily_price_20240624.csv,47.79,47.4175,45.815,39.1938,47.3339,-0.3212,-3.9216,-0.9574,25.641,,12430509.15,1.3264,49.45,51.8,51.8,45.15,37.0,27.15,-1.8295,1.6043,18.7688,-1.6561,-5.8645,-10.1351,-10.1351,25.8108,71.4549
20240625,2504,國產,TWSE,42.4,45.4,41.8,45.4,19967359.0,879887325.0,TWSE_RWD_JSON_MI_INDEX,data/daily_price/daily_price_20240625.csv,47.12,47.295,45.9367,39.2482,47.1728,-2.4705,-6.8718,-5.1202,19.1601,,12768693.4,1.5638,49.45,51.8,51.8,41.8,37.45,27.15,-4.0068,-1.1683,15.674,-3.758,-8.1901,-12.3552,-12.3552,21.2283,67.2192
20240626,2504,國產,TWSE,45.8,46.35,45.15,45.4,6903278.0,315876507.0,TWSE_RWD_JSON_MI_INDEX,data/daily_price/daily_price_20240626.csv,46.48,47.1675,46.065,39.3017,47.025,0.0,-6.5844,-5.318,20.4244,,12656766.9,0.5454,49.45,51.8,51.8,41.8,37.45,27.15,-3.7473,-1.4436,15.5165,-3.4557,-8.1901,-12.3552,-12.3552,21.2283,67.2192
20240627,2504,國產,TWSE,45.45,46.15,44.75,44.75,9523745.0,430291556.0,TWSE_RWD_JSON_MI_INDEX,data/daily_price/daily_price_20240627.csv,45.76,47.0325,46.1792,39.3487,46.8354,-1.4317,-7.4457,-5.6902,18.0739,,12311080.5,0.7736,49.45,51.8,51.8,41.8,37.6,27.15,-4.853,-3.0948,13.7267,-4.4527,-9.5046,-13.61,-13.61,19.016,64.825
20240628,2504,國產,TWSE,44.8,44.95,43.1,43.1,11812819.0,515784480.0,TWSE_RWD_JSON_MI_INDEX,data/daily_price/daily_price_20240628.csv,45.04,46.8425,46.2592,39.3808,46.5242,-3.6872,-7.7088,-8.1023,12.5326,,12166676.6,0.9709,49.45,51.8,51.8,41.8,38.2,27.15,-7.9895,-6.8293,9.4443,-7.36,-12.8413,-16.7954,-16.7954,12.8272,58.7477
20240701,2504,國產,TWSE,43.35,45.6,43.3,45.25,12566253.0,564486241.0,TWSE_RWD_JSON_MI_INDEX,data/daily_price/daily_price_20240701.csv,44.78,46.7725,46.3708,39.4305,46.418,4.9884,-2.7927,-3.0011,17.38,,11905176.7,1.0555,49.45,51.8,51.8,41.8,38.85,27.15,-3.2551,-2.4171,14.7589,-2.5162,-8.4934,-12.6448,-12.6448,16.4736,66.6667
20240702,2504,國產,TWSE,45.65,45.65,44.65,45.25,4731003.0,213805625.0,TWSE_RWD_JSON_MI_INDEX,data/daily_price/daily_price_20240702.csv,44.75,46.73,46.4625,39.4794,46.3206,0.0,-0.3304,-1.8438,13.8365,,11285210.9,0.4192,49.45,51.8,51.8,41.8,40.05,27.15,-3.1671,-2.6096,14.6167,-2.3114,-8.4934,-12.6448,-12.6448,12.9838,66.6667
20240703,2504,國產,TWSE,45.3,47.2,44.55,46.0,22042124.0,1022884574.0,TWSE_RWD_JSON_MI_INDEX,data/daily_price/daily_price_20240703.csv,44.87,46.725,46.5408,39.5338,46.2939,1.6575,1.3216,-0.2169,11.3801,,11604499.3,1.8994,49.45,51.8,51.8,41.8,40.25,27.15,-1.5516,-1.1621,16.3563,-0.6349,-6.9767,-11.1969,-11.1969,14.2857,69.4291
20240704,2504,國產,TWSE,46.25,46.45,45.55,45.6,4331367.0,198663103.0,TWSE_RWD_JSON_MI_INDEX,data/daily_price/daily_price_20240704.csv,45.04,46.7125,46.6117,39.6792,46.2361,-0.8696,1.8994,-0.5453,10.2781,61.9893,11177214.15,0.3875,49.45,51.8,51.8,41.8,40.4,27.15,-2.3816,-2.1704,14.9218,-1.3758,-7.7856,-11.9691,-11.9691,12.8713,67.9558
20240705,2504,國產,TWSE,46.0,46.35,45.3,45.35,1976320.0,90176340.0,TWSE_RWD_JSON_MI_INDEX,data/daily_price/daily_price_20240705.csv,45.49,46.6225,46.6742,39.8254,46.1623,-0.5482,5.2204,-3.8176,9.0144,63.1295,10663078.55,0.1853,49.45,51.8,51.8,41.8,41.2,27.15,-2.7294,-2.837,13.872,-1.7596,-8.2912,-12.4517,-12.4517,10.0728,67.035
20240708,2504,國產,TWSE,45.4,45.4,44.4,44.9,3891967.0,174281976.0,TWSE_RWD_JSON_MI_INDEX,data/daily_price/daily_price_20240708.csv,45.42,46.4875,46.7275,39.9662,46.0571,-0.9923,-0.7735,-5.6723,7.6739,60.3571,10113049.3,0.3848,49.45,51.8,51.8,41.8,41.2,27.15,-3.4149,-3.911,12.3448,-2.5123,-9.2012,-13.3205,-13.3205,8.9806,65.3775
20240709,2504,國產,TWSE,45.1,45.1,43.75,43.75,4589790.0,202265488.0,TWSE_RWD_JSON_MI_INDEX,data/daily_price/daily_price_20240709.csv,45.12,46.3,46.7333,40.0975,45.8648,-2.5612,-3.3149,-7.8947,0.8065,56.25,9610554.95,0.4776,49.45,51.8,51.8,41.8,41.4,27.15,-5.5076,-6.3837,9.109,-4.611,-11.5268,-15.5405,-15.5405,5.6763,61.1418
20240710,2504,國產,TWSE,43.9,44.6,43.4,44.3,6369215.0,279496278.0,TWSE_RWD_JSON_MI_INDEX,data/daily_price/daily_price_20240710.csv,44.78,46.1225,46.7608,40.2338,45.7344,1.2571,-3.6957,-7.419,3.8687,58.4973,9237922.45,0.6895,49.45,51.8,51.8,41.8,41.4,27.15,-3.9514,-5.2626,10.1066,-3.1364,-10.4146,-14.4788,-14.4788,7.0048,63.1676
20240711,2504,國產,TWSE,44.6,44.6,43.5,44.2,5289174.0,232173019.0,TWSE_RWD_JSON_MI_INDEX,data/daily_price/daily_price_20240711.csv,44.5,45.9325,46.8025,40.3692,45.6065,-0.2257,-3.0702,-7.9167,5.9952,58.1395,8984342.75,0.5887,49.35,51.8,51.8,41.8,41.8,27.15,-3.7718,-5.5606,9.4895,-3.0841,-10.4357,-14.6718,-14.6718,5.7416,62.7993
20240712,2504,國產,TWSE,43.95,44.65,43.6,44.5,2671794.0,118092111.0,TWSE_RWD_JSON_MI_INDEX,data/daily_price/daily_price_20240712.csv,44.33,45.7575,46.78,40.5083,45.5143,0.6787,-1.8743,-7.2917,-2.9444,60.0719,8739736.75,0.3057,49.35,51.8,51.8,41.8,41.8,27.15,-2.7482,-4.8739,9.8539,-2.2286,-9.8278,-14.0927,-14.0927,6.4593,63.9042
20240715,2504,國產,TWSE,44.6,47.0,44.0,46.0,7895252.0,360756959.0,TWSE_RWD_JSON_MI_INDEX,data/daily_price/daily_price_20240715.csv,44.55,45.635,46.7458,40.6587,45.5548,3.3708,2.4499,-5.0568,-4.2664,64.5796,8734144.3,0.904,49.35,51.8,51.8,41.8,41.8,27.15,0.7998,-1.5955,13.1368,0.9773,-6.7882,-11.1969,-11.1969,10.0478,69.4291
20240716,2504,國產,TWSE,46.15,47.65,45.95,46.95,9612747.0,449351259.0,TWSE_RWD_JSON_MI_INDEX,data/daily_price/daily_price_20240716.csv,45.19,45.545,46.7242,40.8171,45.6711,2.0652,7.3143,-3.6923,-2.6943,67.9785,8912001.85,1.0786,49.2,51.8,51.8,41.8,41.8,27.15,3.0849,0.4833,15.0254,2.8003,-4.5732,-9.3629,-9.3629,12.3206,72.9282
20240717,2504,國產,TWSE,47.2,48.3,47.05,48.0,11180144.0,534700444.0,TWSE_RWD_JSON_MI_INDEX,data/daily_price/daily_price_20240717.csv,45.93,45.515,46.7408,40.9838,45.8651,2.2364,8.3521,-1.2346,2.1277,71.4286,9203775.8,1.2147,49.2,51.8,51.8,41.8,41.8,27.15,5.4597,2.6939,17.1196,4.6546,-2.439,-7.3359,-7.3359,14.8325,76.7956
20240718,2504,國產,TWSE,47.5,48.65,46.9,48.0,13084257.0,624777665.0,TWSE_RWD_JSON_MI_INDEX,data/daily_price/daily_price_20240718.csv,46.69,45.4975,46.7633,41.1546,46.0431,0.0,8.5973,-0.7239,2.8939,74.5455,9548586.3,1.3703,49.2,51.8,51.8,41.8,41.8,27.15,5.5003,2.6445,16.6334,4.2503,-2.439,-7.3359,-7.3359,14.8325,76.7956
20240719,2504,國產,TWSE,48.0,48.2,46.9,47.65,10000637.0,476733498.0,TWSE_RWD_JSON_MI_INDEX,data/daily_price/daily_price_20240719.csv,47.32,45.545,46.8258,41.3229,46.177,-0.7292,7.0787,2.0343,8.5421,73.5883,9246361.95,1.0816,48.65,51.8,51.8,41.8,41.8,27.4,4.6218,1.7601,15.3113,3.19,-2.0555,-8.0116,-8.0116,13.9952,73.9051
20240722,2504,國產,TWSE,48.2,48.5,46.9,48.05,12267098.0,587944400.0,TWSE_RWD_JSON_MI_INDEX,data/daily_price/daily_price_20240722.csv,47.73,45.62,46.8392,41.4912,46.3331,0.8395,4.4565,3.2223,1.6931,72.5314,9035317.15,1.3577,48.65,51.8,51.8,41.8,41.8,27.65,5.3266,2.5851,15.8075,3.7057,-1.2333,-7.2394,-7.2394,14.9522,73.7794
20240723,2504,國產,TWSE,48.55,52.1,48.55,52.0,18847133.0,964669883.0,TWSE_RWD_JSON_MI_INDEX,data/daily_price/daily_price_20240723.csv,48.74,45.95,46.9233,41.6912,46.8053,8.2206,10.7561,14.5374,10.7561,85.7143,8979305.85,2.099,52.1,52.1,52.1,43.1,41.8,28.05,13.1665,10.8191,24.7264,11.0985,-0.1919,-0.1919,-0.1919,24.4019,85.3832
20240726,2504,國產,TWSE,50.6,51.4,48.2,51.3,12601063.0,633208493.0,TWSE_RWD_JSON_MI_INDEX,data/daily_price/daily_price_20240726.csv,49.4,46.245,46.9592,41.8808,47.1799,-1.3462,6.875,12.9956,4.3744,79.6848,9264195.1,1.3602,52.1,52.1,52.1,43.1,41.8,28.55,10.9309,9.2438,22.4904,8.7328,-1.5355,-1.5355,-1.5355,22.7273,79.6848
20240729,2504,國產,TWSE,51.5,52.3,50.3,51.6,8825254.0,454029681.0,TWSE_RWD_JSON_MI_INDEX,data/daily_price/daily_price_20240729.csv,50.12,46.5875,47.0183,42.0717,47.5482,0.5848,7.5,15.3073,7.3881,79.7909,9229270.55,0.9562,52.3,52.3,52.3,43.1,41.8,28.75,10.7593,9.7444,22.6479,8.5215,-1.3384,-1.3384,-1.3384,23.445,79.4783
20240730,2504,國產,TWSE,51.4,51.8,50.5,51.7,6132359.0,314400405.0,TWSE_RWD_JSON_MI_INDEX,data/daily_price/daily_price_20240730.csv,50.93,47.0175,47.0333,42.2608,47.8942,0.1938,8.4995,19.9536,1.7717,78.2759,8945247.55,0.6855,52.3,52.3,52.3,43.3,41.8,28.9,9.9591,9.922,22.3355,7.9463,-1.1472,-1.1472,-1.1472,23.6842,78.8927
20240731,2504,國產,TWSE,51.9,52.9,50.7,52.6,8796867.0,457086643.0,TWSE_RWD_JSON_MI_INDEX,data/daily_price/daily_price_20240731.csv,51.84,47.385,47.0867,42.4567,48.2863,1.7408,9.4693,16.2431,6.4777,80.756,8756778.25,1.0046,52.9,52.9,52.9,43.4,41.8,28.9,11.0056,11.7089,23.891,8.9335,-0.5671,-0.5671,-0.5671,25.8373,82.0069
20240801,2504,國產,TWSE,52.8,53.2,51.1,52.0,7305352.0,381155286.0,TWSE_RWD_JSON_MI_INDEX,data/daily_price/daily_price_20240801.csv,51.84,47.7225,47.1292,42.6462,48.5958,-1.1407,0.0,14.9171,5.1567,77.7778,8885495.7,0.8222,53.2,53.2,53.2,43.4,41.8,29.0,8.9633,10.3351,21.9333,7.0051,-2.2556,-2.2556,-2.2556,24.4019,79.3103
20240802,2504,國產,TWSE,51.0,51.6,49.9,50.7,7366442.0,373598008.0,TWSE_RWD_JSON_MI_INDEX,data/daily_price/daily_price_20240802.csv,51.72,47.9575,47.1867,42.825,48.7712,-2.5,-1.1696,10.2174,7.3016,73.3333,8151711.6,0.9037,53.2,53.2,53.2,43.4,41.8,29.0,5.7186,7.4456,18.3888,3.9549,-4.6992,-4.6992,-4.6992,21.2919,74.8276
20240805,2504,國產,TWSE,49.8,49.8,45.8,46.75,8535702.0,402319570.0,TWSE_RWD_JSON_MI_INDEX,data/daily_price/daily_price_20240805.csv,50.75,48.015,47.2008,42.9688,48.6027,-7.7909,-9.3992,2.5219,1.8519,58.4746,8361928.35,1.0208,53.2,53.2,53.2,43.4,41.8,29.0,-2.6346,-0.9551,8.8,-3.812,-12.1241,-12.1241,-12.1241,11.8421,61.2069
20240806,2504,國產,TWSE,47.25,48.2,44.35,46.4,8012515.0,370141552.0,TWSE_RWD_JSON_MI_INDEX,data/daily_price/daily_price_20240806.csv,49.69,48.0675,47.2242,43.1079,48.4192,-0.7487,-10.2515,2.3153,3.1111,56.229,8663738.1,0.9248,53.2,53.2,53.2,43.4,41.8,29.0,-3.4691,-1.7452,7.6368,-4.1702,-12.782,-12.782,-12.782,11.0048,60.0
20240807,2504,國產,TWSE,46.4,49.8,45.9,48.65,7219630.0,350592406.0,TWSE_RWD_JSON_MI_INDEX,data/daily_price/daily_price_20240807.csv,48.9,48.255,47.2558,43.2633,48.4384,4.8491,-7.5095,8.3519,4.0642,62.1667,8830121.25,0.8176,53.2,53.2,53.2,43.4,41.8,29.0,0.8186,2.9503,12.4509,0.4368,-8.5526,-8.5526,-8.5526,16.3876,67.7586
20240808,2504,國產,TWSE,48.4,48.5,47.6,47.7,3042184.0,145860719.0,TWSE_RWD_JSON_MI_INDEX,data/daily_price/daily_price_20240808.csv,48.04,48.4525,47.2758,43.4167,48.3769,-1.9527,-8.2692,9.0286,2.5806,62.7986,8752740.95,0.3476,53.2,53.2,53.2,43.4,41.8,29.0,-1.5531,0.8972,9.8656,-1.3992,-10.3383,-10.3383,-10.3383,14.1148,64.4828
20240809,2504,國產,TWSE,48.5,50.4,48.3,49.95,6178259.0,306661467.0,TWSE_RWD_JSON_MI_INDEX,data/daily_price/daily_price_20240809.csv,47.89,48.735,47.3492,43.5888,48.508,4.717,-1.4793,12.754,9.6597,70.4778,8743193.15,0.7066,53.2,53.2,53.2,43.5,41.8,29.0,2.4931,5.4929,14.5938,2.9728,-6.109,-6.109,-6.109,19.4976,72.2414
20240812,2504,國產,TWSE,50.0,50.5,49.2,49.4,4558356.0,226751322.0,TWSE_RWD_JSON_MI_INDEX,data/daily_price/daily_price_20240812.csv,48.42,48.995,47.4133,43.7562,48.5823,-1.1011,5.6684,11.7647,8.4523,68.6007,8706652.25,0.5235,53.2,53.2,53.2,43.6,41.8,29.55,0.8266,4.1901,12.8982,1.6831,-7.1429,-7.1429,-7.1429,18.1818,67.1743
20240813,2504,國產,TWSE,50.1,50.1,48.35,49.8,5784478.0,284396173.0,TWSE_RWD_JSON_MI_INDEX,data/daily_price/daily_price_20240813.csv,49.1,49.26,47.4342,43.9221,48.6838,0.8097,7.3276,11.9101,2.5747,66.5552,8862286.45,0.6527,53.2,53.2,53.2,44.0,41.8,30.0,1.0962,4.9876,13.3826,2.2928,-6.391,-6.391,-6.391,19.1388,66.0
20240814,2504,國產,TWSE,50.4,52.0,49.75,51.9,7353123.0,375949052.0,TWSE_RWD_JSON_MI_INDEX,data/daily_price/daily_price_20240814.csv,49.75,49.555,47.4625,44.0879,48.9518,4.2169,6.6804,12.8261,3.3865,62.1875,8835180.0,0.8323,53.2,53.2,53.2,44.35,41.8,31.55,4.7321,9.3495,17.7193,6.0227,-2.4436,-2.4436,-2.4436,24.1627,64.5008
20240815,2504,國產,TWSE,52.0,52.6,50.0,50.2,7565906.0,387001618.0,TWSE_RWD_JSON_MI_INDEX,data/daily_price/daily_price_20240815.csv,50.25,49.7175,47.4692,44.2392,49.0558,-3.2755,5.2411,6.9223,0.8032,56.6303,8732837.95,0.8664,53.2,53.2,53.2,44.35,41.8,31.55,0.9705,5.7529,13.4741,2.3324,-5.6391,-5.6391,-5.6391,20.0957,59.1125
20240816,2504,國產,TWSE,50.5,51.5,50.3,50.7,4407984.0,224408134.0,TWSE_RWD_JSON_MI_INDEX,data/daily_price/daily_price_20240816.csv,50.4,49.8525,47.5225,44.3917,49.1928,0.996,1.5015,5.625,6.7368,56.4815,8394229.95,0.5251,53.2,53.2,53.2,44.35,41.8,31.55,1.7,6.6863,14.2106,3.0638,-4.6992,-4.6992,-4.6992,21.2919,60.6973
20240819,2504,國產,TWSE,50.9,51.4,50.3,51.0,2893941.0,147290760.0,TWSE_RWD_JSON_MI_INDEX,data/daily_price/daily_price_20240819.csv,50.72,50.0025,47.615,44.55,49.3434,0.5917,3.2389,6.25,12.2112,59.375,7884714.15,0.367,53.2,53.2,53.2,44.35,41.8,31.7,1.9949,7.1091,14.4781,3.3572,-4.1353,-4.1353,-4.1353,22.0096,60.8833
20240820,2504,國產,TWSE,51.1,51.4,49.55,51.4,5955348.0,301914740.0,TWSE_RWD_CSV_MI_INDEX,data/daily_price/daily_price_20240820.csv,51.04,50.19,47.725,44.7108,49.5148,0.7843,3.2129,7.8699,14.7321,60.1246,7682449.7,0.7752,53.2,53.2,53.2,44.35,41.8,31.85,2.4108,7.7004,14.961,3.8073,-3.3835,-3.3835,-3.3835,22.9665,61.3815
20240821,2504,國產,TWSE,51.7,51.7,50.3,50.7,3313944.0,167925150.0,TWSE_RWD_JSON_MI_INDEX,data/daily_price/daily_price_20240821.csv,50.8,50.3225,47.7867,44.8675,49.6136,-1.3619,-2.3121,5.5151,7.8723,58.9342,7234792.0,0.4581,53.2,53.2,53.2,44.35,41.8,31.9,0.7502,6.0965,12.9994,2.1898,-4.6992,-4.6992,-4.6992,21.2919,58.9342
20240822,2504,國產,TWSE,50.7,50.7,49.1,50.2,5353996.0,266919478.0,TWSE_RWD_JSON_MI_INDEX,data/daily_price/daily_price_20240822.csv,50.8,50.2325,47.8258,45.0162,49.6624,-0.9862,0.0,-3.4615,4.9112,55.1777,6560135.15,0.8161,53.2,53.2,53.2,44.35,41.8,32.2,-0.0647,4.9642,11.5153,1.0824,-5.6391,-5.6391,-5.6391,20.0957,55.9006
20240823,2504,國產,TWSE,50.0,50.8,49.3,50.8,4204365.0,211561802.0,TWSE_RWD_JSON_MI_INDEX,data/daily_price/daily_price_20240823.csv,50.82,50.2075,47.8733,45.1646,49.7572,1.1952,0.1972,-0.9747,5.9437,53.9394,6140300.25,0.6847,53.2,53.2,53.2,44.35,41.8,33.3,1.1801,6.1134,12.4775,2.0957,-4.5113,-4.5113,-4.5113,21.5311,52.5526
20240826,2504,國產,TWSE,50.5,51.6,50.4,51.6,3588505.0,183711959.0,TWSE_RWD_JSON_MI_INDEX,data/daily_price/daily_price_20240826.csv,50.94,50.2075,47.9425,45.3112,49.9108,1.5748,1.1765,0.0,8.746,51.7647,5878462.8,0.6104,53.2,53.2,53.2,44.35,41.8,34.0,2.7735,7.6289,13.879,3.3844,-3.0075,-3.0075,-3.0075,23.445,51.7647
20240827,2504,國產,TWSE,51.2,52.3,51.0,52.2,5355523.0,277991199.0,TWSE_RWD_JSON_MI_INDEX,data/daily_price/daily_price_20240827.csv,51.1,50.2325,48.0308,45.4617,50.1016,1.1628,1.5564,0.9671,11.3006,52.8551,5839621.0,0.9171,53.2,53.2,53.2,44.35,41.8,34.15,3.9168,8.6802,14.822,4.1884,-1.8797,-1.8797,-1.8797,24.8804,52.8551
20240828,2504,國產,TWSE,52.2,54.7,52.2,53.1,6682319.0,357574543.0,TWSE_RWD_JSON_MI_INDEX,data/daily_price/daily_price_20240828.csv,51.58,50.2575,48.1383,45.6104,50.3514,1.7241,4.7337,0.9506,13.8264,50.6383,5733893.6,1.1654,54.7,54.7,54.7,44.35,41.8,34.6,5.6559,10.3071,16.4208,5.4588,-2.925,-2.925,-2.925,27.0335,53.4682
20240829,2504,國產,TWSE,53.0,54.2,52.5,53.9,4289046.0,229835040.0,TWSE_RWD_JSON_MI_INDEX,data/daily_price/daily_price_20240829.csv,52.32,50.3525,48.2683,45.7667,50.6472,1.5066,7.3705,3.6538,16.9197,53.3428,5583078.3,0.7682,54.7,54.7,54.7,44.35,41.8,34.95,7.0453,11.6674,17.7713,6.4226,-1.4625,-1.4625,-1.4625,28.9474,54.2203
20240830,2504,國產,TWSE,54.3,55.7,53.9,54.8,6306738.0,345134486.0,TWSE_RWD_JSON_MI_INDEX,data/daily_price/daily_price_20240830.csv,53.12,50.5575,48.4133,45.9212,50.9932,1.6698,7.874,8.0868,18.872,51.1724,5530093.1,1.1404,55.7,55.7,55.7,44.35,41.8,35.7,8.3914,13.192,19.3347,7.4653,-1.6158,-1.6158,-1.6158,31.1005,53.5014
20240902,2504,國產,TWSE,55.5,57.0,55.3,56.4,6182263.0,347004538.0,TWSE_RWD_JSON_MI_INDEX,data/daily_price/daily_price_20240902.csv,54.08,51.04,48.5892,46.0879,51.4438,2.9197,9.3023,20.6417,23.0098,54.9451,5412421.15,1.1422,57.0,57.0,57.0,44.35,41.8,35.7,10.5016,16.0753,22.3748,9.6342,-1.0526,-1.0526,-1.0526,34.9282,57.9832
20240903,2504,國產,TWSE,57.0,57.2,55.5,55.9,5674327.0,318560471.0,TWSE_RWD_JSON_MI_INDEX,data/daily_price/daily_price_20240903.csv,54.82,51.515,48.735,46.2525,51.8151,-0.8865,7.0881,20.4741,18.5578,54.6335,5295511.75,1.0715,57.2,57.2,57.2,45.9,41.8,35.7,8.5121,14.702,20.8583,7.8835,-2.2727,-2.2727,-2.2727,33.7321,56.5826
20240904,2504,國產,TWSE,54.2,56.8,53.0,55.7,9307435.0,519294484.0,TWSE_RWD_JSON_MI_INDEX,data/daily_price/daily_price_20240904.csv,55.34,51.8675,48.87,46.4088,52.1389,-0.3578,4.8964,14.4913,17.0168,50.7442,5399902.0,1.7236,57.2,57.2,57.2,47.6,41.8,35.7,7.389,13.9759,20.0205,6.8301,-2.6224,-2.6224,-2.6224,33.2536,56.0224
20240905,2504,國產,TWSE,56.1,57.5,56.0,56.4,5819464.0,329394204.0,TWSE_RWD_JSON_MI_INDEX,data/daily_price/daily_price_20240905.csv,55.84,52.3025,49.0183,46.5725,52.494,1.2567,4.6382,18.239,18.7368,53.4694,5538766.0,1.0507,57.5,57.5,57.5,48.3,41.8,35.7,7.8342,15.059,21.1015,7.4409,-1.913,-1.913,-1.913,34.9282,57.9832
20240906,2504,國產,TWSE,56.4,56.6,55.0,56.0,5822420.0,324114175.0,TWSE_RWD_JSON_MI_INDEX,data/daily_price/daily_price_20240906.csv,56.08,52.605,49.1542,46.7363,52.7861,-0.7092,2.1898,12.1121,17.0324,54.0578,5520974.05,1.0546,57.5,57.5,57.5,48.35,41.8,35.7,6.4538,13.9273,19.8213,6.0885,-2.6087,-2.6087,-2.6087,33.9713,56.8627
20240909,2504,國產,TWSE,54.8,56.4,54.8,55.5,5711077.0,317597016.0,TWSE_RWD_JSON_MI_INDEX,data/daily_price/daily_price_20240909.csv,55.9,52.91,49.2792,46.8975,53.0123,-0.8929,-1.5957,12.3482,15.625,53.527,5578610.1,1.0237,57.5,57.5,57.5,48.35,41.8,36.1,4.8951,12.6237,18.3432,4.6927,-3.4783,-3.4783,-3.4783,32.7751,53.7396
20240910,2504,國產,TWSE,56.4,56.7,55.4,56.4,4625296.0,259836542.0,TWSE_RWD_JSON_MI_INDEX,data/daily_price/daily_price_20240910.csv,56.0,53.24,49.4192,47.0592,53.2946,1.6216,0.8945,13.253,17.5,52.4324,5520651.0,0.8378,57.5,57.5,57.5,49.1,41.8,36.1,5.9354,14.1258,19.8491,5.8269,-1.913,-1.913,-1.913,34.9282,56.2327
20240911,2504,國產,TWSE,56.0,56.5,53.8,54.8,5268001.0,289723392.0,TWSE_RWD_JSON_MI_INDEX,data/daily_price/daily_price_20240911.csv,55.82,53.385,49.525,47.2129,53.4201,-2.8369,-1.6158,5.5877,13.1063,50.7565,5416394.9,0.9726,57.5,57.5,57.5,49.1,41.8,36.1,2.6506,10.6512,16.0699,2.5832,-4.6957,-4.6957,-4.6957,31.1005,51.8006
20240912,2504,國產,TWSE,56.0,56.0,54.1,54.7,4209772.0,229853938.0,TWSE_RWD_JSON_MI_INDEX,data/daily_price/daily_price_20240912.csv,55.48,53.61,49.6242,47.3667,53.5267,-0.1825,-3.0142,8.9641,12.2051,50.8966,5248588.2,0.8021,57.5,57.5,57.5,49.1,41.8,36.4,2.0332,10.2286,15.4821,2.192,-4.8696,-4.8696,-4.8696,30.8612,50.2747
20240913,2504,國產,TWSE,54.3,55.1,54.0,54.8,4858600.0,264713752.0,TWSE_RWD_JSON_MI_INDEX,data/daily_price/daily_price_20240913.csv,55.24,53.815,49.7275,47.5154,53.6328,0.1828,-2.1429,8.0868,12.7572,48.3085,5271119.0,0.9217,57.5,57.5,57.5,49.1,41.8,36.55,1.8303,10.2006,15.331,2.1762,-4.6957,-4.6957,-4.6957,31.1005,49.9316
20240916,2504,國產,TWSE,55.3,56.3,55.0,56.3,4253073.0,238012457.0,TWSE_RWD_JSON_MI_INDEX,data/daily_price/daily_price_20240916.csv,55.4,54.08,49.86,47.6775,53.8551,2.7372,1.4414,10.3922,16.4426,52.7815,5339075.6,0.7966,57.5,57.5,57.5,49.1,41.8,36.65,4.105,12.9162,18.0851,4.5398,-2.087,-2.087,-2.087,34.689,53.6153
20240918,2504,國產,TWSE,56.3,58.4,55.9,56.5,8355887.0,477145855.0,TWSE_RWD_JSON_MI_INDEX,data/daily_price/daily_price_20240918.csv,55.42,54.335,50.0233,47.84,54.0755,0.3552,0.1773,9.9222,20.985,52.7027,5459102.55,1.5306,58.4,58.4,58.4,49.1,41.8,36.65,3.9845,12.9473,18.102,4.4836,-3.2534,-3.2534,-3.2534,35.1675,54.161
20240919,2504,國產,TWSE,56.5,57.0,53.4,53.4,8943295.0,486343560.0,TWSE_RWD_JSON_MI_INDEX,data/daily_price/daily_price_20240919.csv,55.14,54.47,50.1375,47.9762,54.0192,-5.4867,-2.5547,5.3254,14.7154,44.1296,5740570.1,1.5579,58.4,58.4,58.4,49.1,41.8,37.0,-1.9644,6.5071,11.3051,-1.1463,-8.5616,-8.5616,-8.5616,27.7512,44.3243
20240920,2504,國產,TWSE,52.7,52.8,49.0,49.85,14529747.0,730966174.0,TWSE_RWD_JSON_MI_INDEX,data/daily_price/daily_price_20240920.csv,54.17,54.4525,50.2117,48.0742,53.6718,-6.6479,-8.8665,-0.6972,9.8018,30.8399,6199357.65,2.3438,58.4,58.4,58.4,49.0,43.1,37.45,-8.4523,-0.7203,3.6939,-7.1206,-14.6404,-14.6404,-14.6404,15.6613,33.1108
20240923,2504,國產,TWSE,50.7,52.3,50.5,52.3,10479712.0,541577848.0,TWSE_RWD_JSON_MI_INDEX,data/daily_price/daily_price_20240923.csv,53.67,54.5275,50.3267,48.1958,53.5575,4.9147,-4.562,2.9528,15.1982,38.7268,6513125.0,1.609,58.4,58.4,58.4,49.0,43.1,37.45,-4.0851,3.921,8.5156,-2.3479,-10.4452,-10.4452,-10.4452,21.3457,39.6529
20240924,2504,國產,TWSE,52.3,52.4,50.7,51.4,5843813.0,300179862.0,TWSE_RWD_JSON_MI_INDEX,data/daily_price/daily_price_20240924.csv,52.69,54.5175,50.4375,48.3083,53.3777,-1.7208,-8.7034,-0.3876,14.8603,35.6201,6625890.4,0.882,58.4,58.4,58.4,49.0,43.1,37.6,-5.7183,1.9083,6.3999,-3.705,-11.9863,-11.9863,-11.9863,19.2575,36.7021
20240925,2504,國產,TWSE,51.9,52.2,51.3,52.1,4336209.0,224808266.0,TWSE_RWD_JSON_MI_INDEX,data/daily_price/daily_price_20240925.csv,51.81,54.5125,50.5875,48.4233,53.2712,1.3619,-7.7876,-0.1916,20.8817,36.0313,6574924.7,0.6595,58.4,58.4,58.4,49.0,43.3,38.2,-4.4256,2.9899,7.5928,-2.1986,-10.7877,-10.7877,-10.7877,20.3233,36.3874
20240926,2504,國產,TWSE,52.4,52.4,51.4,52.4,4405744.0,229187017.0,TWSE_RWD_JSON_MI_INDEX,data/daily_price/daily_price_20240926.csv,51.61,54.4775,50.7067,48.5388,53.1986,0.5758,-1.8727,-1.3183,15.8011,35.9274,6461095.95,0.6819,58.4,58.4,58.4,49.0,43.4,38.85,-3.8135,3.3395,7.955,-1.5012,-10.274,-10.274,-10.274,20.7373,34.8777
20240927,2504,國產,TWSE,52.4,52.5,51.7,52.4,3924131.0,204695330.0,TWSE_RWD_JSON_MI_INDEX,data/daily_price/daily_price_20240927.csv,52.12,54.4025,50.8258,48.6442,53.132,0.0,5.1153,-2.7829,15.8011,31.8239,6442850.2,0.6091,58.4,58.4,58.4,49.0,43.4,40.05,-3.6809,3.0972,7.721,-1.3778,-10.274,-10.274,-10.274,20.7373,30.8365
20240930,2504,國產,TWSE,52.4,52.4,51.3,52.3,4515545.0,234625334.0,TWSE_RWD_JSON_MI_INDEX,data/daily_price/daily_price_20240930.csv,52.12,54.2775,50.9308,48.7358,53.0627,-0.1908,0.0,-4.562,13.6957,26.6344,6353290.55,0.7107,58.4,58.4,58.4,49.0,43.4,40.25,-3.6433,2.6883,7.3132,-1.4374,-10.4452,-10.4452,-10.4452,20.5069,29.9379
20241001,2504,國產,TWSE,51.7,52.2,50.5,50.8,6450130.0,328410823.0,TWSE_RWD_JSON_MI_INDEX,data/daily_price/daily_price_20241001.csv,52.0,53.9975,51.0175,48.8146,52.8742,-2.8681,-1.1673,-9.9291,11.4035,22.8537,6366683.9,1.0131,58.4,58.4,58.4,49.0,43.4,40.4,-5.9216,-0.4263,4.0673,-3.9228,-13.0137,-13.0137,-13.0137,17.0507,25.7426
20241004,2504,國產,TWSE,50.8,50.9,49.4,50.3,7315988.0,367079183.0,TWSE_RWD_JSON_MI_INDEX,data/daily_price/daily_price_20241004.csv,51.64,53.7175,51.1,48.8871,52.6596,-0.9843,-3.4549,-10.0179,10.9151,20.9135,6448766.95,1.1345,58.4,58.4,58.4,49.0,43.4,41.2,-6.362,-1.5656,2.8902,-4.4809,-13.8699,-13.8699,-13.8699,15.8986,22.0874
20241007,2504,國產,TWSE,50.7,50.8,49.7,50.0,3508257.0,175461361.0,TWSE_RWD_JSON_MI_INDEX,data/daily_price/daily_price_20241007.csv,51.16,53.4325,51.185,48.9562,52.438,-0.5964,-4.5802,-10.2334,11.3586,19.9041,6158808.05,0.5696,58.4,58.4,58.4,49.0,43.4,41.2,-6.424,-2.3151,2.132,-4.6493,-14.3836,-14.3836,-14.3836,15.2074,21.3592
20241008,2504,國產,TWSE,50.0,50.2,49.3,50.1,2400029.0,119673004.0,TWSE_RWD_JSON_MI_INDEX,data/daily_price/daily_price_20241008.csv,50.7,53.1175,51.2908,49.0121,52.2432,0.2,-4.3893,-11.1702,14.5143,15.4378,5987836.3,0.4008,58.4,58.4,58.4,49.0,43.4,41.4,-5.6808,-2.3217,2.2197,-4.1023,-14.2123,-14.2123,-14.2123,15.4378,21.0145
20241009,2504,國產,TWSE,50.2,50.6,49.6,50.6,3048302.0,153190629.0,TWSE_RWD_JSON_MI_INDEX,data/daily_price/daily_price_20241009.csv,50.36,52.8475,51.3958,49.0783,52.1062,0.998,-3.2505,-9.6429,14.2212,18.6401,5849130.4,0.5212,58.4,58.4,58.4,49.0,43.5,41.4,-4.2528,-1.5484,3.1005,-2.8907,-13.3562,-13.3562,-13.3562,16.3218,22.2222
20241011,2504,國產,TWSE,50.2,50.4,49.35,50.0,3749297.0,186513162.0,TWSE_RWD_JSON_MI_INDEX,data/daily_price/daily_price_20241011.csv,50.2,52.5725,51.4925,49.1475,51.9307,-1.1858,-1.5748,-9.9099,13.1222,19.9041,5751041.4,0.6519,58.4,58.4,58.4,49.0,43.6,41.8,-4.8932,-2.8985,1.7346,-3.7179,-14.3836,-14.3836,-14.3836,14.6789,19.6172
20241014,2504,國產,TWSE,49.6,50.9,49.6,50.9,2457552.0,123712926.0,TWSE_RWD_JSON_MI_INDEX,data/daily_price/daily_price_20241014.csv,50.32,52.2975,51.5992,49.1896,51.8448,1.8,1.1928,-9.7518,14.382,11.0142,5642654.2,0.4355,58.4,58.4,58.4,49.0,44.0,41.8,-2.6722,-1.355,3.4772,-1.8224,-12.8425,-12.8425,-12.8425,15.6818,21.7703
20241015,2504,國產,TWSE,50.6,51.6,49.9,51.6,3728659.0,190273651.0,TWSE_RWD_JSON_MI_INDEX,data/daily_price/daily_price_20241015.csv,50.64,52.1375,51.6925,49.2192,51.8244,1.3752,3.2,-5.8394,12.1739,7.3881,5565687.1,0.6699,58.4,58.4,58.4,49.0,44.35,41.8,-1.0309,-0.1789,4.8372,-0.433,-11.6438,-11.6438,-11.6438,16.3472,23.445
20241016,2504,國產,TWSE,51.0,52.6,50.7,52.6,5639977.0,293856751.0,TWSE_RWD_JSON_MI_INDEX,data/daily_price/daily_price_20241016.csv,51.14,52.0325,51.7867,49.2554,51.8891,1.938,4.99,-3.8391,12.0341,9.0155,5637197.35,1.0005,58.4,58.4,58.4,49.0,44.35,41.8,1.0907,1.5705,6.7903,1.3701,-9.9315,-9.9315,-9.9315,18.602,25.8373
20241017,2504,國產,TWSE,52.1,53.7,51.9,53.2,4376510.0,233160347.0,TWSE_RWD_JSON_MI_INDEX,data/daily_price/daily_price_20241017.csv,51.66,51.9525,51.8733,49.3071,51.9983,1.1407,5.1383,-2.9197,10.8333,13.1915,5613092.85,0.7797,58.4,58.4,58.4,49.0,44.35,41.8,2.4012,2.5575,7.8952,2.311,-8.9041,-8.9041,-8.9041,19.9549,27.2727
20241018,2504,國產,TWSE,53.2,54.4,53.2,53.3,3398057.0,182455072.0,TWSE_RWD_JSON_MI_INDEX,data/daily_price/daily_price_20241018.csv,52.32,51.8025,51.9617,49.3625,52.1068,0.188,6.6,-5.3286,11.0417,14.2551,5570342.05,0.61,58.4,58.4,58.4,49.0,44.35,41.8,2.8908,2.5756,7.9767,2.29,-8.7329,-8.7329,-8.7329,20.1804,27.512
20241021,2504,國產,TWSE,53.3,54.0,52.9,53.8,2766149.0,148294481.0,TWSE_RWD_JSON_MI_INDEX,data/daily_price/daily_price_20241021.csv,52.9,51.6675,52.0642,49.445,52.2479,0.9381,5.6974,-4.7788,12.9066,22.5513,5290855.15,0.5228,57.0,58.4,58.4,49.0,44.35,41.8,4.1274,3.334,8.8078,2.9707,-5.614,-7.8767,-7.8767,21.3078,28.7081
20241022,2504,國產,TWSE,53.5,54.3,53.5,53.8,1869756.0,100944880.0,TWSE_RWD_JSON_MI_INDEX,data/daily_price/daily_price_20241022.csv,53.34,51.6875,52.16,49.4996,52.3772,0.0,4.2636,0.7491,11.9667,13.8624,4937178.2,0.3787,54.4,58.4,58.4,49.0,44.35,41.8,4.0871,3.1442,8.6878,2.7164,-1.1029,-7.8767,-7.8767,21.3078,28.7081
20241023,2504,國產,TWSE,53.6,54.5,53.5,54.4,2039202.0,110521563.0,TWSE_RWD_JSON_MI_INDEX,data/daily_price/daily_price_20241023.csv,53.7,51.915,52.2,49.5617,52.5458,1.1152,3.4221,9.1274,4.6154,15.8679,4312650.95,0.4728,54.5,58.4,58.4,49.3,44.35,41.8,4.7867,4.2146,9.7622,3.5288,-0.1835,-6.8493,-6.8493,22.6607,30.1435
20241024,2504,國產,TWSE,54.1,54.5,53.4,54.0,1577677.0,85020979.0,TWSE_RWD_JSON_MI_INDEX,data/daily_price/daily_price_20241024.csv,53.86,52.0,52.245,49.6021,52.667,-0.7353,1.5038,3.2505,5.2632,9.8678,3867549.2,0.4079,54.5,58.4,58.4,49.3,44.35,41.8,3.8462,3.3592,8.8664,2.5311,-0.9174,-7.5342,-7.5342,21.7587,29.1866
20241025,2504,國產,TWSE,53.6,54.0,52.7,52.7,2170276.0,115537487.0,TWSE_RWD_JSON_MI_INDEX,data/daily_price/daily_price_20241025.csv,53.74,52.065,52.2633,49.6408,52.6697,-2.4074,-1.1257,2.5292,2.1318,9.6774,3683872.35,0.5891,54.5,58.4,58.4,49.3,44.35,41.8,1.2196,0.8355,6.1626,0.0575,-3.3028,-9.7603,-9.7603,18.8275,26.0766
20241028,2504,國產,TWSE,52.5,53.0,51.9,52.3,1738092.0,90935901.0,TWSE_RWD_JSON_MI_INDEX,data/daily_price/daily_price_20241028.csv,53.44,52.075,52.2733,49.6533,52.6389,-0.759,-2.7881,0.3839,1.1605,2.9528,3553966.5,0.4891,54.5,58.4,58.4,49.3,44.35,41.8,0.4321,0.051,5.3303,-0.6438,-4.0367,-10.4452,-10.4452,17.9256,25.1196
20241029,2504,國產,TWSE,52.1,54.0,51.7,54.0,3875330.0,206130102.0,TWSE_RWD_JSON_MI_INDEX,data/daily_price/daily_price_20241029.csv,53.48,52.155,52.2967,49.6917,52.7523,3.2505,0.3717,3.0534,2.6616,9.3117,3527445.8,1.0986,54.5,58.4,58.4,49.3,44.35,41.8,3.5375,3.2571,8.6701,2.3651,-0.9174,-7.5342,-7.5342,21.7587,29.1866
20241030,2504,國產,TWSE,53.8,54.0,52.6,53.6,3869059.0,206063516.0,TWSE_RWD_JSON_MI_INDEX,data/daily_price/daily_price_20241030.csv,53.32,52.215,52.3233,49.7262,52.823,-0.7407,-1.4706,2.2901,3.0769,8.3923,3524692.2,1.0977,54.5,58.4,58.4,49.3,44.35,41.8,2.6525,2.44,7.7902,1.471,-1.6514,-8.2192,-8.2192,20.8568,28.2297
20241101,2504,國產,TWSE,52.8,57.0,52.8,56.8,12619430.0,704978411.0,TWSE_RWD_JSON_MI_INDEX,data/daily_price/daily_price_20241101.csv,53.88,52.44,52.425,49.8058,53.1544,5.9701,5.1852,8.6042,12.0316,20.2116,3929886.45,3.2111,57.0,58.4,58.4,49.3,44.35,41.8,8.3143,8.3453,14.0429,6.8585,-0.3509,-2.7397,-2.7397,28.0722,35.8852
20241104,2504,國產,TWSE,56.7,57.0,55.3,56.8,3718833.0,209370207.0,TWSE_RWD_JSON_MI_INDEX,data/daily_price/daily_price_20241104.csv,54.7,52.74,52.5925,49.8967,53.4582,0.0,7.7799,11.811,21.4973,23.7473,3793321.6,0.9804,57.0,58.4,58.4,49.3,44.35,41.8,7.6981,8.0002,13.8353,6.2513,-0.3509,-2.7397,-2.7397,28.0722,35.8852
20241105,2504,國產,TWSE,56.2,56.8,55.8,56.3,3117840.0,175430489.0,TWSE_RWD_JSON_MI_INDEX,data/daily_price/daily_price_20241105.csv,55.5,53.04,52.7575,49.9908,53.695,-0.8803,7.6482,11.9284,21.3362,25.1111,3583414.2,0.8701,57.0,58.4,58.4,49.3,45.9,41.8,6.1463,6.7147,12.6206,4.8515,-1.2281,-3.5959,-3.5959,22.658,34.689
20241106,2504,國產,TWSE,55.9,56.2,54.5,55.3,3975143.0,219489612.0,TWSE_RWD_JSON_MI_INDEX,data/daily_price/daily_price_20241106.csv,55.76,53.305,52.8683,50.0621,53.8288,-1.7762,2.4074,10.6,13.6691,18.2888,3606758.5,1.1021,57.0,58.4,58.4,49.3,47.6,41.8,3.7426,4.5995,10.4628,2.7332,-2.9825,-5.3082,-5.3082,16.1765,32.2967
20241107,2504,國產,TWSE,54.7,55.2,54.0,54.6,3017492.0,164556262.0,TWSE_RWD_JSON_MI_INDEX,data/daily_price/daily_price_20241107.csv,55.96,53.53,52.9833,50.1296,53.893,-1.2658,1.8657,8.982,14.4654,17.4194,3637631.65,0.8295,57.0,58.4,58.4,49.35,48.3,41.8,1.9989,3.0513,8.9177,1.3118,-4.2105,-6.5068,-6.5068,13.0435,30.622
20241108,2504,國產,TWSE,54.6,55.2,54.2,55.0,1887326.0,103503375.0,TWSE_RWD_JSON_MI_INDEX,data/daily_price/daily_price_20241108.csv,55.6,53.75,53.0675,50.2083,53.9853,0.7326,-3.169,8.6957,10.1101,20.7464,3579582.85,0.5272,57.0,58.4,58.4,49.35,48.35,41.8,2.3256,3.6416,9.5436,1.8796,-3.5088,-5.8219,-5.8219,13.7539,31.5789
20241111,2504,國產,TWSE,55.4,55.8,54.5,55.8,3106413.0,171818531.0,TWSE_RWD_JSON_MI_INDEX,data/daily_price/daily_price_20241111.csv,55.4,54.04,53.1742,50.2938,54.1365,1.4545,-1.7606,11.6,12.9555,22.5027,3547438.65,0.8757,57.0,58.4,58.4,49.6,48.35,41.8,3.2568,4.9382,10.9482,3.0728,-2.1053,-4.4521,-4.4521,15.4085,33.4928
20241112,2504,國產,TWSE,54.9,55.2,54.1,54.5,3472444.0,189491994.0,TWSE_RWD_JSON_MI_INDEX,data/daily_price/daily_price_20241112.csv,55.04,54.22,53.2525,50.3433,54.1668,-2.3297,-3.1972,7.0727,9.4378,12.2554,3598183.25,0.9651,57.0,58.4,58.4,49.9,49.0,41.8,0.5164,2.3426,8.2566,0.6151,-4.386,-6.6781,-6.6781,11.2245,30.3828
20241113,2504,國產,TWSE,54.0,54.3,51.5,54.3,8570384.0,455054165.0,TWSE_RWD_JSON_MI_INDEX,data/daily_price/daily_price_20241113.csv,54.84,54.355,53.2925,50.3775,54.1779,-0.367,-1.8083,5.2326,4.6243,8.1673,3840269.5,2.2317,57.0,58.4,58.4,50.7,49.0,41.8,-0.1012,1.8905,7.7862,0.2254,-4.7368,-7.0205,-7.0205,10.8163,29.9043
20241114,2504,國產,TWSE,53.5,55.5,52.3,55.5,6007636.0,324358290.0,TWSE_RWD_JSON_MI_INDEX,data/daily_price/daily_price_20241114.csv,55.02,54.5,53.3808,50.425,54.2881,2.2099,1.6484,5.5133,10.5578,11.4458,3858652.45,1.5569,57.0,58.4,58.4,51.5,49.0,41.8,1.8349,3.9699,10.0645,2.2324,-2.6316,-4.9658,-4.9658,13.2653,32.7751
20241115,2504,國產,TWSE,54.9,56.0,53.8,55.8,5510720.0,303867256.0,TWSE_RWD_JSON_MI_INDEX,data/daily_price/daily_price_20241115.csv,55.18,54.63,53.4658,50.4942,54.4141,0.5405,1.4545,4.8872,10.0592,17.4737,3915362.95,1.4075,57.0,58.4,58.4,51.5,49.0,41.8,2.1417,4.3657,10.5078,2.547,-2.1053,-4.4521,-4.4521,13.8776,33.4928
20241118,2504,國產,TWSE,55.3,55.6,54.6,55.4,3888900.0,214587110.0,TWSE_RWD_JSON_MI_INDEX,data/daily_price/daily_price_20241118.csv,55.1,54.735,53.5392,50.5771,54.4962,-0.7168,-0.7168,3.94,8.6275,21.8922,3939905.1,0.9871,57.0,58.4,58.4,51.5,49.0,41.8,1.2149,3.4756,9.5358,1.6584,-2.807,-5.137,-5.137,13.0612,32.5359
20241119,2504,國產,TWSE,55.0,55.7,54.0,55.7,4387613.0,242034736.0,TWSE_RWD_CSV_MI_INDEX,data/daily_price/daily_price_20241119.csv,55.34,54.83,53.6108,50.6679,54.5965,0.5415,2.2018,3.5316,8.3658,24.3304,4020978.3,1.0912,57.0,58.4,58.4,51.5,49.0,41.8,1.5867,3.8969,9.9315,2.0211,-2.2807,-4.6233,-4.6233,13.6735,33.2536
20241120,2504,國產,TWSE,55.2,55.4,54.4,54.4,3552040.0,194623675.0,TWSE_RWD_JSON_MI_INDEX,data/daily_price/daily_price_20241120.csv,55.36,54.86,53.6725,50.7296,54.5802,-2.3339,0.1842,1.1152,7.2978,15.7447,4105092.5,0.8653,57.0,58.4,58.4,51.5,49.0,41.8,-0.8385,1.3554,7.2353,-0.3301,-4.5614,-6.8493,-6.8493,11.0204,30.1435
20241121,2504,國產,TWSE,54.2,54.9,53.8,54.3,4430386.0,240761712.0,TWSE_RWD_JSON_MI_INDEX,data/daily_price/daily_price_20241121.csv,55.12,54.855,53.7408,50.7833,54.5568,-0.1838,-2.1622,-0.1838,8.1673,13.4796,4224651.7,1.0487,57.0,58.4,58.4,51.5,49.0,41.8,-1.0118,1.0405,6.9248,-0.4707,-4.7368,-7.0205,-7.0205,10.8163,29.9043
20241122,2504,國產,TWSE,54.6,54.6,52.4,52.4,4063409.0,215912159.0,TWSE_RWD_JSON_MI_INDEX,data/daily_price/daily_price_20241122.csv,54.44,54.775,53.7675,50.8204,54.3771,-3.4991,-6.0932,-2.963,3.1496,9.2805,4348938.3,0.9343,57.0,58.4,58.4,51.5,49.0,41.8,-4.3359,-2.5434,3.1082,-3.6359,-8.0702,-10.274,-10.274,6.9388,25.3589
20241125,2504,國產,TWSE,52.7,54.1,52.4,54.1,2816490.0,150492416.0,TWSE_RWD_JSON_MI_INDEX,data/daily_price/daily_price_20241125.csv,54.18,54.845,53.8092,50.8758,54.354,3.2443,-2.3466,2.6565,4.845,14.0148,4381249.0,0.6429,57.0,58.4,58.4,51.5,49.0,41.8,-1.3584,0.5405,6.3373,-0.4673,-5.0877,-7.363,-7.363,10.4082,29.4258
20241126,2504,國產,TWSE,53.7,54.7,53.1,54.1,2424386.0,130929081.0,TWSE_RWD_JSON_MI_INDEX,data/daily_price/daily_price_20241126.csv,53.86,54.935,53.8408,50.9358,54.3328,0.0,-2.8725,3.4417,3.6398,15.3518,4415563.7,0.5491,57.0,58.4,58.4,51.5,49.0,41.8,-1.52,0.4814,6.2121,-0.4285,-5.0877,-7.363,-7.363,10.4082,29.4258
20241127,2504,國產,TWSE,53.5,54.2,52.8,53.2,2498285.0,133324662.0,TWSE_RWD_JSON_MI_INDEX,data/daily_price/daily_price_20241127.csv,53.62,54.895,53.8425,50.9904,54.2384,-1.6636,-2.2059,-1.4815,0.1883,14.0407,4346711.45,0.5748,57.0,58.4,58.4,51.5,49.0,41.8,-3.0877,-1.1933,4.3333,-1.9146,-6.6667,-8.9041,-8.9041,8.5714,27.2727
20241128,2504,國產,TWSE,53.1,55.0,53.1,55.0,5533176.0,301077091.0,TWSE_RWD_JSON_MI_INDEX,data/daily_price/daily_price_20241128.csv,53.76,54.965,53.8608,51.0646,54.3019,3.3835,1.2891,2.6119,2.0408,19.3059,4429917.3,1.249,57.0,58.4,58.4,51.5,49.0,41.8,0.0637,2.115,7.7067,1.2856,-3.5088,-5.8219,-5.8219,12.2449,31.5789
20241129,2504,國產,TWSE,54.5,55.0,53.8,54.0,4087864.0,222066039.0,TWSE_RWD_JSON_MI_INDEX,data/daily_price/daily_price_20241129.csv,54.08,54.825,53.8475,51.1304,54.2767,-1.8182,3.0534,-4.9296,-1.4599,17.1367,4003339.0,1.0211,57.0,58.4,58.4,51.5,49.0,41.8,-1.5048,0.2832,5.6123,-0.5099,-5.2632,-7.5342,-7.5342,10.2041,29.1866
20241202,2504,國產,TWSE,54.2,54.8,53.3,53.3,3659880.0,196651129.0,TWSE_RWD_JSON_MI_INDEX,data/daily_price/daily_price_20241202.csv,53.92,54.65,53.7958,51.1925,54.1953,-1.2963,-1.4787,-6.162,-5.4965,16.2486,4000391.35,0.9149,56.8,58.4,58.4,51.5,49.0,41.8,-2.4703,-0.9217,4.1168,-1.6521,-6.162,-8.7329,-8.7329,8.7755,27.512
20241203,2504,國產,TWSE,53.4,53.7,52.7,53.0,3851092.0,204673599.0,TWSE_RWD_JSON_MI_INDEX,data/daily_price/daily_price_20241203.csv,53.7,54.485,53.7475,51.2412,54.0957,-0.5629,-2.0333,-5.8615,-5.1878,12.4072,4037053.95,0.9539,56.2,58.4,58.4,51.5,49.0,41.8,-2.7255,-1.3908,3.4323,-2.0255,-5.694,-9.2466,-9.2466,8.1633,26.7943
20241204,2504,國產,TWSE,53.3,53.4,52.0,52.5,4031996.0,212065195.0,TWSE_RWD_JSON_MI_INDEX,data/daily_price/daily_price_20241204.csv,53.56,54.345,53.6942,51.2821,53.9627,-0.9434,-1.3158,-5.0633,-5.7451,10.2941,4039896.6,0.998,56.0,58.4,58.4,51.5,49.0,41.8,-3.395,-2.224,2.3749,-2.7107,-6.25,-10.1027,-10.1027,7.1429,25.5981
20241205,2504,國產,TWSE,52.5,52.6,51.6,52.2,3155798.0,164174739.0,TWSE_RWD_JSON_MI_INDEX,data/daily_price/daily_price_20241205.csv,53.0,54.225,53.6242,51.3212,53.8159,-0.5714,-5.0909,-4.3956,-7.4468,9.8947,4046811.9,0.7798,56.0,58.4,58.4,51.5,49.0,41.8,-3.7344,-2.6558,1.7123,-3.0026,-6.7857,-10.6164,-10.6164,6.5306,24.8804
20241206,2504,國產,TWSE,52.3,53.3,51.5,53.3,4164113.0,218276887.0,TWSE_RWD_JSON_MI_INDEX,data/daily_price/daily_price_20241206.csv,52.86,54.14,53.5792,51.3667,53.7729,2.1073,-1.2963,-3.0909,-4.8214,11.3898,4160651.25,1.0008,56.0,58.4,58.4,51.5,49.0,41.8,-1.5515,-0.521,3.7638,-0.8794,-4.8214,-8.7329,-8.7329,8.7755,27.512
20241209,2504,國產,TWSE,53.0,53.4,52.4,53.4,2942829.0,156128405.0,TWSE_RWD_JSON_MI_INDEX,data/daily_price/daily_price_20241209.csv,52.88,54.02,53.5442,51.4117,53.7418,0.1876,0.1876,-4.3011,-3.7838,11.25,4152472.05,0.7087,56.0,58.4,58.4,51.5,49.0,41.8,-1.1477,-0.2692,3.8675,-0.636,-4.6429,-8.5616,-8.5616,8.9796,27.7512
20241210,2504,國產,TWSE,53.4,53.6,52.6,53.5,2765892.0,147567496.0,TWSE_RWD_JSON_MI_INDEX,data/daily_price/daily_price_20241210.csv,52.98,53.97,53.4958,51.4575,53.7216,0.1873,0.9434,-1.8349,-5.1418,11.4583,4117144.45,0.6718,56.0,58.4,58.4,51.5,49.0,41.8,-0.8709,0.0078,3.9693,-0.4126,-4.4643,-8.3904,-8.3904,9.1837,27.9904
20241211,2504,國產,TWSE,53.3,53.6,52.8,53.5,2434157.0,129691453.0,TWSE_RWD_JSON_MI_INDEX,data/daily_price/daily_price_20241211.csv,53.18,53.93,53.4742,51.4996,53.7032,0.0,1.9048,-1.4733,-2.3723,10.4231,3810333.1,0.6388,56.0,58.4,58.4,51.5,49.0,41.8,-0.7973,0.0483,3.8843,-0.3783,-4.4643,-8.3904,-8.3904,9.1837,27.9904
20241212,2504,國產,TWSE,53.4,53.7,53.1,53.3,1616523.0,86308061.0,TWSE_RWD_JSON_MI_INDEX,data/daily_price/daily_price_20241212.csv,53.4,53.82,53.4508,51.5375,53.6696,-0.3738,2.1073,-3.964,-2.5594,9.3333,3590777.45,0.4502,56.0,58.4,58.4,51.5,49.0,41.8,-0.9662,-0.2822,3.4198,-0.6886,-4.8214,-8.7329,-8.7329,8.7755,27.512
20241213,2504,國產,TWSE,52.9,53.0,51.7,52.0,4864086.0,253604282.0,TWSE_RWD_JSON_MI_INDEX,data/daily_price/daily_price_20241213.csv,53.14,53.63,53.4042,51.5658,53.5304,-2.439,-2.439,-6.81,-5.1095,6.9959,3558445.75,1.3669,55.7,58.4,58.4,51.5,49.0,41.8,-3.0393,-2.6293,0.842,-2.859,-6.6427,-10.9589,-10.9589,6.1224,24.4019
20241216,2504,國產,TWSE,52.2,52.8,51.3,51.4,4534359.0,234058443.0,TWSE_RWD_JSON_MI_INDEX,data/daily_price/daily_price_20241216.csv,52.74,53.43,53.3225,51.5913,53.3529,-1.1538,-3.7453,-7.2202,-8.7034,6.3082,3590718.7,1.2628,55.7,58.4,58.4,51.3,49.0,41.8,-3.7994,-3.6054,-0.3707,-3.6604,-7.7199,-11.9863,-11.9863,4.898,22.9665
20241217,2504,國產,TWSE,51.5,51.8,50.0,51.4,10089667.0,514151031.0,TWSE_RWD_JSON_MI_INDEX,data/daily_price/daily_price_20241217.csv,52.32,53.215,53.2375,51.6304,53.1902,0.0,-3.9252,-7.7199,-9.0265,10.0642,3875821.4,2.6032,55.4,57.0,58.4,50.0,49.0,41.8,-3.4107,-3.4515,-0.4463,-3.3656,-7.2202,-9.8246,-11.9863,4.898,22.9665
20241218,2504,國產,TWSE,50.8,51.8,50.5,51.1,7047051.0,361012040.0,TWSE_RWD_JSON_MI_INDEX,data/daily_price/daily_price_20241218.csv,51.84,53.05,53.1992,51.6683,53.016,-0.5837,-4.486,-6.0662,-4.3071,9.7744,4050571.95,1.7398,55.0,57.0,58.4,50.0,49.0,41.8,-3.6758,-3.9459,-1.1,-3.614,-7.0909,-10.3509,-12.5,4.2857,22.2488
20241219,2504,國產,TWSE,50.3,51.4,50.3,50.5,6616103.0,335805940.0,TWSE_RWD_JSON_MI_INDEX,data/daily_price/daily_price_20241219.csv,51.28,52.86,53.21,51.7108,52.8063,-1.1742,-5.2533,-6.9982,1.3039,11.2335,4159857.8,1.5905,55.0,57.0,58.4,50.0,49.3,43.1,-4.4646,-5.093,-2.3415,-4.3675,-8.1818,-11.4035,-13.5274,2.4341,17.1694
20241220,2504,國產,TWSE,50.6,52.1,49.8,49.8,8723228.0,440411409.0,TWSE_RWD_JSON_MI_INDEX,data/daily_price/daily_price_20241220.csv,50.84,52.73,53.1683,51.7475,52.5558,-1.3861,-4.2308,-4.9618,-4.7801,9.6916,4392848.75,1.9858,55.0,57.0,58.4,49.8,49.3,43.1,-5.5566,-6.3352,-3.7635,-5.2436,-9.4545,-12.6316,-14.726,1.0142,15.5452
20241223,2504,國產,TWSE,50.2,51.2,50.0,50.0,7100864.0,357621012.0,TWSE_RWD_JSON_MI_INDEX,data/daily_price/daily_price_20241223.csv,50.56,52.525,53.145,51.7912,52.3428,0.4016,-2.7237,-7.5786,-2.7237,11.7318,4607067.45,1.5413,55.0,57.0,58.4,49.8,49.3,43.1,-4.8072,-5.9178,-3.4586,-4.4759,-9.0909,-12.2807,-14.3836,1.4199,16.0093
20241224,2504,國產,TWSE,50.4,50.5,48.5,48.5,7641349.0,374810304.0,TWSE_RWD_JSON_MI_INDEX,data/daily_price/daily_price_20241224.csv,49.98,52.245,53.085,51.8362,52.0226,-3.0,-5.642,-10.3512,-6.9098,12.529,4867915.6,1.5697,55.0,57.0,58.4,48.5,48.5,43.3,-7.1682,-8.6371,-6.4361,-6.7712,-11.8182,-14.9123,-16.9521,0.0,12.0092
20241225,2504,國產,TWSE,48.75,49.0,47.7,47.85,5727951.0,275376374.0,TWSE_RWD_JSON_MI_INDEX,data/daily_price/daily_price_20241225.csv,49.33,51.9775,53.0092,51.8579,51.6749,-1.3402,-6.3601,-10.0564,-8.6832,5.7459,5029398.9,1.1389,55.0,57.0,58.4,47.7,47.7,43.4,-7.9409,-9.7326,-7.7286,-7.4018,-13.0,-16.0526,-18.0651,0.3145,10.2535
20241226,2504,國產,TWSE,48.1,48.25,46.65,47.2,6115496.0,288404213.0,TWSE_RWD_JSON_MI_INDEX,data/daily_price/daily_price_20241226.csv,48.67,51.5875,52.9225,51.8742,51.302,-1.3584,-6.5347,-14.1818,-9.9237,4.3094,5058514.9,1.209,55.0,57.0,58.4,46.65,46.65,43.4,-8.505,-10.813,-9.0106,-7.9957,-14.1818,-17.193,-19.1781,1.179,8.7558
20241227,2504,國產,TWSE,47.2,47.45,46.45,46.65,3447271.0,161054480.0,TWSE_RWD_JSON_MI_INDEX,data/daily_price/daily_price_20241227.csv,48.04,51.22,52.8283,51.8796,50.9143,-1.1653,-6.3253,-13.6111,-10.8031,1.413,5026485.25,0.6858,54.8,57.0,58.4,46.45,46.45,43.4,-8.9223,-11.6951,-10.0802,-8.3754,-14.8723,-18.1579,-20.1199,0.4306,7.4885
20241230,2504,國產,TWSE,46.7,50.6,46.7,50.3,10339610.0,513290771.0,TWSE_RWD_JSON_MI_INDEX,data/daily_price/daily_price_20241230.csv,48.1,51.07,52.82,51.9188,50.8631,7.8242,0.6,-5.6285,-0.9843,10.307,5360471.75,1.9289,53.7,57.0,58.4,46.45,46.45,43.4,-1.5077,-4.7709,-3.1179,-1.1071,-6.3315,-11.7544,-13.8699,8.2885,15.8986
20241231,2504,國產,TWSE,49.85,50.1,48.7,49.5,8067915.0,398430822.0,TWSE_RWD_JSON_MI_INDEX,data/daily_price/daily_price_20241231.csv,48.3,50.895,52.8067,51.9533,50.7495,-1.5905,2.0619,-6.6038,-1.5905,9.151,5571312.9,1.4481,53.7,57.0,58.4,46.45,46.45,43.4,-2.7409,-6.2618,-4.7222,-2.4621,-7.8212,-13.1579,-15.2397,6.5662,14.0553
20250102,2504,國產,TWSE,49.4,52.5,48.25,52.5,21724280.0,1114283675.0,TWSE_RWD_JSON_MI_INDEX,data/daily_price/daily_price_20250102.csv,49.23,50.895,52.8483,52.0167,50.8954,6.0606,9.7179,0.0,5.0,16.9265,6455927.1,3.365,53.7,57.0,58.4,46.45,46.45,43.4,3.1536,-0.6591,0.9292,3.1528,-2.2346,-7.8947,-10.1027,13.0248,20.9677
20250103,2504,國產,TWSE,51.3,51.5,47.3,47.3,16014980.0,776519079.0,TWSE_RWD_JSON_MI_INDEX,data/daily_price/daily_price_20250103.csv,49.25,50.65,52.8017,52.0462,50.5958,-9.9048,0.2119,-9.387,-5.5888,8.1143,7098886.2,2.256,53.7,57.0,58.4,46.45,46.45,43.4,-6.614,-10.4195,-9.1193,-6.5139,-11.9181,-17.0175,-19.0068,1.8299,8.9862
20250106,2504,國產,TWSE,47.4,47.55,44.0,44.0,15986429.0,721449061.0,TWSE_RWD_CSV_MI_INDEX,data/daily_price/daily_price_20250106.csv,48.72,50.185,52.6917,52.0438,50.0461,-6.9767,-5.6806,-17.4484,-13.0435,-0.6772,7690002.0,2.0789,53.7,57.0,58.4,44.0,44.0,43.5,-12.3244,-16.4953,-15.4557,-12.0811,-18.0633,-22.807,-24.6575,0.0,1.1494
20250107,2504,國產,TWSE,44.05,44.55,42.9,43.5,12404991.0,539577378.0,TWSE_RWD_JSON_MI_INDEX,data/daily_price/daily_price_20250107.csv,47.36,49.69,52.5833,52.0379,49.5006,-1.1364,-13.5189,-18.5393,-13.0,-1.5837,8163110.1,1.5196,53.7,57.0,58.4,42.9,42.9,42.9,-12.4572,-17.2742,-16.4071,-12.1223,-18.9944,-23.6842,-25.5137,1.3986,1.3986
20250108,2504,國產,TWSE,43.8,44.1,42.55,43.45,12413521.0,534914426.0,TWSE_RWD_JSON_MI_INDEX,data/daily_price/daily_price_20250108.csv,46.15,49.1875,52.4592,52.0292,48.9964,-0.1149,-12.2222,-18.785,-14.6365,-2.3596,8645491.55,1.4358,53.7,57.0,58.4,42.55,42.55,42.55,-11.6645,-17.1737,-16.4891,-11.32,-19.0875,-23.7719,-25.5993,2.1152,2.1152
20250109,2504,國產,TWSE,43.7,44.6,43.7,43.8,3831217.0,168956177.0,TWSE_RWD_JSON_MI_INDEX,data/daily_price/daily_price_20250109.csv,44.41,48.7025,52.3292,52.0108,48.5634,0.8055,-16.5714,-18.1308,-15.1163,-4.7826,8715344.55,0.4396,53.7,57.0,58.4,42.55,42.55,42.55,-10.0662,-16.2991,-15.7868,-9.8085,-18.4358,-23.1579,-25.0,2.9377,2.9377
20250110,2504,國產,TWSE,43.8,44.35,43.7,43.7,2621547.0,115155764.0,TWSE_RWD_JSON_MI_INDEX,data/daily_price/daily_price_20250110.csv,43.69,48.2225,52.1808,51.9837,48.1581,-0.2283,-7.611,-18.0113,-16.9202,-6.9223,8765595.75,0.2991,53.0,57.0,58.4,42.55,42.55,42.55,-9.3784,-16.2528,-15.9353,-9.2572,-17.5472,-23.3333,-25.1712,2.7027,2.7027
20250113,2504,國產,TWSE,43.25,43.5,42.7,42.85,3092158.0,133012730.0,TWSE_RWD_JSON_MI_INDEX,data/daily_price/daily_price_20250113.csv,43.46,47.765,52.0083,51.9408,47.7157,-1.9451,-2.6136,-17.5962,-19.4549,-10.7292,8676999.35,0.3564,52.8,57.0,58.4,42.55,42.55,42.55,-10.29,-17.6094,-17.5023,-10.1973,-18.8447,-24.8246,-26.6267,0.7051,0.7051
20250114,2504,國產,TWSE,42.95,43.65,42.9,43.5,1803533.0,78226915.0,TWSE_RWD_JSON_MI_INDEX,data/daily_price/daily_price_20250114.csv,43.46,47.37,51.845,51.9033,47.3644,1.5169,0.0,-15.3696,-18.3865,-9.375,8540458.05,0.2112,52.5,57.0,58.4,42.55,42.55,42.55,-8.1697,-16.0961,-16.1904,-8.1589,-17.1429,-23.6842,-25.5137,2.2327,2.2327
20250115,2504,國產,TWSE,43.3,43.75,42.9,42.9,2151607.0,93019182.0,TWSE_RWD_JSON_MI_INDEX,data/daily_price/daily_price_20250115.csv,43.35,46.945,51.6633,51.8637,46.9924,-1.3793,-1.2658,-16.537,-20.2602,-9.9685,8143555.05,0.2642,52.5,57.0,58.4,42.55,42.55,42.55,-8.6165,-16.9624,-17.2833,-8.7086,-18.2857,-24.7368,-26.5411,0.8226,0.8226
20250116,2504,國產,TWSE,43.35,43.8,43.1,43.55,2568299.0,111589114.0,TWSE_RWD_JSON_MI_INDEX,data/daily_price/daily_price_20250116.csv,43.3,46.5675,51.4925,51.8262,46.7055,1.5152,-0.5708,-14.775,-19.052,-9.3652,7919617.45,0.3243,52.5,57.0,58.4,42.55,42.55,42.55,-6.4798,-15.4246,-15.9692,-6.7562,-17.0476,-23.5965,-25.4281,2.3502,2.3502
20250117,2504,國產,TWSE,36.45,36.55,35.7,36.2,6161519.0,222285666.0,TWSE_RWD_JSON_MI_INDEX,data/daily_price/daily_price_20250117.csv,41.8,45.8525,51.1892,51.6946,45.8301,-16.8772,-17.1625,-28.3168,-33.4559,-30.3846,7896888.25,0.7802,52.5,57.0,58.4,35.7,35.7,35.7,-21.0512,-29.2819,-29.9733,-21.0126,-31.0476,-36.4912,-38.0137,1.4006,1.4006
20250120,2504,國產,TWSE,44.1,44.45,43.9,44.3,1055012.0,46659415.0,TWSE_RWD_JSON_MI_INDEX,data/daily_price/daily_price_20250120.csv,42.09,45.5775,51.0275,51.6362,45.7026,22.3757,3.3839,-11.0442,-17.963,-13.6452,7513477.45,0.1404,52.5,57.0,58.4,35.7,35.7,35.7,-2.8029,-13.1841,-14.2076,-3.0689,-15.619,-22.2807,-24.1438,24.0896,24.0896
20250121,2504,國產,TWSE,44.55,44.55,43.75,44.3,1171074.0,51711992.0,TWSE_RWD_JSON_MI_INDEX,data/daily_price/daily_price_20250121.csv,42.25,45.2925,50.8875,51.5754,45.5857,0.0,1.8391,-11.4,-15.9393,-14.1473,7216987.95,0.1623,52.5,57.0,58.4,35.7,35.7,35.7,-2.1913,-12.9452,-14.1064,-2.8204,-15.619,-22.2807,-24.1438,24.0896,24.0896
20250122,2504,國產,TWSE,44.35,44.7,43.95,44.4,2059801.0,91339782.0,TWSE_RWD_JSON_MI_INDEX,data/daily_price/daily_price_20250122.csv,42.55,45.0875,50.7558,51.5146,45.4869,0.2257,3.4965,-8.4536,-15.1052,-14.1199,6937910.55,0.2969,52.5,57.0,58.4,35.7,35.7,35.7,-1.5248,-12.5224,-13.8108,-2.3894,-15.4286,-22.1053,-23.9726,24.3697,24.3697
20250203,2504,國產,TWSE,43.5,44.55,43.2,44.15,2300169.0,101223981.0,TWSE_RWD_JSON_MI_INDEX,data/daily_price/daily_price_20250203.csv,42.67,44.9025,50.5917,51.4442,45.3755,-0.5631,1.3777,-7.7325,-18.2407,-16.0646,6766521.45,0.3399,52.5,57.0,58.4,35.7,35.7,35.7,-1.6759,-12.7327,-14.1788,-2.7007,-15.9048,-22.5439,-24.4007,23.6695,23.6695
20250204,2504,國產,TWSE,44.15,44.55,43.55,43.65,1300254.0,56984296.0,TWSE_RWD_JSON_MI_INDEX,data/daily_price/daily_price_20250204.csv,44.16,44.725,50.4258,51.3746,45.2317,-1.1325,20.5801,-7.5212,-18.5634,-16.0577,6525759.35,0.1992,52.5,57.0,58.4,35.7,35.7,35.7,-2.4036,-13.4372,-15.0358,-3.4968,-16.8571,-23.4211,-25.2568,22.2689,22.2689
20250205,2504,國產,TWSE,44.05,44.1,43.65,43.65,1951986.0,85451604.0,TWSE_RWD_JSON_MI_INDEX,data/daily_price/daily_price_20250205.csv,44.03,44.575,50.2067,51.3158,45.0999,0.0,-1.4673,-6.4309,-23.1514,-13.9053,6450995.1,0.3026,52.5,57.0,58.4,35.7,35.7,35.7,-2.0752,-13.0594,-14.9385,-3.2148,-16.8571,-23.4211,-25.2568,22.2689,22.2689
20250206,2504,國產,TWSE,43.9,44.3,43.6,43.8,2134061.0,93699620.0,TWSE_RWD_JSON_MI_INDEX,data/daily_price/daily_price_20250206.csv,43.93,44.25,49.99,51.2912,44.9915,0.3436,-1.1287,-12.9225,-22.8873,-6.3102,6040717.65,0.3533,52.5,56.8,58.4,35.7,35.7,35.7,-1.0169,-12.3825,-14.6053,-2.6484,-16.5714,-22.8873,-25.0,22.6891,22.6891
20250207,2504,國產,TWSE,43.8,43.9,43.3,43.4,1412844.0,61569405.0,TWSE_RWD_JSON_MI_INDEX,data/daily_price/daily_price_20250207.csv,43.73,43.945,49.775,51.2662,44.8589,-0.9132,-2.2523,-12.3232,-22.913,-6.4655,5707964.1,0.2475,52.5,56.2,58.4,35.7,35.7,35.7,-1.2402,-12.8076,-15.3439,-3.2522,-17.3333,-22.7758,-25.6849,21.5686,21.5686
20250210,2504,國產,TWSE,43.25,43.45,42.6,42.6,2068496.0,88919254.0,TWSE_RWD_JSON_MI_INDEX,data/daily_price/daily_price_20250210.csv,43.42,43.45,49.5633,51.2158,44.6707,-1.8433,-3.5108,-18.8571,-22.9656,-12.4358,4725174.9,0.4378,51.5,56.0,58.4,35.7,35.7,35.7,-1.9563,-14.0494,-16.8226,-4.6354,-17.2816,-23.9286,-27.0548,19.3277,19.3277
20250211,2504,國產,TWSE,42.7,43.3,42.15,42.2,1776418.0,75315278.0,TWSE_RWD_JSON_MI_INDEX,data/daily_price/daily_price_20250211.csv,43.13,43.195,49.3567,51.17,44.4648,-0.939,-3.3219,-10.7822,-22.7106,-11.5304,4013246.8,0.4426,47.55,56.0,58.4,35.7,35.7,35.7,-2.3035,-14.4999,-17.5298,-5.0934,-11.2513,-24.6429,-27.7397,18.2073,18.2073
20250212,2504,國產,TWSE,42.2,42.6,42.2,42.3,895300.0,37934580.0,TWSE_RWD_JSON_MI_INDEX,data/daily_price/daily_price_20250212.csv,42.86,43.11,49.145,51.1062,44.2844,0.237,-3.0928,-3.8636,-23.0909,-15.3153,3258690.35,0.2747,44.7,56.0,58.4,35.7,35.7,35.7,-1.8789,-13.9282,-17.2313,-4.481,-5.3691,-24.4643,-27.5685,18.4874,18.4874
20250213,2504,國產,TWSE,42.5,43.1,42.05,42.05,3769801.0,159827003.0,TWSE_RWD_JSON_MI_INDEX,data/daily_price/daily_price_20250213.csv,42.51,43.0375,48.9158,51.045,44.0982,-0.591,-3.9954,-3.3333,-24.6416,-14.8785,2826930.85,1.3335,44.7,56.0,58.4,35.7,35.7,35.7,-2.2945,-14.036,-17.6217,-4.6446,-5.9284,-24.9107,-27.9966,17.7871,17.7871
20250214,2504,國產,TWSE,42.1,42.45,41.95,41.95,2439943.0,102742425.0,TWSE_RWD_JSON_MI_INDEX,data/daily_price/daily_price_20250214.csv,42.22,42.9625,48.7067,50.9796,43.9192,-0.2378,-3.341,-3.4522,-23.0275,-15.7631,2328251.95,1.048,44.7,56.0,58.4,35.7,35.7,35.7,-2.3567,-13.8722,-17.7122,-4.4836,-6.1521,-25.0893,-28.1678,17.507,17.507
20250217,2504,國產,TWSE,42.3,42.65,42.15,42.2,2159703.0,91402896.0,TWSE_RWD_JSON_MI_INDEX,data/daily_price/daily_price_20250217.csv,42.14,42.8825,48.505,50.8988,43.7759,0.5959,-0.939,-3.653,-22.2836,-18.6898,2244676.25,0.9621,44.7,56.0,58.4,35.7,35.7,35.7,-1.5916,-12.9987,-17.0903,-3.5999,-5.5928,-24.6429,-27.7397,18.2073,18.2073
20250218,2504,國產,TWSE,42.3,42.35,41.95,41.95,2375531.0,99886533.0,TWSE_RWD_JSON_MI_INDEX,data/daily_price/daily_price_20250218.csv,42.09,42.795,48.2792,50.83,43.6238,-0.5924,-0.5924,-4.0046,-24.4144,-16.4343,2232375.45,1.0641,44.7,56.0,58.4,35.7,35.7,35.7,-1.9745,-13.1095,-17.47,-3.8368,-6.1521,-25.0893,-28.1678,17.507,17.507
20250219,2504,國產,TWSE,42.1,42.6,41.85,41.85,4891333.0,205761469.0,TWSE_RWD_JSON_MI_INDEX,data/daily_price/daily_price_20250219.csv,42.0,42.745,48.0467,50.7562,43.4759,-0.2384,-1.0638,-2.3337,-25.0,-17.4556,2322334.2,2.1062,44.7,55.7,58.4,35.7,35.7,35.7,-2.0938,-12.8972,-17.5471,-3.7399,-6.3758,-24.8654,-28.339,17.2269,17.2269
20250220,2504,國產,TWSE,42.0,42.45,41.95,42.1,2312745.0,97556226.0,TWSE_RWD_JSON_MI_INDEX,data/daily_price/daily_price_20250220.csv,42.01,42.675,47.825,50.6821,43.3613,0.5974,0.1189,-3.2184,-24.0072,-17.451,2347794.8,0.9851,44.7,55.7,58.4,35.7,35.7,35.7,-1.3474,-11.9707,-16.9332,-2.9088,-5.8166,-24.4165,-27.911,17.9272,17.9272
20250221,2504,國產,TWSE,42.15,43.2,42.15,43.2,3565411.0,152928293.0,TWSE_RWD_CSV_MI_INDEX,data/daily_price/daily_price_20250221.csv,42.26,42.69,47.6167,50.6137,43.3478,2.6128,2.9797,0.6993,-22.4417,-15.9533,2418485.0,1.4742,44.7,55.4,58.4,35.7,35.7,35.7,1.1947,-9.2755,-14.6477,-0.341,-3.3557,-22.0217,-26.0274,21.0084,21.0084
20250224,2504,國產,TWSE,43.2,43.5,43.0,43.2,2361839.0,102171817.0,TWSE_RWD_JSON_MI_INDEX,data/daily_price/daily_price_20250224.csv,42.46,42.6725,47.43,50.5512,43.3355,0.0,2.3697,-0.8037,-20.5882,-14.7929,2408162.0,0.9808,44.7,55.0,58.4,35.7,35.7,35.7,1.2362,-8.9184,-14.5422,-0.3127,-3.3557,-21.4545,-26.0274,21.0084,21.0084
20250225,2504,國產,TWSE,43.15,43.35,42.9,42.95,2635363.0,113607409.0,TWSE_RWD_JSON_MI_INDEX,data/daily_price/daily_price_20250225.csv,42.66,43.01,47.2408,50.4908,43.3034,-0.5787,2.3838,18.6464,-20.9024,-14.4422,2231854.2,1.1808,44.7,55.0,58.4,41.85,35.7,35.7,-0.1395,-9.0829,-14.9351,-0.8161,-3.915,-21.9091,-26.4555,20.3081,20.3081
20250226,2504,國產,TWSE,43.0,43.3,42.95,43.05,1743474.0,75208502.0,TWSE_RWD_JSON_MI_INDEX,data/daily_price/daily_price_20250226.csv,42.9,42.9475,47.085,50.4262,43.2823,0.2328,2.8674,-2.8217,-17.8435,-15.2559,2266277.3,0.7693,44.7,55.0,58.4,41.85,35.7,35.7,0.2387,-8.5696,-14.6278,-0.5367,-3.6913,-21.7273,-26.2842,20.5882,20.5882
20250227,2504,國產,TWSE,42.3,42.35,41.95,41.95,2375531.0,99886533.0,TWSE_RWD_JSON_MI_INDEX,data/daily_price/daily_price_20250227.csv,42.87,42.83,46.8825,50.3458,43.1713,-2.5552,-0.3563,-5.3047,-22.4584,-18.7016,2326500.15,1.0211,44.7,55.0,58.4,41.85,35.7,35.7,-2.0546,-10.521,-16.6763,-2.8289,-6.1521,-23.7273,-28.1678,17.507,17.507
20250303,2504,國產,TWSE,44.4,45.25,43.5,43.8,6936713.0,306435899.0,TWSE_RWD_JSON_MI_INDEX,data/daily_price/daily_price_20250303.csv,42.99,42.8,46.7108,50.2758,43.2236,4.41,1.3889,-1.3514,-19.0388,-16.092,2570345.75,2.6987,45.25,55.0,58.4,41.85,35.7,35.7,2.3364,-6.2316,-12.8806,1.3334,-3.2044,-20.3636,-25.0,22.6891,22.6891
20250304,2504,國產,TWSE,43.65,44.35,43.3,44.15,3290919.0,144650974.0,TWSE_RWD_JSON_MI_INDEX,data/daily_price/daily_price_20250304.csv,43.18,42.8,46.56,50.2012,43.3008,0.7991,2.1991,0.0,-17.0113,-16.855,2619883.25,1.2561,45.25,55.0,58.4,41.85,35.7,35.7,3.1542,-5.1761,-12.054,1.9611,-2.4309,-19.7273,-24.4007,23.6695,23.6695
20250305,2504,國產,TWSE,44.3,45.4,44.05,45.1,3555855.0,159639502.0,TWSE_RWD_JSON_MI_INDEX,data/daily_price/daily_price_20250305.csv,43.61,42.8725,46.395,50.1279,43.4508,2.1518,5.0058,3.3219,-18.0,-16.3265,2732663.3,1.3012,45.4,55.0,58.4,41.85,35.7,35.7,5.1956,-2.7912,-10.0302,3.7956,-0.6608,-18.0,-22.774,26.3305,26.3305
20250306,2504,國產,TWSE,45.2,45.5,44.95,45.4,2720892.0,123001188.0,TWSE_RWD_JSON_MI_INDEX,data/daily_price/daily_price_20250306.csv,44.08,42.96,46.2517,50.0496,43.6132,0.6652,5.4588,4.0092,-15.9259,-17.1533,2771108.6,0.9819,45.5,54.8,58.4,41.85,35.7,35.7,5.6797,-1.8414,-9.29,4.0969,-0.2198,-17.1533,-22.2603,27.1709,27.1709
20250307,2504,國產,TWSE,44.4,44.65,43.4,43.75,9528883.0,418128342.0,TWSE_RWD_JSON_MI_INDEX,data/daily_price/daily_price_20250307.csv,44.44,42.9575,46.0925,49.9442,43.6246,-3.6344,4.2908,-0.1142,-17.9174,-22.4291,3140849.7,3.0339,45.5,53.7,58.4,41.85,35.7,35.7,1.8448,-5.0822,-12.4022,0.2874,-3.8462,-18.5289,-25.0856,22.549,22.549
20250310,2504,國產,TWSE,43.75,44.2,42.65,42.75,5915949.0,254584915.0,TWSE_RWD_JSON_MI_INDEX,data/daily_price/daily_price_20250310.csv,44.23,42.925,45.9217,49.8346,43.5517,-2.2857,-2.3973,-1.4977,-19.3396,-23.5242,3366004.95,1.7576,45.5,53.7,58.4,41.85,35.7,35.7,-0.4077,-6.9067,-14.2162,-1.8409,-6.044,-20.3911,-26.7979,19.7479,19.7479
20250311,2504,國產,TWSE,42.0,42.75,41.85,42.15,5529685.0,233715263.0,TWSE_RWD_JSON_MI_INDEX,data/daily_price/daily_price_20250311.csv,43.83,42.9025,45.7492,49.7217,43.4349,-1.4035,-4.53,-1.0563,-19.7143,-24.3268,3539064.4,1.5625,45.5,53.7,58.4,41.85,35.7,35.7,-1.754,-7.8672,-15.2281,-2.9583,-7.3626,-21.5084,-27.8253,18.0672,18.0672
20250312,2504,國產,TWSE,42.4,42.85,42.25,42.25,3858617.0,164019433.0,TWSE_RWD_JSON_MI_INDEX,data/daily_price/daily_price_20250312.csv,43.26,42.905,45.5833,49.6038,43.3362,0.2372,-6.3193,0.1185,-19.0613,-25.0887,3643174.35,1.0591,45.5,53.7,58.4,41.85,35.7,35.7,-1.5266,-7.3126,-14.825,-2.5064,-7.1429,-21.3222,-27.6541,18.3473,18.3473
20250313,2504,國產,TWSE,42.5,43.05,42.0,42.0,3444379.0,146497978.0,TWSE_RWD_JSON_MI_INDEX,data/daily_price/daily_price_20250313.csv,42.58,42.89,45.395,49.4871,43.2248,-0.5917,-7.489,-0.7092,-21.2008,-25.0,3770628.3,0.9135,45.5,53.7,58.4,41.85,35.7,35.7,-2.0751,-7.4788,-15.1294,-2.8336,-7.6923,-21.7877,-28.0822,17.6471,17.6471
20250314,2504,國產,TWSE,42.25,42.5,42.0,42.25,3262254.0,137859010.0,TWSE_RWD_JSON_MI_INDEX,data/daily_price/daily_price_20250314.csv,42.28,42.9,45.2092,49.3767,43.1436,0.5952,-3.4286,0.4756,-20.8801,-23.8739,3745250.95,0.871,45.5,53.7,58.4,41.85,35.7,35.7,-1.5152,-6.5455,-14.4333,-2.0712,-7.1429,-21.3222,-27.6541,18.3473,18.3473
20250317,2504,國產,TWSE,42.5,43.15,42.5,42.6,1674431.0,71671434.0,TWSE_RWD_JSON_MI_INDEX,data/daily_price/daily_price_20250317.csv,42.25,42.9325,45.0275,49.2617,43.0983,0.8284,-0.3509,1.5495,-20.3738,-24.4681,3706975.35,0.4517,45.5,53.7,58.4,41.85,35.7,35.7,-0.7745,-5.3911,-13.523,-1.1562,-6.3736,-20.6704,-27.0548,19.3277,19.3277
20250318,2504,國產,TWSE,43.1,43.2,42.75,42.75,3177339.0,136423982.0,TWSE_RWD_JSON_MI_INDEX,data/daily_price/daily_price_20250318.csv,42.37,42.96,44.8483,49.1612,43.0693,0.3521,1.4235,1.3033,-20.0935,-21.9891,3757857.15,0.8455,45.5,53.7,58.4,41.85,35.7,35.7,-0.4888,-4.6787,-13.0413,-0.7413,-6.044,-20.3911,-26.7979,19.7479,19.7479
20250319,2504,國產,TWSE,43.0,43.5,42.8,43.15,3353110.0,145132251.0,TWSE_RWD_JSON_MI_INDEX,data/daily_price/daily_price_20250319.csv,42.55,43.02,44.6792,49.065,43.076,0.9357,2.1302,2.8605,-19.0432,-21.1152,3806736.1,0.8808,45.5,53.0,58.4,41.85,35.7,35.7,0.3022,-3.4225,-12.0554,0.1718,-5.1648,-18.5849,-26.113,20.8683,20.8683
20250320,2504,國產,TWSE,43.3,43.55,43.15,43.25,1857914.0,80551675.0,TWSE_RWD_JSON_MI_INDEX,data/daily_price/daily_price_20250320.csv,42.8,43.09,44.5333,48.9688,43.0905,0.2317,2.9762,3.3453,-16.8269,-21.0766,3655065.15,0.5083,45.5,52.8,58.4,41.85,35.7,35.7,0.3713,-2.8817,-11.6784,0.3702,-4.9451,-18.0871,-25.9418,21.1485,21.1485
20250321,2504,國產,TWSE,43.3,43.8,43.2,43.3,2495310.0,108624683.0,TWSE_RWD_JSON_MI_INDEX,data/daily_price/daily_price_20250321.csv,43.01,43.15,44.3983,48.8604,43.108,0.1156,2.4852,2.8504,-15.7588,-23.0906,3664193.4,0.681,45.5,52.5,58.4,41.85,35.7,35.7,0.3476,-2.4738,-11.3802,0.4455,-4.8352,-17.5238,-25.8562,21.2885,21.2885
20250324,2504,國產,TWSE,43.9,44.8,43.6,43.6,5045884.0,222751582.0,TWSE_RWD_JSON_MI_INDEX,data/daily_price/daily_price_20250324.csv,43.21,43.17,44.2683,48.7529,43.149,0.6928,2.3474,0.9259,-15.1751,-22.8319,3738217.05,1.3498,45.5,52.5,57.0,41.85,35.7,35.7,0.9961,-1.5097,-10.5695,1.0453,-4.1758,-16.9524,-23.5088,22.1289,22.1289
20250325,2504,國產,TWSE,44.0,44.0,43.2,43.2,2953316.0,128294077.0,TWSE_RWD_JSON_MI_INDEX,data/daily_price/daily_price_20250325.csv,43.3,43.17,44.1367,48.6679,43.1532,-0.9174,1.0526,0.0,-15.4599,-19.1011,3767790.9,0.7838,45.5,52.5,57.0,41.85,35.7,35.7,0.0695,-2.1222,-11.2352,0.1084,-5.0549,-17.7143,-24.2105,21.0084,21.0084
20250326,2504,國產,TWSE,43.25,43.45,43.2,43.25,1394710.0,60414964.0,TWSE_RWD_JSON_MI_INDEX,data/daily_price/daily_price_20250326.csv,43.32,43.185,44.0158,48.6129,43.1613,0.1157,0.2317,0.6985,-14.3564,-13.2397,3705758.25,0.3764,45.5,52.5,57.0,41.85,35.7,35.7,0.1505,-1.7399,-11.0319,0.2056,-4.9451,-17.619,-24.1228,21.1485,21.1485
20250327,2504,國產,TWSE,43.1,43.25,42.45,42.75,3113889.0,133254781.0,TWSE_RWD_JSON_MI_INDEX,data/daily_price/daily_price_20250327.csv,43.22,43.17,43.8983,48.5333,43.127,-1.1561,-1.1561,-0.6969,-14.1566,-18.26,3774279.0,0.825,45.5,52.5,57.0,41.85,35.7,35.7,-0.9729,-2.6159,-11.9162,-0.8742,-6.044,-18.5714,-25.0,19.7479,19.7479
20250328,2504,國產,TWSE,42.6,42.8,41.65,42.15,4092287.0,172178152.0,TWSE_RWD_JSON_MI_INDEX,data/daily_price/daily_price_20250328.csv,42.99,43.18,43.7675,48.4562,43.0456,-1.4035,-2.6559,0.4768,-15.7,-17.9961,3860116.8,1.0601,45.5,52.5,57.0,41.65,35.7,35.7,-2.3854,-3.6957,-13.0143,-2.0806,-7.3626,-19.7143,-26.0526,18.0672,18.0672
20250331,2504,國產,TWSE,41.2,42.4,40.6,40.75,5772602.0,236972356.0,TWSE_RWD_JSON_MI_INDEX,data/daily_price/daily_price_20250331.csv,42.42,43.0275,43.6383,48.3617,42.8543,-3.3215,-6.5367,-6.9635,-15.9794,-21.785,3801911.25,1.5183,45.5,52.5,57.0,40.6,35.7,35.7,-5.2931,-6.6188,-15.739,-4.9103,-10.4396,-22.381,-28.5088,14.1457,14.1457
20250401,2504,國產,TWSE,41.1,42.1,41.1,41.95,2631591.0,109722332.0,TWSE_RWD_JSON_MI_INDEX,data/daily_price/daily_price_20250401.csv,42.17,42.9175,43.54,48.2746,42.7789,2.9448,-2.8935,-4.983,-12.3302,-19.9427,3768944.85,0.6982,45.5,52.5,57.0,40.6,35.7,35.7,-2.2543,-3.6518,-13.1013,-1.9377,-7.8022,-20.0952,-26.4035,17.507,17.507
20250402,2504,國產,TWSE,41.9,42.05,41.4,41.95,2026863.0,84595062.0,TWSE_RWD_JSON_MI_INDEX,data/daily_price/daily_price_20250402.csv,41.91,42.76,43.4525,48.1875,42.7099,0.0,-3.0058,-6.9845,-11.1229,-19.9427,3692495.25,0.5489,45.5,52.5,57.0,40.6,35.7,35.7,-1.8943,-3.4578,-12.9442,-1.7791,-7.8022,-20.0952,-26.4035,17.507,17.507
20250407,2504,國產,listed,37.8,37.8,37.8,37.8,1690840.0,63913768.0,,data/daily_price/20250407.csv,40.92,42.38,43.305,48.0667,42.3007,-9.8927,-11.5789,-16.7401,-18.9711,-27.7247,3640992.65,0.4644,44.8,52.5,57.0,37.8,35.7,35.7,-10.807,-12.7122,-21.3592,-10.6398,-15.625,-28.0,-33.6842,5.8824,5.8824
20250408,2504,國產,listed,37.2,37.8,36.4,37.5,5175690.0,192755658.0,,data/daily_price/20250408.csv,39.99,42.0675,43.0917,47.9558,41.9006,-0.7937,-11.032,-14.2857,-25.4473,-26.1811,3423333.0,1.5119,44.8,52.5,57.0,36.4,35.7,35.7,-10.8576,-12.9762,-21.803,-10.5026,-16.2946,-28.5714,-34.2105,5.042,5.042
20250409,2504,國產,listed,37.3,37.5,35.0,35.25,4488420.0,163520225.0,,data/daily_price/20250409.csv,38.89,41.6925,42.8542,47.8304,41.3464,-6.0,-13.4969,-17.5439,-28.7879,-29.9205,3351956.55,1.339,44.8,52.5,57.0,35.0,35.0,35.0,-15.4524,-17.7443,-26.3021,-14.7447,-21.317,-32.8571,-38.1579,0.7143,0.7143
20250410,2504,國產,listed,38.7,38.75,38.25,38.75,1628968.0,63062938.0,,data/daily_price/20250410.csv,38.25,41.5225,42.625,47.7367,41.1301,9.9291,-7.6281,-8.0664,-26.1905,-22.5,3156920.7,0.516,44.8,51.5,57.0,35.0,35.0,35.0,-6.6771,-9.0909,-18.8255,-5.7866,-13.5045,-24.7573,-32.0175,10.7143,10.7143
20250414,2504,國產,listed,39.6,40.9,39.6,40.15,2176221.0,87582367.0,,data/daily_price/20250414.csv,37.89,41.4175,42.5058,47.6537,41.0484,3.6129,-4.2908,-4.9704,-15.1163,-19.8603,3072800.9,0.7082,44.8,47.55,57.0,35.0,35.0,35.0,-3.0603,-5.5424,-15.7464,-2.1886,-10.3795,-15.5626,-29.5614,14.7143,14.7143
20250415,2504,國產,listed,40.15,40.95,40.1,40.65,1438068.0,58439998.0,,data/daily_price/20250415.csv,38.46,41.35,42.45,47.5708,41.0152,1.2453,7.5397,-3.2143,-7.6136,-19.664,2972485.35,0.4838,44.8,45.5,57.0,35.0,35.0,35.0,-1.6929,-4.2403,-14.5485,-0.8904,-9.2634,-10.6593,-28.6842,16.1429,16.1429
20250416,2504,國產,listed,40.25,41.0,40.15,40.15,1662362.0,67301023.0,,data/daily_price/20250416.csv,38.99,41.245,42.3942,47.4888,40.9431,-1.23,7.0667,-4.9704,-7.7011,-19.7,2892490.75,0.5747,44.8,45.5,57.0,35.0,35.0,35.0,-2.6549,-5.2936,-15.4537,-1.937,-10.3795,-11.7582,-29.5614,14.7143,14.7143
20250417,2504,國產,listed,39.85,40.15,39.25,39.25,2212005.0,87836918.0,,data/daily_price/20250417.csv,39.79,41.0775,42.3242,47.3917,40.802,-2.2416,11.3475,-7.8638,-9.6663,-22.888,2919369.45,0.7577,44.8,45.5,57.0,35.0,35.0,35.0,-4.4489,-7.2634,-17.1795,-3.8037,-12.3884,-13.7363,-31.1404,12.1429,12.1429
20250418,2504,國產,listed,39.25,39.65,39.05,39.1,2984513.0,117337310.0,,data/daily_price/20250418.csv,39.86,40.895,42.2458,47.2875,40.6602,-0.3822,0.9032,-8.538,-10.7306,-24.2248,2909728.15,1.0257,44.8,45.5,57.0,35.0,35.0,35.0,-4.3893,-7.4465,-17.3143,-3.8371,-12.7232,-14.0659,-31.4035,11.7143,11.7143
20250421,2504,國產,listed,39.1,39.35,38.65,38.85,2265432.0,88167816.0,,data/daily_price/20250421.csv,39.6,40.68,42.165,47.1729,40.5093,-0.6394,-3.2379,-9.9652,-11.0984,-26.1407,2855344.25,0.7934,44.8,45.5,57.0,35.0,35.0,35.0,-4.4985,-7.862,-17.6434,-4.0961,-13.2812,-14.6154,-31.8421,11.0,11.0
20250422,2504,國產,listed,38.65,38.85,37.7,38.2,2608213.0,100161013.0,,data/daily_price/20250422.csv,39.11,40.4275,42.0875,47.0479,40.3169,-1.6731,-6.0271,-11.6763,-10.8518,-28.1955,2892859.2,0.9016,44.8,45.5,57.0,35.0,35.0,35.0,-5.5099,-9.2367,-18.8062,-5.2506,-14.7321,-16.044,-32.9825,9.1429,9.1429
20250423,2504,國產,listed,38.7,39.7,38.7,39.55,2203913.0,86680235.0,,data/daily_price/20250423.csv,38.99,40.24,42.0217,46.9333,40.253,3.534,-1.4944,-8.6605,-9.0805,-25.7974,2878289.35,0.7657,44.8,45.5,57.0,35.0,35.0,35.0,-1.7147,-5.8819,-15.7315,-1.7464,-11.7188,-13.0769,-30.614,13.0,13.0
20250424,2504,國產,listed,39.35,39.8,39.35,39.55,1409377.0,55741427.0,,data/daily_price/20250424.csv,39.05,40.0375,41.9658,46.8146,40.1944,0.0,0.7643,-9.289,-7.8089,-26.487,2696464.0,0.5227,44.0,45.5,57.0,35.0,35.0,35.0,-1.2176,-5.7567,-15.5178,-1.6032,-10.1136,-13.0769,-30.614,13.0,13.0
20250425,2504,國產,listed,40.15,40.2,39.5,39.5,1858037.0,73919220.0,,data/daily_price/20250425.csv,39.13,39.8525,41.8983,46.6954,40.1365,-0.1264,1.023,-8.5648,-9.2997,-26.5799,2641700.05,0.7033,43.45,45.5,57.0,35.0,35.0,35.0,-0.8845,-5.7242,-15.4093,-1.5859,-9.0909,-13.1868,-30.7018,12.8571,12.8571
20250428,2504,國產,listed,39.75,40.3,39.55,39.6,2073432.0,82514585.0,,data/daily_price/20250428.csv,39.28,39.67,41.955,46.5721,40.0918,0.2532,1.9305,-8.4393,9.3923,-27.2059,2675636.15,0.7749,43.25,45.5,57.0,35.0,35.0,35.0,-0.1765,-5.6132,-14.9705,-1.2267,-8.4393,-12.967,-30.5263,13.1429,13.1429
20250429,2504,國產,listed,39.65,40.0,39.5,40.0,2117027.0,84226322.0,,data/daily_price/20250429.csv,39.64,39.5325,41.8833,46.4554,40.0842,1.0101,4.712,-6.4327,-9.7065,-25.9259,2625793.05,0.8062,42.8,45.5,57.0,35.0,35.0,35.0,1.1826,-4.4966,-13.8959,-0.21,-6.5421,-12.0879,-29.8246,14.2857,14.2857
20250430,2504,國產,listed,39.9,40.15,39.25,39.25,2253483.0,89289329.0,,data/daily_price/20250430.csv,39.58,39.3875,41.7992,46.3433,40.0146,-1.875,-0.7585,-6.8802,-11.3995,-25.5218,2533852.85,0.8894,42.4,45.5,57.0,35.0,35.0,35.0,-0.3491,-6.0986,-15.306,-1.9109,-7.4292,-13.7363,-31.1404,12.1429,12.1429
20250502,2504,國產,listed,39.7,41.2,39.45,40.95,3841515.0,155538386.0,,data/daily_price/20250502.csv,39.86,39.3975,41.7417,46.2487,40.0926,4.3312,3.5398,0.4908,-7.7703,-21.7017,2437298.5,1.5761,42.1,45.5,57.0,35.0,35.0,35.0,3.9406,-1.8966,-11.4571,2.1386,-2.7316,-10.0,-28.1579,17.0,17.0
20250505,2504,國產,listed,42.0,43.45,41.45,42.6,8656368.0,368520251.0,,data/daily_price/20250505.csv,40.48,39.43,41.7158,46.1537,40.3015,4.0293,7.8481,1.5495,-3.5108,-21.1111,2738537.35,3.1609,43.45,45.5,57.0,35.0,35.0,35.0,8.0396,2.1195,-7.6998,5.7032,-1.9563,-6.3736,-25.2632,21.7143,21.7143
20250506,2504,國產,listed,42.15,42.5,41.6,42.05,4982600.0,209668542.0,,data/daily_price/20250506.csv,40.97,39.435,41.6892,46.0575,40.4472,-1.2911,6.1869,0.2384,-3.6655,-21.5485,2886324.2,1.7263,43.45,45.5,57.0,35.0,35.0,35.0,6.6312,0.8655,-8.7011,3.9626,-3.2221,-7.5824,-26.2281,20.1429,20.1429
20250507,2504,國產,listed,42.2,43.25,41.55,42.75,6287573.0,267234313.0,,data/daily_price/20250507.csv,41.52,39.6825,41.6742,45.9404,40.6391,1.6647,6.875,13.0952,-2.0619,-24.7359,3116160.85,2.0177,43.45,45.5,57.0,35.0,35.0,35.0,7.7301,2.5815,-6.9447,5.1941,-1.611,-6.044,-25.0,22.1429,22.1429
20250508,2504,國產,listed,43.05,43.65,42.65,43.2,4468467.0,192813857.0,,data/daily_price/20250508.csv,42.31,39.9675,41.6642,45.8271,40.8525,1.0526,10.0637,15.2,-1.3699,-23.9437,3080799.7,1.4504,43.65,45.5,56.8,35.0,35.0,35.0,8.0878,3.6862,-5.7326,5.7462,-1.0309,-5.0549,-23.9437,23.4286,23.4286
20250509,2504,國產,listed,43.15,43.55,43.0,43.4,2846318.0,123212025.0,,data/daily_price/20250509.csv,42.8,40.375,41.6642,45.7196,41.0648,0.463,5.9829,23.1206,0.0,-22.913,2998694.6,0.9492,43.65,45.5,56.2,37.7,35.0,35.0,7.4923,4.1662,-5.0735,5.6865,-0.5727,-4.6154,-22.7758,24.0,24.0
20250512,2504,國產,listed,43.5,43.65,43.0,43.1,2661006.0,114960479.0,,data/daily_price/20250512.csv,42.9,40.5925,41.6725,45.6179,41.2344,-0.6912,1.1737,11.2258,1.1737,-22.0615,3050296.5,0.8724,43.65,45.5,56.0,37.7,35.0,35.0,6.1772,3.4255,-5.5196,4.5243,-1.26,-5.2747,-23.0357,23.1429,23.1429
20250513,2504,國產,listed,43.3,43.3,42.45,42.55,2761921.0,118162363.0,,data/daily_price/20250513.csv,43.0,40.7125,41.6783,45.5175,41.3441,-1.2761,1.1891,5.9776,0.8294,-22.0696,3079581.5,0.8968,43.65,45.5,56.0,37.7,35.0,35.0,4.5134,2.0914,-6.5195,2.9168,-2.52,-6.4835,-24.0179,21.5714,21.5714
20250514,2504,國產,listed,42.4,43.2,42.35,43.2,1810794.0,77678236.0,,data/daily_price/20250514.csv,43.09,40.84,41.6933,45.4192,41.4987,1.5276,1.0526,6.2731,2.1277,-21.4545,3098217.8,0.5845,43.65,45.5,56.0,37.7,35.0,35.0,5.7786,3.6137,-4.886,4.0996,-1.0309,-5.0549,-22.8571,23.4286,23.4286
20250515,2504,國產,listed,43.05,43.45,43.0,43.1,2030570.0,87766921.0,,data/daily_price/20250515.csv,43.07,40.9875,41.7108,45.3133,41.6322,-0.2315,-0.2315,7.3474,2.497,-22.7599,3116628.2,0.6515,43.65,45.5,56.0,37.7,35.0,35.0,5.154,3.3305,-4.8845,3.5257,-1.26,-5.2747,-23.0357,23.1429,23.1429
20250516,2504,國產,listed,43.2,44.75,43.2,44.2,5541637.0,245239738.0,,data/daily_price/20250516.csv,43.23,41.235,41.7483,45.2275,41.8462,2.5522,1.8433,12.6115,5.3635,-18.8991,3283109.8,1.6879,44.75,45.5,56.0,37.7,35.0,35.0,7.1905,5.8725,-2.2718,5.625,-1.2291,-2.8571,-21.0714,26.2857,26.2857
20250519,2504,國產,listed,44.2,44.9,44.0,44.0,6501808.0,287713246.0,,data/daily_price/20250519.csv,43.41,41.48,41.7783,45.1417,42.0256,-0.4525,2.0882,12.532,4.2654,-18.9687,3458974.55,1.8797,44.9,45.5,56.0,37.7,35.0,35.0,6.0752,5.3177,-2.5291,4.698,-2.0045,-3.2967,-21.4286,25.7143,25.7143
20250520,2504,國產,listed,44.0,44.35,43.35,43.55,7855919.0,343015156.0,,data/daily_price/20250520.csv,43.61,41.715,41.805,45.0421,42.1527,-1.0227,2.3502,12.0978,3.8141,-21.5315,3738498.9,2.1014,44.9,45.5,56.0,37.7,35.0,35.0,4.3989,4.1741,-3.3126,3.3149,-3.0067,-4.2857,-22.2321,24.4286,24.4286
20250522,2504,國產,listed,43.4,43.4,42.3,42.45,9663925.0,410832802.0,,data/daily_price/20250522.csv,43.46,41.9275,41.815,44.9308,42.1774,-2.5258,-1.7361,11.1257,1.4337,-23.9247,4091284.5,2.3621,44.9,45.5,55.7,38.7,35.0,35.0,1.2462,1.5186,-5.5214,0.6462,-5.4566,-6.7033,-23.7882,21.2857,21.2857
20250523,2504,國產,listed,42.8,43.3,42.35,42.65,8888781.0,379892436.0,,data/daily_price/20250523.csv,43.37,42.0825,41.8242,44.8246,42.2168,0.4711,-1.0441,7.8382,1.3064,-23.0144,4425527.9,2.0085,44.9,45.5,55.7,39.25,35.0,35.0,1.3485,1.9745,-4.8513,1.0261,-5.0111,-6.2637,-23.4291,21.8571,21.8571
20250526,2504,國產,listed,43.0,43.35,42.4,42.4,4330530.0,185156246.0,,data/daily_price/20250526.csv,43.01,42.225,41.8108,44.7138,42.2321,-0.5862,-4.0724,7.2061,-1.8519,-23.8779,4571585.55,0.9473,44.9,45.5,55.4,39.25,35.0,35.0,0.4144,1.4091,-5.1746,0.3976,-5.5679,-6.8132,-23.4657,21.1429,21.1429
20250527,2504,國產,listed,42.55,42.9,41.75,41.95,3487389.0,147035549.0,,data/daily_price/20250527.csv,42.6,42.3475,41.79,44.61,42.2086,-1.0613,-4.6591,6.2025,-2.8935,-22.886,4653053.15,0.7495,44.9,45.5,55.0,39.25,35.0,35.0,-0.9387,0.3829,-5.9628,-0.6126,-6.5702,-7.8022,-23.7273,19.8571,19.8571
20250528,2504,國產,listed,42.2,42.4,41.6,41.95,2832764.0,118627232.0,,data/daily_price/20250528.csv,42.28,42.465,41.7733,44.5071,42.187,0.0,-3.6739,5.9343,-2.3283,-22.744,4691019.75,0.6039,44.9,45.5,55.0,39.25,35.0,35.0,-1.2128,0.4229,-5.7453,-0.5619,-6.5702,-7.8022,-23.7273,19.8571,19.8571
20250529,2504,國產,listed,41.95,42.2,41.5,41.75,4054325.0,169008568.0,,data/daily_price/20250529.csv,42.14,42.5525,41.7517,44.4183,42.1506,-0.4768,-1.649,4.375,-3.0197,-20.3244,4787884.65,0.8468,44.9,45.5,55.0,39.25,35.0,35.0,-1.8859,-0.004,-6.0073,-0.9504,-7.0156,-8.2418,-24.0909,19.2857,19.2857
20250602,2504,國產,listed,41.55,41.55,40.9,41.25,4878423.0,200904152.0,,data/daily_price/20250602.csv,41.86,42.6525,41.74,44.3112,42.0756,-1.1976,-3.2825,5.0955,-1.6687,-23.7523,4919131.65,0.9917,44.9,45.5,55.0,39.45,35.0,35.0,-3.2882,-1.1739,-6.9085,-1.9621,-8.1292,-9.3407,-25.0,17.8571,17.8571
20250603,2504,國產,listed,41.5,42.4,41.25,42.4,6579478.0,275738483.0,,data/daily_price/20250603.csv,41.86,42.725,41.7167,44.2138,42.1026,2.7879,0.0,3.5409,-3.1963,-21.6266,5056029.8,1.3013,44.9,45.5,55.0,40.9,35.0,35.0,-0.7607,1.638,-4.1022,0.7064,-5.5679,-6.8132,-22.9091,21.1429,21.1429
20250604,2504,國產,listed,42.25,43.45,41.9,43.45,5365693.0,229744640.0,,data/daily_price/20250604.csv,42.16,42.7675,41.705,44.1325,42.2149,2.4764,3.5757,1.9953,-1.5855,-18.3271,4891496.05,1.0969,44.9,45.5,55.0,40.9,35.0,35.0,1.5958,4.1842,-1.5465,2.9258,-3.2294,-4.5055,-21.0,24.1429,24.1429
20250605,2504,國產,listed,43.25,44.6,43.15,44.6,8747578.0,385194253.0,,data/daily_price/20250605.csv,42.69,42.895,41.6967,44.0458,42.4136,2.6467,6.317,6.0642,-1.1086,-18.9091,5079744.95,1.7221,44.9,45.5,55.0,40.9,35.0,35.0,3.9748,6.963,1.2582,5.1548,-0.6682,-1.978,-18.9091,27.4286,27.4286
20250606,2504,國產,listed,44.5,45.05,44.35,45.05,5785039.0,258972109.0,,data/daily_price/20250606.csv,43.35,43.01,41.6908,43.9713,42.6333,1.009,7.9042,5.3801,-0.7709,-16.5741,5054618.25,1.1445,45.05,45.05,54.8,40.9,35.0,35.0,4.7431,8.0573,2.4533,5.6685,0.0,0.0,-17.792,28.7143,28.7143
20250609,2504,國產,listed,45.3,45.5,44.4,45.5,6426513.0,289721421.0,,data/daily_price/20250609.csv,44.2,43.125,41.72,43.9062,42.8722,0.9989,10.303,5.3241,4.0,-14.6341,5152520.55,1.2473,45.5,45.5,53.7,40.9,35.0,35.0,5.5072,9.0604,3.6299,6.1293,0.0,0.0,-15.27,30.0,30.0
20250610,2504,國產,listed,45.3,46.0,45.3,46.0,5835051.0,267196791.0,,data/daily_price/20250610.csv,44.92,43.255,41.7742,43.8479,43.1329,1.0989,8.4906,5.9908,7.6023,-13.2075,5301957.2,1.1005,46.0,46.0,53.7,40.9,35.0,35.0,6.3461,10.1159,4.9081,6.6472,0.0,0.0,-14.3389,31.4286,31.4286
20250611,2504,國產,listed,45.85,46.6,45.75,46.6,6153807.0,284698827.0,,data/daily_price/20250611.csv,45.55,43.43,41.8483,43.7988,43.4218,1.3043,7.2497,8.1206,10.5575,-11.2381,5476597.25,1.1237,46.6,46.6,53.7,40.9,35.0,35.0,7.2991,11.3545,6.3957,7.3194,0.0,0.0,-13.2216,33.1429,33.1429
20250612,2504,國產,listed,46.45,46.5,45.8,46.5,6409346.0,296419776.0,,data/daily_price/20250612.csv,45.93,43.6275,41.9192,43.7513,43.6783,-0.2146,4.2601,9.2832,10.0592,-10.9195,5658968.5,1.1326,46.6,46.6,53.7,40.9,35.0,35.0,6.5841,10.9278,6.2827,6.4601,-0.2146,-0.2146,-13.4078,32.8571,32.8571
20250613,2504,國產,listed,45.95,46.7,45.9,46.15,5769460.0,267675212.0,,data/daily_price/20250613.csv,46.15,43.775,41.9883,43.6917,43.8843,-0.7527,2.4417,6.8287,9.881,-13.4146,5856901.8,0.9851,46.7,46.7,53.7,40.9,35.0,35.0,5.4255,9.9115,5.6265,5.1629,-1.1777,-1.1777,-14.0596,31.8571,31.8571
20250616,2504,國產,listed,46.1,46.15,45.15,45.35,5192905.0,236344230.0,,data/daily_price/20250616.csv,46.12,43.8875,42.04,43.6246,44.0064,-1.7335,-0.3297,5.2204,7.3373,-15.0749,6015018.55,0.8633,46.7,46.7,53.7,40.9,35.0,35.0,3.3324,7.8735,3.9551,3.0531,-2.8908,-2.8908,-15.5493,29.5714,29.5714
20250617,2504,國產,listed,45.35,46.15,45.35,45.45,9035486.0,412382688.0,,data/daily_price/20250617.csv,46.01,43.95,42.0875,43.5575,44.1267,0.2205,-1.1957,2.8281,6.6901,-15.0467,6189711.0,1.4598,46.7,46.7,53.7,40.9,35.0,35.0,3.413,7.9893,4.3448,2.9988,-2.6767,-2.6767,-15.3631,29.8571,29.8571
20250618,2504,國產,listed,45.9,46.4,45.5,46.35,9608038.0,442734233.0,,data/daily_price/20250618.csv,45.96,44.0675,42.1475,43.4979,44.312,1.9802,-0.5365,5.3409,8.4211,-13.3645,6345022.5,1.5143,46.7,46.7,53.7,40.9,35.0,35.0,5.1796,9.9709,6.5568,4.5992,-0.7495,-0.7495,-13.6872,32.4286,32.4286
20250619,2504,國產,listed,46.45,46.45,45.8,45.85,8233857.0,378495819.0,,data/daily_price/20250619.csv,45.83,44.1825,42.1925,43.4358,44.4402,-1.0787,-1.3978,5.2813,6.2572,-13.9775,6363919.4,1.2938,46.7,46.7,53.0,40.9,35.0,35.0,3.7741,8.6686,5.558,3.1724,-1.8201,-1.8201,-13.4906,31.0,31.0
20250620,2504,國產,listed,45.85,45.85,44.4,45.05,16608529.0,748315716.0,,data/daily_price/20250620.csv,45.61,44.3125,42.2225,43.3779,44.491,-1.7448,-2.3835,6.1249,4.1618,-13.3654,6711149.6,2.4748,46.7,46.7,52.8,40.9,35.0,35.0,1.6643,6.6967,3.8547,1.2565,-3.5332,-3.5332,-14.678,28.7143,28.7143
20250623,2504,國產,listed,44.95,45.05,43.4,43.85,9834001.0,432355232.0,,data/daily_price/20250623.csv,45.31,44.3725,42.2317,43.315,44.4376,-2.6637,-3.3076,2.8136,1.2702,-14.6887,6758410.6,1.4551,46.7,46.7,52.5,40.9,35.0,35.0,-1.1775,3.832,1.2351,-1.3222,-6.1028,-6.1028,-16.4762,25.2857,25.2857
20250624,2504,國產,listed,39.6,40.05,39.4,39.4,21909838.0,873266597.0,,data/daily_price/20250624.csv,44.1,44.2225,42.1617,43.215,44.0178,-10.1482,-13.3113,-7.0755,-9.633,-23.3463,7637376.0,2.8688,46.7,46.7,52.5,39.4,35.0,35.0,-10.9051,-6.5502,-8.828,-10.4907,-15.6317,-15.6317,-24.9524,12.5714,12.5714
20250625,2504,國產,listed,39.6,40.1,38.7,40.1,9614041.0,379336596.0,,data/daily_price/20250625.csv,42.85,44.13,42.11,43.1233,43.6913,1.7766,-13.4844,-4.41,-7.1759,-21.5264,7943708.6,1.2103,46.7,46.7,52.5,38.7,35.0,35.0,-9.1321,-4.7732,-7.0109,-8.2197,-14.1328,-14.1328,-23.619,14.5714,14.5714
20250626,2504,國產,listed,39.7,39.85,39.15,39.3,9975182.0,392498663.0,,data/daily_price/20250626.csv,41.54,43.9975,42.0442,43.03,43.3254,-1.995,-14.2857,-6.317,-9.1329,-22.1782,8300829.5,1.2017,46.7,46.7,52.5,38.7,35.0,35.0,-10.6767,-6.5269,-8.6684,-9.291,-15.8458,-15.8458,-25.1429,12.2857,12.2857
20250627,2504,國產,listed,39.6,40.3,38.8,40.3,8090024.0,320593098.0,,data/daily_price/20250627.csv,40.59,43.925,42.0033,42.9508,43.0732,2.5445,-10.5438,-3.4731,-5.731,-19.0763,8502614.45,0.9515,46.7,46.7,52.5,38.7,35.0,35.0,-8.2527,-4.0552,-6.1718,-6.4384,-13.7045,-13.7045,-23.2381,15.1429,15.1429
20250630,2504,國產,listed,40.0,40.05,38.6,39.15,20506162.0,801513706.0,,data/daily_price/20250630.csv,39.65,43.82,41.9533,42.8604,42.7463,-2.8536,-10.7184,-5.0909,-7.1174,-21.7,9284001.4,2.2088,46.7,46.7,52.5,38.6,35.0,35.0,-10.6572,-6.682,-8.657,-8.4131,-16.167,-16.167,-25.4286,11.8571,11.8571
20250701,2504,國產,listed,39.15,39.55,37.85,38.55,25150555.0,969142609.0,,data/daily_price/20250701.csv,39.48,43.6275,41.9167,42.7775,42.3966,-1.5326,-2.1574,-9.0802,-5.3988,-20.5155,10212555.25,2.4627,46.7,46.7,52.5,37.85,35.0,35.0,-11.6383,-8.0318,-9.8825,-9.0729,-17.4518,-17.4518,-26.5714,10.1429,10.1429
20250702,2504,國產,listed,38.65,39.15,38.55,39.0,4887317.0,190076391.0,,data/daily_price/20250702.csv,39.26,43.405,41.8675,42.7038,42.1136,1.1673,-2.7431,-10.2417,-7.0322,-18.4953,10188636.45,0.4797,46.7,46.7,52.5,37.85,35.0,35.0,-10.1486,-6.849,-8.6731,-7.3933,-16.4882,-16.4882,-25.7143,11.4286,11.4286
20250703,2504,國產,listed,38.7,39.15,38.7,39.0,5100244.0,198864275.0,,data/daily_price/20250703.csv,39.2,43.125,41.8183,42.6354,41.8541,0.0,-0.7634,-12.5561,-7.0322,-17.3729,10006269.75,0.5097,46.7,46.7,52.5,37.85,35.0,35.0,-9.5652,-6.7395,-8.5268,-6.8192,-16.4882,-16.4882,-25.7143,11.4286,11.4286
20250704,2504,國產,listed,39.0,39.15,38.4,38.5,3378942.0,130655426.0,,data/daily_price/20250704.csv,38.84,42.7975,41.83,42.5675,41.5746,-1.2821,-4.4665,-14.5394,1.8519,-17.4705,9885964.9,0.3418,46.7,46.7,52.5,37.85,35.0,35.0,-10.0415,-7.9608,-9.5554,-7.3954,-17.5589,-17.5589,-26.6667,10.0,10.0
20250707,2504,國產,listed,38.5,39.2,38.35,38.8,3593291.0,139856062.0,,data/daily_price/20250707.csv,38.77,42.4625,41.8517,42.4717,41.3434,0.7792,-0.894,-14.7253,3.4667,-22.8628,9744303.8,0.3688,46.7,46.7,52.5,37.85,35.0,35.0,-8.6253,-7.2916,-8.645,-6.1518,-16.9165,-16.9165,-26.0952,10.8571,10.8571
20250708,2504,國產,listed,38.8,39.4,38.75,39.25,5287401.0,207259120.0,,data/daily_price/20250708.csv,38.91,42.125,41.9183,42.3863,41.1689,1.1598,1.8158,-14.6739,11.3475,-20.7071,9716921.3,0.5441,46.7,46.7,52.5,37.85,37.7,35.0,-6.8249,-6.3656,-7.3992,-4.6611,-15.9529,-15.9529,-25.2381,4.1114,12.1429
20250709,2504,國產,listed,39.2,39.95,39.2,39.5,3903094.0,154894341.0,,data/daily_price/20250709.csv,39.01,41.77,41.9308,42.2779,41.0298,0.6369,1.2821,-15.2361,1.9355,-24.7619,9604385.65,0.4064,46.7,46.7,51.5,37.85,37.7,35.0,-5.4345,-5.7972,-6.5706,-3.7286,-15.4176,-15.4176,-23.301,4.7745,12.8571
20250710,2504,國產,listed,39.5,39.7,39.35,39.5,2534452.0,100241304.0,,data/daily_price/20250710.csv,39.11,41.42,41.92,42.2129,40.9024,0.0,1.2821,-15.0538,-1.6189,-16.4905,9410640.95,0.2693,46.7,46.7,47.55,37.85,37.7,35.0,-4.6354,-5.7729,-6.4267,-3.4286,-15.4176,-15.4176,-16.9295,4.7745,12.8571
20250711,2504,國產,listed,39.75,39.95,39.5,39.55,2273109.0,90283170.0,,data/daily_price/20250711.csv,39.32,41.09,41.9017,42.1758,40.7897,0.1266,2.7273,-14.3012,-2.706,-10.1136,9235823.4,0.2461,46.45,46.7,46.7,37.85,37.7,35.0,-3.7479,-5.6123,-6.2259,-3.0392,-14.8547,-15.3105,-15.3105,4.9072,13.0
20250714,2504,國產,listed,39.7,39.7,39.0,39.0,1804228.0,70728397.0,,data/daily_price/20250714.csv,39.36,40.7725,41.8825,42.1383,40.6405,-1.3906,0.5155,-14.0022,-2.8643,-10.3448,9066389.55,0.199,46.45,46.7,46.7,37.85,37.7,35.0,-4.3473,-6.8823,-7.4477,-4.0367,-16.0388,-16.4882,-16.4882,3.4483,11.4286
20250715,2504,國產,listed,39.0,39.45,39.0,39.1,1359128.0,53203940.0,,data/daily_price/20250715.csv,39.33,40.455,41.88,42.1021,40.5121,0.2564,-0.3822,-13.9714,-0.3822,-10.0115,8682571.65,0.1565,46.45,46.7,46.7,37.85,37.7,35.0,-3.3494,-6.638,-7.1305,-3.4857,-15.8235,-16.2741,-16.2741,3.7135,11.7143
20250716,2504,國產,listed,39.15,39.55,38.85,39.3,5916838.0,232396378.0,,data/daily_price/20250716.csv,39.29,40.1025,41.8833,42.0646,40.4111,0.5115,-0.5063,-15.2104,0.5115,-10.274,8498011.65,0.6963,46.45,46.7,46.7,37.85,37.7,35.0,-2.0011,-6.1679,-6.5722,-2.7496,-15.3929,-15.8458,-15.8458,4.244,12.2857
20250717,2504,國產,listed,39.2,39.9,39.1,39.65,5780015.0,229088181.0,,data/daily_price/20250717.csv,39.32,39.7925,41.8967,42.0308,40.3477,0.8906,0.3797,-13.5224,2.0592,-9.2677,8375319.55,0.6901,45.85,46.7,46.7,37.85,37.7,35.0,-0.3581,-5.3624,-5.6645,-1.7292,-13.5224,-15.0964,-15.0964,5.1724,13.2857
20250718,2504,國產,listed,39.8,40.05,39.35,39.35,5117015.0,202443796.0,,data/daily_price/20250718.csv,39.28,39.5075,41.9158,42.0017,40.2646,-0.7566,-0.5057,-12.6526,3.0105,-8.168,7800743.85,0.656,45.05,46.7,46.7,37.85,37.85,35.0,-0.3987,-6.1214,-6.3132,-2.2714,-12.6526,-15.7388,-15.7388,3.963,12.4286
20250721,2504,國產,listed,39.55,40.0,39.45,39.65,5239102.0,208297909.0,,data/daily_price/20250721.csv,39.41,39.2975,41.9175,41.9696,40.2134,0.7624,1.6667,-9.5781,0.2528,-8.8506,7570998.9,0.692,40.3,46.7,46.7,37.85,37.85,35.0,0.897,-5.4094,-5.5268,-1.4009,-1.6129,-15.0964,-15.0964,4.7556,13.2857
20250722,2504,國產,listed,39.8,40.2,39.6,39.65,5511287.0,219665174.0,,data/daily_price/20250722.csv,39.52,39.31,41.9192,41.9425,40.1664,0.0,1.4066,0.6345,0.2528,-7.5758,6751071.35,0.8164,40.3,46.7,46.7,37.85,37.85,35.0,0.8649,-5.4132,-5.4658,-1.2857,-1.6129,-15.0964,-15.0964,4.7556,13.2857
20250723,2504,國產,listed,39.8,40.4,39.55,40.05,3728959.0,149093184.0,,data/daily_price/20250723.csv,39.67,39.3075,41.9283,41.9133,40.1567,1.0088,1.9084,-0.1247,1.3924,-8.0367,6456817.25,0.5775,40.4,46.7,46.7,37.85,37.85,35.0,1.889,-4.4799,-4.4457,-0.2657,-0.8663,-14.2398,-14.2398,5.8124,14.4286
20250724,2504,國產,listed,40.15,40.2,38.8,39.0,4886971.0,191601240.0,,data/daily_price/20250724.csv,39.54,39.2925,41.9183,41.9367,40.0603,-2.6217,-1.6393,-0.7634,-1.5152,7.7348,6202406.7,0.7879,40.4,46.7,46.7,37.85,37.85,35.0,-0.7444,-6.9619,-7.0026,-2.6468,-3.4653,-16.4882,-16.4882,3.0383,11.4286
20250725,2504,國產,listed,38.85,39.2,38.15,38.2,4187820.0,161154727.0,,data/daily_price/20250725.csv,39.31,39.1875,41.8883,41.8858,39.9053,-2.0513,-2.9225,-5.2109,-4.5,-13.7698,6007296.5,0.6971,40.4,46.7,46.7,37.85,37.85,35.0,-2.5199,-8.8052,-8.7997,-4.2733,-5.4455,-18.2013,-18.2013,0.9247,9.1429
20250728,2504,國產,listed,38.2,38.35,37.75,37.85,3159190.0,119880747.0,,data/daily_price/20250728.csv,38.95,39.1225,41.865,41.8321,39.734,-0.9162,-4.5397,-3.3206,-3.5669,-14.5598,5139947.9,0.6146,40.4,46.7,46.7,37.75,37.75,35.0,-3.2526,-9.5903,-9.5192,-4.7416,-6.3119,-18.9507,-18.9507,0.2649,8.1429
20250729,2504,國產,listed,37.9,38.0,37.35,37.35,2667108.0,100221251.0,,data/daily_price/20250729.csv,38.49,39.0625,41.805,41.7733,39.5353,-1.321,-5.8008,-3.1128,-8.7912,-15.8784,4015775.55,0.6642,40.4,46.7,46.7,37.35,37.35,35.0,-4.384,-10.6566,-10.5889,-5.5276,-7.5495,-20.0214,-20.0214,0.0,6.7143
20250730,2504,國產,listed,37.35,37.4,37.0,37.25,2308371.0,85944193.0,,data/daily_price/20250730.csv,37.93,38.975,41.7158,41.7158,39.3449,-0.2677,-6.9913,-4.4872,-12.5587,-15.6285,3886828.25,0.5939,40.4,46.7,46.7,37.0,37.0,35.0,-4.4259,-10.7054,-10.7054,-5.3245,-7.797,-20.2355,-20.2355,0.6757,6.4286
20250731,2504,國產,listed,37.2,37.4,37.0,37.0,2141542.0,79460610.0,,data/daily_price/20250731.csv,37.53,38.875,41.6317,41.6604,39.1495,-0.6711,-5.1282,-5.1282,-12.0095,-15.2348,3738893.15,0.5728,40.4,46.7,46.7,37.0,37.0,35.0,-4.8232,-11.1253,-11.1867,-5.4905,-8.4158,-20.7709,-20.7709,0.0,5.7143
20250801,2504,國產,listed,36.75,37.1,36.4,36.9,1709032.0,62963021.0,,data/daily_price/20250801.csv,37.27,38.795,41.5342,41.6042,38.962,-0.2703,-3.4031,-4.1558,-13.6842,-15.4639,3655397.65,0.4675,40.4,46.7,46.7,36.4,36.4,35.0,-4.8847,-11.1575,-11.307,-5.2924,-8.6634,-20.985,-20.985,1.3736,5.4286
20250804,2504,國產,listed,36.75,37.55,36.25,37.5,2478808.0,92017861.0,,data/daily_price/20250804.csv,37.2,38.73,41.4392,41.5517,38.8402,1.626,-0.9247,-3.3505,-13.1944,-14.3836,3599673.5,0.6886,40.4,46.7,46.7,36.25,36.25,35.0,-3.1758,-9.5059,-9.7509,-3.4505,-7.1782,-19.7002,-19.7002,3.4483,7.1429
20250805,2504,國產,listed,37.55,38.2,37.55,38.15,1760186.0,66851998.0,,data/daily_price/20250805.csv,37.36,38.675,41.3517,41.5079,38.7827,1.7333,2.1419,-2.8025,-12.0968,-12.0968,3423312.75,0.5142,40.4,46.7,46.7,36.25,36.25,35.0,-1.3575,-7.7425,-8.0898,-1.6314,-5.5693,-18.3084,-18.3084,5.2414,9.0
20250806,2504,國產,listed,38.1,38.6,38.0,38.35,2042845.0,78450148.0,,data/daily_price/20250806.csv,37.58,38.6175,41.2725,41.4725,38.7466,0.5242,2.953,-2.9114,-11.0209,-9.9765,3330300.3,0.6134,40.4,46.7,46.7,36.25,36.25,35.0,-0.6927,-7.081,-7.5291,-1.0236,-5.0743,-17.8801,-17.8801,5.7931,9.5714
20250807,2504,國產,listed,38.55,38.75,38.2,38.4,1938591.0,74597392.0,,data/daily_price/20250807.csv,37.86,38.5625,41.2033,41.4408,38.7177,0.1304,3.7838,-2.7848,-9.7532,-9.0047,3300507.25,0.5874,40.4,46.7,46.7,36.25,36.25,35.0,-0.4214,-6.8037,-7.3378,-0.8207,-4.9505,-17.773,-17.773,5.931,9.7143
20250808,2504,國產,listed,38.5,38.75,38.45,38.5,1439329.0,55531320.0,,data/daily_price/20250808.csv,38.18,38.51,41.125,41.4092,38.6996,0.2604,4.336,-2.6549,-10.8796,-8.9835,3258818.25,0.4417,40.4,46.7,46.7,36.25,36.25,35.0,-0.026,-6.383,-7.0254,-0.5158,-4.703,-17.5589,-17.5589,6.2069,10.0
20250811,2504,國產,listed,38.6,38.95,38.45,38.8,1637667.0,63484024.0,,data/daily_price/20250811.csv,38.44,38.5,41.0533,41.3821,38.708,0.7792,3.4667,-0.5128,-9.9768,-7.7289,3250490.2,0.5038,40.4,46.7,46.7,36.25,36.25,35.0,0.7792,-5.4888,-6.2396,0.2378,-3.9604,-16.9165,-16.9165,7.0345,10.8571
20250812,2504,國產,listed,38.8,39.0,38.55,38.85,1540114.0,59836215.0,,data/daily_price/20250812.csv,38.58,38.4875,40.9642,41.3562,38.7198,0.1289,1.8349,-0.6394,-12.1041,-7.3897,3259539.5,0.4725,40.4,46.7,46.7,36.25,36.25,35.0,0.9419,-5.161,-6.0601,0.3363,-3.8366,-16.8094,-16.8094,7.1724,11.0
20250813,2504,國產,listed,39.0,39.0,38.4,38.5,1540109.0,59541769.0,,data/daily_price/20250813.csv,38.61,38.4475,40.8725,41.3254,38.7015,-0.9009,0.3911,-2.0356,-12.5,-8.7678,3040703.05,0.5065,40.4,46.7,46.7,36.25,36.25,35.0,0.1365,-5.8046,-6.837,-0.5206,-4.703,-17.5589,-17.5589,6.2069,10.0
20250814,2504,國產,listed,38.65,39.0,38.6,38.75,1944830.0,75491480.0,,data/daily_price/20250814.csv,38.68,38.4025,40.7925,41.2988,38.7055,0.6494,0.9115,-2.2699,-11.0218,-7.6281,2848943.8,0.6826,40.4,46.7,46.7,36.25,36.25,35.0,0.9049,-5.007,-6.1715,0.1149,-4.0842,-17.0236,-17.0236,6.8966,10.7143
20250815,2504,國產,listed,38.85,38.85,38.35,38.5,1382842.0,53255819.0,,data/daily_price/20250815.csv,38.68,38.36,40.7267,41.2708,38.6884,-0.6452,0.0,-2.1601,-9.3051,-8.0048,2662235.15,0.5194,40.4,46.7,46.7,36.25,36.25,35.0,0.365,-5.4673,-6.7138,-0.487,-4.703,-17.5589,-17.5589,6.2069,10.0
20250818,2504,國產,listed,38.45,38.65,38.1,38.25,1270291.0,48641468.0,,data/daily_price/20250818.csv,38.57,38.29,40.6533,41.2387,38.6519,-0.6494,-1.4175,-3.5309,-10.3165,-9.1449,2463794.6,0.5156,40.4,46.7,46.7,36.25,36.25,35.0,-0.1045,-5.9118,-7.2474,-1.0397,-5.3218,-18.0942,-18.0942,5.5172,9.2857
20250819,2504,國產,listed,38.1,38.2,37.75,38.05,1263231.0,47981131.0,,data/daily_price/20250819.csv,38.41,38.21,40.5808,41.1958,38.6017,-0.5229,-2.0592,-4.0353,-10.2594,-11.9213,2251391.8,0.5611,40.4,46.7,46.7,36.25,36.25,35.0,-0.4187,-6.2365,-7.6363,-1.4292,-5.8168,-18.5225,-18.5225,4.9655,8.7143
20250820,2504,國產,listed,38.1,38.1,37.4,37.65,1828744.0,68856277.0,,data/daily_price/20250820.csv,38.24,38.09,40.5092,41.1496,38.5224,-1.0512,-2.2078,-5.9925,-10.2503,-12.8472,2156381.05,0.8481,40.2,46.7,46.7,36.25,36.25,35.0,-1.1552,-7.0581,-8.5045,-2.2647,-6.3433,-19.379,-19.379,3.8621,7.5714
20250821,2504,國產,listed,37.65,37.95,37.65,37.8,1297780.0,49095966.0,,data/daily_price/20250821.csv,38.05,38.03,40.44,41.1067,38.4622,0.3984,-2.4516,-3.0769,-9.8927,-11.9907,1976921.5,0.6565,39.2,46.7,46.7,36.25,36.25,35.0,-0.6048,-6.5282,-8.0441,-1.7217,-3.5714,-19.0578,-19.0578,4.2759,8.0
20250822,2504,國產,listed,37.65,37.95,37.6,37.95,697662.0,26370262.0,,data/daily_price/20250822.csv,37.94,38.0175,40.3767,41.0642,38.4195,0.3968,-1.4286,-0.6545,-9.1018,-11.8467,1802413.6,0.3871,39.0,46.7,46.7,36.25,36.25,35.0,-0.1775,-6.0101,-7.5837,-1.2221,-2.6923,-18.7366,-18.7366,4.6897,8.4286
20250825,2504,國產,listed,38.0,38.15,37.85,38.05,754349.0,28631109.0,,data/daily_price/20250825.csv,37.9,38.0275,40.3233,41.0317,38.3887,0.2635,-0.5229,0.5284,-7.7576,-9.2968,1682171.55,0.4484,39.0,46.7,46.7,36.25,36.25,35.0,0.0592,-5.6378,-7.2667,-0.8824,-2.4359,-18.5225,-18.5225,4.9655,8.7143
20250826,2504,國產,listed,38.0,38.0,37.1,37.1,2593608.0,96783608.0,,data/daily_price/20250826.csv,37.71,38.015,40.235,40.9758,38.2813,-2.4967,-2.4967,-0.6693,-12.5,-15.2968,1678496.55,1.5452,39.0,46.7,46.7,36.25,36.25,35.0,-2.4069,-7.7917,-9.4588,-3.0859,-4.8718,-20.5567,-20.5567,2.3448,6.0
20250827,2504,國產,listed,37.0,37.5,37.0,37.3,1548389.0,57734265.0,,data/daily_price/20250827.csv,37.64,38.0175,40.1325,40.9188,38.1996,0.5391,-0.9296,0.1342,-14.1542,-15.5153,1640497.45,0.9439,39.0,46.7,46.7,36.25,36.25,35.0,-1.8873,-7.0579,-8.8437,-2.3549,-4.359,-20.1285,-20.1285,2.8966,6.5714
20250828,2504,國產,listed,37.2,37.8,37.2,37.75,1686158.0,63486094.0,,data/daily_price/20250828.csv,37.63,38.055,40.0183,40.8575,38.1621,1.2064,-0.1323,2.027,-15.3587,-16.2971,1617728.25,1.0423,39.0,46.7,46.7,36.25,36.25,35.0,-0.8015,-5.6682,-7.6057,-1.0798,-3.2051,-19.1649,-19.1649,4.1379,7.8571
20250829,2504,國產,listed,37.8,37.8,37.2,37.3,1470573.0,54950172.0,,data/daily_price/20250829.csv,37.5,38.075,39.8892,40.79,38.0902,-1.1921,-1.7128,1.084,-17.2031,-17.8414,1605805.3,0.9158,39.0,46.7,46.7,36.25,36.25,35.0,-2.0355,-6.4909,-8.556,-2.0747,-4.359,-20.1285,-20.1285,2.8966,6.5714
20250901,2504,國產,listed,37.15,37.4,36.75,36.75,1702153.0,62851335.0,,data/daily_price/20250901.csv,37.24,38.0375,39.7433,40.7317,37.9786,-1.4745,-3.4166,-2.0,-19.2308,-16.0,1566972.55,1.0863,39.0,46.7,46.7,36.75,36.25,35.0,-3.3848,-7.5317,-9.7754,-3.2349,-5.7692,-21.3062,-21.3062,1.3793,5.0
20250902,2504,國產,listed,36.9,36.95,36.3,36.6,1636915.0,59794717.0,,data/daily_price/20250902.csv,37.14,37.96,39.5867,40.6804,37.8637,-0.4082,-1.3477,-4.0629,-20.4348,-14.386,1560809.0,1.0488,39.0,46.7,46.7,36.3,36.25,35.0,-3.5827,-7.5446,-10.0304,-3.3375,-6.1538,-21.6274,-21.6274,0.9655,4.5714
20250903,2504,國產,listed,36.4,36.65,36.25,36.55,1549784.0,56582789.0,,data/daily_price/20250903.csv,36.99,37.87,39.4192,40.6338,37.7542,-0.1366,-2.0107,-4.6936,-21.5665,-13.2859,1536155.95,1.0089,39.0,46.7,46.7,36.25,36.25,35.0,-3.4856,-7.2786,-10.0501,-3.1896,-6.2821,-21.7345,-21.7345,0.8276,4.4286
20250904,2504,國產,listed,36.55,38.15,36.55,37.85,3976204.0,149728651.0,,data/daily_price/20250904.csv,37.01,37.8425,39.275,40.5971,37.7622,3.5568,0.2649,-1.4323,-18.6022,-10.4142,1638036.6,2.4274,39.0,46.7,46.7,36.25,36.25,35.0,0.0198,-3.6283,-6.7667,0.2325,-2.9487,-18.9507,-18.9507,4.4138,8.1429
20250905,2504,國產,listed,38.1,38.35,37.05,37.05,2767040.0,103835739.0,,data/daily_price/20250905.csv,36.96,37.77,39.1233,40.5558,37.7028,-2.1136,-0.6702,-3.7662,-19.7183,-11.7857,1704422.15,1.6234,39.0,46.45,46.7,36.25,36.25,35.0,-1.9063,-5.2995,-8.6445,-1.7315,-5.0,-20.2368,-20.6638,2.2069,5.8571
20250909,2504,國產,listed,36.85,37.05,36.7,36.9,1444745.0,53251902.0,,data/daily_price/20250909.csv,36.99,37.675,38.9825,40.5113,37.6359,-0.4049,0.4082,-4.8969,-18.6329,-12.6627,1694776.05,0.8525,39.0,46.45,46.7,36.25,36.25,35.0,-2.0571,-5.3421,-8.9142,-1.9554,-5.3846,-20.5597,-20.985,1.7931,5.4286
20250910,2504,國產,listed,36.85,36.85,36.45,36.45,2560298.0,93623866.0,,data/daily_price/20250910.csv,36.96,37.555,38.8325,40.46,37.5371,-1.2195,-0.4098,-6.1776,-19.802,-14.4366,1745785.25,1.4666,39.0,46.45,46.7,36.25,36.25,35.0,-2.9424,-6.1353,-9.911,-2.8961,-6.5385,-21.5285,-21.9486,0.5517,4.1429
20250911,2504,國產,listed,36.7,36.7,35.55,35.55,3514778.0,126546952.0,,data/daily_price/20250911.csv,36.76,37.4075,38.6525,40.4,37.3715,-2.4691,-2.736,-7.6623,-23.301,-16.8421,1844518.7,1.9055,39.0,46.45,46.7,35.55,35.55,35.0,-4.9656,-8.0266,-12.005,-4.8741,-8.8462,-23.4661,-23.8758,0.0,1.5714
20250917,2504,國產,listed,35.85,36.1,35.75,35.8,1041371.0,37372385.0,,data/daily_price/20250917.csv,36.35,37.26,38.485,40.3388,37.2406,0.7032,-5.4161,-7.6129,-21.9193,-17.0336,1799345.75,0.5787,38.85,45.85,46.7,35.55,35.55,35.0,-3.9184,-6.9767,-11.2516,-3.8682,-7.8507,-21.9193,-23.3405,0.7032,2.2857
20250918,2504,國產,listed,36.0,36.35,35.8,35.95,1518285.0,54652408.0,,data/daily_price/20250918.csv,36.13,37.1325,38.3333,40.2779,37.133,0.419,-2.969,-6.6234,-20.1998,-16.8786,1806117.9,0.8406,38.65,45.05,46.7,35.55,35.55,35.0,-3.1845,-6.2174,-10.7451,-3.1859,-6.9858,-20.1998,-23.0193,1.1252,2.7143
20250919,2504,國產,listed,35.95,36.35,35.7,36.35,1640894.0,59336247.0,,data/daily_price/20250919.csv,36.02,37.0375,38.2083,40.22,37.0678,1.1127,-1.4905,-4.9673,-17.1038,-16.0508,1824648.05,0.8993,38.35,40.4,46.7,35.55,35.55,35.0,-1.8562,-4.8637,-9.6221,-1.9363,-5.2151,-10.0248,-22.1627,2.2504,3.8571
20250922,2504,國產,listed,36.35,36.5,36.1,36.1,1252395.0,45415910.0,,data/daily_price/20250922.csv,35.95,36.94,38.1533,40.1575,36.9871,-0.6878,-0.9602,-5.1248,-8.3756,-17.2018,1824106.25,0.6866,38.35,40.4,46.7,35.55,35.55,35.0,-2.274,-5.3818,-10.104,-2.3984,-5.867,-10.6436,-22.6981,1.5471,3.1429
20250923,2504,國產,listed,36.1,36.25,35.65,35.9,1668181.0,59733519.0,,data/daily_price/20250923.csv,36.02,36.8525,38.0833,40.0967,36.8965,-0.554,0.9845,-4.6481,-10.4738,-16.8981,1816078.1,0.9186,38.35,40.4,46.7,35.55,35.55,35.0,-2.5846,-5.733,-10.4664,-2.7009,-6.3885,-11.1386,-23.1263,0.9845,2.5714
20250924,2504,國產,listed,35.85,36.25,35.85,35.95,1051634.0,37880971.0,,data/daily_price/20250924.csv,36.05,36.76,38.0275,40.0358,36.8176,0.1393,0.419,-4.8942,-8.5242,-16.8786,1803770.8,0.583,38.35,40.4,46.7,35.55,35.55,35.0,-2.2035,-5.4632,-10.2054,-2.3566,-6.2581,-11.0149,-23.0193,1.1252,2.7143
20250925,2504,國產,listed,36.1,37.15,36.1,36.9,3554086.0,131194387.0,,data/daily_price/20250925.csv,36.24,36.7075,37.9708,39.9871,36.8245,2.6426,2.6426,-2.7668,-8.4367,-13.6842,1946592.0,1.8258,38.35,40.4,46.7,35.55,35.55,35.0,0.5244,-2.8201,-7.7202,0.205,-3.781,-8.6634,-20.985,3.7975,5.4286
20250926,2504,國產,listed,37.1,37.1,36.05,36.1,2364882.0,86035231.0,,data/daily_price/20250926.csv,36.19,36.61,37.92,39.9367,36.7641,-2.168,-0.6878,-5.1248,-7.7905,-14.3535,2027118.65,1.1666,38.35,40.4,46.7,35.55,35.55,35.0,-1.3931,-4.7996,-9.6069,-1.8065,-5.867,-10.6436,-22.6981,1.5471,3.1429
20250930,2504,國產,listed,36.5,36.6,36.2,36.35,800326.0,29127421.0,,data/daily_price/20250930.csv,36.24,36.5725,37.8833,39.9,36.7296,0.6925,0.6925,-2.0216,-5.7069,-10.7975,1937454.55,0.4131,38.35,40.4,46.7,35.55,35.55,35.0,-0.6084,-4.0475,-8.8972,-1.0336,-5.2151,-10.0248,-22.1627,2.2504,3.8571
20251001,2504,國產,listed,36.35,36.75,36.1,36.4,1170809.0,42625300.0,,data/daily_price/20251001.csv,36.34,36.5275,37.84,39.8538,36.7022,0.1376,1.3928,-2.4129,-6.6667,-13.23,1918575.55,0.6102,38.35,40.4,46.7,35.55,35.55,35.0,-0.3491,-3.8055,-8.6661,-0.8233,-5.0847,-9.901,-22.0557,2.391,4.0
20251002,2504,國產,listed,36.4,36.45,35.8,35.85,1402910.0,50476916.0,,data/daily_price/20251002.csv,36.32,36.4325,37.7875,39.8029,36.6311,-1.511,-0.2782,-5.0331,-8.0769,-14.5411,1904413.15,0.7367,38.35,40.4,46.7,35.55,35.55,35.0,-1.5988,-5.1274,-9.9312,-2.1324,-6.5189,-11.2624,-23.2334,0.8439,2.4286
20251003,2504,國產,listed,36.0,36.0,35.2,35.3,2303269.0,81688717.0,,data/daily_price/20251003.csv,36.0,36.3325,37.7342,39.7821,36.5202,-1.5342,-4.336,-5.3619,-8.3117,-6.6138,1946047.95,1.1836,38.35,40.4,46.7,35.2,35.2,35.0,-2.8418,-6.4508,-11.2666,-3.3412,-7.9531,-12.6238,-24.4111,0.2841,0.8571
20251007,2504,國產,listed,35.45,35.45,34.9,34.9,2545306.0,89194639.0,,data/daily_price/20251007.csv,35.76,36.24,37.6692,39.7604,36.3852,-1.1331,-3.3241,-5.034,-10.0515,-6.9333,1988205.6,1.2802,38.35,40.4,46.7,34.9,34.9,34.9,-3.6976,-7.3513,-12.2243,-4.0819,-8.9961,-13.6139,-25.2677,0.0,0.0
20251008,2504,國產,listed,34.8,34.8,34.25,34.4,3533224.0,121749082.0,,data/daily_price/20251008.csv,35.37,36.13,37.5883,39.7533,36.2198,-1.4327,-5.3645,-6.0109,-12.3567,-2.4113,2083021.05,1.6962,38.35,40.4,46.7,34.25,34.25,34.25,-4.7883,-8.4822,-13.4664,-5.0242,-10.2999,-14.8515,-26.3383,0.438,0.438
20251009,2504,國產,listed,34.4,34.6,33.9,34.35,3955983.0,135417481.0,,data/daily_price/20251009.csv,34.96,36.02,37.5025,39.7167,36.0639,-0.1453,-5.6319,-6.0192,-13.038,-11.3548,2203331.0,1.7955,38.35,40.4,46.7,33.9,33.9,33.9,-4.6363,-8.4061,-13.5124,-4.7525,-10.4302,-14.9752,-26.4454,1.3274,1.3274
20251013,2504,國產,listed,33.7,34.4,33.5,34.35,2779543.0,94708682.0,,data/daily_price/20251013.csv,34.66,35.845,37.4167,39.6683,35.9211,0.0,-4.1841,-9.247,-13.038,-14.4458,2143497.95,1.2967,38.35,40.4,46.7,33.5,33.5,33.5,-4.1707,-8.196,-13.407,-4.3738,-10.4302,-14.9752,-26.4454,2.5373,2.5373
20251014,2504,國產,listed,34.35,34.65,33.75,33.8,3973585.0,135749646.0,,data/daily_price/20251014.csv,34.36,35.6825,37.3208,39.6113,35.7444,-1.6012,-4.2493,-8.7719,-14.5386,-16.8512,2203825.2,1.803,37.15,40.4,46.7,33.5,33.5,33.5,-5.2757,-9.434,-14.6707,-5.4396,-9.0175,-16.3366,-27.6231,0.8955,0.8955
20251016,2504,國產,listed,33.85,34.25,33.85,34.2,1945181.0,66235740.0,,data/daily_price/20251016.csv,34.22,35.5475,37.2408,39.5617,35.6157,1.1834,-2.0057,-7.3171,-12.3077,-14.8194,2228847.0,0.8727,37.15,40.4,46.7,33.5,33.5,33.5,-3.7907,-8.1653,-13.5527,-3.9748,-7.9408,-15.3465,-26.7666,2.0896,2.0896
20251020,2504,國產,listed,33.85,33.9,33.5,33.75,3380279.0,113882115.0,,data/daily_price/20251020.csv,34.09,35.4125,37.1517,39.5158,35.4602,-1.3158,-1.8895,-7.4074,-13.6829,-14.0127,2269846.05,1.4892,37.15,40.4,46.7,33.5,33.5,33.5,-4.6947,-9.1562,-14.5912,-4.8228,-9.1521,-16.4604,-27.7302,0.7463,0.7463
20251021,2504,國產,listed,33.95,35.4,33.95,35.35,5540162.0,193797018.0,,data/daily_price/20251021.csv,34.29,35.4025,37.0858,39.4846,35.451,4.7407,2.9112,-0.5626,-10.0509,-9.5908,2371115.25,2.3365,37.15,40.4,46.7,33.5,33.5,33.5,-0.1483,-4.6806,-10.4714,-0.2849,-4.8452,-12.5,-24.3041,5.5224,5.5224
20251022,2504,國產,listed,35.35,36.0,35.3,35.85,2415007.0,86353366.0,,data/daily_price/20251022.csv,34.59,35.405,37.0225,39.4596,35.4843,1.4144,4.3668,0.1397,-9.5839,-7.722,2439797.05,0.9898,37.15,40.4,46.7,33.5,33.5,33.5,1.2569,-3.167,-9.1475,1.0307,-3.4993,-11.2624,-23.2334,7.0149,7.0149
20251023,2504,國產,listed,35.7,36.3,35.7,35.95,1527522.0,55078007.0,,data/daily_price/20251023.csv,35.02,35.405,36.9658,39.4408,35.5231,0.2789,6.3609,0.0,-8.6404,-5.8901,2440258.9,0.626,37.15,40.4,46.7,33.5,33.5,33.5,1.5393,-2.748,-8.8508,1.2018,-3.2301,-11.0149,-23.0193,7.3134,7.3134
20251027,2504,國產,listed,36.3,36.4,35.5,35.55,1888789.0,67415510.0,,data/daily_price/20251027.csv,35.29,35.365,36.8975,39.4075,35.5253,-1.1127,3.9474,-2.2008,-10.3405,-10.1138,2452653.65,0.7701,37.15,40.4,46.7,33.5,33.5,33.5,0.5231,-3.652,-9.7887,0.0695,-4.3069,-12.005,-23.8758,6.1194,6.1194
20251028,2504,國產,listed,35.6,35.9,35.25,35.8,2271725.0,80746898.0,,data/daily_price/20251028.csv,35.7,35.35,36.8333,39.3762,35.5482,0.7032,6.0741,-0.831,-9.71,-9.4817,2503620.15,0.9074,37.15,40.4,46.7,33.5,33.5,33.5,1.273,-2.8054,-9.0823,0.7083,-3.6339,-11.3861,-23.3405,6.8657,6.8657
20251029,2504,國產,listed,35.7,36.45,35.6,36.1,2411548.0,87212113.0,,data/daily_price/20251029.csv,35.85,35.36,36.7675,39.3479,35.5942,0.838,2.1216,0.5571,-9.8627,-8.6076,2540788.5,0.9491,37.15,40.2,46.7,33.5,33.5,33.5,2.0928,-1.8155,-8.2544,1.4211,-2.8264,-10.199,-22.6981,7.7612,7.7612
20251030,2504,國產,listed,36.1,36.4,36.05,36.1,1673481.0,60525357.0,,data/daily_price/20251030.csv,35.9,35.3675,36.7192,39.3188,35.6363,0.0,0.6974,0.4172,-7.4359,-8.8384,2571880.85,0.6507,37.15,39.2,46.7,33.5,33.5,33.5,2.0711,-1.6862,-8.1863,1.3011,-2.8264,-7.9082,-22.6981,7.7612,7.7612
20251031,2504,國產,listed,36.3,36.55,35.95,36.2,2351087.0,85287831.0,,data/daily_price/20251031.csv,35.95,35.3325,36.6858,39.2871,35.6833,0.277,0.6954,-1.897,-5.2356,-9.5,2511730.9,0.936,37.1,39.0,46.7,33.5,33.5,33.5,2.4552,-1.3243,-7.8578,1.448,-2.4259,-7.1795,-22.4839,8.0597,8.0597
20251103,2504,國產,TWSE,36.45,37.15,36.25,36.45,1974548.0,,,data/daily_price/20251103.csv,36.13,35.35,36.6625,39.2638,35.7472,0.6906,2.5316,0.9695,-3.6988,-7.1338,2492214.2,0.7923,37.15,39.0,46.7,33.5,33.5,33.5,3.1117,-0.5796,-7.1663,1.966,-1.8843,-6.5385,-21.9486,8.806,8.806
20251104,2504,國產,TWSE,36.4,36.65,35.65,35.8,1917585.0,,,data/daily_price/20251104.csv,36.13,35.3225,36.6367,39.2208,35.7516,-1.7833,0.0,-1.5131,-4.1499,-12.5763,2548077.15,0.7526,37.15,39.0,46.7,33.5,33.5,33.5,1.3518,-2.2837,-8.722,0.1354,-3.6339,-8.2051,-23.3405,6.8657,6.8657
20251105,2504,國產,TWSE,35.6,35.85,35.45,35.7,1201594.0,,,data/daily_price/20251105.csv,36.05,35.2875,36.6108,39.1633,35.7473,-0.2793,-1.108,-1.9231,-4.1611,-16.1972,2549616.4,0.4713,37.15,39.0,46.7,33.5,33.5,33.5,1.169,-2.4879,-8.8433,-0.1323,-3.9031,-8.4615,-23.5546,6.5672,6.5672
20251106,2504,國產,TWSE,35.9,36.7,35.7,36.7,1470070.0,,,data/daily_price/20251106.csv,36.17,35.33,36.6058,39.1188,35.8267,2.8011,1.662,2.371,-0.8108,-12.7229,2552974.4,0.5758,37.15,39.0,46.7,33.5,33.5,33.5,3.8777,0.2572,-6.1831,2.4376,-1.2113,-5.8974,-21.4133,9.5522,9.5522
20251107,2504,國產,TWSE,36.6,36.8,36.3,36.75,1382206.0,,,data/daily_price/20251107.csv,36.28,35.4025,36.6033,39.0688,35.9036,0.1362,1.5193,4.1076,-0.4065,-14.0351,2506921.25,0.5514,37.15,39.0,46.7,33.5,33.5,33.5,3.8062,0.4007,-5.9351,2.3573,-1.0767,-5.7692,-21.3062,9.7015,9.7015
20251110,2504,國產,TWSE,36.9,37.25,36.4,36.4,1088101.0,,,data/daily_price/20251110.csv,36.27,35.4775,36.585,39.0121,35.945,-0.9524,-0.1372,4.298,-2.9333,-15.7407,2434061.0,0.447,37.25,39.0,46.7,33.5,33.5,33.5,2.6002,-0.5057,-6.6956,1.2658,-2.2819,-6.6667,-22.0557,8.6567,8.6567
20251111,2504,國產,TWSE,36.45,36.75,35.8,35.8,1770855.0,,,data/daily_price/20251111.csv,36.27,35.5475,36.5458,38.9488,35.9329,-1.6484,0.0,4.0698,-6.1599,-17.5115,2345942.55,0.7549,37.25,39.0,46.7,33.5,33.5,33.5,0.7103,-2.0408,-8.0843,-0.3699,-3.8926,-8.2051,-23.3405,6.8657,6.8657
20251112,2504,國產,TWSE,36.2,36.9,35.9,36.3,2732272.0,,,data/daily_price/20251112.csv,36.39,35.645,36.5117,38.8921,35.9635,1.3966,1.6807,5.6769,-5.3455,-15.7773,2284757.0,1.1959,37.25,39.0,46.7,33.5,33.5,33.5,1.8376,-0.5797,-6.6648,0.9357,-2.5503,-6.9231,-22.2698,8.3582,8.3582
20251113,2504,國產,TWSE,36.4,36.4,35.95,36.15,1589403.0,,,data/daily_price/20251113.csv,36.28,35.735,36.4742,38.8388,35.979,-0.4132,-1.4986,5.2402,-5.8594,-15.0411,2225250.0,0.7143,37.25,39.0,46.7,33.5,33.5,33.5,1.1613,-0.8888,-6.9229,0.4751,-2.953,-7.3077,-22.591,7.9104,7.9104
20251114,2504,國產,TWSE,36.0,36.3,35.7,35.8,1836678.0,,,data/daily_price/20251114.csv,36.09,35.835,36.4292,38.7771,35.9641,-0.9682,-2.585,5.9172,-7.013,-17.1296,2118404.65,0.867,37.25,39.0,46.7,33.5,33.5,33.5,-0.0977,-1.7271,-7.6774,-0.4564,-3.8926,-8.2051,-23.3405,6.8657,6.8657
20251117,2504,國產,TWSE,35.8,35.8,34.8,35.0,2958283.0,,,data/daily_price/20251117.csv,35.81,35.875,36.3658,38.7096,35.8838,-2.2346,-3.8462,2.3392,-9.7938,-18.7935,2169059.75,1.3639,37.25,39.0,46.7,33.5,33.5,33.5,-2.439,-3.7558,-9.5831,-2.4629,-6.0403,-10.2564,-25.0535,4.4776,4.4776
20251118,2504,國產,TWSE,34.85,35.1,34.5,34.5,1552675.0,,,data/daily_price/20251118.csv,35.55,35.9125,36.2933,38.6287,35.7685,-1.4286,-3.6313,2.2222,-11.1969,-21.9457,2077679.55,0.7473,37.25,39.0,46.7,33.95,33.5,33.5,-3.9332,-4.9412,-10.6883,-3.5463,-7.3826,-11.5385,-26.1242,2.9851,2.9851
20251119,2504,國產,TWSE,34.75,34.95,34.55,34.75,1307473.0,,,data/daily_price/20251119.csv,35.24,35.8825,36.2308,38.5517,35.6836,0.7246,-4.27,-1.6973,-9.7403,-21.0227,1866045.1,0.7007,37.25,39.0,46.7,34.5,33.5,33.5,-3.1561,-4.0872,-9.8612,-2.6163,-6.7114,-10.8974,-25.5889,3.7313,3.7313
20251120,2504,國產,TWSE,34.95,35.35,34.65,35.35,1785273.0,,,data/daily_price/20251120.csv,35.08,35.8575,36.1742,38.4833,35.6558,1.7266,-2.213,-1.3947,-8.7742,-18.8289,1834558.4,0.9731,37.25,38.85,46.7,34.5,33.5,33.5,-1.4153,-2.2783,-8.1421,-0.8576,-5.1007,-9.009,-24.3041,5.5224,5.5224
20251121,2504,國產,TWSE,35.3,35.65,34.9,35.3,1790421.0,,,data/daily_price/20251121.csv,34.98,35.825,36.1208,38.4238,35.6261,-0.1414,-1.3966,-1.8081,-8.3117,-16.8433,1847703.35,0.969,37.25,38.65,46.7,34.5,33.5,33.5,-1.4655,-2.2725,-8.1297,-0.9155,-5.2349,-8.6675,-24.4111,5.3731,5.3731
20251124,2504,國產,TWSE,35.55,35.6,34.9,35.3,1920642.0,,,data/daily_price/20251124.csv,35.04,35.8125,36.0717,38.3625,35.599,0.0,0.8571,-0.7032,-7.7124,-17.2333,1849296.0,1.0386,37.25,38.35,46.7,34.5,33.5,33.5,-1.4311,-2.1393,-7.9831,-0.8398,-5.2349,-7.9531,-24.4111,5.3731,5.3731
20251125,2504,國產,TWSE,35.3,35.4,34.7,34.8,2655400.0,,,data/daily_price/20251125.csv,35.1,35.7625,36.0175,38.2992,35.5324,-1.4164,0.8696,-2.7933,-8.5414,-17.9245,1868479.75,1.4212,37.25,38.35,46.7,34.5,33.5,33.5,-2.6914,-3.3803,-9.1364,-2.0612,-6.5772,-9.2568,-25.4818,3.8806,3.8806
20251126,2504,國產,TWSE,35.1,35.85,35.0,35.65,2576139.0,,,data/daily_price/20251126.csv,35.28,35.74,35.9842,38.2467,35.5422,2.4425,2.5899,-1.2465,-5.3121,-15.0179,1876709.3,1.3727,37.25,38.35,46.7,34.5,33.5,33.5,-0.2518,-0.9286,-6.7893,0.3033,-4.2953,-7.0404,-23.6617,6.4179,6.4179
20251127,2504,國產,TWSE,35.7,35.7,35.25,35.4,1200567.0,,,data/daily_price/20251127.csv,35.29,35.705,35.9442,38.1921,35.5303,-0.7013,0.1414,-1.9391,-6.3492,-15.6138,1853063.6,0.6479,37.25,38.35,46.7,34.5,33.5,33.5,-0.8542,-1.5139,-7.3106,-0.3668,-4.9664,-7.6923,-24.197,5.6716,5.6716
20251128,2504,國產,TWSE,35.35,35.75,35.3,35.55,1373143.0,,,data/daily_price/20251128.csv,35.34,35.6725,35.9042,38.1404,35.532,0.4237,0.7082,-1.7956,-6.3241,-14.8503,1804166.4,0.7611,37.25,38.35,46.7,34.5,33.5,33.5,-0.3434,-0.9864,-6.7918,0.0507,-4.5638,-7.3012,-23.8758,6.1194,6.1194
20251201,2504,國產,TWSE,35.45,35.55,34.9,35.05,2478140.0,,,data/daily_price/20251201.csv,35.29,35.6025,35.8542,38.0888,35.4918,-1.4065,-0.7082,-3.8409,-7.8844,-15.0303,1829346.0,1.3547,37.25,38.35,46.7,34.5,33.5,33.5,-1.5519,-2.2429,-7.9781,-1.2448,-5.906,-8.605,-24.9465,4.6269,4.6269
20251202,2504,國產,TWSE,35.25,35.5,34.7,35.45,1782114.0,,,data/daily_price/20251202.csv,35.42,35.585,35.8267,38.0308,35.4883,1.1412,1.8678,-0.9777,-4.4474,-16.3915,1822572.45,0.9778,37.25,38.35,46.7,34.5,33.5,33.5,-0.3794,-1.0514,-6.7862,-0.108,-4.8322,-7.5619,-24.0899,5.8209,5.8209
20251203,2504,國產,TWSE,35.4,35.6,35.2,35.5,1174567.0,,,data/daily_price/20251203.csv,35.39,35.575,35.7967,37.9646,35.4893,0.141,-0.4208,-0.5602,-4.8257,-18.2969,1821221.1,0.6449,37.25,38.35,46.7,34.5,33.5,33.5,-0.2108,-0.8288,-6.4918,0.0301,-4.698,-7.4316,-23.9829,5.9701,5.9701
20251204,2504,國產,TWSE,35.5,35.65,35.15,35.3,2154440.0,,,data/daily_price/20251204.csv,35.37,35.505,35.7558,37.8871,35.4735,-0.5634,-0.2825,-3.8147,-6.4901,-20.852,1855439.6,1.1611,37.25,38.35,46.7,34.5,33.5,33.5,-0.5774,-1.2749,-6.8284,-0.4892,-5.2349,-7.9531,-24.4111,5.3731,5.3731
20251205,2504,國產,TWSE,35.2,35.3,34.7,35.3,1730538.0,,,data/daily_price/20251205.csv,35.32,35.4325,35.7225,37.8058,35.4591,0.0,-0.7032,-3.9456,-5.3619,-21.6426,1872856.2,0.924,37.25,38.35,46.7,34.5,33.5,33.5,-0.374,-1.1827,-6.6282,-0.4486,-5.2349,-7.9531,-24.4111,5.3731,5.3731
20251208,2504,國產,TWSE,35.25,35.25,34.75,35.0,1749788.0,,,data/daily_price/20251208.csv,35.31,35.3625,35.6933,37.7183,35.4208,-0.8499,-0.1427,-3.8462,-4.7619,-23.0769,1905940.55,0.9181,36.9,38.35,46.7,34.5,33.5,33.5,-1.0251,-1.9425,-7.2069,-1.188,-5.1491,-8.7353,-25.0535,4.4776,4.4776
20251209,2504,國產,TWSE,34.9,35.25,34.8,35.05,1292493.0,,,data/daily_price/20251209.csv,35.23,35.325,35.6675,37.6271,35.3899,0.1429,-1.1283,-2.095,-4.235,-23.8043,1882022.45,0.6868,36.9,38.35,46.7,34.5,33.5,33.5,-0.7785,-1.7313,-6.849,-0.9605,-5.0136,-8.605,-24.9465,4.6269,4.6269
20251210,2504,國產,TWSE,35.1,35.85,35.1,35.45,2327066.0,,,data/daily_price/20251210.csv,35.22,35.2825,35.6492,37.5342,35.3949,1.1412,-0.1408,-2.3416,-3.0096,-23.927,1861762.15,1.2499,36.4,38.35,46.7,34.5,33.5,33.5,0.4747,-0.5587,-5.5527,0.1556,-2.6099,-7.5619,-24.0899,5.8209,5.8209
20251211,2504,國產,TWSE,35.6,35.6,35.3,35.5,1044278.0,,,data/daily_price/20251211.csv,35.26,35.25,35.61,37.4425,35.4037,0.141,0.5666,-1.7981,-6.2087,-23.6559,1834505.9,0.5692,36.3,38.35,46.7,34.5,33.5,33.5,0.7092,-0.3089,-5.188,0.2721,-2.2039,-7.4316,-23.9829,5.9701,5.9701
20251212,2504,國產,TWSE,35.65,36.1,35.6,35.65,1587379.0,,,data/daily_price/20251212.csv,35.33,35.2425,35.5867,37.355,35.4242,0.4225,0.9915,-0.419,-3.7787,-22.7519,1822040.95,0.8712,36.1,37.25,46.45,34.5,33.5,33.5,1.1563,0.178,-4.5643,0.6374,-1.2465,-4.2953,-23.2508,6.4179,6.4179
20251215,2504,國產,TWSE,35.45,36.1,35.4,35.75,1764902.0,,,data/daily_price/20251215.csv,35.48,35.28,35.5675,37.275,35.4514,0.2805,2.1429,2.1429,-3.1165,-21.1687,1762371.9,1.0014,36.1,37.25,46.45,34.5,33.5,33.5,1.3322,0.5131,-4.0912,0.8424,-0.9695,-4.0268,-23.0355,6.7164,6.7164
20251216,2504,國產,TWSE,35.7,36.35,35.7,36.35,5241939.0,,,data/daily_price/20251216.csv,35.74,35.3725,35.5658,37.1992,35.5262,1.6783,3.709,5.3623,-0.2743,-20.022,1946835.1,2.6925,36.35,37.25,46.45,34.55,33.5,33.5,2.7634,2.2048,-2.2828,2.3187,0.0,-2.4161,-21.7438,8.5075,8.5075
20251217,2504,國產,TWSE,36.35,36.6,36.3,36.45,4931975.0,,,data/daily_price/20251217.csv,35.94,35.4575,35.5808,37.1167,35.6032,0.2751,2.8209,4.8921,2.5316,-21.3592,2128060.2,2.3176,36.6,37.25,46.45,34.65,33.5,33.5,2.7991,2.4428,-1.7961,2.3784,-0.4098,-2.1477,-21.5285,8.806,8.806
20251218,2504,國產,TWSE,36.45,36.55,35.7,36.2,6161519.0,,,data/daily_price/20251218.csv,36.08,35.5,35.5875,37.0362,35.6529,-0.6859,1.9718,2.4045,1.1173,-21.0469,2346872.5,2.6254,36.6,37.25,45.85,34.7,33.5,33.5,1.9718,1.7211,-2.2579,1.5344,-1.0929,-2.8188,-21.0469,8.0597,8.0597
20251219,2504,國產,TWSE,36.0,36.75,36.0,36.75,7351888.0,,,data/daily_price/20251219.csv,36.3,35.5725,35.6008,36.9671,35.7444,1.5193,3.0856,4.1076,2.2253,-18.424,2624945.85,2.8008,36.75,37.25,45.05,34.7,33.5,33.5,3.3101,3.2279,-0.5872,2.8134,0.0,-1.3423,-18.424,9.7015,9.7015
20251222,2504,國產,TWSE,37.1,37.35,36.6,37.25,8327971.0,,,data/daily_price/20251222.csv,36.6,35.67,35.6158,36.9121,35.8698,1.3605,4.1958,5.5241,2.4759,-15.0513,2945312.3,2.8275,37.35,37.35,40.4,34.7,33.5,33.5,4.4295,4.5883,0.9155,3.8477,-0.2677,-0.2677,-7.797,11.194,11.194
20251223,2504,國產,TWSE,37.5,38.7,37.5,38.05,11382068.0,,,data/daily_price/20251223.csv,36.94,35.8325,35.6483,36.9008,36.0515,2.1477,4.6768,9.3391,5.4017,-3.4264,3381645.7,3.3658,38.7,38.7,40.4,34.7,33.5,33.5,6.1885,6.7371,3.1142,5.5434,-1.6796,-1.6796,-5.8168,13.5821,13.5821
20251224,2504,國產,TWSE,38.1,38.8,38.1,38.5,9173212.0,,,data/daily_price/20251224.csv,37.35,35.975,35.6917,36.8875,36.2556,1.1827,5.6241,7.9944,7.2423,-3.99,3711499.35,2.4716,38.8,38.8,40.4,34.7,33.5,33.5,7.0188,7.8683,4.3714,6.1906,-0.7732,-0.7732,-4.703,14.9254,14.9254
20251226,2504,國產,TWSE,38.7,38.9,37.05,37.6,10919712.0,,,data/daily_price/20251226.csv,37.63,36.085,35.7192,36.8733,36.3676,-2.3377,3.8674,6.2147,4.5897,-4.3257,4197456.6,2.6015,38.9,38.9,40.4,34.7,33.5,33.5,4.1984,5.2656,1.9707,3.3887,-3.3419,-3.3419,-6.9307,12.2388,12.2388
20251229,2504,國產,TWSE,37.55,37.85,37.3,37.3,4035922.0,,,data/daily_price/20251229.csv,37.74,36.1725,35.7258,36.8483,36.4453,-0.7979,1.4966,4.9226,1.084,-7.4442,4330595.55,0.932,38.9,38.9,40.4,34.7,33.5,33.5,3.117,4.4062,1.2257,2.3452,-4.1131,-4.1131,-7.6733,11.3433,11.3433
20251230,2504,國產,TWSE,37.3,37.35,36.65,37.3,2387271.0,,,data/daily_price/20251230.csv,37.75,36.285,35.7458,36.8329,36.5165,0.0,0.1342,6.4194,3.3241,-4.7254,4326052.1,0.5518,38.9,38.9,40.4,34.7,33.5,33.5,2.7973,4.3478,1.2681,2.1455,-4.1131,-4.1131,-7.6733,11.3433,11.3433
20251231,2504,國產,TWSE,37.3,37.9,36.8,37.9,5553945.0,,,data/daily_price/20251231.csv,37.72,36.4075,35.7717,36.8275,36.6318,1.6086,-0.3942,6.9111,4.2641,-1.6861,4514643.65,1.2302,38.9,38.9,40.4,34.7,33.5,33.5,4.0994,5.9498,2.9122,3.462,-2.5707,-2.5707,-6.1881,13.1343,13.1343
20260102,2504,國產,TWSE,37.8,37.95,37.15,37.8,4619827.0,,,data/daily_price/20260102.csv,37.58,36.5225,35.795,36.8175,36.7292,-0.2639,-1.8182,6.4789,3.8462,-3.0769,4686906.65,0.9857,38.9,38.9,40.4,34.7,33.5,33.5,3.4978,5.6013,2.6686,2.9155,-2.8278,-2.8278,-6.4356,12.8358,12.8358
20260105,2504,國產,TWSE,37.7,37.7,36.9,37.2,5163560.0,,,data/daily_price/20260105.csv,37.5,36.6175,35.8175,36.8025,36.7684,-1.5873,-1.0638,5.3824,3.7657,-4.6154,4837362.65,1.0674,38.9,38.9,40.4,34.7,33.5,33.5,1.5908,3.8598,1.0801,1.1738,-4.3702,-4.3702,-7.9208,11.0448,11.0448
20260106,2504,國產,TWSE,37.45,37.45,36.9,37.1,2985506.0,,,data/daily_price/20260106.csv,37.46,36.7075,35.8475,36.7908,36.796,-0.2688,-0.5362,5.0992,5.0992,-3.6364,4900111.05,0.6093,38.9,38.9,40.4,34.75,33.5,33.5,1.0693,3.494,0.8403,0.8261,-4.6272,-4.6272,-8.1683,10.7463,10.7463
20260107,2504,國產,TWSE,37.3,37.8,37.05,37.65,2999317.0,,,data/daily_price/20260107.csv,37.53,36.84,35.8933,36.7812,36.8672,1.4825,0.9383,7.5714,7.8797,-2.9639,4962587.5,0.6044,38.9,38.9,40.4,34.8,33.5,33.5,2.1987,4.8941,2.3619,2.1233,-3.2134,-3.2134,-6.8069,12.3881,12.3881
20260108,2504,國產,TWSE,37.65,37.95,36.8,36.85,2581875.0,,,data/daily_price/20260108.csv,37.32,36.93,35.9342,36.7613,36.8658,-2.1248,-2.7704,5.1355,7.1221,-6.1146,5027056.6,0.5136,38.9,38.9,40.4,35.1,33.5,33.5,-0.2166,2.5486,0.2414,-0.0428,-5.2699,-5.2699,-8.7871,10.0,10.0
20260109,2504,國產,TWSE,37.1,37.4,36.9,37.35,1492275.0,,,data/daily_price/20260109.csv,37.23,37.025,35.9842,36.7433,36.9061,1.3569,-1.1905,5.3597,8.7336,-5.443,4985317.05,0.2993,38.9,38.9,40.4,35.3,33.5,33.5,0.8778,3.7957,1.6511,1.2027,-3.9846,-3.9846,-7.5495,11.4925,11.4925
20260112,2504,國產,TWSE,37.5,38.0,37.45,38.0,2456623.0,,,data/daily_price/20260112.csv,37.39,37.15,36.045,36.7308,36.9973,1.7403,2.1505,7.0423,10.6259,-3.7975,5055934.3,0.4859,38.9,38.9,40.4,35.4,33.5,33.5,2.288,5.4238,3.4553,2.7103,-2.3136,-2.3136,-5.9406,13.4328,13.4328
20260113,2504,國產,TWSE,38.1,38.1,37.45,37.6,1848702.0,,,data/daily_price/20260113.csv,37.49,37.2475,36.1083,36.7146,37.0475,-1.0526,1.3477,5.4698,11.2426,-4.9305,5069000.45,0.3647,38.9,38.9,40.4,35.4,33.5,33.5,0.9464,4.1311,2.4116,1.4913,-3.3419,-3.3419,-6.9307,12.2388,12.2388
20260114,2504,國產,TWSE,37.7,38.25,37.5,38.2,4253582.0,,,data/daily_price/20260114.csv,37.6,37.37,36.175,36.7079,37.1435,1.5957,1.4608,6.8531,11.6959,-2.0513,5193434.45,0.819,38.9,38.9,40.4,35.7,33.5,33.5,2.221,5.5978,4.0647,2.8443,-1.7995,-1.7995,-5.4455,14.0299,14.0299
20260115,2504,國產,TWSE,38.3,38.4,37.9,38.3,2642701.0,,,data/daily_price/20260115.csv,37.89,37.4675,36.2508,36.7012,37.2399,0.2618,3.9349,5.3645,13.4815,-2.046,5063472.55,0.5219,38.9,38.9,40.4,35.7,33.95,33.5,2.2219,5.6527,4.3561,2.8466,-1.5424,-1.5424,-5.198,12.813,14.3284
20260116,2504,國產,TWSE,38.35,38.35,37.65,37.65,1936040.0,,,data/daily_price/20260116.csv,37.95,37.5275,36.2892,36.6875,37.2741,-1.6971,0.8032,3.2922,6.5064,-4.1985,4913675.8,0.394,38.9,38.9,40.4,35.7,34.5,33.5,0.3264,3.75,2.6235,1.0085,-3.2134,-3.2134,-6.8069,9.1304,12.3881
20260119,2504,國產,TWSE,37.6,38.3,37.45,37.7,1476183.0,,,data/daily_price/20260119.csv,37.89,37.6025,36.32,36.6712,37.3096,0.1328,-0.7895,4.1436,5.1604,-4.918,4679409.0,0.3155,38.9,38.9,40.4,36.0,34.5,33.5,0.2593,3.7996,2.8053,1.0464,-3.0848,-3.0848,-6.6832,9.2754,12.5373
20260120,2504,國產,TWSE,37.55,37.85,36.7,36.9,3402643.0,,,data/daily_price/20260120.csv,37.75,37.61,36.3358,36.6508,37.2754,-2.122,-1.8617,0.4082,2.6426,-6.2262,4481946.75,0.7592,38.9,38.9,40.4,36.6,34.5,33.5,-1.8878,1.5526,0.6798,-1.0072,-5.1414,-5.1414,-8.6634,6.9565,10.1493
20260121,2504,國產,TWSE,37.05,37.05,36.4,36.65,2015163.0,,,data/daily_price/20260121.csv,37.44,37.58,36.3542,36.6258,37.2233,-0.6775,-4.0576,-1.6107,3.0942,-7.5662,4166306.35,0.4837,38.9,38.9,40.4,36.4,34.5,33.5,-2.4747,0.8138,0.066,-1.5402,-5.7841,-5.7841,-9.2822,6.2319,9.403
20260122,2504,國產,TWSE,36.65,36.85,36.35,36.35,1779161.0,,,data/daily_price/20260122.csv,37.05,37.495,36.3633,36.5983,37.1506,-0.8186,-5.0914,-4.4678,1.5363,-8.3228,3686161.0,0.4827,38.9,38.9,40.4,36.35,34.5,33.5,-3.0537,-0.0367,-0.6785,-2.1549,-6.5553,-6.5553,-10.0248,5.3623,8.5075
20260123,2504,國產,TWSE,36.3,36.5,35.9,35.9,2220977.0,,,data/daily_price/20260123.csv,36.7,37.365,36.36,36.5638,37.0463,-1.238,-4.6481,-6.7532,-0.554,-10.362,3338549.25,0.6653,38.9,38.9,40.2,35.9,34.5,33.5,-3.9208,-1.2651,-1.8153,-3.0943,-7.7121,-7.7121,-10.6965,4.058,7.1642
20260126,2504,國產,TWSE,36.0,36.35,35.9,36.2,1073381.0,,,data/daily_price/20260126.csv,36.4,37.295,36.3617,36.5404,36.9758,0.8357,-3.9788,-3.7234,0.277,-7.1795,2846232.7,0.3771,38.4,38.9,39.2,35.9,34.5,33.5,-2.9361,-0.4446,-0.9316,-2.0982,-5.7292,-6.9409,-7.6531,4.9275,8.0597
20260127,2504,國產,TWSE,36.4,36.65,35.7,35.75,2114881.0,,,data/daily_price/20260127.csv,36.17,37.2175,36.3542,36.52,36.8737,-1.2431,-3.1165,-4.1555,-1.2431,-6.4136,2750180.65,0.769,38.4,38.9,39.0,35.7,34.5,33.5,-3.943,-1.6619,-2.1084,-3.0473,-6.901,-8.0977,-8.3333,3.6232,6.7164
20260128,2504,國產,TWSE,36.05,36.05,35.6,35.65,1325959.0,,,data/daily_price/20260128.csv,35.97,37.135,36.3408,36.5017,36.7717,-0.2797,-2.7285,-4.4236,-2.1948,-5.8124,2697115.05,0.4916,38.4,38.9,39.0,35.6,34.5,33.5,-3.9989,-1.901,-2.3332,-3.0504,-7.1615,-8.3548,-8.5897,3.3333,6.4179
20260129,2504,國產,TWSE,35.8,35.9,35.5,35.65,1333605.0,,,data/daily_price/20260129.csv,35.83,37.0225,36.3383,36.4875,36.6782,0.0,-1.9257,-5.9367,-0.419,-4.5515,2486098.05,0.5364,38.4,38.9,39.0,35.5,34.5,33.5,-3.7072,-1.8942,-2.2953,-2.8033,-7.1615,-8.3548,-8.5897,3.3333,6.4179
20260130,2504,國產,TWSE,35.75,35.75,35.1,35.25,2024497.0,,,data/daily_price/20260130.csv,35.7,36.895,36.3308,36.4708,36.5592,-1.122,-1.8106,-6.746,-1.2605,-5.3691,2356331.55,0.8592,38.4,38.9,39.0,35.1,34.5,33.5,-4.4586,-2.975,-3.3474,-3.581,-8.2031,-9.383,-9.6154,2.1739,5.2239
20260202,2504,國產,TWSE,35.25,35.25,34.8,35.15,1130609.0,,,data/daily_price/20260202.csv,35.49,36.7925,36.305,36.4554,36.4418,-0.2837,-2.9006,-5.5108,-4.2234,-5.0,2154684.0,0.5247,38.4,38.9,39.0,34.8,34.5,33.5,-4.4642,-3.1814,-3.5809,-3.5447,-8.4635,-9.6401,-9.8718,1.8841,4.9254
20260203,2504,國產,TWSE,35.1,35.3,35.0,35.15,1017264.0,,,data/daily_price/20260203.csv,35.37,36.695,36.2783,36.4408,36.3341,0.0,-1.6783,-5.2561,-4.3537,-4.7425,2056271.9,0.4947,38.4,38.9,39.0,34.8,34.5,33.5,-4.2104,-3.1102,-3.5423,-3.259,-8.4635,-9.6401,-9.8718,1.8841,4.9254
20260204,2504,國產,TWSE,35.3,35.6,35.1,35.45,912904.0,,,data/daily_price/20260204.csv,35.33,36.585,36.2625,36.4238,36.2604,0.8535,-0.561,-5.8433,-2.6099,-5.4667,1951951.25,0.4677,38.4,38.9,39.0,34.8,34.5,33.5,-3.1024,-2.2406,-2.6734,-2.2351,-7.6823,-8.8689,-9.1026,2.7536,5.8209
20260205,2504,國產,TWSE,35.5,35.85,35.25,35.25,951987.0,,,data/daily_price/20260205.csv,35.25,36.505,36.2533,36.3996,36.1762,-0.5642,-1.122,-4.3419,-1.5363,-7.6016,1870456.85,0.509,38.4,38.9,39.0,34.8,34.5,33.5,-3.4379,-2.7676,-3.1582,-2.5603,-8.2031,-9.383,-9.6154,2.1739,5.2239
20260206,2504,國產,TWSE,35.2,35.4,34.9,35.2,1223298.0,,,data/daily_price/20260206.csv,35.24,36.3975,36.235,36.3733,36.0949,-0.1418,-0.1418,-5.7564,-3.0303,-8.2138,1857008.0,0.6587,38.4,38.9,39.0,34.8,34.5,33.5,-3.2901,-2.8564,-3.2258,-2.4793,-8.3333,-9.5116,-9.7436,2.029,5.0746
20260209,2504,國產,TWSE,35.35,35.65,35.2,35.2,812597.0,,,data/daily_price/20260209.csv,35.25,36.2575,36.2192,36.3467,36.0203,0.0,0.1422,-7.3684,-2.6279,-8.3333,1774806.7,0.4579,38.4,38.9,39.0,34.8,34.5,33.5,-2.9166,-2.8139,-3.1548,-2.2774,-8.3333,-9.5116,-9.7436,2.029,5.0746
20260210,2504,國產,TWSE,35.45,36.05,35.35,35.95,1072537.0,,,data/daily_price/20260210.csv,35.41,36.175,36.2217,36.3254,36.0145,2.1307,2.276,-4.3883,0.419,-6.6234,1735998.45,0.6178,38.4,38.9,39.0,34.8,34.5,33.5,-0.622,-0.75,-1.0335,-0.179,-6.3802,-7.5835,-7.8205,4.2029,7.3134
20260211,2504,國產,TWSE,35.9,36.55,35.85,36.35,1382162.0,,,data/daily_price/20260211.csv,35.59,36.0825,36.2442,36.305,36.0424,1.1127,2.5388,-4.8429,3.8571,-6.3144,1592427.45,0.868,38.4,38.9,39.0,34.8,34.5,33.5,0.7414,0.292,0.1239,0.8534,-5.3385,-6.5553,-6.7949,5.3623,8.5075
20260223,2504,國產,TWSE,36.7,37.05,36.5,36.8,2866250.0,,,data/daily_price/20260223.csv,35.9,36.0075,36.2825,36.2879,36.1055,1.238,4.3972,-3.9164,6.6667,-5.2767,1603604.9,1.7874,38.35,38.9,39.0,34.8,34.55,33.5,2.2009,1.4263,1.4112,1.9234,-4.0417,-5.3985,-5.641,6.5123,9.8507
20260224,2504,國產,TWSE,36.8,37.15,36.65,36.8,1485269.0,,,data/daily_price/20260224.csv,36.22,35.965,36.3167,36.2738,36.1634,0.0,4.5455,-2.2576,5.8993,-4.4156,1581066.35,0.9394,38.3,38.9,39.0,34.8,34.65,33.5,2.3217,1.3309,1.4508,1.7603,-3.9164,-5.3985,-5.641,6.2049,9.8507
20260225,2504,國產,TWSE,37.0,37.1,36.7,36.8,1950808.0,,,data/daily_price/20260225.csv,36.54,35.92,36.3408,36.2575,36.2165,0.0,4.5455,-2.3873,4.1018,-5.0323,1604797.6,1.2156,37.85,38.9,38.9,34.8,34.7,33.5,2.4499,1.2635,1.4962,1.6112,-2.7741,-5.3985,-5.3985,6.0519,9.8507
20260226,2504,國產,TWSE,36.9,37.3,36.9,37.1,2569493.0,,,data/daily_price/20260226.csv,36.77,35.93,36.3708,36.2458,36.2901,0.8152,3.1989,0.542,5.0992,-3.6364,1563140.1,1.6438,37.3,38.9,38.9,34.8,34.7,33.5,3.2563,2.0048,2.3566,2.2318,-0.5362,-4.6272,-4.6272,6.9164,10.7463
20260302,2504,國產,TWSE,37.5,40.1,37.5,39.65,9017886.0,,,data/daily_price/20260302.csv,37.43,36.08,36.4433,36.2575,36.5701,6.8733,9.0784,8.1855,12.3229,3.6601,1913276.25,4.7133,40.1,40.1,40.1,34.8,34.7,33.5,9.8947,8.799,9.3567,8.422,-1.1222,-1.1222,-1.1222,14.2651,18.3582
20260303,2504,國產,TWSE,39.3,39.85,39.15,39.6,4289882.0,,,data/daily_price/20260303.csv,37.99,36.2425,36.5233,36.2704,36.8226,-0.1261,7.6087,8.9409,13.7931,4.0736,2038812.3,2.1041,40.1,40.1,40.1,34.8,34.7,33.5,9.264,8.4238,9.1799,7.5427,-1.2469,-1.2469,-1.2469,14.121,18.209
20260304,2504,國產,TWSE,39.15,39.25,38.1,38.1,5405667.0,,,data/daily_price/20260304.csv,38.25,36.3525,36.5642,36.2742,36.929,-3.7879,3.5326,6.1281,6.8724,1.1952,2198046.8,2.4593,40.1,40.1,40.1,34.8,34.7,33.5,4.8071,4.2004,5.0334,3.1709,-4.9875,-4.9875,-4.9875,9.7983,13.7313
20260305,2504,國產,TWSE,38.5,39.2,38.3,38.4,3380069.0,,,data/daily_price/20260305.csv,38.57,36.4625,36.6142,36.2792,37.0516,0.7874,4.3478,6.0773,8.4746,1.5873,2313381.2,1.4611,40.1,40.1,40.1,34.8,34.7,33.5,5.3137,4.8774,5.8459,3.6392,-4.2394,-4.2394,-4.2394,10.6628,14.6269
20260306,2504,國產,TWSE,38.4,38.5,38.0,38.1,1766794.0,,,data/daily_price/20260306.csv,38.77,36.58,36.6567,36.2804,37.139,-0.7812,2.6954,6.5734,7.173,0.3953,2295976.85,0.7695,40.1,40.1,40.1,34.8,34.7,33.5,4.1553,3.9374,5.0153,2.5876,-4.9875,-4.9875,-4.9875,9.7983,13.7313
20260309,2504,國產,TWSE,36.85,37.45,36.6,37.05,3490266.0,,,data/daily_price/20260309.csv,38.25,36.65,36.69,36.2721,37.1316,-2.7559,-6.5574,3.9271,5.7061,-2.6281,2404192.2,1.4517,40.1,40.1,40.1,34.8,34.7,33.5,1.0914,0.9812,2.1447,-0.2197,-7.606,-7.606,-7.606,6.7723,10.597
20260310,2504,國產,TWSE,37.9,38.15,37.1,37.15,2724565.0,,,data/daily_price/20260310.csv,37.76,36.725,36.7183,36.2725,37.1331,0.2699,-6.1869,4.2076,4.7955,0.1348,2473740.2,1.1014,40.1,40.1,40.1,34.8,34.7,33.5,1.1572,1.1756,2.4192,0.0455,-7.3566,-7.3566,-7.3566,7.0605,10.8955
20260311,2504,國產,TWSE,37.2,37.45,37.2,37.2,1705690.0,,,data/daily_price/20260311.csv,37.58,36.8225,36.7467,36.2717,37.1387,0.1346,-2.3622,5.5319,4.7887,-0.2681,2457799.85,0.694,40.1,40.1,40.1,34.8,34.7,33.5,1.0252,1.2337,2.5594,0.1651,-7.2319,-7.2319,-7.2319,7.2046,11.0448
20260312,2504,國產,TWSE,37.0,37.75,36.85,37.75,2491717.0,,,data/daily_price/20260312.csv,37.45,36.9525,36.7875,36.2717,37.1896,1.4785,-1.6927,7.3969,6.9405,0.0,2525855.25,0.9865,40.1,40.1,40.1,34.9,34.7,33.5,2.1582,2.6164,4.0757,1.5068,-5.8603,-5.8603,-5.8603,8.7896,12.6866
20260313,2504,國產,TWSE,37.35,37.7,37.2,37.7,1131227.0,,,data/daily_price/20260313.csv,37.37,37.08,36.8275,36.275,37.2321,-0.1325,-1.0499,7.2546,6.7989,1.0724,2531553.4,0.4469,40.1,40.1,40.1,34.9,34.75,33.5,1.6721,2.3692,3.9283,1.2566,-5.985,-5.985,-5.985,8.4892,12.5373
20260316,2504,國產,TWSE,37.6,37.8,37.3,37.35,1901599.0,,,data/daily_price/20260316.csv,37.43,37.175,36.8667,36.28,37.242,-0.9284,0.8097,5.3597,6.7143,1.6327,2580988.15,0.7368,40.1,40.1,40.1,34.9,34.8,33.5,0.4707,1.311,2.9493,0.2901,-6.8579,-6.8579,-6.8579,7.3276,11.4925
20260317,2504,國產,TWSE,37.4,37.75,37.25,37.75,1427149.0,,,data/daily_price/20260317.csv,37.55,37.3,36.9117,36.2896,37.2843,1.071,1.6151,7.0922,7.7033,3.1421,2604746.25,0.5479,40.1,40.1,40.1,34.9,34.8,33.5,1.2064,2.2712,4.0243,1.249,-5.8603,-5.8603,-5.8603,8.477,12.6866
20260318,2504,國產,TWSE,37.75,38.2,37.6,38.2,2540010.0,,,data/daily_price/20260318.csv,37.75,37.45,36.9575,36.3033,37.3606,1.1921,2.6882,8.5227,7.7574,4.5144,2670581.85,0.9511,40.1,40.1,40.1,35.2,34.8,33.5,2.0027,3.362,5.2245,2.2467,-4.7382,-4.7382,-4.7382,9.7701,14.0299
20260319,2504,國產,TWSE,37.75,38.0,37.3,37.95,3328169.0,,,data/daily_price/20260319.csv,37.79,37.5875,36.9983,36.3042,37.4097,-0.6545,0.5298,7.8125,6.9014,0.2642,2796360.45,1.1902,40.1,40.1,40.1,35.35,34.8,33.5,0.9644,2.5722,4.5335,1.4442,-5.3616,-5.3616,-5.3616,9.0517,13.2836
20260320,2504,國產,TWSE,37.9,38.2,37.6,38.2,3004358.0,,,data/daily_price/20260320.csv,37.89,37.7,37.0408,36.3138,37.4756,0.6588,1.3263,6.2587,7.1529,3.1039,2892951.5,1.0385,40.1,40.1,40.1,35.85,34.8,33.5,1.3263,3.1294,5.1943,1.933,-4.7382,-4.7382,-4.7382,9.7701,14.0299
20260323,2504,國產,TWSE,37.3,38.15,37.05,38.1,2668643.0,,,data/daily_price/20260323.csv,38.04,37.7875,37.08,36.3237,37.5276,-0.2618,2.008,4.8143,6.5734,3.252,2957275.55,0.9024,40.1,40.1,40.1,36.5,34.8,33.5,0.827,2.7508,4.8901,1.5252,-4.9875,-4.9875,-4.9875,9.4828,13.7313
20260324,2504,國產,TWSE,38.3,38.4,37.25,38.2,2371590.0,,,data/daily_price/20260324.csv,38.13,37.8575,37.1108,36.3383,37.5837,0.2625,1.1921,3.8043,5.0894,4.8011,2932542.55,0.8087,40.1,40.1,40.1,36.6,34.8,33.5,0.9047,2.9349,5.1231,1.6399,-4.7382,-4.7382,-4.7382,9.7701,14.0299
20260325,2504,國產,TWSE,38.35,38.9,37.8,38.9,4118025.0,,,data/daily_price/20260325.csv,38.27,37.9625,37.1517,36.3662,37.6933,1.8325,1.8325,5.7065,6.7215,9.4233,3064180.35,1.3439,40.1,40.1,40.1,36.6,34.8,33.5,2.4695,4.7059,6.9673,3.2012,-2.9925,-2.9925,-2.9925,11.7816,16.1194
20260326,2504,國產,TWSE,39.0,39.0,37.75,37.8,2877800.0,,,data/daily_price/20260326.csv,38.24,38.0125,37.1783,36.3829,37.7022,-2.8278,-0.3953,2.7174,4.4199,5.5866,3110529.95,0.9252,40.1,40.1,40.1,36.6,34.8,33.5,-0.559,1.6721,3.8949,0.2593,-5.7357,-5.7357,-5.7357,8.6207,12.8358
20260327,2504,國產,TWSE,37.75,37.75,37.25,37.35,1753660.0,,,data/daily_price/20260327.csv,38.07,38.025,37.1883,36.3946,37.6729,-1.1905,-2.2251,0.6739,1.6327,3.8943,3069738.3,0.5713,40.1,40.1,40.1,36.6,34.8,33.5,-1.7751,0.4347,2.6252,-0.8571,-6.8579,-6.8579,-6.8579,7.3276,11.4925
20260330,2504,國產,TWSE,37.1,37.4,36.8,36.8,1989465.0,,,data/daily_price/20260330.csv,37.81,37.8825,37.1808,36.3983,37.6001,-1.4726,-3.4121,-7.1879,-1.2081,1.238,2718317.25,0.7319,39.85,40.1,40.1,36.6,34.8,33.5,-2.8575,-1.0243,1.1035,-2.128,-7.6537,-8.2294,-8.2294,5.7471,9.8507
20260331,2504,國產,TWSE,36.6,36.8,35.5,35.8,7287990.0,,,data/daily_price/20260331.csv,37.33,37.6925,37.1433,36.3958,37.4501,-2.7174,-6.2827,-9.596,-5.9133,-0.831,2868222.65,2.5409,39.25,40.1,40.1,35.5,34.8,33.5,-5.0209,-3.6166,-1.6371,-4.4062,-8.7898,-10.7232,-10.7232,2.8736,6.8657
20260401,2504,國產,TWSE,36.4,36.4,35.7,35.9,3589965.0,,,data/daily_price/20260401.csv,36.73,37.5825,37.1,36.3958,37.321,0.2793,-7.7121,-5.7743,-6.7532,0.0,2777437.55,1.2925,39.2,40.1,40.1,35.5,34.8,33.5,-4.4768,-3.2345,-1.3623,-3.8074,-8.4184,-10.4738,-10.4738,3.1609,7.1642
20260402,2504,國產,TWSE,36.0,36.2,35.55,35.65,1877622.0,,,data/daily_price/20260402.csv,36.3,37.445,37.0675,36.3933,37.1817,-0.6964,-5.6878,-7.1615,-5.1862,-0.8345,2702315.2,0.6948,39.0,40.1,40.1,35.5,34.8,33.5,-4.7937,-3.8241,-2.0425,-4.1195,-8.5897,-11.0973,-11.0973,2.4425,6.4179
20260407,2504,國產,TWSE,35.8,36.1,35.65,35.95,3590339.0,,,data/daily_price/20260407.csv,36.02,37.3375,37.045,36.3854,37.0791,0.8415,-3.7483,-5.643,-3.6193,-2.5745,2793492.45,1.2853,39.0,40.1,40.1,35.5,34.8,33.5,-3.7161,-2.9559,-1.1967,-3.045,-7.8205,-10.3491,-10.3491,3.3046,7.3134
20260408,2504,國產,TWSE,36.3,37.0,36.05,36.8,2546162.0,,,data/daily_price/20260408.csv,36.02,37.325,37.0367,36.3912,37.0558,2.3644,0.0,-0.6748,-1.3405,1.9391,2746287.25,0.9271,39.0,40.1,40.1,35.5,34.8,33.5,-1.4066,-0.639,1.1232,-0.6903,-5.641,-8.2294,-8.2294,5.7471,9.8507
20260409,2504,國產,TWSE,36.7,37.0,36.55,36.7,1452129.0,,,data/daily_price/20260409.csv,36.2,37.3025,37.0167,36.3942,37.0262,-0.2717,2.514,-1.2113,-3.1662,0.9629,2682665.45,0.5413,39.0,40.1,40.1,35.5,34.8,33.5,-1.6152,-0.8555,0.8403,-0.8809,-5.8974,-8.4788,-8.4788,5.4598,9.5522
20260410,2504,國產,TWSE,36.7,36.95,36.45,36.55,1201037.0,,,data/daily_price/20260410.csv,36.33,37.27,36.9958,36.3954,36.9865,-0.4087,1.8106,-1.7473,-3.3069,0.4121,2657432.8,0.452,39.0,40.1,40.1,35.5,34.8,33.5,-1.9318,-1.2051,0.4247,-1.1801,-6.2821,-8.8529,-8.8529,5.0287,9.1045
20260413,2504,國產,TWSE,36.35,36.4,36.05,36.1,1867549.0,,,data/daily_price/20260413.csv,36.42,37.1875,36.9775,36.3975,36.9126,-1.2312,1.2623,-4.3709,-2.957,0.6974,2626224.4,0.7111,39.0,40.1,40.1,35.5,34.8,33.5,-2.9244,-2.3731,-0.8174,-2.2014,-7.4359,-9.9751,-9.9751,3.7356,7.7612
20260414,2504,國產,TWSE,36.25,36.75,36.0,36.75,3058574.0,,,data/daily_price/20260414.csv,36.58,37.14,36.9717,36.4096,36.8991,1.8006,2.2253,-2.5199,-0.9434,4.1076,2722591.75,1.1234,39.0,40.1,40.1,35.5,34.8,33.5,-1.0501,-0.5996,0.935,-0.404,-5.7692,-8.3541,-8.3541,5.6034,9.7015
20260415,2504,國產,TWSE,36.55,36.55,36.05,36.15,1788332.0,,,data/daily_price/20260415.csv,36.45,37.08,36.9467,36.42,36.8366,-1.6327,-1.7663,-3.2129,-3.9841,3.5817,2716928.4,0.6582,39.0,40.1,40.1,35.5,34.8,33.5,-2.5081,-2.1563,-0.7414,-1.864,-7.3077,-9.8504,-9.8504,3.8793,7.9104
20260416,2504,國產,TWSE,36.4,36.4,35.9,35.9,2410542.0,,,data/daily_price/20260416.csv,36.29,36.9875,36.9308,36.4325,36.7586,-0.6916,-2.1798,-4.9007,-2.578,4.3605,2766098.05,0.8715,39.0,40.1,40.1,35.5,34.8,33.5,-2.9402,-2.7913,-1.4616,-2.3357,-7.9487,-10.4738,-10.4738,3.1609,7.1642
20260417,2504,國產,TWSE,36.0,36.0,35.7,35.85,1770362.0,,,data/daily_price/20260417.csv,36.15,36.87,36.9058,36.445,36.6829,-0.1393,-1.9152,-6.1518,-4.0161,4.3668,2727615.65,0.6491,39.0,40.1,40.1,35.5,34.8,33.5,-2.7665,-2.8609,-1.6326,-2.2704,-8.0769,-10.5985,-10.5985,3.0172,7.0149
20260420,2504,國產,TWSE,35.8,36.1,35.75,36.0,1977508.0,,,data/daily_price/20260420.csv,36.13,36.7725,36.8725,36.4588,36.626,0.4184,-0.277,-5.1383,-5.2632,4.8035,2660082.6,0.7434,39.0,40.1,40.1,35.5,34.8,33.5,-2.1008,-2.3663,-1.2583,-1.7091,-7.6923,-10.2244,-10.2244,3.4483,7.4627
20260421,2504,國產,TWSE,36.15,36.4,36.0,36.4,2463026.0,,,data/daily_price/20260421.csv,36.06,36.6825,36.8525,36.4804,36.6071,1.1111,-0.9524,-4.712,-3.1915,7.6923,2633016.0,0.9354,39.0,40.1,40.1,35.5,34.8,33.5,-0.7701,-1.2279,-0.2204,-0.5658,-6.6667,-9.2269,-9.2269,4.5977,8.6567
20260422,2504,國產,TWSE,36.4,36.55,36.1,36.55,2729938.0,,,data/daily_price/20260422.csv,36.14,36.605,36.825,36.5,36.6024,0.4121,1.1065,-4.0682,-4.3194,6.8713,2636080.75,1.0356,39.0,40.1,40.1,35.5,34.8,33.5,-0.1503,-0.7468,0.137,-0.1431,-6.2821,-8.8529,-8.8529,5.0287,9.1045
20260423,2504,國產,TWSE,36.55,36.55,35.65,36.0,2860240.0,,,data/daily_price/20260423.csv,36.16,36.495,36.7867,36.5188,36.5522,-1.5048,0.2786,-5.7592,-6.0052,6.6667,2660513.25,1.0751,39.0,40.1,40.1,35.5,34.8,33.95,-1.3564,-2.1385,-1.4205,-1.5106,-7.6923,-10.2244,-10.2244,3.4483,6.0383
20260424,2504,國產,TWSE,36.0,36.0,35.4,35.7,2545137.0,,,data/daily_price/20260424.csv,36.13,36.335,36.7542,36.5217,36.4812,-0.8333,-0.4184,-8.2262,-5.1793,0.9901,2581868.85,0.9858,39.0,40.1,40.1,35.4,34.8,34.5,-1.7476,-2.8682,-2.2498,-2.1413,-8.4615,-10.9726,-10.9726,2.5862,3.4783
20260427,2504,國產,TWSE,35.55,35.55,35.2,35.45,1893043.0,,,data/daily_price/20260427.csv,36.02,36.2175,36.7167,36.5183,36.3952,-0.7003,-1.5278,-6.2169,-5.9682,-1.1158,2532631.0,0.7475,37.75,40.1,40.1,35.2,34.8,34.5,-2.1191,-3.4498,-2.9255,-2.5971,-6.0927,-11.596,-11.596,1.8678,2.7536
20260428,2504,國產,TWSE,35.5,35.6,35.3,35.4,1463448.0,,,data/daily_price/20260428.csv,35.82,36.12,36.6917,36.5138,36.3123,-0.141,-2.7473,-5.2209,-4.065,-1.5299,2518120.4,0.5812,37.4,40.1,40.1,35.2,34.8,34.5,-1.9934,-3.5203,-3.0502,-2.5124,-5.3476,-11.7207,-11.7207,1.7241,2.6087
20260429,2504,國產,TWSE,35.35,35.65,35.35,35.6,1687547.0,,,data/daily_price/20260429.csv,35.63,36.06,36.6742,36.5142,36.2529,0.565,-2.5992,-3.2609,-2.8649,0.1406,2503024.5,0.6742,37.0,40.1,40.1,35.2,34.8,34.5,-1.2757,-2.9289,-2.5036,-1.8011,-3.7838,-11.2219,-11.2219,2.2989,3.1884
20260430,2504,國產,TWSE,35.7,35.75,35.2,35.25,2387124.0,,,data/daily_price/20260430.csv,35.48,36.0325,36.6558,36.5096,36.1694,-0.9831,-2.0833,-1.5363,-3.0261,-1.5363,2257981.2,1.0572,37.0,40.1,40.1,35.2,34.8,34.5,-2.1717,-3.8352,-3.45,-2.5418,-4.7297,-12.0948,-12.0948,1.2931,2.1739
20260504,2504,國產,TWSE,35.3,35.3,35.0,35.05,2994761.0,,,data/daily_price/20260504.csv,35.35,35.99,36.6417,36.5008,36.0761,-0.5674,-1.8207,-2.3677,-2.3677,-2.9086,2228221.0,1.344,37.0,40.1,40.1,35.0,34.8,34.5,-2.6118,-4.3439,-3.9748,-2.8442,-5.2703,-12.5935,-12.5935,0.7184,1.5942
20260505,2504,國產,TWSE,35.05,35.05,34.6,34.7,3037634.0,,,data/daily_price/20260505.csv,35.2,35.9425,36.6167,36.4892,35.9614,-0.9986,-2.1157,-2.6648,-4.1436,-3.8781,2286221.6,1.3287,37.0,40.1,40.1,34.6,34.6,34.5,-3.4569,-5.2344,-4.9033,-3.5077,-6.2162,-13.4663,-13.4663,0.289,0.5797
20260506,2504,國產,TWSE,34.9,34.9,34.25,34.7,2547992.0,,,data/daily_price/20260506.csv,35.06,35.88,36.5992,36.4767,35.8563,0.0,-1.9774,-3.4771,-2.9371,-4.1436,2234104.25,1.1405,37.0,40.1,40.1,34.25,34.25,34.25,-3.2887,-5.1891,-4.8707,-3.2248,-6.2162,-13.4663,-13.4663,1.3139,1.3139
20260507,2504,國產,TWSE,34.55,35.0,34.5,35.0,1976265.0,,,data/daily_price/20260507.csv,34.94,35.79,36.5883,36.4646,35.7849,0.8646,-1.6854,-4.8913,-1.8233,-3.9781,2205609.4,0.896,37.0,40.1,40.1,34.25,34.25,34.25,-2.2073,-4.3411,-4.0165,-2.1935,-5.4054,-12.7182,-12.7182,2.1898,2.1898
20260508,2504,國產,TWSE,35.0,35.2,34.65,34.75,2022384.0,,,data/daily_price/20260508.csv,34.84,35.6925,36.5733,36.4558,35.6987,-0.7143,-1.4184,-5.3134,-2.5245,-2.933,2234122.15,0.9052,36.95,40.1,40.1,34.25,34.25,34.25,-2.6406,-4.9854,-4.6792,-2.6575,-5.954,-13.3416,-13.3416,1.4599,1.4599
20260511,2504,國產,TWSE,34.95,35.1,34.75,34.8,1532149.0,,,data/daily_price/20260511.csv,34.79,35.605,36.5658,36.4483,35.6238,0.1439,-0.7133,-4.788,-1.2766,-2.521,2250677.75,0.6808,36.75,40.1,40.1,34.25,34.25,34.25,-2.2609,-4.8292,-4.5224,-2.3125,-5.3061,-13.217,-13.217,1.6058,1.6058
20260512,2504,國產,TWSE,34.8,34.8,34.4,34.6,2178602.0,,,data/daily_price/20260512.csv,34.77,35.53,36.5567,36.4308,35.5385,-0.5747,-0.2882,-4.1551,-1.5647,-5.7221,2266230.4,0.9613,36.75,40.1,40.1,34.25,34.25,34.25,-2.6175,-5.3524,-5.0255,-2.6407,-5.8503,-13.7157,-13.7157,1.0219,1.0219
20260513,2504,國產,TWSE,34.45,34.45,34.15,34.4,2223765.0,,,data/daily_price/20260513.csv,34.71,35.4125,36.5442,36.4112,35.4436,-0.578,-0.8646,-6.3946,-2.1337,-6.3946,2224489.95,0.9997,36.55,40.1,40.1,34.15,34.15,34.15,-2.8592,-5.8673,-5.5237,-2.9444,-5.8824,-14.2145,-14.2145,0.7321,0.7321
20260514,2504,國產,TWSE,34.2,34.3,34.0,34.2,1850964.0,,,data/daily_price/20260514.csv,34.55,35.315,36.5233,36.3929,35.34,-0.5814,-2.2857,-5.3942,-3.5261,-6.044,2227621.55,0.8309,36.55,40.1,40.1,34.0,34.0,34.0,-3.1573,-6.3612,-6.0257,-3.2257,-6.4295,-14.7132,-14.7132,0.5882,0.5882
20260515,2504,國產,TWSE,34.1,34.15,33.85,34.15,2469107.0,,,data/daily_price/20260515.csv,34.43,35.2275,36.505,36.3792,35.2408,-0.1462,-1.7266,-4.8747,-3.1206,-4.6089,2230549.8,1.1069,36.55,40.1,40.1,33.85,33.85,33.85,-3.0587,-6.4512,-6.1276,-3.0953,-6.5663,-14.8379,-14.8379,0.8863,0.8863
20260518,2504,國產,TWSE,33.85,34.3,33.7,34.2,2261912.0,,,data/daily_price/20260518.csv,34.31,35.145,36.4883,36.3617,35.1541,0.1464,-1.7241,-4.6025,-2.8409,-5.7851,2255127.3,1.003,36.55,40.1,40.1,33.7,33.7,33.7,-2.6889,-6.2714,-5.9449,-2.714,-6.4295,-14.7132,-14.7132,1.4837,1.4837
20260519,2504,國產,TWSE,34.05,34.75,34.05,34.65,2006189.0,,,data/daily_price/20260519.csv,34.32,35.0775,36.4792,36.3492,35.1121,1.3158,0.1445,-3.75,-1.5625,-4.1494,2256561.35,0.889,36.55,40.1,40.1,33.7,33.7,33.7,-1.2187,-5.0143,-4.6746,-1.316,-5.1984,-13.591,-13.591,2.819,2.819
20260520,2504,國產,TWSE,34.4,34.75,34.35,34.75,1549855.0,,,data/daily_price/20260520.csv,34.39,34.995,36.4592,36.3404,35.0819,0.2886,1.0174,-4.533,-3.338,-2.933,2210902.8,0.701,36.55,40.1,40.1,33.7,33.7,33.7,-0.7001,-4.6879,-4.3764,-0.9461,-4.9248,-13.3416,-13.3416,3.1157,3.1157
20260521,2504,國產,TWSE,34.7,35.15,34.55,34.85,1791789.0,,,data/daily_price/20260521.csv,34.52,34.91,36.4342,36.3392,35.0626,0.2878,1.9006,-4.6512,-4.1265,-0.4286,2163995.35,0.828,36.55,40.1,40.1,33.7,33.7,33.7,-0.1719,-4.348,-4.098,-0.6063,-4.6512,-13.0923,-13.0923,3.4125,3.4125
20260522,2504,國產,TWSE,34.85,35.05,34.6,34.65,1673271.0,58116513.0,TWSE_RWD_JSON_MI_INDEX,data/daily_price/daily_price_20260522.csv,34.62,34.8425,36.3983,36.3404,35.0282,-0.5739,1.4641,-3.75,-5.8424,0.4348,2104646.9,0.795,36.0,40.1,40.1,33.7,33.7,33.7,-0.5525,-4.8033,-4.6516,-1.0797,-3.75,-13.591,-13.591,2.819,2.819
20260525,2504,國產,TWSE,34.85,35.1,34.3,35.1,2491487.0,86301014.0,TWSE_RWD_JSON_MI_INDEX,data/daily_price/daily_price_20260525.csv,34.8,34.8125,36.37,36.3433,35.0342,1.2987,2.6316,-1.6807,-4.6196,1.0072,2101964.4,1.1853,35.75,40.1,40.1,33.7,33.7,33.7,0.8259,-3.4919,-3.4211,0.1879,-1.8182,-12.4688,-12.4688,4.1543,4.1543
20260526,2504,國產,TWSE,35.1,35.3,34.65,35.1,1590756.0,55604140.0,TWSE_RWD_JSON_MI_INDEX,data/daily_price/daily_price_20260526.csv,34.89,34.795,36.3417,36.3412,35.0397,0.0,1.2987,-0.9873,-4.6196,-0.7072,2086850.05,0.7623,35.75,40.1,40.1,33.7,33.7,33.7,0.8766,-3.4166,-3.4155,0.1722,-1.8182,-12.4688,-12.4688,4.1543,4.1543
20260527,2504,國產,TWSE,35.0,35.0,34.65,34.95,1991527.0,69254624.0,TWSE_RWD_JSON_MI_INDEX,data/daily_price/daily_price_20260527.csv,34.93,34.7725,36.3058,36.3383,35.0322,-0.4274,0.5755,-1.2712,-5.7951,-0.9915,2113254.0,0.9424,35.75,40.1,40.1,33.7,33.7,33.7,0.5105,-3.7345,-3.8206,-0.2346,-2.2378,-12.8429,-12.8429,3.7092,3.7092
20260528,2504,國產,TWSE,34.95,34.95,34.5,34.5,2045543.0,70759710.0,TWSE_RWD_JSON_MI_INDEX,data/daily_price/daily_price_20260528.csv,34.86,34.7175,36.22,36.3317,34.9878,-1.2876,-1.0043,-3.0899,-12.9887,-2.2663,2131153.8,0.9598,35.75,39.85,40.1,33.7,33.7,33.7,-0.6265,-4.7488,-5.0415,-1.3943,-3.4965,-13.4253,-13.9651,2.3739,2.3739
20260529,2504,國產,TWSE,34.8,35.15,34.6,34.6,3489052.0,121749414.0,TWSE_RWD_JSON_MI_INDEX,data/daily_price/daily_price_20260529.csv,34.85,34.685,36.1367,36.33,34.9555,0.2899,-0.1443,-1.844,-12.6263,-0.5747,2186250.2,1.5959,35.3,39.25,40.1,33.7,33.7,33.7,-0.2451,-4.2524,-4.7619,-1.0171,-1.983,-11.8471,-13.7157,2.6706,2.6706
20260601,2504,國產,TWSE,34.95,35.65,34.95,35.5,3251652.0,114838999.0,TWSE_RWD_JSON_MI_INDEX,data/daily_price/daily_price_20260601.csv,34.93,34.7075,36.0933,36.3288,35.0009,2.6012,1.1396,1.2839,-6.8241,-0.4208,2199094.75,1.4786,35.65,39.2,40.1,33.7,33.7,33.7,2.2834,-1.6439,-2.2813,1.426,-0.4208,-9.4388,-11.4713,5.3412,5.3412
20260602,2504,國產,TWSE,35.6,35.8,35.2,35.2,3748557.0,132865808.0,TWSE_RWD_JSON_MI_INDEX,data/daily_price/daily_price_20260602.csv,34.95,34.7325,36.04,36.3271,35.0175,-0.8451,0.2849,1.4409,-8.3333,-0.565,2234640.9,1.6775,35.8,39.0,40.1,33.7,33.7,33.7,1.346,-2.3307,-3.1026,0.5212,-1.676,-9.7436,-12.2195,4.451,4.451
20260603,2504,國產,TWSE,35.5,36.05,35.35,35.9,4775773.0,170620427.0,TWSE_RWD_JSON_MI_INDEX,data/daily_price/daily_price_20260603.csv,35.14,34.7925,36.0033,36.33,35.091,1.9886,2.7182,3.4582,-5.7743,0.9845,2346029.95,2.0357,36.05,39.0,40.1,33.7,33.7,33.7,3.1832,-0.287,-1.1836,2.3054,-0.4161,-7.9487,-10.4738,6.5282,6.5282
20260604,2504,國產,TWSE,35.9,36.3,35.75,36.0,3352280.0,120823233.0,TWSE_RWD_JSON_MI_INDEX,data/daily_price/daily_price_20260604.csv,35.44,34.8425,35.9858,36.3379,35.1668,0.2786,4.3478,2.8571,-2.834,2.7104,2414830.7,1.3882,36.3,39.0,40.1,33.7,33.7,33.7,3.3221,0.0394,-0.9299,2.3694,-0.8264,-7.6923,-10.2244,6.8249,6.8249
20260605,2504,國產,TWSE,36.15,36.7,35.8,36.3,4459675.0,162425726.0,TWSE_RWD_JSON_MI_INDEX,data/daily_price/daily_price_20260605.csv,35.78,34.92,35.9717,36.345,35.2612,0.8333,4.9133,4.4604,-2.288,2.3977,2536695.25,1.7581,36.7,39.0,40.1,33.7,33.7,33.7,3.9519,0.9128,-0.1238,2.946,-1.0899,-6.9231,-9.4763,7.7151,7.7151
20260608,2504,國產,TWSE,35.6,36.05,35.3,35.4,3601810.0,128533921.0,TWSE_RWD_JSON_MI_INDEX,data/daily_price/daily_price_20260608.csv,35.76,34.95,35.9417,36.3442,35.2728,-2.4793,-0.2817,1.7241,-4.8387,-0.2817,2640178.3,1.3642,36.7,39.0,40.1,33.7,33.7,33.7,1.2876,-1.5071,-2.5978,0.3607,-3.5422,-9.2308,-11.7207,5.0445,5.0445
20260609,2504,國產,TWSE,35.5,36.15,35.5,35.85,2929429.0,105130789.0,TWSE_RWD_JSON_MI_INDEX,data/daily_price/daily_price_20260609.csv,35.89,35.0125,35.91,36.3488,35.3209,1.2712,1.8466,3.6127,-5.0331,1.5581,2677719.65,1.094,36.7,39.0,40.1,33.7,33.7,33.7,2.392,-0.1671,-1.3721,1.498,-2.3161,-8.0769,-10.5985,6.3798,6.3798
20260610,2504,國產,TWSE,35.85,37.5,35.7,37.2,7933031.0,292655425.0,TWSE_RWD_JSON_MI_INDEX,data/daily_price/daily_price_20260610.csv,36.15,35.1525,35.9017,36.3646,35.4775,3.7657,3.6212,8.1395,-1.3263,5.3824,2963182.95,2.6772,37.5,39.0,40.1,33.7,33.7,33.7,5.8246,3.6164,2.2973,4.8553,-0.8,-4.6154,-7.2319,10.3858,10.3858
20260611,2504,國產,TWSE,37.5,37.5,36.1,37.0,5554049.0,204041088.0,TWSE_RWD_JSON_MI_INDEX,data/daily_price/daily_price_20260611.csv,36.35,35.2925,35.8958,36.3812,35.6043,-0.5376,2.7778,8.1871,-0.9371,5.7143,3148337.2,1.7641,37.5,39.0,40.1,33.7,33.7,33.7,4.8381,3.076,1.7007,3.9199,-1.3333,-5.1282,-7.7307,9.7923,9.7923
20260612,2504,國產,TWSE,37.15,37.15,36.6,36.95,2978191.0,109741813.0,TWSE_RWD_JSON_MI_INDEX,data/daily_price/daily_price_20260612.csv,36.48,35.4325,35.8825,36.3971,35.7165,-0.1351,1.7906,8.1991,-2.1192,5.4208,3173791.4,0.9384,37.5,39.0,40.1,33.7,33.7,33.7,4.2828,2.975,1.5191,3.4536,-1.4667,-5.2564,-7.8554,9.6439,9.6439
20260615,2504,國產,TWSE,36.95,36.95,36.5,36.65,4183878.0,153413315.0,TWSE_RWD_JSON_MI_INDEX,data/daily_price/daily_price_20260615.csv,36.73,35.555,35.8567,36.4071,35.7943,-0.8119,3.5311,7.1637,-4.0576,3.385,3269889.7,1.2795,37.5,39.0,40.1,34.05,33.7,33.7,3.0797,2.2125,0.6672,2.3907,-2.2667,-6.0256,-8.6035,8.7537,8.7537
20260616,2504,國產,TWSE,36.75,36.75,36.25,36.25,12208116.0,464014953.0,TWSE_RWD_JSON_MI_INDEX,data/daily_price/daily_price_20260616.csv,36.81,35.635,35.8283,36.4133,35.8323,-1.0914,1.1158,4.6176,-4.4796,2.1127,3779986.05,3.2297,37.5,39.0,40.1,34.3,33.7,33.7,1.7258,1.1769,-0.4486,1.1658,-3.3333,-7.0513,-9.601,7.5668,7.5668
20260617,2504,國產,TWSE,34.2,34.25,33.4,33.8,8345188.0,282407597.0,TWSE_RWD_JSON_MI_INDEX,data/daily_price/daily_price_20260617.csv,36.13,35.5875,35.755,36.3979,35.6629,-6.7586,-9.1398,-2.7338,-11.5183,-5.1893,4119752.7,2.0257,37.5,39.0,40.1,33.4,33.4,33.4,-5.0228,-5.4678,-7.1375,-5.2236,-9.8667,-13.3333,-15.7107,1.1976,1.1976
20260618,2504,國產,TWSE,33.85,33.95,33.45,33.6,6356074.0,213767030.0,TWSE_RWD_JSON_MI_INDEX,data/daily_price/daily_price_20260618.csv,35.45,35.525,35.68,36.38,35.491,-0.5917,-9.1892,-3.5868,-11.811,-6.014,4347966.95,1.4618,37.5,39.0,40.1,33.4,33.4,33.4,-5.4187,-5.8296,-7.6416,-5.3281,-10.4,-13.8462,-16.2095,0.5988,0.5988
20260622,2504,國產,TWSE,33.65,33.65,32.7,32.8,7781713.0,256514576.0,TWSE_RWD_JSON_MI_INDEX,data/daily_price/daily_price_20260622.csv,34.62,35.4325,35.59,36.3504,35.2667,-2.381,-11.2314,-5.3391,-14.1361,-9.7662,4653389.05,1.6723,37.5,39.0,40.1,32.7,32.7,32.7,-7.4296,-7.8393,-9.7672,-6.9945,-12.5333,-15.8974,-18.2045,0.3058,0.3058
20260623,2504,國產,TWSE,33.0,33.0,32.3,32.75,5588203.0,182045208.0,TWSE_RWD_JSON_MI_INDEX,data/daily_price/daily_price_20260623.csv,33.84,35.315,35.4875,36.3196,35.057,-0.1524,-10.6412,-6.6952,-15.8098,-10.1509,4808224.85,1.1622,37.5,39.0,40.1,32.3,32.3,32.3,-7.2632,-7.714,-9.8283,-6.5808,-12.6667,-16.0256,-18.3292,1.3932,1.3932
20260624,2504,國產,TWSE,32.5,33.0,32.3,33.0,5290863.0,172759508.0,TWSE_RWD_JSON_MI_INDEX,data/daily_price/daily_price_20260624.csv,33.19,35.21,35.4075,36.2929,34.8856,0.7634,-8.9655,-5.9829,-12.6984,-8.8398,4993230.2,1.0596,37.5,37.75,40.1,32.3,32.3,32.3,-6.2766,-6.7994,-9.0732,-5.4051,-12.0,-12.5828,-17.7057,2.1672,2.1672
