date,stock_id,stock_name,market,open,high,low,close,volume,trading_value,source,source_file,ma5,ma20,ma60,ma120,ema23,return_1d,return_5d,return_20d,return_60d,return_120d,volume_ma20,volume_ratio,high_20,high_60,high_120,low_20,low_60,low_120,distance_to_ma20_pct,distance_to_ma60_pct,distance_to_ma120_pct,distance_to_ema23_pct,distance_to_high_20_pct,distance_to_high_60_pct,distance_to_high_120_pct,distance_to_low_60_pct,distance_to_low_120_pct
20240102,2520,冠德,TWSE,38.85,39.5,38.75,39.1,1445947.0,56642724.0,TWSE_RWD_JSON_MI_INDEX,data/daily_price/daily_price_20240102.csv,,,,,,,,,,,,,,,,,,,,,,,,,,,
20240103,2520,冠德,TWSE,39.0,39.3,38.7,38.8,1581243.0,61548662.0,TWSE_RWD_JSON_MI_INDEX,data/daily_price/daily_price_20240103.csv,,,,,,-0.7673,,,,,,,,,,,,,,,,,,,,,
20240104,2520,冠德,TWSE,39.0,39.95,38.9,39.9,4898410.0,194415620.0,TWSE_RWD_JSON_MI_INDEX,data/daily_price/daily_price_20240104.csv,,,,,,2.8351,,,,,,,,,,,,,,,,,,,,,
20240105,2520,冠德,TWSE,40.0,42.15,40.0,40.9,9865310.0,404162456.0,TWSE_RWD_JSON_MI_INDEX,data/daily_price/daily_price_20240105.csv,,,,,,2.5063,,,,,,,,,,,,,,,,,,,,,
20240108,2520,冠德,TWSE,41.2,41.95,40.7,40.8,5346129.0,221187628.0,TWSE_RWD_JSON_MI_INDEX,data/daily_price/daily_price_20240108.csv,39.9,39.9,39.9,39.9,39.4159,-0.2445,,,,,4627407.8,1.1553,42.15,42.15,42.15,38.7,38.7,38.7,2.2556,2.2556,2.2556,3.5115,-3.2028,-3.2028,-3.2028,5.4264,5.4264
20240109,2520,冠德,TWSE,40.7,40.75,39.75,39.9,3430424.0,137677754.0,TWSE_RWD_JSON_MI_INDEX,data/daily_price/daily_price_20240109.csv,40.06,39.9,39.9,39.9,39.4563,-2.2059,2.046,,,,4427910.5,0.7747,42.15,42.15,42.15,38.7,38.7,38.7,0.0,0.0,0.0,1.1246,-5.3381,-5.3381,-5.3381,3.1008,3.1008
20240110,2520,冠德,TWSE,40.05,40.05,39.15,39.25,2325095.0,91708772.0,TWSE_RWD_JSON_MI_INDEX,data/daily_price/daily_price_20240110.csv,40.15,39.8071,39.8071,39.8071,39.4391,-1.6291,1.1598,,,,4127508.2857,0.5633,42.15,42.15,42.15,38.7,38.7,38.7,-1.3996,-1.3996,-1.3996,-0.4794,-6.8802,-6.8802,-6.8802,1.4212,1.4212
20240111,2520,冠德,TWSE,39.5,40.2,39.05,39.2,2484054.0,98024484.0,TWSE_RWD_JSON_MI_INDEX,data/daily_price/daily_price_20240111.csv,40.01,39.7312,39.7312,39.7312,39.4192,-0.1274,-1.7544,,,,3922076.5,0.6334,42.15,42.15,42.15,38.7,38.7,38.7,-1.3371,-1.3371,-1.3371,-0.556,-6.9988,-6.9988,-6.9988,1.292,1.292
20240112,2520,冠德,TWSE,39.05,39.3,38.9,39.1,2650764.0,103748114.0,TWSE_RWD_JSON_MI_INDEX,data/daily_price/daily_price_20240112.csv,39.65,39.6611,39.6611,39.6611,39.3926,-0.2551,-4.401,,,,3780819.5556,0.7011,42.15,42.15,42.15,38.7,38.7,38.7,-1.4148,-1.4148,-1.4148,-0.7427,-7.2361,-7.2361,-7.2361,1.0336,1.0336
20240115,2520,冠德,TWSE,39.6,40.6,39.55,39.95,3214969.0,128828045.0,TWSE_RWD_JSON_MI_INDEX,data/daily_price/daily_price_20240115.csv,39.48,39.69,39.69,39.69,39.439,2.1739,-2.0833,,,,3724234.5,0.8633,42.15,42.15,42.15,38.7,38.7,38.7,0.6551,0.6551,0.6551,1.2956,-5.2195,-5.2195,-5.2195,3.23,3.23
20240116,2520,冠德,TWSE,39.8,39.8,39.2,39.2,2041225.0,80398735.0,TWSE_RWD_JSON_MI_INDEX,data/daily_price/daily_price_20240116.csv,39.34,39.6455,39.6455,39.6455,39.4191,-1.8773,-1.7544,,,,3571233.6364,0.5716,42.15,42.15,42.15,38.7,38.7,38.7,-1.1236,-1.1236,-1.1236,-0.5558,-6.9988,-6.9988,-6.9988,1.292,1.292
20240117,2520,冠德,TWSE,39.35,39.35,37.7,37.85,5247286.0,200806901.0,TWSE_RWD_JSON_MI_INDEX,data/daily_price/daily_price_20240117.csv,39.06,39.4958,39.4958,39.4958,39.2883,-3.4439,-3.5669,,,,3710904.6667,1.414,42.15,42.15,42.15,37.7,37.7,37.7,-4.1671,-4.1671,-4.1671,-3.661,-10.2017,-10.2017,-10.2017,0.3979,0.3979
20240118,2520,冠德,TWSE,37.85,38.5,37.75,38.0,1827107.0,69464663.0,TWSE_RWD_JSON_MI_INDEX,data/daily_price/daily_price_20240118.csv,38.82,39.3808,39.3808,39.3808,39.181,0.3963,-3.0612,,,,3565997.1538,0.5124,42.15,42.15,42.15,37.7,37.7,37.7,-3.5062,-3.5062,-3.5062,-3.0142,-9.8458,-9.8458,-9.8458,0.7958,0.7958
20240119,2520,冠德,TWSE,38.05,38.4,37.75,38.1,1238703.0,47180414.0,TWSE_RWD_JSON_MI_INDEX,data/daily_price/daily_price_20240119.csv,38.62,39.2893,39.2893,39.2893,39.0909,0.2632,-2.5575,,,,3399761.8571,0.3643,42.15,42.15,42.15,37.7,37.7,37.7,-3.027,-3.027,-3.027,-2.5348,-9.6085,-9.6085,-9.6085,1.061,1.061
20240122,2520,冠德,TWSE,38.2,38.85,38.2,38.8,1228814.0,47484059.0,TWSE_RWD_JSON_MI_INDEX,data/daily_price/daily_price_20240122.csv,38.39,39.2567,39.2567,39.2567,39.0667,1.8373,-2.8786,,,,3255032.0,0.3775,42.15,42.15,42.15,37.7,37.7,37.7,-1.1633,-1.1633,-1.1633,-0.6826,-7.9478,-7.9478,-7.9478,2.9178,2.9178
20240123,2520,冠德,TWSE,38.8,38.8,38.4,38.45,829730.0,31945465.0,TWSE_RWD_JSON_MI_INDEX,data/daily_price/daily_price_20240123.csv,38.24,39.2062,39.2062,39.2062,39.0153,-0.9021,-1.9133,,,,3103450.625,0.2674,42.15,42.15,42.15,37.7,37.7,37.7,-1.9289,-1.9289,-1.9289,-1.4488,-8.7782,-8.7782,-8.7782,1.9894,1.9894
20240124,2520,冠德,TWSE,38.45,38.85,38.35,38.55,687445.0,26554130.0,TWSE_RWD_JSON_MI_INDEX,data/daily_price/daily_price_20240124.csv,38.38,39.1676,39.1676,39.1676,38.9765,0.2601,1.8494,,,,2961332.6471,0.2321,42.15,42.15,42.15,37.7,37.7,37.7,-1.5769,-1.5769,-1.5769,-1.0942,-8.5409,-8.5409,-8.5409,2.2546,2.2546
20240125,2520,冠德,TWSE,38.6,38.75,38.5,38.55,592489.0,22878497.0,TWSE_RWD_JSON_MI_INDEX,data/daily_price/daily_price_20240125.csv,38.49,39.1333,39.1333,39.1333,38.941,0.0,1.4474,,,,2829730.2222,0.2094,42.15,42.15,42.15,37.7,37.7,37.7,-1.4906,-1.4906,-1.4906,-1.004,-8.5409,-8.5409,-8.5409,2.2546,2.2546
20240126,2520,冠德,TWSE,38.6,40.0,38.6,39.95,3352698.0,132692912.0,TWSE_RWD_JSON_MI_INDEX,data/daily_price/daily_price_20240126.csv,38.86,39.1763,39.1763,39.1763,39.025,3.6316,4.8556,,,,2857254.8421,1.1734,42.15,42.15,42.15,37.7,37.7,37.7,1.9749,1.9749,1.9749,2.3702,-5.2195,-5.2195,-5.2195,5.9682,5.9682
20240129,2520,冠德,TWSE,40.05,40.05,39.2,39.55,1677440.0,66268093.0,TWSE_RWD_JSON_MI_INDEX,data/daily_price/daily_price_20240129.csv,39.01,39.195,39.195,39.195,39.0688,-1.0013,1.933,,,,2798264.1,0.5995,42.15,42.15,42.15,37.7,37.7,37.7,0.9057,0.9057,0.9057,1.2317,-6.1684,-6.1684,-6.1684,4.9072,4.9072
20240130,2520,冠德,TWSE,39.55,39.55,39.2,39.2,970422.0,38140533.0,TWSE_RWD_JSON_MI_INDEX,data/daily_price/daily_price_20240130.csv,39.16,39.2,39.1952,39.1952,39.0797,-0.885,1.9506,0.2558,,,2774487.85,0.3498,42.15,42.15,42.15,37.7,37.7,37.7,0.0,0.0121,0.0121,0.3078,-6.9988,-6.9988,-6.9988,3.9788,3.9788
20240131,2520,冠德,TWSE,39.2,39.65,39.05,39.55,1319659.0,51976818.0,TWSE_RWD_JSON_MI_INDEX,data/daily_price/daily_price_20240131.csv,39.36,39.2375,39.2114,39.2114,39.1189,0.8929,2.594,1.933,,,2761408.65,0.4779,42.15,42.15,42.15,37.7,37.7,37.7,0.7964,0.8636,0.8636,1.102,-6.1684,-6.1684,-6.1684,4.9072,4.9072
20240201,2520,冠德,TWSE,39.55,39.7,39.15,39.25,1079569.0,42457088.0,TWSE_RWD_JSON_MI_INDEX,data/daily_price/daily_price_20240201.csv,39.5,39.205,39.213,39.213,39.1298,-0.7585,1.8158,-1.6291,,,2570466.6,0.42,42.15,42.15,42.15,37.7,37.7,37.7,0.1148,0.0942,0.0942,0.3071,-6.8802,-6.8802,-6.8802,4.1114,4.1114
20240202,2520,冠德,TWSE,39.3,39.3,38.55,38.6,1916399.0,74386513.0,TWSE_RWD_JSON_MI_INDEX,data/daily_price/daily_price_20240202.csv,39.23,39.09,39.1875,39.1875,39.0857,-1.6561,-3.3792,-5.6235,,,2173021.05,0.8819,41.95,42.15,42.15,37.7,37.7,37.7,-1.2535,-1.4992,-1.4992,-1.2426,-7.9857,-8.4223,-8.4223,2.3873,2.3873
20240205,2520,冠德,TWSE,38.55,39.1,38.35,38.9,1450595.0,56171380.0,TWSE_RWD_JSON_MI_INDEX,data/daily_price/daily_price_20240205.csv,39.1,38.995,39.176,39.176,39.0702,0.7772,-1.6435,-4.6569,,,1978244.35,0.7333,40.75,42.15,42.15,37.7,37.7,37.7,-0.2436,-0.7045,-0.7045,-0.4356,-4.5399,-7.7106,-7.7106,3.183,3.183
20240215,2520,冠德,TWSE,38.9,39.55,38.7,39.4,1341498.0,52646072.0,TWSE_RWD_JSON_MI_INDEX,data/daily_price/daily_price_20240215.csv,39.14,38.97,39.1846,39.1846,39.0977,1.2853,0.5102,-1.2531,,,1873798.05,0.7159,40.6,42.15,42.15,37.7,37.7,37.7,1.1034,0.5497,0.5497,0.7732,-2.9557,-6.5243,-6.5243,4.5093,4.5093
20240216,2520,冠德,TWSE,39.2,39.9,39.2,39.65,1626086.0,64454243.0,TWSE_RWD_JSON_MI_INDEX,data/daily_price/daily_price_20240216.csv,39.16,38.99,39.2019,39.2019,39.1437,0.6345,0.2528,1.0191,,,1838847.6,0.8843,40.6,42.15,42.15,37.7,37.7,37.7,1.6927,1.1432,1.1432,1.2934,-2.3399,-5.9312,-5.9312,5.1724,5.1724
20240219,2520,冠德,TWSE,39.7,40.6,39.7,40.15,3166569.0,127250051.0,TWSE_RWD_JSON_MI_INDEX,data/daily_price/daily_price_20240219.csv,39.34,39.0375,39.2357,39.2357,39.2276,1.261,2.293,2.4235,,,1872973.35,1.6907,40.6,42.15,42.15,37.7,37.7,37.7,2.8498,2.3302,2.3302,2.3515,-1.1084,-4.745,-4.745,6.4987,6.4987
20240220,2520,冠德,TWSE,40.25,40.25,39.75,39.8,1304296.0,52038309.0,TWSE_RWD_JSON_MI_INDEX,data/daily_price/daily_price_20240220.csv,39.58,39.0725,39.2552,39.2552,39.2753,-0.8717,3.1088,1.7903,,,1805649.95,0.7223,40.6,42.15,42.15,37.7,37.7,37.7,1.8619,1.3879,1.3879,1.336,-1.9704,-5.5753,-5.5753,5.5703,5.5703
20240221,2520,冠德,TWSE,39.8,40.9,39.8,40.45,2737539.0,110676347.0,TWSE_RWD_JSON_MI_INDEX,data/daily_price/daily_price_20240221.csv,39.89,39.0975,39.295,39.295,39.3732,1.6332,3.9846,1.2516,,,1781778.45,1.5364,40.9,42.15,42.15,37.7,37.7,37.7,3.4593,2.9393,2.9393,2.7349,-1.1002,-4.0332,-4.0332,7.2944,7.2944
20240222,2520,冠德,TWSE,40.5,40.5,40.15,40.4,1056061.0,42572403.0,TWSE_RWD_CSV_MI_INDEX,data/daily_price/daily_price_20240222.csv,40.09,39.1575,39.3306,39.3306,39.4587,-0.1236,2.5381,3.0612,,,1732520.25,0.6096,40.9,42.15,42.15,37.7,37.7,37.7,3.1731,2.7189,2.7189,2.3854,-1.2225,-4.1518,-4.1518,7.1618,7.1618
20240223,2520,冠德,TWSE,40.3,40.35,39.85,39.85,1476933.0,59143784.0,TWSE_RWD_JSON_MI_INDEX,data/daily_price/daily_price_20240223.csv,40.13,39.2575,39.3469,39.3469,39.4913,-1.3614,0.5044,5.284,,,1544002.6,0.9566,40.9,42.15,42.15,37.75,37.7,37.7,1.5093,1.2787,1.2787,0.9082,-2.5672,-5.4567,-5.4567,5.7029,5.7029
20240226,2520,冠德,TWSE,39.7,39.7,39.1,39.1,1942110.0,76365292.0,TWSE_RWD_JSON_MI_INDEX,data/daily_price/daily_price_20240226.csv,39.92,39.3125,39.3394,39.3394,39.4587,-1.8821,-2.6152,2.8947,,,1549752.75,1.2532,40.9,42.15,42.15,37.75,37.7,37.7,-0.5405,-0.6085,-0.6085,-0.9091,-4.401,-7.2361,-7.2361,3.7135,3.7135
20240227,2520,冠德,TWSE,39.1,39.4,38.65,39.25,1619371.0,63213397.0,TWSE_RWD_JSON_MI_INDEX,data/daily_price/daily_price_20240227.csv,39.81,39.37,39.3368,39.3368,39.4413,0.3836,-1.3819,3.0184,,,1568786.15,1.0322,40.9,42.15,42.15,38.2,37.7,37.7,-0.3048,-0.2206,-0.2206,-0.4851,-4.0342,-6.8802,-6.8802,4.1114,4.1114
20240229,2520,冠德,TWSE,39.25,39.8,39.25,39.5,1386193.0,54984088.0,TWSE_RWD_JSON_MI_INDEX,data/daily_price/daily_price_20240229.csv,39.62,39.405,39.3414,39.3414,39.4462,0.6369,-2.3486,1.8041,,,1576655.1,0.8792,40.9,42.15,42.15,38.35,37.7,37.7,0.2411,0.4031,0.4031,0.1363,-3.423,-6.2871,-6.2871,4.7745,4.7745
20240301,2520,冠德,TWSE,39.7,39.7,38.85,39.15,1485147.0,58161485.0,TWSE_RWD_JSON_MI_INDEX,data/daily_price/daily_price_20240301.csv,39.37,39.44,39.3361,39.3361,39.4215,-0.8861,-3.0941,1.8205,,,1609425.95,0.9228,40.9,42.15,42.15,38.35,37.7,37.7,-0.7353,-0.4731,-0.4731,-0.6888,-4.2787,-7.1174,-7.1174,3.8462,3.8462
20240304,2520,冠德,TWSE,39.15,39.3,38.7,38.9,1883990.0,73292203.0,TWSE_RWD_CSV_MI_INDEX,data/daily_price/daily_price_20240304.csv,39.18,39.4575,39.3243,39.3243,39.3781,-0.6386,-2.3839,0.9079,,,1669253.2,1.1286,40.9,42.15,42.15,38.35,37.7,37.7,-1.4129,-1.079,-1.079,-1.2141,-4.89,-7.7106,-7.7106,3.183,3.183
20240305,2520,冠德,TWSE,38.9,38.95,38.35,38.7,2130256.0,82183780.0,TWSE_RWD_JSON_MI_INDEX,data/daily_price/daily_price_20240305.csv,39.1,39.465,39.3079,39.3079,39.3216,-0.5141,-1.023,0.3891,,,1746141.55,1.22,40.9,42.15,42.15,38.35,37.7,37.7,-1.9384,-1.5465,-1.5465,-1.5807,-5.379,-8.1851,-8.1851,2.6525,2.6525
20240306,2520,冠德,TWSE,38.7,38.95,38.55,38.75,999044.0,38720181.0,TWSE_RWD_JSON_MI_INDEX,data/daily_price/daily_price_20240306.csv,39.0,39.405,39.2936,39.2936,39.2739,0.1292,-1.2739,-3.0038,,,1628458.85,0.6135,40.9,42.15,42.15,38.35,37.7,37.7,-1.6622,-1.3834,-1.3834,-1.3341,-5.2567,-8.0664,-8.0664,2.7851,2.7851
20240307,2520,冠德,TWSE,38.75,38.85,38.25,38.45,2517530.0,96653063.0,TWSE_RWD_JSON_MI_INDEX,data/daily_price/daily_price_20240307.csv,38.79,39.35,39.2725,39.2725,39.2053,-0.7742,-2.6582,-2.7813,,,1670463.35,1.5071,40.9,42.15,42.15,38.25,37.7,37.7,-2.2872,-2.0943,-2.0943,-1.9265,-5.9902,-8.7782,-8.7782,1.9894,1.9894
20240308,2520,冠德,TWSE,38.45,38.65,37.85,38.2,1971867.0,75239700.0,TWSE_RWD_JSON_MI_INDEX,data/daily_price/daily_price_20240308.csv,38.6,39.3,39.2463,39.2463,39.1215,-0.6502,-2.4266,-2.551,,,1720535.6,1.1461,40.9,42.15,42.15,37.85,37.7,37.7,-2.799,-2.6661,-2.6661,-2.3555,-6.6015,-9.3713,-9.3713,1.3263,1.3263
20240311,2520,冠德,TWSE,38.5,39.05,38.45,38.75,1369052.0,53042760.0,TWSE_RWD_JSON_MI_INDEX,data/daily_price/daily_price_20240311.csv,38.57,39.26,39.2345,39.2345,39.0905,1.4398,-0.3856,-2.0228,,,1723005.25,0.7946,40.9,42.15,42.15,37.85,37.7,37.7,-1.299,-1.2349,-1.2349,-0.8712,-5.2567,-8.0664,-8.0664,2.7851,2.7851
20240312,2520,冠德,TWSE,38.95,39.4,38.75,39.3,2227258.0,86961972.0,TWSE_RWD_JSON_MI_INDEX,data/daily_price/daily_price_20240312.csv,38.69,39.2625,39.236,39.236,39.108,1.4194,1.5504,0.1274,,,1780389.7,1.251,40.9,42.15,42.15,37.85,37.7,37.7,0.0955,0.163,0.163,0.4909,-3.912,-6.7616,-6.7616,4.244,4.244
20240313,2520,冠德,TWSE,39.0,39.0,38.3,38.65,3198650.0,123363316.0,TWSE_RWD_JSON_MI_INDEX,data/daily_price/daily_price_20240313.csv,38.67,39.265,39.2227,39.2227,39.0698,-1.6539,-0.2581,0.1295,,,1844502.25,1.7342,40.9,42.15,42.15,37.85,37.7,37.7,-1.5663,-1.4602,-1.4602,-1.0746,-5.5012,-8.3037,-8.3037,2.5199,2.5199
20240314,2520,冠德,TWSE,38.9,39.7,38.6,39.5,3512164.0,138231251.0,TWSE_RWD_JSON_MI_INDEX,data/daily_price/daily_price_20240314.csv,38.88,39.295,39.2289,39.2289,39.1057,2.1992,2.7308,1.5424,,,1947580.7,1.8033,40.9,42.15,42.15,37.85,37.7,37.7,0.5217,0.6911,0.6911,1.0083,-3.423,-6.2871,-6.2871,4.7745,4.7745
20240315,2520,冠德,TWSE,39.65,39.65,38.45,38.55,2849969.0,110422115.0,TWSE_RWD_JSON_MI_INDEX,data/daily_price/daily_price_20240315.csv,38.95,39.2525,39.2141,39.2141,39.0594,-2.4051,0.9162,-2.1574,,,2023004.25,1.4088,40.9,42.15,42.15,37.85,37.7,37.7,-1.7897,-1.6936,-1.6936,-1.3041,-5.7457,-8.5409,-8.5409,2.2546,2.2546
20240318,2520,冠德,TWSE,38.55,39.35,38.4,38.8,2017085.0,78232133.0,TWSE_RWD_JSON_MI_INDEX,data/daily_price/daily_price_20240318.csv,38.96,39.21,39.2053,39.2053,39.0378,0.6485,0.129,-2.1438,,,2042554.2,0.9875,40.9,42.15,42.15,37.85,37.7,37.7,-1.0457,-1.0338,-1.0338,-0.6091,-5.1345,-7.9478,-7.9478,2.9178,2.9178
20240319,2520,冠德,TWSE,38.75,39.2,38.7,38.95,1592480.0,62122149.0,TWSE_RWD_JSON_MI_INDEX,data/daily_price/daily_price_20240319.csv,38.89,39.15,39.2,39.2,39.0304,0.3866,-0.8906,-2.9888,,,1963849.75,0.8109,40.9,42.15,42.15,37.85,37.7,37.7,-0.5109,-0.6378,-0.6378,-0.2061,-4.7677,-7.5919,-7.5919,3.3156,3.3156
20240320,2520,冠德,TWSE,38.9,38.95,38.25,38.3,2550785.0,98182457.0,TWSE_RWD_JSON_MI_INDEX,data/daily_price/daily_price_20240320.csv,38.82,39.075,39.1816,39.1816,38.9696,-1.6688,-0.9056,-3.7688,,,2026174.2,1.2589,40.9,42.15,42.15,37.85,37.7,37.7,-1.9834,-2.2501,-2.2501,-1.7182,-6.357,-9.134,-9.134,1.5915,1.5915
20240321,2520,冠德,TWSE,38.95,39.1,38.6,39.0,1647751.0,64072996.0,TWSE_RWD_JSON_MI_INDEX,data/daily_price/daily_price_20240321.csv,38.72,39.0025,39.178,39.178,38.9721,1.8277,-1.2658,-3.5847,,,1971684.8,0.8357,40.5,42.15,42.15,37.85,37.7,37.7,-0.0064,-0.4543,-0.4543,0.0716,-3.7037,-7.4733,-7.4733,3.4483,3.4483
20240322,2520,冠德,TWSE,39.0,39.0,38.35,38.65,1376594.0,53098738.0,TWSE_RWD_JSON_MI_INDEX,data/daily_price/daily_price_20240322.csv,38.74,38.915,39.1676,39.1676,38.9453,-0.8974,0.2594,-4.3317,,,1987711.45,0.6926,40.35,42.15,42.15,37.85,37.7,37.7,-0.681,-1.3216,-1.3216,-0.7582,-4.2131,-8.3037,-8.3037,2.5199,2.5199
20240325,2520,冠德,TWSE,38.6,39.3,38.6,39.15,1670261.0,65249929.0,TWSE_RWD_JSON_MI_INDEX,data/daily_price/daily_price_20240325.csv,38.81,38.88,39.1673,39.1673,38.9623,1.2937,0.9021,-1.7566,,,1997377.85,0.8362,39.8,42.15,42.15,37.85,37.7,37.7,0.6944,-0.0442,-0.0442,0.4817,-1.6332,-7.1174,-7.1174,3.8462,3.8462
20240326,2520,冠德,TWSE,39.25,39.95,39.25,39.75,3203453.0,127094060.0,TWSE_RWD_JSON_MI_INDEX,data/daily_price/daily_price_20240326.csv,38.97,38.9125,39.1783,39.1783,39.028,1.5326,2.0539,1.6624,,,2060445.0,1.5547,39.95,42.15,42.15,37.85,37.7,37.7,2.1523,1.4592,1.4592,1.85,-0.5006,-5.694,-5.694,5.4377,5.4377
20240327,2520,冠德,TWSE,40.1,41.4,40.05,41.3,8712970.0,357072370.0,TWSE_RWD_JSON_MI_INDEX,data/daily_price/daily_price_20240327.csv,39.57,39.015,39.2176,39.2176,39.2173,3.8994,7.8329,5.2229,,,2415124.95,3.6077,41.4,42.15,42.15,37.85,37.7,37.7,5.8567,5.3099,5.3099,5.3107,-0.2415,-2.0166,-2.0166,9.5491,9.5491
20240328,2520,冠德,TWSE,41.5,42.0,41.0,41.05,3583653.0,148282169.0,TWSE_RWD_JSON_MI_INDEX,data/daily_price/daily_price_20240328.csv,39.98,39.0925,39.2509,39.2509,39.37,-0.6053,5.2564,3.9241,,,2524997.95,1.4193,42.0,42.15,42.15,37.85,37.7,37.7,5.0074,4.5836,4.5836,4.2671,-2.2619,-2.6097,-2.6097,8.8859,8.8859
20240329,2520,冠德,TWSE,41.05,41.8,41.05,41.8,2880243.0,119429991.0,TWSE_RWD_JSON_MI_INDEX,data/daily_price/daily_price_20240329.csv,40.61,39.225,39.2964,39.2964,39.5725,1.827,8.1501,6.7688,,,2594752.75,1.11,42.0,42.15,42.15,37.85,37.7,37.7,6.5647,6.371,6.371,5.6288,-0.4762,-0.8304,-0.8304,10.8753,10.8753
20240401,2520,冠德,TWSE,42.15,43.0,41.3,42.35,6907598.0,291518783.0,TWSE_RWD_JSON_MI_INDEX,data/daily_price/daily_price_20240401.csv,41.25,39.3975,39.35,39.35,39.804,1.3158,8.1737,8.8689,,,2845933.15,2.4272,43.0,43.0,43.0,37.85,37.7,37.7,7.4941,7.6239,7.6239,6.3964,-1.5116,-1.5116,-1.5116,12.3342,12.3342
20240402,2520,冠德,TWSE,42.9,43.55,42.5,42.65,5543795.0,238434406.0,TWSE_RWD_JSON_MI_INDEX,data/daily_price/daily_price_20240402.csv,41.83,39.595,39.4069,39.4069,40.0412,0.7084,7.2956,10.2067,,,3016610.1,1.8378,43.55,43.55,43.55,37.85,37.7,37.7,7.7156,8.2298,8.2298,6.5154,-2.0666,-2.0666,-2.0666,13.13,13.13
20240403,2520,冠德,TWSE,42.5,42.5,41.65,41.85,3393778.0,142672534.0,TWSE_RWD_JSON_MI_INDEX,data/daily_price/daily_price_20240403.csv,41.94,39.75,39.4483,39.4483,40.1919,-1.8757,1.3317,8.0,,,3136346.8,1.0821,43.55,43.55,43.55,37.85,37.7,37.7,5.283,6.0882,6.0882,4.1255,-3.9036,-3.9036,-3.9036,11.008,11.008
20240408,2520,冠德,TWSE,41.9,42.65,41.7,42.5,4589852.0,194351612.0,TWSE_RWD_JSON_MI_INDEX,data/daily_price/daily_price_20240408.csv,42.23,39.9525,39.4992,39.4992,40.3842,1.5532,3.5323,10.5332,,,3239962.9,1.4166,43.55,43.55,43.55,37.85,37.7,37.7,6.3763,7.5972,7.5972,5.2391,-2.411,-2.411,-2.411,12.7321,12.7321
20240409,2520,冠德,TWSE,42.9,42.95,42.25,42.75,3440097.0,146939436.0,TWSE_RWD_CSV_MI_INDEX,data/daily_price/daily_price_20240409.csv,42.42,40.18,39.56,39.5525,40.5814,0.5882,2.2727,11.911,9.335,,3313374.4,1.0382,43.55,43.55,43.55,38.25,37.7,37.7,6.3962,8.0637,8.0843,5.3439,-1.837,-1.837,-1.837,13.3952,13.3952
20240410,2520,冠德,TWSE,43.0,43.65,42.75,43.5,5035663.0,218156262.0,TWSE_RWD_JSON_MI_INDEX,data/daily_price/daily_price_20240410.csv,42.65,40.4175,39.6383,39.6161,40.8246,1.7544,2.7155,12.2581,12.1134,,3496704.95,1.4401,43.65,43.65,43.65,38.25,37.7,37.7,7.6266,9.7423,9.8038,6.5534,-0.3436,-0.3436,-0.3436,15.3846,15.3846
20240411,2520,冠德,TWSE,44.0,45.25,42.35,44.9,11544587.0,508280769.0,TWSE_RWD_JSON_MI_INDEX,data/daily_price/daily_price_20240411.csv,43.1,40.6975,39.7217,39.7,41.1642,3.2184,5.2755,14.2494,12.5313,,3962571.4,2.9134,45.25,45.25,45.25,38.25,37.7,37.7,10.3262,13.0365,13.0982,9.0753,-0.7735,-0.7735,-0.7735,19.0981,19.0981
20240412,2520,冠德,TWSE,45.05,45.5,44.3,45.25,6948188.0,312291718.0,TWSE_RWD_JSON_MI_INDEX,data/daily_price/daily_price_20240412.csv,43.78,41.0275,39.7942,39.7867,41.5047,0.7795,8.1243,17.0763,10.6357,,4150048.3,1.6742,45.5,45.5,45.5,38.25,37.7,37.7,10.2919,13.7101,13.7314,9.0238,-0.5495,-0.5495,-0.5495,20.0265,20.0265
20240415,2520,冠德,TWSE,45.2,45.2,44.05,44.2,4264249.0,189554438.0,TWSE_RWD_JSON_MI_INDEX,data/daily_price/daily_price_20240415.csv,44.12,41.2625,39.8508,39.8546,41.7293,-2.3204,4.0,11.8987,8.3333,,4187652.55,1.0183,45.5,45.5,45.5,38.25,37.7,37.7,7.1191,10.9136,10.9031,5.9208,-2.8571,-2.8571,-2.8571,17.2414,17.2414
20240416,2520,冠德,TWSE,43.85,43.95,42.7,43.2,7085673.0,306269792.0,TWSE_RWD_JSON_MI_INDEX,data/daily_price/daily_price_20240416.csv,44.21,41.495,39.9058,39.9053,41.8519,-2.2624,1.0526,12.0623,8.2707,,4399437.75,1.6106,45.5,45.5,45.5,38.25,37.7,37.7,4.1089,8.2548,8.2563,3.2212,-5.0549,-5.0549,-5.0549,14.5889,14.5889
20240417,2520,冠德,TWSE,43.8,44.95,43.4,44.95,5183057.0,230098415.0,TWSE_RWD_JSON_MI_INDEX,data/daily_price/daily_price_20240417.csv,44.5,41.8025,40.0008,39.9806,42.11,4.0509,3.3333,15.8505,14.5223,,4557736.35,1.1372,45.5,45.5,45.5,38.25,37.7,37.7,7.5295,12.3727,12.4295,6.7441,-1.2088,-1.2088,-1.2088,19.2308,19.2308
20240418,2520,冠德,TWSE,45.3,49.4,45.05,49.4,19542103.0,935615617.0,TWSE_RWD_JSON_MI_INDEX,data/daily_price/daily_price_20240418.csv,45.4,42.325,40.1708,40.1191,42.7175,9.8999,10.0223,26.8293,26.0204,,5455217.5,3.5823,49.4,49.4,49.4,38.25,37.7,37.7,16.7159,22.9748,23.1333,15.6434,0.0,0.0,0.0,31.0345,31.0345
20240419,2520,冠德,TWSE,50.0,51.3,46.35,49.4,40260722.0,1964027685.0,TWSE_RWD_JSON_MI_INDEX,data/daily_price/daily_price_20240419.csv,46.23,42.88,40.3425,40.2536,43.2744,0.0,9.1713,28.9817,26.3427,,7340714.35,5.4846,51.3,51.3,51.3,38.35,37.7,37.7,15.2052,22.4515,22.7219,14.1552,-3.7037,-3.7037,-3.7037,31.0345,31.0345
20240422,2520,冠德,TWSE,50.6,54.3,46.8,48.95,70551666.0,3608209171.0,TWSE_RWD_JSON_MI_INDEX,data/daily_price/daily_price_20240422.csv,47.18,43.3775,40.4925,40.3779,43.7474,-0.9109,10.7466,25.5128,22.5282,,10785910.1,6.5411,54.3,54.3,54.3,38.35,37.7,37.7,12.8465,20.8866,21.2298,11.8924,-9.8527,-9.8527,-9.8527,29.8408,29.8408
20240423,2520,冠德,TWSE,48.95,51.4,47.35,50.8,24479746.0,1209627016.0,TWSE_RWD_JSON_MI_INDEX,data/daily_price/daily_price_20240423.csv,48.7,43.985,40.6858,40.5246,44.3351,3.7794,17.5926,31.436,29.5918,,11941067.7,2.05,54.3,54.3,54.3,38.6,37.7,37.7,15.4939,24.8592,25.3558,14.5819,-6.4457,-6.4457,-6.4457,34.748,34.748
20240424,2520,冠德,TWSE,51.5,51.9,49.5,50.5,14617105.0,741054272.0,TWSE_RWD_JSON_MI_INDEX,data/daily_price/daily_price_20240424.csv,49.81,44.5525,40.8967,40.6632,44.8488,-0.5906,12.3471,28.9911,33.4214,,12588409.9,1.1612,54.3,54.3,54.3,39.25,37.75,37.7,13.3494,23.4819,24.1909,12.6005,-6.9982,-6.9982,-6.9982,33.7748,33.9523
20240425,2520,冠德,TWSE,50.3,53.5,50.0,52.5,24849053.0,1302379786.0,TWSE_RWD_JSON_MI_INDEX,data/daily_price/daily_price_20240425.csv,50.43,45.19,41.1383,40.8253,45.4864,3.9604,6.2753,32.0755,38.1579,,13670689.9,1.8177,54.3,54.3,54.3,40.05,37.75,37.7,16.1761,27.6182,28.5966,15.419,-3.3149,-3.3149,-3.3149,39.0728,39.2573
20240426,2520,冠德,TWSE,52.7,57.5,51.7,54.6,30746716.0,1680189418.0,TWSE_RWD_JSON_MI_INDEX,data/daily_price/daily_price_20240426.csv,51.47,45.855,41.4133,41.0115,46.2459,4.0,10.5263,32.2034,43.3071,,14772377.2,2.0814,57.5,57.5,57.5,41.0,37.85,37.7,19.071,31.8416,33.1334,18.0645,-5.0435,-5.0435,-5.0435,44.2536,44.8276
20240429,2520,冠德,TWSE,56.5,58.9,55.0,57.5,35979188.0,2056760385.0,TWSE_RWD_JSON_MI_INDEX,data/daily_price/daily_price_20240429.csv,53.18,46.6775,41.725,41.2313,47.1837,5.3114,17.4668,40.0731,48.1959,,16392153.95,2.1949,58.9,58.9,58.9,41.05,37.85,37.7,23.1857,37.8071,39.457,21.864,-2.3769,-2.3769,-2.3769,51.9155,52.5199
20240430,2520,冠德,TWSE,56.5,57.4,53.3,56.3,24299919.0,1346296338.0,TWSE_RWD_JSON_MI_INDEX,data/daily_price/daily_price_20240430.csv,54.28,47.4025,42.0225,41.4296,47.9434,-2.087,10.8268,34.689,46.4239,,17463137.75,1.3915,58.9,58.9,58.9,41.3,37.85,37.7,18.7701,33.9758,35.8932,17.4301,-4.4143,-4.4143,-4.4143,48.745,49.3369
20240502,2520,冠德,TWSE,57.5,60.5,57.3,60.0,36358693.0,2155959261.0,TWSE_RWD_JSON_MI_INDEX,data/daily_price/daily_price_20240502.csv,56.18,48.285,42.38,41.6708,48.9481,6.5719,18.8119,41.6765,55.642,,18935692.5,1.9201,60.5,60.5,60.5,41.65,37.85,37.7,24.2622,41.5762,43.9858,22.5787,-0.8264,-0.8264,-0.8264,58.5205,59.1512
20240503,2520,冠德,TWSE,60.0,61.2,58.2,61.0,26408751.0,1582812073.0,TWSE_RWD_JSON_MI_INDEX,data/daily_price/daily_price_20240503.csv,57.88,49.2025,42.7542,41.9186,49.9525,1.6667,16.1905,43.0246,58.2361,,19978940.3,1.3218,61.2,61.2,61.2,41.65,37.85,37.7,23.9774,42.6762,45.5202,22.1161,-0.3268,-0.3268,-0.3268,61.1625,61.8037
20240506,2520,冠德,TWSE,62.0,63.9,59.7,63.4,30065281.0,1867401996.0,TWSE_RWD_JSON_MI_INDEX,data/daily_price/daily_price_20240506.csv,59.64,50.28,43.145,42.1905,51.0731,3.9344,16.1172,51.4934,58.6984,,21312515.45,1.4107,63.9,63.9,63.9,41.7,37.85,37.7,26.0939,46.9463,50.2708,24.1358,-0.7825,-0.7825,-0.7825,67.5033,68.1698
20240507,2520,冠德,TWSE,62.8,63.9,58.6,61.6,33497547.0,2051814949.0,TWSE_RWD_JSON_MI_INDEX,data/daily_price/daily_price_20240507.csv,60.46,51.235,43.5125,42.4331,51.9503,-2.8391,7.1304,44.9412,55.7522,,22757900.2,1.4719,63.9,63.9,63.9,42.25,37.85,37.7,20.2303,41.5685,45.1696,18.5748,-3.5994,-3.5994,-3.5994,62.7477,63.3952
20240508,2520,冠德,TWSE,61.0,62.0,58.1,58.2,20271461.0,1198121109.0,TWSE_RWD_JSON_MI_INDEX,data/daily_price/daily_price_20240508.csv,60.84,52.0075,43.8292,42.6278,52.4711,-5.5195,3.3748,36.1404,48.4694,,23599468.4,0.859,63.9,63.9,63.9,42.35,37.85,37.7,11.9069,32.7883,36.5307,10.9181,-8.9202,-8.9202,-8.9202,53.7649,54.3767
20240509,2520,冠德,TWSE,58.5,60.7,56.9,57.1,19835610.0,1165656866.0,TWSE_RWD_JSON_MI_INDEX,data/daily_price/daily_price_20240509.csv,60.26,52.6875,44.1217,42.8043,52.8569,-1.89,-4.8333,31.2644,44.3742,,24339465.75,0.815,63.9,63.9,63.9,42.35,37.85,37.7,8.3749,29.4149,33.3979,8.0276,-10.6416,-10.6416,-10.6416,50.8587,51.4589
20240510,2520,冠德,TWSE,57.8,59.8,56.5,56.9,23189338.0,1349425618.0,TWSE_RWD_JSON_MI_INDEX,data/daily_price/daily_price_20240510.csv,59.44,53.2875,44.4158,42.9741,53.1938,-0.3503,-6.7213,26.7261,44.9682,,24921703.3,0.9305,63.9,63.9,63.9,42.7,37.85,37.7,6.7793,28.1075,32.4053,6.9673,-10.9546,-10.9546,-10.9546,50.3303,50.9284
20240513,2520,冠德,TWSE,56.3,57.6,54.3,56.8,17615641.0,991644928.0,TWSE_RWD_JSON_MI_INDEX,data/daily_price/daily_price_20240513.csv,58.12,53.865,44.7192,43.1387,53.4943,-0.1757,-10.4101,25.5249,47.1503,,25455075.95,0.692,63.9,63.9,63.9,42.7,37.85,37.7,5.4488,27.0149,31.6683,6.1795,-11.1111,-11.1111,-11.1111,50.0661,50.6631
20240514,2520,冠德,TWSE,57.2,57.9,54.4,54.7,15366406.0,850081955.0,TWSE_RWD_JSON_MI_INDEX,data/daily_price/daily_price_20240514.csv,56.74,54.39,44.9825,43.2747,53.5948,-3.6972,-11.2013,23.7557,40.617,,26010183.8,0.5908,63.9,63.9,63.9,42.7,37.85,37.7,0.57,21.6028,26.4018,2.0622,-14.3975,-14.3975,-14.3975,44.5178,45.0928
20240515,2520,冠德,TWSE,54.7,55.5,54.1,54.2,9782280.0,536033924.0,TWSE_RWD_JSON_MI_INDEX,data/daily_price/daily_price_20240515.csv,55.94,54.94,45.2292,43.4017,53.6452,-0.9141,-6.8729,25.463,37.5635,,26145014.15,0.3742,63.9,63.9,63.9,43.4,37.85,37.7,-1.3469,19.8342,24.8798,1.0341,-15.18,-15.18,-15.18,43.1968,43.7666
20240516,2520,冠德,TWSE,54.5,57.5,54.4,56.4,14300761.0,807185540.0,TWSE_RWD_JSON_MI_INDEX,data/daily_price/daily_price_20240516.csv,55.8,55.5125,45.5083,43.5511,53.8748,4.059,-1.2259,25.4727,42.2446,,26600899.35,0.5376,63.9,63.9,63.9,45.05,37.85,37.7,1.5987,23.9333,29.5029,4.6872,-11.7371,-11.7371,-11.7371,49.0092,49.6021
20240517,2520,冠德,TWSE,56.5,58.4,56.2,58.4,12912507.0,741643887.0,TWSE_RWD_JSON_MI_INDEX,data/daily_price/daily_price_20240517.csv,56.1,55.9625,45.8125,43.7199,54.2519,3.5461,2.6362,18.2186,45.4545,,26269419.55,0.4915,63.9,63.9,63.9,46.35,37.85,37.7,4.3556,27.4761,33.5777,7.646,-8.6072,-8.6072,-8.6072,54.2933,54.9072
20240520,2520,冠德,TWSE,60.3,61.6,57.6,58.8,25871184.0,1539169944.0,TWSE_RWD_JSON_MI_INDEX,data/daily_price/daily_price_20240520.csv,56.5,56.4325,46.1292,43.8893,54.6309,0.6849,3.5211,19.0283,47.7387,,25549942.65,1.0126,63.9,63.9,63.9,46.8,37.85,37.7,4.1953,27.4682,33.9733,7.6314,-7.9812,-7.9812,-7.9812,55.3501,55.9682
20240521,2520,冠德,TWSE,58.9,58.9,56.9,57.8,11117973.0,642983632.0,TWSE_RWD_JSON_MI_INDEX,data/daily_price/daily_price_20240521.csv,57.12,56.875,46.4183,44.0439,54.895,-1.7007,5.6673,18.0797,42.8925,,22578258.0,0.4924,63.9,63.9,63.9,47.35,37.85,37.7,1.6264,24.5198,31.2327,5.2919,-9.5462,-9.5462,-9.5462,52.7081,53.3156
20240522,2520,冠德,TWSE,58.3,58.4,56.6,56.9,9066081.0,518931819.0,TWSE_RWD_JSON_MI_INDEX,data/daily_price/daily_price_20240522.csv,57.66,57.18,46.6933,44.1852,55.0621,-1.5571,4.9815,12.0079,40.8416,,21807574.75,0.4157,63.9,63.9,63.9,49.5,37.85,37.7,-0.4897,21.8589,28.7763,3.3379,-10.9546,-10.9546,-10.9546,50.3303,50.9284
20240523,2520,冠德,TWSE,56.8,56.9,52.8,53.9,18888927.0,1023841543.0,TWSE_RWD_JSON_MI_INDEX,data/daily_price/daily_price_20240523.csv,57.16,57.35,46.9275,44.2908,54.9652,-5.2724,-4.4326,6.7327,35.2572,,22021165.85,0.8578,63.9,63.9,63.9,50.0,37.85,37.7,-6.0157,14.858,21.6958,-1.938,-15.6495,-15.6495,-15.6495,42.4042,42.9708
20240524,2520,冠德,TWSE,53.8,54.3,52.8,53.6,6341999.0,339423940.0,TWSE_RWD_JSON_MI_INDEX,data/daily_price/daily_price_20240524.csv,56.2,57.405,47.1692,44.3909,54.8515,-0.5566,-8.2192,2.0952,37.0844,,21095813.15,0.3006,63.9,63.9,63.9,51.7,37.85,37.7,-6.6283,13.6336,20.7456,-2.2816,-16.1189,-16.1189,-16.1189,41.6116,42.1751
20240527,2520,冠德,TWSE,53.6,54.1,52.8,53.5,4287443.0,229188691.0,TWSE_RWD_JSON_MI_INDEX,data/daily_price/daily_price_20240527.csv,55.14,57.35,47.4067,44.4878,54.7388,-0.1866,-9.0136,-2.0147,36.3057,,19772849.5,0.2168,63.9,63.9,63.9,52.8,37.85,37.7,-6.7132,12.8533,20.2578,-2.2632,-16.2754,-16.2754,-16.2754,41.3474,41.9098
20240528,2520,冠德,TWSE,53.7,56.3,53.5,55.6,8994813.0,497256184.0,TWSE_RWD_JSON_MI_INDEX,data/daily_price/daily_price_20240528.csv,54.7,57.255,47.675,44.6047,54.8106,3.9252,-3.8062,-3.3043,40.7595,,18423630.75,0.4882,63.9,63.9,63.9,52.8,37.85,37.7,-2.8906,16.623,24.6504,1.4402,-12.989,-12.989,-12.989,46.8956,47.4801
20240529,2520,冠德,TWSE,55.5,57.2,54.4,55.8,7936854.0,441455642.0,TWSE_RWD_JSON_MI_INDEX,data/daily_price/daily_price_20240529.csv,54.48,57.23,47.9525,44.7214,54.8931,0.3597,-1.9332,-0.8881,42.5287,,17605477.5,0.4508,63.9,63.9,63.9,52.8,37.85,37.7,-2.4987,16.3652,24.7726,1.6522,-12.6761,-12.6761,-12.6761,47.424,48.0106
20240530,2520,冠德,TWSE,55.5,56.5,54.8,55.6,5156303.0,287050320.0,TWSE_RWD_JSON_MI_INDEX,data/daily_price/daily_price_20240530.csv,54.82,57.01,48.2308,44.8335,54.952,-0.3584,3.154,-7.3333,42.9306,,16045358.0,0.3214,63.9,63.9,63.9,52.8,37.85,37.7,-2.4733,15.279,24.0144,1.1793,-12.989,-12.989,-12.989,46.8956,47.4801
20240531,2520,冠德,TWSE,56.0,59.4,55.8,57.6,12955898.0,751526104.0,TWSE_RWD_JSON_MI_INDEX,data/daily_price/daily_price_20240531.csv,55.62,56.84,48.5458,44.9638,55.1726,3.5971,7.4627,-5.5738,48.8372,,15372715.35,0.8428,63.9,63.9,63.9,52.8,37.85,37.7,1.3371,18.6508,28.1031,4.3996,-9.8592,-9.8592,-9.8592,52.1797,52.7851
20240603,2520,冠德,TWSE,57.9,59.4,56.7,59.4,9944325.0,580340867.0,TWSE_RWD_JSON_MI_INDEX,data/daily_price/daily_price_20240603.csv,56.8,56.64,48.89,45.1096,55.5249,3.125,11.028,-6.3091,53.2903,,14366667.55,0.6922,63.9,63.9,63.9,52.8,37.85,37.7,4.8729,21.4972,31.6793,6.979,-7.0423,-7.0423,-7.0423,56.9353,57.5597
20240604,2520,冠德,TWSE,59.4,60.8,58.3,60.8,12253337.0,731413629.0,TWSE_RWD_JSON_MI_INDEX,data/daily_price/daily_price_20240604.csv,57.84,56.6,49.2625,45.2665,55.9645,2.3569,9.3525,-1.2987,58.1274,,13304457.05,0.921,62.0,63.9,63.9,52.8,37.85,37.7,7.4205,23.4205,34.3157,8.6403,-1.9355,-4.8513,-4.8513,60.6341,61.2732
20240605,2520,冠德,TWSE,60.9,62.4,60.2,60.9,14511034.0,884857691.0,TWSE_RWD_JSON_MI_INDEX,data/daily_price/daily_price_20240605.csv,58.86,56.735,49.6408,45.4213,56.3758,0.1645,9.1398,4.6392,59.4241,,13016435.7,1.1148,62.4,63.9,63.9,52.8,38.25,37.7,7.3411,22.6813,34.0781,8.0251,-2.4038,-4.6948,-4.6948,59.2157,61.5385
20240606,2520,冠德,TWSE,61.0,61.8,59.6,61.2,13473009.0,819664308.0,TWSE_RWD_JSON_MI_INDEX,data/daily_price/daily_price_20240606.csv,59.98,56.94,50.015,45.576,56.7778,0.4926,10.0719,7.1804,57.9355,,12698305.65,1.061,62.4,63.9,63.9,52.8,38.25,37.7,7.4816,22.3633,34.2813,7.7886,-1.9231,-4.2254,-4.2254,60.0,62.3342
20240607,2520,冠德,TWSE,61.3,62.8,60.7,61.0,17207185.0,1062584911.0,TWSE_RWD_JSON_MI_INDEX,data/daily_price/daily_price_20240607.csv,60.66,57.145,50.3767,45.7257,57.1297,-0.3268,5.9028,7.2056,55.2163,,12399198.0,1.3878,62.8,63.9,63.9,52.8,38.25,37.7,6.746,21.0878,33.4041,6.7747,-2.8662,-4.5383,-4.5383,59.4771,61.8037
20240611,2520,冠德,TWSE,62.3,62.4,58.9,60.3,17932208.0,1083039489.0,TWSE_RWD_JSON_MI_INDEX,data/daily_price/daily_price_20240611.csv,60.84,57.32,50.7375,45.8659,57.3939,-1.1475,1.5152,6.162,56.0155,,12415026.35,1.4444,62.8,63.9,63.9,52.8,38.25,37.7,5.1989,18.847,31.4703,5.0635,-3.9809,-5.6338,-5.6338,57.6471,59.9469
20240612,2520,冠德,TWSE,60.5,60.5,58.3,59.5,9327839.0,551824847.0,TWSE_RWD_JSON_MI_INDEX,data/daily_price/daily_price_20240612.csv,60.58,57.56,51.0708,45.9957,57.5694,-1.3267,-2.1382,8.7751,50.6329,,12113098.0,0.7701,62.8,63.9,63.9,52.8,38.25,37.7,3.3704,16.5049,29.3599,3.3536,-5.2548,-6.8858,-6.8858,55.5556,57.8249
20240613,2520,冠德,TWSE,59.2,59.6,58.4,58.8,5990283.0,352946095.0,TWSE_RWD_JSON_MI_INDEX,data/daily_price/daily_price_20240613.csv,60.16,57.79,51.4083,46.1165,57.6719,-1.1765,-3.4483,8.4871,52.5292,,11923498.15,0.5024,62.8,63.9,63.9,52.8,38.25,37.7,1.7477,14.3783,27.5031,1.956,-6.3694,-7.9812,-7.9812,53.7255,55.9682
20240614,2520,冠德,TWSE,59.0,61.0,59.0,59.6,10526689.0,633198472.0,TWSE_RWD_JSON_MI_INDEX,data/daily_price/daily_price_20240614.csv,59.84,57.95,51.755,46.2425,57.8326,1.3605,-2.6144,5.6738,53.6082,,11734794.55,0.897,62.8,63.9,63.9,52.8,38.25,37.7,2.8473,15.158,28.8857,3.0561,-5.0955,-6.7293,-6.7293,55.817,58.0902
20240617,2520,冠德,TWSE,59.6,59.7,57.4,57.5,6984795.0,407375599.0,TWSE_RWD_JSON_MI_INDEX,data/daily_price/daily_price_20240617.csv,59.14,57.905,52.0642,46.3468,57.8049,-3.5235,-5.7377,-1.5411,47.6252,,11438408.95,0.6106,62.8,63.9,63.9,52.8,38.25,37.7,-0.6994,10.4406,24.0648,-0.5274,-8.4395,-10.0156,-10.0156,50.3268,52.5199
20240618,2520,冠德,TWSE,57.7,59.3,57.1,59.3,6011872.0,352906387.0,TWSE_RWD_JSON_MI_INDEX,data/daily_price/daily_price_20240618.csv,58.94,57.93,52.4142,46.4656,57.9295,3.1304,-1.6584,0.8503,54.8303,,10445443.35,0.5755,62.8,63.9,63.9,52.8,38.35,37.7,2.3649,13.1374,27.6213,2.3659,-5.5732,-7.1987,-7.1987,54.6284,57.2944
20240619,2520,冠德,TWSE,59.2,59.2,58.2,58.5,4845317.0,283604930.0,TWSE_RWD_JSON_MI_INDEX,data/daily_price/daily_price_20240619.csv,58.74,57.965,52.7392,46.575,57.977,-1.3491,-1.6807,1.2111,50.0,,10131810.55,0.4782,62.8,63.9,63.9,52.8,38.35,37.7,0.923,10.9233,25.6039,0.9021,-6.8471,-8.4507,-8.4507,52.5424,55.1724
20240620,2520,冠德,TWSE,58.3,58.8,57.5,58.5,4480005.0,260576665.0,TWSE_RWD_JSON_MI_INDEX,data/daily_price/daily_price_20240620.csv,58.68,58.045,53.07,46.6824,58.0206,0.0,-0.5102,2.812,51.3583,,9902506.75,0.4524,62.8,63.9,63.9,52.8,38.6,37.7,0.7839,10.2318,25.3148,0.8263,-6.8471,-8.4507,-8.4507,51.5544,55.1724
20240621,2520,冠德,TWSE,58.6,58.7,55.8,56.3,10675087.0,605222853.0,TWSE_RWD_JSON_MI_INDEX,data/daily_price/daily_price_20240621.csv,58.02,58.165,53.3558,46.7683,57.8772,-3.7607,-5.5369,4.4527,43.8059,,9491814.75,1.1247,62.8,63.9,63.9,52.8,39.25,37.7,-3.2064,5.518,20.3807,-2.7251,-10.3503,-11.8936,-11.8936,43.4395,49.3369
20240624,2520,冠德,TWSE,56.3,56.8,55.5,55.5,3332086.0,186182713.0,TWSE_RWD_JSON_MI_INDEX,data/daily_price/daily_price_20240624.csv,57.62,58.26,53.6183,46.8456,57.6791,-1.421,-3.4783,3.5448,39.6226,,9341319.1,0.3567,62.8,63.9,63.9,52.8,40.05,37.7,-4.7374,3.5094,18.4744,-3.778,-11.6242,-13.1455,-13.1455,38.5768,47.2149
20240625,2520,冠德,TWSE,55.5,56.0,54.7,55.5,3102123.0,171579267.0,TWSE_RWD_JSON_MI_INDEX,data/daily_price/daily_price_20240625.csv,56.86,58.36,53.855,46.9215,57.4975,0.0,-6.4081,3.7383,34.3826,,9282053.1,0.3342,62.8,63.9,63.9,53.5,41.0,37.7,-4.9006,3.0545,18.2827,-3.4741,-11.6242,-13.1455,-13.1455,35.3659,47.2149
20240626,2520,冠德,TWSE,55.2,56.0,55.0,56.0,4056162.0,225211777.0,TWSE_RWD_JSON_MI_INDEX,data/daily_price/daily_price_20240626.csv,56.36,58.38,54.1042,47.0004,57.3727,0.9009,-4.2735,0.7194,36.419,,9035120.55,0.4489,62.8,63.9,63.9,54.4,41.05,37.7,-4.0767,3.504,19.1478,-2.3926,-10.828,-12.3631,-12.3631,36.419,48.5411
20240627,2520,冠德,TWSE,55.5,55.7,54.7,55.7,4025654.0,222579546.0,TWSE_RWD_JSON_MI_INDEX,data/daily_price/daily_price_20240627.csv,55.8,58.375,54.3358,47.0754,57.2333,-0.5357,-4.7863,-0.1792,33.2536,,8839560.55,0.4554,62.8,63.9,63.9,54.7,41.3,37.7,-4.5824,2.5106,18.3207,-2.6791,-11.3057,-12.8326,-12.8326,34.8668,47.7454
20240628,2520,冠德,TWSE,55.4,55.8,54.4,54.6,4950354.0,271575072.0,TWSE_RWD_JSON_MI_INDEX,data/daily_price/daily_price_20240628.csv,55.46,58.325,54.54,47.1397,57.0139,-1.9749,-3.0195,-1.7986,28.9256,,8829263.1,0.5607,62.8,63.9,63.9,54.4,41.65,37.7,-6.3866,0.11,15.8258,-4.2339,-13.0573,-14.554,-14.554,31.0924,44.8276
20240701,2520,冠德,TWSE,54.6,58.3,54.1,58.3,10282248.0,588790730.0,TWSE_RWD_JSON_MI_INDEX,data/daily_price/daily_price_20240701.csv,56.02,58.36,54.8008,47.2343,57.1211,6.7766,5.045,1.2153,36.694,,8695580.6,1.1825,62.8,63.9,63.9,54.1,41.65,37.7,-0.1028,6.3852,23.4272,2.0639,-7.1656,-8.7637,-8.7637,39.976,54.6419
20240702,2520,冠德,TWSE,58.7,59.0,56.9,57.7,6534607.0,376477981.0,TWSE_RWD_JSON_MI_INDEX,data/daily_price/daily_price_20240702.csv,56.46,58.275,55.065,47.3223,57.1693,-1.0292,3.964,-2.862,37.8734,,8525094.7,0.7665,62.8,63.9,63.9,54.1,41.7,37.7,-0.9867,4.7853,21.9299,0.9283,-8.121,-9.7027,-9.7027,38.3693,53.0504
20240703,2520,冠德,TWSE,57.5,58.4,56.5,58.4,5592730.0,322771786.0,TWSE_RWD_JSON_MI_INDEX,data/daily_price/daily_price_20240703.csv,56.94,58.155,55.33,47.4146,57.2719,1.2132,4.2857,-3.9474,37.4118,,8192064.35,0.6827,62.8,63.9,63.9,54.1,42.25,37.7,0.4213,5.5485,23.1689,1.9698,-7.0064,-8.6072,-8.6072,38.2249,54.9072
20240704,2520,冠德,TWSE,58.5,58.6,57.5,57.8,4011633.0,232330400.0,TWSE_RWD_JSON_MI_INDEX,data/daily_price/daily_price_20240704.csv,57.36,58.0,55.5808,47.5704,57.3159,-1.0274,3.7702,-5.0903,35.2047,47.8261,7667094.3,0.5232,62.8,63.9,63.9,54.1,42.35,37.7,-0.3448,3.9927,21.5041,0.8447,-7.9618,-9.5462,-9.5462,36.4817,53.3156
20240705,2520,冠德,TWSE,58.0,58.1,57.1,57.7,2025154.0,116581266.0,TWSE_RWD_JSON_MI_INDEX,data/daily_price/daily_price_20240705.csv,57.98,57.825,55.8175,47.7279,57.3479,-0.173,5.6777,-5.719,32.6437,48.7113,7094701.55,0.2854,62.8,63.9,63.9,54.1,42.35,37.7,-0.2162,3.3726,20.8936,0.614,-8.121,-9.7027,-9.7027,36.2456,53.0504
20240708,2520,冠德,TWSE,57.7,58.2,56.7,56.7,3328631.0,190146849.0,TWSE_RWD_JSON_MI_INDEX,data/daily_price/daily_price_20240708.csv,57.66,57.61,56.0142,47.8679,57.2939,-1.7331,-2.7444,-7.0492,26.2806,42.1053,6400773.85,0.52,62.4,63.9,63.9,54.1,42.7,37.7,-1.5796,1.2244,18.4509,-1.0366,-9.1346,-11.2676,-11.2676,32.7869,50.3979
20240709,2520,冠德,TWSE,56.7,56.7,54.8,55.3,4148976.0,230059084.0,TWSE_RWD_JSON_MI_INDEX,data/daily_price/daily_price_20240709.csv,57.18,57.36,56.1817,47.9879,57.1277,-2.4691,-4.1594,-8.2919,22.2099,35.2078,5711612.25,0.7264,61.0,63.9,63.9,54.1,42.7,37.7,-3.5914,-1.5693,15.2373,-3.1994,-9.3443,-13.4585,-13.4585,29.5082,46.6844
20240710,2520,冠德,TWSE,55.2,57.8,55.0,57.6,5046507.0,286471525.0,TWSE_RWD_JSON_MI_INDEX,data/daily_price/daily_price_20240710.csv,57.02,57.265,56.405,48.1279,57.1671,4.1591,-1.3699,-3.1933,30.3167,41.1765,5497545.65,0.918,61.0,63.9,63.9,54.1,42.7,37.7,0.585,2.1186,19.6811,0.7573,-5.5738,-9.8592,-9.8592,34.8946,52.7851
20240711,2520,冠德,TWSE,58.2,59.8,57.3,57.7,10566839.0,617645279.0,TWSE_RWD_JSON_MI_INDEX,data/daily_price/daily_price_20240711.csv,57.0,57.21,56.6467,48.2763,57.2115,0.1736,-0.173,-1.8707,33.5648,44.6115,5726373.45,1.8453,61.0,63.9,63.9,54.1,43.4,37.7,0.8565,1.8595,19.5205,0.8538,-5.4098,-9.7027,-9.7027,32.9493,53.0504
20240712,2520,冠德,TWSE,58.1,58.1,56.8,57.1,3289311.0,188658859.0,TWSE_RWD_JSON_MI_INDEX,data/daily_price/daily_price_20240712.csv,56.88,57.085,56.8492,48.425,57.2022,-1.0399,-1.0399,-4.1946,27.03,45.4777,5364504.55,0.6132,59.8,63.9,63.9,54.1,45.05,37.7,0.0263,0.4412,17.9143,-0.1787,-4.5151,-10.6416,-10.6416,26.7481,51.4589
20240715,2520,冠德,TWSE,57.7,59.7,56.9,59.5,11390748.0,671939156.0,TWSE_RWD_JSON_MI_INDEX,data/daily_price/daily_price_20240715.csv,57.44,57.185,57.0175,48.5942,57.3937,4.2032,4.9383,3.4783,20.4453,51.7857,5584802.2,2.0396,59.8,63.9,63.9,54.1,46.35,37.7,4.0483,4.3539,22.4427,3.6699,-0.5017,-6.8858,-6.8858,28.3711,57.8249
20240716,2520,冠德,TWSE,60.3,61.5,59.5,60.0,20520869.0,1237216718.0,TWSE_RWD_JSON_MI_INDEX,data/daily_price/daily_price_20240716.csv,58.38,57.22,57.1942,48.7683,57.6109,0.8403,8.4991,1.1804,21.4575,53.4527,6310252.05,3.252,61.5,63.9,63.9,54.1,46.8,37.7,4.8584,4.9058,23.0307,4.147,-2.439,-6.1033,-6.1033,28.2051,59.1512
20240717,2520,冠德,TWSE,60.0,65.8,59.7,64.1,33788981.0,2130674392.0,TWSE_RWD_JSON_MI_INDEX,data/daily_price/daily_price_20240717.csv,59.68,57.5,57.4467,48.9696,58.1516,6.8333,11.2847,9.5726,30.9499,60.4506,7757435.25,4.3557,65.8,65.8,65.8,54.1,47.35,37.7,11.4783,11.5818,30.8976,10.229,-2.5836,-2.5836,-2.5836,35.3749,70.0265
20240718,2520,冠德,TWSE,64.3,68.6,62.8,66.7,41629682.0,2751239846.0,TWSE_RWD_JSON_MI_INDEX,data/daily_price/daily_price_20240718.csv,61.48,57.91,57.7117,49.1987,58.864,4.0562,15.5979,14.0171,31.2992,70.1531,9614919.1,4.3297,68.6,68.6,68.6,54.1,49.5,37.7,15.1787,15.5746,35.5726,13.312,-2.7697,-2.7697,-2.7697,34.7475,76.9231
20240719,2520,冠德,TWSE,67.3,67.7,63.0,63.2,25150649.0,1642825237.0,TWSE_RWD_JSON_MI_INDEX,data/daily_price/daily_price_20240719.csv,62.7,58.255,57.9233,49.41,59.2253,-5.2474,10.683,12.2558,25.1485,66.9749,10338697.2,2.4327,68.6,68.6,68.6,54.1,50.0,37.75,8.4885,9.1097,27.9093,6.7111,-7.8717,-7.8717,-7.8717,26.4,67.4172
20240722,2520,冠德,TWSE,63.4,63.7,59.9,61.5,13567602.0,832911761.0,TWSE_RWD_JSON_MI_INDEX,data/daily_price/daily_price_20240722.csv,63.1,58.555,58.0733,49.6058,59.4149,-2.6899,3.3613,10.8108,17.1429,61.8421,10850473.0,1.2504,68.6,68.6,68.6,54.1,51.7,37.75,5.0295,5.9006,23.9774,3.5094,-10.3499,-10.3499,-10.3499,18.9555,62.9139
20240723,2520,冠德,TWSE,62.6,67.3,62.1,65.8,19763772.0,1288579404.0,TWSE_RWD_JSON_MI_INDEX,data/daily_price/daily_price_20240723.csv,64.26,59.07,58.26,49.8367,59.947,6.9919,9.6667,18.5586,20.5128,72.7034,11683555.45,1.6916,68.6,68.6,68.6,54.1,52.8,37.85,11.3933,12.942,32.0313,9.7636,-4.0816,-4.0816,-4.0816,24.6212,73.8441
20240726,2520,冠德,TWSE,64.0,67.2,63.2,64.9,13740698.0,896103509.0,TWSE_RWD_JSON_MI_INDEX,data/daily_price/daily_price_20240726.csv,64.42,59.515,58.3833,50.0542,60.3597,-1.3678,1.248,15.8929,12.8696,67.268,12167782.25,1.1293,68.6,68.6,68.6,54.1,52.8,37.85,9.0481,11.1619,29.6595,7.522,-5.3936,-5.3936,-5.3936,22.9167,71.4663
20240729,2520,冠德,TWSE,62.7,66.2,62.0,62.3,16550474.0,1055307844.0,TWSE_RWD_JSON_MI_INDEX,data/daily_price/daily_price_20240729.csv,63.54,59.845,58.4833,50.2529,60.5214,-4.0062,-6.5967,11.8492,10.6572,62.0286,12794023.25,1.2936,68.6,68.6,68.6,54.1,52.8,37.85,4.1023,6.5261,23.9729,2.9387,-9.1837,-9.1837,-9.1837,17.9924,64.5971
20240730,2520,冠德,TWSE,62.5,63.8,60.7,61.3,11272859.0,701778979.0,TWSE_RWD_JSON_MI_INDEX,data/daily_price/daily_price_20240730.csv,63.16,60.18,58.505,50.4425,60.5863,-1.6051,-3.0063,12.2711,2.1667,59.0143,13110148.5,0.8599,68.6,68.6,68.6,54.1,52.8,37.85,1.8611,4.7774,21.5245,1.178,-10.6414,-10.6414,-10.6414,16.0985,61.9551
20240731,2520,冠德,TWSE,61.1,62.6,59.2,60.5,12073795.0,732608509.0,TWSE_RWD_JSON_MI_INDEX,data/daily_price/daily_price_20240731.csv,62.96,60.29,58.4967,50.6254,60.5791,-1.3051,-1.626,3.7736,-0.8197,56.939,13199725.85,0.9147,68.6,68.6,68.6,54.8,52.8,37.85,0.3483,3.4247,19.5052,-0.1306,-11.8076,-11.8076,-11.8076,14.5833,59.8415
20240801,2520,冠德,TWSE,60.7,64.3,59.5,61.8,15411201.0,958575486.0,TWSE_RWD_JSON_MI_INDEX,data/daily_price/daily_price_20240801.csv,62.16,60.495,58.47,50.8075,60.6809,2.1488,-6.079,7.1057,-2.5237,54.6934,13643555.55,1.1296,68.6,68.6,68.6,54.8,52.8,37.85,2.1572,5.6952,21.6356,1.8443,-9.9125,-9.9125,-9.9125,17.0455,63.2761
20240802,2520,冠德,TWSE,60.7,61.9,56.2,56.2,20314756.0,1188032176.0,TWSE_RWD_JSON_MI_INDEX,data/daily_price/daily_price_20240802.csv,60.42,60.385,58.38,50.9462,60.3075,-9.0615,-13.4052,-3.7671,-8.7662,42.0986,14379656.85,1.4127,68.6,68.6,68.6,54.8,52.8,37.85,-6.9305,-3.7342,10.3123,-6.8109,-18.0758,-18.0758,-18.0758,6.4394,48.4808
20240805,2520,冠德,TWSE,52.8,53.1,50.6,50.6,9931425.0,508962462.0,TWSE_RWD_JSON_MI_INDEX,data/daily_price/daily_price_20240805.csv,58.08,60.025,58.2533,51.0412,59.4985,-9.9644,-18.7801,-12.4567,-13.0584,29.0816,14675646.45,0.6767,68.6,68.6,68.6,50.6,50.6,37.85,-15.7018,-13.138,-0.8645,-14.9558,-26.2391,-26.2391,-26.2391,0.0,33.6856
20240806,2520,冠德,TWSE,51.6,52.0,45.55,46.85,17378793.0,824137195.0,TWSE_RWD_JSON_MI_INDEX,data/daily_price/daily_price_20240806.csv,55.19,59.4825,58.0825,51.1021,58.4445,-7.4111,-23.5726,-18.8042,-17.951,18.4576,15443328.4,1.1253,68.6,68.6,68.6,45.55,45.55,37.85,-21.2373,-19.3389,-8.3208,-19.8384,-31.7055,-31.7055,-31.7055,2.854,23.7781
20240807,2520,冠德,TWSE,47.8,51.5,47.4,51.5,5699614.0,283514822.0,TWSE_RWD_JSON_MI_INDEX,data/daily_price/daily_price_20240807.csv,53.39,59.2225,57.9925,51.2042,57.8658,9.9253,-14.876,-9.1711,-9.4903,31.2102,15561877.55,0.3663,68.6,68.6,68.6,45.55,45.55,37.85,-13.0398,-11.1954,0.5778,-11.0009,-24.9271,-24.9271,-24.9271,13.0626,36.0634
20240808,2520,冠德,TWSE,51.5,53.7,50.3,52.1,14049138.0,731505786.0,TWSE_RWD_JSON_MI_INDEX,data/daily_price/daily_price_20240808.csv,51.45,59.0625,57.9142,51.3167,57.3853,1.165,-15.6958,-5.7866,-8.2746,34.9741,16056885.65,0.875,68.6,68.6,68.6,45.55,45.55,37.85,-11.7884,-10.0393,1.5265,-9.2102,-24.0525,-24.0525,-24.0525,14.3798,37.6486
20240809,2520,冠德,TWSE,53.2,54.1,52.5,53.3,8761612.0,467709893.0,TWSE_RWD_JSON_MI_INDEX,data/daily_price/daily_price_20240809.csv,50.87,58.8475,57.8908,51.4367,57.0448,2.3033,-5.1601,-7.4653,-2.5594,37.018,16242640.9,0.5394,68.6,68.6,68.6,45.55,45.55,37.85,-9.4269,-7.9302,3.6226,-6.5647,-22.3032,-22.3032,-22.3032,17.0143,40.819
20240812,2520,冠德,TWSE,57.7,58.6,56.2,58.6,16716874.0,972454215.0,TWSE_RWD_JSON_MI_INDEX,data/daily_price/daily_price_20240812.csv,52.47,58.8925,57.9642,51.5967,57.1744,9.9437,15.8103,1.5598,8.1181,48.731,16550142.65,1.0101,68.6,68.6,68.6,45.55,45.55,37.85,-0.4967,1.0969,13.5732,2.4934,-14.5773,-14.5773,-14.5773,28.6498,54.8217
20240813,2520,冠德,TWSE,59.2,61.1,58.4,59.2,20510069.0,1218859955.0,TWSE_RWD_JSON_MI_INDEX,data/daily_price/daily_price_20240813.csv,54.94,58.9975,58.0108,51.7596,57.3432,1.0239,26.3607,3.6778,4.9645,49.3064,17411180.55,1.178,68.6,68.6,68.6,45.55,45.55,37.85,0.3432,2.0499,14.375,3.238,-13.7026,-13.7026,-13.7026,29.9671,56.4069
20240814,2520,冠德,TWSE,60.1,60.8,59.1,59.8,9677912.0,579208201.0,TWSE_RWD_JSON_MI_INDEX,data/daily_price/daily_price_20240814.csv,56.6,59.0125,58.0342,51.9233,57.548,1.0135,16.1165,0.5042,2.3973,48.9415,17325538.75,0.5586,68.6,68.6,68.6,45.55,45.55,37.85,1.3345,3.0427,15.1698,3.9133,-12.828,-12.828,-12.828,31.2843,57.9921
20240815,2520,冠德,TWSE,60.1,62.6,59.9,61.2,14596961.0,895324988.0,TWSE_RWD_JSON_MI_INDEX,data/daily_price/daily_price_20240815.csv,58.42,59.0725,58.0742,52.1017,57.8523,2.3411,17.4664,2.0,4.0816,53.7688,17029343.35,0.8572,68.6,68.6,68.6,45.55,45.55,37.85,3.6015,5.3825,17.4627,5.7866,-10.7872,-10.7872,-10.7872,34.3578,61.6909
20240816,2520,冠德,TWSE,61.9,63.0,61.4,62.0,12986655.0,807746862.0,TWSE_RWD_JSON_MI_INDEX,data/daily_price/daily_price_20240816.csv,60.16,58.9675,58.1442,52.2812,58.1979,1.3072,16.3227,-3.2761,7.2664,53.2756,15989227.05,0.8122,68.6,68.6,68.6,45.55,45.55,37.85,5.1427,6.6315,18.5894,6.533,-9.621,-9.621,-9.621,36.1142,63.8045
20240819,2520,冠德,TWSE,62.0,63.2,61.1,62.6,7734505.0,482805652.0,TWSE_RWD_JSON_MI_INDEX,data/daily_price/daily_price_20240819.csv,60.96,58.7625,58.2392,52.4662,58.5648,0.9677,6.8259,-6.1469,10.0176,54.9505,14294468.2,0.5411,67.7,68.6,68.6,45.55,45.55,37.85,6.5305,7.4878,19.3148,6.8902,-7.5332,-8.7464,-8.7464,37.4314,65.3897
20240820,2520,冠德,TWSE,62.9,62.9,57.3,58.7,23502572.0,1396696667.0,TWSE_RWD_CSV_MI_INDEX,data/daily_price/daily_price_20240820.csv,60.86,58.5375,58.3192,52.6233,58.576,-6.23,-0.8446,-7.1203,8.9054,47.3024,14212064.35,1.6537,67.3,68.6,68.6,45.55,45.55,37.85,0.2776,0.653,11.5475,0.2116,-12.7786,-14.4315,-14.4315,28.8694,55.0859
20240821,2520,冠德,TWSE,57.8,58.8,56.0,58.5,12499185.0,722657296.0,TWSE_RWD_JSON_MI_INDEX,data/daily_price/daily_price_20240821.csv,60.6,58.3875,58.4008,52.785,58.5697,-0.3407,-2.1739,-4.878,9.1418,49.6164,14158643.5,0.8828,67.3,68.6,68.6,45.55,45.55,37.85,0.1927,0.1698,10.8269,-0.119,-13.0758,-14.723,-14.723,28.4303,54.5575
20240822,2520,冠德,TWSE,58.5,58.8,56.0,58.2,14774950.0,849555166.0,TWSE_RWD_JSON_MI_INDEX,data/daily_price/daily_price_20240822.csv,60.0,58.0075,58.4792,52.9429,58.5389,-0.5128,-4.902,-11.5502,8.785,48.2803,13909202.4,1.0622,67.2,68.6,68.6,45.55,45.55,37.85,0.3319,-0.4774,9.9297,-0.5789,-13.3929,-15.1603,-15.1603,27.7717,53.7649
20240823,2520,冠德,TWSE,57.6,57.6,56.6,56.6,6260717.0,356890737.0,TWSE_RWD_JSON_MI_INDEX,data/daily_price/daily_price_20240823.csv,58.92,57.5925,58.4958,53.0854,58.3773,-2.7491,-8.7097,-12.7889,1.7986,43.2911,13535203.35,0.4626,66.2,68.6,68.6,45.55,45.55,37.85,-1.7233,-3.241,6.6206,-3.0445,-14.5015,-17.4927,-17.4927,24.2591,49.5376
20240826,2520,冠德,TWSE,57.0,57.7,55.6,55.9,4808722.0,271870438.0,TWSE_RWD_JSON_MI_INDEX,data/daily_price/daily_price_20240826.csv,57.58,57.2725,58.4975,53.225,58.1709,-1.2367,-10.7029,-10.2729,0.1792,42.7842,12948115.75,0.3714,64.3,68.6,68.6,45.55,45.55,37.85,-2.3964,-4.4404,5.0258,-3.9038,-13.0638,-18.5131,-18.5131,22.7223,47.6882
20240827,2520,冠德,TWSE,55.3,57.0,55.1,56.6,4630460.0,260623278.0,TWSE_RWD_JSON_MI_INDEX,data/daily_price/daily_price_20240827.csv,57.16,57.0375,58.5142,53.3725,58.04,1.2522,-3.5775,-7.6672,1.7986,45.5013,12615995.8,0.367,64.3,68.6,68.6,45.55,45.55,37.85,-0.767,-3.2713,6.0471,-2.481,-11.9751,-17.4927,-17.4927,24.2591,49.5376
20240828,2520,冠德,TWSE,57.0,58.2,56.0,56.4,7019812.0,398984810.0,TWSE_RWD_JSON_MI_INDEX,data/daily_price/daily_price_20240828.csv,56.74,56.8325,58.4942,53.52,57.9033,-0.3534,-3.5897,-6.7769,-2.0833,45.7364,12363296.65,0.5678,64.3,68.6,68.6,45.55,45.55,37.85,-0.761,-3.5801,5.3812,-2.5962,-12.2862,-17.7843,-17.7843,23.82,49.0092
20240829,2520,冠德,TWSE,56.5,57.1,55.6,55.9,3741909.0,209832802.0,TWSE_RWD_JSON_MI_INDEX,data/daily_price/daily_price_20240829.csv,56.28,56.5375,58.4358,53.6629,57.7364,-0.8865,-3.9519,-9.5469,-5.8923,44.2581,11779832.05,0.3177,63.2,68.6,68.6,45.55,45.55,37.85,-1.1276,-4.3395,4.1688,-3.1806,-11.5506,-18.5131,-18.5131,22.7223,47.6882
20240830,2520,冠德,TWSE,56.1,57.5,55.7,57.1,5580406.0,316963150.0,TWSE_RWD_JSON_MI_INDEX,data/daily_price/daily_price_20240830.csv,56.38,56.5825,58.3742,53.8183,57.6833,2.1467,0.8834,1.6014,-6.0855,48.5046,11043114.55,0.5053,63.2,68.6,68.6,45.55,45.55,37.85,0.9146,-2.1828,6.0977,-1.0113,-9.6519,-16.7638,-16.7638,25.3568,50.8587
20240902,2520,冠德,TWSE,58.0,59.2,56.9,56.9,7273890.0,420458470.0,TWSE_RWD_JSON_MI_INDEX,data/daily_price/daily_price_20240902.csv,56.58,56.8975,58.3075,53.9742,57.6181,-0.3503,1.7889,12.4506,-6.5681,48.9529,10910237.8,0.6667,63.2,68.6,68.6,45.55,45.55,38.25,0.0044,-2.4139,5.4208,-1.2462,-9.9684,-17.0554,-17.0554,24.9177,48.7582
20240903,2520,冠德,TWSE,57.1,57.1,55.6,56.0,4199806.0,235982103.0,TWSE_RWD_JSON_MI_INDEX,data/daily_price/daily_price_20240903.csv,56.46,57.355,58.2208,54.1179,57.4832,-1.5817,-1.0601,19.5304,-8.4967,44.5161,10251288.45,0.4097,63.2,68.6,68.6,47.4,45.55,38.25,-2.3625,-3.8145,3.4777,-2.5803,-11.3924,-18.3673,-18.3673,22.9418,46.4052
20240904,2520,冠德,TWSE,54.2,55.3,51.7,54.7,5989541.0,324994985.0,TWSE_RWD_JSON_MI_INDEX,data/daily_price/daily_price_20240904.csv,56.12,57.515,58.1158,54.2462,57.2513,-2.3214,-3.0142,6.2136,-10.3279,39.1858,10265784.8,0.5834,63.2,68.6,68.6,50.3,45.55,38.25,-4.8944,-5.8776,0.8365,-4.4563,-13.4494,-20.2624,-20.2624,20.0878,43.0065
20240905,2520,冠德,TWSE,55.4,56.4,54.7,55.1,3332349.0,184641943.0,TWSE_RWD_JSON_MI_INDEX,data/daily_price/daily_price_20240905.csv,55.96,57.665,58.0292,54.3833,57.072,0.7313,-1.4311,5.7582,-8.6235,42.5614,9729945.35,0.3425,63.2,68.6,68.6,51.7,45.55,38.25,-4.4481,-5.0477,1.3178,-3.4553,-12.8165,-19.6793,-19.6793,20.966,44.0523
20240906,2520,冠德,TWSE,55.4,55.5,54.2,55.1,3286446.0,180586760.0,TWSE_RWD_JSON_MI_INDEX,data/daily_price/daily_price_20240906.csv,55.56,57.755,57.9558,54.5133,56.9077,0.0,-3.5026,3.3771,-7.395,39.4937,9456187.05,0.3475,63.2,68.6,68.6,51.7,45.55,38.25,-4.597,-4.9276,1.0762,-3.1765,-12.8165,-19.6793,-19.6793,20.966,44.0523
20240909,2520,冠德,TWSE,54.0,54.6,53.2,53.6,3581576.0,192598191.0,TWSE_RWD_JSON_MI_INDEX,data/daily_price/daily_price_20240909.csv,54.9,57.505,57.8692,54.6388,56.632,-2.7223,-5.7996,-8.5324,-8.8435,39.0402,8799422.15,0.407,63.2,68.6,68.6,51.7,45.55,38.25,-6.7907,-7.3773,-1.9011,-5.3539,-15.1899,-21.8659,-21.8659,17.6729,40.1307
20240910,2520,冠德,TWSE,54.2,54.8,52.1,52.5,3954660.0,210635844.0,TWSE_RWD_JSON_MI_INDEX,data/daily_price/daily_price_20240910.csv,54.2,57.17,57.7508,54.7529,56.2877,-2.0522,-6.25,-11.3176,-11.9128,35.3093,7971651.7,0.4961,63.2,68.6,68.6,51.7,45.55,38.25,-8.1686,-9.0922,-4.1147,-6.7292,-16.9304,-23.4694,-23.4694,15.258,37.2549
20240911,2520,冠德,TWSE,52.6,52.7,50.9,51.1,4727878.0,243343173.0,TWSE_RWD_JSON_MI_INDEX,data/daily_price/daily_price_20240911.csv,53.48,56.735,57.6442,54.8542,55.8554,-2.6667,-6.5814,-14.5485,-11.1304,31.1938,7724150.0,0.6121,63.2,68.6,68.6,50.9,45.55,38.25,-9.9321,-11.3527,-6.8439,-8.5138,-19.1456,-25.5102,-25.5102,12.1844,33.5948
20240912,2520,冠德,TWSE,51.6,52.0,50.7,50.9,3350925.0,171501569.0,TWSE_RWD_JSON_MI_INDEX,data/daily_price/daily_price_20240912.csv,52.64,56.22,57.5042,54.9592,55.4424,-0.3914,-7.6225,-16.8301,-14.1653,32.8982,7161848.2,0.4679,63.2,68.6,68.6,50.7,45.55,38.35,-9.4628,-11.4847,-7.3858,-8.1931,-19.462,-25.8017,-25.8017,11.7453,32.7249
20240913,2520,冠德,TWSE,50.1,52.4,50.1,52.0,3596876.0,186282434.0,TWSE_RWD_JSON_MI_INDEX,data/daily_price/daily_price_20240913.csv,52.02,55.72,57.3958,55.0675,55.1556,2.1611,-5.6261,-16.129,-11.1111,33.3333,6692359.25,0.5375,63.2,68.6,68.6,50.1,45.55,38.35,-6.6762,-9.4011,-5.5704,-5.7212,-17.7215,-24.1983,-24.1983,14.1603,35.5932
20240916,2520,冠德,TWSE,52.5,52.6,51.7,51.7,1874693.0,97486045.0,TWSE_RWD_JSON_MI_INDEX,data/daily_price/daily_price_20240916.csv,51.64,55.175,57.2825,55.1762,54.8676,-0.5769,-3.5448,-17.4121,-11.6239,33.7646,6399368.65,0.2929,62.9,68.6,68.6,50.1,45.55,38.6,-6.2981,-9.7456,-6.3003,-5.7732,-17.806,-24.6356,-24.6356,13.5016,33.9378
20240918,2520,冠德,TWSE,52.3,52.8,51.7,52.0,2616641.0,136353785.0,TWSE_RWD_JSON_MI_INDEX,data/daily_price/daily_price_20240918.csv,51.54,54.84,57.2108,55.2833,54.6286,0.5803,-0.9524,-11.414,-7.6377,32.8225,5355072.1,0.4886,59.2,68.6,68.6,50.1,45.55,39.25,-5.1787,-9.1081,-5.9391,-4.8118,-12.1622,-24.1983,-24.1983,14.1603,32.4841
20240919,2520,冠德,TWSE,52.3,53.1,52.2,52.8,2559563.0,135186489.0,TWSE_RWD_JSON_MI_INDEX,data/daily_price/daily_price_20240919.csv,51.88,54.555,57.1658,55.3921,54.4763,1.5385,3.3268,-9.7436,-4.8649,32.8302,4858091.0,0.5269,59.2,68.6,68.6,50.1,45.55,40.05,-3.2169,-7.6371,-4.6795,-3.077,-10.8108,-23.0321,-23.0321,15.9166,31.8352
20240920,2520,冠德,TWSE,50.2,50.2,47.55,47.6,16966459.0,819875706.0,TWSE_RWD_JSON_MI_INDEX,data/daily_price/daily_price_20240920.csv,51.22,54.025,57.0342,55.4446,53.9032,-9.8485,-6.4833,-18.2131,-14.2342,15.2542,4967666.45,3.4154,59.2,68.6,68.6,47.55,45.55,41.0,-11.8926,-16.5413,-14.1485,-11.6936,-19.5946,-30.6122,-30.6122,4.5005,16.0976
20240923,2520,冠德,TWSE,46.8,48.3,46.25,48.0,8736453.0,414181961.0,TWSE_RWD_JSON_MI_INDEX,data/daily_price/daily_price_20240923.csv,50.42,53.595,56.9008,55.5025,53.4113,0.8403,-7.6923,-15.1943,-14.2857,16.9306,5091453.25,1.7159,59.2,68.6,68.6,46.25,45.55,41.05,-10.4394,-15.6427,-13.5174,-10.1314,-18.9189,-30.0292,-30.0292,5.3787,16.9306
20240924,2520,冠德,TWSE,48.1,48.85,47.7,47.75,4082572.0,196369836.0,TWSE_RWD_JSON_MI_INDEX,data/daily_price/daily_price_20240924.csv,49.63,53.1875,56.7683,55.5521,52.9395,-0.5208,-7.6402,-14.5796,-14.2729,14.2344,5055145.75,0.8076,59.2,68.6,68.6,46.25,45.55,41.3,-10.2233,-15.8862,-14.0446,-9.8027,-19.3412,-30.3936,-30.3936,4.8299,15.6174
20240925,2520,冠德,TWSE,48.35,48.75,48.05,48.05,3679056.0,177686624.0,TWSE_RWD_JSON_MI_INDEX,data/daily_price/daily_price_20240925.csv,48.84,52.76,56.6592,55.5996,52.5321,0.6283,-7.5962,-15.106,-11.9963,13.4593,5007575.55,0.7347,59.2,68.6,68.6,46.25,45.55,41.65,-8.9272,-15.1947,-13.5785,-8.5321,-18.8345,-29.9563,-29.9563,5.4885,15.3661
20240926,2520,冠德,TWSE,48.5,48.9,48.2,48.3,3160544.0,153076365.0,TWSE_RWD_JSON_MI_INDEX,data/daily_price/daily_price_20240926.csv,47.94,52.355,56.4925,55.6467,52.1794,0.5203,-8.5227,-14.3617,-17.1527,13.2474,4814612.15,0.6564,59.2,68.6,68.6,46.25,45.55,41.65,-7.7452,-14.5019,-13.2023,-7.4347,-18.4122,-29.5918,-29.5918,6.0373,15.9664
20240927,2520,冠德,TWSE,48.7,48.95,48.3,48.45,4081265.0,198417595.0,TWSE_RWD_JSON_MI_INDEX,data/daily_price/daily_price_20240927.csv,48.11,51.9825,56.3383,55.7017,51.8686,0.3106,1.7857,-13.3274,-16.0312,15.7706,4831579.95,0.8447,59.2,68.6,68.6,46.25,45.55,41.7,-6.7956,-14.0017,-13.0188,-6.5909,-18.1588,-29.3732,-29.3732,6.3666,16.1871
20240930,2520,冠德,TWSE,48.5,49.2,48.35,48.6,2562692.0,125003109.0,TWSE_RWD_JSON_MI_INDEX,data/daily_price/daily_price_20240930.csv,48.23,51.5575,56.175,55.7525,51.5962,0.3096,1.25,-14.8862,-16.7808,14.3529,4680694.25,0.5475,59.2,68.6,68.6,46.25,45.55,42.25,-5.7363,-13.4846,-12.829,-5.8071,-17.9054,-29.1545,-29.1545,6.6959,15.0296
20241001,2520,冠德,TWSE,49.15,49.15,47.7,48.15,3717807.0,178970599.0,TWSE_RWD_JSON_MI_INDEX,data/daily_price/daily_price_20241001.csv,48.31,51.12,56.0142,55.7975,51.309,-0.9259,0.8377,-15.3779,-16.6955,12.6316,4502890.1,0.8256,57.1,68.6,68.6,46.25,45.55,42.35,-5.8099,-14.0396,-13.7058,-6.1569,-15.6743,-29.8105,-29.8105,5.708,13.6954
20241004,2520,冠德,TWSE,48.05,48.25,47.7,47.85,2747787.0,131575395.0,TWSE_RWD_JSON_MI_INDEX,data/daily_price/daily_price_20241004.csv,48.27,50.7125,55.85,55.8338,51.0208,-0.6231,-0.4162,-14.5536,-17.0711,10.0,4430289.15,0.6202,56.4,68.6,68.6,46.25,45.55,42.35,-5.6446,-14.3241,-14.2991,-6.2147,-15.1596,-30.2478,-30.2478,5.0494,12.987
20241007,2520,冠德,TWSE,48.05,48.85,48.0,48.6,2629349.0,127595948.0,TWSE_RWD_JSON_MI_INDEX,data/daily_price/daily_price_20241007.csv,48.33,50.4075,55.715,55.8646,50.8191,1.5674,0.6211,-11.1517,-14.2857,8.2405,4262279.55,0.6169,56.4,68.6,68.6,46.25,45.55,42.7,-3.5858,-12.7703,-13.0039,-4.3666,-13.8298,-29.1545,-29.1545,6.6959,13.8173
20241008,2520,冠德,TWSE,49.0,49.0,47.75,47.75,4264630.0,205196586.0,TWSE_RWD_JSON_MI_INDEX,data/daily_price/daily_price_20241008.csv,48.19,50.04,55.5892,55.8854,50.5633,-1.749,-1.4448,-13.3394,-13.6528,5.5249,4308893.6,0.9897,55.5,68.6,68.6,46.25,45.55,42.7,-4.5763,-14.102,-14.5573,-5.5639,-13.964,-30.3936,-30.3936,4.8299,11.8267
20241009,2520,冠德,TWSE,47.9,48.15,47.05,47.3,4840921.0,228939233.0,TWSE_RWD_JSON_MI_INDEX,data/daily_price/daily_price_20241009.csv,47.93,49.65,55.4175,55.9112,50.2914,-0.9424,-2.6749,-14.1561,-17.8819,7.0136,4386617.35,1.1036,54.8,68.6,68.6,46.25,45.55,42.7,-4.7331,-14.6479,-15.4016,-5.9481,-13.6861,-31.0496,-31.0496,3.8419,10.7728
20241011,2520,冠德,TWSE,48.15,48.7,47.65,47.65,4766193.0,228804969.0,TWSE_RWD_JSON_MI_INDEX,data/daily_price/daily_price_20241011.csv,47.83,49.3525,55.25,55.9483,50.0712,0.74,-1.0384,-11.1007,-17.4177,10.3009,4445848.2,1.0721,54.8,68.6,68.6,46.25,45.55,43.4,-3.4497,-13.7557,-14.8321,-4.8356,-13.0474,-30.5394,-30.5394,4.6103,9.7926
20241014,2520,冠德,TWSE,47.9,47.9,46.65,46.65,4479546.0,210519019.0,TWSE_RWD_JSON_MI_INDEX,data/daily_price/daily_price_20241014.csv,47.59,49.06,55.0758,55.9625,49.7861,-2.0986,-2.5078,-11.1429,-18.3012,3.782,4472092.5,1.0017,53.1,68.6,68.6,46.25,45.55,45.05,-4.9124,-15.2986,-16.6406,-6.2992,-12.1469,-31.9971,-31.9971,2.4149,3.5516
20241015,2520,冠德,TWSE,46.75,47.1,46.15,47.1,4248122.0,198454032.0,TWSE_RWD_JSON_MI_INDEX,data/daily_price/daily_price_20241015.csv,47.29,48.86,54.8692,55.9433,49.5623,0.9646,-3.0864,-7.8278,-20.8403,-4.6559,4448104.7,0.955,53.1,68.6,68.6,46.15,45.55,45.55,-3.6021,-14.1594,-15.8077,-4.9681,-11.2994,-31.3411,-31.3411,3.4029,3.4029
20241016,2520,冠德,TWSE,46.65,47.45,46.65,47.45,4094191.0,193044103.0,TWSE_RWD_JSON_MI_INDEX,data/daily_price/daily_price_20241016.csv,47.23,48.6875,54.66,55.9271,49.3863,0.7431,-0.6283,-6.778,-20.9167,-3.9474,4485268.0,0.9128,53.1,68.6,68.6,46.15,45.55,45.55,-2.5417,-13.1906,-15.1574,-3.9207,-10.6403,-30.8309,-30.8309,4.1712,4.1712
20241017,2520,冠德,TWSE,47.5,48.2,47.15,47.15,3894392.0,185243557.0,TWSE_RWD_JSON_MI_INDEX,data/daily_price/daily_price_20241017.csv,47.2,48.445,54.3775,55.9121,49.1999,-0.6322,-0.3171,-9.3269,-26.4431,-3.6772,4500143.8,0.8654,53.1,68.6,68.6,46.15,45.55,45.55,-2.6731,-13.2913,-15.6712,-4.1665,-11.2053,-31.2682,-31.2682,3.5126,3.5126
20241018,2520,冠德,TWSE,47.75,47.75,46.85,46.85,2355160.0,111044361.0,TWSE_RWD_JSON_MI_INDEX,data/daily_price/daily_price_20241018.csv,47.04,48.2025,54.0467,55.8792,49.0041,-0.6363,-1.6789,-9.381,-29.7601,-7.7756,4524167.15,0.5206,53.1,67.7,68.6,46.15,45.55,45.55,-2.8059,-13.3157,-16.1584,-4.3957,-11.7702,-30.7976,-31.7055,2.854,2.854
20241021,2520,冠德,TWSE,47.15,47.15,46.15,46.8,2423326.0,112844236.0,TWSE_RWD_JSON_MI_INDEX,data/daily_price/daily_price_20241021.csv,47.07,47.9425,53.7733,55.8483,48.8204,-0.1067,0.3215,-10.0,-25.9494,-7.3267,4514501.4,0.5368,53.1,67.3,68.6,46.15,45.55,45.55,-2.3831,-12.968,-16.2016,-4.1385,-11.8644,-30.4606,-31.7784,2.7442,2.7442
20241022,2520,冠德,TWSE,46.85,47.2,46.45,47.2,1835598.0,85950663.0,TWSE_RWD_JSON_MI_INDEX,data/daily_price/daily_price_20241022.csv,47.09,47.6625,53.535,55.8042,48.6854,0.8547,0.2123,-10.6061,-23.252,-10.0952,4478303.15,0.4099,50.2,67.3,68.6,46.15,45.55,45.55,-0.9704,-11.8334,-15.4185,-3.051,-5.9761,-29.8663,-31.1953,3.6224,3.6224
20241023,2520,冠德,TWSE,47.2,47.5,46.5,46.5,2952574.0,137996454.0,TWSE_RWD_JSON_MI_INDEX,data/daily_price/daily_price_20241023.csv,46.9,47.6075,53.2133,55.7367,48.5033,-1.4831,-2.0021,-2.3109,-29.3313,-14.8352,3777608.9,0.7816,49.2,67.2,68.6,46.15,45.55,45.55,-2.3263,-12.6159,-16.572,-4.1302,-5.4878,-30.8036,-32.2157,2.0856,2.0856
20241024,2520,冠德,TWSE,46.35,46.45,45.65,45.7,3459843.0,158959868.0,TWSE_RWD_JSON_MI_INDEX,data/daily_price/daily_price_20241024.csv,46.61,47.4925,52.8933,55.6383,48.2697,-1.7204,-3.0753,-4.7917,-29.584,-20.5217,3513778.4,0.9847,49.2,66.2,68.6,45.65,45.55,45.55,-3.7743,-13.5997,-17.8624,-5.3236,-7.1138,-30.9668,-33.3819,0.3293,0.3293
20241025,2520,冠德,TWSE,46.2,46.45,45.95,46.2,1611166.0,74346128.0,TWSE_RWD_JSON_MI_INDEX,data/daily_price/daily_price_20241025.csv,46.48,47.415,52.625,55.5542,48.0972,1.0941,-1.3874,-3.2461,-25.8427,-17.9396,3390208.1,0.4752,49.2,64.3,68.6,45.65,45.55,45.55,-2.5625,-12.209,-16.8379,-3.9445,-6.0976,-28.1493,-32.6531,1.427,1.427
20241028,2520,冠德,TWSE,46.25,46.7,46.2,46.3,1324914.0,61478430.0,TWSE_RWD_JSON_MI_INDEX,data/daily_price/daily_price_20241028.csv,46.38,47.3275,52.375,55.44,47.9474,0.2165,-1.0684,-3.642,-24.4698,-22.8333,3272501.0,0.4049,49.2,64.3,68.6,45.65,45.55,45.55,-2.171,-11.599,-16.4863,-3.4359,-5.8943,-27.9938,-32.5073,1.6465,1.6465
20241029,2520,冠德,TWSE,46.3,46.3,45.35,45.4,1991313.0,90854875.0,TWSE_RWD_JSON_MI_INDEX,data/daily_price/daily_price_20241029.csv,46.02,47.1825,52.1233,55.31,47.7351,-1.9438,-3.8136,-6.0041,-24.9587,-25.5738,3214039.45,0.6196,49.2,64.3,68.6,45.35,45.35,45.35,-3.7779,-12.8989,-17.9172,-4.8919,-7.7236,-29.3935,-33.8192,0.1103,0.1103
20241030,2520,冠德,TWSE,45.4,45.45,44.8,45.35,2585199.0,116737715.0,TWSE_RWD_JSON_MI_INDEX,data/daily_price/daily_price_20241030.csv,45.79,47.0275,51.8492,55.1596,47.5364,-0.1101,-2.4731,-6.3983,-26.6181,-28.47,3139236.15,0.8235,49.2,63.2,68.6,44.8,44.8,44.8,-3.5671,-12.5348,-17.784,-4.5994,-7.8252,-28.2437,-33.8921,1.2277,1.2277
20241101,2520,冠德,TWSE,44.8,47.2,44.4,47.1,4653396.0,215240159.0,TWSE_RWD_JSON_MI_INDEX,data/daily_price/daily_price_20241101.csv,46.07,46.9525,51.6975,55.0388,47.5,3.8589,3.0635,-3.0864,-16.1922,-23.539,3243771.35,1.4346,49.15,63.2,68.6,44.4,44.4,44.4,0.3141,-8.8931,-14.4239,-0.8421,-4.1709,-25.4747,-31.3411,6.0811,6.0811
20241104,2520,冠德,TWSE,47.2,47.3,46.25,46.7,2231426.0,104264332.0,TWSE_RWD_JSON_MI_INDEX,data/daily_price/daily_price_20241104.csv,46.17,46.88,51.6325,54.9429,47.4333,-0.8493,1.0823,-3.0114,-7.7075,-19.7595,3169452.3,0.704,49.0,63.2,68.6,44.4,44.4,44.4,-0.384,-9.5531,-15.0027,-1.5461,-4.6939,-26.1076,-31.9242,5.1802,5.1802
20241105,2520,冠德,TWSE,46.8,47.9,46.8,47.3,2974140.0,141069228.0,TWSE_RWD_JSON_MI_INDEX,data/daily_price/daily_price_20241105.csv,46.37,46.8525,51.64,54.8612,47.4222,1.2848,2.1598,-1.1494,0.9605,-17.1629,3180769.95,0.935,49.0,63.2,68.6,44.4,44.4,44.4,0.9551,-8.4043,-13.7825,-0.2578,-3.4694,-25.1582,-31.0496,6.5315,6.5315
20241106,2520,冠德,TWSE,47.4,48.45,47.35,47.8,3660820.0,175197665.0,TWSE_RWD_JSON_MI_INDEX,data/daily_price/daily_price_20241106.csv,46.85,46.8125,51.5783,54.7854,47.4537,1.0571,5.2863,-1.6461,-7.1845,-15.993,3232343.5,1.1326,49.0,63.2,68.6,44.4,44.4,44.4,2.1095,-7.3254,-12.7505,0.7297,-2.449,-24.3671,-30.3207,7.6577,7.6577
20241107,2520,冠德,TWSE,47.8,48.6,47.65,48.55,3482909.0,167914265.0,TWSE_RWD_JSON_MI_INDEX,data/daily_price/daily_price_20241107.csv,47.49,46.8525,51.5192,54.7167,47.5451,1.569,7.0562,1.6754,-6.8138,-14.5246,3193257.45,1.0907,48.7,63.2,68.6,44.4,44.4,44.4,3.6231,-5.7632,-11.2702,2.1136,-0.308,-23.1804,-29.2274,9.3468,9.3468
20241108,2520,冠德,TWSE,49.2,50.7,49.15,49.6,7497163.0,374076658.0,TWSE_RWD_JSON_MI_INDEX,data/daily_price/daily_price_20241108.csv,47.99,46.9675,51.4575,54.6742,47.7163,2.1627,5.3079,4.8626,-6.9418,-9.3236,3326069.55,2.2541,50.7,63.2,68.6,44.4,44.4,44.4,5.6049,-3.6098,-9.2807,3.9477,-2.1696,-21.519,-27.6968,11.7117,11.7117
20241111,2520,冠德,TWSE,52.0,53.0,51.4,51.7,11917743.0,621240010.0,TWSE_RWD_JSON_MI_INDEX,data/daily_price/daily_price_20241111.csv,48.99,47.17,51.3425,54.6533,48.0483,4.2339,10.7066,8.4995,-11.7747,-4.6125,3683647.05,3.2353,53.0,63.2,68.6,44.4,44.4,44.4,9.6036,0.6963,-5.4038,7.6001,-2.4528,-18.1962,-24.6356,16.4414,16.4414
20241112,2520,冠德,TWSE,51.3,52.4,50.8,51.9,6582278.0,341065427.0,TWSE_RWD_JSON_MI_INDEX,data/daily_price/daily_price_20241112.csv,49.91,47.4325,51.2208,54.6158,48.3693,0.3868,9.7252,11.254,-12.3311,-7.9787,3788783.65,1.7373,53.0,63.2,68.6,44.4,44.4,44.4,9.4186,1.326,-4.9726,7.2995,-2.0755,-17.8797,-24.344,16.8919,16.8919
20241113,2520,冠德,TWSE,51.7,52.2,50.4,50.4,6373312.0,324701361.0,TWSE_RWD_JSON_MI_INDEX,data/daily_price/daily_price_20241113.csv,50.43,47.5975,51.0642,54.5492,48.5385,-2.8902,5.4393,7.0064,-15.7191,-13.6986,3895043.15,1.6363,53.0,63.2,68.6,44.4,44.4,44.4,5.8879,-1.3007,-7.6063,3.8351,-4.9057,-20.2532,-26.5306,13.5135,13.5135
20241114,2520,冠德,TWSE,50.2,51.9,50.2,51.7,4832879.0,248100694.0,TWSE_RWD_JSON_MI_INDEX,data/daily_price/daily_price_20241114.csv,51.06,47.81,50.9058,54.49,48.802,2.5794,6.4882,8.9568,-15.5229,-12.0748,3931977.55,1.2291,53.0,63.2,68.6,44.4,44.4,44.4,8.1364,1.5601,-5.1202,5.9384,-2.4528,-18.1962,-24.6356,16.4414,16.4414
20241115,2520,冠德,TWSE,51.9,52.7,51.8,51.9,4132520.0,215782424.0,TWSE_RWD_JSON_MI_INDEX,data/daily_price/daily_price_20241115.csv,51.52,48.0475,50.7375,54.4408,49.0601,0.3868,4.6371,10.0742,-16.2903,-10.2076,3943883.95,1.0478,53.0,63.2,68.6,44.4,44.4,44.4,8.0181,2.2912,-4.6671,5.7886,-2.0755,-17.8797,-24.344,16.8919,16.8919
20241118,2520,冠德,TWSE,52.6,53.7,52.4,53.1,7658623.0,406693465.0,TWSE_RWD_JSON_MI_INDEX,data/daily_price/daily_price_20241118.csv,51.8,48.36,50.5792,54.4092,49.3968,2.3121,2.7079,13.3404,-15.1757,-6.6784,4209057.1,1.8196,53.7,62.9,68.6,44.4,44.4,44.4,9.8015,4.9839,-2.4062,7.4969,-1.1173,-15.5803,-22.5948,19.5946,19.5946
20241119,2520,冠德,TWSE,52.7,54.8,52.0,54.7,7059839.0,379153660.0,TWSE_RWD_CSV_MI_INDEX,data/daily_price/daily_price_20241119.csv,52.36,48.755,50.5125,54.4158,49.8387,3.0132,5.395,16.8803,-6.8143,1.4842,4440882.75,1.5897,54.8,59.2,68.6,44.4,44.4,44.4,12.1936,8.29,0.5222,9.754,-0.1825,-7.6014,-20.2624,23.1982,23.1982
20241120,2520,冠德,TWSE,54.7,56.0,54.5,56.0,6593807.0,365012975.0,TWSE_RWD_JSON_MI_INDEX,data/daily_price/daily_price_20241120.csv,53.48,49.195,50.4708,54.4358,50.3522,2.3766,11.1111,18.6441,-4.2735,4.4776,4678793.2,1.4093,56.0,59.2,68.6,44.4,44.4,44.4,13.8327,10.9552,2.8734,11.2167,0.0,-5.4054,-18.3673,26.1261,26.1261
20241121,2520,冠德,TWSE,55.8,57.2,55.2,57.0,7745118.0,437040867.0,TWSE_RWD_JSON_MI_INDEX,data/daily_price/daily_price_20241121.csv,54.54,49.72,50.4508,54.465,50.9061,1.7857,10.2515,22.5806,-2.0619,6.5421,4918420.4,1.5747,57.2,59.2,68.6,44.4,44.4,44.4,14.642,12.9813,4.6544,11.9708,-0.3497,-3.7162,-16.9096,28.3784,28.3784
20241122,2520,冠德,TWSE,57.0,58.3,56.3,58.1,7175826.0,412728651.0,TWSE_RWD_JSON_MI_INDEX,data/daily_price/daily_price_20241122.csv,55.78,50.34,50.4758,54.4858,51.5056,1.9298,11.9461,27.1335,2.6502,4.4964,5104219.55,1.4059,58.3,59.2,68.6,44.4,44.4,44.4,15.4152,15.1046,6.6332,12.8032,-0.3431,-1.8581,-15.3061,30.8559,30.8559
20241125,2520,冠德,TWSE,58.5,58.5,57.4,58.3,6232506.0,361517874.0,TWSE_RWD_JSON_MI_INDEX,data/daily_price/daily_price_20241125.csv,56.82,50.945,50.5158,54.5067,52.0718,0.3442,9.7928,26.1905,4.2934,4.4803,5335286.55,1.1682,58.5,59.2,68.6,44.4,44.4,44.4,14.4371,15.4094,6.9594,11.9607,-0.3419,-1.5203,-15.0146,31.3063,31.3063
20241126,2520,冠德,TWSE,58.3,59.0,57.6,58.7,3453980.0,201813480.0,TWSE_RWD_JSON_MI_INDEX,data/daily_price/daily_price_20241126.csv,57.62,51.565,50.5508,54.5325,52.6242,0.6861,7.3126,26.7819,3.7102,5.5755,5441739.85,0.6347,59.0,59.2,68.6,44.4,44.4,44.4,13.8369,16.1207,7.6422,11.5457,-0.5085,-0.8446,-14.4315,32.2072,32.2072
20241127,2520,冠德,TWSE,58.9,58.9,57.1,57.2,6488840.0,374160411.0,TWSE_RWD_JSON_MI_INDEX,data/daily_price/daily_price_20241127.csv,57.86,52.155,50.5642,54.5292,53.0055,-2.5554,2.1429,25.9912,1.4184,-0.6944,5666616.2,1.1451,59.0,59.2,68.6,44.4,44.4,44.4,9.6731,13.1236,4.898,7.9133,-3.0508,-3.3784,-16.6181,28.8288,28.8288
20241128,2520,冠德,TWSE,57.0,57.9,56.3,57.8,5110929.0,291733971.0,TWSE_RWD_JSON_MI_INDEX,data/daily_price/daily_price_20241128.csv,58.02,52.7775,50.5958,54.5158,53.405,1.049,1.4035,27.4531,3.3989,-2.6936,5792902.7,0.8823,59.0,59.2,68.6,44.4,44.4,44.4,9.5164,14.2387,6.0242,8.2295,-2.0339,-2.3649,-15.7434,30.1802,30.1802
20241129,2520,冠德,TWSE,57.7,59.2,57.5,59.2,4696753.0,274777134.0,TWSE_RWD_JSON_MI_INDEX,data/daily_price/daily_price_20241129.csv,58.24,53.3825,50.6308,54.5025,53.8879,2.4221,1.8933,25.69,3.6778,-2.6316,5795070.55,0.8105,59.2,59.2,68.6,46.25,44.4,44.4,10.8978,16.9248,8.6189,9.8576,0.0,0.0,-13.7026,33.3333,33.3333
20241202,2520,冠德,TWSE,59.6,60.8,59.4,59.8,6183443.0,371207431.0,TWSE_RWD_JSON_MI_INDEX,data/daily_price/daily_price_20241202.csv,58.54,54.0375,50.6792,54.4933,54.3806,1.0135,2.5729,28.0514,5.0967,-1.8062,5992671.4,1.0318,60.8,60.8,68.6,46.8,44.4,44.4,10.6639,17.9972,9.7382,9.9656,-1.6447,-1.6447,-12.828,34.6847,34.6847
20241203,2520,冠德,TWSE,59.8,60.2,59.1,59.7,4220549.0,251636712.0,TWSE_RWD_JSON_MI_INDEX,data/daily_price/daily_price_20241203.csv,58.74,54.6575,50.7408,54.4808,54.8239,-0.1672,1.7036,26.2156,6.6071,-2.451,6054991.85,0.697,60.8,60.8,68.6,47.35,44.4,44.4,9.2256,17.6567,9.5798,8.8941,-1.8092,-1.8092,-12.9738,34.4595,34.4595
20241204,2520,冠德,TWSE,59.7,60.5,59.3,60.0,3372038.0,202126756.0,TWSE_RWD_JSON_MI_INDEX,data/daily_price/daily_price_20241204.csv,59.3,55.2675,50.8292,54.4725,55.2552,0.5025,4.8951,25.523,9.6892,-1.6393,6040552.75,0.5582,60.8,60.8,68.6,47.65,44.4,44.4,8.5629,18.0425,10.1473,8.587,-1.3158,-1.3158,-12.5364,35.1351,35.1351
20241205,2520,冠德,TWSE,60.0,60.1,59.0,59.1,3483303.0,206897012.0,TWSE_RWD_JSON_MI_INDEX,data/daily_price/daily_price_20241205.csv,59.56,55.795,50.8958,54.4625,55.5756,-1.5,2.2491,21.7302,7.2595,-1.99,6040572.45,0.5767,60.8,60.8,68.6,49.15,44.4,44.4,5.9235,16.1195,8.515,6.3416,-2.7961,-2.7961,-13.8484,33.1081,33.1081
20241206,2520,冠德,TWSE,59.1,62.7,59.0,62.5,10130271.0,623497206.0,TWSE_RWD_JSON_MI_INDEX,data/daily_price/daily_price_20241206.csv,60.22,56.44,51.0192,54.4875,56.1527,5.753,5.5743,26.0081,13.4301,5.042,6172227.85,1.6413,62.7,62.7,68.6,50.2,44.4,44.4,10.7371,22.503,14.7052,11.3037,-0.319,-0.319,-8.8921,40.7658,40.7658
20241209,2520,冠德,TWSE,63.0,63.0,59.6,60.1,6180348.0,374138021.0,TWSE_RWD_JSON_MI_INDEX,data/daily_price/daily_price_20241209.csv,60.28,56.86,51.1275,54.4983,56.4816,-3.84,0.5017,16.2476,12.1269,2.2109,5885358.1,1.0501,63.0,63.0,68.6,50.2,44.4,44.4,5.6982,17.5493,10.2786,6.4063,-4.6032,-4.6032,-12.3907,35.3604,35.3604
20241210,2520,冠德,TWSE,59.5,60.4,58.0,58.2,6061270.0,355512750.0,TWSE_RWD_JSON_MI_INDEX,data/daily_price/daily_price_20241210.csv,59.98,57.175,51.2225,54.4867,56.6248,-3.1614,-2.5126,12.1387,10.8571,-2.349,5859307.7,1.0345,63.0,63.0,68.6,50.2,44.4,44.4,1.7927,13.6219,6.8151,2.7818,-7.619,-7.619,-15.1603,31.0811,31.0811
20241211,2520,冠德,TWSE,58.4,58.7,57.7,57.8,4082884.0,237361096.0,TWSE_RWD_JSON_MI_INDEX,data/daily_price/daily_price_20241211.csv,59.54,57.545,51.3342,54.4892,56.7227,-0.6873,-3.6667,14.6825,13.1115,0.5217,5744786.3,0.7107,63.0,63.0,68.6,50.2,44.4,44.4,0.4431,12.5956,6.0761,1.8992,-8.254,-8.254,-15.7434,30.1802,30.1802
20241212,2520,冠德,TWSE,58.0,58.2,56.0,56.1,5181143.0,294069113.0,TWSE_RWD_JSON_MI_INDEX,data/daily_price/daily_price_20241212.csv,58.94,57.765,51.4208,54.4625,56.6708,-2.9412,-5.0761,8.5106,10.2161,-5.3963,5762199.5,0.8992,63.0,63.0,68.6,51.8,44.4,44.4,-2.8824,9.0997,3.0067,-1.0073,-10.9524,-10.9524,-18.2216,26.3514,26.3514
20241213,2520,冠德,TWSE,56.2,56.4,53.9,54.3,5056075.0,277153921.0,TWSE_RWD_JSON_MI_INDEX,data/daily_price/daily_price_20241213.csv,57.3,57.885,51.4592,54.4275,56.4733,-3.2086,-13.12,4.6243,4.4231,-7.1795,5808377.25,0.8705,63.0,63.0,68.6,52.0,44.4,44.4,-6.1933,5.5206,-0.2343,-3.8483,-13.8095,-13.8095,-20.8455,22.2973,22.2973
20241216,2520,冠德,TWSE,54.6,56.2,54.6,55.1,3892648.0,215808155.0,TWSE_RWD_JSON_MI_INDEX,data/daily_price/daily_price_20241216.csv,56.3,57.985,51.5158,54.3992,56.3588,1.4733,-8.3195,3.7665,6.5764,-5.812,5620078.5,0.6926,63.0,63.0,68.6,52.0,44.4,44.4,-4.9754,6.9574,1.2883,-2.2336,-12.5397,-12.5397,-19.6793,24.0991,24.0991
20241217,2520,冠德,TWSE,55.1,55.1,52.5,52.5,7351197.0,390663441.0,TWSE_RWD_JSON_MI_INDEX,data/daily_price/daily_price_20241217.csv,55.16,57.875,51.5242,54.3675,56.0373,-4.7187,-9.7938,-4.0219,0.9615,-6.7496,5634646.4,1.3046,63.0,63.0,68.6,52.5,44.4,44.4,-9.2873,1.8939,-3.435,-6.3124,-16.6667,-16.6667,-23.4694,18.2432,18.2432
20241218,2520,冠德,TWSE,52.3,52.6,51.1,51.1,7440923.0,384384392.0,TWSE_RWD_JSON_MI_INDEX,data/daily_price/daily_price_20241218.csv,53.82,57.63,51.4958,54.3308,55.6258,-2.6667,-11.5917,-8.75,-3.2197,-7.9279,5677002.2,1.3107,63.0,63.0,68.6,51.1,44.4,44.4,-11.3309,-0.7687,-5.9466,-8.1362,-18.8889,-18.8889,-25.5102,15.0901,15.0901
20241219,2520,冠德,TWSE,50.8,51.6,50.6,50.9,3909098.0,199247883.0,TWSE_RWD_JSON_MI_INDEX,data/daily_price/daily_price_20241219.csv,52.78,57.325,51.5508,54.2925,55.232,-0.3914,-9.2692,-10.7018,6.9328,-8.2883,5485201.2,0.7127,63.0,63.0,68.6,50.6,44.4,44.4,-11.208,-1.2625,-6.2486,-7.8433,-19.2063,-19.2063,-25.8017,14.6396,14.6396
20241220,2520,冠德,TWSE,52.1,52.7,49.95,49.95,6712070.0,340854384.0,TWSE_RWD_JSON_MI_INDEX,data/daily_price/daily_price_20241220.csv,51.91,56.9175,51.5833,54.2421,54.7918,-1.8664,-8.011,-14.0275,4.0625,-10.8036,5462013.4,1.2289,63.0,63.0,68.6,49.95,44.4,44.4,-12.2414,-3.1664,-7.9128,-8.8368,-20.7143,-20.7143,-27.1866,12.5,12.5
20241223,2520,冠德,TWSE,50.7,51.3,50.4,50.7,3053754.0,155478842.0,TWSE_RWD_JSON_MI_INDEX,data/daily_price/daily_price_20241223.csv,51.03,56.5375,51.6325,54.2004,54.4509,1.5015,-7.9855,-13.036,6.178,-8.9767,5303075.8,0.5758,63.0,63.0,68.6,49.95,44.4,44.4,-10.325,-1.806,-6.4583,-6.8885,-19.5238,-19.5238,-26.0933,14.1892,14.1892
20241224,2520,冠德,TWSE,51.1,51.9,50.8,50.8,2035688.0,104426607.0,TWSE_RWD_JSON_MI_INDEX,data/daily_price/daily_price_20241224.csv,50.69,56.1425,51.6783,54.1688,54.1466,0.1972,-3.2381,-13.4583,5.7232,-6.9597,5232161.2,0.3891,63.0,63.0,68.6,49.95,44.4,44.4,-9.516,-1.6996,-6.219,-6.1807,-19.3651,-19.3651,-25.9475,14.4144,14.4144
20241225,2520,冠德,TWSE,50.9,51.7,50.9,51.3,1621572.0,83232747.0,TWSE_RWD_JSON_MI_INDEX,data/daily_price/daily_price_20241225.csv,50.73,55.8475,51.7283,54.1104,53.9094,0.9843,0.3914,-10.3147,6.2112,-12.0069,4988797.8,0.325,63.0,63.0,68.6,49.95,44.4,44.4,-8.1427,-0.828,-5.1939,-4.8403,-18.5714,-18.5714,-25.2187,15.5405,15.5405
20241226,2520,冠德,TWSE,51.7,52.1,51.2,51.8,2385127.0,123318771.0,TWSE_RWD_JSON_MI_INDEX,data/daily_price/daily_price_20241226.csv,50.91,55.5475,51.7842,54.0612,53.7336,0.9747,1.7682,-10.3806,6.9143,-10.2253,4852507.7,0.4915,63.0,63.0,68.6,49.95,44.4,44.4,-6.7465,0.0306,-4.1828,-3.5985,-17.7778,-17.7778,-24.4898,16.6667,16.6667
20241227,2520,冠德,TWSE,52.0,52.2,50.9,50.9,2101140.0,107787412.0,TWSE_RWD_JSON_MI_INDEX,data/daily_price/daily_price_20241227.csv,51.1,55.1325,51.8225,53.9988,53.4975,-1.7375,1.9019,-14.0203,4.7325,-12.8425,4722727.05,0.4449,63.0,63.0,68.6,49.95,44.4,44.4,-7.677,-1.7801,-5.7386,-4.8553,-19.2063,-19.2063,-25.8017,14.6396,14.6396
20241230,2520,冠德,TWSE,50.9,52.7,50.9,52.1,3986160.0,207570841.0,TWSE_RWD_JSON_MI_INDEX,data/daily_price/daily_price_20241230.csv,51.38,54.7475,51.8883,53.9512,53.381,2.3576,2.7613,-12.8763,8.2035,-9.8616,4612862.9,0.8641,63.0,63.0,68.6,49.95,44.4,44.4,-4.8358,0.4079,-3.4313,-2.3998,-17.3016,-17.3016,-24.0525,17.3423,17.3423
20241231,2520,冠德,TWSE,52.2,52.2,50.8,50.9,3417542.0,175058746.0,TWSE_RWD_JSON_MI_INDEX,data/daily_price/daily_price_20241231.csv,51.4,54.3075,51.9392,53.8946,53.1743,-2.3033,0.1969,-14.7404,6.3741,-11.7851,4572712.55,0.7474,63.0,63.0,68.6,49.95,44.4,44.4,-6.2745,-2.0007,-5.5564,-4.277,-19.2063,-19.2063,-25.8017,14.6396,14.6396
20250102,2520,冠德,TWSE,51.2,51.8,50.9,50.9,1745412.0,89463855.0,TWSE_RWD_JSON_MI_INDEX,data/daily_price/daily_price_20250102.csv,51.32,53.8525,51.9775,53.8462,52.9848,0.0,-0.7797,-15.1667,4.7325,-10.2293,4491381.25,0.3886,63.0,63.0,68.6,49.95,44.4,44.4,-5.4826,-2.073,-5.4716,-3.9346,-19.2063,-19.2063,-25.8017,14.6396,14.6396
20250103,2520,冠德,TWSE,51.5,51.5,50.3,50.3,2610483.0,132224409.0,TWSE_RWD_JSON_MI_INDEX,data/daily_price/daily_price_20250103.csv,51.02,53.4125,52.02,53.8046,52.761,-1.1788,-2.8958,-14.89,5.3403,-9.0416,4447740.25,0.5869,63.0,63.0,68.6,49.95,44.4,44.4,-5.8273,-3.3064,-6.5135,-4.6645,-20.1587,-20.1587,-26.6764,13.2883,13.2883
20250106,2520,冠德,TWSE,50.6,51.5,50.5,50.7,1565784.0,79857020.0,TWSE_RWD_CSV_MI_INDEX,data/daily_price/daily_price_20250106.csv,50.98,52.8225,52.0767,53.7471,52.5893,0.7952,-0.3929,-18.88,7.1882,-11.9792,4019515.9,0.3895,63.0,63.0,68.6,49.95,44.4,44.4,-4.0182,-2.6435,-5.6693,-3.5925,-19.5238,-19.5238,-26.0933,14.1892,14.1892
20250107,2520,冠德,TWSE,51.3,51.4,50.1,50.1,2715630.0,137131277.0,TWSE_RWD_JSON_MI_INDEX,data/daily_price/daily_price_20250107.csv,50.58,52.3225,52.1175,53.6838,52.3818,-1.1834,-3.8388,-16.6389,5.1417,-13.1716,3846280.0,0.706,60.4,63.0,68.6,49.95,44.4,44.4,-4.2477,-3.8711,-6.6757,-4.3561,-17.053,-20.4762,-26.9679,12.8378,12.8378
20250108,2520,冠德,TWSE,50.2,50.8,50.0,50.6,2026299.0,102152717.0,TWSE_RWD_JSON_MI_INDEX,data/daily_price/daily_price_20250108.csv,50.52,51.9425,52.1833,53.6296,52.2333,0.998,-0.5894,-13.0584,8.4673,-11.3835,3644531.45,0.556,58.7,63.0,68.6,49.95,44.4,44.4,-2.5846,-3.0342,-5.6491,-3.127,-13.799,-19.6825,-26.2391,13.964,13.964
20250109,2520,冠德,TWSE,50.7,50.9,49.05,49.1,3038772.0,151000888.0,TWSE_RWD_JSON_MI_INDEX,data/daily_price/daily_price_20250109.csv,50.16,51.5075,52.2167,53.5429,51.9722,-2.9644,-3.5363,-15.0519,4.2463,-17.479,3592325.85,0.8459,58.2,63.0,68.6,49.05,44.4,44.4,-4.6741,-5.9687,-8.2979,-5.5265,-15.6357,-22.0635,-28.4257,10.5856,10.5856
20250110,2520,冠德,TWSE,49.0,49.1,48.35,48.5,2471247.0,120025469.0,TWSE_RWD_JSON_MI_INDEX,data/daily_price/daily_price_20250110.csv,49.8,51.1275,52.2342,53.4471,51.6829,-1.222,-3.5785,-13.5472,2.2129,-19.1667,3456831.05,0.7149,56.4,63.0,68.6,48.35,44.4,44.4,-5.1391,-7.1489,-9.256,-6.1585,-14.0071,-23.0159,-29.3003,9.2342,9.2342
20250113,2520,冠德,TWSE,48.75,48.75,47.5,48.2,2526762.0,121322465.0,TWSE_RWD_JSON_MI_INDEX,data/daily_price/daily_price_20250113.csv,49.3,50.8225,52.2517,53.3146,51.3926,-0.6186,-4.931,-11.2339,2.2269,-24.805,3330365.4,0.7587,56.2,63.0,68.6,47.5,44.4,44.4,-5.1601,-7.7541,-9.5932,-6.2123,-14.2349,-23.4921,-29.7376,8.5586,8.5586
20250114,2520,冠德,TWSE,48.6,49.5,48.4,49.25,1406257.0,69032766.0,TWSE_RWD_JSON_MI_INDEX,data/daily_price/daily_price_20250114.csv,49.13,50.53,52.2917,53.1692,51.2141,2.1784,-1.6966,-10.6171,5.1227,-26.1619,3206045.85,0.4386,55.1,63.0,67.7,47.5,44.4,44.4,-2.5331,-5.8167,-7.3711,-3.8351,-10.6171,-21.8254,-27.2526,10.9234,10.9234
20250115,2520,冠德,TWSE,49.25,49.9,49.05,49.25,1599095.0,79197853.0,TWSE_RWD_JSON_MI_INDEX,data/daily_price/daily_price_20250115.csv,48.86,50.3675,52.3325,53.0529,51.0504,0.0,-2.668,-6.1905,5.235,-22.0728,2918440.75,0.5479,52.7,63.0,67.3,47.5,44.4,44.4,-2.2187,-5.8902,-7.1682,-3.5267,-6.5465,-21.8254,-26.8202,10.9234,10.9234
20250116,2520,冠德,TWSE,49.75,50.2,49.15,49.25,1961873.0,97010319.0,TWSE_RWD_JSON_MI_INDEX,data/daily_price/daily_price_20250116.csv,48.89,50.275,52.3667,52.9508,50.9004,0.0,0.3055,-3.6204,4.3432,-19.9187,2644488.25,0.7419,52.7,63.0,67.3,47.5,44.4,44.4,-2.0388,-5.9516,-6.9892,-3.2424,-6.5465,-21.8254,-26.8202,10.9234,10.9234
20250117,2520,冠德,TWSE,33.3,34.15,33.2,34.0,11139911.0,375006092.0,TWSE_RWD_JSON_MI_INDEX,data/daily_price/daily_price_20250117.csv,45.99,49.43,52.1583,52.6858,49.492,-30.9645,-29.8969,-33.2024,-26.8817,-48.3283,3006028.9,3.7059,52.7,63.0,67.2,33.2,33.2,33.2,-31.2159,-34.8139,-35.4665,-31.302,-35.4839,-46.0317,-49.4048,2.4096,2.4096
20250120,2520,冠德,TWSE,49.65,50.3,49.25,50.2,1779718.0,88859839.0,TWSE_RWD_JSON_MI_INDEX,data/daily_price/daily_price_20250120.csv,46.39,49.4425,52.2333,52.5633,49.551,47.6471,4.1494,0.5005,9.8468,-22.6502,2759411.3,0.645,52.7,63.0,66.2,33.2,33.2,33.2,1.5321,-3.8928,-4.4962,1.3097,-4.7438,-20.3175,-24.1692,51.2048,51.2048
20250121,2520,冠德,TWSE,50.2,50.4,49.7,49.85,1334273.0,66629936.0,TWSE_RWD_JSON_MI_INDEX,data/daily_price/daily_price_20250121.csv,46.51,49.4,52.2942,52.4596,49.5759,-0.6972,1.2183,-1.6765,7.9004,-19.9839,2673437.25,0.4991,52.7,63.0,64.3,33.2,33.2,33.2,0.9109,-4.6739,-4.9745,0.5528,-5.408,-20.873,-22.4728,50.1506,50.1506
20250122,2520,冠德,TWSE,50.2,50.9,49.85,50.9,3016132.0,152197272.0,TWSE_RWD_JSON_MI_INDEX,data/daily_price/daily_price_20250122.csv,46.84,49.405,52.3708,52.3729,49.6863,2.1063,3.3503,0.1969,9.9352,-16.9657,2722459.45,1.1079,52.7,63.0,64.3,33.2,33.2,33.2,3.026,-2.8085,-2.8124,2.4428,-3.4156,-19.2063,-20.8398,53.3133,53.3133
20250203,2520,冠德,TWSE,50.4,51.5,49.65,51.2,2669825.0,135315523.0,TWSE_RWD_JSON_MI_INDEX,data/daily_price/daily_price_20250203.csv,47.23,49.4,52.4675,52.2954,49.8124,0.5894,3.9594,-0.1949,12.7753,-15.3719,2774872.1,0.9621,52.7,63.0,64.3,33.2,33.2,33.2,3.6437,-2.4158,-2.0947,2.7856,-2.8463,-18.7302,-20.3733,54.2169,54.2169
20250204,2520,冠德,TWSE,51.4,51.8,50.8,50.8,2060428.0,105516895.0,TWSE_RWD_JSON_MI_INDEX,data/daily_price/daily_price_20250204.csv,50.59,49.35,52.5583,52.2038,49.8947,-0.7813,49.4118,-1.9305,12.0176,-17.7994,2758637.15,0.7469,52.7,63.0,63.2,33.2,33.2,33.2,2.9382,-3.3455,-2.689,1.8144,-3.6053,-19.3651,-19.6203,53.012,53.012
20250205,2520,冠德,TWSE,51.3,51.3,50.8,51.2,1143920.0,58435226.0,TWSE_RWD_JSON_MI_INDEX,data/daily_price/daily_price_20250205.csv,50.79,49.365,52.6267,52.1621,50.0035,0.7874,1.992,0.5894,8.7049,-8.8968,2710776.15,0.422,52.7,63.0,63.2,33.2,33.2,33.2,3.7172,-2.7109,-1.8444,2.3929,-2.8463,-18.7302,-18.9873,54.2169,54.2169
20250206,2520,冠德,TWSE,51.4,51.6,50.8,51.1,1341395.0,68709903.0,TWSE_RWD_JSON_MI_INDEX,data/daily_price/daily_price_20250206.csv,51.04,49.315,52.7,52.1662,50.0949,-0.1953,2.5075,-1.9194,9.4218,0.9881,2578537.9,0.5202,52.2,63.0,63.2,33.2,33.2,33.2,3.6196,-3.0361,-2.0439,2.0065,-2.1073,-18.8889,-19.1456,53.9157,53.9157
20250207,2520,冠德,TWSE,51.1,51.6,50.8,51.5,2259170.0,115587162.0,TWSE_RWD_JSON_MI_INDEX,data/daily_price/daily_price_20250207.csv,51.16,49.345,52.77,52.205,50.212,0.7828,1.1788,1.1788,8.8795,9.9253,2520619.3,0.8963,51.8,63.0,63.2,33.2,33.2,33.2,4.3672,-2.4067,-1.3504,2.5652,-0.5792,-18.254,-18.5127,55.1205,55.1205
20250210,2520,冠德,TWSE,51.1,52.5,51.1,52.0,3018642.0,157192736.0,TWSE_RWD_JSON_MI_INDEX,data/daily_price/daily_price_20250210.csv,51.32,49.4,52.84,52.2092,50.361,0.9709,1.5625,2.1611,8.7866,0.9709,2584280.8,1.1681,52.5,63.0,63.2,33.2,33.2,33.2,5.2632,-1.5897,-0.4006,3.2546,-0.9524,-17.4603,-17.7215,56.6265,56.6265
20250211,2520,冠德,TWSE,52.7,53.5,52.2,53.3,4049242.0,214545485.0,TWSE_RWD_JSON_MI_INDEX,data/daily_price/daily_price_20250211.csv,51.82,49.55,52.9192,52.2192,50.6059,2.5,4.9213,5.9642,9.7837,2.3033,2656218.75,1.5244,53.5,63.0,63.2,33.2,33.2,33.2,7.5681,0.7197,2.0698,5.3237,-0.3738,-15.3968,-15.6646,60.5422,60.5422
20250212,2520,冠德,TWSE,53.5,54.8,53.3,53.8,4971159.0,269519869.0,TWSE_RWD_JSON_MI_INDEX,data/daily_price/daily_price_20250212.csv,52.34,49.705,52.9892,52.2233,50.8721,0.9381,5.0781,6.1144,8.4677,0.9381,2826487.5,1.7588,54.8,63.0,63.2,33.2,33.2,33.2,8.2386,1.5302,3.0191,5.7555,-1.8248,-14.6032,-14.8734,62.0482,62.0482
20250213,2520,冠德,TWSE,54.3,54.9,53.8,54.0,3340901.0,181588172.0,TWSE_RWD_JSON_MI_INDEX,data/daily_price/daily_price_20250213.csv,52.92,49.9,53.0275,52.185,51.1327,0.3717,5.6751,7.7844,4.4487,-7.8498,2857751.05,1.1691,54.9,63.0,63.2,33.2,33.2,33.2,8.2164,1.834,3.478,5.6075,-1.6393,-14.2857,-14.557,62.6506,62.6506
20250214,2520,冠德,TWSE,54.0,54.0,53.4,53.6,2372169.0,127111459.0,TWSE_RWD_JSON_MI_INDEX,data/daily_price/daily_price_20250214.csv,53.34,50.05,53.0558,52.1383,51.3383,-0.7407,4.0777,5.9289,3.2755,-9.4595,2875044.55,0.8251,54.9,63.0,63.2,33.2,33.2,33.2,7.0929,1.0256,2.8034,4.4054,-2.3679,-14.9206,-15.1899,61.4458,61.4458
20250217,2520,冠德,TWSE,53.7,54.2,53.4,53.9,1734985.0,93507823.0,TWSE_RWD_JSON_MI_INDEX,data/daily_price/daily_price_20250217.csv,53.72,50.29,53.1142,52.0892,51.5518,0.5597,3.6538,9.776,6.9444,-9.8662,2809855.2,0.6175,54.9,63.0,63.2,33.2,33.2,33.2,7.1784,1.4795,3.4764,4.555,-1.8215,-14.4444,-14.7152,62.3494,62.3494
20250218,2520,冠德,TWSE,54.3,54.8,54.2,54.2,2135184.0,116402178.0,TWSE_RWD_JSON_MI_INDEX,data/daily_price/daily_price_20250218.csv,53.9,50.575,53.1558,52.0308,51.7725,0.5566,1.6886,11.7526,4.8356,-11.4379,2793052.05,0.7645,54.9,63.0,63.2,33.2,33.2,33.2,7.1676,1.9644,4.169,4.6888,-1.275,-13.9683,-14.2405,63.253,63.253
20250219,2520,冠德,TWSE,54.5,54.9,54.0,54.0,2268372.0,123289028.0,TWSE_RWD_JSON_MI_INDEX,data/daily_price/daily_price_20250219.csv,53.94,50.865,53.1908,51.9642,51.9581,-0.369,0.3717,12.0332,4.0462,-12.9032,2780132.55,0.8159,54.9,63.0,63.2,33.2,33.2,33.2,6.1634,1.5213,3.9178,3.9299,-1.6393,-14.2857,-14.557,62.6506,62.6506
20250220,2520,冠德,TWSE,54.1,54.8,53.9,54.4,2174863.0,118637028.0,TWSE_RWD_JSON_MI_INDEX,data/daily_price/daily_price_20250220.csv,54.02,51.1225,53.2125,51.8958,52.1616,0.7407,0.7407,10.4569,2.4482,-13.099,2818562.85,0.7716,54.9,63.0,63.0,33.2,33.2,33.2,6.4111,2.2316,4.8254,4.2913,-0.9107,-13.6508,-13.6508,63.8554,63.8554
20250221,2520,冠德,TWSE,54.5,56.5,54.4,55.4,5128592.0,285654820.0,TWSE_RWD_CSV_MI_INDEX,data/daily_price/daily_price_20250221.csv,54.38,51.43,53.2242,51.8683,52.4315,1.8382,3.3582,12.4873,1.2797,-5.6218,2995037.7,1.7124,56.5,63.0,63.0,33.2,33.2,33.2,7.7192,4.0881,6.8089,5.6617,-1.9469,-12.0635,-12.0635,66.8675,66.8675
20250224,2520,冠德,TWSE,55.6,57.4,55.6,57.1,5783905.0,327953126.0,TWSE_RWD_JSON_MI_INDEX,data/daily_price/daily_price_20250224.csv,55.02,51.8225,53.2425,51.8567,52.8205,3.0686,5.9369,15.9391,1.9643,-2.3932,3186139.3,1.8153,57.4,63.0,63.0,33.2,33.2,33.2,10.1838,7.2452,10.1112,8.1019,-0.5226,-9.3651,-9.3651,71.988,71.988
20250225,2520,冠德,TWSE,58.0,58.3,57.4,57.4,7300002.0,421602185.0,TWSE_RWD_JSON_MI_INDEX,data/daily_price/daily_price_20250225.csv,55.66,52.9925,53.2492,51.85,53.2021,0.5254,5.9041,68.8235,0.7018,-1.3746,2994143.85,2.4381,58.3,63.0,63.0,49.25,33.2,33.2,8.3172,7.7951,10.704,7.8904,-1.5437,-8.8889,-8.8889,72.8916,72.8916
20250226,2520,冠德,TWSE,57.5,57.6,56.1,56.5,4526314.0,256021094.0,TWSE_RWD_JSON_MI_INDEX,data/daily_price/daily_price_20250226.csv,56.16,53.3075,53.2225,51.8492,53.477,-1.5679,4.6296,12.5498,-2.7539,-0.1767,3131473.65,1.4454,58.3,63.0,63.0,49.65,33.2,33.2,5.9888,6.1581,8.9699,5.653,-3.0875,-10.3175,-10.3175,70.1807,70.1807
20250227,2520,冠德,TWSE,54.3,54.8,54.2,54.2,2135184.0,116402178.0,TWSE_RWD_JSON_MI_INDEX,data/daily_price/daily_price_20250227.csv,56.12,53.525,53.1542,51.835,53.5372,-4.0708,-0.3676,8.7262,-7.0326,-3.0411,3171519.2,0.6732,58.3,63.0,63.0,49.65,33.2,33.2,1.2611,1.9675,4.5626,1.238,-7.0326,-13.9683,-13.9683,63.253,63.253
20250303,2520,冠德,TWSE,55.1,56.6,54.7,56.4,2843546.0,158879724.0,TWSE_RWD_JSON_MI_INDEX,data/daily_price/daily_price_20250303.csv,56.32,53.8,53.1158,51.8333,53.7758,4.059,1.8051,10.8055,-3.9182,-0.3534,3162889.9,0.899,58.3,63.0,63.0,49.65,33.2,33.2,4.8327,6.183,8.8103,4.8799,-3.259,-10.4762,-10.4762,69.8795,69.8795
20250304,2520,冠德,TWSE,55.8,57.5,55.4,57.3,3564596.0,201557419.0,TWSE_RWD_JSON_MI_INDEX,data/daily_price/daily_price_20250304.csv,56.36,54.105,53.1175,51.8408,54.0695,1.5957,0.3503,11.9141,0.1748,1.5957,3207628.45,1.1113,58.3,63.0,63.0,50.8,33.2,33.2,5.9052,7.8741,10.5306,5.9748,-1.7153,-9.0476,-9.0476,72.5904,72.5904
20250305,2520,冠德,TWSE,57.3,57.4,56.7,57.1,1781381.0,101744803.0,TWSE_RWD_JSON_MI_INDEX,data/daily_price/daily_price_20250305.csv,56.3,54.42,53.1058,51.8508,54.322,-0.349,-0.5226,12.4016,-1.2111,2.1467,3193676.1,0.5578,58.3,63.0,63.0,50.8,33.2,33.2,4.9247,7.5211,10.1236,5.1139,-2.0583,-9.3651,-9.3651,71.988,71.988
20250306,2520,冠德,TWSE,57.2,57.4,56.7,56.8,2195248.0,125119502.0,TWSE_RWD_JSON_MI_INDEX,data/daily_price/daily_price_20250306.csv,56.36,54.7,53.0658,51.8483,54.5285,-0.5254,0.531,10.9375,-4.0541,-0.5254,3246242.5,0.6762,58.3,63.0,63.0,50.8,33.2,33.2,3.8391,7.0369,9.5503,4.1657,-2.5729,-9.8413,-9.8413,71.0843,71.0843
20250307,2520,冠德,TWSE,56.8,57.0,55.8,56.6,2692042.0,151830905.0,TWSE_RWD_JSON_MI_INDEX,data/daily_price/daily_price_20250307.csv,56.84,54.975,53.0125,51.8458,54.7011,-0.3521,4.428,10.7632,-5.3512,-0.5272,3313774.85,0.8124,58.3,63.0,63.0,50.8,33.2,33.2,2.9559,6.7673,9.1698,3.4714,-2.916,-10.1587,-10.1587,70.4819,70.4819
20250310,2520,冠德,TWSE,58.0,58.1,56.3,56.8,8479118.0,484711389.0,TWSE_RWD_JSON_MI_INDEX,data/daily_price/daily_price_20250310.csv,56.92,55.24,52.9642,51.8525,54.876,0.3534,0.7092,10.2913,-4.8576,1.4286,3624772.25,2.3392,58.3,63.0,63.0,51.1,33.2,33.2,2.824,7.2423,9.5415,3.506,-2.5729,-9.8413,-9.8413,71.0843,71.0843
20250311,2520,冠德,TWSE,55.5,55.7,54.3,55.0,6231820.0,342608766.0,TWSE_RWD_JSON_MI_INDEX,data/daily_price/daily_price_20250311.csv,56.46,55.39,52.8808,51.855,54.8864,-3.169,-4.014,5.7692,-8.3333,0.5484,3785431.15,1.6463,58.3,63.0,63.0,52.2,33.2,33.2,-0.7041,4.0074,6.065,0.207,-5.6604,-12.6984,-12.6984,65.6627,65.6627
20250312,2520,冠德,TWSE,55.3,56.2,55.0,55.6,4591796.0,255071361.0,TWSE_RWD_JSON_MI_INDEX,data/daily_price/daily_price_20250312.csv,56.16,55.505,52.8225,51.8592,54.9458,1.0909,-2.627,4.3152,-5.9222,0.9074,3812558.85,1.2044,58.3,63.0,63.0,53.3,33.2,33.2,0.1712,5.2582,7.2134,1.1906,-4.6312,-11.746,-11.746,67.4699,67.4699
20250313,2520,冠德,TWSE,55.9,57.2,55.6,55.6,3991625.0,224846449.0,TWSE_RWD_JSON_MI_INDEX,data/daily_price/daily_price_20250313.csv,55.92,55.595,52.7075,51.8633,55.0003,0.0,-2.1127,3.3457,-11.04,0.9074,3763582.15,1.0606,58.3,63.0,63.0,53.4,33.2,33.2,0.009,5.4878,7.2048,1.0903,-4.6312,-11.746,-11.746,67.4699,67.4699
20250314,2520,冠德,TWSE,56.0,56.4,55.1,56.0,2545408.0,142081792.0,TWSE_RWD_JSON_MI_INDEX,data/daily_price/daily_price_20250314.csv,55.8,55.695,52.6392,51.8833,55.0837,0.7194,-1.0601,3.7037,-6.822,4.4776,3723807.5,0.6835,58.3,60.4,63.0,53.4,33.2,33.2,0.5476,6.3847,7.9345,1.6636,-3.9451,-7.2848,-11.1111,68.6747,68.6747
20250317,2520,冠德,TWSE,56.5,56.5,55.3,56.0,2976446.0,166263680.0,TWSE_RWD_JSON_MI_INDEX,data/daily_price/daily_price_20250317.csv,55.64,55.815,52.6025,51.9125,55.16,0.0,-1.4085,4.4776,-3.7801,6.6667,3754021.35,0.7929,58.3,58.7,63.0,53.4,33.2,33.2,0.3315,6.4588,7.8738,1.5228,-3.9451,-4.5997,-11.1111,68.6747,68.6747
20250318,2520,冠德,TWSE,56.1,56.8,56.1,56.8,2108503.0,119231610.0,TWSE_RWD_JSON_MI_INDEX,data/daily_price/daily_price_20250318.csv,56.0,55.96,52.5858,51.96,55.2967,1.4286,3.2727,5.3803,-1.7301,11.1546,3772697.25,0.5589,58.3,58.3,63.0,53.9,33.2,33.2,1.5011,8.0139,9.3149,2.7186,-2.5729,-2.5729,-9.8413,71.0843,71.0843
20250319,2520,冠德,TWSE,57.0,57.5,56.0,56.0,2934131.0,166234232.0,TWSE_RWD_JSON_MI_INDEX,data/daily_price/daily_price_20250319.csv,56.08,56.05,52.5842,52.0025,55.3553,-1.4085,0.7194,3.321,-0.1783,10.0196,3812644.6,0.7696,58.3,58.3,63.0,53.9,33.2,33.2,-0.0892,6.4959,7.6871,1.1647,-3.9451,-3.9451,-11.1111,68.6747,68.6747
20250320,2520,冠德,TWSE,56.4,57.5,56.4,57.4,3279257.0,187573524.0,TWSE_RWD_JSON_MI_INDEX,data/daily_price/daily_price_20250320.csv,56.44,56.22,52.6358,52.0475,55.5257,2.5,3.2374,6.2963,5.709,10.3846,3863188.85,0.8488,58.3,58.3,63.0,53.9,33.2,33.2,2.0989,9.0512,10.2839,3.3756,-1.5437,-1.5437,-8.8889,72.8916,72.8916
20250321,2520,冠德,TWSE,57.7,58.9,57.0,58.2,5208207.0,301833019.0,TWSE_RWD_JSON_MI_INDEX,data/daily_price/daily_price_20250321.csv,56.88,56.41,52.6875,52.1017,55.7485,1.3937,3.9286,6.9853,5.6261,12.5725,4014856.05,1.2972,58.9,58.9,63.0,54.2,33.2,33.2,3.1732,10.4626,11.7047,4.3973,-1.1885,-1.1885,-7.619,75.3012,75.3012
20250324,2520,冠德,TWSE,58.8,59.6,58.2,59.3,5357504.0,316799468.0,TWSE_RWD_JSON_MI_INDEX,data/daily_price/daily_price_20250324.csv,57.54,56.605,52.8008,52.1625,56.0445,1.89,5.8929,7.0397,12.9524,14.0385,4026301.65,1.3306,59.6,59.6,63.0,54.2,33.2,33.2,4.7611,12.3088,13.6832,5.8088,-0.5034,-0.5034,-5.873,78.6145,78.6145
20250325,2520,冠德,TWSE,59.5,59.5,58.0,58.0,4084309.0,238523477.0,TWSE_RWD_JSON_MI_INDEX,data/daily_price/daily_price_20250325.csv,57.78,56.65,52.9158,52.2058,56.2075,-2.1922,2.1127,1.5762,13.5029,9.8485,3941321.85,1.0363,59.6,59.6,63.0,54.2,33.2,33.2,2.3831,9.608,11.0987,3.1892,-2.6846,-2.6846,-7.9365,74.6988,74.6988
20250326,2520,冠德,TWSE,58.0,58.3,57.7,57.8,2316419.0,134207193.0,TWSE_RWD_JSON_MI_INDEX,data/daily_price/daily_price_20250326.csv,58.14,56.67,53.0308,52.2908,56.3402,-0.3448,3.2143,0.6969,13.556,21.4286,3692142.7,0.6274,59.6,59.6,63.0,54.2,33.2,33.2,1.994,8.9932,10.5356,2.5911,-3.0201,-3.0201,-8.254,74.0964,74.0964
20250327,2520,冠德,TWSE,57.3,58.3,57.3,57.8,2147210.0,124011088.0,TWSE_RWD_JSON_MI_INDEX,data/daily_price/daily_price_20250327.csv,58.22,56.735,53.1617,52.3725,56.4618,0.0,0.6969,2.3009,15.7157,20.4167,3573187.5,0.6009,59.6,59.6,63.0,54.2,33.2,33.2,1.8771,8.725,10.3633,2.3701,-3.0201,-3.0201,-8.254,74.0964,74.0964
20250328,2520,冠德,TWSE,57.8,57.8,55.7,56.0,4022345.0,226215906.0,TWSE_RWD_JSON_MI_INDEX,data/daily_price/daily_price_20250328.csv,57.78,56.825,53.25,52.4412,56.4233,-3.1142,-3.7801,3.321,10.4536,17.2775,3667545.55,1.0967,59.6,59.6,63.0,54.3,33.2,33.2,-1.4518,5.1643,6.7862,-0.7503,-6.0403,-6.0403,-11.1111,68.6747,68.6747
20250331,2520,冠德,TWSE,54.6,54.7,53.0,53.2,4313825.0,231792695.0,TWSE_RWD_JSON_MI_INDEX,data/daily_price/daily_price_20250331.csv,56.56,56.665,53.29,52.4842,56.1547,-5.0,-10.2867,-5.6738,4.7244,10.718,3741059.5,1.1531,59.6,59.6,63.0,53.0,33.2,33.2,-6.1149,-0.1689,1.3639,-5.2618,-10.7383,-10.7383,-15.5556,60.241,60.241
20250401,2520,冠德,TWSE,53.5,54.2,53.2,54.0,2074402.0,111548804.0,TWSE_RWD_JSON_MI_INDEX,data/daily_price/daily_price_20250401.csv,55.76,56.5,53.335,52.5317,55.9752,1.5038,-6.8966,-5.7592,5.2632,11.8012,3666549.8,0.5658,59.6,59.6,63.0,53.0,33.2,33.2,-4.4248,1.2468,2.7951,-3.5286,-9.396,-9.396,-14.2857,62.6506,62.6506
20250402,2520,冠德,TWSE,54.0,54.2,53.1,54.0,2034212.0,109241874.0,TWSE_RWD_JSON_MI_INDEX,data/daily_price/daily_price_20250402.csv,55.0,56.345,53.3717,52.5779,55.8106,0.0,-6.5744,-5.4291,4.2471,11.4551,3679191.35,0.5529,59.6,59.6,63.0,53.0,33.2,33.2,-4.1619,1.1773,2.7047,-3.2441,-9.396,-9.396,-14.2857,62.6506,62.6506
20250407,2520,冠德,listed,48.6,48.6,48.6,48.6,1172040.0,56961107.0,,data/daily_price/20250407.csv,53.16,55.935,53.3333,52.5779,55.2097,-10.0,-15.917,-14.4366,-4.5187,0.0,3628030.95,0.3231,59.6,59.6,63.0,48.6,33.2,33.2,-13.1134,-8.875,-7.5658,-11.972,-18.4564,-18.4564,-22.8571,46.3855,46.3855
20250408,2520,冠德,listed,46.1,48.75,46.1,48.0,5063699.0,240206995.0,,data/daily_price/20250408.csv,51.56,55.505,53.265,52.5767,54.6089,-1.2346,-14.2857,-15.1943,-7.8695,-0.3115,3746613.8,1.3515,59.6,59.6,63.0,46.1,33.2,33.2,-13.5213,-9.8845,-8.7047,-12.1022,-19.4631,-19.4631,-23.8095,44.5783,44.5783
20250409,2520,冠德,listed,48.0,48.0,43.2,43.2,6059935.0,273603842.0,,data/daily_price/20250409.csv,49.56,54.825,53.1367,52.5379,53.6581,-10.0,-18.797,-23.9437,-15.1277,-9.7179,3625654.65,1.6714,59.6,59.6,63.0,43.2,33.2,33.2,-21.2038,-18.7002,-17.7737,-19.4903,-27.5168,-27.5168,-31.4286,30.1205,30.1205
20250410,2520,冠德,listed,47.5,47.5,47.5,47.5,903205.0,42902218.0,,data/daily_price/20250410.csv,48.26,54.45,53.08,52.5288,53.145,9.9537,-12.037,-13.6364,-6.6798,-2.2634,3359223.9,0.2689,59.6,59.6,63.0,43.2,33.2,33.2,-12.764,-10.5124,-9.5733,-10.6218,-20.302,-20.302,-24.6032,43.0723,43.0723
20250414,2520,冠德,listed,47.1,48.45,47.1,48.1,3853690.0,184193066.0,,data/daily_price/20250414.csv,47.08,54.075,53.0433,52.5317,52.7245,1.2632,-10.9259,-13.4892,-4.3738,0.733,3322318.6,1.1599,59.6,59.6,63.0,43.2,33.2,33.2,-11.0495,-9.3194,-8.4362,-8.7711,-19.2953,-19.2953,-23.6508,44.8795,44.8795
20250415,2520,冠德,listed,47.8,49.4,47.75,49.1,1638732.0,79878251.0,,data/daily_price/20250415.csv,47.18,53.75,53.0167,52.5467,52.4225,2.079,1.0288,-11.6906,-3.1558,3.8055,3204673.95,0.5114,59.6,59.6,63.0,43.2,33.2,33.2,-8.6512,-7.3876,-6.5592,-6.3379,-17.6174,-17.6174,-22.0635,47.8916,47.8916
20250416,2520,冠德,listed,49.0,49.6,48.65,48.7,2073916.0,101695675.0,,data/daily_price/20250416.csv,47.32,53.385,52.9933,52.5554,52.1123,-0.8147,1.4583,-13.0357,-2.7944,2.2036,3181099.35,0.6519,59.6,59.6,63.0,43.2,33.2,33.2,-8.7759,-8.1016,-7.3359,-6.548,-18.2886,-18.2886,-22.6984,46.6867,46.6867
20250417,2520,冠德,listed,48.6,50.0,48.05,49.25,2161006.0,106535030.0,,data/daily_price/20250417.csv,48.53,53.0475,52.9708,52.5771,51.8738,1.1294,14.0046,-12.0536,-2.668,5.5734,3140327.35,0.6881,59.6,59.6,63.0,43.2,33.2,33.2,-7.1587,-7.0243,-6.328,-5.058,-17.3658,-17.3658,-21.8254,48.3434,48.3434
20250418,2520,冠德,listed,49.55,49.85,48.55,48.95,1423422.0,69747828.0,,data/daily_price/20250418.csv,48.82,52.655,52.9683,52.5925,51.6301,-0.6091,3.0526,-13.8204,-0.3055,3.9278,3106073.3,0.4583,59.6,59.6,63.0,43.2,33.2,33.2,-7.0364,-7.5863,-6.9259,-5.191,-17.8691,-17.8691,-22.3016,47.4398,47.4398
20250421,2520,冠德,listed,48.95,49.05,47.3,47.4,1804846.0,86393506.0,,data/daily_price/20250421.csv,48.68,52.225,52.95,52.5921,51.2776,-3.1665,-1.4553,-15.3571,-2.268,-0.1054,3049609.05,0.5918,59.6,59.6,63.0,43.2,33.2,33.2,-9.2389,-10.4816,-9.8724,-7.562,-20.4698,-20.4698,-24.7619,42.7711,42.7711
20250422,2520,冠德,listed,46.75,47.7,46.6,47.45,1229375.0,58073371.0,,data/daily_price/20250422.csv,48.35,51.7275,52.9375,52.5946,50.9586,0.1055,-3.3605,-17.3345,-1.556,0.6363,2947114.95,0.4171,59.6,59.6,63.0,43.2,33.2,33.2,-8.2693,-10.366,-9.7816,-6.8853,-20.3859,-20.3859,-24.6825,42.9217,42.9217
20250423,2520,冠德,listed,48.35,48.55,47.7,48.3,1478753.0,71238418.0,,data/daily_price/20250423.csv,48.27,51.2325,52.9217,52.6067,50.7371,1.7914,-0.8214,-17.0103,-1.9289,3.095,2760642.25,0.5357,59.6,59.6,63.0,43.2,33.2,33.2,-5.7239,-8.733,-8.1865,-4.8034,-18.9597,-18.9597,-23.3333,45.4819,45.4819
20250424,2520,冠德,listed,48.5,49.3,48.35,49.0,1866220.0,91060444.0,,data/daily_price/20250424.csv,48.22,50.7175,52.9175,52.625,50.5923,1.4493,-0.5076,-17.3693,-0.5076,4.7009,2586078.05,0.7216,59.5,59.6,63.0,43.2,33.2,33.2,-3.3864,-7.403,-6.8884,-3.1474,-17.6471,-17.7852,-22.2222,47.5904,47.5904
20250425,2520,冠德,listed,49.55,49.8,49.0,49.1,1619337.0,79856792.0,,data/daily_price/20250425.csv,48.25,50.2725,52.915,52.6408,50.468,0.2041,0.3064,-15.3448,-0.3046,4.0254,2462829.45,0.6575,58.3,59.6,63.0,43.2,33.2,33.2,-2.3323,-7.2097,-6.7264,-2.7106,-15.7804,-17.6174,-22.0635,47.8916,47.8916
20250428,2520,冠德,listed,49.1,49.55,49.0,49.55,874526.0,43182941.0,,data/daily_price/20250428.csv,48.68,49.86,53.1742,52.6662,50.3915,0.9165,4.5359,-14.2734,45.7353,6.5591,2390734.8,0.3658,58.3,59.6,63.0,43.2,43.2,33.2,-0.6217,-6.8157,-5.917,-1.6699,-15.0086,-16.8624,-21.3492,14.6991,49.247
20250429,2520,冠德,listed,49.55,51.0,49.5,50.9,2096243.0,105779931.0,,data/daily_price/20250429.csv,49.37,49.515,53.1858,52.7096,50.4339,2.7245,7.2708,-11.9377,1.3944,11.3786,2388186.45,0.8778,57.8,59.6,63.0,43.2,43.2,33.2,2.7971,-4.2978,-3.4331,0.9243,-11.9377,-14.5973,-19.2063,17.8241,53.3133
20250430,2520,冠德,listed,50.9,51.5,50.7,50.8,2898865.0,147939691.0,,data/daily_price/20250430.csv,49.87,49.255,53.2017,52.7479,50.4644,-0.1965,5.176,-9.2857,1.9057,9.9567,2332012.45,1.2431,54.7,59.6,63.0,43.2,43.2,33.2,3.1367,-4.5143,-3.6929,0.6651,-7.1298,-14.7651,-19.3651,17.5926,53.012
20250502,2520,冠德,listed,51.2,53.1,50.7,52.1,2936343.0,153253080.0,,data/daily_price/20250502.csv,50.49,49.2,53.2217,52.7962,50.6007,2.5591,6.3265,-2.0677,2.3576,12.527,2263138.35,1.2975,54.2,59.6,63.0,43.2,43.2,33.2,5.8943,-2.1075,-1.3187,2.9631,-3.8745,-12.5839,-17.3016,20.6019,56.9277
20250505,2520,冠德,listed,54.0,56.1,53.4,54.0,5789693.0,315284523.0,,data/daily_price/20250505.csv,51.47,49.2,53.2683,52.8679,50.8839,3.6468,9.9796,0.0,5.4688,18.9427,2448902.9,2.3642,56.1,59.6,63.0,43.2,43.2,33.2,9.7561,1.3735,2.1413,6.1238,-3.7433,-9.396,-14.2857,25.0,62.6506
20250506,2520,冠德,listed,53.5,53.8,52.2,52.3,3699794.0,194885287.0,,data/daily_price/20250506.csv,52.02,49.115,53.2933,52.9258,51.0019,-3.1481,5.5499,-3.1481,2.9528,15.3252,2532182.0,1.4611,56.1,59.6,63.0,43.2,43.2,33.2,6.4848,-1.8639,-1.1825,2.5451,-6.7736,-12.2483,-16.9841,21.0648,57.5301
20250507,2520,冠德,listed,52.5,52.9,51.5,51.6,2884270.0,149891715.0,,data/daily_price/20250507.csv,52.16,49.265,53.3,52.9633,51.0518,-1.3384,1.3752,6.1728,0.7812,9.5541,2617793.5,1.1018,56.1,59.6,63.0,43.2,43.2,33.2,4.7397,-3.1895,-2.5741,1.0738,-8.0214,-13.4228,-18.0952,19.4444,55.4217
20250508,2520,冠德,listed,51.7,52.4,51.4,51.9,2189569.0,113500219.0,,data/daily_price/20250508.csv,52.38,49.46,53.3133,53.0067,51.1225,0.5814,2.1654,8.125,1.5656,11.1349,2474087.0,0.885,56.1,59.6,63.0,43.2,43.2,33.2,4.9333,-2.651,-2.0878,1.5209,-7.4866,-12.9195,-17.619,20.1389,56.3253
20250509,2520,冠德,listed,52.4,53.0,51.8,53.0,1956142.0,102810745.0,,data/daily_price/20250509.csv,52.56,49.95,53.3383,53.0542,51.2789,2.1195,1.7274,22.6852,2.9126,12.0507,2268897.35,0.8622,56.1,59.6,63.0,46.6,43.2,33.2,6.1061,-0.6343,-0.1021,3.3563,-5.5258,-11.0738,-15.873,22.6852,59.6386
20250512,2520,冠德,listed,52.6,53.2,52.2,53.2,2457167.0,130164935.0,,data/daily_price/20250512.csv,52.4,50.235,53.3583,53.0992,51.439,0.3774,-1.4815,12.0,2.3077,11.2971,2346595.45,1.0471,56.1,59.6,63.0,46.6,43.2,33.2,5.9023,-0.2967,0.1899,3.4234,-5.1693,-10.7383,-15.5556,23.1481,60.241
20250513,2520,冠德,listed,53.7,54.7,53.7,54.5,2738469.0,148942175.0,,data/daily_price/20250513.csv,52.84,50.555,53.3783,53.1488,51.6941,2.4436,4.2065,13.3056,2.2514,12.2554,2290834.4,1.1954,56.1,59.6,63.0,46.6,43.2,33.2,7.8034,2.1014,2.5424,5.4279,-2.852,-8.557,-13.4921,26.1574,64.1566
20250514,2520,冠德,listed,54.5,54.6,52.9,53.7,2987072.0,160147281.0,,data/daily_price/20250514.csv,53.26,50.785,53.3767,53.1829,51.8613,-1.4679,4.0698,9.3686,-0.1859,8.2661,2358251.4,1.2666,56.1,59.6,63.0,46.6,43.2,33.2,5.7399,0.6058,0.9723,3.5455,-4.2781,-9.8993,-14.7619,24.3056,61.747
20250515,2520,冠德,listed,53.8,54.7,53.8,54.0,2513877.0,136222233.0,,data/daily_price/20250515.csv,53.68,51.05,53.3767,53.2021,52.0395,0.5587,4.0462,10.883,0.0,4.4487,2380249.45,1.0561,56.1,59.6,63.0,46.6,43.2,33.2,5.7786,1.1678,1.4998,3.7674,-3.7433,-9.396,-14.2857,25.0,62.6506
20250516,2520,冠德,listed,54.6,57.5,54.2,57.1,9730425.0,550002052.0,,data/daily_price/20250516.csv,54.5,51.4425,53.435,53.2454,52.4612,5.7407,7.7358,15.9391,6.5299,10.0193,2758720.4,3.5272,57.5,59.6,63.0,46.6,43.2,33.2,10.9977,6.8588,7.2393,8.8423,-0.6957,-4.1946,-9.3651,32.1759,71.988
20250519,2520,冠德,listed,57.1,57.4,55.4,55.6,3880338.0,218190529.0,,data/daily_price/20250519.csv,54.98,51.775,53.4633,53.2888,52.7228,-2.627,4.5113,13.5853,3.154,10.3175,2881566.2,1.3466,57.5,59.6,63.0,46.6,43.2,33.2,7.3877,3.9965,4.3372,5.4573,-3.3043,-6.7114,-11.746,28.7037,67.4699
20250520,2520,冠德,listed,56.0,57.2,55.6,55.8,3322882.0,187268759.0,,data/daily_price/20250520.csv,55.24,52.195,53.49,53.3229,52.9792,0.3597,2.3853,17.7215,2.952,7.9304,2957468.0,1.1236,57.5,59.6,63.0,46.6,43.2,33.2,6.9068,4.3186,4.6454,5.3244,-2.9565,-6.3758,-11.4286,29.1667,68.0723
20250522,2520,冠德,listed,55.0,56.1,54.9,55.5,1919428.0,106755267.0,,data/daily_price/20250522.csv,55.6,52.5975,53.515,53.3529,53.1893,-0.5376,3.352,16.9652,2.7778,6.9364,2991970.65,0.6415,57.5,59.6,63.0,47.7,43.2,33.2,5.5183,3.7092,4.0243,4.3444,-3.4783,-6.8792,-11.9048,28.4722,67.1687
20250523,2520,冠德,listed,55.5,56.1,55.5,55.9,1530400.0,85518349.0,,data/daily_price/20250523.csv,55.98,52.9775,53.54,53.3763,53.4152,0.7207,3.5185,15.735,2.7574,5.2731,2994553.0,0.5111,57.5,59.6,63.0,48.35,43.2,33.2,5.5165,4.4079,4.7282,4.6519,-2.7826,-6.2081,-11.2698,29.3981,68.3735
20250526,2520,冠德,listed,55.9,56.3,55.5,55.5,1689447.0,94428475.0,,data/daily_price/20250526.csv,55.66,53.3025,53.5417,53.3829,53.5889,-0.7156,-2.8021,13.2653,0.1805,1.4625,2985714.35,0.5658,57.5,59.6,63.0,49.0,43.2,33.2,4.1227,3.6576,3.9658,3.5662,-3.4783,-6.8792,-11.9048,28.4722,67.1687
20250527,2520,冠德,listed,55.6,55.8,54.5,54.6,1403935.0,77185989.0,,data/daily_price/20250527.csv,55.46,53.5775,53.5,53.3712,53.6732,-1.6216,-1.7986,11.2016,-4.3783,-2.5,2974944.25,0.4719,57.5,59.6,63.0,49.0,43.2,33.2,1.9085,2.0561,2.3023,1.7268,-5.0435,-8.3893,-13.3333,26.3889,64.4578
20250528,2520,冠德,listed,54.8,55.2,53.7,53.7,1247863.0,67746378.0,,data/daily_price/20250528.csv,55.04,53.785,53.4383,53.3438,53.6754,-1.6484,-3.7634,8.3754,-6.446,-5.7895,2993611.1,0.4168,57.5,59.6,63.0,49.5,43.2,33.2,-0.158,0.4897,0.6678,0.0458,-6.6087,-9.8993,-14.7619,24.3056,61.747
20250529,2520,冠德,listed,53.8,55.6,53.8,55.5,6026186.0,333078913.0,,data/daily_price/20250529.csv,55.04,54.015,53.4217,53.3221,53.8274,3.352,0.0,9.0373,-1.7699,-4.475,3190108.25,1.889,57.5,59.6,63.0,50.7,43.2,33.2,2.7492,3.8904,4.0845,3.1073,-3.4783,-6.8792,-11.9048,28.4722,67.1687
20250602,2520,冠德,listed,55.3,56.6,54.9,55.7,7836286.0,436302259.0,,data/daily_price/20250602.csv,55.0,54.26,53.4467,53.3004,53.9835,0.3604,-0.3578,9.6457,2.7675,-4.4597,3436979.3,2.28,57.5,59.6,63.0,50.7,43.2,33.2,2.6539,4.216,4.502,3.1797,-3.1304,-6.5436,-11.5873,28.9352,67.7711
20250603,2520,冠德,listed,55.8,56.2,54.3,55.3,7241094.0,399822853.0,,data/daily_price/20250603.csv,54.96,54.42,53.4283,53.2721,54.0932,-0.7181,-0.3604,6.142,-1.9504,-5.7922,3652216.85,1.9827,57.5,59.6,63.0,51.4,43.2,33.2,1.6171,3.5031,3.8067,2.231,-3.8261,-7.2148,-12.2222,28.0093,66.5663
20250604,2520,冠德,listed,55.0,55.3,54.5,54.7,6693476.0,367493356.0,,data/daily_price/20250604.csv,54.98,54.455,53.385,53.2513,54.1438,-1.085,0.1832,1.2963,-4.5375,-4.3706,3697406.0,1.8103,57.5,59.6,63.0,51.4,43.2,33.2,0.4499,2.4632,2.7206,1.0273,-4.8696,-8.2215,-13.1746,26.6204,64.759
20250605,2520,冠德,listed,54.7,55.6,53.2,53.9,6708408.0,363127665.0,,data/daily_price/20250605.csv,55.02,54.535,53.3317,53.2188,54.1235,-1.4625,0.3724,3.0593,-5.6042,-6.7474,3847836.7,1.7434,57.5,59.6,63.0,51.4,43.2,33.2,-1.1644,1.0657,1.2801,-0.4129,-6.2609,-9.5638,-14.4444,24.7685,62.3494
20250606,2520,冠德,listed,53.9,54.4,53.0,53.4,5544877.0,297041438.0,,data/daily_price/20250606.csv,54.6,54.625,53.275,53.1704,54.0632,-0.9276,-3.7838,3.4884,-5.9859,-9.7973,3980867.05,1.3929,57.5,59.6,63.0,51.4,43.2,33.2,-2.2426,0.2346,0.4318,-1.2266,-7.1304,-10.4027,-15.2381,23.6111,60.8434
20250609,2520,冠德,listed,53.8,53.8,52.1,52.7,6699853.0,352377066.0,,data/daily_price/20250609.csv,54.0,54.665,53.21,53.1112,53.9496,-1.3109,-5.386,1.5414,-6.8905,-11.8729,4206381.25,1.5928,57.5,59.6,63.0,51.8,43.2,33.2,-3.5946,-0.9585,-0.7743,-2.3162,-8.3478,-11.5772,-16.3492,21.9907,58.7349
20250610,2520,冠德,listed,52.8,53.3,51.9,51.9,6711510.0,351822701.0,,data/daily_price/20250610.csv,53.32,54.61,53.1283,53.0462,53.7788,-1.518,-6.1483,-2.0755,-8.6268,-13.0653,4444149.65,1.5102,57.5,59.6,63.0,51.9,43.2,33.2,-4.9625,-2.312,-2.1609,-3.4935,-9.7391,-12.9195,-17.619,20.1389,56.3253
20250611,2520,冠德,listed,52.0,52.1,51.1,51.5,8174067.0,421408297.0,,data/daily_price/20250611.csv,52.68,54.525,53.07,52.9754,53.5889,-0.7707,-5.8501,-3.1955,-6.3636,-14.1667,4729994.65,1.7281,57.5,59.6,63.0,51.1,43.2,33.2,-5.5479,-2.9584,-2.7851,-3.898,-10.4348,-13.5906,-18.254,19.213,55.1205
20250612,2520,冠德,listed,51.5,52.1,51.0,52.0,6115410.0,315148629.0,,data/daily_price/20250612.csv,52.3,54.4,53.01,52.9162,53.4565,0.9709,-3.525,-4.5872,-6.4748,-12.0135,4898841.7,1.2483,57.5,59.6,63.0,51.0,43.2,33.2,-4.4118,-1.9053,-1.7315,-2.7246,-9.5652,-12.7517,-17.4603,20.3704,56.6265
20250613,2520,冠德,listed,51.6,51.7,50.5,50.5,3170665.0,161851724.0,,data/daily_price/20250613.csv,51.72,54.24,52.925,52.8162,53.2101,-2.8846,-5.4307,-5.959,-9.1727,-19.2,4908021.35,0.646,57.5,59.6,63.0,50.5,43.2,33.2,-6.8953,-4.582,-4.3855,-5.0932,-12.1739,-15.2685,-19.8413,16.8981,52.1084
20250616,2520,冠德,listed,50.0,50.0,49.1,49.4,3676030.0,181404957.0,,data/daily_price/20250616.csv,51.06,54.01,52.815,52.7271,52.8926,-2.1782,-6.2619,-8.5185,-11.7857,-17.8037,4966129.0,0.7402,57.5,59.6,60.4,49.1,43.2,33.2,-8.5355,-6.466,-6.31,-6.6032,-14.087,-17.1141,-18.2119,14.3519,48.7952
20250617,2520,冠德,listed,49.5,49.9,49.2,49.5,2184192.0,108059750.0,,data/daily_price/20250617.csv,50.58,53.63,52.7067,52.6546,52.6099,0.2024,-4.6243,-13.31,-11.6071,-14.9485,4588817.35,0.476,57.4,59.6,59.6,49.1,43.2,33.2,-7.7009,-6.084,-5.9911,-5.9112,-13.7631,-16.9463,-16.9463,14.5833,49.0964
20250618,2520,冠德,listed,49.9,50.6,49.8,50.3,1854479.0,93102017.0,,data/daily_price/20250618.csv,50.34,53.365,52.5983,52.5921,52.4174,1.6162,-2.3301,-9.5324,-11.4437,-12.9758,4487524.4,0.4133,57.2,59.6,59.6,49.1,43.2,33.2,-5.7435,-4.3696,-4.3582,-4.0395,-12.0629,-15.604,-15.604,16.4352,51.506
20250619,2520,冠德,listed,50.6,50.6,50.0,50.0,1213365.0,60910577.0,,data/daily_price/20250619.csv,49.94,53.075,52.4983,52.5412,52.2159,-0.5964,-3.8462,-10.3943,-10.7143,-10.8734,4382048.55,0.2769,56.6,59.6,59.6,49.1,43.2,33.2,-5.7937,-4.7589,-4.8367,-4.2438,-11.6608,-16.1074,-16.1074,15.7407,50.6024
20250620,2520,冠德,listed,50.2,50.3,49.2,49.9,2800554.0,139069465.0,,data/daily_price/20250620.csv,49.82,52.795,52.3733,52.5046,52.0229,-0.2,-1.1881,-10.0901,-13.0662,-8.1031,4426104.85,0.6327,56.6,59.6,59.6,49.1,43.2,33.2,-5.4835,-4.7225,-4.9607,-4.0808,-11.8375,-16.2752,-16.2752,15.5093,50.3012
20250623,2520,冠德,listed,49.1,49.4,48.4,49.4,2244574.0,109865270.0,,data/daily_price/20250623.csv,49.82,52.47,52.2267,52.4571,51.8044,-1.002,0.0,-11.6279,-15.1203,-10.3448,4461813.55,0.5031,56.6,59.6,59.6,48.4,43.2,33.2,-5.851,-5.4123,-5.8278,-4.6412,-12.7208,-17.1141,-17.1141,14.3519,48.7952
20250624,2520,冠德,listed,49.45,50.4,49.4,49.8,1821472.0,90582502.0,,data/daily_price/20250624.csv,49.88,52.185,52.0683,52.4346,51.6373,0.8097,0.6061,-10.2703,-16.0202,-5.1429,4468414.8,0.4076,56.6,59.5,59.6,48.4,43.2,33.2,-4.5703,-4.3565,-5.0245,-3.5581,-12.0141,-16.3025,-16.443,15.2778,50.0
20250625,2520,冠德,listed,50.1,50.1,49.45,49.85,2288244.0,113659020.0,,data/daily_price/20250625.csv,49.79,51.9475,51.9325,52.4242,51.4884,0.1004,-0.8946,-8.6996,-14.0517,-2.4462,4512630.25,0.5071,56.6,58.3,59.6,48.4,43.2,33.2,-4.0377,-4.01,-4.9103,-3.1821,-11.9258,-14.494,-16.3591,15.3935,50.1506
20250626,2520,冠德,listed,50.1,50.5,49.6,50.5,1550750.0,77785792.0,,data/daily_price/20250626.csv,49.89,51.7875,51.8108,52.4208,51.406,1.3039,1.0,-5.959,-12.6298,-0.7859,4527774.6,0.3425,56.6,58.3,59.6,48.4,43.2,33.2,-2.4861,-2.53,-3.6643,-1.7625,-10.7774,-13.3791,-15.2685,16.8981,52.1084
20250627,2520,冠德,listed,50.4,50.7,50.0,50.6,1332675.0,67127314.0,,data/daily_price/20250627.csv,50.03,51.5425,51.6908,52.4262,51.3389,0.198,1.4028,-8.8288,-12.4567,1.3013,4293099.05,0.3104,56.6,57.8,59.6,48.4,43.2,33.2,-1.8286,-2.1103,-3.4835,-1.4392,-10.6007,-12.4567,-15.1007,17.1296,52.4096
20250630,2520,冠德,listed,50.3,51.1,50.2,50.4,3955000.0,207629202.0,,data/daily_price/20250630.csv,50.23,51.2775,51.5975,52.4238,51.2606,-0.3953,2.0243,-9.5153,-10.0,-0.5917,4099034.75,0.9649,56.2,57.5,59.6,48.4,43.2,33.2,-1.7113,-2.3208,-3.8604,-1.6789,-10.3203,-12.3478,-15.4362,16.6667,51.8072
20250701,2520,冠德,listed,50.7,51.4,50.4,51.2,1983660.0,101276529.0,,data/daily_price/20250701.csv,50.51,51.0725,51.5642,52.4271,51.2556,1.5873,2.8112,-7.4141,-3.7594,0.7874,3836163.05,0.5171,55.6,57.5,59.6,48.4,43.2,33.2,0.2496,-0.7062,-2.3406,-0.1084,-7.9137,-10.9565,-14.094,18.5185,54.2169
20250702,2520,冠德,listed,51.0,52.6,51.0,52.4,2449330.0,127749567.0,,data/daily_price/20250702.csv,51.02,50.9575,51.5375,52.4362,51.3509,2.3438,5.1153,-4.2048,-2.963,2.1442,3623955.75,0.6759,55.6,57.5,59.6,48.4,43.2,33.2,2.8308,1.6735,-0.0691,2.0429,-5.7554,-8.8696,-12.0805,21.2963,57.8313
20250703,2520,冠德,listed,52.5,53.1,52.3,52.8,1839490.0,97064773.0,,data/daily_price/20250703.csv,51.48,50.9025,51.5175,52.4446,51.4717,0.7634,4.5545,-2.0408,-2.2222,1.9305,3380509.85,0.5441,54.4,57.5,59.6,48.4,43.2,33.2,3.7277,2.4894,0.6777,2.5807,-2.9412,-8.1739,-11.4094,22.2222,59.0361
20250704,2520,冠德,listed,52.8,53.1,52.2,52.8,1857814.0,97954983.0,,data/daily_price/20250704.csv,51.92,50.8725,51.5875,52.4604,51.5824,0.0,4.3478,-1.1236,8.642,3.7328,3196156.7,0.5813,53.8,57.5,59.6,48.4,43.2,33.2,3.7889,2.3504,0.6473,2.3605,-1.8587,-8.1739,-11.4094,22.2222,59.0361
20250707,2520,冠德,listed,52.6,53.3,52.4,53.3,1517184.0,80571233.0,,data/daily_price/20250707.csv,52.5,50.9025,51.6758,52.4704,51.7255,0.947,5.754,1.1385,11.0417,2.3033,2937023.25,0.5166,53.3,57.5,59.6,48.4,43.2,33.2,4.71,3.143,1.581,3.0439,0.0,-7.3043,-10.5705,23.3796,60.5422
20250708,2520,冠德,listed,53.0,53.5,52.7,52.9,2548698.0,135508270.0,,data/daily_price/20250708.csv,52.84,50.9525,51.8375,52.4871,51.8234,-0.7505,3.3203,1.9268,22.4537,3.9293,2728882.65,0.934,53.5,57.5,59.6,48.4,46.6,33.2,3.8222,2.0497,0.7867,2.0775,-1.1215,-8.0,-11.2416,13.5193,59.3373
20250709,2520,冠德,listed,52.9,53.0,52.2,52.9,2538828.0,133897097.0,,data/daily_price/20250709.csv,52.94,51.0225,51.9275,52.5038,51.9131,0.0,0.9542,2.7184,11.3684,3.9293,2447120.7,1.0375,53.5,57.5,59.6,48.4,46.6,33.2,3.6797,1.8728,0.7547,1.901,-1.1215,-8.0,-11.2416,13.5193,59.3373
20250710,2520,冠德,listed,52.5,53.0,52.3,53.0,1470554.0,77634104.0,,data/daily_price/20250710.csv,52.98,51.0725,52.0092,52.5262,52.0037,0.189,0.3788,1.9231,10.1871,5.3678,2214877.9,0.6639,53.5,57.5,59.6,48.4,46.6,33.2,3.774,1.9051,0.9019,1.9159,-0.9346,-7.8261,-11.0738,13.7339,59.6386
20250711,2520,冠德,listed,52.8,53.2,52.5,52.5,1998873.0,105660494.0,,data/daily_price/20250711.csv,52.92,51.1725,52.0658,52.5412,52.045,-0.9434,-0.5682,3.9604,6.9246,3.5503,2156288.3,0.927,53.5,57.5,59.6,48.4,46.6,33.2,2.5942,0.8339,-0.0785,0.8742,-1.8692,-8.6957,-11.9128,12.6609,58.1325
20250714,2520,冠德,listed,52.6,52.9,52.4,52.8,809146.0,42664788.0,,data/daily_price/20250714.csv,52.82,51.3425,52.1342,52.5638,52.108,0.5714,-0.9381,6.8826,8.4189,5.3892,2012944.1,0.402,53.5,57.5,59.6,48.4,46.6,33.2,2.8388,1.2772,0.4495,1.3281,-1.3084,-8.1739,-11.4094,13.3047,59.0361
20250715,2520,冠德,listed,52.8,53.1,52.2,53.0,991024.0,52232450.0,,data/daily_price/20250715.csv,52.84,51.5175,52.1967,52.5838,52.1823,0.3788,0.189,7.0707,7.6142,4.7431,1953285.7,0.5074,53.5,57.5,59.6,48.4,46.6,33.2,2.8777,1.5391,0.7916,1.567,-0.9346,-7.8261,-11.0738,13.7339,59.6386
20250716,2520,冠德,listed,52.6,53.0,52.4,52.7,757016.0,39890195.0,,data/daily_price/20250716.csv,52.8,51.6375,52.2592,52.6138,52.2254,-0.566,-0.3781,4.7714,7.6609,7.332,1898412.55,0.3988,53.5,57.5,59.6,48.4,46.6,33.2,2.0576,0.8436,0.1639,0.9087,-1.4953,-8.3478,-11.5772,13.0901,58.7349
20250717,2520,冠德,listed,52.7,53.0,52.4,52.7,841396.0,44333344.0,,data/daily_price/20250717.csv,52.74,51.7725,52.3475,52.6487,52.265,0.0,-0.566,5.4,11.1814,8.6598,1879814.1,0.4476,53.5,57.5,59.6,48.4,46.6,33.2,1.7915,0.6734,0.0973,0.8323,-1.4953,-8.3478,-11.5772,13.0901,58.7349
20250718,2520,冠德,listed,53.0,53.1,52.3,52.7,1400772.0,73706982.0,,data/daily_price/20250718.csv,52.78,51.9125,52.435,52.6862,52.3012,0.0,0.381,5.6112,11.0643,9.3361,1809825.0,0.774,53.5,57.5,59.6,48.4,47.7,33.2,1.517,0.5054,0.0261,0.7624,-1.4953,-8.3478,-11.5772,10.4822,58.7349
20250721,2520,冠德,listed,53.6,54.3,52.4,52.7,2716254.0,144202479.0,,data/daily_price/20250721.csv,52.76,52.0775,52.5083,52.715,52.3345,0.0,-0.1894,6.6802,9.1097,7.0051,1833409.0,1.4815,54.3,57.5,59.6,49.4,48.35,33.2,1.1953,0.365,-0.0285,0.6985,-2.9466,-8.3478,-11.5772,8.9969,58.7349
20250722,2520,冠德,listed,52.8,53.1,52.2,52.7,1404986.0,73962256.0,,data/daily_price/20250722.csv,52.7,52.2225,52.57,52.7438,52.3649,0.0,-0.566,5.8233,7.551,7.0051,1812584.7,0.7751,54.3,57.5,59.6,49.45,48.4,33.2,0.9144,0.2473,-0.0829,0.6399,-2.9466,-8.3478,-11.5772,8.8843,58.7349
20250723,2520,冠德,listed,52.9,53.6,52.8,53.6,1838352.0,98109700.0,,data/daily_price/20250723.csv,52.88,52.41,52.645,52.78,52.4678,1.7078,1.7078,7.5226,9.165,8.8325,1790090.1,1.027,54.3,57.5,59.6,49.6,48.4,33.2,2.2706,1.814,1.5536,2.1578,-1.2891,-6.7826,-10.0671,10.7438,61.4458
20250724,2520,冠德,listed,53.7,53.7,52.9,53.2,923978.0,49080140.0,,data/daily_price/20250724.csv,52.98,52.545,52.7058,52.94,52.5289,-0.7463,0.9488,5.3465,7.3663,56.4706,1758751.5,0.5254,54.3,57.5,59.6,50.0,48.4,43.2,1.2466,0.9376,0.4911,1.2777,-2.0258,-7.4783,-10.7383,9.9174,23.1481
20250725,2520,冠德,listed,53.0,53.2,52.6,53.2,1121506.0,59390317.0,,data/daily_price/20250725.csv,53.08,52.675,52.7442,52.965,52.5848,0.0,0.9488,5.1383,4.5187,5.9761,1748193.05,0.6415,54.3,57.5,59.6,50.2,48.4,43.2,0.9967,0.8642,0.4437,1.1699,-2.0258,-7.4783,-10.7383,9.9174,23.1481
20250728,2520,冠德,listed,53.1,53.4,51.5,52.0,3463808.0,180387021.0,,data/daily_price/20250728.csv,52.94,52.755,52.7642,52.9829,52.5361,-2.2556,-1.3283,3.1746,2.3622,4.3129,1723633.45,2.0096,54.3,57.5,59.6,50.4,48.4,43.2,-1.4311,-1.4483,-1.8552,-1.0204,-4.2357,-9.5652,-12.7517,7.438,20.3704
20250729,2520,冠德,listed,52.2,52.2,50.6,51.4,3390318.0,173612256.0,,data/daily_price/20250729.csv,52.68,52.765,52.7525,52.9871,52.4414,-1.1538,-2.4668,0.3906,-1.3436,0.9823,1793966.35,1.8898,54.3,57.5,59.6,50.6,48.4,43.2,-2.5869,-2.5639,-2.9952,-1.9858,-5.3407,-10.6087,-13.7584,6.1983,18.9815
20250730,2520,冠德,listed,51.4,51.4,50.5,50.9,2422999.0,123266394.0,,data/daily_price/20250730.csv,52.14,52.69,52.7008,52.9846,52.3129,-0.9728,-5.0373,-2.8626,-5.7407,-0.5859,1792649.8,1.3516,54.3,57.5,59.6,50.5,48.4,43.2,-3.3972,-3.4171,-3.9343,-2.7009,-6.2615,-11.4783,-14.5973,5.1653,17.8241
20250731,2520,冠德,listed,50.9,51.1,49.95,50.0,4349555.0,218471329.0,,data/daily_price/20250731.csv,51.5,52.55,52.6625,52.9779,52.1202,-1.7682,-6.015,-5.303,-4.3977,-1.5748,1918153.05,2.2676,54.3,57.5,59.6,49.95,48.4,43.2,-4.8525,-5.0558,-5.6211,-4.0679,-7.919,-13.0435,-16.1074,3.3058,15.7407
20250801,2520,冠德,listed,49.8,50.7,49.0,50.6,3591073.0,179614063.0,,data/daily_price/20250801.csv,50.98,52.44,52.6458,52.9729,51.9935,1.2,-4.8872,-4.1667,-1.938,-1.1719,2004816.0,1.7912,54.3,57.5,59.6,49.0,48.4,43.2,-3.5088,-3.886,-4.4795,-2.6802,-6.814,-12.0,-15.1007,4.5455,17.1296
20250804,2520,冠德,listed,50.2,51.1,49.95,50.7,6613015.0,338534620.0,,data/daily_price/20250804.csv,50.72,52.31,52.6258,52.9696,51.8857,0.1976,-2.5,-4.878,-2.3121,-0.7828,2259607.55,2.9266,54.3,57.5,59.6,49.0,48.4,43.2,-3.0778,-3.6595,-4.2847,-2.2852,-6.6298,-11.8261,-14.9329,4.7521,17.3611
20250805,2520,冠德,listed,43.5,43.7,42.2,42.6,6429303.0,276409755.0,,data/daily_price/20250805.csv,48.96,51.795,52.4525,52.8954,51.1119,-15.9763,-17.1206,-19.4707,-19.6226,-17.2816,2453637.8,2.6203,54.3,57.5,59.6,42.2,42.2,42.2,-17.7527,-18.7837,-19.4637,-16.6535,-21.547,-25.913,-28.5235,0.9479,0.9479
20250806,2520,冠德,listed,42.65,42.75,42.05,42.05,2947303.0,124376152.0,,data/daily_price/20250806.csv,47.19,51.2525,52.2667,52.8125,50.3567,-1.2911,-17.387,-20.5104,-20.9586,-19.1346,2474061.55,1.1913,54.3,57.5,59.6,42.05,42.05,42.05,-17.9552,-19.5472,-20.3787,-16.4958,-22.5599,-26.8696,-29.4463,0.0,0.0
20250807,2520,冠德,listed,42.45,42.45,41.1,41.2,3802024.0,157953051.0,,data/daily_price/20250807.csv,45.43,50.6625,52.045,52.7117,49.5937,-2.0214,-17.6,-22.2642,-24.4037,-22.7017,2590635.05,1.4676,54.3,57.5,59.6,41.1,41.1,41.1,-18.6775,-20.8377,-21.8389,-16.9249,-24.1252,-28.3478,-30.8725,0.2433,0.2433
20250808,2520,冠德,listed,41.2,41.2,40.6,40.65,3765958.0,153700631.0,,data/daily_price/20250808.csv,43.44,50.07,51.8275,52.6021,48.8484,-1.335,-19.664,-22.5714,-24.3017,-24.4424,2678989.3,1.4057,54.3,57.5,59.6,40.6,40.6,40.6,-18.8137,-21.5667,-22.7217,-16.7833,-25.1381,-29.3043,-31.7953,0.1232,0.1232
20250811,2520,冠德,listed,40.4,40.45,39.25,39.3,4351730.0,172428497.0,,data/daily_price/20250811.csv,41.16,49.395,51.5825,52.4796,48.0527,-3.321,-22.4852,-25.5682,-27.2222,-27.2222,2856118.5,1.5237,54.3,57.5,59.6,39.25,39.25,39.25,-20.4373,-23.8114,-25.1137,-18.2148,-27.6243,-31.6522,-34.0604,0.1274,0.1274
20250812,2520,冠德,listed,39.4,39.5,38.2,38.5,5371543.0,207525817.0,,data/daily_price/20250812.csv,40.34,48.67,51.2725,52.3538,47.2566,-2.0356,-9.6244,-27.3585,-32.5744,-28.1716,3075144.45,1.7468,54.3,57.4,59.6,38.2,38.2,38.2,-20.8958,-24.911,-26.4618,-18.5299,-29.0976,-32.9268,-35.4027,0.7853,0.7853
20250813,2520,冠德,listed,38.55,39.1,37.9,38.05,3737480.0,143238007.0,,data/daily_price/20250813.csv,39.54,47.9375,50.98,52.2217,46.4894,-1.1688,-9.5125,-27.7989,-31.5647,-29.4063,3224167.65,1.1592,54.3,57.2,59.6,37.9,37.9,37.9,-20.6258,-25.3629,-27.1375,-18.1534,-29.9263,-33.479,-36.1577,0.3958,0.3958
20250814,2520,冠德,listed,38.4,38.4,37.7,37.7,2519606.0,95376833.0,,data/daily_price/20250814.csv,38.84,47.1875,50.6783,52.0842,45.757,-0.9198,-8.4951,-28.463,-32.4373,-30.4428,3308078.15,0.7617,54.3,56.6,59.6,37.7,37.7,37.7,-20.106,-25.6092,-27.6172,-17.6082,-30.5709,-33.3922,-36.745,0.0,0.0
20250815,2520,冠德,listed,37.75,37.75,36.9,37.75,3704481.0,137884396.0,,data/daily_price/20250815.csv,38.26,46.44,50.3825,51.9487,45.0897,0.1326,-7.1341,-28.3681,-31.982,-30.0926,3423263.6,1.0821,54.3,56.6,59.6,36.9,36.9,36.9,-18.7123,-25.0732,-27.3322,-16.278,-30.4788,-33.3039,-36.6611,2.3035,2.3035
20250818,2520,冠德,listed,37.8,38.0,37.1,37.15,2748745.0,102937265.0,,data/daily_price/20250818.csv,37.83,45.6625,50.07,51.805,44.4281,-1.5894,-5.4707,-29.5066,-33.542,-31.7096,3424888.15,0.8026,53.7,56.6,59.6,36.9,36.9,36.9,-18.6422,-25.8039,-28.2888,-16.3817,-30.8194,-34.364,-37.6678,0.6775,0.6775
20250819,2520,冠德,listed,37.15,37.35,36.95,37.0,3033183.0,112497630.0,,data/daily_price/20250819.csv,37.53,44.8775,49.7617,51.6517,43.8091,-0.4038,-3.8961,-29.7913,-33.3333,-33.213,3506298.0,0.8651,53.7,56.6,59.6,36.9,36.9,36.9,-17.5533,-25.6456,-28.3663,-15.5426,-31.0987,-34.629,-37.9195,0.271,0.271
20250820,2520,冠德,listed,37.05,37.3,36.7,36.9,3853607.0,142479992.0,,data/daily_price/20250820.csv,37.3,44.0425,49.4667,51.4833,43.2333,-0.2703,-3.0223,-31.1567,-32.4176,-35.3765,3607060.75,1.0684,53.7,56.6,59.6,36.7,36.7,36.7,-16.2173,-25.4043,-28.3263,-14.6491,-31.2849,-34.8057,-38.0872,0.545,0.545
20250821,2520,冠德,listed,36.9,37.2,36.7,36.8,1911606.0,70406887.0,,data/daily_price/20250821.csv,37.12,43.2225,49.185,51.3117,42.6972,-0.271,-2.3873,-30.8271,-31.4711,-35.8885,3656442.15,0.5228,53.4,56.6,59.6,36.7,36.7,36.7,-14.8592,-25.1804,-28.2814,-13.8117,-31.0861,-34.9823,-38.255,0.2725,0.2725
20250822,2520,冠德,listed,36.75,36.85,36.05,36.5,2528604.0,91972688.0,,data/daily_price/20250822.csv,36.87,42.3875,48.8683,51.145,42.1808,-0.8152,-3.3113,-31.391,-34.2342,-35.3982,3726797.05,0.6785,53.4,56.6,59.6,36.05,36.05,36.05,-13.8897,-25.3095,-28.6343,-13.4677,-31.6479,-35.5124,-38.7584,1.2483,1.2483
20250825,2520,冠德,listed,36.75,37.0,36.7,36.85,1108529.0,40843282.0,,data/daily_price/20250825.csv,36.81,41.63,48.5542,51.0004,41.7365,0.9589,-0.8075,-29.1346,-33.842,-32.0111,3609033.1,0.3072,52.2,56.2,59.6,36.05,36.05,36.05,-11.4821,-24.1054,-27.7457,-11.708,-29.4061,-34.4306,-38.1711,2.2191,2.2191
20250826,2520,冠德,listed,36.85,36.95,35.9,35.9,3064078.0,111231566.0,,data/daily_price/20250826.csv,36.59,40.855,48.2308,50.8296,41.2502,-2.578,-2.973,-30.1556,-35.0814,-36.3475,3592721.1,0.8529,51.4,55.6,59.6,35.9,35.9,35.9,-12.1283,-25.5663,-29.3718,-12.97,-30.1556,-35.4317,-39.7651,0.0,0.0
20250827,2520,冠德,listed,36.1,36.3,35.9,36.05,1398822.0,50490911.0,,data/daily_price/20250827.csv,36.42,40.1125,47.92,50.6525,40.8168,0.4178,-2.3035,-29.1749,-34.0951,-37.0855,3541512.25,0.395,51.1,55.6,59.6,35.9,35.9,35.9,-10.1278,-24.7705,-28.8288,-11.6785,-29.4521,-35.1619,-39.5134,0.4178,0.4178
20250828,2520,冠德,listed,36.0,37.25,35.9,36.3,4840664.0,177230894.0,,data/daily_price/20250828.csv,36.32,39.4275,47.6267,50.4792,40.4404,0.6935,-1.3587,-27.4,-32.6531,-36.4273,3566067.7,1.3574,51.1,54.4,59.6,35.9,35.9,35.9,-7.9323,-23.7822,-28.0891,-10.2383,-28.9628,-33.2721,-39.094,1.1142,1.1142
20250829,2520,冠德,listed,36.7,36.75,35.05,35.25,4265782.0,152639348.0,,data/daily_price/20250829.csv,36.07,38.66,47.3242,50.2996,40.0079,-2.8926,-3.4247,-30.336,-33.9888,-37.9401,3599803.15,1.185,51.1,54.3,59.6,35.05,35.05,35.05,-8.8205,-25.5137,-29.9199,-11.8923,-31.0176,-35.0829,-40.8557,0.5706,0.5706
20250901,2520,冠德,listed,35.5,35.8,34.7,34.95,3191721.0,111745919.0,,data/daily_price/20250901.csv,35.69,37.8725,47.0283,50.1192,39.5864,-0.8511,-5.156,-31.0651,-33.6812,-38.2509,3428738.45,0.9309,43.7,54.3,59.6,34.7,34.7,34.7,-7.7167,-25.6831,-30.2662,-11.7121,-20.0229,-35.6354,-41.3591,0.7205,0.7205
20250902,2520,冠德,listed,34.95,35.45,34.9,35.3,1969933.0,69193292.0,,data/daily_price/20250902.csv,35.57,37.5075,46.7517,49.94,39.2292,1.0014,-1.6713,-17.1362,-31.9846,-37.8521,3205769.95,0.6145,42.75,54.3,59.6,34.7,34.7,34.7,-5.8855,-24.4947,-29.3152,-10.016,-17.4269,-34.9908,-40.7718,1.7291,1.7291
20250903,2520,冠德,listed,35.35,36.1,35.35,36.05,2124391.0,76290345.0,,data/daily_price/20250903.csv,35.57,37.2075,46.4942,49.7821,38.9643,2.1246,0.0,-14.2687,-30.0,-34.4545,3164624.35,0.6713,42.45,54.3,59.6,34.7,34.7,34.7,-3.1109,-22.4634,-27.5844,-7.4793,-15.0766,-33.6096,-39.5134,3.8905,3.8905
20250904,2520,冠德,listed,36.25,39.65,35.85,39.65,10769360.0,416843203.0,,data/daily_price/20250904.csv,36.24,37.13,46.2883,49.6492,39.0214,9.9861,9.2287,-3.7621,-23.75,-28.6871,3512991.15,3.0656,41.2,54.3,59.6,34.7,34.7,34.7,6.787,-14.3413,-20.1396,1.6109,-3.7621,-26.9797,-33.4732,14.2651,14.2651
20250905,2520,冠德,listed,40.5,41.3,38.7,40.2,19908845.0,794250322.0,,data/daily_price/20250905.csv,37.23,37.1075,46.1167,49.5208,39.1196,1.3871,14.0426,-1.107,-20.396,-27.6978,4320135.5,4.6084,41.3,54.3,59.6,34.7,34.7,34.7,8.3339,-12.8298,-18.822,2.7617,-2.6634,-25.9669,-32.5503,15.8501,15.8501
20250909,2520,冠德,listed,38.35,38.35,37.5,37.55,4859993.0,183244097.0,,data/daily_price/20250909.csv,37.75,37.02,45.9192,49.3671,38.9888,-6.592,7.4392,-4.4529,-23.9879,-32.9464,4345548.65,1.1184,41.3,54.3,59.6,34.7,34.7,34.7,1.4317,-18.2259,-23.9372,-3.6903,-9.0799,-30.8471,-36.9966,8.2133,8.2133
20250910,2520,冠德,listed,37.5,37.95,37.1,37.6,2990615.0,112468836.0,,data/daily_price/20250910.csv,38.21,36.975,45.7208,49.2138,38.8731,0.1332,6.5156,-2.3377,-24.0404,-32.8571,4226502.25,0.7076,41.3,54.3,59.6,34.7,34.7,34.7,1.6903,-17.7618,-23.5986,-3.275,-8.9588,-30.7551,-36.9128,8.3573,8.3573
20250911,2520,冠德,listed,37.7,39.1,37.7,38.9,3994487.0,153839957.0,,data/daily_price/20250911.csv,38.78,37.0175,45.5308,49.0646,38.8753,3.4574,7.9057,2.2339,-22.664,-31.5141,4239352.6,0.9422,41.3,54.3,59.6,34.7,34.7,34.7,5.0854,-14.5634,-20.7167,0.0635,-5.8111,-28.361,-34.7315,12.1037,12.1037
20250917,2520,冠德,listed,39.2,39.7,38.9,39.0,3186130.0,124846045.0,,data/daily_price/20250917.csv,38.65,37.0825,45.3475,48.9229,38.8857,0.2571,-1.6393,3.4483,-22.0,-30.3571,4272678.8,0.7457,41.3,54.3,59.6,34.7,34.7,34.7,5.1709,-13.9975,-20.2828,0.2939,-5.569,-28.1768,-34.5638,12.3919,12.3919
20250918,2520,冠德,listed,39.05,39.3,38.05,38.2,3921087.0,150514884.0,,data/daily_price/20250918.csv,38.25,37.105,45.1525,48.7629,38.8286,-2.0513,-4.9751,1.1921,-23.4469,-33.4495,4283509.1,0.9154,41.3,54.3,59.6,34.7,34.7,34.7,2.9511,-15.3978,-21.6618,-1.6188,-7.5061,-29.6501,-35.906,10.0865,10.0865
20250919,2520,冠德,listed,38.0,38.0,36.8,36.95,6149379.0,228373196.0,,data/daily_price/20250919.csv,38.13,37.095,44.945,48.5858,38.672,-3.2723,-1.5979,-0.5384,-25.2024,-36.512,4453540.8,1.3808,41.3,54.3,59.6,34.7,34.7,34.7,-0.3909,-17.7884,-23.949,-4.4529,-10.5327,-31.9521,-38.0034,6.4841,6.4841
20250922,2520,冠德,listed,36.9,36.95,36.4,36.6,2883315.0,105543455.0,,data/daily_price/20250922.csv,37.93,37.075,44.725,48.3967,38.4994,-0.9472,-2.6596,-1.0811,-26.506,-38.2799,4446047.4,0.6485,41.3,54.3,59.5,34.7,34.7,34.7,-1.2812,-18.1666,-24.375,-4.9335,-11.3801,-32.5967,-38.4874,5.4755,5.4755
20250923,2520,冠德,listed,36.6,37.0,36.4,36.65,2825758.0,103669028.0,,data/daily_price/20250923.csv,37.48,37.0625,44.505,48.2188,38.3452,0.1366,-5.7841,-0.6775,-26.4794,-36.8103,4394654.95,0.643,41.3,54.3,58.3,34.7,34.7,34.7,-1.113,-17.6497,-23.9922,-4.421,-11.2591,-32.5046,-37.1355,5.6196,5.6196
20250924,2520,冠德,listed,36.85,37.15,36.7,36.7,2197627.0,80850213.0,,data/daily_price/20250924.csv,37.02,37.0575,44.275,48.0429,38.2081,0.1364,-5.8974,-0.2717,-27.3267,-36.5052,4408956.0,0.4984,41.3,54.3,58.3,34.7,34.7,34.7,-0.9647,-17.109,-23.61,-3.9472,-11.138,-32.4125,-37.0497,5.7637,5.7637
20250925,2520,冠德,listed,36.8,36.95,36.15,36.4,3803572.0,138667999.0,,data/daily_price/20250925.csv,36.66,37.0525,44.0383,47.8646,38.0575,-0.8174,-4.712,-0.274,-28.0632,-37.0242,4472704.4,0.8504,41.3,54.3,57.8,34.7,34.7,34.7,-1.761,-17.3447,-23.9521,-4.3552,-11.8644,-32.965,-37.0242,4.8991,4.8991
20250926,2520,冠德,listed,36.45,36.5,35.75,36.0,2916776.0,104847518.0,,data/daily_price/20250926.csv,36.47,37.01,43.7983,47.6979,37.886,-1.0989,-2.571,-2.3066,-28.5714,-35.7143,4563116.75,0.6392,41.3,54.3,57.5,34.7,34.7,34.7,-2.729,-17.8051,-24.525,-4.9781,-12.8329,-33.7017,-37.3913,3.7464,3.7464
20250930,2520,冠德,listed,36.05,36.05,35.5,36.0,2744947.0,98188051.0,,data/daily_price/20250930.csv,36.35,37.015,43.545,47.5546,37.7288,0.0,-1.6393,0.2786,-29.6875,-32.3308,4547160.2,0.6037,41.3,54.3,57.5,34.7,34.7,34.7,-2.7421,-17.3269,-24.2975,-4.5823,-12.8329,-33.7017,-37.3913,3.7464,3.7464
20251001,2520,冠德,listed,36.1,36.3,35.9,35.95,2613408.0,94088360.0,,data/daily_price/20251001.csv,36.21,37.01,43.2708,47.4042,37.5806,-0.1389,-1.91,-0.2774,-31.3931,-33.4259,4607889.5,0.5672,41.3,54.3,57.5,34.7,34.7,34.7,-2.8641,-16.9186,-24.1628,-4.3389,-12.954,-33.7937,-37.4783,3.6023,3.6023
20251002,2520,冠德,listed,36.05,36.05,35.25,35.3,3199939.0,113551380.0,,data/daily_price/20251002.csv,35.93,36.96,42.9792,47.2483,37.3906,-1.8081,-3.8147,-2.7548,-33.1439,-34.6296,4525853.25,0.707,41.3,54.3,57.5,34.7,34.7,34.7,-4.4913,-17.8672,-25.2884,-5.5911,-14.5278,-34.9908,-38.6087,1.7291,1.7291
20251003,2520,冠德,listed,35.35,35.45,34.75,34.85,2740650.0,95764010.0,,data/daily_price/20251003.csv,35.62,36.94,42.68,47.1337,37.1788,-1.2748,-4.2582,-1.1348,-33.9962,-28.2922,4449596.65,0.6159,41.3,54.3,57.5,34.7,34.7,34.7,-5.6578,-18.3458,-26.0615,-6.2639,-15.6174,-35.8195,-39.3913,0.4323,0.4323
20251007,2520,冠德,listed,34.85,34.9,34.1,34.6,3524363.0,121686004.0,,data/daily_price/20251007.csv,35.34,36.9225,42.3683,47.0221,36.9639,-0.7174,-3.8889,-1.0014,-35.0844,-27.9167,4466228.75,0.7891,41.3,54.3,57.5,34.1,34.1,34.1,-6.2902,-18.3352,-26.4176,-6.3952,-16.2228,-36.2799,-39.8261,1.4663,1.4663
20251008,2520,冠德,listed,34.5,34.8,34.25,34.6,1903290.0,65684569.0,,data/daily_price/20251008.csv,35.06,36.8875,42.0633,46.9504,36.7669,0.0,-3.8889,-1.983,-34.5936,-19.9074,4462896.6,0.4265,41.3,54.3,57.5,34.1,34.1,34.1,-6.2013,-17.7431,-26.3052,-5.8937,-16.2228,-36.2799,-39.8261,1.4663,1.4663
20251009,2520,冠德,listed,34.7,34.7,34.1,34.35,3473616.0,118923360.0,,data/daily_price/20251009.csv,34.74,36.8025,41.7542,46.8408,36.5655,-0.7225,-4.4506,-4.7157,-35.0662,-27.6842,4530357.85,0.7667,41.3,54.3,57.5,34.1,34.1,34.1,-6.6639,-17.7328,-26.6665,-6.0591,-16.8281,-36.7403,-40.2609,0.7331,0.7331
20251013,2520,冠德,listed,33.8,34.0,33.15,33.45,4116621.0,137386852.0,,data/daily_price/20251013.csv,34.37,36.4925,41.4283,46.7188,36.3059,-2.6201,-5.2408,-15.6368,-36.8868,-30.4574,4197720.9,0.9807,41.3,54.3,57.5,33.15,33.15,33.15,-8.3373,-19.2582,-28.4013,-7.8662,-19.0073,-38.3978,-41.8261,0.905,0.905
20251014,2520,冠德,listed,33.6,34.15,33.2,33.25,3512713.0,117892689.0,,data/daily_price/20251014.csv,34.05,36.145,41.1075,46.5867,36.0512,-0.5979,-4.5911,-17.2886,-36.6667,-32.2811,3377914.3,1.0399,39.7,54.3,57.5,33.15,33.15,33.15,-8.0094,-19.1145,-28.6276,-7.7702,-16.2469,-38.7661,-42.1739,0.3017,0.3017
20251016,2520,冠德,listed,34.0,34.35,33.7,33.85,3401774.0,115299941.0,,data/daily_price/20251016.csv,33.9,35.96,40.7917,46.4629,35.8678,1.8045,-2.1676,-9.8535,-35.8902,-30.4928,3305003.35,1.0293,39.7,54.3,57.5,33.15,33.15,33.15,-5.8676,-17.0174,-27.1462,-5.6257,-14.7355,-37.6611,-41.1304,2.1116,2.1116
20251020,2520,冠德,listed,33.55,33.55,32.9,33.15,2382265.0,78894894.0,,data/daily_price/20251020.csv,33.61,35.7375,40.4608,46.3288,35.6413,-2.0679,-4.1908,-11.8351,-37.4528,-32.6904,3274585.85,0.7275,39.7,54.3,57.5,32.9,32.9,32.9,-7.2403,-18.0689,-28.4462,-6.99,-16.4987,-38.9503,-42.3478,0.7599,0.7599
20251021,2520,冠德,listed,33.15,33.6,32.9,33.5,2625775.0,87340488.0,,data/daily_price/20251021.csv,33.44,35.4675,40.1408,46.2,35.4629,1.0558,-2.4745,-13.8817,-36.4326,-31.5628,3206150.25,0.819,39.7,54.3,57.5,32.9,32.9,32.9,-5.5473,-16.5438,-27.4892,-5.535,-15.6171,-38.3057,-41.7391,1.8237,1.8237
20251022,2520,冠德,listed,33.5,33.9,33.3,33.9,2118373.0,71301570.0,,data/daily_price/20251022.csv,33.53,35.2125,39.8275,46.0875,35.3326,1.194,1.3453,-13.0769,-35.6736,-28.481,3152762.4,0.6719,39.3,54.3,57.5,32.9,32.9,32.9,-3.7274,-14.8829,-26.4443,-4.0547,-13.7405,-37.5691,-41.0435,3.0395,3.0395
20251023,2520,冠德,listed,33.95,34.0,33.55,33.6,978056.0,32999437.0,,data/daily_price/20251023.csv,33.6,34.9825,39.5092,45.9721,35.1883,-0.885,1.0526,-12.0419,-36.2429,-29.1886,3005610.85,0.3254,38.0,54.3,57.5,32.9,32.9,32.9,-3.952,-14.9564,-26.9122,-4.5136,-11.5789,-38.1215,-41.5652,2.1277,2.1277
20251027,2520,冠德,listed,33.7,33.8,33.15,33.5,2429899.0,81369505.0,,data/daily_price/20251027.csv,33.53,34.81,39.1892,45.8487,35.0476,-0.2976,-1.034,-9.3369,-36.4326,-30.6418,2819636.85,0.8618,37.15,53.7,57.5,32.9,32.9,32.9,-3.7633,-14.5172,-26.9337,-4.4156,-9.825,-37.6164,-41.7391,1.8237,1.8237
20251028,2520,冠德,listed,33.6,33.8,33.0,33.2,3278755.0,108747082.0,,data/daily_price/20251028.csv,33.54,34.64,38.8642,45.7171,34.8936,-0.8955,0.1508,-9.2896,-37.0019,-32.2449,2839408.85,1.1547,37.15,53.7,57.5,32.9,32.9,32.9,-4.157,-14.5743,-27.3794,-4.8536,-10.6326,-38.175,-42.2609,0.9119,0.9119
20251029,2520,冠德,listed,33.15,33.55,33.05,33.4,1307776.0,43576207.0,,data/daily_price/20251029.csv,33.52,34.4775,38.5275,45.5862,34.7691,0.6024,-0.2985,-8.8677,-37.6866,-31.9756,2763509.75,0.4732,37.15,53.7,57.5,32.9,32.9,32.9,-3.1252,-13.3087,-26.7323,-3.9378,-10.0942,-37.8026,-41.913,1.5198,1.5198
20251030,2520,冠德,listed,33.45,33.9,33.3,33.8,1105791.0,37209133.0,,data/daily_price/20251030.csv,33.5,34.3325,38.2042,45.455,34.6884,1.1976,-0.295,-7.9019,-36.4662,-31.7861,2708917.95,0.4082,36.95,53.4,57.5,32.9,32.9,32.9,-1.551,-11.528,-25.6407,-2.561,-8.525,-36.7041,-41.2174,2.7356,2.7356
20251031,2520,冠德,listed,33.75,33.75,33.3,33.3,1273661.0,42565402.0,,data/daily_price/20251031.csv,33.44,34.1775,37.8725,45.3083,34.5727,-1.4793,-0.8929,-8.5165,-37.406,-34.5776,2582422.4,0.4932,36.5,53.4,57.5,32.9,32.9,32.9,-2.5675,-12.0734,-26.5036,-3.6812,-8.7671,-37.6404,-42.087,1.2158,1.2158
20251103,2520,冠德,TWSE,33.3,33.35,32.9,33.35,1652623.0,,,data/daily_price/20251103.csv,33.41,34.045,37.5617,45.1629,34.4708,0.1502,-0.4478,-7.3611,-35.8654,-34.3504,2519214.75,0.656,36.3,52.2,57.5,32.9,32.9,32.9,-2.0414,-11.2127,-26.1562,-3.2514,-8.1267,-36.1111,-42.0,1.3678,1.3678
20251104,2520,冠德,TWSE,33.35,33.5,32.9,33.0,1237803.0,,,data/daily_price/20251104.csv,33.37,33.895,37.255,45.0037,34.3482,-1.0495,-0.6024,-8.3333,-35.7977,-36.6603,2443857.55,0.5065,36.3,51.4,57.5,32.9,32.9,32.9,-2.6405,-11.4213,-26.6728,-3.9252,-9.0909,-35.7977,-42.6087,0.304,0.304
20251105,2520,冠德,TWSE,32.95,32.95,32.3,32.55,1100662.0,,,data/daily_price/20251105.csv,33.2,33.725,36.9492,44.825,34.1984,-1.3636,-2.5449,-9.4576,-36.0511,-39.7222,2368220.25,0.4648,36.05,51.1,57.5,32.3,32.3,32.3,-3.4841,-11.906,-27.3843,-4.82,-9.7087,-36.3014,-43.3913,0.774,0.774
20251106,2520,冠德,TWSE,32.65,32.95,32.3,32.7,1153001.0,,,data/daily_price/20251106.csv,32.98,33.595,36.6608,44.6617,34.0735,0.4608,-3.2544,-7.3654,-34.6,-37.4761,2265873.35,0.5089,35.45,51.1,57.5,32.3,32.3,32.3,-2.6641,-10.804,-26.7828,-4.031,-7.7574,-36.0078,-43.1304,1.2384,1.2384
20251107,2520,冠德,TWSE,32.6,32.85,32.3,32.85,890235.0,,,data/daily_price/20251107.csv,32.89,33.495,36.365,44.5054,33.9715,0.4587,-1.3514,-5.7389,-35.0791,-36.3372,2173352.6,0.4096,34.9,51.1,57.5,32.3,32.3,32.3,-1.9257,-9.6659,-26.1888,-3.3014,-5.8739,-35.7143,-42.8696,1.7028,1.7028
20251110,2520,冠德,TWSE,32.85,32.9,32.4,32.45,974206.0,,,data/daily_price/20251110.csv,32.71,33.3875,36.0608,44.3433,33.8448,-1.2177,-2.6987,-6.2139,-35.9961,-37.4759,2045844.75,0.4762,34.8,43.7,57.5,32.3,32.3,32.3,-2.8079,-10.0132,-26.821,-4.121,-6.7529,-25.7437,-43.5652,0.4644,0.4644
20251111,2520,冠德,TWSE,32.45,32.6,32.15,32.5,1312769.0,,,data/daily_price/20251111.csv,32.61,33.2825,35.8925,44.1725,33.7327,0.1541,-1.5152,-6.0694,-23.7089,-38.6792,2016318.7,0.6511,34.7,42.75,57.5,32.15,32.15,32.15,-2.3511,-9.4518,-26.4248,-3.6543,-6.3401,-23.9766,-43.4783,1.0886,1.0886
20251112,2520,冠德,TWSE,32.5,32.8,32.3,32.6,1513814.0,,,data/daily_price/20251112.csv,32.62,33.195,35.735,44.0008,33.6383,0.3077,0.1536,-5.0946,-22.4732,-38.7218,1918328.6,0.7891,34.35,42.45,57.5,32.15,32.15,32.15,-1.7924,-8.7729,-25.9105,-3.0867,-5.0946,-23.2038,-43.3043,1.3997,1.3997
20251113,2520,冠德,TWSE,32.8,33.35,32.75,33.35,1949055.0,,,data/daily_price/20251113.csv,32.75,33.19,35.6042,43.8246,33.6143,2.3006,1.9878,-0.299,-19.0534,-38.8073,1809950.3,1.0769,34.35,41.3,57.5,32.15,32.15,32.15,0.4821,-6.3312,-23.9012,-0.7862,-2.9112,-19.2494,-42.0,3.7325,3.7325
20251114,2520,冠德,TWSE,33.35,33.65,32.9,33.3,1753495.0,,,data/daily_price/20251114.csv,32.84,33.1925,35.4817,43.6546,33.5881,-0.1499,1.3699,0.1504,-18.0812,-37.9888,1721989.4,1.0183,34.35,41.3,57.5,32.15,32.15,32.15,0.3239,-6.1487,-23.7193,-0.8577,-3.0568,-19.3705,-42.087,3.577,3.577
20251117,2520,冠德,TWSE,33.25,33.75,32.8,33.5,1376019.0,,,data/daily_price/20251117.csv,33.05,33.175,35.385,43.4838,33.5807,0.6006,3.2357,-1.034,-14.7583,-37.963,1620701.65,0.849,34.0,41.3,57.5,32.15,32.15,32.15,0.9797,-5.3271,-22.9597,-0.2404,-1.4706,-18.8862,-41.7391,4.1991,4.1991
20251118,2520,冠德,TWSE,33.4,33.45,32.95,33.1,1915440.0,,,data/daily_price/20251118.csv,33.17,33.1725,35.295,43.2838,33.5407,-1.194,1.8462,-0.1508,-14.026,-42.0315,1597360.4,1.1991,34.0,41.3,57.4,32.15,32.15,32.15,-0.2186,-6.219,-23.5279,-1.3139,-2.6471,-19.8547,-42.3345,2.9549,2.9549
20251119,2520,冠德,TWSE,33.2,33.45,32.3,32.35,1308348.0,,,data/daily_price/20251119.csv,33.12,33.115,35.2,43.09,33.4415,-2.2659,-0.7669,-3.4328,-14.9803,-41.8165,1531489.05,0.8543,34.0,41.3,57.2,32.15,32.15,32.15,-2.3101,-8.0966,-24.9246,-3.2638,-4.8529,-21.6707,-43.4441,0.6221,0.6221
20251120,2520,冠德,TWSE,32.45,32.9,32.1,32.9,2131530.0,,,data/daily_price/20251120.csv,33.03,33.065,35.12,42.8992,33.3963,1.7002,-1.3493,-2.9499,-12.7321,-41.0394,1532146.9,1.3912,34.0,41.3,56.6,32.1,32.1,32.1,-0.499,-6.3212,-23.3085,-1.4862,-3.2353,-20.339,-41.8728,2.4922,2.4922
20251121,2520,冠德,TWSE,32.8,32.9,32.1,32.15,1508214.0,,,data/daily_price/20251121.csv,32.8,32.9925,35.0267,42.7046,33.2925,-2.2796,-3.4535,-4.3155,-14.8344,-42.0721,1558654.8,0.9676,33.9,41.3,56.6,32.1,32.1,32.1,-2.5536,-8.2128,-24.7153,-3.4316,-5.1622,-22.155,-43.1979,0.1558,0.1558
20251124,2520,冠德,TWSE,32.2,32.8,32.1,32.8,1007003.0,,,data/daily_price/20251124.csv,32.66,32.9575,34.9542,42.5121,33.2514,2.0218,-2.0896,-2.0896,-11.7093,-41.3238,1487510.0,0.677,33.9,41.3,56.6,32.1,32.1,32.1,-0.4779,-6.1628,-22.8455,-1.3576,-3.2448,-20.5811,-42.0495,2.1807,2.1807
20251125,2520,冠德,TWSE,32.65,32.7,31.95,31.95,1852800.0,,,data/daily_price/20251125.csv,32.43,32.895,34.87,42.3158,33.143,-2.5915,-3.4743,-3.7651,-13.6486,-42.4324,1416212.25,1.3083,33.9,41.3,56.6,31.95,31.95,31.95,-2.8728,-8.374,-24.4963,-3.5995,-5.7522,-22.6392,-43.5512,0.0,0.0
20251126,2520,冠德,TWSE,32.15,33.0,32.0,33.0,1685505.0,,,data/daily_price/20251126.csv,32.56,32.875,34.805,42.1358,33.1311,3.2864,2.0093,-1.1976,-10.5691,-39.5604,1435098.7,1.1745,33.9,41.3,56.6,31.95,31.95,31.95,0.3802,-5.186,-21.6819,-0.3956,-2.6549,-20.0969,-41.6961,3.2864,3.2864
20251127,2520,冠德,TWSE,33.0,33.1,32.65,33.0,1211973.0,,,data/daily_price/20251127.csv,32.58,32.835,34.7417,41.9633,33.1201,0.0,0.304,-2.3669,-10.3261,-38.5475,1440407.8,0.8414,33.75,41.3,56.6,31.95,31.95,31.95,0.5025,-5.0132,-21.3599,-0.3628,-2.2222,-20.0969,-41.6961,3.2864,3.2864
20251128,2520,冠德,TWSE,33.0,33.15,32.7,33.0,899059.0,,,data/daily_price/20251128.csv,32.75,32.82,34.6833,41.7758,33.1101,0.0,2.6439,-0.9009,-9.589,-40.5405,1421677.7,0.6324,33.75,41.3,56.6,31.95,31.95,31.95,0.5484,-4.8534,-21.007,-0.3326,-2.2222,-20.0969,-41.6961,3.2864,3.2864
20251201,2520,冠德,TWSE,32.8,32.9,32.1,32.3,1691571.0,,,data/daily_price/20251201.csv,32.65,32.7675,34.6075,41.5808,33.0426,-2.1212,-1.5244,-3.1484,-12.3474,-42.0108,1423625.1,1.1882,33.75,41.3,56.2,31.95,31.95,31.95,-1.4267,-6.6676,-22.32,-2.2475,-4.2963,-21.7918,-42.5267,1.0955,1.0955
20251202,2520,冠德,TWSE,32.3,32.75,32.15,32.35,1378111.0,,,data/daily_price/20251202.csv,32.73,32.735,34.5483,41.3896,32.9849,0.1548,1.252,-1.9697,-9.8886,-41.5009,1430640.5,0.9633,33.75,41.3,55.6,31.95,31.95,31.95,-1.1761,-6.3631,-21.8402,-1.9248,-4.1481,-21.6707,-41.8165,1.252,1.252
20251203,2520,冠德,TWSE,32.6,32.6,32.3,32.3,898416.0,,,data/daily_price/20251203.csv,32.59,32.7225,34.4858,41.2029,32.9278,-0.1546,-2.1212,-0.768,-10.4022,-40.9506,1420528.2,0.6325,33.75,41.3,55.6,31.95,31.95,31.95,-1.2912,-6.3384,-21.6075,-1.9067,-4.2963,-21.7918,-41.9065,1.0955,1.0955
20251204,2520,冠德,TWSE,32.35,32.55,32.15,32.35,1309902.0,,,data/daily_price/20251204.csv,32.46,32.705,34.42,41.0233,32.8797,0.1548,-1.9697,-1.0703,-10.8815,-39.9814,1428373.25,0.9171,33.75,41.3,54.4,31.95,31.95,31.95,-1.0855,-6.0139,-21.1424,-1.611,-4.1481,-21.6707,-40.5331,1.252,1.252
20251205,2520,冠德,TWSE,32.35,32.35,32.05,32.2,835922.0,,,data/daily_price/20251205.csv,32.3,32.6725,34.3692,40.8467,32.823,-0.4637,-2.4242,-1.9787,-8.6525,-39.7004,1425657.6,0.5863,33.75,41.3,54.3,31.95,31.95,31.95,-1.4462,-6.3114,-21.1686,-1.8982,-4.5926,-22.0339,-40.6998,0.7825,0.7825
20251208,2520,冠德,TWSE,32.2,32.5,32.1,32.2,840421.0,,,data/daily_price/20251208.csv,32.28,32.66,34.3233,40.6758,32.7711,0.0,-0.3096,-0.7704,-7.8684,-38.8994,1418968.35,0.5923,33.75,41.3,54.3,31.95,31.95,31.95,-1.4085,-6.1863,-20.8375,-1.7427,-4.5926,-22.0339,-40.6998,0.7825,0.7825
20251209,2520,冠德,TWSE,32.1,32.9,31.75,32.9,2272762.0,,,data/daily_price/20251209.csv,32.39,32.68,34.2833,40.5175,32.7819,2.1739,1.7002,1.2308,-6.7989,-36.6089,1466968.0,1.5493,33.75,41.3,54.3,31.75,31.75,31.75,0.6732,-4.035,-18.8005,0.3604,-2.5185,-20.339,-39.4107,3.622,3.622
20251210,2520,冠德,TWSE,32.9,33.1,32.5,32.75,1010381.0,,,data/daily_price/20251210.csv,32.48,32.6875,34.2283,40.3613,32.7792,-0.4559,1.3932,0.4601,-9.154,-36.4078,1441796.35,0.7008,33.75,41.3,54.3,31.75,31.75,31.75,0.1912,-4.319,-18.8578,-0.0891,-2.963,-20.7022,-39.6869,3.1496,3.1496
20251211,2520,冠德,TWSE,32.6,32.85,32.15,32.45,1506214.0,,,data/daily_price/20251211.csv,32.5,32.6425,34.1083,40.1983,32.7518,-0.916,0.3091,-2.6987,-18.1589,-37.5962,1419654.3,1.061,33.75,41.3,54.3,31.75,31.75,31.75,-0.5897,-4.862,-19.2753,-0.9214,-3.8519,-21.4286,-40.2394,2.2047,2.2047
20251212,2520,冠德,TWSE,32.55,32.9,32.25,32.5,1718324.0,,,data/daily_price/20251212.csv,32.56,32.6025,33.98,40.0483,32.7308,0.1541,0.9317,-2.4024,-19.1542,-35.6436,1417895.75,1.2119,33.75,39.7,54.3,31.75,31.75,31.75,-0.3144,-4.3555,-18.8481,-0.7051,-3.7037,-18.136,-40.1473,2.3622,2.3622
20251215,2520,冠德,TWSE,32.55,32.9,32.1,32.7,1205300.0,,,data/daily_price/20251215.csv,32.66,32.5625,33.8992,39.9092,32.7282,0.6154,1.5528,-2.3881,-12.9161,-33.8057,1409359.8,0.8552,33.45,39.7,54.3,31.75,31.75,31.75,0.4223,-3.5375,-18.0639,-0.0862,-2.2422,-17.6322,-39.779,2.9921,2.9921
20251216,2520,冠德,TWSE,32.45,33.35,32.05,33.1,9623637.0,,,data/daily_price/20251216.csv,32.7,32.5625,33.8242,39.7725,32.7592,1.2232,0.6079,0.0,-11.9681,-33.1313,1794769.65,5.362,33.45,39.7,54.3,31.75,31.75,31.75,1.6507,-2.141,-16.7767,1.0403,-1.0463,-16.6247,-39.0424,4.252,4.252
20251217,2520,冠德,TWSE,33.1,34.5,33.05,33.05,11773436.0,,,data/daily_price/20251217.csv,32.76,32.5975,33.7267,39.6287,32.7834,-0.1511,0.916,2.1638,-15.0386,-34.2942,2318024.05,5.0791,34.5,39.7,54.3,31.75,31.75,31.75,1.3881,-2.0063,-16.601,0.8131,-4.2029,-16.7506,-39.1344,4.0945,4.0945
20251218,2520,冠德,TWSE,33.3,34.15,33.2,34.0,11139911.0,,,data/daily_price/20251218.csv,33.07,32.6525,33.6433,39.4954,32.8848,2.8744,4.7766,3.3435,-12.8205,-32.0,2768443.1,4.0239,34.5,39.3,54.3,31.75,31.75,31.75,4.1268,1.0601,-13.9141,3.3912,-1.4493,-13.486,-37.3849,7.0866,7.0866
20251219,2520,冠德,TWSE,34.0,35.45,33.75,35.4,15937456.0,,,data/daily_price/20251219.csv,33.65,32.815,33.5967,39.3746,33.0944,4.1176,8.9231,10.1089,-7.3298,-29.0581,3489905.2,4.5667,35.45,38.0,54.3,31.75,31.75,31.75,7.8775,5.3676,-10.0943,6.9667,-0.141,-6.8421,-34.8066,11.4961,11.4961
20251222,2520,冠德,TWSE,35.5,35.55,33.85,34.6,12024072.0,,,data/daily_price/20251222.csv,34.03,32.905,33.5575,39.2512,33.2199,-2.2599,5.8104,5.4878,-6.3599,-29.9595,4040758.65,2.9757,35.55,37.15,54.3,31.75,31.75,31.75,5.1512,3.1066,-11.8499,4.1545,-2.6723,-6.8641,-36.2799,8.9764,8.9764
20251223,2520,冠德,TWSE,34.85,35.2,34.15,35.0,9734481.0,,,data/daily_price/20251223.csv,34.41,33.0575,33.5308,39.1279,33.3682,1.1561,5.7402,9.5462,-4.3716,-29.7189,4434842.7,2.195,35.55,37.15,54.3,31.75,31.75,31.75,5.8761,4.3815,-10.5498,4.8902,-1.5471,-5.7873,-35.5433,10.2362,10.2362
20251224,2520,冠德,TWSE,35.0,36.4,34.9,35.5,13629048.0,,,data/daily_price/20251224.csv,34.9,33.1825,33.5117,39.0083,33.5459,1.4286,7.413,7.5758,-3.1378,-28.7864,5032019.85,2.7085,36.4,37.15,54.3,31.75,31.75,31.75,6.9841,5.9333,-8.9938,5.8252,-2.4725,-4.4415,-34.6225,11.811,11.811
20251226,2520,冠德,TWSE,35.6,35.85,34.85,35.6,11314734.0,,,data/daily_price/20251226.csv,35.22,33.3125,33.4933,38.8842,33.717,0.2817,4.7059,7.8788,-2.9973,-29.505,5537157.9,2.0434,36.4,36.95,54.3,31.75,31.75,31.75,6.8668,6.2898,-8.446,5.5846,-2.1978,-3.6536,-34.4383,12.126,12.126
20251229,2520,冠德,TWSE,35.55,35.55,34.8,34.8,3851902.0,,,data/daily_price/20251229.csv,35.1,33.4025,33.4667,38.7525,33.8073,-2.2472,-1.6949,5.4545,-4.3956,-31.2253,5684800.05,0.6776,36.4,36.5,54.3,31.75,31.75,31.75,4.1838,3.9841,-10.1993,2.9364,-4.3956,-4.6575,-35.9116,9.6063,9.6063
20251230,2520,冠德,TWSE,34.8,34.8,34.15,34.6,2365509.0,,,data/daily_price/20251230.csv,35.1,33.5175,33.4433,38.6208,33.8734,-0.5747,0.0,7.1207,-3.8889,-31.3492,5718496.95,0.4137,36.4,36.4,54.3,31.75,31.75,31.75,3.2297,3.4586,-10.411,2.1452,-4.9451,-4.9451,-36.2799,8.9764,8.9764
20251231,2520,冠德,TWSE,34.6,34.6,33.75,33.75,2918349.0,,,data/daily_price/20251231.csv,34.85,33.5875,33.4058,38.4754,33.8631,-2.4566,-3.5714,4.3277,-6.25,-34.082,5795508.85,0.5036,36.4,36.4,54.3,31.75,31.75,31.75,0.4838,1.0303,-12.2817,-0.3339,-7.2802,-7.2802,-37.8453,6.2992,6.2992
20260102,2520,冠德,TWSE,33.8,33.95,32.6,32.65,4573030.0,,,data/daily_price/20260102.csv,34.28,33.605,33.3508,38.3108,33.762,-3.2593,-8.0282,1.0836,-9.1794,-37.6908,5979239.55,0.7648,36.4,36.4,54.3,31.75,31.75,31.75,-2.8418,-2.1014,-14.7761,-3.2936,-10.3022,-10.3022,-39.8711,2.8346,2.8346
20260105,2520,冠德,TWSE,32.6,32.6,31.65,31.9,4962714.0,,,data/daily_price/20260105.csv,33.54,33.5825,33.2942,38.1367,33.6068,-2.2971,-10.3933,-1.391,-9.6317,-39.5833,6161880.15,0.8054,36.4,36.4,54.3,31.65,31.65,31.65,-5.01,-4.1874,-16.3535,-5.0788,-12.3626,-12.3626,-41.2523,0.7899,0.7899
20260106,2520,冠德,TWSE,31.9,32.2,31.85,32.0,2045623.0,,,data/daily_price/20260106.csv,32.98,33.5725,33.2467,37.9633,33.4729,0.3135,-8.046,-0.6211,-8.1779,-39.3939,6222365.2,0.3288,36.4,36.4,54.3,31.65,31.65,31.65,-4.6839,-3.7497,-15.7081,-4.4003,-12.0879,-12.0879,-41.0681,1.1058,1.1058
20260107,2520,冠德,TWSE,32.15,32.7,32.0,32.65,2716767.0,,,data/daily_price/20260107.csv,32.59,33.595,33.2142,37.7913,33.4043,2.0312,-5.6358,1.3975,-5.6358,-38.743,6316182.5,0.4301,36.4,36.4,54.3,31.65,31.65,31.65,-2.8129,-1.6986,-13.6043,-2.2582,-10.3022,-10.3022,-39.8711,3.1596,3.1596
20260108,2520,冠德,TWSE,32.7,32.95,32.3,32.6,2167516.0,,,data/daily_price/20260108.csv,32.36,33.58,33.1808,37.6221,33.3373,-0.1531,-3.4074,-0.9119,-5.7803,-38.3743,6310920.2,0.3435,36.4,36.4,54.3,31.65,31.65,31.65,-2.9184,-1.7505,-13.3488,-2.2117,-10.4396,-10.4396,-39.9632,3.0016,3.0016
20260109,2520,冠德,TWSE,32.8,33.35,32.45,32.75,2012329.0,,,data/daily_price/20260109.csv,32.38,33.58,33.1542,37.4542,33.2884,0.4601,0.3063,0.0,-4.6579,-38.0907,6361017.6,0.3164,36.4,36.4,54.3,31.65,31.65,31.65,-2.4717,-1.2191,-12.5598,-1.6173,-10.0275,-10.0275,-39.6869,3.4755,3.4755
20260112,2520,冠德,TWSE,32.95,33.75,32.65,33.65,2451761.0,,,data/daily_price/20260112.csv,32.73,33.64,33.1575,37.2929,33.3185,2.7481,5.4859,3.698,0.5979,-36.5094,6408294.95,0.3826,36.4,36.4,54.3,31.65,31.65,31.65,0.0297,1.4853,-9.7684,0.9949,-7.5549,-7.5549,-38.0295,6.3191,6.3191
20260113,2520,冠德,TWSE,33.95,33.95,33.05,33.6,1490695.0,,,data/daily_price/20260113.csv,33.05,33.695,33.1633,37.1354,33.342,-0.1486,5.0,3.3846,1.0526,-36.0,6396913.5,0.233,36.4,36.4,54.3,31.65,31.65,31.65,-0.2819,1.3167,-9.5203,0.7739,-7.6923,-7.6923,-38.1215,6.1611,6.1611
20260114,2520,冠德,TWSE,33.6,33.75,33.2,33.2,1327442.0,,,data/daily_price/20260114.csv,33.16,33.72,33.1525,36.9721,33.3301,-1.1905,1.6845,1.5291,-1.9202,-37.1212,6403020.6,0.2073,36.4,36.4,54.3,31.65,31.65,31.65,-1.5421,0.1433,-10.2025,-0.3904,-8.7912,-8.7912,-38.8582,4.8973,4.8973
20260115,2520,冠德,TWSE,33.4,33.55,32.7,33.0,1450875.0,,,data/daily_price/20260115.csv,33.24,33.715,33.15,36.8054,33.3026,-0.6024,1.227,-0.3021,-0.4525,-37.7358,5994382.5,0.242,36.4,36.4,54.3,31.65,31.65,31.65,-2.1207,-0.4525,-10.3393,-0.9087,-9.3407,-9.3407,-39.2265,4.2654,4.2654
20260116,2520,冠德,TWSE,33.05,33.05,32.3,32.45,2257680.0,,,data/daily_price/20260116.csv,33.18,33.685,33.1325,36.6367,33.2316,-1.6667,-0.916,-1.8154,-3.1343,-38.425,5518594.7,0.4091,36.4,36.4,54.3,31.65,31.65,31.65,-3.6663,-2.0599,-11.4275,-2.3519,-10.8516,-10.8516,-40.2394,2.5276,2.5276
20260119,2520,冠德,TWSE,32.3,33.1,32.1,32.7,1416158.0,,,data/daily_price/20260119.csv,32.99,33.62,33.1125,36.47,33.1873,0.7704,-2.8232,-3.8235,-3.5398,-37.9507,5032407.05,0.2814,36.4,36.4,54.3,31.65,31.65,31.65,-2.7365,-1.2458,-10.3373,-1.4683,-10.1648,-10.1648,-39.779,3.3175,3.3175
20260120,2520,冠德,TWSE,32.7,33.4,32.55,33.1,2008319.0,,,data/daily_price/20260120.csv,32.89,33.505,33.1042,36.3067,33.18,1.2232,-1.4881,-6.4972,-1.4881,-37.1917,4335950.2,0.4632,36.4,36.4,54.3,31.65,31.65,31.65,-1.2088,-0.0126,-8.8322,-0.2411,-9.0659,-9.0659,-39.0424,4.5814,4.5814
20260121,2520,冠德,TWSE,33.0,33.05,32.6,32.9,1836870.0,,,data/daily_price/20260121.csv,32.83,33.42,33.0942,36.1417,33.1567,-0.6042,-0.9036,-4.9133,-1.791,-37.5712,3826590.1,0.48,36.4,36.4,53.7,31.65,31.65,31.65,-1.556,-0.5867,-8.9693,-0.7741,-9.6154,-9.6154,-38.7337,3.9494,3.9494
20260122,2520,冠德,TWSE,32.9,33.3,32.9,33.3,1026735.0,,,data/daily_price/20260122.csv,32.89,33.335,33.0958,35.98,33.1686,1.2158,0.9091,-4.8571,0.3012,-36.8121,3391202.8,0.3028,36.4,36.4,53.7,31.65,31.65,31.65,-0.105,0.6169,-7.4486,0.3961,-8.5165,-8.5165,-37.9888,5.2133,5.2133
20260123,2520,冠德,TWSE,33.4,33.45,32.45,32.85,2033205.0,,,data/daily_price/20260123.csv,32.97,33.2025,33.0867,35.8071,33.1421,-1.3514,1.2327,-7.4648,-1.6467,-38.7127,2811410.65,0.7232,35.85,36.4,53.7,31.65,31.65,31.65,-1.0617,-0.7153,-8.2584,-0.8812,-8.3682,-9.7527,-38.8268,3.7915,3.7915
20260126,2520,冠德,TWSE,32.6,32.9,32.35,32.45,1612136.0,,,data/daily_price/20260126.csv,32.92,33.045,33.0642,35.6342,33.0844,-1.2177,-0.7645,-8.8483,-3.9941,-39.0038,2326280.75,0.693,35.55,36.4,53.4,31.65,31.65,31.65,-1.8006,-1.8575,-8.9357,-1.9175,-8.7201,-10.8516,-39.2322,2.5276,2.5276
20260127,2520,冠德,TWSE,32.45,32.5,31.35,31.5,3921965.0,,,data/daily_price/20260127.csv,32.6,32.88,33.0342,35.4533,32.9524,-2.9276,-4.8338,-9.4828,-5.4054,-40.7895,2329783.9,1.6834,34.8,36.4,53.4,31.35,31.35,31.35,-4.1971,-4.6442,-11.1508,-4.4074,-9.4828,-13.4615,-41.0112,0.4785,0.4785
20260128,2520,冠德,TWSE,31.5,31.5,31.0,31.05,2545974.0,,,data/daily_price/20260128.csv,32.23,32.7025,32.9958,35.2787,32.7938,-1.4286,-5.6231,-10.2601,-6.8966,-40.2885,2338807.15,1.0886,34.6,36.4,52.2,31.0,31.0,31.0,-5.0531,-5.8972,-11.9867,-5.3175,-10.2601,-14.6978,-40.5172,0.1613,0.1613
20260129,2520,冠德,TWSE,31.05,31.3,30.75,31.05,1215788.0,,,data/daily_price/20260129.csv,31.78,32.5675,32.9633,35.1092,32.6485,0.0,-6.7568,-8.0,-5.9091,-39.5914,2253679.1,0.5395,33.95,36.4,51.4,30.75,30.75,30.75,-4.6596,-5.8044,-11.5616,-4.8961,-8.542,-14.6978,-39.5914,0.9756,0.9756
20260130,2520,冠德,TWSE,31.05,31.2,30.6,30.95,1331692.0,,,data/daily_price/20260130.csv,31.4,32.4825,32.9367,34.9429,32.507,-0.3221,-5.7839,-5.2067,-4.9155,-39.1945,2091612.2,0.6367,33.95,36.4,51.1,30.6,30.6,30.6,-4.7179,-6.0318,-11.427,-4.7896,-8.8365,-14.9725,-39.4325,1.1438,1.1438
20260202,2520,冠德,TWSE,31.3,32.5,31.2,31.8,3727906.0,,,data/daily_price/20260202.csv,31.27,32.4775,32.9217,34.7912,32.4481,2.7464,-2.0031,-0.3135,-2.7523,-36.4,2029871.8,1.8365,33.95,36.4,51.1,30.6,30.6,30.6,-2.0861,-3.4071,-8.5977,-1.9972,-6.3328,-12.6374,-37.7691,3.9216,3.9216
20260203,2520,冠德,TWSE,31.9,32.3,31.4,31.8,1648213.0,,,data/daily_price/20260203.csv,31.33,32.4675,32.9042,34.6346,32.394,0.0,0.9524,-0.625,-3.1963,-37.1542,2010001.3,0.82,33.95,36.4,51.1,30.6,30.6,30.6,-2.0559,-3.3557,-8.1843,-1.8338,-6.3328,-12.6374,-37.7691,3.9216,3.9216
20260204,2520,冠德,TWSE,31.8,32.35,31.8,32.2,1446163.0,,,data/daily_price/20260204.csv,31.56,32.445,32.9,34.4804,32.3779,1.2579,3.7037,-1.3783,-0.7704,-36.4892,1946471.1,0.743,33.95,36.4,43.7,30.6,30.6,30.6,-0.7551,-2.1277,-6.6137,-0.5494,-5.1546,-11.5385,-26.3158,5.2288,5.2288
20260205,2520,冠德,TWSE,32.3,33.1,32.3,32.8,2849519.0,,,data/daily_price/20260205.csv,31.91,32.455,32.905,34.3988,32.4131,1.8634,5.6361,0.6135,0.9231,-23.0047,1980571.25,1.4387,33.95,36.4,42.75,30.6,30.6,30.6,1.063,-0.3191,-4.6477,1.1938,-3.3873,-9.8901,-23.2749,7.1895,7.1895
20260206,2520,冠德,TWSE,33.0,33.0,32.15,32.3,1660376.0,,,data/daily_price/20260206.csv,32.18,32.4325,32.9,34.3175,32.4036,-1.5244,4.3619,-1.374,-0.9202,-23.1867,1962973.6,0.8458,33.95,36.4,42.45,30.6,30.6,30.6,-0.4085,-1.8237,-5.8789,-0.3198,-4.8601,-11.2637,-23.9105,5.5556,5.5556
20260209,2520,冠德,TWSE,32.3,32.45,31.8,31.85,1157546.0,,,data/daily_price/20260209.csv,32.19,32.3425,32.875,34.2396,32.3575,-1.3932,0.1572,-5.3492,-4.4978,-22.6942,1898262.85,0.6098,33.95,36.4,41.3,30.6,30.6,30.6,-1.5228,-3.1179,-6.979,-1.5684,-6.1856,-12.5,-22.8814,4.085,4.085
20260210,2520,冠德,TWSE,31.85,32.2,31.8,32.15,880559.0,,,data/daily_price/20260210.csv,32.26,32.27,32.8558,34.1688,32.3402,0.9419,1.1006,-4.3155,-3.4535,-20.9102,1867756.05,0.4715,33.75,36.4,41.3,30.6,30.6,30.6,-0.3719,-2.1483,-5.9082,-0.5881,-4.7407,-11.6758,-22.155,5.0654,5.0654
20260211,2520,冠德,TWSE,31.8,32.1,31.55,31.85,1741129.0,,,data/daily_price/20260211.csv,32.19,32.2025,32.8283,34.1067,32.2994,-0.9331,-1.087,-4.0663,-4.9254,-18.9567,1888440.4,0.922,33.55,36.4,41.3,30.6,30.6,30.6,-1.0946,-2.9801,-6.6165,-1.3912,-5.0671,-12.5,-22.8814,4.085,4.085
20260223,2520,冠德,TWSE,32.0,32.45,31.8,31.8,2328440.0,,,data/daily_price/20260223.csv,31.99,32.1425,32.8067,34.0508,32.2577,-0.157,-3.0488,-3.6364,-3.9275,-17.4026,1932318.65,1.205,33.45,36.4,41.3,30.6,30.6,30.6,-1.0656,-3.0685,-6.6102,-1.419,-4.9327,-12.6374,-23.0024,3.9216,3.9216
20260224,2520,冠德,TWSE,31.8,32.0,31.5,31.5,1562178.0,,,data/daily_price/20260224.csv,31.83,32.095,32.7925,33.9963,32.1946,-0.9434,-2.4768,-2.9276,-2.6275,-17.2142,1897543.55,0.8233,33.45,36.4,41.3,30.6,30.6,30.6,-1.8539,-3.9415,-7.3427,-2.1575,-5.8296,-13.4615,-23.7288,2.9412,2.9412
20260225,2520,冠德,TWSE,31.55,31.7,31.4,31.6,1139180.0,,,data/daily_price/20260225.csv,31.78,32.04,32.7708,33.9454,32.145,0.3175,-0.7849,-3.3639,-3.9514,-16.1804,1883694.65,0.6048,33.45,36.4,41.3,30.6,30.6,30.6,-1.3733,-3.5728,-6.9094,-1.6956,-5.5306,-13.1868,-23.4867,3.268,3.268
20260226,2520,冠德,TWSE,31.7,31.8,31.3,31.35,1766538.0,,,data/daily_price/20260226.csv,31.62,31.9525,32.7575,33.8921,32.0788,-0.7911,-2.4883,-5.287,-2.4883,-16.9536,1871605.6,0.9439,33.45,36.4,41.3,30.6,30.6,30.6,-1.8856,-4.2967,-7.5005,-2.2719,-6.278,-13.8736,-24.092,2.451,2.451
20260302,2520,冠德,TWSE,31.6,32.35,31.55,32.05,3004865.0,,,data/daily_price/20260302.csv,31.66,31.91,32.745,33.8496,32.0764,2.2329,0.6279,-2.5836,-2.2866,-13.7281,1930005.35,1.5569,33.45,36.4,41.3,30.6,30.6,30.6,0.4387,-2.1225,-5.3164,-0.0823,-4.1854,-11.9505,-22.3971,4.7386,4.7386
20260303,2520,冠德,TWSE,32.05,32.05,31.25,31.35,1984638.0,,,data/daily_price/20260303.csv,31.57,31.8125,32.735,33.8025,32.0159,-2.1841,-1.4151,-5.8559,-1.8779,-15.2703,1977900.5,1.0034,33.45,36.4,41.3,30.6,30.6,30.6,-1.4538,-4.2309,-7.2554,-2.0798,-6.278,-13.8736,-24.092,2.451,2.451
20260304,2520,冠德,TWSE,31.2,31.2,30.0,30.0,3113837.0,,,data/daily_price/20260304.csv,31.27,31.67,32.685,33.745,31.8479,-4.3062,-4.7619,-8.6758,-9.0909,-18.6992,2031932.1,1.5325,33.1,36.4,41.3,30.0,30.0,30.0,-5.2731,-8.2148,-11.0979,-5.8022,-9.3656,-17.5824,-27.3608,0.0,0.0
20260305,2520,冠德,TWSE,30.55,31.1,30.35,31.05,1386731.0,,,data/daily_price/20260305.csv,31.16,31.6,32.6525,33.6971,31.7814,3.5,-1.7405,-4.3143,-5.9091,-15.625,2020661.85,0.6863,33.1,36.4,41.3,30.0,30.0,30.0,-1.7405,-4.9077,-7.8555,-2.3013,-6.1934,-14.6978,-24.8184,3.5,3.5
20260306,2520,冠德,TWSE,30.8,32.0,30.8,31.95,1436193.0,,,data/daily_price/20260306.csv,31.28,31.6225,32.635,33.6592,31.7954,2.8986,1.9139,1.4286,-3.1818,-12.4658,1896373.25,0.7573,33.1,36.4,41.3,30.0,30.0,30.0,1.0357,-2.099,-5.0779,0.4861,-3.4743,-12.2253,-22.6392,6.5,6.5
20260309,2520,冠德,TWSE,30.85,31.55,30.8,31.5,2385124.0,,,data/daily_price/20260309.csv,31.17,31.645,32.6217,33.6146,31.7708,-1.4085,-1.7161,1.4493,-2.4768,-14.5183,1888330.75,1.2631,33.1,36.4,41.3,30.0,30.0,30.0,-0.4582,-3.4384,-6.2907,-0.8524,-4.8338,-13.4615,-23.7288,5.0,5.0
20260310,2520,冠德,TWSE,31.9,32.4,31.7,32.05,1649445.0,,,data/daily_price/20260310.csv,31.31,31.695,32.6167,33.5825,31.7941,1.746,2.2329,3.2206,-0.9274,-10.7242,1910013.6,0.8636,33.1,36.4,41.3,30.0,30.0,30.0,1.1201,-1.7374,-4.5634,0.8049,-3.1722,-11.9505,-22.3971,6.8333,6.8333
20260311,2520,冠德,TWSE,32.0,32.85,32.0,32.75,1906901.0,,,data/daily_price/20260311.csv,31.86,31.785,32.6242,33.555,31.8737,2.1841,9.1667,5.8158,1.3932,-9.154,1938774.05,0.9836,33.1,36.4,41.3,30.0,30.0,30.0,3.036,0.3857,-2.399,2.7492,-1.0574,-10.0275,-20.7022,9.1667,9.1667
20260312,2520,冠德,TWSE,32.5,33.3,32.45,33.3,1981438.0,,,data/daily_price/20260312.csv,32.31,31.86,32.64,33.53,31.9926,1.6794,7.2464,4.717,2.9366,-8.2645,1851450.65,1.0702,33.3,36.4,41.3,30.0,30.0,30.0,4.5198,2.0221,-0.686,4.0866,0.0,-8.5165,-19.3705,11.0,11.0
20260313,2520,冠德,TWSE,32.85,33.4,32.75,32.85,1570933.0,,,data/daily_price/20260313.csv,32.49,31.9125,32.6508,33.51,32.064,-1.3514,2.8169,3.3019,2.0186,-6.8085,1847586.65,0.8503,33.4,36.4,41.3,30.0,30.0,30.0,2.9377,0.61,-1.9696,2.4512,-1.6467,-9.7527,-20.46,9.5,9.5
20260316,2520,冠德,TWSE,32.95,33.35,32.95,33.15,1237925.0,,,data/daily_price/20260316.csv,32.82,31.96,32.6667,33.495,32.1545,0.9132,5.2381,2.9503,2.9503,-5.1502,1837174.75,0.6738,33.4,36.4,41.3,30.0,30.0,30.0,3.7234,1.4796,-1.03,3.0959,-0.7485,-8.9286,-19.7337,10.5,10.5
20260317,2520,冠德,TWSE,33.2,33.35,32.65,32.7,1670398.0,,,data/daily_price/20260317.csv,32.95,31.955,32.6633,33.4733,32.2,-1.3575,2.0281,-0.3049,-0.6079,-7.3654,1778218.7,0.9394,33.4,36.4,41.3,30.0,30.0,30.0,2.3314,0.1123,-2.3103,1.5528,-2.0958,-10.1648,-20.8232,9.0,9.0
20260318,2520,冠德,TWSE,32.9,33.1,32.3,32.4,1626634.0,,,data/daily_price/20260318.csv,32.88,31.96,32.6575,33.4429,32.2167,-0.9174,-1.0687,0.3096,-1.0687,-10.1248,1776531.6,0.9156,33.4,36.4,41.3,30.0,30.0,30.0,1.3767,-0.7885,-3.1185,0.5691,-2.994,-10.989,-21.5496,8.0,8.0
20260319,2520,冠德,TWSE,32.2,32.2,31.7,31.7,1509990.0,,,data/daily_price/20260319.csv,32.56,31.9525,32.645,33.3767,32.1736,-2.1605,-4.8048,-0.471,-2.3112,-20.0504,1794153.8,0.8416,33.4,36.4,41.3,30.0,30.0,30.0,-0.7902,-2.8948,-5.0235,-1.472,-5.0898,-12.9121,-23.2446,5.6667,5.6667
20260320,2520,冠德,TWSE,32.95,33.4,32.05,33.05,10416363.0,,,data/daily_price/20260320.csv,32.6,31.9975,32.6542,33.3171,32.2466,4.2587,0.6088,2.7994,1.6923,-17.7861,2270944.0,4.5868,33.4,36.4,39.7,30.0,30.0,30.0,3.2893,1.2122,-0.8016,2.4913,-1.0479,-9.2033,-16.7506,10.1667,10.1667
20260323,2520,冠德,TWSE,32.7,32.7,31.25,31.75,2796696.0,,,data/daily_price/20260323.csv,32.32,31.9925,32.6383,33.2688,32.2053,-3.9334,-4.2232,-0.314,-2.9052,-15.4461,2323722.35,1.2035,33.4,36.4,39.7,30.0,30.0,30.0,-0.758,-2.7217,-4.5651,-1.4136,-4.9401,-12.7747,-20.0252,5.8333,5.8333
20260324,2520,冠德,TWSE,32.0,32.05,31.15,31.5,1873660.0,,,data/daily_price/20260324.csv,32.08,31.9775,32.6117,33.2179,32.1465,-0.7874,-3.6697,-0.9434,-4.8338,-16.2234,2300983.35,0.8143,33.4,36.4,39.7,30.0,30.0,30.0,-1.4932,-3.4088,-5.1717,-2.0111,-5.6886,-13.4615,-20.6549,5.0,5.0
20260325,2520,冠德,TWSE,32.0,32.0,31.3,31.5,1339193.0,,,data/daily_price/20260325.csv,31.9,31.9775,32.5858,33.1562,32.0926,0.0,-2.7778,0.0,-4.6899,-19.0231,2289834.1,0.5848,33.4,36.4,39.7,30.0,30.0,30.0,-1.4932,-3.3322,-4.9953,-1.8466,-5.6886,-13.4615,-20.6549,5.0,5.0
20260326,2520,冠德,TWSE,31.9,32.35,31.85,32.05,1462210.0,,,data/daily_price/20260326.csv,31.97,32.0,32.5533,33.0983,32.0891,1.746,1.1041,1.4241,-5.7353,-17.8205,2305985.6,0.6341,33.4,36.4,39.3,30.0,30.0,30.0,0.1562,-1.5462,-3.1673,-0.1217,-4.0419,-11.9505,-18.4478,6.8333,6.8333
20260327,2520,冠德,TWSE,31.6,32.2,31.6,32.2,1020642.0,,,data/daily_price/20260327.csv,31.8,32.0425,32.5,33.0483,32.0983,0.468,-2.5719,2.7113,-9.0395,-15.7068,2268690.8,0.4499,33.4,36.4,38.0,30.0,30.0,30.0,0.4915,-0.9231,-2.5669,0.3168,-3.5928,-11.5385,-15.2632,7.3333,7.3333
20260330,2520,冠德,TWSE,31.7,32.3,31.6,31.85,2065369.0,,,data/daily_price/20260330.csv,31.82,32.0325,32.4542,33.0058,32.0776,-1.087,0.315,-0.624,-7.948,-13.8024,2221716.0,0.9296,33.4,36.4,37.15,30.0,30.0,30.0,-0.5697,-1.8616,-3.5019,-0.7096,-4.6407,-12.5,-14.2665,6.1667,6.1667
20260331,2520,冠德,TWSE,31.7,32.05,31.3,31.8,2071201.0,,,data/daily_price/20260331.csv,31.88,32.055,32.4008,32.9658,32.0545,-0.157,0.9524,1.4354,-9.1429,-13.1148,2226044.15,0.9304,33.4,36.4,37.15,30.0,30.0,30.0,-0.7955,-1.8544,-3.5365,-0.7939,-4.7904,-12.6374,-14.4011,6.0,6.0
20260401,2520,冠德,TWSE,32.15,32.2,31.7,32.0,846634.0,,,data/daily_price/20260401.csv,31.98,32.155,32.3425,32.9271,32.0499,0.6289,1.5873,6.6667,-9.8592,-12.6876,2112684.0,0.4007,33.4,35.85,37.15,30.35,30.0,30.0,-0.482,-1.059,-2.8156,-0.1558,-4.1916,-10.7392,-13.8627,6.6667,6.6667
20260402,2520,冠德,TWSE,32.25,32.5,31.65,31.95,1110032.0,,,data/daily_price/20260402.csv,31.96,32.2,32.2817,32.8875,32.0416,-0.1563,-0.312,2.8986,-10.2528,-12.9428,2098849.05,0.5289,33.4,35.55,36.95,30.8,30.0,30.0,-0.7764,-1.0274,-2.8506,-0.2859,-4.3413,-10.1266,-13.5318,6.5,6.5
20260407,2520,冠德,TWSE,32.0,32.0,31.2,31.4,883105.0,,,data/daily_price/20260407.csv,31.8,32.1725,32.225,32.8458,31.9881,-1.7214,-2.4845,-1.7214,-9.7701,-13.7363,2071194.65,0.4264,33.4,34.8,36.5,30.8,30.0,30.0,-2.4011,-2.5601,-4.4019,-1.8386,-5.988,-9.7701,-13.9726,4.6667,4.6667
20260408,2520,冠德,TWSE,31.6,31.8,31.3,31.75,1023144.0,,,data/daily_price/20260408.csv,31.78,32.185,32.1775,32.8104,31.9683,1.1146,-0.314,0.7937,-8.237,-11.8056,2003095.65,0.5108,33.4,34.6,36.4,31.15,30.0,30.0,-1.3516,-1.3286,-3.232,-0.6829,-4.9401,-8.237,-12.7747,5.8333,5.8333
20260409,2520,冠德,TWSE,31.8,31.8,30.95,30.95,1965305.0,,,data/daily_price/20260409.csv,31.61,32.13,32.1308,32.7683,31.8834,-2.5197,-2.673,-3.4321,-8.2963,-14.0278,2018888.65,0.9735,33.4,33.95,36.4,30.95,30.0,30.0,-3.6726,-3.6751,-5.5491,-2.9277,-7.3353,-8.8365,-14.9725,3.1667,3.1667
20260410,2520,冠德,TWSE,31.1,31.15,30.7,30.75,1412262.0,,,data/daily_price/20260410.csv,31.36,32.03,32.0992,32.725,31.789,-0.6462,-3.9062,-6.1069,-5.8193,-14.4645,1994156.7,0.7082,33.4,33.95,36.4,30.7,30.0,30.0,-3.9963,-4.2031,-6.0351,-3.2684,-7.9341,-9.4256,-15.522,2.5,2.5
20260413,2520,冠德,TWSE,30.8,30.95,30.5,30.7,1858005.0,,,data/daily_price/20260413.csv,31.11,31.9,32.0792,32.6867,31.6982,-0.1626,-3.9124,-7.8078,-3.7618,-13.0312,1987985.05,0.9346,33.4,33.95,36.4,30.5,30.0,30.0,-3.7618,-4.2993,-6.0779,-3.1492,-8.0838,-9.5729,-15.6593,2.3333,2.3333
20260414,2520,冠德,TWSE,30.95,31.25,30.75,30.9,1215129.0,,,data/daily_price/20260414.csv,31.01,31.8025,32.0608,32.6537,31.6317,0.6515,-1.5924,-5.9361,-3.4375,-11.3343,1970194.85,0.6168,33.4,33.95,36.4,30.5,30.0,30.0,-2.8378,-3.6207,-5.3707,-2.3132,-7.485,-8.9838,-15.1099,3.0,3.0
20260415,2520,冠德,TWSE,30.9,31.2,30.7,31.2,1258517.0,,,data/daily_price/20260415.csv,30.9,31.705,32.0367,32.6254,31.5957,0.9709,-1.7323,-5.8824,-4.441,-9.8266,1971224.45,0.6384,33.4,33.95,36.4,30.5,30.0,30.0,-1.5928,-2.6116,-4.369,-1.2525,-6.5868,-8.1001,-14.2857,4.0,4.0
20260416,2520,冠德,TWSE,31.2,31.35,30.85,30.85,998514.0,,,data/daily_price/20260416.csv,30.88,31.6125,32.0075,32.5942,31.5336,-1.1218,-0.3231,-5.6575,-5.3681,-10.8382,1937630.25,0.5153,33.4,33.95,36.4,30.5,30.0,30.0,-2.412,-3.6163,-5.3512,-2.1678,-7.6347,-9.1311,-15.2473,2.8333,2.8333
20260417,2520,冠德,TWSE,31.05,31.4,30.7,31.05,1639876.0,,,data/daily_price/20260417.csv,30.94,31.545,31.9792,32.5667,31.4933,0.6483,0.9756,-4.1667,-5.1908,-9.607,1938292.35,0.846,33.4,33.95,36.4,30.5,30.0,30.0,-1.5692,-2.9055,-4.6571,-1.4076,-7.0359,-8.542,-14.6978,3.5,3.5
20260420,2520,冠德,TWSE,31.1,31.35,30.35,31.2,2245033.0,,,data/daily_price/20260420.csv,31.04,31.52,31.9383,32.5479,31.4689,0.4831,1.6287,-1.5773,-7.2808,-6.7265,1975044.5,1.1367,33.4,33.95,36.4,30.35,30.0,30.0,-1.0152,-2.3117,-4.1413,-0.8544,-6.5868,-8.1001,-14.2857,4.0,4.0
20260421,2520,冠德,TWSE,31.2,31.7,30.9,31.65,1513286.0,,,data/daily_price/20260421.csv,31.19,31.45,31.9058,32.5346,31.484,1.4423,2.4272,-4.236,-5.8036,-4.812,1529890.65,0.9891,32.7,33.75,36.4,30.35,30.0,30.0,0.6359,-0.8018,-2.7189,0.5274,-3.211,-6.2222,-13.0495,5.5,5.5
20260422,2520,冠德,TWSE,31.8,31.8,31.0,31.1,1685275.0,,,data/daily_price/20260422.csv,31.17,31.4175,31.8708,32.5117,31.452,-1.7378,-0.3205,-2.0472,-6.3253,-8.1241,1474319.6,1.1431,32.5,33.55,36.4,30.35,30.0,30.0,-1.0106,-2.4186,-4.342,-1.119,-4.3077,-7.3025,-14.5604,3.6667,3.6667
20260423,2520,冠德,TWSE,31.2,31.2,30.45,31.0,1751997.0,,,data/daily_price/20260423.csv,31.2,31.3925,31.8375,32.4938,31.4143,-0.3215,0.4862,-1.5873,-6.0606,-6.4857,1468236.45,1.1933,32.5,33.45,36.4,30.35,30.0,30.0,-1.2503,-2.6305,-4.597,-1.3188,-4.6154,-7.3244,-14.8352,3.3333,3.3333
20260424,2520,冠德,TWSE,30.85,31.1,30.65,31.0,892132.0,,,data/daily_price/20260424.csv,31.19,31.3675,31.8133,32.4729,31.3798,0.0,-0.161,-1.5873,-4.4684,-7.4627,1445883.4,0.617,32.5,33.45,36.4,30.35,30.0,30.0,-1.1716,-2.5566,-4.5358,-1.2102,-4.6154,-7.3244,-14.8352,3.3333,3.3333
20260427,2520,冠德,TWSE,31.0,31.0,30.0,30.05,2602068.0,,,data/daily_price/20260427.csv,30.96,31.2675,31.7692,32.4408,31.269,-3.0645,-3.6859,-6.2402,-8.104,-11.3569,1502876.3,1.7314,32.5,33.45,36.4,30.0,30.0,30.0,-3.8938,-5.4114,-7.3698,-3.8983,-7.5385,-10.1644,-17.4451,0.1667,0.1667
20260428,2520,冠德,TWSE,30.05,30.3,30.0,30.0,1181802.0,,,data/daily_price/20260428.csv,30.63,31.1575,31.7175,32.4108,31.1632,-0.1664,-5.2133,-6.8323,-9.3656,-10.7143,1510934.3,0.7822,32.5,33.45,36.4,30.0,30.0,30.0,-3.715,-5.415,-7.4384,-3.7326,-7.6923,-10.3139,-17.5824,0.0,0.0
20260429,2520,冠德,TWSE,30.15,30.5,30.1,30.4,680215.0,,,data/daily_price/20260429.csv,30.49,31.085,31.6758,32.385,31.0996,1.3333,-2.2508,-4.5526,-7.5988,-9.2537,1441676.6,0.4718,32.5,33.45,36.4,30.0,30.0,30.0,-2.2036,-4.0278,-6.1294,-2.2496,-6.4615,-9.1181,-16.4835,1.3333,1.3333
20260430,2520,冠德,TWSE,30.5,30.5,29.45,29.45,2639297.0,,,data/daily_price/20260430.csv,30.18,30.9675,31.6117,32.3538,30.9621,-3.125,-5.0,-7.3899,-11.5616,-11.2952,1470081.4,1.7953,32.5,33.45,36.4,29.45,29.45,29.45,-4.9003,-6.8382,-8.975,-4.8838,-9.3846,-11.9581,-19.0934,0.0,0.0
20260504,2520,冠德,TWSE,29.75,29.75,29.0,29.15,2481121.0,,,data/daily_price/20260504.csv,29.81,30.825,31.55,32.3183,30.8111,-1.0187,-5.9677,-8.9063,-11.2633,-12.7246,1551805.75,1.5989,32.5,33.4,36.4,29.0,29.0,29.0,-5.4339,-7.607,-9.8035,-5.3913,-10.3077,-12.7246,-19.9176,0.5172,0.5172
20260505,2520,冠德,TWSE,29.2,29.4,28.5,28.75,2266139.0,,,data/daily_price/20260505.csv,29.55,30.665,31.4883,32.2762,30.6394,-1.3722,-4.3261,-10.0156,-11.4022,-14.9408,1609611.1,1.4079,32.0,33.4,36.4,28.5,28.5,28.5,-6.2449,-8.6963,-10.9252,-6.1665,-10.1562,-13.9222,-21.0165,0.8772,0.8772
20260506,2520,冠德,TWSE,28.8,29.2,28.75,29.15,1253596.0,,,data/daily_price/20260506.csv,29.38,30.5525,31.4492,32.2417,30.5153,1.3913,-2.8333,-7.1656,-7.4603,-12.4625,1628135.65,0.77,31.8,33.4,36.4,28.5,28.5,28.5,-4.5905,-7.3107,-9.589,-4.474,-8.3333,-12.7246,-19.9176,2.2807,2.2807
20260507,2520,冠德,TWSE,29.1,29.45,29.0,29.45,1541939.0,,,data/daily_price/20260507.csv,29.19,30.4375,31.4225,32.2092,30.4265,1.0292,-3.125,-7.2441,-5.153,-11.6942,1654075.4,0.9322,31.8,33.4,36.4,28.5,28.5,28.5,-3.2444,-6.2773,-8.5664,-3.2093,-7.3899,-11.8263,-19.0934,3.3333,3.3333
20260508,2520,冠德,TWSE,29.5,30.25,29.25,30.05,1561111.0,,,data/daily_price/20260508.csv,29.31,30.3925,31.4058,32.1846,30.3951,2.0374,2.0374,-2.9079,-3.2206,-8.9394,1633865.7,0.9555,31.8,33.4,36.4,28.5,28.5,28.5,-1.1269,-4.3171,-6.6323,-1.1354,-5.5031,-10.0299,-17.4451,5.4386,5.4386
20260511,2520,冠德,TWSE,30.15,30.65,30.05,30.6,1639443.0,,,data/daily_price/20260511.csv,29.6,30.385,31.4,32.1683,30.4122,1.8303,4.9743,-0.4878,-1.1309,-5.9908,1645224.75,0.9965,31.8,33.4,36.4,28.5,28.5,28.5,0.7076,-2.5478,-4.8754,0.6176,-3.7736,-8.3832,-15.9341,7.3684,7.3684
20260512,2520,冠德,TWSE,30.7,30.7,30.05,30.3,970516.0,,,data/daily_price/20260512.csv,29.91,30.365,31.375,32.1483,30.4028,-0.9804,5.3913,-1.3029,-4.717,-7.3394,1600850.3,0.6063,31.8,33.4,36.4,28.5,28.5,28.5,-0.2141,-3.4263,-5.7494,-0.3382,-4.717,-9.2814,-16.7582,6.3158,6.3158
20260513,2520,冠德,TWSE,30.3,30.85,30.3,30.65,1764898.0,,,data/daily_price/20260513.csv,30.21,30.3525,31.3558,32.13,30.4234,1.1551,5.1458,-0.8091,-3.6164,-6.6971,1628338.75,1.0839,31.8,33.4,36.4,28.5,28.5,28.5,0.9801,-2.251,-4.6063,0.7447,-3.6164,-8.2335,-15.7967,7.5439,7.5439
20260514,2520,冠德,TWSE,30.75,31.5,30.75,31.15,1875048.0,,,data/daily_price/20260514.csv,30.55,30.35,31.3383,32.1192,30.484,1.6313,5.7725,-0.1603,-3.2609,-4.0062,1659165.3,1.1301,31.8,33.4,36.4,28.5,28.5,28.5,2.6359,-0.601,-3.0174,2.1848,-2.044,-6.7365,-14.4231,9.2982,9.2982
20260515,2520,冠德,TWSE,31.2,31.25,30.6,30.9,1188176.0,,,data/daily_price/20260515.csv,30.72,30.3525,31.3067,32.1058,30.5186,-0.8026,2.8286,0.1621,-5.7927,-4.9231,1668648.4,0.7121,31.8,33.4,36.4,28.5,28.5,28.5,1.8038,-1.299,-3.7558,1.2496,-2.8302,-7.485,-15.1099,8.4211,8.4211
20260518,2520,冠德,TWSE,30.85,31.1,30.45,30.9,1328221.0,,,data/daily_price/20260518.csv,30.78,30.345,31.2833,32.0917,30.5504,0.0,0.9804,-0.4831,-4.3344,-5.2147,1653065.65,0.8035,31.8,33.4,36.4,28.5,28.5,28.5,1.829,-1.2254,-3.7133,1.1443,-2.8302,-7.485,-15.1099,8.4211,8.4211
20260519,2520,冠德,TWSE,31.2,31.3,30.4,30.4,836190.0,,,data/daily_price/20260519.csv,30.8,30.305,31.2592,32.0671,30.5379,-1.6181,0.33,-2.5641,-4.5526,-8.8456,1582623.5,0.5284,31.8,33.4,36.4,28.5,28.5,28.5,0.3135,-2.7485,-5.1987,-0.4515,-4.4025,-8.982,-16.4835,6.6667,6.6667
20260520,2520,冠德,TWSE,30.5,30.9,30.25,30.75,985409.0,,,data/daily_price/20260520.csv,30.82,30.26,31.2358,32.0458,30.5556,1.1513,0.3263,-2.8436,-4.3546,-7.6577,1556229.65,0.6332,31.8,33.4,36.4,28.5,28.5,28.5,1.6193,-1.5554,-4.0437,0.6363,-3.3019,-7.9341,-15.522,7.8947,7.8947
20260521,2520,冠德,TWSE,30.75,30.85,30.45,30.75,1012753.0,,,data/daily_price/20260521.csv,30.74,30.2425,31.2175,32.0229,30.5718,0.0,-1.2841,-1.1254,-3.4537,-8.209,1522603.55,0.6651,31.5,33.4,36.4,28.5,28.5,28.5,1.6781,-1.4976,-3.975,0.583,-2.381,-7.9341,-15.522,7.8947,7.8947
20260522,2520,冠德,TWSE,30.5,30.65,30.0,30.45,1501024.0,45425694.0,TWSE_RWD_JSON_MI_INDEX,data/daily_price/daily_price_20260522.csv,30.65,30.215,31.195,32.0008,30.5616,-0.9756,-1.4563,-1.7742,-4.2453,-8.006,1510054.9,0.994,31.5,33.4,36.4,28.5,28.5,28.5,0.7778,-2.3882,-4.8462,-0.3652,-3.3333,-8.8323,-16.3462,6.8421,6.8421
20260525,2520,冠德,TWSE,30.45,30.45,29.65,30.05,2106524.0,63170111.0,TWSE_RWD_JSON_MI_INDEX,data/daily_price/daily_price_20260525.csv,30.48,30.1675,31.1708,31.9817,30.519,-1.3136,-2.7508,-3.0645,-4.6032,-7.1097,1570774.5,1.3411,31.5,33.4,36.4,28.5,28.5,28.5,-0.3895,-3.5958,-6.0399,-1.5367,-4.6032,-10.0299,-17.4451,5.4386,5.4386
20260526,2520,冠德,TWSE,30.05,30.4,29.9,30.15,1401272.0,42125313.0,TWSE_RWD_JSON_MI_INDEX,data/daily_price/daily_price_20260526.csv,30.43,30.1725,31.1467,31.9588,30.4882,0.3328,-0.8224,0.3328,-4.5886,-8.3587,1510734.7,0.9275,31.5,33.4,36.4,28.5,28.5,28.5,-0.0746,-3.1999,-5.6596,-1.1094,-4.2857,-9.7305,-17.1703,5.7895,5.7895
20260527,2520,冠德,TWSE,30.15,30.3,29.9,30.05,1341939.0,40326038.0,TWSE_RWD_JSON_MI_INDEX,data/daily_price/daily_price_20260527.csv,30.29,30.175,31.125,31.9412,30.4517,-0.3317,-2.2764,0.1667,-4.1467,-6.5319,1518741.55,0.8836,31.5,33.4,36.4,28.5,28.5,28.5,-0.4143,-3.4538,-5.921,-1.3192,-4.6032,-10.0299,-17.4451,5.4386,5.4386
20260528,2520,冠德,TWSE,30.15,30.35,29.9,29.95,1942195.0,58418099.0,TWSE_RWD_JSON_MI_INDEX,data/daily_price/daily_price_20260528.csv,30.13,30.1525,31.09,31.9175,30.4099,-0.3328,-2.6016,-1.4803,-6.5523,-8.689,1581840.55,1.2278,31.5,33.4,36.4,28.5,28.5,28.5,-0.6716,-3.6668,-6.1643,-1.5124,-4.9206,-10.3293,-17.7198,5.0877,5.0877
20260529,2520,冠德,TWSE,30.15,30.15,29.8,29.85,1374743.0,41112195.0,TWSE_RWD_JSON_MI_INDEX,data/daily_price/daily_price_20260529.csv,30.01,30.1725,31.065,31.9,30.3632,-0.3339,-1.9704,1.3582,-4.7847,-6.5728,1518612.85,0.9053,31.5,33.4,36.4,28.5,28.5,28.5,-1.0689,-3.9112,-6.4263,-1.6904,-5.2381,-10.6287,-17.9945,4.7368,4.7368
20260601,2520,冠德,TWSE,29.9,30.9,29.8,30.9,1729973.0,52605617.0,TWSE_RWD_JSON_MI_INDEX,data/daily_price/daily_price_20260601.csv,30.18,30.26,31.08,31.8825,30.408,3.5176,2.8286,6.0034,3.0,-6.3636,1481055.45,1.1681,31.5,33.4,36.4,28.5,28.5,28.5,2.115,-0.5792,-3.0816,1.6181,-1.9048,-7.485,-15.1099,8.4211,8.4211
20260602,2520,冠德,TWSE,30.9,31.35,30.55,31.2,1781415.0,55404182.0,TWSE_RWD_JSON_MI_INDEX,data/daily_price/daily_price_20260602.csv,30.39,30.3825,31.0825,31.8675,30.474,0.9709,3.4826,8.5217,0.4831,-5.4545,1456819.25,1.2228,31.5,33.4,36.4,28.75,28.5,28.5,2.6907,0.378,-2.0946,2.3824,-0.9524,-6.5868,-14.2857,9.4737,9.4737
20260603,2520,冠德,TWSE,31.2,31.85,31.0,31.6,1925095.0,60865140.0,TWSE_RWD_JSON_MI_INDEX,data/daily_price/daily_price_20260603.csv,30.7,30.505,31.0767,31.8558,30.5678,1.2821,5.1581,8.4048,-1.0955,-4.2424,1490394.2,1.2917,31.85,33.4,36.4,29.0,28.5,28.5,3.5896,1.684,-0.8031,3.3767,-0.7849,-5.3892,-13.1868,10.8772,10.8772
20260604,2520,冠德,TWSE,31.8,32.2,31.7,31.8,2070002.0,66089065.0,TWSE_RWD_JSON_MI_INDEX,data/daily_price/daily_price_20260604.csv,31.07,30.6225,31.0817,31.8517,30.6705,0.6329,6.177,7.9796,0.9524,-1.548,1516797.35,1.3647,32.2,33.4,36.4,29.25,28.5,28.5,3.8452,2.3111,-0.1622,3.6827,-1.2422,-4.7904,-12.6374,11.5789,11.5789
20260605,2520,冠德,TWSE,31.8,32.25,31.55,32.1,2529997.0,80988676.0,TWSE_RWD_JSON_MI_INDEX,data/daily_price/daily_price_20260605.csv,31.52,30.725,31.0825,31.8496,30.7896,0.9434,7.5377,6.822,0.156,-0.7728,1565241.65,1.6164,32.25,33.4,36.4,29.65,28.5,28.5,4.4752,3.2735,0.7862,4.2559,-0.4651,-3.8922,-11.8132,12.6316,12.6316
20260608,2520,冠德,TWSE,31.25,31.7,31.0,31.45,1506527.0,47428612.0,TWSE_RWD_JSON_MI_INDEX,data/daily_price/daily_price_20260608.csv,31.63,30.7675,31.0608,31.8425,30.8447,-2.0249,1.7799,2.7778,-3.9695,-2.6316,1558595.85,0.9666,32.25,33.4,36.4,29.65,28.5,28.5,2.2182,1.2529,-1.2326,1.9626,-2.4806,-5.8383,-13.5989,10.3509,10.3509
20260609,2520,冠德,TWSE,31.15,32.55,31.15,32.4,1583411.0,50929547.0,TWSE_RWD_JSON_MI_INDEX,data/daily_price/daily_price_20260609.csv,31.87,30.8725,31.0458,31.8429,30.9743,3.0207,3.8462,6.9307,-2.7027,0.1546,1589240.6,0.9963,32.55,33.4,36.4,29.65,28.5,28.5,4.9478,4.3618,1.7495,4.603,-0.4608,-2.994,-10.989,13.6842,13.6842
20260610,2520,冠德,TWSE,32.35,35.6,32.05,35.6,9908759.0,344348354.0,TWSE_RWD_JSON_MI_INDEX,data/daily_price/daily_price_20260610.csv,32.67,31.12,31.0917,31.8712,31.3597,9.8765,12.6582,16.1501,8.3714,10.559,1996433.65,4.9632,35.6,35.6,36.4,29.65,28.5,28.5,14.3959,14.5001,11.6994,13.5213,0.0,0.0,-2.1978,24.9123,24.9123
20260611,2520,冠德,TWSE,35.2,35.2,33.3,33.4,13487475.0,460143581.0,TWSE_RWD_JSON_MI_INDEX,data/daily_price/daily_price_20260611.csv,32.99,31.2325,31.0958,31.8812,31.5298,-6.1798,5.0314,7.2231,0.7541,3.7267,2577055.0,5.2337,35.6,35.6,36.4,29.65,28.5,28.5,6.9399,7.4099,4.7638,5.9316,-6.1798,-6.1798,-8.2418,17.193,17.193
20260612,2520,冠德,TWSE,33.7,36.2,33.7,35.0,6847819.0,240925278.0,TWSE_RWD_JSON_MI_INDEX,data/daily_price/daily_price_20260612.csv,33.57,31.4375,31.1342,31.8988,31.819,4.7904,9.0343,13.2686,7.0336,6.383,2860037.15,2.3943,36.2,36.2,36.4,29.65,28.5,28.5,11.332,12.4167,9.7222,9.9973,-3.3149,-3.3149,-3.8462,22.807,22.807
20260615,2520,冠德,TWSE,35.5,35.5,34.35,34.75,2975282.0,103301250.0,TWSE_RWD_JSON_MI_INDEX,data/daily_price/daily_price_20260615.csv,34.23,31.63,31.1733,31.9154,32.0632,-0.7143,10.4928,12.4595,7.2531,6.1069,2942390.2,1.0112,36.2,36.2,36.4,29.65,28.5,28.5,9.8641,11.4735,8.8815,8.3797,-4.0055,-4.0055,-4.533,21.9298,21.9298
20260616,2520,冠德,TWSE,35.0,35.25,34.0,34.5,2206985.0,76211482.0,TWSE_RWD_JSON_MI_INDEX,data/daily_price/daily_price_20260616.csv,34.65,31.835,31.22,31.9325,32.2663,-0.7194,6.4815,13.4868,8.8328,6.3174,3010929.95,0.733,36.2,36.2,36.4,29.65,28.5,28.5,8.3713,10.5061,8.0404,6.9228,-4.6961,-4.6961,-5.2198,21.0526,21.0526
20260617,2520,冠德,TWSE,34.35,36.15,34.3,36.15,4822749.0,170606978.0,TWSE_RWD_JSON_MI_INDEX,data/daily_price/daily_price_20260617.csv,34.76,32.105,31.2717,31.9629,32.5899,4.7826,1.5449,17.561,9.3797,11.2308,3202796.95,1.5058,36.2,36.2,36.4,29.65,28.5,28.5,12.5993,15.5999,13.0998,10.9239,-0.1381,-0.1381,-0.6868,26.8421,26.8421
20260618,2520,冠德,TWSE,36.25,37.35,35.6,36.4,10674434.0,390020552.0,TWSE_RWD_JSON_MI_INDEX,data/daily_price/daily_price_20260618.csv,35.36,32.3875,31.3492,31.9938,32.9074,0.6916,8.982,18.374,14.6457,11.315,3685881.0,2.896,37.35,37.35,37.35,29.65,28.5,28.5,12.389,16.1115,13.7722,10.6133,-2.5435,-2.5435,-2.5435,27.7193,27.7193
20260622,2520,冠德,TWSE,34.65,34.65,32.8,34.0,7398527.0,248751461.0,TWSE_RWD_JSON_MI_INDEX,data/daily_price/daily_price_20260622.csv,35.16,32.565,31.3908,32.0012,32.9985,-6.5934,-2.8571,11.6585,7.9365,2.719,3980756.15,1.8586,37.35,37.35,37.35,29.65,28.5,28.5,4.4066,8.3119,6.2458,3.0351,-8.9692,-8.9692,-8.9692,19.2982,19.2982
20260623,2520,冠德,TWSE,34.2,34.6,33.75,34.4,2368282.0,80954269.0,TWSE_RWD_JSON_MI_INDEX,data/daily_price/daily_price_20260623.csv,35.09,32.7825,31.4392,32.0125,33.1153,1.1765,-1.0072,14.4759,9.2063,4.0847,3993844.05,0.593,37.35,37.35,37.35,29.8,28.5,28.5,4.934,9.4177,7.458,3.8796,-7.8983,-7.8983,-7.8983,20.7018,20.7018
20260624,2520,冠德,TWSE,34.15,34.4,33.65,33.95,1335316.0,45335840.0,TWSE_RWD_JSON_MI_INDEX,data/daily_price/daily_price_20260624.csv,34.98,32.9725,31.4708,32.0121,33.1848,-1.3081,-1.5942,12.6036,5.9282,-0.1471,3990546.25,0.3346,37.35,37.35,37.35,29.8,28.5,28.5,2.9646,7.8777,6.0537,2.3058,-9.1031,-9.1031,-9.1031,19.1228,19.1228
