date,stock_id,stock_name,market,open,high,low,close,volume,trading_value,source,source_file,ma5,ma20,ma60,ma120,ema23,return_1d,return_5d,return_20d,return_60d,return_120d,volume_ma20,volume_ratio,high_20,high_60,high_120,low_20,low_60,low_120,distance_to_ma20_pct,distance_to_ma60_pct,distance_to_ma120_pct,distance_to_ema23_pct,distance_to_high_20_pct,distance_to_high_60_pct,distance_to_high_120_pct,distance_to_low_60_pct,distance_to_low_120_pct
20250407,3149,正達,listed,28.4,28.4,28.4,28.4,1360701.0,38643826.0,,data/daily_price/20250407.csv,,,,,,,,,,,,,,,,,,,,,,,,,,,
20250408,3149,正達,listed,25.65,26.6,25.6,26.35,6699888.0,173729024.0,,data/daily_price/20250408.csv,,,,,,-7.2183,,,,,,,,,,,,,,,,,,,,,
20250409,3149,正達,listed,26.35,27.15,24.0,24.65,7435482.0,189949953.0,,data/daily_price/20250409.csv,,,,,,-6.4516,,,,,,,,,,,,,,,,,,,,,
20250410,3149,正達,listed,27.1,27.1,26.3,27.1,1047037.0,28344084.0,,data/daily_price/20250410.csv,,,,,,9.9391,,,,,,,,,,,,,,,,,,,,,
20250411,3149,正達,TWSE,28.0,29.3,26.6,29.05,5518023.0,153439268.0,TWSE_RWD_JSON_MI_INDEX,data/daily_price/daily_price_20250411.csv,27.11,27.11,27.11,27.11,27.9607,7.1956,,,,,4412226.2,1.2506,29.3,29.3,29.3,24.0,24.0,24.0,7.156,7.156,7.156,3.8959,-0.8532,-0.8532,-0.8532,21.0417,21.0417
20250414,3149,正達,listed,30.0,30.9,29.7,29.7,2789049.0,84379224.0,,data/daily_price/20250414.csv,27.37,27.5417,27.5417,27.5417,28.1056,2.2375,4.5775,,,,4141696.6667,0.6734,30.9,30.9,30.9,24.0,24.0,24.0,7.8366,7.8366,7.8366,5.6728,-3.8835,-3.8835,-3.8835,23.75,23.75
20250415,3149,正達,listed,30.05,31.15,29.85,30.2,2814804.0,85618642.0,,data/daily_price/20250415.csv,28.14,27.9214,27.9214,27.9214,28.2802,1.6835,14.611,,,,3952140.5714,0.7122,31.15,31.15,31.15,24.0,24.0,24.0,8.1607,8.1607,8.1607,6.7886,-3.0498,-3.0498,-3.0498,25.8333,25.8333
20250416,3149,正達,listed,30.05,30.85,30.0,30.15,1995394.0,60630626.0,,data/daily_price/20250416.csv,29.24,28.2,28.2,28.2,28.436,-0.1656,22.3124,,,,3707547.25,0.5382,31.15,31.15,31.15,24.0,24.0,24.0,6.9149,6.9149,6.9149,6.0276,-3.2103,-3.2103,-3.2103,25.625,25.625
20250417,3149,正達,listed,30.1,30.4,29.75,29.8,1270523.0,38062210.0,,data/daily_price/20250417.csv,29.78,28.3778,28.3778,28.3778,28.5497,-1.1609,9.9631,,,,3436766.7778,0.3697,31.15,31.15,31.15,24.0,24.0,24.0,5.0117,5.0117,5.0117,4.3796,-4.3339,-4.3339,-4.3339,24.1667,24.1667
20250418,3149,正達,listed,30.1,30.2,29.15,30.0,1597227.0,47540466.0,,data/daily_price/20250418.csv,29.97,28.54,28.54,28.54,28.6705,0.6711,3.2702,,,,3252812.8,0.491,31.15,31.15,31.15,24.0,24.0,24.0,5.1156,5.1156,5.1156,4.6371,-3.6918,-3.6918,-3.6918,25.0,25.0
20250421,3149,正達,listed,30.2,30.4,29.15,29.15,1669673.0,49809190.0,,data/daily_price/20250421.csv,29.86,28.5955,28.5955,28.5955,28.7105,-2.8333,-1.8519,,,,3108891.0,0.5371,31.15,31.15,31.15,24.0,24.0,24.0,1.9393,1.9393,1.9393,1.5309,-6.4205,-6.4205,-6.4205,21.4583,21.4583
20250422,3149,正達,listed,29.0,32.05,28.9,31.8,7486810.0,234778140.0,,data/daily_price/20250422.csv,30.18,28.8625,28.8625,28.8625,28.9679,9.0909,5.298,,,,3473717.5833,2.1553,32.05,32.05,32.05,24.0,24.0,24.0,10.1776,10.1776,10.1776,9.7766,-0.78,-0.78,-0.78,32.5,32.5
20250423,3149,正達,listed,32.05,33.4,31.45,31.45,15670633.0,506760113.0,,data/daily_price/20250423.csv,30.44,29.0615,29.0615,29.0615,29.1748,-1.1006,4.3118,,,,4411941.8462,3.5519,33.4,33.4,33.4,24.0,24.0,24.0,8.2186,8.2186,8.2186,7.7986,-5.8383,-5.8383,-5.8383,31.0417,31.0417
20250424,3149,正達,listed,31.9,32.15,30.05,30.45,5017593.0,156256068.0,,data/daily_price/20250424.csv,30.57,29.1607,29.1607,29.1607,29.281,-3.1797,2.1812,,,,4455202.6429,1.1262,33.4,33.4,33.4,24.0,24.0,24.0,4.4213,4.4213,4.4213,3.9922,-8.8323,-8.8323,-8.8323,26.875,26.875
20250425,3149,正達,listed,31.05,31.75,30.4,31.25,3931923.0,122681696.0,,data/daily_price/20250425.csv,30.82,29.3,29.3,29.3,29.4451,2.6273,4.1667,,,,4420317.3333,0.8895,33.4,33.4,33.4,24.0,24.0,24.0,6.6553,6.6553,6.6553,6.1296,-6.4371,-6.4371,-6.4371,30.2083,30.2083
20250428,3149,正達,listed,31.15,31.25,30.6,30.75,1938830.0,59957089.0,,data/daily_price/20250428.csv,31.14,29.3906,29.3906,29.3906,29.5539,-1.6,5.4889,,,,4265224.375,0.4546,33.4,33.4,33.4,24.0,24.0,24.0,4.6252,4.6252,4.6252,4.0473,-7.9341,-7.9341,-7.9341,28.125,28.125
20250429,3149,正達,listed,30.8,31.75,30.7,31.35,2415015.0,75599908.0,,data/daily_price/20250429.csv,31.05,29.5059,29.5059,29.5059,29.7035,1.9512,-1.4151,,,,4156388.5294,0.581,33.4,33.4,33.4,24.0,24.0,24.0,6.25,6.25,6.25,5.543,-6.1377,-6.1377,-6.1377,30.625,30.625
20250430,3149,正達,listed,31.35,31.35,30.65,30.8,1386648.0,42878551.0,,data/daily_price/20250430.csv,30.92,29.5778,29.5778,29.5778,29.7949,-1.7544,-2.0668,,,,4002514.0556,0.3464,33.4,33.4,33.4,24.0,24.0,24.0,4.1322,4.1322,4.1322,3.3734,-7.7844,-7.7844,-7.7844,28.3333,28.3333
20250502,3149,正達,listed,31.2,31.4,30.9,31.1,1227784.0,38225329.0,,data/daily_price/20250502.csv,31.05,29.6579,29.6579,29.6579,29.9037,0.974,2.1346,,,,3856475.6316,0.3184,33.4,33.4,33.4,24.0,24.0,24.0,4.8625,4.8625,4.8625,4.0006,-6.8862,-6.8862,-6.8862,29.5833,29.5833
20250505,3149,正達,listed,32.0,32.7,31.4,31.45,6311526.0,201343421.0,,data/daily_price/20250505.csv,31.09,29.7475,29.7475,29.7475,30.0325,1.1254,0.64,,,,3979228.15,1.5861,33.4,33.4,33.4,24.0,24.0,24.0,5.7232,5.7232,5.7232,4.7198,-5.8383,-5.8383,-5.8383,31.0417,31.0417
20250506,3149,正達,listed,31.55,32.0,31.1,31.25,1653472.0,52013784.0,,data/daily_price/20250506.csv,31.19,29.89,29.819,29.819,30.134,-0.6359,1.626,10.0352,,,3993866.7,0.414,33.4,33.4,33.4,24.0,24.0,24.0,4.55,4.7988,4.7988,3.7035,-6.4371,-6.4371,-6.4371,30.2083,30.2083
20250507,3149,正達,listed,31.55,32.05,31.05,31.25,2515383.0,79392172.0,,data/daily_price/20250507.csv,31.17,30.135,29.8841,29.8841,30.227,0.0,-0.319,18.5958,,,3784641.45,0.6646,33.4,33.4,33.4,24.0,24.0,24.0,3.7,4.5707,4.5707,3.3844,-6.4371,-6.4371,-6.4371,30.2083,30.2083
20250508,3149,正達,listed,31.65,31.95,31.0,31.45,2720740.0,85577704.0,,data/daily_price/20250508.csv,31.3,30.475,29.9522,29.9522,30.3289,0.64,2.1104,27.5862,,,3548904.35,0.7666,33.4,33.4,33.4,26.3,24.0,24.0,3.1993,5.0007,5.0007,3.6965,-5.8383,-5.8383,-5.8383,31.0417,31.0417
20250509,3149,正達,listed,31.85,32.1,31.25,31.45,3322521.0,105050674.0,,data/daily_price/20250509.csv,31.37,30.6925,30.0146,30.0146,30.4223,0.0,1.1254,16.0517,,,3662678.55,0.9071,33.4,33.4,33.4,26.6,24.0,24.0,2.468,4.7824,4.7824,3.378,-5.8383,-5.8383,-5.8383,31.0417,31.0417
20250512,3149,正達,listed,31.75,34.55,31.15,34.55,14301922.0,483621929.0,,data/daily_price/20250512.csv,31.99,30.9675,30.196,30.196,30.7663,9.8569,9.8569,18.9329,,,4101873.5,3.4867,34.55,34.55,34.55,28.9,24.0,24.0,11.5686,14.4191,14.4191,12.2982,0.0,0.0,0.0,43.9583,43.9583
20250513,3149,正達,listed,35.55,37.8,35.05,36.7,39575601.0,1444315265.0,,data/daily_price/20250513.csv,33.08,31.3175,30.4462,30.4462,31.2608,6.2229,17.44,23.569,,,5941201.1,6.6612,37.8,37.8,37.8,28.9,24.0,24.0,17.1869,20.5407,20.5407,17.3995,-2.9101,-2.9101,-2.9101,52.9167,52.9167
20250514,3149,正達,listed,36.8,40.0,36.65,39.5,32887480.0,1275346783.0,,data/daily_price/20250514.csv,34.73,31.7825,30.7815,30.7815,31.9474,7.6294,26.4,30.7947,,,7444834.9,4.4175,40.0,40.0,40.0,28.9,24.0,24.0,24.2822,28.3239,28.3239,23.6408,-1.25,-1.25,-1.25,64.5833,64.5833
20250515,3149,正達,listed,39.9,40.15,38.2,39.95,19229485.0,757959410.0,,data/daily_price/20250515.csv,36.43,32.2725,31.1089,31.1089,32.6143,1.1392,27.027,32.5041,,,8306539.45,2.315,40.15,40.15,40.15,28.9,24.0,24.0,23.7896,28.4197,28.4197,22.4924,-0.4981,-0.4981,-0.4981,66.4583,66.4583
20250516,3149,正達,listed,40.2,40.3,38.0,38.05,15508425.0,607519877.0,,data/daily_price/20250516.csv,37.75,32.685,31.3483,31.3483,33.0672,-4.7559,20.9857,27.6846,,,9018434.55,1.7196,40.3,40.3,40.3,28.9,24.0,24.0,16.4143,21.3783,21.3783,15.0686,-5.5831,-5.5831,-5.5831,58.5417,58.5417
20250519,3149,正達,listed,38.95,39.0,35.9,37.95,19852279.0,745897969.0,,data/daily_price/20250519.csv,38.43,33.0825,31.5683,31.5683,33.4741,-0.2628,9.8408,26.5,,,9931187.15,1.999,40.3,40.3,40.3,28.9,24.0,24.0,14.7132,20.2154,20.2154,13.3711,-5.8313,-5.8313,-5.8313,58.125,58.125
20250520,3149,正達,listed,38.15,38.15,35.85,35.85,14202760.0,517531705.0,,data/daily_price/20250520.csv,38.26,33.4175,31.7065,31.7065,33.6721,-5.5336,-2.3161,22.9846,,,10557841.5,1.3452,40.3,40.3,40.3,28.9,24.0,24.0,7.2791,13.0685,13.0685,6.4679,-11.0422,-11.0422,-11.0422,49.375,49.375
20250521,3149,正達,TWSE,36.45,37.7,36.1,36.2,14445860.0,528970964.0,TWSE_RWD_JSON_MI_INDEX,data/daily_price/daily_price_20250521.csv,37.6,33.6375,31.8469,31.8469,33.8828,0.9763,-8.3544,13.8365,,,10905794.0,1.3246,40.3,40.3,40.3,30.05,24.0,24.0,7.618,13.6689,13.6689,6.8389,-10.1737,-10.1737,-10.1737,50.8333,50.8333
20250522,3149,正達,listed,36.45,36.85,35.1,35.2,8014765.0,288113072.0,,data/daily_price/20250522.csv,36.65,33.825,31.9485,31.9485,33.9926,-2.7624,-11.8899,11.9237,,,10523000.6,0.7616,40.3,40.3,40.3,30.05,24.0,24.0,4.065,10.1774,10.1774,3.5521,-12.6551,-12.6551,-12.6551,46.6667,46.6667
20250523,3149,正達,listed,33.75,36.3,33.75,35.65,6335526.0,222131851.0,,data/daily_price/20250523.csv,36.17,34.085,32.0574,32.0574,34.1307,1.2784,-6.3075,17.0772,,,10588897.25,0.5983,40.3,40.3,40.3,30.4,24.0,24.0,4.5915,11.2069,11.2069,4.4515,-11.5385,-11.5385,-11.5385,48.5417,48.5417
20250526,3149,正達,listed,35.9,35.9,33.55,34.05,6073876.0,208938164.0,,data/daily_price/20250526.csv,35.39,34.225,32.1143,32.1143,34.1239,-4.4881,-10.2767,8.96,,,10695994.9,0.5679,40.3,40.3,40.3,30.6,24.0,24.0,-0.5113,6.0276,6.0276,-0.2167,-15.5087,-15.5087,-15.5087,41.875,41.875
20250527,3149,正達,listed,33.9,35.0,33.8,34.05,3811509.0,130938719.0,,data/daily_price/20250527.csv,35.03,34.39,32.1681,32.1681,34.1178,0.0,-5.0209,10.7317,,,10789628.85,0.3533,40.3,40.3,40.3,30.65,24.0,24.0,-0.9887,5.8504,5.8504,-0.1987,-15.5087,-15.5087,-15.5087,41.875,41.875
20250528,3149,正達,listed,34.5,35.6,33.3,33.9,4615095.0,159209854.0,,data/daily_price/20250528.csv,34.57,34.5175,32.2149,32.2149,34.0996,-0.4405,-6.3536,8.134,,,10899632.85,0.4234,40.3,40.3,40.3,30.65,24.0,24.0,-1.7889,5.2309,5.2309,-0.5855,-15.8809,-15.8809,-15.8809,41.25,41.25
20250529,3149,正達,listed,34.0,34.3,32.4,32.5,5666567.0,186594567.0,,data/daily_price/20250529.csv,34.03,34.6025,32.2224,32.2224,33.9663,-4.1298,-7.6705,5.5195,,,11113628.8,0.5099,40.3,40.3,40.3,30.9,24.0,24.0,-6.0762,0.8616,0.8616,-4.317,-19.3548,-19.3548,-19.3548,35.4167,35.4167
20250602,3149,正達,listed,32.1,32.15,30.9,31.7,3961101.0,124651975.0,,data/daily_price/20250602.csv,33.24,34.6325,32.209,32.209,33.7775,-2.4615,-11.0799,1.9293,,,11250294.65,0.3521,40.3,40.3,40.3,30.9,24.0,24.0,-8.4675,-1.5802,-1.5802,-6.1505,-21.34,-21.34,-21.34,32.0833,32.0833
20250603,3149,正達,listed,32.15,33.0,31.8,32.5,2283658.0,74075940.0,,data/daily_price/20250603.csv,32.93,34.685,32.2162,32.2162,33.671,2.5237,-4.5521,3.3386,,,11048901.25,0.2067,40.3,40.3,40.3,30.9,24.0,24.0,-6.2996,0.8808,0.8808,-3.4778,-19.3548,-19.3548,-19.3548,35.4167,35.4167
20250604,3149,正達,listed,33.15,33.15,32.15,32.2,1785296.0,58252060.0,,data/daily_price/20250604.csv,32.56,34.7325,32.2159,32.2159,33.5484,-0.9231,-5.4332,3.04,,,11055492.45,0.1615,40.3,40.3,40.3,30.9,24.0,24.0,-7.2914,-0.0492,-0.0492,-4.0194,-20.0993,-20.0993,-20.0993,34.1667,34.1667
20250605,3149,正達,listed,32.2,33.5,32.2,32.6,1932738.0,63421765.0,,data/daily_price/20250605.csv,32.3,34.8,32.225,32.225,33.4694,1.2422,-3.8348,4.32,,,11026360.2,0.1753,40.3,40.3,40.3,30.9,24.0,24.0,-6.3218,1.1637,1.1637,-2.5976,-19.1067,-19.1067,-19.1067,35.8333,35.8333
20250606,3149,正達,listed,32.6,35.0,32.55,34.75,5062526.0,173094658.0,,data/daily_price/20250606.csv,32.75,34.965,32.2837,32.2837,33.5761,6.5951,6.9231,10.4928,,,11143449.5,0.4543,40.3,40.3,40.3,30.9,24.0,24.0,-0.6149,7.6394,7.6394,3.4962,-13.7717,-13.7717,-13.7717,44.7917,44.7917
20250609,3149,正達,listed,34.9,35.0,33.15,33.7,2992929.0,101689429.0,,data/daily_price/20250609.csv,33.15,35.0775,32.3159,32.3159,33.5864,-3.0216,6.3091,7.1542,,,11126969.9,0.269,40.3,40.3,40.3,30.9,24.0,24.0,-3.927,4.283,4.283,0.3381,-16.3772,-16.3772,-16.3772,40.4167,40.4167
20250610,3149,正達,listed,33.15,34.25,33.15,33.95,1924729.0,65324485.0,,data/daily_price/20250610.csv,33.44,35.0475,32.3522,32.3522,33.6167,0.7418,4.4615,-1.7366,,,10508110.25,0.1832,40.3,40.3,40.3,30.9,24.0,24.0,-3.1315,4.9387,4.9387,0.9914,-15.7568,-15.7568,-15.7568,41.4583,41.4583
20250611,3149,正達,listed,34.3,34.75,33.35,34.15,2116952.0,71911443.0,,data/daily_price/20250611.csv,33.83,34.92,32.3913,32.3913,33.6612,0.5891,6.0559,-6.9482,,,8635177.8,0.2452,40.3,40.3,40.3,30.9,24.0,24.0,-2.205,5.4295,5.4295,1.4522,-15.2605,-15.2605,-15.2605,42.2917,42.2917
20250612,3149,正達,listed,34.15,34.15,32.9,33.1,2820016.0,94009906.0,,data/daily_price/20250612.csv,33.93,34.6,32.4064,32.4064,33.6144,-3.0747,1.5337,-16.2025,,,7131804.6,0.3954,40.3,40.3,40.3,30.9,24.0,24.0,-4.3353,2.1404,2.1404,-1.5303,-17.866,-17.866,-17.866,37.9167,37.9167
20250613,3149,正達,listed,33.1,33.1,32.4,32.4,1281050.0,41865463.0,,data/daily_price/20250613.csv,33.46,34.2225,32.4062,32.4062,33.5132,-2.1148,-6.7626,-18.8986,,,6234382.85,0.2055,40.3,40.3,40.3,30.9,24.0,24.0,-5.3254,-0.0193,-0.0193,-3.3217,-19.603,-19.603,-19.603,35.0,35.0
20250616,3149,正達,listed,32.3,32.45,31.85,32.15,968332.0,31193634.0,,data/daily_price/20250616.csv,33.15,33.9275,32.401,32.401,33.3996,-0.7716,-4.5994,-15.5059,,,5507378.2,0.1758,39.0,40.3,40.3,30.9,24.0,24.0,-5.2391,-0.7747,-0.7747,-3.7414,-17.5641,-20.2233,-20.2233,33.9583,33.9583
20250617,3149,正達,listed,32.5,32.6,31.85,32.1,1229627.0,39533684.0,,data/daily_price/20250617.csv,32.78,33.635,32.395,32.395,33.2913,-0.1555,-5.4492,-15.415,,,4576245.6,0.2687,38.15,40.3,40.3,30.9,24.0,24.0,-4.5637,-0.9106,-0.9106,-3.5784,-15.8585,-20.3474,-20.3474,33.75,33.75
20250618,3149,正達,listed,32.1,32.7,31.9,32.2,1490628.0,47938712.0,,data/daily_price/20250618.csv,32.39,33.4525,32.3912,32.3912,33.2004,0.3115,-5.7101,-10.1813,,,3940639.0,0.3783,37.7,40.3,40.3,30.9,24.0,24.0,-3.7441,-0.5902,-0.5902,-3.0131,-14.5889,-20.0993,-20.0993,34.1667,34.1667
20250619,3149,正達,listed,32.2,32.2,30.0,31.0,4083462.0,126577247.0,,data/daily_price/20250619.csv,31.97,33.1925,32.3644,32.3644,33.017,-3.7267,-6.3444,-14.3646,,,3422519.1,1.1931,36.85,40.3,40.3,30.0,24.0,24.0,-6.6054,-4.2158,-4.2158,-6.109,-15.8752,-23.0769,-23.0769,29.1667,29.1667
20250620,3149,正達,listed,31.0,32.5,30.25,32.0,2846887.0,89535750.0,,data/daily_price/20250620.csv,31.89,33.0325,32.3575,32.3575,32.9323,3.2258,-1.2346,-9.0909,,,3164125.2,0.8997,36.3,40.3,40.3,30.0,24.0,24.0,-3.1257,-1.105,-1.105,-2.8308,-11.8457,-20.5955,-20.5955,33.3333,33.3333
20250623,3149,正達,listed,31.1,31.3,30.1,31.1,2491908.0,76432863.0,,data/daily_price/20250623.csv,31.68,32.805,32.3343,32.3343,32.7796,-2.8125,-3.2659,-12.763,,,2971944.3,0.8385,35.9,40.3,40.3,30.0,24.0,24.0,-5.1974,-3.8172,-3.8172,-5.1238,-13.3705,-22.8288,-22.8288,29.5833,29.5833
20250624,3149,正達,listed,31.6,34.2,31.6,34.2,7463859.0,252291773.0,,data/daily_price/20250624.csv,32.1,32.8125,32.3682,32.3682,32.8979,9.9678,6.5421,0.4405,,,3041443.45,2.4541,35.6,40.3,40.3,30.0,24.0,24.0,4.2286,5.6593,5.6593,3.9579,-3.9326,-15.1365,-15.1365,42.5,42.5
20250625,3149,正達,listed,33.7,34.15,33.0,33.0,4674484.0,156827978.0,,data/daily_price/20250625.csv,32.26,32.76,32.3795,32.3795,32.9064,-3.5088,2.4845,-3.0837,,,3084592.2,1.5154,35.6,40.3,40.3,30.0,24.0,24.0,0.7326,1.9164,1.9164,0.2843,-7.3034,-18.1141,-18.1141,37.5,37.5
20250626,3149,正達,listed,33.4,33.7,32.8,32.9,2234608.0,73948185.0,,data/daily_price/20250626.csv,32.64,32.71,32.3886,32.3886,32.9059,-0.303,6.129,-2.9499,,,2965567.85,0.7535,35.0,40.3,40.3,30.0,24.0,24.0,0.5809,1.579,1.579,-0.0179,-6.0,-18.3623,-18.3623,37.0833,37.0833
20250627,3149,正達,listed,33.15,33.4,32.9,33.05,1322903.0,43754038.0,,data/daily_price/20250627.csv,32.85,32.7375,32.4,32.4,32.9179,0.4559,3.2812,1.6923,,,2748384.65,0.4813,35.0,40.3,40.3,30.0,24.0,24.0,0.9546,2.0062,2.0062,0.4013,-5.5714,-17.9901,-17.9901,37.7083,37.7083
20250630,3149,正達,listed,33.0,33.0,31.6,31.6,2143740.0,68480961.0,,data/daily_price/20250630.csv,32.95,32.7325,32.3864,32.3864,32.8081,-4.3873,1.6077,-0.3155,,,2657516.6,0.8067,35.0,40.3,40.3,30.0,24.0,24.0,-3.4599,-2.4283,-2.4283,-3.6823,-9.7143,-21.5881,-21.5881,31.6667,31.6667
20250701,3149,正達,listed,31.7,32.35,31.45,31.45,1307484.0,41607096.0,,data/daily_price/20250701.csv,32.4,32.68,32.3708,32.3708,32.6949,-0.4747,-8.0409,-3.2308,,,2608707.9,0.5012,35.0,40.3,40.3,30.0,24.0,24.0,-3.7638,-2.8446,-2.8446,-3.8077,-10.1429,-21.9603,-21.9603,31.0417,31.0417
20250702,3149,正達,listed,31.45,31.7,31.25,31.4,584992.0,18411546.0,,data/daily_price/20250702.csv,32.08,32.64,32.4208,32.3549,32.587,-0.159,-4.8485,-2.4845,10.5634,,2548692.7,0.2295,35.0,40.3,40.3,30.0,24.0,24.0,-3.799,-3.1487,-2.9514,-3.6426,-10.2857,-22.0844,-22.0844,30.8333,30.8333
20250703,3149,正達,listed,31.85,32.05,31.55,31.55,988162.0,31442486.0,,data/daily_price/20250703.csv,31.81,32.5875,32.5075,32.3419,32.5006,0.4777,-4.1033,-3.2209,19.7343,,2501463.9,0.395,35.0,40.3,40.3,30.0,24.0,24.0,-3.1837,-2.9455,-2.4486,-2.9248,-9.8571,-21.7122,-21.7122,31.4583,31.4583
20250704,3149,正達,listed,31.65,31.8,30.75,30.75,1520334.0,47125087.0,,data/daily_price/20250704.csv,31.35,32.3875,32.6092,32.3167,32.3547,-2.5357,-6.9592,-11.5108,24.7465,,2324354.3,0.6541,35.0,40.3,40.3,30.0,26.3,24.0,-5.056,-5.7014,-4.8479,-4.9597,-12.1429,-23.6973,-23.6973,16.9202,28.125
20250707,3149,正達,listed,30.85,30.95,30.1,30.45,794929.0,24300403.0,,data/daily_price/20250707.csv,31.12,32.225,32.665,32.2875,32.196,-0.9756,-3.6392,-9.6439,12.3616,,2214454.3,0.359,34.75,40.3,40.3,30.0,26.6,24.0,-5.5081,-6.781,-5.6911,-5.423,-12.3741,-24.4417,-24.4417,14.4737,26.875
20250708,3149,正達,listed,30.2,30.6,30.1,30.4,796881.0,24172168.0,,data/daily_price/20250708.csv,30.91,32.0475,32.6875,32.2585,32.0463,-0.1642,-3.3386,-10.4566,4.6472,,2158061.9,0.3693,34.75,40.3,40.3,30.0,28.9,24.0,-5.1408,-6.9981,-5.7612,-5.1373,-12.518,-24.5658,-24.5658,5.1903,26.6667
20250709,3149,正達,listed,30.4,30.75,30.3,30.3,788765.0,23979735.0,,data/daily_price/20250709.csv,30.69,31.855,32.6975,32.2288,31.9008,-0.3289,-3.5032,-11.2738,2.0202,,2091652.55,0.3771,34.2,40.3,40.3,30.0,28.9,24.0,-4.8815,-7.3324,-5.9847,-5.018,-11.4035,-24.8139,-24.8139,4.8443,26.25
20250710,3149,正達,listed,30.3,30.95,30.2,30.3,841255.0,25599155.0,,data/daily_price/20250710.csv,30.44,31.715,32.6992,32.2,31.7674,0.0,-3.962,-8.4592,0.3311,,1992714.5,0.4222,34.2,40.3,40.3,30.0,28.9,24.0,-4.4616,-7.3371,-5.9006,-4.6192,-11.4035,-24.8139,-24.8139,4.8443,26.25
20250711,3149,正達,listed,30.1,30.5,30.1,30.3,490929.0,14900847.0,,data/daily_price/20250711.csv,30.35,31.61,32.7017,32.1721,31.6451,0.0,-1.4634,-6.4815,0.4975,,1953208.45,0.2513,34.2,40.3,40.3,30.0,28.9,24.0,-4.1443,-7.3442,-5.8189,-4.2506,-11.4035,-24.8139,-24.8139,4.8443,26.25
20250714,3149,正達,listed,30.35,30.65,30.05,30.1,543068.0,16402455.0,,data/daily_price/20250714.csv,30.28,31.5075,32.7067,32.142,31.5163,-0.6601,-1.1494,-6.3764,1.0067,,1931945.25,0.2811,34.2,40.3,40.3,30.0,28.9,24.0,-4.4672,-7.9698,-6.3531,-4.494,-11.9883,-25.3102,-25.3102,4.1522,25.4167
20250715,3149,正達,listed,30.0,30.35,30.0,30.1,515065.0,15552486.0,,data/daily_price/20250715.csv,30.22,31.4075,32.7083,32.1129,31.3983,0.0,-0.9868,-6.2305,0.3333,,1896217.15,0.2716,34.2,40.3,40.3,30.0,28.9,24.0,-4.163,-7.9745,-6.2681,-4.135,-11.9883,-25.3102,-25.3102,4.1522,25.4167
20250716,3149,正達,listed,30.2,30.55,30.15,30.2,820441.0,24916649.0,,data/daily_price/20250716.csv,30.2,31.3075,32.7258,32.0859,31.2985,0.3322,-0.33,-6.2112,3.6021,,1862707.8,0.4405,34.2,40.3,40.3,30.0,28.9,24.0,-3.5375,-7.7182,-5.8777,-3.5096,-11.6959,-25.062,-25.062,4.4983,25.8333
20250717,3149,正達,listed,30.35,30.65,30.3,30.3,731150.0,22232288.0,,data/daily_price/20250717.csv,30.2,31.2725,32.7008,32.0611,31.2153,0.3311,0.0,-2.2581,-4.717,,1695092.2,0.4313,34.2,40.3,40.3,30.0,30.0,24.0,-3.1098,-7.3418,-5.493,-2.9321,-11.4035,-24.8139,-24.8139,1.0,26.25
20250718,3149,正達,listed,30.45,30.55,30.05,30.05,863636.0,26136532.0,,data/daily_price/20250718.csv,30.15,31.175,32.6775,32.0336,31.1181,-0.8251,-0.8251,-6.0937,-4.4515,,1595929.65,0.5411,34.2,40.3,40.3,30.0,30.0,24.0,-3.6087,-8.0407,-6.1921,-3.4326,-12.1345,-25.4342,-25.4342,0.1667,25.2083
20250721,3149,正達,listed,30.1,30.5,29.2,30.0,1411339.0,42214186.0,,data/daily_price/20250721.csv,30.13,31.12,32.67,32.0061,31.025,-0.1664,-0.3322,-3.537,-1.4778,,1541901.2,0.9153,34.2,40.3,40.3,29.2,29.2,24.0,-3.599,-8.1726,-6.2678,-3.3037,-12.2807,-25.5583,-25.5583,2.7397,25.0
20250722,3149,正達,listed,30.05,31.7,29.55,30.7,2949735.0,90434791.0,,data/daily_price/20250722.csv,30.25,30.945,32.6608,31.9887,30.9979,2.3333,1.9934,-10.2339,-1.76,,1316195.0,2.2411,34.15,40.3,40.3,29.2,29.2,24.0,-0.7917,-6.0036,-4.0285,-0.961,-10.1025,-23.8213,-23.8213,5.137,27.9167
20250723,3149,正達,listed,30.9,31.6,30.55,30.75,1410818.0,43535082.0,,data/daily_price/20250723.csv,30.36,30.8325,32.6608,31.9724,30.9772,0.1629,1.8212,-6.8182,0.0,,1153011.7,1.2236,33.7,40.3,40.3,29.2,29.2,24.0,-0.2676,-5.8505,-3.8232,-0.7335,-8.7537,-23.6973,-23.6973,5.3082,28.125
20250724,3149,正達,listed,31.55,31.6,30.9,31.15,965639.0,30122811.0,,data/daily_price/20250724.csv,30.53,30.745,32.6575,31.9617,30.9916,1.3008,2.8053,-5.3191,-0.638,,1089563.25,0.8863,33.4,40.3,40.3,29.2,29.2,24.0,1.3173,-4.6161,-2.5396,0.511,-6.7365,-22.7047,-22.7047,6.6781,29.7917
20250725,3149,正達,listed,31.15,31.15,30.55,30.55,898950.0,27625705.0,,data/daily_price/20250725.csv,30.63,30.62,32.6533,31.9436,30.9548,-1.9262,1.6639,-7.5643,-0.8117,,1068365.6,0.8414,33.0,40.3,40.3,29.2,29.2,24.0,-0.2286,-6.4414,-4.3627,-1.3078,-7.4242,-24.1935,-24.1935,4.6233,27.2917
20250728,3149,正達,listed,30.7,31.2,30.7,30.9,631516.0,19557728.0,,data/daily_price/20250728.csv,30.81,30.585,32.65,31.9304,30.9503,1.1457,3.0,-2.2152,-0.6431,,992754.4,0.6361,32.35,40.3,40.3,29.2,29.2,24.0,1.0299,-5.3599,-3.227,-0.1624,-4.4822,-23.3251,-23.3251,5.8219,28.75
20250729,3149,正達,listed,30.95,30.95,30.15,30.15,869296.0,26374041.0,,data/daily_price/20250729.csv,30.7,30.52,32.6283,31.9081,30.8836,-2.4272,-1.7915,-4.1335,-4.1335,,970845.0,0.8954,32.05,40.3,40.3,29.2,29.2,24.0,-1.2123,-7.5956,-5.51,-2.3753,-5.9282,-25.1861,-25.1861,3.2534,25.625
20250730,3149,正達,listed,30.2,30.5,30.05,30.25,519005.0,15720544.0,,data/daily_price/20250730.csv,30.6,30.4625,32.6117,31.8877,30.8308,0.3317,-1.626,-3.6624,-3.2,,967545.65,0.5364,32.05,40.3,40.3,29.2,29.2,24.0,-0.6976,-7.2418,-5.1357,-1.8837,-5.6162,-24.938,-24.938,3.5959,26.0417
20250731,3149,正達,listed,30.4,30.75,30.1,30.25,661338.0,20095731.0,,data/daily_price/20250731.csv,30.42,30.3975,32.595,31.8677,30.7824,0.0,-2.8892,-4.1204,-3.2,,951204.45,0.6953,31.8,40.3,40.3,29.2,29.2,24.0,-0.4852,-7.1944,-5.0762,-1.7295,-4.8742,-24.938,-24.938,3.5959,26.0417
20250801,3149,正達,listed,30.0,31.4,29.55,31.2,1534465.0,47412581.0,,data/daily_price/20250801.csv,30.55,30.42,32.5908,31.8596,30.8172,3.1405,2.1277,1.4634,-0.7949,,951911.0,1.612,31.7,40.3,40.3,29.2,29.2,24.0,2.5641,-4.2676,-2.0705,1.2422,-1.5773,-22.5806,-22.5806,6.8493,30.0
20250804,3149,正達,listed,30.9,31.2,30.7,31.0,717472.0,22228702.0,,data/daily_price/20250804.csv,30.57,30.4475,32.5833,31.8494,30.8324,-0.641,0.3236,1.8062,-1.4308,,948038.15,0.7568,31.7,40.3,40.3,29.2,29.2,24.0,1.8146,-4.8593,-2.6669,0.5435,-2.2082,-23.0769,-23.0769,6.1644,29.1667
20250805,3149,正達,listed,31.5,31.95,31.0,31.5,1214803.0,38151176.0,,data/daily_price/20250805.csv,30.84,30.5025,32.5325,31.8453,30.888,1.6129,4.4776,3.6184,-8.8278,,968934.25,1.2538,31.95,40.3,40.3,29.2,29.2,24.0,3.2702,-3.1737,-1.0843,1.9812,-1.4085,-21.8362,-21.8362,7.8767,31.25
20250806,3149,正達,listed,31.6,31.6,30.8,30.8,770532.0,23990670.0,,data/daily_price/20250806.csv,30.95,30.5275,32.4342,31.8331,30.8807,-2.2222,1.8182,1.6502,-16.0763,,968022.6,0.796,31.95,40.3,40.3,29.2,29.2,24.0,0.8926,-5.0384,-3.2455,-0.2614,-3.5994,-23.5732,-23.5732,5.4795,28.3333
20250807,3149,正達,listed,31.05,31.35,30.65,30.65,509592.0,15717451.0,,data/daily_price/20250807.csv,31.03,30.545,32.2867,31.8195,30.8615,-0.487,1.3223,1.1551,-22.4051,,951439.45,0.5356,31.95,40.3,40.3,29.2,29.2,24.0,0.3438,-5.0692,-3.6755,-0.6853,-4.0689,-23.9454,-23.9454,4.9658,27.7083
20250808,3149,正達,listed,30.95,32.25,30.95,31.75,1971559.0,62481146.0,,data/daily_price/20250808.csv,31.14,30.6175,32.15,31.8188,30.9355,3.5889,1.7628,4.7855,-20.5257,,1025470.95,1.9226,32.25,40.3,40.3,29.2,29.2,24.0,3.6989,-1.2442,-0.2161,2.6328,-1.5504,-21.2159,-21.2159,8.7329,32.2917
20250811,3149,正達,listed,31.5,31.55,30.7,31.25,1296245.0,40421420.0,,data/daily_price/20250811.csv,31.19,30.675,32.0367,31.8124,30.9617,-1.5748,0.8065,3.8206,-17.8712,,1063129.8,1.2193,32.25,39.0,40.3,29.2,29.2,24.0,1.8745,-2.4555,-1.7677,0.931,-3.1008,-19.8718,-22.4566,7.0205,30.2083
20250812,3149,正達,listed,31.5,31.75,31.2,31.4,802114.0,25225561.0,,data/daily_price/20250812.csv,31.17,30.74,31.9275,31.8078,30.9983,0.48,-0.3175,4.3189,-17.2596,,1077482.25,0.7444,32.25,38.15,40.3,29.2,29.2,24.0,2.147,-1.6522,-1.282,1.296,-2.6357,-17.6933,-22.0844,7.5342,30.8333
20250813,3149,正達,listed,31.45,33.25,31.45,32.6,3003610.0,97443345.0,,data/daily_price/20250813.csv,31.53,30.86,31.8733,31.8165,31.1317,3.8217,5.8442,7.947,-9.0656,,1186640.7,2.5312,33.25,37.7,40.3,29.2,29.2,24.0,5.6384,2.2799,2.4626,4.7163,-1.9549,-13.5279,-19.1067,11.6438,35.8333
20250814,3149,正達,listed,32.8,33.8,32.5,32.5,2600227.0,85526735.0,,data/daily_price/20250814.csv,31.9,30.97,31.8117,31.8239,31.2458,-0.3067,6.0359,7.2607,-10.221,,1280094.55,2.0313,33.8,36.85,40.3,29.2,29.2,24.0,4.9403,2.1638,2.1245,4.0141,-3.8462,-11.8046,-19.3548,11.3014,35.4167
20250815,3149,正達,listed,32.9,33.25,32.1,33.05,1756435.0,57554585.0,,data/daily_price/20250815.csv,32.16,31.12,31.7758,31.8371,31.3961,1.6923,4.0945,9.9834,-6.108,,1324734.5,1.3259,33.8,36.3,40.3,29.2,29.2,24.0,6.2018,4.0099,3.8097,5.2678,-2.2189,-8.9532,-17.9901,13.1849,37.7083
20250818,3149,正達,listed,33.2,35.8,32.9,35.25,5741625.0,200037984.0,,data/daily_price/20250818.csv,32.96,31.3825,31.7692,31.8734,31.7173,6.6566,12.8,17.5,-1.122,,1541248.8,3.7253,35.8,35.9,40.3,29.55,29.2,24.0,12.3237,10.9566,10.5938,11.1382,-1.5363,-1.8106,-12.531,20.7192,46.875
20250819,3149,正達,listed,35.1,35.1,33.7,34.2,2575615.0,88233709.0,,data/daily_price/20250819.csv,33.52,31.5575,31.7717,31.8979,31.9242,-2.9787,8.9172,11.4007,0.4405,,1522542.8,1.6917,35.8,35.8,40.3,29.55,29.2,24.0,8.3736,7.6431,7.2171,7.1289,-4.4693,-4.4693,-15.1365,17.1233,42.5
20250820,3149,正達,listed,34.1,34.3,33.35,33.85,1652781.0,55955072.0,,data/daily_price/20250820.csv,33.77,31.7125,31.7683,31.9182,32.0846,-1.0234,3.8344,10.0813,-0.5874,,1534640.95,1.077,35.8,35.8,40.3,29.55,29.2,24.0,6.7402,6.5526,6.0522,5.5022,-5.4469,-5.4469,-16.005,15.9247,41.0417
20250821,3149,正達,listed,34.5,36.1,34.1,35.2,2902889.0,101757712.0,,data/daily_price/20250821.csv,34.31,31.915,31.79,31.9521,32.3443,3.9882,8.3077,13.0016,3.8348,,1631503.45,1.7793,36.1,36.1,40.3,29.55,29.2,24.0,10.293,10.7266,10.165,8.8292,-2.4931,-2.4931,-12.6551,20.5479,46.6667
20250822,3149,正達,listed,36.5,37.8,34.5,35.6,14784885.0,539716357.0,,data/daily_price/20250822.csv,34.82,32.1675,31.8417,31.9893,32.6156,1.1364,7.7156,16.5303,9.5385,,2325800.2,6.3569,37.8,37.8,40.3,29.55,29.2,24.0,10.6707,11.8032,11.2873,9.1503,-5.8201,-5.8201,-11.6625,21.9178,48.3333
20250825,3149,正達,listed,36.9,37.75,36.15,36.45,7893781.0,291041387.0,,data/daily_price/20250825.csv,35.06,32.445,31.9208,32.0343,32.9351,2.3876,3.4043,17.9612,14.9842,,2688913.45,2.9357,37.8,37.8,40.3,29.55,29.2,24.0,12.344,14.1887,13.7841,10.6722,-3.5714,-3.5714,-9.5533,24.8288,51.875
20250826,3149,正達,listed,36.8,37.25,35.7,35.9,4193594.0,152372279.0,,data/daily_price/20250826.csv,35.4,32.7325,31.9775,32.073,33.1822,-1.5089,4.9708,19.0713,10.4615,,2855128.35,1.4688,37.8,37.8,40.3,29.55,29.2,24.0,9.6769,12.2664,11.9322,8.1906,-5.0265,-5.0265,-10.9181,22.9452,49.5833
20250827,3149,正達,listed,36.35,39.45,36.15,39.45,18079506.0,697574707.0,,data/daily_price/20250827.csv,36.52,33.1925,32.0983,32.146,33.7045,9.8886,16.5436,30.4132,22.5155,,3733153.4,4.843,39.45,39.45,40.3,29.55,29.2,24.0,18.8522,22.9036,22.7212,17.0467,0.0,0.0,-2.1092,35.1027,64.375
20250828,3149,正達,listed,39.85,40.85,37.7,38.5,21710805.0,850853523.0,,data/daily_price/20250828.csv,37.18,33.605,32.1967,32.2083,34.1041,-2.4081,9.375,27.2727,18.0982,,4785626.75,4.5367,40.85,40.85,40.85,29.55,29.2,24.0,14.5663,19.5776,19.5343,12.8896,-5.7528,-5.7528,-5.7528,31.8493,60.4167
20250829,3149,正達,listed,39.2,39.85,38.5,39.4,8005633.0,313107001.0,,data/daily_price/20250829.csv,37.94,34.015,32.2742,32.2782,34.5454,2.3377,10.6742,26.2821,13.3813,,5109185.15,1.5669,40.85,40.85,40.85,30.65,29.2,24.0,15.8313,22.0791,22.064,14.0527,-3.5496,-3.5496,-3.5496,34.9315,64.1667
20250901,3149,正達,listed,39.4,39.85,38.55,38.85,5726692.0,223707799.0,,data/daily_price/20250901.csv,38.42,34.4075,32.36,32.3413,34.9042,-1.3959,6.5844,25.3226,15.2819,,5359646.15,1.0685,40.85,40.85,40.85,30.65,29.2,24.0,12.9114,20.0556,20.1249,11.3048,-4.896,-4.896,-4.896,33.0479,61.875
20250902,3149,正達,listed,39.4,40.35,37.95,39.5,7036258.0,276892002.0,,data/daily_price/20250902.csv,39.14,34.8075,32.4525,32.4095,35.2871,1.6731,10.0279,25.3968,16.3476,,5650718.9,1.2452,40.85,40.85,40.85,30.65,29.2,24.0,13.4813,21.7164,21.8778,11.9388,-3.3048,-3.3048,-3.3048,35.274,64.5833
20250903,3149,正達,listed,39.2,40.1,38.8,39.45,4319010.0,169647184.0,,data/daily_price/20250903.csv,39.14,35.24,32.5408,32.4759,35.6341,-0.1266,0.0,28.0844,15.5198,,5828142.8,0.7411,40.85,40.85,40.85,30.65,29.2,24.0,11.9467,21.2323,21.4745,10.7087,-3.4272,-3.4272,-3.4272,35.1027,64.375
20250904,3149,正達,listed,39.75,40.45,38.8,38.8,5963205.0,236463764.0,,data/daily_price/20250904.csv,39.2,35.6475,32.6358,32.535,35.8979,-1.6477,0.7792,26.5905,17.2205,,6100823.45,0.9774,40.85,40.85,40.85,30.7,29.2,24.0,8.8435,18.8877,19.256,8.0844,-5.0184,-5.0184,-5.0184,32.8767,61.6667
20250905,3149,正達,listed,39.15,39.8,38.65,39.3,2792428.0,109503398.0,,data/daily_price/20250905.csv,39.18,36.025,32.7508,32.5977,36.1814,1.2887,-0.2538,23.7795,21.2963,,6141866.9,0.4547,40.85,40.85,40.85,30.7,29.2,24.0,9.0909,19.9969,20.5607,8.6194,-3.7944,-3.7944,-3.7944,34.589,63.75
20250908,3149,正達,TWSE,39.7,40.35,39.1,39.3,3542350.0,140067483.0,TWSE_RWD_JSON_MI_INDEX,data/daily_price/daily_price_20250908.csv,39.27,36.4275,32.87,32.6592,36.4413,0.0,1.1583,25.76,22.2395,,6254172.15,0.5664,40.85,40.85,40.85,31.2,29.2,24.0,7.8855,19.5619,20.3337,7.8447,-3.7944,-3.7944,-3.7944,34.589,63.75
20250909,3149,正達,listed,38.8,39.2,37.05,37.55,7843438.0,296751360.0,,data/daily_price/20250909.csv,38.88,36.735,32.9608,32.7036,36.5337,-4.4529,-4.9367,19.586,16.9782,,6606238.35,1.1873,40.85,40.85,40.85,31.45,29.2,24.0,2.2186,13.9231,14.819,2.7819,-8.0783,-8.0783,-8.0783,28.5959,56.4583
20250910,3149,正達,listed,37.6,38.3,37.4,37.55,3565113.0,134718478.0,,data/daily_price/20250910.csv,38.5,36.9825,33.05,32.7473,36.6184,0.0,-4.8162,15.184,16.6149,,6634313.5,0.5374,40.85,40.85,40.85,32.1,29.2,24.0,1.5345,13.6157,14.666,2.5442,-8.0783,-8.0783,-8.0783,28.5959,56.4583
20250911,3149,正達,listed,38.1,38.55,37.25,37.65,3280348.0,124258063.0,,data/daily_price/20250911.csv,38.27,37.24,33.1608,32.7911,36.7043,0.2663,-2.9639,15.8462,21.4516,,6668319.55,0.4919,40.85,40.85,40.85,32.1,29.2,24.0,1.101,13.5376,14.8178,2.5764,-7.8335,-7.8335,-7.8335,28.9384,56.875
20250912,3149,正達,TWSE,38.3,38.3,35.65,35.8,5825828.0,212581408.0,TWSE_RWD_JSON_MI_INDEX,data/daily_price/daily_price_20250912.csv,37.57,37.3775,33.2242,32.8177,36.629,-4.9137,-8.9059,8.3207,11.875,,6871789.2,0.8478,40.85,40.85,40.85,32.9,29.2,24.0,-4.2205,7.7529,9.0875,-2.2632,-12.3623,-12.3623,-12.3623,22.6027,49.1667
20250916,3149,正達,TWSE,35.4,38.9,35.2,38.9,7922901.0,299313058.0,TWSE_RWD_JSON_MI_INDEX,data/daily_price/daily_price_20250916.csv,37.49,37.56,33.3542,32.8711,36.8182,8.6592,-1.0178,10.3546,25.0804,,6980853.0,1.1349,40.85,40.85,40.85,33.35,29.2,24.0,3.5676,16.6271,18.3412,5.6542,-4.7736,-4.7736,-4.7736,33.2192,62.0833
20250917,3149,正達,listed,38.6,40.0,38.35,38.9,9802057.0,383674726.0,,data/daily_price/20250917.csv,37.76,37.795,33.4325,32.9235,36.9917,0.0,3.5952,13.7427,13.7427,,7342175.1,1.335,40.85,40.85,40.85,33.35,29.2,24.0,2.9237,16.3538,18.1528,5.1587,-4.7736,-4.7736,-4.7736,33.2192,62.0833
20250918,3149,正達,listed,38.95,42.3,38.95,41.75,18427178.0,751145461.0,,data/daily_price/20250918.csv,38.6,38.19,33.5783,32.9996,37.3882,7.3265,11.1851,23.3383,26.5152,,8180894.95,2.2525,42.3,42.3,42.3,34.1,29.2,24.0,9.3218,24.3361,26.5168,11.6662,-1.3002,-1.3002,-1.3002,42.9795,73.9583
20250919,3149,正達,listed,41.4,43.1,41.3,41.9,14366247.0,606269740.0,,data/daily_price/20250919.csv,39.45,38.525,33.7283,33.0756,37.7642,0.3593,11.2882,19.0341,27.3556,,8754062.85,1.6411,43.1,43.1,43.1,34.5,29.2,24.0,8.7605,24.2279,26.6793,10.9516,-2.7842,-2.7842,-2.7842,43.4932,74.5833
20250922,3149,正達,listed,43.05,45.0,43.0,44.5,18226916.0,804110942.0,,data/daily_price/20250922.csv,41.19,38.97,33.9192,33.1725,38.3255,6.2053,24.3017,25.0,34.6445,,8926164.4,2.042,45.0,45.0,45.0,35.2,29.2,24.0,14.1904,31.1943,34.1474,16.1106,-1.1111,-1.1111,-1.1111,52.3973,85.4167
20250923,3149,正達,listed,46.0,46.8,43.0,44.3,22293644.0,994628022.0,,data/daily_price/20250923.csv,42.27,39.3625,34.1308,33.266,38.8234,-0.4494,13.8817,21.5364,40.1899,,9646157.55,2.3111,46.8,46.8,46.8,35.2,29.2,24.0,12.5437,29.7947,33.1691,14.1064,-5.3419,-5.3419,-5.3419,51.7123,84.5833
20250924,3149,正達,listed,44.3,44.3,42.0,42.7,8768868.0,377446202.0,,data/daily_price/20250924.csv,43.03,39.7025,34.3183,33.3446,39.1464,-3.6117,9.7686,18.9415,35.7711,,9874921.25,0.888,46.8,46.8,46.8,35.2,29.2,24.0,7.5499,24.4233,28.0568,9.0776,-8.7607,-8.7607,-8.7607,46.2329,77.9167
20250925,3149,正達,listed,42.9,43.3,41.8,42.45,4988699.0,212197481.0,,data/daily_price/20250925.csv,43.17,39.8525,34.5025,33.4617,39.4217,-0.5855,1.6766,7.6046,35.1911,49.4718,9220380.9,0.5411,46.8,46.8,46.8,35.2,29.2,24.0,6.5178,23.0346,26.8616,7.6817,-9.2949,-9.2949,-9.2949,45.3767,76.875
20250926,3149,正達,listed,42.25,42.25,40.65,41.0,4412400.0,182240973.0,,data/daily_price/20250926.csv,42.99,39.9775,34.66,33.5838,39.5533,-3.4158,-2.148,6.4935,29.9525,55.5977,8355460.65,0.5281,46.8,46.8,46.8,35.2,29.2,24.0,2.5577,18.292,22.0829,3.6577,-12.3932,-12.3932,-12.3932,40.411,70.8333
20250930,3149,正達,listed,41.55,42.65,41.4,41.55,4245169.0,178004134.0,,data/daily_price/20250930.csv,42.4,40.085,34.84,33.7246,39.7197,1.3415,-6.6292,5.4569,35.122,68.5598,8167437.45,0.5198,46.8,46.8,46.8,35.2,29.2,26.3,3.6547,19.2595,23.2039,4.6081,-11.2179,-11.2179,-11.2179,42.2945,57.9848
20251001,3149,正達,listed,42.0,44.9,41.85,43.4,12988221.0,567699825.0,,data/daily_price/20251001.csv,42.22,40.3125,35.0558,33.8604,40.0264,4.4525,-2.0316,11.7117,42.5287,60.1476,8530513.9,1.5226,46.8,46.8,46.8,35.2,29.2,26.6,7.6589,23.8025,28.1733,8.4286,-7.265,-7.265,-7.265,48.6301,63.1579
20251002,3149,正達,listed,43.6,44.7,43.0,43.3,10190884.0,443529129.0,,data/daily_price/20251002.csv,42.34,40.5025,35.2708,33.9792,40.2992,-0.2304,1.4052,9.6203,42.4342,49.0534,8688245.2,1.173,46.8,46.8,46.8,35.2,29.2,28.9,6.907,22.7643,27.431,7.4464,-7.4786,-7.4786,-7.4786,48.2877,49.827
20251003,3149,正達,listed,43.3,44.35,42.65,43.8,6698446.0,292806346.0,,data/daily_price/20251003.csv,42.61,40.72,35.4958,34.0967,40.5909,1.1547,3.1802,11.0266,44.5545,47.4747,8807217.0,0.7606,46.8,46.8,46.8,35.2,29.2,28.9,7.5639,23.3948,28.4583,7.906,-6.4103,-6.4103,-6.4103,50.0,51.5571
20251007,3149,正達,listed,44.4,44.75,43.4,44.7,7432726.0,327669023.0,,data/daily_price/20251007.csv,43.35,41.015,35.7358,34.2175,40.9333,2.0548,9.0244,15.2062,47.5248,48.0132,8880693.05,0.837,46.8,46.8,46.8,35.2,29.2,28.9,8.9845,25.0845,30.6349,9.202,-4.4872,-4.4872,-4.4872,53.0822,54.6713
20251008,3149,正達,listed,44.95,46.3,44.7,46.2,15984638.0,728605119.0,,data/daily_price/20251008.csv,44.28,41.36,36.0008,34.3512,41.3722,3.3557,11.1913,17.5573,52.4752,53.2338,9540303.55,1.6755,46.8,46.8,46.8,35.2,29.2,28.9,11.7021,28.3304,34.4929,11.6692,-1.2821,-1.2821,-1.2821,58.2192,59.8616
20251009,3149,正達,listed,46.5,46.55,45.1,45.15,11815121.0,540605449.0,,data/daily_price/20251009.csv,44.63,41.6525,36.2517,34.4792,41.687,-2.2727,4.0323,14.8855,50.0,51.5101,9953942.1,1.187,46.8,46.8,46.8,35.2,29.2,28.9,8.3969,24.546,30.9486,8.3071,-3.5256,-3.5256,-3.5256,54.6233,56.2284
20251013,3149,正達,listed,41.35,43.3,41.3,42.55,8691886.0,367447865.0,,data/daily_price/20251013.csv,44.48,41.9025,36.4592,34.5838,41.7589,-5.7586,-1.7321,13.3156,41.3621,41.8333,9996364.5,0.8695,46.8,46.8,46.8,35.2,29.2,28.9,1.5453,16.7059,23.0347,1.8943,-9.0812,-9.0812,-9.0812,45.7192,47.2318
20251014,3149,正達,listed,44.0,44.6,40.8,40.8,11739152.0,501685976.0,,data/daily_price/20251014.csv,43.88,42.065,36.6358,34.6808,41.679,-4.1128,-6.8493,8.6551,35.0993,39.9657,10405066.45,1.1282,46.8,46.8,46.8,35.2,29.2,28.9,-3.0073,11.3664,17.6442,-2.109,-12.8205,-12.8205,-12.8205,39.726,41.1765
20251015,3149,正達,TWSE,41.0,42.05,40.2,40.4,6744094.0,276712357.0,TWSE_RWD_JSON_MI_INDEX,data/daily_price/daily_price_20251015.csv,43.02,42.2025,36.8042,34.7525,41.5724,-0.9804,-9.6197,7.3041,33.3333,27.044,10578253.75,0.6375,46.8,46.8,46.8,35.2,29.2,29.2,-4.2711,9.7702,16.2506,-2.8202,-13.6752,-13.6752,-13.6752,38.3562,38.3562
20251016,3149,正達,listed,40.4,40.9,39.15,39.7,7889360.0,314968883.0,,data/daily_price/20251016.csv,41.72,42.3975,36.965,34.8212,41.4164,-1.7327,-14.0693,10.8939,32.1131,26.2321,10681430.35,0.7386,46.8,46.8,46.8,35.2,29.2,29.2,-6.3624,7.3989,14.0108,-4.1443,-15.1709,-15.1709,-15.1709,35.9589,35.9589
20251017,3149,正達,TWSE,39.7,39.9,37.3,37.7,10405525.0,397686373.0,TWSE_RWD_JSON_MI_INDEX,data/daily_price/daily_price_20251017.csv,40.23,42.3375,37.0933,34.8817,41.1067,-5.0378,-16.5006,-3.0848,25.6667,23.8095,10805561.55,0.963,46.8,46.8,46.8,37.3,29.55,29.2,-10.9536,1.6355,8.0797,-8.2875,-19.4444,-19.4444,-19.4444,27.5804,29.1096
20251020,3149,正達,listed,38.05,38.95,37.7,38.7,3899332.0,149314540.0,,data/daily_price/20251020.csv,39.46,42.3275,37.2267,34.9438,40.9061,2.6525,-9.0482,-0.5141,26.0586,23.84,10510425.3,0.371,46.8,46.8,46.8,37.3,29.55,29.2,-8.5701,3.9577,10.7494,-5.3932,-17.3077,-17.3077,-17.3077,30.9645,32.5342
20251021,3149,正達,listed,39.0,39.0,38.25,38.35,2634388.0,101604488.0,,data/daily_price/20251021.csv,38.97,42.1575,37.3533,35.0071,40.6931,-0.9044,-6.0049,-8.1437,24.7154,24.7154,9720785.8,0.271,46.8,46.8,46.8,37.3,29.55,29.2,-9.0316,2.6682,9.5493,-5.7581,-18.0556,-18.0556,-18.0556,29.78,31.3356
20251022,3149,正達,listed,38.5,39.5,38.35,38.45,3863049.0,150765265.0,,data/daily_price/20251022.csv,38.58,41.985,37.475,35.0662,40.5062,0.2608,-4.8267,-8.2339,23.435,22.6475,9195625.9,0.4201,46.8,46.8,46.8,37.3,29.55,29.2,-8.4197,2.6017,9.6496,-5.0763,-17.8419,-17.8419,-17.8419,30.1184,31.6781
20251023,3149,正達,listed,38.2,38.2,37.5,37.65,3050993.0,115186019.0,,data/daily_price/20251023.csv,38.17,41.6425,37.5933,35.1233,40.2682,-2.0806,-5.1637,-15.3933,23.2406,22.2403,8436829.75,0.3616,46.8,46.8,46.8,37.3,29.55,29.2,-9.5876,0.1507,7.1937,-6.5019,-19.5513,-19.5513,-19.5513,27.4112,28.9384
20251027,3149,正達,listed,38.0,38.4,37.65,38.15,1905000.0,72600923.0,,data/daily_price/20251027.csv,38.26,41.335,37.7142,35.1821,40.0917,1.328,1.1936,-13.8826,23.4628,22.6688,7417397.55,0.2568,46.55,46.8,46.8,37.3,29.55,29.2,-7.7053,1.1556,8.4359,-4.8431,-18.0451,-18.4829,-18.4829,29.1032,30.6507
20251028,3149,正達,listed,38.4,38.4,37.35,37.45,2373095.0,89253964.0,,data/daily_price/20251028.csv,38.01,41.0725,37.8358,35.2321,39.8715,-1.8349,-3.23,-12.2951,24.2123,19.0779,7097608.9,0.3344,46.55,46.8,46.8,37.3,29.55,29.2,-8.8198,-1.0198,6.2952,-6.0733,-19.5489,-19.9786,-19.9786,26.7343,28.2534
20251029,3149,正達,listed,37.7,38.5,37.6,37.9,2601173.0,98938993.0,,data/daily_price/20251029.csv,37.92,40.845,37.9633,35.2875,39.7072,1.2016,-1.1734,-10.7185,25.2893,21.28,6978232.6,0.3728,46.55,46.8,46.8,37.3,29.55,29.2,-7.2102,-0.1668,7.4035,-4.5514,-18.5822,-19.0171,-19.0171,28.2572,29.7945
20251030,3149,正達,listed,38.1,38.45,36.65,36.85,2860304.0,106485272.0,,data/daily_price/20251030.csv,37.6,40.6375,38.0733,35.3342,39.4691,-2.7704,-4.1612,-10.122,21.8182,17.92,6900627.8,0.4145,46.55,46.8,46.8,36.65,29.55,29.2,-9.3202,-3.2131,4.29,-6.6359,-20.8378,-21.2607,-21.2607,24.7039,26.1986
20251031,3149,正達,listed,36.85,37.15,36.55,36.6,1523832.0,56111277.0,,data/daily_price/20251031.csv,37.39,40.39,38.1633,35.3771,39.23,-0.6784,-2.7888,-11.9134,17.3077,16.3752,6764560.95,0.2253,46.55,46.8,46.8,36.55,30.65,29.2,-9.3835,-4.0964,3.4568,-6.7042,-21.3749,-21.7949,-21.7949,19.4127,25.3425
20251103,3149,正達,TWSE,36.8,38.15,36.7,37.5,2354968.0,,,data/daily_price/20251103.csv,37.26,40.095,38.2717,35.4275,39.0859,2.459,-1.7038,-13.5945,20.9677,19.2369,6232898.3,0.3778,46.55,46.8,46.8,36.55,30.65,29.2,-6.4721,-2.0163,5.85,-4.0574,-19.4415,-19.8718,-19.8718,22.3491,28.4247
20251104,3149,正達,TWSE,37.65,37.9,36.35,36.45,1736845.0,,,data/daily_price/20251104.csv,37.06,39.7525,38.3542,35.4433,38.8662,-2.8,-2.6702,-15.8199,15.7143,5.4993,5810196.35,0.2989,46.55,46.8,46.8,36.35,30.65,29.2,-8.3077,-4.9647,2.8402,-6.2168,-21.6971,-22.1154,-22.1154,18.9233,24.8288
20251105,3149,正達,TWSE,35.6,37.55,35.1,36.95,2204763.0,,,data/daily_price/20251105.csv,36.87,39.41,38.4567,35.4454,38.7065,1.3717,-2.5066,-15.6393,19.9675,0.6812,5585512.2,0.3947,46.55,46.8,46.8,35.1,30.65,29.2,-6.2421,-3.9178,4.2448,-4.5381,-20.623,-21.047,-21.047,20.5546,26.5411
20251106,3149,正達,TWSE,37.5,39.8,37.1,39.35,5078797.0,,,data/daily_price/20251106.csv,37.37,39.1425,38.6017,35.4442,38.7602,6.4953,6.7843,-11.9687,28.385,-0.3797,5467815.75,0.9289,46.55,46.8,46.8,35.1,30.7,29.2,0.5301,1.9386,11.0197,1.5218,-15.4672,-15.9188,-15.9188,28.1759,34.7603
20251107,3149,正達,TWSE,38.9,39.6,38.25,38.6,3826121.0,,,data/daily_price/20251107.csv,37.77,38.7625,38.7158,35.4329,38.7468,-1.906,5.4645,-16.4502,21.5748,-3.3792,4859889.9,0.7873,46.55,46.8,46.8,35.1,30.7,29.2,-0.4192,-0.2992,8.9383,-0.3789,-17.0784,-17.5214,-17.5214,25.7329,32.1918
20251110,3149,正達,TWSE,39.3,39.3,37.05,38.55,5680990.0,,,data/daily_price/20251110.csv,37.98,38.4325,38.8375,35.4371,38.7304,-0.1295,2.8,-14.6179,23.36,1.3141,4553183.35,1.2477,44.6,46.8,46.8,35.1,31.2,29.2,0.3057,-0.7403,8.7843,-0.4658,-13.565,-17.6282,-17.6282,23.5577,32.0205
20251111,3149,正達,TWSE,38.85,38.85,36.5,37.0,2940021.0,,,data/daily_price/20251111.csv,38.09,38.155,38.9308,35.4292,38.5862,-4.0208,1.5089,-13.0435,17.8344,-2.5033,4265590.1,0.6892,44.6,46.8,46.8,35.1,31.45,29.2,-3.0271,-4.9597,4.4337,-4.1108,-17.0404,-20.9402,-20.9402,17.6471,26.7123
20251112,3149,正達,TWSE,37.5,38.6,37.5,37.7,2218713.0,,,data/daily_price/20251112.csv,38.24,38.0,39.0158,35.4446,38.5124,1.8919,2.0298,-7.598,15.6442,5.1604,3789568.15,0.5855,42.05,46.8,46.8,35.1,32.1,29.2,-0.7895,-3.3726,6.3632,-2.1093,-10.3448,-19.4444,-19.4444,17.4455,29.1096
20251113,3149,正達,TWSE,38.25,38.25,36.9,37.1,1717738.0,,,data/daily_price/20251113.csv,37.79,37.835,39.0925,35.4521,38.3947,-1.5915,-5.7179,-8.1683,14.1538,2.4862,3538250.35,0.4855,40.9,46.8,46.8,35.1,32.1,29.2,-1.9426,-5.0969,4.6483,-3.372,-9.291,-20.7265,-20.7265,15.5763,27.0548
20251114,3149,正達,TWSE,36.7,37.1,36.0,36.45,1669175.0,,,data/daily_price/20251114.csv,37.36,37.6725,39.1492,35.4625,38.2326,-1.752,-5.5699,-8.1864,10.2874,3.5511,3227241.1,0.5172,39.9,46.8,46.8,35.1,32.9,29.2,-3.2451,-6.8946,2.7846,-4.6625,-8.6466,-22.1154,-22.1154,10.7903,24.8288
20251117,3149,正達,TWSE,36.7,36.95,34.6,34.7,2726249.0,,,data/daily_price/20251117.csv,36.59,37.5225,39.14,35.4546,37.9382,-4.8011,-9.987,-7.9576,-1.5603,-2.6648,2843277.3,0.9588,39.8,46.8,46.8,34.6,33.35,29.2,-7.5222,-11.3439,-2.1283,-8.5355,-12.8141,-25.8547,-25.8547,4.048,18.8356
20251118,3149,正達,TWSE,34.5,35.25,33.95,34.1,2260366.0,,,data/daily_price/20251118.csv,36.01,37.2925,39.1383,35.455,37.6184,-1.7291,-7.8378,-11.8863,-0.2924,0.1468,2761329.0,0.8186,39.8,46.8,46.8,33.95,33.35,29.2,-8.5607,-12.8731,-3.8217,-9.3528,-14.3216,-27.1368,-27.1368,2.2489,16.7808
20251119,3149,正達,TWSE,34.1,34.45,33.3,33.75,1450779.0,,,data/daily_price/20251119.csv,35.22,37.0625,39.1367,35.4525,37.296,-1.0264,-10.4775,-11.9948,-0.2954,-0.8811,2702148.55,0.5369,39.8,46.8,46.8,33.3,33.3,29.2,-8.9376,-13.7637,-4.8022,-9.5077,-15.201,-27.8846,-27.8846,1.3514,15.5822
20251120,3149,正達,TWSE,34.8,34.9,34.2,34.8,1029736.0,,,data/daily_price/20251120.csv,34.76,36.88,39.13,35.46,37.088,3.1111,-6.1995,-9.4928,-1.1364,2.6549,2560482.9,0.4022,39.8,46.8,46.8,33.3,33.3,29.2,-5.6399,-11.0657,-1.8613,-6.1691,-12.5628,-25.641,-25.641,4.5045,19.1781
20251121,3149,正達,TWSE,34.05,34.85,33.8,34.3,1345621.0,,,data/daily_price/20251121.csv,34.33,36.7125,39.1083,35.475,36.8557,-1.4368,-5.8985,-8.8977,-3.6517,5.5385,2475214.3,0.5436,39.8,46.8,46.8,33.3,33.3,29.2,-6.5713,-12.2949,-3.3122,-6.9343,-13.8191,-26.7094,-26.7094,3.003,17.4658
20251124,3149,正達,TWSE,34.6,34.7,33.5,33.65,1145300.0,,,data/daily_price/20251124.csv,34.12,36.4875,39.0617,35.4912,36.5885,-1.895,-3.0259,-11.7955,-7.6818,6.1514,2437229.3,0.4699,39.8,46.8,46.8,33.3,33.3,29.2,-7.7766,-13.8542,-5.1879,-8.0313,-15.4523,-28.0983,-28.0983,1.0511,15.2397
20251125,3149,正達,TWSE,33.9,34.55,33.9,34.3,857193.0,,,data/daily_price/20251125.csv,34.16,36.33,39.035,35.5062,36.3978,1.9316,0.5865,-8.4112,-4.4568,5.5385,2361434.2,0.363,39.8,46.8,46.8,33.3,33.3,29.2,-5.5877,-12.1301,-3.3973,-5.7636,-13.8191,-26.7094,-26.7094,3.003,17.4658
20251126,3149,正達,TWSE,34.65,35.2,34.6,35.0,1012048.0,,,data/daily_price/20251126.csv,34.41,36.185,38.9608,35.5296,36.2813,2.0408,3.7037,-7.6517,-11.2801,8.6957,2281977.95,0.4435,39.8,46.8,46.8,33.3,33.3,29.2,-3.2748,-10.1662,-1.4905,-3.5317,-12.0603,-25.2137,-25.2137,5.1051,19.863
20251127,3149,正達,TWSE,35.3,35.3,33.8,34.7,1052554.0,,,data/daily_price/20251127.csv,34.39,36.0775,38.8975,35.5471,36.1496,-0.8571,-0.2874,-5.8345,-9.8701,6.4417,2191590.45,0.4803,39.8,46.8,46.8,33.3,33.3,29.2,-3.8182,-10.7912,-2.383,-4.0099,-12.8141,-25.8547,-25.8547,4.2042,18.8356
20251128,3149,正達,TWSE,34.8,34.95,34.5,34.7,652267.0,,,data/daily_price/20251128.csv,34.47,35.9825,38.8192,35.5467,36.0288,0.0,1.1662,-5.1913,-11.9289,-0.1439,2148012.2,0.3037,39.8,46.8,46.8,33.3,33.3,29.2,-3.5642,-10.6112,-2.3818,-3.6881,-12.8141,-25.8547,-25.8547,4.2042,18.8356
20251201,3149,正達,TWSE,34.8,34.8,33.95,34.0,797737.0,,,data/daily_price/20251201.csv,34.54,35.8075,38.7383,35.5492,35.8597,-2.0173,1.0401,-9.3333,-12.4839,0.8902,2070150.65,0.3854,39.8,46.8,46.8,33.3,33.3,29.2,-5.0478,-12.2316,-4.3578,-5.186,-14.5729,-27.3504,-27.3504,2.1021,16.4384
20251202,3149,正達,TWSE,34.25,34.35,33.7,33.75,908595.0,,,data/daily_price/20251202.csv,34.43,35.6725,38.6425,35.5475,35.6839,-0.7353,-1.6035,-7.4074,-14.557,-0.5891,2028738.15,0.4479,39.8,46.8,46.8,33.3,33.3,29.2,-5.3893,-12.6609,-5.0566,-5.4195,-15.201,-27.8846,-27.8846,1.3514,15.5822
20251203,3149,正達,TWSE,34.1,34.35,33.85,34.0,680189.0,,,data/daily_price/20251203.csv,34.23,35.525,38.5517,35.5462,35.5436,0.7407,-2.8571,-7.9838,-13.815,-0.4392,1952509.45,0.3484,39.8,46.8,46.8,33.3,33.3,29.2,-4.2928,-11.8067,-4.35,-4.3427,-14.5729,-27.3504,-27.3504,2.1021,16.4384
20251204,3149,正達,TWSE,34.5,34.8,34.2,34.6,1072806.0,,,data/daily_price/20251204.csv,34.21,35.2875,38.4817,35.5588,35.4649,1.7647,-0.2882,-12.0712,-10.8247,4.5317,1752209.9,0.6123,39.6,46.8,46.8,33.3,33.3,29.2,-1.9483,-10.0871,-2.6962,-2.4388,-12.6263,-26.0684,-26.0684,3.9039,18.4932
20251205,3149,正達,TWSE,34.95,34.95,33.75,34.15,879422.0,,,data/daily_price/20251205.csv,34.1,35.065,38.3958,35.5733,35.3554,-1.3006,-1.585,-11.5285,-13.1043,5.4012,1604874.95,0.548,39.3,46.8,46.8,33.3,33.3,29.2,-2.6094,-11.0581,-4.0011,-3.4093,-13.1043,-27.0299,-27.0299,2.5526,16.9521
20251208,3149,正達,TWSE,34.05,34.15,33.65,33.85,1531940.0,,,data/daily_price/20251208.csv,34.07,34.83,38.305,35.5875,35.2299,-0.8785,-0.4412,-12.192,-13.8677,5.2877,1397422.45,1.0963,38.85,46.8,46.8,33.3,33.3,29.2,-2.8137,-11.6303,-4.8823,-3.9169,-12.87,-27.6709,-27.6709,1.6517,15.9247
20251209,3149,正達,TWSE,33.95,34.85,33.75,34.05,1461398.0,,,data/daily_price/20251209.csv,34.13,34.6825,38.2467,35.6038,35.1316,0.5908,0.8889,-7.973,-9.3209,6.0748,1323491.3,1.1042,38.6,46.8,46.8,33.3,33.3,29.2,-1.8237,-10.9726,-4.364,-3.0787,-11.7876,-27.2436,-27.2436,2.2523,16.6096
20251210,3149,正達,TWSE,34.5,34.65,33.4,33.4,1354825.0,,,data/daily_price/20251210.csv,34.01,34.4675,38.1775,35.6137,34.9873,-1.909,-1.7647,-11.4058,-11.0519,3.7267,1280296.9,1.0582,38.25,46.8,46.8,33.3,33.3,29.2,-3.0971,-12.5139,-6.216,-4.5368,-12.6797,-28.6325,-28.6325,0.3003,14.3836
20251211,3149,正達,TWSE,33.55,34.2,33.1,33.85,1382654.0,,,data/daily_price/20251211.csv,33.86,34.305,38.1142,35.6375,34.8925,1.3473,-2.1676,-8.7601,-10.093,9.1935,1263542.7,1.0943,37.1,46.8,46.8,33.1,33.1,29.2,-1.3263,-11.1879,-5.0158,-2.9878,-8.7601,-27.6709,-27.6709,2.2659,15.9247
20251212,3149,正達,TWSE,34.1,34.65,33.9,34.4,1066101.0,,,data/daily_price/20251212.csv,33.91,34.2025,38.0908,35.6575,34.8515,1.6248,0.7321,-5.6241,-3.9106,7.5,1233389.0,0.8644,36.95,46.8,46.8,33.1,33.1,29.2,0.5774,-9.6896,-3.5266,-1.2954,-6.9012,-26.4957,-26.4957,3.9275,17.8082
20251215,3149,正達,TWSE,34.35,34.35,33.55,33.55,923856.0,,,data/daily_price/20251215.csv,33.85,34.145,38.0017,35.6779,34.743,-2.4709,-0.8863,-3.3141,-13.7532,7.8778,1143269.35,0.8081,35.3,46.8,46.8,33.1,33.1,29.2,-1.7426,-11.7144,-5.9642,-3.4338,-4.9575,-28.312,-28.312,1.3595,14.8973
20251216,3149,正達,TWSE,33.55,33.75,33.0,33.6,949074.0,,,data/daily_price/20251216.csv,33.76,34.12,37.9133,35.6729,34.6478,0.149,-1.3216,-1.4663,-13.6247,-1.7544,1077704.75,0.8806,35.3,46.8,46.8,33.0,33.0,29.2,-1.524,-11.3768,-5.8109,-3.024,-4.8159,-28.2051,-28.2051,1.8182,15.0685
20251217,3149,正達,TWSE,33.95,34.85,33.85,34.15,1432624.0,,,data/daily_price/20251217.csv,33.91,34.14,37.7867,35.6825,34.6063,1.6369,2.2455,1.1852,-18.2036,3.4848,1076797.0,1.3304,35.3,46.8,46.8,33.0,33.0,29.2,0.0293,-9.6242,-4.2948,-1.3185,-3.2578,-27.0299,-27.0299,3.4848,16.9521
20251218,3149,正達,TWSE,34.5,34.5,33.4,33.4,812551.0,,,data/daily_price/20251218.csv,33.82,34.07,37.645,35.6867,34.5058,-2.1962,-1.3294,-4.023,-20.2864,1.5198,1065937.75,0.7623,35.3,46.8,46.8,33.0,33.0,29.2,-1.9665,-11.2764,-6.4076,-3.2046,-5.3824,-28.6325,-28.6325,1.2121,14.3836
20251219,3149,正達,TWSE,33.95,34.45,33.55,33.55,806966.0,,,data/daily_price/20251219.csv,33.65,34.0325,37.4625,35.6908,34.4261,0.4491,-2.4709,-2.1866,-24.6067,1.5129,1039005.0,0.7767,35.3,46.8,46.8,33.0,33.0,29.2,-1.4178,-10.4438,-5.9983,-2.5449,-4.9575,-28.312,-28.312,1.6667,14.8973
20251222,3149,正達,TWSE,34.05,34.2,33.9,34.05,683015.0,,,data/daily_price/20251222.csv,33.75,34.0525,37.2917,35.7112,34.3948,1.4903,1.4903,1.1887,-23.1377,7.7532,1015890.75,0.6723,35.3,46.55,46.8,33.0,33.0,29.2,-0.0073,-8.6927,-4.6519,-1.0024,-3.5411,-26.8528,-27.2436,3.1818,16.6096
20251223,3149,正達,TWSE,34.4,34.4,33.4,33.5,860348.0,,,data/daily_price/20251223.csv,33.73,34.0125,37.1383,35.7283,34.3202,-1.6153,-0.2976,-2.3324,-21.5457,6.5183,1016048.5,0.8468,35.3,46.55,46.8,33.0,33.0,29.2,-1.5068,-9.7967,-6.2369,-2.3899,-5.0992,-28.0344,-28.4188,1.5152,14.726
20251224,3149,正達,TWSE,33.85,34.15,33.5,33.7,692538.0,,,data/daily_price/20251224.csv,33.64,33.9475,36.9925,35.7475,34.2685,0.597,-1.3177,-3.7143,-20.6125,7.3248,1000073.0,0.6925,35.3,46.55,46.8,33.0,33.0,29.2,-0.7291,-8.9005,-5.7277,-1.659,-4.5326,-27.6047,-27.9915,2.1212,15.411
20251226,3149,正達,TWSE,33.75,33.95,32.5,32.55,1906123.0,,,data/daily_price/20251226.csv,33.47,33.84,36.8517,35.7558,34.1253,-3.4125,-2.5449,-6.196,-20.6098,3.1696,1042751.45,1.828,34.95,46.55,46.8,32.5,32.5,29.2,-3.8121,-11.6729,-8.9659,-4.6163,-6.867,-30.0752,-30.4487,0.1538,11.4726
20251229,3149,正達,TWSE,32.55,35.45,32.2,35.1,8746188.0,,,data/daily_price/20251229.csv,33.78,33.86,36.7442,35.7921,34.2065,7.8341,4.62,1.1527,-15.5235,14.1463,1447447.5,6.0425,35.45,46.55,46.8,32.2,32.2,29.2,3.6621,-4.4746,-1.9336,2.612,-0.9873,-24.5972,-25.0,9.0062,20.2055
20251230,3149,正達,TWSE,35.3,35.5,33.55,34.55,5588787.0,,,data/daily_price/20251230.csv,33.88,33.8875,36.5967,35.8262,34.2352,-1.567,1.4684,1.6176,-20.3917,13.4647,1687000.0,3.3129,35.5,46.55,46.8,32.2,32.2,29.2,1.955,-5.5925,-3.5623,0.9196,-2.6761,-25.7787,-26.1752,7.2981,18.3219
20251231,3149,正達,TWSE,35.0,35.8,34.35,35.2,4045097.0,,,data/daily_price/20251231.csv,34.22,33.96,36.4617,35.8662,34.3156,1.8813,5.0746,4.2963,-18.7067,15.7895,1843825.1,2.1939,35.8,46.55,46.8,32.2,32.2,29.2,3.6514,-3.4603,-1.8576,2.5774,-1.676,-24.3824,-24.7863,9.3168,20.5479
20260102,3149,正達,TWSE,36.45,38.7,36.2,38.7,9749207.0,,,data/daily_price/20260102.csv,35.22,34.195,36.3767,35.9362,34.6809,9.9432,14.8368,13.8235,-11.6438,27.7228,2297276.0,4.2438,38.7,46.55,46.8,32.2,32.2,29.2,13.1744,6.3869,7.6907,11.5887,0.0,-16.8636,-17.3077,20.1863,32.5342
20260105,3149,正達,TWSE,41.0,41.85,39.5,39.55,16505384.0,,,data/daily_price/20260105.csv,36.62,34.4425,36.2908,36.0133,35.0867,2.1964,21.5054,14.3064,-11.5213,30.5281,3068904.9,5.3783,41.85,46.55,46.8,32.2,32.2,29.2,14.8291,8.9807,9.8204,12.7208,-5.4958,-15.0376,-15.4915,22.8261,35.4452
20260106,3149,正達,TWSE,39.6,40.6,38.7,38.9,7244574.0,,,data/daily_price/20260106.csv,37.38,34.68,36.1692,36.085,35.4045,-1.6435,10.8262,13.9092,-15.8009,28.3828,3387162.5,2.1388,41.85,46.55,46.8,32.2,32.2,29.2,12.1684,7.5502,7.801,9.8732,-7.049,-16.4339,-16.8803,20.8075,33.2192
20260107,3149,正達,TWSE,39.1,40.6,38.95,39.6,4684055.0,,,data/daily_price/20260107.csv,38.39,34.9675,36.0767,36.1642,35.7541,1.7995,14.6165,16.9867,-12.2924,31.5615,3544768.25,1.3214,41.85,44.6,46.8,32.2,32.2,29.2,13.248,9.7662,9.5007,10.7566,-5.3763,-11.2108,-15.3846,22.9814,35.6164
20260108,3149,正達,TWSE,39.6,41.15,38.95,40.7,7432292.0,,,data/daily_price/20260108.csv,39.49,35.3,36.0458,36.2525,36.1663,2.7778,15.625,19.5301,-4.3478,35.2159,3843312.95,1.9338,41.85,44.6,46.8,32.2,32.2,29.2,15.2975,12.9118,12.2681,12.5359,-2.7479,-8.7444,-13.0342,26.3975,39.3836
20260109,3149,正達,TWSE,41.45,43.0,39.55,41.4,12558484.0,,,data/daily_price/20260109.csv,40.03,35.7,36.0558,36.3458,36.6024,1.7199,6.9767,23.9521,1.4706,37.0861,4403495.9,2.8519,43.0,43.0,46.8,32.2,32.2,29.2,15.9664,14.8219,13.9058,13.1073,-3.7209,-3.7209,-11.5385,28.5714,41.7808
20260112,3149,正達,TWSE,41.1,45.0,40.85,44.7,19406917.0,,,data/daily_price/20260112.csv,41.06,36.2425,36.1275,36.4658,37.2772,7.971,13.0215,32.0532,10.6436,47.5248,5304709.05,3.6584,45.0,45.0,46.8,32.2,32.2,29.2,23.3359,23.7285,22.5805,19.9125,-0.6667,-0.6667,-4.4872,38.8199,53.0822
20260113,3149,正達,TWSE,48.3,48.4,44.8,45.6,32147207.0,,,data/daily_price/20260113.csv,42.4,36.8025,36.2258,36.5954,37.9708,2.0134,17.2237,32.5581,14.8615,51.7471,6858764.35,4.687,48.4,48.4,48.4,32.2,32.2,29.2,23.9046,25.877,24.6058,20.0924,-5.7851,-5.7851,-5.7851,41.6149,56.1644
20260114,3149,正達,TWSE,45.2,45.3,43.2,43.8,15295706.0,,,data/daily_price/20260114.csv,43.24,37.315,36.3275,36.7104,38.4565,-3.9474,10.6061,30.5514,16.1804,46.0,7577356.85,2.0186,48.4,48.4,48.4,32.2,32.2,29.55,17.3791,20.5698,19.3122,13.8948,-9.5041,-9.5041,-9.5041,36.0248,48.2234
20260115,3149,正達,TWSE,44.2,46.15,44.0,45.1,15167760.0,,,data/daily_price/20260115.csv,44.12,37.89,36.4342,36.8304,39.0102,2.968,10.8108,34.2262,16.5375,46.9055,8288291.15,1.83,48.4,48.4,48.4,32.2,32.2,29.55,19.0288,23.7849,22.4531,15.6109,-6.8182,-6.8182,-6.8182,40.0621,52.6227
20260116,3149,正達,TWSE,47.0,49.6,44.2,44.4,51019103.0,,,data/daily_price/20260116.csv,44.72,38.4025,36.535,36.9442,39.4593,-1.5521,7.2464,30.0146,15.7757,44.3902,10767615.1,4.7382,49.6,49.6,49.6,32.2,32.2,29.55,15.6175,21.5273,20.1814,12.521,-10.4839,-10.4839,-10.4839,37.8882,50.2538
20260119,3149,正達,TWSE,45.0,48.55,44.65,47.95,29040105.0,,,data/daily_price/20260119.csv,45.37,39.13,36.6933,37.0842,40.1669,7.9955,7.2707,43.5629,24.7074,53.9326,12178992.8,2.3844,49.6,49.6,49.6,32.2,32.2,29.55,22.5403,30.6777,29.3005,19.377,-3.3266,-3.3266,-3.3266,48.913,62.2673
20260120,3149,正達,TWSE,47.95,52.5,47.0,51.8,30831489.0,,,data/daily_price/20260120.csv,46.61,40.0425,36.9292,37.2613,41.1363,8.0292,13.5965,54.3964,37.583,69.5581,13680218.95,2.2537,52.5,52.5,52.5,32.2,32.2,29.55,29.3626,40.2685,39.0184,25.9229,-1.3333,-1.3333,-1.3333,60.8696,75.2961
20260121,3149,正達,TWSE,52.0,56.3,51.0,55.3,34507992.0,,,data/daily_price/20260121.csv,48.91,41.105,37.215,37.4646,42.3166,6.7568,26.2557,62.4082,44.9541,78.9644,15371467.8,2.2449,56.3,56.3,56.3,32.2,32.2,29.55,34.5335,48.596,47.6061,30.6816,-1.7762,-1.7762,-1.7762,71.7391,87.1404
20260122,3149,正達,TWSE,58.0,60.5,56.8,59.4,35802627.0,,,data/daily_price/20260122.csv,51.77,42.4,37.5808,37.7083,43.7402,7.4141,31.7073,77.3134,58.6115,97.0149,17118581.75,2.0914,60.5,60.5,60.5,32.2,32.2,29.55,40.0943,58.0593,57.5249,35.8018,-1.8182,-1.8182,-1.8182,84.472,101.0152
20260123,3149,正達,TWSE,61.5,63.2,57.6,59.3,39876750.0,,,data/daily_price/20260123.csv,54.75,43.68,37.9375,37.9504,45.0369,-0.1684,33.5586,75.9644,56.4644,96.0331,19077792.35,2.0902,63.2,63.2,63.2,32.2,32.2,29.55,35.7601,56.3097,56.2565,31.6699,-6.1709,-6.1709,-6.1709,84.1615,100.6768
20260126,3149,正達,TWSE,59.3,59.6,56.5,57.4,17607261.0,,,data/daily_price/20260126.csv,56.64,44.9225,38.28,38.1767,46.0671,-3.204,19.708,76.3441,55.7666,89.7521,19862849.25,0.8864,63.2,63.2,63.2,32.2,32.2,29.55,27.7756,49.9478,50.3536,24.6008,-9.1772,-9.1772,-9.1772,78.2609,94.247
20260127,3149,正達,TWSE,57.4,57.8,54.5,54.8,17612039.0,,,data/daily_price/20260127.csv,57.24,45.9075,38.5833,38.3733,46.7949,-4.5296,5.7915,56.1254,49.7268,75.641,20306141.8,0.8673,63.2,63.2,63.2,33.55,32.2,30.65,19.3705,42.0302,42.8075,17.1069,-13.2911,-13.2911,-13.2911,70.1863,78.7928
20260128,3149,正達,TWSE,56.4,60.2,56.1,60.2,21806404.0,,,data/daily_price/20260128.csv,58.22,47.19,38.9617,38.6167,47.912,9.854,8.8608,74.2402,60.5333,94.1935,21117022.65,1.0326,63.2,63.2,63.2,34.35,32.2,30.65,27.5694,54.5108,55.8912,25.6471,-4.7468,-4.7468,-4.7468,86.9565,96.4111
20260129,3149,正達,TWSE,61.2,62.4,54.9,54.9,33870470.0,,,data/daily_price/20260129.csv,57.32,48.175,39.2692,38.8117,48.4943,-8.804,-7.5758,55.9659,50.6173,74.2857,22608291.3,1.4981,63.2,63.2,63.2,36.2,32.2,30.65,13.9595,39.8043,41.4523,13.2092,-13.1329,-13.1329,-13.1329,70.4969,79.1191
20260130,3149,正達,TWSE,54.6,55.2,52.0,52.4,14688737.0,,,data/daily_price/20260130.csv,55.94,48.86,39.5267,38.9917,48.8198,-4.5537,-11.6358,35.4005,41.8133,70.1299,22855267.8,0.6427,63.2,63.2,63.2,38.7,32.2,30.65,7.2452,32.5687,34.3877,7.3336,-17.0886,-17.0886,-17.0886,62.7329,70.9625
20260202,3149,正達,TWSE,51.6,54.1,50.6,51.9,8806642.0,,,data/daily_price/20260202.csv,54.84,49.4775,39.7358,39.1688,49.0765,-0.9542,-9.5819,31.2263,31.8933,69.3312,22470330.7,0.3919,63.2,63.2,63.2,38.7,32.2,30.7,4.8962,30.6126,32.5036,5.7533,-17.8797,-17.8797,-17.8797,61.1801,69.0554
20260203,3149,正達,TWSE,52.6,54.0,51.0,51.4,7746620.0,,,data/daily_price/20260203.csv,54.16,50.1025,39.9492,39.3325,49.2701,-0.9634,-6.2044,32.1337,33.1606,61.8898,22495433.0,0.3444,63.2,63.2,63.2,38.95,32.2,30.7,2.5897,28.6635,30.6807,4.3229,-18.6709,-18.6709,-18.6709,59.6273,67.4267
20260204,3149,正達,TWSE,51.3,53.7,51.2,52.3,5026241.0,,,data/daily_price/20260204.csv,52.58,50.7375,40.1783,39.5079,49.5226,1.751,-13.1229,32.0707,35.668,67.36,22512542.3,0.2233,63.2,63.2,63.2,38.95,32.2,31.2,3.0796,30.1697,32.3785,5.6084,-17.2468,-17.2468,-17.2468,62.4224,67.6282
20260205,3149,正達,TWSE,51.6,51.9,50.0,50.8,6429226.0,,,data/daily_price/20260205.csv,51.76,51.2425,40.4083,39.6696,49.629,-2.8681,-7.4681,24.8157,37.2973,61.7834,22462389.0,0.2862,63.2,63.2,63.2,39.55,32.2,31.45,-0.8635,25.7166,28.0578,2.3594,-19.6203,-19.6203,-19.6203,57.764,61.5262
20260206,3149,正達,TWSE,50.8,50.9,48.2,48.9,7551123.0,,,data/daily_price/20260206.csv,51.06,51.6175,40.595,39.8054,49.5683,-3.7402,-6.6794,18.1159,29.7082,50.0,22212020.95,0.34,63.2,63.2,63.2,40.85,32.2,32.1,-5.2647,20.4582,22.8476,-1.3482,-22.6266,-22.6266,-22.6266,51.8634,52.3364
20260209,3149,正達,TWSE,53.0,53.7,52.0,53.7,8987746.0,,,data/daily_price/20260209.csv,51.42,52.0675,40.8717,39.9821,49.9126,9.816,3.4682,20.1342,44.7439,65.2308,21691062.4,0.4144,63.2,63.2,63.2,43.2,32.2,32.1,3.1354,31.3869,34.3102,7.5881,-15.0316,-15.0316,-15.0316,66.7702,67.2897
20260210,3149,正達,TWSE,53.7,54.0,50.1,50.4,11391548.0,,,data/daily_price/20260210.csv,51.22,52.3075,41.1042,40.1267,49.9532,-6.1453,-1.9455,10.5263,38.2716,52.4962,20653279.45,0.5516,63.2,63.2,63.2,43.2,32.2,32.2,-3.6467,22.6153,25.6023,0.8944,-20.2532,-20.2532,-20.2532,56.5217,56.5217
20260211,3149,正達,TWSE,49.8,50.3,48.55,49.2,6639847.0,,,data/daily_price/20260211.csv,50.6,52.5775,41.3458,40.2429,49.8904,-2.381,-5.9273,12.3288,41.7867,39.5745,20220486.5,0.3284,63.2,63.2,63.2,44.0,32.2,32.2,-6.4239,18.9963,22.2575,-1.3839,-22.1519,-22.1519,-22.1519,52.795,52.795
20260223,3149,正達,TWSE,50.5,53.4,50.4,52.8,6022837.0,,,data/daily_price/20260223.csv,51.0,52.9625,41.6575,40.3979,50.1329,7.3171,3.937,17.0732,54.8387,54.386,19763240.35,0.3047,63.2,63.2,63.2,44.2,32.2,32.2,-0.3068,26.7479,30.6998,5.3201,-16.4557,-16.4557,-16.4557,63.9752,63.9752
20260224,3149,正達,TWSE,52.4,53.3,51.2,52.6,6582219.0,,,data/daily_price/20260224.csv,51.74,53.3725,41.9717,40.5542,50.3385,-0.3788,7.5665,18.4685,55.8519,55.3914,17541396.15,0.3752,63.2,63.2,63.2,44.65,32.2,32.2,-1.4474,25.3226,29.7031,4.4926,-16.7722,-16.7722,-16.7722,63.354,63.354
20260225,3149,正達,TWSE,53.8,56.5,52.7,53.2,13164922.0,,,data/daily_price/20260225.csv,51.64,53.635,42.2783,40.7042,50.577,1.1407,-0.9311,10.9489,52.8736,51.1364,16747637.0,0.7861,63.2,63.2,63.2,47.0,32.2,32.2,-0.811,25.8328,30.6992,5.1862,-15.8228,-15.8228,-15.8228,65.2174,65.2174
20260226,3149,正達,TWSE,53.2,54.0,52.2,52.6,5014914.0,,,data/daily_price/20260226.csv,52.08,53.675,42.5833,40.8458,50.7455,-1.1278,4.3651,1.5444,53.3528,47.7528,15456808.25,0.3244,63.2,63.2,63.2,48.2,32.2,32.2,-2.0028,23.5225,28.7769,3.6544,-16.7722,-16.7722,-16.7722,63.354,63.354
20260302,3149,正達,TWSE,50.0,53.8,49.55,52.7,4461268.0,,,data/daily_price/20260302.csv,52.78,53.545,42.9008,40.9812,50.9084,0.1901,7.1138,-4.7016,56.6122,44.5816,13954472.05,0.3197,63.2,63.2,63.2,48.2,32.2,32.2,-1.5781,22.8414,28.5954,3.5192,-16.6139,-16.6139,-16.6139,63.6646,63.6646
20260303,3149,正達,TWSE,53.8,56.0,53.6,55.6,14461922.0,,,data/daily_price/20260303.csv,53.34,53.355,43.2558,41.1454,51.2994,5.5028,5.303,-6.3973,62.0991,54.8747,12887436.8,1.1222,63.2,63.2,63.2,48.2,32.2,32.2,4.2077,28.5376,35.1305,8.3834,-12.0253,-12.0253,-12.0253,72.6708,72.6708
20260304,3149,正達,TWSE,54.6,54.8,50.1,50.1,10562459.0,,,data/daily_price/20260304.csv,52.84,52.895,43.5075,41.2342,51.1994,-9.8921,-4.7529,-15.5143,43.1429,26.9962,11421722.25,0.9248,62.4,63.2,63.2,48.2,32.2,32.2,-5.2841,15.1526,21.5012,-2.1473,-19.7115,-20.7278,-20.7278,55.5901,55.5901
20260305,3149,正達,TWSE,52.7,53.2,50.0,51.3,7397464.0,,,data/daily_price/20260305.csv,52.46,52.59,43.7842,41.3408,51.2078,2.3952,-3.5714,-10.6272,47.8386,33.2468,10911232.4,0.678,62.4,63.2,63.2,48.2,32.2,32.2,-2.4529,17.1656,24.0904,0.18,-17.7885,-18.8291,-18.8291,59.3168,59.3168
20260306,3149,正達,TWSE,50.8,51.9,49.8,51.8,3980407.0,,,data/daily_price/20260306.csv,52.3,52.44,44.0692,41.4442,51.2572,0.9747,-1.5209,-5.4745,49.2795,31.4721,10229650.8,0.3891,62.4,63.2,63.2,48.2,32.2,32.2,-1.2204,17.5425,24.9874,1.0591,-16.9872,-18.038,-18.038,60.8696,60.8696
20260309,3149,正達,TWSE,47.2,49.6,47.15,48.15,5517929.0,,,data/daily_price/20260309.csv,51.39,51.8375,44.305,41.5217,50.9982,-7.0463,-8.6338,-20.0166,41.6176,23.9382,9415227.05,0.5861,62.4,63.2,63.2,47.15,32.2,32.2,-7.1136,8.6785,15.9636,-5.585,-22.8365,-23.8133,-23.8133,49.5342,49.5342
20260310,3149,正達,TWSE,49.6,49.75,47.0,47.6,4813607.0,,,data/daily_price/20260310.csv,49.79,51.4725,44.5358,41.5892,50.715,-1.1423,-14.3885,-13.2969,41.037,20.5063,7962383.9,0.6045,56.5,63.2,63.2,47.0,32.2,32.2,-7.5234,6.8802,14.4529,-6.1422,-15.7522,-24.6835,-24.6835,47.8261,47.8261
20260311,3149,正達,TWSE,47.95,49.25,47.95,48.05,4652881.0,,,data/daily_price/20260311.csv,49.38,51.255,44.77,41.6608,50.493,0.9454,-4.0918,-8.3015,41.3235,21.7997,7460591.1,0.6237,56.5,63.2,63.2,47.0,32.2,32.2,-6.253,7.3263,15.3361,-4.8382,-14.9558,-23.9715,-23.9715,49.2236,49.2236
20260312,3149,正達,TWSE,48.05,48.7,45.85,46.4,6219271.0,,,data/daily_price/20260312.csv,48.4,50.98,44.9667,41.7242,50.1519,-3.4339,-9.5517,-10.5973,34.104,19.5876,7331222.55,0.8483,56.5,63.2,63.2,45.85,32.2,32.2,-8.9839,3.1875,11.2065,-7.481,-17.8761,-26.5823,-26.5823,44.0994,44.0994
20260313,3149,正達,TWSE,45.65,46.85,45.1,46.5,3813923.0,,,data/daily_price/20260313.csv,47.34,50.735,45.1725,41.7842,49.8476,0.2155,-10.2317,-9.5331,36.164,18.3206,7134587.7,0.5346,56.5,63.2,63.2,45.1,32.2,32.2,-8.3473,2.9387,11.2862,-6.7156,-17.6991,-26.4241,-26.4241,44.4099,44.4099
20260316,3149,正達,TWSE,46.75,47.8,45.4,47.0,7106882.0,,,data/daily_price/20260316.csv,47.11,50.47,45.3917,41.8483,49.6103,1.0753,-2.3884,-10.1338,38.8479,19.5929,7238619.75,0.9818,56.5,63.2,63.2,45.1,32.2,32.2,-6.8754,3.5432,12.3103,-5.2615,-16.8142,-25.6329,-25.6329,45.9627,45.9627
20260317,3149,正達,TWSE,47.5,48.15,46.25,46.4,4228107.0,,,data/daily_price/20260317.csv,46.87,50.25,45.5975,41.9221,49.3427,-1.2766,-2.521,-8.6614,36.2702,23.5686,7128563.8,0.5931,56.5,63.2,63.2,45.1,32.2,32.2,-7.6617,1.76,10.6815,-5.9639,-17.8761,-26.5823,-26.5823,44.0994,44.0994
20260318,3149,正達,TWSE,47.0,47.3,45.5,45.55,4472413.0,,,data/daily_price/20260318.csv,46.37,50.0825,45.8,41.9887,49.0267,-1.8319,-5.2029,-6.8507,36.3772,21.3049,6974628.3,0.6412,56.5,63.2,63.2,45.1,32.2,32.2,-9.0501,-0.5459,8.4814,-7.0914,-19.3805,-27.9272,-27.9272,41.4596,41.4596
20260319,3149,正達,TWSE,45.05,45.2,44.25,44.5,4045592.0,,,data/daily_price/20260319.csv,45.99,49.6225,45.9775,42.0458,48.6495,-2.3052,-4.0948,-17.1322,31.4623,18.1939,6727520.6,0.6013,56.5,63.2,63.2,44.25,32.2,32.2,-10.3229,-3.2135,5.8369,-8.5293,-21.2389,-29.5886,-29.5886,38.1988,38.1988
20260320,3149,正達,TWSE,45.4,47.2,45.0,45.75,5864244.0,,,data/daily_price/20260320.csv,45.84,49.39,46.1667,42.1287,48.4078,2.809,-1.6129,-9.2262,32.9942,27.7933,6451155.4,0.909,56.5,63.2,63.2,44.25,32.2,32.2,-7.3699,-0.9025,8.5957,-5.4905,-19.0265,-27.6108,-27.6108,42.0807,42.0807
20260323,3149,正達,TWSE,44.8,46.55,43.75,45.05,4233322.0,,,data/daily_price/20260323.csv,45.45,49.1825,46.3583,42.18,48.128,-1.5301,-4.1489,-8.435,34.2772,15.8098,6330829.15,0.6687,56.5,63.2,63.2,43.75,32.2,32.2,-8.4024,-2.8222,6.8042,-6.3955,-20.2655,-28.7184,-28.7184,39.9068,39.9068
20260324,3149,正達,TWSE,46.2,46.7,42.85,42.85,5097366.0,,,data/daily_price/20260324.csv,44.74,48.685,46.5125,42.2129,47.6882,-4.8835,-7.6509,-18.8447,27.5298,10.1542,6284555.6,0.8111,56.5,63.2,63.2,42.85,32.2,32.2,-11.9852,-7.8742,1.5092,-10.1454,-24.1593,-32.1994,-32.1994,33.0745,33.0745
20260325,3149,正達,TWSE,44.2,44.6,43.5,44.1,2899323.0,,,data/daily_price/20260325.csv,44.45,48.26,46.6783,42.2325,47.3892,2.9172,-3.1833,-16.1597,29.1362,5.6287,6100410.8,0.4753,56.5,63.2,63.2,42.85,32.2,32.2,-8.62,-5.5236,4.4219,-6.9407,-21.9469,-30.2215,-30.2215,36.9565,36.9565
20260326,3149,正達,TWSE,44.05,48.5,43.95,46.6,11550821.0,,,data/daily_price/20260326.csv,44.87,47.93,46.8983,42.2717,47.3234,5.6689,4.7191,-12.406,39.521,11.2172,6019705.75,1.9188,56.0,63.2,63.2,42.85,32.2,32.2,-2.7749,-0.6361,10.2393,-1.5286,-16.7857,-26.2658,-26.2658,44.7205,44.7205
20260327,3149,正達,TWSE,46.75,47.95,45.8,46.0,12747445.0,,,data/daily_price/20260327.csv,44.92,47.6,47.1058,42.2842,47.2131,-1.2876,0.5464,-12.5475,37.1088,3.3708,6406332.3,1.9898,56.0,63.2,63.2,42.85,32.2,32.2,-3.3613,-2.3476,8.7878,-2.5694,-17.8571,-27.2152,-27.2152,42.8571,42.8571
20260330,3149,正達,TWSE,44.6,45.5,42.75,45.3,4963101.0,,,data/daily_price/20260330.csv,44.97,47.23,47.2933,42.2925,47.0537,-1.5217,0.5549,-14.0417,33.0396,2.2573,6431423.95,0.7717,56.0,63.2,63.2,42.75,32.2,32.2,-4.0864,-4.2148,7.1112,-3.727,-19.1071,-28.3228,-28.3228,40.6832,40.6832
20260331,3149,正達,TWSE,45.3,47.45,43.5,43.55,9356417.0,,,data/daily_price/20260331.csv,45.11,46.6275,47.4608,42.2996,46.7617,-3.8631,1.6336,-21.6727,30.0,1.9906,6176148.7,1.5149,54.8,63.2,63.2,42.75,32.2,32.2,-6.6002,-8.2401,2.9561,-6.8683,-20.5292,-31.0918,-31.0918,35.2484,35.2484
20260401,3149,正達,TWSE,45.8,46.45,44.8,45.15,3489942.0,,,data/daily_price/20260401.csv,45.32,46.38,47.6517,42.3221,46.6274,3.6739,2.381,-9.8802,33.9763,6.3604,5822522.85,0.5994,53.2,63.2,63.2,42.75,32.2,32.2,-2.652,-5.2499,6.6819,-3.1685,-15.1316,-28.5601,-28.5601,40.2174,40.2174
20260402,3149,正達,TWSE,45.7,46.05,43.5,43.5,3286545.0,,,data/daily_price/20260402.csv,44.7,45.99,47.8342,42.3429,46.3668,-3.6545,-6.6524,-15.2047,33.6406,6.0976,5616976.9,0.5851,51.9,63.2,63.2,42.75,32.2,32.2,-5.4142,-9.0608,2.7326,-6.1828,-16.185,-31.1709,-31.1709,35.0932,35.0932
20260407,3149,正達,TWSE,44.0,44.15,41.45,41.45,4703423.0,,,data/daily_price/20260407.csv,43.79,45.4725,47.94,42.3421,45.9571,-4.7126,-9.8913,-19.9807,18.0912,-0.2407,5653127.7,0.832,49.75,63.2,63.2,41.45,33.55,32.2,-8.846,-13.5378,-2.1068,-9.8071,-16.6834,-34.4146,-34.4146,23.5469,28.7267
20260408,3149,正達,TWSE,42.3,43.5,42.25,43.45,3397297.0,,,data/daily_price/20260408.csv,43.42,45.2375,48.0883,42.3425,45.7481,4.8251,-4.0839,-9.7612,25.7598,0.1152,5547096.1,0.6124,49.75,63.2,63.2,41.45,34.35,32.2,-3.9514,-9.6454,2.6156,-5.0235,-12.6633,-31.25,-31.25,26.492,34.9379
20260409,3149,正達,TWSE,42.65,42.8,40.8,40.8,6158799.0,,,data/daily_price/20260409.csv,42.87,44.8975,48.1817,42.3217,45.3358,-6.099,-6.3146,-14.2857,15.9091,-5.7737,5614355.7,1.097,49.25,63.2,63.2,40.8,36.2,32.2,-9.1263,-15.3205,-3.5955,-10.0049,-17.1574,-35.443,-35.443,12.7072,26.7081
20260410,3149,正達,TWSE,40.8,41.6,39.7,41.4,5443582.0,,,data/daily_price/20260410.csv,42.12,44.565,48.2267,42.3017,45.0078,1.4706,-8.3056,-13.8398,6.9767,-5.4795,5653890.75,0.9628,48.7,63.2,63.2,39.7,38.7,32.2,-7.102,-14.1554,-2.1315,-8.016,-14.9897,-34.4937,-34.4937,6.9767,28.5714
20260413,3149,正達,TWSE,41.25,42.15,40.75,41.65,2365427.0,,,data/daily_price/20260413.csv,41.75,44.3275,48.2617,42.2763,44.728,0.6039,-4.2529,-10.2371,5.3097,-6.8233,5461198.55,0.4331,48.5,63.2,63.2,39.7,38.7,32.2,-6.0403,-13.6996,-1.4813,-6.8816,-14.1237,-34.0981,-34.0981,7.6227,29.3478
20260414,3149,正達,TWSE,41.8,44.2,41.1,43.0,5952183.0,,,data/daily_price/20260414.csv,42.06,44.1525,48.33,42.2496,44.584,3.2413,3.7394,-7.5269,10.5398,-6.9264,5568111.55,1.069,48.5,63.2,63.2,39.7,38.95,32.2,-2.6103,-11.0283,1.7762,-3.5528,-11.3402,-31.962,-31.962,10.3979,33.5404
20260415,3149,正達,TWSE,43.7,43.7,41.65,42.0,4444611.0,,,data/daily_price/20260415.csv,41.77,43.9025,48.37,42.2233,44.3687,-2.3256,-3.3372,-10.6383,6.0606,-6.9767,5434998.0,0.8178,48.5,63.2,63.2,39.7,38.95,32.2,-4.3335,-13.1693,-0.5289,-5.3386,-13.4021,-33.5443,-33.5443,7.8306,30.4348
20260416,3149,正達,TWSE,42.75,42.85,41.85,42.1,2064429.0,,,data/daily_price/20260416.csv,42.03,43.6875,48.3933,42.2196,44.1796,0.2381,3.1863,-9.2672,3.4398,-1.0576,5326814.1,0.3876,48.5,63.2,63.2,39.7,39.55,32.2,-3.6338,-13.0045,-0.2832,-4.7072,-13.1959,-33.3861,-33.3861,6.4475,30.7453
20260417,3149,正達,TWSE,41.9,42.95,41.85,42.3,2028998.0,,,data/daily_price/20260417.csv,42.21,43.525,48.4083,42.2321,44.023,0.4751,2.1739,-7.135,2.1739,3.6765,5204643.35,0.3898,48.5,63.2,63.2,39.7,39.7,32.2,-2.8145,-12.6184,0.1608,-3.9138,-12.7835,-33.0696,-33.0696,6.5491,31.3665
20260420,3149,正達,TWSE,45.55,46.5,45.55,46.5,6506651.0,,,data/daily_price/20260420.csv,43.18,43.625,48.4383,42.2829,44.2294,9.9291,11.6447,4.4944,4.0268,15.099,5327696.3,1.2213,48.5,63.2,63.2,39.7,39.7,32.2,6.5903,-4.0017,9.9735,5.1337,-4.1237,-26.4241,-26.4241,17.1285,44.4099
20260421,3149,正達,TWSE,47.8,47.9,44.7,46.3,13680510.0,,,data/daily_price/20260421.csv,43.84,43.6525,48.45,42.3379,44.4019,-0.4301,7.6744,1.2022,1.5351,16.6247,5718509.6,2.3923,48.5,63.2,63.2,39.7,39.7,32.2,6.0649,-4.4376,9.3582,4.2747,-4.5361,-26.7405,-26.7405,16.6247,43.7888
20260422,3149,正達,TWSE,46.7,46.7,45.0,45.0,4688724.0,,,data/daily_price/20260422.csv,44.44,43.65,48.47,42.3988,44.4518,-2.8078,7.1429,-0.111,2.7397,19.3634,5741279.7,0.8167,48.5,63.2,63.2,39.7,39.7,32.2,3.0928,-7.1591,6.1352,1.2333,-7.2165,-28.7975,-28.7975,13.3501,39.7516
20260423,3149,正達,TWSE,45.5,45.6,40.7,42.05,6893763.0,,,data/daily_price/20260423.csv,44.43,43.61,48.4192,42.4267,44.2516,-6.5556,-0.1188,-1.867,-6.7627,8.6563,5831099.55,1.1822,48.5,63.2,63.2,39.7,39.7,32.2,-3.5772,-13.1542,-0.8878,-4.9753,-13.299,-33.4652,-33.4652,5.9194,30.5901
20260424,3149,正達,TWSE,42.75,43.7,41.85,43.1,4532960.0,,,data/daily_price/20260424.csv,44.59,43.56,48.3975,42.4662,44.1557,2.497,1.8913,-2.2676,-2.9279,12.3859,5912781.4,0.7666,48.5,63.2,63.2,39.7,39.7,32.2,-1.056,-10.9458,1.4924,-2.3908,-11.134,-31.8038,-31.8038,8.5642,33.8509
20260427,3149,正達,TWSE,43.4,44.75,41.35,44.35,5497642.0,,,data/daily_price/20260427.csv,44.16,43.4475,48.3375,42.5154,44.1719,2.9002,-4.6237,-4.8283,-7.5078,15.3446,5610122.45,0.98,47.95,63.2,63.2,39.7,39.7,32.2,2.0772,-8.2493,4.3151,0.4033,-7.5078,-29.8259,-29.8259,11.7128,37.7329
20260428,3149,正達,TWSE,44.5,44.6,43.3,43.4,3139164.0,,,data/daily_price/20260428.csv,43.58,43.3175,48.1975,42.5633,44.1075,-2.1421,-6.2635,-5.6522,-16.2162,15.2722,5129708.4,0.612,47.9,63.2,63.2,39.7,39.7,32.2,0.1905,-9.9538,1.9657,-1.6041,-9.3946,-31.3291,-31.3291,9.3199,34.7826
20260429,3149,正達,TWSE,43.4,47.7,43.25,47.7,15060457.0,,,data/daily_price/20260429.csv,44.12,43.4375,48.0708,42.6429,44.4069,9.9078,6.0,5.298,-13.7432,25.0328,5634576.2,2.6729,47.9,63.2,63.2,39.7,39.7,32.2,9.8129,-0.7714,11.8591,7.4157,-0.4175,-24.5253,-24.5253,20.1511,48.1366
20260430,3149,正達,TWSE,49.0,49.5,46.8,47.3,18968149.0,,,data/daily_price/20260430.csv,45.17,43.625,47.8692,42.725,44.648,-0.8386,12.4851,8.6108,-20.3704,26.3017,6115162.8,3.1018,49.5,63.2,63.2,39.7,39.7,32.2,8.4241,-1.189,10.708,5.9398,-4.4444,-25.1582,-25.1582,19.1436,46.8944
20260504,3149,正達,TWSE,47.5,51.7,47.5,50.9,15559051.0,,,data/daily_price/20260504.csv,46.73,43.9125,47.7292,42.8333,45.169,7.611,18.0974,12.7353,-14.1653,34.3008,6718618.25,2.3158,51.7,62.4,63.2,39.7,39.7,32.2,15.9123,6.6434,18.8327,12.6879,-1.5474,-18.4295,-19.462,28.2116,58.0745
20260505,3149,正達,TWSE,51.3,51.9,48.6,48.6,15226853.0,,,data/daily_price/20260505.csv,47.58,44.1675,47.5825,42.9312,45.4549,-4.5187,9.5829,11.7241,-15.331,31.886,7315633.65,2.0814,51.9,62.4,63.2,39.7,39.7,32.2,10.0357,2.1384,13.2043,6.9191,-6.3584,-22.1154,-23.1013,22.4181,50.9317
20260506,3149,正達,TWSE,49.7,51.8,48.55,49.5,17394430.0,,,data/daily_price/20260506.csv,48.8,44.57,47.4942,43.0388,45.792,1.8519,14.0553,19.421,-9.6715,35.2459,7950184.0,2.1879,51.9,62.4,63.2,39.7,39.7,32.2,11.0613,4.2233,15.0126,8.0975,-4.6243,-20.6731,-21.6772,24.6851,53.7267
20260507,3149,正達,TWSE,50.7,53.7,50.0,50.9,18345789.0,,,data/daily_price/20260507.csv,49.44,44.9425,47.3392,43.1504,46.2177,2.8283,6.7086,17.1461,-15.4485,35.7333,8697608.6,2.1093,53.7,62.4,63.2,39.7,39.7,32.2,13.2558,7.522,17.9595,10.131,-5.2142,-18.4295,-19.462,28.2116,58.0745
20260508,3149,正達,TWSE,50.9,51.4,48.25,48.25,9062420.0,,,data/daily_price/20260508.csv,49.63,45.315,47.2283,43.2488,46.387,-5.2063,2.0085,18.2598,-12.1129,32.3731,8842789.65,1.0248,53.7,56.5,63.2,39.7,39.7,32.2,6.4769,2.1632,11.5639,4.0161,-10.149,-14.6018,-23.6551,21.5365,49.8447
20260511,3149,正達,TWSE,48.5,51.6,48.45,50.5,8196562.0,,,data/daily_price/20260511.csv,49.55,45.77,47.1967,43.3617,46.7298,4.6632,-0.7859,21.9807,-3.626,36.6712,8980438.65,0.9127,53.7,56.5,63.2,40.7,39.7,32.2,10.3343,6.9991,16.4623,8.0681,-5.959,-10.6195,-20.0949,27.204,56.8323
20260512,3149,正達,TWSE,51.0,53.4,49.9,51.4,15371091.0,,,data/daily_price/20260512.csv,50.11,46.2575,47.1883,43.4621,47.119,1.7822,5.7613,23.4094,-0.9634,30.6226,9630721.85,1.596,53.7,56.5,63.2,40.7,39.7,32.2,11.1171,8.9252,18.264,9.0856,-4.2831,-9.0265,-18.6709,29.471,59.6273
20260513,3149,正達,TWSE,52.3,56.5,51.8,55.7,45448408.0,,,data/daily_price/20260513.csv,51.35,46.8925,47.26,43.6046,47.8341,8.3658,12.5253,29.5349,8.3658,44.3005,11605533.1,3.9161,56.5,56.5,63.2,40.7,39.7,32.2,18.7823,17.8587,27.7389,16.4442,-1.4159,-1.4159,-11.8671,40.3023,72.9814
20260514,3149,正達,TWSE,55.7,56.0,53.0,53.9,18912554.0,,,data/daily_price/20260514.csv,51.95,47.4875,47.2867,43.7325,48.3395,-3.2316,5.8939,28.3333,3.0593,39.8184,12328930.25,1.534,56.5,56.5,63.2,40.7,39.7,32.2,13.5036,13.9856,23.2493,11.5029,-4.6018,-4.6018,-14.7152,35.7683,67.3913
20260515,3149,正達,TWSE,54.5,58.0,54.2,57.4,28811155.0,,,data/daily_price/20260515.csv,53.78,48.2525,47.3967,43.9025,49.0946,6.4935,18.9637,36.342,12.9921,55.1351,13666266.55,2.1082,58.0,58.0,63.2,40.7,39.7,32.2,18.9576,21.1056,30.7443,16.9172,-1.0345,-1.0345,-9.1772,44.5844,78.2609
20260518,3149,正達,TWSE,57.0,60.9,55.3,59.0,52943935.0,,,data/daily_price/20260518.csv,55.48,49.0875,47.565,44.08,49.92,2.7875,16.8317,39.4799,20.6544,56.4987,16212013.4,3.2657,60.9,60.9,63.2,40.7,39.7,32.2,20.1935,24.0408,33.8475,18.189,-3.1199,-3.1199,-6.6456,48.6146,83.2298
20260519,3149,正達,TWSE,58.5,60.5,57.0,57.8,33859042.0,,,data/daily_price/20260519.csv,56.76,49.6525,47.6333,44.2525,50.5767,-2.0339,12.4514,24.3011,7.635,55.7951,17579632.95,1.926,60.9,60.9,63.2,40.7,39.7,32.2,16.409,21.3436,30.6141,14.2819,-5.0903,-5.0903,-8.5443,45.5919,79.5031
20260520,3149,正達,TWSE,58.0,58.8,55.5,56.0,18854929.0,,,data/daily_price/20260520.csv,56.82,50.1375,47.7267,44.4154,51.0286,-3.1142,0.5386,20.9503,11.1111,53.6351,17838353.9,1.057,60.9,60.9,63.2,40.7,39.7,32.2,11.6928,17.3348,26.0823,9.7423,-8.046,-8.046,-11.3924,41.0579,73.913
20260521,3149,正達,TWSE,56.8,57.7,56.1,56.6,12449610.0,,,data/daily_price/20260521.csv,57.36,50.7175,47.85,44.5979,51.4929,1.0714,5.0093,25.7778,15.0407,63.1124,18226398.2,0.6831,60.9,60.9,63.2,40.7,39.7,32.2,11.5986,18.2863,26.9118,9.918,-7.0608,-7.0608,-10.443,42.5693,75.7764
20260522,3149,正達,TWSE,58.0,61.1,57.9,59.1,34321698.0,2056620704.0,TWSE_RWD_JSON_MI_INDEX,data/daily_price/daily_price_20260522.csv,57.7,51.57,47.955,44.8062,52.1268,4.417,2.9617,40.547,11.9318,73.3138,19597794.95,1.7513,61.1,61.1,63.2,41.35,39.7,32.2,14.6015,23.2405,31.9012,13.3773,-3.2733,-3.2733,-6.4873,48.8665,83.5404
20260525,3149,正達,TWSE,60.1,65.0,59.0,65.0,41465191.0,2596081102.0,TWSE_RWD_JSON_MI_INDEX,data/daily_price/daily_price_20260525.csv,58.9,52.665,48.1617,45.0667,53.1996,9.9831,10.1695,50.8121,23.5741,92.5926,21444406.5,1.9336,65.0,65.0,65.0,41.35,39.7,32.2,23.4216,34.9621,44.2308,22.1814,0.0,0.0,0.0,63.728,101.8634
20260526,3149,正達,TWSE,65.0,68.0,61.8,68.0,40572084.0,2648759980.0,TWSE_RWD_JSON_MI_INDEX,data/daily_price/daily_price_20260526.csv,60.94,53.8475,48.4083,45.3433,54.433,4.6154,17.6471,53.3258,27.8195,95.4023,23198128.6,1.7489,68.0,68.0,68.0,43.25,39.7,32.2,26.2826,40.4717,49.9669,24.9243,0.0,0.0,0.0,71.2846,111.1801
20260527,3149,正達,TWSE,68.4,69.0,65.0,65.4,24000154.0,1590487627.0,TWSE_RWD_JSON_MI_INDEX,data/daily_price/daily_price_20260527.csv,62.82,54.9475,48.6217,45.6025,55.3469,-3.8235,16.7857,50.6912,24.3346,90.6706,24241178.1,0.9901,69.0,69.0,69.0,43.25,39.7,32.2,19.0227,34.5079,43.4132,18.1638,-5.2174,-5.2174,-5.2174,64.7355,103.1056
20260528,3149,正達,TWSE,65.9,71.8,65.7,67.1,34145285.0,2357314741.0,TWSE_RWD_JSON_MI_INDEX,data/daily_price/daily_price_20260528.csv,64.92,55.9175,48.8617,45.8812,56.3263,2.5994,18.5512,40.6709,27.3245,99.4056,25195419.5,1.3552,71.8,71.8,71.8,46.8,39.7,32.2,19.9982,37.3265,46.2471,19.1273,-6.546,-6.546,-6.546,69.0176,108.3851
20260529,3149,正達,TWSE,69.5,72.2,66.3,71.2,29633211.0,2049126961.0,TWSE_RWD_JSON_MI_INDEX,data/daily_price/daily_price_20260529.csv,67.34,57.1125,49.1217,46.1888,57.5658,6.1103,20.4738,50.5285,28.0576,107.5802,25728672.6,1.1518,72.2,72.2,72.2,47.5,39.7,32.2,24.6662,44.9462,54.1501,23.6846,-1.385,-1.385,-1.385,79.3451,121.118
20260601,3149,正達,TWSE,76.0,78.3,75.8,78.3,7001430.0,545408344.0,TWSE_RWD_JSON_MI_INDEX,data/daily_price/daily_price_20260601.csv,70.0,58.4825,49.5917,46.5496,59.2936,9.9719,20.4615,53.831,56.2874,123.7143,25300791.55,0.2767,78.3,78.3,78.3,48.25,39.7,32.2,33.8862,57.8894,68.2077,32.0546,0.0,0.0,0.0,97.2292,143.1677
20260602,3149,正達,TWSE,86.1,86.1,83.5,86.1,37607811.0,3228009132.0,TWSE_RWD_JSON_MI_INDEX,data/daily_price/daily_price_20260602.csv,73.62,60.3575,50.1717,46.9779,61.5275,9.9617,26.6176,77.1605,67.8363,148.1268,26419839.45,1.4235,86.1,86.1,86.1,48.25,39.7,32.2,42.65,71.6108,83.2776,39.9374,0.0,0.0,0.0,116.8766,167.3913
20260603,3149,正達,TWSE,89.7,93.4,88.8,90.8,50508558.0,4593380167.0,TWSE_RWD_JSON_MI_INDEX,data/daily_price/daily_price_20260603.csv,78.7,62.4225,50.8217,47.4454,63.9669,5.4588,38.8379,83.4343,75.2896,161.6715,28075545.85,1.799,93.4,93.4,93.4,48.25,39.7,32.2,45.4604,78.664,91.3778,41.9485,-2.7837,-2.7837,-2.7837,128.7154,181.9876
20260604,3149,正達,TWSE,90.0,96.5,89.6,91.0,42746329.0,3984195281.0,TWSE_RWD_JSON_MI_INDEX,data/daily_price/daily_price_20260604.csv,83.48,64.4275,51.5358,47.9204,66.2196,0.2203,35.6185,78.7819,88.9927,167.6471,29295572.85,1.4591,96.5,96.5,96.5,48.25,39.7,32.2,41.244,76.5762,89.8982,37.4215,-5.6995,-5.6995,-5.6995,129.2191,182.6087
20260605,3149,正達,TWSE,90.0,92.4,85.0,90.8,34190527.0,3054051357.0,TWSE_RWD_JSON_MI_INDEX,data/daily_price/daily_price_20260605.csv,87.4,66.555,52.2558,48.3958,68.268,-0.2198,27.5281,88.1865,90.7563,169.037,30551978.2,1.1191,96.5,96.5,96.5,48.45,39.7,32.2,36.4285,73.7605,87.6195,33.0052,-5.9067,-5.9067,-5.9067,128.7154,181.9876
20260608,3149,正達,TWSE,81.8,90.5,81.8,86.8,9170766.0,768606596.0,TWSE_RWD_JSON_MI_INDEX,data/daily_price/daily_price_20260608.csv,89.1,68.37,52.9017,48.8358,69.8123,-4.4053,10.8557,71.8812,80.6452,155.2941,30600688.4,0.2997,96.5,96.5,96.5,49.9,39.7,32.2,26.9563,64.078,77.7383,24.3333,-10.0518,-10.0518,-10.0518,118.6398,169.5652
20260609,3149,正達,TWSE,88.2,89.0,86.8,87.2,4925418.0,432427081.0,TWSE_RWD_JSON_MI_INDEX,data/daily_price/daily_price_20260609.csv,89.32,70.16,53.5817,49.2742,71.2613,0.4608,1.2776,69.6498,87.931,152.0231,30078404.75,0.1638,96.5,96.5,96.5,51.8,39.7,32.2,24.2873,62.7422,76.969,22.3665,-9.6373,-9.6373,-9.6373,119.6474,170.8075
20260610,3149,正達,TWSE,87.9,91.0,80.0,82.2,8001354.0,691907352.0,TWSE_RWD_JSON_MI_INDEX,data/daily_price/daily_price_20260610.csv,87.6,71.485,54.1767,49.6746,72.1729,-5.7339,-9.4714,47.5763,76.7742,140.7028,28206052.05,0.2837,96.5,96.5,96.5,53.0,39.7,32.2,14.9892,51.7258,65.477,13.8932,-14.8187,-14.8187,-14.8187,107.0529,155.2795
20260611,3149,正達,TWSE,82.2,83.3,76.0,80.5,6150219.0,485559728.0,TWSE_RWD_JSON_MI_INDEX,data/daily_price/daily_price_20260611.csv,85.5,72.815,54.735,50.0633,72.8668,-2.0681,-11.5385,49.3506,71.2766,137.8139,27567935.3,0.2231,96.5,96.5,96.5,54.2,39.7,32.2,10.5541,47.0723,60.7963,10.4756,-16.5803,-16.5803,-16.5803,102.7708,150.0
20260612,3149,正達,TWSE,84.9,84.9,82.5,83.0,2761510.0,230016063.0,TWSE_RWD_JSON_MI_INDEX,data/daily_price/daily_price_20260612.csv,83.94,74.095,55.345,50.4712,73.7112,3.1056,-8.5903,44.5993,78.8793,143.7592,26265453.05,0.1051,96.5,96.5,96.5,55.3,39.7,32.2,12.0184,49.9684,64.4501,12.6016,-13.9896,-13.9896,-13.9896,109.068,157.764
20260615,3149,正達,TWSE,85.0,89.0,84.1,87.4,4185307.0,364480571.0,TWSE_RWD_JSON_MI_INDEX,data/daily_price/daily_price_20260615.csv,84.06,75.515,56.0425,50.9212,74.852,5.3012,0.6912,48.1356,91.8771,161.6766,23827521.65,0.1757,96.5,96.5,96.5,55.5,39.7,32.2,15.7386,55.9531,71.6376,16.7638,-9.4301,-9.4301,-9.4301,120.1511,171.4286
20260616,3149,正達,TWSE,90.0,90.0,87.7,88.0,3425402.0,304800222.0,TWSE_RWD_JSON_MI_INDEX,data/daily_price/daily_price_20260616.csv,84.22,77.025,56.7675,51.3725,75.9476,0.6865,0.9174,52.2491,97.7528,159.9705,22305839.65,0.1536,96.5,96.5,96.5,55.5,39.7,32.2,14.2486,55.0183,71.2979,15.8693,-8.8083,-8.8083,-8.8083,121.6625,173.2919
20260617,3149,正達,TWSE,88.0,94.6,87.9,93.7,7648489.0,704689296.0,TWSE_RWD_JSON_MI_INDEX,data/daily_price/daily_price_20260617.csv,86.52,78.91,57.5667,51.8667,77.427,6.4773,13.9903,67.3214,104.8087,172.3837,21745517.65,0.3517,96.5,96.5,96.5,56.1,39.7,32.2,18.7429,62.7678,80.6555,21.0172,-2.9016,-2.9016,-2.9016,136.0202,190.9938
20260618,3149,正達,TWSE,96.3,96.3,93.7,95.0,5487747.0,521399763.0,TWSE_RWD_JSON_MI_INDEX,data/daily_price/daily_price_20260618.csv,89.42,80.83,58.3992,52.3787,78.8914,1.3874,18.0124,67.8445,110.8768,183.1595,21397424.5,0.2565,96.5,96.5,96.5,57.9,39.7,32.2,17.5306,62.6736,81.3713,20.4187,-1.5544,-1.5544,-1.5544,139.2947,195.0311
20260622,3149,正達,TWSE,99.0,104.5,99.0,104.5,7386968.0,759113146.0,TWSE_RWD_JSON_MI_INDEX,data/daily_price/daily_price_20260622.csv,93.72,83.1,59.4267,52.9696,81.0255,10.0,25.9036,76.819,143.874,211.0119,20050688.0,0.3684,104.5,104.5,104.5,59.0,39.7,32.2,25.7521,75.847,97.283,28.9718,0.0,0.0,0.0,163.2242,224.5342
20260623,3149,正達,TWSE,103.0,106.5,94.1,94.1,29907719.0,2926822798.0,TWSE_RWD_JSON_MI_INDEX,data/daily_price/daily_price_20260623.csv,95.06,84.555,60.26,53.4692,82.115,-9.9522,7.6659,44.7692,113.3787,175.549,19472814.4,1.5359,106.5,106.5,106.5,61.8,39.7,32.2,11.2885,56.1567,75.9893,14.5954,-11.6432,-11.6432,-11.6432,137.0277,192.236
20260624,3149,正達,TWSE,91.9,103.5,91.3,102.0,35986755.0,3604537155.0,TWSE_RWD_JSON_MI_INDEX,data/daily_price/daily_price_20260624.csv,97.86,86.255,61.1833,54.0408,83.7721,8.3953,15.9091,50.0,118.8841,205.3892,19243547.95,1.8701,106.5,106.5,106.5,65.0,39.7,32.2,18.254,66.7121,88.7462,21.7589,-4.2254,-4.2254,-4.2254,156.927,216.7702
20260625,3149,正達,TWSE,106.0,106.0,97.5,100.0,19115583.0,1905904191.0,TWSE_RWD_JSON_MI_INDEX,data/daily_price/daily_price_20260625.csv,99.12,87.985,62.0833,54.5946,85.1244,-1.9608,6.7236,52.9052,117.3913,198.0626,18999319.4,1.0061,106.5,106.5,106.5,65.7,39.7,32.2,13.6557,61.0738,83.1684,17.4751,-6.1033,-6.1033,-6.1033,151.8892,210.559
20260626,3149,正達,TWSE,100.0,109.0,97.5,97.8,29433525.0,2995680752.0,TWSE_RWD_JSON_MI_INDEX,data/daily_price/daily_price_20260626.csv,99.68,89.52,62.9583,55.1258,86.1807,-2.2,2.9474,45.7526,115.894,187.2247,18763731.4,1.5686,109.0,109.0,109.0,66.3,39.7,32.2,9.2493,55.3408,77.4123,13.4825,-10.2752,-10.2752,-10.2752,146.3476,203.7267
20260629,3149,正達,TWSE,98.0,101.0,92.7,92.7,19314301.0,1857671225.0,TWSE_RWD_JSON_MI_INDEX,data/daily_price/daily_price_20260629.csv,97.32,90.595,63.7775,55.6192,86.724,-5.2147,-11.2919,30.1966,112.8588,176.7164,18247785.9,1.0584,109.0,109.0,109.0,75.8,39.7,32.2,2.3235,45.3491,66.6692,6.8908,-14.9541,-14.9541,-14.9541,133.5013,187.8882
20260630,3149,正達,TWSE,96.0,101.5,95.1,101.5,26009336.0,2574405976.0,TWSE_RWD_JSON_MI_INDEX,data/daily_price/daily_price_20260630.csv,98.8,91.755,64.7167,56.1842,87.9553,9.493,7.864,29.6296,124.8062,201.1869,19198181.2,1.3548,109.0,109.0,109.0,76.0,39.7,32.2,10.6207,56.8375,80.6559,15.3995,-6.8807,-6.8807,-6.8807,155.6675,215.2174
20260701,3149,正達,TWSE,103.5,105.0,93.5,94.0,30766534.0,3053269398.0,TWSE_RWD_JSON_MI_INDEX,data/daily_price/daily_price_20260701.csv,97.2,92.15,65.5583,56.6962,88.459,-7.3892,-7.8431,9.1754,116.092,188.7865,18856117.35,1.6316,109.0,109.0,109.0,76.0,39.7,32.2,2.0076,43.3838,65.7958,6.2639,-13.7615,-13.7615,-13.7615,136.7758,191.9255
20260702,3149,正達,TWSE,90.0,95.3,89.3,90.5,16364988.0,1507719477.0,TWSE_RWD_JSON_MI_INDEX,data/daily_price/daily_price_20260702.csv,95.3,92.135,66.3758,57.1579,88.6291,-3.7234,-9.5,-0.3304,118.3353,157.8348,17148938.85,0.9543,109.0,109.0,109.0,76.0,39.7,33.55,-1.7746,36.3448,58.3333,2.1109,-16.9725,-16.9725,-16.9725,127.9597,169.7466
20260703,3149,正達,TWSE,90.0,91.2,86.1,87.2,17207301.0,1505918587.0,TWSE_RWD_JSON_MI_INDEX,data/daily_price/daily_price_20260703.csv,93.18,91.945,67.105,57.5967,88.51,-3.6464,-10.8384,-4.1758,100.6904,152.3878,15871987.45,1.0841,109.0,109.0,109.0,76.0,39.7,34.35,-5.1607,29.9456,51.3977,-1.4801,-20.0,-20.0,-20.0,119.6474,153.8574
20260706,3149,正達,TWSE,88.7,91.5,87.8,87.9,9560577.0,853725417.0,TWSE_RWD_JSON_MI_INDEX,data/daily_price/daily_price_20260706.csv,92.22,91.8,67.89,58.0358,88.4592,0.8028,-5.178,-3.1938,115.4412,149.7159,14640489.95,0.653,109.0,109.0,109.0,76.0,39.7,36.2,-4.2484,29.4741,51.4582,-0.6321,-19.3578,-19.3578,-19.3578,121.4106,142.8177
20260707,3149,正達,TWSE,88.9,90.3,84.3,86.2,10761415.0,943818532.0,TWSE_RWD_JSON_MI_INDEX,data/daily_price/daily_price_20260707.csv,89.16,91.77,68.6367,58.4317,88.2709,-1.934,-15.0739,-0.6912,108.2126,122.739,14720022.4,0.7311,109.0,109.0,109.0,76.0,40.7,38.7,-6.0695,25.5888,47.5227,-2.3461,-20.9174,-20.9174,-20.9174,111.7936,122.739
20260708,3149,正達,TWSE,86.5,87.7,83.8,85.5,7512410.0,643055337.0,TWSE_RWD_JSON_MI_INDEX,data/daily_price/daily_price_20260708.csv,87.46,91.685,69.3675,58.8146,88.04,-0.8121,-9.0426,-1.9495,105.2821,116.182,14849372.0,0.5059,109.0,109.0,109.0,76.0,40.7,38.7,-6.7459,23.2566,45.3721,-2.8851,-21.5596,-21.5596,-21.5596,110.0737,120.9302
20260709,3149,正達,TWSE,87.0,92.7,86.0,89.5,14243359.0,1272811993.0,TWSE_RWD_JSON_MI_INDEX,data/daily_price/daily_price_20260709.csv,87.26,92.05,70.1425,59.2362,88.1617,4.6784,-1.105,8.8808,108.1395,130.0771,15161472.25,0.9394,109.0,109.0,109.0,76.0,40.7,38.95,-2.7702,27.5974,51.0899,1.518,-17.8899,-17.8899,-17.8899,119.9017,129.7818
20260713,3149,正達,TWSE,91.0,95.5,90.4,92.3,15950647.0,1484055340.0,TWSE_RWD_JSON_MI_INDEX,data/daily_price/daily_price_20260713.csv,88.28,92.64,70.9808,59.6754,88.5065,3.1285,5.8486,14.6584,119.7619,133.0808,15651493.65,1.0191,109.0,109.0,109.0,82.5,40.7,38.95,-0.367,30.0351,54.6701,4.2861,-15.3211,-15.3211,-15.3211,126.7813,136.9705
20260714,3149,正達,TWSE,93.0,93.3,84.6,87.3,8530608.0,754967672.0,TWSE_RWD_JSON_MI_INDEX,data/daily_price/daily_price_20260714.csv,88.16,92.855,71.7342,60.0638,88.406,-5.4171,-0.6826,5.1807,107.3634,114.4963,15939948.55,0.5352,109.0,109.0,109.0,83.8,40.7,39.55,-5.9824,21.6993,45.3456,-1.251,-19.9083,-19.9083,-19.9083,114.4963,120.7332
20260715,3149,正達,TWSE,89.2,91.0,87.4,90.2,5774000.0,517354224.0,TWSE_RWD_JSON_MI_INDEX,data/daily_price/daily_price_20260715.csv,88.96,92.995,72.5325,60.4704,88.5555,3.3219,4.6404,3.2037,113.2388,117.8744,16019383.2,0.3604,109.0,109.0,109.0,83.8,40.7,39.7,-3.0055,24.358,49.1638,1.857,-17.2477,-17.2477,-17.2477,121.6216,127.204
20260716,3149,正達,TWSE,88.9,97.8,88.9,93.5,15539391.0,1458200900.0,TWSE_RWD_JSON_MI_INDEX,data/daily_price/daily_price_20260716.csv,90.56,93.27,73.3158,60.8771,88.9675,3.6585,9.3567,6.25,101.0753,109.1723,16625082.65,0.9347,109.0,109.0,109.0,83.8,40.7,39.7,0.2466,27.5304,53.5882,5.0945,-14.2202,-14.2202,-14.2202,129.7297,135.5164
20260717,3149,正達,TWSE,81.8,89.8,79.3,79.6,15884113.0,1333236473.0,TWSE_RWD_JSON_MI_INDEX,data/daily_price/daily_price_20260717.csv,88.58,92.565,73.8708,61.1604,88.1869,-14.8663,-11.0615,-15.048,71.9222,74.5614,17036863.85,0.9323,109.0,109.0,109.0,79.3,40.7,39.7,-14.0064,7.7557,30.1495,-9.7372,-26.9725,-26.9725,-26.9725,95.5774,100.5038
20260720,3149,正達,TWSE,80.7,81.7,73.8,76.2,8376122.0,653184788.0,TWSE_RWD_JSON_MI_INDEX,data/daily_price/daily_price_20260720.csv,85.36,91.625,74.3908,61.4304,87.188,-4.2714,-17.4431,-19.7895,69.3333,73.9726,17181282.6,0.4875,109.0,109.0,109.0,73.8,40.7,39.7,-16.8349,2.432,24.0428,-12.6027,-30.0917,-30.0917,-30.0917,87.2236,91.9395
20260721,3149,正達,TWSE,77.8,79.3,76.3,76.3,5766492.0,446110548.0,TWSE_RWD_JSON_MI_INDEX,data/daily_price/daily_price_20260721.csv,83.16,90.215,74.9617,61.6904,86.2807,0.1312,-12.6002,-26.9856,81.4507,69.1796,17100258.8,0.3372,109.0,109.0,109.0,73.8,41.35,39.7,-15.4243,1.7854,23.6821,-11.5677,-30.0,-30.0,-30.0,84.5224,92.1914
20260722,3149,正達,TWSE,77.7,79.2,72.7,72.8,9617508.0,729349692.0,TWSE_RWD_JSON_MI_INDEX,data/daily_price/daily_price_20260722.csv,79.68,89.15,75.4567,61.9271,85.1573,-4.5872,-19.2905,-22.6355,68.9095,63.964,16085748.25,0.5979,109.0,109.0,109.0,72.7,41.35,39.7,-18.3399,-3.5208,17.5576,-14.5111,-33.211,-33.211,-33.211,76.058,83.3753
20260723,3149,正達,TWSE,72.7,73.4,67.0,68.5,13709354.0,946956126.0,TWSE_RWD_JSON_MI_INDEX,data/daily_price/daily_price_20260723.csv,74.68,87.475,75.8592,62.0983,83.7692,-5.9066,-26.738,-32.8431,54.4532,42.8571,14971878.2,0.9157,109.0,109.0,109.0,67.0,43.25,39.7,-21.6919,-9.7011,10.3089,-18.2277,-37.156,-37.156,-37.156,58.3815,72.5441
20260724,3149,正達,TWSE,69.0,70.7,67.0,69.6,8732858.0,601071239.0,TWSE_RWD_JSON_MI_INDEX,data/daily_price/daily_price_20260724.csv,72.68,85.955,76.2958,62.2467,82.5884,1.6058,-12.5628,-30.4,60.3687,34.3629,14452741.95,0.6042,109.0,109.0,109.0,67.0,43.25,39.7,-19.0274,-8.7761,11.8132,-15.7267,-36.1468,-36.1468,-36.1468,60.9249,75.3149
20260727,3149,正達,TWSE,68.3,71.0,67.2,68.4,5653613.0,388782713.0,TWSE_RWD_JSON_MI_INDEX,data/daily_price/daily_price_20260727.csv,71.12,84.485,76.6408,62.3558,81.406,-1.7241,-10.2362,-30.0613,43.3962,23.689,13263746.35,0.4262,105.0,109.0,109.0,67.0,46.8,39.7,-19.0389,-10.7525,9.693,-15.9768,-34.8571,-37.2477,-37.2477,46.1538,72.2922
20260728,3149,正達,TWSE,66.5,69.5,64.2,68.1,7663141.0,516822260.0,TWSE_RWD_JSON_MI_INDEX,data/daily_price/daily_price_20260728.csv,69.48,83.255,76.9875,62.4283,80.2972,-0.4386,-10.7471,-26.5372,43.9746,14.6465,12681188.35,0.6043,105.0,109.0,109.0,64.2,47.5,39.7,-18.2031,-11.5441,9.0851,-15.1901,-35.1429,-37.5229,-37.5229,43.3684,71.5365
20260729,3149,正達,TWSE,67.6,68.4,63.1,64.7,8896691.0,578501603.0,TWSE_RWD_JSON_MI_INDEX,data/daily_price/daily_price_20260729.csv,67.86,81.415,77.2175,62.4733,78.9974,-4.9927,-11.1264,-36.2562,27.112,9.1062,11825556.1,0.7523,105.0,109.0,109.0,63.1,48.25,39.7,-20.5306,-16.2107,3.5642,-18.0986,-38.381,-40.6422,-40.6422,34.0933,62.9723
20260730,3149,正達,TWSE,64.2,67.4,61.5,61.7,7110555.0,457781987.0,TWSE_RWD_JSON_MI_INDEX,data/daily_price/daily_price_20260730.csv,66.5,79.8,77.4358,62.5092,77.556,-4.6368,-9.927,-34.3617,26.9547,7.4913,10642757.15,0.6681,97.8,109.0,109.0,61.5,48.25,39.7,-22.6817,-20.3211,-1.2945,-20.4446,-36.9121,-43.3945,-43.3945,27.8756,55.4156
20260731,3149,正達,TWSE,67.5,67.8,64.9,65.9,8566305.0,573164383.0,TWSE_RWD_JSON_MI_INDEX,data/daily_price/daily_price_20260731.csv,65.76,78.57,77.7092,62.6017,76.5847,6.8071,-5.3161,-27.1823,33.1313,20.2555,10252823.0,0.8355,97.8,109.0,109.0,61.5,48.25,39.7,-16.1257,-15.1966,5.2688,-13.9514,-32.6176,-39.5413,-39.5413,36.5803,65.995
20260803,3149,正達,TWSE,65.4,68.9,64.8,66.2,5814609.0,389696826.0,TWSE_RWD_JSON_MI_INDEX,data/daily_price/daily_price_20260803.csv,65.32,77.52,77.9642,62.6517,75.7193,0.4552,-3.2164,-24.0826,30.0589,9.9668,9683188.4,0.6005,97.8,109.0,109.0,61.5,48.25,39.7,-14.6027,-15.0892,5.6636,-12.5718,-32.3108,-39.2661,-39.2661,37.2021,66.7506
20260804,3149,正達,TWSE,65.3,67.8,65.3,65.8,7267464.0,483103669.0,TWSE_RWD_JSON_MI_INDEX,data/daily_price/daily_price_20260804.csv,64.86,76.415,78.2567,62.7425,74.8927,-0.6042,-3.3774,-25.1422,36.3731,19.8543,9568532.75,0.7595,97.8,109.0,109.0,61.5,48.45,39.7,-13.8913,-15.9177,4.8731,-12.1409,-32.7198,-39.633,-39.633,35.8101,65.7431
20260805,3149,正達,TWSE,66.5,67.3,64.0,65.4,22517268.0,1475920881.0,TWSE_RWD_JSON_MI_INDEX,data/daily_price/daily_price_20260805.csv,65.0,75.375,78.505,62.8508,74.1016,-0.6079,1.0819,-24.1299,29.505,24.8092,10156325.4,2.2171,97.8,109.0,109.0,61.5,49.9,39.7,-13.2338,-16.6932,4.0559,-11.7428,-33.1288,-40.0,-40.0,31.0621,64.7355
20260806,3149,正達,TWSE,65.0,65.4,62.2,63.1,9856775.0,625291775.0,TWSE_RWD_JSON_MI_INDEX,data/daily_price/daily_price_20260806.csv,65.28,74.255,78.7,62.9442,73.1848,-3.5168,2.269,-26.1988,22.7626,21.58,10273543.65,0.9594,97.8,109.0,109.0,61.5,51.8,39.7,-15.0226,-19.8221,0.2476,-13.7799,-35.4806,-42.1101,-42.1101,21.8147,58.9421
20260807,3149,正達,TWSE,63.4,66.0,62.5,62.8,8334657.0,534602713.0,TWSE_RWD_JSON_MI_INDEX,data/daily_price/daily_price_20260807.csv,64.66,72.92,78.8183,63.0392,72.3194,-0.4754,-4.7041,-29.8324,12.7469,22.179,9978108.55,0.8353,97.8,109.0,109.0,61.5,53.0,39.7,-13.8782,-20.3231,-0.3794,-13.163,-35.7873,-42.3853,-42.3853,18.4906,58.1864
20260810,3149,正達,TWSE,63.5,69.0,63.5,69.0,12586324.0,860827032.0,TWSE_RWD_JSON_MI_INDEX,data/daily_price/daily_price_20260810.csv,65.22,71.755,79.07,63.1783,72.0428,9.8726,4.2296,-25.2438,28.0148,31.9312,9809892.4,1.283,97.8,109.0,109.0,61.5,54.2,39.7,-3.8395,-12.7356,9.2147,-4.2236,-29.4479,-36.6972,-36.6972,27.3063,73.8035
20260811,3149,正達,TWSE,69.7,71.9,67.5,67.5,17940654.0,1242632911.0,TWSE_RWD_JSON_MI_INDEX,data/daily_price/daily_price_20260811.csv,65.56,70.765,79.2383,63.3175,71.6642,-2.1739,2.5836,-22.6804,17.5958,32.874,10280394.7,1.7451,97.8,109.0,109.0,61.5,55.3,39.7,-4.6139,-14.814,6.6056,-5.8107,-30.9816,-38.0734,-38.0734,22.0615,70.0252
20260812,3149,正達,TWSE,67.8,72.0,67.5,68.3,25469581.0,1752493277.0,TWSE_RWD_JSON_MI_INDEX,data/daily_price/daily_price_20260812.csv,66.14,69.67,79.3933,63.4792,71.3839,1.1852,4.4343,-24.2794,15.7627,39.6728,11265173.75,2.2609,97.8,109.0,109.0,61.5,55.5,39.7,-1.9664,-13.9726,7.5944,-4.3201,-30.1636,-37.3394,-37.3394,23.0631,72.0403
20260813,3149,正達,TWSE,68.9,70.5,68.3,68.3,8079784.0,560528550.0,TWSE_RWD_JSON_MI_INDEX,data/daily_price/daily_price_20260813.csv,67.18,68.41,79.5683,63.6008,71.1269,0.0,8.2409,-26.9519,18.1661,27.1881,10892193.4,0.7418,89.8,109.0,109.0,61.5,55.5,39.7,-0.1608,-14.1618,7.3885,-3.9744,-23.9421,-37.3394,-37.3394,23.0631,72.0403
20260814,3149,正達,TWSE,68.3,68.3,65.6,67.1,8428940.0,564358651.0,TWSE_RWD_JSON_MI_INDEX,data/daily_price/daily_price_20260814.csv,68.04,67.785,79.7533,63.74,70.7913,-1.757,6.8471,-15.7035,19.8214,33.1349,10519434.75,0.8013,81.7,109.0,109.0,61.5,56.1,39.7,-1.0105,-15.8656,5.2714,-5.2144,-17.8703,-38.4404,-38.4404,19.6078,69.0176
20260817,3149,正達,TWSE,67.5,68.3,65.9,67.6,5239132.0,350826974.0,TWSE_RWD_JSON_MI_INDEX,data/daily_price/daily_price_20260817.csv,67.76,67.355,79.9367,63.8933,70.5254,0.7452,-2.029,-11.2861,19.4346,37.3984,10362585.25,0.5056,79.3,109.0,109.0,61.5,57.9,39.7,0.3637,-15.4331,5.8013,-4.148,-14.7541,-37.9817,-37.9817,16.753,70.2771
20260818,3149,正達,TWSE,67.1,68.0,66.3,66.4,4599511.0,308276912.0,TWSE_RWD_JSON_MI_INDEX,data/daily_price/daily_price_20260818.csv,67.54,66.86,80.0583,64.0067,70.1816,-1.7751,-1.6296,-12.9751,12.3519,25.7576,10304236.2,0.4464,79.2,109.0,109.0,61.5,59.0,39.7,-0.688,-17.0605,3.7392,-5.3883,-16.1616,-39.0826,-39.0826,12.5424,67.2544
20260819,3149,正達,TWSE,65.4,68.7,64.3,64.8,8406188.0,553327566.0,TWSE_RWD_JSON_MI_INDEX,data/daily_price/daily_price_20260819.csv,66.84,66.46,80.055,64.1083,69.7331,-2.4096,-5.1245,-10.989,-0.3077,23.1939,10243670.2,0.8206,73.4,109.0,109.0,61.5,61.5,39.7,-2.4977,-19.0556,1.0789,-7.0743,-11.7166,-40.5505,-40.5505,5.3659,63.2242
20260820,3149,正達,TWSE,65.9,67.4,64.5,66.2,4805701.0,317021942.0,TWSE_RWD_JSON_MI_INDEX,data/daily_price/daily_price_20260820.csv,66.42,66.345,80.025,64.2167,69.4387,2.1605,-3.0747,-3.3577,-2.6471,24.4361,9798487.55,0.4905,72.0,109.0,109.0,61.5,61.5,39.7,-0.2186,-17.2759,3.0885,-4.6641,-8.0556,-39.2661,-39.2661,7.6423,66.7506
20260821,3149,正達,TWSE,65.7,66.9,64.8,65.0,4256701.0,278490970.0,TWSE_RWD_JSON_MI_INDEX,data/daily_price/daily_price_20260821.csv,66.0,66.115,80.0183,64.32,69.0688,-1.8127,-3.1297,-6.6092,-0.6116,23.5741,9574679.7,0.4446,72.0,109.0,109.0,61.5,61.5,39.7,-1.6865,-18.7686,1.0572,-5.8909,-9.7222,-40.367,-40.367,5.6911,63.728
20260824,3149,正達,TWSE,65.0,65.7,64.0,64.1,3237004.0,209517612.0,TWSE_RWD_JSON_MI_INDEX,data/daily_price/daily_price_20260824.csv,65.3,65.9,79.9683,64.415,68.6547,-1.3846,-5.1775,-6.2865,-4.4709,21.6319,9453849.25,0.3424,72.0,109.0,109.0,61.5,61.5,39.7,-2.7314,-19.8433,-0.489,-6.6343,-10.9722,-41.1927,-41.1927,4.2276,61.461
20260825,3149,正達,TWSE,63.7,64.4,62.4,64.4,4622545.0,292360104.0,TWSE_RWD_JSON_MI_INDEX,data/daily_price/daily_price_20260825.csv,64.9,65.715,79.855,64.4883,68.3002,0.468,-3.012,-5.4332,-9.5506,15.8273,9301819.45,0.497,72.0,109.0,109.0,61.5,61.5,39.7,-2.0011,-19.3538,-0.137,-5.7103,-10.5556,-40.9174,-40.9174,4.7154,62.2166
20260826,3149,正達,TWSE,64.6,68.9,64.6,68.0,9751405.0,656479483.0,TWSE_RWD_JSON_MI_INDEX,data/daily_price/daily_price_20260826.csv,65.54,65.88,79.6833,64.6375,68.2752,5.5901,4.9383,5.1005,-13.1545,35.7285,9344555.15,1.0435,72.0,109.0,109.0,61.5,61.5,39.7,3.218,-14.6622,5.2021,-0.403,-5.5556,-37.6147,-37.6147,10.5691,71.2846
20260827,3149,正達,TWSE,68.4,68.7,67.1,67.2,5434219.0,368774360.0,TWSE_RWD_JSON_MI_INDEX,data/daily_price/daily_price_20260827.csv,65.74,66.155,79.3683,64.77,68.1856,-1.1765,1.5106,8.9141,-21.9512,30.9942,9260738.35,0.5868,72.0,109.0,109.0,62.2,61.5,39.7,1.5796,-15.3315,3.7517,-1.4454,-6.6667,-38.3486,-38.3486,9.2683,69.2695
20260828,3149,正達,TWSE,67.6,68.3,66.3,66.4,4197311.0,281244740.0,TWSE_RWD_JSON_MI_INDEX,data/daily_price/daily_price_20260828.csv,66.02,66.18,78.9617,64.8917,68.0368,-1.1905,2.1538,0.7587,-26.8722,28.1853,9042288.65,0.4642,72.0,109.0,109.0,62.2,61.5,39.7,0.3324,-15.9086,2.3244,-2.4057,-7.7778,-39.0826,-39.0826,7.9675,67.2544
20260831,3149,正達,TWSE,65.6,66.3,63.9,64.1,3881062.0,251170999.0,TWSE_RWD_JSON_MI_INDEX,data/daily_price/daily_price_20260831.csv,66.02,66.075,78.5133,65.0246,67.7087,-3.4639,0.0,-3.1722,-29.5604,33.1256,8945611.3,0.4339,72.0,109.0,109.0,62.2,61.5,39.7,-2.989,-18.3578,-1.4219,-5.3297,-10.9722,-41.1927,-41.1927,4.2276,61.461
20260901,3149,正達,TWSE,64.5,65.9,63.9,64.2,4015942.0,259285894.0,TWSE_RWD_JSON_MI_INDEX,data/daily_price/daily_price_20260901.csv,65.98,65.995,78.07,65.1629,67.4163,0.156,-0.3106,-2.4316,-29.2952,34.8739,8783035.2,0.4572,72.0,109.0,109.0,62.2,61.5,39.7,-2.7199,-17.7661,-1.4777,-4.7708,-10.8333,-41.1009,-41.1009,4.3902,61.7128
20260902,3149,正達,TWSE,64.0,64.5,63.1,63.4,4368885.0,277458013.0,TWSE_RWD_JSON_MI_INDEX,data/daily_price/daily_price_20260902.csv,65.06,65.895,77.68,65.2908,67.0816,-1.2461,-6.7647,-3.0581,-26.9585,31.9459,7875616.05,0.5547,72.0,109.0,109.0,62.2,61.5,39.7,-3.7863,-18.3831,-2.896,-5.4883,-11.9444,-41.8349,-41.8349,3.0894,59.6977
