date,stock_id,stock_name,market,open,high,low,close,volume,trading_value,source,source_file,ma5,ma20,ma60,ma120,ema23,return_1d,return_5d,return_20d,return_60d,return_120d,volume_ma20,volume_ratio,high_20,high_60,high_120,low_20,low_60,low_120,distance_to_ma20_pct,distance_to_ma60_pct,distance_to_ma120_pct,distance_to_ema23_pct,distance_to_high_20_pct,distance_to_high_60_pct,distance_to_high_120_pct,distance_to_low_60_pct,distance_to_low_120_pct
20240102,3189,景碩,TWSE,99.5,99.9,98.2,98.2,2110290.0,208335027.0,TWSE_RWD_JSON_MI_INDEX,data/daily_price/daily_price_20240102.csv,,,,,,,,,,,,,,,,,,,,,,,,,,,
20240103,3189,景碩,TWSE,98.0,98.9,97.1,97.8,1553542.0,152398480.0,TWSE_RWD_JSON_MI_INDEX,data/daily_price/daily_price_20240103.csv,,,,,,-0.4073,,,,,,,,,,,,,,,,,,,,,
20240104,3189,景碩,TWSE,97.8,98.0,96.6,97.7,2324246.0,226453897.0,TWSE_RWD_JSON_MI_INDEX,data/daily_price/daily_price_20240104.csv,,,,,,-0.1022,,,,,,,,,,,,,,,,,,,,,
20240105,3189,景碩,TWSE,97.6,98.3,97.1,97.1,1783879.0,173779192.0,TWSE_RWD_JSON_MI_INDEX,data/daily_price/daily_price_20240105.csv,,,,,,-0.6141,,,,,,,,,,,,,,,,,,,,,
20240108,3189,景碩,TWSE,97.8,99.5,97.7,97.8,1680212.0,165726646.0,TWSE_RWD_JSON_MI_INDEX,data/daily_price/daily_price_20240108.csv,97.72,97.72,97.72,97.72,98.022,0.7209,,,,,1890433.8,0.8888,99.9,99.9,99.9,96.6,96.6,96.6,0.0819,0.0819,0.0819,-0.2264,-2.1021,-2.1021,-2.1021,1.2422,1.2422
20240109,3189,景碩,TWSE,98.5,99.7,98.3,98.6,2130097.0,210758816.0,TWSE_RWD_JSON_MI_INDEX,data/daily_price/daily_price_20240109.csv,97.8,97.8667,97.8667,97.8667,98.0701,0.818,0.4073,,,,1930377.6667,1.1035,99.9,99.9,99.9,96.6,96.6,96.6,0.7493,0.7493,0.7493,0.5403,-1.3013,-1.3013,-1.3013,2.0704,2.0704
20240110,3189,景碩,TWSE,98.3,98.5,95.2,96.4,3635395.0,350632220.0,TWSE_RWD_JSON_MI_INDEX,data/daily_price/daily_price_20240110.csv,97.52,97.6571,97.6571,97.6571,97.9309,-2.2312,-1.4315,,,,2173951.5714,1.6723,99.9,99.9,99.9,95.2,95.2,95.2,-1.2873,-1.2873,-1.2873,-1.5633,-3.5035,-3.5035,-3.5035,1.2605,1.2605
20240111,3189,景碩,TWSE,96.5,97.2,96.2,96.2,889080.0,85846796.0,TWSE_RWD_JSON_MI_INDEX,data/daily_price/daily_price_20240111.csv,97.22,97.475,97.475,97.475,97.7867,-0.2075,-1.5353,,,,2013342.625,0.4416,99.9,99.9,99.9,95.2,95.2,95.2,-1.308,-1.308,-1.308,-1.6226,-3.7037,-3.7037,-3.7037,1.0504,1.0504
20240112,3189,景碩,TWSE,96.3,96.3,95.2,95.7,1500961.0,143796737.0,TWSE_RWD_JSON_MI_INDEX,data/daily_price/daily_price_20240112.csv,96.94,97.2778,97.2778,97.2778,97.6128,-0.5198,-1.4418,,,,1956411.3333,0.7672,99.9,99.9,99.9,95.2,95.2,95.2,-1.6219,-1.6219,-1.6219,-1.9596,-4.2042,-4.2042,-4.2042,0.5252,0.5252
20240115,3189,景碩,TWSE,96.2,97.9,96.0,97.1,1276478.0,123885374.0,TWSE_RWD_JSON_MI_INDEX,data/daily_price/daily_price_20240115.csv,96.8,97.26,97.26,97.26,97.5701,1.4629,-0.7157,,,,1888418.0,0.676,99.9,99.9,99.9,95.2,95.2,95.2,-0.1645,-0.1645,-0.1645,-0.4818,-2.8028,-2.8028,-2.8028,1.9958,1.9958
20240116,3189,景碩,TWSE,97.0,97.9,96.3,97.9,1325033.0,128964142.0,TWSE_RWD_JSON_MI_INDEX,data/daily_price/daily_price_20240116.csv,96.66,97.3182,97.3182,97.3182,97.5976,0.8239,-0.7099,,,,1837201.1818,0.7212,99.9,99.9,99.9,95.2,95.2,95.2,0.5979,0.5979,0.5979,0.3099,-2.002,-2.002,-2.002,2.8361,2.8361
20240117,3189,景碩,TWSE,97.5,98.0,95.8,96.0,2536833.0,245258092.0,TWSE_RWD_JSON_MI_INDEX,data/daily_price/daily_price_20240117.csv,96.58,97.2083,97.2083,97.2083,97.4644,-1.9408,-0.4149,,,,1895503.8333,1.3383,99.9,99.9,99.9,95.2,95.2,95.2,-1.243,-1.243,-1.243,-1.5025,-3.9039,-3.9039,-3.9039,0.8403,0.8403
20240118,3189,景碩,TWSE,96.5,96.7,94.8,95.7,1690399.0,161546432.0,TWSE_RWD_JSON_MI_INDEX,data/daily_price/daily_price_20240118.csv,96.48,97.0923,97.0923,97.0923,97.3174,-0.3125,-0.5198,,,,1879726.5385,0.8993,99.9,99.9,99.9,94.8,94.8,94.8,-1.434,-1.434,-1.434,-1.662,-4.2042,-4.2042,-4.2042,0.9494,0.9494
20240119,3189,景碩,TWSE,96.4,98.5,96.4,98.4,1818079.0,177875130.0,TWSE_RWD_JSON_MI_INDEX,data/daily_price/daily_price_20240119.csv,97.02,97.1857,97.1857,97.1857,97.4076,2.8213,2.8213,,,,1875323.1429,0.9695,99.9,99.9,99.9,94.8,94.8,94.8,1.2494,1.2494,1.2494,1.0188,-1.5015,-1.5015,-1.5015,3.7975,3.7975
20240122,3189,景碩,TWSE,98.7,100.5,98.7,100.0,3206672.0,319786219.0,TWSE_RWD_JSON_MI_INDEX,data/daily_price/daily_price_20240122.csv,97.6,97.3733,97.3733,97.3733,97.6236,1.626,2.9866,,,,1964079.7333,1.6327,100.5,100.5,100.5,94.8,94.8,94.8,2.6975,2.6975,2.6975,2.4342,-0.4975,-0.4975,-0.4975,5.4852,5.4852
20240123,3189,景碩,TWSE,101.5,102.5,100.5,101.5,4900565.0,497279990.0,TWSE_RWD_JSON_MI_INDEX,data/daily_price/daily_price_20240123.csv,98.32,97.6312,97.6312,97.6312,97.9467,1.5,3.6772,,,,2147610.0625,2.2819,102.5,102.5,102.5,94.8,94.8,94.8,3.9626,3.9626,3.9626,3.6278,-0.9756,-0.9756,-0.9756,7.0675,7.0675
20240124,3189,景碩,TWSE,101.5,102.0,100.0,100.5,2187121.0,220586232.0,TWSE_RWD_JSON_MI_INDEX,data/daily_price/daily_price_20240124.csv,99.22,97.8,97.8,97.8,98.1595,-0.9852,4.6875,,,,2149934.2353,1.0173,102.5,102.5,102.5,94.8,94.8,94.8,2.7607,2.7607,2.7607,2.3844,-1.9512,-1.9512,-1.9512,6.0127,6.0127
20240125,3189,景碩,TWSE,100.5,102.0,100.5,101.0,2351017.0,237605532.0,TWSE_RWD_JSON_MI_INDEX,data/daily_price/daily_price_20240125.csv,100.28,97.9778,97.9778,97.9778,98.3962,0.4975,5.5381,,,,2161105.5,1.0879,102.5,102.5,102.5,94.8,94.8,94.8,3.0846,3.0846,3.0846,2.6463,-1.4634,-1.4634,-1.4634,6.5401,6.5401
20240126,3189,景碩,TWSE,101.0,101.5,98.6,100.0,2852261.0,285027526.0,TWSE_RWD_JSON_MI_INDEX,data/daily_price/daily_price_20240126.csv,100.6,98.0842,98.0842,98.0842,98.5298,-0.9901,1.626,,,,2197482.1053,1.298,102.5,102.5,102.5,94.8,94.8,94.8,1.9532,1.9532,1.9532,1.4921,-2.439,-2.439,-2.439,5.4852,5.4852
20240129,3189,景碩,TWSE,101.0,103.0,101.0,101.5,3311358.0,337570361.0,TWSE_RWD_JSON_MI_INDEX,data/daily_price/daily_price_20240129.csv,100.9,98.255,98.255,98.255,98.7773,1.5,1.5,,,,2253175.9,1.4696,103.0,103.0,103.0,94.8,94.8,94.8,3.3026,3.3026,3.3026,2.7564,-1.4563,-1.4563,-1.4563,7.0675,7.0675
20240130,3189,景碩,TWSE,103.5,108.0,103.0,103.5,17914510.0,1893074915.0,TWSE_RWD_JSON_MI_INDEX,data/daily_price/daily_price_20240130.csv,101.3,98.52,98.5048,98.5048,99.1709,1.9704,1.9704,5.3971,,,3043386.9,5.8864,108.0,108.0,108.0,94.8,94.8,94.8,5.0548,5.0711,5.0711,4.3653,-4.1667,-4.1667,-4.1667,9.1772,9.1772
20240131,3189,景碩,TWSE,102.5,102.5,100.5,100.5,4402368.0,445548316.0,TWSE_RWD_JSON_MI_INDEX,data/daily_price/daily_price_20240131.csv,101.3,98.655,98.5955,98.5955,99.2816,-2.8986,0.0,2.7607,,,3185828.2,1.3819,108.0,108.0,108.0,94.8,94.8,94.8,1.8702,1.9317,1.9317,1.2272,-6.9444,-6.9444,-6.9444,6.0127,6.0127
20240201,3189,景碩,TWSE,100.0,101.5,99.3,100.5,2359973.0,237000378.0,TWSE_RWD_JSON_MI_INDEX,data/daily_price/daily_price_20240201.csv,101.2,98.795,98.6783,98.6783,99.3832,0.0,-0.495,2.8659,,,3187614.55,0.7404,108.0,108.0,108.0,94.8,94.8,94.8,1.7258,1.8461,1.8461,1.1238,-6.9444,-6.9444,-6.9444,6.0127,6.0127
20240202,3189,景碩,TWSE,101.0,103.5,100.5,102.5,3005227.0,306587752.0,TWSE_RWD_JSON_MI_INDEX,data/daily_price/daily_price_20240202.csv,101.7,99.065,98.8375,98.8375,99.6429,1.99,2.5,5.5613,,,3248681.95,0.9251,108.0,108.0,108.0,94.8,94.8,94.8,3.4674,3.7056,3.7056,2.8673,-5.0926,-5.0926,-5.0926,8.1224,8.1224
20240205,3189,景碩,TWSE,102.5,102.5,100.5,101.0,2320964.0,234496485.0,TWSE_RWD_JSON_MI_INDEX,data/daily_price/daily_price_20240205.csv,101.6,99.225,98.924,98.924,99.756,-1.4634,-0.4926,3.272,,,3280719.55,0.7075,108.0,108.0,108.0,94.8,94.8,94.8,1.7889,2.0986,2.0986,1.247,-6.4815,-6.4815,-6.4815,6.5401,6.5401
20240215,3189,景碩,TWSE,101.5,102.5,100.0,101.0,2639594.0,266920550.0,TWSE_RWD_JSON_MI_INDEX,data/daily_price/daily_price_20240215.csv,101.1,99.345,99.0038,99.0038,99.8597,0.0,-2.4155,2.4341,,,3306194.4,0.7984,108.0,108.0,108.0,94.8,94.8,94.8,1.6659,2.0162,2.0162,1.1419,-6.4815,-6.4815,-6.4815,6.5401,6.5401
20240216,3189,景碩,TWSE,101.5,103.0,101.5,102.0,1774101.0,181463179.0,TWSE_RWD_JSON_MI_INDEX,data/daily_price/daily_price_20240216.csv,101.4,99.625,99.1148,99.1148,100.038,0.9901,1.4925,5.8091,,,3213129.7,0.5521,108.0,108.0,108.0,94.8,94.8,94.8,2.3839,2.911,2.911,1.9612,-5.5556,-5.5556,-5.5556,7.5949,7.5949
20240219,3189,景碩,TWSE,103.0,106.5,102.0,104.0,4732488.0,496402148.0,TWSE_RWD_JSON_MI_INDEX,data/daily_price/daily_price_20240219.csv,102.1,100.015,99.2893,99.2893,100.3682,1.9608,3.4826,8.1081,,,3405300.1,1.3897,108.0,108.0,108.0,94.8,94.8,94.8,3.9844,4.7444,4.7444,3.6185,-3.7037,-3.7037,-3.7037,9.7046,9.7046
20240220,3189,景碩,TWSE,105.0,105.0,101.5,102.0,2681152.0,275847196.0,TWSE_RWD_JSON_MI_INDEX,data/daily_price/daily_price_20240220.csv,102.0,100.33,99.3828,99.3828,100.5042,-1.9231,-0.4878,6.5831,,,3464309.65,0.7739,108.0,108.0,108.0,94.8,94.8,94.8,1.6645,2.6335,2.6335,1.4883,-5.5556,-5.5556,-5.5556,7.5949,7.5949
20240221,3189,景碩,TWSE,102.5,103.0,101.0,101.5,2240319.0,228001970.0,TWSE_RWD_JSON_MI_INDEX,data/daily_price/daily_price_20240221.csv,102.1,100.55,99.4533,99.4533,100.5872,-0.4902,0.495,4.5314,,,3512501.7,0.6378,108.0,108.0,108.0,94.8,94.8,94.8,0.9448,2.0579,2.0579,0.9075,-6.0185,-6.0185,-6.0185,7.0675,7.0675
20240222,3189,景碩,TWSE,102.0,102.5,100.5,100.5,1484290.0,150211976.0,TWSE_RWD_CSV_MI_INDEX,data/daily_price/daily_price_20240222.csv,102.0,100.68,99.4871,99.4871,100.5799,-0.9852,-0.495,2.6558,,,3520464.55,0.4216,108.0,108.0,108.0,94.8,94.8,94.8,-0.1788,1.0181,1.0181,-0.0794,-6.9444,-6.9444,-6.9444,6.0127,6.0127
20240223,3189,景碩,TWSE,101.0,101.5,98.8,98.8,3002620.0,299578779.0,TWSE_RWD_JSON_MI_INDEX,data/daily_price/daily_price_20240223.csv,101.36,100.82,99.4656,99.4656,100.4316,-1.6915,-3.1373,2.9167,,,3543753.9,0.8473,108.0,108.0,108.0,94.8,94.8,94.8,-2.0036,-0.6692,-0.6692,-1.6246,-8.5185,-8.5185,-8.5185,4.2194,4.2194
20240226,3189,景碩,TWSE,98.8,100.5,98.8,99.2,2176444.0,216961426.0,TWSE_RWD_JSON_MI_INDEX,data/daily_price/daily_price_20240226.csv,100.4,100.995,99.4576,99.4576,100.3289,0.4049,-4.6154,3.6573,,,3568056.15,0.61,108.0,108.0,108.0,96.4,94.8,94.8,-1.7773,-0.259,-0.259,-1.1252,-8.1481,-8.1481,-8.1481,4.6414,4.6414
20240227,3189,景碩,TWSE,99.9,99.9,96.0,96.2,4607292.0,447385225.0,TWSE_RWD_JSON_MI_INDEX,data/daily_price/daily_price_20240227.csv,99.24,100.885,99.3618,99.3618,99.9849,-3.0242,-5.6863,-2.2358,,,3707516.8,1.2427,108.0,108.0,108.0,96.0,94.8,94.8,-4.6439,-3.1821,-3.1821,-3.7854,-10.9259,-10.9259,-10.9259,1.4768,1.4768
20240229,3189,景碩,TWSE,96.4,97.4,95.4,96.7,2775282.0,268057266.0,TWSE_RWD_JSON_MI_INDEX,data/daily_price/daily_price_20240229.csv,98.28,100.72,99.2857,99.2857,99.7111,0.5198,-4.7291,-3.3,,,3685947.3,0.7529,108.0,108.0,108.0,95.4,94.8,94.8,-3.9913,-2.6043,-2.6043,-3.0199,-10.463,-10.463,-10.463,2.0042,2.0042
20240301,3189,景碩,TWSE,97.2,98.5,96.7,96.9,2461478.0,240002303.0,TWSE_RWD_JSON_MI_INDEX,data/daily_price/daily_price_20240301.csv,97.56,100.49,99.2194,99.2194,99.4769,0.2068,-3.5821,-4.532,,,3563992.95,0.6907,108.0,108.0,108.0,95.4,94.8,94.8,-3.5725,-2.3377,-2.3377,-2.5904,-10.2778,-10.2778,-10.2778,2.2152,2.2152
20240304,3189,景碩,TWSE,97.6,97.7,96.8,96.8,2017607.0,195813488.0,TWSE_RWD_CSV_MI_INDEX,data/daily_price/daily_price_20240304.csv,97.16,100.305,99.1541,99.1541,99.2538,-0.1032,-2.0243,-3.6816,,,3555517.25,0.5675,108.0,108.0,108.0,95.4,94.8,94.8,-3.4943,-2.3741,-2.3741,-2.4722,-10.3704,-10.3704,-10.3704,2.1097,2.1097
20240305,3189,景碩,TWSE,97.0,97.7,96.1,96.2,1890992.0,182306205.0,TWSE_RWD_JSON_MI_INDEX,data/daily_price/daily_price_20240305.csv,96.56,100.065,99.0763,99.0763,98.9993,-0.6198,-3.0242,-4.7525,,,3532516.0,0.5353,108.0,108.0,108.0,95.4,94.8,94.8,-3.8625,-2.9031,-2.9031,-2.8276,-10.9259,-10.9259,-10.9259,1.4768,1.4768
20240306,3189,景碩,TWSE,96.2,96.3,95.0,95.1,2597550.0,247686954.0,TWSE_RWD_JSON_MI_INDEX,data/daily_price/daily_price_20240306.csv,96.34,99.82,98.9744,98.9744,98.6744,-1.1435,-1.1435,-4.9,,,3519780.45,0.738,108.0,108.0,108.0,95.0,94.8,94.8,-4.7285,-3.9145,-3.9145,-3.6224,-11.9444,-11.9444,-11.9444,0.3165,0.3165
20240307,3189,景碩,TWSE,95.5,95.5,93.8,93.8,3058272.0,288375806.0,TWSE_RWD_JSON_MI_INDEX,data/daily_price/daily_price_20240307.csv,95.76,99.435,98.845,98.845,98.2682,-1.367,-2.999,-7.5862,,,3507126.15,0.872,108.0,108.0,108.0,93.8,93.8,93.8,-5.667,-5.104,-5.104,-4.5469,-13.1481,-13.1481,-13.1481,0.0,0.0
20240308,3189,景碩,TWSE,94.0,97.8,93.9,97.0,5875814.0,567767322.0,TWSE_RWD_JSON_MI_INDEX,data/daily_price/daily_price_20240308.csv,95.78,99.11,98.8,98.8,98.1625,3.4115,0.1032,-6.2802,,,2905191.35,2.0225,106.5,108.0,108.0,93.8,93.8,93.8,-2.1289,-1.8219,-1.8219,-1.1843,-8.9202,-10.1852,-10.1852,3.4115,3.4115
20240311,3189,景碩,TWSE,97.0,99.2,96.6,98.2,2868693.0,282359959.0,TWSE_RWD_JSON_MI_INDEX,data/daily_price/daily_price_20240311.csv,96.06,98.995,98.7857,98.7857,98.1656,1.2371,1.4463,-2.2886,,,2828507.6,1.0142,106.5,108.0,108.0,93.8,93.8,93.8,-0.8031,-0.5929,-0.5929,0.035,-7.7934,-9.0741,-9.0741,4.6908,4.6908
20240312,3189,景碩,TWSE,99.3,99.6,96.5,96.7,3881292.0,378730667.0,TWSE_RWD_JSON_MI_INDEX,data/daily_price/daily_price_20240312.csv,96.16,98.805,98.7372,98.7372,98.0435,-1.5275,0.5198,-3.7811,,,2904573.55,1.3363,106.5,108.0,108.0,93.8,93.8,93.8,-2.1305,-2.0633,-2.0633,-1.3703,-9.2019,-10.463,-10.463,3.0917,3.0917
20240313,3189,景碩,TWSE,97.0,97.4,94.6,94.8,2931206.0,279925342.0,TWSE_RWD_JSON_MI_INDEX,data/daily_price/daily_price_20240313.csv,96.1,98.42,98.6477,98.6477,97.7732,-1.9648,-0.3155,-7.5122,,,2900872.5,1.0105,106.5,108.0,108.0,93.8,93.8,93.8,-3.6781,-3.9005,-3.9005,-3.0409,-10.9859,-12.2222,-12.2222,1.0661,1.0661
20240314,3189,景碩,TWSE,94.9,95.6,94.1,94.4,2486336.0,235543616.0,TWSE_RWD_JSON_MI_INDEX,data/daily_price/daily_price_20240314.csv,96.22,98.09,98.5533,98.5533,97.4921,-0.4219,0.6397,-6.5347,,,2909141.1,0.8547,106.5,108.0,108.0,93.8,93.8,93.8,-3.7619,-4.2143,-4.2143,-3.1716,-11.3615,-12.5926,-12.5926,0.6397,0.6397
20240315,3189,景碩,TWSE,94.4,95.9,92.0,92.1,5171425.0,479565679.0,TWSE_RWD_JSON_MI_INDEX,data/daily_price/daily_price_20240315.csv,95.24,97.645,98.413,98.413,97.0428,-2.4364,-5.0515,-8.8119,,,3035732.65,1.7035,106.5,108.0,108.0,92.0,92.0,92.0,-5.6787,-6.4148,-6.4148,-5.0934,-13.5211,-14.7222,-14.7222,0.1087,0.1087
20240318,3189,景碩,TWSE,92.6,98.6,92.6,98.0,7417016.0,716183811.0,TWSE_RWD_JSON_MI_INDEX,data/daily_price/daily_price_20240318.csv,95.2,97.445,98.4043,98.4043,97.1225,6.4061,-0.2037,-3.9216,,,3317878.4,2.2355,106.5,108.0,108.0,92.0,92.0,92.0,0.5696,-0.4108,-0.4108,0.9035,-7.9812,-9.2593,-9.2593,6.5217,6.5217
20240319,3189,景碩,TWSE,99.9,100.0,98.0,99.3,7924873.0,787657280.0,TWSE_RWD_JSON_MI_INDEX,data/daily_price/daily_price_20240319.csv,95.72,97.21,98.4229,98.4229,97.304,1.3265,2.6887,-4.5192,,,3477497.65,2.2789,105.0,108.0,108.0,92.0,92.0,92.0,2.15,0.8911,0.8911,2.0513,-5.4286,-8.0556,-8.0556,7.9348,7.9348
20240320,3189,景碩,TWSE,100.5,103.0,100.5,103.0,9354250.0,956811876.0,TWSE_RWD_JSON_MI_INDEX,data/daily_price/daily_price_20240320.csv,97.36,97.26,98.5163,98.5163,97.7786,3.7261,8.6498,0.9804,,,3811152.55,2.4544,103.0,108.0,108.0,92.0,92.0,92.0,5.9017,4.5512,4.5512,5.34,0.0,-4.6296,-4.6296,11.9565,11.9565
20240321,3189,景碩,TWSE,103.0,103.5,100.5,101.5,5774852.0,589252549.0,TWSE_RWD_JSON_MI_INDEX,data/daily_price/daily_price_20240321.csv,98.78,97.26,98.576,98.576,98.0888,-1.4563,7.5212,0.0,,,3987879.2,1.4481,103.5,108.0,108.0,92.0,92.0,92.0,4.3594,2.9662,2.9662,3.4777,-1.9324,-6.0185,-6.0185,10.3261,10.3261
20240322,3189,景碩,TWSE,101.5,103.0,100.5,101.5,3751174.0,382157850.0,TWSE_RWD_JSON_MI_INDEX,data/daily_price/daily_price_20240322.csv,100.66,97.31,98.6333,98.6333,98.373,0.0,10.2063,0.995,,,4101223.4,0.9146,103.5,108.0,108.0,92.0,92.0,92.0,4.3058,2.9064,2.9064,3.1787,-1.9324,-6.0185,-6.0185,10.3261,10.3261
20240325,3189,景碩,TWSE,102.0,103.0,101.0,101.0,2437337.0,248196374.0,TWSE_RWD_JSON_MI_INDEX,data/daily_price/daily_price_20240325.csv,101.26,97.42,98.6788,98.6788,98.5919,-0.4926,3.0612,2.2267,,,4072959.25,0.5984,103.5,108.0,108.0,92.0,92.0,92.0,3.6748,2.3522,2.3522,2.4424,-2.4155,-6.4815,-6.4815,9.7826,9.7826
20240326,3189,景碩,TWSE,102.0,102.5,99.7,99.7,2924296.0,293606709.0,TWSE_RWD_JSON_MI_INDEX,data/daily_price/daily_price_20240326.csv,101.34,97.445,98.6981,98.6981,98.6843,-1.2871,0.4028,0.504,,,4110351.85,0.7114,103.5,108.0,108.0,92.0,92.0,92.0,2.3141,1.0151,1.0151,1.0293,-3.6715,-7.6852,-7.6852,8.3696,8.3696
20240327,3189,景碩,TWSE,100.0,100.5,98.2,99.4,4015408.0,398903025.0,TWSE_RWD_JSON_MI_INDEX,data/daily_price/daily_price_20240327.csv,100.62,97.605,98.7111,98.7111,98.7439,-0.3009,-3.4951,3.3264,,,4080757.65,0.984,103.5,108.0,108.0,92.0,92.0,92.0,1.839,0.6979,0.6979,0.6644,-3.9614,-7.963,-7.963,8.0435,8.0435
20240328,3189,景碩,TWSE,99.5,99.6,98.6,98.9,1961787.0,194347373.0,TWSE_RWD_JSON_MI_INDEX,data/daily_price/daily_price_20240328.csv,100.1,97.715,98.7145,98.7145,98.7569,-0.503,-2.5616,2.2751,,,4040082.9,0.4856,103.5,108.0,108.0,92.0,92.0,92.0,1.2127,0.1879,0.1879,0.1449,-4.4444,-8.4259,-8.4259,7.5,7.5
20240329,3189,景碩,TWSE,99.1,100.5,98.4,98.7,1846081.0,182773199.0,TWSE_RWD_JSON_MI_INDEX,data/daily_price/daily_price_20240329.csv,99.54,97.805,98.7143,98.7143,98.7522,-0.2022,-2.7586,1.8576,,,4009313.05,0.4604,103.5,108.0,108.0,92.0,92.0,92.0,0.9151,-0.0145,-0.0145,-0.0528,-4.6377,-8.6111,-8.6111,7.2826,7.2826
20240401,3189,景碩,TWSE,99.4,102.0,99.4,101.5,2095958.0,212397633.0,TWSE_RWD_JSON_MI_INDEX,data/daily_price/daily_price_20240401.csv,99.64,98.04,98.7632,98.7632,98.9812,2.8369,0.495,4.8554,,,4013230.6,0.5223,103.5,108.0,108.0,92.0,92.0,92.0,3.5292,2.7711,2.7711,2.5448,-1.9324,-6.0185,-6.0185,10.3261,10.3261
20240402,3189,景碩,TWSE,102.0,103.0,101.5,103.0,2802936.0,287702932.0,TWSE_RWD_JSON_MI_INDEX,data/daily_price/daily_price_20240402.csv,100.3,98.38,98.8362,98.8362,99.3161,1.4778,3.3099,7.0686,,,4058827.8,0.6906,103.5,108.0,108.0,92.0,92.0,92.0,4.6961,4.2128,4.2128,3.7093,-0.4831,-4.6296,-4.6296,11.9565,11.9565
20240403,3189,景碩,TWSE,102.0,103.5,101.5,102.0,1944116.0,199392433.0,TWSE_RWD_JSON_MI_INDEX,data/daily_price/daily_price_20240403.csv,100.82,98.725,98.8898,98.8898,99.5397,-0.9709,2.6157,7.2555,,,4026156.1,0.4829,103.5,108.0,108.0,92.0,92.0,92.0,3.3173,3.1451,3.1451,2.4716,-1.4493,-5.5556,-5.5556,10.8696,10.8696
20240408,3189,景碩,TWSE,102.0,102.0,99.5,101.0,2923284.0,293911654.0,TWSE_RWD_JSON_MI_INDEX,data/daily_price/daily_price_20240408.csv,101.24,99.085,98.925,98.925,99.6614,-0.9804,2.1234,7.6759,,,4019406.7,0.7273,103.5,108.0,108.0,92.0,92.0,92.0,1.9327,2.0975,2.0975,1.3431,-2.4155,-6.4815,-6.4815,9.7826,9.7826
20240409,3189,景碩,TWSE,101.0,101.5,99.7,101.0,1547717.0,155252151.0,TWSE_RWD_CSV_MI_INDEX,data/daily_price/daily_price_20240409.csv,101.7,99.285,98.9717,98.959,99.773,0.0,2.3303,4.1237,2.8513,,3803001.85,0.407,103.5,108.0,108.0,92.0,92.0,92.0,1.7274,2.0494,2.0625,1.2298,-2.4155,-6.4815,-6.4815,9.7826,9.7826
20240410,3189,景碩,TWSE,101.0,101.5,99.7,99.7,2017160.0,202588371.0,TWSE_RWD_JSON_MI_INDEX,data/daily_price/daily_price_20240410.csv,101.34,99.36,99.0033,98.971,99.7669,-1.2871,-1.7734,1.5275,1.9427,,3760425.2,0.5364,103.5,108.0,108.0,92.0,92.0,92.0,0.3422,0.7037,0.7366,-0.067,-3.6715,-7.6852,-7.6852,8.3696,8.3696
20240411,3189,景碩,TWSE,99.7,101.0,99.3,101.0,1924233.0,193197503.0,TWSE_RWD_JSON_MI_INDEX,data/daily_price/daily_price_20240411.csv,100.94,99.575,99.0583,99.0032,99.8696,1.3039,-1.9417,4.4467,3.3777,,3662572.25,0.5254,103.5,108.0,108.0,92.0,92.0,92.0,1.4311,1.9601,2.0169,1.1318,-2.4155,-6.4815,-6.4815,9.7826,9.7826
20240412,3189,景碩,TWSE,101.5,101.5,97.6,97.8,3572878.0,352751757.0,TWSE_RWD_JSON_MI_INDEX,data/daily_price/daily_price_20240412.csv,100.1,99.725,99.07,98.9844,99.6972,-3.1683,-4.1176,3.1646,0.7209,,3694655.85,0.967,103.5,108.0,108.0,92.0,92.0,92.0,-1.9303,-1.2819,-1.1965,-1.9029,-5.5072,-9.4444,-9.4444,6.3043,6.3043
20240415,3189,景碩,TWSE,97.8,98.2,96.6,97.2,2605655.0,253752141.0,TWSE_RWD_JSON_MI_INDEX,data/daily_price/daily_price_20240415.csv,99.34,99.865,99.06,98.9569,99.4891,-0.6135,-3.7624,2.9661,-0.6135,,3700621.8,0.7041,103.5,108.0,108.0,92.0,92.0,92.0,-2.6686,-1.8776,-1.7754,-2.3008,-6.087,-10.0,-10.0,5.6522,5.6522
20240416,3189,景碩,TWSE,97.0,97.0,95.2,96.0,2981349.0,286481724.0,TWSE_RWD_JSON_MI_INDEX,data/daily_price/daily_price_20240416.csv,98.34,100.06,99.0167,98.9121,99.1983,-1.2346,-4.9505,4.2345,-2.6369,,3591118.0,0.8302,103.5,108.0,108.0,92.6,92.0,92.0,-4.0576,-3.0466,-2.9441,-3.2242,-7.2464,-11.1111,-11.1111,4.3478,4.3478
20240417,3189,景碩,TWSE,96.6,97.7,96.2,97.5,1888340.0,183370268.0,TWSE_RWD_JSON_MI_INDEX,data/daily_price/daily_price_20240417.csv,97.9,100.035,99.035,98.891,99.0568,1.5625,-2.2066,-0.5102,1.1411,,3314684.2,0.5697,103.5,108.0,108.0,95.2,92.0,92.0,-2.5341,-1.55,-1.4066,-1.5716,-5.7971,-9.7222,-9.7222,5.9783,5.9783
20240418,3189,景碩,TWSE,96.9,97.0,95.8,95.8,1746955.0,167942652.0,TWSE_RWD_JSON_MI_INDEX,data/daily_price/daily_price_20240418.csv,96.86,99.86,99.0283,98.8456,98.7854,-1.7436,-5.1485,-3.5247,-0.4158,,3005788.3,0.5812,103.5,108.0,108.0,95.2,92.0,92.0,-4.0657,-3.26,-3.0812,-3.0221,-7.4396,-11.2963,-11.2963,4.1304,4.1304
20240419,3189,景碩,TWSE,95.4,95.9,93.0,94.0,3929183.0,371659160.0,TWSE_RWD_JSON_MI_INDEX,data/daily_price/daily_price_20240419.csv,96.1,99.41,99.0,98.7754,98.3866,-1.8789,-3.8855,-8.7379,-1.7764,,2734534.95,1.4369,103.5,108.0,108.0,93.0,92.0,92.0,-5.4421,-5.0505,-4.8346,-4.4585,-9.1787,-12.963,-12.963,2.1739,2.1739
20240422,3189,景碩,TWSE,94.4,95.5,93.8,94.5,2263948.0,214352244.0,TWSE_RWD_JSON_MI_INDEX,data/daily_price/daily_price_20240422.csv,95.56,99.06,98.9567,98.7143,98.0627,0.5319,-2.7778,-6.8966,-2.6777,,2558989.75,0.8847,103.5,108.0,108.0,93.0,92.0,92.0,-4.6033,-4.5037,-4.2692,-3.6331,-8.6957,-12.5,-12.5,2.7174,2.7174
20240423,3189,景碩,TWSE,95.3,96.9,94.8,95.3,1243766.0,118803896.0,TWSE_RWD_JSON_MI_INDEX,data/daily_price/daily_price_20240423.csv,95.42,98.75,98.9133,98.6662,97.8325,0.8466,-0.7292,-6.1084,-2.6558,,2433619.35,0.5111,103.5,108.0,108.0,93.0,92.0,92.0,-3.4937,-3.653,-3.4117,-2.5886,-7.9227,-11.7593,-11.7593,3.587,3.587
20240424,3189,景碩,TWSE,96.2,98.7,96.1,97.1,2751918.0,268912705.0,TWSE_RWD_JSON_MI_INDEX,data/daily_price/daily_price_20240424.csv,95.34,98.555,98.9317,98.6444,97.7715,1.8888,-0.4103,-3.8614,1.1458,,2449348.4,1.1235,103.5,108.0,108.0,93.0,92.0,92.0,-1.4763,-1.8514,-1.5657,-0.6868,-6.1836,-10.0926,-10.0926,5.5435,5.5435
20240425,3189,景碩,TWSE,97.5,97.9,96.3,96.8,1134533.0,110045350.0,TWSE_RWD_JSON_MI_INDEX,data/daily_price/daily_price_20240425.csv,95.54,98.41,98.95,98.6192,97.6905,-0.309,1.0438,-2.9087,1.1494,,2359860.25,0.4808,103.5,108.0,108.0,93.0,92.0,92.0,-1.636,-2.1728,-1.8446,-0.9116,-6.4734,-10.3704,-10.3704,5.2174,5.2174
20240426,3189,景碩,TWSE,97.2,97.4,96.4,97.0,1031878.0,99974583.0,TWSE_RWD_JSON_MI_INDEX,data/daily_price/daily_price_20240426.csv,96.14,98.29,98.9267,98.5973,97.633,0.2066,3.1915,-2.4145,-1.4228,,2210683.75,0.4668,103.5,108.0,108.0,93.0,92.0,92.0,-1.3124,-1.9476,-1.62,-0.6483,-6.2802,-10.1852,-10.1852,5.4348,5.4348
20240429,3189,景碩,TWSE,97.1,98.1,96.9,97.9,1575769.0,153916815.0,TWSE_RWD_JSON_MI_INDEX,data/daily_price/daily_price_20240429.csv,96.82,98.24,98.8917,98.588,97.6552,0.9278,3.5979,-1.0111,-2.1,,2191382.85,0.7191,103.5,108.0,108.0,93.0,92.0,92.0,-0.3461,-1.0028,-0.6979,0.2507,-5.4106,-9.3519,-9.3519,6.413,6.413
20240430,3189,景碩,TWSE,97.0,97.0,94.0,95.3,5004084.0,476817057.0,TWSE_RWD_JSON_MI_INDEX,data/daily_price/daily_price_20240430.csv,96.82,98.07,98.7883,98.5447,97.4589,-2.6558,0.0,-3.4448,-6.1084,,2349283.0,2.13,103.5,108.0,108.0,93.0,92.0,92.0,-2.8245,-3.5311,-3.2927,-2.2152,-7.9227,-11.7593,-11.7593,3.587,3.587
20240502,3189,景碩,TWSE,94.6,95.3,94.2,95.2,1274730.0,120854125.0,TWSE_RWD_JSON_MI_INDEX,data/daily_price/daily_price_20240502.csv,96.44,97.755,98.7,98.5013,97.2707,-0.1049,-1.9567,-6.2069,-5.2736,,2308221.6,0.5523,103.5,108.0,108.0,93.0,92.0,92.0,-2.6137,-3.5461,-3.3515,-2.1288,-8.0193,-11.8519,-11.8519,3.4783,3.4783
20240503,3189,景碩,TWSE,95.8,96.8,95.1,95.4,2012914.0,193195756.0,TWSE_RWD_JSON_MI_INDEX,data/daily_price/daily_price_20240503.csv,96.16,97.375,98.6067,98.4615,97.1148,0.2101,-1.4463,-7.3786,-5.5446,,2268720.5,0.8872,103.5,108.0,108.0,93.0,92.0,92.0,-2.0282,-3.252,-3.1094,-1.7658,-7.8261,-11.6667,-11.6667,3.6957,3.6957
20240506,3189,景碩,TWSE,95.6,95.6,94.1,94.8,1696514.0,160667235.0,TWSE_RWD_JSON_MI_INDEX,data/daily_price/daily_price_20240506.csv,95.72,97.015,98.52,98.4152,96.9219,-0.6289,-2.268,-7.0588,-5.2,,2256340.4,0.7519,102.0,108.0,108.0,93.0,92.0,92.0,-2.2832,-3.7759,-3.6734,-2.1893,-7.0588,-12.2222,-12.2222,3.0435,3.0435
20240507,3189,景碩,TWSE,95.0,95.4,93.8,94.5,1810717.0,170632008.0,TWSE_RWD_JSON_MI_INDEX,data/daily_price/daily_price_20240507.csv,95.04,96.69,98.4033,98.3663,96.7201,-0.3165,-3.4729,-6.4356,-6.8966,,2200712.05,0.8228,101.5,108.0,108.0,93.0,92.0,92.0,-2.265,-3.9667,-3.9305,-2.2954,-6.8966,-12.5,-12.5,2.7174,2.7174
20240508,3189,景碩,TWSE,94.6,95.7,93.7,95.5,1410319.0,133743873.0,TWSE_RWD_JSON_MI_INDEX,data/daily_price/daily_price_20240508.csv,95.08,96.415,98.27,98.3309,96.6184,1.0582,0.2099,-5.4455,-7.7295,,2193842.15,0.6429,101.5,106.5,108.0,93.0,92.0,92.0,-0.949,-2.8188,-2.8789,-1.1576,-5.9113,-10.3286,-11.5741,3.8043,3.8043
20240509,3189,景碩,TWSE,95.4,95.4,94.0,94.2,1384878.0,130858396.0,TWSE_RWD_JSON_MI_INDEX,data/daily_price/daily_price_20240509.csv,94.88,96.14,98.165,98.2805,96.4169,-1.3613,-1.0504,-5.5165,-6.2687,,2162228.05,0.6405,101.5,106.5,108.0,93.0,92.0,92.0,-2.0179,-4.0391,-4.1519,-2.2993,-7.1921,-11.5493,-12.7778,2.3913,2.3913
20240510,3189,景碩,TWSE,94.2,95.0,93.2,94.2,2820327.0,265309969.0,TWSE_RWD_JSON_MI_INDEX,data/daily_price/daily_price_20240510.csv,94.64,95.8,98.06,98.2313,96.2321,0.0,-1.2579,-6.7327,-6.2687,,2207032.75,1.2779,101.5,106.5,108.0,93.0,92.0,92.0,-1.6701,-3.9364,-4.1039,-2.1117,-7.1921,-11.5493,-12.7778,2.3913,2.3913
20240513,3189,景碩,TWSE,94.3,96.0,94.1,95.8,1463269.0,139048638.0,TWSE_RWD_JSON_MI_INDEX,data/daily_price/daily_price_20240513.csv,94.84,95.7,97.9483,98.2024,96.1961,1.6985,1.0549,-2.045,-6.5366,,2101552.3,0.6963,98.7,106.5,108.0,93.0,92.0,92.0,0.1045,-2.1933,-2.4464,-0.4118,-2.9382,-10.0469,-11.2963,4.1304,4.1304
20240514,3189,景碩,TWSE,95.3,96.7,95.2,95.8,1824400.0,174888064.0,TWSE_RWD_JSON_MI_INDEX,data/daily_price/daily_price_20240514.csv,95.1,95.63,97.8617,98.1741,96.1631,0.0,1.3757,-1.4403,-5.1485,,2062489.55,0.8846,98.7,106.5,108.0,93.0,92.0,92.0,0.1778,-2.1067,-2.4183,-0.3776,-2.9382,-10.0469,-11.2963,4.1304,4.1304
20240515,3189,景碩,TWSE,95.7,96.6,95.3,95.7,1687593.0,161813197.0,TWSE_RWD_JSON_MI_INDEX,data/daily_price/daily_price_20240515.csv,95.14,95.615,97.7733,98.1453,96.1245,-0.1044,0.2094,-0.3125,-5.2475,,1997801.75,0.8447,98.7,106.5,108.0,93.0,92.0,92.0,0.0889,-2.1206,-2.4916,-0.4416,-3.0395,-10.1408,-11.3889,4.0217,4.0217
20240516,3189,景碩,TWSE,96.0,96.7,94.5,94.5,1623164.0,154764865.0,TWSE_RWD_JSON_MI_INDEX,data/daily_price/daily_price_20240516.csv,95.2,95.465,97.6483,98.1034,95.9891,-1.2539,0.3185,-3.0769,-7.3529,,1984542.95,0.8179,98.7,106.5,108.0,93.0,92.0,92.0,-1.0108,-3.2242,-3.6731,-1.5514,-4.2553,-11.2676,-12.5,2.7174,2.7174
20240517,3189,景碩,TWSE,94.6,96.0,94.1,95.5,1645662.0,156354935.0,TWSE_RWD_JSON_MI_INDEX,data/daily_price/daily_price_20240517.csv,95.46,95.45,97.5067,98.0739,95.9484,1.0582,1.38,-0.3132,-8.1731,,1979478.3,0.8314,98.7,105.0,108.0,93.0,92.0,92.0,0.0524,-2.058,-2.6244,-0.4673,-3.2421,-9.0476,-11.5741,3.8043,3.8043
20240520,3189,景碩,TWSE,95.5,96.3,94.7,95.4,1818817.0,173510047.0,TWSE_RWD_JSON_MI_INDEX,data/daily_price/daily_price_20240520.csv,95.38,95.52,97.3967,98.0438,95.9027,-0.1047,-0.4175,1.4894,-6.4706,,1873960.0,0.9706,98.7,103.5,108.0,93.2,92.0,92.0,-0.1256,-2.05,-2.6966,-0.5242,-3.3435,-7.8261,-11.6667,3.6957,3.6957
20240521,3189,景碩,TWSE,95.6,95.6,94.0,94.0,1779345.0,167920389.0,TWSE_RWD_JSON_MI_INDEX,data/daily_price/daily_price_20240521.csv,95.02,95.495,97.2717,97.9989,95.7441,-1.4675,-1.8789,-0.5291,-7.3892,,1849729.85,0.9619,98.7,103.5,108.0,93.2,92.0,92.0,-1.5655,-3.3634,-4.0805,-1.8217,-4.7619,-9.1787,-12.963,2.1739,2.1739
20240522,3189,景碩,TWSE,94.0,94.8,93.6,94.8,1484695.0,139883666.0,TWSE_RWD_JSON_MI_INDEX,data/daily_price/daily_price_20240522.csv,94.84,95.47,97.1767,97.9637,95.6654,0.8511,-0.9404,-0.5247,-5.6716,,1861776.3,0.7975,98.7,103.5,108.0,93.2,92.0,92.0,-0.7018,-2.4457,-3.2295,-0.9047,-3.9514,-8.4058,-12.2222,3.0435,3.0435
20240523,3189,景碩,TWSE,94.2,95.5,94.2,94.4,1911262.0,181150006.0,TWSE_RWD_JSON_MI_INDEX,data/daily_price/daily_price_20240523.csv,94.82,95.335,97.1033,97.925,95.56,-0.4219,-0.1058,-2.7806,-4.4534,,1819743.5,1.0503,98.1,103.5,108.0,93.2,92.0,92.0,-0.9808,-2.784,-3.5997,-1.2139,-3.7717,-8.7923,-12.5926,2.6087,2.6087
20240524,3189,景碩,TWSE,94.1,94.8,94.0,94.4,1509696.0,142420889.0,TWSE_RWD_JSON_MI_INDEX,data/daily_price/daily_price_20240524.csv,94.6,95.215,97.0233,97.8871,95.4633,0.0,-1.1518,-2.4793,-4.8387,,1838501.65,0.8212,98.1,103.5,108.0,93.2,92.0,92.0,-0.856,-2.7038,-3.5624,-1.1139,-3.7717,-8.7923,-12.5926,2.6087,2.6087
20240527,3189,景碩,TWSE,94.4,95.5,94.0,94.6,2070712.0,196026646.0,TWSE_RWD_JSON_MI_INDEX,data/daily_price/daily_price_20240527.csv,94.44,95.095,96.9967,97.8521,95.3914,0.2119,-0.8386,-2.4742,-1.6632,,1890443.35,1.0954,98.1,103.5,108.0,93.2,92.0,92.0,-0.5205,-2.4709,-3.3235,-0.8296,-3.5678,-8.599,-12.4074,2.8261,2.8261
20240528,3189,景碩,TWSE,95.0,96.8,94.6,96.1,2830070.0,270655843.0,TWSE_RWD_JSON_MI_INDEX,data/daily_price/daily_price_20240528.csv,94.86,95.005,96.9867,97.8337,95.4504,1.5856,2.234,-1.8386,-0.6205,,1953158.4,1.449,97.0,103.5,108.0,93.2,92.0,92.0,1.1526,-0.9142,-1.7721,0.6805,-0.9278,-7.1498,-11.0185,4.4565,4.4565
20240529,3189,景碩,TWSE,96.6,100.0,96.3,96.3,5596564.0,547823056.0,TWSE_RWD_JSON_MI_INDEX,data/daily_price/daily_price_20240529.csv,95.16,95.055,96.9767,97.8177,95.5212,0.2081,1.5823,1.0493,-0.6192,,1982782.4,2.8226,100.0,103.5,108.0,93.2,92.0,92.0,1.3098,-0.6978,-1.5516,0.8153,-3.7,-6.9565,-10.8333,4.6739,4.6739
20240530,3189,景碩,TWSE,96.0,96.5,95.0,95.8,2128902.0,203541226.0,TWSE_RWD_JSON_MI_INDEX,data/daily_price/daily_price_20240530.csv,95.44,95.085,96.96,97.7969,95.5445,-0.5192,1.4831,0.6303,-1.0331,,2025491.0,1.0511,100.0,103.5,108.0,93.2,92.0,92.0,0.752,-1.1964,-2.0419,0.2675,-4.2,-7.4396,-11.2963,4.1304,4.1304
20240531,3189,景碩,TWSE,95.8,97.0,94.5,94.5,2726390.0,259812749.0,TWSE_RWD_JSON_MI_INDEX,data/daily_price/daily_price_20240531.csv,95.46,95.04,96.9317,97.7633,95.4574,-1.357,0.1059,-0.9434,-1.7672,,2061164.8,1.3227,100.0,103.5,108.0,93.2,92.0,92.0,-0.5682,-2.5086,-3.3379,-1.003,-5.5,-8.6957,-12.5,2.7174,2.7174
20240603,3189,景碩,TWSE,95.6,96.4,93.5,93.7,3408426.0,321935671.0,TWSE_RWD_JSON_MI_INDEX,data/daily_price/daily_price_20240603.csv,95.28,94.985,96.9083,97.7222,95.311,-0.8466,-0.9514,-1.1603,-1.4721,,2146760.4,1.5877,100.0,103.5,108.0,93.2,92.0,92.0,-1.3528,-3.3107,-4.116,-1.6902,-6.3,-9.4686,-13.2407,1.8478,1.8478
20240604,3189,景碩,TWSE,94.9,94.9,92.7,94.3,3689546.0,345054022.0,TWSE_RWD_JSON_MI_INDEX,data/daily_price/daily_price_20240604.csv,94.92,94.975,96.9167,97.688,95.2267,0.6403,-1.873,-0.2116,0.533,,2240701.85,1.6466,100.0,103.5,108.0,92.7,92.0,92.0,-0.7107,-2.6999,-3.4682,-0.9732,-5.7,-8.8889,-12.6852,2.5,2.5
20240605,3189,景碩,TWSE,94.3,94.4,92.6,93.0,2612311.0,243102295.0,TWSE_RWD_JSON_MI_INDEX,data/daily_price/daily_price_20240605.csv,94.26,94.85,96.85,97.6416,95.0412,-1.3786,-3.4268,-2.6178,-4.1237,,2300801.45,1.1354,100.0,103.5,108.0,92.6,92.0,92.0,-1.9504,-3.9752,-4.7537,-2.1477,-7.0,-10.1449,-13.8889,1.087,1.087
20240606,3189,景碩,TWSE,93.0,93.6,92.2,92.3,2510566.0,232724715.0,TWSE_RWD_JSON_MI_INDEX,data/daily_price/daily_price_20240606.csv,93.56,94.755,96.7517,97.5892,94.8127,-0.7527,-3.6534,-2.017,-6.0081,,2357085.85,1.0651,100.0,103.5,108.0,92.2,92.0,92.0,-2.5909,-4.6011,-5.4199,-2.6502,-7.7,-10.8213,-14.537,0.3261,0.3261
20240607,3189,景碩,TWSE,93.2,94.0,92.6,93.3,1713129.0,159384248.0,TWSE_RWD_JSON_MI_INDEX,data/daily_price/daily_price_20240607.csv,93.32,94.71,96.695,97.5476,94.6867,1.0834,-1.2698,-0.9554,-3.516,,2301725.95,0.7443,100.0,103.5,108.0,92.2,92.0,92.0,-1.4888,-3.511,-4.3544,-1.4645,-6.7,-9.8551,-13.6111,1.413,1.413
20240611,3189,景碩,TWSE,93.2,93.2,91.5,92.0,2781432.0,255865852.0,TWSE_RWD_JSON_MI_INDEX,data/daily_price/daily_price_20240611.csv,92.98,94.52,96.6483,97.4942,94.4628,-1.3934,-1.8143,-3.9666,-2.9536,,2367634.1,1.1748,100.0,103.5,108.0,91.5,91.5,91.5,-2.6661,-4.8095,-5.6354,-2.6071,-8.0,-11.1111,-14.8148,0.5464,0.5464
20240612,3189,景碩,TWSE,92.0,92.6,90.8,90.8,2044086.0,186631317.0,TWSE_RWD_JSON_MI_INDEX,data/daily_price/daily_price_20240612.csv,92.28,94.27,96.5883,97.4305,94.1576,-1.3043,-3.7116,-5.2192,-3.8136,,2378618.4,0.8594,100.0,103.5,108.0,90.8,90.8,90.8,-3.6809,-5.9928,-6.8053,-3.5659,-9.2,-12.2705,-15.9259,0.0,0.0
20240613,3189,景碩,TWSE,91.0,91.6,90.2,90.7,2579160.0,233968798.0,TWSE_RWD_JSON_MI_INDEX,data/daily_price/daily_price_20240613.csv,91.82,94.02,96.565,97.367,93.8694,-0.1101,-2.4731,-5.2247,-1.5201,,2423196.75,1.0644,100.0,103.5,108.0,90.2,90.2,90.2,-3.5312,-6.0736,-6.8473,-3.3764,-9.3,-12.3671,-16.0185,0.5543,0.5543
20240614,3189,景碩,TWSE,91.0,94.2,91.0,92.6,2831764.0,261694286.0,TWSE_RWD_JSON_MI_INDEX,data/daily_price/daily_price_20240614.csv,91.88,93.925,96.475,97.3224,93.7636,2.0948,0.325,-2.0106,-5.5102,,2483626.75,1.1402,100.0,103.5,108.0,90.2,90.2,90.2,-1.4107,-4.0166,-4.8524,-1.241,-7.4,-10.5314,-14.2593,2.6608,2.6608
20240617,3189,景碩,TWSE,92.6,92.7,91.9,92.0,1163111.0,107362374.0,TWSE_RWD_JSON_MI_INDEX,data/daily_price/daily_price_20240617.csv,91.62,93.75,96.3533,97.2731,93.6167,-0.6479,-1.3934,-3.6649,-7.3515,,2459499.2,0.4729,100.0,103.5,108.0,90.2,90.2,90.2,-1.8667,-4.5181,-5.421,-1.7269,-8.0,-11.1111,-14.8148,1.9956,1.9956
20240618,3189,景碩,TWSE,92.2,93.6,92.0,92.9,1507669.0,139958072.0,TWSE_RWD_JSON_MI_INDEX,data/daily_price/daily_price_20240618.csv,91.8,93.625,96.185,97.233,93.5569,0.9783,0.9783,-2.6205,-9.8058,,2443941.8,0.6169,100.0,103.5,108.0,90.2,90.2,90.2,-0.7744,-3.4153,-4.4563,-0.7022,-7.1,-10.2415,-13.9815,2.9933,2.9933
20240619,3189,景碩,TWSE,93.2,93.9,92.0,92.3,2710090.0,251722920.0,TWSE_RWD_JSON_MI_INDEX,data/daily_price/daily_price_20240619.csv,92.1,93.54,96.0317,97.1882,93.4522,-0.6459,1.652,-1.8085,-9.064,,2490479.05,1.0882,100.0,103.5,108.0,90.2,90.2,90.2,-1.3256,-3.8859,-5.0296,-1.2329,-7.7,-10.8213,-14.537,2.3282,2.3282
20240620,3189,景碩,TWSE,93.3,95.8,92.6,94.2,4968685.0,469203174.0,TWSE_RWD_JSON_MI_INDEX,data/daily_price/daily_price_20240620.csv,92.8,93.51,95.91,97.1613,93.5145,2.0585,3.8589,-0.6329,-7.1921,,2664678.55,1.8646,100.0,103.5,108.0,90.2,90.2,90.2,0.7379,-1.7829,-3.0478,0.733,-5.8,-8.9855,-12.7778,4.4346,4.4346
20240621,3189,景碩,TWSE,93.4,95.3,92.3,94.2,5051705.0,473771567.0,TWSE_RWD_JSON_MI_INDEX,data/daily_price/daily_price_20240621.csv,93.12,93.5,95.7967,97.1348,93.5716,0.0,1.7279,-0.2119,-6.7327,,2821700.7,1.7903,100.0,103.5,108.0,90.2,90.2,90.2,0.7487,-1.6667,-3.0214,0.6715,-5.8,-8.9855,-12.7778,4.4346,4.4346
20240624,3189,景碩,TWSE,94.0,94.6,92.4,94.5,2861219.0,267270940.0,TWSE_RWD_JSON_MI_INDEX,data/daily_price/daily_price_20240624.csv,93.62,93.505,95.71,97.1115,93.649,0.3185,2.7174,0.1059,-5.2156,,2889276.85,0.9903,100.0,103.5,108.0,90.2,90.2,90.2,1.0641,-1.2642,-2.6892,0.9087,-5.5,-8.6957,-12.5,4.7672,4.7672
20240625,3189,景碩,TWSE,93.7,94.1,93.0,93.0,1659519.0,154872437.0,TWSE_RWD_JSON_MI_INDEX,data/daily_price/daily_price_20240625.csv,93.64,93.425,95.6033,97.0754,93.5949,-1.5873,0.1076,-1.6913,-6.4386,,2868717.2,0.5785,100.0,103.5,108.0,90.2,90.2,90.2,-0.4549,-2.7231,-4.1982,-0.6356,-7.0,-10.1449,-13.8889,3.1042,3.1042
20240626,3189,景碩,TWSE,93.5,93.6,92.2,92.5,1703775.0,157959223.0,TWSE_RWD_JSON_MI_INDEX,data/daily_price/daily_price_20240626.csv,93.68,93.245,95.4967,97.0357,93.5037,-0.5376,0.2167,-3.7461,-6.4712,,2812402.45,0.6058,100.0,103.5,108.0,90.2,90.2,90.2,-0.799,-3.138,-4.6742,-1.0734,-7.5,-10.628,-14.3519,2.5499,2.5499
20240627,3189,景碩,TWSE,92.5,92.5,91.6,91.8,1473347.0,135482992.0,TWSE_RWD_JSON_MI_INDEX,data/daily_price/daily_price_20240627.csv,93.2,93.02,95.3817,96.9905,93.3617,-0.7568,-2.5478,-4.6729,-6.9909,,2606241.6,0.5653,97.0,103.5,108.0,90.2,90.2,90.2,-1.3115,-3.7551,-5.3516,-1.6727,-5.3608,-11.3043,-15.0,1.7738,1.7738
20240628,3189,景碩,TWSE,92.0,92.7,91.5,92.4,2105583.0,193904832.0,TWSE_RWD_JSON_MI_INDEX,data/daily_price/daily_price_20240628.csv,92.84,92.85,95.23,96.9513,93.2816,0.6536,-1.9108,-3.5491,-8.9655,,2605075.65,0.8083,97.0,103.5,108.0,90.2,90.2,90.2,-0.4847,-2.9718,-4.6944,-0.9451,-4.7423,-10.7246,-14.4444,2.439,2.439
20240701,3189,景碩,TWSE,92.5,94.4,91.7,94.4,5847640.0,545992021.0,TWSE_RWD_JSON_MI_INDEX,data/daily_price/daily_price_20240701.csv,92.82,92.845,95.0867,96.9297,93.3748,2.1645,-0.1058,-0.1058,-8.3495,,2761138.15,2.1178,96.4,103.5,108.0,90.2,90.2,90.2,1.6748,-0.7221,-2.6098,1.098,-2.0747,-8.7923,-12.5926,4.6563,4.6563
20240702,3189,景碩,TWSE,94.4,94.5,92.8,94.5,4727878.0,442117612.0,TWSE_RWD_JSON_MI_INDEX,data/daily_price/daily_price_20240702.csv,93.12,92.885,94.9617,96.9092,93.4685,0.1059,1.6129,0.8538,-7.3529,,2827110.75,1.6723,95.8,102.0,108.0,90.2,90.2,90.2,1.7387,-0.4862,-2.4861,1.1035,-1.357,-7.3529,-12.5,4.7672,4.7672
20240703,3189,景碩,TWSE,94.5,95.1,93.3,95.1,4801317.0,453119950.0,TWSE_RWD_JSON_MI_INDEX,data/daily_price/daily_price_20240703.csv,93.64,92.925,94.8633,96.8942,93.6045,0.6349,2.8108,0.8484,-5.8416,,2882699.3,1.6656,95.8,101.5,108.0,90.2,90.2,90.2,2.3406,0.2495,-1.8517,1.5977,-0.7307,-6.3054,-11.9444,5.4324,5.4324
20240704,3189,景碩,TWSE,94.9,94.9,89.7,90.2,20431036.0,1858874965.0,TWSE_RWD_JSON_MI_INDEX,data/daily_price/daily_price_20240704.csv,93.32,92.785,94.6833,96.8275,93.3208,-5.1525,-1.7429,-3.0108,-10.6931,-8.1466,3773635.55,5.4142,95.8,101.5,108.0,89.7,89.7,89.7,-2.786,-4.7351,-6.8446,-3.3441,-5.8455,-11.133,-16.4815,0.5574,0.5574
20240705,3189,景碩,TWSE,91.0,92.8,90.8,92.7,9333656.0,858865226.0,TWSE_RWD_JSON_MI_INDEX,data/daily_price/daily_price_20240705.csv,93.38,92.805,94.5667,96.785,93.2691,2.7716,0.3247,0.4334,-7.0211,-5.2147,4114790.05,2.2683,95.8,101.5,108.0,89.7,89.7,89.7,-0.1131,-1.9739,-4.2207,-0.6101,-3.2359,-8.67,-14.1667,3.3445,3.3445
20240708,3189,景碩,TWSE,93.1,95.8,92.9,94.4,9163444.0,864975872.0,TWSE_RWD_JSON_MI_INDEX,data/daily_price/daily_price_20240708.csv,93.38,92.86,94.4567,96.7575,93.3633,1.8339,0.0,1.179,-6.5347,-3.3777,4487305.8,2.0421,95.8,101.5,108.0,89.7,89.7,89.7,1.6584,-0.06,-2.4365,1.1104,-1.4614,-6.9951,-12.5926,5.2397,5.2397
20240709,3189,景碩,TWSE,94.8,95.2,92.8,94.8,4509080.0,423677128.0,TWSE_RWD_JSON_MI_INDEX,data/daily_price/daily_price_20240709.csv,93.44,93.0,94.4067,96.7383,93.483,0.4237,0.3175,3.0435,-3.0675,-2.3687,4573688.2,0.9859,95.8,100.0,108.0,89.7,89.7,89.7,1.9355,0.4166,-2.0037,1.4088,-1.0438,-5.2,-12.2222,5.6856,5.6856
20240710,3189,景碩,TWSE,95.2,99.6,93.6,99.4,9488482.0,920502468.0,TWSE_RWD_JSON_MI_INDEX,data/daily_price/daily_price_20240710.csv,94.3,93.43,94.4433,96.7517,93.9761,4.8523,4.5216,9.4714,2.2634,1.636,4945908.0,1.9185,99.6,100.0,108.0,89.7,89.7,89.7,6.3898,5.2483,2.7372,5.7716,-0.2008,-0.6,-7.963,10.8138,10.8138
20240711,3189,景碩,TWSE,107.0,109.0,106.5,109.0,32620723.0,3536846973.0,TWSE_RWD_JSON_MI_INDEX,data/daily_price/daily_price_20240711.csv,98.06,94.345,94.66,96.8383,95.2281,9.6579,20.8426,20.1764,13.5417,10.5477,6447986.15,5.0591,109.0,109.0,109.0,89.7,89.7,89.7,15.5334,15.149,12.5587,14.462,0.0,0.0,0.0,21.5162,21.5162
20240712,3189,景碩,TWSE,111.0,119.5,110.0,119.5,69841144.0,8107701645.0,TWSE_RWD_JSON_MI_INDEX,data/daily_price/daily_price_20240712.csv,103.42,95.69,95.0267,97.0308,97.2508,9.633,28.9105,29.0497,22.5641,23.9627,9798455.15,7.1278,119.5,119.5,119.5,89.7,89.7,89.7,24.8824,25.7542,23.1567,22.8782,0.0,0.0,0.0,33.2219,33.2219
20240715,3189,景碩,TWSE,120.0,122.5,115.0,120.0,38870261.0,4619878559.0,TWSE_RWD_JSON_MI_INDEX,data/daily_price/daily_price_20240715.csv,108.54,97.09,95.43,97.2292,99.1465,0.4184,27.1186,30.4348,25.261,24.7401,11683812.65,3.3268,122.5,122.5,122.5,89.7,89.7,89.7,23.5967,25.7466,23.4198,21.033,-2.0408,-2.0408,-2.0408,33.7793,33.7793
20240716,3189,景碩,TWSE,119.5,122.0,117.0,120.0,23424161.0,2794740601.0,TWSE_RWD_JSON_MI_INDEX,data/daily_price/daily_price_20240716.csv,113.58,98.445,95.8633,97.4317,100.8843,0.0,26.5823,29.1712,27.6596,25.3918,12779637.25,1.8329,122.5,122.5,122.5,89.7,89.7,89.7,21.8955,25.1782,23.1632,18.9481,-2.0408,-2.0408,-2.0408,33.7793,33.7793
20240717,3189,景碩,TWSE,120.5,132.0,119.5,132.0,44274859.0,5668716452.0,TWSE_RWD_JSON_MI_INDEX,data/daily_price/daily_price_20240717.csv,120.1,100.43,96.4883,97.7225,103.4773,10.0,32.7968,43.0119,39.6825,35.9423,14857875.7,2.9799,132.0,132.0,132.0,89.7,89.7,89.7,31.4348,36.8041,35.0764,27.5642,0.0,0.0,0.0,47.1572,47.1572
20240718,3189,景碩,TWSE,128.5,129.5,122.0,125.0,49181953.0,6210685251.0,TWSE_RWD_JSON_MI_INDEX,data/daily_price/daily_price_20240718.csv,123.3,101.97,96.9833,97.9483,105.2708,-5.303,14.6789,32.6964,31.1647,27.6813,17068539.1,2.8814,132.0,132.0,132.0,89.7,89.7,89.7,22.5851,28.8881,27.6183,18.7413,-5.303,-5.303,-5.303,39.3534,39.3534
20240719,3189,景碩,TWSE,125.0,126.5,115.0,117.5,31258287.0,3752499189.0,TWSE_RWD_JSON_MI_INDEX,data/daily_price/daily_price_20240719.csv,122.9,103.135,97.3233,98.1275,106.2899,-6.0,-1.6736,24.7346,21.0093,22.3958,18378868.2,1.7008,132.0,132.0,132.0,89.7,89.7,89.7,13.9283,20.7316,19.7422,10.5467,-10.9848,-10.9848,-10.9848,30.9922,30.9922
20240722,3189,景碩,TWSE,119.5,120.0,111.0,115.5,24089910.0,2785310958.0,TWSE_RWD_JSON_MI_INDEX,data/daily_price/daily_price_20240722.csv,122.0,104.185,97.635,98.2925,107.0574,-1.7021,-3.75,22.2222,19.3182,20.6897,19440302.75,1.2392,132.0,132.0,132.0,89.7,89.7,89.7,10.8605,18.2977,17.5064,7.886,-12.5,-12.5,-12.5,28.7625,28.7625
20240723,3189,景碩,TWSE,119.0,124.0,118.0,119.0,31282461.0,3782777702.0,TWSE_RWD_JSON_MI_INDEX,data/daily_price/daily_price_20240723.csv,121.8,105.485,98.0017,98.4642,108.0527,3.0303,-0.8333,27.957,22.6804,20.935,20921449.85,1.4952,132.0,132.0,132.0,89.7,89.7,89.7,12.8122,21.4265,20.8561,10.1315,-9.8485,-9.8485,-9.8485,32.6644,32.6644
20240726,3189,景碩,TWSE,112.0,122.0,110.0,120.0,21103318.0,2473426284.0,TWSE_RWD_JSON_MI_INDEX,data/daily_price/daily_price_20240726.csv,119.4,106.86,98.37,98.6308,109.0483,0.8403,-9.0909,29.7297,22.5741,20.0,21891427.0,0.964,132.0,132.0,132.0,89.7,89.7,89.7,12.2965,21.9884,21.6658,10.043,-9.0909,-9.0909,-9.0909,33.7793,33.7793
20240729,3189,景碩,TWSE,123.5,127.5,117.5,119.0,35014682.0,4268714635.0,TWSE_RWD_JSON_MI_INDEX,data/daily_price/daily_price_20240729.csv,118.2,108.22,98.765,98.7767,109.8776,-0.8333,-4.8,29.6296,24.8688,17.2414,23568493.75,1.4857,132.0,132.0,132.0,89.7,89.7,89.7,9.9612,20.488,20.4738,8.3023,-9.8485,-9.8485,-9.8485,32.6644,32.6644
20240730,3189,景碩,TWSE,114.0,116.5,107.5,111.0,36589604.0,4025366880.0,TWSE_RWD_JSON_MI_INDEX,data/daily_price/daily_price_20240730.csv,116.9,109.15,99.0283,98.8642,109.9711,-6.7227,-5.5319,20.1299,16.5966,10.4478,25292694.8,1.4466,132.0,132.0,132.0,89.7,89.7,89.7,1.6949,12.0891,12.2753,0.9356,-15.9091,-15.9091,-15.9091,23.7458,23.7458
20240731,3189,景碩,TWSE,109.0,110.0,102.5,106.5,25611956.0,2718200671.0,TWSE_RWD_JSON_MI_INDEX,data/daily_price/daily_price_20240731.csv,115.1,109.755,99.2133,98.91,109.6819,-4.0541,-7.7922,12.8178,11.6352,5.4455,26280910.6,0.9745,132.0,132.0,132.0,89.7,89.7,89.7,-2.9657,7.3444,7.6736,-2.901,-19.3182,-19.3182,-19.3182,18.7291,18.7291
20240801,3189,景碩,TWSE,110.0,116.5,109.5,111.0,24235099.0,2740853125.0,TWSE_RWD_JSON_MI_INDEX,data/daily_price/daily_price_20240801.csv,113.5,110.58,99.4833,99.0017,109.7917,4.2254,-6.7227,17.4603,17.0886,11.0,27256271.65,0.8892,132.0,132.0,132.0,89.7,89.7,89.7,0.3798,11.5765,12.1193,1.1005,-15.9091,-15.9091,-15.9091,23.7458,23.7458
20240802,3189,景碩,TWSE,105.5,108.0,103.5,104.5,13895323.0,1469167510.0,TWSE_RWD_JSON_MI_INDEX,data/daily_price/daily_price_20240802.csv,110.4,111.05,99.65,99.0267,109.3507,-5.8559,-12.9167,9.8843,10.582,2.9557,27710971.95,0.5014,132.0,132.0,132.0,89.7,89.7,89.7,-5.8982,4.867,5.5271,-4.4359,-20.8333,-20.8333,-20.8333,16.4994,16.4994
20240805,3189,景碩,TWSE,97.5,101.5,94.1,97.0,24930470.0,2411041535.0,TWSE_RWD_JSON_MI_INDEX,data/daily_price/daily_price_20240805.csv,106.0,111.39,99.675,98.9725,108.3215,-7.177,-18.4874,7.5388,1.5707,-6.2802,27935943.65,0.8924,132.0,132.0,132.0,90.8,89.7,89.7,-12.9186,-2.6837,-1.993,-10.4518,-26.5152,-26.5152,-26.5152,8.1382,8.1382
20240806,3189,景碩,TWSE,103.0,103.5,88.1,90.8,28217203.0,2650503427.0,TWSE_RWD_JSON_MI_INDEX,data/daily_price/daily_price_20240806.csv,101.96,111.295,99.6183,98.8917,106.8614,-6.3918,-18.1982,-2.0496,-3.6093,-9.6517,28880121.0,0.977,132.0,132.0,132.0,88.1,88.1,88.1,-18.415,-8.8521,-8.1824,-15.0301,-31.2121,-31.2121,-31.2121,3.0647,3.0647
20240807,3189,景碩,TWSE,92.4,99.8,92.1,99.8,18341583.0,1769178384.0,TWSE_RWD_JSON_MI_INDEX,data/daily_price/daily_price_20240807.csv,100.62,111.565,99.7117,98.8858,106.2729,9.9119,-6.2911,5.7203,5.9448,-0.6965,29339027.95,0.6252,132.0,132.0,132.0,88.1,88.1,88.1,-10.5454,0.0886,0.9245,-6.0909,-24.3939,-24.3939,-24.3939,13.2804,13.2804
20240808,3189,景碩,TWSE,98.8,105.0,97.7,102.0,23895958.0,2414622510.0,TWSE_RWD_JSON_MI_INDEX,data/daily_price/daily_price_20240808.csv,98.82,111.925,99.815,98.8817,105.9169,2.2044,-8.1081,7.5949,6.4718,-0.4878,30308371.85,0.7884,132.0,132.0,132.0,88.1,88.1,88.1,-8.8675,2.189,3.1536,-3.698,-22.7273,-22.7273,-22.7273,15.7775,15.7775
20240809,3189,景碩,TWSE,108.0,108.5,103.5,105.0,18101307.0,1919103528.0,TWSE_RWD_JSON_MI_INDEX,data/daily_price/daily_price_20240809.csv,98.92,112.205,99.9683,98.915,105.8404,2.9412,0.4785,5.6338,9.6033,3.9604,30739013.1,0.5889,132.0,132.0,132.0,88.1,88.1,88.1,-6.4213,5.0333,6.1517,-0.7941,-20.4545,-20.4545,-20.4545,19.1827,19.1827
20240812,3189,景碩,TWSE,106.5,110.0,105.0,107.0,14535939.0,1564940987.0,TWSE_RWD_JSON_MI_INDEX,data/daily_price/daily_price_20240812.csv,100.92,112.105,100.1567,98.965,105.9371,1.9048,10.3093,-1.8349,11.8077,5.9406,29834773.9,0.4872,132.0,132.0,132.0,88.1,88.1,88.1,-4.5538,6.8326,8.119,1.0034,-18.9394,-18.9394,-18.9394,21.4529,21.4529
20240813,3189,景碩,TWSE,107.0,108.0,105.5,107.0,7301142.0,779396299.0,TWSE_RWD_JSON_MI_INDEX,data/daily_price/daily_price_20240813.csv,104.16,111.48,100.365,99.0067,106.0257,0.0,17.8414,-10.4603,13.2275,4.902,26707773.8,0.2734,132.0,132.0,132.0,88.1,88.1,88.1,-4.0187,6.6109,8.0735,0.919,-18.9394,-18.9394,-18.9394,21.4529,21.4529
20240814,3189,景碩,TWSE,108.5,109.0,104.5,105.5,10749273.0,1141709420.0,TWSE_RWD_JSON_MI_INDEX,data/daily_price/daily_price_20240814.csv,105.3,110.755,100.5317,99.0192,105.9818,-1.4019,5.7114,-12.0833,10.4712,1.4423,25301724.4,0.4248,132.0,132.0,132.0,88.1,88.1,88.1,-4.7447,4.9421,6.545,-0.4547,-20.0758,-20.0758,-20.0758,19.7503,19.7503
20240815,3189,景碩,TWSE,105.5,106.0,102.0,102.5,8137801.0,841509861.0,TWSE_RWD_JSON_MI_INDEX,data/daily_price/daily_price_20240815.csv,105.4,109.88,100.65,99.0233,105.6917,-2.8436,0.4902,-14.5833,7.4423,0.4902,24537406.4,0.3316,132.0,132.0,132.0,88.1,88.1,88.1,-6.7164,1.8381,3.511,-3.0198,-22.3485,-22.3485,-22.3485,16.3451,16.3451
20240816,3189,景碩,TWSE,105.5,107.5,104.5,105.5,7304608.0,772712104.0,TWSE_RWD_JSON_MI_INDEX,data/daily_price/daily_price_20240816.csv,105.5,108.555,100.8417,99.0567,105.6757,2.9268,0.4762,-20.0758,12.234,3.9409,22688893.85,0.3219,129.5,132.0,132.0,88.1,88.1,88.1,-2.8142,4.6195,6.5047,-0.1663,-18.5328,-20.0758,-20.0758,19.7503,19.7503
20240819,3189,景碩,TWSE,105.5,106.5,104.0,104.5,4171737.0,437610531.0,TWSE_RWD_JSON_MI_INDEX,data/daily_price/daily_price_20240819.csv,105.0,107.53,101.0033,99.09,105.5777,-0.9479,-2.3364,-16.4,10.2321,3.9801,20438383.05,0.2041,127.5,132.0,132.0,88.1,88.1,88.1,-2.8178,3.4619,5.4597,-1.0208,-18.0392,-20.8333,-20.8333,18.6152,18.6152
20240820,3189,景碩,TWSE,105.0,107.5,105.0,105.5,4457331.0,472134155.0,TWSE_RWD_CSV_MI_INDEX,data/daily_price/daily_price_20240820.csv,104.7,106.93,101.1883,99.1458,105.5713,0.9569,-1.4019,-10.2128,11.7585,6.7814,19098335.25,0.2334,127.5,132.0,132.0,88.1,88.1,88.1,-1.3373,4.261,6.4089,-0.0675,-17.2549,-20.0758,-20.0758,19.7503,19.7503
20240821,3189,景碩,TWSE,105.0,106.5,102.0,103.0,4746229.0,492914854.0,TWSE_RWD_JSON_MI_INDEX,data/daily_price/daily_price_20240821.csv,104.2,106.305,101.3317,99.1775,105.357,-2.3697,-2.3697,-10.8225,9.1102,3.8306,18131151.2,0.2618,127.5,132.0,132.0,88.1,88.1,88.1,-3.109,1.6464,3.8542,-2.2371,-19.2157,-21.9697,-21.9697,16.9126,16.9126
20240822,3189,景碩,TWSE,103.0,113.0,102.5,113.0,16794602.0,1842599644.0,TWSE_RWD_JSON_MI_INDEX,data/daily_price/daily_price_20240822.csv,106.3,106.005,101.6383,99.3175,105.9939,9.7087,10.2439,-5.042,19.4503,17.4636,17406758.25,0.9648,127.5,132.0,132.0,88.1,88.1,88.1,6.5987,11.1785,13.7765,6.6099,-11.3725,-14.3939,-14.3939,28.2633,28.2633
20240823,3189,景碩,TWSE,114.5,115.5,111.0,112.5,48830673.0,5513269946.0,TWSE_RWD_JSON_MI_INDEX,data/daily_price/daily_price_20240823.csv,107.7,105.63,101.9117,99.4492,106.5361,-0.4425,6.6351,-6.25,17.0656,16.3392,18793126.0,2.5983,127.5,132.0,132.0,88.1,88.1,88.1,6.5038,10.3897,13.1231,5.598,-11.7647,-14.7727,-14.7727,27.6958,27.6958
20240826,3189,景碩,TWSE,112.5,114.0,109.5,110.0,17577388.0,1961717749.0,TWSE_RWD_JSON_MI_INDEX,data/daily_price/daily_price_20240826.csv,108.8,105.18,102.14,99.5583,106.8247,-2.2222,5.2632,-7.563,14.2264,13.5191,17921261.3,0.9808,116.5,132.0,132.0,88.1,88.1,88.1,4.5826,7.6953,10.488,2.9724,-5.5794,-16.6667,-16.6667,24.8581,24.8581
20240827,3189,景碩,TWSE,108.0,111.0,108.0,110.0,10269103.0,1124161482.0,TWSE_RWD_JSON_MI_INDEX,data/daily_price/daily_price_20240827.csv,109.7,105.13,102.3767,99.6683,107.0893,0.0,4.2654,-0.9009,14.8225,13.6364,16605236.25,0.6184,116.5,132.0,132.0,88.1,88.1,88.1,4.6324,7.4464,10.366,2.718,-5.5794,-16.6667,-16.6667,24.8581,24.8581
20240828,3189,景碩,TWSE,110.0,113.0,109.0,113.0,12697322.0,1417502163.0,TWSE_RWD_JSON_MI_INDEX,data/daily_price/daily_price_20240828.csv,111.7,105.455,102.685,99.8083,107.5819,2.7273,9.7087,6.1033,19.5767,17.4636,15959504.55,0.7956,116.5,132.0,132.0,88.1,88.1,88.1,7.1547,10.0453,13.217,5.0363,-3.0043,-14.3939,-14.3939,28.2633,28.2633
20240829,3189,景碩,TWSE,111.5,122.0,111.0,118.5,40401285.0,4786890114.0,TWSE_RWD_JSON_MI_INDEX,data/daily_price/daily_price_20240829.csv,112.8,105.83,103.0983,100.0033,108.4917,4.8673,4.8673,6.7568,26.4674,24.6057,16767813.85,2.4095,122.0,132.0,132.0,88.1,88.1,88.1,11.972,14.9388,18.4961,9.2249,-2.8689,-10.2273,-10.2273,34.5062,34.5062
20240830,3189,景碩,TWSE,120.5,124.0,117.0,118.5,29315907.0,3515532442.0,TWSE_RWD_JSON_MI_INDEX,data/daily_price/daily_price_20240830.csv,114.0,106.53,103.5017,100.2092,109.3258,0.0,5.3333,13.3971,25.6628,26.3326,17538843.05,1.6715,124.0,132.0,132.0,88.1,88.1,88.1,11.2363,14.4909,18.2527,8.3916,-4.4355,-10.2273,-10.2273,34.5062,34.5062
20240902,3189,景碩,TWSE,116.5,118.0,112.5,114.5,19114623.0,2195326789.0,TWSE_RWD_JSON_MI_INDEX,data/daily_price/daily_price_20240902.csv,114.9,107.405,103.86,100.355,109.757,-3.3755,4.0909,18.0412,23.1183,18.0412,17248050.7,1.1082,124.0,132.0,132.0,88.1,88.1,88.1,6.6058,10.2446,14.095,4.3214,-7.6613,-13.2576,-13.2576,29.9659,29.9659
20240903,3189,景碩,TWSE,115.0,117.0,111.5,111.5,11116130.0,1262759388.0,TWSE_RWD_JSON_MI_INDEX,data/daily_price/daily_price_20240903.csv,115.2,108.44,104.18,100.4658,109.9022,-2.6201,1.3636,22.7974,20.8017,13.5438,16392997.05,0.6781,124.0,132.0,132.0,92.1,88.1,88.1,2.8218,7.0263,10.983,1.4538,-10.0806,-15.5303,-15.5303,26.5607,26.5607
20240904,3189,景碩,TWSE,102.5,107.0,101.0,104.0,15577271.0,1624559323.0,TWSE_RWD_JSON_MI_INDEX,data/daily_price/daily_price_20240904.csv,113.4,108.65,104.3583,100.5267,109.4104,-6.7265,-7.9646,4.2084,11.4684,7.5491,16254781.45,0.9583,124.0,132.0,132.0,97.7,88.1,88.1,-4.2798,-0.3434,3.4551,-4.945,-16.129,-21.2121,-21.2121,18.0477,18.0477
20240905,3189,景碩,TWSE,106.0,107.0,102.5,103.5,8344254.0,870179399.0,TWSE_RWD_JSON_MI_INDEX,data/daily_price/daily_price_20240905.csv,110.4,108.725,104.55,100.5992,108.9178,-0.4808,-12.6582,1.4706,12.5,9.1772,15477196.25,0.5391,124.0,132.0,132.0,101.0,88.1,88.1,-4.8057,-1.0043,2.8836,-4.9742,-16.5323,-21.5909,-21.5909,17.4801,17.4801
20240906,3189,景碩,TWSE,104.0,105.0,103.0,103.5,3261926.0,338409422.0,TWSE_RWD_JSON_MI_INDEX,data/daily_price/daily_price_20240906.csv,107.4,108.65,104.7617,100.675,108.4663,0.0,-12.6582,-1.4286,13.9868,9.6398,14735227.2,0.2214,124.0,132.0,132.0,101.0,88.1,88.1,-4.74,-1.2043,2.8061,-4.5787,-16.5323,-21.5909,-21.5909,17.4801,17.4801
20240909,3189,景碩,TWSE,100.5,103.5,100.5,102.5,5259569.0,538133432.0,TWSE_RWD_JSON_MI_INDEX,data/daily_price/daily_price_20240909.csv,105.0,108.425,104.9583,100.7617,107.9691,-0.9662,-10.4803,-4.2056,13.0099,11.2921,14271408.7,0.3685,124.0,132.0,132.0,100.5,88.1,88.1,-5.4646,-2.3422,1.7252,-5.0655,-17.3387,-22.3485,-22.3485,16.3451,16.3451
20240910,3189,景碩,TWSE,104.0,104.5,96.2,98.4,13098828.0,1300106187.0,TWSE_RWD_JSON_MI_INDEX,data/daily_price/daily_price_20240910.csv,102.38,107.995,105.055,100.765,107.1717,-4.0,-11.7489,-8.0374,6.2635,0.4082,14561293.0,0.8996,124.0,132.0,132.0,96.2,88.1,88.1,-8.8847,-6.3348,-2.347,-8.1847,-20.6452,-25.4545,-25.4545,11.6913,11.6913
20240911,3189,景碩,TWSE,99.4,101.0,98.3,99.3,6345116.0,632033028.0,TWSE_RWD_JSON_MI_INDEX,data/daily_price/daily_price_20240911.csv,101.44,107.685,105.1767,100.765,106.5157,0.9146,-4.5192,-5.8768,7.9348,0.0,14341085.15,0.4424,124.0,132.0,132.0,96.2,88.1,88.1,-7.7866,-5.5874,-1.4539,-6.7743,-19.9194,-24.7727,-24.7727,12.7128,12.7128
20240912,3189,景碩,TWSE,102.0,108.5,101.5,107.5,14808182.0,1560697879.0,TWSE_RWD_JSON_MI_INDEX,data/daily_price/daily_price_20240912.csv,102.24,107.935,105.42,100.8025,106.5978,8.2578,3.8647,4.878,15.7158,4.3689,14674604.2,1.0091,124.0,132.0,132.0,96.2,88.1,88.1,-0.403,1.9731,6.6442,0.8464,-13.3065,-18.5606,-18.5606,22.0204,22.0204
20240913,3189,景碩,TWSE,108.0,111.5,106.0,109.0,11465114.0,1244453149.0,TWSE_RWD_JSON_MI_INDEX,data/daily_price/daily_price_20240913.csv,103.34,108.11,105.6983,100.865,106.7979,1.3953,5.314,3.3175,18.0932,7.3892,14882629.5,0.7704,124.0,132.0,132.0,96.2,88.1,88.1,0.8232,3.1237,8.0652,2.0619,-12.0968,-17.4242,-17.4242,23.723,23.723
20240916,3189,景碩,TWSE,108.0,110.5,107.0,107.0,5489509.0,593799048.0,TWSE_RWD_JSON_MI_INDEX,data/daily_price/daily_price_20240916.csv,104.24,108.235,105.9117,100.9108,106.8148,-1.8349,4.3902,2.3923,13.5881,5.4187,14948518.1,0.3672,124.0,132.0,132.0,96.2,88.1,88.1,-1.141,1.0276,6.0342,0.1734,-13.7097,-18.9394,-18.9394,21.4529,21.4529
20240918,3189,景碩,TWSE,107.5,107.5,101.5,104.0,14890223.0,1545936689.0,TWSE_RWD_JSON_MI_INDEX,data/daily_price/daily_price_20240918.csv,105.36,108.16,106.075,100.9358,106.5802,-2.8037,5.6911,-1.4218,10.4034,2.9703,15470162.7,0.9625,124.0,132.0,132.0,96.2,88.1,88.1,-3.8462,-1.9562,3.0358,-2.4209,-16.129,-21.2121,-21.2121,18.0477,18.0477
20240919,3189,景碩,TWSE,104.5,106.0,102.5,105.5,6858060.0,715768108.0,TWSE_RWD_JSON_MI_INDEX,data/daily_price/daily_price_20240919.csv,106.6,108.285,106.2583,100.9842,106.4902,1.4423,6.2437,2.4272,11.6402,5.8175,15575754.25,0.4403,124.0,132.0,132.0,96.2,88.1,88.1,-2.5719,-0.7137,4.4718,-0.9299,-14.9194,-20.0758,-20.0758,19.7503,19.7503
20240920,3189,景碩,TWSE,107.5,110.0,104.5,104.5,8445191.0,899588226.0,TWSE_RWD_JSON_MI_INDEX,data/daily_price/daily_price_20240920.csv,106.0,107.86,106.45,101.0267,106.3244,-0.9479,-2.7907,-7.5221,12.3656,5.1308,15158283.7,0.5571,124.0,132.0,132.0,96.2,88.1,88.1,-3.1151,-1.8318,3.438,-1.7158,-15.7258,-20.8333,-20.8333,18.6152,18.6152
20240923,3189,景碩,TWSE,105.0,106.0,104.5,104.5,2768728.0,290590180.0,TWSE_RWD_JSON_MI_INDEX,data/daily_price/daily_price_20240923.csv,105.1,107.46,106.65,101.0733,106.1723,0.0,-4.1284,-7.1111,12.973,5.6623,12855186.45,0.2154,124.0,132.0,132.0,96.2,88.1,88.1,-2.7545,-2.0159,3.3903,-1.5751,-15.7258,-20.8333,-20.8333,18.6152,18.6152
20240924,3189,景碩,TWSE,105.0,105.5,102.5,103.5,3279187.0,339728183.0,TWSE_RWD_JSON_MI_INDEX,data/daily_price/daily_price_20240924.csv,104.4,107.135,106.845,101.1133,105.9496,-0.9569,-3.271,-5.9091,12.7451,4.8632,12140276.4,0.2701,124.0,132.0,132.0,96.2,88.1,88.1,-3.3929,-3.1307,2.3604,-2.3121,-16.5323,-21.5909,-21.5909,17.4801,17.4801
20240925,3189,景碩,TWSE,105.5,108.5,105.0,106.5,7705095.0,821988681.0,TWSE_RWD_JSON_MI_INDEX,data/daily_price/daily_price_20240925.csv,104.9,106.96,107.08,101.155,105.9955,2.8986,2.4038,-3.1818,15.2597,4.9261,12012076.0,0.6414,124.0,132.0,132.0,96.2,88.1,88.1,-0.4301,-0.5417,5.284,0.476,-14.1129,-19.3182,-19.3182,20.8854,20.8854
20240926,3189,景碩,TWSE,108.5,111.0,106.5,107.5,11199747.0,1218051537.0,TWSE_RWD_JSON_MI_INDEX,data/daily_price/daily_price_20240926.csv,105.3,106.685,107.2983,101.1925,106.1209,0.939,1.8957,-4.8673,13.8771,4.3689,11937197.25,0.9382,124.0,132.0,132.0,96.2,88.1,88.1,0.7639,0.1879,6.2332,1.2996,-13.3065,-18.5606,-18.5606,22.0204,22.0204
20240927,3189,景碩,TWSE,111.0,117.0,110.5,112.0,36518226.0,4142337183.0,TWSE_RWD_JSON_MI_INDEX,data/daily_price/daily_price_20240927.csv,106.8,106.36,107.59,101.2758,106.6108,4.186,7.177,-5.4852,18.5185,9.8039,11743044.3,3.1098,124.0,132.0,132.0,96.2,88.1,88.1,5.3027,4.0989,10.5891,5.055,-9.6774,-15.1515,-15.1515,27.1283,27.1283
20240930,3189,景碩,TWSE,111.5,113.0,109.0,110.0,8044296.0,890970322.0,TWSE_RWD_JSON_MI_INDEX,data/daily_price/daily_price_20240930.csv,107.9,105.935,107.8383,101.3508,106.8932,-1.7857,5.2632,-7.173,15.6677,8.9109,10679463.75,0.7532,118.0,132.0,132.0,96.2,88.1,88.1,3.8373,2.0045,8.5339,2.9064,-6.7797,-16.6667,-16.6667,24.8581,24.8581
20241001,3189,景碩,TWSE,111.0,112.5,108.0,110.0,6973530.0,768548665.0,TWSE_RWD_JSON_MI_INDEX,data/daily_price/daily_price_20241001.csv,109.2,105.71,108.1683,101.4258,107.1521,0.0,6.2802,-3.9301,21.9512,8.9109,10072409.1,0.6923,117.0,132.0,132.0,96.2,88.1,88.1,4.0583,1.6933,8.4536,2.6578,-5.9829,-16.6667,-16.6667,24.8581,24.8581
20241004,3189,景碩,TWSE,110.0,110.5,105.5,105.5,6729007.0,721600320.0,TWSE_RWD_JSON_MI_INDEX,data/daily_price/daily_price_20241004.csv,109.0,105.41,108.3817,101.4742,107.0145,-4.0909,-0.939,-5.3812,13.808,5.8175,9853052.95,0.6829,117.0,132.0,132.0,96.2,88.1,88.1,0.0854,-2.6588,3.9673,-1.4152,-9.8291,-20.0758,-20.0758,19.7503,19.7503
20241007,3189,景碩,TWSE,107.0,113.0,106.0,109.5,7505838.0,817352617.0,TWSE_RWD_JSON_MI_INDEX,data/daily_price/daily_price_20241007.csv,109.4,105.685,108.6333,101.545,107.2216,3.7915,1.8605,5.2885,15.9958,8.4158,9449481.3,0.7943,117.0,132.0,132.0,96.2,88.1,88.1,3.6098,0.7978,7.834,2.125,-6.4103,-17.0455,-17.0455,24.2906,24.2906
20241008,3189,景碩,TWSE,108.5,109.0,105.5,106.0,5251334.0,560173422.0,TWSE_RWD_JSON_MI_INDEX,data/daily_price/daily_price_20241008.csv,108.2,105.81,108.82,101.6133,107.1198,-3.1963,-5.3571,2.4155,11.8143,8.3845,9294835.3,0.565,117.0,132.0,132.0,96.2,88.1,88.1,0.1796,-2.5914,4.317,-1.0454,-9.4017,-19.697,-19.697,20.3178,20.3178
20241009,3189,景碩,TWSE,108.0,111.0,106.5,106.5,9279579.0,1008557204.0,TWSE_RWD_JSON_MI_INDEX,data/daily_price/daily_price_20241009.csv,107.5,105.96,108.9383,101.6908,107.0681,0.4717,-3.1818,2.8986,7.1429,9.5679,9595717.95,0.9671,117.0,132.0,132.0,96.2,88.1,88.1,0.5096,-2.2383,4.7292,-0.5306,-8.9744,-19.3182,-19.3182,20.8854,20.8854
20241011,3189,景碩,TWSE,107.0,109.0,105.5,105.5,4793548.0,510713950.0,TWSE_RWD_JSON_MI_INDEX,data/daily_price/daily_price_20241011.csv,106.6,106.11,108.88,101.77,106.9375,-0.939,-4.0909,2.9268,-3.211,9.8958,9572416.9,0.5008,117.0,132.0,132.0,96.2,88.1,88.1,-0.5749,-3.1043,3.6651,-1.3442,-9.8291,-20.0758,-20.0758,19.7503,19.7503
20241014,3189,景碩,TWSE,106.0,107.5,105.0,107.0,3045259.0,324189412.0,TWSE_RWD_JSON_MI_INDEX,data/daily_price/daily_price_20241014.csv,106.9,106.54,108.6717,101.8492,106.9427,1.4218,1.4218,8.7398,-10.4603,9.7436,9069738.45,0.3358,117.0,132.0,132.0,98.3,88.1,88.1,0.4318,-1.5383,5.0573,0.0536,-8.547,-18.9394,-18.9394,21.4529,21.4529
20241015,3189,景碩,TWSE,107.5,108.0,104.5,105.5,4779266.0,506710899.0,TWSE_RWD_JSON_MI_INDEX,data/daily_price/daily_price_20241015.csv,106.1,106.85,108.43,101.93,106.8224,-1.4019,-3.653,6.2437,-12.0833,10.1253,8991445.95,0.5315,117.0,132.0,132.0,101.5,88.1,88.1,-1.2635,-2.7022,3.5024,-1.238,-9.8291,-20.0758,-20.0758,19.7503,19.7503
20241016,3189,景碩,TWSE,104.0,104.5,101.0,102.5,9117854.0,936500667.0,TWSE_RWD_JSON_MI_INDEX,data/daily_price/daily_price_20241016.csv,105.4,106.6,108.1383,102.0008,106.4622,-2.8436,-3.3019,-4.6512,-14.5833,9.0426,8706929.55,1.0472,117.0,132.0,132.0,101.0,88.1,88.1,-3.8462,-5.214,0.4894,-3.7217,-12.3932,-22.3485,-22.3485,16.3451,16.3451
20241017,3189,景碩,TWSE,104.0,107.5,103.0,105.5,6470754.0,684757703.0,TWSE_RWD_JSON_MI_INDEX,data/daily_price/daily_price_20241017.csv,105.2,106.425,107.6967,102.0925,106.3821,2.9268,-0.939,-3.211,-20.0758,11.6402,8457211.55,0.7651,117.0,129.5,132.0,101.0,88.1,88.1,-0.8692,-2.0397,3.3377,-0.8291,-9.8291,-18.5328,-20.0758,19.7503,19.7503
20241018,3189,景碩,TWSE,107.0,107.5,104.5,105.0,6168738.0,651657489.0,TWSE_RWD_JSON_MI_INDEX,data/daily_price/daily_price_20241018.csv,105.1,106.325,107.3633,102.1733,106.2669,-0.4739,-0.4739,-1.8692,-16.0,10.1784,8491173.0,0.7265,117.0,127.5,132.0,101.0,88.1,88.1,-1.2462,-2.2012,2.7665,-1.1922,-10.2564,-17.6471,-20.4545,19.1827,19.1827
20241021,3189,景碩,TWSE,107.0,115.5,105.5,115.5,32565008.0,3690013639.0,TWSE_RWD_JSON_MI_INDEX,data/daily_price/daily_price_20241021.csv,106.8,106.9,107.33,102.3267,107.0363,10.0,7.9439,11.0577,-1.7021,18.9495,9374912.25,3.4736,117.0,127.5,132.0,101.0,88.1,88.1,8.0449,7.612,12.8738,7.9073,-1.2821,-9.4118,-12.5,31.101,31.101
20241022,3189,景碩,TWSE,117.0,121.5,115.0,116.0,66339709.0,7793172238.0,TWSE_RWD_JSON_MI_INDEX,data/daily_price/daily_price_20241022.csv,108.9,107.425,107.3383,102.4867,107.7833,0.4329,9.9526,9.9526,0.4329,19.8347,12348994.7,5.3721,121.5,127.5,132.0,101.0,88.1,88.1,7.9823,8.0695,13.1855,7.6234,-4.5267,-9.0196,-12.1212,31.6686,31.6686
20241023,3189,景碩,TWSE,116.0,117.0,114.0,115.0,20008610.0,2308490622.0,TWSE_RWD_JSON_MI_INDEX,data/daily_price/daily_price_20241023.csv,111.4,107.95,107.2717,102.6367,108.3847,-0.8621,12.1951,10.0478,-3.3613,18.5567,12927165.65,1.5478,121.5,127.5,132.0,101.0,88.1,88.1,6.5308,7.2044,12.0457,6.1036,-5.3498,-9.8039,-12.8788,30.5335,30.5335
20241024,3189,景碩,TWSE,115.0,116.0,112.0,113.0,15577836.0,1777575154.0,TWSE_RWD_JSON_MI_INDEX,data/daily_price/daily_price_20241024.csv,112.9,108.375,107.155,102.7625,108.7693,-1.7391,7.109,8.134,-5.8333,15.4239,13567621.05,1.1482,121.5,127.5,132.0,101.0,88.1,88.1,4.2676,5.4547,9.9623,3.8896,-6.9959,-11.3725,-14.3939,28.2633,28.2633
20241025,3189,景碩,TWSE,114.0,116.0,110.5,115.5,13752671.0,1556994875.0,TWSE_RWD_JSON_MI_INDEX,data/daily_price/daily_price_20241025.csv,115.0,108.975,107.0967,102.9308,109.3302,2.2124,10.0,11.5942,-2.9412,21.1962,14091295.25,0.976,121.5,124.0,132.0,101.0,88.1,88.1,5.9876,7.8465,12.2113,5.6433,-4.9383,-6.8548,-12.5,31.101,31.101
20241028,3189,景碩,TWSE,114.5,115.5,110.0,112.5,12980580.0,1454645930.0,TWSE_RWD_JSON_MI_INDEX,data/daily_price/daily_price_20241028.csv,114.4,109.275,107.1217,103.075,109.5943,-2.5974,-2.5974,5.6338,1.3514,18.1723,14355069.5,0.9043,121.5,124.0,132.0,101.0,88.1,88.1,2.9513,5.0208,9.1438,2.6513,-7.4074,-9.2742,-14.7727,27.6958,27.6958
20241029,3189,景碩,TWSE,111.0,111.5,104.5,105.5,18374643.0,1960357647.0,TWSE_RWD_JSON_MI_INDEX,data/daily_price/daily_price_20241029.csv,112.3,109.175,107.105,103.1592,109.2531,-6.2222,-9.0517,-1.8605,-0.939,10.587,14713814.3,1.2488,121.5,124.0,132.0,101.0,88.1,88.1,-3.3662,-1.4985,2.2691,-3.4353,-13.1687,-14.9194,-20.0758,19.7503,19.7503
20241030,3189,景碩,TWSE,106.0,110.5,104.5,107.5,9288093.0,1000387114.0,TWSE_RWD_JSON_MI_INDEX,data/daily_price/daily_price_20241030.csv,110.8,108.95,107.0467,103.265,109.107,1.8957,-6.5217,-4.0179,-3.1532,13.3966,13352307.65,0.6956,121.5,124.0,132.0,101.0,88.1,88.1,-1.3309,0.4235,4.1011,-1.4729,-11.5226,-13.3065,-18.5606,22.0204,22.0204
20241101,3189,景碩,TWSE,104.5,108.5,103.5,108.0,7241196.0,771959498.0,TWSE_RWD_JSON_MI_INDEX,data/daily_price/daily_price_20241101.csv,109.8,108.85,107.105,103.3775,109.0148,0.4651,-4.4248,-1.8182,3.3493,14.2857,13312152.65,0.544,121.5,124.0,132.0,101.0,88.1,88.1,-0.7809,0.8356,4.4715,-0.9309,-11.1111,-12.9032,-18.1818,22.588,22.588
20241104,3189,景碩,TWSE,107.0,107.5,104.5,104.5,5820826.0,614326931.0,TWSE_RWD_JSON_MI_INDEX,data/daily_price/daily_price_20241104.csv,107.6,108.575,107.23,103.4525,108.6386,-3.2407,-9.5238,-5.0,7.732,9.4241,13254517.45,0.4392,121.5,124.0,132.0,101.0,88.1,88.1,-3.7532,-2.5459,1.0125,-3.8095,-13.9918,-15.7258,-20.8333,18.6152,18.6152
20241105,3189,景碩,TWSE,105.5,107.5,105.5,106.0,5071449.0,539312128.0,TWSE_RWD_JSON_MI_INDEX,data/daily_price/daily_price_20241105.csv,106.3,108.6,107.4833,103.5508,108.4187,1.4354,-5.7778,0.4739,16.7401,12.5265,13171639.55,0.385,121.5,124.0,132.0,101.0,92.1,88.1,-2.3941,-1.3801,2.3652,-2.2309,-12.7572,-14.5161,-19.697,15.0923,20.3178
20241106,3189,景碩,TWSE,106.5,108.0,105.5,106.0,5822662.0,620884896.0,TWSE_RWD_JSON_MI_INDEX,data/daily_price/daily_price_20241106.csv,106.4,108.425,107.5867,103.6492,108.2171,0.0,0.4739,-3.1963,6.2124,12.5265,13087480.75,0.4449,121.5,124.0,132.0,101.0,96.2,88.1,-2.2366,-1.4748,2.2681,-2.0488,-12.7572,-14.5161,-19.697,10.1871,20.3178
20241107,3189,景碩,TWSE,106.5,110.5,106.5,108.0,13154284.0,1433326673.0,TWSE_RWD_JSON_MI_INDEX,data/daily_price/daily_price_20241107.csv,106.5,108.525,107.6867,103.7508,108.199,1.8868,0.4651,1.8868,5.8824,12.7349,13482628.25,0.9756,121.5,124.0,132.0,101.0,96.2,88.1,-0.4838,0.291,4.0955,-0.1839,-11.1111,-12.9032,-18.1818,12.2661,22.588
20241108,3189,景碩,TWSE,108.5,109.5,105.0,105.0,9344937.0,997555540.0,TWSE_RWD_JSON_MI_INDEX,data/daily_price/daily_price_20241108.csv,105.9,108.45,107.6867,103.8275,107.9324,-2.7778,-2.7778,-1.4085,0.0,9.6033,13485896.15,0.6929,121.5,124.0,132.0,101.0,96.2,88.1,-3.1812,-2.4949,1.1293,-2.7169,-13.5802,-15.3226,-20.4545,9.1476,19.1827
20241111,3189,景碩,TWSE,105.0,105.0,103.0,103.5,6608180.0,685561455.0,TWSE_RWD_JSON_MI_INDEX,data/daily_price/daily_price_20241111.csv,105.7,108.35,107.6283,103.8925,107.5631,-1.4286,-0.9569,-1.8957,-3.271,8.1505,13576627.75,0.4867,121.5,124.0,132.0,101.0,96.2,88.1,-4.4762,-3.8357,-0.3778,-3.7774,-14.8148,-16.5323,-21.5909,7.5884,17.4801
20241112,3189,景碩,TWSE,102.5,103.0,101.0,101.0,6264549.0,636435992.0,TWSE_RWD_JSON_MI_INDEX,data/daily_price/daily_price_20241112.csv,104.7,108.05,107.5283,103.9467,107.0161,-2.4155,-4.717,-5.6075,-5.6075,6.8783,13737592.25,0.456,121.5,124.0,132.0,101.0,96.2,88.1,-6.5248,-6.0713,-2.8348,-5.6217,-16.8724,-18.5484,-23.4848,4.9896,14.6425
20241113,3189,景碩,TWSE,101.0,102.0,98.2,99.1,13485992.0,1342394294.0,TWSE_RWD_JSON_MI_INDEX,data/daily_price/daily_price_20241113.csv,103.32,107.73,107.4217,103.9767,106.3565,-1.8812,-6.5094,-6.0664,-6.0664,3.7696,14172928.55,0.9515,121.5,124.0,132.0,98.2,96.2,88.1,-8.0108,-7.7467,-4.6902,-6.8228,-18.4362,-20.0806,-24.9242,3.0146,12.4858
20241114,3189,景碩,TWSE,99.7,100.5,97.0,97.2,7981479.0,783215314.0,TWSE_RWD_JSON_MI_INDEX,data/daily_price/daily_price_20241114.csv,101.16,107.465,107.3333,103.9917,105.5934,-1.9173,-10.0,-5.1707,-5.1707,1.8868,14116109.8,0.5654,121.5,124.0,132.0,97.0,96.2,88.1,-9.5519,-9.441,-6.531,-7.9488,-20.0,-21.6129,-26.3636,1.0395,10.3292
20241115,3189,景碩,TWSE,97.6,99.6,96.4,98.6,4678411.0,459114735.0,TWSE_RWD_JSON_MI_INDEX,data/daily_price/daily_price_20241115.csv,99.88,107.12,107.2183,104.03,105.0106,1.4403,-6.0952,-6.5403,-6.5403,4.8936,14026492.65,0.3335,121.5,124.0,132.0,96.4,96.2,88.1,-7.9537,-8.0381,-5.2196,-6.1048,-18.8477,-20.4839,-25.303,2.4948,11.9183
20241118,3189,景碩,TWSE,98.5,98.7,96.4,97.5,3945193.0,384112483.0,TWSE_RWD_JSON_MI_INDEX,data/daily_price/daily_price_20241118.csv,98.68,106.745,107.1017,104.0525,104.3848,-1.1156,-5.7971,-7.1429,-6.6986,2.8481,13915315.4,0.2835,121.5,124.0,132.0,96.4,96.2,88.1,-8.6608,-8.965,-6.2973,-6.5956,-19.7531,-21.371,-26.1364,1.3514,10.6697
20241119,3189,景碩,TWSE,98.2,98.7,97.1,98.3,2995837.0,293291421.0,TWSE_RWD_CSV_MI_INDEX,data/daily_price/daily_price_20241119.csv,98.14,105.885,106.9817,104.085,103.8777,0.8205,-2.6733,-14.8918,-6.8246,4.1314,12436856.85,0.2409,121.5,124.0,132.0,96.4,96.2,88.1,-7.1634,-8.1151,-5.558,-5.3695,-19.0947,-20.7258,-25.5303,2.183,11.5778
20241120,3189,景碩,TWSE,98.5,98.7,94.8,95.5,7391370.0,711164439.0,TWSE_RWD_JSON_MI_INDEX,data/daily_price/daily_price_20241120.csv,97.42,104.86,106.8567,104.0942,103.1796,-2.8484,-3.6327,-17.6724,-7.2816,1.1653,9489439.9,0.7789,117.0,124.0,132.0,94.8,94.8,88.1,-8.9262,-10.6279,-8.2561,-7.4429,-18.3761,-22.9839,-27.6515,0.7384,8.3995
20241121,3189,景碩,TWSE,95.4,97.9,95.4,96.5,4447913.0,430386630.0,TWSE_RWD_JSON_MI_INDEX,data/daily_price/daily_price_20241121.csv,97.28,103.935,106.5817,104.11,102.6229,1.0471,-0.7202,-16.087,-14.6018,2.0085,8711405.05,0.5106,116.0,124.0,132.0,94.8,94.8,88.1,-7.1535,-9.4591,-7.3096,-5.9664,-16.8103,-22.1774,-26.8939,1.7932,9.5346
20241122,3189,景碩,TWSE,97.3,97.8,95.9,96.0,4032486.0,389663798.0,TWSE_RWD_JSON_MI_INDEX,data/daily_price/daily_price_20241122.csv,96.76,103.085,106.3067,104.1092,102.071,-0.5181,-2.6369,-15.0442,-14.6667,-0.1041,8134137.55,0.4957,116.0,124.0,132.0,94.8,94.8,88.1,-6.873,-9.6952,-7.7891,-5.9478,-17.2414,-22.5806,-27.2727,1.2658,8.9671
20241125,3189,景碩,TWSE,96.9,97.9,96.7,97.1,2498582.0,243258288.0,TWSE_RWD_JSON_MI_INDEX,data/daily_price/daily_price_20241125.csv,96.68,102.165,106.0917,104.1158,101.6568,1.1458,-0.4103,-15.9307,-11.7273,0.8307,7571433.1,0.33,115.5,124.0,132.0,94.8,94.8,88.1,-4.9577,-8.4754,-6.7385,-4.4825,-15.9307,-21.6935,-26.4394,2.4262,10.2157
20241126,3189,景碩,TWSE,97.0,98.3,95.6,97.0,3157485.0,306624885.0,TWSE_RWD_JSON_MI_INDEX,data/daily_price/daily_price_20241126.csv,96.42,101.39,105.875,104.1258,101.2687,-0.103,-1.3225,-13.7778,-11.8182,1.2526,7080278.35,0.446,111.5,124.0,132.0,94.8,94.8,88.1,-4.3298,-8.3825,-6.8435,-4.2152,-13.0045,-21.7742,-26.5152,2.3207,10.1022
20241127,3189,景碩,TWSE,98.0,98.0,92.6,92.6,7174375.0,677824989.0,TWSE_RWD_JSON_MI_INDEX,data/daily_price/daily_price_20241127.csv,95.84,100.745,105.535,104.11,100.5463,-4.5361,-3.0366,-12.2275,-18.0531,-2.0106,6520264.95,1.1003,110.5,124.0,132.0,92.6,92.6,88.1,-8.0848,-12.2566,-11.0556,-7.9031,-16.1991,-25.3226,-29.8485,0.0,5.1078
20241128,3189,景碩,TWSE,92.8,93.1,90.1,92.5,3809193.0,348888472.0,TWSE_RWD_JSON_MI_INDEX,data/daily_price/daily_price_20241128.csv,95.04,99.995,105.1017,104.1,99.8758,-0.108,-4.1451,-13.9535,-21.9409,-1.2807,6246319.95,0.6098,110.5,124.0,132.0,90.1,90.1,88.1,-7.4954,-11.99,-11.1431,-7.385,-16.2896,-25.4032,-29.9242,2.6637,4.9943
20241129,3189,景碩,TWSE,92.5,94.6,91.9,94.5,2910701.0,272187046.0,TWSE_RWD_JSON_MI_INDEX,data/daily_price/daily_price_20241129.csv,94.74,99.32,104.7017,104.1017,99.4278,2.1622,-1.5625,-12.5,-20.2532,0.2121,6029795.2,0.4827,110.5,121.5,132.0,90.1,90.1,88.1,-4.853,-9.7436,-9.2234,-4.9562,-14.4796,-22.2222,-28.4091,4.8835,7.2645
20241202,3189,景碩,TWSE,95.5,95.9,93.6,93.7,2871498.0,271011542.0,TWSE_RWD_JSON_MI_INDEX,data/daily_price/daily_price_20241202.csv,94.06,98.78,104.355,104.1075,98.9505,-0.8466,-3.5015,-10.3349,-18.1659,0.7527,5882328.8,0.4882,110.5,121.5,132.0,90.1,90.1,88.1,-5.1427,-10.2103,-9.9969,-5.3062,-15.2036,-22.8807,-29.0152,3.9956,6.3564
20241203,3189,景碩,TWSE,95.6,96.0,93.5,94.0,3081517.0,291332930.0,TWSE_RWD_JSON_MI_INDEX,data/daily_price/daily_price_20241203.csv,93.46,98.18,104.0633,104.1217,98.5379,0.3202,-3.0928,-11.3208,-15.6951,1.8418,5782832.2,0.5329,110.5,121.5,132.0,90.1,90.1,88.1,-4.2575,-9.6704,-9.721,-4.6053,-14.9321,-22.6337,-28.7879,4.3285,6.6969
20241204,3189,景碩,TWSE,94.3,95.9,94.2,95.9,2324424.0,221217091.0,TWSE_RWD_JSON_MI_INDEX,data/daily_price/daily_price_20241204.csv,94.12,97.675,103.9283,104.1433,98.3181,2.0213,3.5637,-9.5283,-7.7885,2.7867,5607920.3,0.4145,110.5,121.5,132.0,90.1,90.1,88.1,-1.8173,-7.7249,-7.9154,-2.4595,-13.2127,-21.07,-27.3485,6.4373,8.8536
20241205,3189,景碩,TWSE,96.3,98.5,95.3,96.4,5072299.0,490772894.0,TWSE_RWD_JSON_MI_INDEX,data/daily_price/daily_price_20241205.csv,94.9,97.095,103.81,104.18,98.1583,0.5214,4.2162,-10.7407,-6.8599,4.7826,5203821.05,0.9747,109.5,121.5,132.0,90.1,90.1,88.1,-0.7158,-7.138,-7.4678,-1.7913,-11.9635,-20.6584,-26.9697,6.9922,9.4211
20241206,3189,景碩,TWSE,96.5,97.4,95.4,95.7,1983454.0,190921956.0,TWSE_RWD_JSON_MI_INDEX,data/daily_price/daily_price_20241206.csv,95.14,96.63,103.68,104.2208,97.9534,-0.7261,1.2698,-8.8571,-7.5362,5.3965,4835746.9,0.4102,105.0,121.5,132.0,90.1,90.1,88.1,-0.9624,-7.6968,-8.1757,-2.3005,-8.8571,-21.2346,-27.5,6.2153,8.6266
20241209,3189,景碩,TWSE,95.7,96.0,94.0,94.3,2190001.0,207483982.0,TWSE_RWD_JSON_MI_INDEX,data/daily_price/daily_price_20241209.csv,95.26,96.17,103.5433,104.2508,97.649,-1.4629,0.6403,-8.8889,-8.0,3.9691,4614837.95,0.4746,103.0,121.5,132.0,90.1,90.1,88.1,-1.9445,-8.927,-9.5451,-3.4296,-8.4466,-22.3868,-28.5606,4.6615,7.0375
20241210,3189,景碩,TWSE,94.4,101.0,94.3,99.0,11828513.0,1163293841.0,TWSE_RWD_JSON_MI_INDEX,data/daily_price/daily_price_20241210.csv,96.26,96.07,103.5533,104.3042,97.7616,4.9841,5.3191,-1.9802,0.6098,6.9114,4893036.15,2.4174,102.0,121.5,132.0,90.1,90.1,88.1,3.0499,-4.3971,-5.0853,1.2668,-2.9412,-18.5185,-25.0,9.8779,12.3723
20241211,3189,景碩,TWSE,98.0,103.0,97.7,101.5,12886408.0,1304865050.0,TWSE_RWD_JSON_MI_INDEX,data/daily_price/daily_price_20241211.csv,97.38,96.19,103.59,104.3833,98.0731,2.5253,5.8394,2.4218,2.2155,10.3261,4863056.95,2.6499,103.0,121.5,132.0,90.1,90.1,88.1,5.5203,-2.0176,-2.7623,3.4942,-1.4563,-16.4609,-23.1061,12.6526,15.21
20241212,3189,景碩,TWSE,104.0,104.0,99.6,99.6,6528354.0,661532002.0,TWSE_RWD_JSON_MI_INDEX,data/daily_price/daily_price_20241212.csv,98.02,96.31,103.4583,104.4392,98.2003,-1.8719,3.3195,2.4691,-7.3488,7.2121,4790400.7,1.3628,104.0,121.5,132.0,90.1,90.1,88.1,3.4161,-3.7294,-4.6335,1.4253,-4.2308,-18.0247,-24.5455,10.5438,13.0533
20241213,3189,景碩,TWSE,99.6,100.5,97.0,98.3,5556595.0,548480663.0,TWSE_RWD_JSON_MI_INDEX,data/daily_price/daily_price_20241213.csv,98.54,96.295,103.28,104.4892,98.2086,-1.3052,2.7168,-0.3043,-9.8165,6.5005,4834309.9,1.1494,104.0,121.5,132.0,90.1,90.1,88.1,2.0821,-4.8218,-5.9233,0.093,-5.4808,-19.0947,-25.5303,9.101,11.5778
20241216,3189,景碩,TWSE,98.2,98.3,94.3,94.3,6106505.0,583775702.0,TWSE_RWD_JSON_MI_INDEX,data/daily_price/daily_price_20241216.csv,98.54,96.135,103.0683,104.49,97.8829,-4.0692,0.0,-3.2821,-11.8692,0.1062,4942375.5,1.2355,104.0,121.5,132.0,90.1,90.1,88.1,-1.9088,-8.5073,-9.7521,-3.6604,-9.3269,-22.3868,-28.5606,4.6615,7.0375
20241217,3189,景碩,TWSE,94.5,95.7,92.9,93.2,4349638.0,408903643.0,TWSE_RWD_JSON_MI_INDEX,data/daily_price/daily_price_20241217.csv,97.38,95.88,102.8883,104.4817,97.4927,-1.1665,-5.8586,-5.1882,-10.3846,-1.0616,5010065.55,0.8682,104.0,121.5,132.0,90.1,90.1,88.1,-2.7952,-9.4164,-10.7977,-4.4031,-10.3846,-23.2922,-29.3939,3.4406,5.7889
20241218,3189,景碩,TWSE,92.9,93.8,92.1,92.8,5326798.0,494252086.0,TWSE_RWD_JSON_MI_INDEX,data/daily_price/daily_price_20241218.csv,95.64,95.745,102.6767,104.4675,97.1016,-0.4292,-8.5714,-2.8272,-12.0379,-1.7989,4906836.95,1.0856,104.0,121.5,132.0,90.1,90.1,88.1,-3.0759,-9.6192,-11.1685,-4.43,-10.7692,-23.6214,-29.697,2.9967,5.3348
20241219,3189,景碩,TWSE,91.7,93.8,91.1,93.8,2882017.0,267746487.0,TWSE_RWD_JSON_MI_INDEX,data/daily_price/daily_price_20241219.csv,94.48,95.61,102.4983,104.4742,96.8265,1.0776,-5.8233,-2.7979,-10.2392,0.8602,4828542.15,0.5969,104.0,121.5,132.0,90.1,90.1,88.1,-1.8931,-8.4863,-10.217,-3.1257,-9.8077,-22.7984,-28.9394,4.1065,6.4699
20241220,3189,景碩,TWSE,94.0,94.3,91.7,92.0,3168268.0,293436254.0,TWSE_RWD_JSON_MI_INDEX,data/daily_price/daily_price_20241220.csv,93.22,95.41,102.29,104.47,96.4243,-1.919,-6.409,-4.1667,-11.9617,-0.5405,4785331.25,0.6621,104.0,121.5,132.0,90.1,90.1,88.1,-3.574,-10.0596,-11.9364,-4.5883,-11.5385,-24.2798,-30.303,2.1088,4.4268
20241223,3189,景碩,TWSE,93.2,101.0,93.1,101.0,18094607.0,1798011785.0,TWSE_RWD_JSON_MI_INDEX,data/daily_price/daily_price_20241223.csv,94.56,95.605,102.2483,104.5467,96.8056,9.7826,7.105,4.0165,-2.4155,10.0218,5565132.5,3.2514,104.0,121.5,132.0,90.1,90.1,88.1,5.643,-1.2209,-3.3924,4.3328,-2.8846,-16.8724,-23.4848,12.0977,14.6425
20241224,3189,景碩,TWSE,102.5,108.0,100.0,101.5,31871765.0,3309109757.0,TWSE_RWD_JSON_MI_INDEX,data/daily_price/daily_price_20241224.csv,96.22,95.83,102.165,104.6225,97.1968,0.495,8.9056,4.6392,-4.6948,9.8485,7000846.5,4.5526,108.0,121.5,132.0,90.1,90.1,88.1,5.9167,-0.6509,-2.9845,4.4273,-6.0185,-16.4609,-23.1061,12.6526,15.21
20241225,3189,景碩,TWSE,102.5,107.5,102.5,106.5,18606406.0,1970316042.0,TWSE_RWD_JSON_MI_INDEX,data/daily_price/daily_price_20241225.csv,98.96,96.525,102.1483,104.7233,97.9721,4.9261,14.7629,15.0108,-0.9302,12.8178,7572448.05,2.4571,108.0,121.5,132.0,90.1,90.1,88.1,10.3341,4.2601,1.6965,8.7045,-1.3889,-12.3457,-19.3182,18.202,20.8854
20241226,3189,景碩,TWSE,106.5,106.5,103.0,103.5,6910746.0,723454780.0,TWSE_RWD_JSON_MI_INDEX,data/daily_price/daily_price_20241226.csv,100.9,97.075,102.0067,104.7983,98.4327,-2.8169,10.3412,11.8919,-7.5893,9.5238,7727525.7,0.8943,108.0,121.5,132.0,91.1,90.1,88.1,6.6186,1.464,-1.2389,5.148,-4.1667,-14.8148,-21.5909,14.8724,17.4801
20241227,3189,景碩,TWSE,103.5,105.0,103.0,104.0,5315818.0,552566011.0,TWSE_RWD_JSON_MI_INDEX,data/daily_price/daily_price_20241227.csv,103.3,97.55,101.9067,104.8725,98.8967,0.4831,13.0435,10.0529,-5.4545,9.3586,7847781.55,0.6774,108.0,121.5,132.0,91.1,90.1,88.1,6.612,2.0542,-0.832,5.1603,-3.7037,-14.4033,-21.2121,15.4273,18.0477
20241230,3189,景碩,TWSE,104.5,105.0,101.0,102.0,4407105.0,451465947.0,TWSE_RWD_JSON_MI_INDEX,data/daily_price/daily_price_20241230.csv,103.5,97.965,101.7733,104.9708,99.1553,-1.9231,0.9901,8.8581,-7.2727,13.082,7924561.9,0.5561,108.0,121.5,132.0,91.1,90.1,88.1,4.1188,0.2227,-2.8302,2.869,-5.5556,-16.0494,-22.7273,13.2075,15.7775
20241231,3189,景碩,TWSE,104.0,106.5,98.6,101.0,16480944.0,1665334646.0,TWSE_RWD_JSON_MI_INDEX,data/daily_price/daily_price_20241231.csv,103.4,98.315,101.6983,105.04,99.309,-0.9804,-0.4926,7.4468,-4.2654,8.9536,8594533.25,1.9176,108.0,121.5,132.0,91.1,90.1,88.1,2.731,-0.6867,-3.8462,1.7028,-6.4815,-16.8724,-23.4848,12.0977,14.6425
20250102,3189,景碩,TWSE,100.5,104.5,100.0,100.5,7845163.0,798622031.0,TWSE_RWD_JSON_MI_INDEX,data/daily_price/daily_price_20250102.csv,102.2,98.545,101.5483,105.0908,99.4082,-0.495,-5.6338,4.7967,-8.2192,6.4619,8870570.2,0.8844,108.0,121.5,132.0,91.1,90.1,88.1,1.9839,-1.0323,-4.3684,1.0983,-6.9444,-17.284,-23.8636,11.5427,14.0749
20250103,3189,景碩,TWSE,102.0,105.0,98.6,103.0,11962557.0,1222375434.0,TWSE_RWD_JSON_MI_INDEX,data/daily_price/daily_price_20250103.csv,102.1,98.875,101.4983,105.1592,99.7076,2.4876,-0.4831,6.8465,-2.8302,8.6498,9215083.1,1.2981,108.0,121.5,132.0,91.1,90.1,88.1,4.1719,1.4795,-2.0532,3.3021,-4.6296,-15.2263,-21.9697,14.3174,16.9126
20250106,3189,景碩,TWSE,107.0,110.0,104.0,109.5,24707188.0,2671668419.0,TWSE_RWD_CSV_MI_INDEX,data/daily_price/daily_price_20250106.csv,103.2,99.565,101.5483,105.2433,100.5236,6.3107,5.2885,14.4201,2.8169,10.161,10351269.8,2.3869,110.0,121.5,132.0,91.1,90.1,88.1,9.9784,7.8304,4.0446,8.9296,-0.4545,-9.8765,-17.0455,21.5316,24.2906
20250107,3189,景碩,TWSE,108.0,113.0,107.0,109.5,25685523.0,2821231299.0,TWSE_RWD_JSON_MI_INDEX,data/daily_price/daily_price_20250107.csv,104.7,100.325,101.615,105.2475,101.2716,0.0,7.3529,16.1188,3.7915,0.4587,11526045.9,2.2285,113.0,121.5,132.0,91.1,90.1,88.1,9.1453,7.7597,4.0405,8.125,-3.0973,-9.8765,-17.0455,21.5316,24.2906
20250108,3189,景碩,TWSE,109.5,111.5,106.0,106.5,13021918.0,1410822414.0,TWSE_RWD_JSON_MI_INDEX,data/daily_price/daily_price_20250108.csv,105.8,100.7,101.6067,105.1392,101.7073,-2.7397,5.4455,7.5758,-0.4673,-10.8787,11585716.15,1.124,113.0,121.5,132.0,91.1,90.1,88.1,5.7597,4.816,1.2943,4.7122,-5.7522,-12.3457,-19.3182,18.202,20.8854
20250109,3189,景碩,TWSE,107.0,107.5,102.0,102.5,7947294.0,828268366.0,TWSE_RWD_JSON_MI_INDEX,data/daily_price/daily_price_20250109.csv,106.2,100.75,101.5567,104.9933,101.7734,-3.7559,1.99,0.9852,-2.8436,-14.5833,11338760.45,0.7009,113.0,121.5,132.0,91.1,90.1,88.1,1.737,0.9289,-2.3748,0.714,-9.292,-15.6379,-22.3485,13.7625,16.3451
20250110,3189,景碩,TWSE,102.0,104.5,101.5,102.5,5847461.0,601496981.0,TWSE_RWD_JSON_MI_INDEX,data/daily_price/daily_price_20250110.csv,106.1,100.895,101.5567,104.8475,101.8339,0.0,-0.4854,2.9116,0.0,-14.5833,11304715.8,0.5173,113.0,121.5,132.0,91.1,90.1,88.1,1.5908,0.9289,-2.239,0.6541,-9.292,-15.6379,-22.3485,13.7625,16.3451
20250113,3189,景碩,TWSE,101.5,101.5,94.0,96.0,15702457.0,1516740854.0,TWSE_RWD_JSON_MI_INDEX,data/daily_price/daily_price_20250113.csv,103.4,100.78,101.3983,104.5475,101.3478,-6.3415,-12.3288,-2.3398,-9.0047,-27.2727,11812008.9,1.3294,113.0,121.5,129.5,91.1,90.1,88.1,-4.743,-5.3239,-8.1757,-5.2767,-15.0442,-20.9877,-25.8687,6.5483,8.9671
20250114,3189,景碩,TWSE,97.0,98.6,95.4,98.5,6019549.0,582999591.0,TWSE_RWD_JSON_MI_INDEX,data/daily_price/daily_price_20250114.csv,101.2,100.99,101.29,104.3267,101.1105,2.6042,-10.0457,4.4539,-6.1905,-21.2,11807661.1,0.5098,113.0,121.5,127.5,91.1,90.1,88.1,-2.4656,-2.7545,-5.585,-2.5818,-12.8319,-18.93,-22.7451,9.323,11.8048
20250115,3189,景碩,TWSE,97.1,99.2,96.0,96.6,8942700.0,868092660.0,TWSE_RWD_JSON_MI_INDEX,data/daily_price/daily_price_20250115.csv,99.22,101.16,100.975,104.1525,100.7346,-1.9289,-9.2958,3.6481,-16.3636,-17.7872,12037314.2,0.7429,113.0,121.5,127.5,91.1,90.1,88.1,-4.5077,-4.3328,-7.2514,-4.1044,-14.5133,-20.4938,-24.2353,7.2142,9.6481
20250116,3189,景碩,TWSE,98.2,98.8,97.4,97.7,4828392.0,473051395.0,TWSE_RWD_JSON_MI_INDEX,data/daily_price/daily_price_20250116.csv,98.26,101.405,100.67,104.0042,100.4817,1.1387,-4.6829,5.2802,-15.7759,-15.4113,12012393.9,0.402,113.0,117.0,127.5,91.1,90.1,88.1,-3.6537,-2.9502,-6.0615,-2.7684,-13.5398,-16.4957,-23.3725,8.4351,10.8967
20250117,3189,景碩,TWSE,134.5,137.0,131.0,132.0,9314258.0,1237690555.0,TWSE_RWD_JSON_MI_INDEX,data/daily_price/daily_price_20250117.csv,104.16,103.315,100.9533,104.1125,103.1082,35.1075,28.7805,40.7249,14.7826,10.9244,12334005.95,0.7552,137.0,137.0,137.0,91.7,90.1,88.1,27.7646,30.7535,26.7859,28.0208,-3.6496,-3.6496,-3.6496,46.5039,49.8297
20250120,3189,景碩,TWSE,97.9,97.9,96.6,97.7,2463848.0,239884971.0,TWSE_RWD_JSON_MI_INDEX,data/daily_price/daily_price_20250120.csv,104.5,103.6,100.6983,103.9267,102.6575,-25.9848,1.7708,6.1957,-13.5398,-18.5833,12298784.95,0.2003,137.0,137.0,137.0,93.1,90.1,88.1,-5.695,-2.9775,-5.9914,-4.8292,-28.6861,-28.6861,-28.6861,8.4351,10.8967
20250121,3189,景碩,TWSE,97.8,97.8,96.5,97.8,1891534.0,183879713.0,TWSE_RWD_JSON_MI_INDEX,data/daily_price/daily_price_20250121.csv,104.36,103.44,100.4033,103.75,102.2527,0.1024,-0.7107,-3.1683,-15.3247,-17.8151,11488631.3,0.1646,137.0,137.0,137.0,94.0,90.1,88.1,-5.4524,-2.5929,-5.7349,-4.3546,-28.6131,-28.6131,-28.6131,8.5461,11.0102
20250122,3189,景碩,TWSE,98.4,98.5,97.2,98.1,2915501.0,285422163.0,TWSE_RWD_JSON_MI_INDEX,data/daily_price/daily_price_20250122.csv,104.66,103.27,100.1633,103.6425,101.9067,0.3067,1.5528,-3.3498,-12.8,-11.6216,10040818.1,0.2904,137.0,137.0,137.0,94.0,90.1,88.1,-5.0063,-2.06,-5.3477,-3.7355,-28.3942,-28.3942,-28.3942,8.879,11.3507
20250203,3189,景碩,TWSE,95.8,96.7,90.6,96.7,6513331.0,608863409.0,TWSE_RWD_JSON_MI_INDEX,data/daily_price/daily_price_20250203.csv,104.46,102.78,100.0167,103.5608,101.4728,-1.4271,-1.0235,-9.2019,-8.3412,-9.2019,9436164.35,0.6903,137.0,137.0,137.0,90.6,90.1,88.1,-5.9155,-3.3161,-6.6249,-4.7035,-29.4161,-29.4161,-29.4161,7.3252,9.7616
20250204,3189,景碩,TWSE,96.0,96.3,93.1,93.7,5148390.0,485217901.0,TWSE_RWD_JSON_MI_INDEX,data/daily_price/daily_price_20250204.csv,96.8,102.29,99.7867,103.4167,100.8251,-3.1024,-29.0152,-9.4686,-12.8372,-15.5856,9348046.55,0.5507,137.0,137.0,137.0,90.6,90.1,88.1,-8.3977,-6.0997,-9.3956,-7.0668,-31.6058,-31.6058,-31.6058,3.9956,6.3564
20250205,3189,景碩,TWSE,94.5,96.3,93.9,95.1,3565545.0,340426938.0,TWSE_RWD_JSON_MI_INDEX,data/daily_price/daily_price_20250205.csv,96.28,101.845,99.5717,103.3383,100.348,1.4941,-2.6612,-8.5577,-11.9444,-8.9952,9260532.9,0.385,137.0,137.0,137.0,90.6,90.1,88.1,-6.6228,-4.4909,-7.9722,-5.2298,-30.5839,-30.5839,-30.5839,5.5494,7.9455
20250206,3189,景碩,TWSE,95.6,98.4,94.0,97.6,7705100.0,740160652.0,TWSE_RWD_JSON_MI_INDEX,data/daily_price/daily_price_20250206.csv,96.24,101.625,99.4567,103.3433,100.119,2.6288,-0.2045,-4.3137,-6.6029,0.6186,9425432.65,0.8175,137.0,137.0,137.0,90.6,90.1,88.1,-3.9606,-1.8668,-5.5575,-2.516,-28.7591,-28.7591,-28.7591,8.3241,10.7832
20250207,3189,景碩,TWSE,97.6,97.6,96.2,96.5,4516603.0,436680698.0,TWSE_RWD_JSON_MI_INDEX,data/daily_price/daily_price_20250207.csv,95.92,101.4,99.2983,103.3908,99.8174,-1.127,-1.631,-4.4554,-8.9623,6.2775,8827215.6,0.5117,137.0,137.0,137.0,90.6,90.1,90.1,-4.8323,-2.8181,-6.6648,-3.3235,-29.562,-29.562,-29.562,7.1032,7.1032
20250210,3189,景碩,TWSE,96.1,96.2,94.5,95.7,3598298.0,342693853.0,TWSE_RWD_JSON_MI_INDEX,data/daily_price/daily_price_20250210.csv,95.72,101.16,99.1267,103.3567,99.4743,-0.829,-1.0341,-4.7761,-9.717,-4.1082,8614872.35,0.4177,137.0,137.0,137.0,90.6,90.1,90.1,-5.3974,-3.4569,-7.408,-3.7942,-30.146,-30.146,-30.146,6.2153,6.2153
20250211,3189,景碩,TWSE,96.1,96.4,94.5,94.5,3196325.0,304697067.0,TWSE_RWD_JSON_MI_INDEX,data/daily_price/daily_price_20250211.csv,95.88,100.735,98.9017,103.2942,99.0598,-1.2539,0.8538,-8.2524,-12.5,-7.3529,8176560.75,0.3909,137.0,137.0,137.0,90.6,90.1,90.1,-6.1895,-4.4505,-8.5137,-4.603,-31.0219,-31.0219,-31.0219,4.8835,4.8835
20250212,3189,景碩,TWSE,95.0,95.9,92.7,93.0,4085948.0,383299872.0,TWSE_RWD_JSON_MI_INDEX,data/daily_price/daily_price_20250212.csv,95.46,99.91,98.7017,103.1942,98.5548,-1.5873,-2.2082,-15.0685,-11.4286,-11.4286,7145498.75,0.5718,137.0,137.0,137.0,90.6,90.1,90.1,-6.9162,-5.7767,-9.8786,-5.6362,-32.1168,-32.1168,-32.1168,3.2186,3.2186
20250213,3189,景碩,TWSE,93.4,97.2,93.4,96.7,7053421.0,677838745.0,TWSE_RWD_JSON_MI_INDEX,data/daily_price/daily_price_20250213.csv,95.28,99.27,98.5883,103.1083,98.4002,3.9785,-0.9221,-11.6895,-6.57,-9.6262,6213893.65,1.1351,137.0,137.0,137.0,90.6,90.1,90.1,-2.5889,-1.9154,-6.2151,-1.7279,-29.4161,-29.4161,-29.4161,7.3252,7.3252
20250214,3189,景碩,TWSE,96.2,97.5,95.3,96.9,3094515.0,298928707.0,TWSE_RWD_JSON_MI_INDEX,data/daily_price/daily_price_20250214.csv,95.36,98.79,98.52,103.0242,98.2752,0.2068,0.4145,-9.0141,-4.0594,-9.4393,5717523.5,0.5412,137.0,137.0,137.0,90.6,90.1,90.1,-1.9131,-1.6443,-5.9444,-1.3993,-29.2701,-29.2701,-29.2701,7.5472,7.5472
20250217,3189,景碩,TWSE,97.0,103.0,96.1,100.0,11235103.0,1129879387.0,TWSE_RWD_JSON_MI_INDEX,data/daily_price/daily_price_20250217.csv,96.22,98.665,98.535,102.9783,98.4189,3.1992,4.4932,-2.439,0.9082,-5.2133,5881913.95,1.9101,137.0,137.0,137.0,90.6,90.1,90.1,1.3531,1.4868,-2.8922,1.6065,-27.0073,-27.0073,-27.0073,10.9878,10.9878
20250218,3189,景碩,TWSE,100.0,104.0,97.5,103.5,15223700.0,1538577557.0,TWSE_RWD_JSON_MI_INDEX,data/daily_price/daily_price_20250218.csv,98.02,98.715,98.64,102.9867,98.8424,3.5,9.5238,0.9756,6.4815,0.9756,6350725.9,2.3972,137.0,137.0,137.0,90.6,90.1,90.1,4.8473,4.927,0.4984,4.7122,-24.4526,-24.4526,-24.4526,14.8724,14.8724
20250219,3189,景碩,TWSE,104.0,110.0,104.0,106.0,23426481.0,2515973856.0,TWSE_RWD_JSON_MI_INDEX,data/daily_price/daily_price_20250219.csv,100.62,99.215,98.7633,102.9908,99.4388,2.4155,13.9785,10.4167,7.5051,0.4739,6736927.1,3.4773,137.0,137.0,137.0,90.6,90.1,90.1,6.8387,7.3273,2.9218,6.5982,-22.6277,-22.6277,-22.6277,17.6471,17.6471
20250220,3189,景碩,TWSE,106.5,108.0,105.0,107.0,8353844.0,889505599.0,TWSE_RWD_JSON_MI_INDEX,data/daily_price/daily_price_20250220.csv,102.68,99.64,98.9217,103.0117,100.0689,0.9434,10.6515,8.6294,9.7436,2.3923,6853641.85,1.2189,137.0,137.0,137.0,90.6,90.1,90.1,7.3866,8.1664,3.8717,6.9263,-21.8978,-21.8978,-21.8978,18.7569,18.7569
20250221,3189,景碩,TWSE,106.5,109.0,105.0,107.0,4902589.0,522564666.0,TWSE_RWD_CSV_MI_INDEX,data/daily_price/daily_price_20250221.csv,104.7,100.16,99.0667,103.0242,100.6465,0.0,10.4231,10.766,8.8505,1.4218,6651636.3,0.7371,137.0,137.0,137.0,90.6,90.1,90.1,6.8291,8.0081,3.8591,6.3127,-21.8978,-21.8978,-21.8978,18.7569,18.7569
20250224,3189,景碩,TWSE,105.5,107.0,103.0,104.0,6199055.0,647412952.0,TWSE_RWD_JSON_MI_INDEX,data/daily_price/daily_price_20250224.csv,105.5,100.475,99.2083,103.0325,100.926,-2.8037,4.0,6.4483,8.9005,0.9709,6720169.45,0.9225,137.0,137.0,137.0,90.6,90.1,90.1,3.5083,4.8299,0.939,3.0458,-24.0876,-24.0876,-24.0876,15.4273,15.4273
20250225,3189,景碩,TWSE,104.0,107.5,103.5,105.0,9003987.0,953623986.0,TWSE_RWD_JSON_MI_INDEX,data/daily_price/daily_price_20250225.csv,105.8,99.125,99.35,102.9658,101.2655,0.9615,1.4493,-20.4545,8.8083,-7.0796,6704655.9,1.3429,110.0,137.0,137.0,90.6,90.1,90.1,5.9269,5.687,1.9756,3.6879,-4.5455,-23.3577,-23.3577,16.5372,16.5372
20250226,3189,景碩,TWSE,104.5,105.5,103.0,104.0,5894571.0,613468364.0,TWSE_RWD_JSON_MI_INDEX,data/daily_price/daily_price_20250226.csv,105.4,99.44,99.4833,102.895,101.4933,-0.9524,-1.8868,6.4483,8.3333,-7.5556,6876192.05,0.8572,110.0,137.0,137.0,90.6,90.1,90.1,4.5857,4.5401,1.0739,2.4698,-5.4545,-24.0876,-24.0876,15.4273,15.4273
20250227,3189,景碩,TWSE,100.0,104.0,97.5,103.5,15223700.0,1538577557.0,TWSE_RWD_JSON_MI_INDEX,data/daily_price/daily_price_20250227.csv,104.7,99.725,99.59,102.8408,101.6606,-0.4808,-3.271,5.8282,6.5911,-5.9091,7542800.35,2.0183,110.0,137.0,137.0,90.6,90.1,90.1,3.7854,3.9261,0.641,1.8094,-5.9091,-24.4526,-24.4526,14.8724,14.8724
20250303,3189,景碩,TWSE,99.1,101.0,96.7,97.5,7123128.0,698167591.0,TWSE_RWD_JSON_MI_INDEX,data/daily_price/daily_price_20250303.csv,102.8,99.695,99.5983,102.7367,101.3139,-5.7971,-8.8785,-0.6116,0.5155,-11.3636,7753181.7,0.9187,110.0,137.0,137.0,90.6,90.1,90.1,-2.2017,-2.1068,-5.0972,-3.7644,-11.3636,-28.8321,-28.8321,8.2131,8.2131
20250304,3189,景碩,TWSE,95.8,98.2,94.8,97.5,4695084.0,454424100.0,TWSE_RWD_JSON_MI_INDEX,data/daily_price/daily_price_20250304.csv,101.5,99.735,99.68,102.6075,100.996,0.0,-6.25,0.8273,5.2916,-13.7168,7662269.35,0.6128,110.0,137.0,137.0,92.7,90.1,90.1,-2.2409,-2.187,-4.9777,-3.4616,-11.3636,-28.8321,-28.8321,8.2131,8.2131
20250305,3189,景碩,TWSE,97.6,104.5,97.6,104.5,8842048.0,903667654.0,TWSE_RWD_JSON_MI_INDEX,data/daily_price/daily_price_20250305.csv,101.4,100.275,99.88,102.4908,101.288,7.1795,-0.4762,11.5261,12.973,-11.8143,7846952.25,1.1268,110.0,137.0,137.0,92.7,90.6,90.1,4.2134,4.6256,1.9603,3.1711,-5.0,-23.7226,-23.7226,15.3422,15.9822
20250306,3189,景碩,TWSE,104.0,104.5,101.0,101.5,4838209.0,496308169.0,TWSE_RWD_JSON_MI_INDEX,data/daily_price/daily_price_20250306.csv,100.9,100.595,99.9967,102.3492,101.3057,-2.8708,-2.4038,6.7298,7.4074,-14.346,7910585.45,0.6116,110.0,137.0,137.0,92.7,90.6,90.1,0.8996,1.5034,-0.8297,0.1918,-7.7273,-25.9124,-25.9124,12.0309,12.6526
20250307,3189,景碩,TWSE,100.5,102.5,99.3,99.4,3501704.0,351319559.0,TWSE_RWD_JSON_MI_INDEX,data/daily_price/daily_price_20250307.csv,100.08,100.685,100.0917,102.2233,101.1469,-2.069,-3.9614,1.8443,6.0832,-13.1878,7700415.65,0.4547,110.0,137.0,137.0,92.7,90.6,90.1,-1.2763,-0.691,-2.7619,-1.7271,-9.6364,-27.4453,-27.4453,9.713,10.3219
20250310,3189,景碩,TWSE,101.0,101.5,97.8,97.8,3703205.0,367628801.0,TWSE_RWD_JSON_MI_INDEX,data/daily_price/daily_price_20250310.csv,100.14,100.75,100.155,102.1092,100.868,-1.6097,0.3077,1.3472,4.0426,-12.287,7659745.75,0.4835,110.0,137.0,137.0,92.7,90.6,90.1,-2.928,-2.3514,-4.2202,-3.0416,-11.0909,-28.6131,-28.6131,7.947,8.5461
20250311,3189,景碩,TWSE,95.6,98.2,94.3,98.2,3563101.0,343542800.0,TWSE_RWD_JSON_MI_INDEX,data/daily_price/daily_price_20250311.csv,100.28,100.875,100.1933,102.0608,100.6456,0.409,0.7179,2.6123,2.3983,-5.5769,7657985.9,0.4653,110.0,137.0,137.0,92.7,90.6,90.1,-2.6518,-1.9895,-3.7829,-2.43,-10.7273,-28.3212,-28.3212,8.3885,8.99
20250312,3189,景碩,TWSE,98.4,100.5,97.5,98.2,3703482.0,365976012.0,TWSE_RWD_JSON_MI_INDEX,data/daily_price/daily_price_20250312.csv,99.02,101.06,100.2233,102.0167,100.4418,0.0,-6.0287,3.9153,1.8672,-5.1208,7683343.75,0.482,110.0,137.0,137.0,92.7,90.6,90.1,-2.83,-2.0188,-3.7412,-2.232,-10.7273,-28.3212,-28.3212,8.3885,8.99
20250313,3189,景碩,TWSE,100.0,100.5,96.0,96.0,3932087.0,384001833.0,TWSE_RWD_JSON_MI_INDEX,data/daily_price/daily_price_20250313.csv,97.92,101.21,100.2283,101.9542,100.0717,-2.2403,-5.4187,3.2258,0.3135,-7.2464,7675650.7,0.5123,110.0,137.0,137.0,93.4,90.6,90.1,-5.1477,-4.2187,-5.84,-4.0688,-12.7273,-29.927,-29.927,5.9603,6.5483
20250314,3189,景碩,TWSE,96.5,97.1,95.0,96.7,2687564.0,258425532.0,TWSE_RWD_JSON_MI_INDEX,data/daily_price/daily_price_20250314.csv,97.38,101.21,100.2683,101.9058,99.7907,0.7292,-2.7163,0.0,2.5451,-5.6585,7457357.85,0.3604,110.0,137.0,137.0,94.3,90.6,90.1,-4.4561,-3.5588,-5.1085,-3.0972,-12.0909,-29.4161,-29.4161,6.7329,7.3252
20250317,3189,景碩,TWSE,97.3,97.8,96.5,96.7,1580793.0,153455957.0,TWSE_RWD_JSON_MI_INDEX,data/daily_price/daily_price_20250317.csv,97.16,101.2,100.23,101.8917,99.5332,0.0,-1.1247,-0.2064,-2.3232,-1.7276,7381671.75,0.2142,110.0,137.0,137.0,94.3,90.6,90.1,-4.4466,-3.5219,-5.0953,-2.8464,-12.0909,-29.4161,-29.4161,6.7329,7.3252
20250318,3189,景碩,TWSE,97.5,97.9,96.4,96.6,1349691.0,130931663.0,TWSE_RWD_JSON_MI_INDEX,data/daily_price/daily_price_20250318.csv,96.84,101.03,100.1483,101.8692,99.2887,-0.1034,-1.6293,-3.4,-4.8276,-2.719,6887401.15,0.196,110.0,137.0,137.0,94.3,90.6,90.1,-4.3848,-3.5431,-5.1725,-2.708,-12.1818,-29.4891,-29.4891,6.6225,7.2142
20250319,3189,景碩,TWSE,96.9,97.8,95.0,95.2,3205826.0,307107576.0,TWSE_RWD_JSON_MI_INDEX,data/daily_price/daily_price_20250319.csv,96.24,100.615,100.075,101.7667,98.948,-1.4493,-3.055,-8.0193,-4.4177,-11.4419,6286507.45,0.51,110.0,137.0,137.0,94.3,90.6,90.1,-5.3819,-4.8713,-6.4527,-3.7878,-13.4545,-30.5109,-30.5109,5.0773,5.6604
20250320,3189,景碩,TWSE,96.0,97.5,96.0,97.3,1962625.0,190367186.0,TWSE_RWD_JSON_MI_INDEX,data/daily_price/daily_price_20250320.csv,96.5,100.18,100.0583,101.6692,98.8107,2.2059,1.3542,-8.2075,-1.0173,-10.7339,5213314.65,0.3765,109.0,137.0,137.0,94.3,90.6,90.1,-2.8748,-2.7567,-4.2974,-1.5288,-10.7339,-28.9781,-28.9781,7.3951,7.9911
20250321,3189,景碩,TWSE,97.5,97.5,96.5,96.6,875253.0,84730793.0,TWSE_RWD_JSON_MI_INDEX,data/daily_price/daily_price_20250321.csv,96.48,99.66,100.0967,101.5825,98.6264,-0.7194,-0.1034,-9.7196,2.439,-9.7196,4839385.1,0.1809,109.0,137.0,137.0,94.3,90.6,90.1,-3.0704,-3.4933,-4.9049,-2.0547,-11.3761,-29.4891,-29.4891,6.6225,7.2142
20250324,3189,景碩,TWSE,97.5,97.6,95.4,95.5,1452006.0,139603116.0,TWSE_RWD_JSON_MI_INDEX,data/daily_price/daily_price_20250324.csv,96.24,99.085,100.135,101.5117,98.3659,-1.1387,-1.241,-10.7477,2.4678,-8.1731,4666855.95,0.3111,107.5,137.0,137.0,94.3,90.6,90.1,-3.6181,-4.6288,-5.9221,-2.9135,-11.1628,-30.292,-30.292,5.4084,5.9933
20250325,3189,景碩,TWSE,97.0,97.5,94.6,95.1,1739890.0,166307722.0,TWSE_RWD_JSON_MI_INDEX,data/daily_price/daily_price_20250325.csv,95.94,98.64,100.1733,101.425,98.0937,-0.4188,-1.5528,-8.5577,2.4784,-9.8578,4443897.7,0.3915,107.5,137.0,137.0,94.3,90.6,90.1,-3.5888,-5.0646,-6.2361,-3.0519,-11.5349,-30.5839,-30.5839,4.9669,5.5494
20250326,3189,景碩,TWSE,95.5,96.0,94.7,95.0,1270305.0,120799274.0,TWSE_RWD_JSON_MI_INDEX,data/daily_price/daily_price_20250326.csv,95.9,98.14,100.1933,101.3458,97.8359,-0.1052,-0.2101,-9.5238,1.2793,-9.0909,4057213.6,0.3131,105.5,137.0,137.0,94.3,90.6,90.1,-3.1995,-5.1833,-6.2616,-2.8987,-9.9526,-30.6569,-30.6569,4.8565,5.4384
20250327,3189,景碩,TWSE,94.2,94.2,92.7,92.8,3631669.0,338693179.0,TWSE_RWD_JSON_MI_INDEX,data/daily_price/daily_price_20250327.csv,95.0,97.58,100.2067,101.2483,97.4163,-2.3158,-4.6249,-10.7692,0.8696,-11.1962,3944068.5,0.9208,104.5,137.0,137.0,92.7,90.6,90.1,-4.8985,-7.3914,-8.3442,-4.7387,-11.1962,-32.2628,-32.2628,2.4283,2.9967
20250328,3189,景碩,TWSE,92.5,92.5,88.8,89.9,5184756.0,468295806.0,TWSE_RWD_JSON_MI_INDEX,data/daily_price/daily_price_20250328.csv,93.66,96.9,100.0217,101.135,96.7899,-3.125,-6.9358,-13.1401,-10.9901,-13.1401,3442121.3,1.5063,104.5,137.0,137.0,88.8,88.8,88.8,-7.2239,-10.1195,-11.1089,-7.1184,-13.9713,-34.3796,-34.3796,1.2387,1.2387
20250331,3189,景碩,TWSE,85.0,86.0,81.0,81.0,9368440.0,766614572.0,TWSE_RWD_JSON_MI_INDEX,data/daily_price/daily_price_20250331.csv,90.76,96.075,99.68,100.9225,95.4741,-9.8999,-15.1832,-16.9231,-20.197,-23.9437,3554386.9,2.6357,104.5,137.0,137.0,81.0,81.0,81.0,-15.6909,-18.74,-19.7404,-15.1602,-22.488,-40.8759,-40.8759,0.0,0.0
20250401,3189,景碩,TWSE,81.4,83.8,80.4,83.0,4195513.0,344768893.0,TWSE_RWD_JSON_MI_INDEX,data/daily_price/daily_price_20250401.csv,88.34,95.35,99.2883,100.7183,94.4346,2.4691,-12.7234,-14.8718,-22.0657,-22.7907,3529408.35,1.1887,104.5,137.0,137.0,80.4,80.4,80.4,-12.9523,-16.4051,-17.592,-12.1085,-20.5742,-39.4161,-39.4161,3.2338,3.2338
20250402,3189,景碩,TWSE,83.0,84.0,81.6,83.7,1901117.0,158000712.0,TWSE_RWD_JSON_MI_INDEX,data/daily_price/daily_price_20250402.csv,86.08,94.31,98.9583,100.4825,93.54,0.8434,-11.8947,-19.9043,-19.1304,-25.2679,3182361.8,0.5974,104.5,137.0,137.0,80.4,80.4,80.4,-11.2501,-15.4189,-16.7019,-10.5196,-19.9043,-38.9051,-38.9051,4.1045,4.1045
20250407,3189,景碩,listed,75.4,75.4,75.4,75.4,423853.0,31958411.0,,data/daily_price/20250407.csv,82.6,93.005,98.4817,100.1942,92.0284,-9.9164,-18.75,-25.7143,-27.5,-31.4545,2961644.0,0.1431,102.5,137.0,137.0,75.4,75.4,75.4,-18.9291,-23.4375,-24.7461,-18.0687,-26.439,-44.9635,-44.9635,0.0,0.0
20250408,3189,景碩,listed,67.9,67.9,67.9,67.9,1809235.0,122847232.0,,data/daily_price/20250408.csv,78.2,91.43,97.9133,99.8433,90.0177,-9.9469,-24.4716,-31.6901,-33.4314,-38.2727,2877020.55,0.6289,101.5,137.0,137.0,67.9,67.9,67.9,-25.7355,-30.653,-31.9935,-24.5704,-33.1034,-50.438,-50.438,0.0,0.0
20250409,3189,景碩,listed,61.3,62.5,61.2,61.2,5684447.0,348705273.0,,data/daily_price/20250409.csv,74.24,89.6,97.25,99.4742,87.6162,-9.8675,-24.4444,-37.4233,-39.4059,-41.9905,2976082.65,1.91,100.5,137.0,137.0,61.2,61.2,61.2,-31.6964,-37.0694,-38.4765,-30.1499,-39.1045,-55.3285,-55.3285,0.0,0.0
20250410,3189,景碩,listed,66.3,67.3,65.9,67.3,5324920.0,356946779.0,,data/daily_price/20250410.csv,71.1,88.055,96.6967,99.1225,85.9232,9.9673,-18.9157,-31.4664,-33.0348,-38.5388,3064173.6,1.7378,100.5,137.0,137.0,61.2,61.2,61.2,-23.5705,-30.4009,-32.1042,-21.6742,-33.0348,-50.8759,-50.8759,9.9673,9.9673
20250414,3189,景碩,listed,68.7,71.2,66.8,67.8,8010657.0,550399231.0,,data/daily_price/20250414.csv,67.92,86.535,96.11,98.8042,84.4129,0.7429,-18.9964,-30.9572,-34.1748,-36.0377,3279532.35,2.4426,100.5,137.0,137.0,61.2,61.2,61.2,-21.6502,-29.4558,-31.3794,-19.6805,-32.5373,-50.5109,-50.5109,10.7843,10.7843
20250415,3189,景碩,listed,69.4,71.8,68.3,71.6,5782865.0,406874029.0,,data/daily_price/20250415.csv,67.16,85.315,95.4783,98.5133,83.3452,5.6047,-5.0398,-25.4167,-34.6119,-32.77,3372071.25,1.7149,97.9,137.0,137.0,61.2,61.2,61.2,-16.0757,-25.0092,-27.3195,-14.0922,-26.8641,-47.7372,-47.7372,16.9935,16.9935
20250416,3189,景碩,listed,71.5,71.5,69.0,69.5,3339876.0,234030499.0,,data/daily_price/20250416.csv,67.48,83.955,94.8117,98.2133,82.1914,-2.933,2.3564,-28.1282,-36.5297,-34.1232,3404686.85,0.981,97.9,137.0,137.0,61.2,61.2,61.2,-17.2176,-26.6968,-29.2357,-15.4413,-29.0092,-49.2701,-49.2701,13.5621,13.5621
20250417,3189,景碩,listed,68.2,70.6,67.4,70.2,2354367.0,162943743.0,,data/daily_price/20250417.csv,69.28,82.63,94.2067,97.9067,81.1921,1.0072,14.7059,-27.4043,-34.0845,-34.3925,3443365.55,0.6837,97.9,137.0,137.0,61.2,61.2,61.2,-15.043,-25.483,-28.2991,-13.5384,-28.2942,-48.7591,-48.7591,14.7059,14.7059
20250418,3189,景碩,listed,70.3,70.4,69.4,69.4,1940055.0,135290454.0,,data/daily_price/20250418.csv,69.7,81.27,93.655,97.6058,80.2094,-1.1396,3.1204,-28.1573,-32.2927,-34.218,3472883.75,0.5586,97.8,137.0,137.0,61.2,61.2,61.2,-14.6056,-25.8982,-28.8977,-13.4765,-29.0389,-49.3431,-49.3431,13.3987,13.3987
20250421,3189,景碩,listed,69.9,69.9,66.2,66.8,2605489.0,175944438.0,,data/daily_price/20250421.csv,69.5,79.85,93.06,97.3083,79.092,-3.7464,-1.4749,-29.8319,-34.8293,-34.8293,3442866.9,0.7568,97.6,137.0,137.0,61.2,61.2,61.2,-16.3431,-28.2184,-31.3522,-15.5414,-31.5574,-51.2409,-51.2409,9.1503,9.1503
20250422,3189,景碩,listed,66.0,70.1,65.8,67.6,5007003.0,342528550.0,,data/daily_price/20250422.csv,68.7,78.365,92.5867,96.9925,78.1343,1.1976,-5.5866,-30.5242,-29.5833,-35.9242,3595085.8,1.3927,97.6,137.0,137.0,61.2,61.2,61.2,-13.737,-26.9873,-30.3039,-13.4823,-30.7377,-50.6569,-50.6569,10.4575,10.4575
20250423,3189,景碩,listed,70.9,73.3,70.6,71.8,6889058.0,497972677.0,,data/daily_price/20250423.csv,69.16,77.125,92.1417,96.7158,77.6065,6.213,3.3094,-25.6729,-27.1066,-31.619,3895776.05,1.7683,97.6,137.0,137.0,61.2,61.2,61.2,-6.9044,-22.0765,-25.7619,-7.4819,-26.4344,-47.5912,-47.5912,17.3203,17.3203
20250424,3189,景碩,listed,72.8,73.3,71.4,71.6,3086312.0,222541228.0,,data/daily_price/20250424.csv,69.44,75.93,91.725,96.35,77.1059,-0.2786,1.9943,-25.0262,-25.8799,-38.0087,3977491.35,0.7759,97.5,137.0,137.0,61.2,61.2,61.2,-5.7026,-21.9406,-25.6876,-7.1407,-26.5641,-47.7372,-47.7372,16.9935,16.9935
20250425,3189,景碩,listed,73.8,75.7,72.7,74.1,6211202.0,461301524.0,,data/daily_price/20250425.csv,70.38,74.88,91.3317,96.0008,76.8554,3.4916,6.7723,-22.082,-24.1556,-36.1207,4201056.95,1.4785,96.0,137.0,137.0,61.2,61.2,61.2,-1.0417,-18.8671,-22.8132,-3.5852,-22.8125,-45.9124,-45.9124,21.0784,21.0784
20250428,3189,景碩,listed,75.6,76.4,74.2,76.1,4115257.0,311013907.0,,data/daily_price/20250428.csv,72.24,73.935,90.4,95.6767,76.7925,2.6991,13.9222,-19.8947,-42.3485,-33.8261,4343304.55,0.9475,94.2,110.0,137.0,61.2,61.2,61.2,2.9282,-15.8186,-20.4613,-0.9018,-19.2144,-30.8182,-44.4526,24.3464,24.3464
20250429,3189,景碩,listed,77.8,78.0,74.8,76.1,5232088.0,397757317.0,,data/daily_price/20250429.csv,73.94,73.1,90.04,95.3692,76.7348,0.0,12.574,-17.9957,-22.1085,-32.6549,4423325.5,1.1828,92.5,110.0,137.0,61.2,61.2,61.2,4.104,-15.482,-20.2048,-0.8272,-17.7297,-30.8182,-44.4526,24.3464,24.3464
20250430,3189,景碩,listed,75.1,76.4,74.7,75.2,3398646.0,255676851.0,,data/daily_price/20250430.csv,74.62,72.365,89.6633,95.0333,76.6069,-1.1827,4.7354,-16.3515,-23.1084,-34.8918,4334020.0,0.7842,86.0,110.0,137.0,61.2,61.2,61.2,3.9176,-16.1307,-20.8699,-1.8365,-12.5581,-31.6364,-45.1095,22.8758,22.8758
20250502,3189,景碩,listed,76.3,76.7,75.5,76.0,2932595.0,223045338.0,,data/daily_price/20250502.csv,75.5,72.115,89.295,94.7292,76.5563,1.0638,6.1453,-6.1728,-22.528,-32.4444,4012227.75,0.7309,84.0,110.0,137.0,61.2,61.2,61.2,5.3872,-14.8889,-19.7713,-0.7267,-9.5238,-30.9091,-44.5255,24.183,24.183
20250505,3189,景碩,listed,77.0,77.3,72.5,74.1,3427006.0,256167898.0,,data/daily_price/20250505.csv,75.5,71.67,88.9183,94.4675,76.3516,-2.5,0.0,-10.7229,-23.3713,-29.763,3973802.4,0.8624,84.0,110.0,137.0,61.2,61.2,61.2,3.3905,-16.6651,-21.5603,-2.949,-11.7857,-32.6364,-45.9124,21.0784,21.0784
20250506,3189,景碩,listed,74.0,75.4,72.8,74.7,1476001.0,109741232.0,,data/daily_price/20250506.csv,75.22,71.22,88.6017,94.1942,76.214,0.8097,-1.8397,-10.7527,-20.2775,-30.5116,3952546.6,0.3734,78.0,110.0,137.0,61.2,61.2,61.2,4.8863,-15.6901,-20.6957,-1.9865,-4.2308,-32.0909,-45.4745,22.0588,22.0588
20250507,3189,景碩,listed,75.4,76.2,74.7,75.5,1990414.0,150287781.0,,data/daily_price/20250507.csv,75.1,71.225,88.275,93.9233,76.1545,1.071,-0.7884,0.1326,-20.6099,-30.0926,4030874.65,0.4938,78.0,110.0,137.0,61.2,61.2,61.2,6.0021,-14.4718,-19.6153,-0.8594,-3.2051,-31.3636,-44.8905,23.366,23.366
20250508,3189,景碩,listed,76.6,77.7,76.5,76.7,1847767.0,142214202.0,,data/daily_price/20250508.csv,75.4,71.665,87.9267,93.6917,76.1999,1.5894,1.9947,12.9602,-21.4139,-26.6029,4032801.25,0.4582,78.0,110.0,137.0,61.2,61.2,61.2,7.0257,-12.7682,-18.1357,0.6562,-1.6667,-30.2727,-44.0146,25.3268,25.3268
20250509,3189,景碩,listed,77.5,77.6,76.4,77.4,1472068.0,113456875.0,,data/daily_price/20250509.csv,75.68,72.475,87.6083,93.4533,76.2999,0.9126,1.8421,26.4706,-19.7927,-26.9811,3822182.3,0.3851,78.0,110.0,137.0,65.8,61.2,61.2,6.7954,-11.6522,-17.1779,1.4418,-0.7692,-29.6364,-43.5036,26.4706,26.4706
20250512,3189,景碩,listed,79.1,81.5,79.0,81.3,4348534.0,350702027.0,,data/daily_price/20250512.csv,77.12,73.175,87.3683,93.2475,76.7166,5.0388,9.7166,20.8024,-15.047,-23.3019,3773363.0,1.1524,81.5,110.0,137.0,65.8,61.2,61.2,11.1035,-6.9457,-12.8127,5.9744,-0.2454,-26.0909,-40.6569,32.8431,32.8431
20250513,3189,景碩,listed,84.0,84.2,81.4,82.0,4070189.0,335973822.0,,data/daily_price/20250513.csv,78.58,73.885,87.16,93.0308,77.1569,0.861,9.7724,20.944,-13.2275,-24.0741,3576339.6,1.1381,84.2,110.0,137.0,65.8,61.2,61.2,10.9833,-5.9201,-11.8572,6.277,-2.6128,-25.4545,-40.146,33.9869,33.9869
20250514,3189,景碩,listed,82.1,83.0,81.6,82.5,2307734.0,190005705.0,,data/daily_price/20250514.csv,79.98,74.43,86.985,92.8433,77.6022,0.6098,9.2715,15.2235,-11.2903,-21.4286,3402583.05,0.6782,84.2,110.0,137.0,65.8,61.2,61.2,10.8424,-5.1561,-11.1406,6.3115,-2.019,-25.0,-39.781,34.8039,34.8039
20250515,3189,景碩,listed,82.8,83.2,82.3,82.9,1690664.0,140025727.0,,data/daily_price/20250515.csv,81.22,75.1,86.755,92.6717,78.0436,0.4848,8.0834,19.2806,-14.2709,-19.9034,3320122.45,0.5092,84.2,110.0,137.0,65.8,61.2,61.2,10.3862,-4.4435,-10.5444,6.2226,-1.5439,-24.6364,-39.4891,35.4575,35.4575
20250516,3189,景碩,listed,83.3,83.8,82.9,83.4,1521407.0,126817881.0,,data/daily_price/20250516.csv,82.42,75.76,86.53,92.525,78.49,0.6031,7.7519,18.8034,-13.9319,-17.4257,3278474.45,0.4641,84.2,110.0,137.0,65.8,61.2,61.2,10.0845,-3.6172,-9.8622,6.2556,-0.9501,-24.1818,-39.1241,36.2745,36.2745
20250519,3189,景碩,listed,83.0,83.1,81.1,81.1,1746828.0,142753036.0,,data/daily_price/20250519.csv,82.38,76.345,86.215,92.375,78.7075,-2.7578,-0.246,16.8588,-18.9,-18.1635,3268813.1,0.5344,84.2,110.0,137.0,65.8,61.2,61.2,6.2283,-5.9328,-12.2057,3.0397,-3.6817,-26.2727,-40.8029,32.5163,32.5163
20250520,3189,景碩,listed,81.3,82.1,80.6,81.1,1898749.0,154185014.0,,data/daily_price/20250520.csv,82.2,77.06,85.8417,92.2408,78.9069,0.0,-1.0976,21.4072,-21.6425,-16.5638,3233476.1,0.5872,84.2,110.0,137.0,65.8,61.2,61.2,5.2427,-5.5237,-12.078,2.7794,-3.6817,-26.2727,-40.8029,32.5163,32.5163
20250522,3189,景碩,listed,82.0,82.2,81.0,81.4,1014329.0,82523163.0,,data/daily_price/20250522.csv,81.98,77.75,85.4317,92.0975,79.1146,0.3699,-1.3333,20.4142,-23.2075,-17.4442,3033842.4,0.3343,84.2,109.0,137.0,70.6,61.2,61.2,4.6945,-4.7192,-11.6154,2.8887,-3.3254,-25.3211,-40.5839,33.0065,33.0065
20250523,3189,景碩,listed,81.6,83.6,81.5,81.9,2591319.0,214201479.0,,data/daily_price/20250523.csv,81.78,78.255,85.0133,91.9675,79.3468,0.6143,-1.2063,14.0669,-23.4579,-16.0,2818955.45,0.9192,84.2,109.0,137.0,71.4,61.2,61.2,4.6578,-3.6622,-10.9468,3.2178,-2.7316,-24.8624,-40.219,33.8235,33.8235
20250526,3189,景碩,listed,81.9,83.0,81.5,83.0,1314226.0,108168461.0,,data/daily_price/20250526.csv,81.7,78.825,84.6133,91.84,79.6512,1.3431,-0.4796,15.9218,-22.4299,-15.5646,2730351.15,0.4813,84.2,107.5,137.0,72.5,61.2,61.2,5.2965,-1.9067,-9.6254,4.2043,-1.4252,-22.7907,-39.4161,35.6209,35.6209
20250527,3189,景碩,listed,85.7,87.3,82.6,82.9,25035468.0,2134103967.0,,data/daily_price/20250527.csv,82.06,79.265,84.2617,91.735,79.9219,-0.1205,2.2195,11.8758,-20.2885,-13.1937,3671564.45,6.8187,87.3,107.5,137.0,72.5,61.2,61.2,4.5859,-1.616,-9.631,3.7262,-5.0401,-22.8837,-39.4891,35.4575,35.4575
20250528,3189,景碩,listed,84.0,85.3,80.8,81.7,7329271.0,606965959.0,,data/daily_price/20250528.csv,82.18,79.545,83.8733,91.6117,80.0701,-1.4475,0.7398,7.3587,-22.1905,-15.3368,3832265.15,1.9125,87.3,105.5,137.0,72.5,61.2,61.2,2.7092,-2.5912,-10.8192,2.0356,-6.4147,-22.5592,-40.365,33.4967,33.4967
20250529,3189,景碩,listed,83.0,83.2,81.1,81.7,3517813.0,287938470.0,,data/daily_price/20250529.csv,82.24,79.825,83.5017,91.4925,80.2059,0.0,0.3686,7.3587,-21.4423,-14.8958,3746551.4,0.9389,87.3,104.5,137.0,72.5,61.2,61.2,2.3489,-2.1576,-10.7031,1.8628,-6.4147,-21.8182,-40.365,33.4967,33.4967
20250602,3189,景碩,listed,80.3,80.5,77.0,77.2,3861003.0,301719598.0,,data/daily_price/20250602.csv,81.3,79.925,83.0633,91.3267,79.9554,-5.508,-5.7387,2.6596,-25.4106,-20.4943,3769669.25,1.0242,87.3,104.5,137.0,72.5,61.2,61.2,-3.4094,-7.0589,-15.4683,-3.4462,-11.5693,-26.1244,-43.6496,26.1438,26.1438
20250603,3189,景碩,listed,78.1,78.6,77.5,77.6,1406003.0,109579431.0,,data/daily_price/20250603.csv,80.22,80.005,82.7317,91.165,79.7591,0.5181,-6.506,2.1053,-20.4103,-20.0,3693339.65,0.3807,87.3,104.5,137.0,72.5,61.2,61.2,-3.0061,-6.2028,-14.8796,-2.7071,-11.1111,-25.7416,-43.3577,26.7974,26.7974
20250604,3189,景碩,listed,78.7,82.1,78.6,81.3,3361676.0,270842154.0,,data/daily_price/20250604.csv,79.9,80.365,82.4617,91.0708,79.8875,4.768,-1.93,9.7166,-16.6154,-12.203,3690073.15,0.911,87.3,104.5,137.0,72.8,61.2,61.2,1.1634,-1.4087,-10.7288,1.768,-6.8729,-22.201,-40.6569,32.8431,32.8431
20250605,3189,景碩,listed,81.0,82.3,80.5,81.2,1334478.0,108560873.0,,data/daily_price/20250605.csv,79.8,80.69,82.0733,90.9767,79.9969,-0.123,-0.612,8.7015,-22.2967,-12.2162,3682997.0,0.3623,87.3,104.5,137.0,74.7,61.2,61.2,0.632,-1.0641,-10.7463,1.5039,-6.9874,-22.2967,-40.7299,32.6797,32.6797
20250606,3189,景碩,listed,80.6,81.7,80.4,81.2,861755.0,69822504.0,,data/daily_price/20250606.csv,79.7,80.975,81.735,90.8658,80.0972,0.0,-0.612,7.5497,-20.0,-14.0741,3626564.05,0.2376,87.3,102.5,137.0,76.4,61.2,61.2,0.2779,-0.6546,-10.6375,1.3769,-6.9874,-20.7805,-40.7299,32.6797,32.6797
20250609,3189,景碩,listed,81.6,82.3,80.0,80.6,1025525.0,82797902.0,,data/daily_price/20250609.csv,80.38,81.17,81.4217,90.7567,80.1391,-0.7389,4.4041,5.0847,-18.9135,-13.9808,3585451.95,0.286,87.3,101.5,137.0,76.4,61.2,61.2,-0.7022,-1.0091,-11.1911,0.5752,-7.6747,-20.5911,-41.1679,31.6993,31.6993
20250610,3189,景碩,listed,81.0,83.7,81.0,83.2,3718207.0,308677843.0,,data/daily_price/20250610.csv,81.5,81.46,81.1783,90.6667,80.3942,3.2258,7.2165,7.4935,-14.9284,-11.4894,3697758.9,1.0055,87.3,100.5,137.0,77.0,61.2,61.2,2.136,2.4904,-8.2353,3.4901,-4.6964,-17.2139,-39.2701,35.9477,35.9477
20250611,3189,景碩,listed,84.1,91.5,83.6,91.5,18371938.0,1630995960.0,,data/daily_price/20250611.csv,83.54,81.97,81.0667,90.63,81.3196,9.976,12.5461,12.5461,-6.8228,-4.5881,4398929.1,4.1765,91.5,100.5,137.0,77.0,61.2,61.2,11.6262,12.8701,0.9599,12.5189,0.0,-8.9552,-33.2117,49.5098,49.5098
20250612,3189,景碩,listed,90.0,92.2,89.6,91.2,12037106.0,1095935076.0,,data/daily_price/20250612.csv,85.54,82.43,80.95,90.5867,82.143,-0.3279,12.3153,11.2195,-7.1283,-5.3942,4797274.95,2.5092,92.2,100.5,137.0,77.0,61.2,61.2,10.6393,12.6621,0.6771,11.0259,-1.0846,-9.2537,-33.4307,49.0196,49.0196
20250613,3189,景碩,listed,90.1,90.9,87.5,87.5,6762971.0,601307297.0,,data/daily_price/20250613.csv,86.8,82.68,80.8083,90.5183,82.5894,-4.057,7.7586,6.0606,-8.8542,-8.5684,5020036.8,1.3472,92.2,97.9,137.0,77.0,61.2,61.2,5.8297,8.2809,-3.3345,5.9458,-5.0976,-10.6231,-36.1314,42.9739,42.9739
20250616,3189,景碩,listed,87.3,89.3,86.7,87.4,4352885.0,382783980.0,,data/daily_price/20250616.csv,88.16,82.905,80.6533,90.4608,82.9903,-0.1143,8.4367,5.4282,-9.6174,-7.3171,5153147.85,0.8447,92.2,97.9,137.0,77.0,61.2,61.2,5.4219,8.365,-3.3836,5.3135,-5.2061,-10.7252,-36.2044,42.8105,42.8105
20250617,3189,景碩,listed,88.0,88.7,84.9,85.1,4912693.0,423350356.0,,data/daily_price/20250617.csv,88.54,82.99,80.46,90.345,83.1661,-2.6316,2.2837,2.0384,-11.9959,-14.0404,5322712.15,0.923,92.2,97.9,137.0,77.0,61.2,61.2,2.5425,5.7668,-5.8055,2.3253,-7.7007,-13.0746,-37.8832,39.0523,39.0523
20250618,3189,景碩,listed,85.1,86.8,85.0,85.1,3124541.0,267124239.0,,data/daily_price/20250618.csv,87.26,83.19,80.2683,90.2083,83.3273,0.0,-6.9945,4.9322,-11.9048,-16.1576,5391597.8,0.5795,92.2,97.8,137.0,77.0,61.2,61.2,2.2959,6.0194,-5.6628,2.1274,-7.7007,-12.9857,-37.8832,39.0523,39.0523
20250619,3189,景碩,listed,85.1,85.4,83.5,83.9,2183537.0,183492826.0,,data/daily_price/20250619.csv,85.8,83.33,80.08,90.0775,83.375,-1.4101,-8.0044,3.4525,-11.8697,-15.7631,5405837.2,0.4039,92.2,97.6,137.0,77.0,61.2,61.2,0.684,4.7702,-6.858,0.6297,-9.0022,-14.0369,-38.7591,37.0915,37.0915
20250620,3189,景碩,listed,84.1,84.5,82.3,82.4,1777540.0,147292469.0,,data/daily_price/20250620.csv,84.78,83.38,79.8317,89.945,83.2937,-1.7878,-5.8286,1.2285,-15.3135,-16.175,5443997.75,0.3265,92.2,97.6,137.0,77.0,61.2,61.2,-1.1753,3.2172,-8.3885,-1.073,-10.6291,-15.5738,-39.854,34.6405,34.6405
20250623,3189,景碩,listed,80.5,86.7,80.3,83.1,9969376.0,840296470.0,,data/daily_price/20250623.csv,83.92,83.44,79.6067,89.8517,83.2776,0.8495,-4.9199,1.4652,-13.9752,-11.877,5812900.6,1.715,92.2,97.6,137.0,77.0,61.2,61.2,-0.4075,4.3882,-7.5142,-0.2133,-9.8698,-14.8566,-39.3431,35.7843,35.7843
20250624,3189,景碩,listed,84.1,86.0,83.7,84.8,6012842.0,509109272.0,,data/daily_price/20250624.csv,83.86,83.53,79.4283,89.7817,83.4045,2.0457,-0.3525,2.1687,-11.2042,-9.0129,6047831.4,0.9942,92.2,97.5,137.0,77.0,61.2,61.2,1.5204,6.7629,-5.5486,1.6732,-8.026,-13.0256,-38.1022,38.5621,38.5621
20250625,3189,景碩,listed,85.6,87.2,85.4,85.5,6199966.0,534203529.0,,data/daily_price/20250625.csv,83.94,83.66,79.2683,89.7208,83.5791,0.8255,0.47,3.1363,-10.0946,-7.8664,5106056.3,1.2142,92.2,96.0,137.0,77.0,61.2,61.2,2.1994,7.8615,-4.7044,2.2983,-7.2668,-10.9375,-37.5912,39.7059,39.7059
20250626,3189,景碩,listed,85.5,86.0,84.4,84.8,2249014.0,191426667.0,,data/daily_price/20250626.csv,84.12,83.815,79.0983,89.6458,83.6808,-0.8187,1.0727,3.7944,-10.7368,-9.5949,4852043.45,0.4635,92.2,94.2,137.0,77.0,61.2,61.2,1.1752,7.2083,-5.4055,1.3374,-8.026,-9.9788,-38.1022,38.5621,38.5621
20250627,3189,景碩,listed,85.6,85.8,84.4,85.2,2157064.0,182936730.0,,data/daily_price/20250627.csv,84.68,83.99,78.9717,89.5892,83.8074,0.4717,3.3981,4.284,-8.1897,-7.3913,4784006.0,0.4509,92.2,92.5,137.0,77.0,61.2,61.2,1.4406,7.8868,-4.8992,1.6616,-7.5922,-7.8919,-37.8102,39.2157,39.2157
20250630,3189,景碩,listed,85.1,85.5,83.4,83.7,2144559.0,180236575.0,,data/daily_price/20250630.csv,84.8,84.315,78.8683,89.445,83.7985,-1.7606,0.722,8.4197,-6.8966,-17.1287,4698183.8,0.4565,92.2,92.2,137.0,77.5,61.2,61.2,-0.7294,6.1262,-6.4229,-0.1175,-9.2191,-9.2191,-38.9051,36.7647,36.7647
20250701,3189,景碩,listed,84.2,85.5,83.8,83.8,1643936.0,138892328.0,,data/daily_price/20250701.csv,84.6,84.625,78.915,89.2975,83.7986,0.1195,-1.1792,7.9897,3.4568,-17.4384,4710080.45,0.349,92.2,92.2,137.0,78.6,61.2,61.2,-0.9749,6.1902,-6.1564,0.0017,-9.1106,-9.1106,-38.8321,36.9281,36.9281
20250702,3189,景碩,listed,84.2,84.5,83.4,84.0,1395387.0,117126656.0,,data/daily_price/20250702.csv,84.3,84.76,78.9317,89.11,83.8154,0.2387,-1.7544,3.321,1.2048,-21.1268,4611766.0,0.3026,92.2,92.2,137.0,80.0,61.2,61.2,-0.8966,6.4212,-5.7345,0.2203,-8.8937,-8.8937,-38.6861,37.2549,37.2549
20250703,3189,景碩,listed,83.7,89.7,83.7,88.2,20853879.0,1823017642.0,,data/daily_price/20250703.csv,84.98,85.11,79.0067,88.9825,84.1808,5.0,4.0094,8.6207,5.3763,-14.7826,5587736.05,3.7321,92.2,92.2,137.0,80.0,61.2,61.2,3.6306,11.6361,-0.8794,4.7745,-4.3384,-4.3384,-35.6204,44.1176,44.1176
20250704,3189,景碩,listed,88.8,95.0,88.2,88.2,31370223.0,2890245576.0,,data/daily_price/20250704.csv,85.58,85.46,79.22,88.8508,84.5157,0.0,3.5211,8.6207,16.9761,-15.1923,7113159.45,4.4102,95.0,95.0,137.0,80.0,61.2,61.2,3.2062,11.3355,-0.7325,4.3593,-7.1579,-7.1579,-35.6204,44.1176,44.1176
20250707,3189,景碩,listed,91.3,92.0,86.8,87.1,25932862.0,2304367657.0,,data/daily_price/20250707.csv,86.26,85.785,79.54,88.7267,84.7311,-1.2472,4.0621,8.0645,28.2769,-14.6078,8358526.3,3.1026,95.0,95.0,137.0,80.3,61.2,61.2,1.5329,9.5047,-1.8333,2.7958,-8.3158,-8.3158,-36.4234,42.3203,42.3203
20250708,3189,景碩,listed,86.5,87.5,85.3,87.2,4959331.0,428956777.0,,data/daily_price/20250708.csv,86.94,85.985,79.9733,88.6117,84.9368,0.1148,4.0573,4.8077,42.4837,-13.6634,8420582.5,0.589,95.0,95.0,137.0,80.3,65.8,61.2,1.413,9.0363,-1.5931,2.6646,-8.2105,-8.2105,-36.3504,32.5228,42.4837
20250709,3189,景碩,listed,86.9,91.5,86.4,90.7,16252754.0,1456072589.0,,data/daily_price/20250709.csv,88.28,85.945,80.3633,88.53,85.4171,4.0138,7.9762,-0.8743,34.7697,-9.7512,8314623.3,1.9547,95.0,95.0,137.0,80.3,65.8,61.2,5.5326,12.8624,2.4511,6.1849,-4.5263,-4.5263,-33.7956,37.8419,48.2026
20250710,3189,景碩,listed,91.0,92.2,89.8,90.4,11796258.0,1071655701.0,,data/daily_price/20250710.csv,88.72,85.905,80.74,88.425,85.8323,-0.3308,2.4943,-0.8772,33.3333,-12.233,8302580.9,1.4208,95.0,95.0,137.0,80.3,65.8,61.2,5.2325,11.9643,2.2335,5.3216,-4.8421,-4.8421,-34.0146,37.386,47.7124
20250711,3189,景碩,listed,89.9,91.5,89.8,90.3,4258780.0,385601137.0,,data/daily_price/20250711.csv,89.14,86.045,81.0517,88.265,86.2046,-0.1106,2.381,3.2,26.1173,-17.5342,8177371.35,0.5208,95.0,95.0,137.0,80.3,65.8,61.2,4.9451,11.4104,2.3056,4.7508,-4.9474,-4.9474,-34.0876,37.234,47.549
20250714,3189,景碩,listed,90.0,90.7,88.3,90.2,3661908.0,328847387.0,,data/daily_price/20250714.csv,89.76,86.185,81.3967,88.1042,86.5376,-0.1107,3.5591,3.2037,29.7842,-17.6256,8142822.5,0.4497,95.0,95.0,137.0,80.3,65.8,61.2,4.6586,10.8153,2.3788,4.2322,-5.0526,-5.0526,-34.1606,37.0821,47.3856
20250715,3189,景碩,listed,89.8,99.2,89.7,99.2,55449936.0,5307064355.0,,data/daily_price/20250715.csv,92.16,86.89,81.88,88.0433,87.5928,9.9778,13.7615,16.5687,41.3105,-6.8545,10669684.65,5.197,99.2,99.2,137.0,80.3,65.8,61.2,14.1673,21.1529,12.6718,13.2513,0.0,0.0,-27.5912,50.7599,62.0915
20250716,3189,景碩,listed,100.5,105.5,98.4,102.5,82541278.0,8452312656.0,,data/daily_price/20250716.csv,94.52,87.76,82.4317,88.0433,88.835,3.3266,13.0099,20.4465,47.6945,0.0,14640521.5,5.6379,105.5,105.5,137.0,80.3,65.8,61.2,16.7958,24.3454,16.4199,15.3824,-2.8436,-2.8436,-25.1825,55.7751,67.4837
20250717,3189,景碩,listed,102.0,103.5,99.8,101.5,19639953.0,1984024451.0,,data/daily_price/20250717.csv,96.74,88.64,83.01,88.035,89.8905,-0.9756,12.2788,20.9774,51.9461,-0.9756,15513342.3,1.266,105.5,105.5,137.0,80.3,65.8,61.2,14.5081,22.2744,15.2951,12.9152,-3.7915,-3.7915,-25.9124,54.2553,65.8497
20250718,3189,景碩,listed,101.5,102.5,100.5,101.0,7867313.0,795839943.0,,data/daily_price/20250718.csv,98.88,89.57,83.5667,88.0767,90.8163,-0.4926,11.8494,22.5728,49.4083,5.2083,15817830.95,0.4974,105.5,105.5,137.0,80.3,70.6,61.2,12.761,20.8616,14.6728,11.2136,-4.2654,-4.2654,-26.2774,43.0595,65.0327
20250721,3189,景碩,listed,101.5,107.0,100.5,104.5,19375721.0,2026108297.0,,data/daily_price/20250721.csv,101.74,90.64,84.1117,88.1267,91.9566,3.4653,15.8537,25.7521,45.5432,6.0914,16288148.2,1.1896,107.0,107.0,137.0,83.4,71.4,61.2,15.2913,24.2396,18.5793,13.6406,-2.3364,-2.3364,-23.7226,46.3585,70.7516
20250722,3189,景碩,listed,104.5,105.5,100.0,100.5,12780325.0,1306204835.0,,data/daily_price/20250722.csv,102.0,91.425,84.5933,88.1592,92.6685,-3.8278,1.3105,18.5142,40.3631,4.0373,16626522.35,0.7687,107.0,107.0,137.0,83.4,72.5,61.2,9.9262,18.8037,13.9984,8.4511,-6.0748,-6.0748,-26.6423,38.6207,64.2157
20250723,3189,景碩,listed,102.5,106.5,101.0,103.0,20003904.0,2083770808.0,,data/daily_price/20250723.csv,102.1,92.3,85.075,88.2033,93.5295,2.4876,0.4878,20.4678,39.0013,5.4248,17316719.25,1.1552,107.0,107.0,137.0,83.4,72.5,61.2,11.5926,21.0696,16.7756,10.1257,-3.7383,-3.7383,-24.8175,42.069,68.3007
20250724,3189,景碩,listed,103.5,104.5,101.5,103.0,11245913.0,1155320226.0,,data/daily_price/20250724.csv,102.4,93.21,85.5233,87.9617,94.3187,0.0,1.4778,21.4623,35.3482,-21.9697,17766564.2,0.633,107.0,107.0,110.0,83.4,72.5,61.2,10.5032,20.435,17.0965,9.2042,-3.7383,-3.7383,-6.3636,42.069,68.3007
20250725,3189,景碩,listed,102.5,104.0,99.9,100.0,15399323.0,1562109445.0,,data/daily_price/20250725.csv,102.2,93.95,85.9217,87.9808,94.7921,-2.9126,-0.9901,17.3709,31.406,2.3541,18428677.15,0.8356,107.0,107.0,110.0,83.4,72.5,61.2,6.4396,16.3851,13.6611,5.494,-6.5421,-6.5421,-9.0909,37.931,63.3987
20250728,3189,景碩,listed,101.0,102.0,100.0,100.0,9449515.0,951874070.0,,data/daily_price/20250728.csv,101.3,94.765,86.335,87.9992,95.2261,0.0,-4.3062,19.4743,32.9787,2.2495,18793924.95,0.5028,107.0,107.0,110.0,83.4,72.5,61.2,5.5242,15.8279,13.6374,5.0132,-6.5421,-6.5421,-9.0909,37.931,63.3987
20250729,3189,景碩,listed,103.5,109.0,103.5,106.0,57958638.0,6150725575.0,,data/daily_price/20250729.csv,102.4,95.875,86.835,88.065,96.1239,6.0,5.4726,26.4916,39.4737,8.053,21609660.05,2.6821,109.0,109.0,110.0,83.4,72.5,61.2,10.5606,22.0706,20.3656,10.2743,-2.7523,-2.7523,-3.6364,46.2069,73.2026
20250730,3189,景碩,listed,106.0,107.0,103.5,105.0,18862289.0,1980053699.0,,data/daily_price/20250730.csv,102.8,96.925,87.35,88.1342,96.8636,-0.9434,1.9417,25.0,41.7004,8.5832,22483005.15,0.839,109.0,109.0,110.0,83.7,72.8,61.2,8.3312,20.2061,19.1365,8.3998,-3.6697,-3.6697,-4.5455,44.2308,71.5686
20250731,3189,景碩,listed,104.0,104.0,101.0,103.0,10358515.0,1063042828.0,,data/daily_price/20250731.csv,102.8,97.665,87.8217,88.2117,97.375,-1.9048,0.0,16.78,37.8849,9.9253,21958236.95,0.4717,109.0,109.0,110.0,85.3,74.7,61.2,5.4626,17.2831,16.7646,5.7767,-5.5046,-5.5046,-6.3636,37.8849,68.3007
20250801,3189,景碩,listed,101.0,104.5,100.5,103.0,6826256.0,704686331.0,,data/daily_price/20250801.csv,103.4,98.405,88.28,88.2775,97.8437,0.0,3.0,16.78,36.4238,8.307,20731038.6,0.3293,109.0,109.0,110.0,85.3,76.4,61.2,4.6695,16.6742,16.6775,5.2699,-5.5046,-5.5046,-6.3636,34.8168,68.3007
20250804,3189,景碩,listed,102.0,103.0,101.0,101.5,5113200.0,520575958.0,,data/daily_price/20250804.csv,103.7,99.125,88.6933,88.31,98.1484,-1.4563,1.5,16.5327,32.3338,3.9959,19690055.5,0.2597,109.0,109.0,110.0,85.3,76.4,61.2,2.396,14.4393,14.936,3.4148,-6.8807,-6.8807,-7.7273,32.8534,65.8497
20250805,3189,景碩,listed,102.5,103.0,101.5,101.5,5327764.0,544078079.0,,data/daily_price/20250805.csv,102.8,99.84,89.095,88.3517,98.4277,0.0,-4.2453,16.3991,31.137,5.1813,19708477.15,0.2703,109.0,109.0,110.0,86.4,77.0,61.2,1.6627,13.9233,14.8818,3.1214,-6.8807,-6.8807,-7.7273,31.8182,65.8497
20250806,3189,景碩,listed,101.5,102.5,101.0,101.0,3864864.0,392277697.0,,data/daily_price/20250806.csv,102.0,100.355,89.4233,88.3958,98.6421,-0.4926,-3.8095,11.3561,24.2312,5.5381,19089082.65,0.2025,109.0,109.0,110.0,88.3,77.0,61.2,0.6427,12.9459,14.2588,2.3904,-7.3394,-7.3394,-8.1818,31.1688,65.0327
20250807,3189,景碩,listed,102.5,104.5,101.5,101.5,7599752.0,781855440.0,,data/daily_price/20250807.csv,101.7,100.91,89.7483,88.4542,98.8802,0.495,-1.4563,12.2788,23.7805,7.4074,18879257.35,0.4025,109.0,109.0,110.0,88.3,77.0,61.2,0.5847,13.094,14.7487,2.6494,-6.8807,-6.8807,-7.7273,31.8182,65.8497
20250808,3189,景碩,listed,102.5,103.5,101.0,101.5,5234174.0,535328024.0,,data/daily_price/20250808.csv,101.4,101.47,90.065,88.525,99.0985,0.0,-1.4563,12.4031,23.0303,9.1398,18928027.05,0.2765,109.0,109.0,110.0,88.3,77.0,61.2,0.0296,12.6964,14.6569,2.4233,-6.8807,-6.8807,-7.7273,31.8182,65.8497
20250811,3189,景碩,listed,100.5,106.0,100.5,104.5,11148469.0,1156297267.0,,data/daily_price/20250811.csv,102.0,102.185,90.425,88.59,99.5487,2.9557,2.9557,15.8537,26.0555,8.0662,19302355.1,0.5776,109.0,109.0,110.0,89.7,77.0,61.2,2.2655,15.5654,17.9591,4.9738,-4.1284,-4.1284,-5.0,35.7143,70.7516
20250812,3189,景碩,listed,104.5,104.5,102.5,103.5,4899759.0,506991891.0,,data/daily_price/20250812.csv,102.4,102.4,90.76,88.645,99.8779,-0.9569,1.9704,4.3347,24.1007,6.8111,16774846.25,0.2921,109.0,109.0,110.0,98.4,77.0,61.2,1.0742,14.037,16.7579,3.6265,-5.0459,-5.0459,-5.9091,34.4156,69.1176
20250813,3189,景碩,listed,104.5,105.5,102.0,103.0,7420836.0,770725374.0,,data/daily_price/20250813.csv,102.8,102.425,91.125,88.67,100.1381,-0.4831,1.9802,0.4878,27.0037,3.0,13018824.15,0.57,109.0,109.0,110.0,99.8,77.0,61.2,0.5614,13.0316,16.161,2.8579,-5.5046,-5.5046,-6.3636,33.7662,68.3007
20250814,3189,景碩,listed,104.0,106.5,102.0,103.0,8837633.0,916294216.0,,data/daily_price/20250814.csv,103.1,102.5,91.49,88.6658,100.3766,0.0,1.4778,1.4778,27.0037,-0.4831,12478708.15,0.7082,109.0,109.0,110.0,99.9,77.0,61.2,0.4878,12.5806,16.1665,2.6135,-5.5046,-5.5046,-6.3636,33.7662,68.3007
20250815,3189,景碩,listed,103.5,106.0,101.0,102.0,9143285.0,941896055.0,,data/daily_price/20250815.csv,103.2,102.55,91.8333,88.6325,100.5119,-0.9709,0.4926,0.9901,25.3071,-3.7736,12542506.75,0.729,109.0,109.0,109.0,99.9,77.0,61.2,-0.5363,11.0708,15.0819,1.4805,-6.422,-6.422,-6.422,32.4675,66.6667
20250818,3189,景碩,listed,102.5,112.0,101.5,111.5,34795232.0,3805415051.0,,data/daily_price/20250818.csv,104.6,102.9,92.3267,88.67,101.4276,9.3137,6.6986,6.6986,36.1416,4.2056,13313482.3,2.6135,112.0,112.0,112.0,99.9,77.0,61.2,8.3576,20.7668,25.7472,9.9307,-0.4464,-0.4464,-0.4464,44.8052,82.1895
20250819,3189,景碩,listed,114.0,115.0,108.0,108.5,27882348.0,3092863124.0,,data/daily_price/20250819.csv,105.6,103.3,92.7517,88.6825,102.0169,-2.6906,4.8309,7.9602,30.7229,1.4019,14068583.45,1.9819,115.0,115.0,115.0,99.9,77.0,61.2,5.0339,16.979,22.3466,6.3549,-5.6522,-5.6522,-5.6522,40.9091,77.2876
20250820,3189,景碩,listed,108.0,109.5,102.0,102.5,16616915.0,1745467842.0,,data/daily_price/20250820.csv,105.5,103.275,93.0783,88.67,102.0572,-5.53,-0.4854,-0.4854,23.6429,-1.4423,13899234.0,1.1955,115.0,115.0,115.0,99.9,77.0,61.2,-0.7504,10.1223,15.5972,0.4339,-10.8696,-10.8696,-10.8696,33.1169,67.4837
20250821,3189,景碩,listed,103.5,106.0,103.0,105.0,6419914.0,672877885.0,,data/daily_price/20250821.csv,105.9,103.375,93.4667,88.67,102.3024,2.439,1.9417,1.9417,28.519,0.0,13657934.05,0.4701,115.0,115.0,115.0,99.9,77.0,61.2,1.5719,12.3395,18.4166,2.6369,-8.6957,-8.6957,-8.6957,36.3636,71.5686
20250822,3189,景碩,listed,105.5,107.5,104.0,105.0,7625356.0,805961409.0,,data/daily_price/20250822.csv,106.5,103.625,93.855,88.6783,102.5272,0.0,2.9412,5.0,28.519,0.9615,13269235.7,0.5747,115.0,115.0,115.0,100.0,77.0,61.2,1.3269,11.8747,18.4055,2.4118,-8.6957,-8.6957,-8.6957,36.3636,71.5686
20250825,3189,景碩,listed,107.5,109.0,106.5,107.5,7122782.0,765766924.0,,data/daily_price/20250825.csv,105.7,104.0,94.36,88.7117,102.9416,2.381,-3.5874,7.5,39.2487,3.8647,13152899.05,0.5415,115.0,115.0,115.0,100.5,77.5,61.2,3.3654,13.9254,21.1791,4.4281,-6.5217,-6.5217,-6.5217,38.7097,75.6536
20250826,3189,景碩,listed,111.5,118.0,110.5,114.0,36185982.0,4142697004.0,,data/daily_price/20250826.csv,106.8,104.4,94.9667,88.8492,103.8632,6.0465,5.0691,7.5472,46.9072,16.9231,12064266.25,2.9994,118.0,118.0,118.0,100.5,78.6,61.2,9.1954,20.0421,28.3073,9.7598,-3.3898,-3.3898,-3.3898,45.0382,86.2745
20250827,3189,景碩,listed,115.5,117.5,114.0,114.5,36160894.0,4175937133.0,,data/daily_price/20250827.csv,109.2,104.875,95.52,88.9908,104.7496,0.4386,11.7073,9.0476,40.8364,17.4359,12929196.5,2.7968,118.0,118.0,118.0,100.5,80.0,61.2,9.1776,19.8702,28.6649,9.3083,-2.9661,-2.9661,-2.9661,43.125,87.0915
20250828,3189,景碩,listed,114.5,118.5,112.5,113.5,24926754.0,2874656755.0,,data/daily_price/20250828.csv,110.9,105.4,96.0583,89.0658,105.4788,-0.8734,8.0952,10.1942,39.7783,8.6124,13657608.45,1.8251,118.5,118.5,118.5,100.5,80.0,61.2,7.685,18.1574,27.4338,7.6046,-4.2194,-4.2194,-4.2194,41.875,85.4575
20250829,3189,景碩,listed,116.0,116.0,112.5,113.5,11750138.0,1337141014.0,,data/daily_price/20250829.csv,112.6,105.925,96.5967,89.1658,106.1472,0.0,8.0952,10.1942,39.7783,11.8227,13903802.55,0.8451,118.5,118.5,118.5,100.5,80.0,61.2,7.1513,17.4989,27.2909,6.927,-4.2194,-4.2194,-4.2194,41.875,85.4575
20250901,3189,景碩,listed,113.5,113.5,105.5,105.5,11813090.0,1278072805.0,,data/daily_price/20250901.csv,112.2,106.125,97.0117,89.2167,106.0933,-7.0485,-1.8605,3.9409,30.8933,6.1368,14238797.05,0.8296,118.5,118.5,118.5,100.5,80.3,61.2,-0.5889,8.7498,18.2514,-0.5592,-10.9705,-10.9705,-10.9705,31.3823,72.3856
20250902,3189,景碩,listed,107.5,107.5,102.5,104.0,6326512.0,661584648.0,,data/daily_price/20250902.csv,110.2,106.25,97.3583,89.2683,105.9188,-1.4218,-8.7719,2.4631,25.0,6.3395,14288734.45,0.4428,118.5,118.5,118.5,100.5,80.3,61.2,-2.1176,6.8219,16.5027,-1.8116,-12.2363,-12.2363,-12.2363,29.5143,69.9346
20250903,3189,景碩,listed,104.0,105.0,103.0,104.0,3612486.0,376224160.0,,data/daily_price/20250903.csv,108.1,106.4,97.5667,89.3167,105.7589,0.0,-9.1703,2.9703,13.6612,5.9063,14276115.55,0.253,118.5,118.5,118.5,100.5,80.3,61.2,-2.2556,6.5938,16.4396,-1.6631,-12.2363,-12.2363,-12.2363,29.5143,69.9346
20250904,3189,景碩,listed,105.5,105.5,102.5,103.0,4600387.0,476939492.0,,data/daily_price/20250904.csv,106.0,106.475,97.7633,89.3567,105.529,-0.9615,-9.2511,1.4778,12.9386,4.888,14126147.3,0.3257,118.5,118.5,118.5,100.5,80.3,61.2,-3.2637,5.3565,15.2684,-2.3965,-13.0802,-13.0802,-13.0802,28.269,68.3007
20250905,3189,景碩,listed,104.5,105.0,102.5,103.0,3590793.0,371988599.0,,data/daily_price/20250905.csv,103.9,106.55,98.0217,89.415,105.3183,0.0,-9.2511,1.4778,17.7143,7.2917,14043978.25,0.2557,118.5,118.5,118.5,100.5,80.3,61.2,-3.3318,5.0788,15.1932,-2.2012,-13.0802,-13.0802,-13.0802,28.269,68.3007
20250909,3189,景碩,listed,104.5,105.0,103.5,104.0,3002417.0,312494027.0,,data/daily_price/20250909.csv,103.6,106.525,98.2983,89.4758,105.2084,0.9709,-1.4218,-0.4785,18.9931,7.5491,13636675.65,0.2202,118.5,118.5,118.5,101.0,80.3,61.2,-2.3703,5.8004,16.2325,-1.1486,-12.2363,-12.2363,-12.2363,29.5143,69.9346
20250910,3189,景碩,listed,105.0,106.5,104.0,106.0,5979849.0,630986570.0,,data/daily_price/20250910.csv,104.0,106.65,98.6467,89.5533,105.2744,1.9231,1.9231,2.4155,24.5593,9.6174,13690680.15,0.4368,118.5,118.5,118.5,101.0,80.3,61.2,-0.6095,7.4542,18.3652,0.6893,-10.5485,-10.5485,-10.5485,32.005,73.2026
20250911,3189,景碩,listed,106.5,107.0,104.0,104.5,7045396.0,740557205.0,,data/daily_price/20250911.csv,104.1,106.725,98.97,89.6192,105.2098,-1.4151,0.4808,1.4563,22.7967,8.1781,13671908.15,0.5153,118.5,118.5,118.5,101.0,80.3,61.2,-2.0848,5.5876,16.6045,-0.6747,-11.8143,-11.8143,-11.8143,30.137,70.7516
20250917,3189,景碩,listed,111.5,112.0,107.5,108.0,12614631.0,1383370788.0,,data/daily_price/20250917.csv,105.1,106.975,99.3717,89.7258,105.4424,3.3493,4.8544,4.8544,28.7247,13.4454,13860758.05,0.9101,118.5,118.5,118.5,101.0,80.3,61.2,0.9582,8.6829,20.3667,2.4256,-8.8608,-8.8608,-8.8608,34.4956,76.4706
20250918,3189,景碩,listed,109.5,110.0,108.0,110.0,5478164.0,598004612.0,,data/daily_price/20250918.csv,106.5,107.375,99.8317,89.8317,105.8222,1.8519,6.7961,7.8431,33.4951,13.0524,13677502.0,0.4005,118.5,118.5,118.5,101.5,80.3,61.2,2.4447,10.1855,22.4513,3.948,-7.173,-7.173,-7.173,36.9863,79.7386
20250919,3189,景碩,listed,111.5,115.5,109.5,109.5,32263559.0,3616780754.0,,data/daily_price/20250919.csv,107.6,107.275,100.2717,89.9392,106.1286,-0.4545,5.2885,-1.7937,31.769,13.354,13550918.35,2.3809,118.5,118.5,118.5,102.0,83.4,61.2,2.0741,9.2033,21.749,3.1767,-7.5949,-7.5949,-7.5949,31.295,78.9216
20250922,3189,景碩,listed,110.0,115.0,109.0,113.5,16868597.0,1890094932.0,,data/daily_price/20250922.csv,109.1,107.525,100.75,90.0892,106.7429,3.653,7.0755,4.6083,33.8443,18.8482,13000230.8,1.2976,118.5,118.5,118.5,102.0,83.4,61.2,5.5568,12.6551,25.9863,6.3302,-4.2194,-4.2194,-4.2194,36.0911,85.4575
20250923,3189,景碩,listed,113.5,116.5,111.0,111.5,16951612.0,1926453435.0,,data/daily_price/20250923.csv,110.5,107.975,101.1833,90.2258,107.1393,-1.7621,6.6986,8.7805,30.4094,17.245,13016965.65,1.3023,118.5,118.5,118.5,102.5,83.4,61.2,3.2646,10.196,23.5788,4.0701,-5.9072,-5.9072,-5.9072,33.693,82.1895
20250924,3189,景碩,listed,112.5,113.0,109.5,110.5,7553462.0,836453919.0,,data/daily_price/20250924.csv,111.0,108.25,101.6117,90.355,107.4194,-0.8969,2.3148,5.2381,30.3066,16.3158,13073643.05,0.5778,118.5,118.5,118.5,102.5,83.4,61.2,2.0785,8.7474,22.2954,2.8678,-6.7511,-6.7511,-6.7511,32.494,80.5556
20250925,3189,景碩,listed,110.0,114.5,110.0,111.0,7110406.0,796837936.0,,data/daily_price/20250925.csv,111.2,108.55,102.0417,90.5067,107.7178,0.4525,0.9091,5.7143,30.2817,19.6121,13047895.55,0.5449,118.5,118.5,118.5,102.5,83.4,61.2,2.257,8.7791,22.6429,3.047,-6.3291,-6.3291,-6.3291,33.0935,81.3725
20250926,3189,景碩,listed,111.0,111.5,105.0,105.0,7108947.0,759252217.0,,data/daily_price/20250926.csv,110.3,108.425,102.3967,90.6325,107.4913,-5.4054,-4.1096,-2.3256,25.448,16.7964,13047203.8,0.5449,118.5,118.5,118.5,102.5,83.4,61.2,-3.1589,2.5424,15.8525,-2.3177,-11.3924,-11.3924,-11.3924,25.8993,71.5686
20250930,3189,景碩,listed,107.0,108.5,106.5,107.5,3369323.0,361901715.0,,data/daily_price/20250930.csv,109.1,108.1,102.7917,90.8533,107.492,2.381,-5.2863,-5.7018,28.2816,32.716,11406370.85,0.2954,118.5,118.5,118.5,102.5,83.4,61.2,-0.555,4.5805,18.3226,0.0074,-9.2827,-9.2827,-9.2827,28.8969,75.6536
20251001,3189,景碩,listed,107.5,110.0,106.0,106.0,4275623.0,461453100.0,,data/daily_price/20251001.csv,108.0,107.675,103.1583,91.045,107.3677,-1.3953,-4.9327,-7.4236,26.1905,27.7108,9812107.3,0.4357,118.5,118.5,118.5,102.5,83.7,61.2,-1.5556,2.7547,16.4259,-1.2738,-10.5485,-10.5485,-10.5485,26.6428,73.2026
20251002,3189,景碩,listed,107.5,109.5,105.0,109.0,5376162.0,579039518.0,,data/daily_price/20251002.csv,107.7,107.45,103.505,91.2558,107.5037,2.8302,-1.3575,-3.9648,23.5828,30.227,8834577.7,0.6085,116.5,118.5,118.5,102.5,85.3,61.2,1.4425,5.3089,19.4444,1.3918,-6.4378,-8.0169,-8.0169,27.7843,78.1046
20251003,3189,景碩,listed,108.5,114.0,108.0,112.0,11149354.0,1248226274.0,,data/daily_price/20251003.csv,107.9,107.375,103.9017,91.5608,107.8784,2.7523,0.9009,-1.3216,26.9841,48.5411,8804538.5,1.2663,116.5,118.5,118.5,102.5,85.3,61.2,4.3073,7.7942,22.323,3.8206,-3.8627,-5.4852,-5.4852,31.3013,83.0065
20251007,3189,景碩,listed,120.0,120.0,114.0,115.0,19152367.0,2233657143.0,,data/daily_price/20251007.csv,109.9,107.85,104.3667,91.9533,108.4719,2.6786,9.5238,9.0047,32.0321,69.3667,9171502.35,2.0882,120.0,120.0,120.0,102.5,85.3,61.2,6.6296,10.1884,25.0634,6.0183,-4.1667,-4.1667,-4.1667,34.8183,87.9085
20251008,3189,景碩,listed,114.0,126.0,114.0,125.0,29099122.0,3501860346.0,,data/daily_price/20251008.csv,113.4,108.9,104.9967,92.485,109.8492,8.6957,16.2791,20.1923,43.3486,104.2484,10310132.85,2.8224,126.0,126.0,126.0,102.5,86.4,65.8,14.7842,19.0514,35.1571,13.7923,-0.7937,-0.7937,-0.7937,44.6759,89.9696
20251009,3189,景碩,listed,129.0,137.5,128.0,137.5,34050158.0,4574520594.0,,data/daily_price/20251009.csv,119.7,110.575,105.7767,93.07,112.1534,10.0,29.717,32.2115,51.5987,104.3091,11832016.45,2.8778,137.5,137.5,137.5,102.5,88.3,65.8,24.35,29.9909,47.7383,22.5999,0.0,0.0,0.0,55.7191,108.9666
20251013,3189,景碩,listed,131.0,134.5,124.5,133.5,47676620.0,6203958752.0,,data/daily_price/20251013.csv,124.6,112.1,106.495,93.6175,113.9323,-2.9091,22.4771,29.6117,47.677,96.9027,13985828.1,3.4089,137.5,137.5,137.5,102.5,88.3,65.8,19.0901,25.358,42.6015,17.1748,-2.9091,-2.9091,-2.9091,51.1891,102.8875
20251014,3189,景碩,listed,137.5,138.5,122.5,122.5,46539665.0,5992332682.0,,data/daily_price/20251014.csv,126.7,113.075,107.0317,94.0417,114.6463,-8.2397,9.375,18.932,35.6589,71.0894,16133271.7,2.8847,138.5,138.5,138.5,103.5,88.3,65.8,8.3352,14.4521,30.2614,6.8504,-11.5523,-11.5523,-11.5523,38.7316,86.1702
20251016,3189,景碩,listed,140.0,147.5,140.0,147.5,94624983.0,13704030189.0,,data/daily_price/20251016.csv,133.2,115.25,107.9867,94.6917,117.3841,20.4082,28.2609,41.8269,63.5255,112.2302,20714400.0,4.5681,147.5,147.5,147.5,104.0,89.7,65.8,27.9826,36.5909,55.7687,25.6558,0.0,0.0,0.0,64.437,124.1641
20251020,3189,景碩,listed,158.0,158.5,150.0,151.0,43424509.0,6650821658.0,,data/daily_price/20251020.csv,138.4,117.5,108.85,95.365,120.1854,2.3729,20.8,42.4528,52.2177,115.0997,22586633.0,1.9226,158.5,158.5,158.5,104.0,98.4,65.8,28.5106,38.723,58.339,25.6392,-4.7319,-4.7319,-4.7319,53.4553,129.4833
20251021,3189,景碩,listed,151.5,151.5,147.5,150.0,18718561.0,2798634793.0,,data/daily_price/20251021.csv,140.9,119.775,109.6417,96.0367,122.67,-0.6623,9.0909,43.5407,46.3415,116.1383,23170291.25,0.8079,158.5,158.5,158.5,105.0,99.8,65.8,25.2348,36.8093,56.1903,22.2793,-5.3628,-5.3628,-5.3628,50.3006,127.9635
20251022,3189,景碩,listed,150.0,152.0,144.5,146.5,25129404.0,3700395902.0,,data/daily_price/20251022.csv,143.5,121.7,110.3917,96.7008,124.6558,-2.3333,9.7378,35.6481,44.335,119.3114,23796029.9,1.056,158.5,158.5,158.5,105.0,99.9,65.8,20.378,32.7093,51.4982,17.5236,-7.571,-7.571,-7.571,46.6466,122.6444
20251023,3189,景碩,listed,145.0,149.0,142.0,145.0,18163984.0,2636150024.0,,data/daily_price/20251023.csv,148.0,123.45,111.125,97.3458,126.3512,-1.0239,18.3673,31.8182,43.5644,114.497,24430320.9,0.7435,158.5,158.5,158.5,105.0,99.9,70.6,17.4565,30.4837,48.9535,14.7595,-8.5174,-8.5174,-8.5174,45.1451,105.3824
20251027,3189,景碩,listed,149.0,151.0,145.0,148.5,20808243.0,3082492667.0,,data/daily_price/20251027.csv,148.2,125.4,111.8583,97.985,128.1969,2.4138,0.678,35.6164,42.1053,106.8245,23857555.1,0.8722,158.5,158.5,158.5,105.0,99.9,71.4,18.4211,32.7572,51.5538,15.8374,-6.3091,-6.3091,-6.3091,48.6486,107.9832
20251028,3189,景碩,listed,146.0,147.5,135.5,137.5,37424043.0,5209681604.0,,data/daily_price/20251028.csv,145.5,126.6,112.475,98.5342,128.9722,-7.4074,-8.9404,21.1454,36.8159,92.0391,24885327.4,1.5039,158.5,158.5,158.5,105.0,99.9,72.5,8.6098,22.2494,39.5455,6.6122,-13.2492,-13.2492,-13.2492,37.6376,89.6552
20251029,3189,景碩,listed,137.5,140.0,135.5,139.0,13470048.0,1860159401.0,,data/daily_price/20251029.csv,143.3,127.975,113.075,99.075,129.8078,1.0909,-7.3333,24.6637,34.9515,87.5843,24711249.2,0.5451,158.5,158.5,158.5,105.0,99.9,72.5,8.615,22.9273,40.2978,7.0814,-12.3028,-12.3028,-12.3028,39.1391,91.7241
20251030,3189,景碩,listed,139.0,141.5,135.0,137.5,11010943.0,1521711998.0,,data/daily_price/20251030.csv,141.5,129.325,113.65,99.5867,130.4488,-1.0791,-6.1433,24.4344,33.4951,80.6833,24884123.25,0.4425,158.5,158.5,158.5,105.0,99.9,72.5,6.3213,20.9855,38.0707,5.4053,-13.2492,-13.2492,-13.2492,37.6376,89.6552
20251031,3189,景碩,listed,137.0,140.0,136.0,136.5,10256984.0,1411251366.0,,data/daily_price/20251031.csv,139.8,130.6,114.2583,100.09,130.9531,-0.7273,-5.8621,22.973,36.5,79.3693,25041452.15,0.4096,158.5,158.5,158.5,105.0,100.0,72.5,4.5176,19.4661,36.3773,4.2358,-13.8801,-13.8801,-13.8801,36.5,88.2759
20251103,3189,景碩,TWSE,137.5,145.0,137.0,139.0,29599020.0,,,data/daily_price/20251103.csv,137.9,132.3,114.9083,100.6217,131.6237,1.8315,-6.3973,32.381,39.0,84.8404,26165955.8,1.1312,158.5,158.5,158.5,105.0,100.5,72.5,5.0642,20.966,38.1412,5.6041,-12.3028,-12.3028,-12.3028,38.3085,91.7241
20251104,3189,景碩,TWSE,140.0,141.5,134.5,134.5,15619307.0,,,data/daily_price/20251104.csv,137.3,133.65,115.3833,101.1092,131.8634,-3.2374,-2.1818,25.1163,26.8868,76.9737,26778455.0,0.5833,158.5,158.5,158.5,105.0,100.5,72.5,0.636,16.568,33.0245,1.9995,-15.142,-15.142,-15.142,33.8308,85.5172
20251105,3189,景碩,TWSE,129.0,133.0,127.5,132.5,12839840.0,,,data/daily_price/20251105.csv,136.0,134.975,115.8417,101.5958,131.9164,-1.487,-4.6763,25.0,26.1905,78.8124,27206665.85,0.4719,158.5,158.5,158.5,105.0,100.5,72.8,-1.8337,14.3803,30.4187,0.4424,-16.4038,-16.4038,-16.4038,31.8408,82.0055
20251106,3189,景碩,TWSE,133.5,133.5,128.5,130.0,11140217.0,,,data/daily_price/20251106.csv,134.5,136.025,116.2917,102.0567,131.7567,-1.8868,-5.4545,19.2661,26.2136,74.0295,27494868.6,0.4052,158.5,158.5,158.5,108.0,100.5,74.7,-4.4293,11.7879,27.3802,-1.3333,-17.9811,-17.9811,-17.9811,29.3532,74.0295
20251107,3189,景碩,TWSE,128.5,130.0,127.0,128.0,5615171.0,,,data/daily_price/20251107.csv,132.8,136.825,116.7083,102.4942,131.4437,-1.5385,-6.2271,14.2857,24.2718,69.5364,27218159.45,0.2063,158.5,158.5,158.5,114.0,100.5,76.4,-6.4498,9.6751,24.8852,-2.6199,-19.2429,-19.2429,-19.2429,27.3632,67.5393
20251110,3189,景碩,TWSE,128.0,130.0,125.5,128.0,7515530.0,,,data/daily_price/20251110.csv,130.6,137.475,117.15,102.9217,131.1567,0.0,-7.9137,11.3043,26.1084,66.884,26636317.6,0.2822,158.5,158.5,158.5,114.0,100.5,76.4,-6.8922,9.2616,24.3664,-2.4068,-19.2429,-19.2429,-19.2429,27.3632,67.5393
20251111,3189,景碩,TWSE,128.0,130.0,127.0,128.0,6620460.0,,,data/daily_price/20251111.csv,129.3,137.625,117.5917,103.3433,130.8936,0.0,-4.8327,2.4,26.1084,65.3747,25512384.5,0.2595,158.5,158.5,158.5,122.5,100.5,77.0,-6.9936,8.8513,23.859,-2.2107,-19.2429,-19.2429,-19.2429,27.3632,66.2338
20251112,3189,景碩,TWSE,129.5,132.0,128.5,131.5,9632201.0,,,data/daily_price/20251112.csv,129.1,137.325,118.1,103.7617,130.9442,2.7344,-0.7547,-4.3636,30.198,61.7466,24291486.65,0.3965,158.5,158.5,158.5,122.5,100.5,77.0,-4.2418,11.3463,26.7327,0.4245,-17.0347,-17.0347,-17.0347,30.8458,70.7792
20251113,3189,景碩,TWSE,132.0,144.5,131.0,144.5,37187636.0,,,data/daily_price/20251113.csv,132.0,137.875,118.8167,104.2825,132.0738,9.8859,11.1538,8.2397,42.3645,76.2195,23767037.45,1.5647,158.5,158.5,158.5,122.5,100.5,77.0,4.8051,21.6159,38.5659,9.4085,-8.8328,-8.8328,-8.8328,43.7811,87.6623
20251114,3189,景碩,TWSE,138.5,141.5,135.0,137.0,23417986.0,,,data/daily_price/20251114.csv,133.8,138.6,119.4083,104.7367,132.4843,-5.1903,7.0312,11.8367,34.9754,66.0606,22610953.5,1.0357,158.5,158.5,158.5,125.5,100.5,77.0,-1.1544,14.7324,30.8042,3.4085,-13.5647,-13.5647,-13.5647,36.3184,77.9221
20251117,3189,景碩,TWSE,141.0,149.0,141.0,141.5,28410807.0,,,data/daily_price/20251117.csv,136.5,138.3,120.025,105.225,133.2356,3.2847,10.5469,-4.0678,35.4067,70.6876,19300244.7,1.472,158.5,158.5,158.5,125.5,101.0,77.0,2.3138,17.8921,34.4737,6.2028,-10.7256,-10.7256,-10.7256,40.099,83.7662
20251118,3189,景碩,TWSE,139.0,151.5,138.5,145.5,51660967.0,,,data/daily_price/20251118.csv,140.0,138.025,120.725,105.7425,134.2577,2.8269,13.6719,-3.6424,40.5797,74.4604,19712067.6,2.6208,152.0,158.5,158.5,125.5,101.0,77.0,5.4157,20.5218,37.5984,8.3737,-4.2763,-8.2019,-8.2019,44.0594,88.961
20251119,3189,景碩,TWSE,144.5,144.5,132.5,134.5,26934481.0,,,data/daily_price/20251119.csv,140.6,137.25,121.25,106.1875,134.2779,-7.5601,2.2814,-10.3333,30.5825,65.8446,20122863.6,1.3385,152.0,158.5,158.5,125.5,101.0,77.0,-2.0036,10.9278,26.6627,0.1654,-11.5132,-15.142,-15.142,33.1683,74.6753
20251120,3189,景碩,TWSE,138.5,144.0,137.0,139.5,22014150.0,,,data/daily_price/20251120.csv,139.6,136.9,121.8583,106.6742,134.713,3.7175,-3.4602,-4.7782,35.4369,72.0099,19967100.9,1.1025,151.5,158.5,158.5,125.5,101.0,77.0,1.8992,14.4772,30.7721,3.5535,-7.9208,-11.9874,-11.9874,38.1188,81.1688
20251121,3189,景碩,TWSE,134.0,137.0,128.0,129.0,14894940.0,,,data/daily_price/20251121.csv,138.0,136.1,122.3083,107.0708,134.237,-7.5269,-5.8394,-11.0345,26.4706,58.4767,19803648.7,0.7521,151.5,158.5,158.5,125.5,101.5,77.0,-5.2168,5.4711,20.481,-3.9013,-14.8515,-18.612,-18.612,27.0936,67.5325
20251124,3189,景碩,TWSE,131.5,133.0,126.0,132.0,11346116.0,,,data/daily_price/20251124.csv,136.1,135.275,122.65,107.4883,134.0505,2.3256,-6.7138,-11.1111,18.3857,61.1722,19330542.35,0.587,151.5,158.5,158.5,125.5,102.0,77.0,-2.421,7.6233,22.804,-1.5297,-12.8713,-16.7192,-16.7192,29.4118,71.4286
20251125,3189,景碩,TWSE,133.5,139.0,132.0,137.5,14459772.0,,,data/daily_price/20251125.csv,134.5,135.275,123.1333,107.9425,134.338,4.1667,-5.4983,0.0,26.7281,65.6627,18182328.8,0.7953,151.5,158.5,158.5,125.5,102.0,77.0,1.6448,11.6676,27.3826,2.3538,-9.2409,-13.2492,-13.2492,34.8039,78.5714
20251126,3189,景碩,TWSE,138.5,143.0,136.0,138.0,13732682.0,,,data/daily_price/20251126.csv,135.2,135.225,123.725,108.4017,134.6432,0.3636,2.6022,-0.7194,34.6341,66.4656,18195460.5,0.7547,151.5,158.5,158.5,125.5,102.5,77.0,2.0521,11.5377,27.3043,2.4931,-8.9109,-12.9338,-12.9338,34.6341,79.2208
20251127,3189,景碩,TWSE,140.5,142.0,138.0,141.0,11127046.0,,,data/daily_price/20251127.csv,135.5,135.4,124.325,108.8958,135.1729,2.1739,1.0753,2.5455,34.2857,72.5826,18201265.65,0.6113,151.5,158.5,158.5,125.5,102.5,77.0,4.1359,13.4124,29.4815,4.3109,-6.9307,-11.041,-11.041,37.561,83.1169
20251128,3189,景碩,TWSE,142.0,143.0,139.0,142.5,6172126.0,,,data/daily_price/20251128.csv,138.2,135.7,124.95,109.4025,135.7835,1.0638,10.4651,4.3956,35.7143,74.4186,17997022.75,0.343,151.5,158.5,158.5,125.5,102.5,77.0,5.0111,14.0456,30.253,4.9465,-5.9406,-10.0946,-10.0946,39.0244,85.0649
20251201,3189,景碩,TWSE,143.5,147.0,140.5,141.5,24304585.0,,,data/daily_price/20251201.csv,140.1,135.825,125.5167,109.9383,136.2599,-0.7018,7.197,1.7986,31.6279,83.2902,17732301.0,1.3706,151.5,158.5,158.5,125.5,102.5,77.5,4.1782,12.734,28.7085,3.8457,-6.6007,-10.7256,-10.7256,38.0488,82.5806
20251202,3189,景碩,TWSE,141.5,147.0,139.0,141.0,14015056.0,,,data/daily_price/20251202.csv,140.8,136.15,125.9667,110.4667,136.6549,-0.3534,2.5455,4.8327,23.6842,81.701,17652088.45,0.794,151.5,158.5,158.5,125.5,102.5,78.6,3.5622,11.9344,27.6403,3.1796,-6.9307,-11.041,-11.041,37.561,79.3893
20251203,3189,景碩,TWSE,143.0,150.0,142.0,148.0,22630648.0,,,data/daily_price/20251203.csv,142.8,136.925,126.525,111.0225,137.6003,4.9645,7.2464,11.6981,29.2576,82.0418,18141628.85,1.2474,151.5,158.5,158.5,125.5,102.5,80.0,8.0884,16.9729,33.3063,7.5579,-2.3102,-6.6246,-6.6246,44.3902,85.0
20251204,3189,景碩,TWSE,146.0,157.0,144.5,148.0,36135187.0,,,data/daily_price/20251204.csv,144.2,137.825,127.1,111.5792,138.4669,0.0,4.9645,13.8462,30.3965,82.266,19391377.35,1.8635,157.0,158.5,158.5,125.5,102.5,80.0,7.3826,16.4437,32.6412,6.8847,-5.7325,-6.6246,-6.6246,44.3902,85.0
20251205,3189,景碩,TWSE,149.0,162.0,149.0,157.0,58242653.0,,,data/daily_price/20251205.csv,147.1,139.275,127.825,112.2108,140.0114,6.0811,10.1754,22.6562,38.326,93.3498,22022751.45,2.6447,162.0,162.0,162.0,125.5,102.5,80.0,12.7266,22.8242,39.9152,12.1338,-3.0864,-3.0864,-3.0864,53.1707,96.25
20251208,3189,景碩,TWSE,157.5,158.0,152.0,156.0,25285128.0,,,data/daily_price/20251208.csv,150.0,140.675,128.6667,112.8392,141.3438,-0.6369,10.2473,21.875,47.8673,93.5484,22911231.35,1.1036,162.0,162.0,162.0,126.0,102.5,80.3,10.8939,21.2435,38.2499,10.3692,-3.7037,-3.7037,-3.7037,52.1951,94.2715
20251209,3189,景碩,TWSE,155.0,164.0,153.0,159.5,39402755.0,,,data/daily_price/20251209.csv,153.7,142.25,129.5917,113.475,142.8568,2.2436,13.1206,24.6094,53.3654,91.7067,24550346.1,1.605,164.0,164.0,164.0,126.0,102.5,80.3,12.1265,23.0789,40.5596,11.6503,-2.7439,-2.7439,-2.7439,55.6098,98.6301
20251210,3189,景碩,TWSE,159.5,160.0,151.0,152.5,24749013.0,,,data/daily_price/20251210.csv,154.6,143.3,130.4,113.9833,143.6604,-4.3887,3.0405,15.9696,46.6346,66.6667,25306186.7,0.978,164.0,164.0,164.0,126.0,102.5,80.3,6.4201,16.9479,33.7915,6.1531,-7.0122,-7.0122,-7.0122,48.7805,89.9128
20251211,3189,景碩,TWSE,153.0,155.5,150.0,151.5,18231402.0,,,data/daily_price/20251211.csv,155.3,143.65,131.2083,114.4858,144.3137,-0.6557,2.3649,4.8443,47.0874,66.1184,24358375.0,0.7485,164.0,164.0,164.0,126.0,102.5,80.3,5.4647,15.4652,32.3308,4.9797,-7.622,-7.622,-7.622,47.8049,88.6675
20251212,3189,景碩,TWSE,153.5,157.0,150.0,151.5,10509773.0,,,data/daily_price/20251212.csv,154.2,144.375,132.0167,115.0192,144.9125,0.0,-3.5032,10.5839,47.0874,73.1429,23712964.35,0.4432,164.0,164.0,164.0,126.0,103.5,80.3,4.9351,14.7582,31.7172,4.5458,-7.622,-7.622,-7.622,46.3768,88.6675
20251215,3189,景碩,TWSE,146.5,147.5,144.0,146.0,8111511.0,,,data/daily_price/20251215.csv,152.2,144.6,132.7167,115.5075,145.0032,-3.6304,-6.4103,3.1802,40.3846,67.0481,22697999.55,0.3574,164.0,164.0,164.0,126.0,104.0,80.3,0.9682,10.0088,26.3987,0.6875,-10.9756,-10.9756,-10.9756,40.3846,81.8182
20251216,3189,景碩,TWSE,145.0,145.0,138.0,138.5,10257424.0,,,data/daily_price/20251216.csv,148.0,144.25,133.2583,115.9525,144.4612,-5.137,-13.1661,-4.811,30.6604,62.7497,20627822.4,0.4973,164.0,164.0,164.0,126.0,104.0,80.3,-3.9861,3.9335,19.4455,-4.1265,-15.5488,-15.5488,-15.5488,33.1731,72.4782
20251217,3189,景碩,TWSE,140.5,141.0,135.5,136.0,7591934.0,,,data/daily_price/20251217.csv,144.7,144.325,133.7833,116.3767,143.7561,-1.8051,-10.8197,1.1152,30.1435,59.812,19660695.05,0.3861,164.0,164.0,164.0,126.0,105.0,80.3,-5.7682,1.6569,16.8619,-5.3953,-17.0732,-17.0732,-17.0732,29.5238,69.3649
20251218,3189,景碩,TWSE,134.5,137.0,131.0,132.0,9314258.0,,,data/daily_price/20251218.csv,140.8,143.95,134.1833,116.7775,142.7764,-2.9412,-12.8713,-5.3763,22.2222,57.3302,19025700.45,0.4896,164.0,164.0,164.0,126.0,105.0,80.3,-8.3015,-1.6271,13.0355,-7.5478,-19.5122,-19.5122,-19.5122,25.7143,64.3836
20251219,3189,景碩,TWSE,135.0,137.5,133.5,135.0,8859608.0,,,data/daily_price/20251219.csv,137.5,144.25,134.6,117.2158,142.1284,2.2727,-10.8911,4.6512,22.7273,63.835,18723933.85,0.4732,164.0,164.0,164.0,126.0,105.0,80.3,-6.4125,0.2972,15.1722,-5.0155,-17.6829,-17.6829,-17.6829,28.5714,68.1196
20251222,3189,景碩,TWSE,138.5,148.0,136.0,144.0,17191163.0,,,data/daily_price/20251222.csv,137.1,144.85,135.175,117.7233,142.2844,6.6667,-1.3699,9.0909,31.5068,73.2852,19016186.2,0.904,164.0,164.0,164.0,131.0,105.0,83.4,-0.5868,6.5286,22.3207,1.2058,-12.1951,-12.1951,-12.1951,37.1429,72.6619
20251223,3189,景碩,TWSE,145.0,149.0,142.0,142.5,14751212.0,,,data/daily_price/20251223.csv,137.9,145.1,135.6583,118.2042,142.3023,-1.0417,2.8881,3.6364,25.5507,68.0425,19030758.2,0.7751,164.0,164.0,164.0,131.0,105.0,83.4,-1.7919,5.0433,20.5541,0.1389,-13.1098,-13.1098,-13.1098,35.7143,70.8633
20251224,3189,景碩,TWSE,145.0,146.5,142.5,144.0,7020465.0,,,data/daily_price/20251224.csv,139.5,145.4,136.2,118.6917,142.4438,1.0526,5.8824,4.3478,29.148,68.4211,18695147.35,0.3755,164.0,164.0,164.0,131.0,105.0,83.4,-0.9629,5.7269,21.3228,1.0925,-12.1951,-12.1951,-12.1951,37.1429,72.6619
20251226,3189,景碩,TWSE,145.5,157.0,144.5,153.0,23900388.0,,,data/daily_price/20251226.csv,143.7,146.0,136.9083,119.26,143.3235,6.25,15.9091,8.5106,38.4615,80.4245,19333814.45,1.2362,164.0,164.0,164.0,131.0,105.0,83.4,4.7945,11.7536,28.2911,6.7515,-6.7073,-6.7073,-6.7073,45.7143,83.4532
20251229,3189,景碩,TWSE,153.5,154.5,149.0,150.5,11358969.0,,,data/daily_price/20251229.csv,146.8,146.4,137.5667,119.8042,143.9215,-1.634,11.4815,5.614,35.5856,76.6432,19593156.6,0.5797,164.0,164.0,164.0,131.0,105.0,83.4,2.8005,9.4015,25.6217,4.5709,-8.2317,-8.2317,-8.2317,43.3333,80.4556
20251230,3189,景碩,TWSE,149.5,151.0,146.0,148.0,9624135.0,,,data/daily_price/20251230.csv,147.6,146.725,138.2833,120.34,144.2614,-1.6611,2.7778,4.5936,40.9524,76.822,18859134.1,0.5103,164.0,164.0,164.0,131.0,105.0,83.4,0.869,7.0266,22.9849,2.5915,-9.7561,-9.7561,-9.7561,40.9524,77.458
20251231,3189,景碩,TWSE,149.0,161.0,149.0,159.0,36657855.0,,,data/daily_price/20251231.csv,150.9,147.625,139.1417,120.9667,145.4896,7.4324,11.5789,12.766,47.907,89.7375,19991274.05,1.8337,164.0,164.0,164.0,131.0,105.0,83.4,7.7053,14.272,31.4412,9.2861,-3.0488,-3.0488,-3.0488,51.4286,90.6475
20260102,3189,景碩,TWSE,162.0,167.0,156.0,156.0,27284853.0,,,data/daily_price/20260102.csv,153.3,148.025,139.975,121.5667,146.3655,-1.8868,8.3333,5.4054,47.1698,85.7143,20223984.3,1.3491,167.0,167.0,167.0,131.0,105.0,83.7,5.3876,11.4485,28.3247,6.5825,-6.5868,-6.5868,-6.5868,48.5714,86.3799
20260105,3189,景碩,TWSE,159.0,171.5,151.5,168.0,46626433.0,,,data/daily_price/20260105.csv,156.3,149.025,140.9583,122.2317,148.1684,7.6923,9.8039,13.5135,54.1284,90.4762,20748546.6,2.2472,171.5,171.5,171.5,131.0,108.0,85.3,12.7328,19.1842,37.4439,13.3845,-2.0408,-2.0408,-2.0408,55.5556,96.9519
20260106,3189,景碩,TWSE,167.5,172.0,164.0,169.5,29339104.0,,,data/daily_price/20260106.csv,160.1,149.65,141.9167,122.9092,149.946,0.8929,12.6246,7.9618,51.3393,92.1769,19303369.15,1.5199,172.0,172.0,172.0,131.0,114.0,85.3,13.2643,19.4363,37.9067,13.0407,-1.4535,-1.4535,-1.4535,48.6842,98.7104
20260107,3189,景碩,TWSE,178.5,186.0,171.5,175.0,64764264.0,,,data/daily_price/20260107.csv,165.5,150.6,142.9167,123.6417,152.0338,3.2448,18.2432,12.1795,52.1739,100.9185,21277325.95,3.0438,186.0,186.0,186.0,131.0,114.0,85.3,16.2019,22.449,41.538,15.106,-5.914,-5.914,-5.914,53.5088,105.1583
20260108,3189,景碩,TWSE,174.5,178.0,164.0,166.0,27885262.0,,,data/daily_price/20260108.csv,166.9,150.925,143.6,124.2983,153.1977,-5.1429,4.4025,4.0752,32.8,90.367,20701451.3,1.347,186.0,186.0,186.0,131.0,122.5,86.4,9.9884,15.5989,33.5497,8.3567,-10.7527,-10.7527,-10.7527,35.5102,92.1296
20260109,3189,景碩,TWSE,166.0,177.0,164.5,168.5,31041101.0,,,data/daily_price/20260109.csv,169.4,151.725,144.1167,124.9467,154.4729,1.506,8.0128,10.4918,22.5455,85.7773,21016055.7,1.477,186.0,186.0,186.0,131.0,122.5,88.3,11.0562,16.9192,34.8575,9.0806,-9.4086,-9.4086,-9.4086,37.551,90.8267
20260112,3189,景碩,TWSE,172.5,182.5,172.5,181.0,31251113.0,,,data/daily_price/20260112.csv,172.0,153.2,144.9083,125.7017,156.6835,7.4184,7.7381,19.4719,35.5805,100.2212,21667041.25,1.4423,186.0,186.0,186.0,131.0,122.5,88.3,18.1462,24.9066,43.9917,15.5195,-2.6882,-2.6882,-2.6882,47.7551,104.983
20260113,3189,景碩,TWSE,179.5,184.5,175.5,176.5,35678180.0,,,data/daily_price/20260113.csv,173.4,154.45,145.8083,126.42,158.3348,-2.4862,4.1298,16.5017,44.0816,95.4596,22925461.6,1.5563,186.0,186.0,186.0,131.0,125.5,88.3,14.2765,21.0493,39.614,11.4726,-5.1075,-5.1075,-5.1075,40.6375,99.8867
20260114,3189,景碩,TWSE,179.0,179.5,171.0,172.0,18862843.0,,,data/daily_price/20260114.csv,172.8,155.75,146.2167,127.1017,159.4736,-2.5496,-1.7143,17.8082,16.6102,90.6874,23463028.2,0.8039,186.0,186.0,186.0,131.0,125.5,89.7,10.4334,17.6336,35.3247,7.8548,-7.5269,-7.5269,-7.5269,37.0518,91.7503
20260115,3189,景碩,TWSE,172.5,179.0,170.0,175.0,25414189.0,,,data/daily_price/20260115.csv,174.6,157.575,146.6167,127.7333,160.7675,1.7442,5.4217,26.3538,15.894,76.4113,24220866.45,1.0493,186.0,186.0,186.0,131.0,125.5,98.4,11.0582,19.3589,37.0042,8.8529,-5.914,-5.914,-5.914,39.4422,77.8455
20260116,3189,景碩,TWSE,176.5,192.5,174.5,192.5,55502025.0,,,data/daily_price/20260116.csv,179.4,160.4,147.325,128.4833,163.4119,10.0,14.2433,41.5441,28.3333,87.8049,26616371.0,2.0853,192.5,192.5,192.5,131.0,125.5,99.8,20.0125,30.6635,49.8249,17.8005,0.0,0.0,0.0,53.3865,92.8858
20260119,3189,景碩,TWSE,197.5,211.5,195.0,211.5,68351434.0,,,data/daily_price/20260119.csv,185.5,164.375,148.4083,129.4,167.4192,9.8701,16.8508,60.2273,44.3686,108.3744,29568229.8,2.3117,211.5,211.5,211.5,133.5,125.5,99.9,28.6692,42.5122,63.4467,26.3296,0.0,0.0,0.0,68.5259,111.7117
20260120,3189,景碩,TWSE,209.5,220.5,202.0,206.5,95080480.0,,,data/daily_price/20260120.csv,191.5,167.95,149.4333,130.2792,170.6759,-2.3641,16.9972,52.963,42.4138,104.4554,33879273.4,2.8064,220.5,220.5,220.5,136.0,125.5,99.9,22.9533,38.1887,58.5058,20.9895,-6.3492,-6.3492,-6.3492,64.5418,106.7067
20260121,3189,景碩,TWSE,206.0,218.0,200.0,200.0,72926558.0,,,data/daily_price/20260121.csv,197.1,170.75,150.2917,131.075,173.1196,-3.1477,16.2791,38.8889,34.6801,91.3876,36666043.15,1.9889,220.5,220.5,220.5,142.0,125.5,99.9,17.1303,33.0746,52.5844,15.5271,-9.2971,-9.2971,-9.2971,59.3625,100.2002
20260122,3189,景碩,TWSE,209.0,213.0,205.0,205.5,30531808.0,,,data/daily_price/20260122.csv,203.2,173.9,151.425,131.95,175.818,2.75,17.4286,44.2105,49.4545,104.4776,37455072.95,0.8152,220.5,220.5,220.5,142.5,125.5,99.9,18.1714,35.7107,55.7408,16.8822,-6.8027,-6.8027,-6.8027,63.745,105.7057
20260123,3189,景碩,TWSE,207.0,215.0,204.0,214.0,31668283.0,,,data/daily_price/20260123.csv,207.5,177.4,152.675,132.875,178.9998,4.1363,11.1688,48.6111,53.9568,107.767,38687463.85,0.8186,220.5,220.5,220.5,144.5,125.5,99.9,20.6313,40.167,61.0536,19.5532,-2.9478,-2.9478,-2.9478,70.5179,114.2142
20260126,3189,景碩,TWSE,210.0,214.0,205.5,208.0,21470613.0,,,data/daily_price/20260126.csv,206.8,180.15,153.85,133.75,181.4165,-2.8037,-1.6548,35.9477,51.2727,101.9417,38565975.1,0.5567,220.5,220.5,220.5,146.0,125.5,99.9,15.4593,35.1966,55.514,14.6533,-5.6689,-5.6689,-5.6689,65.7371,108.2082
20260127,3189,景碩,TWSE,213.0,228.5,210.0,228.5,32338657.0,,,data/daily_price/20260127.csv,211.2,184.05,155.3833,134.8208,185.3401,9.8558,10.6538,51.8272,67.3993,128.5,39614959.5,0.8163,228.5,228.5,228.5,146.0,125.5,100.0,24.151,47.0557,69.4842,23.2869,0.0,0.0,0.0,82.0717,128.5
20260128,3189,景碩,TWSE,228.5,249.5,227.0,243.5,66707750.0,,,data/daily_price/20260128.csv,219.9,188.825,157.125,136.0167,190.1868,6.5646,21.75,64.527,75.1799,143.5,42469140.25,1.5707,249.5,249.5,249.5,149.0,125.5,100.5,28.9554,54.9722,79.0222,28.032,-2.4048,-2.4048,-2.4048,94.0239,142.2886
20260129,3189,景碩,TWSE,243.5,243.5,219.5,229.5,39665970.0,,,data/daily_price/20260129.csv,224.7,192.35,158.7083,137.0458,193.4629,-5.7495,11.6788,44.3396,70.632,116.5094,42619546.0,0.9307,249.5,249.5,249.5,151.5,125.5,100.5,19.3138,44.6049,67.4622,18.6274,-8.016,-8.016,-8.016,82.8685,128.3582
20260130,3189,景碩,TWSE,233.0,252.0,231.0,252.0,76967011.0,,,data/daily_price/20260130.csv,232.3,197.15,160.7,138.2708,198.341,9.8039,17.757,61.5385,90.1887,140.0,45103653.9,1.7064,252.0,252.0,252.0,151.5,125.5,100.5,27.8215,56.8139,82.251,27.0539,0.0,0.0,0.0,100.7968,150.7463
20260202,3189,景碩,TWSE,245.0,251.0,230.5,239.5,44449860.0,,,data/daily_price/20260202.csv,238.6,200.725,162.525,139.4083,201.7709,-4.9603,15.1442,42.5595,84.2308,132.5243,44994825.25,0.9879,252.0,252.0,252.0,164.0,125.5,100.5,19.3175,47.3619,71.7975,18.699,-4.9603,-4.9603,-4.9603,90.8367,138.3085
20260203,3189,景碩,TWSE,253.5,259.0,236.0,246.0,68948124.0,,,data/daily_price/20260203.csv,242.1,204.55,164.4917,140.6,205.4566,2.714,7.6586,45.1327,92.1875,138.835,46975276.25,1.4678,259.0,259.0,259.0,164.0,125.5,100.5,20.264,49.5516,74.9644,19.7333,-5.0193,-5.0193,-5.0193,96.0159,144.7761
20260204,3189,景碩,TWSE,248.5,270.5,248.0,270.5,78044116.0,,,data/daily_price/20260204.csv,247.5,209.325,166.8667,142.0083,210.8769,9.9593,11.0883,54.5714,111.3281,166.5025,47639268.85,1.6382,270.5,270.5,270.5,164.0,126.0,100.5,29.2249,62.1055,90.4818,28.2739,0.0,0.0,0.0,114.6825,169.1542
20260205,3189,景碩,TWSE,272.0,274.5,258.0,263.5,57158598.0,,,data/daily_price/20260205.csv,254.3,214.2,169.125,143.3583,215.2622,-2.5878,14.8148,58.7349,105.8594,159.6059,49102935.65,1.1641,274.5,274.5,274.5,164.5,126.0,100.5,23.0159,55.8019,83.8052,22.4089,-4.0073,-4.0073,-4.0073,109.127,162.1891
20260206,3189,景碩,TWSE,246.0,250.0,237.5,242.5,45777861.0,,,data/daily_price/20260206.csv,252.4,217.9,170.975,144.5375,217.532,-7.9696,-3.7698,43.9169,84.4106,140.099,49839773.65,0.9185,274.5,274.5,274.5,170.0,126.0,100.5,11.2896,41.8336,67.7765,11.4779,-11.6576,-11.6576,-11.6576,92.4603,141.2935
20260209,3189,景碩,TWSE,261.0,261.0,240.5,255.0,44875118.0,,,data/daily_price/20260209.csv,255.5,221.6,172.8167,145.8167,220.6543,5.1546,6.4718,40.884,76.4706,151.2315,50520973.9,0.8882,274.5,274.5,274.5,170.0,126.0,100.5,15.0722,47.5552,74.8771,15.5654,-7.1038,-7.1038,-7.1038,102.381,153.7313
20260210,3189,景碩,TWSE,257.0,268.5,251.0,253.5,60687229.0,,,data/daily_price/20260210.csv,257.0,225.45,174.7583,147.0833,223.3915,-0.5882,3.0488,43.6261,85.0365,149.7537,51771426.35,1.1722,274.5,274.5,274.5,170.0,126.0,100.5,12.4418,45.0575,72.3513,13.4779,-7.6503,-7.6503,-7.6503,101.1905,152.2388
20260211,3189,景碩,TWSE,253.5,268.0,252.5,265.5,36128337.0,,,data/daily_price/20260211.csv,256.0,230.125,176.825,148.425,226.9005,4.7337,-1.8484,54.3605,87.6325,154.067,52634701.05,0.6864,274.5,274.5,274.5,170.0,126.0,101.0,15.3721,50.1485,78.8782,17.0116,-3.2787,-3.2787,-3.2787,110.7143,162.8713
20260223,3189,景碩,TWSE,280.0,292.0,280.0,292.0,23267123.0,,,data/daily_price/20260223.csv,261.7,235.975,179.2667,149.9958,232.3255,9.9812,10.8159,66.8571,100.6873,182.1256,52527347.75,0.443,292.0,292.0,292.0,174.5,126.0,101.0,23.7419,62.8858,94.6721,25.6857,0.0,0.0,0.0,131.746,189.1089
20260224,3189,景碩,TWSE,302.0,321.0,301.0,321.0,34019528.0,,,data/daily_price/20260224.csv,277.4,242.4,182.375,151.8125,239.715,9.9315,32.3711,66.7532,138.6617,211.6505,51453222.9,0.6612,321.0,321.0,321.0,195.0,126.0,101.0,32.4257,76.011,111.445,33.909,0.0,0.0,0.0,154.7619,217.8218
20260225,3189,景碩,TWSE,327.0,332.5,312.5,325.5,61480296.0,,,data/daily_price/20260225.csv,291.5,248.1,185.475,153.6667,246.8638,1.4019,27.6471,53.9007,133.3333,216.0194,51109666.0,1.2029,332.5,332.5,332.5,200.0,126.0,101.0,31.1971,75.4953,111.8221,31.8541,-2.1053,-2.1053,-2.1053,158.3333,222.2772
20260226,3189,景碩,TWSE,325.0,329.5,304.5,314.5,51206644.0,,,data/daily_price/20260226.csv,303.7,253.5,188.5667,155.4375,252.5001,-3.3794,24.0631,52.3002,143.7984,208.3333,48915974.2,1.0468,332.5,332.5,332.5,200.0,126.0,101.5,24.0631,66.7845,102.3321,24.5544,-5.4135,-5.4135,-5.4135,149.6032,209.8522
20260302,3189,景碩,TWSE,300.0,323.0,299.5,304.5,41298007.0,,,data/daily_price/20260302.csv,311.5,258.725,191.4417,157.0458,256.8334,-3.1797,14.6893,52.25,130.6818,173.0942,47334546.65,0.8725,332.5,332.5,332.5,204.0,131.0,102.0,17.6925,59.0563,93.8924,18.5593,-8.4211,-8.4211,-8.4211,132.4427,198.5294
20260303,3189,景碩,TWSE,311.0,330.0,305.0,309.0,46756665.0,,,data/daily_price/20260303.csv,314.9,263.9,194.3,158.7167,261.1807,1.4778,5.8219,50.365,124.7273,184.7926,48145789.5,0.9711,332.5,332.5,332.5,204.0,131.0,102.0,17.0898,59.0324,94.6865,18.3089,-7.0677,-7.0677,-7.0677,135.8779,202.9412
20260304,3189,景碩,TWSE,304.0,312.0,282.0,284.5,45624084.0,,,data/daily_price/20260304.csv,307.6,267.425,196.7417,160.2333,263.1239,-7.9288,-11.3707,32.9439,106.1594,177.561,48843579.55,0.9341,332.5,332.5,332.5,205.5,131.0,102.5,6.385,44.6059,77.5536,8.124,-14.4361,-14.4361,-14.4361,117.1756,177.561
20260305,3189,景碩,TWSE,308.0,309.5,289.0,297.5,36204641.0,,,data/daily_price/20260305.csv,302.0,271.9,199.35,161.8375,265.9886,4.5694,-8.6022,43.0288,110.9929,183.3333,49580280.95,0.7302,332.5,332.5,332.5,210.0,131.0,102.5,9.4152,49.235,83.8264,11.8469,-10.5263,-10.5263,-10.5263,127.0992,190.2439
20260306,3189,景碩,TWSE,295.0,304.0,291.5,291.5,20355106.0,,,data/daily_price/20260306.csv,297.4,275.05,201.8333,163.3917,268.1146,-2.0168,-7.3132,27.5711,104.5614,177.619,48981103.4,0.4156,332.5,332.5,332.5,219.5,131.0,102.5,5.9807,44.4261,78.4057,8.7222,-12.3308,-12.3308,-12.3308,122.5191,184.3902
20260309,3189,景碩,TWSE,262.5,271.0,262.5,264.5,16857608.0,,,data/daily_price/20260309.csv,289.4,276.1,203.8833,164.7,267.8133,-9.2624,-13.1363,8.6242,86.9258,146.0465,46488596.3,0.3626,332.5,332.5,332.5,219.5,131.0,102.5,-4.2014,29.7311,60.595,-1.2372,-20.4511,-20.4511,-20.4511,101.9084,158.0488
20260310,3189,景碩,TWSE,280.0,286.5,267.5,274.0,24723052.0,,,data/daily_price/20260310.csv,282.4,278.325,206.1,166.0333,268.3289,3.5917,-11.3269,19.39,94.3262,140.3509,45741450.4,0.5405,332.5,332.5,332.5,230.5,131.0,102.5,-1.5539,32.9452,65.0271,2.1135,-17.594,-17.594,-17.594,109.1603,167.3171
20260311,3189,景碩,TWSE,285.0,296.5,284.0,290.5,26988757.0,,,data/daily_price/20260311.csv,283.6,280.25,208.475,167.5,270.1765,6.0219,2.109,15.2778,96.2838,153.7118,43242537.7,0.6241,332.5,332.5,332.5,230.5,131.0,102.5,3.6574,39.3452,73.4328,7.5223,-12.6316,-12.6316,-12.6316,121.7557,183.4146
20260312,3189,景碩,TWSE,288.0,300.0,282.5,289.0,29349770.0,,,data/daily_price/20260312.csv,281.9,282.725,210.825,168.9625,271.7451,-0.5164,-2.8571,20.6681,95.2703,154.6256,42487533.2,0.6908,332.5,332.5,332.5,236.0,131.0,102.5,2.2195,37.0805,71.0439,6.3497,-13.0827,-13.0827,-13.0827,120.6107,181.9512
20260313,3189,景碩,TWSE,283.0,317.5,280.0,317.5,48278519.0,,,data/daily_price/20260313.csv,287.1,286.3,213.5,170.6625,275.558,9.8616,8.9194,29.065,102.2293,179.7357,41454052.95,1.1646,332.5,332.5,332.5,237.5,131.0,102.5,10.8977,48.7119,86.0397,15.2207,-4.5113,-4.5113,-4.5113,142.3664,209.7561
20260316,3189,景碩,TWSE,322.5,348.5,312.0,337.0,91831377.0,,,data/daily_price/20260316.csv,301.6,289.625,216.5167,172.5917,280.6782,6.1417,27.4102,24.5841,116.0256,219.4313,42143416.0,2.179,348.5,348.5,348.5,237.5,131.0,102.5,16.3574,55.6462,95.2586,20.0663,-3.2999,-3.2999,-3.2999,157.2519,228.7805
20260317,3189,景碩,TWSE,342.5,368.0,331.5,341.5,61696256.0,,,data/daily_price/20260317.csv,315.1,293.525,219.55,174.5708,285.7467,1.3353,24.635,29.6015,114.1066,228.3654,42370298.9,1.4561,368.0,368.0,368.0,237.5,131.0,102.5,16.3444,55.5454,95.6226,19.5115,-7.2011,-7.2011,-7.2011,160.687,233.1707
20260318,3189,景碩,TWSE,349.0,373.0,339.0,365.5,59260279.0,,,data/daily_price/20260318.csv,330.1,299.675,223.1,176.75,292.3928,7.0278,25.8176,50.7216,139.6721,251.4423,43044419.8,1.3767,373.0,373.0,373.0,240.5,131.0,102.5,21.9655,63.8279,106.7893,25.0031,-2.0107,-2.0107,-2.0107,179.0076,256.5854
20260319,3189,景碩,TWSE,356.0,398.0,352.0,383.5,66787097.0,,,data/daily_price/20260319.csv,349.0,306.1,226.9667,179.0875,299.9851,4.9248,32.699,50.3922,153.1353,272.3301,44140018.75,1.5131,398.0,398.0,398.0,251.0,131.0,102.5,25.2859,68.9675,114.1411,27.8397,-3.6432,-3.6432,-3.6432,192.7481,274.1463
20260320,3189,景碩,TWSE,388.5,388.5,356.0,380.0,9781675.0,,,data/daily_price/20260320.csv,361.5,312.425,230.775,181.3958,306.653,-0.9126,19.685,49.9014,150.8251,268.932,41594741.05,0.2352,398.0,398.0,398.0,252.5,131.0,103.5,21.6292,64.6626,109.4866,23.9186,-4.5226,-4.5226,-4.5226,190.0763,267.1498
20260323,3189,景碩,TWSE,345.0,360.0,345.0,346.0,7125514.0,,,data/daily_price/20260323.csv,363.3,316.45,234.1083,183.4125,309.9319,-8.9474,2.6706,30.3202,136.9863,232.6923,40144599.9,0.1775,398.0,398.0,398.0,262.5,131.0,104.0,9.338,47.7948,88.6458,11.6374,-13.0653,-13.0653,-13.0653,164.1221,232.6923
20260324,3189,景碩,TWSE,357.0,357.0,311.5,320.5,8948825.0,,,data/daily_price/20260324.csv,359.1,317.875,237.1417,185.2,310.8126,-7.3699,-6.1493,9.7603,131.4079,202.3585,39428685.0,0.227,398.0,398.0,398.0,262.5,131.0,104.0,0.8258,35.1513,73.0562,3.1168,-19.4724,-19.4724,-19.4724,144.6565,208.1731
20260325,3189,景碩,TWSE,333.5,351.5,333.5,351.5,4847721.0,,,data/daily_price/20260325.csv,356.3,319.4,240.7333,187.2583,314.2032,9.6724,-3.8304,9.5016,158.4559,236.3636,37970094.65,0.1277,398.0,398.0,398.0,262.5,131.0,105.0,10.0501,46.0122,87.7086,11.8703,-11.6834,-11.6834,-11.6834,168.3206,234.7619
20260326,3189,景碩,TWSE,352.0,370.0,351.5,351.5,6883559.0,,,data/daily_price/20260326.csv,349.9,320.7,244.3917,189.2875,317.3112,0.0,-8.3442,7.9877,166.2879,225.463,35240257.8,0.1953,398.0,398.0,398.0,262.5,133.5,105.0,9.604,43.8265,85.6964,10.7745,-11.6834,-11.6834,-11.6834,163.2959,234.7619
20260327,3189,景碩,TWSE,333.5,352.0,333.5,352.0,4269127.0,,,data/daily_price/20260327.csv,344.3,322.575,248.0083,191.3042,320.202,0.1422,-7.3684,11.9237,160.7407,220.0,32893381.95,0.1298,398.0,398.0,398.0,262.5,136.0,105.0,9.1219,41.9307,84.0002,9.9306,-11.5578,-11.5578,-11.5578,158.8235,235.2381
20260330,3189,景碩,TWSE,334.5,348.5,324.5,346.5,6536532.0,,,data/daily_price/20260330.csv,344.4,324.675,251.3833,193.2792,322.3935,-1.5625,0.1445,13.7931,140.625,216.4384,31155308.2,0.2098,398.0,398.0,398.0,262.5,142.0,105.0,6.7221,37.8373,79.2744,7.4774,-12.9397,-12.9397,-12.9397,144.0141,230.0
20260331,3189,景碩,TWSE,335.0,339.0,312.0,313.0,7785444.0,,,data/daily_price/20260331.csv,342.9,324.875,254.225,194.9417,321.6107,-9.6681,-2.3401,1.2945,119.6491,175.7709,29206747.15,0.2666,398.0,398.0,398.0,262.5,142.5,105.0,-3.6553,23.1193,60.5609,-2.6774,-21.3568,-21.3568,-21.3568,119.6491,198.0952
20260401,3189,景碩,TWSE,335.0,335.0,321.0,332.0,7162420.0,,,data/daily_price/20260401.csv,339.0,327.25,257.3583,196.7792,322.4765,6.0703,-5.5477,16.696,130.5556,197.7578,27283663.95,0.2625,398.0,398.0,398.0,262.5,144.5,105.0,1.4515,29.003,68.717,2.9532,-16.5829,-16.5829,-16.5829,129.7578,216.1905
20260402,3189,景碩,TWSE,342.0,352.0,323.5,336.0,8260441.0,,,data/daily_price/20260402.csv,335.9,329.175,260.4083,198.6583,323.6034,1.2048,-4.4097,12.9412,119.6078,204.0724,25886453.95,0.3191,398.0,398.0,398.0,262.5,146.0,105.0,2.0734,29.0281,69.1346,3.8308,-15.5779,-15.5779,-15.5779,130.137,220.0
20260407,3189,景碩,TWSE,350.0,366.0,350.0,358.5,9917650.0,,,data/daily_price/20260407.csv,337.2,332.525,263.875,200.7208,326.5115,6.6964,1.8466,22.9846,138.206,222.973,25364581.15,0.391,398.0,398.0,398.0,262.5,146.0,105.0,7.8114,35.8598,78.6063,9.7971,-9.9246,-9.9246,-9.9246,145.5479,241.4286
20260408,3189,景碩,TWSE,391.5,394.0,381.5,394.0,15644754.0,,,data/daily_price/20260408.csv,346.7,339.0,267.975,203.1292,332.1355,9.9024,13.7085,48.9603,166.2162,275.2381,25303938.45,0.6183,398.0,398.0,398.0,267.5,149.0,105.0,16.2242,47.0286,93.9653,18.6263,-1.005,-1.005,-1.005,164.4295,275.2381
20260409,3189,景碩,TWSE,393.0,408.0,380.5,387.0,51903063.0,,,data/daily_price/20260409.csv,361.5,344.65,271.775,205.4583,336.7076,-1.7766,23.6422,41.2409,143.3962,260.0,26662939.0,1.9466,408.0,408.0,408.0,280.0,151.5,105.0,12.2878,42.3972,88.3594,14.9365,-5.1471,-5.1471,-5.1471,155.4455,268.5714
20260410,3189,景碩,TWSE,399.5,400.0,373.0,381.0,25688029.0,,,data/daily_price/20260410.csv,371.3,349.175,275.525,207.75,340.3986,-1.5504,14.759,31.1532,144.2308,259.434,26597902.6,0.9658,408.0,408.0,408.0,280.0,151.5,105.0,9.1143,38.2815,83.3935,11.9276,-6.6176,-6.6176,-6.6176,151.4851,262.8571
20260413,3189,景碩,TWSE,379.0,381.0,360.5,366.5,24114477.0,,,data/daily_price/20260413.csv,377.4,353.05,278.8333,209.8958,342.5737,-3.8058,9.0774,26.8166,118.1548,236.2385,26336137.95,0.9156,408.0,408.0,408.0,280.0,164.0,108.0,3.8097,31.4405,74.6104,6.9843,-10.1716,-10.1716,-10.1716,123.4756,239.3519
20260414,3189,景碩,TWSE,375.0,386.0,366.0,371.0,26463388.0,,,data/daily_price/20260414.csv,379.9,355.725,282.1917,212.0542,344.9426,1.2278,3.4868,16.8504,118.8791,231.25,25245381.4,1.0482,408.0,408.0,408.0,311.5,164.0,114.0,4.294,31.4709,74.9553,7.5541,-9.0686,-9.0686,-9.0686,126.2195,225.4386
20260415,3189,景碩,TWSE,376.5,399.0,363.5,383.5,42021402.0,,,data/daily_price/20260415.csv,377.8,358.05,285.6667,214.2917,348.1557,3.3693,-2.665,13.7982,119.1429,233.4783,22754882.65,1.8467,408.0,408.0,408.0,311.5,164.0,114.0,7.1079,34.2474,78.9617,10.1519,-6.0049,-6.0049,-6.0049,133.8415,236.4035
20260416,3189,景碩,TWSE,389.0,402.5,377.5,393.5,43262498.0,,,data/daily_price/20260416.csv,379.1,360.65,289.4583,216.5292,351.9344,2.6076,1.6796,15.2269,137.0482,214.8,21833194.75,1.9815,408.0,408.0,408.0,311.5,164.5,122.5,9.1086,35.9436,81.7307,11.8106,-3.5539,-3.5539,-3.5539,139.2097,221.2245
20260417,3189,景碩,TWSE,395.0,405.0,391.0,391.5,27129642.0,,,data/daily_price/20260417.csv,381.2,361.95,293.175,218.6458,355.2315,-0.5083,2.7559,7.1135,132.3442,184.7273,20226662.9,1.3413,408.0,408.0,408.0,311.5,170.0,122.5,8.1641,33.538,79.0567,10.2098,-4.0441,-4.0441,-4.0441,130.2941,219.5918
20260420,3189,景碩,TWSE,397.0,430.5,396.0,430.5,33909184.0,,,data/daily_price/20260420.csv,394.0,364.3,297.3333,221.1208,361.5039,9.9617,17.4625,12.2555,137.8453,222.4719,18582767.25,1.8248,430.5,430.5,430.5,311.5,170.0,122.5,18.1718,44.787,94.6899,19.0859,0.0,0.0,0.0,153.2353,251.4286
20260421,3189,景碩,TWSE,453.0,473.5,446.0,473.5,38001566.0,,,data/daily_price/20260421.csv,414.5,368.975,302.2833,224.0458,370.8369,9.9884,27.628,24.6053,168.272,286.5306,19993761.8,1.9007,473.5,473.5,473.5,311.5,170.0,125.5,28.3285,56.6411,111.3407,27.6842,0.0,0.0,0.0,178.5294,277.2908
20260422,3189,景碩,TWSE,496.0,509.0,484.5,491.5,53118820.0,,,data/daily_price/20260422.csv,436.1,376.25,307.6083,226.9125,380.8922,3.8015,28.1617,42.052,185.7558,233.2203,22293427.1,2.3827,509.0,509.0,509.0,311.5,170.0,125.5,30.6312,59.7811,116.6033,29.0391,-3.4381,-3.4381,-3.4381,189.1176,291.6335
20260423,3189,景碩,TWSE,496.0,509.0,453.0,479.0,58632149.0,,,data/daily_price/20260423.csv,453.2,384.175,312.675,229.6458,389.0678,-2.5432,21.7281,49.454,173.7143,217.2185,24777593.3,2.3663,509.0,509.0,509.0,312.0,174.5,125.5,24.6828,53.1942,108.5821,23.1148,-5.8939,-5.8939,-5.8939,174.4986,281.6733
20260424,3189,景碩,TWSE,499.0,526.0,498.5,526.0,57209204.0,,,data/daily_price/20260424.csv,480.1,392.9,318.2333,232.7792,400.4788,9.8121,34.355,49.6444,173.2468,250.6667,27395667.45,2.0883,526.0,526.0,526.0,312.0,195.0,125.5,33.8763,65.2875,125.9652,31.3428,0.0,0.0,0.0,169.7436,319.1235
20260427,3189,景碩,TWSE,546.0,555.0,502.0,515.0,54177803.0,,,data/daily_price/20260427.csv,497.0,401.075,323.2917,235.85,410.0223,-2.0913,19.6283,46.5149,143.4988,251.5358,29760379.65,1.8205,555.0,555.0,555.0,312.0,200.0,125.5,28.4049,59.2989,118.3591,25.6029,-7.2072,-7.2072,-7.2072,157.5,310.3586
20260428,3189,景碩,TWSE,521.0,538.0,496.0,508.0,44138536.0,,,data/daily_price/20260428.csv,503.9,408.875,328.3167,238.875,418.1871,-1.3592,7.2862,44.3182,146.0048,250.3448,31753850.1,1.39,555.0,555.0,555.0,312.0,200.0,125.5,24.2434,54.7287,112.6635,21.4767,-8.4685,-8.4685,-8.4685,154.0,304.7809
20260429,3189,景碩,TWSE,508.0,516.0,490.0,508.0,24948151.0,,,data/daily_price/20260429.csv,507.2,416.95,333.45,241.8708,425.6715,0.0,3.3571,46.6089,154.0,242.0875,32674431.05,0.7635,555.0,555.0,555.0,312.0,204.0,125.5,21.8372,52.3467,110.0295,19.3409,-8.4685,-8.4685,-8.4685,149.0196,304.7809
20260430,3189,景碩,TWSE,516.0,556.0,510.0,528.0,49392113.0,,,data/daily_price/20260430.csv,517.0,427.7,338.825,245.125,434.1989,3.937,10.2296,68.6901,156.9343,284.0,34754764.5,1.4212,556.0,556.0,556.0,321.0,204.0,125.5,23.451,55.8327,115.4003,21.6033,-5.036,-5.036,-5.036,158.8235,320.7171
20260504,3189,景碩,TWSE,544.0,544.0,512.0,531.0,24877312.0,,,data/daily_price/20260504.csv,518.0,437.65,344.1083,248.3917,442.2656,0.5682,0.9506,59.9398,148.1308,282.0144,35640509.1,0.698,556.0,556.0,556.0,323.5,205.5,125.5,21.3298,54.3119,113.7753,20.0636,-4.4964,-4.4964,-4.4964,158.3942,323.1076
20260505,3189,景碩,TWSE,530.0,541.0,521.0,527.0,15100395.0,,,data/daily_price/20260505.csv,520.4,447.2,349.425,251.6375,449.3268,-0.7533,2.3301,56.8452,153.3654,283.2727,35982506.8,0.4197,556.0,556.0,556.0,350.0,210.0,125.5,17.8444,50.8192,109.4282,17.2866,-5.2158,-5.2158,-5.2158,150.9524,319.9203
20260506,3189,景碩,TWSE,532.0,537.0,475.0,482.5,32577765.0,,,data/daily_price/20260506.csv,515.3,453.4,353.6583,254.5208,452.0912,-8.444,-5.0197,34.5886,111.1597,253.4799,37115512.55,0.8777,556.0,556.0,556.0,360.5,219.5,125.5,6.4182,36.4311,89.5719,6.7262,-13.2194,-13.2194,-13.2194,119.8178,284.4622
20260507,3189,景碩,TWSE,486.5,506.0,478.0,492.5,21099853.0,,,data/daily_price/20260507.csv,512.2,458.325,357.8083,257.4667,455.4586,2.0725,-3.0512,25.0,102.2587,254.3165,37388267.5,0.5643,556.0,556.0,556.0,360.5,219.5,125.5,7.4565,37.6435,91.2869,8.1328,-11.4209,-11.4209,-11.4209,124.3736,292.4303
20260508,3189,景碩,TWSE,487.0,487.5,445.5,458.0,28689133.0,,,data/daily_price/20260508.csv,498.2,461.875,361.6167,260.1625,455.6704,-7.0051,-13.2576,18.3463,99.5643,240.5204,36227571.0,0.7919,556.0,556.0,556.0,360.5,230.5,125.5,-0.839,26.6535,76.0438,0.5112,-17.6259,-17.6259,-17.6259,98.6985,264.9402
20260511,3189,景碩,TWSE,475.0,503.0,468.0,503.0,26643811.0,,,data/daily_price/20260511.csv,492.6,467.975,365.8,263.25,459.6146,9.8253,-5.2731,32.021,99.6032,279.6226,36275360.1,0.7345,556.0,556.0,556.0,360.5,230.5,125.5,7.4844,37.5068,91.0731,9.4395,-9.5324,-9.5324,-9.5324,118.2213,300.7968
20260512,3189,景碩,TWSE,525.0,532.0,494.0,494.0,29425571.0,,,data/daily_price/20260512.csv,486.0,474.35,370.0417,266.2833,462.48,-1.7893,-6.2619,34.7885,106.263,280.0,36540914.8,0.8053,556.0,556.0,556.0,363.5,236.0,125.5,4.1425,33.4985,85.5167,6.8154,-11.1511,-11.1511,-11.1511,109.322,293.6255
20260513,3189,景碩,TWSE,482.0,516.0,481.5,497.5,24218373.0,,,data/daily_price/20260513.csv,489.0,480.675,374.2333,269.3625,465.3983,0.7085,3.1088,34.097,102.2358,288.6719,36428664.05,0.6648,556.0,556.0,556.0,363.5,237.5,125.5,3.5003,32.9385,84.6953,6.8977,-10.5216,-10.5216,-10.5216,109.4737,296.4143
20260514,3189,景碩,TWSE,506.0,540.0,488.0,522.0,45244266.0,,,data/daily_price/20260514.csv,494.9,487.6,378.425,272.6458,470.1151,4.9246,5.9898,36.1147,92.976,307.8125,36589807.25,1.2365,556.0,556.0,556.0,377.5,237.5,126.0,7.055,37.9401,91.4572,11.0366,-6.1151,-6.1151,-6.1151,119.7895,314.2857
20260515,3189,景碩,TWSE,536.0,537.0,480.0,486.0,33389422.0,,,data/daily_price/20260515.csv,500.5,492.225,382.1333,275.6292,471.4389,-6.8966,6.1135,23.507,84.4402,279.6875,36096153.45,0.925,556.0,556.0,556.0,391.0,237.5,126.0,-1.2647,27.1807,76.3239,3.0887,-12.5899,-12.5899,-12.5899,104.6316,285.7143
20260518,3189,景碩,TWSE,472.0,510.0,460.0,505.0,20228783.0,,,data/daily_price/20260518.csv,500.9,497.9,386.5083,278.7417,474.2356,3.9095,0.3976,28.9911,108.2474,284.0304,35751110.5,0.5658,556.0,556.0,556.0,396.0,240.5,126.0,1.426,30.657,81.1713,6.4871,-9.1727,-9.1727,-9.1727,109.9792,300.7937
20260519,3189,景碩,TWSE,515.0,530.0,497.0,513.0,37470963.0,,,data/daily_price/20260519.csv,504.7,502.025,390.8083,281.8125,477.466,1.5842,3.8462,19.1638,101.1765,255.0173,35929199.45,1.0429,556.0,556.0,556.0,445.5,251.0,126.0,2.1861,31.2664,82.0359,7.4422,-7.7338,-7.7338,-7.7338,104.3825,307.1429
20260520,3189,景碩,TWSE,513.0,520.0,481.0,504.0,39836206.0,,,data/daily_price/20260520.csv,506.0,503.55,394.9833,284.8708,479.6772,-1.7544,1.3065,6.4414,98.8166,267.8832,36020931.45,1.1059,556.0,556.0,556.0,445.5,252.5,126.0,0.0894,27.6003,76.9223,5.0707,-9.3525,-9.3525,-9.3525,99.604,300.0
20260521,3189,景碩,TWSE,540.0,554.0,531.0,554.0,35212876.0,,,data/daily_price/20260521.csv,512.4,506.675,399.7917,288.3083,485.8707,9.9206,6.1303,12.7162,108.6629,291.5194,35125634.25,1.0025,556.0,556.0,556.0,445.5,262.5,126.0,9.3403,38.5722,92.1554,14.0221,-0.3597,-0.3597,-0.3597,111.0476,339.6825
20260522,3189,景碩,TWSE,588.0,609.0,588.0,609.0,11454728.0,6883833352.0,TWSE_RWD_JSON_MI_INDEX,data/daily_price/daily_price_20260522.csv,537.0,513.175,405.075,292.1708,496.1315,9.9278,25.3086,27.1399,108.5616,318.5567,32766763.2,0.3496,609.0,609.0,609.0,445.5,262.5,126.0,18.673,50.3425,108.4397,22.7497,0.0,0.0,0.0,132.0,383.3333
20260525,3189,景碩,TWSE,664.0,669.0,660.0,669.0,8536899.0,5690800431.0,TWSE_RWD_JSON_MI_INDEX,data/daily_price/daily_price_20260525.csv,569.8,520.325,410.875,296.625,510.5372,9.8522,32.4752,27.1863,108.4112,397.3978,30333147.95,0.2814,669.0,669.0,669.0,445.5,262.5,126.0,28.5735,62.8232,125.5373,31.0384,0.0,0.0,0.0,154.8571,430.9524
20260526,3189,景碩,TWSE,670.0,719.0,654.0,696.0,50429815.0,34607396590.0,TWSE_RWD_JSON_MI_INDEX,data/daily_price/daily_price_20260526.csv,606.4,529.375,417.05,301.2625,525.9925,4.0359,35.6725,35.1456,113.8249,398.9247,30145748.55,1.6729,719.0,719.0,719.0,445.5,262.5,126.0,31.4758,66.8865,131.0278,32.3213,-3.1989,-3.1989,-3.1989,165.1429,452.381
20260527,3189,景碩,TWSE,726.0,764.0,693.0,702.0,30662886.0,22202080119.0,TWSE_RWD_JSON_MI_INDEX,data/daily_price/daily_price_20260527.csv,646.0,539.075,423.5083,306.0375,540.6597,0.8621,39.2857,38.189,123.2114,444.186,29471966.05,1.0404,764.0,764.0,764.0,445.5,262.5,126.0,30.2231,65.7582,129.3837,29.8414,-8.1152,-8.1152,-8.1152,167.4286,457.1429
20260528,3189,景碩,TWSE,702.0,702.0,654.0,681.0,8187338.0,5578812838.0,TWSE_RWD_JSON_MI_INDEX,data/daily_price/daily_price_20260528.csv,671.4,547.725,429.7833,310.6125,552.3548,-2.9915,22.9242,34.0551,123.6453,415.9091,28633925.4,0.2859,764.0,764.0,764.0,445.5,262.5,131.0,24.3325,58.4519,119.2442,23.2903,-10.8639,-10.8639,-10.8639,159.4286,419.8473
20260529,3189,景碩,TWSE,707.0,746.0,704.0,729.0,7357595.0,5320212011.0,TWSE_RWD_JSON_MI_INDEX,data/daily_price/daily_price_20260529.csv,695.4,557.775,436.7833,315.5417,567.0752,7.0485,19.7044,38.0682,135.9223,430.1818,26532199.5,0.2773,764.0,764.0,764.0,445.5,262.5,131.0,30.6979,66.902,131.0313,28.5544,-4.5812,-4.5812,-4.5812,177.7143,456.4885
20260601,3189,景碩,TWSE,740.0,775.0,740.0,774.0,6218324.0,4735282955.0,TWSE_RWD_JSON_MI_INDEX,data/daily_price/daily_price_20260601.csv,716.4,569.925,444.9417,320.8417,584.3189,6.1728,15.6951,45.7627,172.0562,460.8696,25599250.1,0.2429,775.0,775.0,775.0,445.5,262.5,131.0,35.8073,73.9554,141.2405,32.4619,-0.129,-0.129,-0.129,194.8571,490.8397
20260602,3189,景碩,TWSE,778.0,778.0,710.0,743.0,6753281.0,4927070109.0,TWSE_RWD_JSON_MI_INDEX,data/daily_price/daily_price_20260602.csv,725.8,580.725,452.3667,325.8583,597.5424,-4.0052,6.7529,40.9867,149.7479,426.9504,25181894.4,0.2682,778.0,778.0,778.0,445.5,262.5,131.0,27.9435,64.2473,128.0132,24.3426,-4.4987,-4.4987,-4.4987,183.0476,467.1756
20260603,3189,景碩,TWSE,740.0,749.0,730.0,739.0,4661433.0,3439201474.0,TWSE_RWD_JSON_MI_INDEX,data/daily_price/daily_price_20260603.csv,733.2,593.55,459.825,330.8292,609.3305,-0.5384,5.2707,53.1606,153.5163,418.5965,23786077.8,0.196,778.0,778.0,778.0,445.5,262.5,131.0,24.5051,60.7133,123.3781,21.2807,-5.0129,-5.0129,-5.0129,181.5238,464.1221
20260604,3189,景碩,TWSE,706.0,720.0,681.0,692.0,6144218.0,4277338334.0,TWSE_RWD_JSON_MI_INDEX,data/daily_price/daily_price_20260604.csv,735.4,603.525,466.95,335.4167,616.2196,-6.3599,1.6153,40.5076,161.6257,389.0459,23038296.05,0.2667,778.0,778.0,778.0,445.5,267.5,131.0,14.6597,48.1957,106.3106,12.2976,-11.054,-11.054,-11.054,158.6916,428.2443
20260605,3189,景碩,TWSE,662.0,725.0,623.0,712.0,7602120.0,5119045349.0,TWSE_RWD_JSON_MI_INDEX,data/daily_price/daily_price_20260605.csv,732.0,616.225,474.25,340.175,624.2013,2.8902,-2.332,55.4585,159.854,404.9645,21983945.4,0.3458,778.0,778.0,778.0,460.0,280.0,131.0,15.5422,50.1318,109.304,14.0658,-8.4833,-8.4833,-8.4833,154.2857,443.5115
20260608,3189,景碩,TWSE,641.0,698.0,641.0,698.0,8137218.0,5403523911.0,TWSE_RWD_JSON_MI_INDEX,data/daily_price/daily_price_20260608.csv,716.8,625.975,481.0417,344.7583,630.3512,-1.9663,-9.8191,38.7674,140.2754,371.6216,21058615.75,0.3864,778.0,778.0,778.0,460.0,280.0,131.0,11.5061,45.1018,102.4607,10.7319,-10.2828,-10.2828,-10.2828,149.2857,432.8244
20260609,3189,景碩,TWSE,705.0,732.0,683.0,714.0,5537626.0,3922503055.0,TWSE_RWD_JSON_MI_INDEX,data/daily_price/daily_price_20260609.csv,711.0,636.975,488.125,349.475,637.3219,2.2923,-3.9031,44.5344,147.0588,382.4324,19864218.5,0.2788,778.0,778.0,778.0,460.0,280.0,131.0,12.0923,46.274,104.3065,12.0313,-8.2262,-8.2262,-8.2262,155.0,445.0382
20260610,3189,景碩,TWSE,705.0,723.0,650.0,660.0,6573701.0,4501574946.0,TWSE_RWD_JSON_MI_INDEX,data/daily_price/daily_price_20260610.csv,695.2,645.1,493.8333,353.6667,639.2118,-7.563,-10.6901,32.6633,107.874,320.3822,18981984.9,0.3463,778.0,778.0,778.0,460.0,311.5,131.0,2.3097,33.6483,86.6164,3.2522,-15.1671,-15.1671,-15.1671,111.878,403.8168
20260611,3189,景碩,TWSE,674.0,693.0,594.0,619.0,31037944.0,19201356933.0,TWSE_RWD_JSON_MI_INDEX,data/daily_price/daily_price_20260611.csv,680.6,649.95,498.5333,357.525,637.5275,-6.2121,-10.5491,18.5824,83.6795,296.7949,18271668.8,1.6987,778.0,778.0,778.0,460.0,311.5,131.0,-4.7619,24.1642,73.1347,-2.9061,-20.437,-20.437,-20.437,98.7159,372.5191
20260612,3189,景碩,TWSE,661.0,664.0,599.0,610.0,27158125.0,16895458024.0,TWSE_RWD_JSON_MI_INDEX,data/daily_price/daily_price_20260612.csv,660.2,656.15,503.0083,361.2792,635.2335,-1.454,-14.3258,25.5144,78.6237,282.4451,17960103.95,1.5121,778.0,778.0,778.0,460.0,311.5,131.0,-7.0335,21.2704,68.8445,-3.9723,-21.5938,-21.5938,-21.5938,95.8266,365.6489
20260615,3189,景碩,TWSE,631.0,660.0,621.0,660.0,21349711.0,13714532839.0,TWSE_RWD_JSON_MI_INDEX,data/daily_price/daily_price_20260615.csv,652.6,663.9,507.9167,365.5083,637.2974,8.1967,-5.4441,30.6931,80.5746,332.7869,18016150.35,1.185,778.0,778.0,778.0,481.0,311.5,131.0,-0.5874,29.9426,80.5704,3.5623,-15.1671,-15.1671,-15.1671,111.878,403.8168
20260616,3189,景碩,TWSE,660.0,688.0,637.0,642.0,26698363.0,17556950322.0,TWSE_RWD_JSON_MI_INDEX,data/daily_price/daily_price_20260616.csv,638.2,670.35,512.225,369.5958,637.6893,-2.7273,-10.084,25.1462,67.4055,323.7624,17477520.35,1.5276,778.0,778.0,778.0,481.0,311.5,131.0,-4.2291,25.3355,73.7033,0.676,-17.4807,-17.4807,-17.4807,106.0995,390.0763
20260617,3189,景碩,TWSE,642.0,706.0,640.0,706.0,29986280.0,20708074212.0,TWSE_RWD_JSON_MI_INDEX,data/daily_price/daily_price_20260617.csv,647.4,680.45,517.6583,374.2167,643.3818,9.9688,6.9697,40.0794,85.7895,366.0066,16985024.05,1.7655,778.0,778.0,778.0,531.0,311.5,131.0,3.7549,36.3834,88.6608,9.7327,-9.2545,-9.2545,-9.2545,126.6453,438.9313
20260618,3189,景碩,TWSE,738.0,738.0,702.0,724.0,27743868.0,19845128175.0,TWSE_RWD_JSON_MI_INDEX,data/daily_price/daily_price_20260618.csv,668.4,688.95,523.9583,379.0333,650.1,2.5496,16.9628,30.6859,109.2486,395.8904,16611573.65,1.6702,778.0,778.0,778.0,588.0,311.5,131.0,5.0875,38.1789,91.0122,11.3675,-6.9409,-6.9409,-6.9409,132.4238,452.6718
20260622,3189,景碩,TWSE,740.0,796.0,733.0,796.0,20663905.0,15996985976.0,TWSE_RWD_JSON_MI_INDEX,data/daily_price/daily_price_20260622.csv,705.6,698.3,531.8833,384.5125,662.2583,9.9448,30.4918,30.7061,148.3619,474.7292,17072032.5,1.2104,796.0,796.0,796.0,594.0,312.0,131.0,13.9911,49.6569,107.0154,20.1948,0.0,0.0,0.0,155.1282,507.6336
20260623,3189,景碩,TWSE,780.0,788.0,727.0,727.0,36604253.0,27638749214.0,TWSE_RWD_JSON_MI_INDEX,data/daily_price/daily_price_20260623.csv,719.0,701.2,538.1417,389.4375,667.6535,-8.6683,10.1515,8.6697,106.8279,434.5588,18475400.2,1.9812,796.0,796.0,796.0,594.0,312.0,131.0,3.6794,35.0945,86.6795,8.8888,-8.6683,-8.6683,-8.6683,133.0128,454.9618
20260624,3189,景碩,TWSE,749.0,766.0,710.0,739.0,29958162.0,22169743017.0,TWSE_RWD_JSON_MI_INDEX,data/daily_price/daily_price_20260624.csv,738.4,703.35,544.6,394.4958,673.599,1.6506,15.109,6.1782,110.2418,459.8485,17451817.55,1.7166,796.0,796.0,796.0,594.0,312.0,133.5,5.0686,35.6959,87.3277,9.7092,-7.1608,-7.1608,-7.1608,136.859,453.5581
