date,stock_id,stock_name,market,open,high,low,close,volume,trading_value,source,source_file,ma5,ma20,ma60,ma120,ema23,return_1d,return_5d,return_20d,return_60d,return_120d,volume_ma20,volume_ratio,high_20,high_60,high_120,low_20,low_60,low_120,distance_to_ma20_pct,distance_to_ma60_pct,distance_to_ma120_pct,distance_to_ema23_pct,distance_to_high_20_pct,distance_to_high_60_pct,distance_to_high_120_pct,distance_to_low_60_pct,distance_to_low_120_pct
20240102,3481,群創,TWSE,14.4,14.5,14.3,14.4,45384255.0,654067794.0,TWSE_RWD_JSON_MI_INDEX,data/daily_price/daily_price_20240102.csv,,,,,,,,,,,,,,,,,,,,,,,,,,,
20240103,3481,群創,TWSE,14.2,14.3,13.95,13.95,54890803.0,769551496.0,TWSE_RWD_JSON_MI_INDEX,data/daily_price/daily_price_20240103.csv,,,,,,-3.125,,,,,,,,,,,,,,,,,,,,,
20240104,3481,群創,TWSE,13.95,14.1,13.85,14.05,29506899.0,413004244.0,TWSE_RWD_JSON_MI_INDEX,data/daily_price/daily_price_20240104.csv,,,,,,0.7168,,,,,,,,,,,,,,,,,,,,,
20240105,3481,群創,TWSE,14.15,15.0,14.15,15.0,197576245.0,2912777229.0,TWSE_RWD_JSON_MI_INDEX,data/daily_price/daily_price_20240105.csv,,,,,,6.7616,,,,,,,,,,,,,,,,,,,,,
20240108,3481,群創,TWSE,15.4,15.7,14.9,15.15,244270677.0,3737195985.0,TWSE_RWD_JSON_MI_INDEX,data/daily_price/daily_price_20240108.csv,14.51,14.51,14.51,14.51,14.4549,1.0,,,,,114325775.8,2.1366,15.7,15.7,15.7,13.85,13.85,13.85,4.4108,4.4108,4.4108,4.8085,-3.5032,-3.5032,-3.5032,9.3863,9.3863
20240109,3481,群創,TWSE,15.4,15.4,14.7,14.8,103167828.0,1539438652.0,TWSE_RWD_JSON_MI_INDEX,data/daily_price/daily_price_20240109.csv,14.59,14.5583,14.5583,14.5583,14.4837,-2.3102,2.7778,,,,112466117.8333,0.9173,15.7,15.7,15.7,13.85,13.85,13.85,1.66,1.66,1.66,2.1839,-5.7325,-5.7325,-5.7325,6.8592,6.8592
20240110,3481,群創,TWSE,14.8,14.85,14.45,14.6,64548125.0,943479918.0,TWSE_RWD_JSON_MI_INDEX,data/daily_price/daily_price_20240110.csv,14.72,14.5643,14.5643,14.5643,14.4934,-1.3514,4.6595,,,,105620690.2857,0.6111,15.7,15.7,15.7,13.85,13.85,13.85,0.2452,0.2452,0.2452,0.7356,-7.0064,-7.0064,-7.0064,5.4152,5.4152
20240111,3481,群創,TWSE,14.7,15.1,14.7,14.75,59490515.0,885676988.0,TWSE_RWD_JSON_MI_INDEX,data/daily_price/daily_price_20240111.csv,14.86,14.5875,14.5875,14.5875,14.5148,1.0274,4.9822,,,,99854418.375,0.5958,15.7,15.7,15.7,13.85,13.85,13.85,1.114,1.114,1.114,1.6206,-6.051,-6.051,-6.051,6.4982,6.4982
20240112,3481,群創,TWSE,14.8,15.0,14.6,14.65,39145929.0,576892508.0,TWSE_RWD_JSON_MI_INDEX,data/daily_price/daily_price_20240112.csv,14.79,14.5944,14.5944,14.5944,14.526,-0.678,-2.3333,,,,93109030.6667,0.4204,15.7,15.7,15.7,13.85,13.85,13.85,0.3807,0.3807,0.3807,0.8534,-6.6879,-6.6879,-6.6879,5.7762,5.7762
20240115,3481,群創,TWSE,14.85,15.15,14.6,14.65,62977833.0,931538616.0,TWSE_RWD_JSON_MI_INDEX,data/daily_price/daily_price_20240115.csv,14.69,14.6,14.6,14.6,14.5364,0.0,-3.3003,,,,90095910.9,0.699,15.7,15.7,15.7,13.85,13.85,13.85,0.3425,0.3425,0.3425,0.7817,-6.6879,-6.6879,-6.6879,5.7762,5.7762
20240116,3481,群創,TWSE,14.6,15.6,14.5,15.55,203764528.0,3101554415.0,TWSE_RWD_JSON_MI_INDEX,data/daily_price/daily_price_20240116.csv,14.84,14.6864,14.6864,14.6864,14.6208,6.1433,5.0676,,,,100429421.5455,2.0289,15.7,15.7,15.7,13.85,13.85,13.85,5.8805,5.8805,5.8805,6.355,-0.9554,-0.9554,-0.9554,12.2744,12.2744
20240117,3481,群創,TWSE,15.55,15.65,15.15,15.45,153902641.0,2379141320.0,TWSE_RWD_JSON_MI_INDEX,data/daily_price/daily_price_20240117.csv,15.01,14.75,14.75,14.75,14.6899,-0.6431,5.8219,,,,104885523.1667,1.4673,15.7,15.7,15.7,13.85,13.85,13.85,4.7458,4.7458,4.7458,5.174,-1.5924,-1.5924,-1.5924,11.5523,11.5523
20240118,3481,群創,TWSE,15.85,16.6,15.85,15.9,345889404.0,5589668730.0,TWSE_RWD_JSON_MI_INDEX,data/daily_price/daily_price_20240118.csv,15.24,14.8385,14.8385,14.8385,14.7908,2.9126,7.7966,,,,123424283.2308,2.8024,16.6,16.6,16.6,13.85,13.85,13.85,7.154,7.154,7.154,7.4994,-4.2169,-4.2169,-4.2169,14.8014,14.8014
20240119,3481,群創,TWSE,16.3,16.7,15.65,16.45,245740869.0,3985723307.0,TWSE_RWD_JSON_MI_INDEX,data/daily_price/daily_price_20240119.csv,15.6,14.9536,14.9536,14.9536,14.929,3.4591,12.2867,,,,132161182.2143,1.8594,16.7,16.7,16.7,13.85,13.85,13.85,10.0072,10.0072,10.0072,10.1879,-1.497,-1.497,-1.497,18.7726,18.7726
20240122,3481,群創,TWSE,16.65,16.9,16.2,16.55,202956649.0,3356027774.0,TWSE_RWD_JSON_MI_INDEX,data/daily_price/daily_price_20240122.csv,15.98,15.06,15.06,15.06,15.0641,0.6079,12.9693,,,,136880880.0,1.4827,16.9,16.9,16.9,13.85,13.85,13.85,9.8938,9.8938,9.8938,9.8637,-2.071,-2.071,-2.071,19.4946,19.4946
20240123,3481,群創,TWSE,16.65,17.2,16.45,16.55,376800673.0,6338893070.0,TWSE_RWD_JSON_MI_INDEX,data/daily_price/daily_price_20240123.csv,16.18,15.1531,15.1531,15.1531,15.1879,0.0,6.4309,,,,151875867.0625,2.481,17.2,17.2,17.2,13.85,13.85,13.85,9.2184,9.2184,9.2184,8.968,-3.7791,-3.7791,-3.7791,19.4946,19.4946
20240124,3481,群創,TWSE,16.7,16.9,16.45,16.65,152074030.0,2537560176.0,TWSE_RWD_JSON_MI_INDEX,data/daily_price/daily_price_20240124.csv,16.42,15.2412,15.2412,15.2412,15.3098,0.6042,7.767,,,,151887523.7059,1.0012,17.2,17.2,17.2,13.85,13.85,13.85,9.2435,9.2435,9.2435,8.754,-3.1977,-3.1977,-3.1977,20.2166,20.2166
20240125,3481,群創,TWSE,16.75,16.9,16.55,16.8,91933594.0,1542010084.0,TWSE_RWD_JSON_MI_INDEX,data/daily_price/daily_price_20240125.csv,16.6,15.3278,15.3278,15.3278,15.434,0.9009,5.6604,,,,148556749.8333,0.6188,17.2,17.2,17.2,13.85,13.85,13.85,9.6049,9.6049,9.6049,8.8508,-2.3256,-2.3256,-2.3256,21.2996,21.2996
20240126,3481,群創,TWSE,16.65,17.15,16.65,17.0,157696477.0,2680698375.0,TWSE_RWD_JSON_MI_INDEX,data/daily_price/daily_price_20240126.csv,16.71,15.4158,15.4158,15.4158,15.5645,1.1905,3.3435,,,,149037788.1053,1.0581,17.2,17.2,17.2,13.85,13.85,13.85,10.2765,10.2765,10.2765,9.2231,-1.1628,-1.1628,-1.1628,22.7437,22.7437
20240129,3481,群創,TWSE,17.15,17.2,16.75,16.95,128872054.0,2193243655.0,TWSE_RWD_JSON_MI_INDEX,data/daily_price/daily_price_20240129.csv,16.79,15.4925,15.4925,15.4925,15.6799,-0.2941,2.4169,,,,148029501.4,0.8706,17.2,17.2,17.2,13.85,13.85,13.85,9.4078,9.4078,9.4078,8.1,-1.4535,-1.4535,-1.4535,22.3827,22.3827
20240130,3481,群創,TWSE,17.0,17.0,16.55,16.6,103731610.0,1734467671.0,TWSE_RWD_JSON_MI_INDEX,data/daily_price/daily_price_20240130.csv,16.8,15.6025,15.5452,15.5452,15.7566,-2.0649,0.3021,15.2778,,,150946869.15,0.6872,17.2,17.2,17.2,13.85,13.85,13.85,6.3932,6.7851,6.7851,5.3526,-3.4884,-3.4884,-3.4884,19.8556,19.8556
20240131,3481,群創,TWSE,16.65,16.7,16.25,16.35,149304693.0,2444038700.0,TWSE_RWD_JSON_MI_INDEX,data/daily_price/daily_price_20240131.csv,16.74,15.7225,15.5818,15.5818,15.8061,-1.506,-1.8018,17.2043,,,155667563.65,0.9591,17.2,17.2,17.2,13.85,13.85,13.85,3.9911,4.93,4.93,3.4414,-4.9419,-4.9419,-4.9419,18.0505,18.0505
20240201,3481,群創,TWSE,16.4,16.45,15.9,16.3,116738331.0,1879602473.0,TWSE_RWD_JSON_MI_INDEX,data/daily_price/daily_price_20240201.csv,16.64,15.835,15.613,15.613,15.8472,-0.3058,-2.9762,16.0142,,,160029135.25,0.7295,17.2,17.2,17.2,14.15,13.85,13.85,2.9365,4.3999,4.3999,2.8572,-5.2326,-5.2326,-5.2326,17.6895,17.6895
20240202,3481,群創,TWSE,16.4,16.6,16.1,16.2,84813855.0,1383879088.0,TWSE_RWD_JSON_MI_INDEX,data/daily_price/daily_price_20240202.csv,16.48,15.895,15.6375,15.6375,15.8766,-0.6135,-4.7059,8.0,,,154391015.75,0.5493,17.2,17.2,17.2,14.45,13.85,13.85,1.9188,3.5971,3.5971,2.0369,-5.814,-5.814,-5.814,16.9675,16.9675
20240205,3481,群創,TWSE,16.1,16.3,16.0,16.25,47503891.0,767641881.0,TWSE_RWD_JSON_MI_INDEX,data/daily_price/daily_price_20240205.csv,16.34,15.95,15.662,15.662,15.9077,0.3086,-4.1298,7.2607,,,144552676.45,0.3286,17.2,17.2,17.2,14.45,13.85,13.85,1.8809,3.7543,3.7543,2.1516,-5.5233,-5.5233,-5.5233,17.3285,17.3285
20240215,3481,群創,TWSE,16.6,16.6,15.4,15.5,158536166.0,2498800623.0,TWSE_RWD_JSON_MI_INDEX,data/daily_price/daily_price_20240215.csv,16.12,15.985,15.6558,15.6558,15.8738,-4.6154,-6.6265,4.7297,,,147321093.35,1.0761,17.2,17.2,17.2,14.45,13.85,13.85,-3.0341,-0.995,-0.995,-2.3545,-9.8837,-9.8837,-9.8837,11.9134,11.9134
20240216,3481,群創,TWSE,15.55,15.75,15.45,15.65,77150442.0,1200429104.0,TWSE_RWD_JSON_MI_INDEX,data/daily_price/daily_price_20240216.csv,15.98,16.0375,15.6556,15.6556,15.8551,0.9677,-4.2813,7.1918,,,147951209.2,0.5215,17.2,17.2,17.2,14.5,13.85,13.85,-2.4162,-0.0355,-0.0355,-1.2936,-9.0116,-9.0116,-9.0116,12.9964,12.9964
20240219,3481,群創,TWSE,15.9,16.55,15.85,16.55,158366581.0,2589919570.0,TWSE_RWD_JSON_MI_INDEX,data/daily_price/daily_price_20240219.csv,16.03,16.1275,15.6875,15.6875,15.913,5.7508,1.5337,12.2034,,,152895012.5,1.0358,17.2,17.2,17.2,14.5,13.85,13.85,2.6197,5.498,5.498,4.0029,-3.7791,-3.7791,-3.7791,19.4946,19.4946
20240220,3481,群創,TWSE,16.6,16.6,16.25,16.25,75893370.0,1242946586.0,TWSE_RWD_JSON_MI_INDEX,data/daily_price/daily_price_20240220.csv,16.04,16.2075,15.7069,15.7069,15.9411,-1.8127,0.3086,10.9215,,,154732384.55,0.4905,17.2,17.2,17.2,14.5,13.85,13.85,0.2622,3.4577,3.4577,1.9378,-5.5233,-5.5233,-5.5233,17.3285,17.3285
20240221,3481,群創,TWSE,16.25,16.45,15.9,15.9,70157156.0,1130160326.0,TWSE_RWD_JSON_MI_INDEX,data/daily_price/daily_price_20240221.csv,15.97,16.27,15.7133,15.7133,15.9377,-2.1538,-2.1538,8.5324,,,155091350.7,0.4524,17.2,17.2,17.2,14.5,13.85,13.85,-2.2741,1.188,1.188,-0.2364,-7.5581,-7.5581,-7.5581,14.8014,14.8014
20240222,3481,群創,TWSE,16.0,16.1,15.75,15.8,37388804.0,593626049.0,TWSE_RWD_CSV_MI_INDEX,data/daily_price/daily_price_20240222.csv,16.03,16.2825,15.7161,15.7161,15.9262,-0.6289,1.9355,1.6077,,,146772564.5,0.2547,17.2,17.2,17.2,15.15,13.85,13.85,-2.9633,0.5337,0.5337,-0.7924,-8.1395,-8.1395,-8.1395,14.0794,14.0794
20240223,3481,群創,TWSE,15.8,15.8,15.5,15.55,70947517.0,1107489527.0,TWSE_RWD_JSON_MI_INDEX,data/daily_price/daily_price_20240223.csv,16.01,16.2875,15.7109,15.7109,15.8948,-1.5823,-0.639,0.6472,,,142624808.3,0.4974,17.2,17.2,17.2,15.4,13.85,13.85,-4.528,-1.0244,-1.0244,-2.1696,-9.593,-9.593,-9.593,12.2744,12.2744
20240226,3481,群創,TWSE,15.5,15.55,15.2,15.25,65972913.0,1013400247.0,TWSE_RWD_JSON_MI_INDEX,data/daily_price/daily_price_20240226.csv,15.75,16.255,15.697,15.697,15.8411,-1.9293,-7.855,-4.0881,,,128628983.75,0.5129,17.2,17.2,17.2,15.2,13.85,13.85,-6.1827,-2.8475,-2.8475,-3.7315,-11.3372,-11.3372,-11.3372,10.1083,10.1083
20240227,3481,群創,TWSE,15.25,15.35,14.9,15.1,57614762.0,870310878.0,TWSE_RWD_JSON_MI_INDEX,data/daily_price/daily_price_20240227.csv,15.52,16.1875,15.6794,15.6794,15.7794,-0.9836,-7.0769,-8.2067,,,119222678.4,0.4833,17.2,17.2,17.2,14.9,13.85,13.85,-6.7181,-3.6954,-3.6954,-4.3053,-12.2093,-12.2093,-12.2093,9.0253,9.0253
20240229,3481,群創,TWSE,15.1,15.15,14.9,15.15,67838134.0,1021446705.0,TWSE_RWD_JSON_MI_INDEX,data/daily_price/daily_price_20240229.csv,15.37,16.1175,15.6643,15.6643,15.7269,0.3311,-4.717,-8.4592,,,112466752.65,0.6032,17.2,17.2,17.2,14.9,13.85,13.85,-6.0028,-3.2832,-3.2832,-3.6683,-11.9186,-11.9186,-11.9186,9.3863,9.3863
20240301,3481,群創,TWSE,15.15,15.45,15.05,15.2,48915120.0,747670929.0,TWSE_RWD_JSON_MI_INDEX,data/daily_price/daily_price_20240301.csv,15.25,16.05,15.6514,15.6514,15.683,0.33,-3.7975,-8.1571,,,96072475.0,0.5091,17.2,17.2,17.2,14.9,13.85,13.85,-5.296,-2.884,-2.884,-3.0798,-11.6279,-11.6279,-11.6279,9.7473,9.7473
20240304,3481,群創,TWSE,15.25,15.65,15.1,15.45,58195635.0,899534303.0,TWSE_RWD_CSV_MI_INDEX,data/daily_price/daily_price_20240304.csv,15.23,15.99,15.6459,15.6459,15.6636,1.6447,-0.6431,-7.2072,,,91378555.25,0.6369,17.2,17.2,17.2,14.9,13.85,13.85,-3.3771,-1.2524,-1.2524,-1.3636,-10.1744,-10.1744,-10.1744,11.5523,11.5523
20240305,3481,群創,TWSE,15.65,15.95,15.1,15.1,88546978.0,1358048231.0,TWSE_RWD_JSON_MI_INDEX,data/daily_price/daily_price_20240305.csv,15.2,15.905,15.6316,15.6316,15.6166,-2.2654,-0.9836,-10.119,,,91209224.45,0.9708,17.2,17.2,17.2,14.9,13.85,13.85,-5.0613,-3.4007,-3.4007,-3.3081,-12.2093,-12.2093,-12.2093,9.0253,9.0253
20240306,3481,群創,TWSE,15.15,15.35,14.9,14.9,63065933.0,949557147.0,TWSE_RWD_JSON_MI_INDEX,data/daily_price/daily_price_20240306.csv,15.16,15.8,15.6128,15.6128,15.5569,-1.3245,-1.3245,-12.3529,,,86477697.25,0.7293,17.2,17.2,17.2,14.9,13.85,13.85,-5.6962,-4.5656,-4.5656,-4.2226,-13.3721,-13.3721,-13.3721,7.5812,7.5812
20240307,3481,群創,TWSE,15.1,15.15,14.7,14.7,81191133.0,1207078500.0,TWSE_RWD_JSON_MI_INDEX,data/daily_price/daily_price_20240307.csv,15.07,15.6875,15.59,15.59,15.4855,-1.3423,-2.9703,-13.2743,,,84093651.2,0.9655,17.0,17.2,17.2,14.7,13.85,13.85,-6.2948,-5.7088,-5.7088,-5.0724,-13.5294,-14.5349,-14.5349,6.1372,6.1372
20240308,3481,群創,TWSE,14.7,14.9,14.35,14.5,110114328.0,1600449268.0,TWSE_RWD_JSON_MI_INDEX,data/daily_price/daily_price_20240308.csv,14.93,15.5825,15.5634,15.5634,15.4034,-1.3605,-4.6053,-12.6506,,,84412787.1,1.3045,16.7,17.2,17.2,14.35,13.85,13.85,-6.9469,-6.8328,-6.8328,-5.8647,-13.1737,-15.6977,-15.6977,4.6931,4.6931
20240311,3481,群創,TWSE,14.45,15.1,14.4,15.0,79372748.0,1181539768.0,TWSE_RWD_JSON_MI_INDEX,data/daily_price/daily_price_20240311.csv,14.84,15.515,15.55,15.55,15.3698,3.4483,-2.9126,-8.2569,,,80916189.85,0.9809,16.6,17.2,17.2,14.35,13.85,13.85,-3.3194,-3.537,-3.537,-2.4057,-9.6386,-12.7907,-12.7907,8.3032,8.3032
20240312,3481,群創,TWSE,14.9,15.1,14.85,15.0,65438733.0,980312438.0,TWSE_RWD_JSON_MI_INDEX,data/daily_price/daily_price_20240312.csv,14.82,15.45,15.5372,15.5372,15.3389,0.0,-0.6623,-7.9755,,,78351209.95,0.8352,16.6,17.2,17.2,14.35,13.85,13.85,-2.9126,-3.4576,-3.4576,-2.2097,-9.6386,-12.7907,-12.7907,8.3032,8.3032
20240313,3481,群創,TWSE,14.9,14.95,14.7,14.75,59381164.0,879247686.0,TWSE_RWD_JSON_MI_INDEX,data/daily_price/daily_price_20240313.csv,14.79,15.3775,15.5193,15.5193,15.2899,-1.6667,-1.0067,-8.9506,,,77079575.4,0.7704,16.6,17.2,17.2,14.35,13.85,13.85,-4.0806,-4.9572,-4.9572,-3.5308,-11.1446,-14.2442,-14.2442,6.4982,6.4982
20240314,3481,群創,TWSE,14.7,14.9,14.6,14.85,43827491.0,647812384.0,TWSE_RWD_JSON_MI_INDEX,data/daily_price/daily_price_20240314.csv,14.82,15.3075,15.5044,15.5044,15.2532,0.678,1.0204,-8.6154,,,76895755.4,0.57,16.6,17.2,17.2,14.35,13.85,13.85,-2.9887,-4.221,-4.221,-2.6434,-10.5422,-13.6628,-13.6628,7.2202,7.2202
20240315,3481,群創,TWSE,15.0,15.4,14.75,14.95,117771161.0,1778782942.0,TWSE_RWD_JSON_MI_INDEX,data/daily_price/daily_price_20240315.csv,14.91,15.28,15.4924,15.4924,15.2279,0.6734,3.1034,-3.5484,,,74857505.15,1.5733,16.6,17.2,17.2,14.35,13.85,13.85,-2.1597,-3.501,-3.501,-1.8252,-9.9398,-13.0814,-13.0814,7.9422,7.9422
20240318,3481,群創,TWSE,14.95,15.0,14.65,14.85,47415809.0,702127639.0,TWSE_RWD_JSON_MI_INDEX,data/daily_price/daily_price_20240318.csv,14.88,15.24,15.4787,15.4787,15.1964,-0.6689,-1.0,-5.1118,,,73370773.5,0.6462,16.6,17.2,17.2,14.35,13.85,13.85,-2.5591,-4.0619,-4.0619,-2.2798,-10.5422,-13.6628,-13.6628,7.2202,7.2202
20240319,3481,群創,TWSE,14.85,14.9,14.65,14.65,45158319.0,665357865.0,TWSE_RWD_JSON_MI_INDEX,data/daily_price/daily_price_20240319.csv,14.81,15.145,15.4615,15.4615,15.1509,-1.3468,-2.3333,-11.4804,,,67710360.4,0.6669,16.6,17.2,17.2,14.35,13.85,13.85,-3.2684,-5.2483,-5.2483,-3.3061,-11.747,-14.8256,-14.8256,5.7762,5.7762
20240320,3481,群創,TWSE,14.7,14.8,14.4,14.45,52697884.0,765545352.0,TWSE_RWD_JSON_MI_INDEX,data/daily_price/daily_price_20240320.csv,14.75,15.055,15.4408,15.4408,15.0925,-1.3652,-2.0339,-11.0769,,,66550586.1,0.7918,16.45,17.2,17.2,14.35,13.85,13.85,-4.0186,-6.4169,-6.4169,-4.2571,-12.1581,-15.9884,-15.9884,4.3321,4.3321
20240321,3481,群創,TWSE,14.65,15.2,14.65,15.1,101630393.0,1526821156.0,TWSE_RWD_JSON_MI_INDEX,data/daily_price/daily_price_20240321.csv,14.8,15.015,15.434,15.434,15.0931,4.4983,1.6835,-5.0314,,,68124247.95,1.4918,16.1,17.2,17.2,14.35,13.85,13.85,0.5661,-2.1641,-2.1641,0.0456,-6.2112,-12.2093,-12.2093,9.0253,9.0253
20240322,3481,群創,TWSE,15.4,15.8,15.1,15.55,143368560.0,2221840361.0,TWSE_RWD_JSON_MI_INDEX,data/daily_price/daily_price_20240322.csv,14.92,15.0025,15.4363,15.4363,15.1312,2.9801,4.0134,-1.5823,,,73423235.75,1.9526,15.95,17.2,17.2,14.35,13.85,13.85,3.6494,0.7367,0.7367,2.7678,-2.5078,-9.593,-9.593,12.2744,12.2744
20240325,3481,群創,TWSE,15.5,15.65,15.25,15.6,61148667.0,945577310.0,TWSE_RWD_JSON_MI_INDEX,data/daily_price/daily_price_20240325.csv,15.07,15.005,15.4394,15.4394,15.1703,0.3215,5.0505,0.3215,,,72933293.25,0.8384,15.95,17.2,17.2,14.35,13.85,13.85,3.9653,1.04,1.04,2.8328,-2.1944,-9.3023,-9.3023,12.6354,12.6354
20240326,3481,群創,TWSE,15.6,15.75,15.05,15.2,60657897.0,929297897.0,TWSE_RWD_JSON_MI_INDEX,data/daily_price/daily_price_20240326.csv,15.18,15.0025,15.4349,15.4349,15.1727,-2.5641,3.7543,-0.3279,,,72667542.45,0.8347,15.95,17.2,17.2,14.35,13.85,13.85,1.3164,-1.5219,-1.5219,0.1797,-4.7022,-11.6279,-11.6279,9.7473,9.7473
20240327,3481,群創,TWSE,15.2,15.45,15.1,15.4,49845373.0,763350190.0,TWSE_RWD_JSON_MI_INDEX,data/daily_price/daily_price_20240327.csv,15.37,15.0175,15.4343,15.4343,15.1917,1.3158,6.5744,1.9868,,,72279073.0,0.6896,15.95,17.2,17.2,14.35,13.85,13.85,2.547,-0.222,-0.222,1.3713,-3.4483,-10.4651,-10.4651,11.1913,11.1913
20240328,3481,群創,TWSE,15.3,15.4,15.15,15.2,29841717.0,455284869.0,TWSE_RWD_JSON_MI_INDEX,data/daily_price/daily_price_20240328.csv,15.39,15.02,15.43,15.43,15.1924,-1.2987,0.6623,0.33,,,70379252.15,0.424,15.95,17.2,17.2,14.35,13.85,13.85,1.1984,-1.4906,-1.4906,0.0502,-4.7022,-11.6279,-11.6279,9.7473,9.7473
20240329,3481,群創,TWSE,15.2,15.45,15.0,15.05,40986230.0,621025621.0,TWSE_RWD_JSON_MI_INDEX,data/daily_price/daily_price_20240329.csv,15.29,15.0125,15.4232,15.4232,15.1805,-0.9868,-3.2154,-0.9868,,,69982807.65,0.5857,15.95,17.2,17.2,14.35,13.85,13.85,0.2498,-2.4198,-2.4198,-0.8597,-5.6426,-12.5,-12.5,8.6643,8.6643
20240401,3481,群創,TWSE,15.05,15.2,14.9,15.2,46146937.0,693933123.0,TWSE_RWD_JSON_MI_INDEX,data/daily_price/daily_price_20240401.csv,15.21,15.0,15.4193,15.4193,15.1821,0.9967,-2.5641,-1.6181,,,69380372.75,0.6651,15.95,17.2,17.2,14.35,13.85,13.85,1.3333,-1.4222,-1.4222,0.1177,-4.7022,-11.6279,-11.6279,9.7473,9.7473
20240402,3481,群創,TWSE,15.2,15.3,15.1,15.2,29261160.0,444594818.0,TWSE_RWD_JSON_MI_INDEX,data/daily_price/daily_price_20240402.csv,15.21,15.005,15.4155,15.4155,15.1836,0.0,0.0,0.6623,,,66416081.85,0.4406,15.8,17.2,17.2,14.35,13.85,13.85,1.2996,-1.3981,-1.3981,0.1079,-3.7975,-11.6279,-11.6279,9.7473,9.7473
20240403,3481,群創,TWSE,15.1,15.1,14.65,14.7,76158594.0,1126122822.0,TWSE_RWD_JSON_MI_INDEX,data/daily_price/daily_price_20240403.csv,15.07,14.995,15.4034,15.4034,15.1433,-3.2895,-4.5455,-1.3423,,,67070714.9,1.1355,15.8,17.2,17.2,14.35,13.85,13.85,-1.9673,-4.5665,-4.5665,-2.9275,-6.962,-14.5349,-14.5349,6.1372,6.1372
20240408,3481,群創,TWSE,14.6,14.95,14.5,14.95,44326988.0,653506108.0,TWSE_RWD_JSON_MI_INDEX,data/daily_price/daily_price_20240408.csv,15.02,15.0075,15.3958,15.3958,15.1272,1.7007,-1.6447,1.7007,,,65227507.65,0.6796,15.8,17.2,17.2,14.35,13.85,13.85,-0.3831,-2.8958,-2.8958,-1.1715,-5.3797,-13.0814,-13.0814,7.9422,7.9422
20240409,3481,群創,TWSE,15.4,15.75,15.0,15.3,182019552.0,2796981284.0,TWSE_RWD_CSV_MI_INDEX,data/daily_price/daily_price_20240409.csv,15.07,15.0475,15.4108,15.3943,15.1416,2.3411,1.6611,5.5172,6.25,,68822768.85,2.6448,15.8,17.2,17.2,14.4,13.85,13.85,1.678,-0.7192,-0.6123,1.0461,-3.1646,-11.0465,-11.0465,10.4693,10.4693
20240410,3481,群創,TWSE,15.35,15.5,14.95,15.0,83462797.0,1270808880.0,TWSE_RWD_JSON_MI_INDEX,data/daily_price/daily_price_20240410.csv,15.03,15.0475,15.4283,15.3879,15.1298,-1.9608,-1.3158,0.0,7.5269,,69027271.3,1.2091,15.8,17.2,17.2,14.4,13.85,13.85,-0.3157,-2.7763,-2.5208,-0.858,-5.0633,-12.7907,-12.7907,8.3032,8.3032
20240411,3481,群創,TWSE,14.9,14.95,14.1,14.1,207915147.0,2989690533.0,TWSE_RWD_JSON_MI_INDEX,data/daily_price/daily_price_20240411.csv,14.81,15.0025,15.4292,15.3675,15.044,-6.0,-7.2368,-6.0,0.3559,,76151092.0,2.7303,15.8,17.2,17.2,14.1,14.1,13.85,-6.0157,-8.6146,-8.2477,-6.2749,-10.7595,-18.0233,-18.0233,0.0,1.8051
20240412,3481,群創,TWSE,14.15,14.25,13.95,14.15,69400396.0,980375834.0,TWSE_RWD_JSON_MI_INDEX,data/daily_price/daily_price_20240412.csv,14.7,14.9725,15.415,15.3484,14.9695,0.3546,-3.7415,-4.0678,-5.6667,,76652053.6,0.9054,15.8,17.2,17.2,13.95,13.95,13.85,-5.4934,-8.2063,-7.8082,-5.4744,-10.443,-17.7326,-17.7326,1.4337,2.1661
20240415,3481,群創,TWSE,14.2,14.55,14.1,14.1,84190217.0,1201232103.0,TWSE_RWD_JSON_MI_INDEX,data/daily_price/daily_price_20240415.csv,14.53,14.935,15.3975,15.3292,14.897,-0.3534,-5.6856,-5.0505,-6.9307,,78670189.9,1.0702,15.8,17.2,17.2,13.95,13.95,13.85,-5.5909,-8.4267,-8.0189,-5.3503,-10.7595,-18.0233,-18.0233,1.0753,1.8051
20240416,3481,群創,TWSE,14.0,14.05,13.55,13.65,90519384.0,1240499489.0,TWSE_RWD_JSON_MI_INDEX,data/daily_price/daily_price_20240416.csv,14.2,14.87,15.3783,15.3038,14.7931,-3.1915,-10.7843,-8.6957,-7.7703,,77307601.05,1.1709,15.8,17.2,17.2,13.55,13.55,13.55,-8.2044,-11.2388,-10.8064,-7.7273,-13.6076,-20.6395,-20.6395,0.738,0.738
20240417,3481,群創,TWSE,13.7,13.85,13.6,13.65,53114887.0,726851519.0,TWSE_RWD_JSON_MI_INDEX,data/daily_price/daily_price_20240417.csv,13.93,14.81,15.3625,15.2791,14.6979,0.0,-9.0,-8.0808,-6.5068,,77592554.95,0.6845,15.8,17.2,17.2,13.55,13.55,13.55,-7.8325,-11.1473,-10.6623,-7.1293,-13.6076,-20.6395,-20.6395,0.738,0.738
20240418,3481,群創,TWSE,13.7,14.15,13.65,13.8,84521294.0,1175268474.0,TWSE_RWD_JSON_MI_INDEX,data/daily_price/daily_price_20240418.csv,13.87,14.7675,15.3467,15.2574,14.623,1.0989,-2.1277,-5.802,-6.4407,,79560703.7,1.0623,15.8,17.2,17.2,13.55,13.55,13.55,-6.5515,-10.0782,-9.5518,-5.6283,-12.6582,-19.7674,-19.7674,1.845,1.845
20240419,3481,群創,TWSE,13.85,14.15,13.3,13.55,122799219.0,1680682539.0,TWSE_RWD_JSON_MI_INDEX,data/daily_price/daily_price_20240419.csv,13.75,14.7225,15.3283,15.2326,14.5336,-1.8116,-4.2403,-6.2284,-7.5085,,83065770.45,1.4783,15.8,17.2,17.2,13.3,13.3,13.3,-7.964,-11.6016,-11.0461,-6.7679,-14.2405,-21.2209,-21.2209,1.8797,1.8797
20240422,3481,群創,TWSE,13.4,13.45,13.0,13.0,82612501.0,1086663868.0,TWSE_RWD_JSON_MI_INDEX,data/daily_price/daily_price_20240422.csv,13.53,14.6175,15.3008,15.2007,14.4058,-4.059,-7.8014,-13.9073,-11.2628,,82114875.85,1.0061,15.8,17.2,17.2,13.0,13.0,13.0,-11.0655,-15.0373,-14.4777,-9.7587,-17.7215,-24.4186,-24.4186,0.0,0.0
20240423,3481,群創,TWSE,13.3,14.1,13.3,13.85,136053206.0,1872999618.0,TWSE_RWD_JSON_MI_INDEX,data/daily_price/daily_price_20240423.csv,13.57,14.5325,15.2725,15.1817,14.3595,6.5385,1.4652,-10.9325,-10.9325,,81749108.15,1.6643,15.75,17.2,17.2,13.0,13.0,13.0,-4.6964,-9.3141,-8.7717,-3.5481,-12.0635,-19.4767,-19.4767,6.5385,6.5385
20240424,3481,群創,TWSE,13.7,13.7,13.45,13.6,131499119.0,1783027046.0,TWSE_RWD_JSON_MI_INDEX,data/daily_price/daily_price_20240424.csv,13.56,14.4325,15.2417,15.1597,14.2962,-1.8051,-0.3663,-12.8205,-11.9741,,85266630.75,1.5422,15.75,17.2,17.2,13.0,13.0,13.0,-5.7682,-10.7709,-10.2886,-4.8699,-13.6508,-20.9302,-20.9302,4.6154,4.6154
20240425,3481,群創,TWSE,13.55,14.0,13.55,13.8,74461378.0,1029219734.0,TWSE_RWD_JSON_MI_INDEX,data/daily_price/daily_price_20240425.csv,13.56,14.3625,15.2067,15.1411,14.2549,1.4706,0.0,-9.2105,-13.2075,,85956804.8,0.8663,15.75,17.2,17.2,13.0,13.0,13.0,-3.9164,-9.2503,-8.8573,-3.1909,-12.381,-19.7674,-19.7674,6.1538,6.1538
20240426,3481,群創,TWSE,13.85,14.25,13.85,14.05,90358023.0,1270236480.0,TWSE_RWD_JSON_MI_INDEX,data/daily_price/daily_price_20240426.csv,13.66,14.295,15.1667,15.1264,14.2378,1.8116,3.69,-8.7662,-14.5897,,87982437.3,1.027,15.75,17.2,17.2,13.0,13.0,13.0,-1.7139,-7.3626,-7.1157,-1.3189,-10.7937,-18.314,-18.314,8.0769,8.0769
20240429,3481,群創,TWSE,14.15,14.3,14.05,14.25,78517156.0,1114716458.0,TWSE_RWD_JSON_MI_INDEX,data/daily_price/daily_price_20240429.csv,13.91,14.2475,15.1283,15.1147,14.2388,1.4235,9.6154,-6.25,-13.8973,,90416209.25,0.8684,15.75,17.2,17.2,13.0,13.0,13.0,0.0175,-5.8059,-5.7207,0.0787,-9.5238,-17.1512,-17.1512,9.6154,9.6154
20240430,3481,群創,TWSE,14.4,14.55,14.2,14.25,68371842.0,984233605.0,TWSE_RWD_JSON_MI_INDEX,data/daily_price/daily_price_20240430.csv,13.99,14.2075,15.09,15.1033,14.2397,0.0,2.8881,-5.3156,-13.8973,,91785489.85,0.7449,15.75,17.2,17.2,13.0,13.0,13.0,0.2991,-5.5666,-5.6497,0.0721,-9.5238,-17.1512,-17.1512,9.6154,9.6154
20240502,3481,群創,TWSE,14.05,14.05,13.55,13.65,129639358.0,1774020585.0,TWSE_RWD_JSON_MI_INDEX,data/daily_price/daily_price_20240502.csv,14.0,14.13,15.04,15.0844,14.1906,-4.2105,0.3676,-10.1974,-18.018,,95960110.9,1.351,15.75,17.2,17.2,13.0,13.0,13.0,-3.397,-9.242,-9.5093,-3.8095,-13.3333,-20.6395,-20.6395,5.0,5.0
20240503,3481,群創,TWSE,13.75,13.9,13.65,13.7,42976072.0,590042017.0,TWSE_RWD_JSON_MI_INDEX,data/daily_price/daily_price_20240503.csv,13.98,14.055,14.9883,15.0667,14.1497,0.3663,-0.7246,-9.8684,-18.4524,,96645856.5,0.4447,15.75,17.2,17.2,13.0,13.0,13.0,-2.5258,-8.5956,-9.0708,-3.1782,-13.0159,-20.3488,-20.3488,5.3846,5.3846
20240506,3481,群創,TWSE,13.8,13.85,13.65,13.7,37724700.0,518395542.0,TWSE_RWD_JSON_MI_INDEX,data/daily_price/daily_price_20240506.csv,13.91,14.005,14.9333,15.0494,14.1122,0.0,-2.4911,-6.8027,-19.4118,,94724161.8,0.3983,15.75,17.2,17.2,13.0,13.0,13.0,-2.1778,-8.2589,-8.9663,-2.9211,-13.0159,-20.3488,-20.3488,5.3846,5.3846
20240507,3481,群創,TWSE,13.65,13.7,13.35,13.45,59063259.0,796373734.0,TWSE_RWD_JSON_MI_INDEX,data/daily_price/daily_price_20240507.csv,13.75,13.93,14.875,15.0294,14.057,-1.8248,-5.614,-10.0334,-20.649,,95460975.35,0.6187,15.75,17.0,17.2,13.0,13.0,13.0,-3.4458,-9.5798,-10.5086,-4.3184,-14.6032,-20.8824,-21.8023,3.4615,3.4615
20240508,3481,群創,TWSE,13.45,13.55,13.3,13.3,43902872.0,585814674.0,TWSE_RWD_JSON_MI_INDEX,data/daily_price/daily_price_20240508.csv,13.56,13.83,14.82,15.008,13.994,-1.1152,-6.6667,-13.0719,-19.8795,,88555141.35,0.4958,15.5,16.7,17.2,13.0,13.0,13.0,-3.8322,-10.2564,-11.3807,-4.959,-14.1935,-20.3593,-22.6744,2.3077,2.3077
20240509,3481,群創,TWSE,13.3,13.5,13.25,13.3,40918640.0,546430805.0,TWSE_RWD_JSON_MI_INDEX,data/daily_price/daily_price_20240509.csv,13.49,13.745,14.7692,14.9872,13.9361,0.0,-2.5641,-11.3333,-18.6544,,86427933.5,0.4734,14.95,16.6,17.2,13.0,13.0,13.0,-3.2375,-9.9475,-11.2576,-4.5646,-11.0368,-19.8795,-22.6744,2.3077,2.3077
20240510,3481,群創,TWSE,13.35,13.35,13.1,13.3,60839988.0,805055876.0,TWSE_RWD_JSON_MI_INDEX,data/daily_price/daily_price_20240510.csv,13.41,13.705,14.7192,14.9669,13.8831,0.0,-2.9197,-5.6738,-18.4049,,79074175.55,0.7694,14.55,16.6,17.2,13.0,13.0,13.0,-2.9551,-9.6416,-11.137,-4.2002,-8.5911,-19.8795,-22.6744,2.3077,2.3077
20240513,3481,群創,TWSE,13.35,13.5,13.35,13.5,29981104.0,402483351.0,TWSE_RWD_JSON_MI_INDEX,data/daily_price/daily_price_20240513.csv,13.37,13.6725,14.6742,14.9494,13.8512,1.5038,-1.4599,-4.5936,-16.6667,,77103210.95,0.3888,14.55,16.6,17.2,13.0,13.0,13.0,-1.2617,-8.0016,-9.6954,-2.5355,-7.2165,-18.6747,-21.5116,3.8462,3.8462
20240514,3481,群創,TWSE,13.55,13.65,13.45,13.5,43636940.0,590618153.0,TWSE_RWD_JSON_MI_INDEX,data/daily_price/daily_price_20240514.csv,13.38,13.6425,14.6283,14.9324,13.8219,0.0,0.3717,-4.2553,-16.9231,,75075547.1,0.5812,14.55,16.6,17.2,13.0,13.0,13.0,-1.0445,-7.7133,-9.5923,-2.3291,-7.2165,-18.6747,-21.5116,3.8462,3.8462
20240515,3481,群創,TWSE,13.6,13.8,13.5,13.6,51372378.0,702663432.0,TWSE_RWD_JSON_MI_INDEX,data/daily_price/daily_price_20240515.csv,13.44,13.64,14.5967,14.9169,13.8034,0.7407,2.2556,-0.3663,-12.2581,,73118196.8,0.7026,14.55,16.6,17.2,13.0,13.0,13.0,-0.2933,-6.828,-8.828,-1.4738,-6.5292,-18.0723,-20.9302,4.6154,4.6154
20240516,3481,群創,TWSE,13.7,13.85,13.55,13.7,59623330.0,817343973.0,TWSE_RWD_JSON_MI_INDEX,data/daily_price/daily_price_20240516.csv,13.52,13.6425,14.5642,14.9029,13.7948,0.7353,3.0075,0.3663,-12.4601,,73443618.95,0.8118,14.55,16.6,17.2,13.0,13.0,13.0,0.4215,-5.9335,-8.0714,-0.6873,-5.8419,-17.4699,-20.3488,5.3846,5.3846
20240517,3481,群創,TWSE,13.7,13.75,13.4,13.4,51534281.0,695413312.0,TWSE_RWD_JSON_MI_INDEX,data/daily_price/daily_price_20240517.csv,13.54,13.6225,14.5117,14.8858,13.7619,-2.1898,0.7519,-2.8986,-19.0332,,71794268.3,0.7178,14.55,16.6,17.2,13.0,13.0,13.0,-1.6333,-7.6605,-9.9813,-2.6298,-7.9038,-19.2771,-22.093,3.0769,3.0769
20240520,3481,群創,TWSE,13.45,13.65,13.4,13.45,41665393.0,563648948.0,TWSE_RWD_JSON_MI_INDEX,data/daily_price/daily_price_20240520.csv,13.53,13.6175,14.465,14.8697,13.7359,0.3731,-0.3704,-0.738,-17.2308,,67737577.0,0.6151,14.55,16.45,17.2,13.0,13.0,13.0,-1.23,-7.0169,-9.5474,-2.0815,-7.5601,-18.2371,-21.8023,3.4615,3.4615
20240521,3481,群創,TWSE,13.55,13.6,13.3,13.35,38943425.0,521697788.0,TWSE_RWD_JSON_MI_INDEX,data/daily_price/daily_price_20240521.csv,13.5,13.635,14.4225,14.8528,13.7038,-0.7435,-1.1111,2.6923,-16.0377,,65554123.2,0.5941,14.55,16.1,17.2,13.1,13.0,13.0,-2.0902,-7.4363,-10.1178,-2.5815,-8.2474,-17.0807,-22.3837,2.6923,2.6923
20240522,3481,群創,TWSE,13.55,14.45,13.55,14.0,282582721.0,3978641642.0,TWSE_RWD_JSON_MI_INDEX,data/daily_price/daily_price_20240522.csv,13.58,13.6425,14.3925,14.8434,13.7284,4.8689,2.9412,1.083,-11.3924,,72880598.95,3.8773,14.55,15.95,17.2,13.1,13.0,13.0,2.6205,-2.7271,-5.682,1.978,-3.7801,-12.2257,-18.6047,7.6923,7.6923
20240523,3481,群創,TWSE,14.0,14.25,13.75,13.9,108276692.0,1512322092.0,TWSE_RWD_JSON_MI_INDEX,data/daily_price/daily_price_20240523.csv,13.62,13.6575,14.365,14.8332,13.7427,-0.7143,1.4599,2.2059,-10.6109,,71719477.6,1.5097,14.55,15.95,17.2,13.1,13.0,13.0,1.7756,-3.237,-6.291,1.1443,-4.4674,-12.8527,-19.186,6.9231,6.9231
20240524,3481,群創,TWSE,13.75,14.1,13.7,14.05,60453069.0,842926880.0,TWSE_RWD_JSON_MI_INDEX,data/daily_price/daily_price_20240524.csv,13.75,13.67,14.345,14.8247,13.7683,1.0791,4.8507,1.8116,-7.8689,,71019062.15,0.8512,14.55,15.95,17.2,13.1,13.0,13.0,2.7798,-2.0565,-5.2259,2.0457,-3.4364,-11.9122,-18.314,8.0769,8.0769
20240527,3481,群創,TWSE,14.2,14.35,13.95,14.2,123828174.0,1757917599.0,TWSE_RWD_JSON_MI_INDEX,data/daily_price/daily_price_20240527.csv,13.9,13.6775,14.33,14.8181,13.8043,1.0676,5.5762,1.0676,-5.9603,,72692569.7,1.7035,14.55,15.95,17.2,13.1,13.0,13.0,3.8201,-0.9072,-4.1712,2.8664,-2.4055,-10.9718,-17.4419,9.2308,9.2308
20240528,3481,群創,TWSE,14.3,14.3,14.1,14.2,50794882.0,721972194.0,TWSE_RWD_JSON_MI_INDEX,data/daily_price/daily_price_20240528.csv,14.07,13.675,14.3142,14.8116,13.8373,0.0,6.367,-0.3509,-6.2706,,71306456.0,0.7123,14.55,15.95,17.2,13.1,13.0,13.0,3.8391,-0.7976,-4.1291,2.6212,-2.4055,-10.9718,-17.4419,9.2308,9.2308
20240529,3481,群創,TWSE,14.2,14.25,14.0,14.0,52092981.0,732765857.0,TWSE_RWD_JSON_MI_INDEX,data/daily_price/daily_price_20240529.csv,14.07,13.6625,14.2942,14.8031,13.8509,-1.4085,0.0,-1.7544,-7.8947,,70492512.95,0.739,14.45,15.95,17.2,13.1,13.0,13.0,2.4703,-2.0579,-5.4254,1.0768,-3.1142,-12.2257,-18.6047,7.6923,7.6923
20240530,3481,群創,TWSE,13.9,14.3,13.8,14.0,59998392.0,844775174.0,TWSE_RWD_JSON_MI_INDEX,data/daily_price/daily_price_20240530.csv,14.09,13.68,14.27,14.7948,13.8633,0.0,0.7194,2.5641,-9.3851,,67010464.65,0.8954,14.45,15.95,17.2,13.1,13.0,13.0,2.3392,-1.8921,-5.3724,0.9862,-3.1142,-12.2257,-18.6047,7.6923,7.6923
20240531,3481,群創,TWSE,14.05,14.15,13.9,13.95,96871495.0,1355178930.0,TWSE_RWD_JSON_MI_INDEX,data/daily_price/daily_price_20240531.csv,14.07,13.6925,14.2508,14.7862,13.8705,-0.3571,-0.7117,1.8248,-7.6159,,69705235.8,1.3897,14.45,15.8,17.2,13.1,13.0,13.0,1.8806,-2.111,-5.6554,0.5731,-3.4602,-11.7089,-18.8953,7.3077,7.3077
20240603,3481,群創,TWSE,14.05,14.05,13.8,13.85,42857575.0,594734118.0,TWSE_RWD_JSON_MI_INDEX,data/daily_price/daily_price_20240603.csv,14.0,13.7,14.2333,14.7768,13.8688,-0.7168,-2.4648,1.0949,-7.047,,69961879.55,0.6126,14.45,15.8,17.2,13.1,13.0,13.0,1.0949,-2.6932,-6.2718,-0.1355,-4.1522,-12.3418,-19.4767,6.5385,6.5385
20240604,3481,群創,TWSE,13.75,13.8,13.45,13.45,66842150.0,907338628.0,TWSE_RWD_JSON_MI_INDEX,data/daily_price/daily_price_20240604.csv,13.85,13.7,14.2125,14.7635,13.8339,-2.8881,-5.2817,0.0,-8.5034,,70350824.1,0.9501,14.45,15.8,17.2,13.1,13.0,13.0,-1.8248,-5.365,-8.8969,-2.775,-6.9204,-14.8734,-21.8023,3.4615,3.4615
20240605,3481,群創,TWSE,13.45,13.6,13.4,13.4,30332811.0,408776706.0,TWSE_RWD_JSON_MI_INDEX,data/daily_price/daily_price_20240605.csv,13.73,13.705,14.1942,14.75,13.7977,-0.3717,-4.2857,0.7519,-7.5862,,69672321.05,0.4354,14.45,15.8,17.2,13.1,13.0,13.0,-2.2255,-5.595,-9.1525,-2.8826,-7.2664,-15.1899,-22.093,3.0769,3.0769
20240606,3481,群創,TWSE,13.5,13.65,13.35,13.4,46579100.0,627899108.0,TWSE_RWD_JSON_MI_INDEX,data/daily_price/daily_price_20240606.csv,13.61,13.71,14.1675,14.7368,13.7646,0.0,-4.2857,0.7519,-10.6667,,69955344.05,0.6658,14.45,15.8,17.2,13.1,13.0,13.0,-2.2611,-5.4173,-9.071,-2.6488,-7.2664,-15.1899,-22.093,3.0769,3.0769
20240607,3481,群創,TWSE,13.5,13.8,13.45,13.65,45654116.0,623900928.0,TWSE_RWD_JSON_MI_INDEX,data/daily_price/daily_price_20240607.csv,13.55,13.7275,14.145,14.7262,13.755,1.8657,-2.1505,2.6316,-9.0,,69196050.45,0.6598,14.45,15.8,17.2,13.3,13.0,13.0,-0.5646,-3.4995,-7.3081,-0.7637,-5.5363,-13.6076,-20.6395,5.0,5.0
20240611,3481,群創,TWSE,13.6,13.6,13.35,13.35,49015447.0,659651888.0,TWSE_RWD_JSON_MI_INDEX,data/daily_price/daily_price_20240611.csv,13.45,13.72,14.1217,14.713,13.7213,-2.1978,-3.6101,-1.1111,-9.4915,,70147767.6,0.6987,14.45,15.8,17.2,13.3,13.0,13.0,-2.6968,-5.4644,-9.2638,-2.7059,-7.6125,-15.5063,-22.3837,2.6923,2.6923
20240612,3481,群創,TWSE,13.35,13.4,13.15,13.2,45324924.0,599925323.0,TWSE_RWD_JSON_MI_INDEX,data/daily_price/daily_price_20240612.csv,13.4,13.705,14.0942,14.6986,13.6779,-1.1236,-1.8587,-2.2222,-11.1111,,70232166.8,0.6454,14.45,15.8,17.2,13.15,13.0,13.0,-3.6848,-6.3442,-10.1954,-3.4936,-8.6505,-16.4557,-23.2558,1.5385,1.5385
20240613,3481,群創,TWSE,13.25,13.4,13.2,13.2,34099129.0,452912390.0,TWSE_RWD_JSON_MI_INDEX,data/daily_price/daily_price_20240613.csv,13.36,13.685,14.065,14.6844,13.638,0.0,-1.4925,-2.9412,-11.7057,,69368504.35,0.4916,14.45,15.8,17.2,13.15,13.0,13.0,-3.544,-6.15,-10.1089,-3.2118,-8.6505,-16.4557,-23.2558,1.5385,1.5385
20240614,3481,群創,TWSE,13.3,13.65,13.25,13.6,47235803.0,634957141.0,TWSE_RWD_JSON_MI_INDEX,data/daily_price/daily_price_20240614.csv,13.4,13.68,14.0442,14.6743,13.6349,3.0303,1.4925,-0.7299,-8.4175,,68749128.0,0.6871,14.45,15.8,17.2,13.15,13.0,13.0,-0.5848,-3.1626,-7.321,-0.2557,-5.8824,-13.9241,-20.9302,4.6154,4.6154
20240617,3481,群創,TWSE,13.95,14.35,13.9,14.2,197919261.0,2801418562.0,TWSE_RWD_JSON_MI_INDEX,data/daily_price/daily_price_20240617.csv,13.51,13.72,14.0367,14.6699,13.682,4.4118,4.0293,5.9701,-3.0717,,76068377.0,2.6019,14.45,15.8,17.2,13.15,13.0,13.0,3.4985,1.1636,-3.2032,3.7863,-1.7301,-10.1266,-17.4419,9.2308,9.2308
20240618,3481,群創,TWSE,14.3,14.3,14.0,14.25,98565768.0,1394978596.0,TWSE_RWD_JSON_MI_INDEX,data/daily_price/daily_price_20240618.csv,13.69,13.76,14.0333,14.6661,13.7293,0.3521,6.7416,5.948,-1.3841,,78913395.75,1.249,14.45,15.8,17.2,13.15,13.0,13.0,3.561,1.5439,-2.8369,3.7927,-1.3841,-9.8101,-17.1512,9.6154,9.6154
20240619,3481,群創,TWSE,14.3,14.3,14.05,14.1,74717347.0,1055022405.0,TWSE_RWD_JSON_MI_INDEX,data/daily_price/daily_price_20240619.csv,13.87,13.7975,14.0167,14.6609,13.7602,-1.0526,6.8182,5.618,-6.6225,,80702091.85,0.9258,14.45,15.8,17.2,13.15,13.0,13.0,2.1924,0.5945,-3.8259,2.4696,-2.4221,-10.7595,-18.0233,8.4615,8.4615
20240620,3481,群創,TWSE,14.1,14.3,14.1,14.2,50800811.0,720549959.0,TWSE_RWD_JSON_MI_INDEX,data/daily_price/daily_price_20240620.csv,14.07,13.8075,13.9942,14.6568,13.7968,0.7092,7.5758,1.4286,-8.6817,,69112996.35,0.735,14.35,15.75,17.2,13.15,13.0,13.0,2.8427,1.4709,-3.1164,2.9221,-1.0453,-9.8413,-17.4419,9.2308,9.2308
20240621,3481,群創,TWSE,14.65,15.6,14.65,15.6,590011942.0,9116193748.0,TWSE_RWD_JSON_MI_INDEX,data/daily_price/daily_price_20240621.csv,14.47,13.8925,13.9942,14.6652,13.9471,9.8592,14.7059,12.2302,0.0,,93199758.85,6.3306,15.6,15.75,17.2,13.15,13.0,13.0,12.2908,11.475,6.3744,11.8512,0.0,-0.9524,-9.3023,20.0,20.0
20240624,3481,群創,TWSE,16.1,16.55,15.65,15.9,702817885.0,11315924070.0,TWSE_RWD_JSON_MI_INDEX,data/daily_price/daily_price_20240624.csv,14.81,13.985,14.0058,14.6761,14.1098,1.9231,11.9718,13.1673,4.6053,,125317999.65,5.6083,16.55,16.55,17.2,13.15,13.0,13.0,13.6932,13.5241,8.3394,12.6873,-3.9275,-3.9275,-7.5581,22.3077,22.3077
20240625,3481,群創,TWSE,15.5,15.65,14.65,14.8,395736422.0,5925981917.0,TWSE_RWD_JSON_MI_INDEX,data/daily_price/daily_price_20240625.csv,14.92,14.015,13.9958,14.6772,14.1674,-6.9182,3.8596,4.2254,-3.8961,,138913412.05,2.8488,16.55,16.55,17.2,13.15,13.0,13.0,5.6011,5.7458,0.8367,4.4655,-10.574,-10.574,-13.9535,13.8462,13.8462
20240626,3481,群創,TWSE,15.0,15.4,14.8,14.8,226323339.0,3405997319.0,TWSE_RWD_JSON_MI_INDEX,data/daily_price/daily_price_20240626.csv,15.06,14.045,13.9892,14.6783,14.2201,0.0,4.9645,4.2254,-2.6316,,147689834.9,1.5324,16.55,16.55,17.2,13.15,13.0,13.0,5.3756,5.7962,0.8294,4.0782,-10.574,-10.574,-13.9535,13.8462,13.8462
20240627,3481,群創,TWSE,14.65,14.7,14.35,14.4,146729636.0,2123976971.0,TWSE_RWD_JSON_MI_INDEX,data/daily_price/daily_price_20240627.csv,15.1,14.065,13.9783,14.6759,14.2351,-2.7027,1.4085,2.8571,-4.3189,,152421667.65,0.9627,16.55,16.55,17.2,13.15,13.0,13.0,2.3818,3.0166,-1.8797,1.1586,-12.9909,-12.9909,-16.2791,10.7692,10.7692
20240628,3481,群創,TWSE,14.4,14.6,14.35,14.35,93094777.0,1345020555.0,TWSE_RWD_JSON_MI_INDEX,data/daily_price/daily_price_20240628.csv,14.85,14.0825,13.9642,14.6731,14.2446,-0.3472,-8.0128,2.5,-5.5921,,154076486.9,0.6042,16.55,16.55,17.2,13.15,13.0,13.0,1.8995,2.763,-2.2018,0.7396,-13.2931,-13.2931,-16.5698,10.3846,10.3846
20240701,3481,群創,TWSE,14.4,14.45,14.2,14.2,76471783.0,1091969658.0,TWSE_RWD_JSON_MI_INDEX,data/daily_price/daily_price_20240701.csv,14.51,14.095,13.9475,14.6691,14.2409,-1.0453,-10.6918,1.7921,-6.5789,,153056501.3,0.4996,16.55,16.55,17.2,13.15,13.0,13.0,0.7449,1.8104,-3.1977,-0.2874,-14.1994,-14.1994,-17.4419,9.2308,9.2308
20240702,3481,群創,TWSE,14.2,14.3,14.05,14.15,84828408.0,1200434194.0,TWSE_RWD_JSON_MI_INDEX,data/daily_price/daily_price_20240702.csv,14.38,14.11,13.9383,14.6647,14.2333,-0.3521,-4.3919,2.1661,-3.7415,,155155042.95,0.5467,16.55,16.55,17.2,13.15,13.0,13.0,0.2835,1.5186,-3.5098,-0.5856,-14.5015,-14.5015,-17.7326,8.8462,8.8462
20240703,3481,群創,TWSE,14.2,14.45,14.2,14.4,62583146.0,896816169.0,TWSE_RWD_JSON_MI_INDEX,data/daily_price/daily_price_20240703.csv,14.3,14.1575,13.9292,14.6625,14.2472,1.7668,-2.7027,7.0632,-3.6789,,154942092.75,0.4039,16.55,16.55,17.2,13.15,13.0,13.0,1.7129,3.3802,-1.7903,1.0722,-12.9909,-12.9909,-16.2791,10.7692,10.7692
20240704,3481,群創,TWSE,14.65,15.1,14.65,14.9,202787470.0,3025155342.0,TWSE_RWD_JSON_MI_INDEX,data/daily_price/daily_price_20240704.csv,14.4,14.2325,13.9225,14.6667,14.3016,3.4722,3.4722,11.194,-2.6144,3.4722,163564825.7,1.2398,16.55,16.55,17.2,13.15,13.0,13.0,4.69,7.021,1.5909,4.1839,-9.9698,-9.9698,-13.3721,14.6154,14.6154
20240705,3481,群創,TWSE,15.0,15.15,14.75,15.1,114603971.0,1718425322.0,TWSE_RWD_JSON_MI_INDEX,data/daily_price/daily_price_20240705.csv,14.55,14.3175,13.9242,14.6762,14.3682,1.3423,5.2265,12.6866,0.6667,8.2437,166966069.25,0.6864,16.55,16.55,17.2,13.15,13.0,13.0,5.4653,8.4446,2.8873,5.0935,-8.7613,-8.7613,-12.2093,16.1538,16.1538
20240708,3481,群創,TWSE,15.1,15.4,14.85,15.1,183653433.0,2788367186.0,TWSE_RWD_JSON_MI_INDEX,data/daily_price/daily_price_20240708.csv,14.73,14.39,13.9408,14.685,14.4292,0.0,6.338,10.6227,7.0922,7.4733,173866035.1,1.0563,16.55,16.55,17.2,13.15,13.0,13.0,4.934,8.3149,2.826,4.6493,-8.7613,-8.7613,-12.2093,16.1538,16.1538
20240709,3481,群創,TWSE,15.1,15.1,14.65,15.0,139566587.0,2077367125.0,TWSE_RWD_JSON_MI_INDEX,data/daily_price/daily_price_20240709.csv,14.9,14.4725,13.955,14.685,14.4767,-0.6623,6.0071,12.3596,6.0071,0.0,178393592.1,0.7824,16.55,16.55,17.2,13.15,13.0,13.0,3.6448,7.4884,2.145,3.6146,-9.3656,-9.3656,-12.7907,15.3846,15.3846
20240710,3481,群創,TWSE,14.95,15.25,14.9,15.1,111741293.0,1684095489.0,TWSE_RWD_JSON_MI_INDEX,data/daily_price/daily_price_20240710.csv,15.04,14.5675,13.9717,14.6846,14.5287,0.6667,4.8611,14.3939,7.0922,-0.33,181714410.55,0.6149,16.55,16.55,17.2,13.2,13.0,13.0,3.6554,8.0759,2.8289,3.9325,-8.7613,-8.7613,-12.2093,16.1538,16.1538
20240711,3481,群創,TWSE,15.1,15.15,14.8,15.1,118511641.0,1777569863.0,TWSE_RWD_JSON_MI_INDEX,data/daily_price/daily_price_20240711.csv,15.08,14.6625,13.9958,14.6871,14.5763,0.0,1.3423,14.3939,10.6227,2.027,185935036.15,0.6374,16.55,16.55,17.2,13.25,13.0,13.0,2.9838,7.8893,2.8114,3.593,-8.7613,-8.7613,-12.2093,16.1538,16.1538
20240712,3481,群創,TWSE,15.0,15.8,14.9,15.6,266024547.0,4095095284.0,TWSE_RWD_JSON_MI_INDEX,data/daily_price/daily_price_20240712.csv,15.18,14.7625,14.0283,14.6954,14.6616,3.3113,3.3113,14.7059,14.2857,6.8493,196874473.35,1.3512,16.55,16.55,17.2,13.9,13.0,13.0,5.6732,11.2035,6.1555,6.4005,-5.7402,-5.7402,-9.3023,20.0,20.0
20240715,3481,群創,TWSE,15.6,15.65,15.05,15.4,142437972.0,2178982919.0,TWSE_RWD_JSON_MI_INDEX,data/daily_price/daily_price_20240715.csv,15.24,14.8225,14.055,14.7008,14.7231,-1.2821,1.9868,8.4507,11.5942,4.4068,194100408.9,0.7338,16.55,16.55,17.2,14.0,13.0,13.0,3.8961,9.5695,4.756,4.5974,-6.9486,-6.9486,-10.4651,18.4615,18.4615
20240716,3481,群創,TWSE,15.35,15.4,15.05,15.15,94825295.0,1438921022.0,TWSE_RWD_JSON_MI_INDEX,data/daily_price/daily_price_20240716.csv,15.27,14.8675,14.0817,14.705,14.7587,-1.6234,1.0,6.3158,11.8081,3.413,193913385.25,0.489,16.55,16.55,17.2,14.05,13.0,13.0,1.9001,7.5867,3.0262,2.6514,-8.4592,-8.4592,-11.9186,16.5385,16.5385
20240717,3481,群創,TWSE,15.25,16.6,15.15,16.1,509488655.0,8187932692.0,TWSE_RWD_JSON_MI_INDEX,data/daily_price/daily_price_20240717.csv,15.47,14.9675,14.1333,14.7171,14.8705,6.2706,6.6225,14.1844,23.8462,9.8976,215651950.65,2.3626,16.6,16.6,17.2,14.05,13.1,13.0,7.5664,13.9151,9.3967,8.2683,-3.012,-3.012,-6.3953,22.9008,23.8462
20240718,3481,群創,TWSE,16.05,16.3,15.6,16.15,225551337.0,3595759803.0,TWSE_RWD_JSON_MI_INDEX,data/daily_price/daily_price_20240718.csv,15.68,15.065,14.1717,14.7221,14.9771,0.3106,6.9536,13.7324,16.6065,3.8585,224389476.95,1.0052,16.6,16.6,17.2,14.05,13.1,13.0,7.2021,13.9598,9.6991,7.8313,-2.7108,-2.7108,-6.1047,23.2824,24.2308
20240719,3481,群創,TWSE,16.3,16.35,15.5,16.15,239028078.0,3788057937.0,TWSE_RWD_JSON_MI_INDEX,data/daily_price/daily_price_20240719.csv,15.79,15.0925,14.2142,14.7279,15.0748,0.0,3.5256,3.5256,18.75,4.5307,206840283.75,1.1556,16.6,16.6,17.2,14.05,13.1,13.0,7.0068,13.619,9.6557,7.1322,-2.7108,-2.7108,-6.1047,23.2824,24.2308
20240722,3481,群創,TWSE,16.3,16.3,15.5,15.5,268274078.0,4230219516.0,TWSE_RWD_JSON_MI_INDEX,data/daily_price/daily_price_20240722.csv,15.81,15.0725,14.2425,14.7246,15.1103,-4.0248,0.6494,-2.5157,12.3188,-2.5157,185113093.4,1.4492,16.6,16.6,17.2,14.05,13.1,13.0,2.8363,8.8292,5.2661,2.5793,-6.6265,-6.6265,-9.8837,18.3206,19.2308
20240723,3481,群創,TWSE,15.65,15.75,15.05,15.05,227209851.0,3466583026.0,TWSE_RWD_JSON_MI_INDEX,data/daily_price/daily_price_20240723.csv,15.79,15.085,14.2592,14.7129,15.1052,-2.9032,-0.6601,1.6892,7.1174,-8.5106,176686764.85,1.2859,16.6,16.6,17.2,14.05,13.1,13.0,-0.232,5.5461,2.2911,-0.3657,-9.3373,-9.3373,-12.5,14.8855,15.7692
20240726,3481,群創,TWSE,14.7,15.85,14.45,15.55,224655653.0,3442288604.0,TWSE_RWD_JSON_MI_INDEX,data/daily_price/daily_price_20240726.csv,15.68,15.1225,14.2808,14.7046,15.1423,3.3223,-3.4161,5.0676,9.1228,-6.0423,176603380.55,1.2721,16.6,16.6,17.2,14.05,13.1,13.0,2.8269,8.8872,5.7493,2.6924,-6.3253,-6.3253,-9.593,18.7023,19.6154
20240729,3481,群創,TWSE,15.6,15.75,15.2,15.3,128272538.0,1985412279.0,TWSE_RWD_JSON_MI_INDEX,data/daily_price/daily_price_20240729.csv,15.51,15.1675,14.2983,14.6942,15.1554,-1.6077,-5.2632,6.25,7.3684,-7.5529,175680525.65,0.7301,16.6,16.6,17.2,14.05,13.1,13.0,0.8736,7.0055,4.123,0.9538,-7.8313,-7.8313,-11.0465,16.7939,17.6923
20240730,3481,群創,TWSE,15.25,15.8,15.2,15.8,109867576.0,1699516801.0,TWSE_RWD_JSON_MI_INDEX,data/daily_price/daily_price_20240730.csv,15.44,15.24,14.3342,14.6871,15.2092,3.268,-2.1672,10.1045,15.7509,-5.1051,176519165.6,0.6224,16.6,16.6,17.2,14.05,13.1,13.0,3.6745,10.2261,7.5775,3.8848,-4.8193,-4.8193,-8.1395,20.6107,21.5385
20240731,3481,群創,TWSE,15.8,16.4,15.35,15.35,258543571.0,4088245266.0,TWSE_RWD_JSON_MI_INDEX,data/daily_price/daily_price_20240731.csv,15.41,15.2975,14.3617,14.675,15.2209,-2.8481,-0.9677,8.0986,12.0438,-8.631,185622755.0,1.3928,16.6,16.6,17.2,14.05,13.1,13.0,0.3432,6.8817,4.5997,0.8482,-7.5301,-7.5301,-10.7558,17.1756,18.0769
20240801,3481,群創,TWSE,15.5,15.75,15.35,15.45,96440005.0,1498577838.0,TWSE_RWD_JSON_MI_INDEX,data/daily_price/daily_price_20240801.csv,15.49,15.3625,14.3908,14.6621,15.24,0.6515,2.6578,9.1873,12.7737,-9.1176,186203334.85,0.5179,16.6,16.6,17.2,14.2,13.1,13.0,0.5696,7.36,5.3738,1.378,-6.9277,-6.9277,-10.1744,17.9389,18.8462
20240802,3481,群創,TWSE,15.3,15.65,15.2,15.3,126278030.0,1949509583.0,TWSE_RWD_JSON_MI_INDEX,data/daily_price/daily_price_20240802.csv,15.44,15.4075,14.4217,14.6483,15.245,-0.9709,-1.6077,6.25,13.7546,-9.7345,189388079.05,0.6668,16.6,16.6,17.0,14.45,13.1,13.0,-0.6977,6.0904,4.4487,0.3608,-7.8313,-7.8313,-10.0,16.7939,17.6923
20240805,3481,群創,TWSE,15.0,15.1,13.8,13.8,256149174.0,3672451966.0,TWSE_RWD_JSON_MI_INDEX,data/daily_price/daily_price_20240805.csv,15.14,15.3525,14.43,14.625,15.1246,-9.8039,-9.8039,-7.3826,3.7594,-16.8675,192056164.25,1.3337,16.6,16.6,16.7,13.8,13.1,13.0,-10.1124,-4.3659,-5.641,-8.7578,-16.8675,-16.8675,-17.3653,5.3435,6.1538
20240806,3481,群創,TWSE,14.2,14.3,13.35,13.65,149037463.0,2055390242.0,TWSE_RWD_JSON_MI_INDEX,data/daily_price/daily_price_20240806.csv,14.71,15.28,14.4358,14.6025,15.0017,-1.087,-13.6076,-9.6026,2.6316,-16.5138,193777838.85,0.7691,16.6,16.6,16.6,13.35,13.1,13.0,-10.6675,-5.4436,-6.5229,-9.0103,-17.7711,-17.7711,-17.7711,4.1985,5.0
20240807,3481,群創,TWSE,13.7,14.15,13.7,14.0,79811608.0,1114398832.0,TWSE_RWD_JSON_MI_INDEX,data/daily_price/daily_price_20240807.csv,14.44,15.225,14.4475,14.5833,14.9182,2.5641,-8.7948,-7.2848,5.2632,-14.1104,188585747.6,0.4232,16.6,16.6,16.6,13.35,13.15,13.0,-8.046,-3.0974,-4.0,-6.155,-15.6627,-15.6627,-15.6627,6.4639,7.6923
20240808,3481,群創,TWSE,13.75,14.1,13.6,13.8,58334110.0,807637731.0,TWSE_RWD_JSON_MI_INDEX,data/daily_price/daily_price_20240808.csv,14.11,15.165,14.4525,14.5633,14.825,-1.4286,-10.6796,-8.0,2.2222,-14.8148,184524123.75,0.3161,16.6,16.6,16.6,13.35,13.15,13.0,-9.001,-4.5148,-5.2415,-6.9142,-16.8675,-16.8675,-16.8675,4.943,6.1538
20240809,3481,群創,TWSE,13.95,14.8,13.9,14.4,137488394.0,1978010510.0,TWSE_RWD_JSON_MI_INDEX,data/daily_price/daily_price_20240809.csv,13.93,15.13,14.4675,14.5479,14.7896,4.3478,-5.8824,-4.6358,6.6667,-11.3846,185811478.8,0.7399,16.6,16.6,16.6,13.35,13.15,13.0,-4.8249,-0.4666,-1.0168,-2.6344,-13.253,-13.253,-13.253,9.5057,10.7692
20240812,3481,群創,TWSE,14.8,15.1,14.7,14.8,125893644.0,1877650330.0,TWSE_RWD_JSON_MI_INDEX,data/daily_price/daily_price_20240812.csv,14.13,15.115,14.4875,14.5421,14.7905,2.7778,7.2464,-1.9868,8.8235,-4.5161,186180578.95,0.6762,16.6,16.6,16.6,13.35,13.15,13.0,-2.084,2.157,1.7736,0.0644,-10.8434,-10.8434,-10.8434,12.5475,13.8462
20240813,3481,群創,TWSE,15.0,15.0,14.7,14.7,62086907.0,917663563.0,TWSE_RWD_JSON_MI_INDEX,data/daily_price/daily_price_20240813.csv,14.34,15.07,14.5042,14.5342,14.7829,-0.6757,7.6923,-5.7692,7.2993,-6.0703,175983696.95,0.3528,16.6,16.6,16.6,13.35,13.15,13.0,-2.4552,1.3502,1.141,-0.5611,-11.4458,-11.4458,-11.4458,11.7871,13.0769
20240814,3481,群創,TWSE,14.75,14.9,14.5,14.55,108071872.0,1580060521.0,TWSE_RWD_JSON_MI_INDEX,data/daily_price/daily_price_20240814.csv,14.45,15.0275,14.5233,14.5175,14.7635,-1.0204,3.9286,-5.5195,8.5821,-12.0846,174265391.95,0.6202,16.6,16.6,16.6,13.35,13.15,13.0,-3.1775,0.1836,0.2239,-1.4463,-12.3494,-12.3494,-12.3494,10.6464,11.9231
20240826,3481,群創,TWSE,16.65,16.65,16.6,16.65,82040354.0,1365935037.0,TWSE_RWD_JSON_MI_INDEX,data/daily_price/daily_price_20240826.csv,15.02,15.1025,14.5767,14.5208,14.9207,14.433,20.6522,9.901,23.7918,2.4615,173626144.9,0.4725,16.65,16.65,16.65,13.35,13.15,13.0,10.2466,14.2236,14.6628,11.5897,0.0,0.0,0.0,26.616,28.0769
20240827,3481,群創,TWSE,16.65,16.75,15.85,15.9,258442176.0,4177863925.0,TWSE_RWD_JSON_MI_INDEX,data/daily_price/daily_price_20240827.csv,15.32,15.0925,14.6192,14.5208,15.0023,-4.5045,10.4167,-1.2422,19.1011,0.0,161073820.95,1.6045,16.75,16.75,16.75,13.35,13.15,13.0,5.3503,8.7613,9.4978,5.9835,-5.0746,-5.0746,-5.0746,20.9125,22.3077
20240828,3481,群創,TWSE,15.95,16.7,15.8,16.25,180021698.0,2937427804.0,TWSE_RWD_JSON_MI_INDEX,data/daily_price/daily_price_20240828.csv,15.61,15.0975,14.6567,14.5246,15.1063,2.2013,9.7973,0.6192,16.0714,2.8481,158797339.0,1.1337,16.75,16.75,16.75,13.35,13.15,13.0,7.6337,10.871,11.8793,7.5709,-2.9851,-2.9851,-2.9851,23.5741,25.0
20240829,3481,群創,TWSE,16.05,16.2,15.85,16.05,81421865.0,1306243163.0,TWSE_RWD_JSON_MI_INDEX,data/daily_price/daily_price_20240829.csv,15.88,15.0925,14.6925,14.5288,15.185,-1.2308,9.1837,-0.6192,15.4676,3.2154,150917028.35,0.5395,16.75,16.75,16.75,13.35,13.15,13.0,6.3442,9.2394,10.4706,5.6967,-4.1791,-4.1791,-4.1791,22.0532,23.4615
20240830,3481,群創,TWSE,16.1,16.25,15.65,15.8,129090246.0,2043436699.0,TWSE_RWD_JSON_MI_INDEX,data/daily_price/daily_price_20240830.csv,16.13,15.1075,14.7217,14.5333,15.2362,-1.5576,8.5911,1.9355,12.4555,3.6066,143957836.75,0.8967,16.75,16.75,16.75,13.35,13.15,13.0,4.5838,7.3248,8.7156,3.7004,-5.6716,-5.6716,-5.6716,20.1521,21.5385
20240902,3481,群創,TWSE,15.8,15.85,15.25,15.3,78923916.0,1220137260.0,TWSE_RWD_JSON_MI_INDEX,data/daily_price/daily_price_20240902.csv,15.86,15.12,14.74,14.535,15.2415,-3.1646,-8.1081,1.6611,7.7465,1.3245,136543540.0,0.578,16.75,16.75,16.75,13.35,13.15,13.0,1.1905,3.7992,5.2632,0.3837,-8.6567,-8.6567,-8.6567,16.3498,17.6923
20240903,3481,群創,TWSE,15.35,15.45,15.15,15.15,45159114.0,689731030.0,TWSE_RWD_JSON_MI_INDEX,data/daily_price/daily_price_20240903.csv,15.71,15.1,14.7558,14.535,15.2339,-0.9804,-4.717,-2.5723,6.6901,0.0,127568713.05,0.354,16.75,16.75,16.75,13.35,13.15,13.0,0.3311,2.6713,4.2312,-0.5507,-9.5522,-9.5522,-9.5522,15.2091,16.5385
20240904,3481,群創,TWSE,14.45,14.8,14.1,14.35,90485614.0,1309489609.0,TWSE_RWD_JSON_MI_INDEX,data/daily_price/daily_price_20240904.csv,15.33,15.0525,14.7617,14.5279,15.1602,-5.2805,-11.6923,-6.2092,2.5,-5.5921,125679366.85,0.72,16.75,16.75,16.75,13.35,13.15,13.0,-4.667,-2.7888,-1.2247,-5.3445,-14.3284,-14.3284,-14.3284,9.1255,10.3846
20240905,3481,群創,TWSE,14.45,14.6,14.15,14.2,46656018.0,670598538.0,TWSE_RWD_JSON_MI_INDEX,data/daily_price/daily_price_20240905.csv,14.96,14.9725,14.765,14.5175,15.0802,-1.0453,-11.5265,-10.1266,1.4286,-8.0906,122518788.95,0.3808,16.75,16.75,16.75,13.35,13.15,13.0,-5.1595,-3.8266,-2.187,-5.8369,-15.2239,-15.2239,-15.2239,7.9848,9.2308
20240906,3481,群創,TWSE,14.2,14.35,14.15,14.2,41269680.0,588204360.0,TWSE_RWD_JSON_MI_INDEX,data/daily_price/daily_price_20240906.csv,14.64,14.915,14.7692,14.51,15.0069,0.0,-10.1266,-7.4919,1.7921,-5.9603,111655094.4,0.3696,16.75,16.75,16.75,13.35,13.15,13.0,-4.7938,-3.8537,-2.1365,-5.3766,-15.2239,-15.2239,-15.2239,7.9848,9.2308
20240909,3481,群創,TWSE,13.9,14.2,13.7,14.05,64325480.0,896011332.0,TWSE_RWD_JSON_MI_INDEX,data/daily_price/daily_price_20240909.csv,14.39,14.845,14.7725,14.5029,14.9271,-1.0563,-8.1699,-9.0615,1.444,-5.7047,110049368.15,0.5845,16.75,16.75,16.75,13.35,13.15,13.0,-5.3553,-4.8908,-3.1229,-5.8761,-16.1194,-16.1194,-16.1194,6.8441,8.0769
20240910,3481,群創,TWSE,14.2,14.2,13.6,13.7,58515367.0,811311325.0,TWSE_RWD_JSON_MI_INDEX,data/daily_price/daily_price_20240910.csv,14.1,14.765,14.7767,14.4946,14.8249,-2.4911,-9.571,-10.4575,1.8587,-6.8027,106661235.0,0.5486,16.75,16.75,16.75,13.35,13.15,13.0,-7.213,-7.2863,-5.4819,-7.5877,-18.209,-18.209,-18.209,4.1825,5.3846
20240911,3481,群創,TWSE,13.8,14.35,13.8,14.15,59468377.0,840886213.0,TWSE_RWD_JSON_MI_INDEX,data/daily_price/daily_price_20240911.csv,14.06,14.7825,14.7892,14.4917,14.7686,3.2847,-1.3937,2.5362,5.597,-2.4138,96827195.15,0.6142,16.75,16.75,16.75,13.35,13.15,13.0,-4.2787,-4.3219,-2.3577,-4.1888,-15.5224,-15.5224,-15.5224,7.6046,8.8462
20240912,3481,群創,TWSE,14.35,14.5,14.15,14.25,36626890.0,522602636.0,TWSE_RWD_JSON_MI_INDEX,data/daily_price/daily_price_20240912.csv,14.07,14.8125,14.8033,14.4854,14.7254,0.7067,0.3521,4.3956,6.3433,-5.0,91206666.5,0.4016,16.75,16.75,16.75,13.6,13.15,13.0,-3.7975,-3.7379,-1.6252,-3.2285,-14.9254,-14.9254,-14.9254,8.365,9.6154
20240913,3481,群創,TWSE,14.25,14.3,14.1,14.2,32436416.0,460511607.0,TWSE_RWD_JSON_MI_INDEX,data/daily_price/daily_price_20240913.csv,14.07,14.8225,14.8125,14.4788,14.6816,-0.3509,0.0,1.4286,4.0293,-5.3333,88837906.9,0.3651,16.75,16.75,16.75,13.6,13.15,13.0,-4.1997,-4.135,-1.9252,-3.2805,-15.2239,-15.2239,-15.2239,7.9848,9.2308
20240916,3481,群創,TWSE,14.85,15.6,14.8,15.5,198477002.0,3028047888.0,TWSE_RWD_JSON_MI_INDEX,data/daily_price/daily_price_20240916.csv,14.36,14.9075,14.8483,14.485,14.7498,9.1549,10.3203,12.3188,16.1049,5.0847,95845051.5,2.0708,16.75,16.75,16.75,13.6,13.15,13.0,3.9745,4.3888,7.0072,5.086,-7.4627,-7.4627,-7.4627,17.8707,19.2308
20240918,3481,群創,TWSE,15.45,15.65,15.05,15.15,96358952.0,1476058595.0,TWSE_RWD_JSON_MI_INDEX,data/daily_price/daily_price_20240918.csv,14.65,14.945,14.8808,14.4875,14.7832,-2.2581,10.5839,5.2083,14.7727,2.0202,93788579.4,1.0274,16.75,16.75,16.75,13.6,13.2,13.0,1.3717,1.8088,4.5729,2.4814,-9.5522,-9.5522,-9.5522,14.7727,16.5385
20240919,3481,群創,TWSE,15.25,15.45,15.05,15.35,60355242.0,920377241.0,TWSE_RWD_JSON_MI_INDEX,data/daily_price/daily_price_20240919.csv,14.89,14.9725,14.9167,14.4908,14.8304,1.3201,8.4806,3.7162,16.2879,2.6756,90511659.3,0.6668,16.75,16.75,16.75,13.6,13.25,13.0,2.5213,2.905,5.929,3.5036,-8.3582,-8.3582,-8.3582,15.8491,18.0769
20240920,3481,群創,TWSE,15.5,15.9,15.4,15.8,117632408.0,1843086565.0,TWSE_RWD_JSON_MI_INDEX,data/daily_price/daily_price_20240920.csv,15.2,15.0275,14.9533,14.4988,14.9112,2.9316,10.8772,7.483,16.1765,6.3973,93288934.35,1.2609,16.75,16.75,16.75,13.6,13.35,13.0,5.1406,5.6621,8.9749,5.9606,-5.6716,-5.6716,-5.6716,18.3521,21.5385
20240923,3481,群創,TWSE,15.9,15.95,15.55,15.75,56698695.0,891951476.0,TWSE_RWD_JSON_MI_INDEX,data/daily_price/daily_price_20240923.csv,15.51,15.0875,14.9792,14.5079,14.9811,-0.3165,10.9155,8.2474,10.9155,7.5085,90720275.5,0.625,16.75,16.75,16.75,13.6,13.35,13.0,4.3911,5.146,8.5614,5.1324,-5.9701,-5.9701,-5.9701,17.9775,21.1538
20240924,3481,群創,TWSE,15.7,15.8,15.55,15.65,46597594.0,730050335.0,TWSE_RWD_JSON_MI_INDEX,data/daily_price/daily_price_20240924.csv,15.54,15.0375,15.0025,14.5179,15.0368,-0.6349,0.9677,-6.006,9.8246,8.3045,88948137.5,0.5239,16.75,16.75,16.75,13.6,13.35,13.0,4.0732,4.3159,7.7978,4.0777,-6.5672,-6.5672,-6.5672,17.2285,20.3846
20240925,3481,群創,TWSE,15.75,15.75,15.45,15.55,58822260.0,915723740.0,TWSE_RWD_JSON_MI_INDEX,data/daily_price/daily_price_20240925.csv,15.62,15.02,15.0267,14.5217,15.0796,-0.639,2.6403,-2.2013,10.2837,2.9801,78967141.7,0.7449,16.7,16.75,16.75,13.6,13.35,13.0,3.5286,3.4827,7.0814,3.1194,-6.8862,-7.1642,-7.1642,16.4794,19.6154
20240926,3481,群創,TWSE,15.8,16.35,15.7,15.7,153147437.0,2456116461.0,TWSE_RWD_JSON_MI_INDEX,data/daily_price/daily_price_20240926.csv,15.69,14.9925,15.0517,14.5229,15.1313,0.9646,2.2801,-3.3846,10.5634,0.9646,77623428.65,1.973,16.35,16.75,16.75,13.6,13.35,13.0,4.719,4.3074,8.105,3.7584,-3.9755,-6.2687,-6.2687,17.603,20.7692
20240927,3481,群創,TWSE,15.9,16.2,15.75,16.05,123318225.0,1975643035.0,TWSE_RWD_JSON_MI_INDEX,data/daily_price/daily_price_20240927.csv,15.74,14.9925,15.0592,14.5267,15.2079,2.2293,1.5823,0.0,2.8846,2.8846,79718246.65,1.5469,16.35,16.75,16.75,13.6,13.35,13.0,7.0535,6.5796,10.4865,5.5375,-1.8349,-4.1791,-4.1791,20.2247,23.4615
20240930,3481,群創,TWSE,16.0,16.45,15.85,16.15,123772891.0,2007556255.0,TWSE_RWD_JSON_MI_INDEX,data/daily_price/daily_price_20240930.csv,15.82,15.01,15.0633,14.5346,15.2864,0.6231,2.5397,2.2152,1.5723,6.25,79452378.9,1.5578,16.45,16.75,16.75,13.6,13.35,13.0,7.5949,7.214,11.1143,5.6496,-1.8237,-3.5821,-3.5821,20.9738,24.2308
20241001,3481,群創,TWSE,16.15,16.2,15.9,16.0,47586472.0,762403849.0,TWSE_RWD_JSON_MI_INDEX,data/daily_price/daily_price_20241001.csv,15.89,15.045,15.0833,14.5396,15.3458,-0.9288,2.2364,4.5752,8.1081,3.8961,77885506.7,0.611,16.45,16.75,16.75,13.6,13.35,13.0,6.3476,6.0773,10.0444,4.2627,-2.7356,-4.4776,-4.4776,19.8502,23.0769
20241004,3481,群創,TWSE,15.9,16.3,15.8,16.1,72744312.0,1174375739.0,TWSE_RWD_JSON_MI_INDEX,data/daily_price/daily_price_20241004.csv,16.0,15.0925,15.105,14.5471,15.4087,0.625,3.537,6.2706,8.7838,5.9211,79264766.6,0.9177,16.45,16.75,16.75,13.6,13.35,13.0,6.6755,6.5872,10.6751,4.4865,-2.1277,-3.8806,-3.8806,20.5993,23.8462
20241007,3481,群創,TWSE,16.25,16.25,15.9,16.15,79605755.0,1275786264.0,TWSE_RWD_JSON_MI_INDEX,data/daily_price/daily_price_20241007.csv,16.09,15.1825,15.1342,14.5562,15.4705,0.3106,2.8662,12.5436,12.1528,7.309,78720773.65,1.0112,16.45,16.75,16.75,13.6,13.35,13.0,6.3725,6.7122,10.9489,4.3924,-1.8237,-3.5821,-3.5821,20.9738,24.2308
20241008,3481,群創,TWSE,16.15,16.2,15.7,15.75,66727974.0,1057105017.0,TWSE_RWD_JSON_MI_INDEX,data/daily_price/daily_price_20241008.csv,16.03,15.26,15.1575,14.5608,15.4938,-2.4768,-1.8692,10.9155,9.7561,3.6184,79724371.45,0.837,16.45,16.75,16.75,13.6,13.35,13.0,3.211,3.909,8.1669,1.6538,-4.2553,-5.9701,-5.9701,17.9775,21.1538
20241009,3481,群創,TWSE,15.85,15.85,15.45,15.45,53562799.0,833821555.0,TWSE_RWD_JSON_MI_INDEX,data/daily_price/daily_price_20241009.csv,15.89,15.3225,15.1783,14.5629,15.4901,-1.9048,-4.3344,8.8028,8.8028,1.6447,80339027.4,0.6667,16.45,16.75,16.75,13.6,13.35,13.0,0.8321,1.7898,6.0914,-0.259,-6.079,-7.7612,-7.7612,15.7303,18.8462
20241011,3481,群創,TWSE,15.45,15.7,15.35,15.35,31313765.0,485043052.0,TWSE_RWD_JSON_MI_INDEX,data/daily_price/daily_price_20241011.csv,15.76,15.3875,15.1983,14.5683,15.4784,-0.6472,-4.0625,9.2527,8.4806,4.4218,78688441.65,0.3979,16.45,16.75,16.75,13.6,13.35,13.0,-0.2437,0.9979,5.3655,-0.8298,-6.6869,-8.3582,-8.3582,14.9813,18.0769
20241014,3481,群創,TWSE,15.4,15.55,15.35,15.5,28139470.0,435325529.0,TWSE_RWD_JSON_MI_INDEX,data/daily_price/daily_price_20241014.csv,15.64,15.4775,15.2167,14.5729,15.4802,0.9772,-3.7267,13.1387,7.6389,3.6789,77169646.8,0.3646,16.45,16.75,16.75,13.8,13.35,13.0,0.1454,1.862,6.3617,0.1277,-5.7751,-7.4627,-7.4627,16.1049,19.2308
20241015,3481,群創,TWSE,15.6,16.1,15.45,15.75,53326289.0,843819319.0,TWSE_RWD_JSON_MI_INDEX,data/daily_price/daily_price_20241015.csv,15.56,15.5575,15.2308,14.5767,15.5027,1.6129,-2.4768,11.3074,5.7047,2.9412,76862542.4,0.6938,16.45,16.75,16.75,14.1,13.35,13.0,1.2373,3.4087,8.0494,1.5951,-4.2553,-5.9701,-5.9701,17.9775,21.1538
20241016,3481,群創,TWSE,15.6,15.95,15.45,15.8,55734270.0,874081029.0,TWSE_RWD_JSON_MI_INDEX,data/daily_price/daily_price_20241016.csv,15.57,15.635,15.2425,14.5833,15.5275,0.3175,0.3175,10.8772,4.6358,5.3333,77817911.4,0.7162,16.45,16.75,16.75,14.1,13.35,13.0,1.0553,3.6575,8.3429,1.755,-3.9514,-5.6716,-5.6716,18.3521,21.5385
20241017,3481,群創,TWSE,15.8,16.2,15.8,16.1,71730388.0,1153785109.0,TWSE_RWD_JSON_MI_INDEX,data/daily_price/daily_price_20241017.csv,15.7,15.73,15.2592,14.6,15.5752,1.8987,4.2071,13.3803,6.6225,14.1844,79782610.0,0.8991,16.45,16.75,16.75,14.8,13.35,13.0,2.3522,5.5103,10.274,3.3695,-2.1277,-3.8806,-3.8806,20.5993,23.8462
20241018,3481,群創,TWSE,16.15,16.85,15.95,16.3,168628040.0,2778583630.0,TWSE_RWD_JSON_MI_INDEX,data/daily_price/daily_price_20241018.csv,15.89,15.77,15.2808,14.6179,15.6356,1.2422,6.1889,5.1613,8.6667,15.1943,78290161.9,2.1539,16.85,16.85,16.85,15.05,13.35,13.0,3.3608,6.6696,11.507,4.2493,-3.2641,-3.2641,-3.2641,22.0974,25.3846
20241021,3481,群創,TWSE,16.3,16.45,16.2,16.25,52447192.0,855655377.0,TWSE_RWD_JSON_MI_INDEX,data/daily_price/daily_price_20241021.csv,16.04,15.825,15.3,14.6358,15.6868,-0.3067,4.8387,7.2607,7.6159,15.2482,76094573.9,0.6892,16.85,16.85,16.85,15.05,13.35,13.0,2.6856,6.2092,11.0289,3.5903,-3.5608,-3.5608,-3.5608,21.7228,25.0
20241022,3481,群創,TWSE,16.25,16.5,16.1,16.35,55998736.0,913070555.0,TWSE_RWD_JSON_MI_INDEX,data/daily_price/daily_price_20241022.csv,16.16,15.875,15.3208,14.6583,15.7421,0.6154,3.8095,6.5147,8.2781,19.7802,75876748.6,0.738,16.85,16.85,16.85,15.35,13.35,13.0,2.9921,6.7174,11.5406,3.8618,-2.9674,-2.9674,-2.9674,22.4719,25.7692
20241023,3481,群創,TWSE,16.55,16.95,16.35,16.4,116258517.0,1935275636.0,TWSE_RWD_JSON_MI_INDEX,data/daily_price/daily_price_20241023.csv,16.28,15.905,15.3342,14.6812,15.7969,0.3058,3.7975,3.7975,5.1282,20.1465,75808054.05,1.5336,16.95,16.95,16.95,15.35,13.35,13.0,3.1122,6.9507,11.7071,3.8179,-3.2448,-3.2448,-3.2448,22.8464,26.1538
20241024,3481,群創,TWSE,16.5,16.7,16.15,16.2,64073923.0,1048818242.0,TWSE_RWD_JSON_MI_INDEX,data/daily_price/daily_price_20241024.csv,16.3,15.9275,15.3475,14.7012,15.8305,-1.2195,0.6211,2.8571,5.1948,17.3913,76176815.45,0.8411,16.95,16.95,16.95,15.35,13.35,13.0,1.7109,5.5547,10.1947,2.3342,-4.4248,-4.4248,-4.4248,21.3483,24.6154
20241025,3481,群創,TWSE,16.2,16.45,16.15,16.4,37565894.0,611322515.0,TWSE_RWD_JSON_MI_INDEX,data/daily_price/daily_price_20241025.csv,16.32,15.965,15.3683,14.725,15.8779,1.2346,0.6135,4.7923,8.2508,21.0332,75725230.45,0.4961,16.95,16.95,16.95,15.35,13.35,13.0,2.7247,6.7129,11.3752,3.2879,-3.2448,-3.2448,-3.2448,22.8464,26.1538
20241028,3481,群創,TWSE,16.5,16.6,16.25,16.3,49018554.0,803101057.0,TWSE_RWD_JSON_MI_INDEX,data/daily_price/daily_price_20241028.csv,16.33,16.0025,15.3717,14.7525,15.9131,-0.6098,0.3077,4.8232,1.2422,25.3846,75235045.15,0.6515,16.95,16.95,16.95,15.35,13.35,13.1,1.8591,6.0392,10.4897,2.4312,-3.8348,-3.8348,-3.8348,22.0974,24.4275
20241029,3481,群創,TWSE,16.3,16.35,16.0,16.15,49295906.0,796692604.0,TWSE_RWD_JSON_MI_INDEX,data/daily_price/daily_price_20241029.csv,16.29,16.025,15.3717,14.7717,15.9329,-0.9202,-1.2232,2.8662,0.0,16.6065,70042468.6,0.7038,16.95,16.95,16.95,15.35,13.35,13.1,0.78,5.0634,9.3309,1.3629,-4.7198,-4.7198,-4.7198,20.9738,23.2824
20241030,3481,群創,TWSE,16.05,16.05,15.4,15.6,114112910.0,1790822445.0,TWSE_RWD_JSON_MI_INDEX,data/daily_price/daily_price_20241030.csv,16.13,16.0025,15.3625,14.7883,15.9051,-3.4056,-4.878,-2.8037,-3.4056,14.7059,69582202.85,1.64,16.95,16.95,16.95,15.35,13.35,13.1,-2.5152,1.546,5.4886,-1.9184,-7.9646,-7.9646,-7.9646,16.8539,19.084
20241101,3481,群創,TWSE,15.3,15.7,15.15,15.6,53456438.0,824051723.0,TWSE_RWD_JSON_MI_INDEX,data/daily_price/daily_price_20241101.csv,16.01,15.975,15.3642,14.8033,15.8797,0.0,-3.7037,-3.4056,0.6452,13.0435,66066380.2,0.8091,16.95,16.95,16.95,15.15,13.35,13.1,-2.3474,1.535,5.3817,-1.7613,-7.9646,-7.9646,-7.9646,16.8539,19.084
20241104,3481,群創,TWSE,15.6,15.7,15.35,15.35,26209468.0,404562472.0,TWSE_RWD_JSON_MI_INDEX,data/daily_price/daily_price_20241104.csv,15.8,15.9425,15.3692,14.8142,15.8356,-1.6026,-6.4024,-4.0625,1.9934,9.2527,64997530.0,0.4032,16.95,16.95,16.95,15.15,13.35,13.1,-3.7165,-0.1247,3.617,-3.0662,-9.4395,-9.4395,-9.4395,14.9813,17.1756
20241105,3481,群創,TWSE,15.35,15.75,15.35,15.65,24187960.0,377637792.0,TWSE_RWD_JSON_MI_INDEX,data/daily_price/daily_price_20241105.csv,15.67,15.92,15.3708,14.8258,15.8201,1.9544,-3.9877,-2.795,0.6431,9.8246,62569712.4,0.3866,16.95,16.95,16.95,15.15,13.35,13.1,-1.696,1.8162,5.559,-1.0751,-7.6696,-7.6696,-7.6696,17.2285,19.4656
20241106,3481,群創,TWSE,15.65,15.7,15.45,15.45,27442486.0,426777506.0,TWSE_RWD_JSON_MI_INDEX,data/daily_price/daily_price_20241106.csv,15.53,15.885,15.3733,14.8358,15.7892,-1.278,-4.3344,-4.3344,0.9804,8.4211,59961548.95,0.4577,16.95,16.95,16.95,15.15,13.35,13.1,-2.7384,0.4987,4.1398,-2.1486,-8.8496,-8.8496,-8.8496,15.7303,17.9389
20241107,3481,群創,TWSE,15.65,16.55,15.6,16.45,127068206.0,2065068752.0,TWSE_RWD_JSON_MI_INDEX,data/daily_price/daily_price_20241107.csv,15.7,15.92,15.3842,14.8592,15.8443,6.4725,5.4487,4.4444,4.1139,20.5128,62978560.55,2.0176,16.95,16.95,16.95,15.15,13.35,13.1,3.3291,6.9281,10.7061,3.8228,-2.9499,-2.9499,-2.9499,23.221,25.5725
20241108,3481,群創,TWSE,16.35,16.45,16.0,16.1,63356208.0,1025622110.0,TWSE_RWD_JSON_MI_INDEX,data/daily_price/daily_price_20241108.csv,15.8,15.9525,15.3967,14.8792,15.8656,-2.1277,3.2051,4.2071,4.886,17.5182,63468231.0,0.9982,16.95,16.95,16.95,15.15,13.35,13.1,0.9246,4.5681,8.205,1.4773,-5.0147,-5.0147,-5.0147,20.5993,22.9008
20241111,3481,群創,TWSE,16.05,16.05,15.7,15.85,46561345.0,737469200.0,TWSE_RWD_JSON_MI_INDEX,data/daily_price/daily_price_20241111.csv,15.9,15.9775,15.4033,14.8971,15.8643,-1.5528,3.2573,3.2573,2.589,15.6934,64230610.0,0.7249,16.95,16.95,16.95,15.15,13.35,13.1,-0.798,2.8998,6.3967,-0.0902,-6.4897,-6.4897,-6.4897,18.7266,20.9924
20241112,3481,群創,TWSE,15.7,15.7,15.4,15.4,57181786.0,886598277.0,TWSE_RWD_JSON_MI_INDEX,data/daily_price/daily_price_20241112.csv,15.85,15.9725,15.405,14.9133,15.8256,-2.8391,-1.5974,-0.6452,0.6536,14.4981,65682725.8,0.8706,16.95,16.95,16.95,15.15,13.35,13.1,-3.5843,-0.0325,3.2633,-2.6895,-9.1445,-9.1445,-9.1445,15.3558,17.5573
20241113,3481,群創,TWSE,15.4,15.5,15.25,15.25,43062344.0,659888217.0,TWSE_RWD_JSON_MI_INDEX,data/daily_price/daily_price_20241113.csv,15.81,15.9475,15.4292,14.9296,15.7777,-0.974,-1.2945,-3.1746,10.5072,14.6617,65169528.55,0.6608,16.95,16.95,16.95,15.15,13.35,13.1,-4.3737,-1.1612,2.1462,-3.3443,-10.0295,-10.0295,-10.0295,14.2322,16.4122
20241114,3481,群創,TWSE,15.25,15.3,14.85,14.85,68197370.0,1023975465.0,TWSE_RWD_JSON_MI_INDEX,data/daily_price/daily_price_20241114.csv,15.49,15.9,15.4492,14.9425,15.7004,-2.623,-9.7264,-6.0127,8.7912,11.6541,65792683.55,1.0365,16.95,16.95,16.95,14.85,13.6,13.1,-6.6038,-3.8783,-0.619,-5.4161,-12.3894,-12.3894,-12.3894,9.1912,13.3588
20241115,3481,群創,TWSE,14.95,15.55,14.95,15.3,49776372.0,764957554.0,TWSE_RWD_JSON_MI_INDEX,data/daily_price/daily_price_20241115.csv,15.33,15.86,15.4708,14.9592,15.667,3.0303,-4.9689,-4.9689,9.2857,15.0376,64694982.75,0.7694,16.95,16.95,16.95,14.85,13.6,13.15,-3.5309,-1.1042,2.2784,-2.3424,-9.7345,-9.7345,-9.7345,12.5,16.3498
20241118,3481,群創,TWSE,15.15,15.65,15.05,15.4,57048713.0,877124992.0,TWSE_RWD_JSON_MI_INDEX,data/daily_price/daily_price_20241118.csv,15.24,15.815,15.4975,14.975,15.6447,0.6536,-2.8391,-5.5215,11.5942,14.0741,59116016.4,0.965,16.95,16.95,16.95,14.85,13.6,13.15,-2.6241,-0.6291,2.8381,-1.5644,-9.1445,-9.1445,-9.1445,13.2353,17.1103
20241119,3481,群創,TWSE,15.4,15.5,15.05,15.25,60770620.0,927125268.0,TWSE_RWD_CSV_MI_INDEX,data/daily_price/daily_price_20241119.csv,15.21,15.765,15.5117,14.9896,15.6118,-0.974,-0.974,-6.1538,5.9028,12.963,59532187.8,1.0208,16.95,16.95,16.95,14.85,13.6,13.15,-3.2667,-1.6869,1.7373,-2.3178,-10.0295,-10.0295,-10.0295,12.1324,15.9696
20241120,3481,群創,TWSE,15.25,15.45,15.1,15.15,31975190.0,486349697.0,TWSE_RWD_JSON_MI_INDEX,data/daily_price/daily_price_20241120.csv,15.19,15.705,15.5175,15.0025,15.5734,-0.6557,-0.6557,-7.3394,2.3649,11.3971,58331010.5,0.5482,16.95,16.95,16.95,14.85,13.6,13.15,-3.5339,-2.3683,0.9832,-2.7185,-10.6195,-10.6195,-10.6195,11.3971,15.2091
20241121,3481,群創,TWSE,15.1,15.45,15.05,15.25,27420789.0,417228153.0,TWSE_RWD_JSON_MI_INDEX,data/daily_price/daily_price_20241121.csv,15.27,15.6475,15.5267,15.0154,15.5464,0.6601,2.6936,-7.0122,3.7415,11.3139,53889124.1,0.5088,16.7,16.95,16.95,14.85,13.6,13.15,-2.5403,-1.7819,1.5623,-1.9066,-8.6826,-10.0295,-10.0295,12.1324,15.9696
20241122,3481,群創,TWSE,15.35,15.7,15.35,15.5,42798207.0,664974664.0,TWSE_RWD_JSON_MI_INDEX,data/daily_price/daily_price_20241122.csv,15.31,15.6125,15.5425,15.0329,15.5425,1.6393,1.3072,-4.321,6.5292,15.6716,52825338.3,0.8102,16.6,16.95,16.95,14.85,13.6,13.15,-0.7206,-0.2734,3.1071,-0.2737,-6.6265,-8.5546,-8.5546,13.9706,17.8707
20241125,3481,群創,TWSE,15.8,15.85,15.4,15.4,45099764.0,701701914.0,TWSE_RWD_JSON_MI_INDEX,data/daily_price/daily_price_20241125.csv,15.31,15.5625,15.5217,15.0492,15.5307,-0.6452,0.0,-6.0976,-7.5075,14.4981,53202031.8,0.8477,16.6,16.95,16.95,14.85,13.6,13.15,-1.0442,-0.7839,2.3312,-0.8413,-7.2289,-9.1445,-9.1445,13.2353,17.1103
20241126,3481,群創,TWSE,15.45,15.45,15.25,15.3,22547634.0,345579626.0,TWSE_RWD_JSON_MI_INDEX,data/daily_price/daily_price_20241126.csv,15.32,15.5125,15.5117,15.0654,15.5114,-0.6494,0.3279,-6.135,-3.7736,14.6067,51878485.8,0.4346,16.55,16.95,16.95,14.85,13.6,13.15,-1.3699,-1.3646,1.5571,-1.3631,-7.5529,-9.7345,-9.7345,12.5,16.3498
20241127,3481,群創,TWSE,15.35,15.4,15.1,15.1,36669930.0,558470805.0,TWSE_RWD_JSON_MI_INDEX,data/daily_price/daily_price_20241127.csv,15.31,15.46,15.4925,15.0746,15.4772,-1.3072,-0.33,-6.5015,-7.0769,7.8571,51247187.0,0.7156,16.55,16.95,16.95,14.85,13.6,13.15,-2.3286,-2.5335,0.1686,-2.4369,-8.7613,-10.9145,-10.9145,11.0294,14.8289
20241128,3481,群創,TWSE,15.15,15.15,14.75,15.0,44004253.0,657950844.0,TWSE_RWD_JSON_MI_INDEX,data/daily_price/daily_price_20241128.csv,15.26,15.43,15.475,15.0838,15.4374,-0.6623,-1.6393,-3.8462,-6.5421,7.9137,47741754.15,0.9217,16.55,16.95,16.95,14.75,13.6,13.15,-2.7868,-3.0695,-0.5552,-2.8333,-9.3656,-11.5044,-11.5044,10.2941,14.0684
20241129,3481,群創,TWSE,14.95,15.25,14.85,15.15,34275990.0,517271990.0,TWSE_RWD_JSON_MI_INDEX,data/daily_price/daily_price_20241129.csv,15.19,15.4075,15.4642,15.0929,15.4134,1.0,-2.2581,-2.8846,-4.1139,7.8292,46782731.75,0.7327,16.55,16.95,16.95,14.75,13.6,13.15,-1.6713,-2.0316,0.3782,-1.7092,-8.4592,-10.6195,-10.6195,11.3971,15.2091
20241202,3481,群創,TWSE,15.25,15.4,15.1,15.2,20882190.0,317351701.0,TWSE_RWD_JSON_MI_INDEX,data/daily_price/daily_price_20241202.csv,15.15,15.4,15.4625,15.1012,15.3957,0.33,-1.2987,-0.9772,-0.6536,7.0423,46516367.85,0.4489,16.55,16.95,16.95,14.75,13.6,13.15,-1.2987,-1.6977,0.6539,-1.2709,-8.1571,-10.3245,-10.3245,11.7647,15.5894
20241203,3481,群創,TWSE,15.35,15.45,15.3,15.45,29647814.0,456370899.0,TWSE_RWD_JSON_MI_INDEX,data/daily_price/daily_price_20241203.csv,15.18,15.39,15.4675,15.1117,15.4002,1.6447,0.9804,-1.278,1.9802,8.8028,46789360.55,0.6336,16.55,16.95,16.95,14.75,13.6,13.15,0.3899,-0.1131,2.2389,0.3235,-6.6465,-8.8496,-8.8496,13.6029,17.4905
20241204,3481,群創,TWSE,15.55,15.6,15.4,15.6,29273673.0,453763439.0,TWSE_RWD_JSON_MI_INDEX,data/daily_price/daily_price_20241204.csv,15.28,15.3975,15.4883,15.125,15.4168,0.9709,3.3113,0.9709,8.7108,11.4286,46880919.9,0.6244,16.55,16.95,16.95,14.75,13.6,13.15,1.3151,0.721,3.1405,1.1881,-5.7402,-7.9646,-7.9646,14.7059,18.6312
20241205,3481,群創,TWSE,15.65,15.75,15.3,15.3,33718437.0,522840600.0,TWSE_RWD_JSON_MI_INDEX,data/daily_price/daily_price_20241205.csv,15.34,15.34,15.5067,15.1358,15.4071,-1.9231,2.0,-6.9909,7.7465,9.2857,42213431.45,0.7988,16.45,16.95,16.95,14.75,13.6,13.15,-0.2608,-1.3328,1.0846,-0.6951,-6.9909,-9.7345,-9.7345,12.5,16.3498
20241206,3481,群創,TWSE,15.45,15.75,15.4,15.75,47512984.0,743036413.0,TWSE_RWD_JSON_MI_INDEX,data/daily_price/daily_price_20241206.csv,15.46,15.3225,15.5325,15.1508,15.4357,2.9412,3.9604,-2.1739,10.9155,12.9032,41421270.25,1.1471,16.05,16.95,16.95,14.75,13.6,13.15,2.79,1.4003,3.9547,2.0364,-1.8692,-7.0796,-7.0796,15.8088,19.7719
20241209,3481,群創,TWSE,15.8,15.85,15.55,15.65,41738149.0,653966677.0,TWSE_RWD_JSON_MI_INDEX,data/daily_price/daily_price_20241209.csv,15.55,15.3125,15.5592,15.1658,15.4535,-0.6349,2.9605,-1.2618,11.3879,12.9964,41180110.45,1.0136,15.85,16.95,16.95,14.75,13.6,13.15,2.2041,0.5838,3.1925,1.2713,-1.2618,-7.6696,-7.6696,15.0735,19.0114
20241210,3481,群創,TWSE,15.7,15.95,15.45,15.5,51849460.0,811955112.0,TWSE_RWD_JSON_MI_INDEX,data/daily_price/daily_price_20241210.csv,15.56,15.3175,15.5892,15.1829,15.4574,-0.9585,0.3236,0.6494,13.1387,15.2416,40913494.15,1.2673,15.95,16.95,16.95,14.75,13.8,13.15,1.1914,-0.572,2.0884,0.2755,-2.8213,-8.5546,-8.5546,12.3188,17.8707
20241211,3481,群創,TWSE,15.5,15.75,15.35,15.55,27060787.0,421930860.0,TWSE_RWD_JSON_MI_INDEX,data/daily_price/daily_price_20241211.csv,15.55,15.3325,15.6125,15.2008,15.4651,0.3226,-0.3205,1.9672,9.894,16.0448,40113416.3,0.6746,15.95,16.95,16.95,14.75,14.1,13.15,1.4186,-0.4003,2.297,0.5488,-2.5078,-8.2596,-8.2596,10.2837,18.251
20241212,3481,群創,TWSE,15.65,16.0,15.65,15.75,73059196.0,1157054574.0,TWSE_RWD_JSON_MI_INDEX,data/daily_price/daily_price_20241212.csv,15.64,15.3775,15.6375,15.2204,15.4889,1.2862,2.9412,6.0606,10.5263,17.5373,40356507.6,1.8103,16.0,16.95,16.95,14.75,14.1,13.15,2.4224,0.7194,3.4794,1.686,-1.5625,-7.0796,-7.0796,11.7021,19.7719
20241213,3481,群創,TWSE,15.7,15.75,15.3,15.35,50305825.0,777950054.0,TWSE_RWD_JSON_MI_INDEX,data/daily_price/daily_price_20241213.csv,15.56,15.38,15.6567,15.2346,15.4773,-2.5397,-2.5397,0.3268,8.0986,12.4542,40382980.25,1.2457,16.0,16.95,16.95,14.75,14.75,13.15,-0.1951,-1.9587,0.7576,-0.8224,-4.0625,-9.4395,-9.4395,4.0678,16.73
20241216,3481,群創,TWSE,15.45,15.7,15.25,15.25,37340676.0,575202848.0,TWSE_RWD_JSON_MI_INDEX,data/daily_price/daily_price_20241216.csv,15.48,15.3725,15.6525,15.2504,15.4584,-0.6515,-2.5559,-0.974,-1.6129,14.2322,39397578.4,0.9478,16.0,16.95,16.95,14.75,14.75,13.15,-0.7969,-2.5715,-0.0027,-1.3478,-4.6875,-10.0295,-10.0295,3.3898,15.9696
20241217,3481,群創,TWSE,15.3,15.35,14.95,15.0,56188385.0,846643950.0,TWSE_RWD_JSON_MI_INDEX,data/daily_price/daily_price_20241217.csv,15.38,15.36,15.65,15.2654,15.4202,-1.6393,-3.2258,-1.6393,-0.9901,13.6364,39168466.65,1.4345,16.0,16.95,16.95,14.75,14.75,13.2,-2.3438,-4.1534,-1.7387,-2.7247,-6.25,-11.5044,-11.5044,1.6949,13.6364
20241218,3481,群創,TWSE,15.0,15.2,14.9,15.1,38352142.0,577461210.0,TWSE_RWD_JSON_MI_INDEX,data/daily_price/daily_price_20241218.csv,15.29,15.3575,15.6458,15.2812,15.3935,0.6667,-2.8939,-0.33,-1.6287,14.3939,39487314.25,0.9713,16.0,16.95,16.95,14.75,14.75,13.25,-1.6767,-3.4887,-1.1861,-1.9065,-5.625,-10.9145,-10.9145,2.3729,13.9623
20241219,3481,群創,TWSE,14.9,14.95,14.7,14.9,50863770.0,753489686.0,TWSE_RWD_JSON_MI_INDEX,data/daily_price/daily_price_20241219.csv,15.12,15.34,15.6308,15.2921,15.3524,-1.3245,-5.3968,-2.2951,-5.6962,9.5588,40659463.3,1.251,16.0,16.95,16.95,14.7,14.7,13.35,-2.8683,-4.6756,-2.564,-2.9465,-6.875,-12.0944,-12.0944,1.3605,11.6105
20241220,3481,群創,TWSE,14.85,14.95,14.3,14.3,86952168.0,1260544104.0,TWSE_RWD_JSON_MI_INDEX,data/daily_price/daily_price_20241220.csv,14.91,15.28,15.6067,15.2929,15.2647,-4.0268,-6.8404,-7.7419,-9.2063,0.7042,42867161.35,2.0284,16.0,16.95,16.95,14.3,14.3,13.35,-6.4136,-8.3725,-6.4927,-6.3195,-10.625,-15.6342,-15.6342,0.0,7.1161
20241223,3481,群創,TWSE,14.5,15.15,14.5,15.0,73018041.0,1091347219.0,TWSE_RWD_JSON_MI_INDEX,data/daily_price/daily_price_20241223.csv,14.86,15.26,15.5958,15.2992,15.2426,4.8951,-1.6393,-2.5974,-4.1534,5.2632,44263075.2,1.6496,16.0,16.95,16.95,14.3,14.3,13.35,-1.7038,-3.8205,-1.9554,-1.5916,-6.25,-11.5044,-11.5044,4.8951,12.3596
20241224,3481,群創,TWSE,15.05,15.2,14.8,14.85,33216630.0,497607390.0,TWSE_RWD_JSON_MI_INDEX,data/daily_price/daily_price_20241224.csv,14.83,15.2375,15.5842,15.3054,15.2099,-1.0,-1.0,-2.9412,-4.5016,5.3191,44796525.0,0.7415,16.0,16.95,16.95,14.3,14.3,13.35,-2.5431,-4.711,-2.9755,-2.3661,-7.1875,-12.3894,-12.3894,3.8462,11.236
20241225,3481,群創,TWSE,15.05,15.05,14.7,14.75,21548412.0,319131260.0,TWSE_RWD_JSON_MI_INDEX,data/daily_price/daily_price_20241225.csv,14.76,15.22,15.5683,15.31,15.1716,-0.6734,-2.3179,-2.3179,-6.051,3.8732,44040449.1,0.4893,16.0,16.95,16.95,14.3,14.3,13.35,-3.088,-5.2564,-3.6577,-2.7786,-7.8125,-12.9794,-12.9794,3.1469,10.4869
20241226,3481,群創,TWSE,14.8,14.85,14.65,14.65,19299650.0,284197018.0,TWSE_RWD_JSON_MI_INDEX,data/daily_price/daily_price_20241226.csv,14.71,15.2025,15.545,15.3021,15.1281,-0.678,-1.6779,-2.3333,-8.7227,-6.0897,42805218.95,0.4509,16.0,16.95,16.95,14.3,14.3,13.35,-3.6343,-5.7575,-4.2614,-3.1603,-8.4375,-13.5693,-13.5693,2.4476,9.7378
20241227,3481,群創,TWSE,14.65,14.7,14.55,14.55,15948916.0,232783700.0,TWSE_RWD_JSON_MI_INDEX,data/daily_price/daily_price_20241227.csv,14.76,15.1725,15.5183,15.2908,15.0799,-0.6826,1.7483,-3.9604,-9.9071,-8.4906,41888865.25,0.3807,16.0,16.95,16.95,14.3,14.3,13.35,-4.1028,-6.2399,-4.845,-3.5141,-9.0625,-14.1593,-14.1593,1.7483,8.9888
20241230,3481,群創,TWSE,14.55,14.7,14.35,14.35,25797193.0,373904410.0,TWSE_RWD_JSON_MI_INDEX,data/daily_price/daily_price_20241230.csv,14.63,15.13,15.4908,15.2871,15.0191,-1.3746,-4.3333,-5.5921,-10.3125,-3.0405,42134615.4,0.6123,16.0,16.95,16.95,14.3,14.3,13.35,-5.1553,-7.3646,-6.1299,-4.455,-10.3125,-15.3392,-15.3392,0.3497,7.4906
20241231,3481,群創,TWSE,14.35,14.4,14.2,14.35,26318245.0,376283973.0,TWSE_RWD_JSON_MI_INDEX,data/daily_price/daily_price_20241231.csv,14.53,15.075,15.4617,15.2833,14.9633,0.0,-3.367,-7.1197,-10.8696,-3.0405,41968136.95,0.6271,16.0,16.95,16.95,14.2,14.2,13.35,-4.8093,-7.1898,-6.1069,-4.0989,-10.3125,-15.3392,-15.3392,1.0563,7.4906
20250102,3481,群創,TWSE,14.35,14.4,14.1,14.1,32064949.0,455700773.0,TWSE_RWD_JSON_MI_INDEX,data/daily_price/daily_price_20250102.csv,14.4,15.0,15.4275,15.2808,14.8914,-1.7422,-4.4068,-9.6154,-12.6935,-2.0833,42107700.75,0.7615,16.0,16.95,16.95,14.1,14.1,13.35,-6.0,-8.6048,-7.7275,-5.3144,-11.875,-16.8142,-16.8142,0.0,5.618
20250103,3481,群創,TWSE,14.2,14.35,13.95,13.95,29531578.0,415891642.0,TWSE_RWD_JSON_MI_INDEX,data/daily_price/daily_price_20250103.csv,14.26,14.9325,15.3975,15.2775,14.8129,-1.0638,-4.7782,-8.8235,-11.4286,-2.7875,41898357.8,0.7048,16.0,16.95,16.95,13.95,13.95,13.35,-6.5796,-9.4009,-8.6892,-5.8256,-12.8125,-17.6991,-17.6991,0.0,4.4944
20250106,3481,群創,TWSE,14.1,14.2,13.95,14.1,43148938.0,606856966.0,TWSE_RWD_CSV_MI_INDEX,data/daily_price/daily_price_20250106.csv,14.17,14.85,15.375,15.2767,14.7535,1.0753,-3.0928,-10.4762,-8.7379,-0.7042,41680155.5,1.0352,16.0,16.95,16.95,13.95,13.95,13.35,-5.0505,-8.2927,-7.7024,-4.4297,-11.875,-16.8142,-16.8142,1.0753,5.618
20250107,3481,群創,TWSE,14.25,14.75,14.25,14.5,69382764.0,1011119372.0,TWSE_RWD_JSON_MI_INDEX,data/daily_price/daily_price_20250107.csv,14.2,14.7925,15.3608,15.2796,14.7324,2.8369,1.0453,-7.3482,-5.5375,2.4735,43062386.25,1.6112,16.0,16.95,16.95,13.95,13.95,13.35,-1.9774,-5.6041,-5.1021,-1.5775,-9.375,-14.4543,-14.4543,3.9427,8.6142
20250108,3481,群創,TWSE,14.6,14.7,14.45,14.6,32665661.0,475862065.0,TWSE_RWD_JSON_MI_INDEX,data/daily_price/daily_price_20250108.csv,14.25,14.7475,15.3458,15.2812,14.7214,0.6897,1.7422,-5.8065,-5.8065,1.3889,42103196.3,0.7758,16.0,16.95,16.95,13.95,13.95,13.35,-1.0002,-4.8602,-4.4581,-0.8244,-8.75,-13.8643,-13.8643,4.6595,9.3633
20250109,3481,群創,TWSE,14.6,14.65,14.05,14.15,38614595.0,551281856.0,TWSE_RWD_JSON_MI_INDEX,data/daily_price/daily_price_20250109.csv,14.26,14.6775,15.3192,15.275,14.6738,-3.0822,0.3546,-9.0032,-10.1587,-5.0336,42680886.7,0.9047,16.0,16.95,16.95,13.95,13.95,13.35,-3.5939,-7.6321,-7.365,-3.5693,-11.5625,-16.5192,-16.5192,1.4337,5.9925
20250110,3481,群創,TWSE,14.05,14.1,13.8,13.9,59817079.0,833220121.0,TWSE_RWD_JSON_MI_INDEX,data/daily_price/daily_price_20250110.csv,14.25,14.585,15.2875,15.265,14.6093,-1.7668,-0.3584,-11.746,-12.0253,-7.947,42018780.85,1.4236,15.75,16.95,16.95,13.8,13.8,13.35,-4.6966,-9.076,-8.942,-4.855,-11.746,-17.9941,-17.9941,0.7246,4.1199
20250113,3481,群創,TWSE,13.8,13.8,13.4,13.6,59615630.0,808976575.0,TWSE_RWD_JSON_MI_INDEX,data/daily_price/daily_price_20250113.csv,14.15,14.4975,15.2458,15.2525,14.5252,-2.1583,-3.5461,-11.4007,-15.528,-9.9338,42484271.1,1.4032,15.7,16.95,16.95,13.4,13.4,13.35,-6.1907,-10.7953,-10.8343,-6.3694,-13.3758,-19.764,-19.764,1.4925,1.8727
20250114,3481,群創,TWSE,13.7,13.95,13.65,13.9,29930854.0,413046840.0,TWSE_RWD_JSON_MI_INDEX,data/daily_price/daily_price_20250114.csv,14.03,14.43,15.2058,15.2433,14.4731,2.2059,-4.1379,-8.8525,-14.7239,-7.3333,42113780.0,0.7107,15.35,16.95,16.95,13.4,13.4,13.35,-3.6729,-8.5877,-8.8126,-3.9596,-9.4463,-17.9941,-17.9941,3.7313,4.1199
20250115,3481,群創,TWSE,13.95,14.25,13.9,14.05,33341833.0,470265381.0,TWSE_RWD_JSON_MI_INDEX,data/daily_price/daily_price_20250115.csv,13.92,14.3825,15.1692,15.2346,14.4378,1.0791,-3.7671,-6.3333,-13.5385,-6.9536,40971452.4,0.8138,15.2,16.95,16.95,13.4,13.4,13.35,-2.3118,-7.3779,-7.7756,-2.6861,-7.5658,-17.1091,-17.1091,4.8507,5.2434
20250116,3481,群創,TWSE,14.35,14.4,13.85,13.85,34882734.0,490359757.0,TWSE_RWD_JSON_MI_INDEX,data/daily_price/daily_price_20250116.csv,13.86,14.32,15.1275,15.2242,14.3888,-1.4235,-2.1201,-8.2781,-15.2905,-8.2781,40797982.0,0.855,15.2,16.95,16.95,13.4,13.4,13.35,-3.2821,-8.4449,-9.0262,-3.7448,-8.8816,-18.2891,-18.2891,3.3582,3.7453
20250117,3481,群創,TWSE,12.6,12.7,12.4,12.4,42446575.0,530727045.0,TWSE_RWD_JSON_MI_INDEX,data/daily_price/daily_price_20250117.csv,13.56,14.195,15.0608,15.1975,14.2231,-10.4693,-10.7914,-16.7785,-24.3902,-20.5128,40377122.25,1.0513,15.2,16.7,16.95,12.4,12.4,12.4,-12.6453,-17.6672,-18.4076,-12.8179,-18.4211,-25.7485,-26.8437,0.0,0.0
20250120,3481,群創,TWSE,14.05,14.05,13.65,13.85,43077345.0,593501357.0,TWSE_RWD_JSON_MI_INDEX,data/daily_price/daily_price_20250120.csv,13.61,14.1725,15.0217,15.1846,14.192,11.6935,1.8382,-3.1469,-14.5062,-10.0649,38183381.1,1.1282,15.2,16.6,16.95,12.4,12.4,12.4,-2.2755,-7.7998,-8.7891,-2.4098,-8.8816,-16.5663,-18.2891,11.6935,11.6935
20250121,3481,群創,TWSE,14.05,14.3,13.8,13.8,46519765.0,647446780.0,TWSE_RWD_JSON_MI_INDEX,data/daily_price/daily_price_20250121.csv,13.59,14.1125,14.9783,15.1733,14.1593,-0.361,-0.7194,-8.0,-15.8537,-8.9109,36858467.3,1.2621,15.2,16.6,16.95,12.4,12.4,12.4,-2.2143,-7.8669,-9.051,-2.5378,-9.2105,-16.8675,-18.5841,11.2903,11.2903
20250122,3481,群創,TWSE,13.95,14.05,13.8,14.05,34709792.0,483847038.0,TWSE_RWD_JSON_MI_INDEX,data/daily_price/daily_price_20250122.csv,13.59,14.0725,14.9408,15.1562,14.1502,1.8116,0.0,-5.3872,-13.8037,-12.7329,36933125.4,0.9398,15.05,16.55,16.95,12.4,12.4,12.4,-0.1599,-5.9624,-7.299,-0.7083,-6.6445,-15.1057,-17.1091,13.3065,13.3065
20250203,3481,群創,TWSE,13.85,13.85,13.5,13.6,39498704.0,538739296.0,TWSE_RWD_JSON_MI_INDEX,data/daily_price/daily_price_20250203.csv,13.54,14.015,14.8983,15.135,14.1044,-3.2028,-1.8051,-7.7966,-15.7895,-15.7895,37830640.0,1.0441,14.85,16.55,16.95,12.4,12.4,12.4,-2.9611,-8.7146,-10.1421,-3.576,-8.4175,-17.8248,-19.764,9.6774,9.6774
20250204,3481,群創,TWSE,13.7,13.75,13.3,13.35,32700007.0,440362105.0,TWSE_RWD_JSON_MI_INDEX,data/daily_price/daily_price_20250204.csv,13.73,13.95,14.8608,15.1117,14.0415,-1.8382,7.6613,-8.8737,-14.4231,-17.3375,38500657.85,0.8493,14.75,16.55,16.95,12.4,12.4,12.4,-4.3011,-10.1665,-11.6577,-4.9248,-9.4915,-19.3353,-21.2389,7.6613,7.6613
20250205,3481,群創,TWSE,13.5,13.75,13.5,13.6,24545138.0,334074681.0,TWSE_RWD_JSON_MI_INDEX,data/daily_price/daily_price_20250205.csv,13.68,13.9025,14.8275,15.0958,14.0047,1.8727,-1.8051,-6.5292,-12.8205,-12.2581,38930468.95,0.6305,14.75,16.55,16.95,12.4,12.4,12.4,-2.1759,-8.2785,-9.9089,-2.8899,-7.7966,-17.8248,-19.764,9.6774,9.6774
20250206,3481,群創,TWSE,13.65,13.7,13.5,13.6,28846409.0,392426672.0,TWSE_RWD_JSON_MI_INDEX,data/daily_price/daily_price_20250206.csv,13.64,13.865,14.7983,15.0838,13.971,0.0,-1.4493,-5.2265,-11.4007,-9.6346,39082929.75,0.7381,14.75,16.55,16.95,12.4,12.4,12.4,-1.9113,-8.0978,-9.8367,-2.6554,-7.7966,-17.8248,-19.764,9.6774,9.6774
20250207,3481,群創,TWSE,13.75,13.95,13.7,13.8,35329862.0,487289598.0,TWSE_RWD_JSON_MI_INDEX,data/daily_price/daily_price_20250207.csv,13.59,13.8375,14.7675,15.0692,13.9567,1.4706,-1.7794,-3.8328,-11.8211,-11.254,39533510.6,0.8937,14.75,16.55,16.95,12.4,12.4,12.4,-0.271,-6.5515,-8.4223,-1.1231,-6.4407,-16.6163,-18.5841,11.2903,11.2903
20250210,3481,群創,TWSE,13.7,13.7,13.55,13.55,24764875.0,336456799.0,TWSE_RWD_JSON_MI_INDEX,data/daily_price/daily_price_20250210.csv,13.58,13.81,14.7358,15.0546,13.9228,-1.8116,-0.3676,-3.9007,-12.2977,-11.4379,39168506.9,0.6323,14.75,16.55,16.95,12.4,12.4,12.4,-1.8827,-8.0473,-9.9942,-2.6779,-8.1356,-18.1269,-20.059,9.2742,9.2742
20250211,3481,群創,TWSE,13.7,13.8,13.45,13.5,34379641.0,466560271.0,TWSE_RWD_JSON_MI_INDEX,data/daily_price/daily_price_20250211.csv,13.61,13.7875,14.6867,15.0354,13.8876,-0.369,1.1236,-3.2258,-17.9331,-14.557,39410910.05,0.8723,14.75,16.45,16.95,12.4,12.4,12.4,-2.0852,-8.0799,-10.212,-2.791,-8.4746,-17.9331,-20.354,8.871,8.871
20250212,3481,群創,TWSE,13.6,13.85,13.4,13.4,66905099.0,907156550.0,TWSE_RWD_JSON_MI_INDEX,data/daily_price/daily_price_20250212.csv,13.57,13.7525,14.6417,15.0192,13.847,-0.7407,-1.4706,-4.9645,-16.7702,-12.7036,40598718.1,1.648,14.75,16.05,16.95,12.4,12.4,12.4,-2.5632,-8.4804,-10.7807,-3.228,-9.1525,-16.5109,-20.944,8.0645,8.0645
20250213,3481,群創,TWSE,13.5,14.0,13.45,13.95,89000082.0,1231379614.0,TWSE_RWD_JSON_MI_INDEX,data/daily_price/daily_price_20250213.csv,13.64,13.725,14.61,15.0067,13.8556,4.1045,2.5735,-3.7931,-11.9874,-9.7087,41579584.0,2.1405,14.7,16.0,16.95,12.4,12.4,12.4,1.6393,-4.5175,-7.0413,0.6816,-5.102,-12.8125,-17.6991,12.5,12.5
20250214,3481,群創,TWSE,14.25,14.3,13.85,14.15,77147935.0,1086140100.0,TWSE_RWD_JSON_MI_INDEX,data/daily_price/daily_price_20250214.csv,13.71,13.7025,14.5892,14.9971,13.8801,1.4337,2.5362,-3.0822,-8.1169,-7.5163,43803697.7,1.7612,14.65,16.0,16.95,12.4,12.4,12.4,3.2658,-3.0102,-5.6483,1.9445,-3.413,-11.5625,-16.5192,14.1129,14.1129
20250217,3481,群創,TWSE,14.15,14.5,14.05,14.45,54216047.0,775498951.0,TWSE_RWD_JSON_MI_INDEX,data/daily_price/daily_price_20250217.csv,13.89,13.7175,14.5758,15.0025,13.9276,2.1201,6.6421,2.1201,-5.2459,4.7101,44583770.3,1.216,14.5,16.0,16.95,12.4,12.4,12.4,5.3399,-0.8633,-3.6827,3.7509,-0.3448,-9.6875,-14.7493,16.5323,16.5323
20250218,3481,群創,TWSE,14.4,14.45,14.2,14.35,34518267.0,494270169.0,TWSE_RWD_JSON_MI_INDEX,data/daily_price/daily_price_20250218.csv,14.06,13.74,14.5675,15.0083,13.9628,-0.692,6.2963,3.2374,-3.367,5.1282,43318829.7,0.7968,14.5,16.0,16.95,12.4,12.4,12.4,4.4396,-1.493,-4.3865,2.7732,-1.0345,-10.3125,-15.3392,15.7258,15.7258
20250219,3481,群創,TWSE,14.6,15.1,14.6,14.9,126392837.0,1883797877.0,TWSE_RWD_JSON_MI_INDEX,data/daily_price/daily_price_20250219.csv,14.36,13.805,14.5608,15.0158,14.0409,3.8328,11.194,9.5588,-2.6144,6.4286,46657690.05,2.7089,15.1,16.0,16.95,12.4,12.4,12.4,7.9319,2.3293,-0.7714,6.1186,-1.3245,-6.875,-12.0944,20.1613,20.1613
20250220,3481,群創,TWSE,14.95,15.2,14.85,15.0,61109868.0,916475171.0,TWSE_RWD_JSON_MI_INDEX,data/daily_price/daily_price_20250220.csv,14.57,13.86,14.5542,15.0258,14.1208,0.6711,7.5269,7.9137,-2.5974,8.6957,48216640.75,1.2674,15.2,16.0,16.95,12.4,12.4,12.4,8.2251,3.0633,-0.1719,6.2262,-1.3158,-6.25,-11.5044,20.9677,20.9677
20250221,3481,群創,TWSE,15.05,15.1,14.9,15.1,40598621.0,609629021.0,TWSE_RWD_CSV_MI_INDEX,data/daily_price/daily_price_20250221.csv,14.76,13.9125,14.5517,15.0317,14.2024,0.6667,6.7138,7.4733,-0.9836,4.8611,48579480.15,0.8357,15.2,16.0,16.95,12.4,12.4,12.4,8.5355,3.7682,0.4546,6.3199,-0.6579,-5.625,-10.9145,21.7742,21.7742
20250224,3481,群創,TWSE,14.9,15.15,14.85,15.05,33239897.0,498902227.0,TWSE_RWD_JSON_MI_INDEX,data/daily_price/daily_price_20250224.csv,14.88,13.9725,14.55,15.0338,14.273,-0.3311,4.1522,8.6643,-0.6601,1.6892,48497338.3,0.6854,15.2,16.0,16.95,12.4,12.4,12.4,7.7116,3.4364,0.1081,5.4435,-0.9868,-5.9375,-11.2094,21.371,21.371
20250225,3481,群創,TWSE,15.05,15.3,14.95,15.05,53979100.0,816533970.0,TWSE_RWD_JSON_MI_INDEX,data/daily_price/daily_price_20250225.csv,15.02,14.105,14.5467,15.0367,14.3378,0.0,4.878,21.371,-1.3115,2.381,49073964.55,1.1,15.3,16.0,16.95,13.3,12.4,12.4,6.6998,3.4601,0.0887,4.9673,-1.634,-5.9375,-11.2094,21.371,21.371
20250226,3481,群創,TWSE,15.05,15.05,14.85,15.05,40222039.0,601762324.0,TWSE_RWD_JSON_MI_INDEX,data/daily_price/daily_price_20250226.csv,15.05,14.165,14.5392,15.0408,14.3971,0.0,1.0067,8.6643,-2.9032,3.4364,48931199.25,0.822,15.3,16.0,16.95,13.3,12.4,12.4,6.2478,3.5135,0.0609,4.5346,-1.634,-5.9375,-11.2094,21.371,21.371
20250227,3481,群創,TWSE,14.4,14.45,14.2,14.35,34518267.0,494270169.0,TWSE_RWD_JSON_MI_INDEX,data/daily_price/daily_price_20250227.csv,14.92,14.1925,14.5217,15.0217,14.3932,-4.6512,-4.3333,3.9855,-6.8182,-13.8138,48331124.35,0.7142,15.3,16.0,16.95,13.3,12.4,12.4,1.1097,-1.1821,-4.4713,-0.3002,-6.2092,-10.3125,-15.3392,15.7258,15.7258
20250303,3481,群創,TWSE,14.8,14.85,14.6,14.6,47888520.0,704431927.0,TWSE_RWD_JSON_MI_INDEX,data/daily_price/daily_price_20250303.csv,14.82,14.22,14.51,15.0108,14.4104,1.7422,-3.3113,3.9146,-4.5752,-8.1761,48990060.75,0.9775,15.3,16.0,16.95,13.3,12.4,12.4,2.6723,0.6203,-2.7369,1.3154,-4.5752,-8.75,-13.8643,17.7419,17.7419
20250304,3481,群創,TWSE,14.4,14.65,14.2,14.65,38635776.0,558883748.0,TWSE_RWD_JSON_MI_INDEX,data/daily_price/daily_price_20250304.csv,14.74,14.2725,14.5025,14.9975,14.4304,0.3425,-2.6578,7.7206,-2.9801,-9.8462,48946914.35,0.7893,15.3,16.0,16.95,13.3,12.4,12.4,2.6449,1.0171,-2.3171,1.5217,-4.2484,-8.4375,-13.5693,18.1452,18.1452
20250305,3481,群創,TWSE,14.75,15.2,14.6,15.15,64372280.0,967226669.0,TWSE_RWD_JSON_MI_INDEX,data/daily_price/daily_price_20250305.csv,14.76,14.3625,14.505,14.99,14.4904,3.413,0.6645,13.4831,1.0,-5.6075,50530528.0,1.2739,15.3,16.0,16.95,13.4,12.4,12.4,5.483,4.4467,1.0674,4.5522,-0.9804,-5.3125,-10.6195,22.1774,22.1774
20250306,3481,群創,TWSE,15.25,15.35,15.0,15.0,35388746.0,535929659.0,TWSE_RWD_JSON_MI_INDEX,data/daily_price/daily_price_20250306.csv,14.75,14.4325,14.5025,14.9833,14.5328,-0.9901,-0.3322,10.2941,-0.9901,-5.0633,51072708.4,0.6929,15.35,16.0,16.95,13.4,12.4,12.4,3.9321,3.4304,0.1112,3.2145,-2.2801,-6.25,-11.5044,20.9677,20.9677
20250307,3481,群創,TWSE,15.0,15.1,14.95,14.95,22783169.0,341829474.0,TWSE_RWD_JSON_MI_INDEX,data/daily_price/daily_price_20250307.csv,14.87,14.5,14.4983,14.9804,14.5676,-0.3333,4.1812,9.9265,-1.6447,-2.2876,50769546.4,0.4488,15.35,16.0,16.95,13.4,12.4,12.4,3.1034,3.1153,-0.203,2.625,-2.6059,-6.5625,-11.7994,20.5645,20.5645
20250310,3481,群創,TWSE,15.05,15.05,14.8,14.9,30126642.0,449915272.0,TWSE_RWD_JSON_MI_INDEX,data/daily_price/daily_price_20250310.csv,14.93,14.555,14.4892,14.9783,14.5953,-0.3344,2.0548,7.971,-3.5599,-1.6502,50509385.4,0.5965,15.35,16.0,16.95,13.4,12.4,12.4,2.3703,2.8355,-0.523,2.0876,-2.9316,-6.875,-12.0944,20.1613,20.1613
20250311,3481,群創,TWSE,14.6,14.95,14.25,14.9,56715724.0,826936779.0,TWSE_RWD_JSON_MI_INDEX,data/daily_price/daily_price_20250311.csv,14.98,14.6225,14.4775,14.9829,14.6207,0.0,1.7065,9.9631,-4.4872,3.8328,52106927.85,1.0884,15.35,16.0,16.95,13.4,12.4,12.4,1.8978,2.9183,-0.5534,1.9103,-2.9316,-6.875,-12.0944,20.1613,20.1613
20250312,3481,群創,TWSE,14.85,15.0,14.75,14.9,29369657.0,437582730.0,TWSE_RWD_JSON_MI_INDEX,data/daily_price/daily_price_20250312.csv,14.93,14.6925,14.4708,14.9888,14.644,0.0,-1.6502,10.3704,-2.6144,4.9296,51856428.65,0.5664,15.35,16.0,16.95,13.4,12.4,12.4,1.4123,2.9657,-0.5921,1.7483,-2.9316,-6.875,-12.0944,20.1613,20.1613
20250313,3481,群創,TWSE,15.1,15.3,14.7,14.7,61237921.0,915591426.0,TWSE_RWD_JSON_MI_INDEX,data/daily_price/daily_price_20250313.csv,14.87,14.7575,14.4533,14.9929,14.6486,-1.3423,-2.0,9.7015,-6.6667,3.5211,51573069.75,1.1874,15.35,16.0,16.95,13.45,12.4,12.4,-0.3896,1.7066,-1.9537,0.3506,-4.2345,-8.125,-13.2743,18.5484,18.5484
20250314,3481,群創,TWSE,15.25,15.85,15.2,15.6,283821479.0,4429768509.0,TWSE_RWD_JSON_MI_INDEX,data/daily_price/daily_price_20250314.csv,15.0,14.84,14.4525,15.0058,14.7279,6.1224,4.3478,11.828,-0.3195,11.032,61314139.6,4.629,15.85,16.0,16.95,13.85,12.4,12.4,5.1213,7.9398,3.9596,5.9213,-1.5773,-2.5,-7.9646,25.8065,25.8065
20250317,3481,群創,TWSE,15.7,16.25,15.6,16.0,215266784.0,3438626853.0,TWSE_RWD_JSON_MI_INDEX,data/daily_price/daily_price_20250317.csv,15.22,14.9325,14.4608,15.025,14.8339,2.5641,7.3826,13.0742,3.2258,16.7883,68220082.05,3.1555,16.25,16.25,16.95,14.05,12.4,12.4,7.1488,10.6437,6.4892,7.8608,-1.5385,-1.5385,-5.6047,29.0323,29.0323
20250318,3481,群創,TWSE,16.0,16.15,15.85,16.15,109408588.0,1754057595.0,TWSE_RWD_JSON_MI_INDEX,data/daily_price/daily_price_20250318.csv,15.47,15.0175,14.4708,15.0417,14.9436,0.9375,8.3893,11.7647,3.8585,14.1343,70979709.1,1.5414,16.25,16.25,16.95,14.2,12.4,12.4,7.5412,11.6038,7.3684,8.073,-0.6154,-0.6154,-4.7198,30.2419,30.2419
20250319,3481,群創,TWSE,16.1,16.45,16.05,16.35,108225138.0,1764992532.0,TWSE_RWD_JSON_MI_INDEX,data/daily_price/daily_price_20250319.csv,15.76,15.1175,14.4808,15.0592,15.0608,1.2384,9.7315,13.9373,3.8095,14.7368,74665052.65,1.4495,16.45,16.45,16.95,14.2,12.4,12.4,8.1528,12.9079,8.5717,8.56,-0.6079,-0.6079,-3.5398,31.8548,31.8548
20250320,3481,群創,TWSE,16.45,16.45,16.25,16.45,78507614.0,1286379927.0,TWSE_RWD_JSON_MI_INDEX,data/daily_price/daily_price_20250320.csv,16.11,15.195,14.4992,15.0779,15.1766,0.6116,11.9048,10.4027,7.1661,15.8451,72270791.5,1.0863,16.45,16.45,16.95,14.2,12.4,12.4,8.2593,13.4548,9.1,8.3908,0.0,0.0,-2.9499,32.6613,32.6613
20250321,3481,群創,TWSE,16.3,16.35,16.0,16.15,113136006.0,1827131762.0,TWSE_RWD_JSON_MI_INDEX,data/daily_price/daily_price_20250321.csv,16.22,15.2525,14.5142,15.0833,15.2577,-1.8237,3.5256,7.6667,5.9016,4.1935,74872098.4,1.5111,16.45,16.45,16.95,14.2,12.4,12.4,5.8843,11.2706,7.0718,5.8483,-1.8237,-1.8237,-4.7198,30.2419,30.2419
20250324,3481,群創,TWSE,16.2,16.35,16.05,16.1,61733386.0,998098430.0,TWSE_RWD_JSON_MI_INDEX,data/daily_price/daily_price_20250324.csv,16.24,15.3025,14.5325,15.0912,15.3279,-0.3096,0.625,6.6225,7.3333,6.2706,75928836.65,0.813,16.45,16.45,16.95,14.2,12.4,12.4,5.2116,10.7862,6.6843,5.0374,-2.1277,-2.1277,-5.0147,29.8387,29.8387
20250325,3481,群創,TWSE,16.25,16.3,15.8,15.9,66295870.0,1058773586.0,TWSE_RWD_JSON_MI_INDEX,data/daily_price/daily_price_20250325.csv,16.19,15.345,14.5458,15.0958,15.3756,-1.2422,-1.548,5.6478,5.298,3.5831,77581635.3,0.8545,16.45,16.45,16.95,14.2,12.4,12.4,3.6168,9.3097,5.3271,3.4109,-3.3435,-3.3435,-6.1947,28.2258,28.2258
20250326,3481,群創,TWSE,16.05,16.1,15.8,16.0,56641347.0,903815662.0,TWSE_RWD_JSON_MI_INDEX,data/daily_price/daily_price_20250326.csv,16.12,15.3925,14.5642,15.0975,15.4276,0.6289,-2.1407,6.3123,7.3826,1.2658,77714747.65,0.7288,16.45,16.45,16.95,14.2,12.4,12.4,3.9467,9.8587,5.9778,3.7103,-2.7356,-2.7356,-5.6047,29.0323,29.0323
20250327,3481,群創,TWSE,15.95,16.25,15.85,15.95,61785776.0,991667897.0,TWSE_RWD_JSON_MI_INDEX,data/daily_price/daily_price_20250327.csv,16.02,15.4375,14.5917,15.0992,15.4711,-0.3125,-3.0395,5.9801,11.5385,1.2698,78792934.5,0.7842,16.45,16.45,16.95,14.2,12.4,12.4,3.3198,9.309,5.635,3.0953,-3.0395,-3.0395,-5.8997,28.629,28.629
20250328,3481,群創,TWSE,15.9,16.0,15.5,15.65,72381330.0,1133775618.0,TWSE_RWD_JSON_MI_INDEX,data/daily_price/daily_price_20250328.csv,15.92,15.5025,14.6025,15.0992,15.486,-1.8809,-3.096,9.0592,4.3333,0.0,80686087.65,0.8971,16.45,16.45,16.95,14.2,12.4,12.4,0.9515,7.1734,3.6481,1.0588,-4.8632,-4.8632,-7.6696,26.2097,26.2097
20250331,3481,群創,TWSE,15.2,15.35,15.0,15.1,82688943.0,1252327259.0,TWSE_RWD_JSON_MI_INDEX,data/daily_price/daily_price_20250331.csv,15.72,15.5275,14.6067,15.0954,15.4539,-3.5144,-6.2112,3.4247,1.6835,-2.8939,82426108.8,1.0032,16.45,16.45,16.95,14.2,12.4,12.4,-2.7532,3.3775,0.0304,-2.2898,-8.2067,-8.2067,-10.9145,21.7742,21.7742
20250401,3481,群創,TWSE,15.25,15.7,15.15,15.5,59730968.0,923784277.0,TWSE_RWD_JSON_MI_INDEX,data/daily_price/daily_price_20250401.csv,15.64,15.57,14.6192,15.0938,15.4577,2.649,-2.5157,5.802,5.0847,-1.2739,83480868.4,0.7155,16.45,16.45,16.95,14.25,12.4,12.4,-0.4496,6.0252,2.6915,0.2736,-5.7751,-5.7751,-8.5546,25.0,25.0
20250402,3481,群創,TWSE,15.5,15.65,15.4,15.65,33654249.0,524418550.0,TWSE_RWD_JSON_MI_INDEX,data/daily_price/daily_price_20250402.csv,15.57,15.595,14.6358,15.0904,15.4737,0.9677,-2.1875,3.3003,6.8259,-2.4922,81944966.85,0.4107,16.45,16.45,16.95,14.25,12.4,12.4,0.3527,6.9293,3.7082,1.1391,-4.8632,-4.8632,-7.6696,26.2097,26.2097
20250407,3481,群創,listed,14.1,14.1,14.1,14.1,12409528.0,174973980.0,,data/daily_price/20250407.csv,15.2,15.55,14.6283,15.0733,15.3593,-9.9042,-11.5987,-6.0,-3.0928,-12.6935,80796005.95,0.1536,16.45,16.45,16.95,14.1,12.4,12.4,-9.3248,-3.6117,-6.4573,-8.1987,-14.2857,-14.2857,-16.8142,13.7097,13.7097
20250408,3481,群創,listed,13.4,13.8,12.7,12.8,179441552.0,2338454586.0,,data/daily_price/20250408.csv,14.63,15.4425,14.6025,15.0467,15.146,-9.2199,-18.2109,-14.3813,-10.8014,-20.0,88628925.1,2.0246,16.45,16.45,16.95,12.7,12.4,12.4,-17.1119,-12.3438,-14.9313,-15.4891,-22.1884,-22.1884,-24.4838,3.2258,3.2258
20250409,3481,群創,listed,12.65,13.0,11.65,11.95,143004627.0,1766684727.0,,data/daily_price/20250409.csv,14.0,15.295,14.5625,15.0121,14.8797,-6.6406,-20.8609,-19.7987,-16.7247,-25.7764,94272824.35,1.5169,16.45,16.45,16.95,11.65,11.65,11.65,-21.8699,-17.9399,-20.3975,-19.689,-27.3556,-27.3556,-29.4985,2.5751,2.5751
20250410,3481,群創,listed,13.1,13.1,13.05,13.1,43548233.0,570481206.0,,data/daily_price/20250410.csv,13.52,15.205,14.5458,14.9867,14.7313,9.6234,-15.4839,-12.0805,-7.0922,-18.8854,93614449.8,0.4652,16.45,16.45,16.95,11.65,11.65,11.65,-13.8441,-9.9398,-12.589,-11.074,-20.3647,-20.3647,-22.7139,12.4464,12.4464
20250414,3481,群創,listed,13.6,13.95,13.5,13.65,88821018.0,1217297510.0,,data/daily_price/20250414.csv,13.12,15.1425,14.5408,14.9692,14.6412,4.1985,-12.7796,-8.3893,-2.1505,-13.3333,96587017.85,0.9196,16.45,16.45,16.95,11.65,11.65,11.65,-9.8564,-6.1264,-8.8126,-6.7702,-17.0213,-17.0213,-19.469,17.1674,17.1674
20250415,3481,群創,listed,13.65,14.1,13.6,14.05,56660892.0,784177408.0,,data/daily_price/20250415.csv,13.11,15.11,14.54,14.9575,14.592,2.9304,-0.3546,-4.4218,-0.3546,-9.0615,96358166.4,0.588,16.45,16.45,16.95,11.65,11.65,11.65,-7.0152,-3.37,-6.0672,-3.7141,-14.5897,-14.5897,-17.1091,20.6009,20.6009
20250416,3481,群創,listed,13.9,13.9,13.55,13.55,59284578.0,809223803.0,,data/daily_price/20250416.csv,13.26,15.0075,14.5242,14.9425,14.5051,-3.5587,5.8594,-13.141,-6.5517,-11.7264,85131321.35,0.6964,16.45,16.45,16.95,11.65,11.65,11.65,-9.7118,-6.7072,-9.3191,-6.5848,-17.6292,-17.6292,-20.059,16.309,16.309
20250417,3481,群創,listed,13.55,13.8,13.4,13.65,43556395.0,592451126.0,,data/daily_price/20250417.csv,13.6,14.89,14.5083,14.9271,14.4339,0.738,14.2259,-14.6875,-6.5068,-11.9355,76545801.9,0.569,16.45,16.45,16.95,11.65,11.65,11.65,-8.3277,-5.9161,-8.5555,-5.4308,-17.0213,-17.0213,-19.469,17.1674,17.1674
20250418,3481,群創,listed,13.65,14.15,13.6,14.15,55765038.0,778081348.0,,data/daily_price/20250418.csv,13.81,14.79,14.5083,14.9138,14.4102,3.663,8.0153,-12.3839,0.0,-10.1587,73863624.4,0.755,16.45,16.45,16.95,11.65,11.65,11.65,-4.3272,-2.4698,-5.1211,-1.8058,-13.9818,-13.9818,-16.5192,21.4592,21.4592
20250421,3481,群創,listed,14.1,14.5,14.0,14.45,70073712.0,1002243537.0,,data/daily_price/20250421.csv,13.97,14.695,14.5175,14.9025,14.4135,2.1201,5.8608,-11.6208,3.9568,-8.5443,71956053.1,0.9738,16.45,16.45,16.95,11.65,11.65,11.65,-1.6672,-0.465,-3.0364,0.253,-12.1581,-12.1581,-14.7493,24.0343,24.0343
20250422,3481,群創,listed,14.3,14.55,14.15,14.45,68076013.0,977081404.0,,data/daily_price/20250422.csv,14.05,14.595,14.5317,14.8887,14.4166,0.0,2.847,-12.1581,6.25,-10.2484,71434473.05,0.953,16.35,16.45,16.95,11.65,11.65,11.65,-0.9935,-0.562,-2.9469,0.2319,-11.6208,-12.1581,-14.7493,24.0343,24.0343
20250423,3481,群創,listed,14.65,14.65,14.3,14.4,80330818.0,1161051339.0,,data/daily_price/20250423.csv,14.22,14.5075,14.54,14.8729,14.4152,-0.346,6.2731,-10.8359,3.5971,-11.6564,69794213.65,1.151,16.35,16.45,16.95,11.65,11.65,11.65,-0.741,-0.9629,-3.1797,-0.1054,-11.9266,-12.462,-15.0442,23.6052,23.6052
20250424,3481,群創,listed,14.4,14.4,13.95,14.2,67287090.0,952010600.0,,data/daily_price/20250424.csv,14.33,14.4125,14.5425,14.8558,14.3973,-1.3889,4.0293,-11.8012,1.0676,-12.6154,70071898.85,0.9603,16.3,16.45,16.95,11.65,11.65,11.65,-1.4744,-2.3552,-4.4147,-1.3701,-12.8834,-13.6778,-16.2242,21.8884,21.8884
20250425,3481,群創,listed,14.35,14.5,14.15,14.15,36419345.0,520511385.0,,data/daily_price/20250425.csv,14.33,14.325,14.5475,14.8375,14.3767,-0.3521,0.0,-11.0063,2.1661,-13.4557,68578072.6,0.5311,16.25,16.45,16.95,11.65,11.65,11.65,-1.2216,-2.7324,-4.6335,-1.5765,-12.9231,-13.9818,-16.5192,21.4592,21.4592
20250428,3481,群創,listed,14.2,14.2,13.75,14.0,63508925.0,884007896.0,,data/daily_price/20250428.csv,14.24,14.225,14.5742,14.8175,14.3453,-1.0601,-3.1142,-12.5,12.9032,-14.6341,68921451.5,0.9215,16.25,16.45,16.7,11.65,11.65,11.65,-1.5817,-3.9396,-5.5171,-2.4068,-13.8462,-14.8936,-16.1677,20.1717,20.1717
20250429,3481,群創,listed,13.95,13.95,13.7,13.85,47458854.0,656278882.0,,data/daily_price/20250429.csv,14.12,14.12,14.5742,14.7979,14.304,-1.0714,-4.1522,-13.1661,0.0,-14.5062,68205105.4,0.6958,16.0,16.45,16.6,11.65,11.65,11.65,-1.9122,-4.9688,-6.4057,-3.1739,-13.4375,-15.8055,-16.5663,18.8841,18.8841
20250430,3481,群創,listed,13.85,13.9,13.7,13.7,35986832.0,495809105.0,,data/daily_price/20250430.csv,13.98,14.0225,14.5725,14.7754,14.2537,-1.083,-4.8611,-12.4601,-0.7246,-16.4634,66385380.5,0.5421,15.7,16.45,16.6,11.65,11.65,11.65,-2.2999,-5.9873,-7.2784,-3.8843,-12.7389,-16.7173,-17.4699,17.5966,17.5966
20250502,3481,群創,listed,13.95,14.05,13.85,14.0,39785842.0,555825427.0,,data/daily_price/20250502.csv,13.94,13.9675,14.5717,14.7562,14.2325,2.1898,-1.4085,-7.2848,-0.3559,-14.1104,64240225.45,0.6193,15.7,16.45,16.55,11.65,11.65,11.65,0.2327,-3.9231,-5.1249,-1.6337,-10.828,-14.8936,-15.4079,20.1717,20.1717
20250505,3481,群創,listed,14.0,14.2,13.85,13.95,48396503.0,678036889.0,,data/daily_price/20250505.csv,13.9,13.89,14.5775,14.7379,14.209,-0.3571,-1.4134,-10.0,2.5735,-13.6223,63673502.2,0.7601,15.65,16.45,16.55,11.65,11.65,11.65,0.432,-4.3046,-5.3462,-1.8226,-10.8626,-15.1976,-15.71,19.7425,19.7425
20250506,3481,群創,listed,14.0,14.05,13.8,14.0,33885957.0,472866284.0,,data/daily_price/20250506.csv,13.9,13.8075,14.5883,14.7246,14.1916,0.3584,0.0,-10.5431,4.8689,-10.2564,63685087.6,0.5321,14.65,16.45,16.55,11.65,11.65,11.65,1.3942,-4.0329,-4.9209,-1.3498,-4.4369,-14.8936,-15.4079,20.1717,20.1717
20250507,3481,群創,listed,14.05,14.3,14.0,14.1,47648927.0,674580595.0,,data/daily_price/20250507.csv,13.95,13.8075,14.5967,14.7121,14.1839,0.7143,1.8051,0.0,3.6765,-9.6154,65447057.55,0.7281,14.65,16.45,16.55,11.65,11.65,11.65,2.1184,-3.4026,-4.1604,-0.5918,-3.7543,-14.2857,-14.8036,21.03,21.03
20250508,3481,群創,listed,14.1,14.15,13.95,14.05,47870210.0,673079607.0,,data/daily_price/20250508.csv,14.02,13.87,14.6042,14.7012,14.1728,-0.3546,2.5547,9.7656,3.3088,-8.4691,58868490.45,0.8132,14.65,16.45,16.55,11.65,11.65,11.65,1.2978,-3.7946,-4.4299,-0.8663,-4.0956,-14.5897,-15.1057,20.6009,20.6009
20250509,3481,群創,listed,14.0,14.1,13.9,13.95,67282690.0,942035332.0,,data/daily_price/20250509.csv,14.01,13.97,14.6067,14.6871,14.1542,-0.7117,-0.3571,16.7364,1.087,-10.8626,55082393.6,1.2215,14.65,16.45,16.55,13.05,11.65,11.65,-0.1432,-4.4957,-5.0186,-1.4427,-4.7782,-15.1976,-15.71,19.7425,19.7425
20250512,3481,群創,listed,14.1,14.3,14.05,14.1,48302598.0,683910122.0,,data/daily_price/20250512.csv,14.04,14.02,14.6158,14.6758,14.1497,1.0753,1.0753,7.6336,4.059,-8.7379,55320111.85,0.8731,14.65,16.45,16.55,13.4,11.65,11.65,0.5706,-3.5293,-3.9237,-0.3512,-3.7543,-14.2857,-14.8036,21.03,21.03
20250513,3481,群創,listed,14.25,14.3,14.05,14.1,82352174.0,1166997383.0,,data/daily_price/20250513.csv,14.06,14.0425,14.6258,14.6562,14.1455,0.0,0.7143,3.2967,4.4444,-14.2857,54996669.65,1.4974,14.65,16.45,16.45,13.4,11.65,11.65,0.4095,-3.5952,-3.7953,-0.322,-3.7543,-14.2857,-14.2857,21.03,21.03
20250514,3481,群創,listed,14.25,14.55,14.0,14.1,95558410.0,1355695174.0,,data/daily_price/20250514.csv,14.06,14.045,14.6375,14.6396,14.1418,0.0,0.0,0.3559,5.2239,-12.4224,56941545.55,1.6782,14.65,16.45,16.45,13.4,11.65,11.65,0.3916,-3.6721,-3.6858,-0.2953,-3.7543,-14.2857,-14.2857,21.03,21.03
20250515,3481,群創,listed,14.1,14.15,14.0,14.0,45022858.0,632056018.0,,data/daily_price/20250515.csv,14.05,14.0675,14.6383,14.6242,14.1299,-0.7092,-0.3559,3.321,0.3584,-11.6719,56228459.55,0.8007,14.65,16.45,16.45,13.4,11.65,11.65,-0.4798,-4.3607,-4.268,-0.9196,-4.4369,-14.8936,-14.8936,20.1717,20.1717
20250516,3481,群創,listed,14.15,14.25,13.95,14.05,79896742.0,1125442198.0,,data/daily_price/20250516.csv,14.07,14.0875,14.6367,14.6129,14.1233,0.3571,0.7168,2.9304,-0.7067,-8.7662,58045476.9,1.3765,14.65,16.45,16.45,13.6,11.65,11.65,-0.2662,-4.0082,-3.8522,-0.5189,-4.0956,-14.5897,-14.5897,20.6009,20.6009
20250519,3481,群創,listed,14.1,14.15,13.9,13.9,78610388.0,1101478993.0,,data/daily_price/20250519.csv,14.03,14.075,14.6275,14.6017,14.1047,-1.0676,-1.4184,-1.7668,-3.8062,-8.8525,59187744.4,1.3282,14.65,16.45,16.45,13.7,11.65,11.65,-1.2433,-4.9735,-4.8054,-1.4511,-5.1195,-15.5015,-15.5015,19.3133,19.3133
20250520,3481,群創,listed,14.0,14.05,13.85,14.0,68602550.0,958798833.0,,data/daily_price/20250520.csv,14.01,14.0525,14.6217,14.5946,14.096,0.7194,-0.7092,-3.1142,-2.439,-5.7239,59114186.3,1.1605,14.65,16.45,16.45,13.7,11.65,11.65,-0.3736,-4.2517,-4.074,-0.6807,-4.4369,-14.8936,-14.8936,20.1717,20.1717
20250522,3481,群創,listed,13.15,13.4,13.05,13.15,91212267.0,1206041376.0,,data/daily_price/20250522.csv,13.82,13.9875,14.5925,14.5767,14.0171,-6.0714,-6.7376,-8.9965,-11.745,-14.0523,60270999.0,1.5134,14.65,16.45,16.45,13.05,11.65,11.65,-5.9875,-9.8852,-9.7873,-6.1862,-10.2389,-20.0608,-20.0608,12.8755,12.8755
20250523,3481,群創,listed,13.15,13.15,13.0,13.0,53478993.0,697482607.0,,data/daily_price/20250523.csv,13.62,13.9175,14.5592,14.5567,13.9324,-1.1407,-7.1429,-9.7222,-13.3333,-15.5844,58928407.75,0.9075,14.55,16.45,16.45,13.0,11.65,11.65,-6.5924,-10.7092,-10.6938,-6.6921,-10.6529,-20.9726,-20.9726,11.588,11.588
20250526,3481,群創,listed,13.1,13.15,12.75,12.75,73165348.0,940323493.0,,data/daily_price/20250526.csv,13.36,13.845,14.52,14.5358,13.8338,-1.9231,-9.2527,-10.2113,-15.5629,-16.3934,59222320.65,1.2354,14.55,16.45,16.45,12.75,11.65,11.65,-7.909,-12.1901,-12.2857,-7.8346,-12.3711,-22.4924,-22.4924,9.4421,9.4421
20250527,3481,群創,listed,12.8,12.85,12.5,12.55,70769943.0,894740936.0,,data/daily_price/20250527.csv,13.09,13.765,14.4783,14.5142,13.7268,-1.5686,-9.7122,-11.3074,-16.6113,-17.1617,60939850.55,1.1613,14.55,16.45,16.45,12.5,11.65,11.65,-8.8267,-13.3188,-13.5328,-8.5733,-13.7457,-23.7082,-23.7082,7.7253,7.7253
20250528,3481,群創,listed,12.65,12.7,12.3,12.35,59155040.0,736272452.0,,data/daily_price/20250528.csv,12.76,13.6825,14.4333,14.49,13.6121,-1.5936,-11.7857,-11.7857,-17.9402,-19.0164,60722156.3,0.9742,14.55,16.45,16.45,12.3,11.65,11.65,-9.7387,-14.4342,-14.7688,-9.2719,-15.1203,-24.924,-24.924,6.0086,6.0086
20250529,3481,群創,listed,12.45,12.5,12.15,12.2,76166144.0,933837664.0,,data/daily_price/20250529.csv,12.57,13.6,14.3858,14.4625,13.4944,-1.2146,-7.2243,-11.9134,-18.9369,-21.2903,62157520.8,1.2254,14.55,16.45,16.45,12.15,11.65,11.65,-10.2941,-15.1943,-15.6439,-9.5923,-16.1512,-25.8359,-25.8359,4.721,4.721
20250602,3481,群創,listed,12.25,12.3,11.8,11.8,72496172.0,866933064.0,,data/daily_price/20250602.csv,12.33,13.505,14.3433,14.4325,13.3532,-3.2787,-9.2308,-13.8686,-17.77,-23.3766,63982987.8,1.1331,14.55,16.45,16.45,11.8,11.65,11.65,-12.625,-17.7318,-18.2401,-11.6319,-18.9003,-28.2675,-28.2675,1.2876,1.2876
20250603,3481,群創,listed,11.9,11.95,11.75,11.85,56783319.0,673020480.0,,data/daily_price/20250603.csv,12.15,13.3975,14.2975,14.4038,13.228,0.4237,-7.0588,-15.3571,-18.8356,-22.549,64832861.65,0.8758,14.55,16.45,16.45,11.75,11.65,11.65,-11.5507,-17.1184,-17.7298,-10.417,-18.5567,-27.9635,-27.9635,1.7167,1.7167
20250604,3481,群創,listed,11.85,12.1,11.85,11.95,58930980.0,705277184.0,,data/daily_price/20250604.csv,12.03,13.2975,14.2525,14.3775,13.1215,0.8439,-4.7809,-14.3369,-18.43,-20.8609,65359585.5,0.9016,14.55,16.45,16.45,11.75,11.65,11.65,-10.1335,-16.1551,-16.884,-8.9278,-17.8694,-27.3556,-27.3556,2.5751,2.5751
20250605,3481,群創,listed,12.0,12.2,11.95,12.1,55899619.0,676624186.0,,data/daily_price/20250605.csv,11.98,13.2025,14.2017,14.3533,13.0363,1.2552,-2.0243,-13.5714,-20.132,-19.3333,66460268.6,0.8411,14.55,16.45,16.45,11.75,11.65,11.65,-8.3507,-14.7987,-15.699,-7.1825,-16.8385,-26.4438,-26.4438,3.8627,3.8627
20250606,3481,群創,listed,12.1,12.3,12.05,12.1,41614734.0,506613832.0,,data/daily_price/20250606.csv,11.96,13.1025,14.1533,14.3279,12.9583,0.0,-0.8197,-14.1844,-19.3333,-20.132,66158558.95,0.629,14.55,16.45,16.45,11.75,11.65,11.65,-7.6512,-14.5078,-15.5495,-6.6236,-16.8385,-26.4438,-26.4438,3.8627,3.8627
20250609,3481,群創,listed,12.2,12.2,11.85,11.9,41624958.0,496589559.0,,data/daily_price/20250609.csv,11.98,12.995,14.1025,14.3004,12.8701,-1.6529,0.8475,-15.3025,-20.4013,-21.7105,65846296.35,0.6322,14.55,16.45,16.45,11.75,11.65,11.65,-8.4263,-15.6178,-16.7856,-7.5378,-18.2131,-27.6596,-27.6596,2.1459,2.1459
20250610,3481,群創,listed,11.95,12.15,11.9,12.05,39701433.0,479287792.0,,data/daily_price/20250610.csv,12.02,12.9,14.055,14.2721,12.8018,1.2605,1.6878,-13.6201,-19.1275,-22.0065,64467233.5,0.6158,14.55,16.45,16.45,11.75,11.65,11.65,-6.5891,-14.2654,-15.5694,-5.8724,-17.1821,-26.7477,-26.7477,3.4335,3.4335
20250611,3481,群創,listed,12.15,12.2,12.1,12.1,27980570.0,339627027.0,,data/daily_price/20250611.csv,12.05,12.8,14.0083,14.2429,12.7433,0.4149,1.2552,-14.1844,-18.7919,-22.4359,63451132.1,0.441,14.55,16.45,16.45,11.75,11.65,11.65,-5.4688,-13.6228,-15.0455,-5.0481,-16.8385,-26.4438,-26.4438,3.8627,3.8627
20250612,3481,群創,listed,12.15,12.2,12.05,12.1,24428340.0,296250482.0,,data/daily_price/20250612.csv,12.05,12.7,13.9617,14.2162,12.6897,0.0,0.0,-14.1844,-18.7919,-20.915,60554940.4,0.4034,14.55,16.45,16.45,11.75,11.65,11.65,-4.7244,-13.3341,-14.8861,-4.647,-16.8385,-26.4438,-26.4438,3.8627,3.8627
20250613,3481,群創,listed,12.05,12.2,12.0,12.15,38727823.0,469523937.0,,data/daily_price/20250613.csv,12.06,12.6025,13.9192,14.1862,12.6447,0.4132,0.4132,-13.8298,-17.3469,-22.8571,57713411.05,0.671,14.25,16.45,16.45,11.75,11.65,11.65,-3.5906,-12.7103,-14.3537,-3.9124,-14.7368,-26.1398,-26.1398,4.2918,4.2918
20250616,3481,群創,listed,12.1,12.1,11.95,12.05,26573087.0,319934908.0,,data/daily_price/20250616.csv,12.09,12.505,13.86,14.1562,12.5952,-0.823,1.2605,-13.9286,-22.7564,-23.0032,56790922.5,0.4679,14.25,16.45,16.45,11.75,11.65,11.65,-3.6385,-13.0592,-14.8786,-4.3283,-15.4386,-26.7477,-26.7477,3.4335,3.4335
20250617,3481,群創,listed,12.15,12.15,12.0,12.0,24899757.0,299963023.0,,data/daily_price/20250617.csv,12.08,12.4025,13.7933,14.1271,12.5456,-0.4149,-0.4149,-14.5907,-25.0,-22.5806,54041073.25,0.4608,14.15,16.45,16.45,11.75,11.65,11.65,-3.2453,-13.0014,-15.0568,-4.3486,-15.1943,-27.0517,-27.0517,3.0043,3.0043
20250618,3481,群創,listed,12.0,12.15,12.0,12.05,23999913.0,290100732.0,,data/daily_price/20250618.csv,12.07,12.31,13.725,14.0979,12.5043,0.4167,-0.4132,-13.3094,-25.387,-22.508,51310549.5,0.4677,14.05,16.45,16.45,11.75,11.65,11.65,-2.1121,-12.204,-14.5264,-3.6329,-14.2349,-26.7477,-26.7477,3.4335,3.4335
20250619,3481,群創,listed,12.1,12.15,11.85,11.85,39851754.0,474895426.0,,data/daily_price/20250619.csv,12.02,12.2025,13.65,14.0654,12.4497,-1.6598,-2.0661,-15.3571,-27.5229,-24.7619,49873009.7,0.7991,13.4,16.45,16.45,11.75,11.65,11.65,-2.8888,-13.1868,-15.7508,-4.8173,-11.5672,-27.9635,-27.9635,1.7167,1.7167
20250620,3481,群創,listed,11.85,11.95,11.55,11.55,61532334.0,716064641.0,,data/daily_price/20250620.csv,11.9,12.1225,13.5683,14.0338,12.3748,-2.5316,-4.9383,-12.1673,-29.7872,-24.7557,48389013.05,1.2716,13.15,16.35,16.45,11.55,11.55,11.55,-4.7226,-14.8753,-17.6984,-6.6649,-12.1673,-29.3578,-29.7872,0.0,0.0
20250623,3481,群創,listed,11.35,11.4,11.2,11.35,47562512.0,537726019.0,,data/daily_price/20250623.csv,11.76,12.04,13.4883,14.0012,12.2894,-1.7316,-5.8091,-12.6923,-29.7214,-25.5738,48093189.0,0.989,13.15,16.35,16.45,11.2,11.2,11.2,-5.7309,-15.8532,-18.9358,-7.6437,-13.6882,-30.581,-31.003,1.3393,1.3393
20250624,3481,群創,listed,11.45,11.55,11.35,11.45,35335181.0,405384675.0,,data/daily_price/20250624.csv,11.65,11.975,13.4108,13.9717,12.2194,0.8811,-4.5833,-10.1961,-28.882,-23.6667,46201680.65,0.7648,12.85,16.3,16.45,11.2,11.2,11.2,-4.3841,-14.6213,-18.0484,-6.2967,-10.8949,-29.7546,-30.3951,2.2321,2.2321
20250625,3481,群創,listed,11.5,11.55,11.35,11.4,36965955.0,421336245.0,,data/daily_price/20250625.csv,11.52,11.9175,13.3358,13.9408,12.1511,-0.4367,-5.3942,-9.1633,-28.3019,-24.5033,44511481.25,0.8305,12.7,16.25,16.45,11.2,11.2,11.2,-4.3424,-14.516,-18.2258,-6.1816,-10.2362,-29.8462,-30.6991,1.7857,1.7857
20250626,3481,群創,listed,11.5,11.85,11.45,11.6,54739606.0,638186535.0,,data/daily_price/20250626.csv,11.47,11.88,13.2625,13.9133,12.1052,1.7544,-2.1097,-6.0729,-27.5,-22.1477,44290709.55,1.2359,12.5,16.25,16.45,11.2,11.2,11.2,-2.3569,-12.5353,-16.6267,-4.1735,-7.2,-28.6154,-29.4833,3.5714,3.5714
20250627,3481,群創,listed,12.1,12.3,11.85,12.0,100746842.0,1212615653.0,,data/daily_price/20250627.csv,11.56,11.87,13.1967,13.8942,12.0964,3.4483,3.8961,-1.6393,-24.7649,-16.0839,45519744.45,2.2133,12.3,16.0,16.45,11.2,11.2,11.2,1.0952,-9.0679,-13.6328,-0.7972,-2.439,-25.0,-27.0517,7.1429,7.1429
20250630,3481,群創,listed,12.0,12.0,11.7,11.7,45854694.0,538914311.0,,data/daily_price/20250630.csv,11.63,11.865,13.1308,13.8667,12.0634,-2.5,3.0837,-0.8475,-25.2396,-22.0,44187670.55,1.0377,12.3,15.7,16.45,11.2,11.2,11.2,-1.3906,-10.8967,-15.625,-3.0124,-4.878,-25.4777,-28.8754,4.4643,4.4643
20250701,3481,群創,listed,11.65,11.9,11.55,11.65,36634427.0,429337208.0,,data/daily_price/20250701.csv,11.67,11.855,13.0733,13.84,12.029,-0.4274,1.7467,-1.6878,-22.8477,-21.5488,43180225.95,0.8484,12.3,15.7,16.45,11.2,11.2,11.2,-1.7292,-10.8873,-15.8237,-3.1503,-5.2846,-25.7962,-29.1793,4.0179,4.0179
20250702,3481,群創,listed,11.65,11.8,11.65,11.7,25883991.0,302874746.0,,data/daily_price/20250702.csv,11.73,11.8425,13.01,13.8146,12.0015,0.4292,2.6316,-2.0921,-24.5161,-20.678,41527876.5,0.6233,12.3,15.65,16.45,11.2,11.2,11.2,-1.2033,-10.0692,-15.3069,-2.5125,-4.878,-25.2396,-28.8754,4.4643,4.4643
20250703,3481,群創,listed,11.8,12.0,11.7,11.95,48266502.0,575376649.0,,data/daily_price/20250703.csv,11.8,11.835,12.9483,13.7921,11.9972,2.1368,3.0172,-1.2397,-23.6422,-18.43,41146220.65,1.173,12.3,14.65,16.45,11.2,11.2,11.2,0.9717,-7.7101,-13.3561,-0.3938,-2.8455,-18.43,-27.3556,6.6964,6.6964
20250704,3481,群創,listed,12.0,12.1,11.8,11.85,32328815.0,385271335.0,,data/daily_price/20250704.csv,11.77,11.8225,12.9108,13.7696,11.985,-0.8368,-1.25,-2.0661,-15.9574,-18.5567,40681924.7,0.7947,12.3,14.65,16.45,11.2,11.2,11.2,0.2326,-8.2166,-13.9408,-1.1262,-3.6585,-19.1126,-27.9635,5.8036,5.8036
20250707,3481,群創,listed,11.85,11.85,11.55,11.7,27073348.0,316194990.0,,data/daily_price/20250707.csv,11.77,11.8125,12.8925,13.7475,11.9612,-1.2658,0.0,-1.6807,-8.5938,-18.4669,39954344.2,0.6776,12.3,14.65,16.45,11.2,11.2,11.2,-0.9524,-9.2496,-14.8936,-2.1839,-4.878,-20.1365,-28.8754,4.4643,4.4643
20250708,3481,群創,listed,11.6,11.75,11.45,11.5,39469812.0,455385540.0,,data/daily_price/20250708.csv,11.74,11.785,12.885,13.7238,11.9228,-1.7094,-1.2876,-4.5643,-3.7657,-19.8606,39942763.15,0.9882,12.3,14.65,16.45,11.2,11.2,11.2,-2.4183,-10.7489,-16.2037,-3.5461,-6.5041,-21.5017,-30.0912,2.6786,2.6786
20250709,3481,群創,listed,11.5,11.65,11.4,11.65,33487593.0,386890098.0,,data/daily_price/20250709.csv,11.73,11.7625,12.8608,13.7033,11.9001,1.3043,-0.4274,-3.719,-11.0687,-17.3759,40218114.3,0.8326,12.3,14.65,16.45,11.2,11.2,11.2,-0.9564,-9.4149,-14.9842,-2.1013,-5.2846,-20.4778,-29.1793,4.0179,4.0179
20250710,3481,群創,listed,11.75,11.75,11.4,11.4,28189121.0,324348074.0,,data/daily_price/20250710.csv,11.62,11.7275,12.8233,13.6821,11.8584,-2.1459,-4.6025,-5.7851,-16.4835,-18.2796,40406153.35,0.6976,12.3,14.65,16.45,11.2,11.2,11.2,-2.7926,-11.0996,-16.6794,-3.8655,-7.3171,-22.1843,-30.6991,1.7857,1.7857
20250711,3481,群創,listed,11.4,11.6,11.3,11.45,37402911.0,428167229.0,,data/daily_price/20250711.csv,11.54,11.6925,12.78,13.66,11.8244,0.4386,-3.3755,-5.7613,-18.5053,-18.7943,40339907.75,0.9272,12.3,14.65,16.45,11.2,11.2,11.2,-2.074,-10.4069,-16.1786,-3.166,-6.9106,-21.843,-30.3951,2.2321,2.2321
20250714,3481,群創,listed,11.45,11.45,11.3,11.35,25706077.0,292218761.0,,data/daily_price/20250714.csv,11.47,11.6575,12.7433,13.6338,11.7848,-0.8734,-2.9915,-5.8091,-16.2362,-21.7241,40296557.25,0.6379,12.3,14.65,16.45,11.2,11.2,11.2,-2.6378,-10.9338,-16.7507,-3.6897,-7.7236,-22.5256,-31.003,1.3393,1.3393
20250715,3481,群創,listed,11.35,11.45,11.2,11.2,43544572.0,491036461.0,,data/daily_price/20250715.csv,11.41,11.6175,12.7025,13.6054,11.7361,-1.3216,-2.6087,-6.6667,-17.9487,-23.2877,41228798.0,1.0562,12.3,14.65,16.45,11.2,11.2,11.2,-3.5937,-11.8284,-17.6798,-4.5679,-8.9431,-23.5495,-31.9149,0.0,0.0
20250716,3481,群創,listed,11.25,11.35,11.1,11.2,65044707.0,731372064.0,,data/daily_price/20250716.csv,11.32,11.575,12.6533,13.5808,11.6914,0.0,-3.8627,-7.0539,-20.8481,-20.8481,43281037.7,1.5028,12.3,14.65,16.45,11.1,11.1,11.1,-3.2397,-11.4858,-17.5308,-4.2032,-8.9431,-23.5495,-31.9149,0.9009,0.9009
20250717,3481,群創,listed,11.25,11.4,11.2,11.35,76705595.0,867830267.0,,data/daily_price/20250717.csv,11.31,11.55,12.6017,13.5596,11.663,1.3393,-0.4386,-4.2194,-21.4533,-18.3453,45123729.75,1.6999,12.3,14.65,16.45,11.1,11.1,11.1,-1.7316,-9.9325,-16.2954,-2.6834,-7.7236,-22.5256,-31.003,2.2523,2.2523
20250718,3481,群創,listed,11.4,11.5,11.25,11.25,55607735.0,631134665.0,,data/daily_price/20250718.csv,11.27,11.535,12.5483,13.54,11.6286,-0.8811,-1.7467,-2.5974,-22.1453,-17.2794,44827499.8,1.2405,12.3,14.65,16.45,11.1,11.1,11.1,-2.4707,-10.3467,-16.9129,-3.2554,-8.5366,-23.2082,-31.6109,1.3514,1.3514
20250721,3481,群創,listed,11.25,11.35,11.2,11.2,53949658.0,606346881.0,,data/daily_price/20250721.csv,11.24,11.5275,12.495,13.5175,11.5928,-0.4444,-1.3216,-1.3216,-22.2222,-19.4245,45146857.1,1.195,12.3,14.55,16.45,11.1,11.1,11.1,-2.841,-10.3641,-17.1444,-3.3886,-8.9431,-23.0241,-31.9149,0.9009,0.9009
20250722,3481,群創,listed,11.3,11.3,11.0,11.0,80524769.0,894367274.0,,data/daily_price/20250722.csv,11.2,11.505,12.4417,13.4921,11.5434,-1.7857,-1.7857,-3.9301,-22.5352,-21.7082,47406336.5,1.6986,12.3,14.55,16.45,11.0,11.0,11.0,-4.3894,-11.5874,-18.4707,-4.7077,-10.5691,-24.3986,-33.1307,0.0,0.0
20250723,3481,群創,listed,11.1,11.5,11.05,11.45,75972312.0,860774508.0,,data/daily_price/20250723.csv,11.25,11.5075,12.3967,13.4721,11.5356,4.0909,2.2321,0.4386,-19.0813,-17.3285,49356654.35,1.5393,12.3,14.55,16.45,11.0,11.0,11.0,-0.4997,-7.6365,-15.0094,-0.7425,-6.9106,-21.3058,-30.3951,4.0909,4.0909
20250724,3481,群創,listed,11.45,11.55,11.25,11.5,48597210.0,555058646.0,,data/daily_price/20250724.csv,11.28,11.5025,12.355,13.4646,11.5327,0.4367,1.3216,-0.8621,-17.8571,-7.2581,49049534.55,0.9908,12.3,14.55,16.45,11.0,11.0,11.0,-0.0217,-6.9203,-14.5907,-0.2833,-6.5041,-20.9622,-30.0912,4.5455,4.5455
20250725,3481,群創,listed,11.45,11.6,11.4,11.6,36342155.0,419520903.0,,data/daily_price/20250725.csv,11.35,11.4825,12.3175,13.4458,11.5383,0.8696,3.1111,-3.3333,-16.2455,-16.2455,45829300.2,0.793,12.1,14.55,16.45,11.0,11.0,11.0,1.0233,-5.825,-13.7279,0.5348,-4.1322,-20.2749,-29.4833,5.4545,5.4545
20250728,3481,群創,listed,11.55,11.85,11.5,11.7,55206653.0,645790895.0,,data/daily_price/20250728.csv,11.45,11.4825,12.2842,13.4283,11.5518,0.8621,4.4643,0.0,-14.5985,-15.2174,46296898.15,1.1924,12.1,14.55,16.45,11.0,11.0,11.0,1.8942,-4.7554,-12.8708,1.2832,-3.3058,-19.5876,-28.8754,6.3636,6.3636
20250729,3481,群創,listed,11.8,12.0,11.65,11.7,59645710.0,704857950.0,,data/daily_price/20250729.csv,11.59,11.485,12.2458,13.4088,11.5641,0.0,6.3636,0.4292,-16.4286,-16.726,47447462.3,1.2571,12.1,14.55,16.45,11.0,11.0,11.0,1.872,-4.4573,-12.7435,1.175,-3.3058,-19.5876,-28.8754,6.3636,6.3636
20250730,3481,群創,listed,11.8,11.9,11.65,11.9,43263967.0,511615387.0,,data/daily_price/20250730.csv,11.68,11.495,12.2117,13.3946,11.5921,1.7094,3.9301,1.7094,-14.6953,-12.5,48316461.1,0.8954,12.1,14.55,16.45,11.0,11.0,11.0,3.5233,-2.5522,-11.1581,2.6561,-1.6529,-18.2131,-27.6596,8.1818,8.1818
20250731,3481,群創,listed,11.9,11.9,11.55,11.55,48315392.0,564330221.0,,data/daily_price/20250731.csv,11.69,11.475,12.1708,13.3796,11.5886,-2.9412,0.4348,-3.3473,-17.5,-13.4831,48318905.6,0.9999,12.1,14.55,16.45,11.0,11.0,11.0,0.6536,-5.101,-13.6744,-0.3331,-4.5455,-20.6186,-29.7872,5.0,5.0
20250801,3481,群創,listed,11.4,11.45,11.25,11.3,49891017.0,564884183.0,,data/daily_price/20250801.csv,11.63,11.4475,12.1242,13.3604,11.5645,-2.1645,-2.5862,-4.6414,-19.8582,-16.9118,49197015.7,1.0141,12.0,14.55,16.45,11.0,11.0,11.0,-1.2885,-6.7977,-15.4218,-2.2876,-5.8333,-22.3368,-31.307,2.7273,2.7273
20250804,3481,群創,listed,11.4,11.5,11.25,11.45,34770253.0,396812698.0,,data/daily_price/20250804.csv,11.58,11.435,12.0808,13.3425,11.555,1.3274,-2.1368,-2.1368,-18.5053,-15.8088,49581860.95,0.7013,12.0,14.55,16.45,11.0,11.0,11.0,0.1312,-5.2218,-14.184,-0.9087,-4.5833,-21.3058,-30.3951,4.0909,4.0909
20250805,3481,群創,listed,11.55,11.7,11.4,11.65,46022566.0,533117787.0,,data/daily_price/20250805.csv,11.57,11.4425,12.0425,13.3246,11.5629,1.7467,-0.4274,1.3043,-16.4875,-15.5797,49909498.65,0.9221,12.0,14.55,16.45,11.0,11.0,11.0,1.8134,-3.2593,-12.5676,0.7531,-2.9167,-19.9313,-29.1793,5.9091,5.9091
20250806,3481,群創,listed,11.6,11.95,11.55,11.9,75750619.0,895894034.0,,data/daily_price/20250806.csv,11.57,11.455,12.0058,13.3108,11.591,2.1459,0.0,2.1459,-15.6028,-12.1771,52022649.95,1.4561,12.0,14.55,16.45,11.0,11.0,11.0,3.8848,-0.8815,-10.5991,2.6658,-0.8333,-18.2131,-27.6596,8.1818,8.1818
20250807,3481,群創,listed,11.95,11.95,11.7,11.75,50382551.0,592748007.0,,data/daily_price/20250807.csv,11.61,11.4725,11.9667,13.2962,11.6043,-1.2605,1.7316,3.0702,-16.6667,-12.963,53132321.45,0.9482,12.0,14.55,16.45,11.0,11.0,11.0,2.4188,-1.8106,-11.6292,1.2559,-2.0833,-19.244,-28.5714,6.8182,6.8182
20250808,3481,群創,listed,11.75,11.95,11.7,11.75,32380519.0,381843276.0,,data/daily_price/20250808.csv,11.7,11.4875,11.9275,13.2825,11.6164,0.0,3.9823,2.6201,-16.6667,-12.3134,52881201.85,0.6123,12.0,14.25,16.45,11.0,11.0,11.0,2.2851,-1.4882,-11.5377,1.1501,-2.0833,-17.5439,-28.5714,6.8182,6.8182
20250811,3481,群創,listed,11.85,12.1,11.85,12.1,88069601.0,1059586109.0,,data/daily_price/20250811.csv,11.83,11.525,11.8958,13.2671,11.6567,2.9787,5.6769,6.6079,-13.5714,-13.2616,55999378.05,1.5727,12.1,14.25,16.45,11.0,11.0,11.0,4.9892,1.7163,-8.7968,3.8029,0.0,-15.0877,-26.4438,10.0,10.0
20250812,3481,群創,listed,12.1,12.3,12.05,12.2,54005411.0,658698651.0,,data/daily_price/20250812.csv,11.94,11.575,11.865,13.2508,11.702,0.8264,4.721,8.9286,-13.1673,-13.7809,56522420.0,0.9555,12.3,14.15,16.45,11.0,11.0,11.0,5.3996,2.8234,-7.9303,4.2559,-0.813,-13.7809,-25.8359,10.9091,10.9091
20250813,3481,群創,listed,12.25,12.5,12.1,12.3,78742491.0,970772605.0,,data/daily_price/20250813.csv,12.02,11.63,11.8383,13.2329,11.7518,0.8197,3.3613,9.8214,-11.5108,-14.8789,57207309.2,1.3764,12.5,14.05,16.45,11.0,11.0,11.0,5.761,3.8998,-7.05,4.6647,-1.6,-12.4555,-25.228,11.8182,11.8182
20250814,3481,群創,listed,12.35,12.45,12.25,12.3,40671865.0,501163679.0,,data/daily_price/20250814.csv,12.13,11.6775,11.81,13.2158,11.7975,0.0,4.6809,8.37,-12.1429,-14.2857,55405622.7,0.7341,12.5,13.4,16.45,11.0,11.0,11.0,5.3308,4.149,-6.9298,4.2594,-1.6,-8.209,-25.228,11.8182,11.8182
20250815,3481,群創,listed,12.35,12.4,12.2,12.4,35177097.0,433577840.0,,data/daily_price/20250815.csv,12.26,11.735,11.7975,13.195,11.8477,0.813,5.5319,10.2222,-5.7034,-16.7785,54384090.8,0.6468,12.5,13.15,16.45,11.0,11.0,11.0,5.6668,5.107,-6.025,4.6616,-0.8,-5.7034,-24.6201,12.7273,12.7273
20250818,3481,群創,listed,12.4,12.8,12.4,12.7,68290578.0,863694868.0,,data/daily_price/20250818.csv,12.38,11.81,11.7925,13.1758,11.9187,2.4194,4.9587,13.3929,-2.3077,-15.3333,55101136.8,1.2394,12.8,13.15,16.45,11.0,11.0,11.0,7.536,7.6956,-3.6114,6.555,-0.7813,-3.4221,-22.7964,15.4545,15.4545
20250819,3481,群創,listed,12.75,12.85,12.7,12.8,50364590.0,643165984.0,,data/daily_price/20250819.csv,12.5,11.9,11.7933,13.1567,11.9922,0.7874,4.918,16.3636,0.3922,-15.2318,53593127.85,0.9398,12.85,12.85,16.45,11.05,11.0,11.0,7.563,8.5359,-2.7109,6.7363,-0.3891,-0.3891,-22.1884,16.3636,16.3636
20250820,3481,群創,listed,12.75,12.8,12.5,12.6,48298737.0,609989728.0,,data/daily_price/20250820.csv,12.56,11.9575,11.7942,13.1362,12.0428,-1.5625,2.439,10.0437,0.3984,-16.2791,52209449.1,0.9251,12.85,12.85,16.45,11.25,11.0,11.0,5.3732,6.8325,-4.0822,4.6267,-1.9455,-1.9455,-23.4043,14.5455,14.5455
20250821,3481,群創,listed,12.7,13.75,12.65,13.4,176546884.0,2349647617.0,,data/daily_price/20250821.csv,12.78,12.0525,11.8117,13.1225,12.1559,6.3492,8.9431,16.5217,8.502,-10.9635,58606932.8,3.0124,13.75,13.75,16.45,11.25,11.0,11.0,11.1803,13.4472,2.1147,10.2344,-2.5455,-2.5455,-18.541,21.8182,21.8182
20250822,3481,群創,listed,13.55,13.7,13.15,13.2,95426071.0,1272049668.0,,data/daily_price/20250822.csv,12.94,12.1325,11.8283,13.1071,12.2429,-1.4925,6.4516,13.7931,8.1967,-12.2924,61561128.6,1.5501,13.75,13.75,16.45,11.25,11.0,11.0,8.7987,11.5964,0.7089,7.8174,-4.0,-4.0,-19.7568,20.0,20.0
20250825,3481,群創,listed,13.5,13.6,13.25,13.4,62556284.0,835855913.0,,data/daily_price/20250825.csv,13.08,12.2175,11.855,13.0992,12.3393,1.5152,5.5118,14.5299,13.5593,-6.6202,61928610.15,1.0101,13.75,13.75,16.45,11.25,11.0,11.0,9.6787,13.0325,2.2966,8.5957,-2.5455,-2.5455,-18.541,21.8182,21.8182
20250826,3481,群創,listed,13.45,13.65,13.2,13.35,92092798.0,1234370886.0,,data/daily_price/20250826.csv,13.19,12.3,11.88,13.0887,12.4236,-0.3731,4.2969,14.1026,12.6582,-8.5616,63550964.55,1.4491,13.75,13.75,16.45,11.25,11.0,11.0,8.5366,12.3737,1.996,7.457,-2.9091,-2.9091,-18.845,21.3636,21.3636
20250827,3481,群創,listed,13.3,13.45,13.1,13.35,63193139.0,840017321.0,,data/daily_price/20250827.csv,13.34,12.3725,11.9033,13.0779,12.5008,0.0,5.9524,12.1849,11.7155,-8.8737,64547423.15,0.979,13.75,13.75,16.45,11.25,11.0,11.0,7.9006,12.1535,2.0805,6.7934,-2.9091,-2.9091,-18.845,21.3636,21.3636
20250828,3481,群創,listed,13.45,14.3,13.45,14.15,201612411.0,2820306016.0,,data/daily_price/20250828.csv,13.49,12.5025,11.9375,13.0696,12.6382,5.9925,5.597,22.5108,16.9421,-6.6007,72212274.1,2.7919,14.3,14.3,16.45,11.25,11.0,11.0,13.1774,18.534,8.2666,11.9621,-1.049,-1.049,-13.9818,28.6364,28.6364
20250829,3481,群創,listed,14.2,14.35,14.0,14.05,95846324.0,1353970621.0,,data/daily_price/20250829.csv,13.66,12.64,11.97,13.0617,12.7559,-0.7067,6.4394,24.3363,16.1157,-6.3333,74510039.45,1.2864,14.35,14.35,16.45,11.25,11.0,11.0,11.1551,17.3768,7.5667,10.1455,-2.0906,-2.0906,-14.5897,27.7273,27.7273
20250901,3481,群創,listed,14.05,14.1,13.7,13.85,65951821.0,914014220.0,,data/daily_price/20250901.csv,13.75,12.76,12.0025,13.0525,12.847,-1.4235,3.3582,20.9607,16.3866,-7.3579,76069117.85,0.867,14.35,14.35,16.45,11.4,11.0,11.0,8.5423,15.3926,6.1099,7.807,-3.4843,-3.4843,-15.8055,25.9091,25.9091
20250902,3481,群創,listed,14.2,14.4,13.7,13.75,99744590.0,1399162696.0,,data/daily_price/20250902.csv,13.83,12.865,12.0308,13.0429,12.9223,-0.722,2.9963,18.0258,14.1079,-7.7181,78755219.05,1.2665,14.4,14.4,16.45,11.55,11.0,11.0,6.8791,14.2897,5.4212,6.4053,-4.5139,-4.5139,-16.4134,25.0,25.0
20250903,3481,群創,listed,13.9,13.9,13.35,13.5,75672719.0,1025151741.0,,data/daily_price/20250903.csv,13.86,12.945,12.0542,13.0312,12.9704,-1.8182,1.1236,13.4454,11.5702,-9.396,78751324.05,0.9609,14.4,14.4,16.45,11.7,11.0,11.0,4.2874,11.9945,3.5971,4.0829,-6.25,-6.25,-17.9331,22.7273,22.7273
20250904,3481,群創,listed,13.55,13.7,13.4,13.5,39983517.0,540389128.0,,data/daily_price/20250904.csv,13.73,13.0325,12.0775,13.0196,13.0146,0.0,-4.5936,14.8936,11.5702,-9.396,78231372.35,0.5111,14.4,14.4,16.45,11.7,11.0,11.0,3.5872,11.7781,3.69,3.73,-6.25,-6.25,-17.9331,22.7273,22.7273
20250905,3481,群創,listed,13.7,13.7,13.35,13.5,35874636.0,484053246.0,,data/daily_price/20250905.csv,13.62,13.12,12.1,13.0096,13.055,0.0,-3.9146,14.8936,11.1111,-8.1633,78406078.2,0.4575,14.4,14.4,16.45,11.85,11.0,11.0,2.8963,11.5702,3.7697,3.4086,-6.25,-6.25,-17.9331,22.7273,22.7273
20250909,3481,群創,listed,13.85,13.9,13.65,13.75,30105690.0,413467458.0,,data/daily_price/20250909.csv,13.6,13.2025,12.1283,12.9942,13.1129,1.8519,-0.722,13.6364,14.1079,-11.859,75507882.65,0.3987,14.4,14.4,16.45,12.05,11.0,11.0,4.1469,13.3709,5.8167,4.8584,-4.5139,-4.5139,-16.4134,25.0,25.0
20250910,3481,群創,listed,13.75,13.75,13.5,13.55,45804704.0,622354747.0,,data/daily_price/20250910.csv,13.56,13.27,12.1542,12.9737,13.1493,-1.4545,-1.4545,11.0656,12.9167,-15.3125,75097847.3,0.6099,14.4,14.4,16.45,12.1,11.0,11.0,2.11,11.4844,4.4417,3.0469,-5.9028,-5.9028,-17.6292,23.1818,23.1818
20250911,3481,群創,listed,13.55,13.6,13.15,13.25,56113551.0,748625082.0,,data/daily_price/20250911.csv,13.51,13.3175,12.1742,12.9496,13.1577,-2.214,-1.8519,7.7236,9.9585,-17.9567,73966400.3,0.7586,14.4,14.4,16.45,12.2,11.0,11.0,-0.5069,8.837,2.3199,0.7012,-7.9861,-7.9861,-19.4529,20.4545,20.4545
20250917,3481,群創,listed,13.4,14.05,13.4,13.8,102248363.0,1413813537.0,,data/daily_price/20250917.csv,13.57,13.3925,12.2067,12.9283,13.2113,4.1509,2.2222,12.1951,16.4557,-15.5963,77045225.2,1.3271,14.4,14.4,16.45,12.2,11.0,11.0,3.0427,13.053,6.7423,4.4564,-4.1667,-4.1667,-16.1094,25.4545,25.4545
20250918,3481,群創,listed,13.9,14.0,13.7,13.8,59215263.0,819930446.0,,data/daily_price/20250918.csv,13.63,13.4625,12.2442,12.9062,13.2603,0.0,2.2222,11.2903,19.4805,-16.1094,78247133.5,0.7568,14.4,14.4,16.35,12.4,11.0,11.0,2.507,12.7067,6.9249,4.0699,-4.1667,-4.1667,-15.5963,25.4545,25.4545
20250919,3481,群創,listed,13.9,14.05,13.75,13.95,63825919.0,888117198.0,,data/daily_price/20250919.csv,13.67,13.525,12.2875,12.8879,13.3178,1.087,1.4545,9.8425,22.9075,-13.6223,78023900.55,0.818,14.4,14.4,16.35,12.5,11.0,11.0,3.1423,13.53,8.2409,4.7471,-3.125,-3.125,-14.6789,26.8182,26.8182
20250922,3481,群創,listed,14.1,14.35,13.9,14.05,68036000.0,959362269.0,,data/daily_price/20250922.csv,13.77,13.5875,12.3308,12.8708,13.3788,0.7168,3.69,9.7656,22.7074,-12.7329,78907471.05,0.8622,14.4,14.4,16.3,12.5,11.0,11.0,3.4039,13.942,9.1615,5.0168,-2.4306,-2.4306,-13.8037,27.7273,27.7273
20250923,3481,群創,listed,14.1,14.25,13.85,14.15,73768800.0,1037399953.0,,data/daily_price/20250923.csv,13.95,13.665,12.3767,12.8562,13.4431,0.7117,6.7925,12.3016,24.1228,-11.0063,80180974.2,0.92,14.4,14.4,16.25,12.65,11.0,11.0,3.5492,14.328,10.0632,5.2586,-1.7361,-1.7361,-12.9231,28.6364,28.6364
20250924,3481,群創,listed,14.15,14.2,13.9,14.2,48762109.0,686321666.0,,data/daily_price/20250924.csv,14.03,13.705,12.42,12.8412,13.5062,0.3534,2.8986,5.9701,22.4138,-11.25,73791735.45,0.6608,14.4,14.4,16.25,13.1,11.0,11.0,3.6118,14.3317,10.5811,5.1373,-1.3889,-1.3889,-12.6154,29.0909,29.0909
20250925,3481,群創,listed,14.25,15.6,14.25,14.8,383141474.0,5801216683.0,,data/daily_price/20250925.csv,14.23,13.785,12.4667,12.8317,13.614,4.2254,7.2464,12.1212,23.3333,-7.21,88177505.6,4.3451,15.6,15.6,16.0,13.1,11.0,11.0,7.3631,18.7166,15.3397,8.7118,-5.1282,-5.1282,-7.5,34.5455,34.5455
20250926,3481,群創,listed,14.65,14.7,14.1,14.4,125564557.0,1803410453.0,,data/daily_price/20250926.csv,14.32,13.835,12.5117,12.8212,13.6795,-2.7027,3.2258,7.4627,23.0769,-7.9872,91327919.25,1.3749,15.6,15.6,15.7,13.1,11.0,11.0,4.0838,15.0926,12.3135,5.2672,-7.6923,-7.6923,-8.2803,30.9091,30.9091
20250930,3481,群創,listed,14.6,14.65,14.25,14.4,70927738.0,1023967130.0,,data/daily_price/20250930.csv,14.39,13.8875,12.5575,12.8154,13.7395,0.0,2.4911,7.8652,23.6052,-4.6358,90269666.25,0.7857,15.6,15.6,15.7,13.1,11.0,11.0,3.6904,14.6725,12.3647,4.8072,-7.6923,-7.6923,-8.2803,30.9091,30.9091
20251001,3481,群創,listed,14.45,15.2,14.4,14.8,120109585.0,1783032761.0,,data/daily_price/20251001.csv,14.52,13.96,12.6092,12.8096,13.8279,2.7778,4.5936,10.8614,26.4957,-4.5161,93115488.55,1.2899,15.6,15.6,15.65,13.15,11.0,11.0,6.0172,17.3749,15.5385,7.03,-5.1282,-5.1282,-5.4313,34.5455,34.5455
20251002,3481,群創,listed,15.1,15.25,14.55,14.6,100138385.0,1484809972.0,,data/daily_price/20251002.csv,14.6,13.9825,12.6533,12.8008,13.8922,-1.3514,2.8169,3.1802,22.1757,-6.7093,88041787.25,1.1374,15.6,15.6,15.6,13.15,11.0,11.0,4.4162,15.3846,14.0551,5.0947,-6.4103,-6.4103,-6.4103,32.7273,32.7273
20251003,3481,群創,listed,14.6,14.8,14.35,14.65,56273205.0,821227011.0,,data/daily_price/20251003.csv,14.57,14.0125,12.7,12.8054,13.9554,0.3425,-1.0135,4.2705,23.6287,3.9007,86063131.3,0.6539,15.6,15.6,15.6,13.15,11.0,11.0,4.5495,15.3543,14.4047,4.9774,-6.0897,-6.0897,-6.0897,33.1818,33.1818
20251007,3481,群創,listed,14.75,15.1,14.65,15.1,88551588.0,1326301875.0,,data/daily_price/20251007.csv,14.71,14.075,12.7567,12.8246,14.0508,3.0717,4.8611,9.0253,29.0598,17.9688,87193119.65,1.0156,15.6,15.6,15.6,13.15,11.0,11.0,7.2824,18.3695,17.7426,7.4674,-3.2051,-3.2051,-3.2051,37.2727,37.2727
20251008,3481,群創,listed,15.05,15.25,14.95,15.25,72753773.0,1100486378.0,,data/daily_price/20251008.csv,14.88,14.15,12.8192,12.8521,14.1507,0.9934,5.9028,10.9091,32.6087,27.6151,85843578.8,0.8475,15.6,15.6,15.6,13.15,11.0,11.0,7.7739,18.9625,18.6578,7.7685,-2.2436,-2.2436,-2.2436,38.6364,38.6364
20251009,3481,群創,listed,15.45,15.8,15.3,15.5,127333765.0,1985830173.0,,data/daily_price/20251009.csv,15.02,14.25,12.8833,12.8721,14.2631,1.6393,4.7297,14.8148,33.0472,18.3206,88426631.1,1.44,15.8,15.8,15.8,13.15,11.0,11.0,8.7719,20.3105,20.4156,8.6717,-1.8987,-1.8987,-1.8987,40.9091,40.9091
20251013,3481,群創,listed,15.0,15.3,14.8,15.25,81589583.0,1232845505.0,,data/daily_price/20251013.csv,15.15,14.3375,12.9475,12.8854,14.3454,-1.6129,4.4521,12.963,33.7719,11.7216,90506934.4,0.9015,15.8,15.8,15.8,13.15,11.0,11.0,6.3644,17.7834,18.3508,6.306,-3.481,-3.481,-3.481,38.6364,38.6364
20251014,3481,群創,listed,15.45,15.6,14.65,14.7,120650787.0,1809946286.0,,data/daily_price/20251014.csv,15.16,14.3975,13.0017,12.8908,14.3749,-3.6066,0.3413,8.8889,28.3843,4.6263,94745741.95,1.2734,15.8,15.8,15.8,13.15,11.0,11.0,2.1011,13.0624,14.0345,2.2613,-6.962,-6.962,-6.962,33.6364,33.6364
20251016,3481,群創,listed,14.75,14.8,14.4,14.55,55496907.0,807075480.0,,data/daily_price/20251016.csv,15.05,14.4375,13.055,12.8992,14.3895,-1.0204,-3.6424,5.8182,28.1938,7.3801,96015302.8,0.578,15.8,15.8,15.8,13.15,11.0,11.0,0.7792,11.4516,12.798,1.1152,-7.9114,-7.9114,-7.9114,32.2727,32.2727
20251020,3481,群創,listed,14.6,14.6,14.2,14.35,51907743.0,743864520.0,,data/daily_price/20251020.csv,14.87,14.4775,13.1075,12.905,14.3862,-1.3746,-5.9016,5.9041,28.125,5.1282,96320454.75,0.5389,15.8,15.8,15.8,13.15,11.0,11.0,-0.8807,9.4793,11.1972,-0.2518,-9.1772,-9.1772,-9.1772,30.4545,30.4545
20251021,3481,群創,listed,14.3,14.3,13.8,13.8,128233612.0,1785588389.0,,data/daily_price/20251021.csv,14.53,14.505,13.1508,12.9021,14.3374,-3.8328,-10.9677,4.1509,23.2143,-2.4735,99926457.8,1.2833,15.8,15.8,15.8,13.4,11.0,11.0,-4.8604,4.9363,6.9595,-3.7481,-12.6582,-12.6582,-12.6582,25.4545,25.4545
20251022,3481,群創,listed,13.85,14.1,13.85,14.05,42060944.0,589264141.0,,data/daily_price/20251022.csv,14.29,14.5175,13.1958,12.8988,14.3134,1.8116,-7.8689,1.8116,23.7885,-2.7682,96917086.85,0.434,15.8,15.8,15.8,13.7,11.0,11.0,-3.2203,6.473,8.9253,-1.8404,-11.0759,-11.0759,-11.0759,27.7273,27.7273
20251023,3481,群創,listed,14.0,14.1,13.8,13.9,32133417.0,448437807.0,,data/daily_price/20251023.csv,14.13,14.5225,13.24,12.8942,14.279,-1.0676,-5.4422,0.7246,23.5556,-3.8062,95562994.55,0.3363,15.8,15.8,15.8,13.75,11.0,11.0,-4.2865,4.9849,7.8007,-2.6541,-12.0253,-12.0253,-12.0253,26.3636,26.3636
20251027,3481,群創,listed,14.15,14.25,13.9,14.0,47438533.0,664505086.0,,data/daily_price/20251027.csv,14.02,14.525,13.2867,12.8908,14.2557,0.7194,-3.7801,0.3584,25.0,-2.7778,94743625.25,0.5007,15.8,15.8,15.8,13.8,11.0,11.0,-3.6145,5.3688,8.6043,-1.7939,-11.3924,-11.3924,-11.3924,27.2727,27.2727
20251028,3481,群創,listed,14.0,14.05,13.75,13.75,41681997.0,575180574.0,,data/daily_price/20251028.csv,13.9,14.51,13.3325,12.8871,14.2136,-1.7857,-4.1812,-2.1352,25.0,-3.169,93425925.1,0.4462,15.8,15.8,15.8,13.75,11.05,11.0,-5.2378,3.1314,6.696,-3.2616,-12.9747,-12.9747,-12.9747,24.4344,25.0
20251029,3481,群創,listed,13.8,14.0,13.75,13.75,43617867.0,603037199.0,,data/daily_price/20251029.csv,13.89,14.49,13.3708,12.8837,14.175,0.0,-0.3623,-2.8269,20.0873,-2.8269,91918378.45,0.4745,15.8,15.8,15.8,13.75,11.25,11.0,-5.107,2.8358,6.7236,-2.9979,-12.9747,-12.9747,-12.9747,22.2222,25.0
20251030,3481,群創,listed,13.85,14.0,13.55,13.65,39075283.0,535392702.0,,data/daily_price/20251030.csv,13.81,14.4625,13.4067,12.8808,14.1312,-0.7273,-2.847,-3.8732,18.6957,-2.5,91434037.15,0.4274,15.8,15.8,15.8,13.55,11.25,11.0,-5.618,1.815,5.9714,-3.4053,-13.6076,-13.6076,-13.6076,21.3333,24.0909
20251031,3481,群創,listed,13.7,13.75,13.3,13.3,50035609.0,670746790.0,,data/daily_price/20251031.csv,13.69,14.3875,13.435,12.8762,14.0619,-2.5641,-4.3165,-10.1351,14.6552,-3.9711,74778743.9,0.6691,15.8,15.8,15.8,13.3,11.25,11.0,-7.5586,-1.0048,3.2909,-5.4184,-15.8228,-15.8228,-15.8228,18.2222,20.9091
20251103,3481,群創,TWSE,13.4,13.9,13.4,13.5,51207414.0,,,data/daily_price/20251103.csv,13.59,14.3425,13.465,12.8746,14.0151,1.5038,-3.5714,-6.25,15.3846,-1.4599,71060886.75,0.7206,15.8,15.8,15.8,13.3,11.25,11.0,-5.8742,0.2599,4.8578,-3.6754,-14.557,-14.557,-14.557,20.0,22.7273
20251104,3481,群創,TWSE,13.6,13.85,13.45,13.45,41574758.0,,,data/daily_price/20251104.csv,13.53,14.295,13.4942,12.87,13.968,-0.3704,-2.1818,-6.5972,14.9573,-3.9286,69593237.75,0.5974,15.8,15.8,15.8,13.3,11.25,11.0,-5.9112,-0.3273,4.5066,-3.7086,-14.8734,-14.8734,-14.8734,19.5556,22.2727
20251105,3481,群創,TWSE,13.4,13.75,13.15,13.75,55373603.0,,,data/daily_price/20251105.csv,13.53,14.2425,13.525,12.8683,13.9499,2.2305,0.0,-7.0946,15.5462,-1.4337,66356438.65,0.8345,15.8,15.8,15.8,13.15,11.25,11.0,-3.458,1.6636,6.8514,-1.4326,-12.9747,-12.9747,-12.9747,22.2222,25.0
20251106,3481,群創,TWSE,13.75,13.95,13.6,13.95,39251291.0,,,data/daily_price/20251106.csv,13.59,14.21,13.565,12.8679,13.9499,1.4545,2.1978,-4.4521,20.7792,-0.3571,63312083.95,0.62,15.8,15.8,15.8,13.15,11.25,11.0,-1.8297,2.8382,8.4092,0.001,-11.7089,-11.7089,-11.7089,24.0,26.8182
20251107,3481,群創,TWSE,13.9,14.05,13.8,13.85,36116584.0,,,data/daily_price/20251107.csv,13.7,14.17,13.6075,12.8658,13.9415,-0.7168,4.1353,-5.4608,22.5664,-1.773,62304252.9,0.5797,15.8,15.8,15.8,13.15,11.25,11.0,-2.2583,1.7821,7.6495,-0.6566,-12.3418,-12.3418,-12.3418,23.1111,25.9091
20251110,3481,群創,TWSE,13.85,13.85,13.3,13.35,53103727.0,,,data/daily_price/20251110.csv,13.67,14.0825,13.6392,12.86,13.8922,-3.6101,-1.1111,-11.5894,16.5939,-4.9822,60531859.85,0.8773,15.8,15.8,15.8,13.15,11.4,11.0,-5.2015,-2.1201,3.8103,-3.9032,-15.5063,-15.5063,-15.5063,17.1053,21.3636
20251111,3481,群創,TWSE,13.35,13.4,12.9,12.9,64029018.0,,,data/daily_price/20251111.csv,13.56,13.965,13.66,12.8512,13.8096,-3.3708,-4.0892,-15.4098,10.7296,-7.5269,60095622.1,1.0655,15.8,15.8,15.8,12.9,11.55,11.0,-7.6262,-5.5637,0.3793,-6.5864,-18.3544,-18.3544,-18.3544,11.6883,17.2727
20251112,3481,群創,TWSE,13.0,13.25,12.95,13.25,31756159.0,,,data/daily_price/20251112.csv,13.46,13.8525,13.6825,12.8442,13.7629,2.7132,-3.6364,-14.5161,11.3445,-6.0284,55316741.8,0.5741,15.6,15.8,15.8,12.9,11.7,11.0,-4.3494,-3.161,3.1597,-3.7269,-15.0641,-16.1392,-16.1392,13.2479,20.4545
20251113,3481,群創,TWSE,13.25,13.35,13.1,13.3,31863479.0,,,data/daily_price/20251113.csv,13.33,13.755,13.7083,12.8375,13.7244,0.3774,-4.6595,-12.7869,13.1915,-5.6738,52830436.6,0.6031,15.6,15.8,15.8,12.9,11.7,11.0,-3.3079,-2.9787,3.6027,-3.092,-14.7436,-15.8228,-15.8228,13.6752,20.9091
20251114,3481,群創,TWSE,13.2,13.3,12.9,12.95,32117556.0,,,data/daily_price/20251114.csv,13.15,13.6675,13.7283,12.8279,13.6598,-2.6316,-6.4982,-11.9048,10.2128,-8.156,48403775.05,0.6635,14.8,15.8,15.8,12.9,11.85,11.0,-5.2497,-5.6695,0.9517,-5.1964,-12.5,-18.038,-18.038,9.2827,17.7273
20251117,3481,群創,TWSE,13.0,13.1,12.85,12.95,34139826.0,,,data/daily_price/20251117.csv,13.07,13.5875,13.7425,12.8192,13.6007,0.0,-2.9963,-10.9966,7.0248,-7.5,47335921.0,0.7212,14.6,15.8,15.8,12.85,12.05,11.0,-4.6918,-5.7668,1.0206,-4.7841,-11.3014,-18.038,-18.038,7.4689,17.7273
20251118,3481,群創,TWSE,12.8,12.8,12.35,12.35,56074434.0,,,data/daily_price/20251118.csv,12.96,13.4875,13.745,12.805,13.4964,-4.6332,-4.2636,-13.9373,1.2295,-12.0996,47544255.55,1.1794,14.3,15.8,15.8,12.35,12.1,11.0,-8.4337,-10.1491,-3.5533,-8.4944,-13.6364,-21.8354,-21.8354,2.0661,12.2727
20251119,3481,群創,TWSE,12.45,12.6,12.3,12.35,32768364.0,,,data/daily_price/20251119.csv,12.78,13.415,13.7458,12.7921,13.4009,0.0,-6.7925,-10.5072,0.4065,-11.1511,42770993.15,0.7661,14.25,15.8,15.8,12.3,12.2,11.0,-7.9389,-10.1546,-3.4559,-7.8421,-13.3333,-21.8354,-21.8354,1.2295,12.2727
20251120,3481,群創,TWSE,12.5,12.55,12.3,12.45,32678531.0,,,data/daily_price/20251120.csv,12.61,13.335,13.7483,12.7792,13.3217,0.8097,-6.391,-11.3879,1.2195,-11.0714,42301872.5,0.7725,14.25,15.8,15.8,12.3,12.2,11.0,-6.6367,-9.4436,-2.5758,-6.5432,-12.6316,-21.2025,-21.2025,2.0492,13.1818
20251121,3481,群創,TWSE,12.2,12.55,12.1,12.1,43109406.0,,,data/daily_price/20251121.csv,12.44,13.245,13.7433,12.7704,13.2199,-2.8112,-6.5637,-12.9496,-2.4194,-7.9848,42850671.95,1.006,14.25,15.8,15.8,12.1,12.1,11.0,-8.6448,-11.9573,-5.2498,-8.4711,-15.0877,-23.4177,-23.4177,0.0,10.0
20251124,3481,群創,TWSE,12.2,12.35,12.1,12.3,53313146.0,,,data/daily_price/20251124.csv,12.31,13.16,13.7367,12.7646,13.1432,1.6529,-5.0193,-12.1429,-3.1496,-5.3846,43144402.6,1.2357,14.05,15.8,15.8,12.1,12.1,11.0,-6.535,-10.4586,-3.6396,-6.4155,-12.4555,-22.1519,-22.1519,1.6529,11.8182
20251125,3481,群創,TWSE,12.3,12.5,12.25,12.4,24020272.0,,,data/daily_price/20251125.csv,12.32,13.0925,13.73,12.7617,13.0813,0.813,0.4049,-9.8182,-3.125,-2.7451,42261316.35,0.5684,14.05,15.8,15.8,12.1,12.1,11.0,-5.2893,-9.6868,-2.834,-5.208,-11.7438,-21.519,-21.519,2.4793,12.7273
20251126,3481,群創,TWSE,12.5,13.1,12.5,12.95,56491940.0,,,data/daily_price/20251126.csv,12.44,13.0525,13.7358,12.765,13.0703,4.4355,4.8583,-5.8182,2.7778,3.1873,42905020.0,1.3167,14.05,15.8,15.8,12.1,12.1,11.0,-0.7853,-5.721,1.4493,-0.9207,-7.8292,-18.038,-18.038,7.0248,17.7273
20251127,3481,群創,TWSE,13.0,13.55,12.75,13.55,56772196.0,,,data/daily_price/20251127.csv,12.66,13.0475,13.7383,12.775,13.1103,4.6332,8.8353,-0.7326,1.1194,9.7166,43789865.65,1.2965,14.05,15.8,15.8,12.1,12.1,11.0,3.8513,-1.3709,6.0665,3.3538,-3.5587,-14.2405,-14.2405,11.9835,23.1818
20251128,3481,群創,TWSE,13.6,13.95,13.5,13.55,75093899.0,,,data/daily_price/20251128.csv,12.95,13.06,13.7442,12.7862,13.1469,0.0,11.9835,1.8797,2.6515,11.0656,45042780.15,1.6672,14.05,15.8,15.8,12.1,12.1,11.0,3.7519,-1.4127,5.9732,3.0658,-3.5587,-14.2405,-14.2405,11.9835,23.1818
20251201,3481,群創,TWSE,13.5,13.8,13.5,13.6,48391046.0,,,data/daily_price/20251201.csv,13.21,13.065,13.7475,12.8012,13.1847,0.369,10.5691,0.7407,1.4925,15.2542,44901961.75,1.0777,14.05,15.8,15.8,12.1,12.1,11.0,4.0949,-1.0729,6.2396,3.1499,-3.2028,-13.9241,-13.9241,12.3967,23.6364
20251202,3481,群創,TWSE,13.75,14.0,13.55,14.0,72212056.0,,,data/daily_price/20251202.csv,13.53,13.0925,13.7583,12.8192,13.2526,2.9412,12.9032,4.0892,4.8689,18.1435,46433826.65,1.5552,14.05,15.8,15.8,12.1,12.1,11.0,6.9314,1.7565,9.2115,5.6393,-0.3559,-11.3924,-11.3924,15.7025,27.2727
20251203,3481,群創,TWSE,14.05,14.25,13.9,14.2,67562686.0,,,data/daily_price/20251203.csv,13.78,13.115,13.7725,12.8379,13.3316,1.4286,9.6525,3.2727,6.367,18.8285,47043280.8,1.4362,14.25,15.8,15.8,12.1,12.1,11.0,8.273,3.104,10.6098,6.5139,-0.3509,-10.1266,-10.1266,17.3554,29.0909
20251204,3481,群創,TWSE,14.25,14.35,14.1,14.35,57068179.0,,,data/daily_price/20251204.csv,13.94,13.135,13.7758,12.8567,13.4165,1.0563,5.9041,2.8674,1.4134,18.595,47934125.2,1.1906,14.35,15.8,15.8,12.1,12.1,11.0,9.2501,4.1679,11.6152,6.9582,0.0,-9.1772,-9.1772,18.595,30.4545
20251205,3481,群創,TWSE,14.3,14.4,14.2,14.4,42867712.0,,,data/daily_price/20251205.csv,14.11,13.1625,13.7817,12.8758,13.4984,0.3484,6.2731,3.9711,2.4911,19.0083,48271681.6,0.8881,14.4,15.8,15.8,12.1,12.1,11.0,9.4017,4.4866,11.8374,6.6792,0.0,-8.8608,-8.8608,19.0083,30.9091
20251208,3481,群創,TWSE,14.45,14.55,14.1,14.2,54291141.0,,,data/daily_price/20251208.csv,14.23,13.205,13.7875,12.895,13.5569,-1.3889,4.4118,6.367,2.5271,19.3277,48331052.3,1.1233,14.55,15.8,15.8,12.1,12.1,11.0,7.535,2.9918,10.1202,4.7438,-2.4055,-10.1266,-10.1266,17.3554,29.0909
20251209,3481,群創,TWSE,14.15,14.2,13.8,13.95,48713397.0,,,data/daily_price/20251209.csv,14.22,13.2575,13.7908,12.9108,13.5896,-1.7606,-0.3571,8.1395,1.4545,15.7676,47565271.25,1.0241,14.55,15.8,15.8,12.1,12.1,11.0,5.2235,1.1541,8.0488,2.6517,-4.1237,-11.7089,-11.7089,15.2893,26.8182
20251210,3481,群創,TWSE,14.15,14.2,13.65,13.85,53170906.0,,,data/daily_price/20251210.csv,14.15,13.2875,13.7967,12.9254,13.6113,-0.7168,-2.4648,4.5283,2.5926,14.4628,48636008.6,1.0932,14.55,15.8,15.8,12.1,12.1,11.0,4.2333,0.3866,7.1532,1.7534,-4.811,-12.3418,-12.3418,14.4628,25.9091
20251211,3481,群創,TWSE,13.95,14.0,13.45,13.5,59154681.0,,,data/daily_price/20251211.csv,13.98,13.2975,13.7967,12.9371,13.6021,-2.5271,-5.9233,1.5038,0.0,11.5702,50000568.7,1.1831,14.55,15.8,15.8,12.1,12.1,11.0,1.5228,-2.1503,4.3512,-0.7503,-7.2165,-14.557,-14.557,11.5702,22.7273
20251212,3481,群創,TWSE,13.65,13.7,13.35,13.35,50334961.0,,,data/daily_price/20251212.csv,13.77,13.3175,13.7942,12.9471,13.5811,-1.1111,-7.2917,3.0888,-1.1111,9.8765,50911438.95,0.9887,14.55,15.8,15.8,12.1,12.1,11.0,0.244,-3.22,3.112,-1.7013,-8.2474,-15.5063,-15.5063,10.3306,21.3636
20251215,3481,群創,TWSE,13.2,13.55,13.2,13.3,34728672.0,,,data/daily_price/20251215.csv,13.59,13.335,13.7867,12.9575,13.5576,-0.3745,-6.338,2.7027,-3.2727,10.3734,50940881.25,0.6817,14.55,15.8,15.8,12.1,12.1,11.0,-0.2625,-3.53,2.6433,-1.9003,-8.5911,-15.8228,-15.8228,9.9174,20.9091
20251216,3481,群創,TWSE,13.3,13.35,12.9,12.9,51248874.0,,,data/daily_price/20251216.csv,13.38,13.3625,13.7758,12.965,13.5028,-3.0075,-7.5269,4.4534,-4.797,7.5,50699603.25,1.0108,14.55,15.8,15.8,12.1,12.1,11.0,-3.4612,-6.3578,-0.5013,-4.4645,-11.3402,-18.3544,-18.3544,6.6116,17.2727
20251217,3481,群創,TWSE,12.95,13.0,12.65,12.65,72748102.0,,,data/daily_price/20251217.csv,13.14,13.3775,13.7658,12.97,13.4318,-1.938,-8.6643,2.4291,-4.5283,4.9793,52698590.15,1.3805,14.55,15.8,15.8,12.1,12.1,11.0,-5.4382,-8.1058,-2.4672,-5.8203,-13.0584,-19.9367,-19.9367,4.5455,15.0
20251218,3481,群創,TWSE,12.6,12.7,12.4,12.4,42446575.0,,,data/daily_price/20251218.csv,12.92,13.375,13.7425,12.9746,13.3458,-1.9763,-8.1481,-0.4016,-10.1449,4.6414,53186992.35,0.7981,14.55,15.8,15.8,12.1,12.1,11.0,-7.2897,-9.769,-4.4285,-7.0868,-14.7766,-21.519,-21.519,2.4793,12.7273
20251219,3481,群創,TWSE,12.5,12.9,12.35,12.7,76907150.0,,,data/daily_price/20251219.csv,12.79,13.405,13.7242,12.9842,13.292,2.4194,-4.8689,4.9587,-7.971,9.9567,54876879.55,1.4014,14.55,15.8,15.8,12.1,12.1,11.0,-5.2592,-7.4625,-2.1886,-4.4536,-12.7148,-19.6203,-19.6203,4.9587,15.4545
20251222,3481,群創,TWSE,12.7,12.85,12.55,12.65,60458852.0,,,data/daily_price/20251222.csv,12.66,13.4225,13.7025,12.995,13.2385,-0.3937,-4.8872,2.8455,-9.319,11.4537,55234164.85,1.0946,14.55,15.8,15.8,12.25,12.1,11.0,-5.7553,-7.6811,-2.6549,-4.4452,-13.0584,-19.9367,-19.9367,4.5455,15.0
20251223,3481,群創,TWSE,12.85,13.15,12.55,13.05,94214159.0,,,data/daily_price/20251223.csv,12.69,13.455,13.6858,13.0083,13.2228,3.1621,1.1628,5.2419,-7.1174,13.9738,58743859.2,1.6038,14.55,15.8,15.8,12.35,12.1,11.0,-3.01,-4.6459,0.3203,-1.3066,-10.3093,-17.4051,-17.4051,7.8512,18.6364
20251224,3481,群創,TWSE,13.45,13.5,13.15,13.25,109376401.0,,,data/daily_price/20251224.csv,12.81,13.47,13.6708,13.0238,13.225,1.5326,4.7431,2.3166,-6.3604,16.2281,61388082.25,1.7817,14.55,15.8,15.8,12.35,12.1,11.0,-1.6333,-3.0783,1.7372,0.1888,-8.9347,-16.1392,-16.1392,9.5041,20.4545
20251226,3481,群創,TWSE,13.35,13.7,12.95,13.5,106335212.0,,,data/daily_price/20251226.csv,13.03,13.4675,13.6592,13.0396,13.2479,1.8868,8.871,-0.369,-4.9296,16.3793,63866233.05,1.665,14.55,15.8,15.8,12.35,12.1,11.0,0.2413,-1.1653,3.5309,1.9026,-7.2165,-14.557,-14.557,11.5702,22.7273
20251229,3481,群創,TWSE,14.1,14.85,13.95,14.85,370742766.0,,,data/daily_price/20251229.csv,13.46,13.5325,13.66,13.0633,13.3815,10.0,16.9291,9.5941,0.3378,23.75,78648676.4,4.7139,14.85,15.8,15.8,12.35,12.1,11.0,9.7358,8.7116,13.677,10.9745,0.0,-6.0127,-6.0127,22.7273,35.0
20251230,3481,群創,TWSE,15.3,16.3,14.9,16.3,882082683.0,,,data/daily_price/20251230.csv,14.19,13.6675,13.6917,13.1017,13.6247,9.7643,28.8538,19.8529,13.1944,39.3162,120333258.25,7.3303,16.3,16.3,16.3,12.35,12.1,11.0,19.261,19.0505,24.4117,19.636,0.0,0.0,0.0,34.7107,48.1818
20251231,3481,群創,TWSE,16.7,17.75,16.5,17.05,932979502.0,,,data/daily_price/20251231.csv,14.99,13.82,13.7358,13.1467,13.9101,4.6012,30.6513,21.7857,18.4028,46.3519,163371630.55,5.7108,17.75,17.75,17.75,12.35,12.1,11.0,23.3719,24.1279,29.6907,22.5727,-3.9437,-3.9437,-3.9437,40.9091,55.0
20260102,3481,群創,TWSE,16.95,18.5,16.2,18.1,788088302.0,,,data/daily_price/20260102.csv,15.96,14.015,13.7908,13.2,14.2593,6.1584,36.6038,27.4648,22.2973,54.7009,199397911.35,3.9523,18.5,18.5,18.5,12.35,12.1,11.0,29.1473,31.2466,37.1212,26.935,-2.1622,-2.1622,-2.1622,49.5868,64.5455
20260105,3481,群創,TWSE,18.8,19.9,18.8,19.9,536713013.0,,,data/daily_price/20260105.csv,17.24,14.2925,13.8792,13.2662,14.7293,9.9448,47.4074,38.676,36.3014,66.5272,223380153.05,2.4027,19.9,19.9,19.9,12.35,12.1,11.0,39.2339,43.3804,50.0047,35.1046,0.0,0.0,0.0,64.4628,80.9091
20260106,3481,群創,TWSE,20.5,21.85,20.15,21.85,1042548581.0,,,data/daily_price/20260106.csv,18.64,14.665,13.9992,13.3496,15.3227,9.799,47.138,51.7361,49.1468,84.3882,273364196.5,3.8138,21.85,21.85,21.85,12.35,12.1,11.0,48.9942,56.0807,63.6755,42.5987,0.0,0.0,0.0,80.5785,98.6364
20260107,3481,群創,TWSE,22.55,23.6,21.0,22.15,358140346.0,,,data/daily_price/20260107.csv,19.81,15.0625,14.1167,13.4367,15.8917,1.373,35.8896,55.9859,46.6887,89.3162,288556656.75,1.2411,23.6,23.6,23.6,12.35,12.1,11.0,47.0539,56.9067,64.8474,39.3813,-6.1441,-6.1441,-6.1441,83.0579,101.3636
20260108,3481,群創,TWSE,22.0,22.0,20.55,20.75,218271681.0,,,data/daily_price/20260108.csv,20.55,15.4025,14.2083,13.5138,16.2965,-6.3205,21.7009,48.7455,36.0656,80.4348,297034570.95,0.7348,23.6,23.6,23.6,12.35,12.1,11.0,34.7184,46.0411,53.5473,27.3278,-12.0763,-12.0763,-12.0763,71.4876,88.6364
20260109,3481,群創,TWSE,21.0,21.1,19.6,20.0,171731636.0,,,data/daily_price/20260109.csv,20.93,15.71,14.2833,13.5833,16.6051,-3.6145,10.4972,44.4043,29.0323,71.6738,302962607.45,0.5668,23.6,23.6,23.6,12.35,12.1,11.0,27.3074,40.0233,47.2393,20.4446,-15.2542,-15.2542,-15.2542,65.2893,81.8182
20260112,3481,群創,TWSE,21.0,22.0,21.0,22.0,123914785.0,,,data/daily_price/20260112.csv,21.35,16.135,14.3958,13.6717,17.0547,10.0,10.5528,62.963,44.2623,92.9825,306200612.65,0.4047,23.6,23.6,23.6,12.35,12.1,11.0,36.3496,52.822,60.9167,28.9966,-6.7797,-6.7797,-6.7797,81.8182,100.0
20260113,3481,群創,TWSE,22.25,23.45,22.1,22.65,207098185.0,,,data/daily_price/20260113.csv,21.51,16.6,14.5283,13.765,17.521,2.9545,3.6613,69.6629,54.0816,97.8166,314038773.85,0.6595,23.6,23.6,23.6,12.35,12.1,11.0,36.4458,55.9023,64.5478,29.2735,-4.0254,-4.0254,-4.0254,87.1901,105.9091
20260114,3481,群創,TWSE,23.05,24.5,23.05,24.4,172851849.0,,,data/daily_price/20260114.csv,21.96,17.155,14.6925,13.8738,18.0942,7.7263,10.158,83.4586,67.6976,114.978,320944932.7,0.5386,24.5,24.5,24.5,12.35,12.1,11.0,42.2326,66.0711,75.8717,34.8496,-0.4082,-0.4082,-0.4082,101.6529,121.8182
20260115,3481,群創,TWSE,24.9,25.5,23.8,24.95,174985764.0,,,data/daily_price/20260115.csv,22.8,17.7575,14.8692,13.9883,18.6656,2.2541,20.241,93.4109,73.8676,122.7679,327131777.2,0.5349,25.5,25.5,25.5,12.35,12.1,11.0,40.504,67.7969,78.3629,33.6687,-2.1569,-2.1569,-2.1569,106.1983,126.8182
20260116,3481,群創,TWSE,25.6,26.65,25.4,26.6,203092092.0,,,data/daily_price/20260116.csv,24.12,18.455,15.0825,14.1167,19.3268,6.6132,33.0,110.2767,92.7536,137.5,333648976.7,0.6087,26.65,26.65,26.65,12.35,12.1,11.0,44.1344,76.3633,88.4298,37.633,-0.1876,-0.1876,-0.1876,119.8347,141.8182
20260119,3481,群創,TWSE,27.6,29.1,27.55,28.8,243265641.0,,,data/daily_price/20260119.csv,25.48,19.275,15.3283,14.2621,20.1162,8.2707,30.9091,132.2581,104.9822,153.7445,343689930.0,0.7078,29.1,29.1,29.1,12.35,12.1,11.0,49.4163,87.8874,101.934,43.1682,-1.0309,-1.0309,-1.0309,138.0165,161.8182
20260120,3481,群創,TWSE,27.9,28.0,27.1,27.15,207345365.0,,,data/daily_price/20260120.csv,26.38,19.9975,15.5492,14.3946,20.7023,-5.7292,19.8675,113.7795,95.3237,141.3333,350211840.75,0.5921,29.1,29.1,29.1,12.55,12.1,11.0,35.767,74.6074,88.6126,31.1446,-6.701,-6.701,-6.701,124.3802,146.8182
20260121,3481,群創,TWSE,26.2,28.0,24.8,27.15,760462270.0,,,data/daily_price/20260121.csv,26.93,20.7225,15.7683,14.5275,21.2396,0.0,11.2705,114.6245,93.9286,142.4107,385212011.65,1.9741,29.1,29.1,29.1,12.55,12.1,11.0,31.017,72.1805,86.8869,27.827,-6.701,-6.701,-6.701,124.3802,146.8182
20260122,3481,群創,TWSE,28.4,29.15,25.2,25.4,818328662.0,,,data/daily_price/20260122.csv,27.02,21.34,15.9625,14.6475,21.5863,-6.4457,1.8036,94.636,84.7273,130.9091,421417736.8,1.9418,29.15,29.15,29.15,12.95,12.1,11.05,19.0253,59.1229,73.4084,17.667,-12.8645,-12.8645,-12.8645,109.9174,129.8643
20260123,3481,群創,TWSE,25.0,25.95,23.8,24.0,742847757.0,,,data/daily_price/20260123.csv,26.5,21.8775,16.1333,14.7521,21.7875,-5.5118,-9.7744,81.1321,74.5455,109.607,453091304.6,1.6395,29.15,29.15,29.15,12.95,12.1,11.25,9.7017,48.7603,62.6889,10.155,-17.6672,-17.6672,-17.6672,98.3471,113.3333
20260126,3481,群創,TWSE,24.55,25.35,24.05,24.55,451933019.0,,,data/daily_price/20260126.csv,25.65,22.43,16.315,14.8608,22.0177,2.2917,-14.7569,81.8519,79.8535,113.4783,470371194.95,0.9608,29.15,29.15,29.15,13.95,12.1,11.25,9.4516,50.475,65.1993,11.5012,-15.7804,-15.7804,-15.7804,102.8926,118.2222
20260127,3481,群創,TWSE,24.5,24.55,22.7,23.05,595999754.0,,,data/daily_price/20260127.csv,24.83,22.84,16.4775,14.9562,22.1037,-6.11,-15.1013,55.2189,73.3083,98.7069,481634044.35,1.2375,29.15,29.15,29.15,14.9,12.1,11.25,0.9194,39.8877,54.1162,4.2811,-20.9262,-20.9262,-20.9262,90.4959,104.8889
20260128,3481,群創,TWSE,23.55,24.3,22.05,22.3,640592249.0,,,data/daily_price/20260128.csv,23.86,23.14,16.6242,15.0446,22.1201,-3.2538,-17.8637,36.8098,65.1852,90.5983,469559522.65,1.3642,29.15,29.15,29.15,16.2,12.1,11.25,-3.6301,34.1421,48.2261,0.8134,-23.4991,-23.4991,-23.4991,84.2975,98.2222
20260129,3481,群創,TWSE,22.3,22.65,21.0,21.3,524119980.0,,,data/daily_price/20260129.csv,23.04,23.3525,16.755,15.1246,22.0517,-4.4843,-16.1417,24.9267,58.3643,82.0513,449116546.55,1.167,29.15,29.15,29.15,16.2,12.1,11.25,-8.7892,27.1262,40.8303,-3.409,-26.9297,-26.9297,-26.9297,76.0331,89.3333
20260130,3481,群創,TWSE,21.8,22.8,20.25,21.8,836782756.0,,,data/daily_price/20260130.csv,22.6,23.5375,16.8892,15.2071,22.0308,2.3474,-9.1667,20.442,58.5455,83.1933,451551269.25,1.8531,29.15,29.15,29.15,18.8,12.1,11.25,-7.3818,29.0768,43.3542,-1.0474,-25.2144,-25.2144,-25.2144,80.1653,93.7778
20260202,3481,群創,TWSE,20.85,22.2,20.7,21.15,421571722.0,,,data/daily_price/20260202.csv,21.92,23.6,17.0092,15.2871,21.9574,-2.9817,-13.8493,6.2814,51.6129,83.1169,445794204.7,0.9457,29.15,29.15,29.15,19.6,12.1,11.25,-10.3814,24.3447,38.3521,-3.6769,-27.4443,-27.4443,-27.4443,74.7934,88.0
20260203,3481,群創,TWSE,21.8,22.0,20.75,20.95,310032753.0,,,data/daily_price/20260203.csv,21.5,23.555,17.1275,15.3675,21.8734,-0.9456,-9.1106,-4.119,51.2635,85.3982,409168413.3,0.7577,29.15,29.15,29.15,19.6,12.1,11.25,-11.0592,22.3179,36.3267,-4.2216,-28.1304,-28.1304,-28.1304,73.1405,86.2222
20260204,3481,群創,TWSE,21.3,23.0,21.3,23.0,458130335.0,,,data/daily_price/20260204.csv,21.64,23.5975,17.2883,15.4638,21.9673,9.7852,3.139,3.8375,72.2846,100.8734,414167912.75,1.1061,29.15,29.15,29.15,19.6,12.1,11.4,-2.532,33.0377,48.7349,4.7011,-21.0978,-21.0978,-21.0978,90.0826,101.7544
20260205,3481,群創,TWSE,23.25,23.8,21.7,21.8,600991125.0,,,data/daily_price/20260205.csv,21.74,23.65,17.4367,15.5483,21.9534,-5.2174,2.3474,5.0602,68.9922,87.1245,433303884.95,1.387,29.15,29.15,29.15,19.6,12.1,11.55,-7.8224,25.0239,40.208,-0.6985,-25.2144,-25.2144,-25.2144,80.1653,88.7446
20260206,3481,群創,TWSE,21.2,22.5,20.8,21.8,322639610.0,,,data/daily_price/20260206.csv,21.74,23.74,17.5792,15.6308,21.9406,0.0,0.0,9.0,64.5283,83.1933,440849283.65,0.7319,29.15,29.15,29.15,20.25,12.1,11.7,-8.1719,24.0104,39.4679,-0.6407,-25.2144,-25.2144,-25.2144,80.1653,86.3248
20260209,3481,群創,TWSE,22.5,22.5,21.0,21.1,269303363.0,,,data/daily_price/20260209.csv,21.73,23.695,17.7092,15.7088,21.8705,-3.211,-0.2364,-4.0909,58.6466,79.5745,448118712.55,0.601,29.15,29.15,29.15,20.25,12.1,11.7,-10.9517,19.1473,34.32,-3.5231,-27.6158,-27.6158,-27.6158,74.3802,80.3419
20260210,3481,群創,TWSE,21.15,21.45,20.9,21.05,144484305.0,,,data/daily_price/20260210.csv,21.75,23.615,17.8442,15.7862,21.8022,-0.237,0.4773,-7.064,62.5483,79.1489,444988018.55,0.3247,29.15,29.15,29.15,20.25,12.1,11.85,-10.8617,17.9657,33.3439,-3.4499,-27.7873,-27.7873,-27.7873,73.9669,77.6371
20260211,3481,群創,TWSE,21.3,22.2,21.3,21.95,270430860.0,,,data/daily_price/20260211.csv,21.54,23.4925,17.9942,15.8683,21.8145,4.2755,-4.5652,-10.041,69.4981,81.405,449866969.1,0.6011,29.15,29.15,29.15,20.25,12.1,12.05,-6.5659,21.984,38.3258,0.6213,-24.6998,-24.6998,-24.6998,81.405,82.1577
20260223,3481,群創,TWSE,22.7,24.0,22.15,23.35,462559596.0,,,data/daily_price/20260223.csv,21.85,23.4125,18.1775,15.9612,21.9424,6.3781,7.1101,-6.4128,89.0688,91.3934,464245660.7,0.9964,29.15,29.15,29.15,20.25,12.1,12.1,-0.267,28.4555,46.2918,6.4148,-19.8971,-19.8971,-19.8971,92.9752,92.9752
20260224,3481,群創,TWSE,23.6,24.85,22.9,24.85,531318022.0,,,data/daily_price/20260224.csv,22.46,23.325,18.3858,16.0658,22.1847,6.424,13.9908,-6.5789,101.2146,102.0325,480656957.2,1.1054,29.15,29.15,29.15,20.25,12.1,12.1,6.538,35.1584,54.6761,12.014,-14.7513,-14.7513,-14.7513,105.3719,105.3719
20260225,3481,群創,TWSE,26.3,27.3,24.1,24.6,1049054947.0,,,data/daily_price/20260225.csv,23.16,23.115,18.5883,16.1683,22.386,-1.006,16.5877,-14.5833,97.5904,100.0,520946422.5,2.0137,29.15,29.15,29.15,20.25,12.1,12.1,6.4244,32.3411,52.1493,9.8901,-15.6089,-15.6089,-15.6089,103.3058,103.3058
20260226,3481,群創,TWSE,25.05,27.0,24.15,26.8,837945188.0,,,data/daily_price/20260226.csv,24.31,23.0975,18.8333,16.2883,22.7538,8.9431,27.3159,-1.2891,121.4876,116.129,552476413.65,1.5167,29.15,29.15,29.15,20.25,12.1,12.1,16.0299,42.3009,64.5349,17.7823,-8.0617,-8.0617,-8.0617,121.4876,121.4876
20260302,3481,群創,TWSE,25.5,29.0,25.45,28.55,1001949319.0,,,data/daily_price/20260302.csv,25.63,23.1675,19.1042,16.4204,23.2368,6.5299,30.0683,5.1565,132.1138,124.8031,564550766.1,1.7748,29.15,29.15,29.15,20.25,12.25,12.1,23.233,49.4438,73.8689,22.8652,-2.0583,-2.0583,-2.0583,133.0612,135.9504
20260303,3481,群創,TWSE,29.3,29.8,25.7,25.95,1047600389.0,,,data/daily_price/20260303.csv,26.15,23.195,19.33,16.53,23.4629,-9.1068,11.1349,2.1654,109.2742,102.7344,576014352.45,1.8187,29.8,29.8,29.8,20.25,12.35,12.1,11.8776,34.2473,56.9873,10.5999,-12.9195,-12.9195,-12.9195,110.1215,114.4628
20260304,3481,群創,TWSE,24.5,25.95,24.15,24.75,604985488.0,,,data/daily_price/20260304.csv,26.13,23.2325,19.5267,16.6312,23.5702,-4.6243,-0.4024,3.125,91.1197,96.4286,569121239.0,1.063,29.8,29.8,29.8,20.25,12.35,12.1,6.5318,26.7497,48.8162,5.0055,-16.9463,-16.9463,-16.9463,100.4049,104.5455
20260305,3481,群創,TWSE,26.45,26.7,24.8,26.0,722993701.0,,,data/daily_price/20260305.csv,26.41,23.305,19.7342,16.7362,23.7727,5.0505,5.6911,5.9063,91.8819,94.0299,582674273.1,1.2408,29.8,29.8,29.8,20.25,12.35,12.1,11.564,31.7512,55.3514,9.3692,-12.7517,-12.7517,-12.7517,110.5263,114.876
20260306,3481,群創,TWSE,25.6,27.6,25.15,27.5,845038403.0,,,data/daily_price/20260306.csv,26.55,23.5275,19.9667,16.8554,24.0833,5.7692,2.6119,19.3059,102.952,108.3333,595126205.55,1.4199,29.8,29.8,29.8,20.25,12.35,12.1,16.8845,37.7295,63.1523,14.187,-7.7181,-7.7181,-7.7181,122.6721,127.2727
20260309,3481,群創,TWSE,25.5,27.95,25.3,27.8,979280613.0,,,data/daily_price/20260309.csv,26.4,23.8025,20.2033,16.9754,24.393,1.0909,-2.627,24.6637,104.4118,107.4627,612060623.75,1.6,29.8,29.8,29.8,20.25,12.35,12.1,16.7945,37.6011,63.7662,13.967,-6.7114,-6.7114,-6.7114,125.1012,129.7521
20260310,3481,群創,TWSE,29.5,29.9,27.2,27.55,1310469760.0,,,data/daily_price/20260310.csv,26.72,24.115,20.4292,17.0938,24.6561,-0.8993,6.1657,29.3427,96.7857,106.367,651378112.75,2.0118,29.9,29.9,29.9,20.25,12.35,12.1,14.2442,34.8562,61.17,11.7371,-7.8595,-7.8595,-7.8595,123.0769,127.686
20260311,3481,群創,TWSE,28.45,30.3,28.35,30.3,1134573679.0,,,data/daily_price/20260311.csv,27.83,24.54,20.6975,17.235,25.1264,9.9819,22.4242,38.9908,113.3803,126.9663,666267658.9,1.7029,30.3,30.3,30.3,20.7,12.35,12.1,23.4719,46.3945,75.805,20.5902,0.0,0.0,0.0,145.3441,150.4132
20260312,3481,群創,TWSE,31.0,33.3,30.75,32.95,1690701447.0,,,data/daily_price/20260312.csv,29.22,25.13,21.0075,17.3917,25.7784,8.7459,26.7308,55.792,129.6167,132.8622,729724145.15,2.3169,33.3,33.3,33.3,20.75,12.35,12.1,31.1182,56.8487,89.4586,27.8202,-1.0511,-1.0511,-1.0511,166.8016,172.314
20260313,3481,群創,TWSE,30.25,31.4,29.7,29.7,1369365716.0,,,data/daily_price/20260313.csv,29.66,25.5675,21.2625,17.5221,26.1052,-9.8634,8.0,41.7661,106.25,111.3879,782690793.3,1.7496,33.3,33.3,33.3,20.8,12.35,12.1,16.1631,39.6825,69.5004,13.7705,-10.8108,-10.8108,-10.8108,140.4858,145.4545
20260316,3481,群創,TWSE,29.35,30.05,26.8,27.3,1001913513.0,,,data/daily_price/20260316.csv,29.56,25.7825,21.4808,17.6342,26.2048,-8.0808,-1.7986,18.6957,92.2535,97.1119,809879952.2,1.2371,33.3,33.3,33.3,20.8,12.35,12.1,5.8858,27.09,54.8131,4.1796,-18.018,-18.018,-18.018,121.0526,125.6198
20260317,3481,群創,TWSE,27.9,29.4,27.55,27.7,789814927.0,,,data/daily_price/20260317.csv,29.59,26.0775,21.71,17.7504,26.3294,1.4652,0.5445,27.0642,98.5663,101.4545,819321142.3,0.964,33.3,33.3,33.3,20.8,12.35,12.1,6.2218,27.591,56.0527,5.2057,-16.8168,-16.8168,-16.8168,124.2915,128.9256
20260318,3481,群創,TWSE,28.3,28.85,27.2,27.95,482808305.0,,,data/daily_price/20260318.csv,29.12,26.385,21.945,17.8708,26.4644,0.9025,-7.7558,28.211,101.8051,107.037,827329577.05,0.5836,33.3,33.3,33.3,20.9,12.35,12.1,5.9314,27.3639,56.4001,5.6135,-16.0661,-16.0661,-16.0661,126.3158,130.9917
20260319,3481,群創,TWSE,27.7,28.3,27.25,27.3,367916783.0,,,data/daily_price/20260319.csv,27.99,26.695,22.175,17.9858,26.534,-2.3256,-17.1472,29.3839,102.2222,102.2222,832260248.05,0.4421,33.3,33.3,33.3,20.9,12.35,12.1,2.2663,23.1116,51.7861,2.8867,-18.018,-18.018,-18.018,121.0526,125.6198
20260320,3481,群創,TWSE,27.8,28.0,26.1,26.25,501309223.0,,,data/daily_price/20260320.csv,27.3,26.955,22.39,18.0921,26.5104,-3.8462,-11.6162,24.7031,96.6292,94.4444,850101493.95,0.5897,33.3,33.3,33.3,21.3,12.35,12.1,-2.6155,17.2398,45.0911,-0.9822,-21.1712,-21.1712,-21.1712,112.5506,116.9421
20260323,3481,群創,TWSE,24.95,26.0,24.95,25.0,269438843.0,,,data/daily_price/20260323.csv,26.84,27.1075,22.585,18.1858,26.3845,-4.7619,-8.4249,13.8952,87.9699,81.8182,850051893.1,0.317,33.3,33.3,33.3,22.15,12.35,12.1,-7.7746,10.6929,37.4696,-5.2474,-24.9249,-24.9249,-24.9249,102.4291,106.6116
20260324,3481,群創,TWSE,26.0,26.45,24.1,24.5,388539761.0,,,data/daily_price/20260324.csv,26.2,27.165,22.7783,18.2771,26.2275,-2.0,-11.5523,4.9251,89.9225,80.8118,846350901.35,0.4591,33.3,33.3,33.3,22.9,12.35,12.1,-9.8104,7.5584,34.0476,-6.5865,-26.4264,-26.4264,-26.4264,98.3806,102.4793
20260325,3481,群創,TWSE,25.5,26.15,25.15,25.65,274222757.0,,,data/daily_price/20260325.csv,25.74,27.205,22.995,18.3804,26.1793,4.6939,-8.229,3.2193,102.7668,93.5849,833496138.1,0.329,33.3,33.3,33.3,24.1,12.35,12.1,-5.7159,11.546,39.5507,-2.022,-22.973,-22.973,-22.973,107.6923,111.9835
20260326,3481,群創,TWSE,26.0,26.55,25.0,25.0,248645740.0,,,data/daily_price/20260326.csv,25.28,27.225,23.205,18.4738,26.0811,-2.5341,-8.4249,1.626,101.6129,81.1594,793475677.75,0.3134,33.3,33.3,33.3,24.1,12.35,12.1,-8.1726,7.7354,35.3272,-4.145,-24.9249,-24.9249,-24.9249,102.4291,106.6116
20260327,3481,群創,TWSE,24.6,24.9,24.05,24.8,174519266.0,,,data/daily_price/20260327.csv,24.99,27.125,23.4067,18.5654,25.9743,-0.8,-5.5238,-7.4627,95.2756,79.7101,760304381.65,0.2295,33.3,33.3,33.3,24.05,12.55,12.1,-8.5714,5.9527,33.5817,-4.5211,-25.5255,-25.5255,-25.5255,97.6096,104.9587
20260330,3481,群創,TWSE,24.25,24.6,23.65,24.6,192998701.0,,,data/daily_price/20260330.csv,24.91,26.9275,23.6058,18.6542,25.8598,-0.8065,-1.6,-13.8354,94.4664,76.3441,719856850.75,0.2681,33.3,33.3,33.3,23.65,12.55,12.1,-8.6436,4.2115,31.874,-4.8716,-26.1261,-26.1261,-26.1261,96.0159,103.3058
20260331,3481,群創,TWSE,24.5,25.05,23.8,23.85,308334588.0,,,data/daily_price/20260331.csv,24.78,26.8225,23.7858,18.7358,25.6923,-3.0488,-2.6531,-8.0925,82.7586,69.7509,682893560.7,0.4515,33.3,33.3,33.3,23.65,12.95,12.1,-11.0821,0.2698,27.2962,-7.1706,-28.3784,-28.3784,-28.3784,84.1699,97.1074
20260401,3481,群創,TWSE,25.05,25.95,24.8,25.05,328715661.0,,,data/daily_price/20260401.csv,24.66,26.8375,23.9825,18.8267,25.6388,5.0314,-2.3392,1.2121,89.0566,77.0318,669080069.35,0.4913,33.3,33.3,33.3,23.65,12.95,12.1,-6.6605,4.4512,33.0559,-2.2964,-24.7748,-24.7748,-24.7748,93.4363,107.0248
20260402,3481,群創,TWSE,25.3,25.9,24.65,24.65,280976969.0,,,data/daily_price/20260402.csv,24.59,26.77,24.1683,18.9138,25.5564,-1.5968,-1.4,-5.1923,82.5926,73.5915,646979232.75,0.4343,33.3,33.3,33.3,23.65,13.95,12.1,-7.9193,1.993,30.3285,-3.5466,-25.976,-25.976,-25.976,76.7025,103.719
20260407,3481,群創,TWSE,25.3,25.5,24.0,24.05,179826978.0,,,data/daily_price/20260407.csv,24.44,26.5975,24.3217,18.9908,25.4308,-2.4341,-3.0242,-12.5455,61.9529,62.5,613718661.5,0.293,33.3,33.3,33.3,23.65,14.9,12.1,-9.578,-1.117,26.64,-5.4298,-27.7778,-27.7778,-27.7778,61.4094,98.7603
20260408,3481,群創,TWSE,24.7,26.45,24.7,26.2,368105745.0,,,data/daily_price/20260408.csv,24.76,26.5175,24.4867,19.0892,25.4949,8.9397,6.5041,-5.7554,60.7362,81.9444,583159918.1,0.6312,33.3,33.3,33.3,23.65,16.2,12.1,-1.1973,6.997,37.2506,2.7655,-21.3213,-21.3213,-21.3213,61.7284,116.5289
20260409,3481,群創,TWSE,26.5,28.0,25.7,26.95,585534130.0,,,data/daily_price/20260409.csv,25.38,26.4875,24.6517,19.1938,25.6162,2.8626,12.9979,-2.1779,58.0645,87.1528,546913136.6,1.0706,33.3,33.3,33.3,23.65,16.2,12.1,1.7461,9.3232,40.4103,5.2069,-19.0691,-19.0691,-19.0691,66.358,122.7273
20260410,3481,群創,TWSE,27.55,27.55,25.4,26.0,391667912.0,,,data/daily_price/20260410.csv,25.57,26.2725,24.7833,19.2871,25.6482,-3.525,3.7924,-14.1914,43.6464,75.6757,509767848.25,0.7683,33.3,33.3,33.3,23.65,18.8,12.1,-1.0372,4.9092,34.8052,1.3717,-21.9219,-21.9219,-21.9219,38.2979,114.876
20260413,3481,群創,TWSE,26.0,26.5,25.5,26.3,196853660.0,,,data/daily_price/20260413.csv,25.9,25.94,24.89,19.3846,25.7025,1.1538,6.6937,-20.1821,32.1608,80.137,435075458.9,0.4525,31.4,33.3,33.3,23.65,19.6,12.1,1.3878,5.6649,35.6748,2.3247,-16.242,-21.021,-21.021,34.1837,117.3554
20260414,3481,群創,TWSE,26.75,27.85,26.5,27.25,412731989.0,,,data/daily_price/20260414.csv,26.54,25.8175,24.98,19.4896,25.8315,3.6122,13.3056,-8.2492,24.714,86.0068,387243772.55,1.0658,30.05,33.3,33.3,23.65,19.6,12.1,5.5486,9.0873,39.8183,5.4915,-9.3178,-18.1682,-18.1682,39.0306,125.2066
20260415,3481,群創,TWSE,27.6,28.3,27.0,27.6,490740497.0,,,data/daily_price/20260415.csv,26.82,25.8325,25.0708,19.5938,25.9788,1.2844,5.3435,1.0989,24.605,82.7815,361685121.75,1.3568,29.4,33.3,33.3,23.65,19.6,12.1,6.8422,10.0881,40.8612,6.2403,-6.1224,-17.1171,-17.1171,40.8163,128.0992
20260416,3481,群創,TWSE,28.2,28.9,27.2,27.25,559188666.0,,,data/daily_price/20260416.csv,26.88,25.81,25.1792,19.6938,26.0848,-1.2681,1.1132,-1.6245,31.3253,78.6885,350153808.7,1.597,28.9,33.3,33.3,23.65,19.6,12.1,5.5792,8.2244,38.3688,4.4671,-5.7093,-18.1682,-18.1682,39.0306,125.2066
20260417,3481,群創,TWSE,27.05,27.05,25.8,25.9,338854980.0,,,data/daily_price/20260417.csv,26.86,25.7075,25.2775,19.7804,26.0694,-4.9541,-0.3846,-7.3345,29.5,67.0968,342956142.45,0.988,28.9,33.3,33.3,23.65,20.25,12.1,0.7488,2.4627,30.9376,-0.6497,-10.3806,-22.2222,-22.2222,27.9012,114.0496
20260420,3481,群創,TWSE,26.05,26.4,25.5,26.15,216671979.0,,,data/daily_price/20260420.csv,26.83,25.65,25.3467,19.8712,26.0761,0.9653,-0.5703,-4.2125,18.8636,71.4754,335393902.25,0.646,28.9,33.3,33.3,23.65,20.25,12.1,1.9493,3.1694,31.5972,0.2834,-9.5156,-21.4715,-21.4715,29.1358,116.1157
20260421,3481,群創,TWSE,26.35,26.6,25.7,26.0,191605469.0,,,data/daily_price/20260421.csv,26.58,25.6375,25.4025,19.9654,26.0697,-0.5736,-4.5872,-0.9524,14.7903,76.8707,319908714.55,0.5989,28.9,33.3,33.3,23.65,20.25,12.1,1.4139,2.3521,30.2252,-0.2675,-10.0346,-21.9219,-21.9219,28.3951,114.876
20260422,3481,群創,TWSE,26.0,26.3,25.5,25.6,164011004.0,,,data/daily_price/20260422.csv,26.18,25.6675,25.4225,20.0575,26.0306,-1.5385,-7.2464,2.4,4.918,75.945,314637322.6,0.5213,28.9,33.3,33.3,23.65,20.25,12.1,-0.263,0.6982,27.6331,-1.6542,-11.4187,-23.1231,-23.1231,26.4198,111.5702
20260423,3481,群創,TWSE,25.8,25.95,23.9,24.1,347083200.0,,,data/daily_price/20260423.csv,25.55,25.6475,25.4083,20.1388,25.8697,-5.8594,-11.5596,-1.6327,-3.4068,67.9443,312564494.55,1.1104,28.9,33.3,33.3,23.65,20.25,12.1,-6.0337,-5.1492,19.6698,-6.8409,-16.609,-27.6276,-27.6276,19.0123,99.1736
20260424,3481,群創,TWSE,24.2,24.3,23.0,23.4,233909107.0,,,data/daily_price/20260424.csv,25.05,25.535,25.355,20.2188,25.6639,-2.9046,-9.6525,-8.7719,-12.0301,69.5652,310548812.05,0.7532,28.9,33.3,33.3,23.0,20.25,12.1,-8.3611,-7.7105,15.7342,-8.8214,-19.0311,-29.7297,-29.7297,15.5556,93.3884
20260427,3481,群創,TWSE,23.5,24.7,22.95,24.3,259067260.0,,,data/daily_price/20260427.csv,24.68,25.5,25.28,20.3042,25.5503,3.8462,-7.0746,-2.8,-15.625,72.9537,311069888.05,0.8328,28.9,33.3,33.3,22.95,20.25,12.1,-4.7059,-3.8766,19.6799,-4.8933,-15.917,-27.027,-27.027,20.0,100.8264
20260428,3481,群創,TWSE,24.3,25.0,24.0,24.35,130750892.0,,,data/daily_price/20260428.csv,24.35,25.4775,25.2333,20.3912,25.4502,0.2058,-6.3462,-1.8145,-10.3131,75.1799,308881469.35,0.4233,28.9,33.3,33.3,22.95,20.25,12.1,-4.4255,-3.5007,19.414,-4.3231,-15.7439,-26.8769,-26.8769,20.2469,101.2397
20260429,3481,群創,TWSE,24.4,24.7,23.9,23.95,132951070.0,,,data/daily_price/20260429.csv,24.02,25.445,25.18,20.4742,25.3252,-1.6427,-6.4453,-2.6423,-11.7864,71.0714,305879087.8,0.4347,28.9,33.3,33.3,22.95,20.25,12.1,-5.8754,-4.8848,16.9767,-5.4302,-17.128,-28.0781,-28.0781,18.2716,97.9339
20260430,3481,群創,TWSE,24.05,24.3,23.65,23.95,103739940.0,,,data/daily_price/20260430.csv,23.99,25.45,25.1558,20.5592,25.2106,0.0,-0.6224,0.4193,-5.7087,74.1818,295649355.4,0.3509,28.9,33.3,33.3,22.95,20.25,12.1,-5.8939,-4.7935,16.493,-5.0003,-17.128,-28.0781,-28.0781,18.2716,97.9339
20260504,3481,群創,TWSE,24.15,25.15,24.05,24.8,152389741.0,,,data/daily_price/20260504.csv,24.27,25.4375,25.1692,20.6512,25.1764,3.5491,5.9829,-0.998,3.3333,80.3636,286833059.4,0.5313,28.9,33.3,33.3,22.95,20.25,12.1,-2.5061,-1.4667,20.0896,-1.495,-14.1869,-25.5255,-25.5255,22.4691,104.9587
20260505,3481,群創,TWSE,25.15,27.25,25.15,27.25,486930201.0,,,data/daily_price/20260505.csv,24.86,25.5675,25.2142,20.7646,25.3492,9.879,12.1399,10.5477,10.998,99.6337,297130721.0,1.6388,28.9,33.3,33.3,22.95,20.25,12.1,6.5806,8.0742,31.2331,7.4985,-5.7093,-18.1682,-18.1682,34.5679,125.2066
20260506,3481,群創,TWSE,27.8,28.9,26.8,28.1,845750567.0,,,data/daily_price/20260506.csv,25.61,25.77,25.2983,20.8879,25.5784,3.1193,15.4004,16.8399,21.9089,111.2782,330426900.45,2.5596,28.9,33.3,33.3,22.95,20.25,12.1,9.0415,11.0745,34.5275,9.8582,-2.7682,-15.6156,-15.6156,38.7654,132.2314
20260507,3481,群創,TWSE,28.8,30.1,28.15,29.75,860297129.0,,,data/daily_price/20260507.csv,26.77,25.9475,25.4225,21.0233,25.9261,5.8719,24.2171,13.5496,33.4081,120.3704,355036469.65,2.4231,30.1,33.3,33.3,22.95,20.25,12.1,14.6546,17.0223,41.5094,14.7494,-1.1628,-10.6607,-10.6607,46.9136,145.8678
20260508,3481,群創,TWSE,29.85,31.45,28.65,29.4,785095023.0,,,data/daily_price/20260508.csv,27.86,26.07,25.5575,21.1563,26.2156,-1.1765,22.7557,9.0909,38.0282,118.5874,365014514.3,2.1509,31.45,33.3,33.3,22.95,20.25,12.1,12.7733,15.0347,38.966,12.1472,-6.5183,-11.7117,-11.7117,45.1852,142.9752
20260511,3481,群創,TWSE,32.0,32.3,31.05,32.3,417999548.0,,,data/daily_price/20260511.csv,29.36,26.385,25.7325,21.3108,26.7226,9.8639,30.2419,24.2308,48.1651,134.9091,366331096.1,1.141,32.3,33.3,33.3,22.95,20.7,12.1,22.418,25.5222,51.5661,20.8715,0.0,-3.003,-3.003,56.0386,166.9421
20260512,3481,群創,TWSE,34.7,35.5,33.6,35.5,833426756.0,,,data/daily_price/20260512.csv,31.01,26.845,25.9717,21.4904,27.454,9.9071,30.2752,34.981,67.8487,154.4803,398159750.9,2.0932,35.5,35.5,35.5,22.95,20.75,12.1,32.2406,36.6874,65.1899,29.307,0.0,0.0,0.0,71.0843,193.3884
20260513,3481,群創,TWSE,35.8,37.95,33.85,37.5,1379646184.0,,,data/daily_price/20260513.csv,32.89,27.3575,26.2475,21.6875,28.2912,5.6338,33.452,37.6147,78.9976,170.7581,446505460.65,3.0899,37.95,37.95,37.95,22.95,20.8,12.1,37.0739,42.8707,72.9107,32.55,-1.1858,-1.1858,-1.1858,80.2885,209.9174
20260514,3481,群創,TWSE,38.4,38.65,35.0,35.4,998720739.0,,,data/daily_price/20260514.csv,34.02,27.7475,26.4542,21.8712,28.8836,-5.6,18.9916,28.2609,53.913,165.1685,471904472.75,2.1164,38.65,38.65,38.65,22.95,20.8,12.1,27.5791,33.8163,61.8563,22.5609,-8.4088,-8.4088,-8.4088,70.1923,192.562
20260515,3481,群創,TWSE,35.8,38.4,35.25,36.1,892798512.0,,,data/daily_price/20260515.csv,35.36,28.19,26.6925,22.0646,29.485,1.9774,22.7891,32.4771,65.5963,179.845,488584965.05,1.8273,38.65,38.65,38.65,22.95,20.8,12.1,28.0596,35.244,63.6106,22.4353,-6.5977,-6.5977,-6.5977,73.5577,198.3471
20260518,3481,群創,TWSE,35.95,39.4,34.55,38.7,948858076.0,,,data/daily_price/20260518.csv,36.64,28.83,26.9742,22.2767,30.2529,7.2022,19.8142,49.4208,77.5229,192.0755,519085119.85,1.8279,39.4,39.4,39.4,22.95,20.9,12.1,34.2352,43.4706,73.7244,27.9217,-1.7766,-1.7766,-1.7766,85.1675,219.8347
20260519,3481,群創,TWSE,38.15,39.2,37.2,37.45,711814824.0,,,data/daily_price/20260519.csv,37.03,29.395,27.2467,22.4779,30.8526,-3.23,5.493,43.2122,77.4882,181.5789,543842262.1,1.3089,39.4,39.4,39.4,22.95,20.9,12.1,27.4026,37.448,66.608,21.3834,-4.9492,-4.9492,-4.9492,79.1866,209.5041
20260520,3481,群創,TWSE,37.8,38.0,36.0,36.95,624777587.0,,,data/daily_price/20260520.csv,36.92,29.9425,27.5117,22.6779,31.3608,-1.3351,-1.4667,42.1154,75.5344,185.3282,565500868.0,1.1048,39.4,39.4,39.4,22.95,21.3,12.1,23.4032,34.3067,62.9338,17.8224,-6.2183,-6.2183,-6.2183,73.4742,205.3719
20260521,3481,群創,TWSE,38.0,40.6,38.0,40.6,524601290.0,,,data/daily_price/20260521.csv,37.96,30.6925,27.8225,22.9083,32.1307,9.8782,14.6893,58.5938,84.9658,213.5135,583530382.3,0.899,40.6,40.6,40.6,22.95,22.15,12.1,32.2799,45.9251,77.2281,26.3589,0.0,0.0,0.0,83.2957,235.5372
20260522,3481,群創,TWSE,42.45,44.65,42.35,44.65,388361570.0,17019797092.0,TWSE_RWD_JSON_MI_INDEX,data/daily_price/daily_price_20260522.csv,39.67,31.72,28.1775,23.1775,33.174,9.9754,23.6842,85.2697,91.2206,261.5385,585594300.8,0.6632,44.65,44.65,44.65,22.95,22.9,12.1,40.7629,58.4598,92.6437,34.5935,0.0,0.0,0.0,94.9782,269.0083
20260525,3481,群創,TWSE,49.1,49.1,49.1,49.1,68442854.0,3360542615.0,TWSE_RWD_JSON_MI_INDEX,data/daily_price/daily_price_20260525.csv,41.75,33.005,28.5817,23.4838,34.5011,9.9664,26.8734,109.8291,97.5855,297.5709,577320988.15,0.1186,49.1,49.1,49.1,22.95,22.95,12.1,48.7653,71.7884,109.0807,42.3141,0.0,0.0,0.0,113.9434,305.7851
20260526,3481,群創,TWSE,52.0,52.2,44.65,45.7,1463227218.0,69741658164.0,TWSE_RWD_JSON_MI_INDEX,data/daily_price/daily_price_20260526.csv,43.4,34.075,28.9333,23.7608,35.4344,-6.9246,22.0294,88.0658,85.7724,267.0683,637528986.05,2.2952,52.2,52.2,52.2,23.65,22.95,12.1,34.1159,57.9493,92.3333,28.9708,-12.4521,-12.4521,-12.4521,99.1285,277.686
20260527,3481,群創,TWSE,47.0,50.2,44.45,50.2,1370411333.0,65769751304.0,TWSE_RWD_JSON_MI_INDEX,data/daily_price/daily_price_20260527.csv,46.05,35.3675,29.3233,24.0783,36.6648,9.8468,35.8593,106.1602,87.3134,314.876,699512008.1,1.9591,52.2,52.2,52.2,23.65,22.95,12.1,41.9382,71.1947,108.4862,36.9159,-3.8314,-3.8314,-3.8314,118.7364,314.876
20260528,3481,群創,TWSE,50.2,52.2,46.2,46.4,1259689849.0,61825285851.0,TWSE_RWD_JSON_MI_INDEX,data/daily_price/daily_price_20260528.csv,47.21,36.49,29.6208,24.3625,37.4761,-7.5697,14.2857,93.737,62.5219,277.2358,755848947.05,1.6666,52.2,52.2,52.2,23.65,22.95,12.25,27.1581,56.6465,90.4566,23.8122,-11.1111,-11.1111,-11.1111,102.1786,278.7755
20260529,3481,群創,TWSE,48.55,51.0,47.65,51.0,897327645.0,44843393073.0,TWSE_RWD_JSON_MI_INDEX,data/daily_price/daily_price_20260529.csv,48.48,37.8425,30.0383,24.6842,38.6031,9.9138,14.2217,112.9436,96.5318,311.2903,795528332.3,1.128,52.2,52.2,52.2,24.05,22.95,12.35,34.7691,69.7831,106.6102,32.1137,-2.2989,-2.2989,-2.2989,122.2222,312.9555
20260601,3481,群創,TWSE,54.5,56.1,53.7,56.1,478118322.0,26313894519.0,TWSE_RWD_JSON_MI_INDEX,data/daily_price/daily_price_20260601.csv,49.88,39.4075,30.5608,25.0438,40.0612,10.0,14.2566,126.2097,126.6667,333.2046,811814761.35,0.589,56.1,56.1,56.1,25.15,22.95,12.35,42.3587,83.5683,124.008,40.0358,0.0,0.0,0.0,144.4444,354.251
20260602,3481,群創,TWSE,58.0,58.8,53.6,56.2,1163170448.0,64915803779.0,TWSE_RWD_JSON_MI_INDEX,data/daily_price/daily_price_20260602.csv,51.98,40.855,31.0642,25.3992,41.4061,0.1783,22.9759,106.2385,116.1538,314.7601,845626773.7,1.3755,58.8,58.8,58.8,26.8,22.95,12.35,37.5597,80.9158,121.2671,35.7289,-4.4218,-4.4218,-4.4218,144.8802,355.0607
20260603,3481,群創,TWSE,57.0,60.5,56.2,59.4,972688727.0,57019674242.0,TWSE_RWD_JSON_MI_INDEX,data/daily_price/daily_price_20260603.csv,53.82,42.42,31.5958,25.7813,42.9056,5.694,18.3267,111.3879,116.0,338.3764,851973681.7,1.1417,60.5,60.5,60.5,28.15,22.95,12.35,40.0283,87.9995,130.4,38.4436,-1.8182,-1.8182,-1.8182,158.8235,380.9717
20260604,3481,群創,TWSE,56.9,57.0,55.2,55.8,170430089.0,9542009944.0,TWSE_RWD_JSON_MI_INDEX,data/daily_price/daily_price_20260604.csv,55.7,43.7225,32.0625,26.1329,43.9801,-6.0606,20.2586,87.563,100.7194,310.2941,817480329.7,0.2085,60.5,60.5,60.5,28.65,22.95,12.35,27.6231,74.0351,113.5238,26.8755,-7.7686,-7.7686,-7.7686,143.1373,351.8219
20260605,3481,群創,TWSE,53.3,54.0,50.3,53.7,177087727.0,9207410286.0,TWSE_RWD_JSON_MI_INDEX,data/daily_price/daily_price_20260605.csv,56.24,44.9375,32.4983,26.4638,44.7901,-3.7634,5.2941,82.6531,94.9183,283.5714,787079964.9,0.225,60.5,60.5,60.5,31.05,22.95,12.35,19.4993,65.2392,102.9191,19.8926,-11.2397,-11.2397,-11.2397,133.9869,334.8178
20260608,3481,群創,TWSE,48.35,48.35,48.35,48.35,88824555.0,4294656640.0,TWSE_RWD_JSON_MI_INDEX,data/daily_price/daily_price_20260608.csv,54.69,45.74,32.7992,26.7483,45.0868,-9.9628,-13.8146,49.6904,59.571,240.493,770621215.25,0.1153,60.5,60.5,60.5,33.6,22.95,12.35,5.7062,47.4123,80.7589,7.2377,-20.0826,-20.0826,-20.0826,110.6754,291.498
20260609,3481,群創,TWSE,49.95,50.6,46.6,49.1,124513602.0,6095849056.0,TWSE_RWD_JSON_MI_INDEX,data/daily_price/daily_price_20260609.csv,53.27,46.42,33.0683,27.0379,45.4212,1.5512,-12.6335,38.3099,49.0137,242.1603,735175557.55,0.1694,60.5,60.5,60.5,33.85,22.95,12.35,5.7734,48.4804,81.5968,8.0993,-18.843,-18.843,-18.843,113.9434,297.5709
20260610,3481,群創,TWSE,47.4,50.0,44.3,44.3,130115713.0,6111204565.0,TWSE_RWD_JSON_MI_INDEX,data/daily_price/daily_price_20260610.csv,50.25,46.76,33.3117,27.2871,45.3278,-9.776,-25.4209,18.1333,49.1582,207.6389,672699034.0,0.1934,60.5,60.5,60.5,34.55,22.95,12.35,-5.2609,32.9864,62.3479,-2.2674,-26.7769,-26.7769,-26.7769,93.0283,258.7045
20260611,3481,群創,TWSE,42.6,46.95,40.25,46.95,174746924.0,7498956242.0,TWSE_RWD_JSON_MI_INDEX,data/daily_price/daily_price_20260611.csv,48.48,47.3375,33.6392,27.56,45.4629,5.9819,-15.8602,32.6271,71.978,230.6338,631500343.25,0.2767,60.5,60.5,60.5,34.55,22.95,12.35,-0.8186,39.5695,70.3556,3.2709,-22.3967,-22.3967,-22.3967,104.5752,280.1619
20260612,3481,群創,TWSE,50.5,50.5,48.5,48.55,95654891.0,4704203751.0,TWSE_RWD_JSON_MI_INDEX,data/daily_price/daily_price_20260612.csv,47.45,47.96,33.9867,27.8483,45.7202,3.4079,-9.5903,34.4875,75.2708,248.0287,591643162.2,0.1617,60.5,60.5,60.5,34.55,22.95,12.35,1.2302,42.8501,74.3372,6.1894,-19.7521,-19.7521,-19.7521,111.5468,293.1174
20260615,3481,群創,TWSE,51.0,51.5,49.8,51.4,100103830.0,5079695975.0,TWSE_RWD_JSON_MI_INDEX,data/daily_price/daily_price_20260615.csv,48.06,48.595,34.3775,28.1612,46.1935,5.8702,6.3082,32.8165,83.8998,271.1191,549205449.9,0.1823,60.5,60.5,60.5,36.0,22.95,12.35,5.7722,49.5164,82.5203,11.271,-15.0413,-15.0413,-15.0413,123.9651,316.1943
20260616,3481,群創,TWSE,53.3,55.0,52.0,53.3,140022240.0,7503263139.0,TWSE_RWD_JSON_MI_INDEX,data/daily_price/daily_price_20260616.csv,48.9,49.3875,34.8108,28.4929,46.7857,3.6965,8.554,42.3231,95.2381,294.8148,520615820.7,0.269,60.5,60.5,60.5,36.0,22.95,12.35,7.922,53.1133,87.064,13.9236,-11.9008,-11.9008,-11.9008,132.244,331.5789
20260617,3481,群創,TWSE,53.2,58.6,53.2,58.6,239833027.0,13737596128.0,TWSE_RWD_JSON_MI_INDEX,data/daily_price/daily_price_20260617.csv,51.76,50.47,35.35,28.87,47.7702,9.9437,32.2799,58.5927,123.2381,338.9513,501368592.7,0.4784,60.5,60.5,60.5,38.0,22.95,12.35,16.1086,65.7709,102.9789,22.6705,-3.1405,-3.1405,-3.1405,155.3377,374.4939
20260618,3481,群創,TWSE,62.0,64.4,58.5,64.4,861089224.0,53613975840.0,TWSE_RWD_JSON_MI_INDEX,data/daily_price/daily_price_20260618.csv,55.25,51.66,36.0067,29.2958,49.1561,9.8976,37.1672,58.6207,157.6,384.2105,518192989.4,1.6617,64.4,64.4,64.4,40.25,22.95,12.35,24.6612,78.8558,119.8265,31.0113,0.0,0.0,0.0,180.61,421.4575
20260622,3481,群創,TWSE,69.4,69.9,66.0,66.0,954222795.0,64993922440.0,TWSE_RWD_JSON_MI_INDEX,data/daily_price/daily_price_20260622.csv,58.74,52.7275,36.6983,29.7383,50.5597,2.4845,35.9423,47.8163,169.3878,411.6279,546486050.65,1.7461,69.9,69.9,69.9,40.25,22.95,12.35,25.1719,79.8447,121.9358,30.5387,-5.5794,-5.5794,-5.5794,187.5817,434.413
20260623,3481,群創,TWSE,65.9,70.1,65.0,66.0,764326524.0,51475782771.0,TWSE_RWD_JSON_MI_INDEX,data/daily_price/daily_price_20260623.csv,61.66,53.5725,37.3708,30.1829,51.8464,0.0,28.4047,34.4196,157.3099,421.7391,581280234.15,1.3149,70.1,70.1,70.1,40.25,22.95,12.35,23.1975,76.6083,118.6667,27.2991,-5.8488,-5.8488,-5.8488,187.5817,434.413
20260624,3481,群創,TWSE,65.0,72.6,63.9,69.4,1097640768.0,76566480222.0,TWSE_RWD_JSON_MI_INDEX,data/daily_price/daily_price_20260624.csv,64.88,54.7575,38.1108,30.6579,53.3092,5.1515,30.2064,51.86,177.6,459.6774,563000911.65,1.9496,72.6,72.6,72.6,40.25,22.95,12.35,26.7406,82.1005,126.3689,30.1839,-4.4077,-4.4077,-4.4077,202.3965,461.9433
