date,stock_id,stock_name,market,open,high,low,close,volume,trading_value,source,source_file,ma5,ma20,ma60,ma120,ema23,return_1d,return_5d,return_20d,return_60d,return_120d,volume_ma20,volume_ratio,high_20,high_60,high_120,low_20,low_60,low_120,distance_to_ma20_pct,distance_to_ma60_pct,distance_to_ma120_pct,distance_to_ema23_pct,distance_to_high_20_pct,distance_to_high_60_pct,distance_to_high_120_pct,distance_to_low_60_pct,distance_to_low_120_pct
20240102,5525,順天,TWSE,26.65,27.4,26.65,27.4,519053.0,14041926.0,TWSE_RWD_JSON_MI_INDEX,data/daily_price/daily_price_20240102.csv,,,,,,,,,,,,,,,,,,,,,,,,,,,
20240103,5525,順天,TWSE,27.4,27.5,27.15,27.5,282800.0,7732123.0,TWSE_RWD_JSON_MI_INDEX,data/daily_price/daily_price_20240103.csv,,,,,,0.365,,,,,,,,,,,,,,,,,,,,,
20240104,5525,順天,TWSE,27.7,27.7,27.25,27.4,340971.0,9357428.0,TWSE_RWD_JSON_MI_INDEX,data/daily_price/daily_price_20240104.csv,,,,,,-0.3636,,,,,,,,,,,,,,,,,,,,,
20240105,5525,順天,TWSE,27.55,27.55,27.25,27.25,241945.0,6611309.0,TWSE_RWD_JSON_MI_INDEX,data/daily_price/daily_price_20240105.csv,,,,,,-0.5474,,,,,,,,,,,,,,,,,,,,,
20240108,5525,順天,TWSE,27.3,28.55,27.3,28.05,483174.0,13521812.0,TWSE_RWD_JSON_MI_INDEX,data/daily_price/daily_price_20240108.csv,27.52,27.52,27.52,27.52,27.4491,2.9358,,,,,373588.6,1.2933,28.55,28.55,28.55,26.65,26.65,26.65,1.9259,1.9259,1.9259,2.189,-1.7513,-1.7513,-1.7513,5.2533,5.2533
20240109,5525,順天,TWSE,28.3,28.45,27.75,27.85,256556.0,7166797.0,TWSE_RWD_JSON_MI_INDEX,data/daily_price/daily_price_20240109.csv,27.61,27.575,27.575,27.575,27.4825,-0.713,1.6423,,,,354083.1667,0.7246,28.55,28.55,28.55,26.65,26.65,26.65,0.9973,0.9973,0.9973,1.3371,-2.4518,-2.4518,-2.4518,4.5028,4.5028
20240110,5525,順天,TWSE,27.5,27.95,27.35,27.35,363061.0,9980544.0,TWSE_RWD_JSON_MI_INDEX,data/daily_price/daily_price_20240110.csv,27.58,27.5429,27.5429,27.5429,27.4715,-1.7953,-0.5455,,,,355365.7143,1.0217,28.55,28.55,28.55,26.65,26.65,26.65,-0.7002,-0.7002,-0.7002,-0.4422,-4.2032,-4.2032,-4.2032,2.6266,2.6266
20240111,5525,順天,TWSE,27.1,27.6,26.85,27.55,173635.0,4758550.0,TWSE_RWD_JSON_MI_INDEX,data/daily_price/daily_price_20240111.csv,27.61,27.5438,27.5438,27.5438,27.478,0.7313,0.5474,,,,332649.375,0.522,28.55,28.55,28.55,26.65,26.65,26.65,0.0227,0.0227,0.0227,0.2619,-3.5026,-3.5026,-3.5026,3.3771,3.3771
20240112,5525,順天,TWSE,27.25,27.5,27.15,27.2,132343.0,3608981.0,TWSE_RWD_JSON_MI_INDEX,data/daily_price/daily_price_20240112.csv,27.6,27.5056,27.5056,27.5056,27.4549,-1.2704,-0.1835,,,,310393.1111,0.4264,28.55,28.55,28.55,26.65,26.65,26.65,-1.1109,-1.1109,-1.1109,-0.9283,-4.7285,-4.7285,-4.7285,2.0638,2.0638
20240115,5525,順天,TWSE,27.3,27.3,27.15,27.2,172903.0,4708790.0,TWSE_RWD_JSON_MI_INDEX,data/daily_price/daily_price_20240115.csv,27.43,27.475,27.475,27.475,27.4336,0.0,-3.0303,,,,296644.1,0.5829,28.55,28.55,28.55,26.65,26.65,26.65,-1.0009,-1.0009,-1.0009,-0.8516,-4.7285,-4.7285,-4.7285,2.0638,2.0638
20240116,5525,順天,TWSE,27.2,27.2,26.85,26.85,240811.0,6492819.0,TWSE_RWD_JSON_MI_INDEX,data/daily_price/daily_price_20240116.csv,27.23,27.4182,27.4182,27.4182,27.385,-1.2868,-3.5907,,,,291568.3636,0.8259,28.55,28.55,28.55,26.65,26.65,26.65,-2.0723,-2.0723,-2.0723,-1.9536,-5.9545,-5.9545,-5.9545,0.7505,0.7505
20240117,5525,順天,TWSE,26.65,26.65,26.25,26.25,273024.0,7212731.0,TWSE_RWD_JSON_MI_INDEX,data/daily_price/daily_price_20240117.csv,27.01,27.3208,27.3208,27.3208,27.2904,-2.2346,-4.0219,,,,290023.0,0.9414,28.55,28.55,28.55,26.25,26.25,26.25,-3.9195,-3.9195,-3.9195,-3.8124,-8.056,-8.056,-8.056,0.0,0.0
20240118,5525,順天,TWSE,26.25,26.6,26.25,26.5,69074.0,1827816.0,TWSE_RWD_JSON_MI_INDEX,data/daily_price/daily_price_20240118.csv,26.8,27.2577,27.2577,27.2577,27.2245,0.9524,-3.8113,,,,273026.9231,0.253,28.55,28.55,28.55,26.25,26.25,26.25,-2.7797,-2.7797,-2.7797,-2.6613,-7.1804,-7.1804,-7.1804,0.9524,0.9524
20240119,5525,順天,TWSE,26.5,26.8,26.5,26.65,98713.0,2631771.0,TWSE_RWD_JSON_MI_INDEX,data/daily_price/daily_price_20240119.csv,26.69,27.2143,27.2143,27.2143,27.1767,0.566,-2.0221,,,,260575.9286,0.3788,28.55,28.55,28.55,26.25,26.25,26.25,-2.0735,-2.0735,-2.0735,-1.9379,-6.655,-6.655,-6.655,1.5238,1.5238
20240122,5525,順天,TWSE,26.7,26.95,26.65,26.8,135869.0,3646455.0,TWSE_RWD_JSON_MI_INDEX,data/daily_price/daily_price_20240122.csv,26.61,27.1867,27.1867,27.1867,27.1453,0.5629,-1.4706,,,,252262.1333,0.5386,28.55,28.55,28.55,26.25,26.25,26.25,-1.4223,-1.4223,-1.4223,-1.2719,-6.1296,-6.1296,-6.1296,2.0952,2.0952
20240123,5525,順天,TWSE,26.75,26.8,26.6,26.6,66444.0,1773999.0,TWSE_RWD_JSON_MI_INDEX,data/daily_price/daily_price_20240123.csv,26.56,27.15,27.15,27.15,27.0998,-0.7463,-0.9311,,,,240648.5,0.2761,28.55,28.55,28.55,26.25,26.25,26.25,-2.0258,-2.0258,-2.0258,-1.8444,-6.8301,-6.8301,-6.8301,1.3333,1.3333
20240124,5525,順天,TWSE,26.55,27.2,26.55,27.0,179810.0,4817868.0,TWSE_RWD_JSON_MI_INDEX,data/daily_price/daily_price_20240124.csv,26.71,27.1412,27.1412,27.1412,27.0915,1.5038,2.8571,,,,237069.7647,0.7585,28.55,28.55,28.55,26.25,26.25,26.25,-0.5202,-0.5202,-0.5202,-0.3378,-5.4291,-5.4291,-5.4291,2.8571,2.8571
20240125,5525,順天,TWSE,27.0,27.2,26.85,27.05,100926.0,2724482.0,TWSE_RWD_JSON_MI_INDEX,data/daily_price/daily_price_20240125.csv,26.82,27.1361,27.1361,27.1361,27.0881,0.1852,2.0755,,,,229506.2222,0.4398,28.55,28.55,28.55,26.25,26.25,26.25,-0.3173,-0.3173,-0.3173,-0.1405,-5.2539,-5.2539,-5.2539,3.0476,3.0476
20240126,5525,順天,TWSE,26.65,28.15,26.65,27.95,418668.0,11631999.0,TWSE_RWD_JSON_MI_INDEX,data/daily_price/daily_price_20240126.csv,27.08,27.1789,27.1789,27.1789,27.1599,3.3272,4.878,,,,239462.1053,1.7484,28.55,28.55,28.55,26.25,26.25,26.25,2.8369,2.8369,2.8369,2.9091,-2.1016,-2.1016,-2.1016,6.4762,6.4762
20240129,5525,順天,TWSE,27.55,28.15,27.55,27.95,180628.0,5053511.0,TWSE_RWD_JSON_MI_INDEX,data/daily_price/daily_price_20240129.csv,27.31,27.2175,27.2175,27.2175,27.2257,0.0,4.291,,,,236520.4,0.7637,28.55,28.55,28.55,26.25,26.25,26.25,2.6913,2.6913,2.6913,2.6603,-2.1016,-2.1016,-2.1016,6.4762,6.4762
20240130,5525,順天,TWSE,28.0,28.05,27.8,27.95,78679.0,2194300.0,TWSE_RWD_JSON_MI_INDEX,data/daily_price/daily_price_20240130.csv,27.58,27.245,27.2524,27.2524,27.2861,0.0,5.0752,2.0073,,,214501.7,0.3668,28.55,28.55,28.55,26.25,26.25,26.25,2.5876,2.5598,2.5598,2.4332,-2.1016,-2.1016,-2.1016,6.4762,6.4762
20240131,5525,順天,TWSE,27.8,27.9,27.7,27.75,56049.0,1557233.0,TWSE_RWD_JSON_MI_INDEX,data/daily_price/daily_price_20240131.csv,27.73,27.2575,27.275,27.275,27.3247,-0.7156,2.7778,0.9091,,,203164.15,0.2759,28.55,28.55,28.55,26.25,26.25,26.25,1.8068,1.7415,1.7415,1.5563,-2.8021,-2.8021,-2.8021,5.7143,5.7143
20240201,5525,順天,TWSE,27.55,28.0,27.55,27.8,144524.0,4020223.0,TWSE_RWD_JSON_MI_INDEX,data/daily_price/daily_price_20240201.csv,27.88,27.2775,27.2978,27.2978,27.3643,0.1802,2.7726,1.4599,,,193341.8,0.7475,28.55,28.55,28.55,26.25,26.25,26.25,1.9155,1.8396,1.8396,1.592,-2.627,-2.627,-2.627,5.9048,5.9048
20240202,5525,順天,TWSE,27.6,27.95,27.6,27.95,94959.0,2639076.0,TWSE_RWD_JSON_MI_INDEX,data/daily_price/daily_price_20240202.csv,27.88,27.3125,27.325,27.325,27.4132,0.5396,0.0,2.5688,,,185992.5,0.5106,28.55,28.55,28.55,26.25,26.25,26.25,2.3341,2.2873,2.2873,1.9584,-2.1016,-2.1016,-2.1016,6.4762,6.4762
20240205,5525,順天,TWSE,27.6,27.95,27.6,27.85,157290.0,4381638.0,TWSE_RWD_JSON_MI_INDEX,data/daily_price/daily_price_20240205.csv,27.86,27.3025,27.346,27.346,27.4496,-0.3578,-0.3578,-0.713,,,169698.3,0.9269,28.45,28.55,28.55,26.25,26.25,26.25,2.0053,1.843,1.843,1.4588,-2.109,-2.4518,-2.4518,6.0952,6.0952
20240215,5525,順天,TWSE,27.8,28.0,27.6,27.9,127739.0,3556882.0,TWSE_RWD_JSON_MI_INDEX,data/daily_price/daily_price_20240215.csv,27.85,27.305,27.3673,27.3673,27.4871,0.1795,-0.1789,0.1795,,,163257.45,0.7824,28.15,28.55,28.55,26.25,26.25,26.25,2.1791,1.9465,1.9465,1.5022,-0.8881,-2.2767,-2.2767,6.2857,6.2857
20240216,5525,順天,TWSE,28.05,28.05,27.85,27.95,69549.0,1943019.0,TWSE_RWD_JSON_MI_INDEX,data/daily_price/daily_price_20240216.csv,27.89,27.335,27.3889,27.3889,27.5257,0.1792,0.7207,2.1938,,,148581.85,0.4681,28.15,28.55,28.55,26.25,26.25,26.25,2.2499,2.0487,2.0487,1.5416,-0.7105,-2.1016,-2.1016,6.4762,6.4762
20240219,5525,順天,TWSE,27.95,27.95,27.8,27.95,113036.0,3150250.0,TWSE_RWD_JSON_MI_INDEX,data/daily_price/daily_price_20240219.csv,27.92,27.355,27.4089,27.4089,27.561,0.0,0.5396,1.4519,,,145551.9,0.7766,28.15,28.55,28.55,26.25,26.25,26.25,2.1751,1.9741,1.9741,1.4113,-0.7105,-2.1016,-2.1016,6.4762,6.4762
20240220,5525,順天,TWSE,28.05,28.15,27.8,27.9,131646.0,3673773.0,TWSE_RWD_JSON_MI_INDEX,data/daily_price/daily_price_20240220.csv,27.91,27.39,27.4259,27.4259,27.5893,-0.1789,-0.1789,2.5735,,,145517.05,0.9047,28.15,28.55,28.55,26.25,26.25,26.25,1.862,1.7288,1.7288,1.1262,-0.8881,-2.2767,-2.2767,6.2857,6.2857
20240221,5525,順天,TWSE,27.9,28.0,27.85,27.95,112103.0,3132686.0,TWSE_RWD_JSON_MI_INDEX,data/daily_price/daily_price_20240221.csv,27.93,27.4275,27.4433,27.4433,27.6193,0.1792,0.3591,2.7574,,,142477.05,0.7868,28.15,28.55,28.55,26.25,26.25,26.25,1.905,1.8462,1.8462,1.1972,-0.7105,-2.1016,-2.1016,6.4762,6.4762
20240222,5525,順天,TWSE,27.95,27.95,27.7,27.9,191692.0,5333954.0,TWSE_RWD_CSV_MI_INDEX,data/daily_price/daily_price_20240222.csv,27.93,27.48,27.4581,27.4581,27.6427,-0.1789,0.0,3.9106,,,140021.1,1.369,28.15,28.55,28.55,26.25,26.25,26.25,1.5284,1.6095,1.6095,0.9307,-0.8881,-2.2767,-2.2767,6.2857,6.2857
20240223,5525,順天,TWSE,27.8,27.8,27.6,27.75,122128.0,3386128.0,TWSE_RWD_JSON_MI_INDEX,data/daily_price/daily_price_20240223.csv,27.89,27.555,27.4672,27.4672,27.6517,-0.5376,-0.7156,5.7143,,,132476.3,0.9219,28.15,28.55,28.55,26.25,26.25,26.25,0.7077,1.0296,1.0296,0.3556,-1.421,-2.8021,-2.8021,5.7143,5.7143
20240226,5525,順天,TWSE,27.7,27.8,27.45,27.5,179655.0,4955009.0,TWSE_RWD_JSON_MI_INDEX,data/daily_price/daily_price_20240226.csv,27.8,27.605,27.4682,27.4682,27.639,-0.9009,-1.61,3.7736,,,138005.35,1.3018,28.15,28.55,28.55,26.5,26.25,26.25,-0.3804,0.1158,0.1158,-0.503,-2.3091,-3.6778,-3.6778,4.7619,4.7619
20240227,5525,順天,TWSE,27.45,27.5,27.3,27.5,127273.0,3492463.0,TWSE_RWD_JSON_MI_INDEX,data/daily_price/daily_price_20240227.csv,27.72,27.6475,27.4691,27.4691,27.6274,0.0,-1.4337,3.1895,,,139433.35,0.9128,28.15,28.55,28.55,26.55,26.25,26.25,-0.5335,0.1124,0.1124,-0.4613,-2.3091,-3.6778,-3.6778,4.7619,4.7619
20240229,5525,順天,TWSE,27.7,27.7,27.6,27.65,51167.0,1414914.0,TWSE_RWD_JSON_MI_INDEX,data/daily_price/daily_price_20240229.csv,27.66,27.69,27.4743,27.4743,27.6293,0.5455,-1.0733,3.1716,,,135198.25,0.3785,28.15,28.55,28.55,26.55,26.25,26.25,-0.1445,0.6396,0.6396,0.0748,-1.7762,-3.1524,-3.1524,5.3333,5.3333
20240301,5525,順天,TWSE,27.65,28.15,27.65,27.95,234102.0,6553812.0,TWSE_RWD_JSON_MI_INDEX,data/daily_price/daily_price_20240301.csv,27.67,27.7575,27.4875,27.4875,27.656,1.085,0.1792,5.0752,,,143581.15,1.6305,28.15,28.55,28.55,26.55,26.25,26.25,0.6935,1.6826,1.6826,1.0629,-0.7105,-2.1016,-2.1016,6.4762,6.4762
20240304,5525,順天,TWSE,27.9,28.2,27.9,28.2,271346.0,7619376.0,TWSE_RWD_CSV_MI_INDEX,data/daily_price/daily_price_20240304.csv,27.76,27.8175,27.5068,27.5068,27.7014,0.8945,1.6216,4.4444,,,148157.95,1.8315,28.2,28.55,28.55,26.65,26.25,26.25,1.375,2.5203,2.5203,1.8,0.0,-1.2259,-1.2259,7.4286,7.4286
20240305,5525,順天,TWSE,28.0,28.5,28.0,28.4,291350.0,8240371.0,TWSE_RWD_JSON_MI_INDEX,data/daily_price/daily_price_20240305.csv,27.94,27.885,27.5303,27.5303,27.7596,0.7092,3.2727,4.9908,,,157679.15,1.8477,28.5,28.55,28.55,26.65,26.25,26.25,1.8469,3.1592,3.1592,2.307,-0.3509,-0.5254,-0.5254,8.1905,8.1905
20240306,5525,順天,TWSE,28.4,30.1,28.4,29.85,817321.0,24102331.0,TWSE_RWD_JSON_MI_INDEX,data/daily_price/daily_price_20240306.csv,28.41,27.98,27.5897,27.5897,27.9338,5.1056,8.5455,6.7979,,,177611.8,4.6017,30.1,30.1,30.1,27.3,26.25,26.25,6.6833,8.1924,8.1924,6.8598,-0.8306,-0.8306,-0.8306,13.7143,13.7143
20240307,5525,順天,TWSE,30.2,30.5,29.7,29.95,654503.0,19713715.0,TWSE_RWD_JSON_MI_INDEX,data/daily_price/daily_price_20240307.csv,28.87,28.08,27.6488,27.6488,28.1018,0.335,8.3183,7.1556,,,201305.55,3.2513,30.5,30.5,30.5,27.3,26.25,26.25,6.6595,8.3232,8.3232,6.5768,-1.8033,-1.8033,-1.8033,14.0952,14.0952
20240308,5525,順天,TWSE,29.6,29.95,29.35,29.65,314122.0,9291686.0,TWSE_RWD_JSON_MI_INDEX,data/daily_price/daily_price_20240308.csv,29.21,28.165,27.6976,27.6976,28.2308,-1.0017,6.0823,6.0823,,,213077.7,1.4742,30.5,30.5,30.5,27.3,26.25,26.25,5.2725,7.0491,7.0491,5.027,-2.7869,-2.7869,-2.7869,12.9524,12.9524
20240311,5525,順天,TWSE,29.55,30.2,29.55,29.9,338848.0,10129172.0,TWSE_RWD_JSON_MI_INDEX,data/daily_price/daily_price_20240311.csv,29.55,28.2725,27.75,27.75,28.3699,0.8432,6.0284,7.7477,,,227217.65,1.4913,30.5,30.5,30.5,27.3,26.25,26.25,5.7565,7.7477,7.7477,5.3933,-1.9672,-1.9672,-1.9672,13.9048,13.9048
20240312,5525,順天,TWSE,29.9,30.2,29.8,29.95,336362.0,10093872.0,TWSE_RWD_JSON_MI_INDEX,data/daily_price/daily_price_20240312.csv,29.86,28.38,27.8012,27.8012,28.5016,0.1672,5.4577,7.7338,,,236809.55,1.4204,30.5,30.5,30.5,27.3,26.25,26.25,5.5321,7.7293,7.7293,5.0818,-1.8033,-1.8033,-1.8033,14.0952,14.0952
20240313,5525,順天,TWSE,30.0,30.35,29.75,29.95,242542.0,7266153.0,TWSE_RWD_JSON_MI_INDEX,data/daily_price/daily_price_20240313.csv,29.88,28.48,27.85,27.85,28.6223,0.0,0.335,7.1556,,,244188.7,0.9933,30.5,30.5,30.5,27.3,26.25,26.25,5.1615,7.5404,7.5404,4.6387,-1.8033,-1.8033,-1.8033,14.0952,14.0952
20240314,5525,順天,TWSE,30.2,31.8,29.8,31.5,1308401.0,40022186.0,TWSE_RWD_JSON_MI_INDEX,data/daily_price/daily_price_20240314.csv,30.19,28.6625,27.9311,27.9311,28.8621,5.1753,5.1753,13.1059,,,301744.25,4.3361,31.8,31.8,31.8,27.3,26.25,26.25,9.8997,12.7775,12.7775,9.1396,-0.9434,-0.9434,-0.9434,20.0,20.0
20240315,5525,順天,TWSE,31.7,31.7,30.75,30.75,496424.0,15396097.0,TWSE_RWD_JSON_MI_INDEX,data/daily_price/daily_price_20240315.csv,30.41,28.805,27.9924,27.9924,29.0194,-2.381,3.7099,10.2151,,,320178.5,1.5505,31.8,31.8,31.8,27.3,26.25,26.25,6.7523,9.8513,9.8513,5.9635,-3.3019,-3.3019,-3.3019,17.1429,17.1429
20240318,5525,順天,TWSE,30.75,31.45,30.55,31.25,366525.0,11336168.0,TWSE_RWD_JSON_MI_INDEX,data/daily_price/daily_price_20240318.csv,30.68,28.97,28.0617,28.0617,29.2053,1.626,4.5151,11.8068,,,335027.3,1.094,31.8,31.8,31.8,27.3,26.25,26.25,7.8702,11.3617,11.3617,7.0011,-1.7296,-1.7296,-1.7296,19.0476,19.0476
20240319,5525,順天,TWSE,30.9,31.65,30.8,31.65,384720.0,12027459.0,TWSE_RWD_JSON_MI_INDEX,data/daily_price/daily_price_20240319.csv,31.02,29.155,28.1365,28.1365,29.409,1.28,5.6761,13.2379,,,348611.5,1.1036,31.8,31.8,31.8,27.3,26.25,26.25,8.5577,12.4875,12.4875,7.62,-0.4717,-0.4717,-0.4717,20.5714,20.5714
20240320,5525,順天,TWSE,31.7,31.8,31.35,31.35,224182.0,7070289.0,TWSE_RWD_JSON_MI_INDEX,data/daily_price/daily_price_20240320.csv,31.3,29.3275,28.202,28.202,29.5708,-0.9479,4.6745,12.3656,,,353238.3,0.6346,31.8,31.8,31.8,27.3,26.25,26.25,6.8963,11.1622,11.1622,6.0168,-1.4151,-1.4151,-1.4151,19.4286,19.4286
20240321,5525,順天,TWSE,31.35,32.0,31.3,31.95,413839.0,13096020.0,TWSE_RWD_JSON_MI_INDEX,data/daily_price/daily_price_20240321.csv,31.39,29.5275,28.277,28.277,29.7691,1.9139,1.4286,14.3113,,,368325.1,1.1236,32.0,32.0,32.0,27.3,26.25,26.25,8.2042,12.9894,12.9894,7.3262,-0.1563,-0.1563,-0.1563,21.7143,21.7143
20240322,5525,順天,TWSE,31.9,32.55,31.9,32.55,373469.0,12090521.0,TWSE_RWD_JSON_MI_INDEX,data/daily_price/daily_price_20240322.csv,31.75,29.76,28.3608,28.3608,30.0008,1.8779,5.8537,16.6667,,,377413.95,0.9895,32.55,32.55,32.55,27.3,26.25,26.25,9.375,14.7712,14.7712,8.4971,0.0,0.0,0.0,24.0,24.0
20240325,5525,順天,TWSE,32.55,32.8,31.9,32.15,320662.0,10372050.0,TWSE_RWD_JSON_MI_INDEX,data/daily_price/daily_price_20240325.csv,31.93,29.98,28.4337,28.4337,30.1799,-1.2289,2.88,15.8559,,,387340.65,0.8279,32.8,32.8,32.8,27.3,26.25,26.25,7.2382,13.0702,13.0702,6.5279,-1.9817,-1.9817,-1.9817,22.4762,22.4762
20240326,5525,順天,TWSE,32.25,32.3,31.55,31.9,261962.0,8373925.0,TWSE_RWD_JSON_MI_INDEX,data/daily_price/daily_price_20240326.csv,31.98,30.2,28.4991,28.4991,30.3232,-0.7776,0.7899,16.0,,,391456.0,0.6692,32.8,32.8,32.8,27.3,26.25,26.25,5.6291,11.9335,11.9335,5.1998,-2.7439,-2.7439,-2.7439,21.5238,21.5238
20240327,5525,順天,TWSE,31.95,32.5,31.85,32.1,175746.0,5642960.0,TWSE_RWD_JSON_MI_INDEX,data/daily_price/daily_price_20240327.csv,32.13,30.43,28.5657,28.5657,30.4713,0.627,2.3923,16.7273,,,393879.65,0.4462,32.8,32.8,32.8,27.6,26.25,26.25,5.488,12.3724,12.3724,5.345,-2.1341,-2.1341,-2.1341,22.2857,22.2857
20240328,5525,順天,TWSE,32.1,32.4,32.1,32.25,144961.0,4679385.0,TWSE_RWD_JSON_MI_INDEX,data/daily_price/daily_price_20240328.csv,32.19,30.66,28.6327,28.6327,30.6195,0.4673,0.939,16.6365,,,398569.35,0.3637,32.8,32.8,32.8,27.65,26.25,26.25,5.1859,12.6334,12.6334,5.3249,-1.6768,-1.6768,-1.6768,22.8571,22.8571
20240329,5525,順天,TWSE,32.3,32.45,32.15,32.25,96516.0,3119662.0,TWSE_RWD_JSON_MI_INDEX,data/daily_price/daily_price_20240329.csv,32.13,30.875,28.6973,28.6973,30.7554,0.0,-0.9217,15.3846,,,391690.05,0.2464,32.8,32.8,32.8,27.9,26.25,26.25,4.4534,12.3798,12.3798,4.8596,-1.6768,-1.6768,-1.6768,22.8571,22.8571
20240401,5525,順天,TWSE,32.2,32.45,32.05,32.3,176416.0,5705020.0,TWSE_RWD_JSON_MI_INDEX,data/daily_price/daily_price_20240401.csv,32.16,31.08,28.7605,28.7605,30.8841,0.155,0.4666,14.539,,,386943.55,0.4559,32.8,32.8,32.8,28.0,26.25,26.25,3.9254,12.3067,12.3067,4.5845,-1.5244,-1.5244,-1.5244,23.0476,23.0476
20240402,5525,順天,TWSE,32.1,32.2,32.05,32.15,166269.0,5337419.0,TWSE_RWD_JSON_MI_INDEX,data/daily_price/daily_price_20240402.csv,32.21,31.2675,28.819,28.819,30.9896,-0.4644,0.7837,13.2042,,,380689.5,0.4368,32.8,32.8,32.8,28.4,26.25,26.25,2.8224,11.5585,11.5585,3.7445,-1.9817,-1.9817,-1.9817,22.4762,22.4762
20240403,5525,順天,TWSE,32.15,32.15,31.7,31.9,186186.0,5925225.0,TWSE_RWD_JSON_MI_INDEX,data/daily_price/daily_price_20240403.csv,32.17,31.37,28.8712,28.8712,31.0655,-0.7776,-0.6231,6.8677,,,349132.75,0.5333,32.8,32.8,32.8,29.35,26.25,26.25,1.6895,10.4908,10.4908,2.6863,-2.7439,-2.7439,-2.7439,21.5238,21.5238
20240408,5525,順天,TWSE,31.9,34.9,31.9,34.1,867961.0,29081846.0,TWSE_RWD_JSON_MI_INDEX,data/daily_price/daily_price_20240408.csv,32.54,31.5775,28.9583,28.9583,31.3183,6.8966,5.7364,13.8564,,,359805.65,2.4123,34.9,34.9,34.9,29.35,26.25,26.25,7.9883,17.7554,17.7554,8.8819,-2.2923,-2.2923,-2.2923,29.9048,29.9048
20240409,5525,順天,TWSE,34.15,34.8,34.0,34.4,407193.0,14048726.0,TWSE_RWD_CSV_MI_INDEX,data/daily_price/daily_price_20240409.csv,32.97,31.815,29.075,29.0475,31.5752,0.8798,6.6667,16.0202,25.5474,,364459.2,1.1173,34.9,34.9,34.9,29.55,26.25,26.25,8.1251,18.3147,18.4265,8.9464,-1.4327,-1.4327,-1.4327,31.0476,31.0476
20240410,5525,順天,TWSE,34.4,34.4,33.7,33.9,350574.0,11932573.0,TWSE_RWD_JSON_MI_INDEX,data/daily_price/daily_price_20240410.csv,33.29,32.015,29.1817,29.1258,31.7689,-1.4535,4.9536,13.3779,23.2727,,365045.5,0.9604,34.9,34.9,34.9,29.75,26.25,26.25,5.8879,16.1688,16.3916,6.7082,-2.8653,-2.8653,-2.8653,29.1429,29.1429
20240411,5525,順天,TWSE,33.7,34.25,33.7,33.9,310065.0,10529591.0,TWSE_RWD_JSON_MI_INDEX,data/daily_price/daily_price_20240411.csv,33.64,32.2125,29.29,29.2016,31.9465,0.0,5.4432,13.1886,23.7226,,363730.65,0.8525,34.9,34.9,34.9,29.75,26.25,26.25,5.2386,15.7392,16.0896,6.115,-2.8653,-2.8653,-2.8653,29.1429,29.1429
20240412,5525,順天,TWSE,33.9,34.7,33.9,34.6,235515.0,8044593.0,TWSE_RWD_JSON_MI_INDEX,data/daily_price/daily_price_20240412.csv,34.18,32.445,29.4125,29.2859,32.1676,2.0649,8.4639,15.5259,26.9725,,363379.3,0.6481,34.9,34.9,34.9,29.8,26.25,26.25,6.642,17.6371,18.1454,7.5616,-0.8596,-0.8596,-0.8596,31.8095,31.8095
20240415,5525,順天,TWSE,34.4,34.9,34.2,34.4,400301.0,13799950.0,TWSE_RWD_JSON_MI_INDEX,data/daily_price/daily_price_20240415.csv,34.24,32.59,29.5183,29.3646,32.3536,-0.578,0.8798,9.2063,22.6381,,317974.3,1.2589,34.9,34.9,34.9,30.55,26.25,26.25,5.5539,16.5377,17.1478,6.325,-1.4327,-1.4327,-1.4327,31.0476,31.0476
20240416,5525,順天,TWSE,33.95,34.05,32.7,33.2,1059607.0,35221005.0,TWSE_RWD_JSON_MI_INDEX,data/daily_price/daily_price_20240416.csv,34.0,32.7125,29.6075,29.4227,32.4242,-3.4884,-3.4884,7.9675,19.2101,,346133.45,3.0613,34.9,34.9,34.9,30.55,26.25,26.25,1.4903,12.1337,12.8379,2.3927,-4.8711,-4.8711,-4.8711,26.4762,26.4762
20240417,5525,順天,TWSE,33.1,34.3,33.1,34.3,196834.0,6685628.0,TWSE_RWD_JSON_MI_INDEX,data/daily_price/daily_price_20240417.csv,34.08,32.865,29.7233,29.4955,32.5805,3.3133,1.1799,9.76,25.4113,,337648.9,0.583,34.9,34.9,34.9,30.8,26.25,26.25,4.3663,15.3976,16.2888,5.2777,-1.7192,-1.7192,-1.7192,30.6667,30.6667
20240418,5525,順天,TWSE,34.05,35.9,34.05,35.6,522386.0,18433953.0,TWSE_RWD_JSON_MI_INDEX,data/daily_price/daily_price_20240418.csv,34.42,33.0625,29.8575,29.5853,32.8321,3.7901,5.0147,12.4803,29.2196,,344532.2,1.5162,35.9,35.9,35.9,31.3,26.25,26.25,7.6749,19.233,20.3301,8.4304,-0.8357,-0.8357,-0.8357,35.619,35.619
20240419,5525,順天,TWSE,35.2,36.2,34.7,35.75,443998.0,15757561.0,TWSE_RWD_JSON_MI_INDEX,data/daily_price/daily_price_20240419.csv,34.65,33.2825,30.0,29.6746,33.0753,0.4213,3.3237,14.0351,31.4338,,355523.0,1.2489,36.2,36.2,36.2,31.3,26.25,26.25,7.4138,19.1667,20.4732,8.0868,-1.2431,-1.2431,-1.2431,36.1905,36.1905
20240422,5525,順天,TWSE,35.9,37.5,35.75,35.9,916179.0,33457235.0,TWSE_RWD_JSON_MI_INDEX,data/daily_price/daily_price_20240422.csv,34.95,33.48,30.145,29.7636,33.3107,0.4196,4.3605,12.3631,31.9853,,380640.0,2.4069,37.5,37.5,37.5,31.55,26.25,26.25,7.2282,19.0911,20.6172,7.7733,-4.2667,-4.2667,-4.2667,36.7619,36.7619
20240423,5525,順天,TWSE,36.0,36.5,35.7,36.05,213354.0,7688192.0,TWSE_RWD_JSON_MI_INDEX,data/daily_price/daily_price_20240423.csv,35.52,33.655,30.2983,29.8521,33.5389,0.4178,8.5843,10.7527,34.2644,,372634.25,0.5726,37.5,37.5,37.5,31.55,26.25,26.25,7.1163,18.9834,20.762,7.487,-3.8667,-3.8667,-3.8667,37.3333,37.3333
20240424,5525,順天,TWSE,36.4,37.15,36.25,37.15,321829.0,11841770.0,TWSE_RWD_JSON_MI_INDEX,data/daily_price/daily_price_20240424.csv,36.09,33.905,30.48,29.9535,33.8399,3.0513,8.309,15.5521,41.5238,,372692.6,0.8635,37.5,37.5,37.5,31.55,26.25,26.25,9.5709,21.8832,24.0257,9.7818,-0.9333,-0.9333,-0.9333,41.5238,41.5238
20240425,5525,順天,TWSE,37.15,37.7,36.9,37.65,386336.0,14430993.0,TWSE_RWD_JSON_MI_INDEX,data/daily_price/daily_price_20240425.csv,36.5,34.1925,30.6658,30.0589,34.1574,1.3459,5.7584,18.0251,42.0755,,378911.3,1.0196,37.7,37.7,37.7,31.7,26.5,26.25,10.1119,22.7751,25.2541,10.2251,-0.1326,-0.1326,-0.1326,42.0755,43.4286
20240426,5525,順天,TWSE,37.65,38.3,37.35,38.1,380825.0,14424166.0,TWSE_RWD_JSON_MI_INDEX,data/daily_price/daily_price_20240426.csv,36.97,34.4925,30.8567,30.1676,34.4859,1.1952,6.5734,18.6916,42.9644,,389165.25,0.9786,38.3,38.3,38.3,31.7,26.55,26.25,10.4588,23.4741,26.2946,10.4798,-0.5222,-0.5222,-0.5222,43.5028,45.1429
20240429,5525,順天,TWSE,38.45,39.95,38.45,39.1,878322.0,34663303.0,TWSE_RWD_JSON_MI_INDEX,data/daily_price/daily_price_20240429.csv,37.61,34.835,31.0617,30.2867,34.8704,2.6247,8.9136,21.2403,45.8955,,425833.3,2.0626,39.95,39.95,39.95,31.7,26.55,26.25,12.2434,25.8786,29.0997,12.1294,-2.1277,-2.1277,-2.1277,47.2693,48.9524
20240430,5525,順天,TWSE,39.3,39.85,37.75,39.15,641961.0,24927923.0,TWSE_RWD_JSON_MI_INDEX,data/daily_price/daily_price_20240430.csv,38.23,35.18,31.2708,30.4033,35.2271,0.1279,8.5992,21.3953,47.1805,,453105.55,1.4168,39.95,39.95,39.95,31.7,26.55,26.25,11.2848,25.1965,28.769,11.1361,-2.0025,-2.0025,-2.0025,47.4576,49.1429
20240502,5525,順天,TWSE,39.0,40.3,39.0,39.95,566735.0,22632167.0,TWSE_RWD_JSON_MI_INDEX,data/daily_price/daily_price_20240502.csv,38.79,35.5625,31.4867,30.5273,35.6206,2.0434,7.537,23.6842,47.963,,472621.5,1.1991,40.3,40.3,40.3,31.7,26.65,26.25,12.3374,26.8791,30.8666,12.1541,-0.8685,-0.8685,-0.8685,49.9062,52.1905
20240503,5525,順天,TWSE,40.2,41.4,39.65,40.95,572708.0,23223152.0,TWSE_RWD_JSON_MI_INDEX,data/daily_price/daily_price_20240503.csv,39.45,36.0025,31.7183,30.6609,36.0648,2.5031,8.7649,27.3717,51.3863,,492943.45,1.1618,41.4,41.4,41.4,31.7,26.65,26.25,13.7421,29.1051,33.5577,13.5458,-1.087,-1.087,-1.087,53.6585,56.0
20240506,5525,順天,TWSE,41.1,41.45,39.6,40.85,525664.0,21355022.0,TWSE_RWD_JSON_MI_INDEX,data/daily_price/daily_price_20240506.csv,40.0,36.45,31.9333,30.7899,36.4635,-0.2442,7.2178,28.0564,46.1538,,509917.35,1.0309,41.45,41.45,41.45,31.9,27.3,26.25,12.0713,27.9228,32.6735,12.0298,-1.4475,-1.4475,-1.4475,49.6337,55.619
20240507,5525,順天,TWSE,40.55,40.85,38.7,39.8,1052272.0,41610965.0,TWSE_RWD_JSON_MI_INDEX,data/daily_price/daily_price_20240507.csv,40.14,36.735,32.1308,30.9025,36.7416,-2.5704,1.7903,16.7155,42.3971,,519132.9,2.027,41.45,41.45,41.45,32.7,27.3,26.25,8.3435,23.8686,28.7922,8.3242,-3.9807,-3.9807,-3.9807,45.7875,51.619
20240508,5525,順天,TWSE,38.6,39.9,37.3,37.55,995374.0,38020493.0,TWSE_RWD_JSON_MI_INDEX,data/daily_price/daily_price_20240508.csv,39.82,36.8925,32.2908,30.9846,36.8089,-5.6533,-4.0868,9.157,34.347,,548541.95,1.8146,41.45,41.45,41.45,32.7,27.3,26.25,1.7822,16.2869,21.1894,2.0133,-9.4089,-9.4089,-9.4089,37.5458,43.0476
20240509,5525,順天,TWSE,37.45,38.0,36.8,36.8,491994.0,18415948.0,TWSE_RWD_JSON_MI_INDEX,data/daily_price/daily_price_20240509.csv,39.19,37.0375,32.4417,31.0555,36.8082,-1.9973,-7.8849,8.5546,32.6126,,555612.95,0.8855,41.45,41.45,41.45,32.7,27.3,26.25,-0.6412,13.4344,18.4976,-0.0223,-11.2183,-11.2183,-11.2183,34.7985,40.1905
20240510,5525,順天,TWSE,36.5,37.15,36.0,36.5,350391.0,12829868.0,TWSE_RWD_JSON_MI_INDEX,data/daily_price/daily_price_20240510.csv,38.3,37.1675,32.5867,31.1211,36.7825,-0.8152,-10.8669,7.6696,31.295,,557629.25,0.6284,41.45,41.45,41.45,32.7,27.3,26.25,-1.7959,12.009,17.2838,-0.7681,-11.9421,-11.9421,-11.9421,33.6996,39.0476
20240513,5525,順天,TWSE,36.15,37.0,35.1,36.6,332463.0,12028364.0,TWSE_RWD_JSON_MI_INDEX,data/daily_price/daily_price_20240513.csv,37.45,37.2675,32.7308,31.1863,36.7673,0.274,-10.4039,5.7803,30.9481,,562476.65,0.5911,41.45,41.45,41.45,32.7,27.3,26.25,-1.7911,11.8212,17.3592,-0.455,-11.7008,-11.7008,-11.7008,34.0659,39.4286
20240514,5525,順天,TWSE,36.6,37.1,34.1,34.4,750975.0,26231064.0,TWSE_RWD_JSON_MI_INDEX,data/daily_price/daily_price_20240514.csv,36.37,37.2675,32.84,31.2241,36.57,-6.0109,-13.5678,0.0,23.5189,,580010.35,1.2948,41.45,41.45,41.45,32.7,27.3,26.25,-7.6944,4.7503,10.1712,-5.9339,-17.0084,-17.0084,-17.0084,26.0073,31.0476
20240515,5525,順天,TWSE,34.85,34.85,33.8,34.1,528420.0,18056894.0,TWSE_RWD_JSON_MI_INDEX,data/daily_price/daily_price_20240515.csv,35.68,37.3125,32.9433,31.2576,36.3642,-0.8721,-9.1877,2.7108,22.2222,,553451.0,0.9548,41.45,41.45,41.45,33.1,27.3,26.25,-8.6097,3.5111,9.0936,-6.2264,-17.7322,-17.7322,-17.7322,24.9084,29.9048
20240516,5525,順天,TWSE,34.5,35.2,34.3,35.0,353691.0,12341898.0,TWSE_RWD_JSON_MI_INDEX,data/daily_price/daily_price_20240516.csv,35.32,37.3475,33.0608,31.3006,36.2505,2.6393,-4.8913,2.0408,25.2236,,561293.85,0.6301,41.45,41.45,41.45,33.8,27.3,26.25,-6.2856,5.8655,11.819,-3.4496,-15.5609,-15.5609,-15.5609,28.2051,33.3333
20240517,5525,順天,TWSE,35.5,35.8,34.7,35.3,377012.0,13280386.0,TWSE_RWD_JSON_MI_INDEX,data/daily_price/daily_price_20240517.csv,35.08,37.3325,33.1833,31.346,36.1713,0.8571,-3.2877,-0.8427,26.297,,554025.15,0.6805,41.45,41.45,41.45,33.8,27.3,26.25,-5.4443,6.3787,12.614,-2.4088,-14.8372,-14.8372,-14.8372,29.304,34.4762
20240520,5525,順天,TWSE,35.9,36.25,35.2,35.4,213526.0,7608924.0,TWSE_RWD_JSON_MI_INDEX,data/daily_price/daily_price_20240520.csv,34.84,37.315,33.3083,31.3916,36.107,0.2833,-3.2787,-0.979,26.8817,,542501.55,0.3936,41.45,41.45,41.45,33.8,27.3,26.25,-5.132,6.2797,12.7691,-1.9581,-14.5959,-14.5959,-14.5959,29.6703,34.8571
20240521,5525,順天,TWSE,35.3,35.6,35.1,35.35,74749.0,2638527.0,TWSE_RWD_JSON_MI_INDEX,data/daily_price/daily_price_20240521.csv,35.03,37.2875,33.4317,31.4356,36.0439,-0.1412,2.7616,-1.532,26.4758,,500430.05,0.1494,41.45,41.45,41.45,33.8,27.3,26.25,-5.1961,5.7381,12.4523,-1.9253,-14.7165,-14.7165,-14.7165,29.4872,34.6667
20240522,5525,順天,TWSE,35.25,35.75,35.25,35.6,123755.0,4401136.0,TWSE_RWD_JSON_MI_INDEX,data/daily_price/daily_price_20240522.csv,35.33,37.265,33.56,31.4813,36.0069,0.7072,4.3988,-1.2483,27.5986,,495950.1,0.2495,41.45,41.45,41.45,33.8,27.3,26.25,-4.468,6.0787,13.0829,-1.1302,-14.1134,-14.1134,-14.1134,30.4029,35.619
20240523,5525,順天,TWSE,35.3,35.45,34.45,34.6,322383.0,11200774.0,TWSE_RWD_JSON_MI_INDEX,data/daily_price/daily_price_20240523.csv,35.25,37.1375,33.6742,31.5152,35.8897,-2.809,-1.1429,-6.8641,24.6847,,495977.8,0.65,41.45,41.45,41.45,33.8,27.3,26.25,-6.8327,2.7494,9.7882,-3.5935,-16.5259,-16.5259,-16.5259,26.7399,31.8095
20240524,5525,順天,TWSE,34.45,34.9,34.1,34.8,97334.0,3355884.0,TWSE_RWD_JSON_MI_INDEX,data/daily_price/daily_price_20240524.csv,35.15,36.995,33.7958,31.5505,35.7989,0.578,-1.4164,-7.5697,26.5455,,481527.7,0.2021,41.45,41.45,41.45,33.8,27.3,26.25,-5.9332,2.9713,10.2992,-2.7903,-16.0434,-16.0434,-16.0434,27.4725,32.5714
20240527,5525,順天,TWSE,34.95,35.1,34.8,34.85,67446.0,2355595.0,TWSE_RWD_JSON_MI_INDEX,data/daily_price/daily_price_20240527.csv,35.04,36.8325,33.9183,31.5856,35.7198,0.1437,-1.5537,-8.5302,26.7273,,465858.75,0.1448,41.45,41.45,41.45,33.8,27.6,26.25,-5.3825,2.7468,10.335,-2.4351,-15.9228,-15.9228,-15.9228,26.2681,32.7619
20240528,5525,順天,TWSE,35.0,35.6,34.95,35.4,201264.0,7087359.0,TWSE_RWD_JSON_MI_INDEX,data/daily_price/daily_price_20240528.csv,35.05,36.6475,34.0475,31.6258,35.6932,1.5782,0.1414,-9.4629,28.0289,,432005.85,0.4659,41.45,41.45,41.45,33.8,27.65,26.25,-3.4041,3.9724,11.934,-0.8213,-14.5959,-14.5959,-14.5959,28.0289,34.8571
20240529,5525,順天,TWSE,35.4,35.75,34.9,35.65,366666.0,12958746.0,TWSE_RWD_JSON_MI_INDEX,data/daily_price/daily_price_20240529.csv,35.06,36.4725,34.1758,31.6677,35.6896,0.7062,0.1404,-8.94,27.5492,,418241.1,0.8767,41.45,41.45,41.45,33.8,27.9,26.25,-2.2551,4.3135,12.5752,-0.1109,-13.9928,-13.9928,-13.9928,27.7778,35.8095
20240530,5525,順天,TWSE,35.55,35.65,35.35,35.6,61750.0,2190745.0,TWSE_RWD_JSON_MI_INDEX,data/daily_price/daily_price_20240530.csv,35.26,36.255,34.2992,31.7082,35.6821,-0.1403,2.8902,-10.8886,26.2411,,392991.85,0.1571,41.45,41.45,41.45,33.8,28.0,26.25,-1.8066,3.7926,12.2736,-0.2301,-14.1134,-14.1134,-14.1134,27.1429,35.619
20240531,5525,順天,TWSE,35.6,36.85,35.6,36.5,171556.0,6252007.0,TWSE_RWD_JSON_MI_INDEX,data/daily_price/daily_price_20240531.csv,35.6,36.0325,34.4342,31.7571,35.7503,2.5281,4.8851,-10.8669,28.5211,,372934.25,0.46,41.45,41.45,41.45,33.8,28.4,26.25,1.2974,5.9994,14.9348,2.0972,-11.9421,-11.9421,-11.9421,28.5211,39.0476
20240603,5525,順天,TWSE,36.7,37.3,36.4,37.0,232773.0,8586248.0,TWSE_RWD_JSON_MI_INDEX,data/daily_price/daily_price_20240603.csv,36.03,35.84,34.5533,31.8101,35.8544,1.3699,6.1693,-9.4247,23.9531,,358289.7,0.6497,40.85,41.45,41.45,33.8,29.35,26.25,3.2366,7.0808,16.3153,3.1951,-9.4247,-10.7358,-10.7358,26.0647,40.9524
20240604,5525,順天,TWSE,37.2,37.5,36.6,37.15,155177.0,5742852.0,TWSE_RWD_JSON_MI_INDEX,data/daily_price/daily_price_20240604.csv,36.38,35.7075,34.6733,31.8635,35.9624,0.4054,4.9435,-6.6583,24.0401,,313434.95,0.4951,39.9,41.45,41.45,33.8,29.35,26.25,4.0398,7.1429,16.5911,3.3024,-6.8922,-10.3739,-10.3739,26.5758,41.5238
20240605,5525,順天,TWSE,37.5,37.5,36.7,36.75,143979.0,5346581.0,TWSE_RWD_JSON_MI_INDEX,data/daily_price/daily_price_20240605.csv,36.6,35.6675,34.7917,31.9119,36.028,-1.0767,3.0856,-2.1305,23.946,,270865.2,0.5316,38.0,41.45,41.45,33.8,29.55,26.25,3.035,5.6287,15.1609,2.004,-3.2895,-11.339,-11.339,24.3655,40.0
20240606,5525,順天,TWSE,36.8,36.85,36.0,36.6,175953.0,6393320.0,TWSE_RWD_JSON_MI_INDEX,data/daily_price/daily_price_20240606.csv,36.8,35.6575,34.9033,31.9578,36.0757,-0.4082,2.809,-0.5435,22.408,,255063.15,0.6898,37.5,41.45,41.45,33.8,29.75,26.25,2.6432,4.861,14.5259,1.4534,-2.4,-11.7008,-11.7008,23.0252,39.4286
20240607,5525,順天,TWSE,36.7,37.6,36.6,37.25,153689.0,5735196.0,TWSE_RWD_JSON_MI_INDEX,data/daily_price/daily_price_20240607.csv,36.95,35.695,35.025,32.0092,36.1735,1.776,2.0548,2.0548,24.374,,245228.05,0.6267,37.6,41.45,41.45,33.8,29.75,26.25,4.3564,6.3526,16.3727,2.9758,-0.9309,-10.1327,-10.1327,25.2101,41.9048
20240611,5525,順天,TWSE,37.0,37.0,36.4,36.45,142325.0,5219250.0,TWSE_RWD_JSON_MI_INDEX,data/daily_price/daily_price_20240611.csv,36.84,35.6875,35.1333,32.0519,36.1966,-2.1477,-1.4865,-0.4098,21.7028,,235721.15,0.6038,37.6,41.45,41.45,33.8,29.8,26.25,2.1366,3.7476,13.7217,0.7001,-3.0585,-12.0627,-12.0627,22.3154,38.8571
20240612,5525,順天,TWSE,36.4,36.4,35.6,35.75,149573.0,5369024.0,TWSE_RWD_JSON_MI_INDEX,data/daily_price/daily_price_20240612.csv,36.56,35.755,35.2042,32.0871,36.1594,-1.9204,-3.7685,3.9244,13.4921,,205651.05,0.7273,37.6,41.45,41.45,33.8,30.55,26.25,-0.014,1.5505,11.4153,-1.1321,-4.9202,-13.7515,-13.7515,17.0213,36.1905
20240613,5525,順天,TWSE,35.75,36.0,35.45,35.8,105237.0,3760190.0,TWSE_RWD_JSON_MI_INDEX,data/daily_price/daily_price_20240613.csv,36.37,35.84,35.2883,32.1222,36.1294,0.1399,-2.585,4.9853,16.4228,,184491.9,0.5704,37.6,41.45,41.45,34.1,30.55,26.25,-0.1116,1.45,11.4495,-0.9118,-4.7872,-13.6309,-13.6309,17.1849,36.381
20240614,5525,順天,TWSE,36.0,36.85,36.0,36.3,120230.0,4372682.0,TWSE_RWD_JSON_MI_INDEX,data/daily_price/daily_price_20240614.csv,36.31,35.905,35.3725,32.1612,36.1436,1.3966,-0.8197,3.7143,16.16,,172818.85,0.6957,37.6,41.45,41.45,34.1,30.8,26.25,1.1001,2.6221,12.8689,0.4326,-3.4574,-12.4246,-12.4246,17.8571,38.2857
20240617,5525,順天,TWSE,37.3,37.3,35.55,35.55,157904.0,5696458.0,TWSE_RWD_JSON_MI_INDEX,data/daily_price/daily_price_20240617.csv,35.97,35.9175,35.4375,32.1926,36.0942,-2.0661,-4.5638,0.7082,12.3223,,161863.45,0.9755,37.6,41.45,41.45,34.1,31.3,26.25,-1.0232,0.3175,10.4291,-1.5076,-5.4521,-14.234,-14.234,13.5783,35.4286
20240618,5525,順天,TWSE,35.85,36.05,35.6,36.0,75383.0,2697714.0,TWSE_RWD_JSON_MI_INDEX,data/daily_price/daily_price_20240618.csv,35.88,35.9475,35.515,32.2275,36.0863,1.2658,-1.2346,1.6949,14.8325,,154956.3,0.4865,37.6,41.45,41.45,34.1,31.3,26.25,0.146,1.3656,11.7058,-0.2392,-4.2553,-13.1484,-13.1484,15.016,37.1429
20240619,5525,順天,TWSE,36.0,37.0,35.95,36.5,153138.0,5586300.0,TWSE_RWD_JSON_MI_INDEX,data/daily_price/daily_price_20240619.csv,36.03,36.005,35.5908,32.2664,36.1208,1.3889,2.0979,3.2532,14.241,,158875.75,0.9639,37.6,41.45,41.45,34.1,31.55,26.25,1.3748,2.5545,13.1209,1.0498,-2.9255,-11.9421,-11.9421,15.6894,39.0476
20240620,5525,順天,TWSE,36.0,36.7,36.0,36.55,77456.0,2823744.0,TWSE_RWD_JSON_MI_INDEX,data/daily_price/daily_price_20240620.csv,36.18,36.0525,35.6575,32.305,36.1566,0.137,2.095,2.6685,12.2888,,156560.8,0.4947,37.6,41.45,41.45,34.1,31.55,26.25,1.3799,2.503,13.1405,1.0882,-2.7926,-11.8215,-11.8215,15.8479,39.2381
20240621,5525,順天,TWSE,36.55,36.55,36.05,36.05,106017.0,3830801.0,TWSE_RWD_JSON_MI_INDEX,data/daily_price/daily_price_20240621.csv,36.13,36.125,35.7225,32.3384,36.1477,-1.368,-0.6887,4.1908,12.1306,,145742.5,0.7274,37.6,41.45,41.45,34.1,31.55,26.25,-0.2076,0.9168,11.4774,-0.2702,-4.1223,-13.0277,-13.0277,14.2631,37.3333
20240624,5525,順天,TWSE,35.95,36.25,35.9,36.1,72800.0,2622416.0,TWSE_RWD_JSON_MI_INDEX,data/daily_price/daily_price_20240624.csv,36.24,36.19,35.7925,32.3717,36.1437,0.1387,1.5471,3.7356,13.1661,,144515.8,0.5038,37.6,41.45,41.45,34.8,31.7,26.25,-0.2487,0.8591,11.5172,-0.1209,-3.9894,-12.9071,-12.9071,13.8801,37.5238
20240625,5525,順天,TWSE,36.5,36.5,35.9,36.35,82509.0,2987090.0,TWSE_RWD_JSON_MI_INDEX,data/daily_price/daily_price_20240625.csv,36.31,36.265,35.8633,32.4066,36.1609,0.6925,0.9722,4.3042,13.2399,,145268.95,0.568,37.6,41.45,41.45,34.9,31.7,26.25,0.2344,1.357,12.1686,0.523,-3.3245,-12.304,-12.304,14.6688,38.4762
20240626,5525,順天,TWSE,36.35,36.85,36.05,36.6,69332.0,2521312.0,TWSE_RWD_JSON_MI_INDEX,data/daily_price/daily_price_20240626.csv,36.33,36.325,35.9358,32.443,36.1975,0.6878,0.274,3.3898,13.4884,,138672.35,0.5,37.6,41.45,41.45,34.9,31.7,26.25,0.7571,1.8482,12.8131,1.112,-2.6596,-11.7008,-11.7008,15.4574,39.4286
20240627,5525,順天,TWSE,36.25,36.8,36.15,36.7,73320.0,2673138.0,TWSE_RWD_JSON_MI_INDEX,data/daily_price/daily_price_20240627.csv,36.36,36.3775,36.01,32.4797,36.2394,0.2732,0.4104,2.9453,13.7984,,124005.05,0.5913,37.6,41.45,41.45,35.35,31.7,26.25,0.8865,1.9161,12.9935,1.2711,-2.3936,-11.4596,-11.4596,15.7729,39.8095
20240628,5525,順天,TWSE,36.7,37.9,36.7,36.95,221623.0,8242075.0,TWSE_RWD_JSON_MI_INDEX,data/daily_price/daily_price_20240628.csv,36.54,36.445,36.0875,32.5179,36.2986,0.6812,2.4965,3.7921,14.3963,,131998.7,1.679,37.9,41.45,41.45,35.45,31.7,26.25,1.3856,2.39,13.6296,1.7946,-2.5066,-10.8565,-10.8565,16.5615,40.7619
20240701,5525,順天,TWSE,36.95,37.55,36.95,37.4,147194.0,5485644.0,TWSE_RWD_JSON_MI_INDEX,data/daily_price/daily_price_20240701.csv,36.8,36.49,36.175,32.5593,36.3904,1.2179,3.6011,2.4658,16.3297,,130780.6,1.1255,37.9,41.45,41.45,35.45,31.7,26.25,2.4938,3.3863,14.8673,2.7745,-1.3193,-9.7708,-9.7708,17.9811,42.4762
20240702,5525,順天,TWSE,37.2,37.75,36.55,37.45,206251.0,7674809.0,TWSE_RWD_JSON_MI_INDEX,data/daily_price/daily_price_20240702.csv,37.02,36.5125,36.2675,32.6004,36.4787,0.1337,3.0261,1.2162,17.3981,,129454.5,1.5932,37.9,41.45,41.45,35.45,31.9,26.25,2.5676,3.2605,14.8758,2.6627,-1.1873,-9.6502,-9.6502,17.3981,42.6667
20240703,5525,順天,TWSE,37.45,37.8,37.45,37.65,222652.0,8370849.0,TWSE_RWD_JSON_MI_INDEX,data/daily_price/daily_price_20240703.csv,37.23,36.5375,36.3267,32.6425,36.5763,0.534,2.8689,1.3459,10.4106,,132828.25,1.6762,37.9,41.45,41.45,35.45,32.7,26.25,3.0448,3.6429,15.3404,2.9356,-0.6596,-9.1677,-9.1677,15.1376,43.4286
20240704,5525,順天,TWSE,37.65,38.45,37.5,38.25,353788.0,13470676.0,TWSE_RWD_JSON_MI_INDEX,data/daily_price/daily_price_20240704.csv,37.54,36.6125,36.3908,32.7329,36.7158,1.5936,4.2234,4.0816,11.1919,39.5985,143318.7,2.4685,38.45,41.45,41.45,35.45,32.7,26.25,4.4725,5.1089,16.8548,4.1787,-0.5202,-7.7201,-7.7201,16.9725,45.7143
20240705,5525,順天,TWSE,38.2,38.2,37.5,37.6,147522.0,5567714.0,TWSE_RWD_JSON_MI_INDEX,data/daily_price/daily_price_20240705.csv,37.67,36.6625,36.4525,32.8171,36.7894,-1.6993,1.7591,2.7322,10.9145,36.7273,141897.15,1.0396,38.45,41.45,41.45,35.45,32.7,26.25,2.5571,3.1479,14.5745,2.2032,-2.2107,-9.2883,-9.2883,14.9847,43.2381
20240708,5525,順天,TWSE,37.5,37.5,37.2,37.45,87938.0,3285705.0,TWSE_RWD_JSON_MI_INDEX,data/daily_price/daily_price_20240708.csv,37.68,36.6725,36.5117,32.9008,36.8445,-0.3989,0.1337,0.5369,10.472,36.6788,138609.6,0.6344,38.45,41.45,41.45,35.45,32.7,26.25,2.1201,2.57,13.8269,1.6434,-2.6008,-9.6502,-9.6502,14.526,42.6667
20240709,5525,順天,TWSE,37.3,37.3,36.5,37.2,161064.0,5927310.0,TWSE_RWD_JSON_MI_INDEX,data/daily_price/daily_price_20240709.csv,37.63,36.71,36.555,32.9838,36.8741,-0.6676,-0.6676,2.0576,7.5145,36.5138,139546.55,1.1542,38.45,41.45,41.45,35.45,32.7,26.25,1.3348,1.7645,12.7828,0.8838,-3.251,-10.2533,-10.2533,13.7615,41.7143
20240710,5525,順天,TWSE,38.0,38.75,37.65,38.6,431944.0,16493543.0,TWSE_RWD_JSON_MI_INDEX,data/daily_price/daily_price_20240710.csv,37.82,36.8525,36.625,33.0717,37.0179,3.7634,2.5232,7.972,12.2093,37.6114,153665.1,2.8109,38.75,41.45,41.45,35.45,32.7,26.25,4.7419,5.3925,16.7162,4.2738,-0.3871,-6.8758,-6.8758,18.0428,47.0476
20240711,5525,順天,TWSE,39.1,41.3,38.55,40.05,618983.0,24650973.0,TWSE_RWD_JSON_MI_INDEX,data/daily_price/daily_price_20240711.csv,38.18,37.065,36.7392,33.1733,37.2706,3.7565,4.7059,11.8715,20.6325,43.8061,179352.4,3.4512,41.3,41.45,41.45,35.55,33.1,26.25,8.0534,9.0117,20.7295,7.4573,-3.0266,-3.3776,-3.3776,20.997,52.5714
20240712,5525,順天,TWSE,40.05,40.45,39.5,39.9,267594.0,10694471.0,TWSE_RWD_JSON_MI_INDEX,data/daily_price/daily_price_20240712.csv,38.64,37.245,36.8325,33.2779,37.4897,-0.3745,6.117,9.9174,16.3265,45.8867,186720.6,1.4331,41.3,41.45,41.45,35.55,33.8,26.25,7.1285,8.3282,19.8993,6.4292,-3.3898,-3.7394,-3.7394,18.0473,52.0
20240715,5525,順天,TWSE,39.9,40.2,39.6,40.05,236237.0,9439901.0,TWSE_RWD_JSON_MI_INDEX,data/daily_price/daily_price_20240715.csv,39.16,37.47,36.9067,33.3821,37.7031,0.3759,6.9426,12.6582,12.5,45.3721,190637.25,1.2392,41.3,41.45,41.45,35.6,33.8,26.25,6.8855,8.517,19.9745,6.2247,-3.0266,-3.3776,-3.3776,18.4911,52.5714
20240716,5525,順天,TWSE,40.8,40.9,40.15,40.7,241597.0,9796158.0,TWSE_RWD_JSON_MI_INDEX,data/daily_price/daily_price_20240716.csv,39.86,37.705,36.9892,33.4946,37.9528,1.623,9.4086,13.0556,13.8462,49.6324,198947.95,1.2144,41.3,41.45,41.45,35.9,33.8,26.25,7.9432,10.0322,21.5122,7.2384,-1.4528,-1.8094,-1.8094,20.4142,55.0476
20240717,5525,順天,TWSE,41.0,41.75,40.7,41.0,423339.0,17455172.0,TWSE_RWD_JSON_MI_INDEX,data/daily_price/daily_price_20240717.csv,40.34,37.93,37.0742,33.6096,38.2068,0.7371,6.2176,12.3288,14.2061,50.7353,212458.0,1.9926,41.75,41.75,41.75,35.9,33.8,26.25,8.0939,10.5891,21.989,7.3109,-1.7964,-1.7964,-1.7964,21.3018,56.1905
20240718,5525,順天,TWSE,39.8,40.5,39.1,40.05,149444.0,5979399.0,TWSE_RWD_JSON_MI_INDEX,data/daily_price/daily_price_20240718.csv,40.34,38.105,37.1408,33.7196,38.3604,-2.3171,0.0,9.5759,11.0957,49.162,216057.4,0.6917,41.75,41.75,41.75,35.9,33.8,26.25,5.1043,7.8328,18.7737,4.4046,-4.0719,-4.0719,-4.0719,18.4911,52.5714
20240719,5525,順天,TWSE,39.5,39.5,38.0,38.6,389090.0,15010278.0,TWSE_RWD_JSON_MI_INDEX,data/daily_price/daily_price_20240719.csv,40.08,38.2325,37.165,33.8225,38.3803,-3.6205,-3.2581,7.0735,3.9031,47.0476,230211.05,1.6901,41.75,41.75,41.75,35.9,33.8,26.25,0.9612,3.8612,14.1252,0.5723,-7.5449,-7.5449,-7.5449,14.2012,47.0476
20240722,5525,順天,TWSE,38.6,38.9,37.3,38.85,239966.0,9134908.0,TWSE_RWD_JSON_MI_INDEX,data/daily_price/daily_price_20240722.csv,39.84,38.37,37.185,33.9254,38.4195,0.6477,-2.9963,7.6177,3.1873,46.6038,238569.35,1.0059,41.75,41.75,41.75,35.9,33.8,26.5,1.251,4.4776,14.5159,1.1206,-6.9461,-6.9461,-6.9461,14.9408,46.6038
20240723,5525,順天,TWSE,38.75,40.5,38.75,39.45,219079.0,8679902.0,TWSE_RWD_JSON_MI_INDEX,data/daily_price/daily_price_20240723.csv,39.59,38.525,37.2075,34.0321,38.5053,1.5444,-3.0713,8.5282,3.5433,48.03,245397.85,0.8928,41.75,41.75,41.75,36.05,33.8,26.55,2.401,6.027,15.92,2.4533,-5.509,-5.509,-5.509,16.716,48.5876
20240726,5525,順天,TWSE,39.0,40.5,39.0,40.0,169029.0,6718090.0,TWSE_RWD_JSON_MI_INDEX,data/daily_price/daily_price_20240726.csv,39.39,38.695,37.2225,34.1421,38.6299,1.3942,-2.439,9.2896,2.3018,49.2537,250382.7,0.6751,41.75,41.75,41.75,36.15,33.8,26.55,3.3725,7.4619,17.1575,3.5467,-4.1916,-4.1916,-4.1916,18.3432,50.6591
20240729,5525,順天,TWSE,40.75,42.0,40.4,41.6,659799.0,27353433.0,TWSE_RWD_JSON_MI_INDEX,data/daily_price/daily_price_20240729.csv,39.7,38.94,37.2633,34.2671,38.8774,4.0,3.8702,13.3515,6.258,56.391,279706.65,2.3589,42.0,42.0,42.0,36.5,33.8,26.55,6.831,11.6379,21.3993,7.003,-0.9524,-0.9524,-0.9524,23.0769,56.6855
20240730,5525,順天,TWSE,41.2,45.75,40.0,45.75,1731244.0,75705414.0,TWSE_RWD_JSON_MI_INDEX,data/daily_price/daily_price_20240730.csv,41.13,39.38,37.36,34.4233,39.4501,9.976,18.5233,23.816,14.5181,69.4444,355187.7,4.8742,45.75,45.75,45.75,36.5,33.8,26.65,16.1757,22.4572,32.904,15.9692,0.0,0.0,0.0,35.355,71.6698
20240731,5525,順天,TWSE,45.45,45.7,43.1,44.5,1500820.0,66787754.0,TWSE_RWD_JSON_MI_INDEX,data/daily_price/daily_price_20240731.csv,42.26,39.735,37.4192,34.5688,39.8709,-2.7322,14.5431,18.984,8.6691,64.5102,422869.0,3.5491,45.75,45.75,45.75,36.5,33.8,26.65,11.9919,18.923,28.729,11.6101,-2.7322,-2.7322,-2.7322,31.6568,66.9794
20240801,5525,順天,TWSE,45.15,47.15,43.7,45.65,1050844.0,47679090.0,TWSE_RWD_JSON_MI_INDEX,data/daily_price/daily_price_20240801.csv,43.5,40.145,37.4992,34.7162,40.3525,2.5843,15.7161,21.8959,11.7503,63.3274,465098.65,2.2594,47.15,47.15,47.15,36.5,33.8,27.3,13.7128,21.736,31.4946,13.128,-3.1813,-3.1813,-3.1813,35.0592,67.2161
20240802,5525,順天,TWSE,44.4,45.3,42.4,43.05,723053.0,31528877.0,TWSE_RWD_JSON_MI_INDEX,data/daily_price/daily_price_20240802.csv,44.11,40.415,37.5533,34.8421,40.5773,-5.6955,7.625,14.3426,8.1658,54.025,490118.7,1.4753,47.15,47.15,47.15,36.5,33.8,27.3,6.5199,14.637,23.5575,6.0937,-8.6957,-8.6957,-8.6957,27.3669,57.6923
20240805,5525,順天,TWSE,40.8,40.9,38.75,38.75,765285.0,30017932.0,TWSE_RWD_JSON_MI_INDEX,data/daily_price/daily_price_20240805.csv,43.54,40.44,37.5733,34.9321,40.425,-9.9884,-6.851,1.3072,3.1957,38.6404,510693.55,1.4985,47.15,47.15,47.15,36.5,33.8,27.3,-4.179,3.1317,10.9295,-4.1436,-17.8155,-17.8155,-17.8155,14.645,41.9414
20240806,5525,順天,TWSE,39.0,39.25,35.1,36.95,667876.0,24830875.0,TWSE_RWD_JSON_MI_INDEX,data/daily_price/daily_price_20240806.csv,41.78,40.4075,37.5758,35.0088,40.1355,-4.6452,-19.235,-1.7287,0.4076,33.1532,536711.25,1.2444,47.15,47.15,47.15,35.1,33.8,27.3,-8.5566,-1.6655,5.545,-7.9368,-21.6331,-21.6331,-21.6331,9.3195,35.348
20240807,5525,順天,TWSE,36.6,38.65,36.6,38.2,408993.0,15508201.0,TWSE_RWD_JSON_MI_INDEX,data/daily_price/daily_price_20240807.csv,40.52,40.445,37.6042,35.0954,39.9742,3.3829,-14.1573,2.0027,4.6575,37.4101,552764.0,0.7399,47.15,47.15,47.15,35.1,33.8,27.3,-5.5507,1.5845,8.8461,-4.4383,-18.982,-18.982,-18.982,13.0178,39.9267
20240808,5525,順天,TWSE,37.6,38.2,36.55,37.9,221727.0,8266475.0,TWSE_RWD_JSON_MI_INDEX,data/daily_price/daily_price_20240808.csv,38.97,40.48,37.6258,35.1783,39.8013,-0.7853,-16.977,1.8817,3.5519,35.5993,555797.15,0.3989,47.15,47.15,47.15,35.1,33.8,27.3,-6.3735,0.7287,7.7368,-4.777,-19.6182,-19.6182,-19.6182,12.1302,38.8278
20240809,5525,順天,TWSE,38.25,39.8,38.25,38.65,189160.0,7383314.0,TWSE_RWD_JSON_MI_INDEX,data/daily_price/daily_price_20240809.csv,38.09,40.4825,37.6967,35.2683,39.7054,1.9789,-10.2207,0.1295,12.3547,38.7792,543657.95,0.3479,47.15,47.15,47.15,35.1,33.8,27.3,-4.5266,2.529,9.5884,-2.658,-18.0276,-18.0276,-18.0276,14.3491,41.5751
20240812,5525,順天,TWSE,37.65,40.4,37.65,38.85,315529.0,12429607.0,TWSE_RWD_JSON_MI_INDEX,data/daily_price/daily_price_20240812.csv,38.11,40.4225,37.7758,35.3596,39.6341,0.5175,0.2581,-2.9963,13.9296,39.2473,528485.25,0.597,47.15,47.15,47.15,35.1,34.1,27.3,-3.8902,2.8435,9.8712,-1.9783,-17.6034,-17.6034,-17.6034,13.9296,42.3077
20240813,5525,順天,TWSE,38.8,39.0,38.25,38.65,214629.0,8286356.0,TWSE_RWD_JSON_MI_INDEX,data/daily_price/daily_price_20240813.csv,38.45,40.36,37.8367,35.4488,39.5521,-0.5148,4.6008,-3.1328,10.4286,38.2826,525837.0,0.4082,47.15,47.15,47.15,35.1,34.1,27.3,-4.2369,2.1496,9.0306,-2.2808,-18.0276,-18.0276,-18.0276,13.3431,41.5751
20240814,5525,順天,TWSE,38.35,39.85,38.35,39.65,220240.0,8682154.0,TWSE_RWD_JSON_MI_INDEX,data/daily_price/daily_price_20240814.csv,38.74,40.34,37.9092,35.5462,39.5602,2.5873,3.7958,-0.9988,12.3229,41.8605,525037.15,0.4195,47.15,47.15,47.15,35.1,34.1,27.3,-1.7105,4.5921,11.5448,0.2269,-15.9067,-15.9067,-15.9067,16.2757,45.2381
20240815,5525,順天,TWSE,40.55,41.95,39.8,40.95,372345.0,15256555.0,TWSE_RWD_JSON_MI_INDEX,data/daily_price/daily_price_20240815.csv,39.35,40.3525,38.0017,35.655,39.6761,3.2787,8.0475,0.6143,15.678,46.7742,531574.55,0.7005,47.15,47.15,47.15,35.1,34.1,27.3,1.4807,7.7584,14.8507,3.2108,-13.1495,-13.1495,-13.1495,20.088,50.0
20240816,5525,順天,TWSE,41.65,43.4,41.3,42.35,315049.0,13414068.0,TWSE_RWD_JSON_MI_INDEX,data/daily_price/daily_price_20240816.csv,40.09,40.42,38.1183,35.775,39.8989,3.4188,9.5731,3.2927,19.802,51.5206,526160.05,0.5988,47.15,47.15,47.15,35.1,34.1,27.3,4.7749,11.1014,18.3788,6.1433,-10.1803,-10.1803,-10.1803,24.1935,55.1282
20240819,5525,順天,TWSE,41.9,43.15,41.8,42.55,222858.0,9484631.0,TWSE_RWD_JSON_MI_INDEX,data/daily_price/daily_price_20240819.csv,40.83,40.545,38.2342,35.8971,40.1198,0.4723,9.5238,6.2422,19.5225,52.509,529830.75,0.4206,47.15,47.15,47.15,35.1,34.1,27.3,4.9451,11.2879,18.5333,6.0573,-9.7561,-9.7561,-9.7561,24.7801,55.8608
20240820,5525,順天,TWSE,41.95,42.85,40.3,40.35,398013.0,16252501.0,TWSE_RWD_CSV_MI_INDEX,data/daily_price/daily_price_20240820.csv,41.17,40.6325,38.33,36.0021,40.139,-5.1704,4.3984,4.5337,16.6185,45.4054,530276.9,0.7506,47.15,47.15,47.15,35.1,34.1,27.3,-0.6953,5.27,12.0768,0.5257,-14.4221,-14.4221,-14.4221,18.3284,47.8022
20240821,5525,順天,TWSE,40.0,41.2,39.35,40.95,294283.0,11835451.0,TWSE_RWD_JSON_MI_INDEX,data/daily_price/daily_price_20240821.csv,41.43,40.7375,38.4325,36.1142,40.2066,1.487,3.2787,5.4054,17.6724,48.9091,532992.75,0.5521,47.15,47.15,47.15,35.1,34.8,27.3,0.5216,6.5504,13.3904,1.849,-13.1495,-13.1495,-13.1495,17.6724,50.0
20240822,5525,順天,TWSE,39.3,40.2,38.5,39.1,856652.0,33554086.0,TWSE_RWD_JSON_MI_INDEX,data/daily_price/daily_price_20240822.csv,41.06,40.72,38.5033,36.2108,40.1144,-4.5177,-4.5177,-0.8872,12.1951,42.1818,564871.4,1.5165,47.15,47.15,47.15,35.1,34.9,27.6,-3.9784,1.5496,7.9787,-2.5287,-17.0732,-17.0732,-17.0732,12.0344,41.6667
20240823,5525,順天,TWSE,38.6,39.2,38.0,39.2,306993.0,11887783.0,TWSE_RWD_JSON_MI_INDEX,data/daily_price/daily_price_20240823.csv,40.43,40.68,38.5667,36.3071,40.0382,0.2558,-7.438,-2.0,10.7345,41.7722,571769.6,0.5369,47.15,47.15,47.15,35.1,34.9,27.65,-3.6382,1.6422,7.9679,-2.0934,-16.8611,-16.8611,-16.8611,12.3209,41.7722
20240826,5525,順天,TWSE,39.2,40.95,39.2,40.0,165187.0,6614487.0,TWSE_RWD_JSON_MI_INDEX,data/daily_price/daily_price_20240826.csv,39.92,40.6,38.6392,36.4075,40.035,2.0408,-5.9929,-3.8462,12.202,43.1127,547039.0,0.302,47.15,47.15,47.15,35.1,35.1,27.9,-1.4778,3.5219,9.8675,-0.0874,-15.1644,-15.1644,-15.1644,13.9601,43.3692
20240827,5525,順天,TWSE,39.5,41.3,39.5,41.2,330854.0,13490368.0,TWSE_RWD_JSON_MI_INDEX,data/daily_price/daily_price_20240827.csv,40.09,40.3725,38.7325,36.5158,40.1321,3.0,2.1066,-9.9454,15.7303,46.0993,477019.5,0.6936,47.15,47.15,47.15,35.1,35.1,28.0,2.0497,6.3706,12.8278,2.661,-12.6193,-12.6193,-12.6193,17.3789,47.1429
20240828,5525,順天,TWSE,38.0,39.0,38.0,38.85,207235.0,7993167.0,TWSE_RWD_JSON_MI_INDEX,data/daily_price/daily_price_20240828.csv,39.67,40.09,38.7717,36.6029,40.0252,-5.7039,-5.1282,-12.6966,6.4384,36.7958,412340.25,0.5026,47.15,47.15,47.15,35.1,35.1,28.4,-3.093,0.202,6.1391,-2.9362,-17.6034,-17.6034,-17.6034,10.6838,36.7958
20240829,5525,順天,TWSE,39.05,39.05,37.8,38.15,204377.0,7807736.0,TWSE_RWD_JSON_MI_INDEX,data/daily_price/daily_price_20240829.csv,39.48,39.715,38.7908,36.6721,39.869,-1.8018,-2.4297,-16.4294,3.1081,27.8057,370016.9,0.5523,45.3,47.15,47.15,35.1,35.1,29.35,-3.9406,-1.652,4.0301,-4.3115,-15.7837,-19.088,-19.088,8.6895,29.983
20240830,5525,順天,TWSE,38.15,38.9,38.15,38.6,131330.0,5063340.0,TWSE_RWD_JSON_MI_INDEX,data/daily_price/daily_price_20240830.csv,39.36,39.4925,38.815,36.7442,39.7632,1.1796,-1.5306,-10.3368,3.9031,28.8815,340430.75,0.3858,43.4,47.15,47.15,35.1,35.1,29.35,-2.2599,-0.5539,5.0507,-2.9254,-11.0599,-18.1336,-18.1336,9.9715,31.5162
20240902,5525,順天,TWSE,39.05,39.05,37.75,37.75,175001.0,6652392.0,TWSE_RWD_JSON_MI_INDEX,data/daily_price/daily_price_20240902.csv,38.91,39.4425,38.8317,36.8117,39.5954,-2.2021,-5.625,-2.5806,2.7211,27.3187,310916.55,0.5629,43.4,47.15,47.15,35.1,35.1,29.55,-4.2911,-2.7855,2.549,-4.6608,-13.0184,-19.9364,-19.9364,7.5499,27.7496
20240903,5525,順天,TWSE,37.75,37.8,37.0,37.1,156851.0,5847996.0,TWSE_RWD_JSON_MI_INDEX,data/daily_price/daily_price_20240903.csv,38.09,39.45,38.84,36.8717,39.3875,-1.7219,-9.9515,0.406,1.3661,24.0803,285365.3,0.5496,43.4,47.15,47.15,36.55,35.1,29.75,-5.9569,-4.4799,0.6193,-5.8077,-14.5161,-21.315,-21.315,5.698,24.7059
20240904,5525,順天,TWSE,35.1,35.85,34.0,34.95,540412.0,19039228.0,TWSE_RWD_JSON_MI_INDEX,data/daily_price/daily_price_20240904.csv,37.31,39.2875,38.8017,36.9133,39.0177,-5.7951,-10.0386,-8.5079,-6.1745,16.6945,291936.25,1.8511,43.4,47.15,47.15,34.0,34.0,29.75,-11.0404,-9.9265,-5.3188,-10.4253,-19.47,-25.8749,-25.8749,2.7941,17.479
20240905,5525,順天,TWSE,34.95,35.95,34.5,34.7,270326.0,9466340.0,TWSE_RWD_JSON_MI_INDEX,data/daily_price/daily_price_20240905.csv,36.62,39.1275,38.7725,36.9529,38.6579,-0.7153,-9.0433,-8.4433,-4.8011,15.8598,294366.2,0.9183,43.4,47.15,47.15,34.0,34.0,29.8,-11.3156,-10.5036,-6.0967,-10.2383,-20.0461,-26.4051,-26.4051,2.0588,16.443
20240906,5525,順天,TWSE,34.7,34.7,33.55,34.0,283911.0,9697727.0,TWSE_RWD_JSON_MI_INDEX,data/daily_price/daily_price_20240906.csv,35.7,38.895,38.7433,36.9737,38.2697,-2.0173,-11.9171,-12.031,-4.8951,7.9365,299103.75,0.9492,43.4,47.15,47.15,33.55,33.55,30.55,-12.5852,-12.243,-8.0429,-11.157,-21.659,-27.8897,-27.8897,1.3413,11.293
20240909,5525,順天,TWSE,34.0,34.25,33.05,33.9,364520.0,12232819.0,TWSE_RWD_JSON_MI_INDEX,data/daily_price/daily_price_20240909.csv,34.93,38.6475,38.7117,37.0,37.9056,-0.2941,-10.1987,-12.7413,-5.3073,10.2439,301553.3,1.2088,43.4,47.15,47.15,33.05,33.05,30.55,-12.2841,-12.4295,-8.3784,-10.5673,-21.8894,-28.1018,-28.1018,2.5719,10.9656
20240910,5525,順天,TWSE,33.9,34.65,33.0,33.15,238178.0,7941175.0,TWSE_RWD_JSON_MI_INDEX,data/daily_price/daily_price_20240910.csv,34.14,38.3725,38.6592,37.0158,37.5093,-2.2124,-10.6469,-14.2303,-8.6777,6.08,302730.75,0.7868,43.4,47.15,47.15,33.0,33.0,30.8,-13.61,-14.2506,-10.4437,-11.6219,-23.6175,-29.6925,-29.6925,0.4545,7.6299
20240911,5525,順天,TWSE,33.15,34.2,32.85,33.2,144225.0,4772701.0,TWSE_RWD_JSON_MI_INDEX,data/daily_price/daily_price_20240911.csv,33.79,38.05,38.62,37.0287,37.1502,0.1508,-5.0072,-16.2673,-6.6104,4.8973,298930.0,0.4825,43.4,47.15,47.15,32.85,32.85,31.3,-12.7464,-14.0342,-10.3399,-10.633,-23.5023,-29.5864,-29.5864,1.0654,6.0703
20240912,5525,順天,TWSE,33.3,33.95,33.2,33.8,128345.0,4308936.0,TWSE_RWD_JSON_MI_INDEX,data/daily_price/daily_price_20240912.csv,33.61,37.6925,38.5833,37.0492,36.871,1.8072,-2.5937,-17.4603,-6.1111,7.815,286730.0,0.4476,43.4,47.15,47.15,32.85,32.85,31.3,-10.327,-12.3974,-8.7699,-8.329,-22.1198,-28.3139,-28.3139,2.8919,7.9872
20240913,5525,順天,TWSE,33.1,34.55,33.1,34.5,82237.0,2823307.0,TWSE_RWD_JSON_MI_INDEX,data/daily_price/daily_price_20240913.csv,33.71,37.3,38.55,37.0704,36.6734,2.071,1.4706,-18.536,-5.4795,7.9812,275089.4,0.2989,43.15,47.15,47.15,32.85,32.85,31.55,-7.5067,-10.5058,-6.9339,-5.9264,-20.0463,-26.8293,-26.8293,5.0228,9.3502
20240916,5525,順天,TWSE,34.5,35.9,34.3,35.4,220029.0,7719034.0,TWSE_RWD_JSON_MI_INDEX,data/daily_price/daily_price_20240916.csv,34.01,36.9425,38.5308,37.0942,36.5673,2.6087,4.4248,-16.8038,-3.1464,8.7558,274947.95,0.8003,42.85,47.15,47.15,32.85,32.85,31.55,-4.1754,-8.1255,-4.5672,-3.1922,-17.3862,-24.9205,-24.9205,7.7626,12.2029
20240918,5525,順天,TWSE,35.95,36.0,35.15,36.0,94759.0,3379305.0,TWSE_RWD_JSON_MI_INDEX,data/daily_price/daily_price_20240918.csv,34.58,36.725,38.53,37.1263,36.52,1.6949,8.5973,-10.7807,-0.1387,11.9751,259785.25,0.3648,41.3,47.15,47.15,32.85,32.85,31.55,-1.9741,-6.5663,-3.0336,-1.4239,-12.8329,-23.6479,-23.6479,9.589,14.1046
20240919,5525,順天,TWSE,36.15,36.6,36.15,36.55,123864.0,4514423.0,TWSE_RWD_JSON_MI_INDEX,data/daily_price/daily_price_20240919.csv,35.25,36.505,38.5375,37.165,36.5225,1.5278,10.0904,-10.7448,1.2465,14.5768,251264.3,0.493,41.3,47.15,47.15,32.85,32.85,31.7,0.1233,-5.1573,-1.6548,0.0752,-11.5012,-22.4814,-22.4814,11.2633,15.2997
20240920,5525,順天,TWSE,34.75,34.75,32.9,33.7,1119979.0,37477379.0,TWSE_RWD_JSON_MI_INDEX,data/daily_price/daily_price_20240920.csv,35.23,36.235,38.4933,37.1783,36.2873,-7.7975,-0.2959,-13.8107,-7.2902,4.9844,264430.65,4.2354,41.3,47.15,47.15,32.85,32.85,31.7,-6.996,-12.4524,-9.3558,-7.1301,-18.4019,-28.526,-28.526,2.5875,6.3091
20240923,5525,順天,TWSE,33.35,33.5,32.2,32.6,377296.0,12360904.0,TWSE_RWD_JSON_MI_INDEX,data/daily_price/daily_price_20240923.csv,34.85,35.905,38.4267,37.1812,35.98,-3.2641,-5.5072,-16.8367,-10.929,1.0853,267945.8,1.4081,41.3,47.15,47.15,32.2,32.2,31.7,-9.2048,-15.1631,-12.3214,-9.3942,-21.0654,-30.859,-30.859,1.2422,2.8391
20240924,5525,順天,TWSE,32.6,33.35,32.2,32.35,172344.0,5621576.0,TWSE_RWD_JSON_MI_INDEX,data/daily_price/daily_price_20240924.csv,34.24,35.5225,38.3542,37.1821,35.6775,-0.7669,-8.6158,-19.125,-11.8529,0.3101,268303.65,0.6423,41.3,47.15,47.15,32.2,32.2,31.7,-8.931,-15.6545,-12.9957,-9.3267,-21.6707,-31.3892,-31.3892,0.4658,2.0505
20240925,5525,順天,TWSE,32.65,33.9,32.65,33.45,290612.0,9707608.0,TWSE_RWD_JSON_MI_INDEX,data/daily_price/daily_price_20240925.csv,33.73,35.135,38.2958,37.1917,35.4919,3.4003,-7.0833,-18.8107,-9.4723,3.5604,266291.55,1.0913,39.05,47.15,47.15,32.2,32.2,31.7,-4.7958,-12.6537,-10.0605,-5.7532,-14.3406,-29.0562,-29.0562,3.882,5.5205
20240926,5525,順天,TWSE,33.45,33.85,32.3,33.1,262101.0,8724275.0,TWSE_RWD_JSON_MI_INDEX,data/daily_price/daily_price_20240926.csv,33.04,34.8475,38.2242,37.1996,35.2926,-1.0463,-9.4391,-14.8005,-11.4973,2.9549,269034.85,0.9742,39.05,47.15,47.15,32.2,32.2,31.7,-5.0147,-13.4056,-11.0205,-6.2126,-15.2369,-29.7985,-29.7985,2.795,4.4164
20240927,5525,順天,TWSE,33.65,33.95,33.45,33.95,128580.0,4333702.0,TWSE_RWD_JSON_MI_INDEX,data/daily_price/daily_price_20240927.csv,33.09,34.6375,38.1658,37.2167,35.1807,2.568,0.7418,-11.0092,-9.3458,6.4263,265245.0,0.4848,39.05,47.15,47.15,32.2,32.2,31.9,-1.9848,-11.0461,-8.7774,-3.4982,-13.0602,-27.9958,-27.9958,5.4348,6.4263
20240930,5525,順天,TWSE,34.0,34.45,33.7,33.9,75734.0,2572147.0,TWSE_RWD_JSON_MI_INDEX,data/daily_price/daily_price_20240930.csv,33.35,34.4025,38.1033,37.215,35.074,-0.1473,3.9877,-12.1762,-9.9602,-0.5865,262465.2,0.2885,39.05,47.15,47.15,32.2,32.2,32.2,-1.4606,-11.0314,-8.9077,-3.3471,-13.1882,-28.1018,-28.1018,5.2795,5.2795
20241001,5525,順天,TWSE,33.65,34.1,33.1,33.25,127711.0,4275427.0,TWSE_RWD_JSON_MI_INDEX,data/daily_price/daily_price_20241001.csv,33.53,34.1775,38.02,37.2054,34.922,-1.9174,2.7821,-11.9205,-13.0719,-3.343,260100.7,0.491,37.8,47.15,47.15,32.2,32.2,32.2,-2.7138,-12.546,-10.6313,-4.7877,-12.037,-29.4804,-29.4804,3.2609,3.2609
20241004,5525,順天,TWSE,33.1,33.1,32.55,32.95,67819.0,2234898.0,TWSE_RWD_JSON_MI_INDEX,data/daily_price/daily_price_20241004.csv,33.43,33.97,37.9425,37.1975,34.7576,-0.9023,-1.4948,-11.186,-12.367,-2.8024,255649.1,0.2653,36.6,47.15,47.15,32.2,32.2,32.2,-3.0026,-13.1581,-11.4188,-5.2007,-9.9727,-30.1166,-30.1166,2.3292,2.3292
20241007,5525,順天,TWSE,33.7,33.7,33.05,33.6,41100.0,1374414.0,TWSE_RWD_JSON_MI_INDEX,data/daily_price/daily_price_20241007.csv,33.53,33.9025,37.8783,37.195,34.6612,1.9727,1.5106,-3.8627,-10.2804,-0.885,230683.5,0.1782,36.6,47.15,47.15,32.2,32.2,32.2,-0.8923,-11.2949,-9.6653,-3.0616,-8.1967,-28.7381,-28.7381,4.3478,4.3478
20241008,5525,順天,TWSE,33.4,33.4,33.05,33.1,53202.0,1762849.0,TWSE_RWD_JSON_MI_INDEX,data/daily_price/daily_price_20241008.csv,33.36,33.8225,37.81,37.1825,34.5311,-1.4881,-2.5037,-4.611,-11.0215,-4.3353,219827.3,0.242,36.6,47.15,47.15,32.2,32.2,32.2,-2.1362,-12.457,-10.9796,-4.1443,-9.5628,-29.7985,-29.7985,2.795,2.795
20241009,5525,順天,TWSE,33.75,33.75,32.8,33.1,180814.0,5961220.0,TWSE_RWD_JSON_MI_INDEX,data/daily_price/daily_price_20241009.csv,33.2,33.7775,37.7183,37.1717,34.4118,0.0,-2.3599,-2.6471,-14.2487,-3.7791,214672.45,0.8423,36.6,47.15,47.15,32.2,32.2,32.2,-2.0058,-12.2443,-10.9537,-3.8121,-9.5628,-29.7985,-29.7985,2.795,2.795
20241011,5525,順天,TWSE,33.05,33.4,32.7,33.05,140194.0,4626479.0,TWSE_RWD_JSON_MI_INDEX,data/daily_price/daily_price_20241011.csv,33.16,33.735,37.6017,37.1704,34.2983,-0.1511,-0.6015,-2.5074,-17.4782,-0.4518,203456.15,0.6891,36.6,47.15,47.15,32.2,32.2,32.2,-2.0305,-12.105,-11.0852,-3.6396,-9.6995,-29.9046,-29.9046,2.6398,2.6398
20241014,5525,順天,TWSE,32.7,33.3,32.7,33.0,67562.0,2229930.0,TWSE_RWD_JSON_MI_INDEX,data/daily_price/daily_price_20241014.csv,33.17,33.7275,37.4867,37.1596,34.1901,-0.1513,0.1517,-0.4525,-17.2932,-3.7901,194925.35,0.3466,36.6,47.15,47.15,32.2,32.2,32.2,-2.157,-11.9687,-11.1938,-3.4809,-9.8361,-30.0106,-30.0106,2.4845,2.4845
20241015,5525,順天,TWSE,33.05,33.3,33.05,33.15,49736.0,1648071.0,TWSE_RWD_JSON_MI_INDEX,data/daily_price/daily_price_20241015.csv,33.08,33.725,37.3717,37.1392,34.1035,0.4545,-1.3393,-0.1506,-17.2285,-6.882,190200.9,0.2615,36.6,47.15,47.15,32.2,32.2,32.2,-1.705,-11.2964,-10.7411,-2.7958,-9.4262,-29.6925,-29.6925,2.9503,2.9503
20241016,5525,順天,TWSE,33.15,33.25,32.7,32.9,123939.0,4076453.0,TWSE_RWD_JSON_MI_INDEX,data/daily_price/daily_price_20241016.csv,33.04,33.68,37.2417,37.1154,34.0032,-0.7541,-0.6042,-2.6627,-19.1646,-7.972,189980.6,0.6524,36.6,47.15,47.15,32.2,32.2,32.2,-2.3159,-11.6581,-11.3576,-3.2443,-10.1093,-30.2227,-30.2227,2.1739,2.1739
20241017,5525,順天,TWSE,32.9,33.3,32.65,32.75,98944.0,3259338.0,TWSE_RWD_JSON_MI_INDEX,data/daily_price/daily_price_20241017.csv,32.97,33.5925,37.1042,37.0892,33.8987,-0.4559,-1.0574,-5.0725,-20.122,-8.7744,190815.95,0.5185,36.6,47.15,47.15,32.2,32.2,32.2,-2.508,-11.735,-11.6993,-3.3887,-10.5191,-30.5408,-30.5408,1.7081,1.7081
20241018,5525,順天,TWSE,32.8,33.0,32.45,32.45,140395.0,4585828.0,TWSE_RWD_JSON_MI_INDEX,data/daily_price/daily_price_20241018.csv,32.85,33.445,36.9775,37.0592,33.778,-0.916,-1.8154,-8.3333,-18.9763,-9.9861,186834.25,0.7514,36.6,47.15,47.15,32.2,32.2,32.2,-2.975,-12.2439,-12.4373,-3.9316,-11.3388,-31.1771,-31.1771,0.7764,0.7764
20241021,5525,順天,TWSE,33.3,33.3,32.05,32.05,70636.0,2280110.0,TWSE_RWD_JSON_MI_INDEX,data/daily_price/daily_price_20241021.csv,32.66,33.2475,36.8683,37.0167,33.634,-1.2327,-2.8788,-10.9722,-16.9689,-13.7281,185628.1,0.3805,36.6,47.15,47.15,32.05,32.05,32.05,-3.6018,-13.069,-13.4174,-4.7096,-12.4317,-32.0255,-32.0255,0.0,0.0
20241022,5525,順天,TWSE,32.0,32.45,31.65,31.95,73938.0,2360594.0,TWSE_RWD_JSON_MI_INDEX,data/daily_price/daily_price_20241022.csv,32.42,33.0175,36.7533,36.9692,33.4937,-0.312,-3.6199,-12.5855,-17.7606,-15.1394,183131.8,0.4037,34.75,47.15,47.15,31.65,31.65,31.65,-3.2331,-13.0691,-13.5766,-4.6089,-8.0576,-32.2375,-32.2375,0.9479,0.9479
20241023,5525,順天,TWSE,31.95,32.1,31.75,31.85,48682.0,1551489.0,TWSE_RWD_JSON_MI_INDEX,data/daily_price/daily_price_20241023.csv,32.21,32.925,36.6267,36.9171,33.3567,-0.313,-3.1915,-5.4896,-19.2649,-16.4042,129566.95,0.3757,34.45,47.15,47.15,31.65,31.65,31.65,-3.265,-13.0415,-13.7256,-4.5169,-7.5472,-32.4496,-32.4496,0.6319,0.6319
20241024,5525,順天,TWSE,31.5,32.0,31.2,31.5,121535.0,3832998.0,TWSE_RWD_JSON_MI_INDEX,data/daily_price/daily_price_20241024.csv,31.96,32.87,36.485,36.8538,33.202,-1.0989,-3.8168,-3.3742,-21.25,-19.4373,116778.9,1.0407,34.45,47.15,47.15,31.2,31.2,31.2,-4.1679,-13.6631,-14.527,-5.1261,-8.5631,-33.1919,-33.1919,0.9615,0.9615
20241025,5525,順天,TWSE,31.05,31.85,30.0,31.3,365050.0,11231513.0,TWSE_RWD_JSON_MI_INDEX,data/daily_price/daily_price_20241025.csv,31.73,32.8175,36.3133,36.7883,33.0435,-0.6349,-3.5439,-3.2457,-24.7596,-20.0511,126414.2,2.8877,34.45,47.15,47.15,30.0,30.0,30.0,-4.6241,-13.8058,-14.9187,-5.2763,-9.1437,-33.6161,-33.6161,4.3333,4.3333
20241028,5525,順天,TWSE,31.5,32.4,31.5,31.65,82200.0,2611824.0,TWSE_RWD_JSON_MI_INDEX,data/daily_price/daily_price_20241028.csv,31.65,32.7275,36.0783,36.7192,32.9274,1.1182,-1.248,-5.3812,-30.8197,-20.776,115993.6,0.7087,34.45,47.15,47.15,30.0,30.0,30.0,-3.2923,-12.2742,-13.8052,-3.8793,-8.1277,-32.8738,-32.8738,5.5,5.5
20241029,5525,順天,TWSE,31.2,31.75,31.1,31.2,39713.0,1241501.0,TWSE_RWD_JSON_MI_INDEX,data/daily_price/daily_price_20241029.csv,31.5,32.6325,35.8567,36.6379,32.7834,-1.4218,-2.3474,-5.7402,-29.8876,-23.8095,104874.2,0.3787,34.45,47.15,47.15,30.0,30.0,30.0,-4.3898,-12.9869,-14.8423,-4.8299,-9.434,-33.8282,-33.8282,4.0,4.0
20241030,5525,順天,TWSE,31.25,31.9,31.2,31.45,30744.0,965108.0,TWSE_RWD_JSON_MI_INDEX,data/daily_price/daily_price_20241030.csv,31.42,32.5075,35.62,36.5596,32.6723,0.8013,-1.2559,-7.3638,-31.1062,-23.011,99982.4,0.3075,34.45,45.3,47.15,30.0,30.0,30.0,-3.2531,-11.7069,-13.976,-3.7411,-8.7083,-30.574,-33.298,4.8333,4.8333
20241101,5525,順天,TWSE,31.0,32.5,31.0,32.45,91363.0,2887301.0,TWSE_RWD_JSON_MI_INDEX,data/daily_price/daily_price_20241101.csv,31.61,32.435,35.4433,36.4983,32.6538,3.1797,3.0159,-4.2773,-24.6225,-18.4673,100763.85,0.9067,34.1,43.4,47.15,30.0,30.0,30.0,0.0462,-8.4454,-11.0918,-0.624,-4.8387,-25.2304,-31.1771,8.1667,8.1667
20241104,5525,順天,TWSE,32.35,32.9,32.05,32.1,127735.0,4129302.0,TWSE_RWD_JSON_MI_INDEX,data/daily_price/daily_price_20241104.csv,31.77,32.3775,35.3325,36.4529,32.6076,-1.0786,2.5559,-3.4586,-17.1613,-14.514,100765.05,1.2677,33.75,43.4,47.15,30.0,30.0,30.0,-0.8571,-9.1488,-11.9412,-1.5568,-4.8889,-26.0369,-31.9194,7.0,7.0
20241105,5525,順天,TWSE,32.2,32.65,31.8,31.8,91386.0,2937725.0,TWSE_RWD_JSON_MI_INDEX,data/daily_price/daily_price_20241105.csv,31.8,32.32,35.2467,36.4112,32.5403,-0.9346,0.4739,-3.4901,-13.9378,-13.587,101943.4,0.8964,33.75,43.4,47.15,30.0,30.0,30.0,-1.6089,-9.7787,-12.6644,-2.2751,-5.7778,-26.7281,-32.5557,6.0,6.0
20241106,5525,順天,TWSE,31.8,32.25,31.65,31.65,76854.0,2453924.0,TWSE_RWD_JSON_MI_INDEX,data/daily_price/daily_price_20241106.csv,31.89,32.2225,35.1375,36.3708,32.4661,-0.4717,1.4423,-5.8036,-17.1466,-13.2877,103731.1,0.7409,33.75,43.4,47.15,30.0,30.0,30.0,-1.7767,-9.9253,-12.9797,-2.5138,-6.2222,-27.0737,-32.8738,5.5,5.5
20241107,5525,順天,TWSE,31.4,33.2,31.4,33.1,155273.0,5068700.0,TWSE_RWD_JSON_MI_INDEX,data/daily_price/daily_price_20241107.csv,32.22,32.2225,35.0575,36.3417,32.5189,4.5814,5.2464,0.0,-12.6649,-9.5628,108834.65,1.4267,33.75,43.4,47.15,30.0,30.0,30.0,2.7233,-5.5837,-8.92,1.7868,-1.9259,-23.7327,-29.7985,10.3333,10.3333
20241108,5525,順天,TWSE,33.15,34.3,33.15,33.65,199540.0,6753121.0,TWSE_RWD_JSON_MI_INDEX,data/daily_price/daily_price_20241108.csv,32.46,32.25,34.9742,36.3354,32.6132,1.6616,3.698,1.6616,-12.9366,-2.1802,109770.95,1.8178,34.3,43.4,47.15,30.0,30.0,30.0,4.3411,-3.7861,-7.3906,3.1791,-1.895,-22.4654,-28.632,12.1667,12.1667
20241111,5525,順天,TWSE,33.65,34.4,33.6,34.2,102393.0,3479566.0,TWSE_RWD_JSON_MI_INDEX,data/daily_price/daily_price_20241111.csv,32.88,32.3075,34.8967,36.3362,32.7454,1.6345,6.5421,3.4796,-11.9691,0.2933,107880.9,0.9491,34.4,43.4,47.15,30.0,30.0,30.0,5.8578,-1.9964,-5.8791,4.442,-0.5814,-21.1982,-27.4655,14.0,14.0
20241112,5525,順天,TWSE,34.7,35.45,34.35,35.1,459007.0,16115449.0,TWSE_RWD_JSON_MI_INDEX,data/daily_price/daily_price_20241112.csv,33.54,32.4125,34.8375,36.3371,32.9417,2.6316,10.3774,6.3636,-9.185,0.2857,127453.15,3.6014,35.45,43.4,47.15,30.0,30.0,30.0,8.2916,0.7535,-3.4045,6.552,-0.9873,-19.1244,-25.5567,17.0,17.0
20241113,5525,順天,TWSE,36.0,36.0,33.75,33.75,200895.0,6917996.0,TWSE_RWD_JSON_MI_INDEX,data/daily_price/daily_price_20241113.csv,33.96,32.4425,34.7392,36.3242,33.009,-3.8462,6.6351,1.81,-14.8802,-4.3909,135011.1,1.488,36.0,43.4,47.15,30.0,30.0,30.0,4.0302,-2.8474,-7.0867,2.2448,-6.25,-22.235,-28.4199,12.5,12.5
20241114,5525,順天,TWSE,33.75,34.55,32.5,32.5,147474.0,4877965.0,TWSE_RWD_JSON_MI_INDEX,data/daily_price/daily_price_20241114.csv,33.84,32.4225,34.5983,36.3,32.9666,-3.7037,-1.8127,-1.2158,-20.6349,-8.1921,136187.85,1.0829,36.0,43.4,47.15,30.0,30.0,30.0,0.239,-6.0648,-10.4683,-1.4154,-9.7222,-25.1152,-31.071,8.3333,8.3333
20241115,5525,順天,TWSE,32.55,34.0,32.55,33.5,86661.0,2895027.0,TWSE_RWD_JSON_MI_INDEX,data/daily_price/daily_price_20241115.csv,33.81,32.46,34.4508,36.2846,33.011,3.0769,-0.4458,2.2901,-20.8973,-5.2334,135573.7,0.6392,36.0,43.15,47.15,30.0,30.0,30.0,3.2039,-2.76,-7.6743,1.4812,-6.9444,-22.3638,-28.9502,11.6667,11.6667
20241118,5525,順天,TWSE,33.45,33.55,32.85,33.0,44864.0,1485471.0,TWSE_RWD_JSON_MI_INDEX,data/daily_price/daily_price_20241118.csv,33.57,32.4875,34.2917,36.2629,33.0101,-1.4925,-3.5088,1.6949,-22.4442,-7.3034,130797.15,0.343,36.0,42.85,47.15,30.0,30.0,30.0,1.5775,-3.7667,-8.9979,-0.0307,-8.3333,-22.9872,-30.0106,10.0,10.0
20241119,5525,順天,TWSE,33.8,33.85,32.7,33.8,93392.0,3138591.0,TWSE_RWD_CSV_MI_INDEX,data/daily_price/daily_price_20241119.csv,33.31,32.575,34.1825,36.2562,33.0759,2.4242,-3.7037,5.4602,-16.233,-2.3121,131934.95,0.7079,36.0,41.3,47.15,30.0,30.0,30.0,3.7606,-1.119,-6.7747,2.1891,-6.1111,-18.1598,-28.3139,12.6667,12.6667
20241120,5525,順天,TWSE,33.65,33.7,33.35,33.55,38697.0,1295470.0,TWSE_RWD_JSON_MI_INDEX,data/daily_price/daily_price_20241120.csv,33.27,32.655,34.0592,36.2458,33.1155,-0.7396,-0.5926,5.0078,-18.0708,-3.592,130172.9,0.2973,36.0,41.3,47.15,30.0,30.0,30.0,2.7408,-1.4949,-7.4376,1.3122,-6.8056,-18.7651,-28.8441,11.8333,11.8333
20241121,5525,順天,TWSE,33.3,34.1,33.1,33.95,81000.0,2721697.0,TWSE_RWD_JSON_MI_INDEX,data/daily_price/daily_price_20241121.csv,33.56,32.76,33.9733,36.2383,33.185,1.1923,4.4615,6.5934,-13.1714,-2.5825,131788.8,0.6146,36.0,41.3,47.15,30.0,30.0,30.0,3.6325,-0.0687,-6.3147,2.3053,-5.6944,-17.7966,-27.9958,13.1667,13.1667
20241122,5525,順天,TWSE,34.3,34.9,34.0,34.35,86728.0,2991636.0,TWSE_RWD_JSON_MI_INDEX,data/daily_price/daily_price_20241122.csv,33.73,32.9025,33.8925,36.2296,33.2821,1.1782,2.5373,9.0476,-12.3724,-2.9661,130048.45,0.6669,36.0,41.3,47.15,30.0,30.0,30.0,4.3994,1.3499,-5.188,3.2087,-4.5833,-16.8281,-27.1474,14.5,14.5
20241125,5525,順天,TWSE,34.4,35.55,34.4,35.2,211839.0,7417180.0,TWSE_RWD_JSON_MI_INDEX,data/daily_price/daily_price_20241125.csv,34.17,33.0975,33.8125,36.2258,33.4419,2.4745,6.6667,12.4601,-12.0,-1.2623,122387.9,1.7309,36.0,41.3,47.15,31.0,30.0,30.0,6.3524,4.1035,-2.8318,5.2572,-2.2222,-14.77,-25.3446,17.3333,17.3333
20241126,5525,順天,TWSE,35.8,35.8,34.7,34.85,76847.0,2691147.0,TWSE_RWD_JSON_MI_INDEX,data/daily_price/daily_price_20241126.csv,34.38,33.2575,33.7067,36.2196,33.5592,-0.9943,3.1065,10.1106,-15.4126,-2.1067,122120.25,0.6293,36.0,39.05,47.15,31.0,30.0,30.0,4.7884,3.392,-3.7813,3.8462,-3.1944,-10.7554,-26.087,16.1667,16.1667
20241127,5525,順天,TWSE,34.5,34.55,34.0,34.55,109765.0,3763972.0,TWSE_RWD_JSON_MI_INDEX,data/daily_price/daily_price_20241127.csv,34.58,33.425,33.635,36.2033,33.6418,-0.8608,2.9806,10.7372,-11.0682,-5.3425,125622.85,0.8738,36.0,39.05,47.15,31.0,30.0,30.0,3.3657,2.7204,-4.5668,2.6996,-4.0278,-11.5237,-26.7232,15.1667,15.1667
20241128,5525,順天,TWSE,34.5,34.5,34.1,34.1,18643.0,638766.0,TWSE_RWD_JSON_MI_INDEX,data/daily_price/daily_price_20241128.csv,34.61,33.5575,33.5675,36.1792,33.68,-1.3025,0.4418,8.4261,-10.616,-7.8378,125017.8,0.1491,36.0,39.05,47.15,31.0,30.0,30.0,1.6166,1.5864,-5.7469,1.247,-5.2778,-12.6761,-27.6776,13.6667,13.6667
20241129,5525,順天,TWSE,34.0,34.45,33.9,34.25,37910.0,1296888.0,TWSE_RWD_JSON_MI_INDEX,data/daily_price/daily_price_20241129.csv,34.59,33.6475,33.495,36.155,33.7275,0.4399,-0.2911,5.547,-11.2694,-7.8062,122345.15,0.3099,36.0,39.05,47.15,31.4,30.0,30.0,1.7906,2.2541,-5.269,1.5492,-4.8611,-12.2919,-27.3595,14.1667,14.1667
20241202,5525,順天,TWSE,35.0,35.0,33.95,34.4,50622.0,1743922.0,TWSE_RWD_JSON_MI_INDEX,data/daily_price/daily_price_20241202.csv,34.43,33.7625,33.4392,36.1354,33.7835,0.438,-2.2727,7.1651,-8.8742,-6.3946,118489.5,0.4272,36.0,37.8,47.15,31.4,30.0,30.0,1.8882,2.8734,-4.8025,1.8247,-4.4444,-8.9947,-27.0414,14.6667,14.6667
20241203,5525,順天,TWSE,34.05,34.7,34.05,34.7,56853.0,1960653.0,TWSE_RWD_JSON_MI_INDEX,data/daily_price/daily_price_20241203.csv,34.4,33.9075,33.3992,36.1196,33.8599,0.8721,-0.4304,9.1195,-6.469,-5.1913,116762.85,0.4869,36.0,36.6,47.15,31.4,30.0,30.0,2.3372,3.8948,-3.9302,2.4811,-3.6111,-5.1913,-26.4051,15.6667,15.6667
20241204,5525,順天,TWSE,34.9,34.9,34.4,34.6,42826.0,1486537.0,TWSE_RWD_JSON_MI_INDEX,data/daily_price/daily_price_20241204.csv,34.41,34.055,33.3933,36.0975,33.9216,-0.2882,0.1447,9.3207,-1.0014,-7.1141,115061.45,0.3722,36.0,36.6,47.15,31.4,30.0,30.0,1.6004,3.6135,-4.1485,2.0,-3.8889,-5.4645,-26.6172,15.3333,15.3333
20241205,5525,順天,TWSE,34.5,34.5,34.1,34.4,49326.0,1691066.0,TWSE_RWD_JSON_MI_INDEX,data/daily_price/daily_price_20241205.csv,34.47,34.12,33.3883,36.0804,33.9615,-0.578,0.8798,3.9275,-0.8646,-5.6241,109764.1,0.4494,36.0,36.6,47.15,32.5,30.0,30.0,0.8206,3.03,-4.6574,1.2913,-4.4444,-6.0109,-27.0414,14.6667,14.6667
20241206,5525,順天,TWSE,34.4,35.0,34.35,34.75,48410.0,1676035.0,TWSE_RWD_JSON_MI_INDEX,data/daily_price/daily_price_20241206.csv,34.57,34.175,33.4008,36.0721,34.0272,1.0174,1.4599,3.2689,2.2059,-2.7972,102207.6,0.4736,36.0,36.6,47.15,32.5,30.0,30.0,1.6825,4.0393,-3.6651,2.1243,-3.4722,-5.0546,-26.299,15.8333,15.8333
20241209,5525,順天,TWSE,34.55,34.55,34.2,34.4,31996.0,1099708.0,TWSE_RWD_JSON_MI_INDEX,data/daily_price/daily_price_20241209.csv,34.57,34.185,33.4092,36.0604,34.0582,-1.0072,0.0,0.5848,1.4749,-3.9106,98687.75,0.3242,36.0,36.6,47.15,32.5,30.0,30.0,0.6289,2.9658,-4.6045,1.0035,-4.4444,-6.0109,-27.0414,14.6667,14.6667
20241210,5525,順天,TWSE,34.4,34.4,33.95,34.3,59822.0,2042000.0,TWSE_RWD_JSON_MI_INDEX,data/daily_price/daily_price_20241210.csv,34.49,34.145,33.4283,36.0438,34.0784,-0.2907,-1.1527,-2.2792,3.4691,-5.5096,78728.5,0.7599,36.0,36.6,47.15,32.5,30.0,30.0,0.4539,2.6076,-4.8379,0.6503,-4.7222,-6.2842,-27.2534,14.3333,14.3333
20241211,5525,順天,TWSE,33.65,33.85,32.85,33.0,240201.0,8026477.0,TWSE_RWD_JSON_MI_INDEX,data/daily_price/daily_price_20241211.csv,34.17,34.1075,33.425,36.0225,33.9885,-3.7901,-4.6243,-2.2222,-0.6024,-7.173,80693.8,2.9767,35.8,36.6,47.15,32.5,30.0,30.0,-3.2471,-1.2715,-8.3906,-2.9084,-7.8212,-9.8361,-30.0106,10.0,10.0
20241212,5525,順天,TWSE,33.0,33.45,33.0,33.0,97320.0,3223802.0,TWSE_RWD_JSON_MI_INDEX,data/daily_price/daily_price_20241212.csv,33.89,34.1325,33.4117,35.9975,33.9061,0.0,-4.0698,1.5385,-2.3669,-8.3333,78186.1,1.2447,35.8,36.6,47.15,32.55,30.0,30.0,-3.318,-1.2321,-8.327,-2.6725,-7.8212,-9.8361,-30.0106,10.0,10.0
20241213,5525,順天,TWSE,33.3,33.45,33.0,33.0,67629.0,2237978.0,TWSE_RWD_JSON_MI_INDEX,data/daily_price/daily_price_20241213.csv,33.54,34.1075,33.3867,35.9683,33.8306,0.0,-5.036,-1.4925,-4.3478,-9.589,77234.5,0.8756,35.8,36.6,47.15,32.7,30.0,30.0,-3.2471,-1.1581,-8.2526,-2.4553,-7.8212,-9.8361,-30.0106,10.0,10.0
20241216,5525,順天,TWSE,33.5,33.95,33.0,33.0,33229.0,1109430.0,TWSE_RWD_JSON_MI_INDEX,data/daily_price/daily_price_20241216.csv,33.26,34.1075,33.3467,35.9388,33.7614,0.0,-4.0698,0.0,-6.7797,-9.7127,76652.75,0.4335,35.8,36.6,47.15,32.7,30.0,30.0,-3.2471,-1.0396,-8.1771,-2.2553,-7.8212,-9.8361,-30.0106,10.0,10.0
20241217,5525,順天,TWSE,33.5,33.6,32.9,33.05,53987.0,1784669.0,TWSE_RWD_JSON_MI_INDEX,data/daily_price/daily_price_20241217.csv,33.01,34.07,33.2975,35.9138,33.7021,0.1515,-3.6443,-2.2189,-8.1944,-8.3218,74682.5,0.7229,35.8,36.6,47.15,32.85,30.0,30.0,-2.9938,-0.7433,-7.974,-1.935,-7.6816,-9.6995,-29.9046,10.1667,10.1667
20241218,5525,順天,TWSE,32.7,33.1,32.65,32.75,78693.0,2577144.0,TWSE_RWD_JSON_MI_INDEX,data/daily_price/daily_price_20241218.csv,32.96,34.03,33.2342,35.8858,33.6228,-0.9077,-0.7576,-2.3845,-10.3967,-9.2798,76682.3,1.0262,35.8,36.0,47.15,32.65,30.0,30.0,-3.7614,-1.4568,-8.7384,-2.5958,-8.5196,-9.0278,-30.5408,9.1667,9.1667
20241219,5525,順天,TWSE,32.1,32.6,32.0,32.2,149472.0,4810453.0,TWSE_RWD_JSON_MI_INDEX,data/daily_price/daily_price_20241219.csv,32.8,33.9425,33.2092,35.8513,33.5042,-1.6794,-2.4242,-5.1546,-4.451,-11.4168,80105.9,1.8659,35.8,36.0,47.15,32.0,30.0,30.0,-5.1337,-3.0388,-10.1844,-3.8927,-10.0559,-10.5556,-31.7073,7.3333,7.3333
20241220,5525,順天,TWSE,32.05,32.5,31.45,31.5,197898.0,6309674.0,TWSE_RWD_JSON_MI_INDEX,data/daily_price/daily_price_20241220.csv,32.5,33.8,33.1908,35.8088,33.3372,-2.1739,-4.5455,-8.2969,-3.3742,-13.9344,85664.4,2.3102,35.8,36.0,47.15,31.45,30.0,30.0,-6.8047,-5.0943,-12.0327,-5.511,-12.0112,-12.5,-33.1919,5.0,5.0
20241223,5525,順天,TWSE,31.6,32.15,31.6,32.05,67415.0,2150599.0,TWSE_RWD_JSON_MI_INDEX,data/daily_price/daily_price_20241223.csv,32.31,33.6425,33.1858,35.77,33.2299,1.746,-2.8788,-8.9489,-0.9274,-12.6703,78443.2,0.8594,35.8,36.0,47.15,31.45,30.0,30.0,-4.7336,-3.4226,-10.3998,-3.5508,-10.4749,-10.9722,-32.0255,6.8333,6.8333
20241224,5525,順天,TWSE,32.05,32.15,31.6,32.05,54283.0,1735344.0,TWSE_RWD_JSON_MI_INDEX,data/daily_price/daily_price_20241224.csv,32.11,33.5025,33.1625,35.7292,33.1316,0.0,-3.0257,-8.0344,-4.1854,-13.2612,77315.0,0.7021,35.0,36.0,47.15,31.45,30.0,30.0,-4.3355,-3.3547,-10.2974,-3.2646,-8.4286,-10.9722,-32.0255,6.8333,6.8333
20241225,5525,順天,TWSE,32.05,32.8,32.05,32.3,76450.0,2469154.0,TWSE_RWD_JSON_MI_INDEX,data/daily_price/daily_price_20241225.csv,32.02,33.39,33.1492,35.6867,33.0623,0.78,-1.374,-6.5123,-2.4169,-13.6364,75649.25,1.0106,35.0,36.0,47.15,31.45,30.0,30.0,-3.2645,-2.5617,-9.49,-2.3057,-7.7143,-10.2778,-31.4952,7.6667,7.6667
20241226,5525,順天,TWSE,32.5,32.5,32.1,32.45,41130.0,1332339.0,TWSE_RWD_JSON_MI_INDEX,data/daily_price/daily_price_20241226.csv,32.07,33.3075,33.1242,35.645,33.0113,0.4644,0.7764,-4.8387,-4.4183,-13.3511,76773.6,0.5357,35.0,36.0,47.15,31.45,30.0,30.0,-2.5745,-2.0353,-8.9634,-1.7003,-7.2857,-9.8611,-31.1771,8.1667,8.1667
20241227,5525,順天,TWSE,32.25,32.4,32.15,32.25,30606.0,987864.0,TWSE_RWD_JSON_MI_INDEX,data/daily_price/daily_price_20241227.csv,32.22,33.2075,33.0967,35.6,32.9478,-0.6163,2.381,-5.8394,-4.8673,-14.3426,76408.4,0.4006,35.0,36.0,47.15,31.45,30.0,30.0,-2.8834,-2.5582,-9.4101,-2.118,-7.8571,-10.4167,-31.6013,7.5,7.5
20241230,5525,順天,TWSE,32.5,33.0,32.2,32.35,47718.0,1553964.0,TWSE_RWD_JSON_MI_INDEX,data/daily_price/daily_price_20241230.csv,32.28,33.105,33.0817,35.5508,32.898,0.3101,0.936,-5.9593,-2.7068,-15.4248,76263.2,0.6257,35.0,36.0,47.15,31.45,30.0,30.0,-2.2806,-2.2117,-9.0035,-1.6658,-7.5714,-10.1389,-31.3892,7.8333,7.8333
20241231,5525,順天,TWSE,32.2,32.25,31.8,32.0,67200.0,2151399.0,TWSE_RWD_JSON_MI_INDEX,data/daily_price/daily_price_20241231.csv,32.27,32.97,33.0658,35.5042,32.8232,-1.0819,-0.156,-7.781,-2.8832,-14.8936,76780.55,0.8752,35.0,36.0,47.15,31.45,30.0,30.0,-2.9421,-3.2234,-9.8697,-2.5079,-8.5714,-11.1111,-32.1315,6.6667,6.6667
20250102,5525,順天,TWSE,31.7,32.45,31.7,32.0,88905.0,2833591.0,TWSE_RWD_JSON_MI_INDEX,data/daily_price/daily_price_20250102.csv,32.21,32.84,33.0392,35.4588,32.7546,0.0,-0.9288,-7.5145,-4.7619,-14.5527,79084.5,1.1242,35.0,36.0,47.15,31.45,30.0,30.0,-2.5579,-3.1453,-9.7543,-2.3038,-8.5714,-11.1111,-32.1315,6.6667,6.6667
20250103,5525,順天,TWSE,32.3,32.3,31.65,31.85,33702.0,1072985.0,TWSE_RWD_JSON_MI_INDEX,data/daily_price/daily_price_20250103.csv,32.09,32.7125,33.0183,35.4142,32.6792,-0.4687,-1.849,-7.4128,-3.7764,-14.3817,78303.3,0.4304,35.0,36.0,47.15,31.45,30.0,30.0,-2.6366,-3.5384,-10.0642,-2.5374,-9.0,-11.5278,-32.4496,6.1667,6.1667
20250106,5525,順天,TWSE,31.75,32.3,31.75,31.95,53637.0,1711800.0,TWSE_RWD_CSV_MI_INDEX,data/daily_price/daily_price_20250106.csv,32.03,32.5725,32.9992,35.3588,32.6184,0.314,-0.9302,-8.0576,-3.4743,-17.228,78564.65,0.6827,34.55,36.0,47.15,31.45,30.0,30.0,-1.9111,-3.1794,-9.6405,-2.0493,-7.5253,-11.25,-32.2375,6.5,6.5
20250107,5525,順天,TWSE,31.95,32.1,31.5,31.8,59932.0,1901587.0,TWSE_RWD_JSON_MI_INDEX,data/daily_price/daily_price_20250107.csv,31.92,32.4425,32.9783,35.29,32.5502,-0.4695,-1.7002,-7.5581,-3.7821,-20.5993,79961.45,0.7495,34.4,36.0,47.15,31.45,30.0,30.0,-1.9804,-3.5731,-9.8895,-2.3048,-7.5581,-11.6667,-32.5557,6.0,6.0
20250108,5525,順天,TWSE,31.7,31.85,31.3,31.75,25465.0,806883.0,TWSE_RWD_JSON_MI_INDEX,data/daily_price/daily_price_20250108.csv,31.87,32.315,32.9575,35.2221,32.4835,-0.1572,-0.7812,-7.4344,-3.7879,-20.4261,78243.6,0.3255,33.95,36.0,47.15,31.3,30.0,30.0,-1.7484,-3.6638,-9.8577,-2.2582,-6.4801,-11.8056,-32.6617,5.8333,5.8333
20250109,5525,順天,TWSE,31.7,31.7,31.0,31.4,90359.0,2826120.0,TWSE_RWD_JSON_MI_INDEX,data/daily_price/daily_price_20250109.csv,31.75,32.235,32.9283,35.15,32.3933,-1.1024,-1.875,-4.8485,-5.279,-21.598,70751.5,1.2771,33.95,36.0,47.15,31.0,30.0,30.0,-2.5904,-4.6414,-10.6686,-3.0662,-7.511,-12.7778,-33.404,4.6667,4.6667
20250110,5525,順天,TWSE,31.1,31.25,30.5,30.6,70423.0,2170645.0,TWSE_RWD_JSON_MI_INDEX,data/daily_price/daily_price_20250110.csv,31.5,32.115,32.89,35.0658,32.2438,-2.5478,-3.9246,-7.2727,-6.9909,-24.8157,69406.65,1.0146,33.95,36.0,47.15,30.5,30.0,30.0,-4.7174,-6.9626,-12.7356,-5.0981,-9.8675,-15.0,-35.1007,2.0,2.0
20250113,5525,順天,TWSE,29.7,30.4,29.45,30.3,125471.0,3740973.0,TWSE_RWD_JSON_MI_INDEX,data/daily_price/daily_price_20250113.csv,31.17,31.98,32.8492,34.9767,32.0818,-0.9804,-5.1643,-8.1818,-7.4809,-26.0976,72298.75,1.7355,33.95,36.0,47.15,29.45,29.45,29.45,-5.2533,-7.7602,-13.3708,-5.554,-10.7511,-15.8333,-35.737,2.8862,2.8862
20250114,5525,順天,TWSE,30.4,30.7,30.0,30.65,32110.0,974054.0,TWSE_RWD_JSON_MI_INDEX,data/daily_price/daily_price_20250114.csv,30.94,31.8625,32.8192,34.8983,31.9625,1.1551,-3.6164,-7.1212,-5.547,-23.4707,72242.8,0.4445,33.6,36.0,47.15,29.45,29.45,29.45,-3.8054,-6.6095,-12.1735,-4.1064,-8.7798,-14.8611,-34.9947,4.0747,4.0747
20250115,5525,順天,TWSE,30.05,30.7,29.7,30.65,37482.0,1142195.0,TWSE_RWD_JSON_MI_INDEX,data/daily_price/daily_price_20250115.csv,30.72,31.7425,32.7958,34.8321,31.8531,0.0,-3.4646,-7.2617,-4.3682,-20.5959,71417.55,0.5248,33.1,36.0,47.15,29.45,29.45,29.45,-3.4418,-6.543,-12.0064,-3.7771,-7.4018,-14.8611,-34.9947,4.0747,4.0747
20250116,5525,順天,TWSE,31.0,31.25,30.7,30.85,59636.0,1843989.0,TWSE_RWD_JSON_MI_INDEX,data/daily_price/daily_price_20250116.csv,30.61,31.6475,32.7775,34.7654,31.7695,0.6525,-1.7516,-5.8015,-3.4429,-20.592,70464.7,0.8463,33.0,36.0,47.15,29.45,29.45,29.45,-2.5199,-5.8806,-11.2624,-2.8944,-6.5152,-14.3056,-34.5705,4.7538,4.7538
20250117,5525,順天,TWSE,28.4,28.5,28.3,28.4,43105.0,1223503.0,TWSE_RWD_JSON_MI_INDEX,data/daily_price/daily_price_20250117.csv,30.17,31.4575,32.72,34.6733,31.4887,-7.9417,-7.1895,-11.8012,-10.832,-28.0101,65146.35,0.6617,33.0,36.0,47.15,28.3,28.3,28.3,-9.7195,-13.2029,-18.0927,-9.809,-13.9394,-21.1111,-39.7667,0.3534,0.3534
20250120,5525,順天,TWSE,30.45,30.6,30.3,30.6,38100.0,1160519.0,TWSE_RWD_JSON_MI_INDEX,data/daily_price/daily_price_20250120.csv,30.23,31.4125,32.705,34.595,31.4147,7.7465,0.9901,-2.8571,-2.8571,-23.5,57156.45,0.6666,33.0,36.0,47.15,28.3,28.3,28.3,-2.5865,-6.4363,-11.5479,-2.5933,-7.2727,-15.0,-35.1007,8.1272,8.1272
20250121,5525,順天,TWSE,30.4,30.6,30.4,30.6,29673.0,904626.0,TWSE_RWD_JSON_MI_INDEX,data/daily_price/daily_price_20250121.csv,30.22,31.34,32.6933,34.5033,31.3468,0.0,-0.1631,-4.5242,-2.2364,-26.4423,55269.35,0.5369,33.0,36.0,47.15,28.3,28.3,28.3,-2.3612,-6.4029,-11.3129,-2.3824,-7.2727,-15.0,-35.1007,8.1272,8.1272
20250122,5525,順天,TWSE,31.0,31.0,30.15,30.5,65105.0,1988439.0,TWSE_RWD_JSON_MI_INDEX,data/daily_price/daily_price_20250122.csv,30.19,31.2625,32.6742,34.3763,31.2762,-0.3268,-0.4894,-4.8362,-3.6335,-33.3333,55810.45,1.1665,33.0,36.0,47.15,28.3,28.3,28.3,-2.439,-6.6541,-11.276,-2.4818,-7.5758,-15.2778,-35.3128,7.7739,7.7739
20250203,5525,順天,TWSE,30.5,30.5,30.05,30.15,53576.0,1622040.0,TWSE_RWD_JSON_MI_INDEX,data/daily_price/daily_price_20250203.csv,30.05,31.155,32.6567,34.2567,31.1824,-1.1475,-2.269,-6.6563,-3.3654,-32.2472,54666.75,0.98,33.0,36.0,47.15,28.3,28.3,28.3,-3.2258,-7.6758,-11.9879,-3.3108,-8.6364,-16.25,-36.0551,6.5371,6.5371
20250204,5525,順天,TWSE,30.05,30.2,29.85,30.15,73632.0,2209573.0,TWSE_RWD_JSON_MI_INDEX,data/daily_price/daily_price_20250204.csv,30.4,31.04,32.635,34.1275,31.0963,0.0,6.162,-7.0878,-4.1335,-33.954,56291.85,1.308,33.0,36.0,45.3,28.3,28.3,28.3,-2.8673,-7.6145,-11.6548,-3.0433,-8.6364,-16.25,-33.4437,6.5371,6.5371
20250205,5525,順天,TWSE,30.25,30.5,30.15,30.35,49361.0,1496469.0,TWSE_RWD_JSON_MI_INDEX,data/daily_price/daily_price_20250205.csv,30.35,30.945,32.6,34.0217,31.0341,0.6633,-0.817,-5.8915,-6.4715,-29.5006,57229.6,0.8625,33.0,36.0,43.4,28.3,28.3,28.3,-1.9228,-6.9018,-10.7921,-2.2045,-8.0303,-15.6944,-30.0691,7.2438,7.2438
20250206,5525,順天,TWSE,30.65,30.95,30.5,30.6,40242.0,1234945.0,TWSE_RWD_JSON_MI_INDEX,data/daily_price/daily_price_20250206.csv,30.35,30.8575,32.575,33.9538,30.998,0.8237,0.0,-5.4096,-4.6729,-21.0323,56855.8,0.7078,32.45,36.0,43.4,28.3,28.3,28.3,-0.8345,-6.0629,-9.8774,-1.2839,-5.7011,-15.0,-29.4931,8.1272,8.1272
20250207,5525,順天,TWSE,30.6,30.6,30.0,30.5,24180.0,733254.0,TWSE_RWD_JSON_MI_INDEX,data/daily_price/daily_price_20250207.csv,30.35,30.7825,32.5533,33.9,30.9565,-0.3268,0.0,-4.6875,-4.0881,-17.456,54704.8,0.442,32.45,36.0,43.4,28.3,28.3,28.3,-0.9177,-6.3076,-10.0295,-1.4746,-6.0092,-15.2778,-29.7235,7.7739,7.7739
20250210,5525,順天,TWSE,30.1,30.7,30.05,30.5,60361.0,1835988.0,TWSE_RWD_JSON_MI_INDEX,data/daily_price/daily_price_20250210.csv,30.42,30.7075,32.5342,33.8358,30.9184,0.0,1.1609,-4.6875,-3.6335,-20.1571,53277.6,1.133,32.3,36.0,43.4,28.3,28.3,28.3,-0.6757,-6.2524,-9.8589,-1.3533,-5.5728,-15.2778,-29.7235,7.7739,7.7739
20250211,5525,順天,TWSE,30.5,30.5,30.2,30.4,44561.0,1352020.0,TWSE_RWD_JSON_MI_INDEX,data/daily_price/daily_price_20250211.csv,30.47,30.635,32.4892,33.7733,30.8752,-0.3279,0.8292,-4.5526,-8.1571,-19.7889,53820.55,0.828,32.3,36.0,43.4,28.3,28.3,28.3,-0.7671,-6.4303,-9.9882,-1.5392,-5.8824,-15.5556,-29.9539,7.4205,7.4205
20250212,5525,順天,TWSE,30.2,30.9,30.15,30.4,38836.0,1181830.0,TWSE_RWD_JSON_MI_INDEX,data/daily_price/daily_price_20250212.csv,30.48,30.5575,32.435,33.7046,30.8356,0.0,0.1647,-4.8513,-9.6582,-21.3454,53080.5,0.7316,32.1,36.0,43.4,28.3,28.3,28.3,-0.5154,-6.2741,-9.8046,-1.4127,-5.296,-15.5556,-29.9539,7.4205,7.4205
20250213,5525,順天,TWSE,30.7,31.1,30.5,31.1,53189.0,1636329.0,TWSE_RWD_JSON_MI_INDEX,data/daily_price/daily_price_20250213.csv,30.58,30.5225,32.3833,33.64,30.8577,2.3026,1.634,-2.2013,-9.0643,-19.9485,52743.35,1.0084,31.85,36.0,43.4,28.3,28.3,28.3,1.892,-3.9629,-7.5505,0.7854,-2.3548,-13.6111,-28.341,9.894,9.894
20250214,5525,順天,TWSE,31.15,31.4,31.15,31.2,25120.0,785297.0,TWSE_RWD_JSON_MI_INDEX,data/daily_price/daily_price_20250214.csv,30.72,30.495,32.3183,33.5779,30.8862,0.3215,2.2951,-1.7323,-11.1111,-19.2755,52726.1,0.4764,31.7,36.0,43.4,28.3,28.3,28.3,2.3119,-3.4604,-7.0818,1.016,-1.5773,-13.3333,-28.1106,10.2473,10.2473
20250217,5525,順天,TWSE,31.15,31.95,31.15,31.65,37136.0,1172260.0,TWSE_RWD_JSON_MI_INDEX,data/daily_price/daily_price_20250217.csv,30.95,30.5075,32.2833,33.5112,30.9498,1.4423,3.7705,0.7962,-6.2222,-20.1765,50064.95,0.7418,31.95,35.8,43.4,28.3,28.3,28.3,3.745,-1.9618,-5.5541,2.2622,-0.939,-11.5922,-27.0737,11.8375,11.8375
20250218,5525,順天,TWSE,31.7,32.2,31.65,31.85,48060.0,1529554.0,TWSE_RWD_JSON_MI_INDEX,data/daily_price/daily_price_20250218.csv,31.24,30.57,32.2725,33.4354,31.0249,0.6319,4.7697,4.085,-2.0,-22.2222,48946.8,0.9819,32.2,35.8,43.4,28.3,28.3,28.3,4.1871,-1.3092,-4.7417,2.6596,-1.087,-11.0335,-26.6129,12.5442,12.5442
20250219,5525,順天,TWSE,31.95,32.4,31.75,31.75,40787.0,1305573.0,TWSE_RWD_JSON_MI_INDEX,data/daily_price/daily_price_20250219.csv,31.51,30.6425,32.2433,33.3471,31.0853,-0.314,4.4408,4.7855,-5.2239,-25.0295,44712.6,0.9122,32.4,35.8,43.15,28.3,28.3,28.3,3.6143,-1.53,-4.7893,2.1384,-2.0062,-11.3128,-26.4195,12.1908,12.1908
20250220,5525,順天,TWSE,31.8,32.1,31.8,32.0,36283.0,1160123.0,TWSE_RWD_JSON_MI_INDEX,data/daily_price/daily_price_20250220.csv,31.69,30.71,32.2267,33.2592,31.1615,0.7874,2.8939,4.4046,-3.0303,-24.7944,44921.25,0.8077,32.4,35.8,42.85,28.3,28.3,28.3,4.2006,-0.7034,-3.7859,2.6908,-1.2346,-10.6145,-25.3209,13.0742,13.0742
20250221,5525,順天,TWSE,32.0,32.55,32.0,32.3,64589.0,2091429.0,TWSE_RWD_CSV_MI_INDEX,data/daily_price/daily_price_20250221.csv,31.91,30.7925,32.2017,33.1921,31.2564,0.9375,3.5256,5.3834,-4.4379,-19.9504,46276.6,1.3957,32.55,35.8,41.3,28.3,28.3,28.3,4.8957,0.3054,-2.6876,3.3389,-0.768,-9.7765,-21.7918,14.1343,14.1343
20250224,5525,順天,TWSE,32.0,32.35,31.7,32.2,45537.0,1466462.0,TWSE_RWD_JSON_MI_INDEX,data/daily_price/daily_price_20250224.csv,32.02,30.86,32.1792,33.1192,31.335,-0.3096,1.7378,4.376,-4.0238,-21.3675,45571.65,0.9992,32.55,35.8,41.3,28.3,28.3,28.3,4.3422,0.0647,-2.7753,2.7604,-1.0753,-10.0559,-22.0339,13.7809,13.7809
20250225,5525,順天,TWSE,31.9,32.35,31.9,32.05,44118.0,1417204.0,TWSE_RWD_JSON_MI_INDEX,data/daily_price/daily_price_20250225.csv,32.06,31.0425,32.1475,33.0604,31.3946,-0.4658,0.6279,12.8521,-5.5965,-18.0307,45622.3,0.967,32.55,35.8,41.3,29.85,28.3,28.3,3.2456,-0.3033,-3.0563,2.0876,-1.5361,-10.4749,-22.3971,13.2509,13.2509
20250226,5525,順天,TWSE,31.9,32.15,31.9,32.05,23762.0,761996.0,TWSE_RWD_JSON_MI_INDEX,data/daily_price/daily_price_20250226.csv,32.12,31.115,32.1092,33.0008,31.4492,0.0,0.9449,4.7386,-6.6958,-18.2398,44905.4,0.5292,32.55,35.8,41.3,29.85,28.3,28.3,3.005,-0.1843,-2.8812,1.9103,-1.5361,-10.4749,-22.3971,13.2509,13.2509
20250227,5525,順天,TWSE,31.7,32.2,31.65,31.85,48060.0,1529554.0,TWSE_RWD_JSON_MI_INDEX,data/daily_price/daily_price_20250227.csv,32.09,31.1775,32.0533,32.9329,31.4826,-0.624,-0.4687,4.085,-9.517,-20.375,45824.75,1.0488,32.55,35.8,41.3,29.85,28.3,28.3,2.157,-0.6344,-3.2883,1.1669,-2.1505,-11.0335,-22.8814,12.5442,12.5442
20250303,5525,順天,TWSE,31.6,31.75,31.2,31.5,82080.0,2591235.0,TWSE_RWD_JSON_MI_INDEX,data/daily_price/daily_price_20250303.csv,31.93,31.2275,31.9975,32.8521,31.4841,-1.0989,-2.4768,3.2787,-9.6126,-23.5437,46673.5,1.7586,32.55,35.0,39.05,29.85,28.3,28.3,0.8726,-1.5548,-4.1157,0.0506,-3.2258,-10.0,-19.3342,11.3074,11.3074
20250304,5525,順天,TWSE,31.3,31.6,31.0,31.5,92096.0,2883683.0,TWSE_RWD_JSON_MI_INDEX,data/daily_price/daily_price_20250304.csv,31.79,31.295,31.9467,32.7908,31.4854,0.0,-2.1739,4.4776,-8.8278,-18.9189,48599.5,1.895,32.55,35.0,39.05,29.85,28.3,28.3,0.6551,-1.3982,-3.9366,0.0464,-3.2258,-10.0,-19.3342,11.3074,11.3074
20250305,5525,順天,TWSE,31.45,32.3,31.4,32.3,39593.0,1262263.0,TWSE_RWD_JSON_MI_INDEX,data/daily_price/daily_price_20250305.csv,31.84,31.4025,31.9167,32.7421,31.5533,2.5397,0.78,7.131,-5.2786,-15.3342,46897.55,0.8442,32.55,35.0,39.05,30.0,28.3,28.3,2.8581,1.201,-1.3502,2.3666,-0.768,-7.7143,-17.2855,14.1343,14.1343
20250306,5525,順天,TWSE,32.3,33.5,32.3,33.1,133672.0,4428971.0,TWSE_RWD_JSON_MI_INDEX,data/daily_price/daily_price_20250306.csv,32.05,31.54,31.8975,32.6962,31.6822,2.4768,3.2761,9.061,-3.3577,-14.2487,51113.1,2.6152,33.5,35.0,39.05,30.0,28.3,28.3,4.9461,3.7699,1.2349,4.4752,-1.194,-5.4286,-15.2369,16.9611,16.9611
20250307,5525,順天,TWSE,33.0,33.0,32.7,32.85,36192.0,1188711.0,TWSE_RWD_JSON_MI_INDEX,data/daily_price/daily_price_20250307.csv,32.25,31.6525,31.8717,32.6554,31.7795,-0.7553,3.1397,7.3529,-4.5058,-12.9801,50910.6,0.7109,33.5,35.0,37.8,30.0,28.3,28.3,3.7833,3.0696,0.5959,3.3686,-1.9403,-6.1429,-13.0952,16.0777,16.0777
20250310,5525,順天,TWSE,32.75,32.9,32.5,32.6,43582.0,1423101.0,TWSE_RWD_JSON_MI_INDEX,data/daily_price/daily_price_20250310.csv,32.47,31.7575,31.8367,32.6179,31.8479,-0.761,3.4921,6.8852,-6.0519,-12.1294,51880.7,0.84,33.5,35.0,36.6,30.05,28.3,28.3,2.6529,2.3977,-0.0549,2.3617,-2.6866,-6.8571,-10.929,15.1943,15.1943
20250311,5525,順天,TWSE,32.35,33.0,31.95,33.0,134915.0,4375727.0,TWSE_RWD_JSON_MI_INDEX,data/daily_price/daily_price_20250311.csv,32.77,31.8825,31.81,32.6017,31.9439,1.227,4.7619,8.1967,-4.6243,-5.5794,55608.4,2.4262,33.5,35.0,36.6,30.15,28.3,28.3,3.5051,3.741,1.2218,3.3062,-1.4925,-5.7143,-9.8361,16.6078,16.6078
20250312,5525,順天,TWSE,32.6,33.55,32.6,33.4,72572.0,2406970.0,TWSE_RWD_JSON_MI_INDEX,data/daily_price/daily_price_20250312.csv,32.99,32.0325,31.7933,32.5908,32.0652,1.2121,3.4056,9.8684,-2.907,-3.7464,57008.95,1.273,33.55,35.0,36.6,30.15,28.3,28.3,4.2691,5.0535,2.4828,4.1627,-0.4471,-4.5714,-8.7432,18.0212,18.0212
20250313,5525,順天,TWSE,33.4,33.6,32.75,33.1,51272.0,1703687.0,TWSE_RWD_JSON_MI_INDEX,data/daily_price/daily_price_20250313.csv,32.99,32.1675,31.7658,32.5833,32.1515,-0.8982,0.0,8.8816,-4.7482,-2.6471,57630.75,0.8897,33.6,34.55,36.6,30.5,28.3,28.3,2.8989,4.2,1.5857,2.9503,-1.4881,-4.1968,-9.5628,16.9611,16.9611
20250314,5525,順天,TWSE,33.1,33.4,33.0,33.4,50296.0,1670171.0,TWSE_RWD_JSON_MI_INDEX,data/daily_price/daily_price_20250314.csv,33.1,32.2825,31.7492,32.5792,32.2555,0.9063,1.6743,7.3955,-2.907,-1.4749,57486.1,0.8749,33.6,34.4,36.6,31.0,28.3,28.3,3.4616,5.1996,2.5195,3.5482,-0.5952,-2.907,-8.7432,18.0212,18.0212
20250317,5525,順天,TWSE,33.5,33.5,33.3,33.35,43878.0,1465378.0,TWSE_RWD_JSON_MI_INDEX,data/daily_price/daily_price_20250317.csv,33.25,32.39,31.7333,32.5808,32.3467,-0.1497,2.3006,6.891,-2.7697,0.6033,58424.0,0.751,33.6,33.95,36.6,31.0,28.3,28.3,2.9639,5.0945,2.3608,3.1017,-0.744,-1.7673,-8.8798,17.8445,17.8445
20250318,5525,順天,TWSE,33.45,33.55,33.35,33.55,45185.0,1511333.0,TWSE_RWD_JSON_MI_INDEX,data/daily_price/daily_price_20250318.csv,33.36,32.485,31.7425,32.5838,32.447,0.5997,1.6667,6.0032,1.6667,1.0542,58826.45,0.7681,33.6,33.95,36.6,31.0,28.3,28.3,3.2784,5.6943,2.9654,3.3995,-0.1488,-1.1782,-8.3333,18.5512,18.5512
20250319,5525,順天,TWSE,33.55,33.65,33.05,33.3,151465.0,5045891.0,TWSE_RWD_JSON_MI_INDEX,data/daily_price/daily_price_20250319.csv,33.34,32.5575,31.7475,32.5796,32.5181,-0.7452,-0.2994,4.5526,0.9091,-1.4793,63996.7,2.3668,33.65,33.95,36.6,31.0,28.3,28.3,2.2806,4.8901,2.2113,2.4046,-1.0401,-1.9146,-9.0164,17.6678,17.6678
20250320,5525,順天,TWSE,33.55,33.85,33.35,33.75,77119.0,2593342.0,TWSE_RWD_JSON_MI_INDEX,data/daily_price/daily_price_20250320.csv,33.47,32.6575,31.76,32.5733,32.6207,1.3514,1.9637,6.2992,2.2727,-2.1739,65813.3,1.1718,33.85,33.95,36.6,31.0,28.3,28.3,3.3453,6.2657,3.6124,3.4618,-0.2954,-0.5891,-7.7869,19.258,19.258
20250321,5525,順天,TWSE,33.35,34.3,33.3,34.05,117415.0,3988236.0,TWSE_RWD_JSON_MI_INDEX,data/daily_price/daily_price_20250321.csv,33.6,32.76,31.7775,32.5621,32.7398,0.8889,1.9461,6.4062,3.1818,-3.8136,69869.9,1.6805,34.3,34.3,36.6,31.0,28.3,28.3,3.9377,7.1513,4.5695,4.0018,-0.7289,-0.7289,-6.9672,20.318,20.318
20250324,5525,順天,TWSE,34.0,34.45,34.0,34.45,65675.0,2254019.0,TWSE_RWD_JSON_MI_INDEX,data/daily_price/daily_price_20250324.csv,33.82,32.8675,31.8008,32.5492,32.8823,1.1747,3.2984,6.6563,4.236,-4.3056,69924.2,0.9392,34.45,34.45,36.6,31.0,28.3,28.3,4.8148,8.3305,5.8399,4.7675,0.0,0.0,-5.8743,21.7314,21.7314
20250325,5525,順天,TWSE,34.45,34.45,33.9,34.35,93132.0,3180375.0,TWSE_RWD_JSON_MI_INDEX,data/daily_price/daily_price_20250325.csv,33.98,32.975,31.8275,32.5308,33.0047,-0.2903,2.3845,6.677,4.8855,-6.0192,72303.95,1.2881,34.45,34.45,36.0,31.0,28.3,28.3,4.1698,7.9255,5.5921,4.0762,-0.2903,-0.2903,-4.5833,21.3781,21.3781
20250326,5525,順天,TWSE,34.35,35.0,34.25,34.7,144763.0,5024827.0,TWSE_RWD_JSON_MI_INDEX,data/daily_price/daily_price_20250326.csv,34.26,33.1075,31.8692,32.5392,33.1459,1.0189,4.2042,8.2683,7.764,2.9674,77336.2,1.8719,35.0,35.0,36.0,31.0,28.3,28.3,4.8101,8.8827,6.6407,4.6886,-0.8571,-0.8571,-3.6111,22.6148,22.6148
20250327,5525,順天,TWSE,34.85,35.1,34.6,34.9,75279.0,2624443.0,TWSE_RWD_JSON_MI_INDEX,data/daily_price/daily_price_20250327.csv,34.49,33.25,31.9258,32.5583,33.2921,0.5764,3.4074,8.8924,10.7937,7.0552,79912.05,0.942,35.1,35.1,36.0,31.0,28.3,28.3,4.9624,9.3159,7.1922,4.8297,-0.5698,-0.5698,-3.0556,23.3216,23.3216
20250328,5525,順天,TWSE,34.6,35.2,34.05,34.35,145414.0,5026142.0,TWSE_RWD_JSON_MI_INDEX,data/daily_price/daily_price_20250328.csv,34.55,33.375,31.9642,32.575,33.3803,-1.5759,0.8811,7.8493,7.1763,6.1824,84779.75,1.7152,35.2,35.2,36.0,31.0,28.3,28.3,2.9213,7.4641,5.449,2.9051,-2.4148,-2.4148,-4.5833,21.3781,21.3781
20250331,5525,順天,TWSE,33.95,33.95,33.3,33.6,133714.0,4488437.0,TWSE_RWD_JSON_MI_INDEX,data/daily_price/daily_price_20250331.csv,34.38,33.48,31.99,32.5762,33.3986,-2.1834,-2.4673,6.6667,4.8362,0.4484,87361.45,1.5306,35.2,35.2,36.0,31.0,28.3,28.3,0.3584,5.0328,3.1426,0.6031,-4.5455,-4.5455,-6.6667,18.7279,18.7279
20250401,5525,順天,TWSE,33.6,34.1,33.5,33.95,52118.0,1758246.0,TWSE_RWD_JSON_MI_INDEX,data/daily_price/daily_price_20250401.csv,34.3,33.6025,32.0175,32.5833,33.4445,1.0417,-1.1645,7.7778,5.1084,2.568,85362.55,0.6105,35.2,35.2,36.0,31.4,28.3,28.3,1.0341,6.0358,4.1944,1.5114,-3.5511,-3.5511,-5.6944,19.9647,19.9647
20250402,5525,順天,TWSE,33.9,33.9,33.5,33.85,48127.0,1621267.0,TWSE_RWD_JSON_MI_INDEX,data/daily_price/daily_price_20250402.csv,34.13,33.68,32.0408,32.5825,33.4783,-0.2946,-2.4496,4.7988,4.3143,-0.2946,85789.25,0.561,35.2,35.2,36.0,31.95,28.3,28.3,0.5048,5.6464,3.8901,1.1102,-3.8352,-3.8352,-5.9722,19.6113,19.6113
20250407,5525,順天,listed,30.5,30.5,30.5,30.5,45066.0,1374509.0,,data/daily_price/20250407.csv,33.25,33.55,32.0117,32.5542,33.2301,-9.8966,-12.6074,-7.855,-5.4264,-10.0295,81358.95,0.5539,35.2,35.2,36.0,30.5,28.3,28.3,-9.0909,-4.7222,-6.31,-8.2158,-13.3523,-13.3523,-15.2778,7.7739,7.7739
20250408,5525,順天,listed,27.6,30.0,27.6,28.1,392038.0,11211811.0,,data/daily_price/20250408.csv,32.0,33.3125,31.9408,32.5112,32.8026,-7.8689,-18.1951,-14.4597,-13.1376,-15.4887,99151.25,3.9539,35.2,35.2,36.0,27.6,27.6,27.6,-15.6473,-12.0248,-13.5684,-14.3361,-20.1705,-20.1705,-21.9444,1.8116,1.8116
20250409,5525,順天,listed,28.3,28.7,26.15,26.25,298106.0,8178559.0,,data/daily_price/20250409.csv,30.53,32.995,31.845,32.4554,32.2566,-6.5836,-21.875,-19.4785,-17.9688,-20.3338,111877.45,2.6646,35.2,35.2,36.0,26.15,26.15,26.15,-20.4425,-17.5695,-19.1198,-18.6212,-25.4261,-25.4261,-27.0833,0.3824,0.3824
20250410,5525,順天,listed,28.85,28.85,28.8,28.85,60275.0,1737386.0,,data/daily_price/20250410.csv,29.51,32.7875,31.7925,32.4158,31.9727,9.9048,-15.0221,-12.5758,-9.8437,-14.1369,108145.45,0.5574,35.2,35.2,36.0,26.15,26.15,26.15,-12.0091,-9.2553,-11.0003,-9.7667,-18.0398,-18.0398,-19.8611,10.325,10.325
20250414,5525,順天,listed,30.1,30.3,29.55,29.65,132568.0,3956688.0,,data/daily_price/20250414.csv,28.67,32.6,31.7558,32.3871,31.7791,2.773,-12.4077,-11.2275,-6.9074,-10.423,111145.25,1.1927,35.2,35.2,36.0,26.15,26.15,26.15,-9.0491,-6.6313,-8.4512,-6.6998,-15.767,-15.767,-17.6389,13.3843,13.3843
20250415,5525,順天,listed,30.0,30.7,29.8,30.7,83884.0,2550226.0,,data/daily_price/20250415.csv,28.71,32.48,31.735,32.3671,31.6892,3.5413,0.6557,-7.2508,-3.9124,-7.2508,112775.85,0.7438,35.2,35.2,36.0,26.15,26.15,26.15,-5.4803,-3.2614,-5.1506,-3.1216,-12.7841,-12.7841,-14.7222,17.3996,17.3996
20250416,5525,順天,listed,30.7,30.7,30.0,30.0,58811.0,1773979.0,,data/daily_price/20250416.csv,29.09,32.31,31.705,32.3417,31.5484,-2.2801,6.7616,-10.1796,-5.6604,-9.2284,113201.6,0.5195,35.2,35.2,36.0,26.15,26.15,26.15,-7.1495,-5.3777,-7.2404,-4.9081,-14.7727,-14.7727,-16.6667,14.7228,14.7228
20250417,5525,順天,listed,30.0,30.2,29.75,30.2,33250.0,997610.0,,data/daily_price/20250417.csv,29.88,32.1525,31.6792,32.3183,31.4361,0.6667,15.0476,-9.4453,-4.8819,-8.4848,112670.2,0.2951,35.2,35.2,36.0,26.15,26.15,26.15,-6.0726,-4.6692,-6.5546,-3.932,-14.2045,-14.2045,-16.1111,15.4876,15.4876
20250418,5525,順天,listed,30.2,30.4,30.1,30.25,31370.0,948041.0,,data/daily_price/20250418.csv,30.16,31.9875,31.66,32.2942,31.3372,0.1656,4.8527,-9.8361,-3.6624,-8.7481,111979.45,0.2801,35.2,35.2,36.0,26.15,26.15,26.15,-5.4318,-4.4536,-6.3298,-3.4694,-14.0625,-14.0625,-15.9722,15.6788,15.6788
20250421,5525,順天,listed,30.25,30.3,29.45,30.0,60247.0,1797634.0,,data/daily_price/20250421.csv,30.23,31.8225,31.65,32.27,31.2258,-0.8264,1.1804,-9.9099,-1.9608,-8.8146,107418.55,0.5609,35.2,35.2,36.0,26.15,26.15,26.15,-5.7271,-5.2133,-7.0344,-3.9256,-14.7727,-14.7727,-16.6667,14.7228,14.7228
20250422,5525,順天,listed,29.7,29.9,29.7,29.9,54905.0,1634924.0,,data/daily_price/20250422.csv,30.07,31.63,31.6433,32.2462,31.1153,-0.3333,-2.6059,-11.4074,-1.3201,-8.7023,106307.85,0.5165,35.2,35.2,36.0,26.15,26.15,26.15,-5.4695,-5.5093,-7.276,-3.9058,-15.0568,-15.0568,-16.9444,14.3403,14.3403
20250423,5525,順天,listed,30.0,30.5,30.0,30.2,45341.0,1370840.0,,data/daily_price/20250423.csv,30.11,31.4375,31.6358,32.2275,31.039,1.0033,0.6667,-11.3069,-1.4682,-6.9337,102704.15,0.4415,35.2,35.2,36.0,26.15,26.15,26.15,-3.9364,-4.5386,-6.2912,-2.7031,-14.2045,-14.2045,-16.1111,15.4876,15.4876
20250424,5525,順天,listed,30.5,30.5,29.85,29.95,64172.0,1921205.0,,data/daily_price/20250424.csv,30.06,31.2125,31.6242,32.21,30.9483,-0.8278,-0.8278,-13.0624,-2.2838,-6.5523,102629.0,0.6253,35.2,35.2,36.0,26.15,26.15,26.15,-4.0449,-5.2939,-7.0165,-3.2256,-14.9148,-14.9148,-16.8056,14.5315,14.5315
20250425,5525,順天,listed,30.1,30.4,30.1,30.3,49159.0,1484561.0,,data/daily_price/20250425.csv,30.07,31.01,31.615,32.1962,30.8943,1.1686,0.1653,-11.7904,-1.7828,-5.1643,100430.35,0.4895,35.2,35.2,36.0,26.15,26.15,26.15,-2.2896,-4.1594,-5.8897,-1.9235,-13.9205,-13.9205,-15.8333,15.87,15.87
20250428,5525,順天,listed,30.3,30.9,30.3,30.9,49005.0,1503704.0,,data/daily_price/20250428.csv,30.25,30.82,31.6567,32.1883,30.8947,1.9802,3.0,-10.951,8.8028,-2.9827,95642.45,0.5124,35.2,35.2,36.0,26.15,26.15,26.15,0.2596,-2.3902,-4.0025,0.017,-12.2159,-12.2159,-14.1667,18.1644,18.1644
20250429,5525,順天,listed,30.9,31.5,30.8,31.5,39000.0,1219600.0,,data/daily_price/20250429.csv,30.57,30.65,31.6717,32.1883,30.9452,1.9417,5.3512,-9.7421,2.9412,0.0,93828.5,0.4157,35.2,35.2,36.0,26.15,26.15,26.15,2.7732,-0.542,-2.1385,1.7929,-10.5114,-10.5114,-12.5,20.4589,20.4589
20250430,5525,順天,listed,31.15,31.3,30.75,31.2,67750.0,2102451.0,,data/daily_price/20250430.csv,30.77,30.4925,31.6817,32.1875,30.9664,-0.9524,3.3113,-9.1703,1.9608,-0.3195,89945.3,0.7532,34.1,35.2,36.0,26.15,26.15,26.15,2.3202,-1.5203,-3.068,0.7543,-8.5044,-11.3636,-13.3333,19.3117,19.3117
20250502,5525,順天,listed,31.2,32.8,31.2,32.45,49847.0,1594142.0,,data/daily_price/20250502.csv,31.27,30.435,31.7142,32.1942,31.09,4.0064,8.3472,-3.4226,6.3934,2.5276,85751.95,0.5813,34.1,35.2,36.0,26.15,26.15,26.15,6.6207,2.3202,0.7947,4.3743,-4.8387,-7.8125,-9.8611,24.0918,24.0918
20250505,5525,順天,listed,32.8,33.25,32.05,32.85,134217.0,4385768.0,,data/daily_price/20250505.csv,31.78,30.38,31.7592,32.2079,31.2367,1.2327,8.4158,-3.2401,8.9552,5.2885,89856.9,1.4937,33.9,35.2,36.0,26.15,26.15,26.15,8.1303,3.4347,1.9936,5.1647,-3.0973,-6.6761,-8.75,25.6214,25.6214
20250506,5525,順天,listed,32.95,33.15,32.6,32.95,39108.0,1286842.0,,data/daily_price/20250506.csv,32.19,30.335,31.8058,32.2204,31.3795,0.3044,6.6343,-2.6588,9.2869,4.7695,89405.95,0.4374,33.25,35.2,36.0,26.15,26.15,26.15,8.6204,3.5973,2.2644,5.0049,-0.9023,-6.392,-8.4722,26.0038,26.0038
20250507,5525,順天,listed,32.95,32.95,32.1,32.45,37066.0,1199723.0,,data/daily_price/20250507.csv,32.38,30.4325,31.8408,32.2204,31.4687,-1.5175,3.0159,6.3934,6.9193,0.0,89005.95,0.4164,33.25,35.2,36.0,26.15,26.15,26.15,6.6294,1.9132,0.7125,3.1184,-2.406,-7.8125,-9.8611,24.0918,24.0918
20250508,5525,順天,listed,32.5,32.5,31.95,32.0,48995.0,1571594.0,,data/daily_price/20250508.csv,32.54,30.6275,31.8642,32.2196,31.513,-1.3867,2.5641,13.879,4.5752,-0.3115,71853.8,0.6819,33.25,35.2,36.0,26.15,26.15,26.15,4.4813,0.4263,-0.6815,1.5455,-3.7594,-9.0909,-11.1111,22.3709,22.3709
20250509,5525,順天,listed,32.05,32.3,31.95,32.0,45497.0,1462775.0,,data/daily_price/20250509.csv,32.45,30.915,31.8892,32.2212,31.5536,0.0,-1.3867,21.9048,4.918,0.6289,59223.35,0.7682,33.25,35.2,36.0,28.8,26.15,26.15,3.5096,0.3476,-0.6867,1.4149,-3.7594,-9.0909,-11.1111,22.3709,22.3709
20250512,5525,順天,listed,33.0,33.0,32.0,32.3,28650.0,921707.0,,data/daily_price/20250512.csv,32.34,31.0875,31.9192,32.2267,31.6158,0.9375,-1.6743,11.9584,5.9016,2.0537,57642.1,0.497,33.25,35.2,36.0,29.45,26.15,26.15,3.9003,1.1931,0.2276,2.1643,-2.8571,-8.2386,-10.2778,23.5182,23.5182
20250513,5525,順天,listed,32.05,32.7,32.05,32.3,42358.0,1369762.0,,data/daily_price/20250513.csv,32.21,31.22,31.9508,32.22,31.6728,0.0,-1.9727,8.9376,6.25,-2.4169,53131.6,0.7972,33.25,35.2,36.0,29.45,26.15,26.15,3.4593,1.0928,0.2483,1.9803,-2.8571,-8.2386,-10.2778,23.5182,23.5182
20250514,5525,順天,listed,32.55,33.05,32.55,32.85,75260.0,2473222.0,,data/daily_price/20250514.csv,32.29,31.3275,31.9917,32.2133,31.7709,1.7028,1.2327,7.0033,8.0592,-2.3774,52700.4,1.4281,33.25,35.2,36.0,29.45,26.15,26.15,4.8599,2.683,1.9764,3.3966,-1.203,-6.6761,-8.75,25.6214,25.6214
20250515,5525,順天,listed,33.0,33.0,32.65,32.65,25480.0,834895.0,,data/daily_price/20250515.csv,32.42,31.46,32.0175,32.2004,31.8441,-0.6088,2.0312,8.8333,4.9839,-4.5322,51033.85,0.4993,33.25,35.2,36.0,29.45,26.15,26.15,3.7826,1.9755,1.3962,2.5306,-1.8045,-7.2443,-9.3056,24.8566,24.8566
20250516,5525,順天,listed,32.6,33.0,32.5,33.0,40719.0,1333800.0,,data/daily_price/20250516.csv,32.62,31.6,32.0475,32.1829,31.9405,1.072,3.125,9.2715,5.7692,-5.9829,51407.3,0.7921,33.25,35.2,36.0,29.45,26.15,26.15,4.4304,2.9722,2.5389,3.3172,-0.7519,-6.25,-8.3333,26.195,26.195
20250519,5525,順天,listed,32.65,32.75,32.65,32.7,36000.0,1177100.0,,data/daily_price/20250519.csv,32.7,31.7225,32.065,32.1742,32.0038,-0.9091,1.2384,8.0992,3.3175,-3.1111,51638.8,0.6972,33.25,35.2,35.8,29.45,26.15,26.15,3.0814,1.9804,1.6343,2.1755,-1.6541,-7.1023,-8.6592,25.0478,25.0478
20250520,5525,順天,listed,32.15,33.15,32.15,33.15,44329.0,1450137.0,,data/daily_price/20250520.csv,32.87,31.88,32.0867,32.1796,32.0993,1.3761,2.6316,10.5,4.0816,2.0,50842.9,0.8719,33.25,35.2,35.8,29.7,26.15,26.15,3.9837,3.3139,3.0156,3.2734,-0.3008,-5.8239,-7.4022,26.7686,26.7686
20250522,5525,順天,listed,33.15,33.15,32.85,32.9,22300.0,735050.0,,data/daily_price/20250522.csv,32.88,32.03,32.1058,32.1746,32.166,-0.7541,0.1522,10.0334,3.622,-1.791,49212.65,0.4531,33.25,35.2,35.8,29.85,26.15,26.15,2.7162,2.4736,2.2546,2.2819,-1.0526,-6.5341,-8.1006,25.8126,25.8126
20250523,5525,順天,listed,32.8,32.85,32.7,32.7,31493.0,1032168.0,,data/daily_price/20250523.csv,32.89,32.155,32.1175,32.1721,32.2105,-0.6079,0.1531,8.2781,2.1875,-0.9091,48520.25,0.6491,33.25,35.2,35.8,29.85,26.15,26.15,1.6949,1.8137,1.6409,1.5197,-1.6541,-7.1023,-8.6592,25.0478,25.0478
20250526,5525,順天,listed,32.5,33.1,32.5,33.1,38964.0,1284453.0,,data/daily_price/20250526.csv,32.91,32.3125,32.1308,32.1662,32.2846,1.2232,0.303,10.5175,2.4768,-2.071,47259.85,0.8245,33.25,35.2,35.8,30.1,26.15,26.15,2.4371,3.0163,2.9029,2.5256,-0.4511,-5.9659,-7.5419,26.5774,26.5774
20250527,5525,順天,listed,33.1,33.1,32.55,32.9,33252.0,1088126.0,,data/daily_price/20250527.csv,32.95,32.4425,32.1425,32.1608,32.3359,-0.6042,0.6116,8.5809,2.1739,-1.9374,46464.5,0.7156,33.25,35.2,35.8,30.3,26.15,26.15,1.4102,2.3567,2.2983,1.7445,-1.0526,-6.5341,-8.1006,25.8126,25.8126
20250528,5525,順天,listed,32.9,32.95,32.4,32.7,38296.0,1248008.0,,data/daily_price/20250528.csv,32.86,32.5325,32.1533,32.1504,32.3662,-0.6079,-1.3575,5.8252,2.0281,-3.6819,45929.05,0.8338,33.25,35.2,35.8,30.75,26.15,26.15,0.5149,1.7002,1.7094,1.0312,-1.6541,-7.1023,-8.6592,25.0478,25.0478
20250529,5525,順天,listed,32.9,32.9,32.5,32.75,21000.0,685700.0,,data/daily_price/20250529.csv,32.83,32.595,32.165,32.1371,32.3982,0.1529,-0.4559,3.9683,2.1841,-4.6579,45029.05,0.4664,33.25,35.2,35.8,30.75,26.15,26.15,0.4755,1.8187,1.9072,1.0858,-1.5038,-6.9602,-8.5196,25.239,25.239
20250602,5525,順天,listed,32.5,32.6,31.5,32.25,56269.0,1813176.0,,data/daily_price/20250602.csv,32.74,32.6475,32.1717,32.1125,32.3859,-1.5267,-1.3761,3.3654,1.2559,-8.3807,44455.0,1.2658,33.25,35.2,35.8,31.2,26.15,26.15,-1.2176,0.2435,0.4282,-0.4196,-3.0075,-8.3807,-9.9162,23.327,23.327
20250603,5525,順天,listed,32.25,32.55,31.95,32.2,142307.0,4564031.0,,data/daily_price/20250603.csv,32.56,32.635,32.1833,32.0904,32.3704,-0.155,-2.719,-0.7704,2.2222,-7.604,49078.0,2.8996,33.25,35.2,35.2,31.5,26.15,26.15,-1.3329,0.0518,0.3415,-0.5264,-3.1579,-8.5227,-8.5227,23.1358,23.1358
20250604,5525,順天,listed,32.6,32.9,32.4,32.5,56518.0,1846529.0,,data/daily_price/20250604.csv,32.48,32.6175,32.2,32.0733,32.3812,0.9317,-1.2158,-1.0654,3.1746,-5.9334,45193.05,1.2506,33.15,35.2,35.2,31.5,26.15,26.15,-0.3602,0.9317,1.3303,0.3669,-1.9608,-7.6705,-7.6705,24.283,24.283
20250605,5525,順天,listed,32.5,32.6,32.45,32.55,39091.0,1270106.0,,data/daily_price/20250605.csv,32.45,32.5975,32.2042,32.0604,32.3953,0.1538,-0.4587,-1.214,0.774,-4.5455,45192.2,0.865,33.15,35.2,35.2,31.5,26.15,26.15,-0.1457,1.0739,1.5271,0.4777,-1.81,-7.5284,-7.5284,24.4742,24.4742
20250606,5525,順天,listed,32.55,32.6,32.45,32.55,52022.0,1690454.0,,data/daily_price/20250606.csv,32.41,32.6025,32.195,32.0462,32.4082,0.0,-0.6107,0.3082,-1.6616,-4.9635,45940.0,1.1324,33.15,35.2,35.2,31.5,26.15,26.15,-0.161,1.1027,1.5719,0.4377,-1.81,-7.5284,-7.5284,24.4742,24.4742
20250609,5525,順天,listed,32.6,33.0,32.5,32.95,27694.0,905488.0,,data/daily_price/20250609.csv,32.55,32.65,32.1967,32.0342,32.4533,1.2289,2.1705,2.9688,0.3044,-4.2151,44874.95,0.6171,33.15,35.2,35.2,31.5,26.15,26.15,0.9188,2.3398,2.8589,1.5305,-0.6033,-6.392,-6.392,26.0038,26.0038
20250610,5525,順天,listed,32.9,33.25,32.6,33.05,74641.0,2464334.0,,data/daily_price/20250610.csv,32.72,32.7025,32.2042,32.0204,32.503,0.3035,2.6398,3.2812,1.3804,-4.755,46332.15,1.611,33.25,35.2,35.2,31.5,26.15,26.15,1.0626,2.6265,3.2154,1.6828,-0.6015,-6.108,-6.108,26.3862,26.3862
20250611,5525,順天,listed,32.8,32.8,32.7,32.8,63683.0,2087656.0,,data/daily_price/20250611.csv,32.78,32.7275,32.2008,32.0054,32.5278,-0.7564,0.9231,1.548,-0.6061,-5.2023,48083.8,1.3244,33.25,35.2,35.2,31.5,26.15,26.15,0.2215,1.8607,2.4827,0.8369,-1.3534,-6.8182,-6.8182,25.4302,25.4302
20250612,5525,順天,listed,32.65,32.85,32.6,32.8,70558.0,2307257.0,,data/daily_price/20250612.csv,32.83,32.7525,32.1908,31.9921,32.5505,0.0,0.768,1.548,-1.7964,-4.6512,49493.8,1.4256,33.25,35.2,35.2,31.5,26.15,26.15,0.145,1.8924,2.5254,0.7666,-1.3534,-6.8182,-6.8182,25.4302,25.4302
20250613,5525,順天,listed,32.6,32.65,32.3,32.3,60000.0,1953800.0,,data/daily_price/20250613.csv,32.78,32.725,32.1775,31.9717,32.5296,-1.5244,-0.768,-1.6743,-2.4169,-7.0504,48730.8,1.2313,33.25,35.2,35.2,31.5,26.15,26.15,-1.2987,0.3807,1.027,-0.7058,-2.8571,-8.2386,-8.2386,23.5182,23.5182
20250616,5525,順天,listed,32.3,32.9,32.3,32.75,94830.0,3097441.0,,data/daily_price/20250616.csv,32.74,32.73,32.1667,31.9579,32.548,1.3932,-0.607,0.3063,-1.9461,-4.7965,52198.3,1.8167,33.25,35.2,35.2,31.5,26.15,26.15,0.0611,1.8135,2.4785,0.6208,-1.5038,-6.9602,-6.9602,25.239,25.239
20250617,5525,順天,listed,32.6,33.0,32.6,32.95,53260.0,1748267.0,,data/daily_price/20250617.csv,32.72,32.7275,32.16,31.9467,32.5815,0.6107,-0.3026,-0.1515,-1.1994,-3.9359,52825.35,1.0082,33.25,35.2,35.2,31.5,26.15,26.15,0.6799,2.4565,3.1407,1.1311,-0.9023,-6.392,-6.392,26.0038,26.0038
20250618,5525,順天,listed,32.75,33.2,32.75,33.05,68693.0,2266017.0,,data/daily_price/20250618.csv,32.77,32.745,32.1517,31.9471,32.6205,0.3035,0.7622,1.0703,-1.4903,0.1515,54460.0,1.2613,33.25,35.2,35.2,31.5,26.15,26.15,0.9314,2.794,3.4523,1.3166,-0.6015,-6.108,-6.108,26.3862,26.3862
20250619,5525,順天,listed,33.05,33.05,32.1,32.2,126936.0,4123631.0,,data/daily_price/20250619.csv,32.65,32.6975,32.1333,31.9404,32.5855,-2.5719,-1.8293,-2.8658,-3.3033,-2.4242,58590.35,2.1665,33.25,35.2,35.2,31.5,26.15,26.15,-1.5215,0.2075,0.8127,-1.1829,-3.1579,-8.5227,-8.5227,23.1358,23.1358
20250620,5525,順天,listed,32.3,32.9,32.0,32.8,75039.0,2420463.0,,data/daily_price/20250620.csv,32.75,32.6925,32.1175,31.9388,32.6033,1.8634,1.548,-0.304,-2.8148,-0.6061,61227.3,1.2256,33.25,35.2,35.2,31.5,26.15,26.15,0.3288,2.125,2.6966,0.6032,-1.3534,-6.8182,-6.8182,25.4302,25.4302
20250623,5525,順天,listed,31.1,32.25,31.1,32.25,54525.0,1727326.0,,data/daily_price/20250623.csv,32.65,32.67,32.0875,31.9325,32.5739,-1.6768,-1.5267,-1.3761,-5.2863,-2.2727,62378.9,0.8741,33.25,35.2,35.2,31.1,26.15,26.15,-1.2856,0.5064,0.9943,-0.9943,-3.0075,-8.3807,-8.3807,23.327,23.327
20250624,5525,順天,listed,32.3,33.0,32.3,33.0,55219.0,1810174.0,,data/daily_price/20250624.csv,32.66,32.665,32.0633,31.9321,32.6094,2.3256,0.1517,-0.3021,-4.209,-0.1513,63191.65,0.8738,33.25,35.2,35.2,31.1,26.15,26.15,1.0256,2.9213,3.3443,1.1978,-0.7519,-6.25,-6.25,26.195,26.195
20250625,5525,順天,listed,32.9,33.0,32.6,32.9,26743.0,875888.0,,data/daily_price/20250625.csv,32.63,32.665,32.0392,31.9333,32.6336,-0.303,-0.4539,0.0,-4.2213,0.458,62866.2,0.4254,33.25,35.2,35.2,31.1,26.15,26.15,0.7194,2.6868,3.0271,0.8163,-1.0526,-6.5341,-6.5341,25.8126,25.8126
20250626,5525,順天,listed,32.9,33.45,32.85,33.15,66613.0,2207293.0,,data/daily_price/20250626.csv,32.82,32.6875,32.0133,31.9412,32.6767,0.7599,2.9503,1.3761,-4.4669,2.9503,64282.05,1.0363,33.45,35.2,35.2,31.1,26.15,26.15,1.4149,3.5506,3.7843,1.4486,-0.8969,-5.8239,-5.8239,26.7686,26.7686
20250627,5525,順天,listed,33.35,33.35,32.6,32.9,45830.0,1516426.0,,data/daily_price/20250627.csv,32.84,32.695,31.98,31.9529,32.6953,-0.7541,0.3049,0.458,-5.7307,4.4444,65523.55,0.6994,33.45,35.2,35.2,31.1,26.15,26.15,0.627,2.8768,2.964,0.6262,-1.6442,-6.5341,-6.5341,25.8126,25.8126
20250630,5525,順天,listed,32.7,32.7,32.3,32.7,37000.0,1204350.0,,data/daily_price/20250630.csv,32.93,32.7175,31.9525,31.9583,32.6957,-0.6079,1.3953,1.3953,-4.8035,2.0281,64560.1,0.5731,33.45,34.1,35.2,31.1,26.15,26.15,-0.0535,2.3394,2.3207,0.0133,-2.2422,-4.1056,-7.1023,25.0478,25.0478
20250701,5525,順天,listed,32.7,33.75,32.65,33.15,69000.0,2290150.0,,data/daily_price/20250701.csv,32.96,32.765,31.945,31.9675,32.7335,1.3761,0.4545,2.9503,-1.3393,3.4321,60894.75,1.1331,33.75,34.1,35.2,31.1,26.15,26.15,1.175,3.7721,3.6991,1.2723,-1.7778,-2.7859,-5.8239,26.7686,26.7686
20250702,5525,順天,listed,33.0,33.0,32.85,32.85,26625.0,876643.0,,data/daily_price/20250702.csv,32.95,32.7825,31.9267,31.9721,32.7432,-0.905,-0.152,1.0769,-3.2401,1.7028,59400.1,0.4482,33.75,33.9,35.2,31.1,26.15,26.15,0.2059,2.892,2.7459,0.3261,-2.6667,-3.0973,-6.6761,25.6214,25.6214
20250703,5525,順天,listed,33.05,33.05,32.85,33.05,21211.0,698375.0,,data/daily_price/20250703.csv,32.93,32.8075,31.9133,31.9771,32.7688,0.6088,-0.3017,1.5361,-2.3634,1.849,58506.1,0.3625,33.75,33.75,35.2,31.1,26.15,26.15,0.7392,3.5617,3.3553,0.8582,-2.0741,-2.0741,-6.108,26.3862,26.3862
20250704,5525,順天,listed,32.9,33.05,32.9,33.0,13053.0,430393.0,,data/daily_price/20250704.csv,32.95,32.83,31.955,31.9833,32.7881,-0.1513,0.304,1.3825,8.1967,2.3256,56557.65,0.2308,33.75,33.75,35.2,31.1,26.15,26.15,0.5178,3.2702,3.1787,0.6464,-2.2222,-2.2222,-6.25,26.195,26.195
20250707,5525,順天,listed,33.0,33.0,32.5,32.75,14000.0,457750.0,,data/daily_price/20250707.csv,32.96,32.82,32.0325,31.9867,32.7849,-0.7576,0.1529,-0.607,16.548,1.2365,55872.95,0.2506,33.75,33.75,35.2,31.1,26.15,26.15,-0.2133,2.2399,2.3864,-0.1064,-2.963,-2.963,-6.9602,25.239,25.239
20250708,5525,順天,listed,32.3,32.65,32.3,32.65,28650.0,929462.0,,data/daily_price/20250708.csv,32.86,32.8,32.1392,31.9921,32.7736,-0.3053,-1.5083,-1.2103,24.381,2.0312,53573.4,0.5348,33.75,33.75,35.2,31.1,28.8,26.15,-0.4573,1.5894,2.0565,-0.3773,-3.2593,-3.2593,-7.2443,13.3681,24.8566
20250709,5525,順天,listed,32.8,32.95,32.6,32.75,56580.0,1848398.0,,data/daily_price/20250709.csv,32.84,32.7975,32.2042,31.9983,32.7717,0.3063,-0.3044,-0.1524,13.5182,2.3438,53218.25,1.0632,33.75,33.75,35.2,31.1,29.45,26.15,-0.1448,1.6949,2.3491,-0.0661,-2.963,-2.963,-6.9602,11.2054,25.239
20250710,5525,順天,listed,32.5,32.85,32.5,32.85,11133.0,363577.0,,data/daily_price/20250710.csv,32.8,32.8,32.2575,32.0067,32.7782,0.3053,-0.6051,0.1524,10.7926,3.1397,50247.0,0.2216,33.75,33.75,35.2,31.1,29.45,26.15,0.1524,1.8368,2.6349,0.219,-2.6667,-2.6667,-6.6761,11.545,25.6214
20250711,5525,順天,listed,32.9,32.95,32.75,32.95,22457.0,737184.0,,data/daily_price/20250711.csv,32.79,32.8325,32.295,32.015,32.7925,0.3044,-0.1515,2.0124,7.329,3.1299,48369.85,0.4643,33.75,33.75,35.2,31.1,29.45,26.15,0.3579,2.0282,2.9205,0.4802,-2.3704,-2.3704,-6.392,11.8846,26.0038
20250714,5525,順天,listed,32.9,32.9,32.15,32.55,61240.0,1979428.0,,data/daily_price/20250714.csv,32.75,32.8225,32.3375,32.0212,32.7723,-1.214,-0.6107,-0.6107,8.5,2.3585,46690.35,1.3116,33.75,33.75,35.2,31.1,29.45,26.15,-0.8302,0.6571,1.6512,-0.6783,-3.5556,-3.5556,-7.5284,10.5263,24.4742
20250715,5525,順天,listed,32.2,32.3,32.0,32.3,47998.0,1543500.0,,data/daily_price/20250715.csv,32.68,32.79,32.3725,32.0258,32.733,-0.768,-1.072,-1.9727,6.9536,1.7323,46427.25,1.0338,33.75,33.75,35.2,31.1,29.45,26.15,-1.4944,-0.224,0.8561,-1.3227,-4.2963,-4.2963,-8.2386,9.6774,23.5182
20250716,5525,順天,listed,31.85,32.9,31.85,32.6,39008.0,1268509.0,,data/daily_price/20250716.csv,32.65,32.7675,32.4117,32.0358,32.7219,0.9288,-0.458,-1.3616,7.7686,3.8217,44943.0,0.8679,33.75,33.75,35.2,31.1,29.45,26.15,-0.5112,0.5811,1.761,-0.3724,-3.4074,-3.4074,-7.3864,10.6961,24.6654
20250717,5525,順天,listed,32.8,32.8,32.4,32.4,56096.0,1832860.0,,data/daily_price/20250717.csv,32.56,32.7775,32.4517,32.0508,32.695,-0.6135,-1.3699,0.6211,8.0,5.8824,41401.0,1.3549,33.75,33.75,35.2,31.1,29.7,26.15,-1.1517,-0.1592,1.0894,-0.9024,-4.0,-4.0,-7.9545,9.0909,23.9006
20250718,5525,順天,listed,32.7,32.7,32.5,32.6,23060.0,751000.0,,data/daily_price/20250718.csv,32.49,32.7675,32.4967,32.07,32.6871,0.6173,-1.0622,-0.6098,9.0301,7.5908,38802.05,0.5943,33.75,33.75,35.2,31.1,29.85,26.15,-0.5112,0.318,1.6526,-0.2666,-3.4074,-3.4074,-7.3864,9.2127,24.6654
20250721,5525,順天,listed,32.6,32.6,32.2,32.5,34170.0,1106810.0,,data/daily_price/20250721.csv,32.48,32.78,32.535,32.0854,32.6715,-0.3067,-0.1536,0.7752,7.6159,6.0359,37784.3,0.9043,33.75,33.75,35.2,31.85,29.85,26.15,-0.8542,-0.1076,1.2921,-0.525,-3.7037,-3.7037,-7.6705,8.8777,24.283
20250722,5525,順天,listed,32.15,32.4,31.2,31.7,2077716.0,65875662.0,,data/daily_price/20250722.csv,32.36,32.715,32.5642,32.0942,32.5906,-2.4615,-1.8576,-3.9394,5.8431,3.4258,138909.15,14.9574,33.75,33.75,35.2,31.2,30.1,26.15,-3.1026,-2.6537,-1.2282,-2.7326,-6.0741,-6.0741,-9.9432,5.3156,21.2237
20250723,5525,順天,listed,31.7,32.25,31.6,32.0,48894.0,1559015.0,,data/daily_price/20250723.csv,32.24,32.67,32.5925,32.1038,32.5414,0.9464,-1.8405,-2.7356,5.6106,3.7277,140016.7,0.3492,33.75,33.75,35.2,31.2,30.3,26.15,-2.0508,-1.8179,-0.3232,-1.6636,-5.1852,-5.1852,-9.0909,5.6106,22.3709
20250724,5525,順天,listed,31.7,32.0,31.5,31.75,41179.0,1304408.0,,data/daily_price/20250724.csv,32.11,32.6,32.6067,32.1317,32.4754,-0.7812,-2.0062,-4.2232,2.7508,11.7958,138745.0,0.2968,33.75,33.75,35.2,31.2,30.75,26.15,-2.6074,-2.6273,-1.1878,-2.2337,-5.9259,-5.9259,-9.8011,3.252,21.4149
20250725,5525,順天,listed,32.0,32.1,31.75,31.8,14200.0,454110.0,,data/daily_price/20250725.csv,31.95,32.545,32.6117,32.1417,32.4191,0.1575,-2.454,-3.3435,0.9524,3.9216,137163.5,0.1035,33.75,33.75,35.2,31.2,30.75,26.15,-2.2891,-2.4889,-1.063,-1.9098,-5.7778,-5.7778,-9.6591,3.4146,21.6061
20250728,5525,順天,listed,31.7,31.85,31.65,31.8,18243.0,579364.0,,data/daily_price/20250728.csv,31.81,32.5,32.6217,32.1517,32.3675,0.0,-2.1538,-2.7523,1.9231,3.9216,136225.65,0.1339,33.75,33.75,35.2,31.2,31.1,26.15,-2.1538,-2.5188,-1.0938,-1.7534,-5.7778,-5.7778,-9.6591,2.2508,21.6061
20250729,5525,順天,listed,31.95,31.95,31.35,31.5,19130.0,604933.0,,data/daily_price/20250729.csv,31.77,32.4175,32.6058,32.16,32.2952,-0.9434,-0.6309,-4.9774,-2.9276,3.2787,133732.15,0.143,33.05,33.75,35.2,31.2,31.1,26.15,-2.8303,-3.3915,-2.0522,-2.4624,-4.6899,-6.6667,-10.5114,1.2862,20.4589
20250730,5525,順天,listed,31.4,31.75,31.15,31.45,23971.0,755297.0,,data/daily_price/20250730.csv,31.66,32.3475,32.5825,32.1708,32.2248,-0.1587,-1.7188,-4.2618,-4.2618,4.3118,133599.45,0.1794,33.05,33.75,35.2,31.15,31.1,26.15,-2.7746,-3.4758,-2.2406,-2.4044,-4.8411,-6.8148,-10.6534,1.1254,20.2677
20250731,5525,順天,listed,31.4,31.6,31.2,31.5,38435.0,1208786.0,,data/daily_price/20250731.csv,31.61,32.27,32.5583,32.1821,32.1644,0.159,-0.7874,-4.6899,-4.4006,4.4776,134460.65,0.2858,33.05,33.75,35.2,31.15,31.1,26.15,-2.3861,-3.2506,-2.1195,-2.0656,-4.6899,-6.6667,-10.5114,1.2862,20.4589
20250801,5525,順天,listed,31.1,31.35,30.9,31.25,65423.0,2032255.0,,data/daily_price/20250801.csv,31.5,32.1825,32.5383,32.1896,32.0882,-0.7937,-1.7296,-5.303,-3.698,2.9654,137079.15,0.4773,33.0,33.75,35.2,30.9,30.9,26.15,-2.8975,-3.9594,-2.9189,-2.6122,-5.303,-7.4074,-11.2216,1.1327,19.5029
20250804,5525,順天,listed,30.45,31.5,30.45,31.4,21830.0,680298.0,,data/daily_price/20250804.csv,31.42,32.115,32.5283,32.1962,32.0309,0.48,-1.2579,-4.1221,-1.875,2.6144,137470.65,0.1588,32.95,33.75,35.2,30.45,30.45,26.15,-2.2264,-3.4688,-2.4731,-1.9695,-4.7041,-6.963,-10.7955,3.1199,20.0765
20250805,5525,順天,listed,31.1,31.5,31.1,31.35,37220.0,1162934.0,,data/daily_price/20250805.csv,31.39,32.05,32.5175,32.2033,31.9741,-0.1592,-0.4762,-3.9816,-2.0312,2.7869,137899.15,0.2699,32.95,33.75,35.2,30.45,30.45,26.15,-2.1841,-3.5904,-2.6498,-1.9519,-4.8558,-7.1111,-10.9375,2.9557,19.8853
20250806,5525,順天,listed,31.35,31.5,31.3,31.5,22890.0,718405.0,,data/daily_price/20250806.csv,31.4,31.9875,32.5042,32.2117,31.9346,0.4785,0.159,-3.8168,-2.4768,3.2787,136214.65,0.168,32.95,33.75,35.2,30.45,30.45,26.15,-1.524,-3.0893,-2.2093,-1.3609,-4.4006,-6.6667,-10.5114,3.4483,20.4589
20250807,5525,順天,listed,31.0,31.4,31.0,31.3,47559.0,1483136.0,,data/daily_price/20250807.csv,31.36,31.91,32.4875,32.2192,31.8817,-0.6349,-0.6349,-4.7184,-3.096,2.9605,138035.95,0.3445,32.95,33.75,35.2,30.45,30.45,26.15,-1.9116,-3.6553,-2.8529,-1.8246,-5.0076,-7.2593,-11.0795,2.7915,19.6941
20250808,5525,順天,listed,30.85,31.3,30.85,31.3,33129.0,1031238.0,,data/daily_price/20250808.csv,31.37,31.8275,32.4617,32.2267,31.8332,0.0,0.16,-5.0076,-4.7184,2.9605,138569.55,0.2391,32.9,33.75,35.2,30.45,30.45,26.15,-1.6574,-3.5786,-2.8755,-1.6751,-4.8632,-7.2593,-11.0795,2.7915,19.6941
20250811,5525,順天,listed,31.0,31.3,30.9,31.25,35001.0,1089281.0,,data/daily_price/20250811.csv,31.34,31.7625,32.4383,32.2279,31.7846,-0.1597,-0.4777,-3.9939,-4.2879,0.4823,137257.6,0.255,32.9,33.75,35.2,30.45,30.45,26.15,-1.6135,-3.6634,-3.0344,-1.6821,-5.0152,-7.4074,-11.2216,2.6273,19.5029
20250812,5525,順天,listed,31.25,31.4,31.0,31.3,44592.0,1388470.0,,data/daily_price/20250812.csv,31.33,31.7125,32.41,32.2288,31.7443,0.16,-0.1595,-3.096,-5.1515,0.3205,137087.3,0.3253,32.9,33.75,35.2,30.45,30.45,26.15,-1.3007,-3.4249,-2.8817,-1.3995,-4.8632,-7.2593,-11.0795,2.7915,19.6941
20250813,5525,順天,listed,31.35,31.4,31.05,31.3,32545.0,1014506.0,,data/daily_price/20250813.csv,31.29,31.6475,32.3867,32.2258,31.7072,0.0,-0.6349,-3.9877,-4.2813,-1.1058,136764.15,0.238,32.8,33.75,35.2,30.45,30.45,26.15,-1.098,-3.3553,-2.873,-1.2844,-4.5732,-7.2593,-11.0795,2.7915,19.6941
20250814,5525,順天,listed,31.3,31.4,31.1,31.35,22538.0,704841.0,,data/daily_price/20250814.csv,31.3,31.595,32.3567,32.2217,31.6775,0.1597,0.1597,-3.2407,-5.4299,-1.5699,135086.25,0.1668,32.7,33.75,35.2,30.45,30.45,26.15,-0.7754,-3.1112,-2.7052,-1.0337,-4.1284,-7.1111,-10.9375,2.9557,19.8853
20250815,5525,順天,listed,31.4,31.45,31.1,31.35,25085.0,785425.0,,data/daily_price/20250815.csv,31.31,31.5325,32.3308,32.2183,31.6502,0.0,0.1597,-3.8344,-4.7112,-1.2598,135187.5,0.1856,32.6,33.75,35.2,30.45,30.45,26.15,-0.5788,-3.0337,-2.6952,-0.9484,-3.8344,-7.1111,-10.9375,2.9557,19.8853
20250818,5525,順天,listed,31.35,31.35,31.15,31.35,17874.0,559037.0,,data/daily_price/20250818.csv,31.33,31.475,32.3083,32.2129,31.6252,0.0,0.32,-3.5385,-4.1284,-2.0312,134372.7,0.133,32.4,33.75,35.2,30.45,30.45,26.15,-0.3971,-2.9662,-2.6788,-0.8701,-3.2407,-7.1111,-10.9375,2.9557,19.8853
20250819,5525,順天,listed,31.1,31.15,30.7,31.15,79251.0,2454717.0,,data/daily_price/20250819.csv,31.3,31.4475,32.2758,32.2033,31.5856,-0.638,-0.4792,-1.735,-5.8912,-3.5604,34449.45,2.3005,32.25,33.75,35.2,30.45,30.45,26.15,-0.946,-3.4882,-3.2709,-1.379,-3.4109,-7.7037,-11.5057,2.2989,19.1205
20250820,5525,順天,listed,31.15,31.15,30.85,31.0,30825.0,953539.0,,data/daily_price/20250820.csv,31.24,31.3975,32.2442,32.1933,31.5368,-0.4815,-0.9585,-3.125,-5.7751,-3.7267,33546.0,0.9189,32.1,33.75,35.2,30.45,30.45,26.15,-1.266,-3.8586,-3.7068,-1.702,-3.4268,-8.1481,-11.9318,1.8062,18.5468
20250821,5525,順天,listed,31.0,31.25,30.9,31.1,56992.0,1770120.0,,data/daily_price/20250821.csv,31.19,31.365,32.2175,32.1854,31.5004,0.3226,-0.7974,-2.0472,-4.893,-2.9641,34336.65,1.6598,32.1,33.75,35.2,30.45,30.45,26.15,-0.8449,-3.4686,-3.3724,-1.271,-3.1153,-7.8519,-11.6477,2.1346,18.9293
20250822,5525,順天,listed,30.5,31.1,30.5,30.9,42895.0,1325738.0,,data/daily_price/20250822.csv,31.1,31.32,32.1867,32.1758,31.4503,-0.6431,-1.4354,-2.8302,-5.6489,-3.5881,35771.4,1.1991,31.95,33.75,35.2,30.45,30.45,26.15,-1.341,-3.9975,-3.9652,-1.7499,-3.2864,-8.4444,-12.2159,1.4778,18.1644
20250825,5525,順天,listed,31.0,31.3,30.9,31.0,52016.0,1609747.0,,data/daily_price/20250825.csv,31.03,31.28,32.1658,32.1688,31.4128,0.3236,-1.1164,-2.5157,-3.876,-2.6688,37460.05,1.3886,31.95,33.75,35.2,30.45,30.45,26.15,-0.8951,-3.6244,-3.6332,-1.3141,-2.9734,-8.1481,-11.9318,1.8062,18.5468
20250826,5525,順天,listed,30.75,31.05,30.75,30.8,44966.0,1388562.0,,data/daily_price/20250826.csv,30.96,31.245,32.1425,32.1629,31.3617,-0.6452,-1.1236,-2.2222,-4.3478,-2.2222,38751.85,1.1604,31.75,33.75,35.2,30.45,30.45,26.15,-1.4242,-4.1767,-4.2375,-1.7912,-2.9921,-8.7407,-12.5,1.1494,17.782
20250827,5525,順天,listed,30.05,31.5,30.05,31.3,130594.0,4049625.0,,data/daily_price/20250827.csv,31.02,31.2375,32.1225,32.1612,31.3566,1.6234,0.9677,-0.4769,-3.6923,-0.6349,44083.0,2.9625,31.6,33.75,35.2,30.05,30.05,26.15,0.2001,-2.5605,-2.6779,-0.1805,-0.9494,-7.2593,-11.0795,4.1597,19.6941
20250828,5525,順天,listed,29.55,29.55,29.2,29.3,74911.0,2198766.0,,data/daily_price/20250828.csv,30.66,31.1275,32.0683,32.1363,31.1852,-6.3898,-5.7878,-6.9841,-9.9846,-9.2879,45906.8,1.6318,31.5,33.75,35.2,29.2,29.2,26.15,-5.871,-8.6326,-8.8257,-6.0452,-6.9841,-13.1852,-16.7614,0.3425,12.0459
20250829,5525,順天,listed,29.05,29.5,28.95,29.1,61545.0,1788757.0,,data/daily_price/20250829.csv,30.3,31.02,32.0108,32.1029,31.0114,-0.6826,-5.8252,-6.88,-10.5991,-12.0846,45712.9,1.3463,31.5,33.75,35.2,28.95,28.95,26.15,-6.1896,-9.0933,-9.354,-6.1637,-7.619,-13.7778,-17.3295,0.5181,11.2811
20250901,5525,順天,listed,29.1,29.3,28.9,29.1,40603.0,1177918.0,,data/daily_price/20250901.csv,29.92,30.905,31.9467,32.0717,30.8522,0.0,-6.129,-7.3248,-11.6844,-11.4155,46651.55,0.8703,31.5,33.75,35.2,28.9,28.9,26.15,-5.8405,-8.9107,-9.2657,-5.6792,-7.619,-13.7778,-17.3295,0.692,11.2811
20250902,5525,順天,listed,29.1,29.15,29.0,29.1,23280.0,677220.0,,data/daily_price/20250902.csv,29.58,30.7925,31.8808,32.0425,30.7061,0.0,-5.5195,-7.177,-11.9516,-10.7362,45954.55,0.5066,31.5,33.75,35.2,28.9,28.9,26.15,-5.4965,-8.7226,-9.1831,-5.2307,-7.619,-13.7778,-17.3295,0.692,11.2811
20250903,5525,順天,listed,29.1,29.3,29.0,29.3,25280.0,735988.0,,data/daily_price/20250903.csv,29.18,30.6825,31.8225,32.0117,30.589,0.6873,-6.3898,-6.9841,-10.6707,-11.2121,46074.05,0.5487,31.5,33.75,35.2,28.9,28.9,26.15,-4.5058,-7.9268,-8.4709,-4.2138,-6.9841,-13.1852,-16.7614,1.3841,12.0459
20250904,5525,順天,listed,29.3,31.7,29.2,30.9,190090.0,5767193.0,,data/daily_price/20250904.csv,29.5,30.6625,31.7908,31.9908,30.6149,5.4608,5.4608,-1.278,-5.7927,-7.485,53200.6,3.5731,31.7,33.75,35.2,28.9,28.9,26.15,0.7746,-2.8022,-3.4098,0.9313,-2.5237,-8.4444,-12.2159,6.9204,18.1644
20250905,5525,順天,listed,31.25,31.25,30.3,30.7,53088.0,1633989.0,,data/daily_price/20250905.csv,29.82,30.6325,31.7642,31.9708,30.622,-0.6472,5.4983,-1.9169,-4.9536,-7.2508,54198.55,0.9795,31.7,33.75,35.2,28.9,28.9,26.15,0.2204,-3.3502,-3.975,0.2548,-3.1546,-9.037,-12.7841,6.2284,17.3996
20250909,5525,順天,listed,30.3,31.0,30.3,30.8,48808.0,1499058.0,,data/daily_price/20250909.csv,30.16,30.61,31.7317,31.9492,30.6368,0.3257,5.8419,-1.44,-5.9542,-7.7844,54888.9,0.8892,31.7,33.75,35.2,28.9,28.9,26.15,0.6207,-2.9361,-3.5969,0.5326,-2.8391,-8.7407,-12.5,6.5744,17.782
20250910,5525,順天,listed,30.8,30.95,30.45,30.8,47998.0,1477545.0,,data/daily_price/20250910.csv,30.5,30.585,31.6958,31.9279,30.6504,0.0,5.8419,-1.5974,-6.525,-7.6462,55059.2,0.8718,31.7,33.75,35.2,28.9,28.9,26.15,0.703,-2.8263,-3.5327,0.488,-2.8391,-8.7407,-12.5,6.5744,17.782
20250911,5525,順天,listed,30.05,31.0,30.05,30.8,38672.0,1182135.0,,data/daily_price/20250911.csv,30.8,30.56,31.6583,31.905,30.6629,0.0,5.1195,-1.5974,-6.8079,-8.1967,55365.55,0.6985,31.7,33.75,35.2,28.9,28.9,26.15,0.7853,-2.7112,-3.4634,0.4472,-2.8391,-8.7407,-12.5,6.5744,17.782
20250917,5525,順天,listed,30.5,30.55,30.25,30.25,62850.0,1908569.0,,data/daily_price/20250917.csv,30.67,30.505,31.6258,31.8796,30.6285,-1.7857,-2.1036,-3.5088,-6.0559,-9.1592,57381.15,1.0953,31.7,33.75,35.2,28.9,28.9,26.15,-0.8359,-4.3503,-5.1117,-1.2357,-4.5741,-10.3704,-14.0625,4.6713,15.6788
20250918,5525,順天,listed,30.25,30.5,30.15,30.3,53074.0,1604891.0,,data/daily_price/20250918.csv,30.59,30.4525,31.5842,31.8508,30.6011,0.1653,-1.3029,-3.3493,-7.622,-10.2222,58780.6,0.9029,31.7,33.75,35.2,28.9,28.9,26.15,-0.5008,-4.0659,-4.8691,-0.984,-4.4164,-10.2222,-13.9205,4.8443,15.87
20250919,5525,順天,listed,30.25,30.25,28.35,28.35,697831.0,19899074.0,,data/daily_price/20250919.csv,30.1,30.3025,31.5192,31.8033,30.4135,-6.4356,-7.9545,-9.5694,-12.093,-16.7401,92778.45,7.5215,31.7,33.75,35.2,28.35,28.35,26.15,-6.4434,-10.0547,-10.8584,-6.7848,-10.5678,-16.0,-19.4602,0.0,8.413
20250922,5525,順天,listed,28.6,29.0,28.45,28.85,264900.0,7609731.0,,data/daily_price/20250922.csv,29.71,30.1875,31.45,31.7567,30.2832,1.7637,-6.3312,-7.3836,-12.5758,-16.2554,102060.9,2.5955,31.7,33.75,35.2,28.35,28.35,26.15,-4.4306,-8.2671,-9.1529,-4.7327,-8.9905,-14.5185,-18.0398,1.7637,10.325
20250923,5525,順天,listed,29.0,29.0,28.5,28.85,75100.0,2156010.0,,data/daily_price/20250923.csv,29.32,30.08,31.3825,31.7108,30.1638,0.0,-6.3312,-6.9355,-12.31,-16.0116,104274.65,0.7202,31.7,33.75,35.2,28.35,28.35,26.15,-4.0891,-8.0698,-9.0216,-4.3555,-8.9905,-14.5185,-18.0398,1.7637,10.325
20250924,5525,順天,listed,28.8,28.85,28.7,28.85,57533.0,1657301.0,,data/daily_price/20250924.csv,29.04,29.9675,31.3108,31.6621,30.0543,0.0,-4.6281,-7.2347,-12.9713,-16.8588,104301.7,0.5516,31.7,33.75,35.2,28.35,28.35,26.15,-3.729,-7.8594,-8.8815,-4.0071,-8.9905,-14.5185,-18.0398,1.7637,10.325
20250925,5525,順天,listed,28.85,28.95,28.6,28.75,45628.0,1312367.0,,data/daily_price/20250925.csv,28.73,29.86,31.2417,31.6108,29.9456,-0.3466,-5.1155,-6.9579,-12.614,-17.6218,104438.35,0.4369,31.7,33.75,35.2,28.35,28.35,26.15,-3.7173,-7.9755,-9.0502,-3.9926,-9.306,-14.8148,-18.3239,1.4109,9.9426
20250926,5525,順天,listed,28.8,28.8,28.3,28.55,49440.0,1406654.0,,data/daily_price/20250926.csv,28.77,29.7375,31.1725,31.5625,29.8293,-0.6957,0.7055,-7.9032,-12.6911,-16.885,104309.55,0.474,31.7,33.75,34.1,28.3,28.3,26.15,-3.9933,-8.4129,-9.5446,-4.2888,-9.9369,-15.4074,-16.2757,0.8834,9.1778
20250930,5525,順天,listed,28.5,28.5,28.25,28.4,69582.0,1973119.0,,data/daily_price/20250930.csv,28.68,29.6175,31.0933,31.5192,29.7102,-0.5254,-1.5598,-7.7922,-14.3288,-15.4762,105540.35,0.6593,31.7,33.05,34.1,28.25,28.25,26.15,-4.1107,-8.6621,-9.8961,-4.4099,-10.4101,-14.0696,-16.7155,0.531,8.6042
20251001,5525,順天,listed,28.4,28.5,28.2,28.5,24739.0,702231.0,,data/daily_price/20251001.csv,28.61,29.4775,31.0208,31.4738,29.6093,0.3521,-1.2132,-8.9457,-13.242,-16.053,100247.6,0.2468,31.7,33.05,33.9,28.2,28.2,26.15,-3.3161,-8.1263,-9.4483,-3.7466,-10.0946,-13.767,-15.9292,1.0638,8.9866
20251002,5525,順天,listed,28.15,28.4,28.15,28.35,24025.0,678466.0,,data/daily_price/20251002.csv,28.51,29.43,30.9425,31.4279,29.5044,-0.5263,-1.7331,-3.2423,-14.2209,-16.2482,97703.3,0.2459,31.7,33.05,33.75,28.15,28.15,26.15,-3.6697,-8.3784,-9.7936,-3.9126,-10.5678,-14.2209,-16.0,0.7105,8.413
20251003,5525,順天,listed,28.35,28.6,28.3,28.6,45725.0,1303148.0,,data/daily_price/20251003.csv,28.48,29.405,30.8692,31.4121,29.429,0.8818,-0.5217,-1.7182,-13.3333,-6.2295,96912.3,0.4718,31.7,33.0,33.75,28.15,28.15,26.15,-2.7376,-7.3509,-8.9522,-2.8171,-9.7792,-13.3333,-15.2593,1.5986,9.369
20251007,5525,順天,listed,28.6,28.8,28.3,28.3,44841.0,1280975.0,,data/daily_price/20251007.csv,28.43,29.365,30.795,31.4138,29.3349,-1.049,-0.8757,-2.7491,-13.5878,0.7117,97124.2,0.4617,31.7,32.95,33.75,28.15,28.15,26.15,-3.6268,-8.102,-9.9121,-3.528,-10.7256,-14.1123,-16.1481,0.5329,8.2218
20251008,5525,順天,listed,28.3,28.65,28.2,28.35,65577.0,1858284.0,,data/daily_price/20251008.csv,28.42,29.3275,30.7233,31.4312,29.2529,0.1767,-0.1761,-2.5773,-13.17,8.0,99239.05,0.6608,31.7,32.95,33.75,28.15,28.15,28.15,-3.333,-7.7249,-9.8031,-3.0864,-10.5678,-13.9605,-16.0,0.7105,0.7105
20251009,5525,順天,listed,28.4,28.55,28.35,28.5,28389.0,807612.0,,data/daily_price/20251009.csv,28.42,29.2875,30.6525,31.4283,29.1901,0.5291,0.0,-2.7304,-12.9771,-1.2132,99394.5,0.2856,31.7,32.95,33.75,28.15,28.15,28.15,-2.6889,-7.0223,-9.3175,-2.3643,-10.0946,-13.5053,-15.5556,1.2433,1.2433
20251013,5525,順天,listed,28.35,28.45,27.8,28.4,109031.0,3064589.0,,data/daily_price/20251013.csv,28.43,29.1625,30.5783,31.4179,29.1243,-0.3509,0.1764,-8.0906,-13.5464,-4.2159,95341.55,1.1436,31.25,32.95,33.75,27.8,27.8,27.8,-2.6147,-7.1238,-9.6057,-2.4869,-9.12,-13.8088,-15.8519,2.1583,2.1583
20251014,5525,順天,listed,28.1,28.55,28.0,28.35,61040.0,1728284.0,,data/daily_price/20251014.csv,28.38,29.045,30.5017,31.3983,29.0598,-0.1761,-0.8741,-7.6547,-13.9605,-7.6547,95739.15,0.6376,31.0,32.9,33.75,27.8,27.8,27.8,-2.3928,-7.0543,-9.7086,-2.4424,-8.5484,-13.8298,-16.0,1.9784,1.9784
20251016,5525,順天,listed,27.8,29.1,27.75,28.5,159692.0,4558632.0,,data/daily_price/20251016.csv,28.42,28.93,30.4342,31.3858,29.0131,0.5291,0.7067,-7.4675,-12.4424,-5.0,101283.35,1.5767,31.0,32.9,33.75,27.75,27.75,27.75,-1.4863,-6.3552,-9.1947,-1.7686,-8.0645,-13.3739,-15.5556,2.7027,2.7027
20251020,5525,順天,listed,28.4,28.5,28.0,28.35,49666.0,1403990.0,,data/daily_price/20251020.csv,28.42,28.8075,30.3683,31.3704,28.9579,-0.5263,0.0,-7.9545,-12.2291,-6.1258,101366.75,0.49,31.0,32.9,33.75,27.75,27.75,27.75,-1.5881,-6.6462,-9.6282,-2.0991,-8.5484,-13.8298,-16.0,2.1622,2.1622
20251021,5525,順天,listed,28.4,28.65,27.95,28.1,101452.0,2857255.0,,data/daily_price/20251021.csv,28.34,28.6725,30.2933,31.3525,28.8864,-0.8818,-1.4035,-8.7662,-13.8037,-7.1074,104505.75,0.9708,30.55,32.8,33.75,27.75,27.75,27.75,-1.9967,-7.2403,-10.374,-2.7223,-8.0196,-14.3293,-16.7407,1.2613,1.2613
20251022,5525,順天,listed,28.2,28.35,28.0,28.25,55589.0,1562917.0,,data/daily_price/20251022.csv,28.31,28.5725,30.2242,31.3379,28.8333,0.5338,-0.5282,-6.6116,-12.8086,-5.8333,104142.7,0.5338,30.5,32.7,33.75,27.75,27.75,27.75,-1.1287,-6.5317,-9.8536,-2.0231,-7.377,-13.6086,-16.2963,1.8018,1.8018
20251023,5525,順天,listed,28.0,28.25,28.0,28.25,42404.0,1190432.0,,data/daily_price/20251023.csv,28.29,28.47,30.1517,31.3242,28.7847,0.0,-0.3527,-6.7657,-13.3436,-5.5184,103609.2,0.4093,30.25,32.6,33.75,27.75,27.75,27.75,-0.7727,-6.307,-9.814,-1.8577,-6.6116,-13.3436,-16.2963,1.8018,1.8018
20251027,5525,順天,listed,28.2,28.2,27.85,28.05,85936.0,2407649.0,,data/daily_price/20251027.csv,28.2,28.455,30.0775,31.3062,28.7235,-0.708,-1.5789,-1.0582,-13.6923,-7.1192,73014.45,1.177,29.1,32.4,33.75,27.75,27.75,27.75,-1.4233,-6.7409,-10.4013,-2.3448,-3.6082,-13.4259,-16.8889,1.0811,1.0811
20251028,5525,順天,listed,28.1,28.15,27.9,28.1,33394.0,936842.0,,data/daily_price/20251028.csv,28.15,28.4175,30.0175,31.2908,28.6715,0.1783,-0.8818,-2.5997,-11.3565,-6.177,61439.15,0.5435,29.1,32.25,33.75,27.75,27.75,27.75,-1.1173,-6.3879,-10.1973,-1.9934,-3.4364,-12.8682,-16.7407,1.2613,1.2613
20251029,5525,順天,listed,28.1,28.15,27.8,28.1,38049.0,1065736.0,,data/daily_price/20251029.csv,28.15,28.38,29.9525,31.2725,28.6239,0.0,0.0,-2.5997,-12.1875,-7.2607,59586.6,0.6385,29.1,32.1,33.75,27.75,27.75,27.75,-0.9866,-6.1848,-10.1447,-1.8303,-3.4364,-12.4611,-16.7407,1.2613,1.2613
20251030,5525,順天,listed,28.1,28.35,28.05,28.2,34540.0,973556.0,,data/daily_price/20251030.csv,28.14,28.3475,29.8933,31.25,28.5886,0.3559,-0.177,-2.253,-11.1811,-8.7379,58436.95,0.5911,29.1,32.1,33.75,27.75,27.75,27.75,-0.5203,-5.6646,-9.76,-1.3592,-3.0928,-12.1495,-16.4444,1.6216,1.6216
20251031,5525,順天,listed,28.0,28.35,28.0,28.2,39292.0,1109710.0,,data/daily_price/20251031.csv,28.13,28.32,29.8333,31.2225,28.5562,0.0,-0.177,-1.913,-11.3208,-10.4762,58120.15,0.676,29.1,31.95,33.75,27.75,27.75,27.75,-0.4237,-5.4749,-9.6805,-1.2474,-3.0928,-11.7371,-16.4444,1.6216,1.6216
20251103,5525,順天,TWSE,28.05,28.4,28.05,28.25,34659.0,,,data/daily_price/20251103.csv,28.17,28.305,29.7742,31.1979,28.5307,0.1773,0.713,-1.0508,-11.1635,-9.4551,57381.1,0.604,29.1,31.95,33.75,27.75,27.75,27.75,-0.1943,-5.1191,-9.4491,-0.9838,-2.921,-11.5806,-16.2963,1.8018,1.8018
20251104,5525,順天,TWSE,28.2,28.25,28.0,28.05,32919.0,,,data/daily_price/20251104.csv,28.16,28.2875,29.7167,31.1612,28.4906,-0.708,-0.1779,-1.2324,-10.9524,-13.5593,55547.95,0.5926,29.1,31.75,33.75,27.75,27.75,27.75,-0.8396,-5.6085,-9.9844,-1.5466,-3.6082,-11.6535,-16.8889,1.0811,1.0811
20251105,5525,順天,TWSE,27.8,28.25,27.8,28.1,43002.0,,,data/daily_price/20251105.csv,28.16,28.2675,29.6608,31.1217,28.4581,0.1783,0.0,-1.4035,-10.6518,-14.4597,56461.1,0.7616,29.1,31.7,33.75,27.75,27.75,27.75,-0.5926,-5.2623,-9.7092,-1.2583,-3.4364,-11.3565,-16.7407,1.2613,1.2613
20251106,5525,順天,TWSE,28.25,28.5,28.15,28.5,49899.0,,,data/daily_price/20251106.csv,28.22,28.275,29.6108,31.0846,28.4616,1.4235,1.0638,0.5291,-9.5238,-13.5053,57754.8,0.864,29.1,31.7,33.75,27.75,27.75,27.75,0.7958,-3.7514,-8.3147,0.135,-2.0619,-10.0946,-15.5556,2.7027,2.7027
20251107,5525,順天,TWSE,28.4,28.45,28.2,28.3,17734.0,,,data/daily_price/20251107.csv,28.24,28.26,29.5617,31.05,28.4481,-0.7018,0.3546,-1.049,-9.44,-12.7889,56355.25,0.3147,29.1,31.7,33.75,27.75,27.75,27.75,0.1415,-4.2679,-8.8567,-0.5206,-2.7491,-10.7256,-16.1481,1.982,1.982
20251110,5525,順天,TWSE,28.35,28.35,28.1,28.25,17640.0,,,data/daily_price/20251110.csv,28.24,28.2575,29.5092,31.0188,28.4316,-0.1767,0.0,-0.1767,-10.0318,-11.7188,54995.2,0.3208,29.1,31.7,33.75,27.75,27.75,27.75,-0.0265,-4.267,-8.9261,-0.6387,-2.921,-10.8833,-16.2963,1.8018,1.8018
20251111,5525,順天,TWSE,28.3,28.3,27.75,28.25,75551.0,,,data/daily_price/20251111.csv,28.28,28.2525,29.4575,30.9875,28.4165,0.0,0.713,-0.3527,-9.8884,-11.7188,55493.9,1.3614,29.1,31.7,33.75,27.75,27.75,27.75,-0.0088,-4.0991,-8.8342,-0.5858,-2.921,-10.8833,-16.2963,1.8018,1.8018
20251112,5525,順天,TWSE,28.3,28.35,28.05,28.3,47224.0,,,data/daily_price/20251112.csv,28.32,28.2425,29.4042,30.9542,28.4068,0.177,0.7117,-0.7018,-10.1587,-12.3839,56435.65,0.8368,29.1,31.7,33.75,27.75,27.75,27.75,0.2036,-3.7551,-8.5745,-0.3758,-2.7491,-10.7256,-16.1481,1.982,1.982
20251113,5525,順天,TWSE,28.3,28.35,28.2,28.35,22197.0,,,data/daily_price/20251113.csv,28.29,28.24,29.355,30.9212,28.402,0.1767,-0.5263,-0.1761,-9.4249,-12.2291,52093.95,0.4261,29.1,31.7,33.75,27.75,27.75,27.75,0.3895,-3.4236,-8.3155,-0.1832,-2.5773,-10.5678,-16.0,2.1622,2.1622
20251114,5525,順天,TWSE,28.3,28.3,28.05,28.25,51268.0,,,data/daily_price/20251114.csv,28.28,28.235,29.3042,30.8829,28.3894,-0.3527,-0.1767,-0.3527,-9.7444,-14.003,51605.35,0.9935,29.1,31.7,33.75,27.75,27.75,27.75,0.0531,-3.5973,-8.5255,-0.4909,-2.921,-10.8833,-16.2963,1.8018,1.8018
20251117,5525,順天,TWSE,28.05,28.3,28.0,28.15,50058.0,,,data/daily_price/20251117.csv,28.26,28.2175,29.2525,30.8454,28.3694,-0.354,-0.354,-1.2281,-9.92,-13.7825,46123.65,1.0853,28.65,31.7,33.75,27.75,27.75,27.75,-0.2392,-3.7689,-8.7385,-0.7734,-1.7452,-11.1987,-16.5926,1.4414,1.4414
20251118,5525,順天,TWSE,28.0,28.0,27.8,28.0,32095.0,,,data/daily_price/20251118.csv,28.21,28.2,29.1975,30.8038,28.3386,-0.5329,-0.885,-1.2346,-10.5431,-15.1515,45245.1,0.7094,28.65,31.7,33.75,27.75,27.75,27.75,-0.7092,-4.1014,-9.102,-1.1949,-2.2688,-11.6719,-17.037,0.9009,0.9009
20251119,5525,順天,TWSE,28.1,28.1,27.7,28.0,22085.0,,,data/daily_price/20251119.csv,28.15,28.195,29.1425,30.7646,28.3104,0.0,-1.0601,-0.3559,-10.5431,-14.3731,41276.75,0.535,28.5,31.7,33.75,27.7,27.7,27.7,-0.6916,-3.9204,-8.9863,-1.0965,-1.7544,-11.6719,-17.037,1.083,1.083
20251120,5525,順天,TWSE,28.1,28.15,28.05,28.1,14899.0,,,data/daily_price/20251120.csv,28.1,28.1875,29.0883,30.7225,28.2929,0.3571,-0.8818,-0.531,-10.3668,-15.2338,39242.25,0.3797,28.5,31.7,33.75,27.7,27.7,27.7,-0.3104,-3.3977,-8.5361,-0.6817,-1.4035,-11.3565,-16.7407,1.444,1.444
20251121,5525,順天,TWSE,28.2,28.2,27.7,28.1,27867.0,,,data/daily_price/20251121.csv,28.07,28.18,29.0342,30.6825,28.2768,0.0,-0.531,-0.531,-10.3668,-14.5897,38515.4,0.7235,28.5,31.7,33.75,27.7,27.7,27.7,-0.2839,-3.2175,-8.4168,-0.6253,-1.4035,-11.3565,-16.7407,1.444,1.444
20251124,5525,順天,TWSE,28.3,28.3,28.0,28.2,17854.0,,,data/daily_price/20251124.csv,28.08,28.1875,28.9817,30.645,28.2704,0.3559,0.1776,0.5348,-10.0478,-13.7615,35111.3,0.5085,28.5,31.7,33.75,27.7,27.7,27.7,0.0443,-2.6971,-7.9785,-0.249,-1.0526,-11.041,-16.4444,1.8051,1.8051
20251125,5525,順天,TWSE,28.25,28.3,28.0,28.25,24693.0,,,data/daily_price/20251125.csv,28.13,28.195,28.9333,30.6046,28.2687,0.1773,0.8929,0.5338,-9.3098,-14.6526,34676.25,0.7121,28.5,31.7,33.75,27.7,27.7,27.7,0.1951,-2.3618,-7.6936,-0.0662,-0.8772,-10.8833,-16.2963,1.9856,1.9856
20251126,5525,順天,TWSE,28.3,28.45,28.15,28.45,55151.0,,,data/daily_price/20251126.csv,28.22,28.2125,28.8908,30.5675,28.2838,0.708,1.6071,1.2456,-8.2258,-13.5258,35531.35,1.5522,28.5,31.7,33.75,27.7,27.7,27.7,0.8418,-1.5259,-6.9273,0.5876,-0.1754,-10.2524,-15.7037,2.7076,2.7076
20251127,5525,順天,TWSE,28.2,28.5,28.2,28.5,24597.0,,,data/daily_price/20251127.csv,28.3,28.2275,28.8475,30.5325,28.3018,0.1757,1.4235,1.0638,-8.3601,-12.844,35034.2,0.7021,28.5,31.7,33.75,27.7,27.7,27.7,0.9654,-1.2046,-6.6568,0.7002,0.0,-10.0946,-15.5556,2.8881,2.8881
20251128,5525,順天,TWSE,28.45,28.7,28.45,28.7,74417.0,,,data/daily_price/20251128.csv,28.42,28.2525,28.8108,30.4988,28.335,0.7018,2.1352,1.773,-7.1197,-12.3664,36790.45,2.0227,28.7,31.7,33.75,27.7,27.7,27.7,1.5839,-0.3847,-5.8978,1.2881,0.0,-9.4637,-14.963,3.6101,3.6101
20251201,5525,順天,TWSE,28.6,28.6,28.2,28.4,15524.0,,,data/daily_price/20251201.csv,28.46,28.26,28.7675,30.4667,28.3404,-1.0453,0.7092,0.531,-8.3871,-11.938,35833.7,0.4332,28.7,31.7,33.75,27.7,27.7,27.7,0.4954,-1.2775,-6.7834,0.2102,-1.0453,-10.4101,-15.8519,2.5271,2.5271
20251202,5525,順天,TWSE,28.25,28.5,28.15,28.45,43636.0,,,data/daily_price/20251202.csv,28.5,28.28,28.7283,30.4354,28.3496,0.1761,0.708,1.426,-7.6299,-11.646,36369.55,1.1998,28.7,31.7,33.75,27.7,27.7,27.7,0.6011,-0.9688,-6.5234,0.3543,-0.8711,-10.2524,-15.7037,2.7076,2.7076
20251203,5525,順天,TWSE,28.45,28.55,28.3,28.5,43032.0,,,data/daily_price/20251203.csv,28.51,28.3,28.6817,30.4021,28.3621,0.1757,0.1757,1.4235,-8.9457,-12.3077,36371.05,1.1831,28.7,31.7,33.75,27.7,27.7,27.7,0.7067,-0.6334,-6.2564,0.4862,-0.6969,-10.0946,-15.5556,2.8881,2.8881
20251204,5525,順天,TWSE,28.5,28.6,28.4,28.5,48203.0,,,data/daily_price/20251204.csv,28.51,28.3,28.6683,30.3683,28.3736,0.0,0.0,0.0,-2.7304,-12.4424,36286.25,1.3284,28.7,31.7,33.75,27.7,27.7,27.7,0.7067,-0.5872,-6.1522,0.4455,-0.6969,-10.0946,-15.5556,2.8881,2.8881
20251205,5525,順天,TWSE,28.55,28.65,28.4,28.5,26637.0,,,data/daily_price/20251205.csv,28.47,28.31,28.6583,30.3346,28.3841,0.0,-0.6969,0.7067,-2.0619,-12.4424,36731.4,0.7252,28.7,31.7,33.75,27.7,27.7,27.7,0.6711,-0.5525,-6.0478,0.4083,-0.6969,-10.0946,-15.5556,2.8881,2.8881
20251208,5525,順天,TWSE,28.6,28.6,28.45,28.55,25337.0,,,data/daily_price/20251208.csv,28.5,28.325,28.6492,30.2979,28.3979,0.1754,0.5282,1.0619,-1.89,-13.3536,37116.25,0.6826,28.7,31.7,33.75,27.7,27.7,27.7,0.7944,-0.3461,-5.7691,0.5355,-0.5226,-9.9369,-15.4074,3.0686,3.0686
20251209,5525,順天,TWSE,28.5,28.5,28.25,28.35,21813.0,,,data/daily_price/20251209.csv,28.48,28.33,28.6367,30.2588,28.3939,-0.7005,-0.3515,0.354,-2.5773,-14.2209,34429.35,0.6336,28.7,31.7,33.75,27.7,27.7,27.7,0.0706,-1.001,-6.3081,-0.1548,-1.2195,-10.5678,-16.0,2.3466,2.3466
20251210,5525,順天,TWSE,28.4,28.45,28.25,28.45,41291.0,,,data/daily_price/20251210.csv,28.47,28.3375,28.6225,30.2225,28.3986,0.3527,-0.1754,0.53,-2.901,-13.2622,34132.7,1.2097,28.7,31.7,33.75,27.7,27.7,27.7,0.397,-0.6027,-5.8648,0.1809,-0.8711,-10.2524,-15.7037,2.7076,2.7076
20251211,5525,順天,TWSE,28.3,28.45,28.2,28.3,25438.0,,,data/daily_price/20251211.csv,28.43,28.335,28.5792,30.185,28.3904,-0.5272,-0.7018,-0.1764,-8.4142,-13.7195,34294.75,0.7417,28.7,31.25,33.75,27.7,27.7,27.7,-0.1235,-0.9768,-6.2448,-0.3184,-1.3937,-9.44,-16.1481,2.1661,2.1661
20251212,5525,順天,TWSE,28.3,29.0,28.3,28.75,158482.0,,,data/daily_price/20251212.csv,28.48,28.36,28.5467,30.1554,28.4204,1.5901,0.8772,1.7699,-6.3518,-10.9907,39655.45,3.9965,29.0,31.0,33.75,27.7,27.7,27.7,1.3752,0.7123,-4.6606,1.1598,-0.8621,-7.2581,-14.8148,3.7906,3.7906
20251215,5525,順天,TWSE,28.75,28.9,28.4,28.7,58942.0,,,data/daily_price/20251215.csv,28.51,28.3875,28.5117,30.1217,28.4437,-0.1739,0.5254,1.9538,-6.8182,-12.3664,40099.65,1.4699,29.0,31.0,33.75,27.7,27.7,27.7,1.1008,0.6605,-4.7197,0.9012,-1.0345,-7.4194,-14.963,3.6101,3.6101
20251216,5525,順天,TWSE,28.45,28.5,28.05,28.45,170159.0,,,data/daily_price/20251216.csv,28.53,28.41,28.4725,30.0842,28.4442,-0.8711,0.3527,1.6071,-7.6299,-13.6571,47002.85,3.6202,29.0,31.0,33.75,27.7,27.7,27.7,0.1408,-0.079,-5.432,0.0204,-1.8966,-8.2258,-15.7037,2.7076,2.7076
20251217,5525,順天,TWSE,28.5,28.6,28.35,28.35,41649.0,,,data/daily_price/20251217.csv,28.51,28.4275,28.4317,30.045,28.4363,-0.3515,-0.3515,1.25,-7.9545,-14.2209,47981.05,0.868,29.0,30.55,33.75,27.7,27.7,27.7,-0.2726,-0.2872,-5.6415,-0.3037,-2.2414,-7.2013,-16.0,2.3466,2.3466
20251218,5525,順天,TWSE,28.4,28.5,28.3,28.4,43105.0,,,data/daily_price/20251218.csv,28.53,28.4425,28.4008,30.0133,28.4333,0.1764,0.3534,1.0676,-6.1157,-11.8012,49391.35,0.8727,29.0,30.5,33.75,27.7,27.7,27.7,-0.1494,-0.0029,-5.3754,-0.1172,-2.069,-6.8852,-15.8519,2.5271,2.5271
20251219,5525,順天,TWSE,28.3,28.5,28.15,28.4,180163.0,,,data/daily_price/20251219.csv,28.46,28.4575,28.3692,29.9767,28.4305,0.0,-1.2174,1.0676,-6.2706,-13.4146,57006.15,3.1604,29.0,30.25,33.75,28.0,27.7,27.7,-0.2021,0.1087,-5.2596,-0.1074,-2.069,-6.1157,-15.8519,2.5271,2.5271
20251222,5525,順天,TWSE,28.5,28.5,27.95,28.2,105093.0,,,data/daily_price/20251222.csv,28.36,28.4575,28.3667,29.9429,28.4113,-0.7042,-1.7422,0.0,-0.5291,-12.5581,61368.1,1.7125,29.0,29.1,33.75,27.95,27.7,27.7,-0.9049,-0.5875,-5.8208,-0.7438,-2.7586,-3.0928,-16.4444,1.8051,1.8051
20251223,5525,順天,TWSE,28.2,28.3,27.9,28.15,158787.0,,,data/daily_price/20251223.csv,28.3,28.4525,28.355,29.9025,28.3896,-0.1773,-1.0545,-0.354,-2.4263,-14.697,68072.8,2.3326,29.0,29.1,33.75,27.9,27.7,27.7,-1.0632,-0.723,-5.8607,-0.8438,-2.931,-3.2646,-16.5926,1.6245,1.6245
20251224,5525,順天,TWSE,28.1,28.4,28.0,28.35,245558.0,,,data/daily_price/20251224.csv,28.3,28.4475,28.3467,29.8646,28.3863,0.7105,0.0,-0.3515,-1.7331,-13.8298,77593.15,3.1647,29.0,29.1,33.75,27.9,27.7,27.7,-0.3427,0.0118,-5.0715,-0.1277,-2.2414,-2.5773,-16.0,2.3466,2.3466
20251226,5525,順天,TWSE,28.4,28.4,28.1,28.25,78284.0,,,data/daily_price/20251226.csv,28.27,28.435,28.3367,29.8238,28.3749,-0.3527,-0.5282,-0.8772,-2.0797,-14.7813,80277.5,0.9752,29.0,29.1,33.75,27.9,27.7,27.7,-0.6506,-0.3058,-5.2768,-0.4402,-2.5862,-2.921,-16.2963,1.9856,1.9856
20251229,5525,順天,TWSE,28.4,28.4,28.1,28.25,150352.0,,,data/daily_price/20251229.csv,28.24,28.4125,28.3283,29.785,28.3645,0.0,-0.5282,-1.5679,-1.7391,-14.1337,84074.25,1.7883,29.0,29.1,33.75,27.9,27.7,27.7,-0.5719,-0.2765,-5.1536,-0.4036,-2.5862,-2.921,-16.2963,1.9856,1.9856
20251230,5525,順天,TWSE,28.3,28.3,27.95,28.25,52043.0,,,data/daily_price/20251230.csv,28.25,28.405,28.3233,29.7479,28.355,0.0,0.1773,-0.5282,-1.0508,-13.6086,85900.2,0.6059,29.0,29.1,33.75,27.9,27.7,27.7,-0.5457,-0.2589,-5.0354,-0.3701,-2.5862,-2.921,-16.2963,1.9856,1.9856
20251231,5525,順天,TWSE,28.2,28.25,27.95,28.25,56600.0,,,data/daily_price/20251231.csv,28.27,28.395,28.3208,29.7071,28.3462,0.0,0.3552,-0.703,-0.5282,-14.7813,86548.4,0.654,29.0,29.1,33.05,27.9,27.7,27.7,-0.5107,-0.2501,-4.9048,-0.3394,-2.5862,-2.921,-14.5234,1.9856,1.9856
20260102,5525,順天,TWSE,28.3,28.3,27.95,28.1,109415.0,,,data/daily_price/20260102.csv,28.22,28.375,28.3142,29.6675,28.3257,-0.531,-0.8818,-1.4035,-1.4035,-14.4597,89867.55,1.2175,29.0,29.1,33.05,27.9,27.7,27.7,-0.9692,-0.7564,-5.2836,-0.7968,-3.1034,-3.4364,-14.9773,1.444,1.444
20260105,5525,順天,TWSE,28.05,28.05,27.7,27.9,71087.0,,,data/daily_price/20260105.csv,28.15,28.345,28.3067,29.6246,28.2902,-0.7117,-1.2389,-2.1053,-1.5873,-15.5825,91011.75,0.7811,29.0,29.1,33.05,27.7,27.7,27.7,-1.5699,-1.4366,-5.8215,-1.3793,-3.7931,-4.1237,-15.5825,0.722,0.722
20260106,5525,順天,TWSE,27.9,28.0,27.8,27.9,54947.0,,,data/daily_price/20260106.csv,28.08,28.315,28.295,29.5821,28.2577,0.0,-1.2389,-2.1053,-2.4476,-15.4545,92427.25,0.5945,29.0,29.1,33.0,27.7,27.7,27.7,-1.4657,-1.396,-5.6862,-1.2658,-3.7931,-4.1237,-15.4545,0.722,0.722
20260107,5525,順天,TWSE,27.95,27.95,27.6,27.8,55426.0,,,data/daily_price/20260107.csv,27.99,28.2775,28.2867,29.5408,28.2196,-0.3584,-1.5929,-2.627,-1.7668,-15.1145,93931.7,0.5901,29.0,29.1,32.95,27.6,27.6,27.6,-1.6886,-1.7205,-5.893,-1.4868,-4.1379,-4.4674,-15.6297,0.7246,0.7246
20260108,5525,順天,TWSE,27.8,28.0,27.8,28.0,64234.0,,,data/daily_price/20260108.csv,27.94,28.26,28.2808,29.5021,28.2013,0.7194,-0.885,-1.2346,-1.2346,-14.242,96052.75,0.6687,29.0,29.1,32.95,27.6,27.6,27.6,-0.92,-0.993,-5.0914,-0.7137,-3.4483,-3.7801,-15.0228,1.4493,1.4493
20260109,5525,順天,TWSE,28.0,28.0,27.75,27.95,26886.0,,,data/daily_price/20260109.csv,27.91,28.235,28.2717,29.4621,28.1803,-0.1786,-0.5338,-1.7575,-1.9298,-14.6565,95332.5,0.282,29.0,29.1,32.95,27.6,27.6,27.6,-1.0094,-1.1378,-5.1323,-0.8173,-3.6207,-3.9519,-15.1745,1.2681,1.2681
20260112,5525,順天,TWSE,27.9,27.9,27.0,27.15,197861.0,,,data/daily_price/20260112.csv,27.76,28.1775,28.2508,29.4146,28.0945,-2.8623,-2.6882,-4.0636,-4.4014,-17.3516,103953.65,1.9034,29.0,29.1,32.95,27.0,27.0,27.0,-3.6465,-3.8966,-7.6988,-3.3617,-6.3793,-6.701,-17.6024,0.5556,0.5556
20260113,5525,順天,TWSE,27.25,27.35,27.1,27.25,76378.0,,,data/daily_price/20260113.csv,27.63,28.1025,28.2325,29.3671,28.0241,0.3683,-2.3297,-5.2174,-3.8801,-17.2989,99848.45,0.7649,28.9,29.1,32.9,27.0,27.0,27.0,-3.0335,-3.48,-7.209,-2.7622,-5.7093,-6.3574,-17.1733,0.9259,0.9259
20260114,5525,順天,TWSE,27.3,27.5,27.2,27.45,64600.0,,,data/daily_price/20260114.csv,27.56,28.04,28.215,29.3246,27.9762,0.7339,-1.259,-4.3554,-3.6842,-15.6682,100131.35,0.6452,28.6,29.0,32.9,27.0,27.0,27.0,-2.1041,-2.7113,-6.3925,-1.8811,-4.021,-5.3448,-16.5653,1.6667,1.6667
20260115,5525,順天,TWSE,27.45,27.5,27.2,27.5,54375.0,,,data/daily_price/20260115.csv,27.46,27.9925,28.2008,29.2846,27.9366,0.1821,-1.7857,-3.3392,-2.9982,-14.8607,94342.15,0.5764,28.6,29.0,32.9,27.0,27.0,27.0,-1.7594,-2.4852,-6.0939,-1.5627,-3.8462,-5.1724,-16.4134,1.8519,1.8519
20260116,5525,順天,TWSE,27.25,27.35,26.5,26.7,173537.0,,,data/daily_price/20260116.csv,27.21,27.91,28.1775,29.2354,27.8335,-2.9091,-4.4723,-5.8201,-4.9822,-18.0982,100936.55,1.7193,28.5,29.0,32.8,26.5,26.5,26.5,-4.3354,-5.2435,-8.6724,-4.0725,-6.3158,-7.931,-18.5976,0.7547,0.7547
20260119,5525,順天,TWSE,26.55,26.95,26.45,26.55,112209.0,,,data/daily_price/20260119.csv,27.09,27.8175,28.1492,29.1867,27.7266,-0.5618,-2.2099,-6.5141,-6.0177,-18.0556,104391.75,1.0749,28.5,29.0,32.7,26.45,26.45,26.45,-4.5565,-5.681,-9.0338,-4.2434,-6.8421,-8.4483,-18.8073,0.3781,0.3781
20260120,5525,順天,TWSE,26.35,26.6,26.2,26.5,89416.0,,,data/daily_price/20260120.csv,26.94,27.7225,28.12,29.1358,27.6243,-0.1883,-2.7523,-6.6901,-6.1947,-18.7117,99854.4,0.8955,28.5,29.0,32.6,26.2,26.2,26.2,-4.4098,-5.761,-9.0467,-4.0701,-7.0175,-8.6207,-18.7117,1.145,1.145
20260121,5525,順天,TWSE,26.5,26.5,25.9,26.0,109110.0,,,data/daily_price/20260121.csv,26.65,27.6125,28.0858,29.0817,27.489,-1.8868,-5.2823,-7.8014,-7.3084,-20.0,100055.25,1.0905,28.4,29.0,32.4,25.9,25.9,25.9,-5.8397,-7.4266,-10.5966,-5.4166,-8.4507,-10.3448,-19.7531,0.3861,0.3861
20260122,5525,順天,TWSE,25.6,26.6,25.6,26.2,126696.0,,,data/daily_price/20260122.csv,26.39,27.515,28.0542,29.0358,27.3816,0.7692,-4.7273,-6.9272,-6.7616,-17.3502,98450.7,1.2869,28.4,29.0,32.25,25.6,25.6,25.6,-4.7792,-6.6092,-9.7667,-4.3152,-7.7465,-9.6552,-18.7597,2.3438,2.3438
20260123,5525,順天,TWSE,26.2,26.2,25.85,25.9,73480.0,,,data/daily_price/20260123.csv,26.23,27.3925,28.0175,28.985,27.2581,-1.145,-2.9963,-8.642,-7.8292,-19.0625,89846.8,0.8178,28.4,29.0,32.1,25.6,25.6,25.6,-5.4486,-7.5578,-10.6434,-4.9824,-8.8028,-10.6897,-19.3146,1.1719,1.1719
20260126,5525,順天,TWSE,26.1,26.1,25.5,25.75,92861.0,,,data/daily_price/20260126.csv,26.07,27.2675,27.9767,28.935,27.1324,-0.5792,-3.0132,-8.8496,-8.6879,-18.8976,90575.65,1.0252,28.4,29.0,32.1,25.5,25.5,25.5,-5.5652,-7.959,-11.0074,-5.0951,-9.331,-11.2069,-19.7819,0.9804,0.9804
20260127,5525,順天,TWSE,25.7,25.85,25.5,25.75,106179.0,,,data/daily_price/20260127.csv,25.92,27.1425,27.9358,28.8846,27.0172,0.0,-2.8302,-8.8496,-8.6879,-19.0252,88367.0,1.2016,28.3,29.0,31.95,25.5,25.5,25.5,-5.1303,-7.8245,-10.8521,-4.6904,-9.0106,-11.2069,-19.4053,0.9804,0.9804
20260128,5525,順天,TWSE,25.75,25.8,25.6,25.65,74974.0,,,data/daily_price/20260128.csv,25.85,27.0125,27.8925,28.8333,26.9033,-0.3883,-1.3462,-9.2035,-9.2035,-19.3396,89513.55,0.8376,28.3,29.0,31.95,25.5,25.5,25.5,-5.044,-8.0398,-11.0405,-4.6585,-9.364,-11.5517,-19.7183,0.5882,0.5882
20260129,5525,順天,TWSE,25.6,25.75,25.4,25.7,94211.0,,,data/daily_price/20260129.csv,25.75,26.885,27.8533,28.785,26.803,0.1949,-1.9084,-9.0265,-8.3779,-18.4127,91394.1,1.0308,28.3,29.0,31.75,25.4,25.4,25.4,-4.4077,-7.731,-10.7174,-4.1153,-9.1873,-11.3793,-19.0551,1.1811,1.1811
20260130,5525,順天,TWSE,25.7,25.7,25.45,25.7,50568.0,,,data/daily_price/20260130.csv,25.71,26.765,27.8133,28.7371,26.7111,0.0,-0.7722,-8.5409,-8.5409,-18.283,88451.75,0.5717,28.05,29.0,31.7,25.4,25.4,25.4,-3.9791,-7.5983,-10.5685,-3.7853,-8.3779,-11.3793,-18.9274,1.1811,1.1811
20260202,5525,順天,TWSE,25.7,25.8,25.15,25.3,87243.0,,,data/daily_price/20260202.csv,25.62,26.635,27.76,28.6854,26.5935,-1.5564,-1.7476,-9.319,-11.2281,-19.6825,89259.55,0.9774,28.0,29.0,31.7,25.15,25.15,25.15,-5.0122,-8.8617,-11.8019,-4.864,-9.6429,-12.7586,-20.1893,0.5964,0.5964
20260203,5525,順天,TWSE,25.3,25.35,25.15,25.3,69215.0,,,data/daily_price/20260203.csv,25.53,26.505,27.71,28.6358,26.4857,0.0,-1.7476,-9.319,-10.6007,-19.04,89972.95,0.7693,28.0,29.0,31.7,25.15,25.15,25.15,-4.5463,-8.6972,-11.6492,-4.4768,-9.6429,-12.7586,-20.1893,0.5964,0.5964
20260204,5525,順天,TWSE,25.3,25.45,25.2,25.45,74771.0,,,data/daily_price/20260204.csv,25.49,26.3875,27.6633,28.5862,26.3994,0.5929,-0.7797,-8.4532,-9.9115,-18.949,90940.2,0.8222,28.0,29.0,31.7,25.15,25.15,25.15,-3.5528,-8.001,-10.9712,-3.5963,-9.1071,-12.2414,-19.7161,1.1928,1.1928
20260205,5525,順天,TWSE,25.4,25.65,25.4,25.6,38757.0,,,data/daily_price/20260205.csv,25.47,26.2675,27.6192,28.5383,26.3328,0.5894,-0.3891,-8.5714,-9.3805,-18.3413,89666.35,0.4322,28.0,29.0,31.7,25.15,25.15,25.15,-2.5412,-7.3107,-10.2961,-2.7828,-8.5714,-11.7241,-19.2429,1.7893,1.7893
20260206,5525,順天,TWSE,25.6,25.65,25.5,25.55,29973.0,,,data/daily_price/20260206.csv,25.44,26.1475,27.5733,28.4888,26.2676,-0.1953,-0.5837,-8.5868,-9.7173,-18.8889,89820.7,0.3337,27.9,29.0,31.7,25.15,25.15,25.15,-2.2851,-7.338,-10.3155,-2.7317,-8.4229,-11.8966,-19.4006,1.5905,1.5905
20260209,5525,順天,TWSE,25.55,25.6,25.3,25.6,63782.0,,,data/daily_price/20260209.csv,25.5,26.07,27.5275,28.4412,26.2119,0.1957,1.1858,-5.709,-9.7002,-18.2109,83116.75,0.7674,27.5,29.0,31.7,25.15,25.15,25.15,-1.8028,-7.0021,-9.9899,-2.3345,-6.9091,-11.7241,-19.2429,1.7893,1.7893
20260210,5525,順天,TWSE,25.7,26.15,25.7,26.1,57210.0,,,data/daily_price/20260210.csv,25.66,26.0125,27.4917,28.3979,26.2026,1.9531,3.1621,-4.2202,-7.6106,-16.6134,82158.35,0.6963,27.5,29.0,31.7,25.15,25.15,25.15,0.3364,-5.0621,-8.0918,-0.3916,-5.0909,-10.0,-17.6656,3.7773,3.7773
20260211,5525,順天,TWSE,25.95,26.5,25.85,26.1,128884.0,,,data/daily_price/20260211.csv,25.79,25.945,27.4575,28.355,26.194,0.0,2.554,-4.918,-7.2824,-16.48,85372.55,1.5097,27.5,29.0,31.7,25.15,25.15,25.15,0.5974,-4.944,-7.9527,-0.359,-5.0909,-10.0,-17.6656,3.7773,3.7773
20260223,5525,順天,TWSE,26.7,26.75,26.0,26.6,178380.0,,,data/daily_price/20260223.csv,25.99,25.9,27.4342,28.3158,26.2279,1.9157,3.9062,-3.2727,-5.0,-15.016,91572.8,1.948,27.35,29.0,31.7,25.15,25.15,25.15,2.7027,-3.0406,-6.0596,1.4188,-2.7422,-8.2759,-16.0883,5.7654,5.7654
20260224,5525,順天,TWSE,26.75,26.75,26.25,26.35,65302.0,,,data/daily_price/20260224.csv,26.15,25.8825,27.4067,28.2746,26.2381,-0.9398,3.1311,-1.3109,-5.8929,-15.8147,86161.05,0.7579,26.95,29.0,31.7,25.15,25.15,25.15,1.8062,-3.8555,-6.8068,0.4267,-2.2263,-9.1379,-16.877,4.7714,4.7714
20260225,5525,順天,TWSE,26.35,26.35,26.0,26.35,75851.0,,,data/daily_price/20260225.csv,26.3,25.8725,27.3775,28.2329,26.2474,0.0,2.9297,-0.7533,-6.2278,-15.949,84343.15,0.8993,26.75,29.0,31.7,25.15,25.15,25.15,1.8456,-3.7531,-6.6692,0.391,-1.4953,-9.1379,-16.877,4.7714,4.7714
20260226,5525,順天,TWSE,26.45,26.45,26.15,26.4,64520.0,,,data/daily_price/20260226.csv,26.36,25.8675,27.3492,28.1917,26.2601,0.1898,1.1494,-0.3774,-6.0498,-15.7895,83098.35,0.7764,26.75,29.0,31.7,25.15,25.15,25.15,2.0586,-3.4706,-6.3553,0.5327,-1.3084,-8.9655,-16.7192,4.9702,4.9702
20260302,5525,順天,TWSE,26.35,26.35,25.85,26.35,61839.0,,,data/daily_price/20260302.csv,26.41,25.885,27.3183,28.15,26.2676,-0.1894,0.9579,1.3462,-6.5603,-15.949,80734.8,0.766,26.75,29.0,31.7,25.15,25.15,25.15,1.7964,-3.5446,-6.3943,0.3137,-1.4953,-9.1379,-16.877,4.7714,4.7714
20260303,5525,順天,TWSE,26.05,26.15,25.85,26.15,38536.0,,,data/daily_price/20260303.csv,26.32,25.8825,27.2833,28.1083,26.2578,-0.759,-1.6917,-0.1908,-7.4336,-16.0514,76326.8,0.5049,26.75,29.0,31.7,25.15,25.15,25.15,1.0335,-4.1539,-6.9671,-0.4105,-2.243,-9.8276,-17.5079,3.9761,3.9761
20260304,5525,順天,TWSE,25.9,25.9,24.75,25.2,111618.0,,,data/daily_price/20260304.csv,26.09,25.8475,27.2292,28.06,26.1696,-3.6329,-4.3643,-2.7027,-11.4236,-18.7097,78233.7,1.4267,26.75,29.0,31.7,24.75,24.75,24.75,-2.5051,-7.4522,-10.1924,-3.7052,-5.7944,-13.1034,-20.5047,1.8182,1.8182
20260305,5525,順天,TWSE,25.2,25.75,25.05,25.4,51075.0,,,data/daily_price/20260305.csv,25.9,25.83,27.1775,28.0125,26.1055,0.7937,-3.6053,-1.3592,-10.8772,-18.328,76144.4,0.6708,26.75,29.0,31.7,24.75,24.75,24.75,-1.6647,-6.5403,-9.3262,-2.7025,-5.0467,-12.4138,-19.8738,2.6263,2.6263
20260306,5525,順天,TWSE,25.15,25.25,24.85,25.15,39866.0,,,data/daily_price/20260306.csv,25.65,25.8,27.1183,27.9646,26.0259,-0.9843,-4.7348,-2.3301,-12.3693,-18.6084,72828.75,0.5474,26.75,29.0,31.7,24.75,24.75,24.75,-2.5194,-7.2583,-10.0648,-3.3654,-5.9813,-13.2759,-20.6625,1.6162,1.6162
20260309,5525,順天,TWSE,24.7,24.7,24.05,24.35,174085.0,,,data/daily_price/20260309.csv,25.25,25.735,27.0508,27.9092,25.8862,-3.1809,-7.5901,-5.0682,-14.2606,-21.4516,77784.3,2.238,26.75,29.0,31.7,24.05,24.05,24.05,-5.3818,-9.9843,-12.7527,-5.9345,-8.972,-16.0345,-23.1861,1.2474,1.2474
20260310,5525,順天,TWSE,24.4,24.8,24.4,24.8,65359.0,,,data/daily_price/20260310.csv,24.98,25.69,26.99,27.8592,25.7957,1.848,-5.1625,-3.5019,-12.8295,-19.4805,76341.7,0.8561,26.75,29.0,31.7,24.05,24.05,24.05,-3.4644,-8.1141,-10.9808,-3.86,-7.2897,-14.4828,-21.7666,3.1185,3.1185
20260311,5525,順天,TWSE,25.0,25.5,25.0,25.3,69309.0,,,data/daily_price/20260311.csv,25.0,25.67,26.9367,27.8092,25.7544,2.0161,0.3968,-1.5564,-11.2281,-19.1693,77278.75,0.8969,26.75,29.0,31.7,24.05,24.05,24.05,-1.4414,-6.076,-9.0228,-1.7643,-5.4206,-12.7586,-20.1893,5.1975,5.1975
20260312,5525,順天,TWSE,24.7,25.15,24.7,24.9,74541.0,,,data/daily_price/20260312.csv,24.9,25.65,26.8767,27.7725,25.6832,-1.581,-1.9685,-1.581,-12.6316,-15.0171,76643.65,0.9726,26.75,29.0,31.7,24.05,24.05,24.05,-2.924,-7.3546,-10.343,-3.0495,-6.9159,-14.1379,-21.4511,3.5343,3.5343
20260313,5525,順天,TWSE,24.35,24.95,24.35,24.55,117941.0,,,data/daily_price/20260313.csv,24.78,25.6125,26.8108,27.7346,25.5888,-1.4056,-2.3857,-2.9644,-13.8596,-15.6357,79079.95,1.4914,26.75,29.0,31.7,24.05,24.05,24.05,-4.1484,-8.4325,-11.4824,-4.0595,-8.2243,-15.3448,-22.5552,2.079,2.079
20260316,5525,順天,TWSE,24.65,24.7,24.25,24.4,95811.0,,,data/daily_price/20260316.csv,24.79,25.56,26.7417,27.6954,25.4897,-0.611,0.2053,-4.1257,-14.5359,-16.1512,80131.95,1.1957,26.75,29.0,31.7,24.05,24.05,24.05,-4.5383,-8.7566,-11.8988,-4.2751,-8.785,-15.8621,-23.0284,1.4553,1.4553
20260317,5525,順天,TWSE,24.4,25.0,24.4,25.0,76402.0,,,data/daily_price/20260317.csv,24.83,25.53,26.6858,27.6612,25.4489,2.459,0.8065,-2.3438,-11.8166,-14.0893,82014.2,0.9316,26.75,29.0,31.7,24.05,24.05,24.05,-2.076,-6.3173,-9.6209,-1.7639,-6.5421,-13.7931,-21.1356,3.9501,3.9501
20260318,5525,順天,TWSE,25.05,25.8,25.0,25.75,56524.0,,,data/daily_price/20260318.csv,24.92,25.54,26.6408,27.6317,25.474,3.0,1.7787,0.7828,-9.4903,-12.116,83341.75,0.6782,26.75,29.0,31.7,24.05,24.05,24.05,0.8222,-3.3439,-6.8098,1.0835,-3.7383,-11.2069,-18.7697,7.0686,7.0686
20260319,5525,順天,TWSE,25.3,25.7,25.25,25.45,86860.0,,,data/daily_price/20260319.csv,25.03,25.5325,26.5933,27.5862,25.472,-1.165,2.2088,-0.5859,-10.0707,-17.6375,84495.65,1.028,26.75,29.0,31.25,24.05,24.05,24.05,-0.3231,-4.2993,-7.7439,-0.0863,-4.8598,-12.2414,-18.56,5.8212,5.8212
20260320,5525,順天,TWSE,25.6,26.8,25.6,25.9,100797.0,,,data/daily_price/20260320.csv,25.3,25.5225,26.5458,27.5462,25.5077,1.7682,5.499,-0.7663,-9.913,-15.6352,86675.0,1.1629,26.8,28.9,31.0,24.05,24.05,24.05,1.4791,-2.4329,-5.9763,1.5382,-3.3582,-10.3806,-16.4516,7.6923,7.6923
20260323,5525,順天,TWSE,25.0,25.4,24.6,25.15,68640.0,,,data/daily_price/20260323.csv,25.45,25.475,26.4867,27.4992,25.4778,-2.8958,3.0738,-3.6398,-12.3693,-18.3442,83662.8,0.8204,26.8,28.6,31.0,24.05,24.05,24.05,-1.2758,-5.0466,-8.5427,-1.2868,-6.1567,-12.0629,-18.871,4.5738,4.5738
20260324,5525,順天,TWSE,25.4,25.95,25.1,25.3,38092.0,,,data/daily_price/20260324.csv,25.51,25.41,26.4342,27.4533,25.463,0.5964,1.2,-4.8872,-11.0721,-17.8571,76648.4,0.497,26.8,28.6,31.0,24.05,24.05,24.05,-0.4329,-4.2905,-7.8436,-0.6403,-5.597,-11.5385,-18.3871,5.1975,5.1975
20260325,5525,順天,TWSE,25.65,25.65,25.5,25.65,44207.0,,,data/daily_price/20260325.csv,25.49,25.375,26.3892,27.4104,25.4786,1.3834,-0.3883,-2.6565,-9.5238,-16.7208,75593.65,0.5848,26.8,28.5,30.55,24.05,24.05,24.05,1.0837,-2.801,-6.4224,0.6727,-4.291,-10.0,-16.0393,6.6528,6.6528
20260326,5525,順天,TWSE,25.7,25.8,25.55,25.65,30915.0,,,data/daily_price/20260326.csv,25.53,25.34,26.3433,27.3721,25.4929,0.0,0.7859,-2.6565,-9.6831,-15.2066,73346.85,0.4215,26.8,28.5,30.5,24.05,24.05,24.05,1.2234,-2.6319,-6.2914,0.6163,-4.291,-10.0,-15.9016,6.6528,6.6528
20260327,5525,順天,TWSE,25.5,25.7,25.15,25.7,52486.0,,,data/daily_price/20260327.csv,25.49,25.305,26.2983,27.3338,25.5102,0.1949,-0.7722,-2.6515,-9.507,-15.1815,72745.15,0.7215,26.8,28.5,30.25,24.05,24.05,24.05,1.561,-2.2752,-5.977,0.7442,-4.1045,-9.8246,-15.0413,6.8607,6.8607
20260330,5525,順天,TWSE,25.2,25.3,25.0,25.1,32215.0,,,data/daily_price/20260330.csv,25.48,25.2425,26.2467,27.3067,25.476,-2.3346,-0.1988,-4.7438,-10.9929,-11.4638,71263.95,0.4521,26.8,28.4,29.1,24.05,24.05,24.05,-0.5645,-4.3688,-8.0811,-1.4758,-6.3433,-11.6197,-13.7457,4.3659,4.3659
20260331,5525,順天,TWSE,24.75,25.0,24.55,24.75,29571.0,,,data/daily_price/20260331.csv,25.37,25.1725,26.19,27.2725,25.4155,-1.3944,-2.1739,-5.3537,-12.0782,-14.2114,70815.7,0.4176,26.8,28.4,29.1,24.05,24.05,24.05,-1.6784,-5.4983,-9.2492,-2.6184,-7.6493,-12.8521,-14.9485,2.9106,2.9106
20260401,5525,順天,TWSE,25.1,25.2,24.45,24.75,46140.0,,,data/daily_price/20260401.csv,25.19,25.15,26.13,27.2383,25.36,0.0,-3.5088,-1.7857,-12.6984,-14.2114,67541.8,0.6831,26.8,28.4,29.1,24.05,24.05,24.05,-1.5905,-5.2813,-9.1354,-2.4054,-7.6493,-12.8521,-14.9485,2.9106,2.9106
20260402,5525,順天,TWSE,24.95,25.1,24.6,24.6,48777.0,,,data/daily_price/20260402.csv,24.98,25.11,26.0692,27.2029,25.2967,-0.6061,-4.0936,-3.1496,-12.9204,-14.7314,67426.9,0.7234,26.8,28.4,29.1,24.05,24.05,24.05,-2.0311,-5.6356,-9.5685,-2.754,-8.209,-13.3803,-15.4639,2.2869,2.2869
20260407,5525,順天,TWSE,25.0,25.0,24.5,24.55,42193.0,,,data/daily_price/20260407.csv,24.75,25.08,26.0075,27.1679,25.2345,-0.2033,-4.4747,-2.3857,-13.0973,-14.6087,67543.25,0.6247,26.8,28.3,29.1,24.05,24.05,24.05,-2.1132,-5.6042,-9.6361,-2.7124,-8.3955,-13.2509,-15.6357,2.079,2.079
20260408,5525,順天,TWSE,24.6,25.4,24.6,25.3,84062.0,,,data/daily_price/20260408.csv,24.79,25.1275,25.9583,27.1408,25.2399,3.055,0.7968,3.9014,-10.4425,-11.3835,63042.1,1.3334,26.8,28.3,29.1,24.25,24.05,24.05,0.6865,-2.5361,-6.7825,0.238,-5.597,-10.6007,-13.0584,5.1975,5.1975
20260409,5525,順天,TWSE,25.3,25.35,25.0,25.15,36740.0,,,data/daily_price/20260409.csv,24.87,25.145,25.9067,27.1137,25.2324,-0.5929,1.6162,1.4113,-10.9735,-11.4437,61611.15,0.5963,26.8,28.3,29.1,24.25,24.05,24.05,0.0199,-2.9207,-7.2426,-0.3267,-6.1567,-11.1307,-13.5739,4.5738,4.5738
20260410,5525,順天,TWSE,25.1,25.4,25.1,25.3,45626.0,,,data/daily_price/20260410.csv,24.98,25.145,25.86,27.0871,25.2381,0.5964,2.2222,0.0,-9.9644,-11.2281,60427.0,0.7551,26.8,28.05,29.1,24.25,24.05,24.05,0.6164,-2.1655,-6.5975,0.2454,-5.597,-9.8039,-13.0584,5.1975,5.1975
20260413,5525,順天,TWSE,25.3,25.45,25.25,25.35,94224.0,,,data/daily_price/20260413.csv,25.13,25.1675,25.8175,27.0621,25.2474,0.1976,3.0488,1.8072,-9.1398,-10.582,61411.15,1.5343,26.8,28.0,29.1,24.25,24.05,24.05,0.7251,-1.8108,-6.3265,0.4064,-5.4104,-9.4643,-12.8866,5.4054,5.4054
20260414,5525,順天,TWSE,25.35,25.4,25.05,25.25,151402.0,,,data/daily_price/20260414.csv,25.27,25.2025,25.7733,27.0342,25.2476,-0.3945,2.8513,2.8513,-9.4982,-11.7133,63084.2,2.4,26.8,28.0,29.1,24.25,24.05,24.05,0.1885,-2.0305,-6.5997,0.0095,-5.7836,-9.8214,-13.2302,4.9896,4.9896
20260415,5525,順天,TWSE,25.25,25.4,25.05,25.3,97266.0,,,data/daily_price/20260415.csv,25.27,25.2475,25.7317,27.0092,25.252,0.198,0.0,3.6885,-8.9928,-10.6007,63156.95,1.5401,26.8,28.0,29.1,24.4,24.05,24.05,0.2079,-1.6776,-6.3281,0.1902,-5.597,-9.6429,-13.0584,5.1975,5.1975
20260416,5525,順天,TWSE,25.15,25.4,25.05,25.2,85442.0,,,data/daily_price/20260416.csv,25.28,25.2575,25.685,26.9829,25.2476,-0.3953,0.1988,0.8,-10.0,-11.1111,63608.95,1.3432,26.8,28.0,29.1,24.45,24.05,24.05,-0.2277,-1.8883,-6.6076,-0.1887,-5.9701,-10.0,-13.4021,4.7817,4.7817
20260417,5525,順天,TWSE,25.2,25.25,24.9,25.25,63065.0,,,data/daily_price/20260417.csv,25.27,25.2325,25.64,26.9558,25.2478,0.1984,-0.1976,-1.9417,-9.6601,-11.4035,63936.0,0.9864,26.8,27.9,29.1,24.45,24.05,24.05,0.0694,-1.5211,-6.3283,0.0086,-5.7836,-9.4982,-13.2302,4.9896,4.9896
20260420,5525,順天,TWSE,25.05,25.2,24.85,24.9,94797.0,,,data/daily_price/20260420.csv,25.18,25.205,25.6025,26.9267,25.2189,-1.3861,-1.7751,-2.1611,-8.2873,-12.3239,64332.85,1.4735,26.8,27.5,29.1,24.45,24.05,24.05,-1.2101,-2.7439,-7.5266,-1.2643,-7.0896,-9.4545,-14.433,3.5343,3.5343
20260421,5525,順天,TWSE,24.95,25.1,24.95,25.0,35490.0,,,data/daily_price/20260421.csv,25.13,25.16,25.565,26.8988,25.2006,0.4016,-0.9901,-3.4749,-8.2569,-11.8166,61067.5,0.5812,25.95,27.5,29.1,24.45,24.05,24.05,-0.6359,-2.2101,-7.0589,-0.7961,-3.6609,-9.0909,-14.0893,3.9501,3.9501
20260422,5525,順天,TWSE,25.1,25.1,24.6,24.8,37635.0,,,data/daily_price/20260422.csv,25.03,25.1425,25.5208,26.8679,25.1672,-0.8,-1.9763,-1.3917,-9.6539,-12.9825,59517.25,0.6323,25.95,27.5,29.0,24.45,24.05,24.05,-1.3622,-2.8245,-7.6966,-1.4592,-4.4316,-9.8182,-14.4828,3.1185,3.1185
20260423,5525,順天,TWSE,24.7,24.7,23.95,24.2,149770.0,,,data/daily_price/20260423.csv,24.83,25.0875,25.4658,26.8333,25.0866,-2.4194,-3.9683,-4.3478,-12.0,-14.6384,65101.15,2.3006,25.8,27.35,29.0,23.95,23.95,23.95,-3.5376,-4.9707,-9.8137,-3.5343,-6.2016,-11.5174,-16.5517,1.0438,1.0438
20260424,5525,順天,TWSE,24.3,24.3,23.5,23.85,156968.0,,,data/daily_price/20260424.csv,24.55,24.9975,25.4183,26.7979,24.9836,-1.4463,-5.5446,-7.0175,-10.6742,-15.1246,70739.2,2.219,25.8,26.95,29.0,23.5,23.5,23.5,-4.5905,-6.1701,-11.0005,-4.5373,-7.5581,-11.5028,-17.7586,1.4894,1.4894
20260427,5525,順天,TWSE,23.5,23.5,22.9,23.15,143107.0,,,data/daily_price/20260427.csv,24.2,24.8725,25.3617,26.7554,24.8308,-2.935,-7.0281,-9.7466,-12.806,-18.0531,76348.8,1.8744,25.7,26.8,29.0,22.9,22.9,22.9,-6.9253,-8.7205,-13.4755,-6.7689,-9.9222,-13.6194,-20.1724,1.0917,1.0917
20260428,5525,順天,TWSE,23.15,23.25,23.05,23.2,84957.0,,,data/daily_price/20260428.csv,23.84,24.7475,25.3067,26.7133,24.6949,0.216,-7.2,-9.7276,-12.4528,-17.8761,77972.35,1.0896,25.45,26.8,29.0,22.9,22.9,22.9,-6.2532,-8.3246,-13.152,-6.0534,-8.8409,-13.4328,-20.0,1.31,1.31
20260429,5525,順天,TWSE,23.2,23.5,23.0,23.5,88213.0,,,data/daily_price/20260429.csv,23.58,24.6675,25.265,26.6754,24.5953,1.2931,-5.2419,-6.3745,-9.6154,-16.221,80772.25,1.0921,25.45,26.8,29.0,22.9,22.9,22.9,-4.7329,-6.9859,-11.9039,-4.4533,-7.6621,-12.3134,-18.9655,2.6201,2.6201
20260430,5525,順天,TWSE,23.2,23.5,22.85,23.0,102521.0,,,data/daily_price/20260430.csv,23.34,24.58,25.2117,26.6329,24.4624,-2.1277,-4.9587,-7.0707,-12.2137,-18.1495,84419.75,1.2144,25.45,26.8,29.0,22.85,22.85,22.85,-6.428,-8.7724,-13.6407,-5.978,-9.6267,-14.1791,-20.6897,0.6565,0.6565
20260504,5525,順天,TWSE,23.0,23.3,22.95,23.1,63673.0,,,data/daily_price/20260504.csv,23.19,24.4975,25.165,26.5912,24.3488,0.4348,-3.1447,-6.6667,-10.8108,-17.7936,85296.4,0.7465,25.45,26.8,29.0,22.85,22.85,22.85,-5.7047,-8.2058,-13.1293,-5.1289,-9.2338,-13.806,-20.3448,1.0941,1.0941
20260505,5525,順天,TWSE,23.3,23.3,22.9,23.1,64587.0,,,data/daily_price/20260505.csv,23.18,24.4225,25.1208,26.5488,24.2448,0.0,-0.216,-6.0976,-10.2913,-18.0851,86086.9,0.7503,25.45,26.8,29.0,22.85,22.85,22.85,-5.4151,-8.0445,-12.9903,-4.7217,-9.2338,-13.806,-20.3448,1.0941,1.0941
20260506,5525,順天,TWSE,23.2,23.2,23.0,23.15,71890.0,,,data/daily_price/20260506.csv,23.17,24.3525,25.0775,26.5067,24.1535,0.2165,-0.2155,-5.7026,-10.0971,-17.9078,87571.75,0.8209,25.45,26.8,29.0,22.85,22.85,22.85,-4.9379,-7.6862,-12.6635,-4.1548,-9.0373,-13.6194,-20.1724,1.3129,1.3129
20260507,5525,順天,TWSE,23.05,23.25,22.9,23.15,109193.0,,,data/daily_price/20260507.csv,23.1,24.245,25.0358,26.4642,24.0699,0.0,-1.4894,-8.498,-9.7466,-18.0531,88828.3,1.2293,25.45,26.8,29.0,22.85,22.85,22.85,-4.5164,-7.5325,-12.5232,-3.8218,-9.0373,-13.6194,-20.1724,1.3129,1.3129
20260508,5525,順天,TWSE,23.15,23.5,23.1,23.5,88989.0,,,data/daily_price/20260508.csv,23.2,24.1625,24.9992,26.4262,24.0224,1.5119,2.1739,-6.5606,-8.5603,-16.221,91440.75,0.9732,25.45,26.8,29.0,22.85,22.85,22.85,-2.7419,-5.9969,-11.0733,-2.1747,-7.6621,-12.3134,-18.9655,2.8446,2.8446
20260511,5525,順天,TWSE,23.6,23.6,22.9,23.4,40907.0,,,data/daily_price/20260511.csv,23.26,24.0675,24.9608,26.3871,23.9705,-0.4255,1.2987,-7.5099,-8.9494,-16.726,91204.8,0.4485,25.45,26.8,29.0,22.85,22.85,22.85,-2.7734,-6.2531,-11.3202,-2.3802,-8.055,-12.6866,-19.3103,2.407,2.407
20260512,5525,順天,TWSE,23.4,23.4,23.05,23.3,59682.0,,,data/daily_price/20260512.csv,23.3,23.965,24.9275,26.3438,23.9147,-0.4274,0.8658,-8.0868,-7.9051,-18.2456,89477.7,0.667,25.4,26.8,29.0,22.85,22.85,22.85,-2.7749,-6.5289,-11.554,-2.5702,-8.2677,-13.0597,-19.6552,1.9694,1.9694
20260513,5525,順天,TWSE,23.05,23.05,22.5,23.0,150652.0,,,data/daily_price/20260513.csv,23.27,23.8525,24.8892,26.2996,23.8384,-1.2876,-0.6479,-8.9109,-9.0909,-18.7279,89440.2,1.6844,25.4,26.8,29.0,22.5,22.5,22.5,-3.574,-7.5903,-12.5461,-3.5172,-9.4488,-14.1791,-20.6897,2.2222,2.2222
20260514,5525,順天,TWSE,22.75,23.2,22.7,23.0,189317.0,,,data/daily_price/20260514.csv,23.24,23.7375,24.8483,26.2558,23.7686,0.0,-0.6479,-9.0909,-9.6267,-18.5841,94042.75,2.0131,25.4,26.8,29.0,22.5,22.5,22.5,-3.1069,-7.4385,-12.4004,-3.2336,-9.4488,-14.1791,-20.6897,2.2222,2.2222
20260515,5525,順天,TWSE,23.0,23.0,22.4,22.65,148191.0,,,data/daily_price/20260515.csv,23.07,23.61,24.7992,26.2092,23.6754,-1.5217,-3.617,-10.119,-11.5234,-19.823,97180.2,1.5249,25.25,26.8,29.0,22.4,22.4,22.4,-4.0661,-8.6663,-13.5799,-4.3309,-10.297,-15.4851,-21.8966,1.1161,1.1161
20260518,5525,順天,TWSE,22.6,22.6,22.25,22.6,115758.0,,,data/daily_price/20260518.csv,22.91,23.4775,24.75,26.1617,23.5857,-0.2208,-3.4188,-10.495,-11.546,-20.1413,99814.85,1.1597,25.2,26.8,29.0,22.25,22.25,22.25,-3.7376,-8.6869,-13.6141,-4.1794,-10.3175,-15.6716,-22.069,1.573,1.573
20260519,5525,順天,TWSE,22.4,22.6,22.35,22.55,69849.0,,,data/daily_price/20260519.csv,22.76,23.36,24.6992,26.1133,23.4994,-0.2212,-3.2189,-9.4378,-11.9141,-20.4586,98567.45,0.7086,25.1,26.8,29.0,22.25,22.25,22.25,-3.4675,-8.7014,-13.6456,-4.0402,-10.1594,-15.8582,-22.2414,1.3483,1.3483
20260520,5525,順天,TWSE,22.55,22.55,22.15,22.4,85378.0,,,data/daily_price/20260520.csv,22.64,23.23,24.6375,26.0646,23.4078,-0.6652,-2.6087,-10.4,-14.1762,-20.708,101061.85,0.8448,25.1,26.8,29.0,22.15,22.15,22.15,-3.573,-9.0817,-14.0596,-4.3055,-10.757,-16.4179,-22.7586,1.1287,1.1287
20260521,5525,順天,TWSE,22.25,22.45,22.15,22.3,87428.0,,,data/daily_price/20260521.csv,22.5,23.105,24.5742,26.0158,23.3155,-0.4464,-3.0435,-10.0806,-14.5594,-20.7815,103551.5,0.8443,24.7,26.8,29.0,22.15,22.15,22.15,-3.4841,-9.2543,-14.283,-4.3555,-9.7166,-16.791,-23.1034,0.6772,0.6772
20260522,5525,順天,TWSE,22.15,22.3,21.55,21.7,292096.0,6364396.0,TWSE_RWD_JSON_MI_INDEX,data/daily_price/daily_price_20260522.csv,22.31,22.98,24.4925,25.9633,23.1809,-2.6906,-4.1943,-10.3306,-18.4211,-22.5,110667.8,2.6394,24.3,26.8,29.0,21.55,21.55,21.55,-5.5701,-11.4014,-16.4206,-6.3883,-10.6996,-19.0299,-25.1724,0.6961,0.6961
20260525,5525,順天,TWSE,21.7,21.7,20.45,21.0,299906.0,6246217.0,TWSE_RWD_JSON_MI_INDEX,data/daily_price/daily_price_20260525.csv,21.99,22.8375,24.4033,25.905,22.9991,-3.2258,-7.0796,-11.9497,-20.3036,-25.0,117814.7,2.5456,23.6,26.8,29.0,20.45,20.45,20.45,-8.046,-13.9462,-18.9346,-8.6922,-11.0169,-21.6418,-27.5862,2.6895,2.6895
20260526,5525,順天,TWSE,20.9,21.25,20.9,21.2,99486.0,2098414.0,TWSE_RWD_JSON_MI_INDEX,data/daily_price/daily_price_20260526.csv,21.72,22.74,24.3175,25.8475,22.8492,0.9524,-5.9867,-8.4233,-19.5446,-24.5552,115633.65,0.8604,23.6,26.8,29.0,20.45,20.45,20.45,-6.7722,-12.82,-17.9805,-7.2178,-10.1695,-20.8955,-26.8966,3.6675,3.6675
20260527,5525,順天,TWSE,21.0,21.35,20.55,21.0,459936.0,9668465.0,TWSE_RWD_JSON_MI_INDEX,data/daily_price/daily_price_20260527.csv,21.44,22.63,24.2275,25.7883,22.6951,-0.9434,-6.25,-9.4828,-20.4545,-25.2669,134382.6,3.4226,23.6,26.8,29.0,20.45,20.45,20.45,-7.2028,-13.3216,-18.5678,-7.469,-11.0169,-21.6418,-27.5862,2.6895,2.6895
20260528,5525,順天,TWSE,21.0,21.1,20.65,21.1,211416.0,4426277.0,TWSE_RWD_JSON_MI_INDEX,data/daily_price/daily_price_20260528.csv,21.2,22.51,24.14,25.7292,22.5622,0.4762,-5.3812,-10.2128,-19.9241,-25.1773,140542.75,1.5043,23.6,26.8,29.0,20.45,20.45,20.45,-6.2639,-12.5932,-17.9919,-6.4807,-10.5932,-21.2687,-27.2414,3.1785,3.1785
20260529,5525,順天,TWSE,21.1,21.2,20.75,21.15,133714.0,2807409.0,TWSE_RWD_JSON_MI_INDEX,data/daily_price/daily_price_20260529.csv,21.09,22.4175,24.0567,25.67,22.4445,0.237,-2.5346,-8.0435,-19.1205,-25.1327,142102.4,0.941,23.6,26.8,29.0,20.45,20.45,20.45,-5.6541,-12.0826,-17.6081,-5.7675,-10.3814,-21.0821,-27.069,3.423,3.423
20260601,5525,順天,TWSE,21.15,21.9,20.85,21.8,137634.0,2947476.0,TWSE_RWD_JSON_MI_INDEX,data/daily_price/daily_price_20260601.csv,21.25,22.3525,24.0,25.6146,22.3908,3.0733,3.8095,-5.6277,-13.4921,-23.3743,145800.45,0.944,23.6,26.8,29.0,20.45,20.45,20.45,-2.4718,-9.1667,-14.8922,-2.6385,-7.6271,-18.6567,-24.8276,6.6015,6.6015
20260602,5525,順天,TWSE,21.8,21.8,21.3,21.8,96587.0,2080821.0,TWSE_RWD_JSON_MI_INDEX,data/daily_price/daily_price_20260602.csv,21.37,22.2875,23.94,25.5588,22.3416,0.0,2.8302,-5.6277,-14.1732,-23.5088,147400.45,0.6553,23.6,26.8,29.0,20.45,20.45,20.45,-2.1873,-8.939,-14.7063,-2.424,-7.6271,-18.6567,-24.8276,6.6015,6.6015
20260603,5525,順天,TWSE,21.8,21.95,21.6,21.9,93319.0,2033009.0,TWSE_RWD_JSON_MI_INDEX,data/daily_price/daily_price_20260603.csv,21.55,22.225,23.8858,25.5021,22.3048,0.4587,4.2857,-5.3996,-12.9225,-23.6934,148471.9,0.6285,23.6,26.8,29.0,20.45,20.45,20.45,-1.4623,-8.3139,-14.1247,-1.8147,-7.2034,-18.2836,-24.4828,7.0905,7.0905
20260604,5525,順天,TWSE,22.0,22.65,21.85,22.15,218553.0,4869886.0,TWSE_RWD_JSON_MI_INDEX,data/daily_price/daily_price_20260604.csv,21.76,22.175,23.8492,25.45,22.2919,1.1416,4.9763,-4.3197,-9.0349,-22.007,153939.9,1.4197,23.6,26.8,29.0,20.45,20.45,20.45,-0.1127,-7.1246,-12.9666,-0.6364,-6.1441,-17.3507,-23.6207,8.313,8.313
20260605,5525,順天,TWSE,22.1,22.8,22.1,22.8,147439.0,3316994.0,TWSE_RWD_JSON_MI_INDEX,data/daily_price/daily_price_20260605.csv,22.09,22.14,23.8158,25.4029,22.3342,2.9345,7.8014,-2.9787,-8.0645,-19.8594,156862.4,0.9399,23.6,26.8,29.0,20.45,20.45,20.45,2.981,-4.2654,-10.2465,2.0856,-3.3898,-14.9254,-21.3793,11.4914,11.4914
20260608,5525,順天,TWSE,22.55,22.6,21.85,21.95,106387.0,2350353.0,TWSE_RWD_JSON_MI_INDEX,data/daily_price/daily_price_20260608.csv,22.12,22.0675,23.76,25.3483,22.3022,-3.7281,0.6881,-6.1966,-13.2411,-22.9825,160136.4,0.6644,23.4,26.8,29.0,20.45,20.45,20.45,-0.5325,-7.6178,-13.4065,-1.5792,-6.1966,-18.097,-24.3103,7.335,7.335
20260609,5525,順天,TWSE,21.35,21.65,21.3,21.55,237991.0,5101073.0,TWSE_RWD_JSON_MI_INDEX,data/daily_price/daily_price_20260609.csv,22.07,21.98,23.7042,25.2904,22.2395,-1.8223,-1.1468,-7.5107,-13.4538,-24.386,169051.85,1.4078,23.2,26.8,29.0,20.45,20.45,20.45,-1.9563,-9.0877,-14.7899,-3.1004,-7.1121,-19.5896,-25.6897,5.379,5.379
20260610,5525,順天,TWSE,21.3,22.75,21.25,22.3,385211.0,8479139.0,TWSE_RWD_JSON_MI_INDEX,data/daily_price/daily_price_20260610.csv,22.15,21.945,23.6667,25.2388,22.2445,3.4803,1.8265,-3.0435,-9.165,-21.7544,180779.8,2.1308,23.2,26.8,29.0,20.45,20.45,20.45,1.6177,-5.7746,-11.6438,0.2493,-3.8793,-16.791,-23.1034,9.0465,9.0465
20260611,5525,順天,TWSE,22.5,22.5,21.6,22.1,167966.0,3704713.0,TWSE_RWD_JSON_MI_INDEX,data/daily_price/daily_price_20260611.csv,22.14,21.9,23.6283,25.185,22.2325,-0.8969,-0.2257,-3.913,-9.4262,-22.5919,179712.25,0.9346,23.0,26.8,29.0,20.45,20.45,20.45,0.9132,-6.4682,-12.2494,-0.596,-3.913,-17.5373,-23.7931,8.0685,8.0685
20260612,5525,順天,TWSE,22.45,22.45,21.9,22.3,86562.0,1919031.0,TWSE_RWD_JSON_MI_INDEX,data/daily_price/daily_price_20260612.csv,22.04,21.8825,23.5833,25.1346,22.2381,0.905,-2.193,-1.5453,-10.8,-21.3404,176630.8,0.4901,22.8,26.8,29.0,20.45,20.45,20.45,1.9079,-5.4417,-11.2776,0.2782,-2.193,-16.791,-23.1034,9.0465,9.0465
20260615,5525,順天,TWSE,22.6,22.6,22.05,22.3,136980.0,3042734.0,TWSE_RWD_JSON_MI_INDEX,data/daily_price/daily_price_20260615.csv,22.11,21.8675,23.5258,25.0833,22.2433,0.0,1.5945,-1.3274,-13.3981,-21.6169,177691.9,0.7709,22.8,26.8,29.0,20.45,20.45,20.45,1.9778,-5.2106,-11.0963,0.255,-2.193,-16.791,-23.1034,9.0465,9.0465
20260616,5525,順天,TWSE,22.55,22.55,22.05,22.2,91411.0,2028162.0,TWSE_RWD_JSON_MI_INDEX,data/daily_price/daily_price_20260616.csv,22.24,21.85,23.4717,25.0325,22.2397,-0.4484,3.0162,-1.5521,-12.7701,-21.5548,178770.0,0.5113,22.8,26.8,29.0,20.45,20.45,20.45,1.6018,-5.4179,-11.3153,-0.1784,-2.6316,-17.1642,-23.4483,8.5575,8.5575
20260617,5525,順天,TWSE,22.1,22.5,22.1,22.5,179217.0,4000238.0,TWSE_RWD_JSON_MI_INDEX,data/daily_price/daily_price_20260617.csv,22.28,21.855,23.415,24.9804,22.2614,1.3514,0.8969,0.4464,-13.1274,-21.7391,183461.95,0.9769,22.8,25.95,28.9,20.45,20.45,20.45,2.9513,-3.9078,-9.9294,1.0719,-1.3158,-13.2948,-22.1453,10.0244,10.0244
20260618,5525,順天,TWSE,22.6,22.8,22.3,22.55,188650.0,4264122.0,TWSE_RWD_JSON_MI_INDEX,data/daily_price/daily_price_20260618.csv,22.37,21.8675,23.3717,24.9292,22.2854,0.2222,2.0362,1.1211,-10.338,-21.4286,188523.05,1.0007,22.8,25.95,28.6,20.45,20.45,20.45,3.1211,-3.5157,-9.5437,1.1872,-1.0965,-13.1021,-21.1538,10.2689,10.2689
20260622,5525,順天,TWSE,22.5,22.5,21.5,21.8,399154.0,8691898.0,TWSE_RWD_JSON_MI_INDEX,data/daily_price/daily_price_20260622.csv,22.27,21.8725,23.3133,24.8738,22.245,-3.3259,-2.2422,0.4608,-13.834,-23.3743,193875.95,2.0588,22.8,25.8,28.6,20.45,20.45,20.45,-0.3315,-6.4913,-12.3574,-2.0003,-4.386,-15.5039,-23.7762,6.6015,6.6015
20260623,5525,順天,TWSE,21.9,21.9,21.5,21.7,75553.0,1643476.0,TWSE_RWD_JSON_MI_INDEX,data/daily_price/daily_price_20260623.csv,22.15,21.9075,23.2475,24.8183,22.1996,-0.4587,-2.6906,3.3333,-15.3996,-23.4568,182658.3,0.4136,22.8,25.8,28.5,20.55,20.45,20.45,-0.9472,-6.6566,-12.5646,-2.2503,-4.8246,-15.8915,-23.8596,6.1125,6.1125
20260624,5525,順天,TWSE,21.6,22.0,21.55,21.9,93567.0,2033350.0,TWSE_RWD_JSON_MI_INDEX,data/daily_price/daily_price_20260624.csv,22.09,21.9425,23.185,24.7642,22.1746,0.9217,-1.3514,3.3019,-14.6199,-22.8873,182362.35,0.5131,22.8,25.7,28.5,20.55,20.45,20.45,-0.1937,-5.5424,-11.5658,-1.2383,-3.9474,-14.786,-23.1579,7.0905,7.0905
