date,stock_id,stock_name,market,open,high,low,close,volume,trading_value,source,source_file,ma5,ma20,ma60,ma120,ema23,return_1d,return_5d,return_20d,return_60d,return_120d,volume_ma20,volume_ratio,high_20,high_60,high_120,low_20,low_60,low_120,distance_to_ma20_pct,distance_to_ma60_pct,distance_to_ma120_pct,distance_to_ema23_pct,distance_to_high_20_pct,distance_to_high_60_pct,distance_to_high_120_pct,distance_to_low_60_pct,distance_to_low_120_pct
20240102,6202,盛群,TWSE,66.5,66.7,66.0,66.0,688241.0,45635561.0,TWSE_RWD_JSON_MI_INDEX,data/daily_price/daily_price_20240102.csv,,,,,,,,,,,,,,,,,,,,,,,,,,,
20240103,6202,盛群,TWSE,66.0,66.1,65.2,65.8,596654.0,39190119.0,TWSE_RWD_JSON_MI_INDEX,data/daily_price/daily_price_20240103.csv,,,,,,-0.303,,,,,,,,,,,,,,,,,,,,,
20240104,6202,盛群,TWSE,65.9,66.6,65.1,65.2,557379.0,36580279.0,TWSE_RWD_JSON_MI_INDEX,data/daily_price/daily_price_20240104.csv,,,,,,-0.9119,,,,,,,,,,,,,,,,,,,,,
20240105,6202,盛群,TWSE,65.2,65.6,64.9,64.9,530997.0,34557272.0,TWSE_RWD_JSON_MI_INDEX,data/daily_price/daily_price_20240105.csv,,,,,,-0.4601,,,,,,,,,,,,,,,,,,,,,
20240108,6202,盛群,TWSE,64.9,65.4,64.3,64.3,473594.0,30618232.0,TWSE_RWD_JSON_MI_INDEX,data/daily_price/daily_price_20240108.csv,65.24,65.24,65.24,65.24,65.7054,-0.9245,,,,,569373.0,0.8318,66.7,66.7,66.7,64.3,64.3,64.3,-1.4408,-1.4408,-1.4408,-2.139,-3.5982,-3.5982,-3.5982,0.0,0.0
20240109,6202,盛群,TWSE,64.3,64.4,62.5,62.6,1699551.0,106996178.0,TWSE_RWD_JSON_MI_INDEX,data/daily_price/daily_price_20240109.csv,64.56,64.8,64.8,64.8,65.4467,-2.6439,-5.1515,,,,757736.0,2.2429,66.7,66.7,66.7,62.5,62.5,62.5,-3.3951,-3.3951,-3.3951,-4.3496,-6.1469,-6.1469,-6.1469,0.16,0.16
20240110,6202,盛群,TWSE,62.4,62.9,62.2,62.5,466015.0,29089792.0,TWSE_RWD_JSON_MI_INDEX,data/daily_price/daily_price_20240110.csv,63.9,64.4714,64.4714,64.4714,65.2011,-0.1597,-5.0152,,,,716061.5714,0.6508,66.7,66.7,66.7,62.2,62.2,62.2,-3.0578,-3.0578,-3.0578,-4.1427,-6.2969,-6.2969,-6.2969,0.4823,0.4823
20240111,6202,盛群,TWSE,62.5,63.1,62.3,62.5,640901.0,40118712.0,TWSE_RWD_JSON_MI_INDEX,data/daily_price/daily_price_20240111.csv,63.36,64.225,64.225,64.225,64.976,0.0,-4.1411,,,,706666.5,0.9069,66.7,66.7,66.7,62.2,62.2,62.2,-2.6859,-2.6859,-2.6859,-3.8107,-6.2969,-6.2969,-6.2969,0.4823,0.4823
20240112,6202,盛群,TWSE,62.5,62.6,62.0,62.2,591399.0,36806021.0,TWSE_RWD_JSON_MI_INDEX,data/daily_price/daily_price_20240112.csv,62.82,64.0,64.0,64.0,64.7447,-0.48,-4.1602,,,,693859.0,0.8523,66.7,66.7,66.7,62.0,62.0,62.0,-2.8125,-2.8125,-2.8125,-3.9303,-6.7466,-6.7466,-6.7466,0.3226,0.3226
20240115,6202,盛群,TWSE,62.2,62.6,62.0,62.4,277180.0,17299074.0,TWSE_RWD_JSON_MI_INDEX,data/daily_price/daily_price_20240115.csv,62.44,63.84,63.84,63.84,64.5493,0.3215,-2.9549,,,,652191.1,0.425,66.7,66.7,66.7,62.0,62.0,62.0,-2.2556,-2.2556,-2.2556,-3.3297,-6.4468,-6.4468,-6.4468,0.6452,0.6452
20240116,6202,盛群,TWSE,62.0,62.1,61.6,61.7,666337.0,41169101.0,TWSE_RWD_JSON_MI_INDEX,data/daily_price/daily_price_20240116.csv,62.26,63.6455,63.6455,63.6455,64.3118,-1.1218,-1.4377,,,,653477.0909,1.0197,66.7,66.7,66.7,61.6,61.6,61.6,-3.0567,-3.0567,-3.0567,-4.0612,-7.4963,-7.4963,-7.4963,0.1623,0.1623
20240117,6202,盛群,TWSE,61.4,62.0,60.8,60.8,806720.0,49370203.0,TWSE_RWD_JSON_MI_INDEX,data/daily_price/daily_price_20240117.csv,61.92,63.4083,63.4083,63.4083,64.0192,-1.4587,-2.72,,,,666247.3333,1.2108,66.7,66.7,66.7,60.8,60.8,60.8,-4.1135,-4.1135,-4.1135,-5.0285,-8.8456,-8.8456,-8.8456,0.0,0.0
20240118,6202,盛群,TWSE,60.9,61.3,60.5,60.9,532873.0,32423980.0,TWSE_RWD_JSON_MI_INDEX,data/daily_price/daily_price_20240118.csv,61.6,63.2154,63.2154,63.2154,63.7593,0.1645,-2.56,,,,655987.7692,0.8123,66.7,66.7,66.7,60.5,60.5,60.5,-3.6627,-3.6627,-3.6627,-4.4845,-8.6957,-8.6957,-8.6957,0.6612,0.6612
20240119,6202,盛群,TWSE,61.0,61.5,60.7,61.1,510643.0,31157429.0,TWSE_RWD_JSON_MI_INDEX,data/daily_price/daily_price_20240119.csv,61.38,63.0643,63.0643,63.0643,63.5377,0.3284,-1.7685,,,,645606.0,0.791,66.7,66.7,66.7,60.5,60.5,60.5,-3.1147,-3.1147,-3.1147,-3.8366,-8.3958,-8.3958,-8.3958,0.9917,0.9917
20240122,6202,盛群,TWSE,61.3,62.2,61.2,61.9,477257.0,29370136.0,TWSE_RWD_JSON_MI_INDEX,data/daily_price/daily_price_20240122.csv,61.28,62.9867,62.9867,62.9867,63.4012,1.3093,-0.8013,,,,634382.7333,0.7523,66.7,66.7,66.7,60.5,60.5,60.5,-1.7252,-1.7252,-1.7252,-2.3678,-7.1964,-7.1964,-7.1964,2.314,2.314
20240123,6202,盛群,TWSE,61.9,63.0,61.9,62.6,558837.0,35026532.0,TWSE_RWD_JSON_MI_INDEX,data/daily_price/daily_price_20240123.csv,61.46,62.9625,62.9625,62.9625,63.3344,1.1309,1.4587,,,,629661.125,0.8875,66.7,66.7,66.7,60.5,60.5,60.5,-0.5757,-0.5757,-0.5757,-1.1596,-6.1469,-6.1469,-6.1469,3.4711,3.4711
20240124,6202,盛群,TWSE,62.6,62.8,62.1,62.3,638780.0,39867684.0,TWSE_RWD_JSON_MI_INDEX,data/daily_price/daily_price_20240124.csv,61.76,62.9235,62.9235,62.9235,63.2482,-0.4792,2.4671,,,,630197.5294,1.0136,66.7,66.7,66.7,60.5,60.5,60.5,-0.9909,-0.9909,-0.9909,-1.4992,-6.5967,-6.5967,-6.5967,2.9752,2.9752
20240125,6202,盛群,TWSE,63.3,63.3,61.7,61.8,532671.0,33114958.0,TWSE_RWD_JSON_MI_INDEX,data/daily_price/daily_price_20240125.csv,61.94,62.8611,62.8611,62.8611,63.1275,-0.8026,1.4778,,,,624779.3889,0.8526,66.7,66.7,66.7,60.5,60.5,60.5,-1.688,-1.688,-1.688,-2.1029,-7.3463,-7.3463,-7.3463,2.1488,2.1488
20240126,6202,盛群,TWSE,62.3,62.3,61.3,61.3,359628.0,22130914.0,TWSE_RWD_JSON_MI_INDEX,data/daily_price/daily_price_20240126.csv,61.98,62.7789,62.7789,62.7789,62.9752,-0.8091,0.3273,,,,610824.0526,0.5888,66.7,66.7,66.7,60.5,60.5,60.5,-2.3558,-2.3558,-2.3558,-2.6602,-8.096,-8.096,-8.096,1.3223,1.3223
20240129,6202,盛群,TWSE,61.3,62.0,61.0,61.8,378123.0,23280349.0,TWSE_RWD_JSON_MI_INDEX,data/daily_price/daily_price_20240129.csv,61.96,62.73,62.73,62.73,62.8773,0.8157,-0.1616,,,,599189.0,0.6311,66.7,66.7,66.7,60.5,60.5,60.5,-1.4825,-1.4825,-1.4825,-1.7133,-7.3463,-7.3463,-7.3463,2.1488,2.1488
20240130,6202,盛群,TWSE,61.0,61.3,60.6,60.6,1287000.0,78260765.0,TWSE_RWD_JSON_MI_INDEX,data/daily_price/daily_price_20240130.csv,61.56,62.46,62.6286,62.6286,62.6875,-1.9417,-3.1949,-8.1818,,,629126.95,2.0457,66.6,66.7,66.7,60.5,60.5,60.5,-2.9779,-3.2391,-3.2391,-3.3301,-9.009,-9.1454,-9.1454,0.1653,0.1653
20240131,6202,盛群,TWSE,61.5,62.7,61.2,61.8,1432197.0,88641992.0,TWSE_RWD_JSON_MI_INDEX,data/daily_price/daily_price_20240131.csv,61.46,62.26,62.5909,62.5909,62.6136,1.9802,-0.8026,-6.079,,,670904.1,2.1347,66.6,66.7,66.7,60.5,60.5,60.5,-0.7388,-1.2636,-1.2636,-1.2993,-7.2072,-7.3463,-7.3463,2.1488,2.1488
20240201,6202,盛群,TWSE,61.6,61.6,60.7,60.9,930875.0,56743572.0,TWSE_RWD_JSON_MI_INDEX,data/daily_price/daily_price_20240201.csv,61.28,62.045,62.5174,62.5174,62.4708,-1.4563,-1.4563,-6.5951,,,689578.9,1.3499,65.6,66.7,66.7,60.5,60.5,60.5,-1.8454,-2.5871,-2.5871,-2.5144,-7.1646,-8.6957,-8.6957,0.6612,0.6612
20240202,6202,盛群,TWSE,61.2,61.6,60.9,61.0,612460.0,37459157.0,TWSE_RWD_JSON_MI_INDEX,data/daily_price/daily_price_20240202.csv,61.22,61.85,62.4542,62.4542,62.3482,0.1642,-0.4894,-6.0092,,,693652.05,0.8829,65.4,66.7,66.7,60.5,60.5,60.5,-1.3743,-2.3284,-2.3284,-2.1624,-6.7278,-8.5457,-8.5457,0.8264,0.8264
20240205,6202,盛群,TWSE,61.3,61.3,60.1,60.2,1242442.0,74902755.0,TWSE_RWD_JSON_MI_INDEX,data/daily_price/daily_price_20240205.csv,60.9,61.645,62.364,62.364,62.1692,-1.3115,-2.589,-6.3764,,,732094.45,1.6971,64.4,66.7,66.7,60.1,60.1,60.1,-2.3441,-3.47,-3.47,-3.1675,-6.5217,-9.7451,-9.7451,0.1664,0.1664
20240215,6202,盛群,TWSE,60.2,60.5,59.6,60.5,1027926.0,61809461.0,TWSE_RWD_JSON_MI_INDEX,data/daily_price/daily_price_20240215.csv,60.88,61.54,62.2923,62.2923,62.0301,0.4983,-0.165,-3.3546,,,698513.2,1.4716,63.3,66.7,66.7,59.6,59.6,59.6,-1.69,-2.8773,-2.8773,-2.4667,-4.4234,-9.2954,-9.2954,1.5101,1.5101
20240216,6202,盛群,TWSE,60.8,61.0,60.2,61.0,654300.0,39679905.0,TWSE_RWD_JSON_MI_INDEX,data/daily_price/daily_price_20240216.csv,60.72,61.465,62.2444,62.2444,61.9442,0.8264,-1.2945,-2.4,,,707927.45,0.9242,63.3,66.7,66.7,59.6,59.6,59.6,-0.7565,-1.9993,-1.9993,-1.5244,-3.6335,-8.5457,-8.5457,2.349,2.349
20240219,6202,盛群,TWSE,61.1,61.7,61.0,61.3,893574.0,54792902.0,TWSE_RWD_JSON_MI_INDEX,data/daily_price/daily_price_20240219.csv,60.8,61.405,62.2107,62.2107,61.8906,0.4918,0.6568,-1.92,,,720561.1,1.2401,63.3,66.7,66.7,59.6,59.6,59.6,-0.171,-1.4639,-1.4639,-0.9542,-3.1596,-8.096,-8.096,2.8523,2.8523
20240220,6202,盛群,TWSE,61.3,61.9,61.0,61.0,838086.0,51431532.0,TWSE_RWD_JSON_MI_INDEX,data/daily_price/daily_price_20240220.csv,60.8,61.345,62.169,62.169,61.8163,-0.4894,0.0,-1.9293,,,732895.45,1.1435,63.3,66.7,66.7,59.6,59.6,59.6,-0.5624,-1.8803,-1.8803,-1.3206,-3.6335,-8.5457,-8.5457,2.349,2.349
20240221,6202,盛群,TWSE,61.0,61.1,60.6,60.8,567940.0,34542004.0,TWSE_RWD_JSON_MI_INDEX,data/daily_price/daily_price_20240221.csv,60.92,61.265,62.1233,62.1233,61.7317,-0.3279,0.9967,-2.5641,,,747433.45,0.7599,63.3,66.7,66.7,59.6,59.6,59.6,-0.759,-2.1302,-2.1302,-1.5092,-3.9494,-8.8456,-8.8456,2.0134,2.0134
20240222,6202,盛群,TWSE,61.5,62.3,61.2,61.4,1110968.0,68321443.0,TWSE_RWD_CSV_MI_INDEX,data/daily_price/daily_price_20240222.csv,61.1,61.25,62.1,62.1,61.704,0.9868,1.4876,-0.4862,,,769665.0,1.4434,63.3,66.7,66.7,59.6,59.6,59.6,0.2449,-1.1272,-1.1272,-0.4927,-3.0016,-7.946,-7.946,3.0201,3.0201
20240223,6202,盛群,TWSE,61.7,62.0,61.2,61.2,1018871.0,62783951.0,TWSE_RWD_JSON_MI_INDEX,data/daily_price/daily_price_20240223.csv,61.14,61.27,62.0719,62.0719,61.662,-0.3257,0.3279,0.6579,,,780272.55,1.3058,63.3,66.7,66.7,59.6,59.6,59.6,-0.1142,-1.4046,-1.4046,-0.7493,-3.3175,-8.2459,-8.2459,2.6846,2.6846
20240226,6202,盛群,TWSE,61.2,61.5,60.7,60.8,699522.0,42614951.0,TWSE_RWD_JSON_MI_INDEX,data/daily_price/daily_price_20240226.csv,61.04,61.265,62.0333,62.0333,61.5902,-0.6536,-0.8157,-0.1642,,,788605.0,0.887,63.3,66.7,66.7,59.6,59.6,59.6,-0.759,-1.9882,-1.9882,-1.283,-3.9494,-8.8456,-8.8456,2.0134,2.0134
20240227,6202,盛群,TWSE,60.8,61.6,60.2,60.4,759747.0,46101087.0,TWSE_RWD_JSON_MI_INDEX,data/daily_price/daily_price_20240227.csv,60.92,61.23,61.9853,61.9853,61.491,-0.6579,-0.9836,-1.1457,,,801060.2,0.9484,63.3,66.7,66.7,59.6,59.6,59.6,-1.3555,-2.5575,-2.5575,-1.7742,-4.5814,-9.4453,-9.4453,1.3423,1.3423
20240229,6202,盛群,TWSE,60.3,60.6,60.0,60.0,942213.0,56695165.0,TWSE_RWD_JSON_MI_INDEX,data/daily_price/daily_price_20240229.csv,60.76,61.135,61.9286,61.9286,61.3667,-0.6623,-1.3158,-3.0695,,,824308.0,1.143,63.3,66.7,66.7,59.6,59.6,59.6,-1.8565,-3.1142,-3.1142,-2.2272,-5.2133,-10.045,-10.045,0.6711,0.6711
20240301,6202,盛群,TWSE,60.0,60.0,59.7,59.8,1242390.0,74323784.0,TWSE_RWD_JSON_MI_INDEX,data/daily_price/daily_price_20240301.csv,60.44,60.995,61.8694,61.8694,61.2362,-0.3333,-2.6059,-4.4728,,,858485.65,1.4472,63.3,66.7,66.7,59.6,59.6,59.6,-1.9592,-3.3449,-3.3449,-2.3453,-5.5292,-10.3448,-10.3448,0.3356,0.3356
20240304,6202,盛群,TWSE,60.0,60.2,59.6,59.6,941699.0,56307576.0,TWSE_RWD_CSV_MI_INDEX,data/daily_price/daily_price_20240304.csv,60.12,60.86,61.8081,61.8081,61.0998,-0.3344,-2.6144,-4.3339,,,873631.6,1.0779,63.3,66.7,66.7,59.6,59.6,59.6,-2.0703,-3.5725,-3.5725,-2.4547,-5.8452,-10.6447,-10.6447,0.0,0.0
20240305,6202,盛群,TWSE,59.6,60.8,59.6,59.9,1039091.0,62543028.0,TWSE_RWD_JSON_MI_INDEX,data/daily_price/daily_price_20240305.csv,59.94,60.765,61.7579,61.7579,60.9998,0.5034,-1.4803,-3.0744,,,898952.6,1.1559,62.7,66.7,66.7,59.6,59.6,59.6,-1.4235,-3.0084,-3.0084,-1.803,-4.4657,-10.1949,-10.1949,0.5034,0.5034
20240306,6202,盛群,TWSE,59.9,59.9,59.0,59.1,1635356.0,96921716.0,TWSE_RWD_JSON_MI_INDEX,data/daily_price/daily_price_20240306.csv,59.68,60.655,61.6897,61.6897,60.8415,-1.3356,-2.1523,-3.5889,,,962739.0,1.6986,62.7,66.7,66.7,59.0,59.0,59.0,-2.5637,-4.198,-4.198,-2.8624,-5.7416,-11.3943,-11.3943,0.1695,0.1695
20240307,6202,盛群,TWSE,59.0,59.1,57.5,57.7,2013446.0,116989216.0,TWSE_RWD_JSON_MI_INDEX,data/daily_price/daily_price_20240307.csv,59.22,60.45,61.59,61.59,60.5797,-2.3689,-3.8333,-6.6343,,,1044505.15,1.9277,62.7,66.7,66.7,57.5,57.5,57.5,-4.5492,-6.316,-6.316,-4.7536,-7.9745,-13.4933,-13.4933,0.3478,0.3478
20240308,6202,盛群,TWSE,57.2,57.2,55.2,56.2,2717275.0,152837109.0,TWSE_RWD_JSON_MI_INDEX,data/daily_price/daily_price_20240308.csv,58.5,60.23,61.4585,61.4585,60.2148,-2.5997,-6.0201,-7.2607,,,1116018.9,2.4348,62.7,66.7,66.7,55.2,55.2,55.2,-6.691,-8.5562,-8.5562,-6.6674,-10.3668,-15.7421,-15.7421,1.8116,1.8116
20240311,6202,盛群,TWSE,55.8,57.3,55.7,57.2,1207276.0,68592763.0,TWSE_RWD_JSON_MI_INDEX,data/daily_price/daily_price_20240311.csv,58.02,60.0,61.3571,61.3571,59.9635,1.7794,-4.0268,-7.4434,,,1104772.85,1.0928,62.3,66.7,66.7,55.2,55.2,55.2,-4.6667,-6.7753,-6.7753,-4.6087,-8.1862,-14.2429,-14.2429,3.6232,3.6232
20240312,6202,盛群,TWSE,57.4,57.4,56.6,56.8,818277.0,46515104.0,TWSE_RWD_JSON_MI_INDEX,data/daily_price/daily_price_20240312.csv,57.4,59.795,61.2512,61.2512,59.6999,-0.6993,-5.1753,-6.7323,,,1099142.95,0.7445,62.3,66.7,66.7,55.2,55.2,55.2,-5.0088,-7.2671,-7.2671,-4.8575,-8.8283,-14.8426,-14.8426,2.8986,2.8986
20240313,6202,盛群,TWSE,56.8,56.9,55.3,55.3,1287601.0,71889293.0,TWSE_RWD_JSON_MI_INDEX,data/daily_price/daily_price_20240313.csv,56.64,59.51,61.1159,61.1159,59.3332,-2.6408,-6.4298,-9.3443,,,1132900.0,1.1366,62.3,66.7,66.7,55.2,55.2,55.2,-7.0744,-9.5162,-9.5162,-6.7976,-11.236,-17.0915,-17.0915,0.1812,0.1812
20240314,6202,盛群,TWSE,55.3,55.6,54.6,54.8,1088704.0,59851713.0,TWSE_RWD_JSON_MI_INDEX,data/daily_price/daily_price_20240314.csv,56.06,59.24,60.9756,60.9756,58.9555,-0.9042,-5.026,-8.9701,,,1125213.1,0.9676,62.3,66.7,66.7,54.6,54.6,54.6,-7.4949,-10.1279,-10.1279,-7.0485,-12.0385,-17.8411,-17.8411,0.3663,0.3663
20240315,6202,盛群,TWSE,54.6,54.6,53.0,53.0,1848210.0,99353149.0,TWSE_RWD_JSON_MI_INDEX,data/daily_price/daily_price_20240315.csv,55.42,58.865,60.8022,60.8022,58.4592,-3.2847,-5.694,-12.3967,,,1166227.3,1.5848,62.3,66.7,66.7,53.0,53.0,53.0,-9.9635,-12.8321,-12.8321,-9.3385,-14.9278,-20.5397,-20.5397,0.0,0.0
20240318,6202,盛群,TWSE,53.2,54.1,52.8,53.8,1559094.0,83169072.0,TWSE_RWD_JSON_MI_INDEX,data/daily_price/daily_price_20240318.csv,54.74,58.505,60.6532,60.6532,58.0709,1.5094,-5.9441,-11.8033,,,1211467.0,1.2869,62.3,66.7,66.7,52.8,52.8,52.8,-8.042,-11.299,-11.299,-7.3547,-13.6437,-19.3403,-19.3403,1.8939,1.8939
20240319,6202,盛群,TWSE,53.8,54.3,53.7,53.9,641516.0,34613855.0,TWSE_RWD_JSON_MI_INDEX,data/daily_price/daily_price_20240319.csv,54.16,58.135,60.5125,60.5125,57.7233,0.1859,-5.1056,-12.0718,,,1198864.1,0.5351,62.3,66.7,66.7,52.8,52.8,52.8,-7.2848,-10.9275,-10.9275,-6.6236,-13.4831,-19.1904,-19.1904,2.0833,2.0833
20240320,6202,盛群,TWSE,53.9,54.2,53.0,53.0,762489.0,40689987.0,TWSE_RWD_JSON_MI_INDEX,data/daily_price/daily_price_20240320.csv,53.7,57.735,60.3592,60.3592,57.3297,-1.6698,-4.1591,-13.1148,,,1195084.25,0.638,62.3,66.7,66.7,52.8,52.8,52.8,-8.2013,-12.1923,-12.1923,-7.5523,-14.9278,-20.5397,-20.5397,0.3788,0.3788
20240321,6202,盛群,TWSE,53.1,53.8,53.1,53.8,826786.0,44201306.0,TWSE_RWD_JSON_MI_INDEX,data/daily_price/daily_price_20240321.csv,53.5,57.385,60.228,60.228,57.0356,1.5094,-1.8248,-11.5132,,,1208026.55,0.6844,62.3,66.7,66.7,52.8,52.8,52.8,-6.2473,-10.6728,-10.6728,-5.6729,-13.6437,-19.3403,-19.3403,1.8939,1.8939
20240322,6202,盛群,TWSE,53.9,54.8,53.7,54.7,901348.0,48930300.0,TWSE_RWD_JSON_MI_INDEX,data/daily_price/daily_price_20240322.csv,53.84,57.05,60.1196,60.1196,56.841,1.6729,3.2075,-10.9121,,,1197545.55,0.7527,62.0,66.7,66.7,52.8,52.8,52.8,-4.1192,-9.0147,-9.0147,-3.7666,-11.7742,-17.991,-17.991,3.5985,3.5985
20240325,6202,盛群,TWSE,55.0,55.3,53.8,54.2,1049009.0,56811337.0,TWSE_RWD_JSON_MI_INDEX,data/daily_price/daily_price_20240325.csv,53.92,56.7,60.0058,60.0058,56.6209,-0.9141,0.7435,-11.4379,,,1199052.45,0.8749,61.6,66.7,66.7,52.8,52.8,52.8,-4.4092,-9.6754,-9.6754,-4.2756,-12.013,-18.7406,-18.7406,2.6515,2.6515
20240326,6202,盛群,TWSE,54.2,55.1,54.2,54.5,967467.0,52837647.0,TWSE_RWD_JSON_MI_INDEX,data/daily_price/daily_price_20240326.csv,54.04,56.385,59.9019,59.9019,56.4441,0.5535,1.1132,-10.3618,,,1212449.7,0.7979,61.6,66.7,66.7,52.8,52.8,52.8,-3.3431,-9.0179,-9.0179,-3.4444,-11.526,-18.2909,-18.2909,3.2197,3.2197
20240327,6202,盛群,TWSE,54.8,55.3,54.6,55.0,547848.0,30168209.0,TWSE_RWD_JSON_MI_INDEX,data/daily_price/daily_price_20240327.csv,54.44,56.115,59.8111,59.8111,56.3238,0.9174,3.7736,-8.9404,,,1201854.75,0.4558,60.8,66.7,66.7,52.8,52.8,52.8,-1.987,-8.0438,-8.0438,-2.3503,-9.5395,-17.5412,-17.5412,4.1667,4.1667
20240328,6202,盛群,TWSE,55.1,55.2,54.0,54.0,597238.0,32501738.0,TWSE_RWD_JSON_MI_INDEX,data/daily_price/daily_price_20240328.csv,54.48,55.815,59.7055,59.7055,56.1301,-1.8182,0.3717,-10.0,,,1184606.0,0.5042,60.8,66.7,66.7,52.8,52.8,52.8,-3.2518,-9.556,-9.556,-3.795,-11.1842,-19.0405,-19.0405,2.2727,2.2727
20240329,6202,盛群,TWSE,54.4,54.4,53.7,53.9,406188.0,21948903.0,TWSE_RWD_JSON_MI_INDEX,data/daily_price/daily_price_20240329.csv,54.32,55.52,59.6018,59.6018,55.9443,-0.1852,-1.4625,-9.8662,,,1142795.9,0.3554,60.8,66.7,66.7,52.8,52.8,52.8,-2.9179,-9.5665,-9.5665,-3.6542,-11.3487,-19.1904,-19.1904,2.0833,2.0833
20240401,6202,盛群,TWSE,54.3,55.7,54.3,55.7,1370476.0,75665781.0,TWSE_RWD_JSON_MI_INDEX,data/daily_price/daily_price_20240401.csv,54.62,55.325,59.5333,59.5333,55.9239,3.3395,2.7675,-6.5436,,,1164234.75,1.1771,60.8,66.7,66.7,52.8,52.8,52.8,0.6778,-6.439,-6.439,-0.4004,-8.3882,-16.4918,-16.4918,5.4924,5.4924
20240402,6202,盛群,TWSE,56.5,61.0,56.5,59.7,7350417.0,435236520.0,TWSE_RWD_JSON_MI_INDEX,data/daily_price/daily_price_20240402.csv,55.66,55.315,59.5362,59.5362,56.2386,7.1813,9.5413,-0.3339,,,1479801.05,4.9672,61.0,66.7,66.7,52.8,52.8,52.8,7.9273,0.2751,0.2751,6.1548,-2.1311,-10.4948,-10.4948,13.0682,13.0682
20240403,6202,盛群,TWSE,59.3,59.3,58.0,59.0,2037364.0,119715623.0,TWSE_RWD_JSON_MI_INDEX,data/daily_price/daily_price_20240403.csv,56.46,55.31,59.5271,59.5271,56.4687,-1.1725,7.2727,-0.1692,,,1499901.45,1.3583,61.0,66.7,66.7,52.8,52.8,52.8,6.6715,-0.8855,-0.8855,4.4826,-3.2787,-11.5442,-11.5442,11.7424,11.7424
20240408,6202,盛群,TWSE,59.0,59.5,57.7,57.9,1391302.0,80989099.0,TWSE_RWD_JSON_MI_INDEX,data/daily_price/daily_price_20240408.csv,57.24,55.32,59.5,59.5,56.588,-1.8644,7.2222,0.3466,,,1468794.25,0.9472,61.0,66.7,66.7,52.8,52.8,52.8,4.6638,-2.6891,-2.6891,2.3185,-5.082,-13.1934,-13.1934,9.6591,9.6591
20240409,6202,盛群,TWSE,57.9,58.8,57.1,57.3,1137578.0,65549974.0,TWSE_RWD_CSV_MI_INDEX,data/daily_price/daily_price_20240409.csv,57.92,55.375,59.355,59.4639,56.6473,-1.0363,6.308,1.9573,-13.1818,,1389809.4,0.8185,61.0,66.6,66.7,52.8,52.8,52.8,3.4763,-3.4622,-3.6391,1.1522,-6.0656,-13.964,-14.093,8.5227,8.5227
20240410,6202,盛群,TWSE,57.7,59.5,57.7,58.4,2159480.0,126831483.0,TWSE_RWD_JSON_MI_INDEX,data/daily_price/daily_price_20240410.csv,58.46,55.435,59.2317,59.4468,56.7934,1.9197,4.8474,2.0979,-11.2462,,1437419.6,1.5023,61.0,66.6,66.7,52.8,52.8,52.8,5.3486,-1.4041,-1.7609,2.8289,-4.2623,-12.3123,-12.4438,10.6061,10.6061
20240411,6202,盛群,TWSE,58.4,58.5,57.5,57.8,890851.0,51549382.0,TWSE_RWD_JSON_MI_INDEX,data/daily_price/daily_price_20240411.csv,58.08,55.485,59.1083,59.4206,56.8773,-1.0274,-3.1826,1.7606,-11.3497,,1441048.3,0.6182,61.0,65.6,66.7,52.8,52.8,52.8,4.1723,-2.2134,-2.7274,1.6223,-5.2459,-11.8902,-13.3433,9.4697,9.4697
20240412,6202,盛群,TWSE,58.5,59.1,58.2,59.0,1184239.0,69528609.0,TWSE_RWD_JSON_MI_INDEX,data/daily_price/daily_price_20240412.csv,58.08,55.67,59.01,59.4141,57.0542,2.0761,0.0,6.6908,-9.0909,,1435880.2,0.8247,61.0,65.4,66.7,52.8,52.8,52.8,5.9817,-0.0169,-0.6969,3.4105,-3.2787,-9.7859,-11.5442,11.7424,11.7424
20240415,6202,盛群,TWSE,58.5,59.1,58.0,58.0,872820.0,51075228.0,TWSE_RWD_JSON_MI_INDEX,data/daily_price/daily_price_20240415.csv,58.1,55.83,58.905,59.3923,57.133,-1.6949,0.1727,5.8394,-9.7978,,1425086.0,0.6125,61.0,64.4,66.7,52.8,52.8,52.8,3.8868,-1.5364,-2.3443,1.5175,-4.918,-9.9379,-13.0435,9.8485,9.8485
20240416,6202,盛群,TWSE,57.6,57.8,55.4,56.1,1444136.0,81571259.0,TWSE_RWD_JSON_MI_INDEX,data/daily_price/daily_price_20240416.csv,57.86,55.985,58.7967,59.3424,57.0469,-3.2759,-2.0942,5.8491,-10.3834,,1404882.3,1.0279,61.0,63.3,66.7,52.8,52.8,52.8,0.2054,-4.5864,-5.4639,-1.6599,-8.0328,-11.3744,-15.8921,6.25,6.25
20240417,6202,盛群,TWSE,56.2,56.9,56.2,56.3,574778.0,32453400.0,TWSE_RWD_JSON_MI_INDEX,data/daily_price/daily_price_20240417.csv,57.44,56.11,58.6933,59.297,56.9847,0.3565,-3.5959,4.6468,-9.92,,1355666.5,0.424,61.0,63.3,66.7,53.0,52.8,52.8,0.3386,-4.0777,-5.0542,-1.2015,-7.7049,-11.0585,-15.5922,6.6288,6.6288
20240418,6202,盛群,TWSE,57.1,58.7,56.6,58.5,1816922.0,104984729.0,TWSE_RWD_JSON_MI_INDEX,data/daily_price/daily_price_20240418.csv,57.58,56.34,58.6267,59.2853,57.1109,3.9076,1.2111,8.5343,-6.4,,1414436.8,1.2846,61.0,63.3,66.7,53.0,52.8,52.8,3.8339,-0.2161,-1.3246,2.4322,-4.0984,-7.5829,-12.2939,10.7955,10.7955
20240419,6202,盛群,TWSE,57.9,59.6,56.2,57.0,2937003.0,169961974.0,TWSE_RWD_JSON_MI_INDEX,data/daily_price/daily_price_20240419.csv,57.18,56.54,58.54,59.2522,57.1017,-2.5641,-3.3898,7.5472,-8.3601,,1523162.5,1.9282,61.0,63.3,66.7,53.1,52.8,52.8,0.8136,-2.6307,-3.801,-0.1781,-6.5574,-9.9526,-14.5427,7.9545,7.9545
20240422,6202,盛群,TWSE,56.9,57.4,55.7,55.9,1280325.0,72213260.0,TWSE_RWD_JSON_MI_INDEX,data/daily_price/daily_price_20240422.csv,56.76,56.645,58.4317,59.2043,57.0016,-1.9298,-3.6207,3.9033,-10.4167,,1545839.45,0.8282,61.0,63.3,66.7,53.7,52.8,52.8,-1.3152,-4.3327,-5.5812,-1.9325,-8.3607,-11.6904,-16.1919,5.8712,5.8712
20240423,6202,盛群,TWSE,56.2,57.9,56.2,57.6,1473327.0,84598817.0,TWSE_RWD_JSON_MI_INDEX,data/daily_price/daily_price_20240423.csv,57.06,56.79,58.3633,59.1817,57.0514,3.0411,2.6738,5.3016,-6.6451,,1574438.4,0.9358,61.0,63.3,66.7,53.7,52.8,52.8,1.4263,-1.3079,-2.6726,0.9615,-5.5738,-9.0047,-13.6432,9.0909,9.0909
20240424,6202,盛群,TWSE,58.2,58.9,58.0,58.3,1866084.0,109001281.0,TWSE_RWD_JSON_MI_INDEX,data/daily_price/daily_price_20240424.csv,57.46,56.995,58.3217,59.1694,57.1555,1.2153,3.5524,7.5646,-4.1118,,1615292.15,1.1553,61.0,63.3,66.7,53.7,52.8,52.8,2.2897,-0.0372,-1.4694,2.0025,-4.4262,-7.8989,-12.5937,10.4167,10.4167
20240425,6202,盛群,TWSE,58.3,59.1,57.5,58.8,1555111.0,91093407.0,TWSE_RWD_JSON_MI_INDEX,data/daily_price/daily_price_20240425.csv,57.52,57.21,58.2867,59.1644,57.2925,0.8576,0.5128,7.8899,-3.4483,,1644674.35,0.9455,61.0,63.3,66.7,53.7,52.8,52.8,2.7792,0.8807,-0.6159,2.6312,-3.6066,-7.109,-11.8441,11.3636,11.3636
20240426,6202,盛群,TWSE,59.0,59.1,58.1,58.3,1590266.0,93115963.0,TWSE_RWD_JSON_MI_INDEX,data/daily_price/daily_price_20240426.csv,57.78,57.375,58.24,59.1527,57.3765,-0.8503,2.2807,6.0,-4.5827,,1696795.25,0.9372,61.0,63.3,66.7,53.7,52.8,52.8,1.6122,0.103,-1.4415,1.6096,-4.4262,-7.8989,-12.5937,10.4167,10.4167
20240429,6202,盛群,TWSE,59.3,59.3,58.5,59.2,1085564.0,63963368.0,TWSE_RWD_JSON_MI_INDEX,data/daily_price/daily_price_20240429.csv,58.44,57.635,58.195,59.1533,57.5284,1.5437,5.9034,9.6296,-4.3619,,1721211.55,0.6307,61.0,63.3,66.7,53.7,52.8,52.8,2.7154,1.727,0.0789,2.9056,-2.9508,-6.4771,-11.2444,12.1212,12.1212
20240430,6202,盛群,TWSE,58.7,60.5,58.4,60.0,1933931.0,114890672.0,TWSE_RWD_JSON_MI_INDEX,data/daily_price/daily_price_20240430.csv,58.92,57.94,58.1517,59.1645,57.7344,1.3514,4.1667,11.3173,-4.1534,,1797598.7,1.0758,61.0,63.3,66.7,54.3,52.8,52.8,3.5554,3.1785,1.4122,3.9242,-1.6393,-5.2133,-10.045,13.6364,13.6364
20240502,6202,盛群,TWSE,60.2,60.8,58.8,59.2,3752099.0,223631544.0,TWSE_RWD_JSON_MI_INDEX,data/daily_price/daily_price_20240502.csv,59.1,58.115,58.1,59.1649,57.8565,-1.3333,1.5437,6.2837,-4.9759,,1916679.85,1.9576,61.0,63.3,66.7,55.4,52.8,52.8,1.867,1.8933,0.0593,2.3221,-2.9508,-6.4771,-11.2444,12.1212,12.1212
20240503,6202,盛群,TWSE,59.8,60.8,58.9,58.9,2146929.0,128786738.0,TWSE_RWD_JSON_MI_INDEX,data/daily_price/daily_price_20240503.csv,59.12,58.075,58.0517,59.1615,57.9435,-0.5068,0.1701,-1.34,-4.6926,,1656505.45,1.2961,60.8,62.7,66.7,55.4,52.8,52.8,1.4206,1.4613,-0.4421,1.6508,-3.125,-6.0606,-11.6942,11.553,11.553
20240506,6202,盛群,TWSE,59.7,60.5,58.7,59.3,1567123.0,93515838.0,TWSE_RWD_JSON_MI_INDEX,data/daily_price/daily_price_20240506.csv,59.32,58.09,58.0183,59.1633,58.0565,0.6791,1.7153,0.5085,-3.2626,,1632993.4,0.9597,60.8,62.7,66.7,55.4,52.8,52.8,2.083,2.2091,0.2311,2.1418,-2.4671,-5.4226,-11.0945,12.3106,12.3106
20240507,6202,盛群,TWSE,59.9,59.9,58.0,58.2,1291665.0,75462733.0,TWSE_RWD_JSON_MI_INDEX,data/daily_price/daily_price_20240507.csv,59.12,58.105,57.9583,59.1512,58.0685,-1.855,-1.6892,0.5181,-5.8252,,1628011.55,0.7934,60.8,62.7,66.7,55.4,52.8,52.8,0.1635,0.417,-1.6082,0.2265,-4.2763,-7.177,-12.7436,10.2273,10.2273
20240508,6202,盛群,TWSE,58.6,59.7,58.2,59.5,1380808.0,81829621.0,TWSE_RWD_JSON_MI_INDEX,data/daily_price/daily_price_20240508.csv,59.02,58.215,57.94,59.1556,58.1878,2.2337,-0.8333,3.8394,-1.8152,,1640173.05,0.8419,60.8,62.7,66.7,55.4,52.8,52.8,2.2073,2.6924,0.5823,2.2552,-2.1382,-5.1037,-10.7946,12.6894,12.6894
20240509,6202,盛群,TWSE,59.7,59.7,58.0,58.0,951209.0,55739311.0,TWSE_RWD_JSON_MI_INDEX,data/daily_price/daily_price_20240509.csv,58.78,58.195,57.8767,59.1415,58.1721,-2.521,-2.027,-0.6849,-6.1489,,1579759.5,0.6021,60.8,62.3,66.7,55.4,52.8,52.8,-0.3351,0.2131,-1.9301,-0.2959,-4.6053,-6.9021,-13.0435,9.8485,9.8485
20240510,6202,盛群,TWSE,58.2,58.5,57.5,58.0,642983.0,37237639.0,TWSE_RWD_JSON_MI_INDEX,data/daily_price/daily_price_20240510.csv,58.6,58.205,57.8283,59.1277,58.1578,0.0,-1.528,0.346,-4.7619,,1567366.1,0.4102,60.8,62.3,66.7,55.4,52.8,52.8,-0.3522,0.2969,-1.9072,-0.2713,-4.6053,-6.9021,-13.0435,9.8485,9.8485
20240513,6202,盛群,TWSE,57.9,58.0,57.1,57.9,445012.0,25666641.0,TWSE_RWD_JSON_MI_INDEX,data/daily_price/daily_price_20240513.csv,58.32,58.15,57.7767,59.1131,58.1363,-0.1724,-2.3609,-1.8644,-5.082,,1530404.75,0.2908,60.8,62.3,66.7,55.4,52.8,52.8,-0.4299,0.2135,-2.0522,-0.4065,-4.7697,-7.0626,-13.1934,9.6591,9.6591
20240514,6202,盛群,TWSE,57.9,58.5,57.9,58.3,508587.0,29591976.0,TWSE_RWD_JSON_MI_INDEX,data/daily_price/daily_price_20240514.csv,58.34,58.165,57.745,59.1035,58.1499,0.6908,0.1718,0.5172,-3.1561,,1512193.1,0.3363,60.8,62.3,66.7,55.4,52.8,52.8,0.2321,0.9611,-1.3595,0.258,-4.1118,-6.4205,-12.5937,10.4167,10.4167
20240515,6202,盛群,TWSE,58.3,58.8,58.1,58.6,558275.0,32663967.0,TWSE_RWD_JSON_MI_INDEX,data/daily_price/daily_price_20240515.csv,58.16,58.29,57.7133,59.0977,58.1874,0.5146,-1.5126,4.4563,-3.1405,,1467900.05,0.3803,60.8,62.3,66.7,55.7,52.8,52.8,0.5318,1.5363,-0.8421,0.709,-3.6184,-5.939,-12.1439,10.9848,10.9848
20240516,6202,盛群,TWSE,59.0,59.5,58.6,59.4,946187.0,55955748.0,TWSE_RWD_JSON_MI_INDEX,data/daily_price/daily_price_20240516.csv,58.44,58.445,57.6867,59.1011,58.2885,1.3652,2.4138,5.5062,-2.623,,1486470.5,0.6365,60.8,62.3,66.7,55.7,52.8,52.8,1.634,2.9701,0.5057,1.9069,-2.3026,-4.6549,-10.9445,12.5,12.5
20240517,6202,盛群,TWSE,59.6,59.8,59.1,59.5,781643.0,46525359.0,TWSE_RWD_JSON_MI_INDEX,data/daily_price/daily_price_20240517.csv,58.74,58.495,57.6567,59.1057,58.3895,0.1684,2.5862,1.7094,-2.9364,,1434706.55,0.5448,60.8,62.3,66.7,55.7,52.8,52.8,1.7181,3.1971,0.6671,1.902,-2.1382,-4.4944,-10.7946,12.6894,12.6894
20240520,6202,盛群,TWSE,59.8,60.3,59.0,60.2,1210237.0,72505557.0,TWSE_RWD_JSON_MI_INDEX,data/daily_price/daily_price_20240520.csv,59.2,58.655,57.6433,59.118,58.5403,1.1765,3.9724,5.614,-1.3115,,1348368.25,0.8976,60.8,62.3,66.7,55.7,52.8,52.8,2.634,4.4353,1.8303,2.8351,-0.9868,-3.3708,-9.7451,14.0152,14.0152
20240521,6202,盛群,TWSE,60.2,60.6,59.6,60.3,1297160.0,78152785.0,TWSE_RWD_JSON_MI_INDEX,data/daily_price/daily_price_20240521.csv,59.6,58.875,57.635,59.1311,58.687,0.1661,3.4305,7.8712,-0.8224,,1349210.0,0.9614,60.8,62.3,66.7,56.2,52.8,52.8,2.4204,4.6239,1.9768,2.7485,-0.8224,-3.2103,-9.5952,14.2045,14.2045
20240522,6202,盛群,TWSE,60.8,62.4,60.7,61.0,2530056.0,155386253.0,TWSE_RWD_JSON_MI_INDEX,data/daily_price/daily_price_20240522.csv,60.08,59.045,57.6283,59.1516,58.8797,1.1609,4.0956,5.9028,-0.6515,,1402046.45,1.8045,62.4,62.4,66.7,57.1,52.8,52.8,3.311,5.8507,3.1248,3.601,-2.2436,-2.2436,-8.5457,15.5303,15.5303
20240523,6202,盛群,TWSE,61.7,62.0,61.1,61.2,2067960.0,127294423.0,TWSE_RWD_JSON_MI_INDEX,data/daily_price/daily_price_20240523.csv,60.44,59.19,57.6283,59.1739,59.0731,0.3279,3.0303,4.9743,0.0,,1412140.25,1.4644,62.4,62.4,66.7,57.1,52.8,52.8,3.3958,6.1978,3.424,3.6005,-1.9231,-1.9231,-8.2459,15.9091,15.9091
20240524,6202,盛群,TWSE,61.0,61.0,60.2,60.8,1359839.0,82538241.0,TWSE_RWD_JSON_MI_INDEX,data/daily_price/daily_price_20240524.csv,60.7,59.29,57.6283,59.1914,59.217,-0.6536,2.1849,3.4014,0.0,,1402376.65,0.9697,62.4,62.4,66.7,57.1,52.8,52.8,2.5468,5.5037,2.7176,2.6732,-2.5641,-2.5641,-8.8456,15.1515,15.1515
20240527,6202,盛群,TWSE,61.1,61.7,61.0,61.7,1083962.0,66606814.0,TWSE_RWD_JSON_MI_INDEX,data/daily_price/daily_price_20240527.csv,61.0,59.46,57.65,59.2181,59.4239,1.4803,2.4917,5.8319,2.1523,,1377061.45,0.7872,62.4,62.4,66.7,57.1,52.8,52.8,3.7672,7.0252,4.1911,3.8303,-1.1218,-1.1218,-7.4963,16.8561,16.8561
20240528,6202,盛群,TWSE,61.9,62.7,61.6,62.4,2045861.0,127509226.0,TWSE_RWD_JSON_MI_INDEX,data/daily_price/daily_price_20240528.csv,61.42,59.62,57.69,59.2516,59.6719,1.1345,3.4826,5.4054,4.0,,1425076.3,1.4356,62.7,62.7,66.7,57.1,52.8,52.8,4.6629,8.1643,5.3136,4.5718,-0.4785,-0.4785,-6.4468,18.1818,18.1818
20240529,6202,盛群,TWSE,62.9,62.9,61.8,61.8,1132659.0,70448722.0,TWSE_RWD_JSON_MI_INDEX,data/daily_price/daily_price_20240529.csv,61.58,59.71,57.7233,59.2781,59.8493,-0.9615,1.3115,3.0,3.3445,,1385012.7,0.8178,62.9,62.9,66.7,57.1,52.8,52.8,3.5003,7.0624,4.2543,3.2594,-1.7488,-1.7488,-7.3463,17.0455,17.0455
20240530,6202,盛群,TWSE,61.8,62.4,61.2,61.3,1060473.0,65382358.0,TWSE_RWD_JSON_MI_INDEX,data/daily_price/daily_price_20240530.csv,61.6,59.815,57.7517,59.299,59.9702,-0.8091,0.1634,3.5473,2.8523,,1250431.4,0.8481,62.9,62.9,66.7,57.1,52.8,52.8,2.4827,6.1441,3.3745,2.2175,-2.5437,-2.5437,-8.096,16.0985,16.0985
20240531,6202,盛群,TWSE,61.4,62.7,60.5,60.8,1093749.0,67120122.0,TWSE_RWD_JSON_MI_INDEX,data/daily_price/daily_price_20240531.csv,61.6,59.91,57.7667,59.3143,60.0393,-0.8157,0.0,3.2258,1.5025,,1197772.4,0.9132,62.9,62.9,66.7,57.1,52.8,52.8,1.4856,5.251,2.5048,1.267,-3.3386,-3.3386,-8.8456,15.1515,15.1515
20240603,6202,盛群,TWSE,61.2,61.4,60.6,60.9,505231.0,30770883.0,TWSE_RWD_JSON_MI_INDEX,data/daily_price/daily_price_20240603.csv,61.44,59.99,57.7967,59.3303,60.111,0.1645,-1.2966,2.6981,3.0457,,1144677.8,0.4414,62.9,62.9,66.7,57.1,52.8,52.8,1.5169,5.3694,2.6457,1.3125,-3.1797,-3.1797,-8.6957,15.3409,15.3409
20240604,6202,盛群,TWSE,61.0,61.3,60.0,60.1,583258.0,35265697.0,TWSE_RWD_JSON_MI_INDEX,data/daily_price/daily_price_20240604.csv,60.98,60.085,57.8367,59.338,60.1101,-1.3136,-3.6859,3.2646,4.1594,,1109257.45,0.5258,62.9,62.9,66.7,57.1,52.8,52.8,0.025,3.9133,1.2842,-0.0168,-4.4515,-4.4515,-9.8951,13.8258,13.8258
20240605,6202,盛群,TWSE,60.5,60.5,59.6,60.1,715757.0,43030937.0,TWSE_RWD_JSON_MI_INDEX,data/daily_price/daily_price_20240605.csv,60.64,60.115,57.9017,59.3455,60.1093,0.0,-2.7508,1.0084,6.9395,,1076004.9,0.6652,62.9,62.9,66.7,57.1,52.8,52.8,-0.025,3.7967,1.2713,-0.0154,-4.4515,-4.4515,-9.8951,13.8258,13.8258
20240606,6202,盛群,TWSE,60.5,60.5,58.5,58.5,1131531.0,66683712.0,TWSE_RWD_JSON_MI_INDEX,data/daily_price/daily_price_20240606.csv,60.08,60.14,57.9233,59.3373,59.9752,-2.6622,-4.5677,0.8621,2.2727,,1085021.0,1.0429,62.9,62.9,66.7,57.1,52.8,52.8,-2.727,0.9956,-1.411,-2.4596,-6.9952,-6.9952,-12.2939,10.7955,10.7955
20240607,6202,盛群,TWSE,58.5,59.8,58.5,59.8,453683.0,26962370.0,TWSE_RWD_JSON_MI_INDEX,data/daily_price/daily_price_20240607.csv,59.88,60.23,57.9733,59.3417,59.9606,2.2222,-1.6447,3.1034,5.2817,,1075556.0,0.4218,62.9,62.9,66.7,57.1,52.8,52.8,-0.7139,3.1509,0.7722,-0.2678,-4.9285,-4.9285,-10.3448,13.2576,13.2576
20240611,6202,盛群,TWSE,59.8,60.0,58.9,59.3,525423.0,31247008.0,TWSE_RWD_JSON_MI_INDEX,data/daily_price/daily_price_20240611.csv,59.56,60.3,58.04,59.3413,59.9055,-0.8361,-2.6273,2.418,7.2333,,1079576.55,0.4867,62.9,62.9,66.7,57.9,52.8,52.8,-1.6584,2.1709,-0.0697,-1.0108,-5.7234,-5.7234,-11.0945,12.3106,12.3106
20240612,6202,盛群,TWSE,59.8,60.0,59.2,59.6,504286.0,29995966.0,TWSE_RWD_JSON_MI_INDEX,data/daily_price/daily_price_20240612.csv,59.46,60.365,58.12,59.3438,59.8801,0.5059,-0.8319,2.2298,8.7591,,1079361.5,0.4672,62.9,62.9,66.7,58.1,52.8,52.8,-1.2673,2.5465,0.4317,-0.4677,-5.2464,-5.2464,-10.6447,12.8788,12.8788
20240613,6202,盛群,TWSE,60.0,60.8,59.7,60.7,880185.0,53072284.0,TWSE_RWD_JSON_MI_INDEX,data/daily_price/daily_price_20240613.csv,59.58,60.47,58.2483,59.3566,59.9484,1.8456,0.9983,3.5836,14.5283,,1095457.0,0.8035,62.9,62.9,66.7,58.5,52.8,52.8,0.3804,4.209,2.2633,1.2538,-3.4976,-3.4976,-8.9955,14.9621,14.9621
20240614,6202,盛群,TWSE,60.7,60.9,60.0,60.4,609686.0,36851156.0,TWSE_RWD_JSON_MI_INDEX,data/daily_price/daily_price_20240614.csv,59.96,60.52,58.3583,59.3664,59.986,-0.4942,3.2479,1.6835,12.2677,,1078631.95,0.5652,62.9,62.9,66.7,58.5,53.0,52.8,-0.1983,3.4985,1.7411,0.6901,-3.9746,-3.9746,-9.4453,13.9623,14.3939
20240617,6202,盛群,TWSE,59.9,60.8,59.9,60.0,520515.0,31360493.0,TWSE_RWD_JSON_MI_INDEX,data/daily_price/daily_price_20240617.csv,60.0,60.545,58.46,59.3722,59.9872,-0.6623,0.3344,0.8403,11.3173,,1065575.55,0.4885,62.9,62.9,66.7,58.5,53.0,52.8,-0.9002,2.6343,1.0574,0.0214,-4.6105,-4.6105,-10.045,13.2075,13.6364
20240618,6202,盛群,TWSE,60.4,60.7,59.7,59.8,628970.0,37766176.0,TWSE_RWD_JSON_MI_INDEX,data/daily_price/daily_price_20240618.csv,60.1,60.525,58.5733,59.3761,59.9716,-0.3333,0.8432,-0.6645,12.8302,,1036512.2,0.6068,62.9,62.9,66.7,58.5,53.1,52.8,-1.1979,2.0942,0.7138,-0.2861,-4.9285,-4.9285,-10.3448,12.6177,13.2576
20240619,6202,盛群,TWSE,60.7,62.0,59.5,59.6,1877445.0,114458597.0,TWSE_RWD_JSON_MI_INDEX,data/daily_price/daily_price_20240619.csv,60.1,60.49,58.67,59.3782,59.9406,-0.3344,0.0,-1.1609,10.7807,,1065526.45,1.762,62.9,62.9,66.7,58.5,53.7,52.8,-1.4713,1.5851,0.3736,-0.5683,-5.2464,-5.2464,-10.6447,10.987,12.8788
20240620,6202,盛群,TWSE,59.6,61.2,59.6,60.8,908970.0,55194023.0,TWSE_RWD_JSON_MI_INDEX,data/daily_price/daily_price_20240620.csv,60.12,60.48,58.7717,59.391,60.0122,2.0134,0.1647,-0.3279,11.1517,,984472.15,0.9233,62.9,62.9,66.7,58.5,53.7,52.8,0.5291,3.4512,2.3724,1.3127,-3.3386,-3.3386,-8.8456,13.2216,15.1515
20240621,6202,盛群,TWSE,60.8,61.1,60.0,60.5,1109625.0,67166817.0,TWSE_RWD_JSON_MI_INDEX,data/daily_price/daily_price_20240621.csv,60.14,60.445,58.8767,59.4009,60.0529,-0.4934,0.1656,-1.1438,11.6236,,936555.4,1.1848,62.9,62.9,66.7,58.5,53.7,52.8,0.091,2.7572,1.8503,0.7445,-3.8156,-3.8156,-9.2954,12.6629,14.5833
20240624,6202,盛群,TWSE,60.5,60.9,60.0,60.5,602990.0,36452489.0,TWSE_RWD_JSON_MI_INDEX,data/daily_price/daily_price_20240624.csv,60.24,60.43,58.9767,59.4106,60.0901,0.0,0.8333,-0.4934,11.0092,,898712.95,0.6709,62.9,62.9,66.7,58.5,53.7,52.8,0.1158,2.5829,1.8336,0.6821,-3.8156,-3.8156,-9.2954,12.6629,14.5833
20240625,6202,盛群,TWSE,60.7,61.0,59.4,61.0,801429.0,48268381.0,TWSE_RWD_JSON_MI_INDEX,data/daily_price/daily_price_20240625.csv,60.48,60.395,59.0767,59.4246,60.166,0.8264,2.0067,-1.1345,10.9091,,884586.3,0.906,62.9,62.9,66.7,58.5,53.7,52.8,1.0017,3.2557,2.6512,1.3862,-3.0207,-3.0207,-8.5457,13.594,15.5303
20240626,6202,盛群,TWSE,61.2,61.7,60.2,60.2,1090816.0,66583611.0,TWSE_RWD_JSON_MI_INDEX,data/daily_price/daily_price_20240626.csv,60.6,60.285,59.18,59.4313,60.1688,-1.3115,1.0067,-3.5256,11.4815,,836834.05,1.3035,62.9,62.9,66.7,58.5,53.7,52.8,-0.141,1.7236,1.2934,0.0519,-4.2925,-4.2925,-9.7451,12.1043,14.0152
20240627,6202,盛群,TWSE,60.3,60.5,59.8,59.8,560655.0,33642564.0,TWSE_RWD_JSON_MI_INDEX,data/daily_price/daily_price_20240627.csv,60.4,60.185,59.2783,59.4345,60.1381,-0.6645,-1.6447,-3.2362,10.9462,,808233.85,0.6937,62.7,62.9,66.7,58.5,54.3,52.8,-0.6397,0.88,0.615,-0.5622,-4.6252,-4.9285,-10.3448,10.1289,13.2576
20240628,6202,盛群,TWSE,60.0,60.5,59.8,60.0,479420.0,28785928.0,TWSE_RWD_JSON_MI_INDEX,data/daily_price/daily_price_20240628.csv,60.3,60.12,59.35,59.4393,60.1266,0.3344,-0.8264,-2.1207,7.7199,,779181.2,0.6153,62.7,62.9,66.7,58.5,55.4,52.8,-0.1996,1.0952,0.9433,-0.2105,-4.3062,-4.6105,-10.045,8.3032,13.6364
20240701,6202,盛群,TWSE,60.0,60.2,59.3,59.6,611564.0,36477352.0,TWSE_RWD_JSON_MI_INDEX,data/daily_price/daily_price_20240701.csv,60.12,60.06,59.3483,59.4407,60.0827,-0.6667,-1.4876,-1.9737,-0.1675,,755071.95,0.8099,62.0,62.9,66.7,58.5,55.4,52.8,-0.7659,0.4241,0.268,-0.8034,-3.871,-5.2464,-10.6447,7.5812,12.8788
20240702,6202,盛群,TWSE,59.6,59.6,58.8,58.8,763234.0,45021547.0,TWSE_RWD_JSON_MI_INDEX,data/daily_price/daily_price_20240702.csv,59.68,59.955,59.345,59.4353,59.9758,-1.3423,-3.6066,-3.4483,-0.339,,767972.1,0.9938,62.0,62.9,66.7,58.5,55.4,52.8,-1.9264,-0.9184,-1.0689,-1.9604,-5.1613,-6.5183,-11.8441,6.1372,11.3636
20240703,6202,盛群,TWSE,59.3,60.2,59.3,59.8,653047.0,39078010.0,TWSE_RWD_JSON_MI_INDEX,data/daily_price/daily_price_20240703.csv,59.6,59.94,59.3767,59.4383,59.9611,1.7007,-0.6645,-0.4992,3.2815,,771461.55,0.8465,62.0,62.9,66.7,58.5,55.4,52.8,-0.2336,0.713,0.6085,-0.2687,-3.5484,-4.9285,-10.3448,7.9422,13.2576
20240704,6202,盛群,TWSE,60.2,60.6,60.0,60.4,790930.0,47714551.0,TWSE_RWD_JSON_MI_INDEX,data/daily_price/daily_price_20240704.csv,59.72,59.955,59.4283,59.3917,59.9977,1.0033,1.0033,0.4992,5.4101,-8.4848,775220.2,1.0203,62.0,62.9,66.6,58.5,55.4,52.8,0.7422,1.635,1.6978,0.6705,-2.5806,-3.9746,-9.3093,9.0253,14.3939
20240705,6202,盛群,TWSE,60.6,64.2,60.3,63.8,7022797.0,442904993.0,TWSE_RWD_JSON_MI_INDEX,data/daily_price/daily_price_20240705.csv,60.48,60.22,59.5183,59.375,60.3146,5.6291,6.3333,9.0598,9.2466,-3.0395,1069783.5,6.5647,64.2,64.2,66.6,58.5,55.4,52.8,5.9449,7.1939,7.4526,5.7788,-0.6231,-0.6231,-4.2042,15.1625,20.8333
20240708,6202,盛群,TWSE,64.4,65.0,63.7,63.9,4908103.0,314939867.0,TWSE_RWD_JSON_MI_INDEX,data/daily_price/daily_price_20240708.csv,61.34,60.425,59.62,59.3642,60.6134,0.1567,7.2148,6.8562,10.5536,-1.9939,1292504.5,3.7974,65.0,65.0,65.6,58.8,55.4,52.8,5.7509,7.1788,7.6407,5.4223,-1.6923,-1.6923,-2.5915,15.343,21.0227
20240709,6202,盛群,TWSE,63.8,63.9,62.3,62.9,2327238.0,146538118.0,TWSE_RWD_JSON_MI_INDEX,data/daily_price/daily_price_20240709.csv,62.16,60.605,59.685,59.3475,60.8039,-1.5649,6.9728,6.0708,6.6102,-3.0817,1382595.25,1.6832,65.0,65.0,65.4,58.8,55.4,52.8,3.7868,5.3866,5.9859,3.4473,-3.2308,-3.2308,-3.8226,13.5379,19.1288
20240710,6202,盛群,TWSE,63.0,63.3,61.8,61.8,1195078.0,74585596.0,TWSE_RWD_JSON_MI_INDEX,data/daily_price/daily_price_20240710.csv,62.56,60.715,59.7483,59.3267,60.8869,-1.7488,3.3445,3.6913,6.5517,-3.888,1417134.85,0.8433,65.0,65.0,65.0,58.8,55.4,52.8,1.787,3.4338,4.169,1.4996,-4.9231,-4.9231,-4.9231,11.5523,17.0455
20240711,6202,盛群,TWSE,61.9,63.6,61.6,63.0,1195439.0,74819893.0,TWSE_RWD_JSON_MI_INDEX,data/daily_price/daily_price_20240711.csv,63.08,60.83,59.8633,59.33,61.063,1.9417,4.3046,3.7891,12.2995,0.639,1432897.55,0.8343,65.0,65.0,65.0,58.8,55.7,52.8,3.5673,5.2397,6.1857,3.1721,-3.0769,-3.0769,-3.0769,13.1059,19.3182
20240712,6202,盛群,TWSE,62.6,64.3,62.0,63.5,1627077.0,102969772.0,TWSE_RWD_JSON_MI_INDEX,data/daily_price/daily_price_20240712.csv,63.02,60.985,59.9833,59.3383,61.2661,0.7937,-0.4702,5.1325,12.7886,1.6,1483767.1,1.0966,65.0,65.0,65.0,58.8,55.7,52.8,4.124,5.8627,7.0135,3.6462,-2.3077,-2.3077,-2.3077,14.0036,20.2652
20240715,6202,盛群,TWSE,63.5,63.5,62.6,63.1,726075.0,45778274.0,TWSE_RWD_JSON_MI_INDEX,data/daily_price/daily_price_20240715.csv,62.86,61.14,60.06,59.3433,61.4189,-0.6299,-1.252,5.1667,7.8632,0.96,1494045.1,0.486,65.0,65.0,65.0,58.8,55.7,52.8,3.2058,5.0616,6.3304,2.7371,-2.9231,-2.9231,-2.9231,13.2855,19.5076
20240716,6202,盛群,TWSE,63.4,63.5,62.6,62.8,972991.0,61446380.0,TWSE_RWD_JSON_MI_INDEX,data/daily_price/daily_price_20240716.csv,62.84,61.29,60.1567,59.3483,61.534,-0.4754,-0.159,5.0167,10.1754,0.9646,1511246.15,0.6438,65.0,65.0,65.0,58.8,55.7,52.8,2.4637,4.3941,5.8159,2.0574,-3.3846,-3.3846,-3.3846,12.7469,18.9394
20240717,6202,盛群,TWSE,62.8,63.0,61.9,62.1,877937.0,54758008.0,TWSE_RWD_JSON_MI_INDEX,data/daily_price/daily_price_20240717.csv,62.9,61.415,60.26,59.3458,61.5812,-1.1146,0.4854,4.1946,11.0912,-0.4808,1461270.75,0.6008,65.0,65.0,65.0,58.8,56.2,52.8,1.1154,3.0534,4.6409,0.8425,-4.4615,-4.4615,-4.4615,10.4982,17.6136
20240718,6202,盛群,TWSE,61.8,62.4,61.1,62.4,901823.0,55589518.0,TWSE_RWD_JSON_MI_INDEX,data/daily_price/daily_price_20240718.csv,62.78,61.495,60.34,59.3517,61.6494,0.4831,-0.9524,2.6316,8.3333,1.1345,1460913.4,0.6173,65.0,65.0,65.0,58.8,57.1,52.8,1.4717,3.414,5.1361,1.2175,-4.0,-4.0,-4.0,9.282,18.1818
20240719,6202,盛群,TWSE,62.1,62.1,60.0,60.0,1523934.0,92549896.0,TWSE_RWD_JSON_MI_INDEX,data/daily_price/daily_price_20240719.csv,62.08,61.47,60.3683,59.345,61.512,-3.8462,-5.5118,-0.8264,2.916,-1.3158,1481628.85,1.0286,65.0,65.0,65.0,58.8,57.1,52.8,-2.3914,-0.6101,1.1037,-2.458,-7.6923,-7.6923,-7.6923,5.0788,13.6364
20240722,6202,盛群,TWSE,60.0,60.0,56.0,56.9,1644622.0,94199303.0,TWSE_RWD_JSON_MI_INDEX,data/daily_price/daily_price_20240722.csv,60.84,61.29,60.3367,59.3117,61.1276,-5.1667,-9.8257,-5.9504,-3.2313,-6.5681,1533710.45,1.0723,65.0,65.0,65.0,56.0,56.0,52.8,-7.1627,-5.6958,-4.0661,-6.9161,-12.4615,-12.4615,-12.4615,1.6071,7.7652
20240723,6202,盛群,TWSE,57.5,57.8,57.1,57.6,603645.0,34642553.0,TWSE_RWD_JSON_MI_INDEX,data/daily_price/daily_price_20240723.csv,59.8,61.12,60.325,59.2825,60.8337,1.2302,-8.2803,-5.5738,-1.2007,-5.7283,1523821.25,0.3961,65.0,65.0,65.0,56.0,56.0,52.8,-5.7592,-4.5172,-2.8381,-5.3156,-11.3846,-11.3846,-11.3846,2.8571,9.0909
20240726,6202,盛群,TWSE,56.4,56.5,55.7,55.9,714983.0,40080767.0,TWSE_RWD_JSON_MI_INDEX,data/daily_price/daily_price_20240726.csv,58.56,60.905,60.27,59.2325,60.4225,-2.9514,-9.9839,-7.1429,-5.5743,-9.6931,1505029.6,0.4751,65.0,65.0,65.0,55.7,55.7,52.8,-8.2177,-7.2507,-5.6261,-7.4848,-14.0,-14.0,-14.0,0.3591,5.8712
20240729,6202,盛群,TWSE,56.3,56.7,55.2,55.6,730126.0,40715367.0,TWSE_RWD_JSON_MI_INDEX,data/daily_price/daily_price_20240729.csv,57.2,60.695,60.1967,59.1742,60.0206,-0.5367,-10.8974,-7.0234,-7.3333,-11.1821,1513503.15,0.4824,65.0,65.0,65.0,55.2,55.2,52.8,-8.3944,-7.6361,-6.0401,-7.3652,-14.4615,-14.4615,-14.4615,0.7246,5.303
20240730,6202,盛群,TWSE,54.1,58.0,52.9,54.3,1582887.0,85411615.0,TWSE_RWD_JSON_MI_INDEX,data/daily_price/daily_price_20240730.csv,56.06,60.41,60.115,59.1075,59.5439,-2.3381,-9.5,-9.5,-8.277,-12.8411,1568676.5,1.0091,65.0,65.0,65.0,52.9,52.9,52.8,-10.1142,-9.6731,-8.1335,-8.8068,-16.4615,-16.4615,-16.4615,2.6465,2.8409
20240731,6202,盛群,TWSE,53.5,54.4,53.1,53.2,913719.0,48833685.0,TWSE_RWD_JSON_MI_INDEX,data/daily_price/daily_price_20240731.csv,55.32,60.09,60.02,59.0358,59.0153,-2.0258,-6.5026,-10.7383,-9.6774,-13.9159,1583784.25,0.5769,65.0,65.0,65.0,52.9,52.9,52.8,-11.4661,-11.3629,-9.8852,-9.8538,-18.1538,-18.1538,-18.1538,0.5671,0.7576
20240801,6202,盛群,TWSE,53.6,54.4,53.1,53.5,768589.0,41214350.0,TWSE_RWD_JSON_MI_INDEX,data/daily_price/daily_price_20240801.csv,54.5,59.825,59.9233,58.9708,58.5557,0.5639,-7.1181,-9.0136,-9.7808,-12.7243,1584052.0,0.4852,65.0,65.0,65.0,52.9,52.9,52.8,-10.5725,-10.7193,-9.2772,-8.6339,-17.6923,-17.6923,-17.6923,1.1342,1.3258
20240802,6202,盛群,TWSE,52.8,52.8,50.4,50.7,2174542.0,111878412.0,TWSE_RWD_JSON_MI_INDEX,data/daily_price/daily_price_20240802.csv,53.46,59.37,59.7983,58.8783,57.901,-5.2336,-9.3023,-15.2174,-12.8866,-17.9612,1660126.75,1.3099,65.0,65.0,65.0,50.4,50.4,50.4,-14.6033,-15.215,-13.8902,-12.4368,-22.0,-22.0,-22.0,0.5952,0.5952
20240805,6202,盛群,TWSE,49.05,49.05,45.65,45.65,2800782.0,128904767.0,TWSE_RWD_JSON_MI_INDEX,data/daily_price/daily_price_20240805.csv,51.47,58.6325,59.5675,58.7538,56.8801,-9.9606,-17.8957,-24.4205,-23.2773,-24.67,1760619.35,1.5908,65.0,65.0,65.0,45.65,45.65,45.65,-22.1422,-23.3643,-22.3028,-19.7435,-29.7692,-29.7692,-29.7692,0.0,0.0
20240806,6202,盛群,TWSE,45.25,46.0,42.9,44.65,2111660.0,94014239.0,TWSE_RWD_JSON_MI_INDEX,data/daily_price/daily_price_20240806.csv,49.54,57.675,59.345,58.6108,55.8609,-2.1906,-17.7716,-30.0157,-23.0172,-27.7508,1515062.5,1.3938,65.0,65.0,65.0,42.9,42.9,42.9,-22.5834,-24.762,-23.8195,-20.0694,-31.3077,-31.3077,-31.3077,4.0793,4.0793
20240807,6202,盛群,TWSE,44.65,47.85,44.65,47.4,1083447.0,50893108.0,TWSE_RWD_JSON_MI_INDEX,data/daily_price/daily_price_20240807.csv,48.38,56.85,59.1683,58.4983,55.1558,6.159,-10.9023,-25.8216,-18.2759,-22.1675,1323829.7,0.8184,64.3,65.0,65.0,42.9,42.9,42.9,-16.6227,-19.8896,-18.9721,-14.0617,-26.283,-27.0769,-27.0769,10.4895,10.4895
20240808,6202,盛群,TWSE,47.2,47.5,46.0,46.9,513534.0,23954219.0,TWSE_RWD_JSON_MI_INDEX,data/daily_price/daily_price_20240808.csv,47.06,56.05,58.985,58.3808,54.4679,-1.0549,-12.3364,-25.4372,-18.9983,-23.1148,1233144.5,0.4164,64.3,65.0,65.0,42.9,42.9,42.9,-16.3247,-20.4883,-19.6654,-13.8942,-27.0607,-27.8462,-27.8462,9.324,9.324
20240809,6202,盛群,TWSE,47.15,48.0,47.15,47.2,551984.0,26287937.0,TWSE_RWD_JSON_MI_INDEX,data/daily_price/daily_price_20240809.csv,46.36,55.32,58.8,58.2725,53.8622,0.6397,-6.9034,-23.6246,-19.0395,-21.5947,1200989.8,0.4596,64.3,65.0,65.0,42.9,42.9,42.9,-14.6782,-19.7279,-19.0012,-12.369,-26.5941,-27.3846,-27.3846,10.0233,10.0233
20240812,6202,盛群,TWSE,47.55,49.2,47.55,48.8,531351.0,25936978.0,TWSE_RWD_JSON_MI_INDEX,data/daily_price/daily_price_20240812.csv,46.99,54.61,58.6367,58.175,53.4404,3.3898,6.9003,-22.5397,-16.7235,-19.3388,1167785.4,0.455,64.3,65.0,65.0,42.9,42.9,42.9,-10.6391,-16.7756,-16.1152,-8.6832,-24.1058,-24.9231,-24.9231,13.7529,13.7529
20240813,6202,盛群,TWSE,49.5,49.5,48.65,49.0,453272.0,22221975.0,TWSE_RWD_JSON_MI_INDEX,data/daily_price/daily_price_20240813.csv,47.86,53.885,58.4633,58.075,53.0703,0.4098,9.7424,-22.8346,-17.5084,-19.6721,1109095.15,0.4087,63.5,65.0,65.0,42.9,42.9,42.9,-9.0656,-16.1868,-15.6263,-7.6697,-22.8346,-24.6154,-24.6154,14.2191,14.2191
20240814,6202,盛群,TWSE,48.9,49.75,48.9,49.55,416718.0,20535049.0,TWSE_RWD_JSON_MI_INDEX,data/daily_price/daily_price_20240814.csv,48.29,53.2075,58.2975,57.9771,52.777,1.1224,4.5359,-21.4739,-16.7227,-19.168,1093627.3,0.381,63.5,65.0,65.0,42.9,42.9,42.9,-6.874,-15.0049,-14.5352,-6.1143,-21.9685,-23.7692,-23.7692,15.5012,15.5012
20240815,6202,盛群,TWSE,49.65,49.9,48.95,49.4,396603.0,19605424.0,TWSE_RWD_JSON_MI_INDEX,data/daily_price/daily_price_20240815.csv,48.79,52.5375,58.1175,57.8804,52.4956,-0.3027,5.3305,-21.3376,-17.9402,-19.0164,1064807.9,0.3725,63.0,65.0,65.0,42.9,42.9,42.9,-5.9719,-14.9998,-14.6516,-5.8968,-21.5873,-24.0,-24.0,15.1515,15.1515
20240816,6202,盛群,TWSE,49.8,50.3,49.35,49.4,339444.0,16702013.0,TWSE_RWD_JSON_MI_INDEX,data/daily_price/daily_price_20240816.csv,49.23,51.9025,57.9358,57.7854,52.2376,0.0,4.661,-20.4509,-18.0763,-18.75,1037883.25,0.3271,62.4,65.0,65.0,42.9,42.9,42.9,-4.8215,-14.7333,-14.5113,-5.4321,-20.8333,-24.0,-24.0,15.1515,15.1515
20240819,6202,盛群,TWSE,49.6,49.85,49.2,49.65,249300.0,12370471.0,TWSE_RWD_JSON_MI_INDEX,data/daily_price/daily_price_20240819.csv,49.4,51.265,57.7467,57.6875,52.022,0.5061,1.7418,-20.4327,-18.6066,-19.1368,1005257.1,0.248,62.1,65.0,65.0,42.9,42.9,42.9,-3.1503,-14.021,-13.9328,-4.5595,-20.0483,-23.6154,-23.6154,15.7343,15.7343
20240820,6202,盛群,TWSE,50.0,50.5,50.0,50.2,286585.0,14392833.0,TWSE_RWD_CSV_MI_INDEX,data/daily_price/daily_price_20240820.csv,49.64,50.775,57.5633,57.5958,51.8701,1.1078,2.449,-16.3333,-17.9739,-17.9739,943389.65,0.3038,60.0,65.0,65.0,42.9,42.9,42.9,-1.1324,-12.7917,-12.8409,-3.2198,-16.3333,-22.7692,-22.7692,17.0163,17.0163
20240821,6202,盛群,TWSE,50.5,50.5,49.4,50.0,293317.0,14643152.0,TWSE_RWD_JSON_MI_INDEX,data/daily_price/daily_price_20240821.csv,49.73,50.43,57.3833,57.5058,51.7143,-0.3984,0.9082,-12.1265,-17.7632,-17.7632,875824.4,0.3349,58.0,65.0,65.0,42.9,42.9,42.9,-0.8527,-12.8667,-13.0523,-3.3149,-13.7931,-23.0769,-23.0769,16.5501,16.5501
20240822,6202,盛群,TWSE,50.1,50.6,50.1,50.1,290536.0,14601913.0,TWSE_RWD_JSON_MI_INDEX,data/daily_price/daily_price_20240822.csv,49.87,50.055,57.19,57.42,51.5798,0.2,1.417,-13.0208,-18.8006,-17.053,860168.95,0.3378,58.0,65.0,65.0,42.9,42.9,42.9,0.0899,-12.3973,-12.7482,-2.8689,-13.6207,-22.9231,-22.9231,16.7832,16.7832
20240823,6202,盛群,TWSE,49.9,49.9,49.05,49.7,339654.0,16782267.0,TWSE_RWD_JSON_MI_INDEX,data/daily_price/daily_price_20240823.csv,49.93,49.745,56.9783,57.3342,51.4231,-0.7984,0.6073,-11.0912,-20.3526,-17.1667,841402.5,0.4037,58.0,65.0,65.0,42.9,42.9,42.9,-0.0905,-12.7739,-13.3152,-3.3509,-14.3103,-23.5385,-23.5385,15.8508,15.8508
20240826,6202,盛群,TWSE,50.1,51.0,50.1,50.3,405682.0,20514717.0,TWSE_RWD_JSON_MI_INDEX,data/daily_price/daily_price_20240826.csv,50.06,49.48,56.7867,57.255,51.3295,1.2072,1.3092,-9.5324,-18.6084,-15.8863,825180.3,0.4916,58.0,65.0,65.0,42.9,42.9,42.9,1.6572,-11.4229,-12.1474,-2.0057,-13.2759,-22.6154,-22.6154,17.2494,17.2494
20240827,6202,盛群,TWSE,50.1,50.3,49.6,49.7,191690.0,9561820.0,TWSE_RWD_JSON_MI_INDEX,data/daily_price/daily_price_20240827.csv,49.96,49.25,56.5933,57.1725,51.1937,-1.1928,-0.996,-8.4715,-18.9233,-16.6107,755620.45,0.2537,54.4,65.0,65.0,42.9,42.9,42.9,0.9137,-12.1805,-13.0701,-2.9178,-8.6397,-23.5385,-23.5385,15.8508,15.8508
20240828,6202,盛群,TWSE,50.0,50.4,49.45,49.8,202278.0,10048671.0,TWSE_RWD_JSON_MI_INDEX,data/daily_price/daily_price_20240828.csv,49.92,49.08,56.41,57.0883,51.0776,0.2012,-0.4,-6.391,-18.0921,-16.8614,720048.4,0.2809,54.4,65.0,65.0,42.9,42.9,42.9,1.467,-11.7178,-12.7668,-2.5013,-8.4559,-23.3846,-23.3846,16.0839,16.0839
20240829,6202,盛群,TWSE,49.55,49.85,49.2,49.6,246070.0,12202217.0,TWSE_RWD_JSON_MI_INDEX,data/daily_price/daily_price_20240829.csv,49.82,48.885,56.2217,57.0092,50.9545,-0.4016,-0.998,-7.2897,-18.555,-16.0745,693922.45,0.3546,52.8,65.0,65.0,42.9,42.9,42.9,1.4626,-11.7778,-12.9964,-2.6582,-6.0606,-23.6923,-23.6923,15.6177,15.6177
20240830,6202,盛群,TWSE,49.95,50.6,49.6,49.9,343597.0,17177379.0,TWSE_RWD_JSON_MI_INDEX,data/daily_price/daily_price_20240830.csv,49.86,48.845,56.0517,56.9442,50.8666,0.6048,0.4024,-1.5779,-16.9717,-13.5182,602375.2,0.5704,51.0,65.0,65.0,42.9,42.9,42.9,2.1599,-10.975,-12.3703,-1.9002,-2.1569,-23.2308,-23.2308,16.317,16.317
20240902,6202,盛群,TWSE,50.0,50.3,49.5,49.5,243323.0,12097869.0,TWSE_RWD_JSON_MI_INDEX,data/daily_price/daily_price_20240902.csv,49.7,49.0375,55.875,56.8883,50.7527,-0.8016,-1.5905,8.4337,-17.6373,-11.9217,474502.25,0.5128,51.0,65.0,65.0,42.9,42.9,42.9,0.9432,-11.4094,-12.9874,-2.4682,-2.9412,-23.8462,-23.8462,15.3846,15.3846
20240903,6202,盛群,TWSE,49.9,49.9,48.4,48.6,470562.0,23057959.0,TWSE_RWD_JSON_MI_INDEX,data/daily_price/daily_price_20240903.csv,49.48,49.235,55.71,56.8167,50.5733,-1.8182,-2.2133,8.8466,-16.9231,-15.035,392447.35,1.199,51.0,65.0,65.0,44.65,42.9,42.9,-1.2897,-12.7625,-14.4617,-3.9019,-4.7059,-25.2308,-25.2308,13.2867,13.2867
20240904,6202,盛群,TWSE,46.8,46.8,44.85,45.65,850135.0,38850257.0,TWSE_RWD_JSON_MI_INDEX,data/daily_price/daily_price_20240904.csv,48.65,49.1475,55.4742,56.7238,50.163,-6.07,-8.3333,-3.692,-23.6622,-19.6303,380781.75,2.2326,51.0,65.0,65.0,44.85,42.9,42.9,-7.1163,-17.7094,-19.5222,-8.9967,-10.4902,-29.7692,-29.7692,6.4103,6.4103
20240905,6202,盛群,TWSE,45.9,46.5,44.7,45.1,787321.0,35800499.0,TWSE_RWD_JSON_MI_INDEX,data/daily_price/daily_price_20240905.csv,47.75,49.0575,55.2375,56.6388,49.7411,-1.2048,-9.0726,-3.838,-23.946,-18.4448,394471.1,1.9959,51.0,65.0,65.0,44.7,42.9,42.9,-8.0671,-18.3526,-20.3725,-9.3305,-11.5686,-30.6154,-30.6154,5.1282,5.1282
20240906,6202,盛群,TWSE,45.05,46.65,44.75,46.4,436103.0,20021704.0,TWSE_RWD_JSON_MI_INDEX,data/daily_price/daily_price_20240906.csv,47.05,49.0175,55.0175,56.5688,49.4627,2.8825,-7.014,-1.6949,-22.1477,-15.3285,388677.05,1.122,51.0,65.0,65.0,44.7,42.9,42.9,-5.3399,-15.6632,-17.9759,-6.1919,-9.0196,-28.6154,-28.6154,8.1585,8.1585
20240909,6202,盛群,TWSE,45.1,45.95,44.65,45.9,574841.0,25945924.0,TWSE_RWD_JSON_MI_INDEX,data/daily_price/daily_price_20240909.csv,46.33,48.8725,54.7708,56.5096,49.1658,-1.0776,-7.2727,-5.9426,-24.3822,-13.3962,390851.55,1.4707,51.0,65.0,65.0,44.65,42.9,42.9,-6.0822,-16.1963,-18.7748,-6.6424,-10.0,-29.3846,-29.3846,6.993,6.993
20240910,6202,盛群,TWSE,45.95,46.5,45.2,45.7,447862.0,20519808.0,TWSE_RWD_JSON_MI_INDEX,data/daily_price/daily_price_20240910.csv,45.75,48.7075,54.5258,56.4421,48.877,-0.4357,-5.9671,-6.7347,-24.3377,-15.0558,390581.05,1.1467,51.0,65.0,65.0,44.65,42.9,42.9,-6.1746,-16.1865,-19.032,-6.5,-10.3922,-29.6923,-29.6923,6.5268,6.5268
20240911,6202,盛群,TWSE,45.9,46.4,45.7,45.7,276067.0,12731977.0,TWSE_RWD_JSON_MI_INDEX,data/daily_price/daily_price_20240911.csv,45.76,48.515,54.2875,56.3737,48.6122,0.0,0.1095,-7.7699,-23.8333,-15.2134,383548.5,0.7198,51.0,65.0,65.0,44.65,42.9,42.9,-5.8023,-15.8186,-18.9339,-5.9907,-10.3922,-29.6923,-29.6923,6.5268,6.5268
20240912,6202,盛群,TWSE,46.85,46.85,45.7,46.15,306683.0,14136996.0,TWSE_RWD_JSON_MI_INDEX,data/daily_price/daily_price_20240912.csv,45.97,48.3525,54.06,56.3167,48.407,0.9847,2.3282,-6.5789,-22.8261,-12.9245,379052.5,0.8091,51.0,65.0,65.0,44.65,42.9,42.9,-4.5551,-14.6319,-18.0527,-4.6626,-9.5098,-29.0,-29.0,7.5758,7.5758
20240913,6202,盛群,TWSE,46.15,46.75,46.0,46.55,215148.0,9964561.0,TWSE_RWD_JSON_MI_INDEX,data/daily_price/daily_price_20240913.csv,46.0,48.21,53.8425,56.2562,48.2523,0.8667,0.3233,-5.7692,-21.896,-13.4758,372837.7,0.5771,51.0,65.0,65.0,44.65,42.9,42.9,-3.4433,-13.5441,-17.2536,-3.5279,-8.7255,-28.3846,-28.3846,8.5082,8.5082
20240916,6202,盛群,TWSE,46.55,47.3,46.45,47.3,263663.0,12401892.0,TWSE_RWD_JSON_MI_INDEX,data/daily_price/daily_price_20240916.csv,46.28,48.0925,53.6175,56.1946,48.1729,1.6112,3.0501,-4.7331,-22.2039,-13.5283,373555.85,0.7058,51.0,65.0,65.0,44.65,42.9,42.9,-1.6479,-11.7825,-15.8282,-1.8121,-7.2549,-27.2308,-27.2308,10.2564,10.2564
20240918,6202,盛群,TWSE,47.3,47.4,46.1,46.25,419425.0,19546206.0,TWSE_RWD_JSON_MI_INDEX,data/daily_price/daily_price_20240918.csv,46.39,47.895,53.38,56.1283,48.0127,-2.2199,1.2035,-7.8685,-23.5537,-14.6679,380197.85,1.1032,51.0,65.0,65.0,44.65,42.9,42.9,-3.4346,-13.3571,-17.5995,-3.6713,-9.3137,-28.8462,-28.8462,7.8089,7.8089
20240919,6202,盛群,TWSE,46.5,46.95,46.0,46.9,311310.0,14460989.0,TWSE_RWD_JSON_MI_INDEX,data/daily_price/daily_price_20240919.csv,46.63,47.74,53.1533,56.065,47.92,1.4054,2.6258,-6.2,-22.4793,-13.945,381097.5,0.8169,51.0,65.0,65.0,44.65,42.9,42.9,-1.7595,-11.7647,-16.3471,-2.1285,-8.0392,-27.8462,-27.8462,9.324,9.324
20240920,6202,盛群,TWSE,47.2,47.8,46.5,46.5,934548.0,44036386.0,TWSE_RWD_JSON_MI_INDEX,data/daily_price/daily_price_20240920.csv,46.7,47.56,52.9117,55.9942,47.8016,-0.8529,0.7584,-7.1856,-23.7705,-15.4545,413298.1,2.2612,51.0,65.0,65.0,44.65,42.9,42.9,-2.2288,-12.1177,-16.9556,-2.723,-8.8235,-28.4615,-28.4615,8.3916,8.3916
20240923,6202,盛群,TWSE,46.6,47.35,46.6,46.65,240002.0,11257293.0,TWSE_RWD_JSON_MI_INDEX,data/daily_price/daily_price_20240923.csv,46.72,47.4075,52.6858,55.9329,47.7057,0.3226,0.2148,-6.1368,-22.5083,-13.6111,408315.5,0.5878,51.0,65.0,65.0,44.65,42.9,42.9,-1.5978,-11.4563,-16.5965,-2.2129,-8.5294,-28.2308,-28.2308,8.7413,8.7413
20240924,6202,盛群,TWSE,46.75,46.95,46.05,46.4,294583.0,13673470.0,TWSE_RWD_JSON_MI_INDEX,data/daily_price/daily_price_20240924.csv,46.54,47.2125,52.4625,55.8704,47.5969,-0.5359,-1.9027,-7.7535,-22.408,-13.9147,402760.55,0.7314,50.6,65.0,65.0,44.65,42.9,42.9,-1.7209,-11.5559,-16.9507,-2.5146,-8.3004,-28.6154,-28.6154,8.1585,8.1585
20240925,6202,盛群,TWSE,46.7,47.75,46.6,47.75,505097.0,23840506.0,TWSE_RWD_JSON_MI_INDEX,data/daily_price/daily_price_20240925.csv,46.84,47.115,52.2583,55.8042,47.6096,2.9095,3.2432,-3.9235,-20.4167,-14.2729,418430.9,1.2071,50.6,65.0,65.0,44.65,42.9,42.9,1.3478,-8.627,-14.4329,0.2949,-5.6324,-26.5385,-26.5385,11.3054,11.3054
20240926,6202,盛群,TWSE,49.5,52.5,49.5,52.5,2773559.0,144407135.0,TWSE_RWD_JSON_MI_INDEX,data/daily_price/daily_price_20240926.csv,47.96,47.25,52.14,55.7442,48.0172,9.9476,11.9403,5.4217,-11.9128,-12.0603,546994.95,5.0705,52.5,65.0,65.0,44.65,42.9,42.9,11.1111,0.6904,-5.8197,9.3359,0.0,-19.2308,-19.2308,22.3776,22.3776
20240927,6202,盛群,TWSE,52.5,55.4,51.8,55.4,8086230.0,429506665.0,TWSE_RWD_JSON_MI_INDEX,data/daily_price/daily_price_20240927.csv,49.74,47.54,52.0833,55.7142,48.6324,5.5238,19.1398,11.6935,-5.7823,-6.1017,939002.95,8.6115,55.4,65.0,65.0,44.65,42.9,42.9,16.5334,6.368,-0.5639,13.9158,0.0,-14.7692,-14.7692,29.1375,29.1375
20240930,6202,盛群,TWSE,54.8,56.5,53.6,53.9,3626234.0,198785495.0,TWSE_RWD_JSON_MI_INDEX,data/daily_price/daily_price_20240930.csv,51.19,47.74,51.985,55.6808,49.0714,-2.7076,15.5413,8.016,-9.8662,-6.9085,1103134.8,3.2872,56.5,65.0,65.0,44.65,42.9,42.9,12.9032,3.6838,-3.1983,9.84,-4.6018,-17.0769,-17.0769,25.641,25.641
20241001,6202,盛群,TWSE,53.7,53.8,52.5,53.8,1003328.0,53449149.0,TWSE_RWD_JSON_MI_INDEX,data/daily_price/daily_price_20241001.csv,52.67,47.955,51.875,55.6517,49.4654,-0.1855,15.9483,8.6869,-10.9272,-6.1082,1141135.05,0.8792,56.5,65.0,65.0,44.65,42.9,42.9,12.1885,3.7108,-3.3272,8.7629,-4.7788,-17.2308,-17.2308,25.4079,25.4079
20241004,6202,盛群,TWSE,54.0,55.2,52.9,53.2,1298043.0,69932331.0,TWSE_RWD_JSON_MI_INDEX,data/daily_price/daily_price_20241004.csv,53.76,48.185,51.6983,55.6083,49.7766,-1.1152,11.4136,9.465,-16.6144,-8.9041,1182509.1,1.0977,56.5,65.0,65.0,44.65,42.9,42.9,10.4078,2.9047,-4.3309,6.8775,-5.8407,-18.1538,-18.1538,24.0093,24.0093
20241007,6202,盛群,TWSE,54.0,54.1,52.1,53.5,1262805.0,66932181.0,TWSE_RWD_JSON_MI_INDEX,data/daily_price/daily_price_20241007.csv,53.96,48.5775,51.525,55.5725,50.0869,0.5639,1.9048,17.1961,-16.2754,-7.4394,1203142.6,1.0496,56.5,64.3,65.0,44.65,42.9,42.9,10.1333,3.8331,-3.7294,6.8143,-5.3097,-16.7963,-17.6923,24.7086,24.7086
20241008,6202,盛群,TWSE,53.1,53.1,51.2,52.6,1217447.0,63540226.0,TWSE_RWD_JSON_MI_INDEX,data/daily_price/daily_price_20241008.csv,53.4,48.9525,51.3533,55.5192,50.2963,-1.6822,-5.0542,16.6297,-16.3752,-10.8475,1224648.9,0.9941,56.5,64.3,65.0,44.65,42.9,42.9,7.4511,2.4276,-5.2579,4.5802,-6.9027,-18.196,-19.0769,22.6107,22.6107
20241009,6202,盛群,TWSE,52.8,53.8,52.3,52.6,843785.0,44738143.0,TWSE_RWD_JSON_MI_INDEX,data/daily_price/daily_price_20241009.csv,53.14,49.2625,51.2,55.4742,50.4883,0.0,-2.4119,13.3621,-14.8867,-9.3103,1245033.0,0.6777,56.5,64.3,65.0,44.65,42.9,42.9,6.7749,2.7344,-5.1811,4.1825,-6.9027,-18.196,-19.0769,22.6107,22.6107
20241011,6202,盛群,TWSE,52.3,52.8,51.7,52.6,568101.0,29727234.0,TWSE_RWD_JSON_MI_INDEX,data/daily_price/daily_price_20241011.csv,52.9,49.5975,51.0267,55.445,50.6643,0.0,-2.2305,14.5969,-16.5079,-6.2389,1244696.0,0.4564,56.5,64.3,65.0,45.2,42.9,42.9,6.0537,3.0834,-5.1312,3.8207,-6.9027,-18.196,-19.0769,22.6107,22.6107
20241014,6202,盛群,TWSE,52.6,55.7,52.6,55.7,2265486.0,124061462.0,TWSE_RWD_JSON_MI_INDEX,data/daily_price/daily_price_20241014.csv,53.4,50.0975,50.8967,55.44,51.0839,5.8935,4.6992,21.8818,-12.2835,-1.0657,1335577.2,1.6963,56.5,63.5,65.0,45.7,42.9,42.9,11.1832,9.4374,0.469,9.0363,-1.4159,-12.2835,-14.3077,29.8368,29.8368
20241015,6202,盛群,TWSE,55.7,55.7,54.7,55.1,1256749.0,69408398.0,TWSE_RWD_JSON_MI_INDEX,data/daily_price/daily_price_20241015.csv,53.72,50.5675,50.7633,55.4117,51.4186,-1.0772,2.9907,20.5689,-12.6783,-5.812,1384611.3,0.9077,56.5,63.5,65.0,45.7,42.9,42.9,8.9633,8.5429,-0.5625,7.1597,-2.4779,-13.2283,-15.2308,28.4382,28.4382
20241016,6202,盛群,TWSE,54.7,55.4,54.1,54.6,1993050.0,109162159.0,TWSE_RWD_JSON_MI_INDEX,data/daily_price/daily_price_20241016.csv,54.12,50.99,50.6267,55.3917,51.6837,-0.9074,3.8023,18.3099,-13.0573,-4.2105,1468929.65,1.3568,56.5,63.0,65.0,46.0,42.9,42.9,7.0798,7.8483,-1.4292,5.6426,-3.3628,-13.3333,-16.0,27.2727,27.2727
20241017,6202,盛群,TWSE,54.7,57.2,54.7,55.0,1637225.0,91326957.0,TWSE_RWD_JSON_MI_INDEX,data/daily_price/daily_price_20241017.csv,54.6,51.4125,50.5083,55.3842,51.9601,0.7326,4.5627,18.1525,-11.4332,-1.61,1540033.5,1.0631,57.2,62.4,65.0,46.0,42.9,42.9,6.9779,8.8929,-0.6936,5.8505,-3.8462,-11.859,-15.3846,28.2051,28.2051
20241018,6202,盛群,TWSE,55.2,55.3,53.8,53.8,637212.0,34680965.0,TWSE_RWD_JSON_MI_INDEX,data/daily_price/daily_price_20241018.csv,54.84,51.7375,50.365,55.3525,52.1134,-2.1818,2.2814,13.7421,-13.7821,-6.5972,1558710.95,0.4088,57.2,62.1,65.0,46.0,42.9,42.9,3.9865,6.8202,-2.8048,3.2364,-5.9441,-13.3655,-17.2308,25.4079,25.4079
20241021,6202,盛群,TWSE,54.5,56.4,54.1,56.1,1148355.0,63824376.0,TWSE_RWD_JSON_MI_INDEX,data/daily_price/daily_price_20241021.csv,54.92,52.23,50.3,55.3342,52.4456,4.2751,0.7181,21.2973,-6.5,-3.7736,1595157.45,0.7199,57.2,60.0,65.0,46.0,42.9,42.9,7.4095,11.5308,1.384,6.968,-1.9231,-6.5,-13.6923,30.7692,30.7692
20241022,6202,盛群,TWSE,56.2,59.1,55.4,59.1,3742208.0,217377888.0,TWSE_RWD_JSON_MI_INDEX,data/daily_price/daily_price_20241022.csv,55.72,52.84,50.3367,55.3367,53.0001,5.3476,7.2595,26.0128,3.8664,0.5102,1766702.35,2.1182,59.1,59.1,65.0,46.05,42.9,42.9,11.8471,17.4094,6.8008,11.5091,0.0,0.0,-9.0769,37.7622,37.7622
20241023,6202,盛群,TWSE,56.9,59.4,56.1,57.3,4378383.0,252528677.0,TWSE_RWD_JSON_MI_INDEX,data/daily_price/daily_price_20241023.csv,56.26,53.38,50.3317,55.3283,53.3585,-3.0457,4.9451,23.2258,-0.5208,-1.7153,1938894.1,2.2582,59.4,59.4,65.0,46.05,42.9,42.9,7.3436,13.8448,3.5636,7.3869,-3.5354,-3.5354,-11.8462,33.5664,33.5664
20241024,6202,盛群,TWSE,57.3,60.2,57.3,58.2,4004276.0,236437724.0,TWSE_RWD_JSON_MI_INDEX,data/daily_price/daily_price_20241024.csv,56.9,53.9575,50.37,55.32,53.7619,1.5707,5.8182,24.7588,4.1145,-1.6892,2127107.8,1.8825,60.2,60.2,65.0,46.05,42.9,42.9,7.8627,15.545,5.2061,8.255,-3.3223,-3.3223,-10.4615,35.6643,35.6643
20241025,6202,盛群,TWSE,58.6,59.2,57.5,57.9,958751.0,55552621.0,TWSE_RWD_JSON_MI_INDEX,data/daily_price/daily_price_20241025.csv,57.72,54.5325,50.4083,55.3025,54.1068,-0.5155,7.6208,24.7845,4.1367,-3.5,2160316.2,0.4438,60.2,60.2,65.0,46.6,42.9,42.9,6.1752,14.862,4.6969,7.0106,-3.8206,-3.8206,-10.9231,34.965,34.965
20241028,6202,盛群,TWSE,57.9,57.9,56.6,57.2,892032.0,50906643.0,TWSE_RWD_JSON_MI_INDEX,data/daily_price/daily_price_20241028.csv,57.94,55.005,50.4567,55.2858,54.3645,-1.209,1.9608,19.7906,5.3407,-3.3784,2179662.95,0.4093,60.2,60.2,65.0,49.5,42.9,42.9,3.9905,13.3646,3.4623,5.2156,-4.9834,-4.9834,-12.0,33.3333,33.3333
20241029,6202,盛群,TWSE,57.8,57.8,56.0,56.8,671123.0,37946573.0,TWSE_RWD_JSON_MI_INDEX,data/daily_price/daily_price_20241029.csv,57.48,55.22,50.5167,55.2683,54.5675,-0.6993,-3.8917,8.1905,6.7669,-3.5654,2074541.15,0.3235,60.2,60.2,65.0,51.2,42.9,42.9,2.8613,12.4381,2.7713,4.0913,-5.6478,-5.6478,-12.6154,32.4009,32.4009
20241030,6202,盛群,TWSE,56.0,57.7,55.1,55.7,1658367.0,92962576.0,TWSE_RWD_JSON_MI_INDEX,data/daily_price/daily_price_20241030.csv,57.16,55.235,50.5533,55.2383,54.6619,-1.9366,-2.7923,0.5415,4.1121,-6.0708,1753148.0,0.9459,60.2,60.2,65.0,51.2,42.9,42.9,0.8419,10.1807,0.8358,1.8992,-7.4751,-7.4751,-14.3077,29.8368,29.8368
20241101,6202,盛群,TWSE,55.0,55.0,52.9,54.0,1576969.0,84844205.0,TWSE_RWD_JSON_MI_INDEX,data/daily_price/daily_price_20241101.csv,56.32,55.24,50.6083,55.2033,54.6067,-3.0521,-7.2165,0.1855,6.5089,-7.2165,1650684.75,0.9553,60.2,60.2,65.0,51.2,42.9,42.9,-2.2448,6.7018,-2.1798,-1.1111,-10.299,-10.299,-16.9231,25.8741,25.8741
20241104,6202,盛群,TWSE,54.8,56.0,54.3,55.0,1787860.0,98335662.0,TWSE_RWD_JSON_MI_INDEX,data/daily_price/daily_price_20241104.csv,55.74,55.3,50.7642,55.1658,54.6395,1.8519,-5.0086,2.2305,20.4819,-7.563,1689911.35,1.058,60.2,60.2,65.0,51.2,42.9,42.9,-0.5425,8.3441,-0.3006,0.6598,-8.6379,-8.6379,-15.3846,28.2051,28.2051
20241105,6202,盛群,TWSE,55.0,56.0,54.5,56.0,908727.0,50453293.0,TWSE_RWD_JSON_MI_INDEX,data/daily_price/daily_price_20241105.csv,55.5,55.44,50.9533,55.1492,54.7529,1.8182,-2.0979,5.2632,25.4199,-3.4483,1670445.55,0.544,60.2,60.2,65.0,51.2,44.65,42.9,1.0101,9.9045,1.5428,2.2778,-6.9767,-6.9767,-13.8462,25.4199,30.5361
20241106,6202,盛群,TWSE,55.9,56.5,54.6,56.2,934900.0,52225349.0,TWSE_RWD_JSON_MI_INDEX,data/daily_price/daily_price_20241106.csv,55.38,55.575,51.1,55.1342,54.8735,0.3571,-1.0563,5.0467,18.5654,-3.1034,1654050.3,0.5652,60.2,60.2,65.0,51.2,44.65,42.9,1.1246,9.9804,1.9332,2.4175,-6.6445,-6.6445,-13.5385,25.8679,31.0023
20241107,6202,盛群,TWSE,56.4,57.5,55.3,55.5,1860092.0,104547556.0,TWSE_RWD_JSON_MI_INDEX,data/daily_price/daily_price_20241107.csv,55.34,55.72,51.2433,55.1142,54.9257,-1.2456,-0.3591,5.5133,18.3369,-4.1451,1686182.55,1.1031,60.2,60.2,65.0,51.7,44.65,42.9,-0.3948,8.3068,0.7001,1.0457,-7.8073,-7.8073,-14.6154,24.3001,29.3706
20241108,6202,盛群,TWSE,55.6,55.9,53.4,54.0,984254.0,53703476.0,TWSE_RWD_JSON_MI_INDEX,data/daily_price/daily_price_20241108.csv,55.34,55.79,51.3567,55.0783,54.8485,-2.7027,0.0,2.6616,14.4068,-7.3756,1693206.0,0.5813,60.2,60.2,65.0,51.7,44.65,42.9,-3.2085,5.147,-1.9578,-1.547,-10.299,-10.299,-16.9231,20.9406,25.8741
20241111,6202,盛群,TWSE,54.0,54.6,53.5,54.6,596461.0,32337700.0,TWSE_RWD_JSON_MI_INDEX,data/daily_price/daily_price_20241111.csv,55.26,55.89,51.4533,55.045,54.8278,1.1111,-0.7273,3.8023,11.8852,-6.8259,1694624.0,0.352,60.2,60.2,65.0,52.6,44.65,42.9,-2.3081,6.1156,-0.8084,-0.4155,-9.3023,-9.3023,-16.0,22.2844,27.2727
20241112,6202,盛群,TWSE,54.1,54.1,52.8,53.0,1066130.0,56657176.0,TWSE_RWD_JSON_MI_INDEX,data/daily_price/daily_price_20241112.csv,54.66,55.755,51.52,54.9917,54.6755,-2.9304,-5.3571,-4.8474,8.1633,-10.7744,1634656.2,0.6522,60.2,60.2,65.0,52.8,44.65,42.9,-4.9413,2.8727,-3.6218,-3.0644,-11.9601,-11.9601,-18.4615,18.701,23.5431
20241113,6202,盛群,TWSE,53.0,53.1,51.8,52.1,1139621.0,59635143.0,TWSE_RWD_JSON_MI_INDEX,data/daily_price/daily_price_20241113.csv,53.84,55.605,51.5625,54.93,54.4609,-1.6981,-7.2954,-5.4446,5.1463,-12.437,1628799.8,0.6997,60.2,60.2,65.0,51.8,44.65,42.9,-6.3034,1.0424,-5.152,-4.335,-13.4551,-13.4551,-19.8462,16.6853,21.4452
20241114,6202,盛群,TWSE,52.5,52.5,49.7,49.85,1488428.0,75756429.0,TWSE_RWD_JSON_MI_INDEX,data/daily_price/daily_price_20241114.csv,52.71,55.3675,51.57,54.8438,54.0766,-4.3186,-10.1802,-8.6996,0.9109,-17.1927,1603568.7,0.9282,60.2,60.2,65.0,49.7,44.65,42.9,-9.9652,-3.3353,-9.1054,-7.816,-17.1927,-17.1927,-23.3077,11.6461,16.2005
20241115,6202,盛群,TWSE,49.9,51.3,49.9,50.7,873678.0,44214415.0,TWSE_RWD_JSON_MI_INDEX,data/daily_price/daily_price_20241115.csv,52.05,55.1525,51.5917,54.7638,53.7952,1.7051,-6.1111,-7.8182,2.6316,-15.9204,1565391.35,0.5581,60.2,60.2,65.0,49.7,44.65,42.9,-8.0731,-1.7283,-7.4205,-5.7538,-15.7807,-15.7807,-22.0,13.5498,18.1818
20241118,6202,盛群,TWSE,50.9,53.9,50.9,52.8,1398347.0,74085928.0,TWSE_RWD_JSON_MI_INDEX,data/daily_price/daily_price_20241118.csv,51.69,55.1025,51.6442,54.6954,53.7123,4.142,-3.2967,-1.8587,6.3444,-13.4426,1603448.1,0.8721,60.2,60.2,65.0,49.7,44.65,42.9,-4.1786,2.2381,-3.4654,-1.6985,-12.2924,-12.2924,-18.7692,18.2531,23.0769
20241119,6202,盛群,TWSE,53.2,54.0,52.6,53.7,634005.0,33874115.0,TWSE_RWD_CSV_MI_INDEX,data/daily_price/daily_price_20241119.csv,51.83,54.9825,51.7025,54.6329,53.7113,1.7045,1.3208,-4.2781,6.9721,-12.2549,1577730.6,0.4018,60.2,60.2,65.0,49.7,44.65,42.9,-2.3326,3.8634,-1.7076,-0.021,-10.7973,-10.7973,-17.3846,20.2688,25.1748
20241120,6202,盛群,TWSE,53.7,53.7,52.3,52.5,1164180.0,61386746.0,TWSE_RWD_JSON_MI_INDEX,data/daily_price/daily_price_20241120.csv,51.91,54.6525,51.7442,54.5638,53.6103,-2.2346,0.7678,-11.1675,5.0,-13.6513,1448829.2,0.8035,60.2,60.2,65.0,49.7,44.65,42.9,-3.9385,1.4607,-3.7823,-2.0711,-12.7907,-12.7907,-19.2308,17.5812,22.3776
20241121,6202,盛群,TWSE,52.2,54.0,52.2,53.5,741834.0,39575307.0,TWSE_RWD_JSON_MI_INDEX,data/daily_price/daily_price_20241121.csv,52.64,54.4625,51.8008,54.4954,53.6012,1.9048,7.322,-6.6318,6.7864,-13.2901,1267001.75,0.5855,60.2,60.2,65.0,49.7,44.65,42.9,-1.7673,3.2802,-1.8266,-0.1887,-11.1296,-11.1296,-17.6923,19.8208,24.7086
20241122,6202,盛群,TWSE,53.6,54.0,52.7,52.8,644689.0,34359678.0,TWSE_RWD_JSON_MI_INDEX,data/daily_price/daily_price_20241122.csv,53.06,54.1925,51.8525,54.4154,53.5344,-1.3084,4.142,-9.2784,6.2374,-15.3846,1099022.4,0.5866,59.2,60.2,65.0,49.7,44.65,42.9,-2.5695,1.8273,-2.9687,-1.3718,-10.8108,-12.2924,-18.7692,18.2531,23.0769
20241125,6202,盛群,TWSE,53.0,54.6,53.0,53.5,5745562.0,307793034.0,TWSE_RWD_JSON_MI_INDEX,data/daily_price/daily_price_20241125.csv,53.2,53.9725,51.9058,54.3462,53.5315,1.3258,1.3258,-7.5993,6.3618,-13.4304,1338362.95,4.293,57.9,60.2,65.0,49.7,44.65,42.9,-0.8754,3.0713,-1.5571,-0.0589,-7.5993,-11.1296,-17.6923,19.8208,24.7086
20241126,6202,盛群,TWSE,53.5,54.5,53.0,53.1,624220.0,33415948.0,TWSE_RWD_JSON_MI_INDEX,data/daily_price/daily_price_20241126.csv,53.08,53.7675,51.9625,54.2779,53.4956,-0.7477,-1.1173,-7.1678,6.841,-13.3768,1324972.35,0.4711,57.8,60.2,65.0,49.7,44.65,42.9,-1.2415,2.1891,-2.1702,-0.7394,-8.1315,-11.794,-18.3077,18.925,23.7762
20241127,6202,盛群,TWSE,53.1,53.1,51.7,51.8,442315.0,23119558.0,TWSE_RWD_JSON_MI_INDEX,data/daily_price/daily_price_20241127.csv,52.94,53.5175,51.9958,54.2029,53.3543,-2.4482,-1.3333,-8.8028,4.0161,-14.8026,1313531.95,0.3367,57.7,60.2,65.0,49.7,44.65,42.9,-3.2092,-0.3766,-4.4332,-2.9131,-10.2253,-13.9535,-20.3077,16.0134,20.7459
20241128,6202,盛群,TWSE,51.7,52.4,50.9,51.0,499189.0,25598190.0,TWSE_RWD_JSON_MI_INDEX,data/daily_price/daily_price_20241128.csv,52.44,53.2825,52.0192,54.1204,53.1581,-1.5444,-4.6729,-8.4381,2.8226,-16.2562,1255573.05,0.3976,57.5,60.2,65.0,49.7,44.65,42.9,-4.2838,-1.9592,-5.7657,-4.0597,-11.3043,-15.2824,-21.5385,14.2217,18.8811
20241129,6202,盛群,TWSE,51.0,51.0,50.4,50.6,588053.0,29797078.0,TWSE_RWD_JSON_MI_INDEX,data/daily_price/daily_price_20241129.csv,52.0,53.1125,52.0308,54.0412,52.9449,-0.7843,-4.1667,-6.2963,1.4028,-15.807,1206127.25,0.4876,57.5,60.2,65.0,49.7,44.65,42.9,-4.7305,-2.75,-6.3678,-4.429,-12.0,-15.9468,-22.1538,13.3259,17.9487
20241202,6202,盛群,TWSE,50.9,51.7,50.6,50.7,287563.0,14629140.0,TWSE_RWD_JSON_MI_INDEX,data/daily_price/daily_price_20241202.csv,51.44,52.8975,52.0508,53.9629,52.7578,0.1976,-5.2336,-7.8182,2.4242,-15.6406,1131112.4,0.2542,57.5,60.2,65.0,49.7,44.65,42.9,-4.1543,-2.5952,-6.0466,-3.9005,-11.8261,-15.7807,-22.0,13.5498,18.1818
20241203,6202,盛群,TWSE,50.8,51.7,50.8,51.2,367810.0,18779041.0,TWSE_RWD_JSON_MI_INDEX,data/daily_price/daily_price_20241203.csv,51.06,52.6575,52.0942,53.9021,52.628,0.9862,-3.5782,-8.5714,5.3498,-12.4786,1104066.55,0.3331,57.5,60.2,65.0,49.7,44.65,42.9,-2.7679,-1.7164,-5.0129,-2.7134,-10.9565,-14.9502,-21.2308,14.6697,19.3473
20241204,6202,盛群,TWSE,51.0,51.6,50.7,50.8,633886.0,32385331.0,TWSE_RWD_JSON_MI_INDEX,data/daily_price/daily_price_20241204.csv,50.86,52.3875,52.18,53.8271,52.4757,-0.7813,-1.9305,-9.6085,11.2815,-15.0502,1089015.85,0.5821,57.5,60.2,65.0,49.7,44.65,42.9,-3.0303,-2.6447,-5.6237,-3.1932,-11.6522,-15.6146,-21.8462,13.7738,18.4149
20241205,6202,盛群,TWSE,50.8,52.2,50.5,51.3,996440.0,51080128.0,TWSE_RWD_JSON_MI_INDEX,data/daily_price/daily_price_20241205.csv,50.92,52.1775,52.2833,53.7604,52.3777,0.9843,0.5882,-7.5676,13.7472,-13.4907,1045833.25,0.9528,55.9,60.2,65.0,49.7,44.65,42.9,-1.6818,-1.8808,-4.5766,-2.0576,-8.229,-14.7841,-21.0769,14.8936,19.5804
20241206,6202,盛群,TWSE,51.2,51.8,50.6,50.6,533990.0,27236107.0,TWSE_RWD_JSON_MI_INDEX,data/daily_price/daily_price_20241206.csv,50.92,52.0075,52.3533,53.6854,52.2296,-1.3645,0.0,-6.2963,9.0517,-15.1007,1023320.05,0.5218,54.6,60.2,65.0,49.7,44.65,42.9,-2.7063,-3.349,-5.7472,-3.12,-7.326,-15.9468,-22.1538,13.3259,17.9487
20241209,6202,盛群,TWSE,50.4,50.7,49.1,49.1,676761.0,33727832.0,TWSE_RWD_JSON_MI_INDEX,data/daily_price/daily_price_20241209.csv,50.6,51.7325,52.4067,53.5888,51.9688,-2.9644,-3.1558,-10.0733,6.9717,-19.1104,1027335.05,0.6588,54.6,60.2,65.0,49.1,45.2,42.9,-5.0887,-6.3096,-8.3763,-5.5202,-10.0733,-18.4385,-24.4615,8.6283,14.4522
20241210,6202,盛群,TWSE,49.6,51.4,49.4,50.1,922577.0,46665477.0,TWSE_RWD_JSON_MI_INDEX,data/daily_price/daily_price_20241210.csv,50.38,51.5875,52.48,53.5029,51.813,2.0367,-2.1484,-5.4717,9.628,-17.053,1020157.4,0.9043,54.6,60.2,65.0,49.1,45.7,42.9,-2.8835,-4.5351,-6.3602,-3.3062,-8.2418,-16.7774,-22.9231,9.628,16.7832
20241211,6202,盛群,TWSE,50.0,50.2,49.4,49.5,455395.0,22662855.0,TWSE_RWD_JSON_MI_INDEX,data/daily_price/daily_price_20241211.csv,50.12,51.4575,52.5433,53.4154,51.6203,-1.1976,-2.5591,-4.9904,8.3151,-17.5,985946.1,0.4619,54.6,60.2,65.0,49.1,45.7,42.9,-3.8041,-5.792,-7.3301,-4.1075,-9.3407,-17.7741,-23.8462,8.3151,15.3846
20241212,6202,盛群,TWSE,49.7,50.5,48.55,48.6,639863.0,31412237.0,TWSE_RWD_JSON_MI_INDEX,data/daily_price/daily_price_20241212.csv,49.58,51.395,52.5842,53.3221,51.3686,-1.8182,-5.2632,-2.5075,5.3088,-18.7291,943517.85,0.6782,54.6,60.2,65.0,48.55,46.0,42.9,-5.4383,-7.5767,-8.8558,-5.3897,-10.989,-19.2691,-25.2308,5.6522,13.2867
20241213,6202,盛群,TWSE,48.5,48.5,47.4,47.7,441831.0,21124453.0,TWSE_RWD_JSON_MI_INDEX,data/daily_price/daily_price_20241213.csv,49.0,51.245,52.6033,53.2229,51.0629,-1.8519,-5.7312,-5.9172,2.4705,-19.9664,921925.5,0.4792,54.6,60.2,65.0,47.4,46.0,42.9,-6.9177,-9.3213,-10.377,-6.5858,-12.6374,-20.7641,-26.6154,3.6957,11.1888
20241216,6202,盛群,TWSE,48.0,48.1,46.5,46.5,466719.0,22042282.0,TWSE_RWD_JSON_MI_INDEX,data/daily_price/daily_price_20241216.csv,48.48,50.93,52.59,53.1038,50.6826,-2.5157,-5.2953,-11.9318,-1.6913,-23.5197,875344.1,0.5332,54.6,60.2,65.0,46.5,46.0,42.9,-8.6982,-11.5801,-12.4356,-8.2526,-14.8352,-22.7575,-28.4615,1.087,8.3916
20241217,6202,盛群,TWSE,46.5,49.2,46.5,49.05,805666.0,38973272.0,TWSE_RWD_JSON_MI_INDEX,data/daily_price/daily_price_20241217.csv,48.27,50.6975,52.6367,53.0083,50.5466,5.4839,-2.0958,-8.6592,6.0541,-18.9256,883927.15,0.9115,54.6,60.2,65.0,46.5,46.0,42.9,-3.2497,-6.814,-7.4674,-2.9608,-10.1648,-18.5216,-24.5385,6.6304,14.3357
20241218,6202,盛群,TWSE,49.0,49.05,48.25,48.7,422820.0,20567019.0,TWSE_RWD_JSON_MI_INDEX,data/daily_price/daily_price_20241218.csv,48.11,50.5075,52.6667,52.91,50.3927,-0.7136,-1.6162,-7.2381,3.838,-19.5041,846859.15,0.4993,54.6,60.2,65.0,46.5,46.05,42.9,-3.5787,-7.5316,-7.9569,-3.359,-10.8059,-19.103,-25.0769,5.7546,13.5198
20241219,6202,盛群,TWSE,48.0,48.7,47.85,48.0,408321.0,19632362.0,TWSE_RWD_JSON_MI_INDEX,data/daily_price/daily_price_20241219.csv,47.99,50.2325,52.6917,52.8017,50.1933,-1.4374,-1.2346,-10.2804,3.2258,-21.3115,830183.5,0.4918,54.6,60.2,65.0,46.5,46.05,42.9,-4.4443,-8.904,-9.0938,-4.3697,-12.0879,-20.2658,-26.1538,4.2345,11.8881
20241220,6202,盛群,TWSE,47.75,48.6,46.75,46.75,532458.0,25230044.0,TWSE_RWD_JSON_MI_INDEX,data/daily_price/daily_price_20241220.csv,47.8,49.93,52.6933,52.6896,49.9064,-2.6042,-1.9916,-11.4583,0.2144,-22.3422,824571.95,0.6457,54.6,60.2,65.0,46.5,46.05,42.9,-6.3689,-11.2791,-11.2728,-6.3246,-14.3773,-22.3422,-28.0769,1.5201,8.9744
20241223,6202,盛群,TWSE,47.0,47.8,46.65,46.75,459530.0,21600491.0,TWSE_RWD_JSON_MI_INDEX,data/daily_price/daily_price_20241223.csv,47.85,49.5925,52.6992,52.5808,49.6433,0.0,0.5376,-12.6168,0.7543,-21.8227,560270.35,0.8202,54.5,60.2,65.0,46.5,46.5,42.9,-5.7317,-11.2889,-11.0893,-5.8282,-14.2202,-22.3422,-28.0769,0.5376,8.9744
20241224,6202,盛群,TWSE,47.4,49.5,47.4,48.75,1141977.0,55687841.0,TWSE_RWD_JSON_MI_INDEX,data/daily_price/daily_price_20241224.csv,47.79,49.375,52.7158,52.4871,49.5689,4.2781,-0.6116,-8.1921,2.0942,-18.75,586158.2,1.9482,53.1,60.2,65.0,46.5,46.5,42.9,-1.2658,-7.523,-7.12,-1.652,-8.1921,-19.0199,-25.0,4.8387,13.6364
20241225,6202,盛群,TWSE,49.1,49.6,48.1,48.55,572892.0,27827109.0,TWSE_RWD_JSON_MI_INDEX,data/daily_price/daily_price_20241225.csv,47.76,49.2125,52.65,52.395,49.484,-0.4103,-0.308,-6.2741,-7.5238,-18.5403,592687.05,0.9666,52.4,60.2,65.0,46.5,46.5,42.9,-1.3462,-7.7873,-7.3385,-1.8874,-7.3473,-19.3522,-25.3077,4.4086,13.1702
20241226,6202,盛群,TWSE,48.55,49.6,48.5,48.75,398876.0,19531395.0,TWSE_RWD_JSON_MI_INDEX,data/daily_price/daily_price_20241226.csv,47.91,49.1,52.5392,52.3112,49.4228,0.4119,1.5625,-4.4118,-12.0036,-17.0918,587671.4,0.6787,52.2,60.2,65.0,46.5,46.5,42.9,-0.7128,-7.2121,-6.8078,-1.3614,-6.6092,-19.0199,-25.0,4.8387,13.6364
20241227,6202,盛群,TWSE,48.5,48.9,48.2,48.25,289426.0,14023560.0,TWSE_RWD_JSON_MI_INDEX,data/daily_price/daily_price_20241227.csv,48.21,48.9825,52.445,52.215,49.3251,-1.0256,3.2086,-4.6443,-10.4824,-19.3144,572740.05,0.5053,52.2,60.2,65.0,46.5,46.5,42.9,-1.4954,-7.9989,-7.5936,-2.1796,-7.567,-19.8505,-25.7692,3.7634,12.4709
20241230,6202,盛群,TWSE,48.5,48.9,47.25,47.55,350257.0,16707004.0,TWSE_RWD_JSON_MI_INDEX,data/daily_price/daily_price_20241230.csv,48.37,48.825,52.3408,52.1079,49.1772,-1.4508,1.7112,-6.213,-11.6171,-21.2748,575874.75,0.6082,52.2,60.2,65.0,46.5,46.5,42.9,-2.6114,-9.1531,-8.7471,-3.3088,-8.908,-21.0133,-26.8462,2.2581,10.8392
20241231,6202,盛群,TWSE,47.1,47.3,46.75,46.95,348639.0,16375056.0,TWSE_RWD_JSON_MI_INDEX,data/daily_price/daily_price_20241231.csv,48.01,48.6125,52.2367,51.9675,48.9916,-1.2618,-3.6923,-8.3008,-11.7481,-26.4107,574916.2,0.6064,52.2,60.2,65.0,46.5,46.5,42.9,-3.4199,-10.1206,-9.6551,-4.1672,-10.0575,-22.01,-27.7692,0.9677,9.4406
20250102,6202,盛群,TWSE,47.2,48.7,47.2,48.0,726895.0,34920537.0,TWSE_RWD_JSON_MI_INDEX,data/daily_price/daily_price_20250102.csv,47.9,48.4725,52.145,51.835,48.9089,2.2364,-1.1329,-5.5118,-10.2804,-24.8826,579566.65,1.2542,52.2,60.2,64.3,46.5,46.5,42.9,-0.9748,-7.949,-7.3985,-1.8584,-8.046,-20.2658,-25.3499,3.2258,11.8881
20250103,6202,盛群,TWSE,48.0,48.6,47.15,47.15,379823.0,18102114.0,TWSE_RWD_JSON_MI_INDEX,data/daily_price/daily_price_20250103.csv,47.58,48.265,52.0542,51.7038,48.7624,-1.7708,-3.2821,-8.0897,-10.3612,-25.0397,548735.8,0.6922,51.8,60.2,64.3,46.5,46.5,42.9,-2.3102,-9.4213,-8.8074,-3.3066,-8.9768,-21.6777,-26.6719,1.3978,9.9068
20250106,6202,盛群,TWSE,48.6,51.8,47.75,51.1,2460687.0,124258345.0,TWSE_RWD_CSV_MI_INDEX,data/daily_price/daily_price_20250106.csv,48.15,48.29,52.0292,51.6146,48.9572,8.3775,5.9067,0.9881,-2.8517,-17.3139,645070.65,3.8146,51.8,60.2,64.3,46.5,46.5,42.9,5.819,-1.7859,-0.997,4.377,-1.3514,-15.1163,-20.5288,9.8925,19.1142
20250107,6202,盛群,TWSE,51.6,55.4,51.4,53.8,6459204.0,345105724.0,TWSE_RWD_JSON_MI_INDEX,data/daily_price/daily_price_20250107.csv,49.4,48.525,52.0492,51.5379,49.3607,5.2838,13.1441,9.5723,2.2814,-14.6032,934192.8,6.9142,55.4,60.2,64.3,46.5,46.5,42.9,10.8707,3.3638,4.3892,8.9935,-2.8881,-10.6312,-16.3297,15.6989,25.4079
20250108,6202,盛群,TWSE,53.6,55.2,52.8,53.6,2348925.0,126554435.0,TWSE_RWD_JSON_MI_INDEX,data/daily_price/daily_price_20250108.csv,50.73,48.7,52.0142,51.4554,49.714,-0.3717,14.164,6.986,-3.7702,-15.5906,1005510.2,2.3361,55.4,60.2,63.5,46.5,46.5,42.9,10.0616,3.0488,4.1678,7.8167,-3.2491,-10.9635,-15.5906,15.2688,24.9417
20250109,6202,盛群,TWSE,55.8,58.9,53.7,53.8,14279042.0,808900057.0,TWSE_RWD_JSON_MI_INDEX,data/daily_price/daily_price_20250109.csv,51.89,48.915,51.9925,51.3779,50.0545,0.3731,12.0833,8.6869,-2.3593,-14.7385,1696692.55,8.4158,58.9,60.2,63.5,46.5,46.5,42.9,9.9867,3.4765,4.7142,7.4828,-8.6587,-10.6312,-15.2756,15.6989,25.4079
20250110,6202,盛群,TWSE,53.8,53.9,50.6,53.4,4746414.0,249166618.0,TWSE_RWD_JSON_MI_INDEX,data/daily_price/daily_price_20250110.csv,53.14,49.155,51.9725,51.2996,50.3333,-0.7435,13.2556,9.8765,-2.1978,-14.9682,1902020.1,2.4955,58.9,60.2,63.0,46.5,46.5,42.9,8.6359,2.7466,4.0944,6.0928,-9.3379,-11.2957,-15.2381,14.8387,24.4755
20250113,6202,盛群,TWSE,52.1,52.1,48.1,48.1,4567173.0,221832126.0,TWSE_RWD_JSON_MI_INDEX,data/daily_price/daily_price_20250113.csv,52.54,49.175,51.8575,51.1829,50.1472,-9.9251,-5.8708,0.8386,-12.5455,-22.5443,2108287.2,2.1663,58.9,60.2,62.4,46.5,46.5,42.9,-2.1861,-7.2458,-6.0233,-4.0824,-18.3362,-20.0997,-22.9167,3.4409,12.1212
20250114,6202,盛群,TWSE,47.8,48.5,46.6,47.05,2150647.0,101887582.0,TWSE_RWD_JSON_MI_INDEX,data/daily_price/daily_price_20250114.csv,51.19,49.2025,51.745,51.055,49.8891,-2.183,-12.5465,1.1828,-12.5465,-24.5994,2192483.6,0.9809,58.9,60.2,62.1,46.5,46.5,42.9,-4.3748,-9.0733,-7.8445,-5.6908,-20.1188,-21.8439,-24.2351,1.1828,9.6737
20250115,6202,盛群,TWSE,47.05,47.55,46.95,47.1,503001.0,23714343.0,TWSE_RWD_JSON_MI_INDEX,data/daily_price/daily_price_20250115.csv,49.89,49.105,51.595,50.9475,49.6567,0.1063,-12.1269,-3.9755,-16.0428,-21.5,2177350.35,0.231,58.9,60.2,60.2,46.6,46.5,42.9,-4.0831,-8.7121,-7.5519,-5.1487,-20.034,-21.7608,-21.7608,1.2903,9.7902
20250116,6202,盛群,TWSE,47.9,48.05,47.25,47.6,617805.0,29440908.0,TWSE_RWD_JSON_MI_INDEX,data/daily_price/daily_price_20250116.csv,48.65,49.05,51.4033,50.87,49.4853,1.0616,-11.5242,-2.2587,-19.4585,-16.3445,2187099.6,0.2825,58.9,60.2,60.2,46.6,46.5,42.9,-2.9562,-7.399,-6.4282,-3.8098,-19.1851,-20.9302,-20.9302,2.3656,10.9557
20250117,6202,盛群,TWSE,38.0,38.0,37.25,37.3,458403.0,17205706.0,TWSE_RWD_JSON_MI_INDEX,data/daily_price/daily_price_20250117.csv,45.43,48.515,51.07,50.7008,48.4698,-21.6387,-30.1498,-22.2917,-34.904,-35.2431,2189603.7,0.2094,58.9,60.2,60.2,37.25,37.25,37.25,-23.1166,-26.963,-26.4312,-23.0449,-36.6723,-38.0399,-38.0399,0.1342,0.1342
20250120,6202,盛群,TWSE,47.3,48.8,46.95,48.4,753101.0,36133215.0,TWSE_RWD_JSON_MI_INDEX,data/daily_price/daily_price_20250120.csv,45.49,48.5975,50.9067,50.6383,48.464,29.7587,0.6237,3.5294,-16.8385,-13.4168,2200635.85,0.3422,58.9,59.2,60.2,37.25,37.25,37.25,-0.4064,-4.924,-4.4202,-0.1321,-17.8268,-18.2432,-19.6013,29.9329,29.9329
20250121,6202,盛群,TWSE,48.4,48.85,47.6,47.85,541019.0,26008035.0,TWSE_RWD_JSON_MI_INDEX,data/daily_price/daily_price_20250121.csv,45.65,48.6525,50.7392,50.5737,48.4128,-1.1364,1.7003,2.3529,-17.3575,-13.9388,2204710.3,0.2454,58.9,58.9,60.2,37.25,37.25,37.25,-1.6495,-5.6942,-5.3857,-1.1626,-18.7606,-18.7606,-20.515,28.4564,28.4564
20250122,6202,盛群,TWSE,47.9,48.6,47.55,48.3,513967.0,24683663.0,TWSE_RWD_JSON_MI_INDEX,data/daily_price/daily_price_20250122.csv,45.89,48.63,50.5908,50.5237,48.4034,0.9404,2.5478,-0.9231,-15.5594,-11.0497,2173309.8,0.2365,58.9,58.9,60.2,37.25,37.25,37.25,-0.6786,-4.5282,-4.4014,-0.2137,-17.9966,-17.9966,-19.7674,29.6644,29.6644
20250203,6202,盛群,TWSE,47.55,47.55,44.7,45.0,1615527.0,73561637.0,TWSE_RWD_JSON_MI_INDEX,data/daily_price/daily_price_20250203.csv,45.37,48.4525,50.3942,50.4554,48.1198,-6.8323,-5.4622,-7.312,-20.7746,-15.4135,2225441.55,0.7259,58.9,58.9,60.2,37.25,37.25,37.25,-7.1255,-10.704,-10.8124,-6.4834,-23.5993,-23.5993,-25.2492,20.8054,20.8054
20250204,6202,盛群,TWSE,44.85,45.95,44.5,45.65,681507.0,30874416.0,TWSE_RWD_JSON_MI_INDEX,data/daily_price/daily_price_20250204.csv,47.04,48.2975,50.2267,50.39,47.914,1.4444,22.3861,-6.359,-18.0431,-14.6729,2239573.1,0.3043,58.9,58.9,60.2,37.25,37.25,37.25,-5.4817,-9.112,-9.4066,-4.7251,-22.4958,-22.4958,-24.1694,22.5503,22.5503
20250205,6202,盛群,TWSE,46.05,46.6,45.75,46.55,336767.0,15524007.0,TWSE_RWD_JSON_MI_INDEX,data/daily_price/daily_price_20250205.csv,46.67,48.2125,50.1025,50.3554,47.8003,1.9715,-3.8223,-3.5233,-13.7963,-8.1854,2241940.15,0.1502,58.9,58.9,60.2,37.25,37.25,37.25,-3.4483,-7.0905,-7.5571,-2.6157,-20.9677,-20.9677,-22.6744,24.9664,24.9664
20250206,6202,盛群,TWSE,46.85,47.35,46.1,47.05,519858.0,24362364.0,TWSE_RWD_JSON_MI_INDEX,data/daily_price/daily_price_20250206.csv,46.51,48.1875,49.97,50.3671,47.7378,1.0741,-1.6719,-1.0515,-14.4545,3.0668,2250420.2,0.231,58.9,58.9,60.2,37.25,37.25,37.25,-2.3606,-5.8435,-6.5858,-1.4408,-20.1188,-20.1188,-21.8439,26.3087,26.3087
20250207,6202,盛群,TWSE,47.0,47.7,46.85,47.5,315204.0,14946378.0,TWSE_RWD_JSON_MI_INDEX,data/daily_price/daily_price_20250207.csv,46.35,48.215,49.8283,50.3908,47.718,0.9564,-1.6563,1.1715,-15.1786,6.383,2248748.45,0.1402,58.9,58.9,60.2,37.25,37.25,37.25,-1.4829,-4.6727,-5.7368,-0.4568,-19.3548,-19.3548,-21.0963,27.5168,27.5168
20250210,6202,盛群,TWSE,47.7,48.9,47.5,48.3,924355.0,44535295.0,TWSE_RWD_JSON_MI_INDEX,data/daily_price/daily_price_20250210.csv,47.01,48.23,49.6967,50.3983,47.7665,1.6842,7.3333,0.625,-14.0569,1.8987,2258621.45,0.4093,58.9,58.9,60.2,37.25,37.25,37.25,0.1451,-2.8104,-4.1635,1.1169,-17.9966,-17.9966,-19.7674,29.6644,29.6644
20250211,6202,盛群,TWSE,48.3,49.35,48.3,49.35,1009019.0,49474474.0,TWSE_RWD_JSON_MI_INDEX,data/daily_price/daily_price_20250211.csv,47.75,48.34,49.5942,50.4188,47.8985,2.1739,8.1051,4.666,-11.0811,5.2239,2290081.25,0.4406,58.9,58.9,60.2,37.25,37.25,37.25,2.0894,-0.4923,-2.1197,3.0305,-16.2139,-16.2139,-18.0233,32.4832,32.4832
20250212,6202,盛群,TWSE,50.0,51.0,49.05,49.55,1579059.0,78796253.0,TWSE_RWD_JSON_MI_INDEX,data/daily_price/daily_price_20250212.csv,48.35,48.2625,49.52,50.4383,48.0361,0.4053,6.4447,-3.0333,-8.2407,4.9788,2245999.85,0.7031,58.9,58.9,60.2,37.25,37.25,37.25,2.6677,0.0606,-1.7612,3.1516,-15.8744,-15.8744,-17.691,33.0201,33.0201
20250213,6202,盛群,TWSE,49.75,50.9,49.35,50.8,995966.0,50112403.0,TWSE_RWD_JSON_MI_INDEX,data/daily_price/daily_price_20250213.csv,49.1,48.1125,49.4567,50.455,48.2664,2.5227,7.9702,-5.5762,-6.9597,4.0984,1972837.95,0.5048,58.9,58.9,60.2,37.25,37.25,37.25,5.5859,2.7162,0.6838,5.2492,-13.7521,-13.7521,-15.6146,36.3758,36.3758
20250214,6202,盛群,TWSE,50.5,51.8,50.1,51.5,941179.0,48161179.0,TWSE_RWD_JSON_MI_INDEX,data/daily_price/daily_price_20250214.csv,49.9,48.0075,49.4317,50.4758,48.5359,1.378,8.4211,-3.9179,-2.8302,5.102,1902450.65,0.4947,58.9,58.9,60.2,37.25,37.25,37.25,7.2749,4.1842,2.029,6.1071,-12.5637,-12.5637,-14.4518,38.255,38.255
20250217,6202,盛群,TWSE,52.1,52.1,51.0,51.0,762458.0,39317520.0,TWSE_RWD_JSON_MI_INDEX,data/daily_price/daily_price_20250217.csv,50.44,47.8675,49.4133,50.4879,48.7412,-0.9709,5.5901,-5.2045,-2.1113,2.9263,1226621.45,0.6216,53.9,58.9,60.2,37.25,37.25,37.25,6.5441,3.211,1.0143,4.6342,-5.3803,-13.4126,-15.2824,36.9128,36.9128
20250218,6202,盛群,TWSE,51.9,51.9,50.6,51.3,537220.0,27453209.0,TWSE_RWD_JSON_MI_INDEX,data/daily_price/daily_price_20250218.csv,50.83,47.7625,49.4375,50.5037,48.9544,0.5882,3.9514,-3.9326,2.9087,3.8462,1016161.75,0.5287,52.1,58.9,60.2,37.25,37.25,37.25,7.4064,3.7674,1.5766,4.7913,-1.5355,-12.9032,-14.7841,37.7181,37.7181
20250219,6202,盛群,TWSE,51.7,52.6,51.4,52.1,812867.0,42423416.0,TWSE_RWD_JSON_MI_INDEX,data/daily_price/daily_price_20250219.csv,51.34,47.9625,49.4608,50.5263,49.2166,1.5595,5.1463,8.316,2.7613,5.4656,828446.45,0.9812,52.6,58.9,60.2,37.25,37.25,37.25,8.6265,5.3359,3.1147,5.8586,-0.9506,-11.545,-13.4551,39.8658,39.8658
20250220,6202,盛群,TWSE,51.9,52.5,51.5,52.0,812866.0,42294795.0,TWSE_RWD_JSON_MI_INDEX,data/daily_price/daily_price_20250220.csv,51.58,48.21,49.4475,50.5458,49.4485,-0.1919,2.3622,10.5207,-1.5152,4.7331,761557.4,1.0674,52.6,58.9,60.2,37.25,37.25,37.25,7.8614,5.162,2.8769,5.1598,-1.1407,-11.7148,-13.6213,39.5973,39.5973
20250221,6202,盛群,TWSE,52.1,53.0,51.9,52.8,677227.0,35642218.0,TWSE_RWD_CSV_MI_INDEX,data/daily_price/daily_price_20250221.csv,51.84,48.495,49.4325,50.5675,49.7278,1.5385,2.5243,12.1019,-1.676,5.1793,770268.7,0.8792,53.0,58.9,60.2,37.25,37.25,37.25,8.8772,6.8123,4.4149,6.178,-0.3774,-10.3565,-12.2924,41.745,41.745
20250224,6202,盛群,TWSE,52.6,53.2,52.4,53.2,520445.0,27556883.0,TWSE_RWD_JSON_MI_INDEX,data/daily_price/daily_price_20250224.csv,52.28,48.775,49.4442,50.5942,50.0172,0.7576,4.3137,11.7647,1.3333,6.4,765400.7,0.68,53.2,58.9,60.2,37.25,37.25,37.25,9.0723,7.5961,5.1505,6.3635,0.0,-9.6774,-11.6279,42.8188,42.8188
20250225,6202,盛群,TWSE,52.9,53.2,52.2,52.8,497429.0,26232485.0,TWSE_RWD_JSON_MI_INDEX,data/daily_price/daily_price_20250225.csv,52.58,49.55,49.4325,50.6167,50.2491,-0.7519,2.924,41.555,-1.3084,5.3892,767352.0,0.6482,53.2,58.9,60.2,44.5,37.25,37.25,6.559,6.8123,4.3135,5.0766,-0.7519,-10.3565,-12.2924,41.745,41.745
20250226,6202,盛群,TWSE,53.0,53.2,52.3,52.5,505993.0,26651712.0,TWSE_RWD_JSON_MI_INDEX,data/daily_price/daily_price_20250226.csv,52.66,49.755,49.4275,50.64,50.4366,-0.5682,0.7678,8.4711,-0.5682,5.6338,754996.6,0.6702,53.2,58.9,60.2,44.5,37.25,37.25,5.517,6.2162,3.673,4.091,-1.3158,-10.8659,-12.7907,40.9396,40.9396
20250227,6202,盛群,TWSE,51.9,51.9,50.6,51.3,537220.0,27453209.0,TWSE_RWD_JSON_MI_INDEX,data/daily_price/daily_price_20250227.csv,52.52,49.9275,49.3908,50.6483,50.5086,-2.2857,-1.3462,7.21,-4.1121,1.9881,754806.65,0.7117,53.2,58.9,60.2,44.5,37.25,37.25,2.749,3.8654,1.2866,1.5669,-3.5714,-12.9032,-14.7841,37.7181,37.7181
20250303,6202,盛群,TWSE,51.2,51.2,49.95,50.3,560164.0,28221199.0,TWSE_RWD_JSON_MI_INDEX,data/daily_price/daily_price_20250303.csv,52.02,50.0275,49.3442,50.6533,50.4912,-1.9493,-4.7348,4.1408,-5.2731,1.2072,757116.5,0.7399,53.2,58.9,60.2,44.5,37.25,37.25,0.5447,1.9371,-0.6976,-0.3787,-5.4511,-14.601,-16.4452,35.0336,35.0336
20250304,6202,盛群,TWSE,49.7,50.7,49.2,50.7,393546.0,19679942.0,TWSE_RWD_JSON_MI_INDEX,data/daily_price/daily_price_20250304.csv,51.52,50.3125,49.3258,50.6608,50.5086,0.7952,-4.6992,12.6667,-2.1236,1.8072,696017.45,0.5654,53.2,58.9,60.2,44.5,37.25,37.25,0.7702,2.7859,0.0773,0.3789,-4.6992,-13.9219,-15.7807,36.1074,36.1074
20250305,6202,盛群,TWSE,50.4,51.1,50.2,50.4,483817.0,24465786.0,TWSE_RWD_JSON_MI_INDEX,data/daily_price/daily_price_20250305.csv,51.04,50.55,49.3158,50.6675,50.4996,-0.5917,-4.5455,10.4053,-1.1765,1.6129,686132.95,0.7051,53.2,58.9,60.2,45.75,37.25,37.25,-0.2967,2.1984,-0.528,-0.1971,-5.2632,-14.4312,-16.2791,35.302,35.302
20250306,6202,盛群,TWSE,50.7,51.3,49.9,49.9,376267.0,18882814.0,TWSE_RWD_JSON_MI_INDEX,data/daily_price/daily_price_20250306.csv,50.52,50.7175,49.3042,50.6675,50.4496,-0.9921,-4.9524,7.1966,-1.3834,0.0,688107.95,0.5468,53.2,58.9,60.2,46.1,37.25,37.25,-1.6119,1.2085,-1.5148,-1.0894,-6.203,-15.2801,-17.1096,33.9597,33.9597
20250307,6202,盛群,TWSE,50.0,50.1,49.1,49.1,457113.0,22609399.0,TWSE_RWD_JSON_MI_INDEX,data/daily_price/daily_price_20250307.csv,50.08,50.82,49.2775,50.6642,50.3371,-1.6032,-4.2885,4.3571,-3.1558,-0.8081,684970.7,0.6673,53.2,58.9,60.2,46.85,37.25,37.25,-3.3845,-0.3602,-3.0873,-2.4577,-7.7068,-16.6384,-18.4385,31.8121,31.8121
20250310,6202,盛群,TWSE,50.3,51.4,49.9,50.0,575796.0,29102041.0,TWSE_RWD_JSON_MI_INDEX,data/daily_price/daily_price_20250310.csv,50.02,50.945,49.2575,50.6758,50.309,1.833,-0.5964,5.2632,-2.3438,2.8807,698000.3,0.8249,53.2,58.9,60.2,47.5,37.25,37.25,-1.8549,1.5074,-1.3336,-0.6143,-6.015,-15.1104,-16.9435,34.2282,34.2282
20250311,6202,盛群,TWSE,49.3,51.0,47.8,50.4,649498.0,31923361.0,TWSE_RWD_JSON_MI_INDEX,data/daily_price/daily_price_20250311.csv,49.96,51.05,49.2508,50.7154,50.3166,0.8,-0.5917,4.3478,-0.7874,10.4053,684257.45,0.9492,53.2,58.9,60.2,47.8,37.25,37.25,-1.2733,2.3333,-0.6219,0.1657,-5.2632,-14.4312,-16.2791,35.302,35.302
20250312,6202,盛群,TWSE,50.1,51.1,49.7,51.1,479643.0,24251602.0,TWSE_RWD_JSON_MI_INDEX,data/daily_price/daily_price_20250312.csv,50.1,51.1375,49.2475,50.7654,50.3819,1.3889,1.3889,3.5461,-0.3899,13.3038,657788.65,0.7292,53.2,58.9,60.2,47.8,37.25,37.25,-0.0733,3.7616,0.6591,1.4253,-3.9474,-13.2428,-15.1163,37.1812,37.1812
20250313,6202,盛群,TWSE,51.3,51.8,49.9,50.0,806016.0,41101881.0,TWSE_RWD_JSON_MI_INDEX,data/daily_price/daily_price_20250313.csv,50.12,51.16,49.2375,50.7954,50.3501,-2.1526,0.2004,0.9082,-1.1858,7.7586,619136.5,1.3018,53.2,58.9,60.2,47.8,37.25,37.25,-2.2674,1.5486,-1.5659,-0.6953,-6.015,-15.1104,-16.9435,34.2282,34.2282
20250314,6202,盛群,TWSE,50.0,50.7,49.95,50.7,411460.0,20685367.0,TWSE_RWD_JSON_MI_INDEX,data/daily_price/daily_price_20250314.csv,50.44,51.155,49.2642,50.8354,50.3792,1.4,3.2587,-0.1969,3.2587,10.4575,589911.2,0.6975,53.2,58.9,60.2,47.8,37.25,37.25,-0.8895,2.9146,-0.2664,0.6367,-4.6992,-13.9219,-15.7807,36.1074,36.1074
20250317,6202,盛群,TWSE,50.5,51.1,50.5,50.8,275404.0,13987797.0,TWSE_RWD_JSON_MI_INDEX,data/daily_price/daily_price_20250317.csv,50.6,51.12,49.2758,50.8779,50.4143,0.1972,1.6,-1.3592,1.3972,11.1597,556622.45,0.4948,53.2,58.9,60.2,47.8,37.25,37.25,-0.626,3.0931,-0.1531,0.7651,-4.5113,-13.7521,-15.6146,36.3758,36.3758
20250318,6202,盛群,TWSE,51.2,52.0,51.1,51.9,498749.0,25762294.0,TWSE_RWD_JSON_MI_INDEX,data/daily_price/daily_price_20250318.csv,50.9,51.165,49.3158,50.9296,50.5381,2.1654,2.9762,1.7647,4.8485,13.5667,543437.0,0.9178,53.2,58.9,60.2,47.8,37.25,37.25,1.4365,5.24,1.9054,2.6948,-2.4436,-11.8846,-13.7874,39.3289,39.3289
20250319,6202,盛群,TWSE,52.0,52.5,51.2,51.5,385993.0,20025942.0,TWSE_RWD_JSON_MI_INDEX,data/daily_price/daily_price_20250319.csv,50.98,51.175,49.3642,50.9742,50.6183,-0.7707,0.7828,0.3899,5.9671,11.5926,535875.65,0.7203,53.2,58.9,60.2,47.8,37.25,37.25,0.6351,4.3267,1.0316,1.7419,-3.1955,-12.5637,-14.4518,38.255,38.255
20250320,6202,盛群,TWSE,52.0,52.5,51.7,52.4,513884.0,26825988.0,TWSE_RWD_JSON_MI_INDEX,data/daily_price/daily_price_20250320.csv,51.46,51.19,49.4425,51.0229,50.7667,1.7476,4.8,0.5758,9.8532,12.5671,520926.5,0.9865,53.2,58.9,60.2,47.8,37.25,37.25,2.3637,5.9817,2.699,3.2172,-1.5038,-11.0357,-12.9568,40.6711,40.6711
20250321,6202,盛群,TWSE,52.5,52.8,51.5,51.7,596006.0,30994077.0,TWSE_RWD_JSON_MI_INDEX,data/daily_price/daily_price_20250321.csv,51.66,51.175,49.5292,51.0596,50.8445,-1.3359,1.9724,-0.5769,11.1828,9.3023,510083.5,1.1684,53.2,58.9,60.2,47.8,37.25,37.25,1.0259,4.3829,1.2543,1.6826,-2.8195,-12.2241,-14.1196,38.7919,38.7919
20250324,6202,盛群,TWSE,52.3,52.3,50.4,50.5,395496.0,20150960.0,TWSE_RWD_JSON_MI_INDEX,data/daily_price/daily_price_20250324.csv,51.6,51.06,49.5533,51.095,50.8158,-2.3211,-0.5906,-4.3561,2.9562,9.1892,495996.95,0.7974,53.2,58.9,60.2,47.8,37.25,37.25,-1.0967,1.9104,-1.1645,-0.6215,-5.0752,-14.2615,-16.113,35.5705,35.5705
20250325,6202,盛群,TWSE,51.3,51.3,49.85,49.95,302995.0,15192816.0,TWSE_RWD_JSON_MI_INDEX,data/daily_price/daily_price_20250325.csv,51.21,50.8975,49.5742,51.1204,50.7437,-1.0891,-3.7572,-6.109,2.5667,6.5032,485124.45,0.6246,53.2,58.9,60.2,47.8,37.25,37.25,-1.8616,0.7581,-2.2895,-1.564,-6.109,-15.1952,-17.0266,34.094,34.094
20250326,6202,盛群,TWSE,49.7,50.1,49.7,49.8,216608.0,10802323.0,TWSE_RWD_JSON_MI_INDEX,data/daily_price/daily_price_20250326.csv,50.87,50.7475,49.6042,51.1479,50.665,-0.3003,-3.301,-5.6818,3.75,7.0968,471083.4,0.4598,53.2,58.9,60.2,47.8,37.25,37.25,-1.8671,0.3948,-2.6353,-1.7073,-6.391,-15.4499,-17.2757,33.6913,33.6913
20250327,6202,盛群,TWSE,49.7,49.7,48.55,48.95,433874.0,21300373.0,TWSE_RWD_JSON_MI_INDEX,data/daily_price/daily_price_20250327.csv,50.18,50.57,49.6408,51.1671,50.5221,-1.7068,-6.584,-6.7619,4.7059,4.9303,467477.45,0.9281,52.8,58.9,60.2,47.8,37.25,37.25,-3.2035,-1.3917,-4.333,-3.1117,-7.2917,-16.893,-18.6877,31.4094,31.4094
20250328,6202,盛群,TWSE,48.8,48.8,46.75,47.0,749956.0,35566496.0,TWSE_RWD_JSON_MI_INDEX,data/daily_price/daily_price_20250328.csv,49.24,50.355,49.645,51.1721,50.2286,-3.9837,-9.0909,-8.3821,0.5348,1.2931,478114.25,1.5686,52.8,58.9,60.2,46.75,37.25,37.25,-6.6627,-5.3278,-8.153,-6.4278,-10.9848,-20.2037,-21.9269,26.1745,26.1745
20250331,6202,盛群,TWSE,46.0,46.0,44.1,44.1,1108667.0,49651234.0,TWSE_RWD_JSON_MI_INDEX,data/daily_price/daily_price_20250331.csv,47.96,50.045,49.5675,51.1417,49.7179,-6.1702,-12.6733,-12.326,-9.5385,-7.644,505539.4,2.193,52.8,58.9,60.2,44.1,37.25,37.25,-11.8793,-11.0304,-13.7689,-11.2995,-16.4773,-25.1273,-26.7442,18.3893,18.3893
20250401,6202,盛群,TWSE,44.1,45.95,44.1,44.85,527991.0,23725279.0,TWSE_RWD_JSON_MI_INDEX,data/daily_price/daily_price_20250401.csv,46.94,49.7525,49.5058,51.0779,49.3122,1.7007,-10.2102,-11.5385,-7.621,-14.5714,512261.65,1.0307,52.8,58.9,60.2,44.1,37.25,37.25,-9.8538,-9.4046,-12.193,-9.0489,-15.0568,-23.854,-25.4983,20.4027,20.4027
20250402,6202,盛群,TWSE,44.75,45.35,44.2,45.2,289485.0,13008166.0,TWSE_RWD_JSON_MI_INDEX,data/daily_price/daily_price_20250402.csv,46.02,49.4925,49.4467,50.9929,48.9695,0.7804,-9.2369,-10.3175,-7.2821,-18.4116,502545.05,0.576,52.8,58.9,60.2,44.1,37.25,37.25,-8.673,-8.5884,-11.3602,-7.6977,-14.3939,-23.2598,-24.9169,21.3423,21.3423
20250407,6202,盛群,listed,40.7,40.7,40.7,40.7,177376.0,7219109.0,,data/daily_price/20250407.csv,44.37,49.0325,49.3208,50.8829,48.2804,-9.9558,-16.8539,-18.4369,-15.6477,-24.4898,492600.5,0.3601,52.8,58.9,60.2,40.7,37.25,37.25,-16.9938,-17.4791,-20.0124,-15.7008,-22.9167,-30.8998,-32.392,9.2617,9.2617
20250408,6202,盛群,listed,36.65,37.0,36.65,36.65,794720.0,29135690.0,,data/daily_price/20250408.csv,42.3,48.41,49.1392,50.74,47.3112,-9.9509,-22.0213,-25.3564,-22.9232,-31.8773,509480.85,1.5599,52.8,58.9,60.2,36.65,36.65,36.65,-24.2925,-25.4159,-27.769,-22.5342,-30.5871,-37.7759,-39.1196,0.0,0.0
20250409,6202,盛群,listed,33.4,34.5,33.0,33.0,1211977.0,40351026.0,,data/daily_price/20250409.csv,40.08,47.56,48.9067,50.5717,46.1186,-9.9591,-25.1701,-34.0,-29.7125,-37.9699,541289.9,2.2391,52.8,58.9,60.2,33.0,33.0,33.0,-30.614,-32.5245,-34.7461,-28.4454,-37.5,-43.9728,-45.1827,0.0,0.0
20250410,6202,盛群,listed,36.3,36.3,35.4,36.3,760305.0,27528322.0,,data/daily_price/20250410.csv,38.37,46.855,48.7117,50.4283,45.3004,10.0,-19.0635,-27.9762,-24.375,-32.1495,546830.25,1.3904,52.8,58.9,60.2,33.0,33.0,33.0,-22.5269,-25.4799,-28.0167,-19.8682,-31.25,-38.3701,-39.701,10.0,10.0
20250414,6202,盛群,listed,36.15,38.25,36.1,37.65,1010398.0,37768989.0,,data/daily_price/20250414.csv,36.86,46.1825,48.5533,50.3038,44.6629,3.719,-16.7035,-26.3209,-20.1485,-28.4221,573368.0,1.7622,52.8,58.9,60.2,33.0,33.0,33.0,-18.4756,-22.4564,-25.1547,-15.7018,-28.6932,-36.0781,-37.4585,14.0909,14.0909
20250415,6202,盛群,listed,38.0,39.75,38.0,39.5,645284.0,25250024.0,,data/daily_price/20250415.csv,36.62,45.6575,48.36,50.1946,44.2326,4.9137,-2.9484,-21.0,-22.7006,-24.9049,565331.4,1.1414,52.8,58.9,60.2,33.0,33.0,33.0,-13.4863,-18.3209,-21.3062,-10.6994,-25.1894,-32.9372,-34.3854,19.697,19.697
20250416,6202,盛群,listed,39.5,39.5,38.55,38.55,526154.0,20446201.0,,data/daily_price/20250416.csv,37.0,45.05,48.1058,50.0775,43.7591,-2.4051,5.1842,-23.9645,-28.3457,-26.711,571066.1,0.9214,52.8,58.9,60.2,33.0,33.0,33.0,-14.4284,-19.8642,-23.0193,-11.904,-26.9886,-34.5501,-35.9635,16.8182,16.8182
20250417,6202,盛群,listed,38.5,39.0,38.0,38.75,369192.0,14251007.0,,data/daily_price/20250417.csv,38.15,44.4475,47.8583,49.9362,43.3416,0.5188,17.4242,-23.7205,-27.7052,-30.4309,575755.5,0.6412,52.8,58.9,60.2,33.0,33.0,33.0,-12.8185,-19.0319,-22.4011,-10.5941,-26.6098,-34.2105,-35.6312,17.4242,17.4242
20250418,6202,盛群,listed,38.85,39.1,38.6,38.95,184252.0,7164005.0,,data/daily_price/20250418.csv,38.68,43.8,47.6108,49.8017,42.9757,0.5161,7.3003,-24.9518,-27.6022,-29.3103,560030.65,0.329,52.8,53.9,60.2,33.0,33.0,33.0,-11.0731,-18.1909,-21.7898,-9.3673,-26.2311,-27.7365,-35.299,18.0303,18.0303
20250421,6202,盛群,listed,38.95,38.95,37.2,37.2,287958.0,10912199.0,,data/daily_price/20250421.csv,38.59,43.085,47.3408,49.6567,42.4944,-4.4929,-1.1952,-27.767,-30.3371,-31.8681,555128.9,0.5187,52.8,53.2,60.2,33.0,33.0,33.0,-13.659,-21.4209,-25.0856,-12.459,-29.5455,-30.0752,-38.206,12.7273,12.7273
20250422,6202,盛群,listed,36.9,37.9,36.5,36.75,327783.0,12202119.0,,data/daily_price/20250422.csv,38.04,42.3025,47.1517,49.5046,42.0157,-1.2097,-6.962,-29.8664,-23.5967,-33.1818,545823.85,0.6005,52.8,53.2,60.2,33.0,33.0,33.0,-13.1257,-22.06,-25.7644,-12.5326,-30.3977,-30.9211,-38.9535,11.3636,11.3636
20250423,6202,盛群,listed,37.3,38.45,37.3,38.0,251021.0,9546110.0,,data/daily_price/20250423.csv,37.93,41.6175,47.0008,49.3729,41.681,3.4014,-1.4267,-26.499,-19.2349,-29.368,528574.6,0.4749,52.3,53.2,60.2,33.0,33.0,33.0,-8.6923,-19.1504,-23.0347,-8.8314,-27.3423,-28.5714,-36.8771,15.1515,15.1515
20250424,6202,盛群,listed,38.05,38.65,38.0,38.0,227845.0,8700193.0,,data/daily_price/20250424.csv,37.78,40.9925,46.8492,49.2221,41.3743,0.0,-1.9355,-24.7525,-19.3206,-32.2638,520192.05,0.438,51.3,53.2,60.2,33.0,33.0,33.0,-7.3001,-18.8886,-22.7989,-8.1555,-25.9259,-28.5714,-36.8771,15.1515,15.1515
20250425,6202,盛群,listed,38.5,39.0,38.35,38.8,349891.0,13579341.0,,data/daily_price/20250425.csv,37.75,40.435,46.7025,49.0529,41.1598,2.1053,-0.3851,-22.3223,-18.4874,-34.3486,522536.85,0.6696,50.1,53.2,60.2,33.0,33.0,33.0,-4.0435,-16.9209,-20.9017,-5.7332,-22.5549,-27.0677,-35.5482,17.5758,17.5758
20250428,6202,盛群,listed,38.8,39.5,38.8,39.2,472771.0,18542253.0,,data/daily_price/20250428.csv,38.15,39.905,46.7342,48.9021,40.9964,1.0309,5.3763,-21.2851,5.0938,-31.5881,535345.0,0.8831,49.7,53.2,60.2,33.0,33.0,33.0,-1.7667,-16.1213,-19.8398,-4.3819,-21.1268,-26.3158,-34.8837,18.7879,18.7879
20250429,6202,盛群,listed,39.8,41.8,39.8,41.7,848608.0,34940406.0,,data/daily_price/20250429.csv,39.14,39.5425,46.6225,48.7646,41.0551,6.3776,13.4694,-14.811,-13.843,-28.3505,556081.7,1.526,48.8,53.2,59.2,33.0,33.0,33.0,5.4562,-10.5582,-14.4871,1.5709,-14.5492,-21.6165,-29.5608,26.3636,26.3636
20250430,6202,盛群,listed,42.0,42.1,40.6,40.7,608571.0,25096325.0,,data/daily_price/20250430.csv,39.68,39.2275,46.5033,48.6213,41.0255,-2.3981,7.1053,-13.4043,-14.9425,-29.7064,549012.45,1.1085,46.0,53.2,58.9,33.0,33.0,33.0,3.7537,-12.4794,-16.2917,-0.7934,-11.5217,-23.4962,-30.8998,23.3333,23.3333
20250502,6202,盛群,listed,40.85,41.75,40.85,41.4,301886.0,12487372.0,,data/daily_price/20250502.csv,40.36,39.0925,46.3883,48.4896,41.0567,1.7199,8.9474,-6.1224,-14.2857,-27.6224,508673.4,0.5935,45.95,53.2,58.9,33.0,33.0,33.0,5.9027,-10.7534,-14.6208,0.8362,-9.9021,-22.1805,-29.7114,25.4545,25.4545
20250505,6202,盛群,listed,41.4,41.75,39.6,40.45,468215.0,18945858.0,,data/daily_price/20250505.csv,40.69,38.8725,46.3125,48.3533,41.0061,-2.2947,4.2526,-9.8105,-10.1111,-28.7852,505684.6,0.9259,45.35,53.2,58.9,33.0,33.0,33.0,4.0581,-12.6586,-16.345,-1.3562,-10.8049,-23.9662,-31.3243,22.5758,22.5758
20250506,6202,盛群,listed,40.45,42.25,40.45,41.9,530821.0,22199981.0,,data/daily_price/20250506.csv,41.23,38.7075,46.25,48.2383,41.0806,3.5847,6.8878,-7.3009,-8.2147,-24.7756,517751.4,1.0252,42.25,53.2,58.9,33.0,33.0,33.0,8.2478,-9.4054,-13.1396,1.9946,-0.8284,-21.2406,-28.8625,26.9697,26.9697
20250507,6202,盛群,listed,42.0,42.1,41.5,42.05,324133.0,13560353.0,,data/daily_price/20250507.csv,41.3,38.775,46.175,48.1387,41.1614,0.358,0.8393,3.317,-9.667,-22.1296,525089.25,0.6173,42.25,53.2,58.9,33.0,33.0,33.0,8.4462,-8.9334,-12.6483,2.1588,-0.4734,-20.9586,-28.6078,27.4242,27.4242
20250508,6202,盛群,listed,42.05,43.25,42.0,43.0,729354.0,31132529.0,,data/daily_price/20250508.csv,41.76,39.0925,46.1075,48.0388,41.3146,2.2592,5.6511,17.3261,-8.6079,-21.8182,521820.95,1.3977,43.25,53.2,58.9,33.0,33.0,33.0,9.9955,-6.7397,-10.4889,4.0794,-0.578,-19.1729,-26.9949,30.303,30.303
20250509,6202,盛群,listed,43.0,43.45,42.5,43.2,362807.0,15555419.0,,data/daily_price/20250509.csv,42.12,39.6025,46.0358,47.9321,41.4717,0.4651,4.3478,30.9091,-9.0526,-22.8571,479362.45,0.7569,43.45,53.2,58.9,35.4,33.0,33.0,9.084,-6.1601,-9.8725,4.1673,-0.5754,-18.797,-26.6553,30.9091,30.9091
20250512,6202,盛群,listed,43.8,43.9,43.3,43.75,455611.0,19907404.0,,data/daily_price/20250512.csv,42.78,39.975,45.96,47.8283,41.6616,1.2731,8.1582,20.5234,-9.4203,-22.153,464127.75,0.9816,43.9,53.2,58.9,36.1,33.0,33.0,9.4434,-4.8085,-8.527,5.0128,-0.3417,-17.7632,-25.7216,32.5758,32.5758
20250513,6202,盛群,listed,44.1,44.95,44.1,44.6,617167.0,27536067.0,,data/daily_price/20250513.csv,43.32,40.3225,45.8808,47.7375,41.9065,1.9429,6.4439,18.4595,-9.6251,-19.6396,444466.2,1.3886,44.95,53.2,58.9,36.5,33.0,33.0,10.6082,-2.7917,-6.5724,6.4275,-0.7786,-16.1654,-24.2784,35.1515,35.1515
20250514,6202,盛群,listed,44.8,45.1,44.4,44.9,461027.0,20612179.0,,data/daily_price/20250514.csv,43.89,40.5925,45.8033,47.6617,42.1559,0.6726,6.7776,13.6709,-9.3845,-16.8519,435253.35,1.0592,45.1,53.2,58.9,36.5,33.0,33.0,10.6116,-1.9722,-5.7943,6.5094,-0.4435,-15.6015,-23.7691,36.0606,36.0606
20250515,6202,盛群,listed,45.25,45.3,44.75,44.9,475318.0,21371456.0,,data/daily_price/20250515.csv,44.27,40.91,45.705,47.5808,42.3846,0.0,4.4186,16.4721,-11.6142,-17.7656,432711.55,1.0985,45.3,53.2,58.9,36.5,33.0,33.0,9.7531,-1.7613,-5.6343,5.9347,-0.883,-15.6015,-23.7691,36.0606,36.0606
20250516,6202,盛群,listed,44.9,44.9,44.05,44.2,459317.0,20362435.0,,data/daily_price/20250516.csv,44.47,41.1825,45.5833,47.5075,42.5359,-1.559,2.3148,14.0645,-14.1748,-16.6038,437217.8,1.0505,45.3,53.2,58.9,36.5,33.0,33.0,7.3271,-3.0347,-6.9621,3.9123,-2.4283,-16.9173,-24.9576,33.9394,33.9394
20250519,6202,盛群,listed,44.35,44.95,44.1,44.1,407584.0,18118486.0,,data/daily_price/20250519.csv,44.54,41.44,45.4683,47.4408,42.6662,-0.2262,0.8,13.2221,-13.5294,-15.3551,448384.4,0.909,45.3,53.2,58.9,36.5,33.0,33.0,6.4189,-3.0094,-7.0421,3.3605,-2.649,-17.1053,-25.1273,33.6364,33.6364
20250520,6202,盛群,listed,44.45,45.25,44.35,44.9,546303.0,24482236.0,,data/daily_price/20250520.csv,44.6,41.825,45.3617,47.3996,42.8524,1.8141,0.6726,20.6989,-12.4756,-9.9298,461301.65,1.1843,45.3,53.2,58.9,36.5,33.0,33.0,7.3521,-1.0177,-5.2734,4.7783,-0.883,-15.6015,-23.7691,36.0606,36.0606
20250522,6202,盛群,listed,46.2,46.8,45.75,46.7,387066.0,17955526.0,,data/daily_price/20250522.csv,44.96,42.3225,45.2717,47.3662,43.173,4.0089,4.0089,27.0748,-10.3647,-7.8895,464265.8,0.8337,46.8,53.2,58.9,37.3,33.0,33.0,10.3432,3.155,-1.4066,8.1694,-0.2137,-12.218,-20.7131,41.5152,41.5152
20250523,6202,盛群,listed,46.7,47.5,46.2,46.3,508090.0,23609490.0,,data/daily_price/20250523.csv,45.24,42.7375,45.1767,47.3121,43.4336,-0.8565,3.118,21.8421,-10.9615,-12.3106,477119.25,1.0649,47.5,53.2,58.9,38.0,33.0,33.0,8.3358,2.4865,-2.1392,6.5995,-2.5263,-12.9699,-21.3922,40.303,40.303
20250526,6202,盛群,listed,46.3,47.0,46.3,46.4,291318.0,13599370.0,,data/daily_price/20250526.csv,45.68,43.1575,45.07,47.2513,43.6808,0.216,4.9774,22.1053,-12.1212,-13.594,480292.9,0.6065,47.5,53.2,58.9,38.35,33.0,33.0,7.5132,2.951,-1.8015,6.2252,-2.3158,-12.782,-21.2224,40.6061,40.6061
20250527,6202,盛群,listed,46.1,46.45,45.5,45.6,306680.0,14070847.0,,data/daily_price/20250527.csv,45.98,43.4975,44.9433,47.1938,43.8407,-1.7241,3.4014,17.5258,-14.2857,-13.1429,478132.35,0.6414,47.5,53.2,58.9,38.8,33.0,33.0,4.8336,1.4611,-3.377,4.0129,-4.0,-14.2857,-22.5806,38.1818,38.1818
20250528,6202,盛群,listed,46.1,46.2,45.75,46.0,362093.0,16655944.0,,data/daily_price/20250528.csv,46.2,43.8375,44.83,47.1312,44.0207,0.8772,2.4499,17.3469,-12.8788,-14.0187,472598.45,0.7662,47.5,53.2,58.9,39.6,33.0,33.0,4.933,2.6099,-2.4002,4.4964,-3.1579,-13.5338,-21.9015,39.3939,39.3939
20250529,6202,盛群,listed,46.0,46.3,45.6,46.2,413817.0,19066743.0,,data/daily_price/20250529.csv,46.1,44.0625,44.725,47.0762,44.2023,0.4348,-1.0707,10.7914,-12.0,-12.5,450858.9,0.9178,47.5,52.8,58.9,39.6,33.0,33.0,4.8511,3.2979,-1.8613,4.5195,-2.7368,-12.5,-21.562,40.0,40.0
20250602,6202,盛群,listed,45.7,45.7,42.9,43.3,549962.0,24036310.0,,data/daily_price/20250602.csv,45.5,44.1925,44.5917,46.9912,44.1271,-6.2771,-6.4795,6.3882,-15.5945,-19.0654,447928.45,1.2278,47.5,52.8,58.9,39.6,33.0,33.0,-2.0196,-2.8967,-7.8552,-1.8743,-8.8421,-17.9924,-26.4856,31.2121,31.2121
20250603,6202,盛群,listed,43.9,44.1,42.9,43.85,305681.0,13300035.0,,data/daily_price/20250603.csv,44.99,44.315,44.4842,46.9142,44.104,1.2702,-5.4957,5.9179,-12.8231,-17.42,448118.2,0.6821,47.5,52.8,58.9,39.6,33.0,33.0,-1.0493,-1.4256,-6.5314,-0.5759,-7.6842,-16.9508,-25.5518,32.8788,32.8788
20250604,6202,盛群,listed,43.85,45.0,43.75,44.95,312817.0,13939551.0,,data/daily_price/20250604.csv,44.86,44.54,44.3883,46.8571,44.1745,2.5086,-1.4254,11.1248,-11.3412,-13.2239,440348.3,0.7104,47.5,52.8,58.9,40.45,33.0,33.0,0.9205,1.2653,-4.07,1.7555,-5.3684,-14.8674,-23.6842,36.2121,36.2121
20250605,6202,盛群,listed,44.8,46.2,44.75,45.75,279120.0,12769984.0,,data/daily_price/20250605.csv,44.81,44.7325,44.3108,46.8133,44.3058,1.7798,-0.5435,9.1885,-9.2262,-10.2941,427763.25,0.6525,47.5,52.8,58.9,41.5,33.0,33.0,2.2746,3.2479,-2.2714,3.2596,-3.6842,-13.3523,-22.326,38.6364,38.6364
20250606,6202,盛群,listed,45.75,45.75,44.6,44.95,316599.0,14218816.0,,data/daily_price/20250606.csv,44.56,44.8775,44.2283,46.7662,44.3595,-1.7486,-2.7056,6.8966,-9.9198,-11.166,427386.55,0.7408,47.5,52.8,58.9,42.0,33.0,33.0,0.1616,1.6317,-3.8837,1.3312,-5.3684,-14.8674,-23.6842,36.2121,36.2121
20250609,6202,盛群,listed,46.0,46.0,43.9,44.3,341431.0,15176201.0,,data/daily_price/20250609.csv,44.76,44.9425,44.1483,46.7129,44.3545,-1.4461,2.3095,3.0233,-9.776,-12.6233,407990.4,0.8369,47.5,52.8,58.9,42.5,33.0,33.0,-1.4296,0.3435,-5.1654,-0.1229,-6.7368,-16.0985,-24.7878,34.2424,34.2424
20250610,6202,盛群,listed,45.5,46.1,45.2,45.2,583846.0,26680803.0,,data/daily_price/20250610.csv,45.03,45.0425,44.0683,46.6629,44.425,2.0316,3.0787,4.6296,-9.6,-11.7188,419042.35,1.3933,47.5,52.8,58.9,42.9,33.0,33.0,0.3497,2.568,-3.1351,1.7446,-4.8421,-14.3939,-23.2598,36.9697,36.9697
20250611,6202,盛群,listed,46.2,46.2,44.65,45.2,529090.0,23890161.0,,data/daily_price/20250611.csv,45.08,45.115,43.9817,46.6162,44.4896,0.0,0.5562,3.3143,-10.3175,-11.0236,422716.3,1.2516,47.5,52.8,58.9,42.9,33.0,33.0,0.1884,2.7701,-3.0381,1.5969,-4.8421,-14.3939,-23.2598,36.9697,36.9697
20250612,6202,盛群,listed,45.75,45.75,44.9,45.25,388842.0,17610606.0,,data/daily_price/20250612.csv,44.98,45.1475,43.8842,46.5658,44.5529,0.1106,-1.0929,1.4574,-11.4481,-11.7934,411300.05,0.9454,47.5,52.8,58.9,42.9,33.0,33.0,0.227,3.1124,-2.8257,1.5646,-4.7368,-14.2992,-23.1749,37.1212,37.1212
20250613,6202,盛群,listed,45.1,45.1,43.6,43.7,510157.0,22528670.0,,data/daily_price/20250613.csv,44.73,45.0875,43.7792,46.5083,44.4819,-3.4254,-2.7809,-2.6726,-12.6,-13.6364,413756.55,1.233,47.5,52.8,58.9,42.9,33.0,33.0,-3.0773,-0.1808,-6.0383,-1.7577,-8.0,-17.2348,-25.8065,32.4242,32.4242
20250616,6202,盛群,listed,43.75,45.1,42.95,44.8,383288.0,16956507.0,,data/daily_price/20250616.csv,44.83,45.0825,43.6808,46.4725,44.5084,2.5172,1.1287,-0.2227,-11.6371,-8.7576,409155.05,0.9368,47.5,52.8,58.9,42.9,33.0,33.0,-0.6266,2.5621,-3.5989,0.6552,-5.6842,-15.1515,-23.9389,35.7576,35.7576
20250617,6202,盛群,listed,44.8,45.45,43.9,44.05,410304.0,18221281.0,,data/daily_price/20250617.csv,44.6,45.075,43.5683,46.4221,44.4702,-1.6741,-2.5442,-0.3394,-13.2874,-12.0758,406704.4,1.0089,47.5,52.8,58.9,42.9,33.0,33.0,-2.274,1.1055,-5.1098,-0.9448,-7.2632,-16.572,-25.2122,33.4848,33.4848
20250618,6202,盛群,listed,44.0,44.55,43.75,43.95,407783.0,17995950.0,,data/daily_price/20250618.csv,44.35,45.0675,43.4358,46.3758,44.4268,-0.227,-2.7655,-0.3401,-15.3179,-11.2121,406714.35,1.0026,47.5,52.8,58.9,42.9,33.0,33.0,-2.4796,1.1837,-5.2308,-1.0733,-7.4737,-16.7614,-25.382,33.1818,33.1818
20250619,6202,盛群,listed,43.6,43.7,43.05,43.1,430171.0,18601249.0,,data/daily_price/20250619.csv,43.92,44.9775,43.2958,46.33,44.3163,-1.934,-4.7514,-4.0089,-16.3107,-11.3169,400907.75,1.073,47.5,52.8,58.9,42.9,33.0,33.0,-4.1743,-0.4523,-6.9717,-2.7445,-9.2632,-18.3712,-26.8251,30.6061,30.6061
20250620,6202,盛群,listed,43.05,43.4,42.2,42.2,1133037.0,48028148.0,,data/daily_price/20250620.csv,43.62,44.7525,43.1258,46.2842,44.1399,-2.0882,-3.4325,-9.636,-19.4656,-11.5304,438206.3,2.5856,47.5,52.8,58.9,42.2,33.0,33.0,-5.7036,-2.1468,-8.8241,-4.3949,-11.1579,-20.0758,-28.3531,27.8788,27.8788
20250623,6202,盛群,listed,42.0,42.0,40.8,41.75,381061.0,15824215.0,,data/daily_price/20250623.csv,43.01,44.525,42.96,46.2446,43.9407,-1.0664,-6.808,-9.8272,-19.2456,-10.2151,431854.85,0.8824,47.0,52.3,58.9,40.8,33.0,33.0,-6.2325,-2.8166,-9.7192,-4.9857,-11.1702,-20.1721,-29.1171,26.5152,26.5152
20250624,6202,盛群,listed,41.8,43.2,41.8,43.2,402515.0,17197441.0,,data/daily_price/20250624.csv,42.84,44.365,42.8383,46.1958,43.879,3.4731,-1.9296,-6.8966,-14.4554,-11.9266,437414.7,0.9202,46.45,51.3,58.9,40.8,33.0,33.0,-2.6259,0.8443,-6.4851,-1.5475,-6.9968,-15.7895,-26.6553,30.9091,30.9091
20250625,6202,盛群,listed,43.25,43.5,42.6,43.05,343277.0,14753817.0,,data/daily_price/20250625.csv,42.66,44.2375,42.7233,46.1487,43.8099,-0.3472,-2.0478,-5.5921,-13.8138,-11.6016,439244.55,0.7815,46.3,50.1,58.9,40.8,33.0,33.0,-2.6844,0.7646,-6.7147,-1.7346,-7.0194,-14.0719,-26.91,30.4545,30.4545
20250626,6202,盛群,listed,42.95,43.85,42.95,43.3,327383.0,14208936.0,,data/daily_price/20250626.csv,42.7,44.1025,42.615,46.1096,43.7674,0.5807,0.464,-5.8696,-13.0522,-9.7917,437509.05,0.7483,46.3,49.7,58.9,40.8,33.0,33.0,-1.8196,1.6074,-6.0933,-1.068,-6.4795,-12.8773,-26.4856,31.2121,31.2121
20250627,6202,盛群,listed,43.2,43.9,43.2,43.8,416589.0,18129935.0,,data/daily_price/20250627.csv,43.02,43.9825,42.5292,46.085,43.7701,1.1547,3.7915,-5.1948,-10.5209,-6.3102,437647.65,0.9519,46.2,48.8,58.9,40.8,33.0,33.0,-0.4149,2.9881,-4.9582,0.0682,-5.1948,-10.2459,-25.6367,32.7273,32.7273
20250630,6202,盛群,listed,43.5,43.6,42.6,42.6,356383.0,15286637.0,,data/daily_price/20250630.csv,43.19,43.9475,42.4558,46.0504,43.6726,-2.7397,2.0359,-1.6166,-9.3617,-8.877,427968.7,0.8327,46.2,47.5,58.9,40.8,33.0,33.0,-3.0662,0.3396,-7.4927,-2.4561,-7.7922,-10.3158,-27.674,29.0909,29.0909
20250701,6202,盛群,listed,42.3,43.35,42.25,42.45,285574.0,12201807.0,,data/daily_price/20250701.csv,43.04,43.8775,42.4283,45.9979,43.5707,-0.3521,-1.7361,-3.1927,-3.7415,-12.9231,426963.35,0.6688,46.2,47.5,58.9,40.8,33.0,33.0,-3.2534,0.0511,-7.7132,-2.5722,-8.1169,-10.6316,-27.9287,28.6364,28.6364
20250702,6202,盛群,listed,42.4,43.2,42.35,42.75,345794.0,14771138.0,,data/daily_price/20250702.csv,42.98,43.7675,42.3933,45.9496,43.5024,0.7067,-0.6969,-4.8943,-4.6823,-11.9464,428612.2,0.8068,46.2,47.5,58.9,40.8,33.0,33.0,-2.3248,0.8413,-6.9632,-1.7295,-7.4675,-10.0,-27.4194,29.5455,29.5455
20250703,6202,盛群,listed,43.0,43.95,43.0,43.2,503005.0,21835288.0,,data/daily_price/20250703.csv,42.96,43.64,42.36,45.9033,43.4772,1.0526,-0.2309,-5.5738,-4.4248,-11.3846,439806.45,1.1437,46.2,47.5,58.9,40.8,33.0,33.0,-1.0082,1.983,-5.8892,-0.6375,-6.4935,-9.0526,-26.6553,30.9091,30.9091
20250704,6202,盛群,listed,43.2,43.5,41.7,41.7,584270.0,24627133.0,,data/daily_price/20250704.csv,42.54,43.4775,42.3767,45.8488,43.3291,-3.4722,-4.7945,-7.2303,2.457,-13.5751,453190.0,1.2892,46.2,47.5,58.9,40.8,33.0,33.0,-4.0883,-1.5968,-9.0488,-3.7597,-9.7403,-12.2105,-29.202,26.3636,26.3636
20250707,6202,盛群,listed,41.45,41.6,40.6,41.3,189518.0,7804363.0,,data/daily_price/20250707.csv,42.28,43.3275,42.4542,45.7967,43.16,-0.9592,-3.0516,-6.772,12.6876,-13.1441,445594.35,0.4253,46.2,47.5,58.9,40.6,33.0,33.0,-4.6795,-2.7186,-9.8188,-4.3095,-10.6061,-13.0526,-29.8812,25.1515,25.1515
20250708,6202,盛群,listed,41.0,41.0,40.1,40.3,382690.0,15535379.0,,data/daily_price/20250708.csv,41.85,43.0825,42.5758,45.7413,42.9216,-2.4213,-5.0648,-10.8407,22.1212,-14.164,435536.55,0.8787,46.2,47.5,58.9,40.1,35.4,33.0,-6.4585,-5.3454,-11.8957,-6.108,-12.7706,-15.1579,-31.5789,13.8418,22.1212
20250709,6202,盛群,listed,40.0,40.9,40.0,40.8,287592.0,11692732.0,,data/daily_price/20250709.csv,41.46,42.8625,42.6508,45.6812,42.7448,1.2407,-4.5614,-9.7345,12.3967,-15.0,423461.65,0.6791,45.75,47.5,58.9,40.0,36.1,33.0,-4.8119,-4.3395,-10.6855,-4.5499,-10.8197,-14.1053,-30.7301,13.0194,23.6364
20250710,6202,盛群,listed,40.3,40.75,40.0,40.3,561284.0,22616349.0,,data/daily_price/20250710.csv,40.88,42.615,42.695,45.6242,42.5411,-1.2255,-6.713,-10.9392,7.0385,-14.5281,432083.75,1.299,45.45,47.5,58.9,40.0,36.5,33.0,-5.4324,-5.6096,-11.6696,-5.2681,-11.3311,-15.1579,-31.5789,10.411,22.1212
20250711,6202,盛群,listed,40.3,41.15,40.15,41.0,372079.0,15175659.0,,data/daily_price/20250711.csv,40.74,42.48,42.72,45.54,42.4127,1.737,-1.6787,-6.1785,3.7975,-19.7652,425179.85,0.8751,45.45,47.5,58.9,40.0,36.5,33.0,-3.484,-4.0262,-9.9693,-3.3308,-9.791,-13.6842,-30.3905,12.3288,24.2424
20250714,6202,盛群,listed,40.75,40.85,40.2,40.3,255343.0,10297975.0,,data/daily_price/20250714.csv,40.54,42.255,42.7492,45.4275,42.2366,-1.7073,-2.4213,-10.0446,4.5396,-25.0929,418782.6,0.6097,45.45,47.5,58.9,40.0,36.5,33.0,-4.6267,-5.7292,-11.2872,-4.5852,-11.3311,-15.1579,-31.5789,10.411,22.1212
20250715,6202,盛群,listed,40.3,40.85,40.3,40.6,252863.0,10264394.0,,data/daily_price/20250715.csv,40.6,42.0825,42.78,45.3192,42.1002,0.7444,0.7444,-7.832,4.7742,-24.2537,410910.55,0.6154,44.55,47.5,58.9,40.0,36.5,33.0,-3.5228,-5.0958,-10.4132,-3.5635,-8.8664,-14.5263,-31.0696,11.2329,23.0303
20250716,6202,盛群,listed,40.65,42.2,40.65,41.35,504450.0,21000899.0,,data/daily_price/20250716.csv,40.71,41.9525,42.82,45.2154,42.0377,1.8473,1.348,-5.9158,6.1617,-23.1413,415743.9,1.2134,43.95,47.5,53.9,40.0,36.5,33.0,-1.4361,-3.433,-8.5489,-1.6359,-5.9158,-12.9474,-23.2839,13.2877,25.303
20250717,6202,盛群,listed,41.35,42.8,41.35,42.5,573915.0,24352920.0,,data/daily_price/20250717.csv,41.15,41.9225,42.9083,45.1246,42.0762,2.7811,5.4591,-1.3921,14.2473,-20.412,422931.1,1.357,43.95,47.5,53.2,40.0,36.5,33.0,1.3775,-0.9516,-5.8163,1.0071,-3.2992,-10.5263,-20.1128,16.4384,28.7879
20250718,6202,盛群,listed,43.0,43.0,41.95,42.0,356673.0,15038313.0,,data/daily_price/20250718.csv,41.35,41.9125,42.9958,45.0737,42.0699,-1.1765,2.439,-0.4739,14.2857,-12.6819,384112.9,0.9286,43.95,47.5,53.2,40.0,37.3,33.0,0.2088,-2.3161,-6.8194,-0.1661,-4.4369,-11.5789,-21.0526,12.6005,27.2727
20250721,6202,盛群,listed,42.0,42.2,41.5,41.65,210075.0,8770429.0,,data/daily_price/20250721.csv,41.62,41.9075,43.0567,45.0288,42.0349,-0.8333,3.3499,-0.2395,9.6053,-11.4772,375563.6,0.5594,43.95,47.5,53.2,40.0,38.0,33.0,-0.6144,-3.267,-7.5035,-0.9157,-5.2332,-12.3158,-21.7105,9.6053,26.2121
20250722,6202,盛群,listed,41.65,42.05,40.0,40.25,526354.0,21427981.0,,data/daily_price/20250722.csv,41.55,41.76,43.0942,44.9717,41.8862,-3.3613,-0.8621,-6.8287,5.9211,-14.5435,381755.55,1.3788,43.95,47.5,53.2,40.0,38.35,33.0,-3.6159,-6.5999,-10.4992,-3.9062,-8.4187,-15.2632,-24.3421,4.9544,21.9697
20250723,6202,盛群,listed,40.25,41.4,40.25,41.4,265920.0,10930486.0,,data/daily_price/20250723.csv,41.56,41.6775,43.1375,44.92,41.8456,2.8571,0.1209,-3.8328,6.701,-13.0252,377887.7,0.7037,43.95,47.5,53.2,40.0,38.8,33.0,-0.6658,-4.0278,-7.8362,-1.065,-5.802,-12.8421,-22.1805,6.701,25.4545
20250724,6202,盛群,listed,41.6,41.85,40.75,41.0,309282.0,12698306.0,,data/daily_price/20250724.csv,41.26,41.5625,43.1675,44.9508,41.7752,-0.9662,-3.5294,-5.3118,4.5918,9.9196,376982.65,0.8204,43.95,47.5,53.2,40.0,39.6,33.0,-1.3534,-5.0211,-8.7892,-1.8556,-6.7122,-13.6842,-22.9323,3.5354,24.2424
20250725,6202,盛群,listed,41.0,41.1,40.35,40.4,392199.0,15939683.0,,data/daily_price/20250725.csv,40.94,41.3925,43.1458,44.8842,41.6606,-1.4634,-3.8095,-7.7626,-3.1175,-16.5289,375763.15,1.0437,43.95,47.5,53.2,40.0,39.6,33.0,-2.3978,-6.3641,-9.9905,-3.0258,-8.0774,-14.9474,-24.0602,2.0202,22.4242
20250728,6202,盛群,listed,40.35,40.8,40.05,40.5,339184.0,13712471.0,,data/daily_price/20250728.csv,40.71,41.2875,43.1425,44.8229,41.5639,0.2475,-2.7611,-4.9296,-0.4914,-15.3605,374903.2,0.9047,43.95,47.5,53.2,40.0,39.6,33.0,-1.9074,-6.1251,-9.6444,-2.5596,-7.8498,-14.7368,-23.8722,2.2727,22.7273
20250729,6202,盛群,listed,40.9,42.2,40.1,41.45,1448188.0,59800042.0,,data/daily_price/20250729.csv,40.95,41.2375,43.1433,44.7658,41.5544,2.3457,2.9814,-2.3557,0.1208,-14.1822,433033.9,3.3443,43.95,47.5,53.2,40.0,39.6,33.0,0.5153,-3.9249,-7.4071,-0.2512,-5.6883,-12.7368,-22.0865,4.6717,25.6061
20250730,6202,盛群,listed,41.6,41.7,41.0,41.45,550755.0,22790242.0,,data/daily_price/20250730.csv,40.96,41.1725,43.16,44.7363,41.5457,0.0,0.1208,-3.0409,2.4722,-7.8889,443281.95,1.2424,43.95,47.5,53.2,40.0,40.0,33.0,0.674,-3.962,-7.3458,-0.2303,-5.6883,-12.7368,-22.0865,3.625,25.6061
20250731,6202,盛群,listed,41.3,41.35,39.3,39.5,1719681.0,68651824.0,,data/daily_price/20250731.csv,40.66,40.9875,43.12,44.685,41.3752,-4.7045,-3.6585,-8.5648,-5.7279,-13.4721,504115.75,3.4113,43.5,47.5,53.2,39.3,39.3,33.0,-3.6292,-8.3952,-11.6034,-4.5322,-9.1954,-16.8421,-25.7519,0.5089,19.697
20250801,6202,盛群,listed,39.05,40.15,38.05,39.65,563812.0,22189996.0,,data/daily_price/20250801.csv,40.51,40.885,43.08,44.6275,41.2314,0.3797,-1.8564,-4.9161,-5.7075,-14.8228,503092.85,1.1207,43.0,47.5,53.2,38.05,38.05,33.0,-3.0207,-7.9619,-11.1534,-3.8355,-7.7907,-16.5263,-25.4699,4.205,20.1515
20250804,6202,盛群,listed,39.4,39.4,38.3,38.6,700403.0,27079702.0,,data/daily_price/20250804.csv,40.13,40.75,43.0067,44.5571,41.0121,-2.6482,-4.6914,-6.5375,-10.2326,-17.9596,528637.1,1.3249,43.0,47.5,53.2,38.05,38.05,33.0,-5.2761,-10.2465,-13.3696,-5.8815,-10.2326,-18.7368,-27.4436,1.4455,16.9697
20250805,6202,盛群,listed,38.8,39.5,38.65,39.1,449157.0,17564545.0,,data/daily_price/20250805.csv,39.66,40.69,42.9383,44.4871,40.8528,1.2953,-5.6695,-2.9777,-9.4907,-17.6842,531960.45,0.8443,43.0,47.5,53.2,38.05,38.05,33.0,-3.9076,-8.9392,-12.1093,-4.2905,-9.0698,-17.6842,-26.5038,2.7595,18.4848
20250806,6202,盛群,listed,39.15,39.15,38.35,38.4,603477.0,23260275.0,,data/daily_price/20250806.csv,39.05,40.57,42.8492,44.4046,40.6484,-1.7903,-7.3583,-5.8824,-12.2286,-20.4969,547754.7,1.1017,43.0,47.5,53.2,38.05,38.05,33.0,-5.3488,-10.3833,-13.5224,-5.5313,-10.6977,-19.1579,-27.8195,0.9198,16.3636
20250807,6202,盛群,listed,38.8,39.0,38.25,38.25,575080.0,22141892.0,,data/daily_price/20250807.csv,38.8,40.4675,42.7433,44.3121,40.4485,-0.3906,-3.1646,-5.0868,-14.2377,-22.4924,548444.5,1.0486,43.0,47.5,53.2,38.05,38.05,33.0,-5.4797,-10.5124,-13.6804,-5.4354,-11.0465,-19.4737,-28.1015,0.5256,15.9091
20250808,6202,盛群,listed,38.15,38.8,38.05,38.05,570962.0,21872140.0,,data/daily_price/20250808.csv,38.48,40.32,42.6292,44.2163,40.2487,-0.5229,-4.0353,-7.1951,-15.2561,-23.2089,558388.65,1.0225,43.0,47.5,53.2,38.05,38.05,33.0,-5.63,-10.7419,-13.9457,-5.4627,-11.5116,-19.8947,-28.4774,0.0,15.303
20250811,6202,盛群,listed,38.05,38.05,37.2,37.55,488587.0,18346220.0,,data/daily_price/20250811.csv,38.27,40.1825,42.5067,44.1058,40.0238,-1.3141,-2.7202,-6.8238,-16.3697,-26.0827,570050.85,0.8571,43.0,47.5,53.2,37.2,37.2,33.0,-6.5514,-11.6609,-14.8639,-6.1807,-12.6744,-20.9474,-29.4173,0.9409,13.7879
20250812,6202,盛群,listed,37.55,38.55,37.55,38.4,485254.0,18589424.0,,data/daily_price/20250812.csv,38.13,40.0725,42.41,43.9967,39.8885,2.2636,-1.7903,-5.4187,-13.1222,-25.4369,581670.4,0.8342,43.0,47.5,53.2,37.2,37.2,33.0,-4.1737,-9.4553,-12.7207,-3.7315,-10.6977,-19.1579,-27.8195,3.2258,16.3636
20250813,6202,盛群,listed,38.8,39.5,38.4,38.55,583811.0,22748331.0,,data/daily_price/20250813.csv,38.16,39.9325,42.3175,43.8929,39.7769,0.3906,0.3906,-6.7715,-12.585,-24.4118,585638.45,0.9969,43.0,47.5,53.2,37.2,37.2,33.0,-3.4621,-8.9029,-12.1726,-3.0845,-10.3488,-18.8421,-27.5376,3.629,16.8182
20250814,6202,盛群,listed,38.5,39.3,38.5,39.0,400361.0,15614694.0,,data/daily_price/20250814.csv,38.31,39.7575,42.2192,43.7904,39.7122,1.1673,1.9608,-8.2353,-13.1403,-23.9766,576960.75,0.6939,43.0,47.5,53.2,37.2,37.2,33.0,-1.9053,-7.6249,-10.9394,-1.7933,-9.3023,-17.8947,-26.6917,4.8387,18.1818
20250815,6202,盛群,listed,39.05,39.4,38.5,39.3,427790.0,16678905.0,,data/daily_price/20250815.csv,38.56,39.6225,42.0958,43.6837,39.6778,0.7692,3.2852,-6.4286,-15.8458,-24.5681,580516.6,0.7369,42.2,47.5,53.2,37.2,37.2,33.0,-0.8139,-6.6416,-10.0352,-0.9522,-6.872,-17.2632,-26.1278,5.6452,19.0909
20250818,6202,盛群,listed,39.3,39.75,38.9,39.05,626196.0,24605000.0,,data/daily_price/20250818.csv,38.86,39.4925,41.975,43.5758,39.6255,-0.6361,3.9947,-6.2425,-15.6587,-24.9038,601322.65,1.0414,42.2,47.0,53.2,37.2,37.2,33.0,-1.1205,-6.9684,-10.3861,-1.4524,-7.4645,-16.9149,-26.5977,4.9731,18.3333
20250819,6202,盛群,listed,38.9,39.4,38.8,39.0,482406.0,18849092.0,,data/daily_price/20250819.csv,38.98,39.43,41.8517,43.4608,39.5734,-0.128,1.5625,-3.1056,-15.9483,-26.1364,599125.25,0.8052,42.2,46.45,53.2,37.2,37.2,33.0,-1.0905,-6.8137,-10.264,-1.4489,-7.5829,-16.0388,-26.6917,4.8387,18.1818
20250820,6202,盛群,listed,39.0,39.0,38.2,38.4,484449.0,18668433.0,,data/daily_price/20250820.csv,38.95,39.28,41.7317,43.3375,39.4756,-1.5385,-0.3891,-7.2464,-15.7895,-27.8195,610051.7,0.7941,42.2,46.3,53.2,37.2,37.2,33.0,-2.2403,-7.9835,-11.3931,-2.7247,-9.0047,-17.0626,-27.8195,3.2258,16.3636
20250821,6202,盛群,listed,38.75,39.9,38.7,39.3,613788.0,24213709.0,,data/daily_price/20250821.csv,39.01,39.195,41.62,43.225,39.461,2.3438,0.7692,-4.1463,-14.5652,-25.5682,625277.0,0.9816,42.2,46.3,53.2,37.2,37.2,33.0,0.2679,-5.5742,-9.0804,-0.4079,-6.872,-15.1188,-26.1278,5.6452,19.0909
20250822,6202,盛群,listed,39.6,39.8,38.8,38.9,235277.0,9206835.0,,data/daily_price/20250822.csv,38.93,39.12,41.4983,43.1117,39.4142,-1.0178,-1.0178,-3.7129,-15.8009,-25.9048,617430.9,0.3811,42.2,46.2,52.8,37.2,37.2,33.0,-0.5624,-6.2613,-9.7692,-1.3047,-7.8199,-15.8009,-26.3258,4.5699,17.8788
20250825,6202,盛群,listed,39.0,39.7,39.0,39.15,379437.0,14920834.0,,data/daily_price/20250825.csv,38.95,39.0525,41.4292,43.0104,39.3922,0.6427,0.2561,-3.3333,-9.5843,-23.6842,619443.55,0.6125,42.2,46.2,52.8,37.2,37.2,33.0,0.2497,-5.5014,-8.9755,-0.6148,-7.2275,-15.2597,-25.8523,5.2419,18.6364
20250826,6202,盛群,listed,39.45,39.8,39.45,39.55,694857.0,27557540.0,,data/daily_price/20250826.csv,39.06,38.9575,41.3575,42.9208,39.4054,1.0217,1.4103,-4.5838,-9.8062,-21.3718,581777.0,1.1944,41.7,46.2,52.8,37.2,37.2,33.0,1.5209,-4.3704,-7.8536,0.3671,-5.1559,-14.3939,-25.0947,6.3172,19.8485
20250827,6202,盛群,listed,39.85,40.6,39.7,40.05,685829.0,27506076.0,,data/daily_price/20250827.csv,39.39,38.8875,41.2758,42.8321,39.4591,1.2642,4.2969,-3.3776,-10.901,-21.0059,588530.7,1.1653,41.35,46.2,52.8,37.2,37.2,33.0,2.9894,-2.9699,-6.4953,1.4976,-3.1439,-13.3117,-24.1477,7.6613,21.3636
20250828,6202,盛群,listed,40.2,40.25,39.65,39.7,459597.0,18339196.0,,data/daily_price/20250828.csv,39.47,38.8975,41.175,42.7429,39.4791,-0.8739,1.0178,0.5063,-13.224,-21.2302,525526.5,0.8745,40.6,46.2,52.8,37.2,37.2,33.0,2.0631,-3.5823,-7.1191,0.5594,-2.2167,-14.0693,-24.8106,6.7204,20.303
20250829,6202,盛群,listed,39.9,40.75,39.35,40.35,704697.0,28256746.0,,data/daily_price/20250829.csv,39.76,38.9325,41.0983,42.6633,39.5517,1.6373,3.7275,1.7654,-10.2336,-19.1383,532570.75,1.3232,40.75,46.2,52.8,37.2,37.2,33.0,3.6409,-1.8208,-5.4223,2.0183,-0.9816,-12.6623,-23.5795,8.4677,22.2727
20250901,6202,盛群,listed,40.0,40.1,38.9,38.9,578733.0,22839157.0,,data/daily_price/20250901.csv,39.71,38.9475,41.0083,42.5783,39.4974,-3.5936,-0.6386,0.7772,-12.1896,-20.7739,526487.25,1.0992,40.75,46.2,52.8,37.2,37.2,33.0,-0.122,-5.1412,-8.639,-1.5125,-4.5399,-15.8009,-26.3258,4.5699,17.8788
20250902,6202,盛群,listed,39.05,39.55,38.2,38.55,457190.0,17678036.0,,data/daily_price/20250902.csv,39.51,38.92,40.8975,42.4829,39.4185,-0.8997,-2.5284,-1.4066,-14.7124,-22.9,526888.9,0.8677,40.75,46.2,52.8,37.2,37.2,33.0,-0.9507,-5.74,-9.2576,-2.2032,-5.3988,-16.5584,-26.9886,3.629,16.8182
20250903,6202,盛群,listed,38.3,40.0,38.3,39.6,494551.0,19538266.0,,data/daily_price/20250903.csv,39.42,38.98,40.8042,42.3929,39.4336,2.7237,-1.1236,3.125,-12.3894,-21.4286,521442.6,0.9484,40.75,45.75,52.8,37.2,37.2,33.0,1.5906,-2.9511,-6.5882,0.422,-2.8221,-13.4426,-25.0,6.4516,20.0
20250904,6202,盛群,listed,39.95,41.0,39.95,40.45,1347765.0,54657749.0,,data/daily_price/20250904.csv,39.57,39.09,40.7242,42.3042,39.5183,2.1465,1.8892,5.7516,-10.6077,-20.8415,560076.85,2.4064,41.0,45.45,52.8,37.2,37.2,33.0,3.4792,-0.6732,-4.3829,2.3577,-1.3415,-11.0011,-23.3902,8.7366,22.5758
20250905,6202,盛群,listed,40.7,40.7,39.55,39.85,692137.0,27636934.0,,data/daily_price/20250905.csv,39.47,39.18,40.66,42.2196,39.5459,-1.4833,-1.2392,4.7306,-8.8101,-20.3,566135.6,1.2226,41.0,45.45,52.8,37.2,37.2,33.0,1.7101,-1.9921,-5.6125,0.7689,-2.8049,-12.3212,-24.5265,7.1237,20.7576
20250909,6202,盛群,listed,40.15,41.35,39.75,39.8,719957.0,28974537.0,,data/daily_price/20250909.csv,39.65,39.2925,40.5767,42.1287,39.5671,-0.1255,2.3136,5.992,-11.1607,-21.499,577704.1,1.2462,41.35,45.45,52.8,37.55,37.2,33.0,1.2916,-1.9141,-5.5277,0.5886,-3.7485,-12.4312,-24.6212,6.9892,20.6061
20250910,6202,盛群,listed,39.8,39.85,38.7,38.8,941212.0,36748341.0,,data/daily_price/20250910.csv,39.7,39.3125,40.4892,42.0287,39.5032,-2.5126,0.6485,1.0417,-11.9183,-23.622,600502.0,1.5674,41.35,44.55,52.8,38.2,37.2,33.0,-1.3037,-4.1719,-7.6822,-1.7801,-6.1669,-12.9068,-26.5152,4.3011,17.5758
20250911,6202,盛群,listed,38.75,38.8,37.6,37.7,900924.0,34391213.0,,data/daily_price/20250911.csv,39.32,39.27,40.385,41.9104,39.3529,-2.8351,-4.798,-2.2049,-14.2207,-27.3603,616357.65,1.4617,41.35,43.95,52.8,37.6,37.2,33.0,-3.998,-6.6485,-10.0462,-4.2002,-8.8271,-14.2207,-28.5985,1.3441,14.2424
20250917,6202,盛群,listed,42.2,43.45,41.65,42.4,3745302.0,159454269.0,,data/daily_price/20250917.csv,39.71,39.44,40.3733,41.8346,39.6068,12.4668,4.8208,8.7179,-1.6241,-17.6699,783604.7,4.7796,43.45,43.95,52.8,37.6,37.2,33.0,7.5051,5.0198,1.3516,7.0522,-2.4166,-3.5267,-19.697,13.9785,28.4848
20250918,6202,盛群,listed,43.0,43.9,42.65,43.1,3880296.0,167383643.0,,data/daily_price/20250918.csv,40.36,39.63,40.3883,41.7571,39.8979,1.6509,8.1556,9.6692,2.1327,-17.7481,956230.0,4.0579,43.9,43.95,52.8,37.6,37.2,33.0,8.756,6.714,3.216,8.0256,-1.8223,-1.934,-18.3712,15.8602,30.6061
20250919,6202,盛群,listed,43.35,43.45,42.6,42.95,2162592.0,92854410.0,,data/daily_price/20250919.csv,40.99,39.825,40.4083,41.6842,40.1523,-0.348,7.9146,9.9872,2.8743,-16.9246,1033049.8,2.0934,43.9,43.95,52.3,37.6,37.2,33.0,7.8468,6.29,3.0367,6.9678,-2.164,-2.2753,-17.8776,15.457,30.1515
20250922,6202,盛群,listed,43.8,43.8,41.85,42.45,3064567.0,130406072.0,,data/daily_price/20250922.csv,41.72,39.9975,40.3958,41.6171,40.3438,-1.1641,9.4072,8.8462,-1.7361,-15.9406,1162157.85,2.637,43.9,43.95,51.3,37.6,37.2,33.0,6.1316,5.0851,2.0014,5.2208,-3.303,-3.413,-17.2515,14.1129,28.6364
20250923,6202,盛群,listed,42.5,42.5,41.55,41.55,1189564.0,49692722.0,,data/daily_price/20250923.csv,42.49,40.155,40.3708,41.5471,40.4443,-2.1201,10.2122,8.2031,-3.4843,-16.8168,1197413.6,0.9934,43.9,43.95,50.1,37.6,37.2,33.0,3.474,2.9208,0.007,2.734,-5.3531,-5.4608,-17.0659,11.6935,25.9091
20250924,6202,盛群,listed,41.7,42.15,41.45,42.0,965891.0,40364267.0,,data/daily_price/20250924.csv,42.41,40.29,40.3492,41.4821,40.5739,1.083,-0.9434,6.8702,-3.0023,-15.6627,1215018.75,0.795,43.9,43.95,49.7,37.6,37.2,33.0,4.2442,4.0914,1.2485,3.5148,-4.328,-4.4369,-15.493,12.9032,27.2727
20250925,6202,盛群,listed,41.8,42.9,41.75,42.15,890870.0,37847252.0,,data/daily_price/20250925.csv,42.22,40.4525,40.3217,41.4254,40.7053,0.3571,-2.2042,8.3548,-3.7671,-13.8917,1247798.4,0.714,43.9,43.95,48.8,37.6,37.2,33.0,4.1963,4.5344,1.7491,3.5493,-3.9863,-4.0956,-13.627,13.3065,27.7273
20250926,6202,盛群,listed,42.15,42.15,40.5,40.7,1119897.0,45926048.0,,data/daily_price/20250926.csv,41.77,40.53,40.29,41.3729,40.7048,-3.4401,-5.2386,3.9591,-4.4601,-13.4043,1284821.4,0.8716,43.9,43.95,47.5,37.6,37.2,33.0,0.4194,1.0176,-1.6265,-0.0118,-7.2893,-7.3948,-14.3158,9.4086,23.3333
20250930,6202,盛群,listed,41.05,41.9,40.9,41.85,716819.0,29744938.0,,data/daily_price/20250930.csv,41.65,40.645,40.28,41.3542,40.8002,2.8256,-1.4134,5.8154,-1.4134,-5.102,1285919.5,0.5574,43.9,43.95,47.5,37.6,37.2,33.0,2.9647,3.8977,1.199,2.5729,-4.6697,-4.7782,-11.8947,12.5,26.8182
20251001,6202,盛群,listed,41.85,41.9,40.55,40.55,898068.0,36768317.0,,data/daily_price/20251001.csv,41.45,40.67,40.2433,41.3183,40.7794,-3.1063,-2.4067,1.2484,-5.1462,-9.5875,1296531.45,0.6927,43.9,43.95,47.5,37.6,37.2,33.0,-0.2951,0.762,-1.8595,-0.5625,-7.631,-7.7361,-14.6316,9.0054,22.8788
20251002,6202,盛群,listed,40.7,40.8,40.15,40.4,587604.0,23719690.0,,data/daily_price/20251002.csv,41.13,40.705,40.1967,41.2783,40.7478,-0.3699,-3.8095,1.7632,-6.4815,-10.6195,1302931.8,0.451,43.9,43.9,47.5,37.6,37.2,33.0,-0.7493,0.5058,-2.1278,-0.8535,-7.9727,-7.9727,-14.9474,8.6022,22.4242
20251003,6202,盛群,listed,40.2,40.8,40.2,40.65,322695.0,13087333.0,,data/daily_price/20251003.csv,40.83,40.72,40.1792,41.2779,40.7396,0.6188,-3.5587,0.7435,-2.518,-0.1229,1283831.7,0.2514,43.9,43.9,47.5,37.6,37.2,33.0,-0.1719,1.1718,-1.5212,-0.22,-7.4032,-7.4032,-14.4211,9.2742,23.1818
20251007,6202,盛群,listed,40.75,42.1,40.7,41.95,1057580.0,44113119.0,,data/daily_price/20251007.csv,41.08,40.8725,40.19,41.3221,40.8405,3.198,3.0713,7.8406,1.5738,14.4611,1307774.05,0.8087,43.9,43.9,47.5,37.6,37.2,33.0,2.6362,4.3792,1.5196,2.7167,-4.4419,-4.4419,-11.6842,12.7688,27.1212
20251008,6202,盛群,listed,42.0,42.0,40.8,41.4,579094.0,23865596.0,,data/daily_price/20251008.csv,40.99,41.015,40.2083,41.3921,40.8871,-1.3111,-1.0753,7.393,2.7295,25.4545,1313869.25,0.4408,43.9,43.9,47.5,37.6,37.2,35.4,0.9387,2.9637,0.0191,1.2544,-5.6948,-5.6948,-12.8421,11.2903,16.9492
20251009,6202,盛群,listed,41.5,41.9,41.0,41.25,608596.0,25270394.0,,data/daily_price/20251009.csv,41.13,41.0975,40.2158,41.4333,40.9174,-0.3623,1.7263,4.1667,1.1029,13.6364,1319571.5,0.4612,43.9,43.9,47.5,37.6,37.2,36.1,0.3711,2.5715,-0.4425,0.813,-6.0364,-6.0364,-13.1579,10.8871,14.2659
20251013,6202,盛群,listed,40.0,40.0,38.5,39.8,1094779.0,42949718.0,,data/daily_price/20251013.csv,41.01,41.065,40.2075,41.4512,40.8242,-3.5152,-1.4851,-1.6069,-1.2407,5.7105,1306922.2,0.8377,43.9,43.9,47.5,37.6,37.2,36.5,-3.0805,-1.0135,-3.9836,-2.5089,-9.3394,-9.3394,-16.2105,6.9892,9.0411
20251014,6202,盛群,listed,40.5,41.1,39.1,39.2,766837.0,30666429.0,,data/daily_price/20251014.csv,40.72,41.0325,40.1775,41.4488,40.6889,-1.5075,-3.567,-1.6311,-4.3902,-0.7595,1310657.2,0.5851,43.9,43.9,47.5,37.6,37.2,36.5,-4.466,-2.433,-5.4254,-3.6592,-10.7062,-10.7062,-17.4737,5.3763,7.3973
20251016,6202,盛群,listed,39.0,41.2,39.0,40.8,977545.0,39305825.0,,data/daily_price/20251016.csv,40.49,41.0825,40.1858,41.4675,40.6982,4.0816,-2.7414,2.5126,1.2407,5.8366,1323536.6,0.7386,43.9,43.9,47.5,37.6,37.2,36.5,-0.6876,1.5283,-1.6097,0.2503,-7.0615,-7.0615,-14.1053,9.6774,11.7808
20251020,6202,盛群,listed,41.05,41.05,40.1,40.7,868679.0,35210349.0,,data/daily_price/20251020.csv,40.35,41.1775,40.1875,41.4838,40.6983,-0.2451,-1.6908,4.8969,0.2463,5.0323,1319909.95,0.6581,43.9,43.9,47.5,37.6,37.2,36.5,-1.1596,1.2753,-1.8893,0.0042,-7.2893,-7.2893,-14.3158,9.4086,11.5068
20251021,6202,盛群,listed,41.0,41.65,40.9,40.9,558898.0,23036247.0,,data/daily_price/20251021.csv,40.28,41.3375,40.18,41.5,40.7151,0.4914,-0.8485,8.4881,-1.0883,5.0064,1302808.65,0.429,43.9,43.9,47.5,38.5,37.2,36.5,-1.0584,1.7919,-1.4458,0.4541,-6.8337,-6.8337,-13.8947,9.9462,12.0548
20251022,6202,盛群,listed,41.0,41.4,40.7,41.25,498180.0,20505931.0,,data/daily_price/20251022.csv,40.57,41.28,40.1592,41.5338,40.7597,0.8557,3.6432,-2.7123,-2.9412,10.8871,1140452.55,0.4368,43.9,43.9,47.5,38.5,37.2,36.5,-0.0727,2.7163,-0.6832,1.2029,-6.0364,-6.0364,-13.1579,10.8871,13.0137
20251023,6202,盛群,listed,41.55,41.55,40.4,40.8,444969.0,18085302.0,,data/daily_price/20251023.csv,40.89,41.165,40.1392,41.5675,40.763,-1.0909,4.0816,-5.3364,-2.8571,11.0204,968686.2,0.4594,43.8,43.9,47.5,38.5,37.2,37.2,-0.8867,1.6464,-1.8464,0.0907,-6.8493,-7.0615,-14.1053,9.6774,9.6774
20251027,6202,盛群,listed,41.25,41.65,41.1,41.5,730014.0,30190070.0,,data/daily_price/20251027.csv,41.03,41.0925,40.1367,41.5967,40.8245,1.7157,1.7157,-3.376,-0.3601,9.2105,897057.3,0.8138,43.8,43.9,47.5,38.5,37.2,37.2,0.9917,3.3967,-0.2324,1.6547,-5.2511,-5.467,-12.6316,11.5591,11.5591
20251028,6202,盛群,listed,41.65,42.75,41.05,42.1,1848986.0,77868307.0,,data/daily_price/20251028.csv,41.31,41.075,40.1675,41.6308,40.9308,1.4458,3.4398,-0.8245,4.5963,10.7895,836278.25,2.211,42.9,43.9,47.5,38.5,37.2,37.2,2.4954,4.8111,1.127,2.8566,-1.8648,-4.1002,-11.3684,13.172,13.172
20251029,6202,盛群,listed,42.25,42.7,41.85,42.0,1464679.0,61995727.0,,data/daily_price/20251029.csv,41.53,41.0975,40.1775,41.6575,41.0199,-0.2375,2.6895,1.083,1.4493,8.2474,850034.0,1.7231,42.9,43.9,47.5,38.5,37.2,37.2,2.196,4.5361,0.8222,2.3894,-2.0979,-4.328,-11.5789,12.9032,12.9032
20251030,6202,盛群,listed,41.95,41.95,40.6,41.2,1237632.0,50963033.0,,data/daily_price/20251030.csv,41.52,41.0575,40.1808,41.6742,41.0349,-1.9048,-0.1212,-1.9048,0.4878,5.102,863621.05,1.4331,42.9,43.9,47.5,38.5,37.2,37.2,0.3471,2.5364,-1.1378,0.4024,-3.9627,-6.1503,-13.2632,10.7527,10.7527
20251031,6202,盛群,listed,41.2,41.8,40.3,40.5,743936.0,30386389.0,,data/daily_price/20251031.csv,41.46,40.975,40.1825,41.6642,40.9903,-1.699,-0.7353,-3.9146,0.2475,-2.8777,856274.35,0.8688,42.75,43.9,47.5,38.5,37.2,37.2,-1.1592,0.7901,-2.7942,-1.1961,-5.2632,-7.7449,-14.7368,8.871,8.871
20251103,6202,盛群,TWSE,40.45,40.45,39.05,39.15,1436264.0,,,data/daily_price/20251103.csv,40.99,40.8975,40.16,41.6512,40.8369,-3.3333,-5.6627,-3.8084,-3.3333,-3.8084,872092.7,1.6469,42.75,43.9,47.5,38.5,37.2,37.2,-4.2729,-2.5149,-6.0052,-4.1309,-8.4211,-10.82,-17.5789,5.2419,5.2419
20251104,6202,盛群,TWSE,39.2,39.2,37.9,37.9,1735178.0,,,data/daily_price/20251104.csv,40.15,40.7,40.1008,41.6221,40.5922,-3.1928,-9.9762,-9.4385,-8.5645,-8.4541,923010.65,1.8799,42.75,43.9,47.5,37.9,37.2,37.2,-6.8796,-5.4882,-8.9426,-6.6323,-11.345,-13.6674,-20.2105,1.8817,1.8817
20251105,6202,盛群,TWSE,37.5,37.55,36.85,37.55,818740.0,,,data/daily_price/20251105.csv,39.26,40.55,40.0358,41.5979,40.3387,-0.9235,-10.5952,-7.3983,-9.4089,-7.1693,919044.25,0.8909,42.75,43.9,47.5,36.85,36.85,36.85,-7.3983,-6.209,-9.7311,-6.9132,-12.1637,-14.4647,-20.9474,1.8996,1.8996
20251106,6202,盛群,TWSE,37.75,38.0,37.1,38.0,723233.0,,,data/daily_price/20251106.csv,38.62,40.43,40.0108,41.5654,40.1438,1.1984,-7.767,-5.9406,-3.7975,-9.3079,925825.7,0.7812,42.75,43.9,47.5,36.85,36.85,36.85,-6.0104,-5.0257,-8.5778,-5.3403,-11.1111,-13.4396,-20.0,3.1208,3.1208
20251107,6202,盛群,TWSE,37.95,38.0,37.3,37.5,519167.0,,,data/daily_price/20251107.csv,38.02,40.2725,39.975,41.5275,39.9235,-1.3158,-7.4074,-7.7491,-5.4224,-10.8205,935649.3,0.5549,42.75,43.9,47.5,36.85,36.85,36.85,-6.8844,-6.1914,-9.6984,-6.0703,-12.2807,-14.5786,-21.0526,1.7639,1.7639
20251110,6202,盛群,TWSE,37.5,38.2,37.0,37.85,576225.0,,,data/daily_price/20251110.csv,37.76,40.0675,39.9625,41.4846,39.7507,0.9333,-3.3206,-9.7735,-1.943,-11.9767,911581.55,0.6321,42.75,43.9,47.5,36.85,36.85,36.85,-5.5344,-5.2862,-8.7613,-4.7815,-11.462,-13.7813,-20.3158,2.7137,2.7137
20251111,6202,盛群,TWSE,38.65,38.9,38.2,38.25,616366.0,,,data/daily_price/20251111.csv,37.83,39.91,39.9483,41.4433,39.6256,1.0568,0.9235,-7.6087,-2.1739,-11.4583,913445.15,0.6748,42.75,43.9,47.5,36.85,36.85,36.85,-4.1594,-4.2513,-7.7053,-3.4716,-10.5263,-12.8702,-19.4737,3.7992,3.7992
20251112,6202,盛群,TWSE,38.25,39.0,38.15,38.95,670477.0,,,data/daily_price/20251112.csv,38.11,39.795,39.9575,41.4033,39.5693,1.8301,3.7284,-5.5758,1.4323,-10.9714,916539.2,0.7315,42.75,43.9,47.5,36.85,36.85,36.85,-2.1234,-2.5214,-5.9254,-1.5652,-8.8889,-11.2756,-18.0,5.6988,5.6988
20251113,6202,盛群,TWSE,39.0,39.5,38.85,39.25,631558.0,,,data/daily_price/20251113.csv,38.36,39.7675,39.9742,41.3588,39.5427,0.7702,3.2895,-1.3819,2.6144,-11.9955,893378.15,0.7069,42.75,43.9,47.5,36.85,36.85,36.85,-1.3013,-1.8116,-5.0987,-0.7402,-8.1871,-10.5923,-17.3684,6.5129,6.5129
20251114,6202,盛群,TWSE,38.75,39.0,38.1,38.1,566570.0,,,data/daily_price/20251114.csv,38.48,39.7125,39.975,41.3021,39.4225,-2.9299,1.6,-2.8061,0.1314,-15.1448,883364.8,0.6414,42.75,43.9,47.5,36.85,36.85,36.85,-4.0604,-4.6904,-7.7528,-3.3547,-10.8772,-13.2118,-19.7895,3.3921,3.3921
20251117,6202,盛群,TWSE,38.25,38.25,37.5,37.5,433086.0,,,data/daily_price/20251117.csv,38.41,39.5475,39.9742,41.2404,39.2623,-1.5748,-0.9247,-8.0882,-0.1332,-16.4811,856141.85,0.5059,42.75,43.9,47.5,36.85,36.85,36.85,-5.1773,-6.1894,-9.0698,-4.4885,-12.2807,-14.5786,-21.0526,1.7639,1.7639
20251118,6202,盛群,TWSE,37.5,37.5,36.6,36.7,653659.0,,,data/daily_price/20251118.csv,38.1,39.3475,39.9458,41.1779,39.0488,-2.1333,-4.0523,-9.828,-4.4271,-16.9683,845390.85,0.7732,42.75,43.9,47.5,36.6,36.6,36.6,-6.7285,-8.1256,-10.8746,-6.0149,-14.152,-16.4009,-22.7368,0.2732,0.2732
20251119,6202,盛群,TWSE,36.7,36.9,35.8,36.2,707260.0,,,data/daily_price/20251119.csv,37.55,39.1125,39.9067,41.1121,38.8114,-1.3624,-7.0603,-11.4914,-6.096,-17.9138,852808.95,0.8293,42.75,43.9,47.5,35.8,35.8,35.8,-7.4465,-9.2883,-11.948,-6.7283,-15.3216,-17.5399,-23.7895,1.1173,1.1173
20251120,6202,盛群,TWSE,36.7,37.35,36.7,37.25,412442.0,,,data/daily_price/20251120.csv,37.15,38.9125,39.8775,41.0483,38.6812,2.9006,-5.0955,-9.697,-4.4872,-17.0379,848522.05,0.4861,42.75,43.9,47.5,35.8,35.8,35.8,-4.2724,-6.5889,-9.2533,-3.7001,-12.8655,-15.1481,-21.5789,4.0503,4.0503
20251121,6202,盛群,TWSE,36.85,37.0,36.0,36.4,463159.0,,,data/daily_price/20251121.csv,36.81,38.6925,39.8292,40.9625,38.4911,-2.2819,-4.4619,-10.7843,-7.3791,-22.0557,849431.55,0.5453,42.75,43.9,47.5,35.8,35.8,35.8,-5.9249,-8.6097,-11.1382,-5.4328,-14.8538,-17.0843,-23.3684,1.676,1.676
20251124,6202,盛群,TWSE,36.45,37.0,36.0,36.45,540180.0,,,data/daily_price/20251124.csv,36.6,38.44,39.7858,40.8804,38.321,0.1374,-2.8,-12.1687,-6.6581,-21.2743,839939.85,0.6431,42.75,43.9,47.0,35.8,35.8,35.8,-5.1769,-8.3845,-10.8375,-4.8826,-14.7368,-16.9704,-22.4468,1.8156,1.8156
20251125,6202,盛群,TWSE,36.65,36.85,36.2,36.6,382141.0,,,data/daily_price/20251125.csv,36.58,38.165,39.7458,40.7988,38.1776,0.4115,-0.2725,-13.0641,-6.1538,-21.1207,766597.6,0.4985,42.7,43.9,46.45,35.8,35.8,35.8,-4.1006,-7.9149,-10.2914,-4.1323,-14.2857,-16.6287,-21.2056,2.2346,2.2346
20251126,6202,盛群,TWSE,36.6,37.6,36.6,37.45,456758.0,,,data/daily_price/20251126.csv,36.83,37.9375,39.73,40.7308,38.117,2.3224,3.453,-10.8333,-2.474,-17.8728,716201.55,0.6378,41.95,43.9,46.3,35.8,35.8,35.8,-1.285,-5.7387,-8.0549,-1.7499,-10.7271,-14.6925,-19.1145,4.6089,4.6089
20251127,6202,盛群,TWSE,37.45,37.7,37.1,37.3,189255.0,,,data/daily_price/20251127.csv,36.84,37.7425,39.6967,40.6583,38.0489,-0.4005,0.1342,-9.466,-5.0891,-18.913,663782.7,0.2851,41.8,43.9,46.3,35.8,35.8,35.8,-1.1724,-6.0375,-8.2599,-1.9683,-10.7656,-15.0342,-19.4384,4.1899,4.1899
20251128,6202,盛群,TWSE,37.3,38.0,37.3,37.95,213770.0,,,data/daily_price/20251128.csv,37.15,37.615,39.6808,40.5896,38.0407,1.7426,4.2582,-6.2963,-2.4422,-17.8571,637274.4,0.3354,40.45,43.9,46.2,35.8,35.8,35.8,0.8906,-4.3619,-6.5031,-0.2383,-6.1805,-13.5535,-17.8571,6.0056,6.0056
20251201,6202,盛群,TWSE,37.65,38.05,37.55,38.0,176415.0,,,data/daily_price/20251201.csv,37.46,37.5575,39.6617,40.5454,38.0373,0.1318,4.2524,-2.9374,-2.9374,-12.2402,574281.95,0.3072,39.5,43.9,46.2,35.8,35.8,35.8,1.1782,-4.1896,-6.2779,-0.098,-3.7975,-13.4396,-17.7489,6.1453,6.1453
20251202,6202,盛群,TWSE,38.45,38.45,37.6,37.6,234559.0,,,data/daily_price/20251202.csv,37.66,37.5425,39.6292,40.4933,38.0008,-1.0526,2.7322,-0.7916,-4.9305,-14.2531,499251.0,0.4698,39.5,43.9,46.2,35.8,35.8,35.8,0.1532,-5.1204,-7.1452,-1.0548,-4.8101,-14.3508,-18.6147,5.0279,5.0279
20251203,6202,盛群,TWSE,37.95,38.15,37.85,37.95,239228.0,,,data/daily_price/20251203.csv,37.76,37.5625,39.5942,40.435,37.9966,0.9309,1.3351,1.0652,-5.2434,-15.5729,470275.4,0.5087,39.5,43.9,46.2,35.8,35.8,35.8,1.0316,-4.1525,-6.1457,-0.1226,-3.9241,-13.5535,-17.8571,6.0056,6.0056
20251204,6202,盛群,TWSE,38.2,38.35,37.95,38.05,291791.0,,,data/daily_price/20251204.csv,37.91,37.565,39.5667,40.3708,38.0011,0.2635,2.0107,0.1316,-4.1562,-16.8306,448703.3,0.6503,39.5,43.9,46.2,35.8,35.8,35.8,1.2911,-3.8332,-5.7488,0.1288,-3.6709,-13.3257,-17.6407,6.2849,6.2849
20251205,6202,盛群,TWSE,38.1,38.35,37.75,38.0,307060.0,,,data/daily_price/20251205.csv,37.92,37.59,39.5275,40.3129,38.001,-0.1314,0.1318,1.3333,-5.824,-15.4616,438097.95,0.7009,39.5,43.9,46.2,35.8,35.8,35.8,1.0907,-3.8644,-5.7374,-0.0025,-3.7975,-13.4396,-17.7489,6.1453,6.1453
20251208,6202,盛群,TWSE,38.0,38.45,38.0,38.4,318520.0,,,data/daily_price/20251208.csv,38.0,37.6175,39.5192,40.2637,38.0342,1.0526,1.0526,1.4531,-1.2853,-13.3183,425212.7,0.7491,39.5,43.9,46.2,35.8,35.8,35.8,2.0801,-2.832,-4.6289,0.9617,-2.7848,-12.5285,-16.8831,7.2626,7.2626
20251209,6202,盛群,TWSE,38.4,38.45,38.0,38.2,187096.0,,,data/daily_price/20251209.csv,38.12,37.615,39.5133,40.2054,38.048,-0.5208,1.5957,-0.1307,-0.9079,-15.4867,403749.2,0.4634,39.5,43.9,46.2,35.8,35.8,35.8,1.5552,-3.3238,-4.9879,0.3994,-3.2911,-12.9841,-17.316,6.7039,6.7039
20251210,6202,盛群,TWSE,38.25,38.25,37.75,37.75,209050.0,,,data/daily_price/20251210.csv,38.08,37.555,39.4825,40.1433,38.0232,-1.178,-0.527,-3.0809,-4.6717,-16.4823,380677.85,0.5492,39.5,43.9,45.75,35.8,35.8,35.8,0.5192,-4.388,-5.962,-0.7185,-4.4304,-14.0091,-17.4863,5.4469,5.4469
20251211,6202,盛群,TWSE,38.0,38.5,37.75,38.2,262961.0,,,data/daily_price/20251211.csv,38.11,37.5025,39.445,40.0846,38.0379,1.1921,0.3942,-2.6752,-5.5624,-15.5801,362248.0,0.7259,39.0,43.9,45.45,35.8,35.8,35.8,1.8599,-3.1563,-4.7015,0.4261,-2.0513,-12.9841,-15.9516,6.7039,6.7039
20251212,6202,盛群,TWSE,38.45,38.7,38.05,38.15,425846.0,,,data/daily_price/20251212.csv,38.14,37.505,39.4167,40.0383,38.0473,-0.1309,0.3947,0.1312,-4.266,-12.7002,355211.8,1.1989,38.7,43.9,45.45,35.8,35.8,35.8,1.7198,-3.2135,-4.7163,0.27,-1.4212,-13.0979,-16.0616,6.5642,6.5642
20251215,6202,盛群,TWSE,38.1,38.7,37.6,38.4,365113.0,,,data/daily_price/20251215.csv,38.14,37.55,39.3933,39.985,38.0767,0.6553,0.0,2.4,-3.5176,-14.2857,351813.15,1.0378,38.7,43.9,45.45,35.8,35.8,35.8,2.2636,-2.5216,-3.964,0.8492,-0.7752,-12.5285,-15.5116,7.2626,7.2626
20251216,6202,盛群,TWSE,37.9,38.55,37.7,37.9,329194.0,,,data/daily_price/20251216.csv,38.08,37.61,39.3783,39.9338,38.0619,-1.3021,-0.7853,3.2698,-2.3196,-13.9614,335589.9,0.9809,38.7,43.9,44.55,35.8,35.8,35.8,0.7711,-3.7542,-5.0928,-0.4255,-2.0672,-13.6674,-14.927,5.8659,5.8659
20251217,6202,盛群,TWSE,38.0,38.8,38.0,38.1,458367.0,,,data/daily_price/20251217.csv,38.15,37.705,39.385,39.885,38.0651,0.5277,0.9272,5.2486,1.061,-13.3106,323145.25,1.4185,38.8,43.9,43.95,36.0,35.8,35.8,1.0476,-3.2627,-4.4754,0.0917,-1.8041,-13.2118,-13.3106,6.4246,6.4246
20251218,6202,盛群,TWSE,38.0,38.0,37.25,37.3,458403.0,,,data/daily_price/20251218.csv,37.97,37.7075,39.3,39.8367,38.0014,-2.0997,-2.356,0.1342,-12.0283,-13.4571,325443.3,1.4085,38.8,43.9,43.95,36.0,35.8,35.8,-1.0807,-5.0891,-6.3677,-1.8456,-3.866,-15.0342,-15.1308,4.1899,4.1899
20251219,6202,盛群,TWSE,37.3,37.55,37.15,37.35,266892.0,,,data/daily_price/20251219.csv,37.81,37.755,39.2042,39.7962,37.9471,0.134,-2.097,2.6099,-13.3411,-11.4929,315629.95,0.8456,38.8,43.8,43.95,36.0,35.8,35.8,-1.0727,-4.7295,-6.1469,-1.5734,-3.7371,-14.726,-15.0171,4.3296,4.3296
20251222,6202,盛群,TWSE,37.6,37.95,37.55,37.85,268087.0,,,data/daily_price/20251222.csv,37.7,37.825,39.1192,39.7638,37.939,1.3387,-1.4323,3.8409,-11.8743,-9.3413,302025.3,0.8876,38.8,43.8,43.95,36.2,35.8,35.8,0.0661,-3.2444,-4.8128,-0.2345,-2.4485,-13.5845,-13.8794,5.7263,5.7263
20251223,6202,盛群,TWSE,37.9,38.2,37.8,37.9,214755.0,,,data/daily_price/20251223.csv,37.7,37.89,39.0433,39.7196,37.9357,0.1321,0.0,3.5519,-10.7185,-12.2685,293656.0,0.7313,38.8,42.9,43.95,36.6,35.8,35.8,0.0264,-2.9284,-4.5811,-0.0942,-2.3196,-11.655,-13.7656,5.8659,5.8659
20251224,6202,盛群,TWSE,38.1,38.45,37.75,37.75,297078.0,,,data/daily_price/20251224.csv,37.63,37.905,38.98,39.6754,37.9203,-0.3958,-0.9186,0.8011,-9.1456,-12.3113,285672.0,1.0399,38.8,42.9,43.95,37.1,35.8,35.8,-0.4089,-3.1555,-4.8529,-0.449,-2.7062,-12.0047,-14.1069,5.4469,5.4469
20251226,6202,盛群,TWSE,37.7,37.9,37.05,37.15,478608.0,,,data/daily_price/20251226.csv,37.6,37.8975,38.8992,39.6242,37.8561,-1.5894,-0.4021,-0.4021,-11.5476,-14.2032,300139.65,1.5946,38.8,42.9,43.95,37.05,35.8,35.8,-1.9724,-4.4967,-6.2441,-1.8651,-4.2526,-13.4033,-15.4721,3.7709,3.7709
20251229,6202,盛群,TWSE,37.15,37.3,36.7,36.9,387570.0,,,data/daily_price/20251229.csv,37.51,37.845,38.8117,39.5667,37.7764,-0.6729,-1.2048,-2.7668,-12.4555,-15.7534,308829.65,1.255,38.8,42.75,43.95,36.7,35.8,35.8,-2.497,-4.9255,-6.7397,-2.32,-4.8969,-13.6842,-16.041,3.0726,3.0726
20251230,6202,盛群,TWSE,36.9,36.9,36.35,36.8,359396.0,,,data/daily_price/20251230.csv,37.3,37.785,38.7467,39.5183,37.695,-0.271,-2.7741,-3.1579,-9.5823,-13.615,317978.7,1.1303,38.8,42.75,43.95,36.35,35.8,35.8,-2.6069,-5.0241,-6.8787,-2.3744,-5.1546,-13.9181,-16.2685,2.7933,2.7933
20251231,6202,盛群,TWSE,36.9,37.2,36.7,37.15,266921.0,,,data/daily_price/20251231.csv,37.15,37.7625,38.6683,39.4742,37.6496,0.9511,-1.9789,-1.1968,-11.2306,-12.4853,319596.8,0.8352,38.8,42.75,43.95,36.35,35.8,35.8,-1.622,-3.9266,-5.8878,-1.327,-4.2526,-13.0994,-15.4721,3.7709,3.7709
20260102,6202,盛群,TWSE,37.1,38.0,37.1,37.5,592020.0,,,data/daily_price/20260102.csv,37.1,37.74,38.6175,39.4304,37.6371,0.9421,-0.6623,-1.1858,-7.5216,-12.2807,337236.4,1.7555,38.8,42.75,43.95,36.35,35.8,35.8,-0.6359,-2.8938,-4.8958,-0.3644,-3.3505,-12.2807,-14.6758,4.7486,4.7486
20260105,6202,盛群,TWSE,37.65,37.7,36.65,36.8,574120.0,,,data/daily_price/20260105.csv,37.03,37.6775,38.5575,39.3771,37.5674,-1.8667,-0.9421,-3.2852,-8.9109,-14.8148,351352.85,1.634,38.8,42.75,43.9,36.35,35.8,35.8,-2.329,-4.5581,-6.5446,-2.0427,-5.1546,-13.9181,-16.1731,2.7933,2.7933
20260106,6202,盛群,TWSE,36.8,37.5,36.6,37.3,448099.0,,,data/daily_price/20260106.csv,37.11,37.6425,38.5017,39.3404,37.5451,1.3587,1.084,-1.8421,-8.2411,-10.5516,358404.8,1.2503,38.8,42.75,43.9,36.35,35.8,35.8,-0.9099,-3.1211,-5.1866,-0.6528,-3.866,-12.7485,-15.0342,4.1899,4.1899
20260107,6202,盛群,TWSE,37.4,38.8,37.4,38.65,1013675.0,,,data/daily_price/20260107.csv,37.48,37.655,38.4467,39.3183,37.6372,3.6193,5.0272,0.651,-7.8665,-6.4165,393162.55,2.5783,38.8,42.75,43.9,36.35,35.8,35.8,2.6424,0.5289,-1.6998,2.691,-0.3866,-9.5906,-11.959,7.9609,7.9609
20260108,6202,盛群,TWSE,39.0,39.7,38.55,39.2,1732811.0,,,data/daily_price/20260108.csv,37.89,37.705,38.41,39.3092,37.7674,1.423,5.5182,2.6178,-5.314,-2.7295,470448.3,3.6833,39.7,42.75,43.9,36.35,35.8,35.8,3.965,2.0568,-0.2777,3.7932,-1.2594,-8.3041,-10.7062,9.4972,9.4972
20260109,6202,盛群,TWSE,39.2,39.2,37.9,38.4,900787.0,,,data/daily_price/20260109.csv,38.07,37.7375,38.3625,39.2892,37.8201,-2.0408,2.4,1.7219,-6.9091,-5.8824,505035.15,1.7836,39.7,42.75,43.9,36.35,35.8,35.8,1.7555,0.0978,-2.2631,1.5332,-3.2746,-10.1754,-12.5285,7.2626,7.2626
20260112,6202,盛群,TWSE,38.65,38.7,38.2,38.65,435765.0,,,data/daily_price/20260112.csv,38.44,37.76,38.3433,39.2754,37.8893,0.651,5.0272,1.178,-2.8894,-4.0943,513675.35,0.8483,39.7,42.75,43.9,36.35,35.8,35.8,2.357,0.7998,-1.5924,2.0077,-2.6448,-9.5906,-11.959,7.9609,7.9609
20260113,6202,盛群,TWSE,39.1,39.1,37.8,38.1,434007.0,,,data/daily_price/20260113.csv,38.6,37.7575,38.325,39.2513,37.9068,-1.423,2.1448,-0.1311,-2.8061,-7.0732,514083.4,0.8442,39.7,42.75,43.9,36.35,35.8,35.8,0.9071,-0.5871,-2.933,0.5096,-4.0302,-10.8772,-13.2118,6.4246,6.4246
20260114,6202,盛群,TWSE,38.15,39.25,38.1,38.9,627562.0,,,data/daily_price/20260114.csv,38.65,37.7825,38.2933,39.2396,37.9896,2.0997,0.6468,1.3021,-4.6569,-3.4739,527205.85,1.1904,39.7,42.75,43.9,36.35,35.8,35.8,2.9577,1.5843,-0.8654,2.3964,-2.0151,-9.0058,-11.3895,8.6592,8.6592
20260115,6202,盛群,TWSE,39.1,39.1,38.2,38.4,529492.0,,,data/daily_price/20260115.csv,38.49,37.8075,38.255,39.2212,38.0238,-1.2853,-2.0408,1.3193,-5.6511,-5.4187,537220.75,0.9856,39.7,42.75,43.9,36.35,35.8,35.8,1.5671,0.379,-2.0939,0.9894,-3.2746,-10.1754,-12.5285,7.2626,7.2626
20260116,6202,盛群,TWSE,38.45,38.8,38.15,38.55,492525.0,,,data/daily_price/20260116.csv,38.52,37.83,38.2158,39.1979,38.0677,0.3906,0.3906,1.1811,-5.7457,-6.7715,538928.65,0.9139,39.7,42.75,43.9,36.35,35.8,35.8,1.9033,0.8744,-1.6529,1.2671,-2.8967,-9.8246,-12.1868,7.6816,7.6816
20260119,6202,盛群,TWSE,38.6,40.2,38.55,40.1,1591867.0,,,data/daily_price/20260119.csv,38.81,37.97,38.1967,39.1779,38.237,4.0208,3.7516,7.5067,-2.7879,-5.6471,595601.85,2.6727,40.2,42.75,43.9,36.35,35.8,35.8,5.6097,4.983,2.3536,4.8722,-0.2488,-6.1988,-8.656,12.0112,12.0112
20260120,6202,盛群,TWSE,40.0,40.45,39.15,39.8,768839.0,,,data/daily_price/20260120.csv,39.15,38.0925,38.18,39.1596,38.3673,-0.7481,4.4619,6.5596,-2.451,-5.2381,620699.2,1.2387,40.45,42.75,43.9,36.35,35.8,35.8,4.4825,4.2431,1.6354,3.7343,-1.6069,-6.9006,-9.3394,11.1732,11.1732
20260121,6202,盛群,TWSE,39.65,40.7,39.35,40.2,1620459.0,,,data/daily_price/20260121.csv,39.41,38.21,38.1583,39.1475,38.52,1.005,3.3419,6.2087,-3.1325,-3.4814,688317.8,2.3542,40.7,42.75,43.9,36.35,35.8,35.8,5.2081,5.3505,2.6885,4.3614,-1.2285,-5.9649,-8.4282,12.2905,12.2905
20260122,6202,盛群,TWSE,40.35,44.2,40.35,44.2,8349436.0,,,data/daily_price/20260122.csv,40.57,38.525,38.1933,39.1804,38.9933,9.9502,15.1042,16.6227,4.9881,9.8137,1095051.85,7.6247,44.2,44.2,44.2,36.35,35.8,35.8,14.7307,15.727,12.8115,13.3527,0.0,0.0,0.0,23.4637,23.4637
20260123,6202,盛群,TWSE,45.0,46.0,43.25,44.0,7810740.0,,,data/daily_price/20260123.csv,41.66,38.8375,38.2267,39.2021,39.4105,-0.4525,14.1375,16.5563,4.7619,6.2802,1470734.95,5.3108,46.0,46.0,46.0,36.35,35.8,35.8,13.2926,15.1029,12.2389,11.6452,-4.3478,-4.3478,-4.3478,22.905,22.905
20260126,6202,盛群,TWSE,44.15,48.4,44.05,48.4,10004484.0,,,data/daily_price/20260126.csv,43.32,39.4,38.3467,39.2637,40.1597,10.0,20.6983,30.2826,17.4757,18.0488,1947028.75,5.1383,48.4,48.4,48.4,36.35,35.8,35.8,22.8426,26.217,23.2689,20.5189,0.0,0.0,0.0,35.1955,35.1955
20260127,6202,盛群,TWSE,48.4,48.75,46.65,48.1,6545023.0,,,data/daily_price/20260127.csv,44.98,39.96,38.4733,39.3279,40.8214,-0.6198,20.8543,30.3523,18.7654,19.0594,2254901.4,2.9026,48.75,48.75,48.75,36.35,35.8,35.8,20.3704,25.0217,22.305,17.8305,-1.3333,-1.3333,-1.3333,34.3575,34.3575
20260128,6202,盛群,TWSE,51.0,52.9,50.5,52.9,7066742.0,,,data/daily_price/20260128.csv,47.52,40.765,38.7025,39.4312,41.8279,9.9792,31.592,43.75,35.1213,30.6173,2590268.7,2.7282,52.9,52.9,52.9,36.6,35.8,35.8,29.7682,36.6837,34.1576,26.4706,0.0,0.0,0.0,47.7654,47.7654
20260129,6202,盛群,TWSE,52.1,52.3,48.5,48.95,12244016.0,,,data/daily_price/20260129.csv,48.47,41.355,38.8867,39.4938,42.4214,-7.4669,10.7466,31.7631,29.1557,18.0941,3189123.45,3.8393,52.9,52.9,52.9,36.6,35.8,35.8,18.3654,25.8786,23.9437,15.3898,-7.4669,-7.4669,-7.4669,36.7318,36.7318
20260130,6202,盛群,TWSE,48.95,49.65,46.8,46.9,5250663.0,,,data/daily_price/20260130.csv,49.05,41.825,39.0425,39.5392,42.7946,-4.1879,6.5909,25.0667,24.9001,13.1484,3422055.6,1.5344,52.9,52.9,52.9,36.6,35.8,35.8,12.1339,20.1255,18.6166,9.5932,-11.3422,-11.3422,-11.3422,31.0056,31.0056
20260202,6202,盛群,TWSE,45.75,46.0,43.45,44.5,2547406.0,,,data/daily_price/20260202.csv,48.27,42.21,39.1508,39.5808,42.9368,-5.1173,-8.0579,20.9239,17.1053,12.6582,3520719.9,0.7235,52.9,52.9,52.9,36.6,35.8,35.8,5.4253,13.663,12.4282,3.6408,-15.879,-15.879,-15.879,24.3017,24.3017
20260203,6202,盛群,TWSE,44.75,47.2,44.75,46.8,3411355.0,,,data/daily_price/20260203.csv,48.01,42.685,39.3058,39.6404,43.2587,5.1685,-2.7027,25.4692,24.8,18.0328,3668882.7,0.9298,52.9,52.9,52.9,37.4,35.8,35.8,9.6404,19.0663,18.0613,8.1864,-11.5312,-11.5312,-11.5312,30.7263,30.7263
20260204,6202,盛群,TWSE,45.9,48.25,45.25,47.15,2547764.0,,,data/daily_price/20260204.csv,46.86,43.11,39.4608,39.7117,43.583,0.7479,-10.8696,21.9922,24.5707,22.1503,3745587.15,0.6802,52.9,52.9,52.9,37.8,35.8,35.8,9.3714,19.4856,18.7309,8.1845,-10.8696,-10.8696,-10.8696,31.7039,31.7039
20260205,6202,盛群,TWSE,47.5,50.7,46.55,48.0,5020202.0,,,data/daily_price/20260205.csv,46.67,43.55,39.6233,39.7858,43.9511,1.8028,-1.9408,22.449,25.4902,22.7621,3909956.7,1.284,52.9,52.9,52.9,37.8,35.8,35.8,10.2181,21.1407,20.646,9.2124,-9.2628,-9.2628,-9.2628,34.0782,34.0782
20260206,6202,盛群,TWSE,47.45,47.75,45.7,46.4,2121520.0,,,data/daily_price/20260206.csv,46.57,43.95,39.7475,39.8525,44.1551,-3.3333,-1.0661,20.8333,19.1271,20.8333,3970993.35,0.5343,52.9,52.9,52.9,37.8,35.8,35.8,5.5745,16.7369,16.4293,5.0841,-12.2873,-12.2873,-12.2873,29.6089,29.6089
20260209,6202,盛群,TWSE,47.8,49.35,47.65,48.85,3610995.0,,,data/daily_price/20260209.csv,47.44,44.46,39.9075,39.9408,44.5464,5.2802,9.7753,26.3907,24.4586,27.7124,4129754.85,0.8744,52.9,52.9,52.9,37.8,35.8,35.8,9.874,22.4081,22.3059,9.661,-7.656,-7.656,-7.656,36.4525,36.4525
20260210,6202,盛群,TWSE,49.35,53.7,49.1,53.7,16860472.0,,,data/daily_price/20260210.csv,48.82,45.24,40.1675,40.0712,45.3092,9.9284,14.7436,40.9449,40.9449,41.1301,4951078.1,3.4054,53.7,53.7,53.7,38.1,35.8,35.8,18.7003,33.6902,34.0113,18.519,0.0,0.0,0.0,50.0,50.0
20260211,6202,盛群,TWSE,55.4,58.2,52.6,56.5,29476126.0,,,data/daily_price/20260211.csv,50.69,46.12,40.4842,40.2292,46.2417,5.2142,19.8303,45.2442,50.6667,50.466,6393506.3,4.6103,58.2,58.2,58.2,38.15,35.8,35.8,22.5065,39.5607,40.4454,22.184,-2.921,-2.921,-2.921,57.8212,57.8212
20260223,6202,盛群,TWSE,56.7,62.1,56.2,62.1,22965565.0,,,data/daily_price/20260223.csv,53.51,47.305,40.9075,40.4267,47.5633,9.9115,29.375,61.7188,69.2098,61.7188,7515309.95,3.0558,62.1,62.1,62.1,38.15,35.8,35.8,31.2758,51.8059,53.6115,30.563,0.0,0.0,0.0,73.4637,73.4637
20260224,6202,盛群,TWSE,61.0,65.7,60.5,62.8,19160278.0,,,data/daily_price/20260224.csv,56.79,48.5175,41.3508,40.6287,48.833,1.1272,35.3448,62.9053,73.4807,62.9053,8448697.6,2.2678,65.7,65.7,65.7,38.55,36.0,35.8,29.4378,51.8712,54.5703,28.6016,-4.414,-4.414,-4.414,74.4444,75.419
20260225,6202,盛群,TWSE,62.6,63.5,60.0,62.0,8457410.0,,,data/daily_price/20260225.csv,59.42,49.6125,41.7633,40.8204,49.9302,-1.2739,26.9191,54.6135,66.443,58.9744,8791974.75,0.9619,65.7,65.7,65.7,39.15,36.0,35.8,24.9685,48.4556,51.8848,24.1732,-5.6317,-5.6317,-5.6317,72.2222,73.1844
20260226,6202,盛群,TWSE,62.0,64.2,61.0,62.7,7573766.0,,,data/daily_price/20260226.csv,61.22,50.7575,42.2017,41.0154,50.9944,1.129,16.7598,57.5377,72.2527,59.542,9132221.1,0.8293,65.7,65.7,65.7,39.35,36.0,35.8,23.5285,48.5723,52.8693,22.9547,-4.5662,-4.5662,-4.5662,74.1667,75.1397
20260302,6202,盛群,TWSE,60.7,65.0,60.5,62.6,11983938.0,,,data/daily_price/20260302.csv,62.44,51.8775,42.6375,41.2117,51.9615,-0.1595,10.7965,55.7214,71.7421,60.3073,9650395.05,1.2418,65.7,65.7,65.7,40.35,36.2,35.8,20.6689,46.8191,51.8987,20.4738,-4.7184,-4.7184,-4.7184,72.9282,74.8603
20260303,6202,盛群,TWSE,63.1,65.0,59.0,59.5,10896032.0,,,data/daily_price/20260303.csv,61.92,52.6425,43.0192,41.3825,52.5897,-4.9521,-4.1868,34.6154,62.5683,52.5641,9777724.85,1.1144,65.7,65.7,65.7,43.25,36.35,35.8,13.0265,38.3104,43.7806,13.14,-9.4368,-9.4368,-9.4368,63.6864,66.2011
20260304,6202,盛群,TWSE,58.0,58.4,54.5,55.1,5124918.0,,,data/daily_price/20260304.csv,60.38,53.1975,43.3133,41.5217,52.7989,-7.395,-12.2611,25.2273,47.1295,43.4896,9643433.75,0.5314,65.7,65.7,65.7,43.45,36.35,35.8,3.5763,27.2126,32.7018,4.3582,-16.1339,-16.1339,-16.1339,51.5818,53.9106
20260305,6202,盛群,TWSE,58.7,59.2,55.8,58.1,3569823.0,,,data/daily_price/20260305.csv,59.6,53.6825,43.66,41.6783,53.2407,5.4446,-6.2903,20.0413,55.7641,47.8372,9321700.7,0.383,65.7,65.7,65.7,43.45,36.35,35.8,8.2289,33.0738,39.401,9.1271,-11.5677,-11.5677,-11.5677,59.8349,62.2905
20260306,6202,盛群,TWSE,57.0,59.5,56.5,59.1,3717453.0,,,data/daily_price/20260306.csv,58.88,54.2325,44.0125,41.8467,53.729,1.7212,-5.7416,22.869,55.7312,51.928,9180322.2,0.4049,65.7,65.7,65.7,43.45,36.35,35.8,8.9752,34.28,41.2299,9.9966,-10.0457,-10.0457,-10.0457,62.586,65.0838
20260309,6202,盛群,TWSE,53.4,54.8,53.2,54.2,3198427.0,,,data/daily_price/20260309.csv,57.2,54.2975,44.2825,41.9721,53.7682,-8.291,-13.4185,2.4575,42.6316,38.4419,8986906.45,0.3559,65.7,65.7,65.7,43.45,36.35,35.8,-0.1796,22.396,29.1335,0.8031,-17.5038,-17.5038,-17.5038,49.1059,51.3966
20260310,6202,盛群,TWSE,55.4,56.5,50.7,51.8,5000530.0,,,data/daily_price/20260310.csv,55.66,54.44,44.5192,42.0742,53.6042,-4.428,-12.9412,5.8223,37.766,30.9735,8624732.15,0.5798,65.7,65.7,65.7,43.45,36.35,35.8,-4.8494,16.3544,23.1159,-3.3658,-21.1568,-21.1568,-21.1568,42.5034,44.6927
20260311,6202,盛群,TWSE,52.1,56.0,52.0,55.8,3894379.0,,,data/daily_price/20260311.csv,55.8,54.885,44.8167,42.2054,53.7872,7.722,1.2704,18.9765,47.0356,39.3258,8556917.95,0.4551,65.7,65.7,65.7,43.45,36.35,35.8,1.6671,24.5073,32.2105,3.7422,-15.0685,-15.0685,-15.0685,53.5076,55.8659
20260312,6202,盛群,TWSE,55.8,55.8,53.3,54.4,4064991.0,,,data/daily_price/20260312.csv,55.06,55.38,45.0892,42.3279,53.8382,-2.509,-6.3683,22.2472,42.9698,37.0277,8632797.2,0.4709,65.7,65.7,65.7,44.75,36.35,35.8,-1.7696,20.6498,28.5204,1.0434,-17.1994,-17.1994,-17.1994,49.6561,51.9553
20260313,6202,盛群,TWSE,53.3,54.3,52.7,53.9,1747341.0,,,data/daily_price/20260313.csv,54.02,55.735,45.3542,42.4408,53.8434,-0.9191,-8.7986,15.1709,41.8421,33.5812,8549596.5,0.2044,65.7,65.7,65.7,45.25,36.35,35.8,-3.2924,18.8424,27.0003,0.1051,-17.9604,-17.9604,-17.9604,48.2806,50.5587
20260316,6202,盛群,TWSE,54.2,55.7,54.0,54.2,2804249.0,,,data/daily_price/20260316.csv,54.02,56.0875,45.6175,42.5683,53.8731,0.5566,0.0,14.9523,41.1458,39.3316,8562420.75,0.3275,65.7,65.7,65.7,45.7,36.35,35.8,-3.3653,18.8141,27.3247,0.6068,-17.5038,-17.5038,-17.5038,49.1059,51.3966
20260317,6202,盛群,TWSE,54.9,55.5,52.8,53.5,2622631.0,,,data/daily_price/20260317.csv,54.36,56.3625,45.8725,42.6929,53.842,-1.2915,3.2819,11.4583,40.0524,38.7808,8442542.2,0.3106,65.7,65.7,65.7,45.7,36.35,35.8,-5.0787,16.6276,25.3135,-0.6352,-18.5693,-18.5693,-18.5693,47.1802,49.4413
20260318,6202,盛群,TWSE,54.1,58.7,54.1,57.0,8558578.0,,,data/daily_price/20260318.csv,54.6,56.8925,46.1933,42.8379,54.1052,6.5421,2.1505,22.8448,50.9934,43.9394,8764395.1,0.9765,65.7,65.7,65.7,47.65,36.35,35.8,0.189,23.3944,33.0597,5.3504,-13.242,-13.242,-13.242,56.8088,59.2179
20260319,6202,盛群,TWSE,56.5,59.7,55.4,56.3,7623918.0,,,data/daily_price/20260319.csv,54.98,57.265,46.495,42.97,54.2881,-1.2281,3.4926,15.2508,47.3822,39.1842,8965041.25,0.8504,65.7,65.7,65.7,49.1,36.35,35.8,-1.6851,21.0883,31.0216,3.706,-14.3075,-14.3075,-14.3075,54.8831,57.2626
20260320,6202,盛群,TWSE,57.5,58.0,54.6,56.2,3490458.0,,,data/daily_price/20260320.csv,55.44,57.39,46.7958,43.1062,54.4474,-0.1776,4.2672,4.6555,47.3132,41.0289,8296540.55,0.4207,65.7,65.7,65.7,50.7,36.35,35.8,-2.0735,20.0962,30.3755,3.2189,-14.4597,-14.4597,-14.4597,54.608,56.9832
20260323,6202,盛群,TWSE,53.8,53.8,51.0,51.3,3257987.0,,,data/daily_price/20260323.csv,54.86,57.13,47.0108,43.2021,54.1851,-8.7189,-5.3506,-9.2035,33.5938,28.8945,6985633.6,0.4664,65.7,65.7,65.7,50.7,36.35,35.8,-10.2048,9.1238,18.7443,-5.3246,-21.9178,-21.9178,-21.9178,41.1279,43.2961
20260324,6202,盛群,TWSE,52.9,53.4,49.9,50.7,1937010.0,,,data/daily_price/20260324.csv,54.3,56.56,47.2242,43.3012,53.8947,-1.1696,-5.2336,-18.3575,33.7731,30.6701,5934205.85,0.3264,65.7,65.7,65.7,49.9,36.35,35.8,-10.3607,7.3603,17.0867,-5.9277,-22.8311,-22.8311,-22.8311,39.4773,41.6201
20260325,6202,盛群,TWSE,51.7,52.8,51.1,51.8,1269812.0,,,data/daily_price/20260325.csv,53.26,56.01,47.4525,43.4188,53.7201,2.1696,-9.1228,-17.5159,35.958,37.4005,5039682.55,0.252,65.0,65.7,65.7,49.9,36.35,35.8,-7.5165,9.1618,19.3033,-3.5743,-20.3077,-21.1568,-21.1568,42.5034,44.6927
20260326,6202,盛群,TWSE,51.8,52.4,50.0,50.4,1470810.0,,,data/daily_price/20260326.csv,52.08,55.43,47.6708,43.4854,53.4435,-2.7027,-10.4796,-18.7097,35.1206,18.8679,4690352.55,0.3136,65.0,65.7,65.7,49.9,36.35,35.8,-9.0745,5.725,15.9009,-5.6947,-22.4615,-23.2877,-23.2877,38.652,40.7821
20260327,6202,盛群,TWSE,49.2,50.5,48.3,50.4,1986960.0,,,data/daily_price/20260327.csv,50.92,54.815,47.8883,43.5462,53.1898,0.0,-10.3203,-19.6172,34.9398,16.9374,4411012.25,0.4505,65.0,65.7,65.7,48.3,36.35,35.8,-8.0544,5.2448,15.739,-5.2451,-22.4615,-23.2877,-23.2877,38.652,40.7821
20260330,6202,盛群,TWSE,49.6,49.85,48.2,49.25,1395148.0,,,data/daily_price/20260330.csv,50.51,54.1475,48.0783,43.5988,52.8615,-2.2817,-3.9961,-21.3259,30.1189,14.6682,3881572.75,0.3594,65.0,65.7,65.7,48.2,36.35,35.8,-9.0447,2.437,12.962,-6.832,-24.2308,-25.0381,-25.0381,35.4883,37.5698
20260331,6202,盛群,TWSE,48.6,49.1,46.3,46.75,1956237.0,,,data/daily_price/20260331.csv,49.72,53.51,48.2258,43.6346,52.3522,-5.0761,-7.7909,-21.4286,23.3509,10.1296,3434583.0,0.5696,59.7,65.7,65.7,46.3,36.35,35.8,-12.6332,-3.0603,7.1398,-10.701,-21.6918,-28.8432,-28.8432,28.6107,30.5866
20260401,6202,盛群,TWSE,48.2,48.35,47.1,47.7,1810633.0,,,data/daily_price/20260401.csv,48.9,53.14,48.3917,43.6858,51.9645,2.0321,-7.9151,-13.4301,26.3576,14.8014,3268868.75,0.5539,59.7,65.7,65.7,46.3,36.35,35.8,-10.2371,-1.4293,9.1887,-8.2066,-20.1005,-27.3973,-27.3973,31.2242,33.2402
20260402,6202,盛群,TWSE,47.95,48.2,44.95,45.3,1942136.0,,,data/daily_price/20260402.csv,47.88,52.5,48.5275,43.7133,51.4092,-5.0314,-10.119,-22.031,21.9381,7.8571,3187484.4,0.6093,59.7,65.7,65.7,44.95,36.35,35.8,-13.7143,-6.6509,3.6297,-11.8834,-24.1206,-31.0502,-31.0502,24.6217,26.5363
20260407,6202,盛群,TWSE,45.7,46.0,44.85,45.4,833538.0,,,data/daily_price/20260407.csv,46.88,51.815,48.6692,43.7404,50.9084,0.2208,-9.9206,-23.181,23.0352,7.7106,3043288.65,0.2739,59.7,65.7,65.7,44.85,36.35,35.8,-12.3806,-6.7171,3.7942,-10.8202,-23.9531,-30.898,-30.898,24.8968,26.8156
20260408,6202,盛群,TWSE,46.45,49.9,46.45,49.15,1805100.0,,,data/daily_price/20260408.csv,46.86,51.5625,48.875,43.8108,50.7619,8.2599,-0.203,-9.3173,33.5598,20.7617,2973622.3,0.607,59.7,65.7,65.7,44.85,36.6,35.8,-4.6788,0.5627,12.1869,-3.1753,-17.6717,-25.1903,-25.1903,34.2896,37.2905
20260409,6202,盛群,TWSE,49.15,49.15,47.05,48.55,1425529.0,,,data/daily_price/20260409.csv,47.22,51.4,49.065,43.8667,50.5775,-1.2208,3.8503,-6.2741,30.6864,16.0096,2794872.25,0.5101,59.7,65.7,65.7,44.85,36.6,35.8,-5.5447,-1.0496,10.6763,-4.0088,-18.6767,-26.1035,-26.1035,32.6503,35.6145
20260410,6202,盛群,TWSE,49.0,49.95,48.7,49.35,1616631.0,,,data/daily_price/20260410.csv,47.55,51.0775,49.2625,43.94,50.4752,1.6478,3.4591,-11.5591,31.6,21.7016,2680984.85,0.603,59.7,65.7,65.7,44.85,36.6,35.8,-3.3821,0.1776,12.3122,-2.2293,-17.3367,-24.8858,-24.8858,34.8361,37.8492
20260413,6202,盛群,TWSE,49.1,50.8,48.5,50.5,1425693.0,,,data/daily_price/20260413.csv,48.59,50.8825,49.4908,44.0242,50.4773,2.3303,11.479,-7.1691,37.2283,25.0,2549019.95,0.5593,59.7,65.7,65.7,44.85,36.6,35.8,-0.7517,2.0391,14.7097,0.0449,-15.4104,-23.1355,-23.1355,37.9781,41.0615
20260414,6202,盛群,TWSE,50.7,52.4,50.0,50.9,2317361.0,,,data/daily_price/20260414.csv,49.69,50.7325,49.7175,44.1096,50.5125,0.7921,12.1145,-5.5659,36.4611,25.2153,2577520.95,0.8991,59.7,65.7,65.7,44.85,37.4,35.8,0.3302,2.3784,15.3944,0.7671,-14.7404,-22.5266,-22.5266,36.0963,42.1788
20260415,6202,盛群,TWSE,51.5,53.1,51.2,52.0,2772541.0,,,data/daily_price/20260415.csv,50.26,50.6225,49.94,44.1933,50.6365,2.1611,5.7986,-4.059,34.5408,23.9571,2575935.55,1.0763,59.7,65.7,65.7,44.85,37.8,35.8,2.7211,4.1249,17.6648,2.6927,-12.8978,-20.8524,-20.8524,37.5661,45.2514
20260416,6202,盛群,TWSE,52.9,54.4,51.8,53.5,3106324.0,,,data/daily_price/20260416.csv,51.25,50.6225,50.1783,44.2942,50.8751,2.8846,10.1957,0.0,36.4796,29.2271,2600120.2,1.1947,59.7,65.7,65.7,44.85,37.8,35.8,5.6842,6.6197,20.7834,5.1595,-10.3853,-18.5693,-18.5693,41.5344,49.4413
20260417,6202,盛群,TWSE,56.9,57.9,53.9,55.0,7401127.0,,,data/daily_price/20260417.csv,52.38,50.5225,50.455,44.4087,51.2189,2.8037,11.4488,-3.5088,43.2292,33.3333,2542247.65,2.9113,59.7,65.7,65.7,44.85,37.8,35.8,8.8624,9.008,23.8495,7.3823,-7.8727,-16.2861,-16.2861,45.5026,53.6313
20260420,6202,盛群,TWSE,54.8,55.2,52.6,52.7,2866370.0,,,data/daily_price/20260420.csv,52.82,50.3425,50.6892,44.5163,51.3423,-4.1818,4.3564,-6.3943,36.3519,32.4121,2304370.25,1.2439,58.0,65.7,65.7,44.85,37.8,35.8,4.6829,3.967,18.3837,2.6444,-9.1379,-19.7869,-19.7869,39.418,47.2067
20260421,6202,盛群,TWSE,53.1,57.9,53.1,57.1,9547185.0,,,data/daily_price/20260421.csv,54.06,50.3875,51.0058,44.6654,51.8221,8.3491,12.1807,1.6014,49.8688,45.6633,2607206.6,3.6618,57.9,65.7,65.7,44.85,38.1,35.8,13.3218,11.948,27.8394,10.1847,-1.3817,-13.0898,-13.0898,49.8688,59.4972
20260422,6202,盛群,TWSE,57.6,62.0,57.0,60.5,18836116.0,,,data/daily_price/20260422.csv,55.76,50.8475,51.3658,44.8296,52.5453,5.9545,16.3462,17.9337,55.527,48.2843,3386113.05,5.5628,62.0,65.7,65.7,44.85,38.15,35.8,18.9832,17.7826,34.9555,15.1388,-2.4194,-7.9148,-7.9148,58.5845,68.9944
20260423,6202,盛群,TWSE,61.5,61.8,54.5,55.4,15705179.0,,,data/daily_price/20260423.csv,56.14,51.0825,51.6492,44.9521,52.7831,-8.4298,3.5514,9.2702,44.2708,36.1179,4074521.5,3.8545,62.0,65.7,65.7,44.85,38.15,35.8,8.452,7.2621,23.2423,4.9577,-10.6452,-15.6773,-15.6773,45.2163,54.7486
20260424,6202,盛群,TWSE,56.8,59.4,56.7,57.8,10474960.0,,,data/daily_price/20260424.csv,56.7,51.3825,51.97,45.0929,53.2012,4.3321,5.0909,11.583,49.9351,41.3203,4534778.9,2.3099,62.0,65.7,65.7,44.85,38.55,35.8,12.4897,11.218,28.1798,8.6441,-6.7742,-12.0244,-12.0244,49.9351,61.4525
20260427,6202,盛群,TWSE,58.2,58.2,53.0,54.3,5131324.0,,,data/daily_price/20260427.csv,57.02,51.5775,52.2067,45.2017,53.2928,-6.0554,3.0361,7.7381,35.4115,31.6364,4717804.6,1.0877,62.0,65.7,65.7,44.85,39.15,35.8,5.2785,4.0097,20.1283,1.89,-12.4194,-17.3516,-17.3516,38.6973,51.676
20260428,6202,盛群,TWSE,54.3,56.1,53.4,55.0,2440979.0,,,data/daily_price/20260428.csv,56.6,51.8075,52.46,45.32,53.4351,1.2891,-3.6778,9.127,38.191,34.8039,4740505.55,0.5149,62.0,65.7,65.7,44.85,39.35,35.8,6.1622,4.8418,21.3592,2.9287,-11.2903,-16.2861,-16.2861,39.7713,53.6313
20260429,6202,盛群,TWSE,54.3,55.2,53.7,53.7,2007281.0,,,data/daily_price/20260429.csv,55.24,52.03,52.685,45.4217,53.4571,-2.3636,-11.2397,9.0355,33.5821,29.3976,4771112.2,0.4207,62.0,65.7,65.7,44.85,40.35,35.8,3.2097,1.9265,18.2255,0.4543,-13.3871,-18.2648,-18.2648,33.0855,50.0
20260430,6202,盛群,TWSE,54.2,55.3,53.7,54.2,2688821.0,,,data/daily_price/20260430.csv,55.0,52.4025,52.8517,45.5225,53.519,0.9311,-2.1661,15.9358,22.6244,28.7411,4807741.4,0.5593,62.0,65.7,65.7,44.85,43.25,35.8,3.4302,2.5512,19.062,1.2724,-12.5806,-17.5038,-17.5038,25.3179,51.3966
20260504,6202,盛群,TWSE,55.2,58.4,55.1,55.5,4571254.0,,,data/daily_price/20260504.csv,54.54,52.7925,53.0433,45.635,53.6841,2.3985,-3.9792,16.3522,26.1364,32.1429,4945772.45,0.9243,62.0,65.7,65.7,44.85,43.45,35.8,5.1286,4.6314,21.6172,3.3825,-10.4839,-15.5251,-15.5251,27.733,55.0279
20260505,6202,盛群,TWSE,55.5,57.8,55.2,57.2,3688771.0,,,data/daily_price/20260505.csv,55.12,53.3875,53.19,45.7683,53.9771,3.0631,5.3407,26.2693,18.1818,38.835,5033104.2,0.7329,62.0,65.7,65.7,44.85,43.45,35.8,7.1412,7.539,24.9772,5.9709,-7.7419,-12.9376,-12.9376,31.6456,59.7765
20260506,6202,盛群,TWSE,58.0,58.0,55.6,56.9,3038078.0,,,data/daily_price/20260506.csv,55.5,53.9625,53.3367,45.905,54.2207,-0.5245,3.4545,25.3304,18.2952,40.4938,5143331.2,0.5907,62.0,65.7,65.7,46.45,43.45,35.8,5.4436,6.6808,23.9516,4.9415,-8.2258,-13.3942,-13.3942,30.9551,58.9385
20260507,6202,盛群,TWSE,57.5,58.7,56.7,57.5,4496463.0,,,data/daily_price/20260507.csv,56.26,54.38,53.4133,46.0579,54.494,1.0545,7.0764,16.9888,8.6957,46.871,5277899.35,0.8519,62.0,65.7,65.7,47.05,43.45,35.8,5.7374,7.651,24.8428,5.5163,-7.2581,-12.481,-12.481,32.336,60.6145
20260508,6202,盛群,TWSE,58.7,58.7,54.2,55.2,3486863.0,,,data/daily_price/20260508.csv,56.46,54.7125,53.5175,46.2021,54.5528,-4.0,1.845,13.6972,12.7681,45.6464,5380966.05,0.648,62.0,65.7,65.7,48.5,43.45,35.8,0.891,3.1438,19.4751,1.1864,-10.9677,-15.9817,-15.9817,27.0426,54.1899
20260511,6202,盛群,TWSE,55.2,60.2,55.1,59.5,7516178.0,,,data/daily_price/20260511.csv,57.26,55.22,53.7275,46.385,54.9651,7.7899,7.2072,20.5674,26.8657,58.4554,5675943.4,1.3242,62.0,65.7,65.7,48.5,43.45,35.8,7.7508,10.744,28.2742,8.2506,-4.0323,-9.4368,-9.4368,36.939,66.2011
20260512,6202,盛群,TWSE,59.9,61.0,58.1,58.2,5603321.0,,,data/daily_price/20260512.csv,57.46,55.605,53.9558,46.5533,55.2346,-2.1849,1.7483,15.2475,30.7865,53.1579,5884824.8,0.9522,62.0,65.7,65.7,50.0,44.75,35.8,4.6668,7.866,25.0179,5.3687,-6.129,-11.4155,-11.4155,30.0559,62.5698
20260513,6202,盛群,TWSE,57.8,57.8,54.1,54.9,3655535.0,,,data/daily_price/20260513.csv,57.06,55.805,54.0908,46.6983,55.2068,-5.6701,-3.5149,7.8585,17.3077,46.4,5951733.5,0.6142,62.0,65.7,65.7,51.2,44.85,35.8,-1.6217,1.4959,17.5631,-0.5556,-11.4516,-16.4384,-16.4384,22.408,53.352
20260514,6202,盛群,TWSE,55.2,56.0,54.5,55.2,2152073.0,,,data/daily_price/20260514.csv,56.6,55.965,54.225,46.8429,55.2062,0.5464,-4.0,6.1538,17.0732,45.8388,5920710.1,0.3635,62.0,65.7,65.7,51.8,44.85,35.8,-1.3669,1.7981,17.8407,-0.0112,-10.9677,-15.9817,-15.9817,23.0769,54.1899
20260515,6202,盛群,TWSE,55.2,55.9,52.9,53.3,2490406.0,,,data/daily_price/20260515.csv,56.22,55.955,54.3133,46.9683,55.0473,-3.442,-3.442,-0.3738,11.0417,39.3464,5889914.2,0.4228,62.0,65.7,65.7,52.6,44.85,35.8,-4.7449,-1.8657,13.4807,-3.1743,-14.0323,-18.8737,-18.8737,18.8406,48.8827
20260518,6202,盛群,TWSE,52.6,53.0,50.2,52.7,1954699.0,,,data/daily_price/20260518.csv,54.86,55.84,54.4183,47.0829,54.8517,-1.1257,-11.4286,-4.1818,13.5776,35.3017,5617592.8,0.348,62.0,65.7,65.7,50.2,44.85,35.8,-5.6232,-3.1576,11.9302,-3.9228,-15.0,-19.7869,-19.7869,17.5028,47.2067
20260519,6202,盛群,TWSE,52.8,52.9,51.2,52.3,1399710.0,,,data/daily_price/20260519.csv,53.68,55.82,54.4758,47.1917,54.6391,-0.759,-10.1375,-0.759,7.0624,33.2484,5544259.8,0.2525,62.0,65.7,65.7,50.2,44.85,35.8,-6.306,-3.9941,10.8247,-4.281,-15.6452,-20.3957,-20.3957,16.6109,46.0894
20260520,6202,盛群,TWSE,52.3,56.7,51.6,55.6,3859015.0,,,data/daily_price/20260520.csv,53.82,55.745,54.5075,47.3375,54.7192,6.3098,1.275,-2.627,3.5382,45.9318,5259851.3,0.7337,62.0,65.7,65.7,50.2,44.85,35.8,-0.2601,2.0043,17.4544,1.6097,-10.3226,-15.3729,-15.3729,23.9688,55.3073
20260521,6202,盛群,TWSE,57.0,59.8,56.4,58.9,6006512.0,,,data/daily_price/20260521.csv,54.56,55.665,54.5475,47.5158,55.0676,5.9353,6.7029,-2.6446,4.2478,57.0667,4618371.1,1.3006,61.8,65.7,65.7,50.2,44.85,35.8,5.8116,7.9793,23.9587,6.9595,-4.6926,-10.3501,-10.3501,31.3266,64.5251
20260522,6202,盛群,TWSE,59.7,61.5,58.9,60.8,9031197.0,545644079.0,TWSE_RWD_JSON_MI_INDEX,data/daily_price/daily_price_20260522.csv,56.06,55.935,54.5258,47.7167,55.5453,3.2258,14.0713,9.7473,-2.0934,65.6676,4284672.0,2.1078,61.5,65.7,65.7,50.2,44.85,35.8,8.6976,11.5068,27.4188,9.4603,-1.1382,-7.4581,-7.4581,35.563,69.8324
20260525,6202,盛群,TWSE,62.0,62.3,60.5,61.1,7229956.0,444367902.0,TWSE_RWD_JSON_MI_INDEX,data/daily_price/daily_price_20260525.csv,57.74,56.1,54.4975,47.9242,56.0082,0.4934,15.9393,5.7093,-2.707,68.7845,4122421.8,1.7538,62.3,65.0,65.7,50.2,44.85,36.0,8.9127,12.1152,27.4931,9.0912,-1.9262,-6.0,-7.0015,36.2319,69.7222
20260526,6202,盛群,TWSE,62.8,65.7,59.3,61.5,7317708.0,452552450.0,TWSE_RWD_JSON_MI_INDEX,data/daily_price/daily_price_20260526.csv,59.58,56.46,54.4892,48.1262,56.4658,0.6547,17.5908,13.2597,-0.8065,65.1007,4231741.0,1.7292,65.7,65.7,65.7,50.2,44.85,36.0,8.9267,12.8665,27.7889,8.9155,-6.3927,-6.3927,-6.3927,37.1237,70.8333
20260527,6202,盛群,TWSE,62.0,62.6,59.8,60.4,5023479.0,305749291.0,TWSE_RWD_JSON_MI_INDEX,data/daily_price/daily_price_20260527.csv,60.54,56.73,54.4508,48.3262,56.7937,-1.7886,8.6331,9.8182,-3.6683,65.9341,4360866.0,1.1519,65.7,65.7,65.7,50.2,44.85,36.0,6.4692,10.9258,24.9838,6.3499,-8.067,-8.067,-8.067,34.6711,67.7778
20260528,6202,盛群,TWSE,61.1,61.5,58.2,59.1,5027158.0,301595417.0,TWSE_RWD_JSON_MI_INDEX,data/daily_price/daily_price_20260528.csv,60.58,57.0,54.3925,48.515,56.9859,-2.1523,0.3396,10.0559,-5.5911,62.1399,4511859.85,1.1142,65.7,65.7,65.7,50.2,44.85,36.2,3.6842,8.6547,21.818,3.7099,-10.0457,-10.0457,-10.0457,31.7726,63.2597
20260529,6202,盛群,TWSE,60.2,60.2,57.9,58.7,3041013.0,178786514.0,TWSE_RWD_JSON_MI_INDEX,data/daily_price/daily_price_20260529.csv,60.16,57.225,54.3792,48.6992,57.1287,-0.6768,-3.4539,8.3026,-1.3445,60.3825,4529469.45,0.6714,65.7,65.7,65.7,50.2,44.85,36.35,2.5775,7.9458,20.5359,2.7504,-10.6545,-10.6545,-10.6545,30.8807,61.4856
20260601,6202,盛群,TWSE,58.8,59.6,57.5,58.1,2781681.0,162927872.0,TWSE_RWD_JSON_MI_INDEX,data/daily_price/daily_price_20260601.csv,59.56,57.355,54.4292,48.8713,57.2096,-1.0221,-4.91,4.6847,5.4446,55.1402,4439990.8,0.6265,65.7,65.7,65.7,50.2,44.85,36.35,1.2989,6.7442,18.8838,1.5563,-11.5677,-11.5677,-11.5677,29.5429,59.8349
20260602,6202,盛群,TWSE,58.6,59.2,56.0,57.7,2593954.0,148550218.0,TWSE_RWD_JSON_MI_INDEX,data/daily_price/daily_price_20260602.csv,58.8,57.38,54.4225,49.0412,57.2505,-0.6885,-6.1789,0.8741,-0.6885,54.6917,4385249.95,0.5915,65.7,65.7,65.7,50.2,44.85,36.35,0.5577,6.0223,17.6561,0.7851,-12.1766,-12.1766,-12.1766,28.6511,58.7345
20260603,6202,盛群,TWSE,58.0,59.2,56.8,58.4,2414461.0,140020522.0,TWSE_RWD_JSON_MI_INDEX,data/daily_price/daily_price_20260603.csv,58.4,57.455,54.4108,49.2117,57.3463,1.2132,-3.3113,2.6362,-1.1844,53.8867,4354069.1,0.5545,65.7,65.7,65.7,50.2,44.85,36.35,1.6448,7.3316,18.671,1.8374,-11.1111,-11.1111,-11.1111,30.2118,60.6602
20260604,6202,盛群,TWSE,58.4,58.5,56.7,57.4,1716367.0,98707276.0,TWSE_RWD_JSON_MI_INDEX,data/daily_price/daily_price_20260604.csv,58.06,57.45,54.4642,49.3733,57.3508,-1.7123,-2.8765,-0.1739,5.9041,51.0526,4215064.3,0.4072,65.7,65.7,65.7,50.2,44.85,36.35,-0.087,5.3904,16.2571,0.0858,-12.6332,-12.6332,-12.6332,27.9822,57.9092
20260605,6202,盛群,TWSE,56.9,57.0,54.2,55.0,2615689.0,144186569.0,TWSE_RWD_JSON_MI_INDEX,data/daily_price/daily_price_20260605.csv,57.32,57.44,54.5175,49.5183,57.1549,-4.1812,-6.3032,-0.3623,6.1776,46.2766,4171505.6,0.627,65.7,65.7,65.7,50.2,44.85,36.35,-4.2479,0.885,11.07,-3.7702,-16.2861,-16.2861,-16.2861,22.631,51.3067
20260608,6202,盛群,TWSE,49.7,51.9,49.5,51.7,3002963.0,150329005.0,TWSE_RWD_JSON_MI_INDEX,data/daily_price/daily_price_20260608.csv,56.04,57.05,54.4492,49.6329,56.7003,-6.0,-11.0155,-13.1092,-7.3477,36.2319,3945844.85,0.761,65.7,65.7,65.7,49.5,44.85,36.35,-9.3777,-5.0491,4.1647,-8.8188,-21.309,-21.309,-21.309,15.2731,42.2283
20260609,6202,盛群,TWSE,51.8,53.2,51.1,52.9,1579328.0,82767251.0,TWSE_RWD_JSON_MI_INDEX,data/daily_price/daily_price_20260609.csv,55.08,56.785,54.4242,49.7567,56.3836,2.3211,-8.3189,-9.1065,-2.7574,39.0276,3744645.2,0.4218,65.7,65.7,65.7,49.5,44.85,36.35,-6.8416,-2.8005,6.3174,-6.1784,-19.4825,-19.4825,-19.4825,17.9487,45.5296
20260610,6202,盛群,TWSE,52.2,53.6,50.2,50.5,1627166.0,84091142.0,TWSE_RWD_JSON_MI_INDEX,data/daily_price/daily_price_20260610.csv,53.5,56.565,54.3675,49.8608,55.8933,-4.5369,-13.5274,-8.0146,-6.308,32.8947,3643226.75,0.4466,65.7,65.7,65.7,49.5,44.85,36.35,-10.7222,-7.1136,1.2819,-9.6493,-23.1355,-23.1355,-23.1355,12.5975,38.9271
20260611,6202,盛群,TWSE,50.0,55.2,50.0,54.0,3991282.0,213587062.0,TWSE_RWD_JSON_MI_INDEX,data/daily_price/daily_price_20260611.csv,52.82,56.505,54.3642,49.9908,55.7355,6.9307,-5.9233,-2.1739,-0.369,40.625,3735187.2,1.0686,65.7,65.7,65.7,49.5,44.85,36.35,-4.4332,-0.6699,8.0198,-3.1139,-17.8082,-17.8082,-17.8082,20.4013,48.5557
20260612,6202,盛群,TWSE,56.9,59.4,56.6,59.4,9433718.0,557340835.0,TWSE_RWD_JSON_MI_INDEX,data/daily_price/daily_price_20260612.csv,53.7,56.81,54.4625,50.1675,56.0409,10.0,8.0,11.4447,11.028,55.4974,4082352.8,2.3109,65.7,65.7,65.7,49.5,44.85,36.35,4.5591,9.0659,18.4033,5.994,-9.589,-9.589,-9.589,32.4415,63.4113
20260615,6202,盛群,TWSE,59.4,65.3,59.0,65.2,22672088.0,1447268704.0,TWSE_RWD_JSON_MI_INDEX,data/daily_price/daily_price_20260615.csv,56.4,57.435,54.5992,50.3962,56.8042,9.7643,26.1122,23.7192,14.386,72.7152,5118222.25,4.4297,65.7,65.7,65.7,49.5,44.85,36.35,13.5196,19.4157,29.3747,14.7803,-0.761,-0.761,-0.761,45.3735,79.3673
20260616,6202,盛群,TWSE,65.8,66.1,61.4,62.0,11370773.0,723242182.0,TWSE_RWD_JSON_MI_INDEX,data/daily_price/daily_price_20260616.csv,58.22,57.92,54.6942,50.5946,57.2372,-4.908,17.2023,18.5468,10.1243,62.3037,5616775.4,2.0244,66.1,66.1,66.1,49.5,44.85,36.35,7.0442,13.3576,22.5428,8.3213,-6.2027,-6.2027,-6.2027,38.2386,70.564
20260617,6202,盛群,TWSE,61.7,66.5,61.3,65.4,13496757.0,875924031.0,TWSE_RWD_JSON_MI_INDEX,data/daily_price/daily_price_20260617.csv,61.2,58.41,54.8475,50.8217,57.9174,5.4839,29.505,17.6259,16.3701,71.4286,6098662.5,2.2131,66.5,66.5,66.5,49.5,44.85,36.35,11.9671,19.2397,28.6853,12.9195,-1.6541,-1.6541,-1.6541,45.8194,79.9175
20260618,6202,盛群,TWSE,65.5,67.5,64.6,67.0,12412841.0,823263393.0,TWSE_RWD_JSON_MI_INDEX,data/daily_price/daily_price_20260618.csv,63.8,58.815,55.1092,51.06,58.6743,2.4465,24.0741,13.7521,30.6043,74.4792,6418978.95,1.9338,67.5,67.5,67.5,49.5,44.85,36.35,13.9165,21.5769,31.2182,14.1897,-0.7407,-0.7407,-0.7407,49.3868,84.3191
20260622,6202,盛群,TWSE,71.7,73.7,71.6,73.7,6668630.0,489462331.0,TWSE_RWD_JSON_MI_INDEX,data/daily_price/daily_price_20260622.csv,66.66,59.46,55.4925,51.3583,59.9264,10.0,24.0741,21.2171,45.3649,94.4591,6300850.6,1.0584,73.7,73.7,73.7,49.5,44.85,36.35,23.9489,32.8107,43.5015,22.9842,0.0,0.0,0.0,64.3255,102.751
20260623,6202,盛群,TWSE,80.9,81.0,68.0,70.9,29388034.0,2135446022.0,TWSE_RWD_JSON_MI_INDEX,data/daily_price/daily_price_20260623.csv,67.8,59.95,55.8108,51.6317,60.8409,-3.7992,8.7423,16.0393,36.8726,86.0892,7408754.5,3.9667,81.0,81.0,81.0,49.5,44.85,36.35,18.2652,27.0363,37.3188,16.5335,-12.4691,-12.4691,-12.4691,58.0825,95.0481
20260624,6202,盛群,TWSE,71.0,73.0,68.5,71.4,11154215.0,791330181.0,TWSE_RWD_JSON_MI_INDEX,data/daily_price/daily_price_20260624.csv,69.68,60.445,56.1608,51.9158,61.7208,0.7052,15.1613,16.0976,41.6667,91.4209,7600579.85,1.4675,81.0,81.0,81.0,49.5,44.85,36.35,18.1239,27.1349,37.5303,15.6822,-11.8519,-11.8519,-11.8519,59.1973,96.4237
