date,stock_id,stock_name,market,open,high,low,close,volume,trading_value,source,source_file,ma5,ma20,ma60,ma120,ema23,return_1d,return_5d,return_20d,return_60d,return_120d,volume_ma20,volume_ratio,high_20,high_60,high_120,low_20,low_60,low_120,distance_to_ma20_pct,distance_to_ma60_pct,distance_to_ma120_pct,distance_to_ema23_pct,distance_to_high_20_pct,distance_to_high_60_pct,distance_to_high_120_pct,distance_to_low_60_pct,distance_to_low_120_pct
20240102,6464,台數科,TWSE,85.8,86.0,85.7,86.0,21065.0,1809185.0,TWSE_RWD_JSON_MI_INDEX,data/daily_price/daily_price_20240102.csv,,,,,,,,,,,,,,,,,,,,,,,,,,,
20240103,6464,台數科,TWSE,85.8,85.9,85.8,85.9,7430.0,637921.0,TWSE_RWD_JSON_MI_INDEX,data/daily_price/daily_price_20240103.csv,,,,,,-0.1163,,,,,,,,,,,,,,,,,,,,,
20240104,6464,台數科,TWSE,86.1,86.1,85.8,86.0,14010.0,1204162.0,TWSE_RWD_JSON_MI_INDEX,data/daily_price/daily_price_20240104.csv,,,,,,0.1164,,,,,,,,,,,,,,,,,,,,,
20240105,6464,台數科,TWSE,85.9,86.0,85.7,86.0,11000.0,944300.0,TWSE_RWD_JSON_MI_INDEX,data/daily_price/daily_price_20240105.csv,,,,,,0.0,,,,,,,,,,,,,,,,,,,,,
20240108,6464,台數科,TWSE,86.0,86.0,85.9,85.9,24220.0,2081735.0,TWSE_RWD_JSON_MI_INDEX,data/daily_price/daily_price_20240108.csv,85.96,85.96,85.96,85.96,85.9852,-0.1163,,,,,15545.0,1.5581,86.1,86.1,86.1,85.7,85.7,85.7,-0.0698,-0.0698,-0.0698,-0.0991,-0.2323,-0.2323,-0.2323,0.2334,0.2334
20240109,6464,台數科,TWSE,86.0,86.1,85.9,86.0,21254.0,1829210.0,TWSE_RWD_JSON_MI_INDEX,data/daily_price/daily_price_20240109.csv,85.96,85.9667,85.9667,85.9667,85.9865,0.1164,0.0,,,,16496.5,1.2884,86.1,86.1,86.1,85.7,85.7,85.7,0.0388,0.0388,0.0388,0.0157,-0.1161,-0.1161,-0.1161,0.3501,0.3501
20240110,6464,台數科,TWSE,86.0,86.1,85.8,86.1,21000.0,1806300.0,TWSE_RWD_JSON_MI_INDEX,data/daily_price/daily_price_20240110.csv,86.0,85.9857,85.9857,85.9857,85.9959,0.1163,0.2328,,,,17139.8571,1.2252,86.1,86.1,86.1,85.7,85.7,85.7,0.1329,0.1329,0.1329,0.121,0.0,0.0,0.0,0.4667,0.4667
20240111,6464,台數科,TWSE,85.8,86.1,85.8,85.9,13000.0,1116800.0,TWSE_RWD_JSON_MI_INDEX,data/daily_price/daily_price_20240111.csv,85.98,85.975,85.975,85.975,85.9879,-0.2323,-0.1163,,,,16622.375,0.7821,86.1,86.1,86.1,85.7,85.7,85.7,-0.0872,-0.0872,-0.0872,-0.1023,-0.2323,-0.2323,-0.2323,0.2334,0.2334
20240112,6464,台數科,TWSE,86.0,86.0,85.8,85.9,12001.0,1031386.0,TWSE_RWD_JSON_MI_INDEX,data/daily_price/daily_price_20240112.csv,85.96,85.9667,85.9667,85.9667,85.9806,0.0,-0.1163,,,,16108.8889,0.745,86.1,86.1,86.1,85.7,85.7,85.7,-0.0775,-0.0775,-0.0775,-0.0938,-0.2323,-0.2323,-0.2323,0.2334,0.2334
20240115,6464,台數科,TWSE,86.0,86.0,85.7,85.7,13061.0,1121852.0,TWSE_RWD_JSON_MI_INDEX,data/daily_price/daily_price_20240115.csv,85.92,85.94,85.94,85.94,85.9572,-0.2328,-0.2328,,,,15804.1,0.8264,86.1,86.1,86.1,85.7,85.7,85.7,-0.2793,-0.2793,-0.2793,-0.2993,-0.4646,-0.4646,-0.4646,0.0,0.0
20240116,6464,台數科,TWSE,85.7,86.0,85.6,85.6,35100.0,3007519.0,TWSE_RWD_JSON_MI_INDEX,data/daily_price/daily_price_20240116.csv,85.84,85.9091,85.9091,85.9091,85.9275,-0.1167,-0.4651,,,,17558.2727,1.9991,86.1,86.1,86.1,85.6,85.6,85.6,-0.3598,-0.3598,-0.3598,-0.3811,-0.5807,-0.5807,-0.5807,0.0,0.0
20240117,6464,台數科,TWSE,85.5,85.8,85.3,85.3,50063.0,4281493.0,TWSE_RWD_JSON_MI_INDEX,data/daily_price/daily_price_20240117.csv,85.68,85.8583,85.8583,85.8583,85.8752,-0.3505,-0.9292,,,,20267.0,2.4702,86.1,86.1,86.1,85.3,85.3,85.3,-0.6503,-0.6503,-0.6503,-0.6698,-0.9292,-0.9292,-0.9292,0.0,0.0
20240118,6464,台數科,TWSE,85.5,85.5,85.4,85.4,5012.0,428140.0,TWSE_RWD_JSON_MI_INDEX,data/daily_price/daily_price_20240118.csv,85.58,85.8231,85.8231,85.8231,85.8356,0.1172,-0.5821,,,,19093.5385,0.2625,86.1,86.1,86.1,85.3,85.3,85.3,-0.493,-0.493,-0.493,-0.5075,-0.813,-0.813,-0.813,0.1172,0.1172
20240119,6464,台數科,TWSE,85.3,86.0,85.3,85.8,36058.0,3093388.0,TWSE_RWD_JSON_MI_INDEX,data/daily_price/daily_price_20240119.csv,85.56,85.8214,85.8214,85.8214,85.8326,0.4684,-0.1164,,,,20305.2857,1.7758,86.1,86.1,86.1,85.3,85.3,85.3,-0.025,-0.025,-0.025,-0.038,-0.3484,-0.3484,-0.3484,0.5862,0.5862
20240122,6464,台數科,TWSE,86.3,86.3,86.1,86.2,26065.0,2246675.0,TWSE_RWD_JSON_MI_INDEX,data/daily_price/daily_price_20240122.csv,85.66,85.8467,85.8467,85.8467,85.8632,0.4662,0.5834,,,,20689.2667,1.2598,86.3,86.3,86.3,85.3,85.3,85.3,0.4116,0.4116,0.4116,0.3922,-0.1159,-0.1159,-0.1159,1.0551,1.0551
20240123,6464,台數科,TWSE,86.5,86.5,86.0,86.2,20542.0,1769074.0,TWSE_RWD_JSON_MI_INDEX,data/daily_price/daily_price_20240123.csv,85.78,85.8688,85.8688,85.8688,85.8913,0.0,0.7009,,,,20680.0625,0.9933,86.5,86.5,86.5,85.3,85.3,85.3,0.3858,0.3858,0.3858,0.3594,-0.3468,-0.3468,-0.3468,1.0551,1.0551
20240124,6464,台數科,TWSE,86.2,86.4,86.1,86.2,41931.0,3614582.0,TWSE_RWD_JSON_MI_INDEX,data/daily_price/daily_price_20240124.csv,85.96,85.8882,85.8882,85.8882,85.917,0.0,1.0551,,,,21930.1176,1.912,86.5,86.5,86.5,85.3,85.3,85.3,0.363,0.363,0.363,0.3294,-0.3468,-0.3468,-0.3468,1.0551,1.0551
20240125,6464,台數科,TWSE,86.1,86.3,86.1,86.3,22000.0,1895100.0,TWSE_RWD_JSON_MI_INDEX,data/daily_price/daily_price_20240125.csv,86.14,85.9111,85.9111,85.9111,85.9489,0.116,1.0539,,,,21934.0,1.003,86.5,86.5,86.5,85.3,85.3,85.3,0.4527,0.4527,0.4527,0.4085,-0.2312,-0.2312,-0.2312,1.1723,1.1723
20240126,6464,台數科,TWSE,85.8,86.3,85.8,86.2,19200.0,1653650.0,TWSE_RWD_JSON_MI_INDEX,data/daily_price/daily_price_20240126.csv,86.22,85.9263,85.9263,85.9263,85.9699,-0.1159,0.4662,,,,21790.1053,0.8811,86.5,86.5,86.5,85.3,85.3,85.3,0.3185,0.3185,0.3185,0.2677,-0.3468,-0.3468,-0.3468,1.0551,1.0551
20240129,6464,台數科,TWSE,86.5,86.5,86.0,86.1,20040.0,1724656.0,TWSE_RWD_JSON_MI_INDEX,data/daily_price/daily_price_20240129.csv,86.2,85.935,85.935,85.935,85.9807,-0.116,-0.116,,,,21702.6,0.9234,86.5,86.5,86.5,85.3,85.3,85.3,0.192,0.192,0.192,0.1388,-0.4624,-0.4624,-0.4624,0.9379,0.9379
20240130,6464,台數科,TWSE,86.0,86.1,85.8,86.0,29124.0,2505475.0,TWSE_RWD_JSON_MI_INDEX,data/daily_price/daily_price_20240130.csv,86.16,85.935,85.9381,85.9381,85.9823,-0.1161,-0.232,0.0,,,22105.55,1.3175,86.5,86.5,86.5,85.3,85.3,85.3,0.0756,0.072,0.072,0.0206,-0.578,-0.578,-0.578,0.8206,0.8206
20240131,6464,台數科,TWSE,86.0,86.0,85.8,86.0,16012.0,1376844.0,TWSE_RWD_JSON_MI_INDEX,data/daily_price/daily_price_20240131.csv,86.12,85.94,85.9409,85.9409,85.9838,0.0,-0.232,0.1164,,,22534.65,0.7106,86.5,86.5,86.5,85.3,85.3,85.3,0.0698,0.0688,0.0688,0.0189,-0.578,-0.578,-0.578,0.8206,0.8206
20240201,6464,台數科,TWSE,86.8,86.8,86.1,86.3,23283.0,2007222.0,TWSE_RWD_JSON_MI_INDEX,data/daily_price/daily_price_20240201.csv,86.12,85.955,85.9565,85.9565,86.0101,0.3488,0.0,0.3488,,,22998.3,1.0124,86.8,86.8,86.8,85.3,85.3,85.3,0.4014,0.3996,0.3996,0.337,-0.576,-0.576,-0.576,1.1723,1.1723
20240202,6464,台數科,TWSE,86.0,86.3,86.0,86.3,20058.0,1727705.0,TWSE_RWD_JSON_MI_INDEX,data/daily_price/daily_price_20240202.csv,86.14,85.97,85.9708,85.9708,86.0343,0.0,0.116,0.3488,,,23451.2,0.8553,86.8,86.8,86.8,85.3,85.3,85.3,0.3839,0.3829,0.3829,0.3088,-0.576,-0.576,-0.576,1.1723,1.1723
20240205,6464,台數科,TWSE,86.1,86.1,86.1,86.1,20010.0,1722868.0,TWSE_RWD_JSON_MI_INDEX,data/daily_price/daily_price_20240205.csv,86.14,85.98,85.976,85.976,86.0398,-0.2317,0.0,0.2328,,,23240.7,0.861,86.8,86.8,86.8,85.3,85.3,85.3,0.1396,0.1442,0.1442,0.07,-0.8065,-0.8065,-0.8065,0.9379,0.9379
20240215,6464,台數科,TWSE,86.1,86.1,85.5,86.1,13001.0,1116689.0,TWSE_RWD_JSON_MI_INDEX,data/daily_price/daily_price_20240215.csv,86.16,85.985,85.9808,85.9808,86.0448,0.0,0.1163,0.1163,,,22828.05,0.5695,86.8,86.8,86.8,85.3,85.3,85.3,0.1337,0.1387,0.1387,0.0642,-0.8065,-0.8065,-0.8065,0.9379,0.9379
20240216,6464,台數科,TWSE,86.1,86.2,86.0,86.0,25000.0,2151100.0,TWSE_RWD_JSON_MI_INDEX,data/daily_price/daily_price_20240216.csv,86.16,85.98,85.9815,85.9815,86.0411,-0.1161,0.0,-0.1161,,,23028.05,1.0856,86.8,86.8,86.8,85.3,85.3,85.3,0.0233,0.0215,0.0215,-0.0477,-0.9217,-0.9217,-0.9217,0.8206,0.8206
20240219,6464,台數科,TWSE,86.1,86.4,86.0,86.0,49011.0,4222348.0,TWSE_RWD_JSON_MI_INDEX,data/daily_price/daily_price_20240219.csv,86.1,85.985,85.9821,85.9821,86.0376,0.0,-0.3476,0.1164,,,24828.6,1.974,86.8,86.8,86.8,85.3,85.3,85.3,0.0174,0.0208,0.0208,-0.0437,-0.9217,-0.9217,-0.9217,0.8206,0.8206
20240220,6464,台數科,TWSE,86.6,86.6,86.1,86.1,28186.0,2429973.0,TWSE_RWD_JSON_MI_INDEX,data/daily_price/daily_price_20240220.csv,86.06,85.995,85.9862,85.9862,86.0428,0.1163,-0.2317,0.2328,,,25637.85,1.0994,86.8,86.8,86.8,85.3,85.3,85.3,0.1221,0.1323,0.1323,0.0664,-0.8065,-0.8065,-0.8065,0.9379,0.9379
20240221,6464,台數科,TWSE,86.2,86.3,86.0,86.1,22055.0,1898071.0,TWSE_RWD_JSON_MI_INDEX,data/daily_price/daily_price_20240221.csv,86.06,86.015,85.99,85.99,86.0476,0.0,0.0,0.4667,,,26087.55,0.8454,86.8,86.8,86.8,85.3,85.3,85.3,0.0988,0.1279,0.1279,0.0609,-0.8065,-0.8065,-0.8065,0.9379,0.9379
20240222,6464,台數科,TWSE,86.1,86.3,86.0,86.3,38226.0,3289940.0,TWSE_RWD_CSV_MI_INDEX,data/daily_price/daily_price_20240222.csv,86.1,86.05,86.0,86.0,86.0686,0.2323,0.2323,0.8178,,,26243.85,1.4566,86.8,86.8,86.8,85.3,85.3,85.3,0.2905,0.3488,0.3488,0.2688,-0.576,-0.576,-0.576,1.1723,1.1723
20240223,6464,台數科,TWSE,86.0,86.4,86.0,86.2,15097.0,1300674.0,TWSE_RWD_JSON_MI_INDEX,data/daily_price/daily_price_20240223.csv,86.14,86.095,86.0062,86.0062,86.0796,-0.1159,0.2326,1.0551,,,24495.55,0.6163,86.8,86.8,86.8,85.3,85.3,85.3,0.122,0.2253,0.2253,0.1399,-0.6912,-0.6912,-0.6912,1.0551,1.0551
20240226,6464,台數科,TWSE,86.1,86.7,86.0,86.2,85180.0,7339503.0,TWSE_RWD_JSON_MI_INDEX,data/daily_price/daily_price_20240226.csv,86.18,86.135,86.0121,86.0121,86.0896,0.0,0.2326,0.9368,,,28503.95,2.9884,86.8,86.8,86.8,85.3,85.3,85.3,0.0755,0.2184,0.2184,0.1282,-0.6912,-0.6912,-0.6912,1.0551,1.0551
20240227,6464,台數科,TWSE,86.2,86.2,86.1,86.1,54103.0,4658696.0,TWSE_RWD_JSON_MI_INDEX,data/daily_price/daily_price_20240227.csv,86.18,86.15,86.0147,86.0147,86.0905,-0.116,0.0,0.3497,,,29406.2,1.8399,86.8,86.8,86.8,85.5,85.3,85.3,-0.058,0.0992,0.0992,0.0111,-0.8065,-0.8065,-0.8065,0.9379,0.9379
20240229,6464,台數科,TWSE,86.1,86.1,86.0,86.0,31161.0,2680312.0,TWSE_RWD_JSON_MI_INDEX,data/daily_price/daily_price_20240229.csv,86.16,86.14,86.0143,86.0143,86.0829,-0.1161,-0.1161,-0.232,,,29661.0,1.0506,86.8,86.8,86.8,85.5,85.3,85.3,-0.1625,-0.0166,-0.0166,-0.0963,-0.9217,-0.9217,-0.9217,0.8206,0.8206
20240301,6464,台數科,TWSE,86.2,86.4,86.0,86.1,77156.0,6639305.0,TWSE_RWD_JSON_MI_INDEX,data/daily_price/daily_price_20240301.csv,86.12,86.135,86.0167,86.0167,86.0844,0.1163,-0.2317,-0.116,,,32491.7,2.3746,86.8,86.8,86.8,85.5,85.3,85.3,-0.0406,0.0969,0.0969,0.0182,-0.8065,-0.8065,-0.8065,0.9379,0.9379
20240304,6464,台數科,TWSE,86.1,86.6,86.0,86.1,79203.0,6824949.0,TWSE_RWD_CSV_MI_INDEX,data/daily_price/daily_price_20240304.csv,86.1,86.13,86.0189,86.0189,86.0857,0.0,-0.116,-0.116,,,34355.3,2.3054,86.8,86.8,86.8,85.5,85.3,85.3,-0.0348,0.0943,0.0943,0.0167,-0.8065,-0.8065,-0.8065,0.9379,0.9379
20240305,6464,台數科,TWSE,86.2,86.3,86.0,86.2,103356.0,8913330.0,TWSE_RWD_JSON_MI_INDEX,data/daily_price/daily_price_20240305.csv,86.1,86.125,86.0237,86.0237,86.0952,0.1161,0.0,-0.1159,,,38423.1,2.6899,86.8,86.8,86.8,85.5,85.3,85.3,0.0871,0.205,0.205,0.1217,-0.6912,-0.6912,-0.6912,1.0551,1.0551
20240306,6464,台數科,TWSE,86.4,86.4,86.1,86.2,53457.0,4608486.0,TWSE_RWD_JSON_MI_INDEX,data/daily_price/daily_price_20240306.csv,86.12,86.125,86.0282,86.0282,86.1039,0.0,0.1161,0.0,,,40135.95,1.3319,86.8,86.8,86.8,85.5,85.3,85.3,0.0871,0.1997,0.1997,0.1116,-0.6912,-0.6912,-0.6912,1.0551,1.0551
20240307,6464,台數科,TWSE,86.2,86.4,86.2,86.3,38555.0,3326465.0,TWSE_RWD_JSON_MI_INDEX,data/daily_price/daily_price_20240307.csv,86.18,86.135,86.035,86.035,86.1203,0.116,0.3488,0.2323,,,41061.7,0.939,86.8,86.8,86.8,85.5,85.3,85.3,0.1916,0.308,0.308,0.2087,-0.576,-0.576,-0.576,1.1723,1.1723
20240308,6464,台數科,TWSE,86.2,86.3,86.1,86.2,25363.0,2187726.0,TWSE_RWD_JSON_MI_INDEX,data/daily_price/daily_price_20240308.csv,86.2,86.145,86.039,86.039,86.1269,-0.1159,0.1161,0.2326,,,40873.65,0.6205,86.8,86.8,86.8,85.5,85.3,85.3,0.0638,0.1871,0.1871,0.0849,-0.6912,-0.6912,-0.6912,1.0551,1.0551
20240311,6464,台數科,TWSE,86.2,86.8,86.2,86.3,100605.0,8696260.0,TWSE_RWD_JSON_MI_INDEX,data/daily_price/daily_price_20240311.csv,86.24,86.16,86.0452,86.0452,86.1413,0.116,0.2323,0.3488,,,45103.3,2.2305,86.8,86.8,86.8,85.5,85.3,85.3,0.1625,0.2961,0.2961,0.1842,-0.576,-0.576,-0.576,1.1723,1.1723
20240312,6464,台數科,TWSE,86.4,86.6,86.3,86.5,68416.0,5912750.0,TWSE_RWD_JSON_MI_INDEX,data/daily_price/daily_price_20240312.csv,86.3,86.17,86.0558,86.0558,86.1712,0.2317,0.348,0.2317,,,47359.95,1.4446,86.8,86.8,86.8,85.5,85.3,85.3,0.383,0.5162,0.5162,0.3815,-0.3456,-0.3456,-0.3456,1.4068,1.4068
20240313,6464,台數科,TWSE,88.7,88.9,87.1,87.2,257398.0,22621333.0,TWSE_RWD_JSON_MI_INDEX,data/daily_price/daily_price_20240313.csv,86.5,86.215,86.0818,86.0818,86.257,0.8092,1.1601,1.0429,,,59226.95,4.346,88.9,88.9,88.9,85.5,85.3,85.3,1.1425,1.299,1.299,1.0933,-1.9123,-1.9123,-1.9123,2.2274,2.2274
20240314,6464,台數科,TWSE,87.3,87.8,87.1,87.1,50390.0,4400385.0,TWSE_RWD_JSON_MI_INDEX,data/daily_price/daily_price_20240314.csv,86.66,86.265,86.1044,86.1044,86.3272,-0.1147,0.927,1.1614,,,60745.95,0.8295,88.9,88.9,88.9,85.5,85.3,85.3,0.9679,1.1562,1.1562,0.8952,-2.0247,-2.0247,-2.0247,2.1102,2.1102
20240315,6464,台數科,TWSE,87.2,87.2,86.3,86.9,94186.0,8179138.0,TWSE_RWD_JSON_MI_INDEX,data/daily_price/daily_price_20240315.csv,86.8,86.305,86.1217,86.1217,86.3749,-0.2296,0.8121,0.9292,,,64805.2,1.4534,88.9,88.9,88.9,86.0,85.3,85.3,0.6894,0.9037,0.9037,0.6079,-2.2497,-2.2497,-2.2497,1.8757,1.8757
20240318,6464,台數科,TWSE,87.5,87.5,86.9,87.2,86714.0,7561654.0,TWSE_RWD_JSON_MI_INDEX,data/daily_price/daily_price_20240318.csv,86.98,86.365,86.1447,86.1447,86.4437,0.3452,1.0429,1.3953,,,67890.9,1.2773,88.9,88.9,88.9,86.0,85.3,85.3,0.9668,1.2251,1.2251,0.8749,-1.9123,-1.9123,-1.9123,2.2274,2.2274
20240319,6464,台數科,TWSE,86.6,87.3,86.6,87.3,71346.0,6204303.0,TWSE_RWD_JSON_MI_INDEX,data/daily_price/daily_price_20240319.csv,87.14,86.43,86.1688,86.1688,86.5151,0.1147,0.9249,1.5116,,,69007.65,1.0339,88.9,88.9,88.9,86.0,85.3,85.3,1.0066,1.3128,1.3128,0.9073,-1.7998,-1.7998,-1.7998,2.3447,2.3447
20240320,6464,台數科,TWSE,87.4,87.5,86.5,87.3,89524.0,7809034.0,TWSE_RWD_JSON_MI_INDEX,data/daily_price/daily_price_20240320.csv,87.16,86.49,86.1918,86.1918,86.5805,0.0,0.1147,1.3937,,,72074.55,1.2421,88.9,88.9,88.9,86.0,85.3,85.3,0.9365,1.2857,1.2857,0.8311,-1.7998,-1.7998,-1.7998,2.3447,2.3447
20240321,6464,台數科,TWSE,87.3,87.5,87.1,87.5,48230.0,4213357.0,TWSE_RWD_JSON_MI_INDEX,data/daily_price/daily_price_20240321.csv,87.24,86.56,86.218,86.218,86.6571,0.2291,0.4592,1.626,,,73383.3,0.6572,88.9,88.9,88.9,86.0,85.3,85.3,1.086,1.4869,1.4869,0.9727,-1.5748,-1.5748,-1.5748,2.5791,2.5791
20240322,6464,台數科,TWSE,87.5,87.6,86.9,87.5,101533.0,8870199.0,TWSE_RWD_JSON_MI_INDEX,data/daily_price/daily_price_20240322.csv,87.36,86.62,86.2431,86.2431,86.7273,0.0,0.6904,1.3905,,,76548.65,1.3264,88.9,88.9,88.9,86.0,85.3,85.3,1.0159,1.4573,1.4573,0.8909,-1.5748,-1.5748,-1.5748,2.5791,2.5791
20240325,6464,台數科,TWSE,87.5,87.7,87.3,87.6,101075.0,8845902.0,TWSE_RWD_JSON_MI_INDEX,data/daily_price/daily_price_20240325.csv,87.44,86.69,86.2692,86.2692,86.8001,0.1143,0.4587,1.6241,,,80847.55,1.2502,88.9,88.9,88.9,86.0,85.3,85.3,1.0497,1.5426,1.5426,0.9216,-1.4623,-1.4623,-1.4623,2.6964,2.6964
20240326,6464,台數科,TWSE,87.8,87.8,87.4,87.7,111038.0,9724635.0,TWSE_RWD_JSON_MI_INDEX,data/daily_price/daily_price_20240326.csv,87.52,86.765,86.2962,86.2962,86.8751,0.1142,0.4582,1.7401,,,82140.45,1.3518,88.9,88.9,88.9,86.0,85.3,85.3,1.0776,1.6267,1.6267,0.9496,-1.3498,-1.3498,-1.3498,2.8136,2.8136
20240327,6464,台數科,TWSE,87.3,87.7,87.0,87.7,105562.0,9225914.0,TWSE_RWD_JSON_MI_INDEX,data/daily_price/daily_price_20240327.csv,87.6,86.845,86.3222,86.3222,86.9438,0.0,0.4582,1.8583,,,84713.4,1.2461,88.9,88.9,88.9,86.0,85.3,85.3,0.9845,1.5961,1.5961,0.8698,-1.3498,-1.3498,-1.3498,2.8136,2.8136
20240328,6464,台數科,TWSE,87.3,87.7,87.3,87.7,68550.0,5999906.0,TWSE_RWD_JSON_MI_INDEX,data/daily_price/daily_price_20240328.csv,87.64,86.93,86.3473,86.3473,87.0068,0.0,0.2286,1.9767,,,86582.85,0.7917,88.9,88.9,88.9,86.0,85.3,85.3,0.8858,1.5666,1.5666,0.7967,-1.3498,-1.3498,-1.3498,2.8136,2.8136
20240329,6464,台數科,TWSE,87.7,87.7,87.0,87.3,110244.0,9617664.0,TWSE_RWD_JSON_MI_INDEX,data/daily_price/daily_price_20240329.csv,87.6,86.99,86.3643,86.3643,87.0312,-0.4561,-0.2286,1.3937,,,88237.25,1.2494,88.9,88.9,88.9,86.0,85.3,85.3,0.3564,1.0835,1.0835,0.3088,-1.7998,-1.7998,-1.7998,2.3447,2.3447
20240401,6464,台數科,TWSE,87.4,87.4,87.0,87.4,81330.0,7100109.0,TWSE_RWD_JSON_MI_INDEX,data/daily_price/daily_price_20240401.csv,87.56,87.055,86.3825,86.3825,87.062,0.1145,-0.2283,1.5099,,,88343.6,0.9206,88.9,88.9,88.9,86.0,85.3,85.3,0.3963,1.178,1.178,0.3883,-1.6873,-1.6873,-1.6873,2.4619,2.4619
20240402,6464,台數科,TWSE,87.6,88.1,87.0,87.2,119049.0,10412585.0,TWSE_RWD_JSON_MI_INDEX,data/daily_price/daily_price_20240402.csv,87.46,87.105,86.3966,86.3966,87.0735,-0.2288,-0.5701,1.1601,,,89128.25,1.3357,88.9,88.9,88.9,86.1,85.3,85.3,0.1091,0.93,0.93,0.1453,-1.9123,-1.9123,-1.9123,2.2274,2.2274
20240403,6464,台數科,TWSE,87.3,87.4,86.8,87.2,87216.0,7609617.0,TWSE_RWD_JSON_MI_INDEX,data/daily_price/daily_price_20240403.csv,87.36,87.155,86.4102,86.4102,87.084,0.0,-0.5701,1.1601,,,90816.2,0.9604,88.9,88.9,88.9,86.1,85.3,85.3,0.0516,0.914,0.914,0.1332,-1.9123,-1.9123,-1.9123,2.2274,2.2274
20240408,6464,台數科,TWSE,87.2,87.2,86.7,87.1,56754.0,4940924.0,TWSE_RWD_JSON_MI_INDEX,data/daily_price/daily_price_20240408.csv,87.24,87.195,86.4217,86.4217,87.0854,-0.1147,-0.6842,0.927,,,91726.15,0.6187,88.9,88.9,88.9,86.1,85.3,85.3,-0.109,0.7849,0.7849,0.0168,-2.0247,-2.0247,-2.0247,2.1102,2.1102
20240409,6464,台數科,TWSE,87.0,87.6,86.9,87.5,157784.0,13773579.0,TWSE_RWD_CSV_MI_INDEX,data/daily_price/daily_price_20240409.csv,87.28,87.26,86.4467,86.4393,87.1199,0.4592,0.2291,1.5081,1.7442,,98347.2,1.6044,88.9,88.9,88.9,86.2,85.3,85.3,0.275,1.2185,1.2271,0.4363,-1.5748,-1.5748,-1.5748,2.5791,2.5791
20240410,6464,台數科,TWSE,87.3,87.5,86.9,87.2,127582.0,11130905.0,TWSE_RWD_JSON_MI_INDEX,data/daily_price/daily_price_20240410.csv,87.24,87.305,86.4683,86.4516,87.1266,-0.3429,-0.2288,1.0429,1.5134,,99696.05,1.2797,88.9,88.9,88.9,86.3,85.3,85.3,-0.1203,0.8462,0.8657,0.0843,-1.9123,-1.9123,-1.9123,2.2274,2.2274
20240411,6464,台數科,TWSE,87.2,87.3,86.8,87.1,123333.0,10734092.0,TWSE_RWD_JSON_MI_INDEX,data/daily_price/daily_price_20240411.csv,87.22,87.335,86.4867,86.4619,87.1244,-0.1147,-0.1147,0.6936,1.2791,,102441.9,1.2039,88.9,88.9,88.9,86.3,85.3,85.3,-0.2691,0.7092,0.738,-0.028,-2.0247,-2.0247,-2.0247,2.1102,2.1102
20240412,6464,台數科,TWSE,87.2,87.2,86.0,86.8,82658.0,7153455.0,TWSE_RWD_JSON_MI_INDEX,data/daily_price/daily_price_20240412.csv,87.14,87.315,86.5,86.4672,87.0973,-0.3444,-0.4587,-0.4587,0.9302,,93704.9,0.8821,88.1,88.9,88.9,86.0,85.3,85.3,-0.5898,0.3468,0.3849,-0.3414,-1.4756,-2.3622,-2.3622,1.7585,1.7585
20240415,6464,台數科,TWSE,86.4,87.0,85.9,85.9,228230.0,19736785.0,TWSE_RWD_JSON_MI_INDEX,data/daily_price/daily_price_20240415.csv,86.9,87.255,86.5,86.4585,86.9976,-1.0369,-1.3777,-1.3777,0.0,,102596.9,2.2245,88.1,88.9,88.9,85.9,85.3,85.3,-1.5529,-0.6936,-0.6459,-1.2616,-2.4972,-3.3746,-3.3746,0.7034,0.7034
20240416,6464,台數科,TWSE,85.7,86.0,85.4,85.9,52189.0,4471148.0,TWSE_RWD_JSON_MI_INDEX,data/daily_price/daily_price_20240416.csv,86.58,87.205,86.4983,86.45,86.9061,0.0,-1.8286,-1.1507,-0.1163,,100497.05,0.5193,88.1,88.9,88.9,85.4,85.3,85.3,-1.4965,-0.6917,-0.6362,-1.1577,-2.4972,-3.3746,-3.3746,0.7034,0.7034
20240417,6464,台數科,TWSE,86.0,87.4,85.8,86.9,95171.0,8237506.0,TWSE_RWD_JSON_MI_INDEX,data/daily_price/daily_price_20240417.csv,86.52,87.19,86.5117,86.4567,86.9056,1.1641,-0.344,-0.344,0.9292,,100919.9,0.943,88.1,88.9,88.9,85.4,85.3,85.3,-0.3326,0.4489,0.5127,-0.0064,-1.3621,-2.2497,-2.2497,1.8757,1.8757
20240418,6464,台數科,TWSE,86.1,87.7,85.9,86.0,140180.0,12120439.0,TWSE_RWD_JSON_MI_INDEX,data/daily_price/daily_price_20240418.csv,86.3,87.125,86.5133,86.45,86.8301,-1.0357,-1.2629,-1.4891,0.1164,,104361.6,1.3432,88.1,88.9,88.9,85.4,85.3,85.3,-1.2912,-0.5934,-0.5205,-0.956,-2.3837,-3.2621,-3.2621,0.8206,0.8206
20240419,6464,台數科,TWSE,86.0,86.2,85.5,85.6,83664.0,7178495.0,TWSE_RWD_JSON_MI_INDEX,data/daily_price/daily_price_20240419.csv,86.06,87.04,86.5083,86.4377,86.7276,-0.4651,-1.3825,-1.9473,-0.3492,,104068.6,0.8039,88.1,88.9,88.9,85.4,85.3,85.3,-1.6544,-1.05,-0.9691,-1.3002,-2.8377,-3.712,-3.712,0.3517,0.3517
20240422,6464,台數科,TWSE,86.0,86.3,85.6,85.8,20010.0,1717957.0,TWSE_RWD_JSON_MI_INDEX,data/daily_price/daily_price_20240422.csv,86.04,86.955,86.51,86.4286,86.6503,0.2336,-0.1164,-1.9429,0.1167,,102657.6,0.1949,88.1,88.9,88.9,85.4,85.3,85.3,-1.3283,-0.8207,-0.7273,-0.9813,-2.6107,-3.4871,-3.4871,0.5862,0.5862
20240423,6464,台數科,TWSE,85.5,86.5,85.5,86.4,94778.0,8162038.0,TWSE_RWD_JSON_MI_INDEX,data/daily_price/daily_price_20240423.csv,86.14,86.9,86.5233,86.4282,86.6295,0.6993,0.5821,-1.2571,0.9346,,102319.85,0.9263,88.1,88.9,88.9,85.4,85.3,85.3,-0.5754,-0.1425,-0.0326,-0.2649,-1.9296,-2.8121,-2.8121,1.2896,1.2896
20240424,6464,台數科,TWSE,86.4,87.5,85.4,85.7,190636.0,16449412.0,TWSE_RWD_JSON_MI_INDEX,data/daily_price/daily_price_20240424.csv,85.9,86.805,86.53,86.4181,86.552,-0.8102,-1.3809,-2.1689,0.4689,,106797.9,1.785,88.1,88.9,88.9,85.4,85.3,85.3,-1.273,-0.9592,-0.8309,-0.9844,-2.7242,-3.5996,-3.5996,0.4689,0.4689
20240425,6464,台數科,TWSE,86.3,86.3,85.5,85.5,55591.0,4761323.0,TWSE_RWD_JSON_MI_INDEX,data/daily_price/daily_price_20240425.csv,85.8,86.695,86.5317,86.4055,86.4643,-0.2334,-0.5814,-2.5086,0.1171,,104025.55,0.5344,88.1,88.9,88.9,85.4,85.3,85.3,-1.3784,-1.1922,-1.0479,-1.1153,-2.9512,-3.8245,-3.8245,0.2345,0.2345
20240426,6464,台數科,TWSE,86.0,86.0,85.5,85.6,23919.0,2048976.0,TWSE_RWD_JSON_MI_INDEX,data/daily_price/daily_price_20240426.csv,85.8,86.59,86.5283,86.3946,86.3923,0.117,0.0,-2.3945,-0.2331,,99943.4,0.2393,88.1,88.9,88.9,85.4,85.4,85.3,-1.1433,-1.0729,-0.9197,-0.9171,-2.8377,-3.712,-3.712,0.2342,0.3517
20240429,6464,台數科,TWSE,85.6,86.3,85.5,85.6,90012.0,7717619.0,TWSE_RWD_JSON_MI_INDEX,data/daily_price/daily_price_20240429.csv,85.76,86.485,86.5183,86.384,86.3263,0.0,-0.2331,-2.3945,-0.6961,,101016.5,0.8911,88.1,88.9,88.9,85.4,85.4,85.3,-1.0233,-1.0614,-0.9076,-0.8413,-2.8377,-3.712,-3.712,0.2342,0.3517
20240430,6464,台數科,TWSE,85.6,85.9,85.5,85.9,51991.0,4454463.0,TWSE_RWD_JSON_MI_INDEX,data/daily_price/daily_price_20240430.csv,85.66,86.415,86.5133,86.3776,86.2908,0.3505,-0.5787,-1.6037,-0.348,,98103.85,0.53,88.1,88.9,88.9,85.4,85.4,85.3,-0.596,-0.7089,-0.553,-0.4528,-2.4972,-3.3746,-3.3746,0.5855,0.7034
20240502,6464,台數科,TWSE,85.6,85.9,85.4,85.7,29926.0,2562888.0,TWSE_RWD_JSON_MI_INDEX,data/daily_price/daily_price_20240502.csv,85.66,86.33,86.505,86.3688,86.2415,-0.2328,0.0,-1.9451,-0.58,,95533.65,0.3133,88.1,88.9,88.9,85.4,85.4,85.3,-0.7298,-0.9306,-0.7744,-0.6279,-2.7242,-3.5996,-3.5996,0.3513,0.4689
20240503,6464,台數科,TWSE,85.8,86.0,85.0,85.8,212066.0,18150661.0,TWSE_RWD_JSON_MI_INDEX,data/daily_price/daily_price_20240503.csv,85.72,86.26,86.4967,86.3615,86.2047,0.1167,0.3509,-1.6055,-0.5794,,100184.5,2.1168,87.7,88.9,88.9,85.0,85.0,85.0,-0.5333,-0.8054,-0.6502,-0.4695,-2.1665,-3.4871,-3.4871,0.9412,0.9412
20240506,6464,台數科,TWSE,85.7,86.0,84.8,86.0,216964.0,18527512.0,TWSE_RWD_JSON_MI_INDEX,data/daily_price/daily_price_20240506.csv,85.8,86.2,86.4933,86.357,86.1877,0.2331,0.4673,-1.3761,-0.232,,106671.9,2.0339,87.7,88.9,88.9,84.8,84.8,84.8,-0.232,-0.5704,-0.4134,-0.2177,-1.9384,-3.2621,-3.2621,1.4151,1.4151
20240507,6464,台數科,TWSE,85.2,85.4,84.7,85.4,182177.0,15513902.0,TWSE_RWD_JSON_MI_INDEX,data/daily_price/daily_price_20240507.csv,85.76,86.115,86.4817,86.345,86.122,-0.6977,-0.2336,-1.9518,-0.813,,112943.05,1.613,87.7,88.9,88.9,84.7,84.7,84.7,-0.8303,-1.2507,-1.0944,-0.8384,-2.6226,-3.937,-3.937,0.8264,0.8264
20240508,6464,台數科,TWSE,85.1,85.5,84.4,84.8,337222.0,28596260.0,TWSE_RWD_JSON_MI_INDEX,data/daily_price/daily_price_20240508.csv,85.54,85.98,86.4617,86.3259,86.0119,-0.7026,-1.2806,-3.0857,-1.3953,,121914.95,2.766,87.7,88.9,88.9,84.4,84.4,84.4,-1.3724,-1.9219,-1.7676,-1.4089,-3.3067,-4.6119,-4.6119,0.4739,0.4739
20240509,6464,台數科,TWSE,85.2,85.3,84.8,85.3,22312.0,1901864.0,TWSE_RWD_JSON_MI_INDEX,data/daily_price/daily_price_20240509.csv,85.46,85.885,86.45,86.3134,85.9525,0.5896,-0.4667,-2.1789,-0.814,,116651.45,0.1913,87.7,88.9,88.9,84.4,84.4,84.4,-0.6811,-1.3302,-1.1741,-0.7592,-2.7366,-4.0495,-4.0495,1.0664,1.0664
20240510,6464,台數科,TWSE,85.5,85.5,84.9,84.9,127737.0,10878118.0,TWSE_RWD_JSON_MI_INDEX,data/daily_price/daily_price_20240510.csv,85.28,85.775,86.4267,86.2964,85.8648,-0.4689,-1.049,-2.5258,-1.6222,,116871.65,1.093,87.7,88.9,88.9,84.4,84.4,84.4,-1.0201,-1.7664,-1.6181,-1.1237,-3.1927,-4.4994,-4.4994,0.5924,0.5924
20240513,6464,台數科,TWSE,84.9,85.4,84.9,85.1,24824.0,2115744.0,TWSE_RWD_JSON_MI_INDEX,data/daily_price/daily_price_20240513.csv,85.1,85.69,86.4067,86.2821,85.8011,0.2356,-1.0465,-1.9585,-1.3905,,113979.95,0.2178,87.7,88.9,88.9,84.4,84.4,84.4,-0.6885,-1.5122,-1.3701,-0.8171,-2.9647,-4.2745,-4.2745,0.8294,0.8294
20240514,6464,台數科,TWSE,85.1,85.4,84.9,85.0,83333.0,7089587.0,TWSE_RWD_JSON_MI_INDEX,data/daily_price/daily_price_20240514.csv,85.02,85.645,86.3883,86.2671,85.7343,-0.1175,-0.4684,-1.0477,-1.2776,,106735.1,0.7807,87.7,88.9,88.9,84.4,84.4,84.4,-0.7531,-1.6071,-1.4688,-0.8565,-3.0787,-4.387,-4.387,0.7109,0.7109
20240515,6464,台數科,TWSE,85.3,85.3,85.0,85.1,78569.0,6688998.0,TWSE_RWD_JSON_MI_INDEX,data/daily_price/daily_price_20240515.csv,85.08,85.605,86.3717,86.2535,85.6815,0.1176,0.3538,-0.9313,-1.1614,,108054.1,0.7271,87.7,88.9,88.9,84.4,84.4,84.4,-0.5899,-1.4723,-1.3373,-0.6786,-2.9647,-4.2745,-4.2745,0.8294,0.8294
20240516,6464,台數科,TWSE,85.4,85.4,84.9,85.1,78136.0,6649322.0,TWSE_RWD_JSON_MI_INDEX,data/daily_price/daily_price_20240516.csv,85.04,85.515,86.3567,86.2402,85.633,0.0,-0.2345,-2.0713,-1.0465,,107202.35,0.7289,87.7,88.9,88.9,84.4,84.4,84.4,-0.4853,-1.4552,-1.3222,-0.6224,-2.9647,-4.2745,-4.2745,0.8294,0.8294
20240517,6464,台數科,TWSE,85.1,85.3,85.0,85.0,62059.0,5278763.0,TWSE_RWD_JSON_MI_INDEX,data/daily_price/daily_price_20240517.csv,85.06,85.465,86.34,86.2261,85.5803,-0.1175,0.1178,-1.1628,-1.1628,,103296.3,0.6008,87.5,88.9,88.9,84.4,84.4,84.4,-0.5441,-1.552,-1.422,-0.678,-2.8571,-4.387,-4.387,0.7109,0.7109
20240520,6464,台數科,TWSE,85.7,85.7,85.0,85.2,45221.0,3851157.0,TWSE_RWD_JSON_MI_INDEX,data/daily_price/daily_price_20240520.csv,85.08,85.445,86.325,86.2146,85.5486,0.2353,0.1175,-0.4673,-1.0453,,101374.15,0.4461,87.5,88.9,88.9,84.4,84.4,84.4,-0.2867,-1.3032,-1.1768,-0.4075,-2.6286,-4.162,-4.162,0.9479,0.9479
20240521,6464,台數科,TWSE,85.2,85.2,84.9,85.0,30112.0,2559927.0,TWSE_RWD_JSON_MI_INDEX,data/daily_price/daily_price_20240521.csv,85.08,85.405,86.3067,86.2011,85.5029,-0.2347,0.0,-0.9324,-1.2776,,101879.25,0.2956,87.5,88.9,88.9,84.4,84.4,84.4,-0.4742,-1.514,-1.3934,-0.5881,-2.8571,-4.387,-4.387,0.7109,0.7109
20240522,6464,台數科,TWSE,85.0,85.4,85.0,85.2,51795.0,4406177.0,TWSE_RWD_JSON_MI_INDEX,data/daily_price/daily_price_20240522.csv,85.1,85.345,86.2883,86.1901,85.4776,0.2353,0.1175,-1.3889,-1.2746,,99730.1,0.5194,87.5,88.9,88.9,84.4,84.4,84.4,-0.1699,-1.2613,-1.1488,-0.3248,-2.6286,-4.162,-4.162,0.9479,0.9479
20240523,6464,台數科,TWSE,85.2,85.2,84.8,84.8,46184.0,3928020.0,TWSE_RWD_JSON_MI_INDEX,data/daily_price/daily_price_20240523.csv,85.04,85.3,86.265,86.175,85.4212,-0.4695,-0.3525,-1.0502,-1.6241,,92507.5,0.4992,86.3,88.9,88.9,84.4,84.4,84.4,-0.5862,-1.6983,-1.5956,-0.7272,-1.7381,-4.6119,-4.6119,0.4739,0.4739
20240524,6464,台數科,TWSE,85.5,85.5,84.8,85.2,41726.0,3551755.0,TWSE_RWD_JSON_MI_INDEX,data/daily_price/daily_price_20240524.csv,85.08,85.285,86.2483,86.1645,85.4027,0.4717,0.2353,-0.3509,-1.1601,,91814.25,0.4545,86.3,88.9,88.9,84.4,84.4,84.4,-0.0997,-1.2155,-1.1194,-0.2374,-1.2746,-4.162,-4.162,0.9479,0.9479
20240527,6464,台數科,TWSE,85.5,85.5,85.0,85.1,29317.0,2497620.0,TWSE_RWD_JSON_MI_INDEX,data/daily_price/daily_price_20240527.csv,85.06,85.26,86.2317,86.1532,85.3775,-0.1174,-0.1174,-0.5841,-1.1614,,92084.15,0.3184,86.3,88.9,88.9,84.4,84.4,84.4,-0.1877,-1.3124,-1.2225,-0.325,-1.3905,-4.2745,-4.2745,0.8294,0.8294
20240528,6464,台數科,TWSE,85.8,85.8,85.1,85.1,46442.0,3957131.0,TWSE_RWD_JSON_MI_INDEX,data/daily_price/daily_price_20240528.csv,85.08,85.235,86.2167,86.1421,85.3544,0.0,0.1176,-0.5841,-1.0465,,89905.65,0.5166,86.0,88.9,88.9,84.4,84.4,84.4,-0.1584,-1.2952,-1.2098,-0.298,-1.0465,-4.2745,-4.2745,0.8294,0.8294
20240529,6464,台數科,TWSE,85.2,85.4,85.2,85.2,6139.0,523277.0,TWSE_RWD_JSON_MI_INDEX,data/daily_price/daily_price_20240529.csv,85.08,85.2,86.2017,86.1323,85.3415,0.1175,0.0,-0.8149,-1.0453,,87613.05,0.0701,86.0,88.9,88.9,84.4,84.4,84.4,0.0,-1.162,-1.0824,-0.1658,-0.9302,-4.162,-4.162,0.9479,0.9479
20240530,6464,台數科,TWSE,85.4,85.4,84.9,85.0,17189.0,1463323.0,TWSE_RWD_JSON_MI_INDEX,data/daily_price/daily_price_20240530.csv,85.12,85.165,86.1833,86.1206,85.3131,-0.2347,0.2358,-0.8168,-1.2776,,86976.2,0.1976,86.0,88.9,88.9,84.4,84.4,84.4,-0.1937,-1.373,-1.3012,-0.3669,-1.1628,-4.387,-4.387,0.7109,0.7109
20240531,6464,台數科,TWSE,85.3,85.3,85.0,85.3,10303.0,877859.0,TWSE_RWD_JSON_MI_INDEX,data/daily_price/daily_price_20240531.csv,85.14,85.14,86.1683,86.1122,85.312,0.3529,0.1174,-0.5828,-1.0441,,76888.05,0.134,86.0,88.9,88.9,84.4,84.4,84.4,0.1879,-1.0077,-0.9432,-0.014,-0.814,-4.0495,-4.0495,1.0664,1.0664
20240603,6464,台數科,TWSE,85.3,85.6,85.2,85.4,28292.0,2415128.0,TWSE_RWD_JSON_MI_INDEX,data/daily_price/daily_price_20240603.csv,85.2,85.11,86.155,86.1051,85.3193,0.1172,0.3525,-0.6977,-0.9281,,67454.45,0.4194,85.8,88.9,88.9,84.4,84.4,84.4,0.3407,-0.8763,-0.8188,0.0946,-0.4662,-3.937,-3.937,1.1848,1.1848
20240604,6464,台數科,TWSE,85.3,85.5,85.1,85.5,25050.0,2137174.0,TWSE_RWD_JSON_MI_INDEX,data/daily_price/daily_price_20240604.csv,85.28,85.115,86.1417,86.099,85.3344,0.1171,0.47,0.1171,-0.927,,59598.1,0.4203,85.8,88.9,88.9,84.4,84.4,84.4,0.4523,-0.7449,-0.6957,0.1941,-0.3497,-3.8245,-3.8245,1.3033,1.3033
20240605,6464,台數科,TWSE,85.8,85.8,85.1,85.5,29084.0,2484994.0,TWSE_RWD_JSON_MI_INDEX,data/daily_price/daily_price_20240605.csv,85.34,85.15,86.13,86.0931,85.3482,0.0,0.3521,0.8255,-0.8121,,44191.2,0.6581,85.8,88.9,88.9,84.8,84.4,84.4,0.411,-0.7315,-0.6889,0.1779,-0.3497,-3.8245,-3.8245,1.3033,1.3033
20240606,6464,台數科,TWSE,85.2,85.7,85.0,85.5,57518.0,4901161.0,TWSE_RWD_JSON_MI_INDEX,data/daily_price/daily_price_20240606.csv,85.44,85.16,86.1167,86.0873,85.3608,0.0,0.5882,0.2345,-0.927,,45951.5,1.2517,85.8,88.9,88.9,84.8,84.4,84.4,0.3992,-0.7161,-0.6822,0.1631,-0.3497,-3.8245,-3.8245,1.3033,1.3033
20240607,6464,台數科,TWSE,85.1,85.4,85.0,85.3,32215.0,2742326.0,TWSE_RWD_JSON_MI_INDEX,data/daily_price/daily_price_20240607.csv,85.44,85.18,86.0967,86.0796,85.3557,-0.2339,0.0,0.4711,-1.3873,,41175.4,0.7824,85.8,88.9,88.9,84.8,84.4,84.4,0.1409,-0.9253,-0.9057,-0.0653,-0.5828,-4.0495,-4.0495,1.0664,1.0664
20240611,6464,台數科,TWSE,85.0,85.4,84.8,84.9,26520.0,2251779.0,TWSE_RWD_JSON_MI_INDEX,data/daily_price/daily_price_20240611.csv,85.34,85.17,86.0583,86.0683,85.3178,-0.4689,-0.5855,-0.235,-2.6376,,41260.2,0.6428,85.8,88.1,88.9,84.8,84.4,84.4,-0.317,-1.346,-1.3574,-0.4897,-1.049,-3.6322,-4.4994,0.5924,0.5924
20240612,6464,台數科,TWSE,84.8,85.1,84.7,84.7,20694.0,1755652.0,TWSE_RWD_JSON_MI_INDEX,data/daily_price/daily_price_20240612.csv,85.18,85.155,86.0183,86.0552,85.2663,-0.2356,-0.9357,-0.3529,-2.7555,,38128.25,0.5427,85.8,88.1,88.9,84.7,84.4,84.4,-0.5343,-1.5326,-1.5748,-0.6641,-1.2821,-3.8593,-4.7244,0.3555,0.3555
20240613,6464,台數科,TWSE,84.7,84.9,84.5,84.6,44284.0,3746019.0,TWSE_RWD_JSON_MI_INDEX,data/daily_price/daily_price_20240613.csv,85.0,85.13,85.98,86.0415,85.2108,-0.1181,-1.0526,-0.5875,-2.6467,,36414.0,1.2161,85.8,88.1,88.9,84.5,84.4,84.4,-0.6226,-1.605,-1.6754,-0.7168,-1.3986,-3.9728,-4.8369,0.237,0.237
20240614,6464,台數科,TWSE,84.6,84.7,84.4,84.7,32016.0,2705471.0,TWSE_RWD_JSON_MI_INDEX,data/daily_price/daily_price_20240614.csv,84.84,85.11,85.9383,86.029,85.1682,0.1182,-0.9357,-0.47,-2.867,,34108.0,0.9387,85.8,88.1,88.9,84.4,84.4,84.4,-0.4817,-1.441,-1.5448,-0.5497,-1.2821,-3.8593,-4.7244,0.3555,0.3555
20240617,6464,台數科,TWSE,84.8,84.8,84.5,84.6,27242.0,2305286.0,TWSE_RWD_JSON_MI_INDEX,data/daily_price/daily_price_20240617.csv,84.7,85.09,85.8933,86.0157,85.1208,-0.1181,-0.8206,-0.4706,-3.0928,,32367.15,0.8417,85.8,88.1,88.9,84.4,84.4,84.4,-0.5759,-1.5057,-1.6459,-0.6119,-1.3986,-3.9728,-4.8369,0.237,0.237
20240618,6464,台數科,TWSE,84.6,84.9,84.4,84.9,31802.0,2689759.0,TWSE_RWD_JSON_MI_INDEX,data/daily_price/daily_price_20240618.csv,84.7,85.075,85.8533,86.0055,85.1024,0.3546,0.0,-0.3521,-2.7491,,31696.2,1.0033,85.8,88.1,88.9,84.4,84.4,84.4,-0.2057,-1.1104,-1.2854,-0.2379,-1.049,-3.6322,-4.4994,0.5924,0.5924
20240619,6464,台數科,TWSE,84.6,85.6,84.6,85.6,81386.0,6909637.0,TWSE_RWD_JSON_MI_INDEX,data/daily_price/daily_price_20240619.csv,84.88,85.105,85.8217,86.0018,85.1439,0.8245,1.0626,0.7059,-2.1714,,34259.9,2.3755,85.8,88.1,88.9,84.4,84.4,84.4,0.5816,-0.2583,-0.4672,0.5357,-0.2331,-2.8377,-3.712,1.4218,1.4218
20240620,6464,台數科,TWSE,84.9,85.6,84.5,85.2,89894.0,7630299.0,TWSE_RWD_JSON_MI_INDEX,data/daily_price/daily_price_20240620.csv,85.0,85.105,85.7833,85.9946,85.1486,-0.4673,0.7092,0.0,-2.6286,,36164.85,2.4857,85.8,88.1,88.9,84.4,84.4,84.4,0.1116,-0.68,-0.924,0.0604,-0.6993,-3.2917,-4.162,0.9479,0.9479
20240621,6464,台數科,TWSE,84.8,85.2,84.4,85.2,72826.0,6168850.0,TWSE_RWD_JSON_MI_INDEX,data/daily_price/daily_price_20240621.csv,85.1,85.125,85.7433,85.9875,85.1529,0.0,0.5903,0.4717,-2.7397,,37496.95,1.9422,85.8,88.1,88.9,84.4,84.4,84.4,0.0881,-0.6337,-0.9158,0.0554,-0.6993,-3.2917,-4.162,0.9479,0.9479
20240624,6464,台數科,TWSE,84.6,85.1,84.5,84.8,66924.0,5667949.0,TWSE_RWD_JSON_MI_INDEX,data/daily_price/daily_price_20240624.csv,85.14,85.105,85.695,85.977,85.1235,-0.4695,0.2364,-0.4695,-3.3067,,38756.85,1.7268,85.8,88.1,88.9,84.4,84.4,84.4,-0.3584,-1.0444,-1.369,-0.38,-1.1655,-3.7457,-4.6119,0.4739,0.4739
20240625,6464,台數科,TWSE,85.2,85.2,84.4,85.2,73271.0,6210735.0,TWSE_RWD_JSON_MI_INDEX,data/daily_price/daily_price_20240625.csv,85.2,85.11,85.6533,85.9702,85.1298,0.4717,0.3534,0.1175,-2.8506,,40954.55,1.7891,85.8,88.1,88.9,84.4,84.4,84.4,0.1057,-0.5293,-0.8959,0.0824,-0.6993,-3.2917,-4.162,0.9479,0.9479
20240626,6464,台數科,TWSE,85.0,85.2,84.4,84.7,113492.0,9608618.0,TWSE_RWD_JSON_MI_INDEX,data/daily_price/daily_price_20240626.csv,85.02,85.09,85.6033,85.9591,85.094,-0.5869,-1.0514,-0.47,-3.4208,,44307.05,2.5615,85.8,88.1,88.9,84.4,84.4,84.4,-0.4583,-1.0553,-1.4648,-0.463,-1.2821,-3.8593,-4.7244,0.3555,0.3555
20240627,6464,台數科,TWSE,84.5,85.0,84.4,85.0,41413.0,3509598.0,TWSE_RWD_JSON_MI_INDEX,data/daily_price/daily_price_20240627.csv,84.98,85.08,85.565,85.9509,85.0862,0.3542,-0.2347,-0.2347,-2.6346,,46070.75,0.8989,85.8,88.1,88.9,84.4,84.4,84.4,-0.094,-0.6603,-1.1063,-0.1013,-0.9324,-3.5187,-4.387,0.7109,0.7109
20240628,6464,台數科,TWSE,84.5,85.1,84.4,84.8,95603.0,8085046.0,TWSE_RWD_JSON_MI_INDEX,data/daily_price/daily_price_20240628.csv,84.9,85.07,85.5217,85.941,85.0623,-0.2353,-0.4695,-0.2353,-2.9748,,49991.45,1.9124,85.8,88.1,88.9,84.4,84.4,84.4,-0.3174,-0.8438,-1.3277,-0.3084,-1.1655,-3.7457,-4.6119,0.4739,0.4739
20240701,6464,台數科,TWSE,84.8,84.9,84.1,84.7,65235.0,5506761.0,TWSE_RWD_JSON_MI_INDEX,data/daily_price/daily_price_20240701.csv,84.88,85.04,85.48,85.9305,85.0321,-0.1179,-0.1179,-0.7034,-2.867,,52738.05,1.237,85.8,87.7,88.9,84.1,84.1,84.1,-0.3998,-0.9125,-1.432,-0.3906,-1.2821,-3.4208,-4.7244,0.7134,0.7134
20240702,6464,台數科,TWSE,84.3,84.9,84.2,84.9,22278.0,1881829.0,TWSE_RWD_JSON_MI_INDEX,data/daily_price/daily_price_20240702.csv,84.82,85.015,85.4417,85.9218,85.0211,0.2361,-0.3521,-0.5855,-2.6376,,52437.35,0.4248,85.8,87.7,88.9,84.1,84.1,84.1,-0.1353,-0.634,-1.1893,-0.1425,-1.049,-3.1927,-4.4994,0.9512,0.9512
20240703,6464,台數科,TWSE,84.4,85.0,84.4,85.0,34300.0,2906200.0,TWSE_RWD_JSON_MI_INDEX,data/daily_price/daily_price_20240703.csv,84.88,84.99,85.4067,85.9142,85.0194,0.1178,0.3542,-0.5848,-2.411,,52899.85,0.6484,85.8,87.7,88.9,84.1,84.1,84.1,0.0118,-0.4762,-1.064,-0.0228,-0.9324,-3.0787,-4.387,1.0702,1.0702
20240704,6464,台數科,TWSE,84.6,85.0,84.6,84.9,424814.0,35910242.0,TWSE_RWD_JSON_MI_INDEX,data/daily_price/daily_price_20240704.csv,84.86,84.96,85.3633,85.905,85.0094,-0.1176,-0.1176,-0.7018,-2.9714,-1.2791,72686.35,5.8445,85.7,87.7,88.9,84.1,84.1,84.1,-0.0706,-0.5428,-1.1699,-0.1287,-0.9335,-3.1927,-4.4994,0.9512,0.9512
20240705,6464,台數科,TWSE,84.6,85.0,84.6,84.6,13591.0,1150399.0,TWSE_RWD_JSON_MI_INDEX,data/daily_price/daily_price_20240705.csv,84.82,84.915,85.32,85.8942,84.9753,-0.3534,-0.2358,-1.0526,-2.9817,-1.5134,70490.0,0.1928,85.6,87.7,88.9,84.1,84.1,84.1,-0.371,-0.8439,-1.5067,-0.4417,-1.1682,-3.5348,-4.8369,0.5945,0.5945
20240708,6464,台數科,TWSE,84.7,84.7,84.2,84.6,72781.0,6143665.0,TWSE_RWD_JSON_MI_INDEX,data/daily_price/daily_price_20240708.csv,84.8,84.88,85.2783,85.8825,84.944,0.0,-0.1181,-0.8206,-2.8703,-1.6279,72518.3,1.0036,85.6,87.7,88.9,84.1,84.1,84.1,-0.3299,-0.7954,-1.4933,-0.405,-1.1682,-3.5348,-4.8369,0.5945,0.5945
20240709,6464,台數科,TWSE,84.6,84.7,84.5,84.7,26907.0,2276664.0,TWSE_RWD_JSON_MI_INDEX,data/daily_price/daily_price_20240709.csv,84.76,84.87,85.2433,85.8717,84.9237,0.1182,-0.2356,-0.2356,-2.4194,-1.5116,72537.65,0.3709,85.6,87.7,88.9,84.1,84.1,84.1,-0.2003,-0.6374,-1.3644,-0.2634,-1.0514,-3.4208,-4.7244,0.7134,0.7134
20240710,6464,台數科,TWSE,84.7,84.8,84.6,84.6,29593.0,2505287.0,TWSE_RWD_JSON_MI_INDEX,data/daily_price/daily_price_20240710.csv,84.68,84.865,85.2217,85.8608,84.8967,-0.1181,-0.4706,-0.1181,-1.5134,-1.5134,72982.6,0.4055,85.6,87.7,88.9,84.1,84.1,84.1,-0.3123,-0.7295,-1.4685,-0.3495,-1.1682,-3.5348,-4.8369,0.5945,0.5945
20240711,6464,台數科,TWSE,84.9,85.0,84.6,84.9,64150.0,5441060.0,TWSE_RWD_JSON_MI_INDEX,data/daily_price/daily_price_20240711.csv,84.68,84.88,85.205,85.8517,84.897,0.3546,0.0,0.3546,-1.1641,-1.2791,73975.9,0.8672,85.6,87.7,88.9,84.1,84.1,84.1,0.0236,-0.358,-1.1085,0.0035,-0.8178,-3.1927,-4.4994,0.9512,0.9512
20240712,6464,台數科,TWSE,84.9,84.9,84.8,84.9,38021.0,3226282.0,TWSE_RWD_JSON_MI_INDEX,data/daily_price/daily_price_20240712.csv,84.74,84.89,85.1717,85.8417,84.8972,0.0,0.3546,0.2361,-2.3015,-1.3937,74276.15,0.5119,85.6,87.7,88.9,84.1,84.1,84.1,0.0118,-0.319,-1.097,0.0032,-0.8178,-3.1927,-4.4994,0.9512,0.9512
20240715,6464,台數科,TWSE,85.5,85.6,84.6,85.3,53348.0,4540375.0,TWSE_RWD_JSON_MI_INDEX,data/daily_price/daily_price_20240715.csv,84.88,84.925,85.16,85.8367,84.9308,0.4711,0.8274,0.8274,-0.814,-0.6985,75581.45,0.7058,85.6,87.5,88.9,84.1,84.1,84.1,0.4416,0.1644,-0.6252,0.4347,-0.3505,-2.5143,-4.0495,1.4269,1.4269
20240716,6464,台數科,TWSE,85.3,85.4,84.9,84.9,43350.0,3692429.0,TWSE_RWD_JSON_MI_INDEX,data/daily_price/daily_price_20240716.csv,84.92,84.925,85.1483,85.8283,84.9282,-0.4689,0.2361,0.0,-0.8178,-1.1641,76158.85,0.5692,85.6,87.5,88.9,84.1,84.1,84.1,-0.0294,-0.2916,-1.0816,-0.0332,-0.8178,-2.9714,-4.4994,0.9512,0.9512
20240717,6464,台數科,TWSE,84.9,85.3,84.8,85.2,49025.0,4170137.0,TWSE_RWD_JSON_MI_INDEX,data/daily_price/daily_price_20240717.csv,85.04,84.905,85.1383,85.8242,84.9509,0.3534,0.7092,-0.4673,-0.6993,-0.5834,74540.8,0.6577,85.6,87.5,88.9,84.1,84.1,84.1,0.3474,0.0724,-0.7273,0.2932,-0.4673,-2.6286,-4.162,1.308,1.308
20240718,6464,台數科,TWSE,85.2,85.2,84.7,85.0,39248.0,3339741.0,TWSE_RWD_JSON_MI_INDEX,data/daily_price/daily_price_20240718.csv,85.06,84.895,85.115,85.8192,84.955,-0.2347,0.1178,-0.2347,-1.6204,-0.7009,72008.5,0.545,85.6,87.5,88.9,84.1,84.1,84.1,0.1237,-0.1351,-0.9545,0.053,-0.7009,-2.8571,-4.387,1.0702,1.0702
20240719,6464,台數科,TWSE,85.0,85.2,84.8,85.0,78260.0,6646771.0,TWSE_RWD_JSON_MI_INDEX,data/daily_price/daily_price_20240719.csv,85.08,84.885,85.1033,85.8167,84.9587,0.0,0.1178,-0.2347,-0.8168,-0.3517,72280.2,1.0827,85.6,86.3,88.9,84.1,84.1,84.1,0.1355,-0.1214,-0.9516,0.0486,-0.7009,-1.5064,-4.387,1.0702,1.0702
20240722,6464,台數科,TWSE,85.1,85.1,84.6,85.1,406766.0,34404288.0,TWSE_RWD_JSON_MI_INDEX,data/daily_price/daily_price_20240722.csv,85.04,84.9,85.0967,85.8142,84.9705,0.1176,-0.2345,0.3538,-0.4678,-0.3513,89272.3,4.5565,85.6,86.3,88.9,84.1,84.1,84.1,0.2356,0.0039,-0.8322,0.1524,-0.5841,-1.3905,-4.2745,1.1891,1.1891
20240723,6464,台數科,TWSE,85.3,85.3,85.0,85.1,73621.0,6267758.0,TWSE_RWD_JSON_MI_INDEX,data/daily_price/daily_price_20240723.csv,85.08,84.895,85.0883,85.8083,84.9813,0.0,0.2356,-0.1174,-0.5841,-0.8159,89289.8,0.8245,85.6,86.3,88.9,84.1,84.1,84.1,0.2415,0.0137,-0.8255,0.1397,-0.5841,-1.3905,-4.2745,1.1891,1.1891
20240726,6464,台數科,TWSE,80.8,81.0,80.6,81.0,53196.0,4300707.0,TWSE_RWD_JSON_MI_INDEX,data/daily_price/daily_price_20240726.csv,84.24,84.71,85.0117,85.765,84.6495,-4.8179,-4.9296,-4.3684,-5.3738,-6.0325,86275.0,0.6166,85.6,86.0,88.9,80.6,80.6,80.6,-4.3796,-4.719,-5.5559,-4.3113,-5.3738,-5.814,-8.8864,0.4963,0.4963
20240729,6464,台數科,TWSE,81.0,81.2,80.5,81.0,51551.0,4165788.0,TWSE_RWD_JSON_MI_INDEX,data/daily_price/daily_price_20240729.csv,83.44,84.51,84.93,85.7217,84.3454,0.0,-4.7059,-4.7059,-5.7043,-6.0325,86781.9,0.594,85.6,86.0,88.9,80.5,80.5,80.5,-4.1534,-4.6273,-5.5081,-3.9663,-5.3738,-5.814,-8.8864,0.6211,0.6211
20240730,6464,台數科,TWSE,81.0,81.0,80.5,80.9,19009.0,1535993.0,TWSE_RWD_JSON_MI_INDEX,data/daily_price/daily_price_20240730.csv,82.62,84.315,84.85,85.6775,84.0583,-0.1235,-4.8235,-4.5991,-5.6009,-6.1485,82952.2,0.2292,85.6,86.0,88.9,80.5,80.5,80.5,-4.0503,-4.6553,-5.5761,-3.7572,-5.4907,-5.9302,-8.9989,0.4969,0.4969
20240731,6464,台數科,TWSE,80.5,81.0,80.5,81.0,11492.0,928674.0,TWSE_RWD_JSON_MI_INDEX,data/daily_price/daily_price_20240731.csv,81.8,84.13,84.77,85.6333,83.8034,0.1236,-4.8179,-4.3684,-5.5944,-6.1414,80265.05,0.1432,85.6,86.0,88.9,80.5,80.5,80.5,-3.7204,-4.4473,-5.4107,-3.3452,-5.3738,-5.814,-8.8864,0.6211,0.6211
20240801,6464,台數科,TWSE,81.1,81.5,81.0,81.3,31588.0,2565963.0,TWSE_RWD_JSON_MI_INDEX,data/daily_price/daily_price_20240801.csv,81.04,83.95,84.6917,85.5925,83.5948,0.3704,-4.4653,-4.2403,-5.4651,-5.6845,80730.55,0.3913,85.6,85.8,88.9,80.5,80.5,80.5,-3.1566,-4.0047,-5.015,-2.7451,-5.0234,-5.2448,-8.5489,0.9938,0.9938
20240802,6464,台數科,TWSE,81.0,81.3,80.8,80.8,20253.0,1640585.0,TWSE_RWD_JSON_MI_INDEX,data/daily_price/daily_price_20240802.csv,81.0,83.74,84.615,85.5483,83.3619,-0.615,-0.2469,-4.9412,-5.3864,-6.1556,80028.2,0.2531,85.6,85.8,88.9,80.5,80.5,80.5,-3.5109,-4.5087,-5.5505,-3.0732,-5.6075,-5.8275,-9.1114,0.3727,0.3727
20240805,6464,台數科,TWSE,80.2,80.2,75.3,78.3,102224.0,7965509.0,TWSE_RWD_JSON_MI_INDEX,data/daily_price/daily_price_20240805.csv,80.46,83.41,84.5067,85.4842,82.9401,-3.0941,-3.3333,-7.7739,-7.6651,-8.9535,63898.7,1.5998,85.6,85.8,88.9,75.3,75.3,75.3,-6.1264,-7.3446,-8.4041,-5.5945,-8.528,-8.7413,-11.9235,3.9841,3.9841
20240806,6464,台數科,TWSE,78.5,79.8,77.4,79.8,49632.0,3893508.0,TWSE_RWD_JSON_MI_INDEX,data/daily_price/daily_price_20240806.csv,80.24,83.17,84.415,85.4325,82.6784,1.9157,-1.3597,-5.6738,-6.4478,-7.2093,65700.75,0.7554,85.6,85.8,88.9,75.3,75.3,75.3,-4.0519,-5.467,-6.5929,-3.4814,-6.7757,-6.993,-10.2362,5.9761,5.9761
20240807,6464,台數科,TWSE,78.2,80.1,78.2,80.1,28930.0,2299693.0,TWSE_RWD_JSON_MI_INDEX,data/daily_price/daily_price_20240807.csv,80.06,82.945,84.335,85.3808,82.4635,0.3759,-1.1111,-5.3191,-5.6537,-7.1842,63508.2,0.4555,85.6,85.8,88.9,75.3,75.3,75.3,-3.43,-5.0216,-6.185,-2.8662,-6.4252,-6.6434,-9.8988,6.3745,6.3745
20240808,6464,台數科,TWSE,79.1,79.9,79.1,79.9,20049.0,1590574.0,TWSE_RWD_JSON_MI_INDEX,data/daily_price/daily_price_20240808.csv,79.78,82.705,84.2483,85.3275,82.2499,-0.2497,-1.722,-5.6671,-6.1105,-7.416,63165.3,0.3174,85.6,85.8,88.9,75.3,75.3,75.3,-3.3916,-5.1613,-6.3608,-2.857,-6.6589,-6.8765,-10.1237,6.1089,6.1089
20240809,6464,台數科,TWSE,80.3,81.2,80.3,80.5,39150.0,3158704.0,TWSE_RWD_JSON_MI_INDEX,data/daily_price/daily_price_20240809.csv,79.72,82.5,84.1733,85.2808,82.1041,0.7509,-0.3713,-4.8463,-5.2941,-6.5041,63643.15,0.6151,85.6,85.8,88.9,75.3,75.3,75.3,-2.4242,-4.364,-5.606,-1.9537,-5.9579,-6.1772,-9.4488,6.9057,6.9057
20240812,6464,台數科,TWSE,80.5,80.9,80.3,80.4,10026.0,807608.0,TWSE_RWD_JSON_MI_INDEX,data/daily_price/daily_price_20240812.csv,80.14,82.275,84.095,85.2333,81.9621,-0.1242,2.682,-5.3004,-5.5229,-6.6202,60936.95,0.1645,85.6,85.8,88.9,75.3,75.3,75.3,-2.2789,-4.3938,-5.6707,-1.9059,-6.0748,-6.2937,-9.5613,6.7729,6.7729
20240813,6464,台數科,TWSE,80.6,80.8,80.0,80.8,31145.0,2506469.0,TWSE_RWD_JSON_MI_INDEX,data/daily_price/daily_price_20240813.csv,80.34,82.07,84.0233,85.19,81.8652,0.4975,1.2531,-4.8292,-5.0529,-6.0465,60593.15,0.514,85.6,85.8,88.9,75.3,75.3,75.3,-1.5475,-3.8362,-5.1532,-1.3012,-5.6075,-5.8275,-9.1114,7.3041,7.3041
20240814,6464,台數科,TWSE,80.8,80.8,80.4,80.8,21118.0,1701504.0,TWSE_RWD_JSON_MI_INDEX,data/daily_price/daily_price_20240814.csv,80.48,81.845,83.9533,85.1467,81.7765,0.0,0.8739,-5.2755,-4.9412,-6.0465,58981.65,0.358,85.4,85.8,88.9,75.3,75.3,75.3,-1.2768,-3.7561,-5.1049,-1.1941,-5.3864,-5.8275,-9.1114,7.3041,7.3041
20240815,6464,台數科,TWSE,80.5,80.8,80.3,80.8,40000.0,3223700.0,TWSE_RWD_JSON_MI_INDEX,data/daily_price/daily_price_20240815.csv,80.66,81.64,83.88,85.1025,81.6951,0.0,1.1264,-4.8292,-5.1643,-6.1556,58814.15,0.6801,85.3,85.8,88.9,75.3,75.3,75.3,-1.0289,-3.6719,-5.0557,-1.0957,-5.2755,-5.8275,-9.1114,7.3041,7.3041
20240816,6464,台數科,TWSE,80.6,80.8,80.4,80.8,58756.0,4736570.0,TWSE_RWD_JSON_MI_INDEX,data/daily_price/daily_price_20240816.csv,80.72,81.42,83.81,85.0583,81.6205,0.0,0.3727,-5.1643,-4.9412,-6.1556,59300.7,0.9908,85.3,85.8,88.9,75.3,75.3,75.3,-0.7615,-3.5915,-5.0064,-1.0053,-5.2755,-5.8275,-9.1114,7.3041,7.3041
20240819,6464,台數科,TWSE,80.6,80.8,80.4,80.8,20303.0,1637388.0,TWSE_RWD_JSON_MI_INDEX,data/daily_price/daily_price_20240819.csv,80.8,81.21,83.7367,85.0125,81.5521,0.0,0.4975,-4.9412,-5.1643,-6.3731,58353.45,0.3479,85.3,85.8,88.9,75.3,75.3,75.3,-0.5049,-3.507,-4.9552,-0.9223,-5.2755,-5.8275,-9.1114,7.3041,7.3041
20240820,6464,台數科,TWSE,80.8,80.8,80.5,80.5,15120.0,1219394.0,TWSE_RWD_CSV_MI_INDEX,data/daily_price/daily_price_20240820.csv,80.74,80.985,83.665,84.965,81.4645,-0.3713,-0.3713,-5.2941,-5.0708,-6.6125,55196.45,0.2739,85.3,85.8,88.9,75.3,75.3,75.3,-0.5989,-3.7829,-5.2551,-1.1839,-5.6272,-6.1772,-9.4488,6.9057,6.9057
20240821,6464,台數科,TWSE,80.8,80.8,80.6,80.8,44327.0,3580161.0,TWSE_RWD_JSON_MI_INDEX,data/daily_price/daily_price_20240821.csv,80.74,80.77,83.5917,84.92,81.4091,0.3727,0.0,-5.0529,-5.1643,-6.2645,37074.5,1.1956,85.3,85.8,88.9,75.3,75.3,75.3,0.0371,-3.3396,-4.8516,-0.7482,-5.2755,-5.8275,-9.1114,7.3041,7.3041
20240822,6464,台數科,TWSE,80.5,80.8,80.5,80.6,6115.0,492869.0,TWSE_RWD_JSON_MI_INDEX,data/daily_price/daily_price_20240822.csv,80.7,80.545,83.5167,84.8742,81.3417,-0.2475,-0.2475,-5.2879,-5.2879,-6.3879,33699.2,0.1815,81.5,85.8,88.9,75.3,75.3,75.3,0.0683,-3.4923,-5.0359,-0.9118,-1.1043,-6.0606,-9.3363,7.0385,7.0385
20240823,6464,台數科,TWSE,80.5,80.8,80.3,80.8,59495.0,4795856.0,TWSE_RWD_JSON_MI_INDEX,data/daily_price/daily_price_20240823.csv,80.7,80.535,83.445,84.8308,81.2965,0.2481,0.0,-0.2469,-5.0529,-6.0465,34014.15,1.7491,81.5,85.8,88.9,75.3,75.3,75.3,0.329,-3.1698,-4.7516,-0.6107,-0.8589,-5.8275,-9.1114,7.3041,7.3041
20240826,6464,台數科,TWSE,80.8,80.8,80.2,80.6,45787.0,3687303.0,TWSE_RWD_JSON_MI_INDEX,data/daily_price/daily_price_20240826.csv,80.66,80.515,83.3683,84.785,81.2385,-0.2475,-0.2475,-0.4938,-5.3991,-6.3879,33725.95,1.3576,81.5,85.8,88.9,75.3,75.3,75.3,0.1056,-3.3206,-4.936,-0.7859,-1.1043,-6.0606,-9.3363,7.0385,7.0385
20240827,6464,台數科,TWSE,80.5,80.8,80.3,80.8,13400.0,1079080.0,TWSE_RWD_JSON_MI_INDEX,data/daily_price/daily_price_20240827.csv,80.72,80.51,83.2983,84.7408,81.2019,0.2481,0.3727,-0.1236,-4.9412,-6.1556,33445.5,0.4007,81.5,85.8,88.9,75.3,75.3,75.3,0.3602,-2.9993,-4.6505,-0.495,-0.8589,-5.8275,-9.1114,7.3041,7.3041
20240828,6464,台數科,TWSE,80.3,80.8,80.1,80.8,37887.0,3047689.0,TWSE_RWD_JSON_MI_INDEX,data/daily_price/daily_price_20240828.csv,80.72,80.5,83.2233,84.6958,81.1684,0.0,0.0,-0.2469,-5.2755,-6.2645,34765.25,1.0898,81.5,85.8,88.9,75.3,75.3,75.3,0.3727,-2.9118,-4.5998,-0.4539,-0.8589,-5.8275,-9.1114,7.3041,7.3041
20240829,6464,台數科,TWSE,80.4,80.5,80.4,80.4,12000.0,965400.0,TWSE_RWD_JSON_MI_INDEX,data/daily_price/daily_price_20240829.csv,80.68,80.455,83.14,84.6475,81.1044,-0.495,-0.2481,-1.107,-5.8548,-6.7285,33785.85,0.3552,81.3,85.8,88.9,75.3,75.3,75.3,-0.0684,-3.2956,-5.0179,-0.8685,-1.107,-6.2937,-9.5613,6.7729,6.7729
20240830,6464,台數科,TWSE,80.3,80.7,80.3,80.7,17511.0,1409885.0,TWSE_RWD_JSON_MI_INDEX,data/daily_price/daily_price_20240830.csv,80.66,80.45,83.06,84.6008,81.0707,0.3731,-0.1238,-0.1238,-5.614,-6.489,33648.75,0.5204,81.2,85.8,88.9,75.3,75.3,75.3,0.3108,-2.8413,-4.6109,-0.4573,-0.6158,-5.9441,-9.2238,7.1713,7.1713
20240902,6464,台數科,TWSE,80.3,80.6,80.2,80.2,43700.0,3510536.0,TWSE_RWD_JSON_MI_INDEX,data/daily_price/daily_price_20240902.csv,80.58,80.545,82.9717,84.5508,80.9981,-0.6196,-0.4963,2.4266,-6.1988,-6.9606,30722.55,1.4224,81.2,85.7,88.9,77.4,75.3,75.3,-0.4283,-3.3405,-5.1458,-0.9854,-1.2315,-6.4177,-9.7863,6.5073,6.5073
20240903,6464,台數科,TWSE,80.1,80.3,80.1,80.1,27663.0,2218404.0,TWSE_RWD_JSON_MI_INDEX,data/daily_price/daily_price_20240903.csv,80.44,80.56,82.8817,84.4992,80.9233,-0.1247,-0.8663,0.3759,-6.3158,-7.1842,29624.1,0.9338,81.2,85.6,88.9,78.2,75.3,75.3,-0.571,-3.3562,-5.2062,-1.0174,-1.3547,-6.4252,-9.8988,6.3745,6.3745
20240904,6464,台數科,TWSE,78.8,79.8,78.1,79.6,117622.0,9289370.0,TWSE_RWD_JSON_MI_INDEX,data/daily_price/daily_price_20240904.csv,80.2,80.535,82.7867,84.4417,80.813,-0.6242,-1.4851,-0.6242,-6.6823,-7.9769,34058.7,3.4535,81.2,85.6,88.9,78.1,75.3,75.3,-1.161,-3.8493,-5.7337,-1.501,-1.9704,-7.0093,-10.4612,5.7105,5.7105
20240905,6464,台數科,TWSE,79.8,79.8,79.0,79.8,35736.0,2839144.0,TWSE_RWD_JSON_MI_INDEX,data/daily_price/daily_price_20240905.csv,80.08,80.53,82.7017,84.38,80.7286,0.2513,-0.7463,-0.1252,-6.0071,-8.4862,34843.05,1.0256,81.2,85.6,88.1,78.1,75.3,75.3,-0.9065,-3.5086,-5.4278,-1.1503,-1.7241,-6.7757,-9.4211,5.9761,5.9761
20240906,6464,台數科,TWSE,79.3,79.8,79.0,79.8,22109.0,1758825.0,TWSE_RWD_JSON_MI_INDEX,data/daily_price/daily_price_20240906.csv,79.9,80.495,82.62,84.3192,80.6512,0.0,-1.1152,-0.8696,-5.7851,-8.3812,33991.0,0.6504,80.9,85.6,88.1,78.1,75.3,75.3,-0.8634,-3.4132,-5.3596,-1.0554,-1.3597,-6.7757,-9.4211,5.9761,5.9761
20240909,6464,台數科,TWSE,78.8,79.7,78.7,78.9,50624.0,4000095.0,TWSE_RWD_JSON_MI_INDEX,data/daily_price/daily_price_20240909.csv,79.64,80.42,82.525,84.2525,80.5053,-1.1278,-1.6209,-1.8657,-6.7376,-9.206,36020.9,1.4054,80.8,85.6,88.1,78.1,75.3,75.3,-1.8901,-4.3926,-6.3529,-1.994,-2.3515,-7.8271,-10.4427,4.7809,4.7809
20240910,6464,台數科,TWSE,79.1,79.5,78.5,78.9,33238.0,2624402.0,TWSE_RWD_JSON_MI_INDEX,data/daily_price/daily_price_20240910.csv,79.4,80.325,82.4283,84.1833,80.3715,0.0,-1.4981,-2.3515,-6.8477,-9.5183,36125.55,0.9201,80.8,85.6,88.1,78.1,75.3,75.3,-1.774,-4.2805,-6.276,-1.8309,-2.3515,-7.8271,-10.4427,4.7809,4.7809
20240911,6464,台數科,TWSE,78.5,79.0,78.2,78.8,52015.0,4090685.0,TWSE_RWD_JSON_MI_INDEX,data/daily_price/daily_price_20240911.csv,79.24,80.225,82.3317,84.1125,80.2406,-0.1267,-1.005,-2.4752,-6.8558,-9.7365,37670.4,1.3808,80.8,85.6,88.1,78.1,75.3,75.3,-1.7763,-4.2896,-6.3159,-1.7953,-2.4752,-7.9439,-10.5562,4.6481,4.6481
20240912,6464,台數科,TWSE,79.1,79.8,78.8,79.8,69035.0,5468700.0,TWSE_RWD_JSON_MI_INDEX,data/daily_price/daily_price_20240912.csv,79.24,80.175,82.2467,84.05,80.2038,1.269,0.0,-1.2376,-6.0071,-8.5911,39122.15,1.7646,80.8,85.6,88.1,78.1,75.3,75.3,-0.4677,-2.9748,-5.0565,-0.5035,-1.2376,-6.7757,-9.4211,5.9761,5.9761
20240913,6464,台數科,TWSE,80.2,80.2,80.0,80.0,7030.0,562800.0,TWSE_RWD_JSON_MI_INDEX,data/daily_price/daily_price_20240913.csv,79.28,80.135,82.1533,83.9875,80.1869,0.2506,0.2506,-0.9901,-6.5421,-8.5714,36535.85,0.1924,80.8,85.6,88.1,78.1,75.3,75.3,-0.1685,-2.6211,-4.7477,-0.233,-0.9901,-6.5421,-9.1941,6.2417,6.2417
20240916,6464,台數科,TWSE,80.0,80.2,79.5,80.2,20047.0,1600871.0,TWSE_RWD_JSON_MI_INDEX,data/daily_price/daily_price_20240916.csv,79.54,80.105,82.07,83.9267,80.1879,0.25,1.6477,-0.7426,-5.8685,-8.3429,36523.05,0.5489,80.8,85.6,88.1,78.1,75.3,75.3,0.1186,-2.2785,-4.4404,0.015,-0.7426,-6.3084,-8.9671,6.5073,6.5073
20240918,6464,台數科,TWSE,80.1,80.2,79.6,80.0,15254.0,1219991.0,TWSE_RWD_JSON_MI_INDEX,data/daily_price/daily_price_20240918.csv,79.76,80.08,81.9833,83.8633,80.1723,-0.2494,1.3942,-0.6211,-6.1033,-8.6758,36529.75,0.4176,80.8,85.6,88.1,78.1,75.3,75.3,-0.0999,-2.4192,-4.6067,-0.2149,-0.9901,-6.5421,-9.1941,6.2417,6.2417
20240919,6464,台數科,TWSE,80.0,81.7,80.0,81.5,43205.0,3495071.0,TWSE_RWD_JSON_MI_INDEX,data/daily_price/daily_price_20240919.csv,80.3,80.115,81.9283,83.8117,80.2829,1.875,3.4264,0.8663,-3.8915,-7.0696,36473.65,1.1846,81.7,85.6,88.1,78.1,75.3,75.3,1.7288,-0.5228,-2.7582,1.516,-0.2448,-4.7897,-7.4915,8.2337,8.2337
20240920,6464,台數科,TWSE,81.3,81.3,80.8,81.2,68372.0,5543947.0,TWSE_RWD_JSON_MI_INDEX,data/daily_price/daily_price_20240920.csv,80.58,80.145,81.8617,83.7575,80.3594,-0.3681,1.7544,0.7444,-4.6948,-7.4116,39586.5,1.7272,81.7,85.6,88.1,78.1,75.3,75.3,1.3164,-0.8083,-3.0535,1.0461,-0.612,-5.1402,-7.832,7.8353,7.8353
20240923,6464,台數科,TWSE,81.7,81.7,81.0,81.4,20100.0,1633730.0,TWSE_RWD_JSON_MI_INDEX,data/daily_price/daily_price_20240923.csv,80.86,80.175,81.8067,83.705,80.4461,0.2463,1.75,0.7426,-3.8961,-7.1836,37616.75,0.5343,81.7,85.6,88.1,78.1,75.3,75.3,1.5279,-0.4971,-2.7537,1.1858,-0.3672,-4.9065,-7.605,8.1009,8.1009
20240924,6464,台數科,TWSE,81.2,81.2,81.2,81.2,2056.0,166958.0,TWSE_RWD_JSON_MI_INDEX,data/daily_price/daily_price_20240924.csv,81.06,80.205,81.7433,83.6542,80.5089,-0.2457,1.2469,0.7444,-4.4706,-6.9874,35430.2,0.058,81.7,85.6,88.1,78.1,75.3,75.3,1.2406,-0.6647,-2.9337,0.8584,-0.612,-5.1402,-7.832,7.8353,7.8353
20240925,6464,台數科,TWSE,81.2,81.2,80.7,81.0,28810.0,2331156.0,TWSE_RWD_JSON_MI_INDEX,data/daily_price/daily_price_20240925.csv,81.26,80.215,81.68,83.6008,80.5498,-0.2463,1.25,0.2475,-4.4811,-7.3227,36200.7,0.7958,81.7,85.6,88.1,78.1,75.3,75.3,0.9786,-0.8325,-3.111,0.5589,-0.8568,-5.3738,-8.059,7.5697,7.5697
20240926,6464,台數科,TWSE,81.0,81.0,80.6,81.0,26145.0,2114600.0,TWSE_RWD_JSON_MI_INDEX,data/daily_price/daily_price_20240926.csv,81.16,80.225,81.6183,83.5492,80.5873,0.0,-0.6135,0.2475,-4.3684,-7.1101,35613.6,0.7341,81.7,85.6,87.7,78.1,75.3,75.3,0.966,-0.7576,-3.0511,0.5121,-0.8568,-5.3738,-7.6397,7.5697,7.5697
20240927,6464,台數科,TWSE,81.4,81.4,80.6,81.0,29146.0,2357818.0,TWSE_RWD_JSON_MI_INDEX,data/daily_price/daily_price_20240927.csv,81.12,80.255,81.5533,83.4975,80.6217,0.0,-0.2463,0.7463,-4.5936,-7.1101,36470.9,0.7992,81.7,85.6,87.7,78.1,75.3,75.3,0.9283,-0.6785,-2.9911,0.4692,-0.8568,-5.3738,-7.6397,7.5697,7.5697
20240930,6464,台數科,TWSE,80.6,80.9,80.5,80.8,18020.0,1454022.0,TWSE_RWD_JSON_MI_INDEX,data/daily_price/daily_price_20240930.csv,81.0,80.26,81.4833,83.445,80.6366,-0.2469,-0.7371,0.1239,-4.9412,-7.2331,36496.35,0.4937,81.7,85.6,87.7,78.1,75.3,75.3,0.6728,-0.8386,-3.1698,0.2027,-1.1016,-5.6075,-7.8677,7.3041,7.3041
20241001,6464,台數科,TWSE,80.6,80.6,80.3,80.6,19585.0,1576835.0,TWSE_RWD_JSON_MI_INDEX,data/daily_price/daily_price_20241001.csv,80.88,80.28,81.4117,83.3875,80.6335,-0.2475,-0.7389,0.4988,-5.0648,-7.8857,35290.6,0.555,81.7,85.6,87.7,78.1,75.3,75.3,0.3986,-0.997,-3.3428,-0.0416,-1.3464,-5.8411,-8.0958,7.0385,7.0385
20241004,6464,台數科,TWSE,79.7,80.4,79.7,80.3,20405.0,1632743.0,TWSE_RWD_JSON_MI_INDEX,data/daily_price/daily_price_20241004.csv,80.74,80.29,81.34,83.33,80.6057,-0.3722,-0.8642,0.2497,-5.0827,-7.9128,34927.7,0.5842,81.7,85.6,87.7,78.1,75.3,75.3,0.0125,-1.2786,-3.6361,-0.3793,-1.7136,-6.1916,-8.4379,6.6401,6.6401
20241007,6464,台數科,TWSE,80.5,80.5,80.1,80.5,3107.0,249790.0,TWSE_RWD_JSON_MI_INDEX,data/daily_price/daily_price_20241007.csv,80.64,80.335,81.2717,83.275,80.5969,0.2491,-0.6173,1.1307,-4.8463,-7.5775,29201.95,0.1064,81.7,85.6,87.7,78.2,75.3,75.3,0.2054,-0.9495,-3.3323,-0.1203,-1.4688,-5.9579,-8.2098,6.9057,6.9057
20241008,6464,台數科,TWSE,79.7,80.1,79.6,79.9,14000.0,1117200.0,TWSE_RWD_JSON_MI_INDEX,data/daily_price/daily_price_20241008.csv,80.42,80.34,81.1917,83.2175,80.5389,-0.7453,-1.358,0.1253,-5.6671,-7.9493,28115.15,0.498,81.7,85.6,87.7,78.2,75.3,75.3,-0.5477,-1.5909,-3.9865,-0.7932,-2.2032,-6.6589,-8.894,6.1089,6.1089
20241009,6464,台數科,TWSE,79.9,80.1,79.9,80.1,3114.0,249330.0,TWSE_RWD_JSON_MI_INDEX,data/daily_price/daily_price_20241009.csv,80.28,80.355,81.1167,83.1692,80.5023,0.2503,-0.8663,0.3759,-5.3191,-6.752,27165.4,0.1146,81.7,85.6,87.7,78.2,75.3,75.3,-0.3173,-1.2533,-3.6903,-0.4997,-1.9584,-6.4252,-8.6659,6.3745,6.3745
20241011,6464,台數科,TWSE,79.5,80.0,79.3,80.0,32153.0,2559249.0,TWSE_RWD_JSON_MI_INDEX,data/daily_price/daily_price_20241011.csv,80.16,80.41,81.035,83.12,80.4604,-0.1248,-0.7444,1.3942,-5.7715,-6.8685,26241.85,1.2253,81.7,85.6,87.7,78.2,75.3,75.3,-0.5099,-1.2772,-3.7536,-0.5722,-2.0808,-6.5421,-8.7799,6.2417,6.2417
20241014,6464,台數科,TWSE,80.0,80.0,79.3,79.5,32115.0,2550378.0,TWSE_RWD_JSON_MI_INDEX,data/daily_price/daily_price_20241014.csv,80.0,80.44,80.945,83.0583,80.3804,-0.625,-0.9963,0.7605,-6.3604,-8.5155,26185.7,1.2264,81.7,85.6,87.7,78.2,75.3,75.3,-1.1686,-1.7852,-4.2841,-1.0953,-2.6928,-7.1262,-9.3501,5.5777,5.5777
20241015,6464,台數科,TWSE,79.5,79.9,79.5,79.8,9330.0,744289.0,TWSE_RWD_JSON_MI_INDEX,data/daily_price/daily_price_20241015.csv,79.86,80.49,80.8533,83.0067,80.332,0.3774,-0.8696,1.269,-6.4478,-7.2093,24051.45,0.3879,81.7,85.4,87.5,78.8,75.3,75.3,-0.8572,-1.3028,-3.8631,-0.6623,-2.3256,-6.5574,-8.8,5.9761,5.9761
20241016,6464,台數科,TWSE,79.4,79.4,78.9,79.2,39272.0,3108109.0,TWSE_RWD_JSON_MI_INDEX,data/daily_price/daily_price_20241016.csv,79.72,80.46,80.7583,82.9533,80.2377,-0.7519,-0.8761,-0.7519,-6.7138,-7.4766,22563.3,1.7405,81.7,85.3,87.5,78.9,75.3,75.3,-1.566,-1.9296,-4.5246,-1.2933,-3.06,-7.1512,-9.4857,5.1793,5.1793
20241017,6464,台數科,TWSE,79.1,79.2,79.0,79.2,34059.0,2693853.0,TWSE_RWD_JSON_MI_INDEX,data/daily_price/daily_price_20241017.csv,79.54,80.42,80.6583,82.8983,80.1512,0.0,-1.1236,-1.0,-7.0423,-7.6923,23914.75,1.4242,81.7,85.3,87.5,78.9,75.3,75.3,-1.517,-1.808,-4.4613,-1.1868,-3.06,-7.1512,-9.4857,5.1793,5.1793
20241018,6464,台數科,TWSE,79.2,79.5,78.8,79.2,30601.0,2421509.0,TWSE_RWD_JSON_MI_INDEX,data/daily_price/daily_price_20241018.csv,79.38,80.37,80.5617,82.8383,80.0719,0.0,-1.0,-1.2469,-6.8235,-8.3333,24442.45,1.252,81.7,85.3,87.5,78.8,75.3,75.3,-1.4558,-1.6902,-4.3921,-1.089,-3.06,-7.1512,-9.4857,5.1793,5.1793
20241021,6464,台數科,TWSE,79.6,79.6,79.2,79.5,11216.0,891891.0,TWSE_RWD_JSON_MI_INDEX,data/daily_price/daily_price_20241021.csv,79.38,80.345,80.47,82.7867,80.0243,0.3788,0.0,-0.625,-6.4706,-7.2345,24240.55,0.4627,81.7,85.3,86.3,78.8,75.3,75.3,-1.0517,-1.2054,-3.97,-0.6552,-2.6928,-6.7995,-7.8795,5.5777,5.5777
20241022,6464,台數科,TWSE,79.4,79.4,79.0,79.3,23069.0,1827014.0,TWSE_RWD_JSON_MI_INDEX,data/daily_price/daily_price_20241022.csv,79.28,80.235,80.3733,82.735,79.9639,-0.2516,-0.6266,-2.6994,-6.8155,-7.2515,23233.75,0.9929,81.7,85.3,86.3,78.8,75.3,75.3,-1.1653,-1.3354,-4.1518,-0.8303,-2.9376,-7.034,-8.1112,5.3121,5.3121
20241023,6464,台數科,TWSE,79.3,79.4,78.9,79.4,16179.0,1280077.0,TWSE_RWD_JSON_MI_INDEX,data/daily_price/daily_price_20241023.csv,79.32,80.145,80.2783,82.6833,79.9169,0.1261,0.2525,-2.2167,-6.698,-7.243,20624.1,0.7845,81.7,81.7,86.3,78.8,75.3,75.3,-0.9296,-1.0941,-3.971,-0.6468,-2.8152,-2.8152,-7.9954,5.4449,5.4449
20241024,6464,台數科,TWSE,78.9,79.4,78.9,79.4,13610.0,1075939.0,TWSE_RWD_JSON_MI_INDEX,data/daily_price/daily_price_20241024.csv,79.36,80.045,80.2517,82.6317,79.8739,0.0,0.2525,-2.457,-1.9753,-7.243,20299.6,0.6705,81.4,81.7,86.0,78.8,75.3,75.3,-0.8058,-1.0612,-3.9109,-0.5933,-2.457,-2.8152,-7.6744,5.4449,5.4449
20241025,6464,台數科,TWSE,79.0,79.0,79.0,79.0,1289.0,101958.0,TWSE_RWD_JSON_MI_INDEX,data/daily_price/daily_price_20241025.csv,79.32,79.935,80.2183,82.5742,79.801,-0.5038,-0.2525,-2.7094,-2.4691,-8.0326,20261.25,0.0636,81.4,81.7,86.0,78.8,75.3,75.3,-1.1697,-1.5188,-4.3284,-1.0038,-2.9484,-3.3048,-8.1395,4.9137,4.9137
20241028,6464,台數科,TWSE,79.0,79.6,79.0,79.4,27586.0,2188761.0,TWSE_RWD_JSON_MI_INDEX,data/daily_price/daily_price_20241028.csv,79.3,79.855,80.1933,82.5217,79.7676,0.5063,-0.1258,-1.9753,-1.8541,-7.3512,20200.05,1.3656,81.4,81.7,86.0,78.8,75.3,75.3,-0.5698,-0.9893,-3.7828,-0.4609,-2.457,-2.8152,-7.6744,5.4449,5.4449
20241029,6464,台數科,TWSE,78.8,79.6,78.8,79.4,20234.0,1603682.0,TWSE_RWD_JSON_MI_INDEX,data/daily_price/daily_price_20241029.csv,79.32,79.775,80.1667,82.4683,79.737,0.0,0.1261,-1.9753,-1.9753,-7.4592,19904.5,1.0166,81.4,81.7,86.0,78.8,75.3,75.3,-0.4701,-0.9563,-3.7206,-0.4226,-2.457,-2.8152,-7.6744,5.4449,5.4449
20241030,6464,台數科,TWSE,79.4,79.4,79.0,79.0,8070.0,639563.0,TWSE_RWD_JSON_MI_INDEX,data/daily_price/daily_price_20241030.csv,79.24,79.675,80.1283,82.41,79.6756,-0.5038,-0.5038,-2.4691,-2.829,-8.1395,18850.7,0.4281,80.9,81.7,85.8,78.8,75.3,75.3,-0.8472,-1.4082,-4.1378,-0.8479,-2.3486,-3.3048,-7.9254,4.9137,4.9137
20241101,6464,台數科,TWSE,78.8,81.0,78.6,81.0,55020.0,4402113.0,TWSE_RWD_JSON_MI_INDEX,data/daily_price/daily_price_20241101.csv,79.56,79.685,80.1317,82.3733,79.7859,2.5316,2.0151,0.2475,0.2475,-5.1522,20700.7,2.6579,81.0,81.7,85.8,78.6,75.3,75.3,1.6502,1.0836,-1.6672,1.5217,0.0,-0.8568,-5.5944,7.5697,7.5697
20241104,6464,台數科,TWSE,80.9,80.9,80.9,80.9,5161.0,417447.0,TWSE_RWD_JSON_MI_INDEX,data/daily_price/daily_price_20241104.csv,79.94,79.7,80.175,82.3408,79.8788,-0.1235,2.4051,0.3722,3.3206,-4.5991,19979.5,0.2583,81.0,81.7,85.8,78.6,77.4,75.3,1.5056,0.9043,-1.7498,1.2785,-0.1235,-0.9792,-5.711,4.522,7.4369
20241105,6464,台數科,TWSE,79.9,80.8,79.7,80.3,16567.0,1324703.0,TWSE_RWD_JSON_MI_INDEX,data/daily_price/daily_price_20241105.csv,80.12,79.7,80.1833,82.2992,79.9139,-0.7417,1.1335,0.0,0.6266,-5.8617,19787.6,0.8372,81.0,81.7,85.8,78.6,78.1,75.3,0.7528,0.1455,-2.4291,0.4832,-0.8642,-1.7136,-6.4103,2.8169,6.6401
20241106,6464,台數科,TWSE,80.3,80.7,79.8,80.6,51705.0,4144355.0,TWSE_RWD_JSON_MI_INDEX,data/daily_price/daily_price_20241106.csv,80.36,79.705,80.1917,82.2633,79.9711,0.3736,1.5113,0.1242,0.6242,-5.0648,22217.5,2.3272,81.0,81.7,85.8,78.6,78.1,75.3,1.1229,0.5092,-2.022,0.7865,-0.4938,-1.3464,-6.0606,3.201,7.0385
20241107,6464,台數科,TWSE,80.1,80.8,80.0,80.6,27190.0,2183943.0,TWSE_RWD_JSON_MI_INDEX,data/daily_price/daily_price_20241107.csv,80.68,79.74,80.2033,82.2258,80.0235,0.0,2.0253,0.8761,0.8761,-5.2879,22877.0,1.1885,81.0,81.7,85.8,78.6,78.1,75.3,1.0785,0.4946,-1.9773,0.7205,-0.4938,-1.3464,-6.0606,3.201,7.0385
20241108,6464,台數科,TWSE,80.0,81.2,79.4,80.7,85523.0,6889511.0,TWSE_RWD_JSON_MI_INDEX,data/daily_price/daily_price_20241108.csv,80.62,79.77,80.2067,82.19,80.0798,0.1241,-0.3704,0.7491,0.2484,-5.0588,26997.45,3.1678,81.2,81.7,85.8,78.6,78.1,75.3,1.1659,0.6151,-1.8129,0.7744,-0.6158,-1.224,-5.9441,3.3291,7.1713
20241111,6464,台數科,TWSE,80.4,80.4,79.9,80.4,18006.0,1443986.0,TWSE_RWD_JSON_MI_INDEX,data/daily_price/daily_price_20241111.csv,80.52,79.79,80.2067,82.1508,80.1065,-0.3717,-0.618,0.5,0.0,-5.5229,26290.1,0.6849,81.2,81.7,85.8,78.6,78.1,75.3,0.7645,0.241,-2.1312,0.3664,-0.9852,-1.5912,-6.2937,2.9449,6.7729
20241112,6464,台數科,TWSE,79.8,81.0,79.8,80.1,23095.0,1849814.0,TWSE_RWD_JSON_MI_INDEX,data/daily_price/daily_price_20241112.csv,80.48,79.82,80.195,82.1092,80.106,-0.3731,-0.2491,0.7547,-0.8663,-5.8754,25839.1,0.8938,81.2,81.7,85.8,78.6,78.1,75.3,0.3508,-0.1185,-2.4469,-0.0075,-1.3547,-1.9584,-6.6434,2.5608,6.3745
20241113,6464,台數科,TWSE,79.9,80.5,79.9,80.5,20086.0,1612239.0,TWSE_RWD_JSON_MI_INDEX,data/daily_price/daily_price_20241113.csv,80.46,79.855,80.19,82.0717,80.1388,0.4994,-0.1241,0.8772,-0.3713,-5.2941,26376.9,0.7615,81.2,81.7,85.8,78.6,78.1,75.3,0.8077,0.3866,-1.915,0.4507,-0.8621,-1.4688,-6.1772,3.073,6.9057
20241114,6464,台數科,TWSE,80.0,80.3,79.8,80.2,23415.0,1874677.0,TWSE_RWD_JSON_MI_INDEX,data/daily_price/daily_price_20241114.csv,80.38,79.905,80.18,82.03,80.1439,-0.3727,-0.4963,1.2626,-0.7426,-5.8685,25584.05,0.9152,81.2,81.7,85.8,78.6,78.1,75.3,0.3692,0.0249,-2.2309,0.07,-1.2315,-1.836,-6.5268,2.6889,6.5073
20241115,6464,台數科,TWSE,79.8,80.2,79.7,80.0,40434.0,3230283.0,TWSE_RWD_JSON_MI_INDEX,data/daily_price/daily_price_20241115.csv,80.24,79.945,80.1667,81.9883,80.1319,-0.2494,-0.8674,1.0101,-0.9901,-5.8824,25902.8,1.561,81.2,81.7,85.8,78.6,78.1,75.3,0.0688,-0.2079,-2.4251,-0.1646,-1.4778,-2.0808,-6.7599,2.4328,6.2417
20241118,6464,台數科,TWSE,79.7,80.4,79.6,80.3,11444.0,914922.0,TWSE_RWD_JSON_MI_INDEX,data/daily_price/daily_price_20241118.csv,80.22,80.0,80.1583,81.9475,80.1459,0.375,-0.1244,1.3889,-0.6188,-5.7512,24944.95,0.4588,81.2,81.7,85.8,78.6,78.1,75.3,0.375,0.1767,-2.0104,0.1922,-1.1084,-1.7136,-6.4103,2.8169,6.6401
20241119,6464,台數科,TWSE,80.5,80.5,80.2,80.3,19169.0,1540574.0,TWSE_RWD_CSV_MI_INDEX,data/daily_price/daily_price_20241119.csv,80.26,80.04,80.155,81.91,80.1588,0.0,0.2497,1.0063,-0.2484,-5.3066,25342.6,0.7564,81.2,81.7,85.8,78.6,78.1,75.3,0.3248,0.1809,-1.9656,0.1762,-1.1084,-1.7136,-6.4103,2.8169,6.6401
20241120,6464,台數科,TWSE,80.3,80.3,79.8,80.0,10375.0,830009.0,TWSE_RWD_JSON_MI_INDEX,data/daily_price/daily_price_20241120.csv,80.16,80.075,80.1417,81.8667,80.1455,-0.3736,-0.6211,0.8827,-0.9901,-6.1033,24707.9,0.4199,81.2,81.7,85.8,78.6,78.1,75.3,-0.0937,-0.1768,-2.2801,-0.1816,-1.4778,-2.0808,-6.7599,2.4328,6.2417
20241121,6464,台數科,TWSE,80.0,80.1,80.0,80.1,4242.0,339510.0,TWSE_RWD_JSON_MI_INDEX,data/daily_price/daily_price_20241121.csv,80.14,80.11,80.1333,81.825,80.1417,0.125,-0.1247,0.8816,-0.6203,-5.8754,24111.05,0.1759,81.2,81.7,85.8,78.6,78.1,75.3,-0.0125,-0.0416,-2.1082,-0.0521,-1.3547,-1.9584,-6.6434,2.5608,6.3745
20241122,6464,台數科,TWSE,80.5,80.5,80.1,80.4,7241.0,582214.0,TWSE_RWD_JSON_MI_INDEX,data/daily_price/daily_price_20241122.csv,80.22,80.16,80.1267,81.7858,80.1633,0.3745,0.5,1.2594,-0.495,-5.5229,23792.6,0.3043,81.2,81.7,85.8,78.6,78.1,75.3,0.2994,0.3411,-1.6945,0.2953,-0.9852,-1.5912,-6.2937,2.9449,6.7729
20241125,6464,台數科,TWSE,80.9,81.0,80.3,80.6,28140.0,2269181.0,TWSE_RWD_JSON_MI_INDEX,data/daily_price/daily_price_20241125.csv,80.28,80.24,80.1267,81.7475,80.1997,0.2488,0.3736,2.0253,0.0,-5.3991,25135.15,1.1195,81.2,81.7,85.8,78.6,78.1,75.3,0.4487,0.5907,-1.4037,0.4992,-0.7389,-1.3464,-6.0606,3.201,7.0385
20241126,6464,台數科,TWSE,80.3,81.7,80.3,81.6,62477.0,5068822.0,TWSE_RWD_JSON_MI_INDEX,data/daily_price/daily_price_20241126.csv,80.54,80.35,80.14,81.7192,80.3164,1.2407,1.6189,2.7708,0.9901,-4.0,26879.7,2.3243,81.7,81.7,85.8,78.6,78.1,75.3,1.5557,1.8218,-0.1458,1.5982,-0.1224,-0.1224,-4.8951,4.4814,8.3665
20241127,6464,台數科,TWSE,81.0,81.8,80.4,80.4,25422.0,2064291.0,TWSE_RWD_JSON_MI_INDEX,data/daily_price/daily_price_20241127.csv,80.62,80.4,80.1333,81.6783,80.3233,-1.4706,0.5,1.2594,-0.495,-5.7444,27139.1,0.9367,81.8,81.8,85.8,78.6,78.1,75.3,0.0,0.3328,-1.5651,0.0955,-1.7115,-1.7115,-6.2937,2.9449,6.7729
20241128,6464,台數科,TWSE,80.1,80.2,79.7,80.1,10418.0,833705.0,TWSE_RWD_JSON_MI_INDEX,data/daily_price/daily_price_20241128.csv,80.62,80.455,80.1283,81.6342,80.3047,-0.3731,0.0,1.3924,-0.3731,-6.2061,27256.5,0.3822,81.8,81.8,85.8,78.6,78.1,75.3,-0.4412,-0.0354,-1.8793,-0.2549,-2.0782,-2.0782,-6.6434,2.5608,6.3745
20241129,6464,台數科,TWSE,79.9,80.5,79.9,80.4,10002.0,802260.0,TWSE_RWD_JSON_MI_INDEX,data/daily_price/daily_price_20241129.csv,80.62,80.425,80.1233,81.5917,80.3127,0.3745,0.0,-0.7407,-0.3717,-5.9649,25005.6,0.4,81.8,81.8,85.8,79.4,78.1,75.3,-0.0311,0.3453,-1.4605,0.1088,-1.7115,-1.7115,-6.2937,2.9449,6.7729
20241202,6464,台數科,TWSE,80.7,80.7,80.7,80.7,1009.0,81428.0,TWSE_RWD_JSON_MI_INDEX,data/daily_price/daily_price_20241202.csv,80.64,80.415,80.1317,81.5517,80.3449,0.3731,0.1241,-0.2472,0.6234,-5.614,24798.0,0.0407,81.8,81.8,85.7,79.4,78.1,75.3,0.3544,0.7092,-1.0443,0.4419,-1.3447,-1.3447,-5.8343,3.3291,7.1713
20241203,6464,台數科,TWSE,80.2,80.9,80.2,80.8,10124.0,814778.0,TWSE_RWD_JSON_MI_INDEX,data/daily_price/daily_price_20241203.csv,80.48,80.44,80.1433,81.5125,80.3829,0.1239,-0.9804,0.6227,0.8739,-5.4971,24475.85,0.4136,81.8,81.8,85.6,79.4,78.1,75.3,0.4475,0.8194,-0.8741,0.5189,-1.2225,-1.2225,-5.6075,3.4571,7.3041
20241204,6464,台數科,TWSE,80.9,80.9,80.8,80.8,3531.0,285470.0,TWSE_RWD_JSON_MI_INDEX,data/daily_price/daily_price_20241204.csv,80.56,80.45,80.1633,81.475,80.4176,0.0,0.4975,0.2481,1.5075,-5.2755,22067.15,0.16,81.8,81.8,85.6,79.4,78.2,75.3,0.4351,0.7942,-0.8285,0.4755,-1.2225,-1.2225,-5.6075,3.3248,7.3041
20241205,6464,台數科,TWSE,80.3,81.0,80.3,80.5,18128.0,1461341.0,TWSE_RWD_JSON_MI_INDEX,data/daily_price/daily_price_20241205.csv,80.64,80.445,80.175,81.4383,80.4245,-0.3713,0.4994,-0.1241,0.8772,-5.1826,21614.05,0.8387,81.8,81.8,85.6,79.4,78.2,75.3,0.0684,0.4054,-1.1522,0.0939,-1.5892,-1.5892,-5.9579,2.9412,6.9057
20241206,6464,台數科,TWSE,80.5,80.8,80.5,80.5,6096.0,491176.0,TWSE_RWD_JSON_MI_INDEX,data/daily_price/daily_price_20241206.csv,80.66,80.435,80.1867,81.4033,80.4308,0.0,0.1244,-0.2478,0.8772,-4.9587,17642.7,0.3455,81.8,81.8,85.6,79.6,78.2,75.3,0.0808,0.3908,-1.1097,0.0861,-1.5892,-1.5892,-5.9579,2.9412,6.9057
20241209,6464,台數科,TWSE,80.5,80.5,80.3,80.3,4073.0,327327.0,TWSE_RWD_JSON_MI_INDEX,data/daily_price/daily_price_20241209.csv,80.58,80.43,80.21,81.3675,80.4199,-0.2484,-0.4957,-0.1244,1.7744,-5.0827,16946.05,0.2404,81.8,81.8,85.6,79.6,78.2,75.3,-0.1616,0.1122,-1.3119,-0.1491,-1.8337,-1.8337,-6.1916,2.6854,6.6401
20241210,6464,台數科,TWSE,80.2,80.3,80.0,80.3,10035.0,804427.0,TWSE_RWD_JSON_MI_INDEX,data/daily_price/daily_price_20241210.csv,80.48,80.44,80.2333,81.3308,80.4099,0.0,-0.6188,0.2497,1.7744,-5.1948,16293.05,0.6159,81.8,81.8,85.6,79.6,78.2,75.3,-0.174,0.0831,-1.2675,-0.1367,-1.8337,-1.8337,-6.1916,2.6854,6.6401
20241211,6464,台數科,TWSE,80.2,80.3,79.8,80.3,21531.0,1724820.0,TWSE_RWD_JSON_MI_INDEX,data/daily_price/daily_price_20241211.csv,80.38,80.43,80.2583,81.295,80.4007,0.0,-0.6188,-0.2484,1.9036,-5.0827,16365.3,1.3156,81.8,81.8,85.6,79.6,78.6,75.3,-0.1616,0.0519,-1.2239,-0.1253,-1.8337,-1.8337,-6.1916,2.1628,6.6401
20241212,6464,台數科,TWSE,79.9,80.5,79.9,80.4,25677.0,2061098.0,TWSE_RWD_JSON_MI_INDEX,data/daily_price/daily_price_20241212.csv,80.36,80.44,80.2683,81.2575,80.4007,0.1245,-0.1242,0.2494,0.7519,-5.3004,16478.4,1.5582,81.8,81.8,85.6,79.6,78.6,75.3,-0.0497,0.164,-1.0553,-0.0008,-1.7115,-1.7115,-6.0748,2.2901,6.7729
20241216,6464,台數科,TWSE,80.1,80.1,79.8,80.1,11507.0,919560.0,TWSE_RWD_JSON_MI_INDEX,data/daily_price/daily_price_20241216.csv,80.28,80.445,80.27,81.2117,80.3756,-0.3731,-0.4969,0.125,0.125,-6.4252,15032.05,0.7655,81.8,81.8,85.6,79.6,78.6,75.3,-0.4289,-0.2118,-1.3689,-0.3429,-2.0782,-2.0782,-6.4252,1.9084,6.3745
20241217,6464,台數科,TWSE,79.8,79.8,79.5,79.8,31188.0,2483255.0,TWSE_RWD_JSON_MI_INDEX,data/daily_price/daily_price_20241217.csv,80.18,80.42,80.2633,81.1667,80.3276,-0.3745,-0.6227,-0.6227,-0.4988,-6.338,16019.25,1.9469,81.8,81.8,85.6,79.5,78.6,75.3,-0.771,-0.5773,-1.6838,-0.6569,-2.445,-2.445,-6.7757,1.5267,5.9761
20241218,6464,台數科,TWSE,79.5,79.5,79.1,79.2,44369.0,3517219.0,TWSE_RWD_JSON_MI_INDEX,data/daily_price/daily_price_20241218.csv,79.96,80.365,80.25,81.1167,80.2337,-0.7519,-1.3699,-1.3699,-1.0,-7.0423,17279.25,2.5678,81.8,81.8,85.6,79.1,78.6,75.3,-1.4496,-1.3084,-2.3629,-1.2883,-3.1785,-3.1785,-7.4766,0.7634,5.1793
20241219,6464,台數科,TWSE,79.2,79.5,78.7,79.5,54273.0,4288191.0,TWSE_RWD_JSON_MI_INDEX,data/daily_price/daily_price_20241219.csv,79.8,80.34,80.2167,81.0725,80.1725,0.3788,-0.9963,-0.625,-2.454,-6.25,19474.15,2.7869,81.8,81.8,85.6,78.7,78.6,75.3,-1.0456,-0.8934,-1.9396,-0.8389,-2.8117,-2.8117,-7.1262,1.145,5.5777
20241220,6464,台數科,TWSE,78.8,79.5,78.6,79.5,82243.0,6490597.0,TWSE_RWD_JSON_MI_INDEX,data/daily_price/daily_price_20241220.csv,79.62,80.31,80.1883,81.025,80.1165,0.0,-1.1194,-0.7491,-2.0936,-6.6901,23374.2,3.5185,81.8,81.8,85.6,78.6,78.6,75.3,-1.0086,-0.8584,-1.8821,-0.7695,-2.8117,-2.8117,-7.1262,1.145,5.5777
20241223,6464,台數科,TWSE,79.5,79.5,78.8,79.0,49509.0,3915103.0,TWSE_RWD_JSON_MI_INDEX,data/daily_price/daily_price_20241223.csv,79.4,80.24,80.1483,80.9775,80.0235,-0.6289,-1.3733,-1.7413,-2.9484,-6.7296,25487.6,1.9425,81.8,81.8,85.6,78.6,78.6,75.3,-1.5454,-1.4328,-2.442,-1.2789,-3.423,-3.423,-7.7103,0.5089,4.9137
20241224,6464,台數科,TWSE,78.8,79.1,78.7,78.7,62290.0,4911732.0,TWSE_RWD_JSON_MI_INDEX,data/daily_price/daily_price_20241224.csv,79.18,80.145,80.1067,80.925,79.9132,-0.3797,-1.3784,-2.3573,-3.0788,-7.4118,27195.1,2.2905,81.8,81.8,85.6,78.6,78.6,75.3,-1.803,-1.756,-2.7495,-1.5181,-3.7897,-3.7897,-8.0607,0.1272,4.5153
20241225,6464,台數科,TWSE,78.7,78.7,78.3,78.5,48040.0,3769539.0,TWSE_RWD_JSON_MI_INDEX,data/daily_price/daily_price_20241225.csv,79.04,79.99,80.065,80.8725,79.7954,-0.2541,-0.8838,-3.799,-3.0864,-7.4292,26473.25,1.8147,81.8,81.8,85.6,78.3,78.3,75.3,-1.8627,-1.9547,-2.9336,-1.6234,-4.0342,-4.0342,-8.2944,0.2554,4.2497
20241226,6464,台數科,TWSE,78.5,78.6,78.4,78.4,27120.0,2128739.0,TWSE_RWD_JSON_MI_INDEX,data/daily_price/daily_price_20241226.csv,78.82,79.89,80.0217,80.82,79.6791,-0.1274,-1.3836,-2.4876,-3.2099,-7.438,26558.15,1.0212,81.0,81.8,85.6,78.3,78.3,75.3,-1.8651,-2.0265,-2.9943,-1.6053,-3.2099,-4.1565,-8.4112,0.1277,4.1169
20241227,6464,台數科,TWSE,78.4,78.9,78.4,78.9,8081.0,635522.0,TWSE_RWD_JSON_MI_INDEX,data/daily_price/daily_price_20241227.csv,78.7,79.83,79.9867,80.77,79.6142,0.6378,-0.7547,-1.4981,-2.5926,-7.0671,26441.3,0.3056,81.0,81.8,85.6,78.3,78.3,75.3,-1.165,-1.3586,-2.3152,-0.8971,-2.5926,-3.5452,-7.8271,0.7663,4.7809
20241230,6464,台數科,TWSE,78.9,79.8,78.9,79.8,18222.0,1446422.0,TWSE_RWD_JSON_MI_INDEX,data/daily_price/daily_price_20241230.csv,78.86,79.8,79.97,80.7267,79.6297,1.1407,1.0127,-0.7463,-1.2376,-6.1176,26852.3,0.6786,81.0,81.8,85.6,78.3,78.3,75.3,0.0,-0.2126,-1.1479,0.2139,-1.4815,-2.445,-6.7757,1.9157,5.9761
20241231,6464,台數科,TWSE,79.5,80.2,79.2,80.0,63013.0,5023733.0,TWSE_RWD_JSON_MI_INDEX,data/daily_price/daily_price_20241231.csv,79.12,79.765,79.96,80.6858,79.6605,0.2506,1.6518,-0.8674,-0.7444,-5.7715,29952.5,2.1038,81.0,81.8,85.6,78.3,78.3,75.3,0.2946,0.05,-0.85,0.4261,-1.2346,-2.2005,-6.5421,2.1711,6.2417
20250102,6464,台數科,TWSE,79.5,79.5,78.7,78.7,31219.0,2467086.0,TWSE_RWD_JSON_MI_INDEX,data/daily_price/daily_price_20250102.csv,79.16,79.66,79.9333,80.6367,79.5805,-1.625,0.2548,-2.599,-1.9925,-6.974,31007.25,1.0068,81.0,81.8,85.6,78.3,78.3,75.3,-1.2051,-1.543,-2.4017,-1.1064,-2.8395,-3.7897,-8.0607,0.5109,4.5153
20250103,6464,台數科,TWSE,78.8,78.8,78.7,78.7,4340.0,341859.0,TWSE_RWD_JSON_MI_INDEX,data/daily_price/daily_price_20250103.csv,79.22,79.555,79.9033,80.5875,79.5071,0.0,0.3827,-2.599,-2.236,-6.974,31047.7,0.1398,81.0,81.8,85.6,78.3,78.3,75.3,-1.0747,-1.506,-2.3422,-1.0151,-2.8395,-3.7897,-8.0607,0.5109,4.5153
20250106,6464,台數科,TWSE,78.7,79.3,78.7,79.0,10001.0,790778.0,TWSE_RWD_CSV_MI_INDEX,data/daily_price/daily_price_20250106.csv,79.24,79.48,79.8883,80.54,79.4649,0.3812,0.1267,-1.8634,-1.1264,-6.7296,30641.35,0.3264,80.8,81.8,85.6,78.3,78.3,75.3,-0.6039,-1.112,-1.9121,-0.585,-2.2277,-3.423,-7.7103,0.894,4.9137
20250107,6464,台數科,TWSE,79.0,79.2,78.6,78.6,17757.0,1402284.0,TWSE_RWD_JSON_MI_INDEX,data/daily_price/daily_price_20250107.csv,79.0,79.385,79.8633,80.49,79.3928,-0.5063,-1.5038,-2.3602,-1.8727,-7.0922,31224.4,0.5687,80.5,81.8,85.6,78.3,78.3,75.3,-0.9889,-1.5819,-2.3481,-0.9986,-2.3602,-3.912,-8.1776,0.3831,4.3825
20250108,6464,台數科,TWSE,78.5,78.5,78.5,78.5,3001.0,235579.0,TWSE_RWD_JSON_MI_INDEX,data/daily_price/daily_price_20250108.csv,78.7,79.295,79.8383,80.4367,79.3184,-0.1272,-1.875,-2.2416,-1.875,-7.5383,31170.8,0.0963,80.5,81.8,85.6,78.3,78.3,75.3,-1.0026,-1.6763,-2.4077,-1.0318,-2.4845,-4.0342,-8.2944,0.2554,4.2497
20250109,6464,台數科,TWSE,78.6,78.6,78.2,78.4,37166.0,2911531.0,TWSE_RWD_JSON_MI_INDEX,data/daily_price/daily_price_20250109.csv,78.64,79.2,79.82,80.3825,79.2419,-0.1274,-0.3812,-2.3661,-1.3836,-7.6561,32527.35,1.1426,80.5,81.8,85.6,78.2,78.2,75.3,-1.0101,-1.779,-2.4663,-1.0624,-2.6087,-4.1565,-8.4112,0.2558,4.1169
20250110,6464,台數科,TWSE,78.1,78.5,78.1,78.5,58990.0,4612770.0,TWSE_RWD_JSON_MI_INDEX,data/daily_price/daily_price_20250110.csv,78.6,79.11,79.7983,80.3258,79.18,0.1276,-0.2541,-2.2416,-1.6291,-7.9719,34400.3,1.7148,80.5,81.8,85.4,78.1,78.1,75.3,-0.7711,-1.627,-2.273,-0.8588,-2.4845,-4.0342,-8.0796,0.5122,4.2497
20250113,6464,台數科,TWSE,78.3,78.5,77.9,78.4,111561.0,8723647.0,TWSE_RWD_JSON_MI_INDEX,data/daily_price/daily_price_20250113.csv,78.48,79.01,79.785,80.2717,79.115,-0.1274,-0.7595,-2.4876,-1.0101,-7.6561,38694.5,2.8831,80.2,81.8,85.3,77.9,77.9,75.3,-0.7721,-1.7359,-2.3317,-0.9038,-2.2444,-4.1565,-8.0891,0.6418,4.1169
20250114,6464,台數科,TWSE,78.4,78.4,78.4,78.4,2117.0,166077.0,TWSE_RWD_JSON_MI_INDEX,data/daily_price/daily_price_20250114.csv,78.44,78.925,79.7717,80.215,79.0554,0.0,-0.2545,-2.1223,-1.0101,-7.9812,38225.0,0.0554,80.2,81.8,85.3,77.9,77.9,75.3,-0.6652,-1.7195,-2.2627,-0.8291,-2.2444,-4.1565,-8.0891,0.6418,4.1169
20250115,6464,台數科,TWSE,78.1,78.4,77.7,78.4,30010.0,2343189.0,TWSE_RWD_JSON_MI_INDEX,data/daily_price/daily_price_20250115.csv,78.42,78.855,79.7583,80.16,79.0008,0.0,-0.1274,-1.7544,-1.0101,-7.7647,38166.1,0.7863,80.2,81.8,85.3,77.7,77.7,75.3,-0.577,-1.7031,-2.1956,-0.7605,-2.2444,-4.1565,-8.0891,0.9009,4.1169
20250116,6464,台數科,TWSE,78.3,78.8,78.3,78.6,58612.0,4600586.0,TWSE_RWD_JSON_MI_INDEX,data/daily_price/daily_price_20250116.csv,78.46,78.825,79.7433,80.1067,78.9674,0.2551,0.2551,-0.7576,-1.1321,-7.5294,38878.25,1.5076,80.2,81.8,85.3,77.7,77.7,75.3,-0.2854,-1.4338,-1.8808,-0.4653,-1.995,-3.912,-7.8546,1.1583,4.3825
20250117,6464,台數科,TWSE,76.7,77.8,76.5,76.5,10169.0,782834.0,TWSE_RWD_JSON_MI_INDEX,data/daily_price/daily_price_20250117.csv,78.06,78.675,79.6967,80.035,78.7618,-2.6718,-2.5478,-3.7736,-3.5309,-10.1058,36673.05,0.2773,80.2,81.8,85.3,76.5,76.5,75.3,-2.7645,-4.011,-4.4168,-2.8717,-4.6135,-6.4792,-10.3165,0.0,1.5936
20250120,6464,台數科,TWSE,78.5,78.5,78.0,78.4,18131.0,1418104.0,TWSE_RWD_JSON_MI_INDEX,data/daily_price/daily_price_20250120.csv,78.06,78.62,79.68,79.9792,78.7317,2.4837,0.0,-1.3836,-1.2594,-7.8731,33467.45,0.5418,80.2,81.8,81.8,76.5,76.5,75.3,-0.2798,-1.6064,-1.9745,-0.4212,-2.2444,-4.1565,-4.1565,2.4837,4.1169
20250121,6464,台數科,TWSE,78.4,78.9,78.1,78.1,36112.0,2828004.0,TWSE_RWD_JSON_MI_INDEX,data/daily_price/daily_price_20250121.csv,78.0,78.575,79.6583,79.955,78.679,-0.3827,-0.3827,-1.1392,-1.6373,-3.5802,32797.6,1.1011,80.2,81.8,81.8,76.5,76.5,75.3,-0.6045,-1.9563,-2.3201,-0.7359,-2.6185,-4.5232,-4.5232,2.0915,3.7185
20250122,6464,台數科,TWSE,78.5,78.5,78.4,78.5,12154.0,953471.0,TWSE_RWD_JSON_MI_INDEX,data/daily_price/daily_price_20250122.csv,78.02,78.565,79.65,79.9342,78.6641,0.5122,0.1276,-0.2541,-0.6329,-3.0864,30290.8,0.4012,80.2,81.8,81.8,76.5,76.5,75.3,-0.0827,-1.4438,-1.7942,-0.2086,-2.1197,-4.0342,-4.0342,2.6144,4.2497
20250203,6464,台數科,TWSE,78.0,78.2,77.7,78.0,83367.0,6487516.0,TWSE_RWD_JSON_MI_INDEX,data/daily_price/daily_price_20250203.csv,77.9,78.54,79.6267,79.91,78.6088,-0.6369,-0.7634,-0.6369,-1.7632,-3.5847,32057.15,2.6006,80.2,81.8,81.8,76.5,76.5,75.3,-0.6875,-2.0429,-2.3902,-0.7744,-2.7431,-4.6455,-4.6455,1.9608,3.5857
20250204,6464,台數科,TWSE,78.0,78.0,77.6,77.8,115088.0,8950510.0,TWSE_RWD_JSON_MI_INDEX,data/daily_price/daily_price_20250204.csv,78.16,78.51,79.6,79.8833,78.5414,-0.2564,1.6993,-0.7653,-2.0151,-3.9506,36455.55,3.1569,80.2,81.8,81.8,76.5,76.5,75.3,-0.9043,-2.2613,-2.608,-0.9439,-2.9925,-4.89,-4.89,1.6993,3.3201
20250205,6464,台數科,TWSE,78.1,78.2,77.6,77.8,86630.0,6730950.0,TWSE_RWD_JSON_MI_INDEX,data/daily_price/daily_price_20250205.csv,78.04,78.455,79.58,79.8542,78.4796,0.0,-0.7653,-1.3942,-1.519,-4.305,40383.0,2.1452,80.2,81.8,81.8,76.5,76.5,75.3,-0.8349,-2.2367,-2.5724,-0.8659,-2.9925,-4.89,-4.89,1.6993,3.3201
20250206,6464,台數科,TWSE,77.8,77.8,77.7,77.8,27310.0,2123512.0,TWSE_RWD_JSON_MI_INDEX,data/daily_price/daily_price_20250206.csv,77.98,78.355,79.5267,79.8292,78.4229,0.0,-0.3841,-2.5063,-3.9506,-3.7129,40837.4,0.6687,80.2,81.8,81.8,76.5,76.5,75.3,-0.7083,-2.1712,-2.5419,-0.7943,-2.9925,-4.89,-4.89,1.6993,3.3201
20250207,6464,台數科,TWSE,77.7,77.8,77.6,77.8,86194.0,6697888.0,TWSE_RWD_JSON_MI_INDEX,data/daily_price/daily_price_20250207.csv,77.84,78.245,79.475,79.825,78.371,0.0,-0.8917,-2.75,-3.8319,-0.6386,41996.45,2.0524,79.5,81.8,81.8,76.5,76.5,76.5,-0.5687,-2.1076,-2.5368,-0.7286,-2.1384,-4.89,-4.89,1.6993,1.6993
20250210,6464,台數科,TWSE,77.9,77.9,77.5,77.7,24253.0,1884256.0,TWSE_RWD_JSON_MI_INDEX,data/daily_price/daily_price_20250210.csv,77.78,78.195,79.4317,79.8075,78.3151,-0.1285,-0.3846,-1.2706,-3.2379,-2.6316,41648.15,0.5823,79.3,81.8,81.8,76.5,76.5,76.5,-0.633,-2.1801,-2.6407,-0.7854,-2.0177,-5.0122,-5.0122,1.5686,1.5686
20250211,6464,台數科,TWSE,77.6,77.8,77.5,77.7,36694.0,2851068.0,TWSE_RWD_JSON_MI_INDEX,data/daily_price/daily_price_20250211.csv,77.76,78.145,79.3833,79.7875,78.2639,0.0,-0.1285,-1.2706,-3.598,-2.9963,43265.85,0.8481,79.3,81.8,81.8,76.5,76.5,76.5,-0.5695,-2.1205,-2.6163,-0.7205,-2.0177,-5.0122,-5.0122,1.5686,1.5686
20250212,6464,台數科,TWSE,77.7,77.8,77.7,77.8,27703.0,2155118.0,TWSE_RWD_JSON_MI_INDEX,data/daily_price/daily_price_20250212.csv,77.76,78.085,79.3367,79.77,78.2252,0.1287,0.0,-1.519,-3.4739,-2.6283,44150.95,0.6275,79.2,81.8,81.8,76.5,76.5,76.5,-0.365,-1.9369,-2.4696,-0.5436,-1.7677,-4.89,-4.89,1.6993,1.6993
20250213,6464,台數科,TWSE,77.6,77.8,77.3,77.8,69000.0,5349700.0,TWSE_RWD_JSON_MI_INDEX,data/daily_price/daily_price_20250213.csv,77.76,78.045,79.2883,79.7475,78.1898,0.0,0.0,-1.0178,-3.5936,-3.354,46713.1,1.4771,78.9,81.8,81.8,76.5,76.5,76.5,-0.3139,-1.8771,-2.4421,-0.4985,-1.3942,-4.89,-4.89,1.6993,1.6993
20250214,6464,台數科,TWSE,77.7,77.9,77.6,77.9,41210.0,3204677.0,TWSE_RWD_JSON_MI_INDEX,data/daily_price/daily_price_20250214.csv,77.78,78.015,79.2467,79.7267,78.1656,0.1285,0.1285,-0.7643,-3.1095,-3.1095,48623.55,0.8475,78.9,81.8,81.8,76.5,76.5,76.5,-0.1474,-1.6993,-2.2912,-0.3398,-1.2674,-4.7677,-4.7677,1.8301,1.8301
20250217,6464,台數科,TWSE,77.8,77.9,77.5,77.9,72645.0,5649367.0,TWSE_RWD_JSON_MI_INDEX,data/daily_price/daily_price_20250217.csv,77.82,77.99,79.21,79.7025,78.1435,0.0,0.2574,-0.6378,-2.7466,-3.5891,50397.5,1.4414,78.9,81.8,81.8,76.5,76.5,76.5,-0.1154,-1.6538,-2.2615,-0.3116,-1.2674,-4.7677,-4.7677,1.8301,1.8301
20250218,6464,台數科,TWSE,77.7,77.9,77.7,77.9,50304.0,3915768.0,TWSE_RWD_JSON_MI_INDEX,data/daily_price/daily_price_20250218.csv,77.86,77.96,79.1667,79.6783,78.1232,0.0,0.2574,-0.7643,-3.2298,-3.5891,49963.2,1.0068,78.9,81.8,81.8,76.5,76.5,76.5,-0.077,-1.6,-2.2319,-0.2857,-1.2674,-4.7677,-4.7677,1.8301,1.8301
20250219,6464,台數科,TWSE,78.8,79.9,78.8,79.4,286120.0,22687976.0,TWSE_RWD_JSON_MI_INDEX,data/daily_price/daily_price_20250219.csv,78.18,78.01,79.1533,79.6667,78.2296,1.9255,2.0566,1.2755,-0.9975,-1.7327,58691.15,4.875,79.9,81.8,81.8,76.5,76.5,76.5,1.7818,0.3116,-0.3347,1.4961,-0.6258,-2.934,-2.934,3.7908,3.7908
20250220,6464,台數科,TWSE,79.4,79.5,79.3,79.4,79954.0,6348715.0,TWSE_RWD_JSON_MI_INDEX,data/daily_price/daily_price_20250220.csv,78.5,78.06,79.1433,79.655,78.3271,0.0,2.0566,1.2755,-0.75,-1.7327,62583.0,1.2776,79.9,81.8,81.8,76.5,76.5,76.5,1.7166,0.3243,-0.3201,1.3697,-0.6258,-2.934,-2.934,3.7908,3.7908
20250221,6464,台數科,TWSE,79.4,79.4,79.2,79.4,81313.0,6451172.0,TWSE_RWD_CSV_MI_INDEX,data/daily_price/daily_price_20250221.csv,78.8,78.11,79.1283,79.6433,78.4165,0.0,1.9255,1.2755,-1.1208,-1.7327,65148.15,1.2481,79.9,81.8,81.8,76.5,76.5,76.5,1.6515,0.3433,-0.3055,1.2542,-0.6258,-2.934,-2.934,3.7908,3.7908
20250224,6464,台數科,TWSE,79.3,79.4,79.3,79.3,10375.0,823136.0,TWSE_RWD_JSON_MI_INDEX,data/daily_price/daily_price_20250224.csv,79.08,78.145,79.1117,79.6333,78.4902,-0.1259,1.7972,0.8906,-1.2453,-1.4907,62736.3,0.1654,79.9,81.8,81.8,76.5,76.5,76.5,1.478,0.2381,-0.4186,1.0318,-0.7509,-3.0562,-3.0562,3.6601,3.6601
20250225,6464,台數科,TWSE,79.2,79.8,79.0,79.3,30251.0,2399216.0,TWSE_RWD_JSON_MI_INDEX,data/daily_price/daily_price_20250225.csv,79.36,78.285,79.1,79.6208,78.5576,0.0,1.7972,3.6601,-0.875,-1.8564,63740.4,0.4746,79.9,81.8,81.8,77.3,76.5,76.5,1.2965,0.2528,-0.403,0.945,-0.7509,-3.0562,-3.0562,3.6601,3.6601
20250226,6464,台數科,TWSE,79.3,79.7,79.3,79.4,38225.0,3034274.0,TWSE_RWD_JSON_MI_INDEX,data/daily_price/daily_price_20250226.csv,79.36,78.335,79.0883,79.6108,78.6278,0.1261,0.0,1.2755,-0.8739,-1.4888,64745.1,0.5904,79.9,81.8,81.8,77.3,76.5,76.5,1.3595,0.3941,-0.2648,0.982,-0.6258,-2.934,-2.934,3.7908,3.7908
20250227,6464,台數科,TWSE,77.7,77.9,77.7,77.9,50304.0,3915768.0,TWSE_RWD_JSON_MI_INDEX,data/daily_price/daily_price_20250227.csv,79.06,78.325,79.0467,79.5867,78.5672,-1.8892,-1.8892,-0.2561,-3.1095,-3.5891,65454.7,0.7685,79.9,81.8,81.8,77.3,76.5,76.5,-0.5426,-1.4506,-2.1193,-0.8492,-2.5031,-4.7677,-4.7677,1.8301,1.8301
20250303,6464,台數科,TWSE,79.2,79.5,79.2,79.3,23418.0,1856903.0,TWSE_RWD_JSON_MI_INDEX,data/daily_price/daily_price_20250303.csv,79.04,78.365,79.025,79.5758,78.6283,1.7972,-0.1259,1.0191,-1.6129,-1.6129,66017.9,0.3547,79.9,81.8,81.8,77.3,76.5,76.5,1.1931,0.348,-0.3466,0.8543,-0.7509,-3.0562,-3.0562,3.6601,3.6601
20250304,6464,台數科,TWSE,79.0,79.7,79.0,79.7,13284.0,1055950.0,TWSE_RWD_JSON_MI_INDEX,data/daily_price/daily_price_20250304.csv,79.12,78.45,78.9933,79.5667,78.7176,0.5044,0.5044,2.1795,-2.3284,-1.3614,62513.75,0.2125,79.9,81.8,81.8,77.3,76.5,76.5,1.5934,0.8946,0.1676,1.248,-0.2503,-2.5672,-2.5672,4.183,4.183
20250305,6464,台數科,TWSE,79.3,79.7,79.2,79.3,16280.0,1292759.0,TWSE_RWD_JSON_MI_INDEX,data/daily_price/daily_price_20250305.csv,79.12,78.525,78.975,79.5542,78.7661,-0.5019,0.0,1.928,-1.3682,-1.8564,57573.35,0.2828,79.9,81.0,81.8,77.3,76.5,76.5,0.9869,0.4115,-0.3195,0.6778,-0.7509,-2.0988,-3.0562,3.6601,3.6601
20250306,6464,台數科,TWSE,79.2,79.3,79.2,79.3,28265.0,2240967.0,TWSE_RWD_JSON_MI_INDEX,data/daily_price/daily_price_20250306.csv,79.1,78.6,78.9617,79.545,78.8106,0.0,-0.1259,1.928,-0.9988,-1.3682,54655.1,0.5172,79.9,81.0,81.8,77.3,76.5,76.5,0.8906,0.4285,-0.308,0.621,-0.7509,-2.0988,-3.0562,3.6601,3.6601
20250307,6464,台數科,TWSE,79.5,79.5,79.3,79.4,15100.0,1199219.0,TWSE_RWD_JSON_MI_INDEX,data/daily_price/daily_price_20250307.csv,79.4,78.68,78.945,79.5342,78.8597,0.1261,1.9255,2.0566,-1.2438,-1.6109,54044.6,0.2794,79.9,81.0,81.8,77.3,76.5,76.5,0.9151,0.5764,-0.1687,0.6851,-0.6258,-1.9753,-2.934,3.7908,3.7908
20250310,6464,台數科,TWSE,79.2,79.6,79.2,79.3,20029.0,1589396.0,TWSE_RWD_JSON_MI_INDEX,data/daily_price/daily_price_20250310.csv,79.4,78.755,78.9217,79.5267,78.8964,-0.1259,0.0,1.928,-1.7348,-1.1222,50736.35,0.3948,79.9,81.0,81.8,77.3,76.5,76.5,0.692,0.4794,-0.285,0.5116,-0.7509,-2.0988,-3.0562,3.6601,3.6601
20250311,6464,台數科,TWSE,78.6,79.3,78.2,79.3,30219.0,2376737.0,TWSE_RWD_JSON_MI_INDEX,data/daily_price/daily_price_20250311.csv,79.32,78.835,78.8967,79.52,78.93,0.0,-0.5019,2.0592,-1.8564,-0.9988,51034.65,0.5921,79.9,81.0,81.8,77.3,76.5,76.5,0.5898,0.5112,-0.2767,0.4687,-0.7509,-2.0988,-3.0562,3.6601,3.6601
20250312,6464,台數科,TWSE,79.3,79.3,78.9,79.3,24174.0,1914613.0,TWSE_RWD_JSON_MI_INDEX,data/daily_price/daily_price_20250312.csv,79.32,78.915,78.8717,79.5175,78.9609,0.0,0.0,2.0592,-1.8564,-0.3769,50408.65,0.4796,79.9,81.0,81.8,77.3,76.5,76.5,0.4879,0.5431,-0.2735,0.4295,-0.7509,-2.0988,-3.0562,3.6601,3.6601
20250313,6464,台數科,TWSE,79.1,79.3,79.1,79.1,20032.0,1586749.0,TWSE_RWD_JSON_MI_INDEX,data/daily_price/daily_price_20250313.csv,79.28,78.98,78.8483,79.5117,78.9725,-0.2522,-0.2522,1.671,-1.7391,-0.8772,50025.1,0.4004,79.9,80.8,81.8,77.3,76.5,76.5,0.1519,0.3192,-0.5177,0.1615,-1.0013,-2.104,-3.3007,3.3987,3.3987
20250314,6464,台數科,TWSE,79.5,80.5,79.5,80.5,113886.0,9110806.0,TWSE_RWD_JSON_MI_INDEX,data/daily_price/daily_price_20250314.csv,79.5,79.115,78.8483,79.5175,79.0998,1.7699,1.3854,3.4704,0.0,0.8772,52269.4,2.1788,80.5,80.5,81.8,77.5,76.5,76.5,1.7506,2.0947,1.2356,1.7702,0.0,0.0,-1.5892,5.2288,5.2288
20250317,6464,台數科,TWSE,80.5,80.9,80.4,80.5,28171.0,2270869.0,TWSE_RWD_JSON_MI_INDEX,data/daily_price/daily_price_20250317.csv,79.74,79.245,78.8517,79.5308,79.2164,0.0,1.5132,3.3376,0.2491,2.0279,51617.45,0.5458,80.9,80.9,81.8,77.5,76.5,76.5,1.5837,2.0904,1.2186,1.6203,-0.4944,-0.4944,-1.5892,5.2288,5.2288
20250318,6464,台數科,TWSE,80.6,81.5,80.5,81.5,33087.0,2682841.0,TWSE_RWD_JSON_MI_INDEX,data/daily_price/daily_price_20250318.csv,80.18,79.425,78.8717,79.5525,79.4067,1.2422,2.7743,4.6213,1.4944,3.2953,49639.55,0.6665,81.5,81.5,81.8,77.7,76.5,76.5,2.6125,3.3324,2.4481,2.6361,0.0,0.0,-0.3667,6.5359,6.5359
20250319,6464,台數科,TWSE,81.7,81.7,80.9,81.3,47069.0,3825663.0,TWSE_RWD_JSON_MI_INDEX,data/daily_price/daily_price_20250319.csv,80.58,79.595,78.8883,79.5733,79.5645,-0.2454,2.5221,4.3646,1.2453,3.1726,49477.8,0.9513,81.7,81.7,81.8,77.7,76.5,76.5,2.1421,3.0571,2.1699,2.1812,-0.4896,-0.4896,-0.6112,6.2745,6.2745
20250320,6464,台數科,TWSE,81.2,81.6,81.1,81.6,39227.0,3188952.0,TWSE_RWD_JSON_MI_INDEX,data/daily_price/daily_price_20250320.csv,81.08,79.705,78.9083,79.5883,79.7341,0.369,3.1606,2.7708,1.4925,2.2556,37133.15,1.0564,81.7,81.7,81.8,77.7,76.5,76.5,2.3775,3.4111,2.5276,2.3401,-0.1224,-0.1224,-0.2445,6.6667,6.6667
20250321,6464,台數科,TWSE,81.4,81.4,80.8,81.2,17292.0,1402936.0,TWSE_RWD_JSON_MI_INDEX,data/daily_price/daily_price_20250321.csv,81.22,79.795,78.9267,79.5983,79.8563,-0.4902,0.8696,2.267,1.3733,1.5,34000.05,0.5086,81.7,81.7,81.8,77.7,76.5,76.5,1.7608,2.8803,2.0122,1.6827,-0.612,-0.612,-0.7335,6.1438,6.1438
20250324,6464,台數科,TWSE,80.9,81.5,80.5,80.8,38824.0,3143479.0,TWSE_RWD_JSON_MI_INDEX,data/daily_price/daily_price_20250324.csv,81.28,79.865,78.9433,79.6033,79.9349,-0.4926,0.3727,1.7632,1.2531,0.7481,31875.6,1.218,81.7,81.7,81.8,77.7,76.5,76.5,1.1707,2.3519,1.5033,1.0822,-1.1016,-1.1016,-1.2225,5.6209,5.6209
20250325,6464,台數科,TWSE,80.8,81.7,80.8,81.4,44532.0,3624590.0,TWSE_RWD_JSON_MI_INDEX,data/daily_price/daily_price_20250325.csv,81.26,79.97,78.98,79.615,80.057,0.7426,-0.1227,2.6482,2.7778,1.75,33583.45,1.326,81.7,81.7,81.8,77.7,76.5,76.5,1.7882,3.0641,2.242,1.6775,-0.3672,-0.3672,-0.489,6.4052,6.4052
20250326,6464,台數科,TWSE,81.7,81.7,80.8,81.5,33036.0,2681628.0,TWSE_RWD_JSON_MI_INDEX,data/daily_price/daily_price_20250326.csv,81.3,80.08,79.0133,79.615,80.1773,0.1229,0.246,2.7743,2.5157,0.0,33722.7,0.9796,81.7,81.7,81.8,77.7,76.5,76.5,1.7732,3.1471,2.3676,1.6498,-0.2448,-0.2448,-0.3667,6.5359,6.5359
20250327,6464,台數科,TWSE,81.0,81.7,80.9,81.0,53622.0,4356689.0,TWSE_RWD_JSON_MI_INDEX,data/daily_price/daily_price_20250327.csv,81.18,80.16,79.0383,79.6133,80.2458,-0.6135,-0.7353,2.0151,1.8868,-0.2463,34492.55,1.5546,81.7,81.7,81.8,77.7,76.5,76.5,1.0479,2.4819,1.7418,0.9398,-0.8568,-0.8568,-0.978,5.8824,5.8824
20250328,6464,台數科,TWSE,80.8,81.1,80.3,80.5,68344.0,5509944.0,TWSE_RWD_JSON_MI_INDEX,data/daily_price/daily_price_20250328.csv,81.04,80.29,79.0633,79.6058,80.267,-0.6173,-0.8621,3.3376,1.8987,-1.1057,35394.55,1.9309,81.7,81.7,81.8,78.2,76.5,76.5,0.2616,1.8171,1.1232,0.2903,-1.4688,-1.4688,-1.5892,5.2288,5.2288
20250331,6464,台數科,TWSE,79.8,79.8,78.5,78.6,43855.0,3471992.0,TWSE_RWD_JSON_MI_INDEX,data/daily_price/daily_price_20250331.csv,80.6,80.255,79.0617,79.5842,80.1281,-2.3602,-2.7228,-0.8827,-0.1271,-3.202,36416.4,1.2043,81.7,81.7,81.8,78.2,76.5,76.5,-2.0622,-0.5839,-1.2366,-1.9071,-3.7944,-3.7944,-3.912,2.7451,2.7451
20250401,6464,台數科,TWSE,78.6,80.0,78.6,79.6,42887.0,3409523.0,TWSE_RWD_JSON_MI_INDEX,data/daily_price/daily_price_20250401.csv,80.24,80.25,79.08,79.5725,80.0841,1.2723,-2.2113,-0.1255,1.4013,-1.7284,37896.55,1.1317,81.7,81.7,81.8,78.2,76.5,76.5,-0.81,0.6576,0.0346,-0.6045,-2.5704,-2.5704,-2.6895,4.0523,4.0523
20250402,6464,台數科,TWSE,78.9,79.9,78.9,79.3,61235.0,4863204.0,TWSE_RWD_JSON_MI_INDEX,data/daily_price/daily_price_20250402.csv,79.8,80.25,79.095,79.5583,80.0187,-0.3769,-2.6994,0.0,1.148,-2.0988,40144.3,1.5254,81.7,81.7,81.8,78.2,76.5,76.5,-1.1838,0.2592,-0.3247,-0.8982,-2.9376,-2.9376,-3.0562,3.6601,3.6601
20250407,6464,台數科,listed,71.4,79.0,71.4,78.7,229295.0,17201996.0,,data/daily_price/20250407.csv,79.34,80.22,79.0917,79.5392,79.9089,-0.7566,-2.8395,-0.7566,-0.2535,-2.8395,50195.8,4.568,81.7,81.7,81.8,71.4,71.4,71.4,-1.8948,-0.4952,-1.055,-1.5128,-3.672,-3.672,-3.7897,10.2241,10.2241
20250408,6464,台數科,listed,78.5,78.7,75.2,78.7,74067.0,5706111.0,,data/daily_price/20250408.csv,78.98,80.185,79.0733,79.5217,79.8081,0.0,-2.236,-0.8816,-1.3784,-2.599,53144.15,1.3937,81.7,81.7,81.8,71.4,71.4,71.4,-1.852,-0.4721,-1.0333,-1.3885,-3.672,-3.672,-3.7897,10.2241,10.2241
20250409,6464,台數科,listed,76.6,78.7,76.2,78.7,99844.0,7708445.0,,data/daily_price/20250409.csv,79.0,80.155,79.0517,79.5058,79.7158,0.0,0.1272,-0.7566,-1.625,-2.3573,57134.9,1.7475,81.7,81.7,81.8,71.4,71.4,71.4,-1.8152,-0.4449,-1.0136,-1.2742,-3.672,-3.672,-3.7897,10.2241,10.2241
20250410,6464,台數科,listed,79.8,81.7,78.8,79.3,128777.0,10296109.0,,data/daily_price/20250410.csv,78.94,80.155,79.0617,79.4975,79.6811,0.7624,-0.3769,0.0,0.7624,-1.2453,62062.8,2.0749,81.7,81.7,81.8,71.4,71.4,71.4,-1.0667,0.3015,-0.2484,-0.4783,-2.9376,-2.9376,-3.0562,11.0644,11.0644
20250414,6464,台數科,listed,80.5,80.8,79.0,80.6,69678.0,5567021.0,,data/daily_price/20250414.csv,79.2,80.22,79.0933,79.4983,79.7577,1.6393,1.6393,1.6393,2.4142,0.1242,64338.0,1.083,81.7,81.7,81.8,71.4,71.4,71.4,0.4737,1.9049,1.3858,1.0561,-1.3464,-1.3464,-1.467,12.8852,12.8852
20250415,6464,台數科,listed,80.0,80.4,79.9,79.9,37330.0,2990724.0,,data/daily_price/20250415.csv,79.44,80.26,79.1083,79.4983,79.7696,-0.8685,1.5248,1.0114,1.1392,0.0,65202.9,0.5725,81.7,81.7,81.8,71.4,71.4,71.4,-0.4485,1.0007,0.5053,0.1635,-2.2032,-2.2032,-2.3227,11.9048,11.9048
20250416,6464,台數科,listed,79.2,80.1,78.8,79.7,75739.0,6024796.0,,data/daily_price/20250416.csv,79.64,80.22,79.1267,79.495,79.7638,-0.2503,1.2706,-0.9938,1.3995,-0.4994,63295.55,1.1966,81.7,81.7,81.8,71.4,71.4,71.4,-0.6482,0.7246,0.2579,-0.0799,-2.448,-2.448,-2.5672,11.6246,11.6246
20250417,6464,台數科,listed,79.7,80.3,79.7,79.8,44509.0,3558931.0,,data/daily_price/20250417.csv,79.86,80.185,79.1483,79.4933,79.7668,0.1255,1.3977,-0.8696,1.6561,-0.25,64112.45,0.6942,81.7,81.7,81.8,71.4,71.4,71.4,-0.4801,0.8233,0.3858,0.0416,-2.3256,-2.3256,-2.445,11.7647,11.7647
20250418,6464,台數科,listed,80.2,80.4,79.4,80.2,46060.0,3676400.0,,data/daily_price/20250418.csv,80.04,80.12,79.1783,79.4992,79.8029,0.5013,1.1349,-1.5951,2.2959,0.8805,64761.1,0.7112,81.7,81.7,81.8,71.4,71.4,71.4,0.0999,1.2903,0.8816,0.4976,-1.836,-1.836,-1.956,12.3249,12.3249
20250421,6464,台數科,listed,80.2,80.2,78.9,78.9,31264.0,2485039.0,,data/daily_price/20250421.csv,79.7,80.0,79.185,79.4917,79.7276,-1.6209,-2.1092,-2.952,0.5096,-1.1278,63970.85,0.4887,81.7,81.7,81.8,71.4,71.4,71.4,-1.375,-0.3599,-0.7443,-1.0381,-3.4272,-3.4272,-3.5452,10.5042,10.5042
20250422,6464,台數科,listed,78.9,79.8,78.9,79.6,19000.0,1512200.0,,data/daily_price/20250422.csv,79.64,79.9,79.205,79.495,79.717,0.8872,-0.3755,-2.451,1.5306,0.5051,62959.5,0.3018,81.7,81.7,81.8,71.4,71.4,71.4,-0.3755,0.4987,0.1321,-0.1468,-2.5704,-2.5704,-2.6895,11.4846,11.4846
20250423,6464,台數科,listed,80.0,80.1,79.3,79.7,25264.0,2011554.0,,data/daily_price/20250423.csv,79.64,79.825,79.2267,79.4992,79.7156,0.1256,0.0,-1.8473,1.6582,0.6313,63358.1,0.3987,81.7,81.7,81.8,71.4,71.4,71.4,-0.1566,0.5974,0.2526,-0.0196,-2.448,-2.448,-2.5672,11.6246,11.6246
20250424,6464,台數科,listed,79.8,79.8,79.6,79.8,7220.0,575724.0,,data/daily_price/20250424.csv,79.64,79.775,79.25,79.5042,79.7226,0.1255,0.0,-1.2376,1.7857,0.7576,61777.9,0.1169,81.7,81.7,81.8,71.4,71.4,71.4,0.0313,0.694,0.3721,0.0971,-2.3256,-2.3256,-2.445,11.7647,11.7647
20250425,6464,台數科,listed,79.5,80.1,79.5,79.8,21368.0,1704150.0,,data/daily_price/20250425.csv,79.56,79.695,79.27,79.5067,79.7291,0.0,-0.4988,-1.9656,1.5267,0.3774,60619.7,0.3525,81.7,81.7,81.8,71.4,71.4,71.4,0.1318,0.6686,0.3689,0.089,-2.3256,-2.3256,-2.445,11.7647,11.7647
20250428,6464,台數科,listed,79.5,79.9,79.5,79.9,21066.0,1678192.0,,data/daily_price/20250428.csv,79.76,79.615,79.3267,79.5117,79.7433,0.1253,1.2674,-1.9632,4.4444,0.7566,60021.2,0.351,81.7,81.7,81.8,71.4,71.4,71.4,0.358,0.7227,0.4884,0.1965,-2.2032,-2.2032,-2.3227,11.9048,11.9048
20250429,6464,台數科,listed,79.9,80.0,79.9,79.9,10329.0,825776.0,,data/daily_price/20250429.csv,79.82,79.56,79.3517,79.5158,79.7564,0.0,0.3769,-1.358,1.9133,0.6297,57856.55,0.1785,81.7,81.7,81.8,71.4,71.4,71.4,0.4274,0.691,0.4831,0.1801,-2.2032,-2.2032,-2.3227,11.9048,11.9048
20250430,6464,台數科,listed,79.7,80.0,79.5,80.0,9219.0,735709.0,,data/daily_price/20250430.csv,79.88,79.535,79.3833,79.5208,79.7767,0.1252,0.3764,-0.6211,2.4328,0.7557,54900.3,0.1679,81.7,81.7,81.8,71.4,71.4,71.4,0.5846,0.7768,0.6026,0.2799,-2.0808,-2.0808,-2.2005,12.0448,12.0448
20250502,6464,台數科,listed,79.8,80.3,79.7,80.0,12718.0,1017112.0,,data/daily_price/20250502.csv,79.92,79.605,79.4083,79.5292,79.7953,0.0,0.2506,1.7812,1.9108,1.2658,53343.45,0.2384,81.7,81.7,81.8,71.4,71.4,71.4,0.4962,0.7451,0.592,0.2566,-2.0808,-2.0808,-2.2005,12.0448,12.0448
20250505,6464,台數科,listed,79.6,80.2,79.6,79.8,12245.0,979529.0,,data/daily_price/20250505.csv,79.92,79.615,79.4383,79.5325,79.7957,-0.25,0.0,0.2513,2.3077,0.5038,51811.35,0.2363,81.7,81.7,81.8,71.4,71.4,71.4,0.2324,0.4553,0.3363,0.0054,-2.3256,-2.3256,-2.445,11.7647,11.7647
20250506,6464,台數科,listed,79.5,80.2,79.5,80.0,10192.0,815107.0,,data/daily_price/20250506.csv,79.94,79.65,79.475,79.5375,79.8127,0.2506,0.1252,0.8827,2.8278,0.7557,49259.2,0.2069,81.7,81.7,81.8,71.4,71.4,71.4,0.4394,0.6606,0.5815,0.2347,-2.0808,-2.0808,-2.2005,12.0448,12.0448
20250507,6464,台數科,listed,79.5,79.9,79.5,79.9,5009.0,399515.0,,data/daily_price/20250507.csv,79.94,79.71,79.51,79.545,79.82,-0.125,0.0,1.5248,2.6992,1.1392,38044.9,0.1317,81.7,81.7,81.8,75.2,71.4,71.4,0.2384,0.4905,0.4463,0.1003,-2.2032,-2.2032,-2.3227,11.9048,11.9048
20250508,6464,台數科,listed,80.0,80.2,79.4,80.0,21100.0,1689660.0,,data/daily_price/20250508.csv,79.94,79.775,79.5467,79.5367,79.835,0.1252,0.0,1.6518,2.8278,-1.2346,35396.55,0.5961,81.7,81.7,81.8,76.2,71.4,71.4,0.282,0.5699,0.5825,0.2067,-2.0808,-2.0808,-2.2005,12.0448,12.0448
20250509,6464,台數科,listed,80.0,80.2,79.7,80.2,37301.0,2984819.0,,data/daily_price/20250509.csv,79.98,79.85,79.5867,79.5308,79.8654,0.25,0.25,1.906,3.0848,-0.8653,32269.4,1.1559,81.7,81.7,81.8,78.8,71.4,71.4,0.4383,0.7706,0.8414,0.419,-1.836,-1.836,-1.956,12.3249,12.3249
20250512,6464,台數科,listed,80.2,80.4,80.1,80.4,12475.0,1000789.0,,data/daily_price/20250512.csv,80.1,79.905,79.6317,79.5317,79.9099,0.2494,0.7519,1.3871,3.4749,0.1245,26454.3,0.4716,80.8,81.7,81.8,78.8,71.4,71.4,0.6195,0.9649,1.0918,0.6133,-0.495,-1.5912,-1.7115,12.605,12.605
20250513,6464,台數科,listed,80.3,80.3,79.9,80.3,5295.0,424507.0,,data/daily_price/20250513.csv,80.16,79.89,79.675,79.5292,79.9425,-0.1244,0.375,-0.3722,3.3462,-0.3722,23235.15,0.2279,80.4,81.7,81.8,78.8,71.4,71.4,0.5132,0.7844,0.9692,0.4473,-0.1244,-1.7136,-1.8337,12.465,12.465
20250514,6464,台數科,listed,80.3,80.5,79.8,80.0,16293.0,1307769.0,,data/daily_price/20250514.csv,80.18,79.895,79.7117,79.5242,79.9472,-0.3736,0.1252,0.1252,2.8278,-0.7444,22183.3,0.7345,80.5,81.7,81.8,78.8,71.4,71.4,0.1314,0.3617,0.5984,0.066,-0.6211,-2.0808,-2.2005,12.0448,12.0448
20250515,6464,台數科,listed,80.0,80.3,79.8,80.1,25264.0,2023410.0,,data/daily_price/20250515.csv,80.2,79.915,79.75,79.5192,79.96,0.125,0.125,0.5019,2.9563,-0.7435,19659.55,1.2851,80.5,81.7,81.8,78.9,71.4,71.4,0.2315,0.4389,0.7304,0.1751,-0.4969,-1.9584,-2.0782,12.1849,12.1849
20250516,6464,台數科,listed,80.0,80.0,80.0,80.0,2500.0,200199.0,,data/daily_price/20250516.csv,80.16,79.925,79.785,79.5158,79.9633,-0.1248,-0.2494,0.2506,2.6958,-0.4975,17559.1,0.1424,80.5,81.7,81.8,78.9,71.4,71.4,0.0938,0.2695,0.6089,0.0459,-0.6211,-2.0808,-2.2005,12.0448,12.0448
20250519,6464,台數科,listed,81.2,81.2,79.9,80.1,10449.0,838993.0,,data/daily_price/20250519.csv,80.1,79.92,79.8217,79.5158,79.9747,0.125,-0.3731,-0.1247,2.8241,0.0,15778.55,0.6622,81.2,81.7,81.8,78.9,71.4,71.4,0.2252,0.3487,0.7347,0.1567,-1.3547,-1.9584,-2.0782,12.1849,12.1849
20250520,6464,台數科,listed,80.0,80.2,79.9,80.2,13101.0,1048564.0,,data/daily_price/20250520.csv,80.08,79.985,79.86,79.5133,79.9935,0.1248,-0.1245,1.6477,2.9525,-0.3727,14870.4,0.881,81.2,81.7,81.8,78.9,71.4,71.4,0.2688,0.4257,0.8636,0.2582,-1.2315,-1.836,-1.956,12.3249,12.3249
20250522,6464,台數科,listed,80.9,80.9,80.1,80.6,4000.0,322200.0,,data/daily_price/20250522.csv,80.2,80.035,79.88,79.5167,80.044,0.4988,0.75,1.2563,1.5113,0.4988,14120.4,0.2833,81.2,81.7,81.8,79.3,71.4,71.4,0.7059,0.9014,1.3624,0.6946,-0.7389,-1.3464,-1.467,12.8852,12.8852
20250523,6464,台數科,listed,80.1,80.7,80.1,80.7,11504.0,923808.0,,data/daily_price/20250523.csv,80.32,80.085,79.9017,79.5225,80.0987,0.1241,0.7491,1.2547,1.6373,0.875,13432.4,0.8564,81.2,81.7,81.8,79.4,71.4,71.4,0.7679,0.9991,1.4807,0.7507,-0.6158,-1.224,-1.3447,13.0252,13.0252
20250526,6464,台數科,listed,80.0,80.9,80.0,80.8,17110.0,1380663.0,,data/daily_price/20250526.csv,80.48,80.135,79.925,79.5267,80.1571,0.1239,1.0,1.2531,1.7632,0.6227,13926.9,1.2286,81.2,81.7,81.8,79.4,71.4,71.4,0.8298,1.0948,1.6011,0.802,-0.4926,-1.1016,-1.2225,13.1653,13.1653
20250527,6464,台數科,listed,80.1,80.8,80.1,80.3,8143.0,653968.0,,data/daily_price/20250527.csv,80.52,80.16,79.9417,79.5267,80.169,-0.6188,0.2497,0.6266,1.261,0.0,13265.65,0.6138,81.2,81.7,81.8,79.4,71.4,71.4,0.1747,0.4482,0.9724,0.1634,-1.1084,-1.7136,-1.8337,12.465,12.465
20250528,6464,台數科,listed,80.2,80.5,80.2,80.5,8169.0,655952.0,,data/daily_price/20250528.csv,80.58,80.19,79.9617,79.5308,80.1966,0.2491,0.3741,0.7509,1.5132,0.625,12620.8,0.6473,81.2,81.7,81.8,79.4,71.4,71.4,0.3866,0.6732,1.2186,0.3783,-0.8621,-1.4688,-1.5892,12.7451,12.7451
20250529,6464,台數科,listed,80.2,80.6,80.2,80.5,23145.0,1860433.0,,data/daily_price/20250529.csv,80.56,80.22,79.98,79.5342,80.2219,0.0,-0.1241,0.7509,1.3854,0.4994,13261.6,1.7453,81.2,81.7,81.8,79.4,71.4,71.4,0.349,0.6502,1.2144,0.3467,-0.8621,-1.4688,-1.5892,12.7451,12.7451
20250602,6464,台數科,listed,80.9,81.0,80.2,80.8,30238.0,2441104.0,,data/daily_price/20250602.csv,80.58,80.26,80.0283,79.5375,80.2701,0.3727,0.1239,1.0,3.7227,0.4975,14312.55,2.1127,81.2,81.7,81.8,79.4,71.4,71.4,0.6728,0.9642,1.5873,0.6602,-0.4926,-1.1016,-1.2225,13.1653,13.1653
20250603,6464,台數科,listed,80.4,80.6,80.4,80.5,12010.0,966801.0,,data/daily_price/20250603.csv,80.52,80.285,80.0483,79.5367,80.2892,-0.3713,-0.3713,0.625,1.5132,-0.1241,14277.15,0.8412,81.2,81.7,81.8,79.4,71.4,71.4,0.2678,0.5642,1.2112,0.2625,-0.8621,-1.4688,-1.5892,12.7451,12.7451
20250604,6464,台數科,listed,80.5,80.8,80.2,80.2,9195.0,741369.0,,data/daily_price/20250604.csv,80.5,80.305,80.0567,79.525,80.2818,-0.3727,-0.1245,0.5013,0.6274,-1.7157,14124.65,0.651,81.2,81.7,81.8,79.4,71.4,71.4,-0.1308,0.179,0.8488,-0.1019,-1.2315,-1.836,-1.956,12.3249,12.3249
20250605,6464,台數科,listed,80.5,80.5,80.5,80.5,10171.0,818655.0,,data/daily_price/20250605.csv,80.5,80.33,80.0767,79.5258,80.3,0.3741,0.0,0.625,1.5132,0.1244,14123.6,0.7201,81.2,81.7,81.7,79.4,71.4,71.4,0.2116,0.5287,1.225,0.2491,-0.8621,-1.4688,-1.4688,12.7451,12.7451
20250606,6464,台數科,listed,80.9,80.9,79.8,80.4,10484.0,840464.0,,data/daily_price/20250606.csv,80.48,80.355,80.095,79.5283,80.3083,-0.1242,-0.1242,0.6258,1.3871,0.3745,14397.35,0.7282,81.2,81.7,81.7,79.4,71.4,71.4,0.056,0.3808,1.096,0.1142,-0.9852,-1.5912,-1.5912,12.605,12.605
20250609,6464,台數科,listed,80.1,80.4,80.1,80.3,21005.0,1688002.0,,data/daily_price/20250609.csv,80.38,80.37,80.11,79.5275,80.3076,-0.1244,-0.6188,0.375,1.1335,-0.1244,14392.6,1.4594,81.2,81.7,81.7,79.7,71.4,71.4,-0.0871,0.2372,0.9714,-0.0095,-1.1084,-1.7136,-1.7136,12.465,12.465
20250610,6464,台數科,listed,80.3,81.0,80.3,80.7,20270.0,1635460.0,,data/daily_price/20250610.csv,80.42,80.395,80.1333,79.5275,80.3403,0.4981,0.2484,0.6234,1.7654,0.0,13541.05,1.4969,81.2,81.7,81.7,79.8,71.4,71.4,0.3794,0.7072,1.4743,0.4477,-0.6158,-1.224,-1.224,13.0252,13.0252
20250611,6464,台數科,listed,80.7,80.7,80.3,80.5,10000.0,805500.0,,data/daily_price/20250611.csv,80.48,80.4,80.1533,79.525,80.3536,-0.2478,0.3741,0.1244,1.5132,-0.3713,13417.3,0.7453,81.2,81.7,81.7,79.8,71.4,71.4,0.1244,0.4325,1.226,0.1822,-0.8621,-1.4688,-1.4688,12.7451,12.7451
20250612,6464,台數科,listed,80.5,80.9,80.5,80.8,4054.0,327245.0,,data/daily_price/20250612.csv,80.54,80.425,80.1783,79.525,80.3908,0.3727,0.3727,0.6227,1.8916,0.0,13355.25,0.3036,81.2,81.7,81.7,79.8,71.4,71.4,0.4663,0.7754,1.6033,0.509,-0.4926,-1.1016,-1.1016,13.1653,13.1653
20250613,6464,台數科,listed,80.3,80.6,80.2,80.2,26000.0,2087600.0,,data/daily_price/20250613.csv,80.5,80.435,80.1967,79.5225,80.3749,-0.7426,-0.2488,0.25,1.3906,-0.3727,13840.6,1.8785,81.2,81.7,81.7,79.8,71.4,71.4,-0.2922,0.0042,0.852,-0.2176,-1.2315,-1.836,-1.836,12.3249,12.3249
20250616,6464,台數科,listed,80.2,80.8,80.0,80.8,16291.0,1311780.0,,data/daily_price/20250616.csv,80.6,80.47,80.2017,79.525,80.4103,0.7481,0.6227,0.8739,0.3727,0.3727,13391.95,1.2165,81.2,81.7,81.7,79.8,71.4,71.4,0.4101,0.746,1.6033,0.4846,-0.4926,-1.1016,-1.1016,13.1653,13.1653
20250617,6464,台數科,listed,80.3,80.8,80.3,80.8,23000.0,1856600.0,,data/daily_price/20250617.csv,80.62,80.51,80.2067,79.5292,80.4428,0.0,0.1239,1.0,0.3727,0.6227,14416.95,1.5953,81.2,81.7,81.7,79.8,71.4,71.4,0.3602,0.7398,1.5979,0.444,-0.4926,-1.1016,-1.1016,13.1653,13.1653
20250618,6464,台數科,listed,80.5,80.9,80.5,80.7,16246.0,1312092.0,,data/daily_price/20250618.csv,80.66,80.54,80.1933,79.5325,80.4642,-0.1238,0.2484,0.7491,-0.9816,0.4981,14706.8,1.1047,81.0,81.7,81.7,79.8,71.4,71.4,0.1987,0.6318,1.468,0.293,-0.3704,-1.224,-1.224,13.0252,13.0252
20250619,6464,台數科,listed,80.2,80.8,80.1,80.5,25001.0,2010380.0,,data/daily_price/20250619.csv,80.6,80.555,80.18,79.5342,80.4672,-0.2478,-0.3713,0.3741,-0.984,0.2491,15301.8,1.6339,81.0,81.7,81.7,79.8,71.4,71.4,-0.0683,0.3991,1.2144,0.0407,-0.6173,-1.4688,-1.4688,12.7451,12.7451
20250620,6464,台數科,listed,80.5,80.9,80.5,80.6,12321.0,993735.0,,data/daily_price/20250620.csv,80.68,80.555,80.1633,79.5358,80.4783,0.1242,0.4988,0.0,-1.2255,0.2488,15717.85,0.7839,81.0,81.7,81.7,79.8,71.4,71.4,0.0559,0.5447,1.338,0.1512,-0.4938,-1.3464,-1.3464,12.8852,12.8852
20250623,6464,台數科,listed,80.1,80.7,80.1,80.7,15100.0,1215710.0,,data/daily_price/20250623.csv,80.66,80.555,80.155,79.5408,80.4968,0.1241,-0.1238,0.0,-0.6158,0.7491,15897.65,0.9498,81.0,81.7,81.7,79.8,71.4,71.4,0.18,0.6799,1.4573,0.2525,-0.3704,-1.224,-1.224,13.0252,13.0252
20250624,6464,台數科,listed,80.7,80.9,80.7,80.9,11086.0,896465.0,,data/daily_price/20250624.csv,80.68,80.56,80.1567,79.55,80.5304,0.2478,0.1238,0.1238,0.1238,1.3784,15596.45,0.7108,81.0,81.7,81.7,79.8,71.4,71.4,0.422,0.9274,1.697,0.459,-0.1235,-0.9792,-0.9792,13.3053,13.3053
20250625,6464,台數科,listed,80.6,80.6,80.6,80.6,1140.0,91850.0,,data/daily_price/20250625.csv,80.66,80.575,80.1433,79.5617,80.5362,-0.3708,-0.1239,0.3736,-0.9828,1.7677,15246.3,0.0748,81.0,81.7,81.7,79.8,71.4,71.4,0.031,0.5698,1.3051,0.0793,-0.4938,-1.3464,-1.3464,12.8852,12.8852
20250626,6464,台數科,listed,80.6,81.0,80.6,80.7,16223.0,1310974.0,,data/daily_price/20250626.csv,80.7,80.585,80.13,79.5717,80.5498,0.1241,0.2484,0.2484,-0.9816,1.5094,15649.0,1.0367,81.0,81.7,81.7,79.8,71.4,71.4,0.1427,0.7113,1.418,0.1864,-0.3704,-1.224,-1.224,13.0252,13.0252
20250627,6464,台數科,listed,80.9,81.2,80.6,81.2,15733.0,1274633.0,,data/daily_price/20250627.csv,80.82,80.62,80.1333,79.5858,80.604,0.6196,0.7444,0.8696,0.2469,2.1384,15278.4,1.0298,81.2,81.7,81.7,79.8,71.4,71.4,0.7194,1.3311,2.0282,0.7394,0.0,-0.612,-0.612,13.7255,13.7255
20250630,6464,台數科,listed,81.2,81.2,80.6,80.6,6161.0,498166.0,,data/daily_price/20250630.csv,80.8,80.61,80.135,79.5992,80.6037,-0.7389,-0.1239,-0.2475,0.1242,2.0253,14074.55,0.4377,81.2,81.7,81.7,79.8,71.4,71.4,-0.0124,0.5803,1.2573,-0.0046,-0.7389,-1.3464,-1.3464,12.8852,12.8852
20250701,6464,台數科,listed,80.6,81.7,80.6,80.9,42497.0,3451845.0,,data/daily_price/20250701.csv,80.8,80.63,80.1733,79.6175,80.6284,0.3722,0.0,0.4969,2.9262,2.7954,15598.9,2.7244,81.7,81.7,81.7,79.8,71.4,71.4,0.3349,0.9064,1.6108,0.3369,-0.9792,-0.9792,-0.9792,13.3053,13.3053
20250702,6464,台數科,listed,81.5,81.5,81.0,81.0,9019.0,732839.0,,data/daily_price/20250702.csv,80.88,80.67,80.1967,79.6383,80.6593,0.1236,0.4963,0.9975,1.7588,3.1847,15590.1,0.5785,81.7,81.7,81.7,79.8,71.4,71.4,0.4091,1.0017,1.7098,0.4223,-0.8568,-0.8568,-0.8568,13.4454,13.4454
20250703,6464,台數科,listed,81.4,81.6,81.3,81.4,13910.0,1132431.0,,data/daily_price/20250703.csv,81.02,80.715,80.2317,79.6633,80.7211,0.4938,0.8674,1.118,2.6482,3.8265,15777.05,0.8817,81.7,81.7,81.7,79.8,71.4,71.4,0.8487,1.4562,2.18,0.8411,-0.3672,-0.3672,-0.3672,14.0056,14.0056
20250704,6464,台數科,listed,81.4,81.5,81.2,81.2,4000.0,325600.0,,data/daily_price/20250704.csv,81.02,80.755,80.2733,79.6825,80.761,-0.2457,0.0,0.995,3.1766,2.9151,15452.85,0.2589,81.7,81.7,81.7,80.0,75.2,71.4,0.551,1.1544,1.9044,0.5436,-0.612,-0.612,-0.612,7.9787,13.7255
20250707,6464,台數科,listed,81.4,81.5,81.4,81.5,3130.0,254945.0,,data/daily_price/20250707.csv,81.2,80.815,80.32,79.6967,80.8226,0.3695,1.1166,1.4944,3.5578,2.1303,14559.1,0.215,81.7,81.7,81.7,80.0,76.2,71.4,0.8476,1.4691,2.2627,0.8382,-0.2448,-0.2448,-0.2448,6.9554,14.1457
20250708,6464,台數科,listed,81.7,81.7,81.3,81.3,2050.0,167075.0,,data/daily_price/20250708.csv,81.28,80.845,80.3633,79.7075,80.8623,-0.2454,0.4944,0.7435,3.3037,1.625,13648.1,0.1502,81.7,81.7,81.7,80.0,78.8,71.4,0.5628,1.1655,1.9979,0.5412,-0.4896,-0.4896,-0.4896,3.1726,13.8655
20250709,6464,台數科,listed,81.9,81.9,80.7,81.3,6000.0,487800.0,,data/daily_price/20250709.csv,81.34,80.885,80.3967,79.7292,80.8988,0.0,0.3704,0.9938,2.5221,3.3037,13448.1,0.4462,81.9,81.9,81.9,80.0,78.8,71.4,0.5131,1.1236,1.9702,0.4959,-0.7326,-0.7326,-0.7326,3.1726,13.8655
20250710,6464,台數科,listed,81.0,81.3,81.0,81.3,4000.0,324900.0,,data/daily_price/20250710.csv,81.32,80.91,80.4083,79.7508,80.9322,0.0,-0.1229,0.6188,0.8685,3.3037,13445.4,0.2975,81.9,81.9,81.9,80.0,78.8,71.4,0.482,1.1089,1.9425,0.4544,-0.7326,-0.7326,-0.7326,3.1726,13.8655
20250711,6464,台數科,listed,81.3,81.3,81.3,81.3,3157.0,256544.0,,data/daily_price/20250711.csv,81.34,80.965,80.4317,79.77,80.9629,0.0,0.1232,1.3716,1.7522,2.9114,12303.25,0.2566,81.9,81.9,81.9,80.0,78.8,71.4,0.4138,1.0796,1.918,0.4164,-0.7326,-0.7326,-0.7326,3.1726,13.8655
20250714,6464,台數科,listed,81.5,81.5,81.3,81.3,5000.0,406800.0,,data/daily_price/20250714.csv,81.3,80.99,80.4583,79.7925,80.991,0.0,-0.2454,0.6188,2.0075,3.4351,11738.7,0.4259,81.9,81.9,81.9,80.1,78.9,71.4,0.3828,1.0461,1.8893,0.3815,-0.7326,-0.7326,-0.7326,3.0418,13.8655
20250715,6464,台數科,listed,81.5,81.5,81.4,81.4,5059.0,412200.0,,data/daily_price/20250715.csv,81.32,81.02,80.485,79.8167,81.0251,0.123,0.123,0.7426,2.005,3.6943,10841.65,0.4666,81.9,81.9,81.9,80.1,78.9,71.4,0.469,1.1369,1.9837,0.4627,-0.6105,-0.6105,-0.6105,3.1686,14.0056
20250716,6464,台數科,listed,80.8,81.3,80.7,81.2,12000.0,971000.0,,data/daily_price/20250716.csv,81.3,81.045,80.5017,79.84,81.0396,-0.2457,-0.123,0.6196,1.2469,3.5714,10629.35,1.1289,81.9,81.9,81.9,80.1,78.9,71.4,0.1913,0.8675,1.7034,0.1979,-0.8547,-0.8547,-0.8547,2.9151,13.7255
20250717,6464,台數科,listed,81.0,81.0,80.5,80.6,7007.0,565964.0,,data/daily_price/20250717.csv,81.16,81.05,80.53,79.8575,81.003,-0.7389,-0.861,0.1242,2.1546,2.6752,9729.65,0.7202,81.9,81.9,81.9,80.1,78.9,71.4,-0.5552,0.0869,0.9298,-0.4975,-1.5873,-1.5873,-1.5873,2.1546,12.8852
20250718,6464,台數科,listed,80.3,81.4,80.3,81.3,8100.0,655859.0,,data/daily_price/20250718.csv,81.16,81.085,80.5583,79.8817,81.0278,0.8685,0.0,0.8685,2.1357,3.699,9518.6,0.851,81.9,81.9,81.9,80.1,79.3,71.4,0.2652,0.9207,1.7755,0.336,-0.7326,-0.7326,-0.7326,2.5221,13.8655
20250721,6464,台數科,listed,81.3,81.5,81.3,81.5,5044.0,410837.0,,data/daily_price/20250721.csv,81.2,81.125,80.5883,79.9075,81.0671,0.246,0.246,0.9913,2.2585,3.9541,9015.8,0.5595,81.9,81.9,81.9,80.3,79.4,71.4,0.4622,1.1313,1.9929,0.534,-0.4884,-0.4884,-0.4884,2.6448,14.1457
20250722,6464,台數科,listed,81.1,81.1,81.0,81.0,2001.0,162180.0,,data/daily_price/20250722.csv,81.12,81.13,80.6083,79.9292,81.0615,-0.6135,-0.4914,0.1236,1.5038,3.3163,8561.55,0.2337,81.9,81.9,81.9,80.3,79.4,71.4,-0.1602,0.4859,1.3397,-0.0759,-1.0989,-1.0989,-1.0989,2.0151,13.4454
20250723,6464,台數科,listed,81.3,81.4,81.1,81.1,6007.0,488167.0,,data/daily_price/20250723.csv,81.1,81.155,80.63,79.95,81.0647,0.1235,-0.1232,0.6203,1.6291,3.1807,8804.9,0.6822,81.9,81.9,81.9,80.3,79.4,71.4,-0.0678,0.5829,1.4384,0.0435,-0.9768,-0.9768,-0.9768,2.1411,13.5854
20250724,6464,台數科,listed,80.8,81.0,80.8,80.9,4000.0,323700.0,,data/daily_price/20250724.csv,81.16,81.165,80.6467,79.9867,81.051,-0.2466,0.3722,0.2478,1.2516,5.7516,8193.75,0.4882,81.9,81.9,81.9,80.3,79.4,71.4,-0.3265,0.3141,1.1419,-0.1863,-1.221,-1.221,-1.221,1.8892,13.3053
20250725,6464,台數科,listed,80.9,80.9,80.9,80.9,2040.0,165059.0,,data/daily_price/20250725.csv,81.08,81.15,80.6633,80.0075,81.0384,0.0,-0.492,-0.3695,1.2516,3.1888,7509.1,0.2717,81.9,81.9,81.9,80.3,79.4,71.4,-0.3081,0.2934,1.1155,-0.1708,-1.221,-1.221,-1.221,1.8892,13.3053
20250728,6464,台數科,listed,80.8,81.0,80.8,81.0,4146.0,335421.0,,data/daily_price/20250728.csv,80.98,81.17,80.68,80.0317,81.0352,0.1236,-0.6135,0.4963,1.25,3.7132,7408.35,0.5596,81.9,81.9,81.9,80.3,79.4,71.4,-0.2094,0.3966,1.2099,-0.0435,-1.0989,-1.0989,-1.0989,2.0151,13.4454
20250729,6464,台數科,listed,81.0,81.1,80.8,80.9,8278.0,670208.0,,data/daily_price/20250729.csv,80.96,81.17,80.695,80.0517,81.0239,-0.1235,-0.1235,0.0,1.125,3.0573,5697.4,1.4529,81.9,81.9,81.9,80.3,79.4,71.4,-0.3326,0.254,1.0597,-0.153,-1.221,-1.221,-1.221,1.8892,13.3053
20250730,6464,台數科,listed,81.3,81.3,81.3,81.3,4011.0,326095.0,,data/daily_price/20250730.csv,81.0,81.185,80.72,80.0792,81.047,0.4944,0.2466,0.3704,1.8797,4.2308,5447.0,0.7364,81.9,81.9,81.9,80.3,79.4,71.4,0.1417,0.7185,1.5245,0.3122,-0.7326,-0.7326,-0.7326,2.3929,13.8655
20250731,6464,台數科,listed,80.5,81.1,80.5,81.0,14007.0,1132467.0,,data/daily_price/20250731.csv,81.02,81.165,80.7367,80.1058,81.043,-0.369,0.1236,-0.4914,1.25,4.1131,5451.85,2.5692,81.9,81.9,81.9,80.3,79.4,71.4,-0.2033,0.3262,1.1162,-0.0531,-1.0989,-1.0989,-1.0989,2.0151,13.4454
20250801,6464,台數科,listed,80.3,80.9,80.3,80.9,14017.0,1128576.0,,data/daily_price/20250801.csv,81.02,81.15,80.7533,80.1317,81.0311,-0.1235,0.0,-0.3695,1.2516,3.9846,5952.7,2.3547,81.9,81.9,81.9,80.3,79.4,71.4,-0.3081,0.1816,0.9588,-0.1618,-1.221,-1.221,-1.221,1.8892,13.3053
20250804,6464,台數科,listed,80.3,80.8,80.2,80.8,21053.0,1696769.0,,data/daily_price/20250804.csv,80.98,81.115,80.7667,80.1567,81.0119,-0.1236,-0.2469,-0.8589,1.0,3.856,6848.85,3.0739,81.9,81.9,81.9,80.2,79.7,71.4,-0.3883,0.0413,0.8026,-0.2615,-1.3431,-1.3431,-1.3431,1.3802,13.1653
20250805,6464,台數科,listed,80.8,80.9,80.6,80.7,12147.0,982061.0,,data/daily_price/20250805.csv,80.94,81.085,80.775,80.1808,80.9859,-0.1238,-0.2472,-0.738,0.6234,3.7275,7353.7,1.6518,81.9,81.9,81.9,80.2,79.8,71.4,-0.4748,-0.0929,0.6475,-0.353,-1.4652,-1.4652,-1.4652,1.1278,13.0252
20250806,6464,台數科,listed,80.7,80.7,80.0,80.7,119482.0,9613321.0,,data/daily_price/20250806.csv,80.82,81.055,80.78,80.2058,80.962,0.0,-0.738,-0.738,0.3731,3.861,13027.8,9.1713,81.5,81.9,81.9,80.0,79.8,71.4,-0.438,-0.099,0.6161,-0.3237,-0.9816,-1.4652,-1.4652,1.1278,13.0252
20250807,6464,台數科,listed,80.8,81.1,80.7,81.0,17329.0,1401104.0,,data/daily_price/20250807.csv,80.82,81.04,80.7917,80.2333,80.9652,0.3717,0.0,-0.369,0.8717,4.2471,13694.25,1.2654,81.5,81.9,81.9,80.0,79.8,71.4,-0.0494,0.2579,0.9555,0.043,-0.6135,-1.0989,-1.0989,1.5038,13.4454
20250808,6464,台數科,listed,80.8,81.0,80.8,80.8,4311.0,348453.0,,data/daily_price/20250808.csv,80.8,81.015,80.805,80.2583,80.9514,-0.2469,-0.1236,-0.615,1.0,3.856,13751.95,0.3135,81.5,81.9,81.9,80.0,79.8,71.4,-0.2654,-0.0062,0.6749,-0.1871,-0.8589,-1.3431,-1.3431,1.2531,13.1653
20250811,6464,台數科,listed,80.5,81.0,80.5,81.0,7683.0,621409.0,,data/daily_price/20250811.csv,80.84,81.0,80.82,80.285,80.9555,0.2475,0.2475,-0.369,1.1236,4.1131,13886.1,0.5533,81.5,81.9,81.9,80.0,79.8,71.4,0.0,0.2227,0.8906,0.055,-0.6135,-1.0989,-1.0989,1.5038,13.4454
20250812,6464,台數科,listed,81.2,81.3,81.1,81.1,24147.0,1960535.0,,data/daily_price/20250812.csv,80.92,80.985,80.8383,80.3117,80.9675,0.1235,0.4957,-0.3686,1.375,4.1078,14840.5,1.6271,81.5,81.9,81.9,80.0,79.8,71.4,0.142,0.3237,0.9816,0.1636,-0.4908,-0.9768,-0.9768,1.6291,13.5854
20250813,6464,台數科,listed,77.8,79.0,77.3,78.8,40199.0,3157737.0,,data/daily_price/20250813.csv,80.54,80.865,80.8167,80.3192,80.7869,-2.836,-2.3544,-2.9557,-1.623,1.1553,16250.45,2.4737,81.5,81.9,81.9,77.3,77.3,71.4,-2.5536,-2.4954,-1.8914,-2.4594,-3.3129,-3.7851,-3.7851,1.9405,10.3641
20250814,6464,台數科,listed,78.0,78.5,78.0,78.5,20670.0,1621183.0,,data/daily_price/20250814.csv,80.04,80.76,80.7883,80.3242,80.5963,-0.3807,-3.0864,-2.6055,-2.1197,0.7702,16933.6,1.2207,81.5,81.9,81.9,77.3,77.3,71.4,-2.7984,-2.8325,-2.271,-2.601,-3.681,-4.1514,-4.1514,1.5524,9.944
20250815,6464,台數科,listed,78.5,78.7,78.5,78.5,24335.0,1910609.0,,data/daily_price/20250815.csv,79.58,80.62,80.7533,80.3167,80.4216,0.0,-2.8465,-3.444,-2.6055,-1.1335,17745.35,1.3713,81.5,81.9,81.9,77.3,77.3,71.4,-2.6296,-2.7904,-2.2619,-2.3895,-3.681,-4.1514,-4.1514,1.5524,9.944
20250818,6464,台數科,listed,78.5,78.6,78.2,78.5,12961.0,1017193.0,,data/daily_price/20250818.csv,79.08,80.47,80.7167,80.3092,80.2615,0.0,-3.0864,-3.681,-2.7261,-1.1335,18141.2,0.7145,81.4,81.9,81.9,77.3,77.3,71.4,-2.4481,-2.7462,-2.2528,-2.1947,-3.5627,-4.1514,-4.1514,1.5524,9.944
20250819,6464,台數科,listed,78.3,78.9,78.3,78.8,11119.0,874231.0,,data/daily_price/20250819.csv,78.62,80.36,80.6833,80.3042,80.1397,0.3822,-2.836,-2.716,-2.4752,-0.7557,18597.1,0.5979,81.4,81.9,81.9,77.3,77.3,71.4,-1.9413,-2.3342,-1.8731,-1.6717,-3.1941,-3.7851,-3.7851,1.9405,10.3641
20250820,6464,台數科,listed,78.9,78.9,78.1,78.2,8180.0,640943.0,,data/daily_price/20250820.csv,78.5,80.215,80.6483,80.295,79.9781,-0.7614,-0.7614,-3.5758,-2.6152,-1.3871,18705.75,0.4373,81.3,81.9,81.9,77.3,77.3,71.4,-2.512,-3.0358,-2.6091,-2.2232,-3.813,-4.5177,-4.5177,1.1643,9.5238
20250821,6464,台數科,listed,78.8,78.9,78.4,78.9,12000.0,945300.0,,data/daily_price/20250821.csv,78.58,80.115,80.6217,80.2917,79.8882,0.8951,0.5096,-2.4722,-1.9876,-0.5044,19105.75,0.6281,81.3,81.9,81.9,77.3,77.3,71.4,-1.5166,-2.1355,-1.7333,-1.237,-2.952,-3.663,-3.663,2.0699,10.5042
20250822,6464,台數科,listed,78.5,78.5,78.5,78.5,1000.0,78500.0,,data/daily_price/20250822.csv,78.58,79.995,80.5883,80.2842,79.7725,-0.507,0.0,-2.9666,-2.4845,-1.1335,19053.75,0.0525,81.3,81.9,81.9,77.3,77.3,71.4,-1.8689,-2.5914,-2.2223,-1.5952,-3.444,-4.1514,-4.1514,1.5524,9.944
20250825,6464,台數科,listed,78.4,78.4,78.3,78.3,7627.0,597287.0,,data/daily_price/20250825.csv,78.54,79.86,80.5467,80.2875,79.6498,-0.2548,-0.2548,-3.3333,-3.0941,0.5135,19227.8,0.3967,81.3,81.9,81.9,77.3,77.3,71.4,-1.9534,-2.7893,-2.4755,-1.6947,-3.69,-4.3956,-4.3956,1.2937,9.6639
20250826,6464,台數科,listed,78.3,78.8,78.2,78.7,9000.0,705000.0,,data/daily_price/20250826.csv,78.52,79.75,80.5167,80.2825,79.5707,0.5109,-0.1269,-2.7194,-2.236,-0.7566,19263.9,0.4672,81.3,81.9,81.9,77.3,77.3,71.4,-1.3166,-2.2563,-1.9712,-1.0942,-3.198,-3.9072,-3.9072,1.8111,10.2241
20250827,6464,台數科,listed,78.2,78.3,78.2,78.3,8007.0,626748.0,,data/daily_price/20250827.csv,78.54,79.6,80.485,80.2708,79.4648,-0.5083,0.1279,-3.69,-2.3691,-1.7566,19463.7,0.4114,81.3,81.9,81.9,77.3,77.3,71.4,-1.6332,-2.7148,-2.4552,-1.4658,-3.69,-4.3956,-4.3956,1.2937,9.6639
20250828,6464,台數科,listed,78.1,78.1,78.1,78.1,8232.0,642978.0,,data/daily_price/20250828.csv,78.38,79.455,80.445,80.2608,79.3511,-0.2554,-1.0139,-3.5802,-2.9814,-1.5132,19174.95,0.4293,81.3,81.9,81.9,77.3,77.3,71.4,-1.7054,-2.915,-2.6923,-1.5766,-3.936,-4.6398,-4.6398,1.0349,9.3838
20250829,6464,台數科,listed,78.1,78.2,77.8,78.2,16027.0,1249116.0,,data/daily_price/20250829.csv,78.32,79.32,80.4083,80.2517,79.2551,0.128,-0.3822,-3.3375,-2.7363,-1.3871,19275.45,0.8315,81.3,81.9,81.9,77.3,77.3,71.4,-1.412,-2.7464,-2.5565,-1.3313,-3.813,-4.5177,-4.5177,1.1643,9.5238
20250901,6464,台數科,listed,78.0,78.0,77.8,77.8,26035.0,2027522.0,,data/daily_price/20250901.csv,78.22,79.17,80.3667,80.2383,79.1339,-0.5115,-0.6386,-3.7129,-3.1133,-2.0151,19524.55,1.3334,81.3,81.9,81.9,77.3,77.3,71.4,-1.7305,-3.1937,-3.0389,-1.6856,-4.305,-5.0061,-5.0061,0.6468,8.9636
20250902,6464,台數科,listed,77.9,77.9,77.9,77.9,1109.0,86419.0,,data/daily_price/20250902.csv,78.06,79.03,80.32,80.2267,79.031,0.1285,-1.0165,-3.4696,-3.4696,-1.7654,18972.65,0.0585,81.3,81.9,81.9,77.3,77.3,71.4,-1.4298,-3.0129,-2.9001,-1.4311,-4.182,-4.884,-4.884,0.7762,9.1036
20250903,6464,台數科,listed,77.7,77.9,77.6,77.7,13068.0,1016381.0,,data/daily_price/20250903.csv,77.94,78.88,80.2733,80.2133,78.9201,-0.2567,-0.7663,-3.7175,-3.4783,-2.0177,13651.95,0.9572,81.3,81.9,81.9,77.3,77.3,71.4,-1.4959,-3.2057,-3.1333,-1.546,-4.428,-5.1282,-5.1282,0.5175,8.8235
20250904,6464,台數科,listed,78.0,78.7,78.0,78.3,12040.0,944241.0,,data/daily_price/20250904.csv,77.98,78.745,80.2317,80.205,78.8685,0.7722,0.2561,-3.3333,-3.0941,-1.261,13387.5,0.8993,81.3,81.9,81.9,77.3,77.3,71.4,-0.5651,-2.4076,-2.3752,-0.7208,-3.69,-4.3956,-4.3956,1.2937,9.6639
20250905,6464,台數科,listed,78.0,78.0,77.8,77.8,13000.0,1013300.0,,data/daily_price/20250905.csv,77.9,78.595,80.1917,80.1942,78.7794,-0.6386,-0.5115,-3.7129,-2.9925,-1.6435,13821.95,0.9405,81.3,81.9,81.9,77.3,77.3,71.4,-1.0115,-2.9824,-2.9855,-1.2432,-4.305,-5.0061,-5.0061,0.6468,8.9636
20250909,6464,台數科,listed,78.7,78.7,78.0,78.5,14282.0,1118405.0,,data/daily_price/20250909.csv,78.04,78.47,80.1533,80.1775,78.7561,0.8997,0.8997,-3.0864,-2.8465,-2.4845,14151.9,1.0092,81.3,81.9,81.9,77.3,77.3,71.4,0.0382,-2.0627,-2.0922,-0.3252,-3.444,-4.1514,-4.1514,1.5524,9.944
20250910,6464,台數科,listed,78.3,78.3,77.9,78.0,12112.0,944736.0,,data/daily_price/20250910.csv,78.06,78.315,80.1067,80.1567,78.6931,-0.6369,0.1284,-3.8224,-3.4653,-3.1056,13550.15,0.8939,79.0,81.9,81.9,77.3,77.3,71.4,-0.4022,-2.6298,-2.6906,-0.8808,-1.2658,-4.7619,-4.7619,0.9056,9.2437
20250911,6464,台數科,listed,78.0,78.1,78.0,78.1,7646.0,596592.0,,data/daily_price/20250911.csv,78.14,78.28,80.0633,80.1283,78.6437,0.1282,0.5148,-0.8883,-3.2218,-4.1718,11922.5,0.6413,78.9,81.9,81.9,77.6,77.3,71.4,-0.2299,-2.4522,-2.5314,-0.6913,-1.0139,-4.6398,-4.6398,1.0349,9.3838
20250917,6464,台數科,listed,77.7,78.0,77.7,77.8,10616.0,826706.0,,data/daily_price/20250917.csv,78.04,78.245,80.0183,80.0992,78.5734,-0.3841,-0.6386,-0.8917,-3.354,-4.305,11419.8,0.9296,78.9,81.9,81.9,77.6,77.3,71.4,-0.5687,-2.7723,-2.8704,-0.9843,-1.3942,-5.0061,-5.0061,0.6468,8.9636
20250918,6464,台數科,listed,77.3,77.7,77.3,77.7,4420.0,342585.0,,data/daily_price/20250918.csv,78.02,78.205,79.97,80.0667,78.5006,-0.1285,-0.1285,-1.0191,-3.598,-4.7794,10424.05,0.424,78.9,81.9,81.9,77.3,77.3,71.4,-0.6457,-2.8386,-2.9559,-1.0199,-1.5209,-5.1282,-5.1282,0.5175,8.8235
20250919,6464,台數科,listed,77.7,78.2,77.7,78.0,13731.0,1070656.0,,data/daily_price/20250919.csv,77.92,78.18,79.925,80.04,78.4589,0.3861,-0.6369,-0.6369,-3.3457,-3.9409,10462.55,1.3124,78.9,81.9,81.9,77.3,77.3,71.4,-0.2302,-2.4085,-2.5487,-0.5849,-1.1407,-4.7619,-4.7619,0.9056,9.2437
20250922,6464,台數科,listed,77.7,77.7,77.6,77.6,805519.0,62828729.0,,data/daily_price/20250922.csv,77.84,78.12,79.87,80.0133,78.3873,-0.5128,-0.5128,-1.5228,-4.0791,-3.9604,50182.55,16.0518,78.9,81.9,81.9,77.3,77.3,71.4,-0.6656,-2.8421,-3.0162,-1.0044,-1.6477,-5.2503,-5.2503,0.3881,8.6835
20250923,6464,台數科,listed,77.6,77.6,77.5,77.5,817000.0,63722300.0,,data/daily_price/20250923.csv,77.72,78.085,79.8183,79.9808,78.3134,-0.1289,-0.7682,-0.8951,-3.8462,-4.7912,90623.55,9.0153,78.9,81.9,81.9,77.3,77.3,71.4,-0.7492,-2.9045,-3.1018,-1.0386,-1.7744,-5.3724,-5.3724,0.2587,8.5434
20250924,6464,台數科,listed,77.5,77.9,77.5,77.7,14073.0,1091764.0,,data/daily_price/20250924.csv,77.7,78.025,79.7683,79.9492,78.2623,0.2581,-0.1285,-1.5209,-3.7175,-4.6626,90727.2,0.1551,78.8,81.9,81.9,77.3,77.3,71.4,-0.4165,-2.5929,-2.8132,-0.7184,-1.3959,-5.1282,-5.1282,0.5175,8.8235
20250925,6464,台數科,listed,77.6,77.6,77.2,77.2,19196.0,1485793.0,,data/daily_price/20250925.csv,77.6,77.96,79.7017,79.9175,78.1737,-0.6435,-0.6435,-1.6561,-4.9261,-4.6914,91637.0,0.2095,78.8,81.9,81.9,77.2,77.2,71.4,-0.9749,-3.1388,-3.4004,-1.2456,-2.0305,-5.7387,-5.7387,0.0,8.1232
20250926,6464,台數科,listed,77.5,77.8,74.8,77.5,117752.0,9024665.0,,data/daily_price/20250926.csv,77.5,77.92,79.65,79.8925,78.1176,0.3886,-0.641,-1.0217,-3.8462,-3.7267,97143.25,1.2121,78.8,81.9,81.9,74.8,74.8,71.4,-0.539,-2.6993,-2.9946,-0.7906,-1.6497,-5.3724,-5.3724,3.6096,8.5434
20250930,6464,台數科,listed,77.4,78.0,77.4,78.0,19048.0,1478438.0,,data/daily_price/20250930.csv,77.58,77.885,79.6017,79.8875,78.1078,0.6452,0.5155,-0.8895,-3.5847,-0.7634,97645.65,0.1951,78.7,81.9,81.9,74.8,74.8,71.4,0.1477,-2.0121,-2.3627,-0.138,-0.8895,-4.7619,-4.7619,4.2781,9.2437
20251001,6464,台數科,listed,78.3,78.3,78.2,78.2,4147.0,324470.0,,data/daily_price/20251001.csv,77.72,77.88,79.555,79.8758,78.1155,0.2564,0.9032,-0.1277,-3.4568,-1.7588,97452.65,0.0426,78.7,81.9,81.9,74.8,74.8,71.4,0.4109,-1.7032,-2.098,0.1082,-0.6353,-4.5177,-4.5177,4.5455,9.5238
20251002,6464,台數科,listed,76.9,78.1,76.9,78.1,468194.0,36505821.0,,data/daily_price/20251002.csv,77.8,77.88,79.5,79.8658,78.1142,-0.1279,0.5148,0.0,-4.0541,-1.5132,120450.75,3.887,78.7,81.9,81.9,74.8,74.8,71.4,0.2825,-1.761,-2.211,-0.0182,-0.7624,-4.6398,-4.6398,4.4118,9.3838
20251003,6464,台數科,listed,78.1,78.3,78.1,78.3,13220.0,1033608.0,,data/daily_price/20251003.csv,78.02,77.885,79.4517,79.8625,78.1297,0.2561,1.4249,0.1279,-3.5714,-0.5083,120310.4,0.1099,78.7,81.9,81.9,74.8,74.8,74.8,0.5328,-1.4495,-1.9565,0.218,-0.5083,-4.3956,-4.3956,4.6791,4.6791
20251007,6464,台數科,listed,78.3,78.3,77.5,78.2,8053.0,628418.0,,data/daily_price/20251007.csv,78.16,77.905,79.3967,79.8583,78.1355,-0.1277,0.9032,0.5141,-4.0491,-0.6353,119411.3,0.0674,78.7,81.9,81.9,74.8,74.8,74.8,0.3787,-1.5072,-2.0766,0.0825,-0.6353,-4.5177,-4.5177,4.5455,4.5455
20251008,6464,台數科,listed,78.2,78.2,77.1,78.0,15202.0,1182377.0,,data/daily_price/20251008.csv,78.16,77.91,79.3417,79.8525,78.1242,-0.2558,0.0,0.1284,-4.059,-0.8895,120115.95,0.1266,78.7,81.9,81.9,74.8,74.8,74.8,0.1155,-1.691,-2.3199,-0.159,-0.8895,-4.7619,-4.7619,4.2781,4.2781
20251009,6464,台數科,listed,78.0,78.0,77.5,78.0,19058.0,1485320.0,,data/daily_price/20251009.csv,78.12,77.925,79.2867,79.8417,78.1139,0.0,-0.2558,0.3861,-4.059,-1.6393,120415.45,0.1583,78.7,81.5,81.9,74.8,74.8,74.8,0.0962,-1.6228,-2.3066,-0.1458,-0.8895,-4.2945,-4.7619,4.2781,4.2781
20251013,6464,台數科,listed,77.9,78.2,77.4,77.4,5616.0,435737.0,,data/daily_price/20251013.csv,77.98,77.88,79.2217,79.815,78.0544,-0.7692,-0.8963,-1.1494,-4.797,-3.9702,120094.25,0.0468,78.7,81.5,81.9,74.8,74.8,74.8,-0.6163,-2.2995,-3.0257,-0.8384,-1.6518,-5.0307,-5.4945,3.4759,3.4759
20251014,6464,台數科,listed,77.1,77.8,77.1,77.5,23015.0,1784661.0,,data/daily_price/20251014.csv,77.82,77.865,79.1583,79.795,78.0082,0.1292,-1.0217,-0.3856,-4.674,-3.0038,120595.0,0.1908,78.7,81.5,81.9,74.8,74.8,74.8,-0.4688,-2.095,-2.8761,-0.6515,-1.5248,-4.908,-5.3724,3.6096,3.6096
20251016,6464,台數科,listed,77.3,77.9,77.3,77.9,9547.0,740767.0,,data/daily_price/20251016.csv,77.76,77.835,79.1017,79.78,77.9992,0.5161,-0.3836,-0.7643,-4.182,-2.2585,120358.25,0.0793,78.3,81.5,81.9,74.8,74.8,74.8,0.0835,-1.5191,-2.3565,-0.1272,-0.5109,-4.4172,-4.884,4.1444,4.1444
20251020,6464,台數科,listed,77.8,78.3,77.3,78.0,193090.0,15058202.0,,data/daily_price/20251020.csv,77.76,77.835,79.045,79.765,77.9992,0.1284,0.0,0.0,-4.1769,-2.2556,129407.15,1.4921,78.3,81.5,81.9,74.8,74.8,74.8,0.212,-1.322,-2.2127,0.001,-0.3831,-4.2945,-4.7619,4.2781,4.2781
20251021,6464,台數科,listed,77.9,78.0,77.7,78.0,67065.0,5230257.0,,data/daily_price/20251021.csv,77.76,77.83,78.9917,79.7467,77.9993,0.0,0.0,-0.128,-3.9409,-2.7431,132378.1,0.5066,78.3,81.5,81.9,74.8,74.8,74.8,0.2184,-1.2554,-2.1903,0.0009,-0.3831,-4.2945,-4.7619,4.2781,4.2781
20251022,6464,台數科,listed,78.0,78.0,78.0,78.0,62135.0,4846470.0,,data/daily_price/20251022.csv,77.88,77.84,78.9483,79.7392,77.9994,0.0,0.7752,0.2571,-3.2258,-1.1407,134954.05,0.4604,78.3,81.5,81.9,74.8,74.8,74.8,0.2055,-1.2012,-2.1811,0.0008,-0.3831,-4.2945,-4.7619,4.2781,4.2781
20251023,6464,台數科,listed,78.0,78.1,77.8,77.8,33050.0,2577800.0,,data/daily_price/20251023.csv,77.94,77.845,78.89,79.7242,77.9828,-0.2564,0.3871,0.1287,-4.305,-2.2613,136385.55,0.2423,78.3,81.5,81.9,74.8,74.8,74.8,-0.0578,-1.3817,-2.4135,-0.2343,-0.6386,-4.5399,-5.0061,4.0107,4.0107
20251027,6464,台數科,listed,78.2,78.2,77.6,77.6,5325.0,414183.0,,data/daily_price/20251027.csv,77.88,77.825,78.825,79.7067,77.9509,-0.2571,-0.3851,-0.5128,-4.7853,-2.6349,135965.25,0.0392,78.3,81.4,81.9,74.8,74.8,74.8,-0.2891,-1.5541,-2.643,-0.4501,-0.894,-4.6683,-5.2503,3.7433,3.7433
20251028,6464,台數科,listed,77.4,77.4,77.4,77.4,2000.0,154800.0,,data/daily_price/20251028.csv,77.76,77.815,78.765,79.6867,77.905,-0.2577,-0.7692,-0.2577,-4.4444,-3.0075,95789.3,0.0209,78.3,81.4,81.9,74.8,74.8,74.8,-0.5333,-1.733,-2.8696,-0.6482,-1.1494,-4.914,-5.4945,3.4759,3.4759
20251029,6464,台數科,listed,77.3,77.9,77.2,77.7,20349.0,1576318.0,,data/daily_price/20251029.csv,77.7,77.825,78.7083,79.6692,77.8879,0.3876,-0.3846,0.2581,-4.1924,-2.6316,55956.75,0.3637,78.3,81.3,81.9,74.8,74.8,74.8,-0.1606,-1.2811,-2.4717,-0.2412,-0.7663,-4.428,-5.1282,3.877,3.877
20251030,6464,台數科,listed,77.7,77.7,77.3,77.7,5050.0,391185.0,,data/daily_price/20251030.csv,77.64,77.825,78.655,79.6508,77.8722,0.0,-0.3846,0.0,-3.9555,-2.7534,55505.6,0.091,78.3,81.3,81.9,74.8,74.8,74.8,-0.1606,-1.2142,-2.4492,-0.2212,-0.7663,-4.428,-5.1282,3.877,3.877
20251031,6464,台數科,listed,77.7,77.7,77.3,77.3,6121.0,473548.0,,data/daily_price/20251031.csv,77.54,77.83,78.595,79.6292,77.8245,-0.5148,-0.6427,0.1295,-4.4499,-3.2541,54851.85,0.1116,78.3,81.3,81.9,74.8,74.8,74.8,-0.681,-1.6477,-2.925,-0.674,-1.2771,-4.92,-5.6166,3.3422,3.3422
20251103,6464,台數科,TWSE,76.3,77.3,76.3,76.9,5035.0,,,data/daily_price/20251103.csv,77.4,77.8,78.5267,79.6033,77.7475,-0.5175,-0.9021,-0.7742,-5.0617,-3.875,49216.0,0.1023,78.3,81.3,81.9,76.3,74.8,74.8,-1.1568,-2.0715,-3.396,-1.0901,-1.788,-5.4121,-6.105,2.8075,2.8075
20251104,6464,台數科,TWSE,77.0,77.0,77.0,77.0,5081.0,,,data/daily_price/20251104.csv,77.32,77.75,78.4617,79.5783,77.6852,0.13,-0.5168,-1.2821,-4.8208,-3.75,48517.65,0.1047,78.3,81.3,81.9,76.3,74.8,74.8,-0.9646,-1.8629,-3.24,-0.882,-1.6603,-5.2891,-5.9829,2.9412,2.9412
20251105,6464,台數科,TWSE,76.1,77.2,76.1,76.8,10415.0,,,data/daily_price/20251105.csv,77.14,77.68,78.3867,79.5533,77.6114,-0.2597,-1.1583,-1.7903,-5.5351,-3.7594,48831.05,0.2133,78.3,81.3,81.9,76.1,74.8,74.8,-1.1329,-2.0242,-3.461,-1.0455,-1.9157,-5.5351,-6.2271,2.6738,2.6738
20251106,6464,台數科,TWSE,77.3,78.0,77.3,77.5,14141.0,,,data/daily_price/20251106.csv,77.1,77.65,78.3283,79.5325,77.6021,0.9115,-0.2574,-0.7682,-4.321,-3.125,26128.4,0.5412,78.3,81.3,81.9,76.1,74.8,74.8,-0.1932,-1.0575,-2.5556,-0.1316,-1.0217,-4.674,-5.3724,3.6096,3.6096
20251107,6464,台數科,TWSE,76.8,76.8,76.8,76.8,1453.0,,,data/daily_price/20251107.csv,77.0,77.575,78.26,79.5067,77.5353,-0.9032,-0.6468,-1.9157,-5.068,-3.8798,25540.05,0.0569,78.3,81.3,81.9,76.1,74.8,74.8,-0.999,-1.8656,-3.4043,-0.9483,-1.9157,-5.5351,-6.2271,2.6738,2.6738
20251110,6464,台數科,TWSE,76.8,77.1,76.8,77.1,2093.0,,,data/daily_price/20251110.csv,77.04,77.52,78.1983,79.4825,77.499,0.3906,0.2601,-1.4066,-4.5792,-3.625,25242.05,0.0829,78.3,81.3,81.9,76.1,74.8,74.8,-0.5418,-1.4045,-2.9975,-0.5149,-1.5326,-5.1661,-5.8608,3.0749,3.0749
20251111,6464,台數科,TWSE,77.5,77.6,77.5,77.5,9928.0,,,data/daily_price/20251111.csv,77.14,77.495,78.145,79.46,77.4991,0.5188,0.6494,-0.641,-3.9653,-3.3666,24978.35,0.3975,78.3,81.3,81.9,76.1,74.8,74.8,0.0065,-0.8254,-2.4666,0.0012,-1.0217,-4.674,-5.3724,3.6096,3.6096
20251112,6464,台數科,TWSE,76.7,77.4,76.7,77.1,5354.0,,,data/daily_price/20251112.csv,77.2,77.45,78.085,79.4325,77.4658,-0.5161,0.3906,-1.1538,-4.461,-4.1045,24293.15,0.2204,78.3,81.3,81.9,76.1,74.8,74.8,-0.4519,-1.2614,-2.9365,-0.4723,-1.5326,-5.1661,-5.8608,3.0749,3.0749
20251113,6464,台數科,TWSE,77.8,77.8,77.1,77.4,3264.0,,,data/daily_price/20251113.csv,77.18,77.45,78.025,79.4083,77.4604,0.3891,-0.129,0.0,-4.4444,-3.6115,24175.55,0.135,78.3,81.3,81.9,76.1,74.8,74.8,-0.0646,-0.801,-2.5291,-0.0779,-1.1494,-4.797,-5.4945,3.4759,3.4759
20251114,6464,台數科,TWSE,77.7,77.7,75.1,75.1,62572.0,,,data/daily_price/20251114.csv,76.84,77.33,77.93,79.3675,77.2637,-2.9716,-2.2135,-3.0968,-7.0545,-6.125,26153.4,2.3925,78.3,81.3,81.9,75.1,74.8,74.8,-2.8837,-3.6315,-5.3769,-2.8004,-4.0868,-7.6261,-8.3028,0.4011,0.4011
20251117,6464,台數科,TWSE,74.4,77.0,74.1,77.0,75052.0,,,data/daily_price/20251117.csv,76.82,77.285,77.8633,79.3417,77.2417,2.53,-0.1297,-1.1553,-4.9383,-3.8702,29428.65,2.5503,78.3,81.3,81.9,74.1,74.1,74.1,-0.3688,-1.1088,-2.9514,-0.3129,-1.6603,-5.2891,-5.9829,3.9136,3.9136
20251118,6464,台數科,TWSE,77.0,77.3,75.4,77.3,29441.0,,,data/daily_price/20251118.csv,76.78,77.25,77.8,79.3192,77.2466,0.3896,-0.2581,-0.8974,-4.6856,-3.375,21246.2,1.3857,78.2,79.0,81.9,74.1,74.1,74.1,0.0647,-0.6427,-2.5456,0.0692,-1.1509,-2.1519,-5.6166,4.3185,4.3185
20251119,6464,台數科,TWSE,77.0,77.3,76.8,77.3,31002.0,,,data/daily_price/20251119.csv,76.82,77.215,77.775,79.2958,77.251,0.0,0.2594,-0.8974,-1.9036,-3.4956,19443.05,1.5945,78.2,78.9,81.9,74.1,74.1,74.1,0.1101,-0.6107,-2.5169,0.0634,-1.1509,-2.0279,-5.6166,4.3185,4.3185
20251120,6464,台數科,TWSE,77.0,77.3,76.9,77.3,17580.0,,,data/daily_price/20251120.csv,76.8,77.18,77.755,79.2717,77.2551,0.0,-0.1292,-0.8974,-1.5287,-3.616,17215.3,1.0212,78.2,78.9,81.9,74.1,74.1,74.1,0.1555,-0.5852,-2.4872,0.0581,-1.1509,-2.0279,-5.6166,4.3185,4.3185
20251121,6464,台數科,TWSE,76.9,77.3,76.4,77.2,20440.0,,,data/daily_price/20251121.csv,77.22,77.15,77.7333,79.2433,77.2505,-0.1294,2.7963,-0.7712,-1.6561,-4.2184,16584.8,1.2325,78.2,78.9,81.9,74.1,74.1,74.1,0.0648,-0.6861,-2.5786,-0.0654,-1.2788,-2.1546,-5.7387,4.1835,4.1835
20251124,6464,台數科,TWSE,77.3,78.3,77.3,78.3,40142.0,,,data/daily_price/20251124.csv,77.48,77.185,77.73,79.2233,77.338,1.4249,1.6883,0.9021,-0.2548,-2.974,18325.65,2.1905,78.3,78.9,81.9,74.1,74.1,74.1,1.4446,0.7333,-1.1655,1.2439,0.0,-0.7605,-4.3956,5.668,5.668
20251125,6464,台數科,TWSE,77.3,78.3,77.3,78.3,18113.0,,,data/daily_price/20251125.csv,77.68,77.23,77.7217,79.2025,77.4181,0.0,1.2937,1.1628,-0.6345,-3.0941,19131.3,0.9468,78.3,78.9,81.9,74.1,74.1,74.1,1.3855,0.7441,-1.1395,1.1391,0.0,-0.7605,-4.3956,5.668,5.668
20251126,6464,台數科,TWSE,77.6,78.4,77.6,78.4,5015.0,,,data/daily_price/20251126.csv,77.9,77.265,77.725,79.1867,77.4999,0.1277,1.423,0.9009,0.2558,-2.3661,18364.6,0.2731,78.4,78.9,81.9,74.1,74.1,74.1,1.469,0.8684,-0.9934,1.1614,0.0,-0.6337,-4.2735,5.803,5.803
20251127,6464,台數科,TWSE,78.0,78.4,77.3,78.4,429040.0,,,data/daily_price/20251127.csv,78.12,77.3,77.7167,79.1692,77.575,0.0,1.423,0.9009,-0.6337,-2.6087,39564.1,10.8442,78.4,78.8,81.9,74.1,74.1,74.1,1.423,0.8793,-0.9715,1.0635,0.0,-0.5076,-4.2735,5.803,5.803
20251128,6464,台數科,TWSE,77.9,78.9,77.9,78.5,310231.0,,,data/daily_price/20251128.csv,78.38,77.36,77.7167,79.1525,77.652,0.1276,1.6839,1.5524,0.0,-2.4845,54769.6,5.6643,78.9,78.9,81.9,74.1,74.1,74.1,1.4736,1.0079,-0.8244,1.092,-0.507,-0.507,-4.1514,5.9379,5.9379
20251201,6464,台數科,TWSE,79.2,79.7,78.6,78.6,468588.0,,,data/daily_price/20251201.csv,78.44,77.445,77.7217,79.1342,77.731,0.1274,0.3831,2.2107,0.3831,-2.7228,77947.25,6.0116,79.7,79.7,81.9,74.1,74.1,74.1,1.4914,1.1301,-0.675,1.1179,-1.3802,-1.3802,-4.0293,6.0729,6.0729
20251202,6464,台數科,TWSE,79.1,79.1,78.2,78.3,448252.0,,,data/daily_price/20251202.csv,78.44,77.51,77.715,79.1158,77.7785,-0.3817,0.0,1.6883,-0.5083,-2.7329,100105.8,4.4778,79.7,79.7,81.9,74.1,74.1,74.1,1.0192,0.7528,-1.0312,0.6706,-1.7566,-1.7566,-4.3956,5.668,5.668
20251203,6464,台數科,TWSE,78.4,79.0,78.0,78.1,450100.0,,,data/daily_price/20251203.csv,78.38,77.575,77.7117,79.0983,77.8052,-0.2554,-0.3827,1.6927,-0.2554,-2.6185,122090.05,3.6866,79.7,79.7,81.9,74.1,74.1,74.1,0.6768,0.4997,-1.2621,0.3788,-2.0075,-2.0075,-4.6398,5.3981,5.3981
20251204,6464,台數科,TWSE,78.2,78.9,78.0,78.4,469131.0,,,data/daily_price/20251204.csv,78.38,77.62,77.7167,79.0808,77.8548,0.3841,0.0,1.1613,0.3841,-2.6087,144839.55,3.239,79.7,79.7,81.9,74.1,74.1,74.1,1.0049,0.8793,-0.8609,0.7003,-1.6311,-1.6311,-4.2735,5.803,5.803
20251205,6464,台數科,TWSE,78.9,79.0,78.6,78.6,6091.0,,,data/daily_price/20251205.csv,78.4,77.71,77.7233,79.0658,77.9169,0.2551,0.1274,2.3438,0.5115,-2.2388,145071.45,0.042,79.7,79.7,81.9,74.1,74.1,74.1,1.1453,1.1279,-0.5892,0.8767,-1.3802,-1.3802,-4.0293,6.0729,6.0729
20251208,6464,台數科,TWSE,78.6,79.5,78.6,79.0,33176.0,,,data/daily_price/20251208.csv,78.48,77.805,77.7433,79.055,78.0072,0.5089,0.5089,2.4643,1.5424,-1.6189,146625.6,0.2263,79.7,79.7,81.9,74.1,74.1,74.1,1.5359,1.6164,-0.0696,1.2727,-0.8783,-0.8783,-3.5409,6.6127,6.6127
20251209,6464,台數科,TWSE,79.1,79.1,78.8,78.8,438224.0,,,data/daily_price/20251209.csv,78.58,77.87,77.7583,79.0392,78.0732,-0.2532,0.6386,1.6774,1.1553,-2.3544,168040.4,2.6078,79.7,79.7,81.9,74.1,74.1,74.1,1.1943,1.3396,-0.3026,0.9309,-1.1292,-1.1292,-3.7851,6.3428,6.3428
20251210,6464,台數科,TWSE,79.1,79.2,78.3,78.6,441933.0,,,data/daily_price/20251210.csv,78.68,77.945,77.7733,79.0233,78.1171,-0.2538,0.6402,1.9455,1.1583,-2.3602,189869.35,2.3276,79.7,79.7,81.9,74.1,74.1,74.1,0.8403,1.0629,-0.5357,0.6181,-1.3802,-1.3802,-4.0293,6.0729,6.0729
20251211,6464,台數科,TWSE,78.6,78.8,77.9,78.6,13559.0,,,data/daily_price/20251211.csv,78.72,78.005,77.7783,79.005,78.1574,0.0,0.2551,1.5504,0.3831,-2.7228,190384.1,0.0712,79.7,79.7,81.9,74.1,74.1,74.1,0.7628,1.0564,-0.5126,0.5663,-1.3802,-1.3802,-4.0293,6.0729,6.0729
20251212,6464,台數科,TWSE,78.5,78.6,78.2,78.2,438474.0,,,data/daily_price/20251212.csv,78.64,78.16,77.785,78.9883,78.1609,-0.5089,-0.5089,4.1278,0.5141,-2.4938,209179.2,2.0962,79.7,79.7,81.9,74.1,74.1,74.1,0.0512,0.5335,-0.998,0.05,-1.8821,-1.8821,-4.5177,5.5331,5.5331
20251215,6464,台數科,TWSE,78.6,79.4,78.2,78.2,6240.0,,,data/daily_price/20251215.csv,78.48,78.22,77.78,78.9667,78.1642,0.0,-1.0127,1.5584,-0.3822,-3.2178,205738.6,0.0303,79.7,79.7,81.9,75.4,74.1,74.1,-0.0256,0.54,-0.9709,0.0458,-1.8821,-1.8821,-4.5177,5.5331,5.5331
20251216,6464,台數科,TWSE,77.6,77.9,76.7,76.7,46498.0,,,data/daily_price/20251216.csv,78.06,78.19,77.7583,78.9325,78.0422,-1.9182,-2.665,-0.7762,-1.6667,-5.0743,206591.45,0.2251,79.7,79.7,81.9,76.4,74.1,74.1,-1.9056,-1.3611,-2.8284,-1.7198,-3.7641,-3.7641,-6.3492,3.5088,3.5088
20251217,6464,台數科,TWSE,77.2,77.2,76.0,76.0,7827.0,,,data/daily_price/20251217.csv,77.54,78.125,77.7233,78.8933,77.872,-0.9126,-3.3079,-1.6818,-2.6889,-5.824,205432.7,0.0381,79.7,79.7,81.9,76.0,74.1,74.1,-2.72,-2.2173,-3.6674,-2.4039,-4.6424,-4.6424,-7.2039,2.5641,2.5641
20251218,6464,台數科,TWSE,76.7,77.8,76.5,76.5,10169.0,,,data/daily_price/20251218.csv,77.12,78.085,77.7017,78.86,77.7577,0.6579,-2.6718,-1.0349,-1.671,-4.9689,205062.15,0.0496,79.7,79.7,81.9,76.0,74.1,74.1,-2.0298,-1.5465,-2.9926,-1.6174,-4.0151,-4.0151,-6.5934,3.2389,3.2389
20251219,6464,台數科,TWSE,77.0,77.0,76.5,76.5,11032.0,,,data/daily_price/20251219.csv,76.78,78.05,77.6817,78.8258,77.6528,0.0,-2.1739,-0.9067,-1.5444,-5.0868,204591.75,0.0539,79.7,79.7,81.9,76.0,74.1,74.1,-1.9859,-1.5212,-2.9506,-1.4846,-4.0151,-4.0151,-6.5934,3.2389,3.2389
20251222,6464,台數科,TWSE,76.6,76.6,76.6,76.6,1089.0,,,data/daily_price/20251222.csv,76.46,77.965,77.6583,78.7917,77.5651,0.1307,-2.046,-2.1711,-1.7949,-5.0805,202639.1,0.0054,79.7,79.7,81.9,76.0,74.1,74.1,-1.7508,-1.3628,-2.7816,-1.2443,-3.8896,-3.8896,-6.4713,3.3738,3.3738
20251223,6464,台數科,TWSE,77.0,77.0,76.3,76.3,8394.0,,,data/daily_price/20251223.csv,76.38,77.865,77.6367,78.7533,77.4597,-0.3916,-0.5215,-2.5543,-1.6753,-5.686,202153.15,0.0415,79.7,79.7,81.9,76.0,74.1,74.1,-2.0099,-1.7217,-3.1152,-1.4971,-4.266,-4.266,-6.8376,2.969,2.969
20251229,6464,台數科,TWSE,76.6,76.6,76.6,76.6,2390.0,,,data/daily_price/20251229.csv,76.5,77.775,77.6217,78.72,77.388,0.3932,0.7895,-2.2959,-1.1613,-4.9628,202021.9,0.0118,79.7,79.7,81.9,76.0,74.1,74.1,-1.5108,-1.3162,-2.6931,-1.0183,-3.8896,-3.8896,-6.4713,3.3738,3.3738
20251230,6464,台數科,TWSE,76.4,76.6,76.3,76.6,4648.0,,,data/daily_price/20251230.csv,76.52,77.685,77.6033,78.6858,77.3224,0.0,0.1307,-2.2959,-1.4157,-5.0805,180802.3,0.0257,79.7,79.7,81.9,76.0,74.1,74.1,-1.3967,-1.2929,-2.6508,-0.9342,-3.8896,-3.8896,-6.4713,3.3738,3.3738
20251231,6464,台數科,TWSE,76.1,77.7,75.7,77.0,27356.0,,,data/daily_price/20251231.csv,76.62,77.61,77.6,78.6508,77.2955,0.5222,0.6536,-1.9108,-0.2591,-5.1724,166658.55,0.1641,79.7,79.7,81.9,75.7,74.1,74.1,-0.786,-0.7732,-2.0989,-0.3823,-3.3877,-3.3877,-5.9829,3.9136,3.9136
20260102,6464,台數科,TWSE,76.0,77.0,75.9,77.0,11558.0,,,data/daily_price/20260102.csv,76.7,77.53,77.5917,78.6208,77.2709,0.0,0.5222,-2.0356,-0.6452,-4.4665,143807.05,0.0804,79.5,79.7,81.9,75.7,74.1,74.1,-0.6836,-0.7625,-2.0616,-0.3506,-3.1447,-3.3877,-5.9829,3.9136,3.9136
20260105,6464,台數科,TWSE,76.1,77.0,76.1,76.6,17000.0,,,data/daily_price/20260105.csv,76.76,77.445,77.5683,78.585,77.215,-0.5195,0.3932,-2.1711,-1.7949,-5.3152,122244.45,0.1391,79.5,79.7,81.9,75.7,74.1,74.1,-1.0911,-1.2484,-2.5259,-0.7964,-3.6478,-3.8896,-6.4713,3.3738,3.3738
20260106,6464,台數科,TWSE,75.2,77.5,75.2,76.6,18159.0,,,data/daily_price/20260106.csv,76.76,77.37,77.5417,78.5483,77.1637,0.0,0.0,-1.9206,-2.046,-5.4321,100647.4,0.1804,79.5,79.7,81.9,75.2,74.1,74.1,-0.9952,-1.2144,-2.4804,-0.7306,-3.6478,-3.8896,-6.4713,3.3738,3.3738
20260107,6464,台數科,TWSE,76.0,76.7,76.0,76.7,14032.0,,,data/daily_price/20260107.csv,76.78,77.285,77.5183,78.5092,77.1251,0.1305,0.1305,-2.1684,-1.7926,-5.774,77892.45,0.1801,79.5,79.7,81.9,75.2,74.1,74.1,-0.7569,-1.0557,-2.3044,-0.5512,-3.522,-3.7641,-6.3492,3.5088,3.5088
20260108,6464,台數科,TWSE,76.7,76.7,76.1,76.6,17164.0,,,data/daily_price/20260108.csv,76.7,77.185,77.49,78.4708,77.0813,-0.1304,-0.5195,-2.5445,-2.1711,-5.665,78446.1,0.2188,79.5,79.7,81.9,75.2,74.1,74.1,-0.7579,-1.1485,-2.3841,-0.6244,-3.6478,-3.8896,-6.4713,3.3738,3.3738
20260109,6464,台數科,TWSE,76.6,77.0,76.1,77.0,10168.0,,,data/daily_price/20260109.csv,76.7,77.085,77.47,78.4333,77.0746,0.5222,0.0,-2.5316,-1.5345,-5.5215,77295.7,0.1315,79.4,79.7,81.9,75.2,74.1,74.1,-0.1103,-0.6067,-1.8275,-0.0967,-3.0227,-3.3877,-5.9829,3.9136,3.9136
20260112,6464,台數科,TWSE,76.5,77.0,76.5,77.0,6065.0,,,data/daily_price/20260112.csv,76.78,76.995,77.4533,78.3975,77.0683,0.0,0.5222,-2.2843,-1.2821,-5.2891,55687.75,0.1089,79.4,79.7,81.9,75.2,74.1,74.1,0.0065,-0.5853,-1.7826,-0.0887,-3.0227,-3.3877,-5.9829,3.9136,3.9136
20260113,6464,台數科,TWSE,77.0,77.0,77.0,77.0,5186.0,,,data/daily_price/20260113.csv,76.86,76.915,77.4367,78.3617,77.0626,0.0,0.5222,-2.0356,-1.2821,-5.2891,33850.4,0.1532,79.4,79.7,81.5,75.2,74.1,74.1,0.1105,-0.5639,-1.7377,-0.0813,-3.0227,-3.3877,-5.5215,3.9136,3.9136
20260114,6464,台數科,TWSE,77.2,77.4,77.2,77.4,14983.0,,,data/daily_price/20260114.csv,77.0,76.855,77.4367,78.3292,77.0908,0.5195,0.9126,-1.5267,0.0,-4.797,33921.6,0.4417,79.4,79.7,81.5,75.2,74.1,74.1,0.7091,-0.0474,-1.1862,0.4011,-2.5189,-2.8858,-5.0307,4.4534,4.4534
20260115,6464,台數科,TWSE,77.4,77.4,77.4,77.4,9330.0,,,data/daily_price/20260115.csv,77.16,76.815,77.435,78.2967,77.1165,0.0,1.0444,-1.023,-0.129,-4.797,12464.4,0.7485,79.4,79.7,81.5,75.2,74.1,74.1,0.7616,-0.0452,-1.1452,0.3676,-2.5189,-2.8858,-5.0307,4.4534,4.4534
20260116,6464,台數科,TWSE,76.5,77.4,76.5,76.8,16079.0,,,data/daily_price/20260116.csv,77.12,76.745,77.4167,78.2592,77.0901,-0.7752,-0.2597,-1.7903,-1.4121,-5.5351,12956.35,1.241,77.9,79.7,81.5,75.2,74.1,74.1,0.0717,-0.7966,-1.8645,-0.3764,-1.4121,-3.6386,-5.7669,3.6437,3.6437
20260119,6464,台數科,TWSE,76.8,76.8,76.4,76.4,13116.0,,,data/daily_price/20260119.csv,77.0,76.73,77.39,78.2175,77.0326,-0.5208,-0.7792,-0.3911,-2.0513,-6.1425,11287.25,1.162,77.8,79.7,81.5,75.2,74.1,74.1,-0.4301,-1.2792,-2.3236,-0.8213,-1.7995,-4.1405,-6.2577,3.1039,3.1039
20260120,6464,台數科,TWSE,76.1,76.2,76.1,76.1,7942.0,,,data/daily_price/20260120.csv,76.82,76.735,77.3583,78.175,76.9549,-0.3927,-1.1688,0.1316,-2.4359,-6.2808,11293.0,0.7033,77.8,79.7,81.5,75.2,74.1,74.1,-0.8275,-1.6266,-2.6543,-1.1109,-2.1851,-4.5169,-6.6258,2.6991,2.6991
20260121,6464,台數科,TWSE,76.1,76.9,76.0,76.0,22367.0,,,data/daily_price/20260121.csv,76.54,76.71,77.325,78.1367,76.8753,-0.1314,-1.8088,-0.6536,-2.5641,-5.7072,11902.9,1.8791,77.7,79.7,81.5,75.2,74.1,74.1,-0.9256,-1.7135,-2.7345,-1.1386,-2.1879,-4.6424,-6.7485,2.5641,2.5641
20260122,6464,台數科,TWSE,76.0,76.2,75.9,76.0,14484.0,,,data/daily_price/20260122.csv,76.26,76.685,77.295,78.0925,76.8024,0.0,-1.8088,-0.6536,-2.3136,-6.5191,12075.5,1.1995,77.7,79.7,81.5,75.2,74.1,74.1,-0.8933,-1.6754,-2.6795,-1.0448,-2.1879,-4.6424,-6.7485,2.5641,2.5641
20260123,6464,台數科,TWSE,77.8,77.8,76.2,76.8,8254.0,,,data/daily_price/20260123.csv,76.26,76.695,77.2817,78.0533,76.8022,1.0526,0.0,0.2611,-1.0309,-5.7669,12433.75,0.6638,77.8,79.7,81.4,75.2,74.1,74.1,0.1369,-0.6233,-1.6057,-0.0029,-1.2853,-3.6386,-5.6511,3.6437,3.6437
20260126,6464,台數科,TWSE,76.7,76.7,76.1,76.1,6857.0,,,data/daily_price/20260126.csv,76.2,76.685,77.26,78.0125,76.7437,-0.9115,-0.3927,-0.2621,-1.6796,-6.0494,12356.9,0.5549,77.8,79.7,81.4,75.2,74.1,74.1,-0.7629,-1.5014,-2.4515,-0.8387,-2.1851,-4.5169,-6.5111,2.6991,2.6991
20260127,6464,台數科,TWSE,76.1,76.3,75.1,75.2,29729.0,,,data/daily_price/20260127.csv,76.02,76.615,77.2183,77.9633,76.615,-1.1827,-1.1827,-1.8277,-3.2175,-7.275,13723.85,2.1662,77.8,79.7,81.3,75.1,74.1,74.1,-1.8469,-2.6138,-3.5444,-1.8469,-3.3419,-5.6462,-7.5031,1.4845,1.4845
20260128,6464,台數科,TWSE,74.7,76.7,74.7,75.8,51472.0,,,data/daily_price/20260128.csv,75.98,76.575,77.1867,77.9208,76.5471,0.7979,-0.2632,-1.0444,-2.4453,-6.3041,16065.05,3.204,77.8,79.7,81.3,74.7,74.1,74.1,-1.0121,-1.7965,-2.7218,-0.976,-2.5707,-4.8934,-6.7651,2.2942,2.2942
20260129,6464,台數科,TWSE,76.3,76.3,75.3,75.6,5588.0,,,data/daily_price/20260129.csv,75.9,76.505,77.1583,77.8767,76.4682,-0.2639,-0.5263,-1.8182,-2.1992,-6.5513,14976.65,0.3731,77.8,79.7,81.3,74.7,74.1,74.1,-1.1829,-2.0197,-2.9234,-1.1354,-2.8278,-5.1443,-7.0111,2.0243,2.0243
20260130,6464,台數科,TWSE,75.2,75.2,75.0,75.0,5026.0,,,data/daily_price/20260130.csv,75.54,76.405,77.1267,77.8267,76.3458,-0.7937,-2.3438,-2.5974,-2.4707,-7.4074,14650.05,0.3431,77.8,79.7,81.3,74.7,74.1,74.1,-1.8389,-2.7574,-3.632,-1.7628,-3.599,-5.8971,-7.7491,1.2146,1.2146
20260202,6464,台數科,TWSE,74.0,74.3,73.1,73.9,34872.0,,,data/daily_price/20260202.csv,75.1,76.27,77.075,77.7683,76.142,-1.4667,-2.8909,-3.5248,-4.026,-8.6527,15543.65,2.2435,77.8,79.7,81.3,73.1,73.1,73.1,-3.1074,-4.1194,-4.9742,-2.9445,-5.0129,-7.2773,-9.1021,1.0944,1.0944
20260203,6464,台數科,TWSE,74.0,74.0,73.0,73.7,40251.0,,,data/daily_price/20260203.csv,74.8,76.125,77.0233,77.705,75.9385,-0.2706,-1.9947,-3.7859,-4.0365,-9.3481,16648.25,2.4177,77.8,79.7,81.3,73.0,73.0,73.0,-3.1856,-4.3147,-5.1541,-2.9478,-5.2699,-7.5282,-9.3481,0.9589,0.9589
20260204,6464,台數科,TWSE,74.0,74.9,73.3,74.9,18169.0,,,data/daily_price/20260204.csv,74.62,76.035,76.98,77.6542,75.852,1.6282,-1.1873,-2.3468,-3.3548,-7.5309,16855.1,1.078,77.8,79.7,81.3,73.0,73.0,73.0,-1.4927,-2.702,-3.5467,-1.255,-3.7275,-6.0226,-7.8721,2.6027,2.6027
20260205,6464,台數科,TWSE,74.0,76.9,74.0,76.4,28181.0,,,data/daily_price/20260205.csv,74.78,76.025,76.9733,77.6167,75.8976,2.0027,1.0582,-0.2611,-0.5208,-5.5624,17405.95,1.619,77.8,79.7,81.3,73.0,73.0,73.0,0.4933,-0.7448,-1.5675,0.6619,-1.7995,-4.1405,-6.0271,4.6575,4.6575
20260206,6464,台數科,TWSE,76.4,77.2,75.4,77.0,31007.0,,,data/daily_price/20260206.csv,75.18,76.025,76.9717,77.585,75.9895,0.7853,2.6667,0.0,-0.1297,-4.703,18447.9,1.6808,77.8,79.7,81.3,73.0,73.0,73.0,1.2825,0.0368,-0.754,1.3298,-1.0283,-3.3877,-5.2891,5.4795,5.4795
20260209,6464,台數科,TWSE,77.0,78.1,76.0,78.0,46751.0,,,data/daily_price/20260209.csv,76.0,76.075,76.98,77.5625,76.1571,1.2987,5.548,1.2987,0.6452,-3.3457,20482.2,2.2825,78.1,79.7,81.3,73.0,73.0,73.0,2.5304,1.325,0.5641,2.4199,-0.128,-2.133,-4.059,6.8493,6.8493
20260210,6464,台數科,TWSE,77.5,78.0,77.1,78.0,41376.0,,,data/daily_price/20260210.csv,76.86,76.125,76.995,77.54,76.3106,0.0,5.8345,1.2987,1.1673,-3.3457,22291.7,1.8561,78.1,79.7,81.3,73.0,73.0,73.0,2.4631,1.3053,0.5932,2.2138,-0.128,-2.133,-4.059,6.8493,6.8493
20260211,6464,台數科,TWSE,78.0,78.1,77.3,78.0,48203.0,,,data/daily_price/20260211.csv,77.48,76.155,77.005,77.515,76.4514,0.0,4.1389,0.7752,0.7752,-3.7037,23952.7,2.0124,78.1,79.7,81.3,73.0,73.0,73.0,2.4227,1.2921,0.6257,2.0256,-0.128,-2.133,-4.059,6.8493,6.8493
20260223,6464,台數科,TWSE,77.9,80.5,77.9,78.8,103134.0,,,data/daily_price/20260223.csv,77.96,76.225,77.0667,77.4983,76.6471,1.0256,3.1414,1.8088,4.9268,-2.4752,28642.9,3.6007,80.5,80.5,81.3,73.0,73.0,73.0,3.3782,2.2491,1.6796,2.8088,-2.1118,-2.1118,-3.075,7.9452,7.9452
20260224,6464,台數科,TWSE,78.0,79.4,78.0,78.8,26558.0,,,data/daily_price/20260224.csv,78.32,76.325,77.0967,77.48,76.8265,0.0,2.3377,2.6042,2.3377,-2.716,29166.85,0.9106,80.5,80.5,81.3,73.0,73.0,73.0,3.2427,2.2093,1.7037,2.5687,-2.1118,-2.1118,-3.075,7.9452,7.9452
20260225,6464,台數科,TWSE,78.8,80.0,78.6,80.0,49264.0,,,data/daily_price/20260225.csv,78.72,76.505,77.1417,77.4708,77.091,1.5228,2.5641,4.712,3.4929,-1.3564,30974.25,1.5905,80.5,80.5,80.5,73.0,73.0,73.0,4.5683,3.7053,3.2647,3.7735,-0.6211,-0.6211,-0.6211,9.589,9.589
20260226,6464,台數科,TWSE,78.9,80.0,78.9,79.7,41529.0,,,data/daily_price/20260226.csv,79.06,76.685,77.1817,77.4783,77.3084,-0.375,2.1795,4.7306,3.1048,1.1421,32653.6,1.2718,80.5,80.5,80.5,73.0,73.0,73.0,3.9317,3.2629,2.8675,3.0936,-0.9938,-0.9938,-0.9938,9.1781,9.1781
20260302,6464,台數科,TWSE,80.8,80.8,79.1,79.7,49220.0,,,data/daily_price/20260302.csv,79.4,76.87,77.2217,77.4883,77.5077,0.0,2.1795,4.8684,3.1048,1.5287,33996.25,1.4478,80.8,80.8,80.8,73.0,73.0,73.0,3.6815,3.2094,2.8542,2.8285,-1.3614,-1.3614,-1.3614,9.1781,9.1781
20260303,6464,台數科,TWSE,79.2,79.6,78.6,79.5,19318.0,,,data/daily_price/20260303.csv,79.54,77.045,77.26,77.4967,77.6737,-0.2509,0.8883,4.6053,2.9793,1.2739,34237.95,0.5642,80.8,80.8,80.8,73.0,73.0,73.0,3.1864,2.8993,2.5851,2.3512,-1.6089,-1.6089,-1.6089,8.9041,8.9041
20260304,6464,台數科,TWSE,78.9,78.9,77.0,77.0,28540.0,,,data/daily_price/20260304.csv,79.18,77.055,77.2383,77.4842,77.6176,-3.1447,-2.2843,0.2604,-1.6603,-1.9108,35252.25,0.8096,80.8,80.8,80.8,73.0,73.0,73.0,-0.0714,-0.3086,-0.6249,-0.7957,-4.703,-4.703,-4.703,5.4795,5.4795
20260305,6464,台數科,TWSE,77.0,78.4,76.2,78.4,51262.0,,,data/daily_price/20260305.csv,78.86,77.17,77.24,77.4808,77.6828,1.8182,-2.0,3.0223,0.1277,-0.5076,37472.5,1.368,80.8,80.8,80.8,73.0,73.0,73.0,1.5939,1.5018,1.1863,0.9233,-2.9703,-2.9703,-2.9703,7.3973,7.3973
20260306,6464,台數科,TWSE,77.7,78.9,77.5,78.0,18157.0,,,data/daily_price/20260306.csv,78.52,77.31,77.2333,77.4792,77.7092,-0.5102,-2.133,3.7234,-0.5102,-0.2558,36893.9,0.4921,80.8,80.8,80.8,73.0,73.0,73.0,0.8925,0.9927,0.6722,0.3742,-3.4653,-3.4653,-3.4653,6.8493,6.8493
20260309,6464,台數科,TWSE,74.2,77.1,74.2,77.1,72810.0,,,data/daily_price/20260309.csv,78.0,77.375,77.2117,77.4642,77.6585,-1.1538,-3.2622,1.715,-1.6582,-2.2814,37960.8,1.918,80.8,80.8,80.8,73.0,73.0,73.0,-0.3554,-0.1446,-0.4701,-0.7191,-4.5792,-4.5792,-4.5792,5.6164,5.6164
20260310,6464,台數科,TWSE,77.1,77.1,76.0,76.2,17181.0,,,data/daily_price/20260310.csv,77.34,77.405,77.1733,77.445,77.5369,-1.1673,-4.1509,0.7937,-2.9299,-2.9299,38540.45,0.4458,80.8,80.8,80.8,73.0,73.0,73.0,-1.5567,-1.2612,-1.6076,-1.7242,-5.6931,-5.6931,-5.6931,4.3836,4.3836
20260311,6464,台數科,TWSE,75.9,76.1,75.9,76.0,5177.0,,,data/daily_price/20260311.csv,77.14,77.455,77.13,77.4258,77.4088,-0.2625,-1.2987,1.3333,-3.3079,-2.9374,38548.0,0.1343,80.8,80.8,80.8,73.0,73.0,73.0,-1.8785,-1.4651,-1.8415,-1.82,-5.9406,-5.9406,-5.9406,4.1096,4.1096
20260312,6464,台數科,TWSE,75.4,76.4,75.4,75.5,25248.0,,,data/daily_price/20260312.csv,76.56,77.535,77.0833,77.3992,77.2498,-0.6579,-3.699,2.1651,-3.576,-4.0661,38066.8,0.6633,80.8,80.8,80.8,73.0,73.0,73.0,-2.6246,-2.0541,-2.4537,-2.2651,-6.5594,-6.5594,-6.5594,3.4247,3.4247
20260313,6464,台數科,TWSE,74.0,75.9,73.7,75.3,61490.0,,,data/daily_price/20260313.csv,76.02,77.615,77.0367,77.3742,77.0873,-0.2649,-3.4615,2.171,-3.5851,-3.8314,39128.75,1.5715,80.8,80.8,80.8,73.3,73.0,73.0,-2.9827,-2.2543,-2.6807,-2.3185,-6.8069,-6.8069,-6.8069,3.1507,3.1507
20260316,6464,台數科,TWSE,75.5,76.0,75.4,75.7,20273.0,,,data/daily_price/20260316.csv,75.74,77.655,76.9917,77.3542,76.9717,0.5312,-1.8158,1.0681,-3.4439,-3.073,39233.95,0.5167,80.8,80.8,80.8,73.7,73.0,73.0,-2.5175,-1.6777,-2.1384,-1.6521,-6.3119,-6.3119,-6.3119,3.6986,3.6986
20260317,6464,台數科,TWSE,75.3,77.0,75.3,76.8,34356.0,,,data/daily_price/20260317.csv,75.86,77.675,76.9617,77.3425,76.9574,1.4531,0.7874,0.5236,-2.2901,-1.7903,39542.7,0.8688,80.8,80.8,80.8,73.7,73.0,73.0,-1.1265,-0.2101,-0.7014,-0.2045,-4.9505,-4.9505,-4.9505,5.2055,5.2055
20260318,6464,台數科,TWSE,77.1,78.0,76.9,77.1,13453.0,,,data/daily_price/20260318.csv,76.08,77.68,76.93,77.3367,76.9693,0.3906,1.4474,0.1299,-2.4051,-0.8997,38665.0,0.3479,80.8,80.8,80.8,73.7,73.0,73.0,-0.7467,0.221,-0.306,0.1699,-4.5792,-4.5792,-4.5792,5.6164,5.6164
20260319,6464,台數科,TWSE,76.1,76.7,75.7,76.4,18173.0,,,data/daily_price/20260319.csv,76.26,77.6,76.89,77.3242,76.9218,-0.9079,1.1921,-2.0513,-3.0457,-1.9255,37236.1,0.488,80.8,80.8,80.8,73.7,73.0,73.0,-1.5464,-0.6373,-1.1952,-0.6784,-5.4455,-5.4455,-5.4455,4.6575,4.6575
20260320,6464,台數科,TWSE,76.4,77.8,76.4,76.9,36272.0,,,data/daily_price/20260320.csv,76.58,77.545,76.8617,77.3175,76.92,0.6545,2.1248,-1.4103,-2.1628,-1.0296,36980.9,0.9808,80.8,80.8,80.8,73.7,73.0,73.0,-0.8318,0.0499,-0.54,-0.026,-4.8267,-4.8267,-4.8267,5.3425,5.3425
20260323,6464,台數科,TWSE,77.1,77.1,75.7,75.8,75159.0,,,data/daily_price/20260323.csv,76.6,77.435,76.815,77.2967,76.8267,-1.4304,0.1321,-2.8205,-3.5623,-3.1928,38328.7,1.9609,80.8,80.8,80.8,73.7,73.0,73.0,-2.1114,-1.3214,-1.9363,-1.3363,-6.1881,-6.1881,-6.1881,3.8356,3.8356
20260324,6464,台數科,TWSE,75.9,76.7,75.8,75.8,11001.0,,,data/daily_price/20260324.csv,76.4,77.285,76.775,77.28,76.7411,0.0,-1.3021,-3.8071,-3.0691,-2.5707,33722.05,0.3262,80.8,80.8,80.8,73.7,73.0,73.0,-1.9215,-1.2699,-1.9151,-1.2263,-6.1881,-6.1881,-6.1881,3.8356,3.8356
20260325,6464,台數科,TWSE,76.9,77.1,76.1,76.4,7078.0,,,data/daily_price/20260325.csv,76.26,77.165,76.745,77.2625,76.7127,0.7916,-0.9079,-3.0457,-2.3018,-2.6752,32748.05,0.2161,80.8,80.8,80.8,73.7,73.0,73.0,-0.9914,-0.4495,-1.1163,-0.4076,-5.4455,-5.4455,-5.4455,4.6575,4.6575
20260326,6464,台數科,TWSE,77.7,77.7,76.7,76.7,4006.0,,,data/daily_price/20260326.csv,76.32,77.0,76.745,77.2517,76.7116,0.3927,0.3927,-4.125,0.0,-1.6667,30485.15,0.1314,80.8,80.8,80.8,73.7,73.0,73.0,-0.3896,-0.0586,-0.7141,-0.0152,-5.0743,-5.0743,-5.0743,5.0685,5.0685
20260327,6464,台數科,TWSE,76.2,76.3,76.2,76.3,2011.0,,,data/daily_price/20260327.csv,76.2,76.83,76.75,77.2367,76.6773,-0.5215,-0.7802,-4.266,0.3947,-2.3047,28509.25,0.0705,80.8,80.8,80.8,73.7,73.0,73.0,-0.6898,-0.5863,-1.2127,-0.4921,-5.5693,-5.5693,-5.5693,4.5205,4.5205
20260330,6464,台數科,TWSE,74.6,76.5,74.6,76.5,16236.0,,,data/daily_price/20260330.csv,76.34,76.67,76.75,77.2258,76.6626,0.2621,0.9235,-4.0151,0.0,-1.671,26860.05,0.6045,79.6,80.8,80.8,73.7,73.0,73.0,-0.2217,-0.3257,-0.9399,-0.212,-3.8945,-5.3218,-5.3218,4.7945,4.7945
20260331,6464,台數科,TWSE,77.8,77.8,76.5,76.5,12289.0,,,data/daily_price/20260331.csv,76.48,76.52,76.75,77.2158,76.649,0.0,0.9235,-3.7736,0.0,-1.5444,26508.6,0.4636,78.9,80.8,80.8,73.7,73.0,73.0,-0.0261,-0.3257,-0.9271,-0.1944,-3.0418,-5.3218,-5.3218,4.7945,4.7945
20260401,6464,台數科,TWSE,76.9,77.6,76.5,76.5,18092.0,,,data/daily_price/20260401.csv,76.5,76.495,76.7483,77.2033,76.6366,0.0,0.1309,-0.6494,-0.1305,-1.9231,25986.2,0.6962,78.9,80.8,80.8,73.7,73.0,73.0,0.0065,-0.3236,-0.911,-0.1782,-3.0418,-5.3218,-5.3218,4.7945,4.7945
20260402,6464,台數科,TWSE,75.9,76.0,75.8,75.9,21704.0,,,data/daily_price/20260402.csv,76.34,76.37,76.7417,77.1892,76.5752,-0.7843,-1.043,-3.1888,-0.5242,-2.1907,24508.3,0.8856,78.9,80.8,80.8,73.7,73.0,73.0,-0.6154,-1.0968,-1.6701,-0.8818,-3.8023,-6.0644,-6.0644,3.9726,3.9726
20260407,6464,台數科,TWSE,76.1,76.5,76.0,76.0,31426.0,,,data/daily_price/20260407.csv,76.28,76.27,76.7317,77.1767,76.5273,0.1318,-0.3932,-2.5641,-0.7833,-1.9355,25171.75,1.2485,78.0,80.8,80.8,73.7,73.0,73.0,-0.354,-0.9535,-1.5246,-0.689,-2.5641,-5.9406,-5.9406,4.1096,4.1096
20260408,6464,台數科,TWSE,76.0,77.7,76.0,77.1,29664.0,,,data/daily_price/20260408.csv,76.4,76.27,76.74,77.1717,76.575,1.4474,0.7843,0.0,0.6527,-0.7722,23014.45,1.2889,78.0,80.8,80.8,73.7,73.0,73.0,1.0882,0.4691,-0.0929,0.6856,-1.1538,-4.5792,-4.5792,5.6164,5.6164
20260409,6464,台數科,TWSE,76.8,77.5,76.5,77.1,13090.0,,,data/daily_price/20260409.csv,76.52,76.315,76.7417,77.1708,76.6187,0.0,0.7843,1.1811,0.1299,-0.1295,22809.9,0.5739,78.0,80.8,80.8,73.7,73.0,73.0,1.0286,0.4669,-0.0918,0.6281,-1.1538,-4.5792,-4.5792,5.6164,5.6164
20260410,6464,台數科,TWSE,77.1,77.5,76.4,76.6,17029.0,,,data/daily_price/20260410.csv,76.54,76.345,76.735,77.1633,76.6172,-0.6485,0.1307,0.7895,-0.5195,-1.1613,23402.5,0.7277,78.0,80.8,80.8,73.7,73.0,73.0,0.334,-0.1759,-0.7301,-0.0224,-1.7949,-5.198,-5.198,4.9315,4.9315
20260413,6464,台數科,TWSE,76.5,77.1,76.2,76.5,15006.0,,,data/daily_price/20260413.csv,76.66,76.395,76.7333,77.1508,76.6074,-0.1305,0.7905,1.3245,-0.1305,-1.9231,22890.4,0.6556,78.0,80.8,80.8,73.7,73.0,73.0,0.1374,-0.3041,-0.8436,-0.1402,-1.9231,-5.3218,-5.3218,4.7945,4.7945
20260414,6464,台數科,TWSE,76.7,76.8,76.7,76.8,26599.0,,,data/daily_price/20260414.csv,76.82,76.47,76.7367,77.1392,76.6235,0.3922,1.0526,1.992,0.2611,-1.7903,21145.85,1.2579,78.0,80.8,80.8,74.6,73.0,73.0,0.4315,0.0825,-0.4397,0.2304,-1.5385,-4.9505,-4.9505,5.2055,5.2055
20260415,6464,台數科,TWSE,76.8,77.2,76.1,76.3,36536.0,,,data/daily_price/20260415.csv,76.66,76.5,76.73,77.1242,76.5965,-0.651,-1.0376,0.7926,-0.5215,-2.3047,21959.0,1.6638,78.0,80.8,80.8,74.6,73.0,73.0,-0.2614,-0.5604,-1.0686,-0.3871,-2.1795,-5.5693,-5.5693,4.5205,4.5205
20260416,6464,台數科,TWSE,76.5,76.8,76.2,76.2,35250.0,,,data/daily_price/20260416.csv,76.48,76.47,76.7233,77.1067,76.5635,-0.1311,-1.1673,-0.7812,-0.5222,-2.682,22003.7,1.602,78.0,80.8,80.8,74.6,73.0,73.0,-0.3531,-0.6821,-1.1759,-0.4747,-2.3077,-5.6931,-5.6931,4.3836,4.3836
20260417,6464,台數科,TWSE,76.7,76.7,75.9,76.3,45754.0,,,data/daily_price/20260417.csv,76.42,76.43,76.7117,77.0908,76.5415,0.1312,-0.3916,-1.0376,-0.9091,-2.4297,23618.75,1.9372,77.8,80.8,80.8,74.6,73.0,73.0,-0.1701,-0.5366,-1.0258,-0.3155,-1.928,-5.5693,-5.5693,4.5205,4.5205
20260420,6464,台數科,TWSE,76.5,77.0,75.8,76.3,25007.0,,,data/daily_price/20260420.csv,76.38,76.425,76.7,77.0767,76.5214,0.0,-0.2614,-0.1309,-0.9091,-2.1795,23960.45,1.0437,77.8,80.8,80.8,74.6,73.0,73.0,-0.1636,-0.5215,-1.0077,-0.2893,-1.928,-5.5693,-5.5693,4.5205,4.5205
20260421,6464,台數科,TWSE,76.3,76.6,75.6,75.9,27193.0,,,data/daily_price/20260421.csv,76.2,76.375,76.6817,77.0592,76.4696,-0.5242,-1.1719,-1.3004,-1.4286,-2.6923,23506.5,1.1568,77.8,80.8,80.8,74.6,73.0,73.0,-0.6219,-1.0194,-1.5043,-0.7449,-2.4422,-6.0644,-6.0644,3.9726,3.9726
20260422,6464,台數科,TWSE,77.0,77.0,76.0,76.7,47188.0,,,data/daily_price/20260422.csv,76.28,76.42,76.67,77.0533,76.4888,1.054,0.5242,1.1873,-0.9044,-0.9044,22107.95,2.1344,77.8,80.8,80.8,74.6,73.0,73.0,0.3664,0.0391,-0.4586,0.2761,-1.4139,-5.0743,-5.0743,5.0685,5.0685
20260423,6464,台數科,TWSE,77.0,77.2,75.7,76.5,57854.0,,,data/daily_price/20260423.csv,76.34,76.455,76.655,77.045,76.4897,-0.2608,0.3937,0.9235,-1.1628,-1.2903,24450.6,2.3662,77.8,80.8,80.8,74.6,73.0,73.0,0.0589,-0.2022,-0.7074,0.0134,-1.671,-5.3218,-5.3218,4.7945,4.7945
20260424,6464,台數科,TWSE,76.3,76.5,75.1,76.0,75469.0,,,data/daily_price/20260424.csv,76.28,76.435,76.6417,77.0292,76.4489,-0.6536,-0.3932,-0.5236,-1.0417,-2.439,27870.15,2.7079,77.8,80.8,80.8,74.6,73.0,73.0,-0.5691,-0.8372,-1.3361,-0.5872,-2.3136,-5.9406,-5.9406,4.1096,4.1096
20260427,6464,台數科,TWSE,75.3,75.7,75.1,75.7,15647.0,,,data/daily_price/20260427.csv,76.16,76.385,76.63,77.01,76.3865,-0.3947,-0.7864,-1.3038,-0.9162,-2.9487,28452.2,0.5499,77.8,80.8,80.8,74.6,73.0,73.0,-0.8968,-1.2136,-1.7011,-0.8987,-2.6992,-6.3119,-6.3119,3.6986,3.6986
20260428,6464,台數科,TWSE,75.1,76.2,74.9,76.0,89100.0,,,data/daily_price/20260428.csv,76.18,76.37,76.6283,76.9933,76.3543,0.3963,0.1318,-0.3932,-0.1314,-2.5641,32806.65,2.7159,77.8,80.8,80.8,74.6,73.0,73.0,-0.4845,-0.82,-1.2902,-0.464,-2.3136,-5.9406,-5.9406,4.1096,4.1096
20260429,6464,台數科,TWSE,76.0,76.0,75.6,75.6,2701.0,,,data/daily_price/20260429.csv,75.96,76.325,76.6217,76.9733,76.2914,-0.5263,-1.4342,-1.1765,-0.5263,-3.0769,32129.9,0.0841,77.8,80.8,80.8,74.9,73.0,73.0,-0.9499,-1.3334,-1.7842,-0.9063,-2.8278,-6.4356,-6.4356,3.5616,3.5616
20260430,6464,台數科,TWSE,75.0,76.1,73.0,76.1,56206.0,,,data/daily_price/20260430.csv,75.88,76.305,76.6233,76.9592,76.2755,0.6614,-0.5229,-0.5229,0.1316,-2.1851,34325.75,1.6374,77.7,80.8,80.8,73.0,73.0,73.0,-0.2687,-0.683,-1.1164,-0.2301,-2.0592,-5.8168,-5.8168,4.2466,4.2466
20260504,6464,台數科,TWSE,76.0,76.2,75.2,76.2,33323.0,,,data/daily_price/20260504.csv,75.92,76.29,76.6133,76.9475,76.2692,0.1314,0.2632,-0.3922,-0.7812,-1.8041,35087.3,0.9497,77.7,80.8,80.8,73.0,73.0,73.0,-0.118,-0.5395,-0.9714,-0.0907,-1.9305,-5.6931,-5.6931,4.3836,4.3836
20260505,6464,台數科,TWSE,76.1,76.3,75.6,76.3,62525.0,,,data/daily_price/20260505.csv,76.04,76.31,76.6167,76.9383,76.2718,0.1312,0.7926,0.527,0.2628,-1.4212,37128.35,1.684,77.7,80.8,80.8,73.0,73.0,73.0,-0.0131,-0.4133,-0.8297,0.037,-1.8018,-5.5693,-5.5693,4.5205,4.5205
20260506,6464,台數科,TWSE,77.1,77.1,76.1,76.4,36507.0,,,data/daily_price/20260506.csv,76.12,76.33,76.6367,76.9275,76.2825,0.1311,0.5263,0.5263,1.5957,-1.6731,37382.4,0.9766,77.7,80.8,80.8,73.0,73.0,73.0,0.0917,-0.3088,-0.6857,0.1541,-1.6731,-5.4455,-5.4455,4.6575,4.6575
20260507,6464,台數科,TWSE,76.4,76.5,75.8,76.2,25212.0,,,data/daily_price/20260507.csv,76.24,76.285,76.6433,76.915,76.2756,-0.2618,0.7937,-1.1673,0.5277,-1.9305,37159.8,0.6785,77.5,80.8,80.8,73.0,73.0,73.0,-0.1114,-0.5784,-0.9296,-0.0991,-1.6774,-5.6931,-5.6931,4.3836,4.3836
20260508,6464,台數科,TWSE,77.1,77.1,76.1,76.2,44768.0,,,data/daily_price/20260508.csv,76.26,76.24,76.6533,76.9058,76.2693,0.0,0.1314,-1.1673,0.7937,-1.423,38743.7,1.1555,77.5,80.8,80.8,73.0,73.0,73.0,-0.0525,-0.5914,-0.9178,-0.0908,-1.6774,-5.6931,-5.6931,4.3836,4.3836
20260511,6464,台數科,TWSE,77.0,77.0,75.6,76.5,16097.0,,,data/daily_price/20260511.csv,76.32,76.235,76.6783,76.9025,76.2885,0.3937,0.3937,-0.1305,2.0,-0.5202,38697.1,0.416,77.2,80.8,80.8,73.0,73.0,73.0,0.3476,-0.2326,-0.5234,0.2772,-0.9067,-5.3218,-5.3218,4.7945,4.7945
20260512,6464,台數科,TWSE,76.0,76.5,76.0,76.5,21221.0,,,data/daily_price/20260512.csv,76.36,76.235,76.7217,76.8983,76.3061,0.0,0.2621,0.0,3.5183,-0.6494,39007.85,0.544,77.2,80.8,80.8,73.0,73.0,73.0,0.3476,-0.2889,-0.518,0.2541,-0.9067,-5.3218,-5.3218,4.7945,4.7945
20260513,6464,台數科,TWSE,76.5,76.5,76.1,76.5,26502.0,,,data/daily_price/20260513.csv,76.38,76.22,76.7683,76.8958,76.3223,0.0,0.1309,-0.3906,3.7992,-0.3906,39003.0,0.6795,77.2,80.8,80.8,73.0,73.0,73.0,0.3674,-0.3495,-0.5148,0.2328,-0.9067,-5.3218,-5.3218,4.7945,4.7945
20260514,6464,台數科,TWSE,75.4,76.9,75.4,76.5,50574.0,,,data/daily_price/20260514.csv,76.44,76.23,76.795,76.8875,76.3371,0.0,0.3937,0.2621,2.1362,-1.2903,39704.9,1.2737,77.2,80.8,80.8,73.0,73.0,73.0,0.3542,-0.3841,-0.504,0.2134,-0.9067,-5.3218,-5.3218,4.7945,4.7945
20260515,6464,台數科,TWSE,76.5,77.6,75.8,77.6,51854.0,,,data/daily_price/20260515.csv,76.72,76.3,76.815,76.8942,76.4423,1.4379,1.8373,1.8373,1.5707,1.0417,40535.1,1.2792,77.6,80.8,80.8,73.0,73.0,73.0,1.7038,1.0219,0.9179,1.5144,0.0,-3.9604,-3.9604,6.3014,6.3014
20260518,6464,台數科,TWSE,77.4,77.8,76.2,77.8,66006.0,,,data/daily_price/20260518.csv,76.98,76.375,76.8283,76.9,76.5555,0.2577,1.6993,1.9659,1.039,0.9079,41547.7,1.5887,77.8,80.8,80.8,73.0,73.0,73.0,1.8658,1.2647,1.1704,1.6256,0.0,-3.7129,-3.7129,6.5753,6.5753
20260519,6464,台數科,TWSE,77.8,78.0,77.2,78.0,16612.0,,,data/daily_price/20260519.csv,77.28,76.46,76.8283,76.9042,76.6759,0.2571,1.9608,2.228,0.0,0.6452,41127.95,0.4039,78.0,80.8,80.8,73.0,73.0,73.0,2.0141,1.525,1.4249,1.7269,0.0,-3.4653,-3.4653,6.8493,6.8493
20260520,6464,台數科,TWSE,76.8,78.1,76.8,78.0,239322.0,,,data/daily_price/20260520.csv,77.58,76.565,76.8283,76.9117,76.7862,0.0,1.9608,2.7668,0.0,1.1673,51734.4,4.626,78.1,80.8,80.8,73.0,73.0,73.0,1.8742,1.525,1.415,1.5808,-0.128,-3.4653,-3.4653,6.8493,6.8493
20260521,6464,台數科,TWSE,78.0,78.0,77.8,78.0,9040.0,,,data/daily_price/20260521.csv,77.88,76.63,76.8283,76.9167,76.8874,0.0,1.9608,1.6949,0.0,0.7752,49827.0,0.1814,78.1,80.8,80.8,73.0,73.0,73.0,1.7878,1.525,1.4085,1.4471,-0.128,-3.4653,-3.4653,6.8493,6.8493
20260522,6464,台數科,TWSE,77.3,78.1,77.1,78.1,36577.0,2842670.0,TWSE_RWD_JSON_MI_INDEX,data/daily_price/daily_price_20260522.csv,77.98,76.71,76.8167,76.9417,76.9884,0.1282,0.6443,2.0915,-0.8883,3.9947,48763.15,0.7501,78.1,80.8,80.8,73.0,73.0,73.0,1.812,1.6706,1.5055,1.4438,0.0,-3.3416,-3.3416,6.9863,6.9863
20260525,6464,台數科,TWSE,77.8,78.1,77.8,78.0,247412.0,19296734.0,TWSE_RWD_JSON_MI_INDEX,data/daily_price/daily_price_20260525.csv,78.02,76.81,76.8033,76.95,77.0727,-0.128,0.2571,2.6316,-1.0152,1.2987,57360.3,4.3133,78.1,80.8,80.8,73.0,73.0,73.0,1.5493,1.5581,1.3645,1.2031,-0.128,-3.4653,-3.4653,6.8493,6.8493
20260526,6464,台數科,TWSE,78.0,78.0,77.5,78.0,11422.0,888999.0,TWSE_RWD_JSON_MI_INDEX,data/daily_price/daily_price_20260526.csv,78.02,76.925,76.77,76.9558,77.15,0.0,0.0,3.0383,-2.5,0.9056,57149.05,0.1999,78.1,80.8,80.8,73.0,73.0,73.0,1.3975,1.6022,1.3568,1.1018,-0.128,-3.4653,-3.4653,6.8493,6.8493
20260527,6464,台數科,TWSE,77.6,78.3,77.6,77.6,19537.0,1516920.0,TWSE_RWD_JSON_MI_INDEX,data/daily_price/daily_price_20260527.csv,77.94,77.005,76.735,76.9583,77.1875,-0.5128,-0.5128,2.1053,-2.6349,0.3881,53670.9,0.364,78.3,80.8,80.8,73.0,73.0,73.0,0.7727,1.1273,0.8338,0.5344,-0.894,-3.9604,-3.9604,6.3014,6.3014
20260528,6464,台數科,TWSE,78.0,78.0,77.4,78.0,62686.0,4887005.0,TWSE_RWD_JSON_MI_INDEX,data/daily_price/daily_price_20260528.csv,77.94,77.125,76.7067,76.9642,77.2552,0.5155,0.0,3.1746,-2.133,0.9056,56670.15,1.1062,78.3,79.6,80.8,73.0,73.0,73.0,1.1345,1.6861,1.3459,0.9641,-0.3831,-2.0101,-3.4653,6.8493,6.8493
20260529,6464,台數科,TWSE,77.9,78.2,77.9,78.0,177261.0,13830861.0,TWSE_RWD_JSON_MI_INDEX,data/daily_price/daily_price_20260529.csv,77.92,77.22,76.6817,76.9708,77.3173,0.0,-0.128,2.4967,-1.8868,1.0363,62722.9,2.8261,78.3,78.9,80.8,75.2,73.0,73.0,1.0101,1.7192,1.3371,0.883,-0.3831,-1.1407,-3.4653,6.8493,6.8493
20260601,6464,台數科,TWSE,77.4,78.2,77.4,78.0,39747.0,3090315.0,TWSE_RWD_JSON_MI_INDEX,data/daily_price/daily_price_20260601.csv,77.92,77.31,76.6983,76.9683,77.3742,0.0,0.0,2.3622,1.2987,-0.3831,63044.1,0.6305,78.3,78.9,80.8,75.4,73.0,73.0,0.8925,1.6971,1.3404,0.8089,-0.3831,-1.1407,-3.4653,6.8493,6.8493
20260602,6464,台數科,TWSE,78.0,78.0,77.9,78.0,5020.0,391258.0,TWSE_RWD_JSON_MI_INDEX,data/daily_price/daily_price_20260602.csv,77.92,77.395,76.6917,76.9658,77.4263,0.0,0.0,2.228,-0.5102,-0.3831,60168.85,0.0834,78.3,78.9,80.8,75.4,73.0,73.0,0.7817,1.706,1.3437,0.741,-0.3831,-1.1407,-3.4653,6.8493,6.8493
20260603,6464,台數科,TWSE,77.9,80.0,77.9,78.1,71320.0,5609691.0,TWSE_RWD_JSON_MI_INDEX,data/daily_price/daily_price_20260603.csv,78.02,77.48,76.6933,76.9633,77.4824,0.1282,0.6443,2.2251,0.1282,-0.3827,61909.5,1.152,80.0,80.0,80.8,75.4,73.0,73.0,0.8002,1.8341,1.4769,0.797,-2.375,-2.375,-3.3416,6.9863,6.9863
20260604,6464,台數科,TWSE,78.0,78.0,77.7,78.0,20358.0,1583713.0,TWSE_RWD_JSON_MI_INDEX,data/daily_price/daily_price_20260604.csv,78.02,77.57,76.7083,76.96,77.5256,-0.128,0.0,2.3622,1.1673,-0.5102,61666.8,0.3301,80.0,80.0,80.8,75.4,73.0,73.0,0.5543,1.6839,1.3514,0.612,-2.5,-2.5,-3.4653,6.8493,6.8493
20260605,6464,台數科,TWSE,78.7,79.0,78.0,78.0,23197.0,1820924.0,TWSE_RWD_JSON_MI_INDEX,data/daily_price/daily_price_20260605.csv,78.02,77.66,76.7383,76.9558,77.5651,0.0,0.0,2.3622,2.3622,-0.6369,60588.25,0.3829,80.0,80.0,80.8,75.4,73.0,73.0,0.4378,1.6441,1.3568,0.5607,-2.5,-2.5,-3.4653,6.8493,6.8493
20260608,6464,台數科,TWSE,75.8,78.4,75.8,78.1,75489.0,5855164.0,TWSE_RWD_JSON_MI_INDEX,data/daily_price/daily_price_20260608.csv,78.04,77.74,76.7733,76.9517,77.6097,0.1282,0.1282,2.0915,2.7632,-0.6361,63557.85,1.1877,80.0,80.0,80.8,75.4,73.0,73.0,0.4631,1.728,1.4923,0.6318,-2.375,-2.375,-3.3416,6.9863,6.9863
20260609,6464,台數科,TWSE,77.2,78.0,77.2,78.0,761100.0,59350219.0,TWSE_RWD_JSON_MI_INDEX,data/daily_price/daily_price_20260609.csv,78.04,77.815,76.815,76.9492,77.6422,-0.128,0.0,1.9608,3.3113,-0.3831,100551.8,7.5692,80.0,80.0,80.8,75.4,73.0,73.0,0.2377,1.5427,1.3656,0.4608,-2.5,-2.5,-3.4653,6.8493,6.8493
20260610,6464,台數科,TWSE,77.3,78.0,77.0,78.0,33390.0,2590070.0,TWSE_RWD_JSON_MI_INDEX,data/daily_price/daily_price_20260610.csv,78.02,77.89,76.86,76.9483,77.672,0.0,-0.128,1.9608,3.5857,-0.128,100896.2,0.3309,80.0,80.0,80.8,75.4,73.0,73.0,0.1412,1.4832,1.3667,0.4223,-2.5,-2.5,-3.4653,6.8493,6.8493
20260611,6464,台數科,TWSE,77.8,78.0,77.6,78.0,18140.0,1411816.0,TWSE_RWD_JSON_MI_INDEX,data/daily_price/daily_price_20260611.csv,78.02,77.965,76.8983,76.945,77.6994,0.0,0.0,1.9608,3.0383,-0.5102,99274.5,0.1827,80.0,80.0,80.8,75.8,73.0,73.0,0.0449,1.4326,1.3711,0.3869,-2.5,-2.5,-3.4653,6.8493,6.8493
20260612,6464,台數科,TWSE,77.9,78.1,77.6,78.0,78202.0,6096537.0,TWSE_RWD_JSON_MI_INDEX,data/daily_price/daily_price_20260612.csv,78.02,77.985,76.9183,76.94,77.7244,0.0,0.0,0.5155,1.5625,-0.7634,100591.9,0.7774,80.0,80.0,80.8,75.8,73.0,73.0,0.0192,1.4063,1.3777,0.3546,-2.5,-2.5,-3.4653,6.8493,6.8493
20260615,6464,台數科,TWSE,78.0,78.0,77.6,78.0,158431.0,12354271.0,TWSE_RWD_JSON_MI_INDEX,data/daily_price/daily_price_20260615.csv,78.0,77.995,76.9333,76.9317,77.7474,0.0,-0.128,0.2571,1.1673,-1.2658,105213.15,1.5058,80.0,80.0,80.8,75.8,73.0,73.0,0.0064,1.3865,1.3887,0.3249,-2.5,-2.5,-3.4653,6.8493,6.8493
20260616,6464,台數科,TWSE,78.0,78.0,77.6,78.0,25096.0,1956588.0,TWSE_RWD_JSON_MI_INDEX,data/daily_price/daily_price_20260616.csv,78.0,77.995,76.96,76.925,77.7684,0.0,0.0,0.0,2.0942,-1.0152,105637.35,0.2376,80.0,80.0,80.8,75.8,73.0,73.0,0.0064,1.3514,1.3975,0.2978,-2.5,-2.5,-3.4653,6.8493,6.8493
20260617,6464,台數科,TWSE,78.0,78.0,77.3,78.0,17005.0,1321486.0,TWSE_RWD_JSON_MI_INDEX,data/daily_price/daily_price_20260617.csv,78.0,77.995,76.9783,76.92,77.7877,0.0,0.0,0.0,1.4304,-0.7634,94521.5,0.1799,80.0,80.0,80.8,75.8,73.0,73.0,0.0064,1.3272,1.4041,0.2729,-2.5,-2.5,-3.4653,6.8493,6.8493
20260618,6464,台數科,TWSE,77.7,78.0,77.5,78.0,9607.0,745960.0,TWSE_RWD_JSON_MI_INDEX,data/daily_price/daily_price_20260618.csv,78.0,77.995,77.015,76.915,77.8054,0.0,0.0,0.0,2.9024,-0.7634,94549.85,0.1016,80.0,80.0,80.8,75.8,73.0,73.0,0.0064,1.279,1.4106,0.2501,-2.5,-2.5,-3.4653,6.8493,6.8493
20260622,6464,台數科,TWSE,78.0,78.0,77.5,78.0,15419.0,1196387.0,TWSE_RWD_JSON_MI_INDEX,data/daily_price/daily_price_20260622.csv,78.0,77.99,77.0517,76.9133,77.8216,0.0,0.0,-0.128,2.9024,-0.2558,93491.95,0.1649,80.0,80.0,80.8,75.8,73.0,73.0,0.0128,1.2308,1.4128,0.2292,-2.5,-2.5,-3.4653,6.8493,6.8493
20260623,6464,台數科,TWSE,77.8,78.0,77.4,78.0,25564.0,1986189.0,TWSE_RWD_JSON_MI_INDEX,data/daily_price/daily_price_20260623.csv,78.0,77.99,77.0783,76.9117,77.8365,0.0,0.0,0.0,2.0942,-0.2558,82399.55,0.3102,80.0,80.0,80.8,75.8,73.0,73.0,0.0128,1.1958,1.415,0.2101,-2.5,-2.5,-3.4653,6.8493,6.8493
20260624,6464,台數科,TWSE,77.7,77.7,77.7,77.7,1354.0,105047.0,TWSE_RWD_JSON_MI_INDEX,data/daily_price/daily_price_20260624.csv,77.94,77.975,77.095,76.92,77.8251,-0.3846,-0.3846,-0.3846,1.3038,1.3038,81896.15,0.0165,80.0,80.0,80.8,75.8,73.0,73.0,-0.3527,0.7847,1.014,-0.1608,-2.875,-2.875,-3.8366,6.4384,6.4384
20260625,6464,台數科,TWSE,77.5,77.5,77.4,77.4,21089.0,1633879.0,TWSE_RWD_JSON_MI_INDEX,data/daily_price/daily_price_20260625.csv,77.82,77.965,77.1133,76.9317,77.7897,-0.3861,-0.7692,-0.2577,1.4417,1.8421,81973.75,0.2573,80.0,80.0,80.8,75.8,73.0,73.0,-0.7247,0.3717,0.6088,-0.501,-3.25,-3.25,-4.2079,6.0274,6.0274
20260626,6464,台數科,TWSE,76.7,78.0,76.7,77.8,56547.0,4368098.0,TWSE_RWD_JSON_MI_INDEX,data/daily_price/daily_price_20260626.csv,77.78,77.955,77.135,76.9425,77.7906,0.5168,-0.2564,-0.2564,1.6993,1.6993,81666.8,0.6924,80.0,80.0,80.8,75.8,73.0,73.0,-0.1988,0.8621,1.1145,0.0121,-2.75,-2.75,-3.7129,6.5753,6.5753
