date,stock_id,stock_name,market,open,high,low,close,volume,trading_value,source,source_file,ma5,ma20,ma60,ma120,ema23,return_1d,return_5d,return_20d,return_60d,return_120d,volume_ma20,volume_ratio,high_20,high_60,high_120,low_20,low_60,low_120,distance_to_ma20_pct,distance_to_ma60_pct,distance_to_ma120_pct,distance_to_ema23_pct,distance_to_high_20_pct,distance_to_high_60_pct,distance_to_high_120_pct,distance_to_low_60_pct,distance_to_low_120_pct
20240102,6695,芯鼎,TWSE,73.0,78.9,72.2,78.2,14200807.0,1070146794.0,TWSE_RWD_JSON_MI_INDEX,data/daily_price/daily_price_20240102.csv,,,,,,,,,,,,,,,,,,,,,,,,,,,
20240103,6695,芯鼎,TWSE,76.7,82.5,75.5,75.9,29917722.0,2372258106.0,TWSE_RWD_JSON_MI_INDEX,data/daily_price/daily_price_20240103.csv,,,,,,-2.9412,,,,,,,,,,,,,,,,,,,,,
20240104,6695,芯鼎,TWSE,75.9,78.2,74.8,77.8,14832314.0,1135646521.0,TWSE_RWD_JSON_MI_INDEX,data/daily_price/daily_price_20240104.csv,,,,,,2.5033,,,,,,,,,,,,,,,,,,,,,
20240105,6695,芯鼎,TWSE,77.7,85.5,77.5,81.3,37323014.0,3071562951.0,TWSE_RWD_JSON_MI_INDEX,data/daily_price/daily_price_20240105.csv,,,,,,4.4987,,,,,,,,,,,,,,,,,,,,,
20240108,6695,芯鼎,TWSE,83.1,85.0,79.3,79.5,22727051.0,1859082695.0,TWSE_RWD_JSON_MI_INDEX,data/daily_price/daily_price_20240108.csv,78.54,78.54,78.54,78.54,78.3695,-2.214,,,,,23800181.6,0.9549,85.5,85.5,85.5,72.2,72.2,72.2,1.2223,1.2223,1.2223,1.4425,-7.0175,-7.0175,-7.0175,10.1108,10.1108
20240109,6695,芯鼎,TWSE,80.6,81.4,75.6,76.9,11689289.0,905114835.0,TWSE_RWD_JSON_MI_INDEX,data/daily_price/daily_price_20240109.csv,78.28,78.2667,78.2667,78.2667,78.247,-3.2704,-1.6624,,,,21781699.5,0.5367,85.5,85.5,85.5,72.2,72.2,72.2,-1.7462,-1.7462,-1.7462,-1.7215,-10.0585,-10.0585,-10.0585,6.5097,6.5097
20240110,6695,芯鼎,TWSE,78.2,84.5,78.0,84.5,32437066.0,2672459999.0,TWSE_RWD_JSON_MI_INDEX,data/daily_price/daily_price_20240110.csv,80.0,79.1571,79.1571,79.1571,78.7681,9.883,11.3307,,,,23303894.7143,1.3919,85.5,85.5,85.5,72.2,72.2,72.2,6.7497,6.7497,6.7497,7.2769,-1.1696,-1.1696,-1.1696,17.036,17.036
20240111,6695,芯鼎,TWSE,87.0,88.4,84.3,85.8,48249012.0,4153243215.0,TWSE_RWD_JSON_MI_INDEX,data/daily_price/daily_price_20240111.csv,81.6,79.9875,79.9875,79.9875,79.3541,1.5385,10.2828,,,,26422034.375,1.8261,88.4,88.4,88.4,72.2,72.2,72.2,7.2668,7.2668,7.2668,8.1229,-2.9412,-2.9412,-2.9412,18.8366,18.8366
20240112,6695,芯鼎,TWSE,85.6,89.2,83.2,83.4,36209533.0,3127647444.0,TWSE_RWD_JSON_MI_INDEX,data/daily_price/daily_price_20240112.csv,82.02,80.3667,80.3667,80.3667,79.6913,-2.7972,2.583,,,,27509534.2222,1.3163,89.2,89.2,89.2,72.2,72.2,72.2,3.7744,3.7744,3.7744,4.6539,-6.5022,-6.5022,-6.5022,15.5125,15.5125
20240115,6695,芯鼎,TWSE,85.3,91.7,85.2,91.7,31269531.0,2772452490.0,TWSE_RWD_JSON_MI_INDEX,data/daily_price/daily_price_20240115.csv,84.46,81.5,81.5,81.5,80.692,9.952,15.3459,,,,27885533.9,1.1214,91.7,91.7,91.7,72.2,72.2,72.2,12.5153,12.5153,12.5153,13.642,0.0,0.0,0.0,27.0083,27.0083
20240116,6695,芯鼎,TWSE,93.7,99.5,89.3,89.8,79124418.0,7511752490.0,TWSE_RWD_JSON_MI_INDEX,data/daily_price/daily_price_20240116.csv,87.04,82.2545,82.2545,82.2545,81.451,-2.072,16.775,,,,32543614.2727,2.4313,99.5,99.5,99.5,72.2,72.2,72.2,9.1733,9.1733,9.1733,10.2503,-9.7487,-9.7487,-9.7487,24.3767,24.3767
20240117,6695,芯鼎,TWSE,91.2,92.3,86.5,87.1,31337044.0,2785479753.0,TWSE_RWD_JSON_MI_INDEX,data/daily_price/daily_price_20240117.csv,87.56,82.6583,82.6583,82.6583,81.9217,-3.0067,3.0769,,,,32443066.75,0.9659,99.5,99.5,99.5,72.2,72.2,72.2,5.3735,5.3735,5.3735,6.321,-12.4623,-12.4623,-12.4623,20.6371,20.6371
20240118,6695,芯鼎,TWSE,88.4,88.8,83.6,85.4,16113247.0,1380380357.0,TWSE_RWD_JSON_MI_INDEX,data/daily_price/daily_price_20240118.csv,87.48,82.8692,82.8692,82.8692,82.2116,-1.9518,-0.4662,,,,31186926.7692,0.5167,99.5,99.5,99.5,72.2,72.2,72.2,3.0539,3.0539,3.0539,3.8783,-14.1709,-14.1709,-14.1709,18.2825,18.2825
20240119,6695,芯鼎,TWSE,87.2,88.1,81.7,82.7,18020200.0,1523997124.0,TWSE_RWD_JSON_MI_INDEX,data/daily_price/daily_price_20240119.csv,87.34,82.8571,82.8571,82.8571,82.2523,-3.1616,-0.8393,,,,30246446.2857,0.5958,99.5,99.5,99.5,72.2,72.2,72.2,-0.1897,-0.1897,-0.1897,0.5443,-16.8844,-16.8844,-16.8844,14.5429,14.5429
20240122,6695,芯鼎,TWSE,83.4,87.1,81.2,85.7,16486204.0,1394208609.0,TWSE_RWD_JSON_MI_INDEX,data/daily_price/daily_price_20240122.csv,86.14,83.0467,83.0467,83.0467,82.5396,3.6276,-6.5431,,,,29329096.8,0.5621,99.5,99.5,99.5,72.2,72.2,72.2,3.195,3.195,3.195,3.8289,-13.8693,-13.8693,-13.8693,18.6981,18.6981
20240123,6695,芯鼎,TWSE,85.1,90.5,84.5,87.5,21187837.0,1869675334.0,TWSE_RWD_JSON_MI_INDEX,data/daily_price/daily_price_20240123.csv,85.68,83.325,83.325,83.325,82.953,2.1004,-2.5612,,,,28820268.0625,0.7352,99.5,99.5,99.5,72.2,72.2,72.2,5.0105,5.0105,5.0105,5.4814,-12.0603,-12.0603,-12.0603,21.1911,21.1911
20240124,6695,芯鼎,TWSE,88.5,89.2,86.6,88.6,11837332.0,1042283992.0,TWSE_RWD_JSON_MI_INDEX,data/daily_price/daily_price_20240124.csv,85.98,83.6353,83.6353,83.6353,83.4236,1.2571,1.7222,,,,27821271.8235,0.4255,99.5,99.5,99.5,72.2,72.2,72.2,5.9361,5.9361,5.9361,6.205,-10.9548,-10.9548,-10.9548,22.7147,22.7147
20240125,6695,芯鼎,TWSE,88.0,88.5,84.6,84.7,8793020.0,759927462.0,TWSE_RWD_JSON_MI_INDEX,data/daily_price/daily_price_20240125.csv,85.84,83.6944,83.6944,83.6944,83.5299,-4.4018,-0.8197,,,,26764146.7222,0.3285,99.5,99.5,99.5,72.2,72.2,72.2,1.2015,1.2015,1.2015,1.4008,-14.8744,-14.8744,-14.8744,17.313,17.313
20240126,6695,芯鼎,TWSE,83.9,86.5,83.2,84.6,9090858.0,770549559.0,TWSE_RWD_JSON_MI_INDEX,data/daily_price/daily_price_20240126.csv,86.22,83.7421,83.7421,83.7421,83.6191,-0.1181,2.2975,,,,25833973.6316,0.3519,99.5,99.5,99.5,72.2,72.2,72.2,1.0244,1.0244,1.0244,1.1731,-14.9749,-14.9749,-14.9749,17.1745,17.1745
20240129,6695,芯鼎,TWSE,84.0,88.2,82.5,86.5,14445447.0,1243957872.0,TWSE_RWD_JSON_MI_INDEX,data/daily_price/daily_price_20240129.csv,86.38,83.88,83.88,83.88,83.8592,2.2459,0.9335,,,,25264547.3,0.5718,99.5,99.5,99.5,72.2,72.2,72.2,3.1235,3.1235,3.1235,3.1491,-13.0653,-13.0653,-13.0653,19.8061,19.8061
20240130,6695,芯鼎,TWSE,87.0,88.8,84.6,85.5,13824866.0,1195395893.0,TWSE_RWD_JSON_MI_INDEX,data/daily_price/daily_price_20240130.csv,85.98,84.245,83.9571,83.9571,83.9959,-1.1561,-2.2857,9.335,,,25245750.25,0.5476,99.5,99.5,99.5,74.8,72.2,72.2,1.4897,1.8377,1.8377,1.7907,-14.0704,-14.0704,-14.0704,18.4211,18.4211
20240131,6695,芯鼎,TWSE,85.5,91.8,85.1,87.8,33778731.0,3005284072.0,TWSE_RWD_JSON_MI_INDEX,data/daily_price/daily_price_20240131.csv,85.82,84.84,84.1318,84.1318,84.3129,2.6901,-0.9029,15.6785,,,25438800.7,1.3278,99.5,99.5,99.5,74.8,72.2,72.2,3.4889,4.36,4.36,4.1359,-11.7588,-11.7588,-11.7588,21.6066,21.6066
20240201,6695,芯鼎,TWSE,88.2,96.4,88.1,91.5,51839630.0,4828093035.0,TWSE_RWD_JSON_MI_INDEX,data/daily_price/daily_price_20240201.csv,87.18,85.525,84.4522,84.4522,84.9118,4.2141,8.0283,17.6093,,,27289166.5,1.8996,99.5,99.5,99.5,75.6,72.2,72.2,6.9863,8.3453,8.3453,7.7588,-8.0402,-8.0402,-8.0402,26.7313,26.7313
20240202,6695,芯鼎,TWSE,93.8,99.3,93.7,95.0,39640543.0,3825930150.0,TWSE_RWD_JSON_MI_INDEX,data/daily_price/daily_price_20240202.csv,89.26,86.21,84.8917,84.8917,85.7525,3.8251,12.2931,16.8512,,,27405042.95,1.4465,99.5,99.5,99.5,75.6,72.2,72.2,10.196,11.9073,11.9073,10.7839,-4.5226,-4.5226,-4.5226,31.5789,31.5789
20240205,6695,芯鼎,TWSE,98.0,99.4,85.5,85.5,27520573.0,2506827512.0,TWSE_RWD_JSON_MI_INDEX,data/daily_price/daily_price_20240205.csv,89.06,86.51,84.916,84.916,85.7315,-10.0,-1.1561,7.5472,,,27644719.05,0.9955,99.5,99.5,99.5,75.6,72.2,72.2,-1.1675,0.6877,0.6877,-0.27,-14.0704,-14.0704,-14.0704,18.4211,18.4211
20240215,6695,芯鼎,TWSE,86.0,87.7,84.5,85.7,12023771.0,1035368681.0,TWSE_RWD_JSON_MI_INDEX,data/daily_price/daily_price_20240215.csv,89.1,86.95,84.9462,84.9462,85.7289,0.2339,0.2339,11.4434,,,27661443.15,0.4347,99.5,99.5,99.5,78.0,72.2,72.2,-1.4376,0.8874,0.8874,-0.0337,-13.8693,-13.8693,-13.8693,18.6981,18.6981
20240216,6695,芯鼎,TWSE,87.9,92.0,87.4,90.6,20970014.0,1881249639.0,TWSE_RWD_JSON_MI_INDEX,data/daily_price/daily_price_20240216.csv,89.66,87.255,85.1556,85.1556,86.1348,5.7176,3.1891,7.2189,,,27088090.55,0.7741,99.5,99.5,99.5,81.2,72.2,72.2,3.8336,6.3935,6.3935,5.184,-8.9447,-8.9447,-8.9447,25.4848,25.4848
20240219,6695,芯鼎,TWSE,90.8,91.5,85.5,85.7,8877056.0,776795774.0,TWSE_RWD_JSON_MI_INDEX,data/daily_price/daily_price_20240219.csv,88.5,87.25,85.175,85.175,86.0986,-5.4084,-6.3388,-0.1166,,,25119492.75,0.3534,99.5,99.5,99.5,81.2,72.2,72.2,-1.7765,0.6164,0.6164,-0.4629,-13.8693,-13.8693,-13.8693,18.6981,18.6981
20240220,6695,芯鼎,TWSE,85.2,88.0,81.5,86.1,13243348.0,1123155517.0,TWSE_RWD_JSON_MI_INDEX,data/daily_price/daily_price_20240220.csv,86.72,87.385,85.2069,85.2069,86.0987,0.4667,-9.3684,3.2374,,,23971183.5,0.5525,99.5,99.5,99.5,81.2,72.2,72.2,-1.4705,1.0482,1.0482,0.0015,-13.4673,-13.4673,-13.4673,19.2521,19.2521
20240221,6695,芯鼎,TWSE,85.6,86.3,83.4,83.9,7000673.0,592743992.0,TWSE_RWD_JSON_MI_INDEX,data/daily_price/daily_price_20240221.csv,86.4,86.995,85.1633,85.1633,85.9155,-2.5552,-1.8713,-8.506,,,22757740.6,0.3076,99.5,99.5,99.5,81.2,72.2,72.2,-3.5577,-1.4834,-1.4834,-2.3459,-15.6784,-15.6784,-15.6784,16.205,16.205
20240222,6695,芯鼎,TWSE,85.1,85.7,82.6,84.1,5509907.0,464137643.0,TWSE_RWD_CSV_MI_INDEX,data/daily_price/daily_price_20240222.csv,86.08,86.71,85.129,85.129,85.7642,0.2384,-1.867,-6.3474,,,19077015.05,0.2888,99.4,99.5,99.5,81.2,72.2,72.2,-3.01,-1.2088,-1.2088,-1.9404,-15.3924,-15.4774,-15.4774,16.482,16.482
20240223,6695,芯鼎,TWSE,85.0,85.8,81.7,81.7,4695728.0,390777033.0,TWSE_RWD_JSON_MI_INDEX,data/daily_price/daily_price_20240223.csv,84.3,86.44,85.0219,85.0219,85.4255,-2.8537,-9.8234,-6.1998,,,17744949.25,0.2646,99.4,99.5,99.5,81.2,72.2,72.2,-5.4836,-3.9071,-3.9071,-4.3611,-17.8068,-17.8894,-17.8894,13.1579,13.1579
20240226,6695,芯鼎,TWSE,82.0,86.9,81.3,84.8,9601515.0,810960083.0,TWSE_RWD_JSON_MI_INDEX,data/daily_price/daily_price_20240226.csv,84.12,86.41,85.0152,85.0152,85.3734,3.7944,-1.0502,-0.7026,,,17419362.65,0.5512,99.4,99.5,99.5,81.2,72.2,72.2,-1.8632,-0.2531,-0.2531,-0.6716,-14.6881,-14.7739,-14.7739,17.4515,17.4515
20240227,6695,芯鼎,TWSE,84.6,88.5,82.6,82.9,13020383.0,1113855943.0,TWSE_RWD_JSON_MI_INDEX,data/daily_price/daily_price_20240227.csv,83.48,86.42,84.9529,84.9529,85.1672,-2.2406,-3.7166,0.2418,,,17169371.8,0.7583,99.4,99.5,99.5,81.2,72.2,72.2,-4.0731,-2.4166,-2.4166,-2.6621,-16.5996,-16.6834,-16.6834,14.8199,14.8199
20240229,6695,芯鼎,TWSE,83.5,85.3,82.5,83.5,7043423.0,589400279.0,TWSE_RWD_JSON_MI_INDEX,data/daily_price/daily_price_20240229.csv,83.4,86.31,84.9114,84.9114,85.0283,0.7238,-0.4768,-2.5671,,,16697232.75,0.4218,99.4,99.5,99.5,81.3,72.2,72.2,-3.2557,-1.6622,-1.6622,-1.7974,-15.996,-16.0804,-16.0804,15.651,15.651
20240301,6695,芯鼎,TWSE,84.0,84.6,81.8,81.9,4958377.0,408848262.0,TWSE_RWD_JSON_MI_INDEX,data/daily_price/daily_price_20240301.csv,82.96,86.03,84.8278,84.8278,84.7676,-1.9162,-2.6159,-6.4,,,15885759.75,0.3121,99.4,99.5,99.5,81.3,72.2,72.2,-4.8007,-3.4514,-3.4514,-3.3829,-17.6056,-17.6884,-17.6884,13.4349,13.4349
20240304,6695,芯鼎,TWSE,82.4,83.0,79.7,79.7,4308742.0,349472453.0,TWSE_RWD_CSV_MI_INDEX,data/daily_price/daily_price_20240304.csv,82.56,85.585,84.6892,84.6892,84.3453,-2.6862,-2.448,-10.0451,,,15509330.25,0.2778,99.4,99.5,99.5,79.7,72.2,72.2,-6.8762,-5.8912,-5.8912,-5.5075,-19.8189,-19.8995,-19.8995,10.3878,10.3878
20240305,6695,芯鼎,TWSE,79.3,80.4,76.7,78.7,7579797.0,590778790.0,TWSE_RWD_JSON_MI_INDEX,data/daily_price/daily_price_20240305.csv,81.34,85.285,84.5316,84.5316,83.8749,-1.2547,-7.1934,-7.0838,,,15448669.1,0.4906,99.4,99.5,99.5,76.7,72.2,72.2,-7.7212,-6.8987,-6.8987,-6.1698,-20.8249,-20.9045,-20.9045,9.0028,9.0028
20240306,6695,芯鼎,TWSE,78.0,79.9,75.9,76.1,5111229.0,396969797.0,TWSE_RWD_JSON_MI_INDEX,data/daily_price/daily_price_20240306.csv,79.98,84.86,84.3154,84.3154,83.227,-3.3037,-8.2027,-10.0473,,,15249687.65,0.3352,99.4,99.5,99.5,75.9,72.2,72.2,-10.3229,-9.7436,-9.7436,-8.5633,-23.4406,-23.5176,-23.5176,5.4017,5.4017
20240307,6695,芯鼎,TWSE,76.3,76.8,71.7,72.9,7234010.0,531745763.0,TWSE_RWD_JSON_MI_INDEX,data/daily_price/daily_price_20240307.csv,77.86,84.18,84.03,84.03,82.3664,-4.205,-12.6946,-15.7225,,,14889115.8,0.4859,99.4,99.5,99.5,71.7,71.7,71.7,-13.3999,-13.2453,-13.2453,-11.493,-26.66,-26.7337,-26.7337,1.6736,1.6736
20240308,6695,芯鼎,TWSE,73.7,73.8,70.5,71.3,5009002.0,359444412.0,TWSE_RWD_JSON_MI_INDEX,data/daily_price/daily_price_20240308.csv,75.74,83.47,83.7195,83.7195,81.4442,-2.1948,-12.9426,-16.6082,,,14448322.6,0.3467,99.4,99.5,99.5,70.5,70.5,70.5,-14.5801,-14.8347,-14.8347,-12.4554,-28.2696,-28.3417,-28.3417,1.1348,1.1348
20240311,6695,芯鼎,TWSE,71.0,72.8,70.2,70.6,2362131.0,168114451.0,TWSE_RWD_JSON_MI_INDEX,data/daily_price/daily_price_20240311.csv,73.92,82.61,83.4071,83.4071,80.5405,-0.9818,-11.4178,-19.59,,,12877492.6,0.1834,99.4,99.5,99.5,70.2,70.2,70.2,-14.5382,-15.355,-15.355,-12.3422,-28.9738,-29.0452,-29.0452,0.5698,0.5698
20240312,6695,芯鼎,TWSE,71.1,71.9,70.5,71.1,1599299.0,113712506.0,TWSE_RWD_JSON_MI_INDEX,data/daily_price/daily_price_20240312.csv,72.4,81.59,83.1209,83.1209,79.7538,0.7082,-9.6569,-22.2951,,,10365476.05,0.1543,99.4,99.5,99.5,70.2,70.2,70.2,-12.857,-14.462,-14.462,-10.8506,-28.4708,-28.5427,-28.5427,1.2821,1.2821
20240313,6695,芯鼎,TWSE,71.8,71.8,67.0,67.8,4575853.0,313652964.0,TWSE_RWD_JSON_MI_INDEX,data/daily_price/daily_price_20240313.csv,70.74,80.23,82.7727,82.7727,78.7576,-4.6414,-10.9067,-28.6316,,,8612241.55,0.5313,99.4,99.5,99.5,67.0,67.0,67.0,-15.493,-18.089,-18.089,-13.9131,-31.7907,-31.8593,-31.8593,1.194,1.194
20240314,6695,芯鼎,TWSE,67.6,69.0,66.3,66.6,3626195.0,244928660.0,TWSE_RWD_JSON_MI_INDEX,data/daily_price/daily_price_20240314.csv,69.48,79.285,82.4133,82.4133,77.7445,-1.7699,-8.642,-22.1053,,,7417522.65,0.4889,92.0,99.5,99.5,66.3,66.3,66.3,-15.9992,-19.1878,-19.1878,-14.3348,-27.6087,-33.0653,-33.0653,0.4525,0.4525
20240315,6695,芯鼎,TWSE,66.7,67.5,65.3,65.4,1997891.0,132136502.0,TWSE_RWD_JSON_MI_INDEX,data/daily_price/daily_price_20240315.csv,68.3,78.27,82.0435,82.0435,76.7158,-1.8018,-8.2749,-23.6873,,,6916228.65,0.2889,92.0,99.5,99.5,65.3,65.3,65.3,-16.4431,-20.2862,-20.2862,-14.7503,-28.913,-34.2714,-34.2714,0.1531,0.1531
20240318,6695,芯鼎,TWSE,65.6,67.7,65.2,66.5,2943115.0,196203761.0,TWSE_RWD_JSON_MI_INDEX,data/daily_price/daily_price_20240318.csv,67.48,77.065,81.7128,81.7128,75.8645,1.682,-5.8074,-26.6004,,,6014883.7,0.4893,91.5,99.5,99.5,65.2,65.2,65.2,-13.7092,-18.6174,-18.6174,-12.3437,-27.3224,-33.1658,-33.1658,1.9939,1.9939
20240319,6695,芯鼎,TWSE,66.9,67.5,65.3,65.8,1905259.0,125966364.0,TWSE_RWD_JSON_MI_INDEX,data/daily_price/daily_price_20240319.csv,66.42,76.07,81.3813,81.3813,75.0258,-1.0526,-7.4543,-23.2205,,,5666293.85,0.3362,88.5,99.5,99.5,65.2,65.2,65.2,-13.5007,-19.146,-19.146,-12.2968,-25.6497,-33.8693,-33.8693,0.9202,0.9202
20240320,6695,芯鼎,TWSE,66.3,67.5,65.4,65.7,2173943.0,144269929.0,TWSE_RWD_JSON_MI_INDEX,data/daily_price/daily_price_20240320.csv,66.0,75.05,81.0612,81.0612,74.2486,-0.152,-3.0973,-23.6934,,,5112823.6,0.4252,88.5,99.5,99.5,65.2,65.2,65.2,-12.4584,-18.9502,-18.9502,-11.5135,-25.7627,-33.9698,-33.9698,0.7669,0.7669
20240321,6695,芯鼎,TWSE,66.6,67.1,64.6,65.3,1576722.0,103387674.0,TWSE_RWD_JSON_MI_INDEX,data/daily_price/daily_price_20240321.csv,65.74,74.12,80.746,80.746,73.5029,-0.6088,-1.952,-22.1692,,,4841626.05,0.3257,88.5,99.5,99.5,64.6,64.6,64.6,-11.8996,-19.1291,-19.1291,-11.16,-26.2147,-34.3719,-34.3719,1.0836,1.0836
20240322,6695,芯鼎,TWSE,65.7,65.7,64.0,64.5,1437135.0,92713602.0,TWSE_RWD_JSON_MI_INDEX,data/daily_price/daily_price_20240322.csv,65.56,73.14,80.4275,80.4275,72.7527,-1.2251,-1.3761,-23.3056,,,4637987.45,0.3099,88.5,99.5,99.5,64.0,64.0,64.0,-11.813,-19.8035,-19.8035,-11.3435,-27.1186,-35.1759,-35.1759,0.7812,0.7812
20240325,6695,芯鼎,TWSE,64.6,65.7,64.6,64.8,1054981.0,68662474.0,TWSE_RWD_JSON_MI_INDEX,data/daily_price/daily_price_20240325.csv,65.22,72.295,80.1269,80.1269,72.0899,0.4651,-2.5564,-20.6854,,,4455950.1,0.2368,88.5,99.5,99.5,64.0,64.0,64.0,-10.3672,-19.1283,-19.1283,-10.1123,-26.7797,-34.8744,-34.8744,1.25,1.25
20240326,6695,芯鼎,TWSE,65.2,65.5,63.0,63.3,1367159.0,87129994.0,TWSE_RWD_JSON_MI_INDEX,data/daily_price/daily_price_20240326.csv,64.72,71.22,79.8094,79.8094,71.3574,-2.3148,-3.7994,-25.3538,,,4044232.3,0.3381,88.5,99.5,99.5,63.0,63.0,63.0,-11.1205,-20.6861,-20.6861,-11.2917,-28.4746,-36.3819,-36.3819,0.4762,0.4762
20240327,6695,芯鼎,TWSE,63.7,63.7,61.8,61.8,1285594.0,80331279.0,TWSE_RWD_JSON_MI_INDEX,data/daily_price/daily_price_20240327.csv,63.94,70.165,79.4759,79.4759,70.561,-2.3697,-5.9361,-25.4524,,,3457492.85,0.3718,85.3,99.5,99.5,61.8,61.8,61.8,-11.9219,-22.2406,-22.2406,-12.4162,-27.5498,-37.8894,-37.8894,0.0,0.0
20240328,6695,芯鼎,TWSE,62.0,62.8,60.8,61.8,1735456.0,107556808.0,TWSE_RWD_JSON_MI_INDEX,data/daily_price/daily_price_20240328.csv,63.24,69.08,79.1545,79.1545,69.8309,0.0,-5.3599,-25.988,,,3192094.5,0.5437,84.6,99.5,99.5,60.8,60.8,60.8,-10.5385,-21.9249,-21.9249,-11.5005,-26.9504,-37.8894,-37.8894,1.6447,1.6447
20240329,6695,芯鼎,TWSE,63.0,64.7,62.2,63.7,5984920.0,378725822.0,TWSE_RWD_JSON_MI_INDEX,data/daily_price/daily_price_20240329.csv,63.08,68.17,78.8786,78.8786,69.32,3.0744,-1.2403,-22.2222,,,3243421.65,1.8452,83.0,99.5,99.5,60.8,60.8,60.8,-6.5571,-19.243,-19.243,-8.1073,-23.253,-35.9799,-35.9799,4.7697,4.7697
20240401,6695,芯鼎,TWSE,63.8,68.8,63.8,67.4,7934400.0,531339584.0,TWSE_RWD_JSON_MI_INDEX,data/daily_price/daily_price_20240401.csv,63.6,67.555,78.6772,78.6772,69.16,5.8085,4.0123,-15.4329,,,3424704.55,2.3168,80.4,99.5,99.5,60.8,60.8,60.8,-0.2294,-14.3335,-14.3335,-2.5448,-16.1692,-32.2613,-32.2613,10.8553,10.8553
20240402,6695,芯鼎,TWSE,66.7,69.6,66.0,67.5,6812435.0,461472364.0,TWSE_RWD_JSON_MI_INDEX,data/daily_price/daily_price_20240402.csv,64.44,66.995,78.4845,78.4845,69.0217,0.1484,6.6351,-14.2313,,,3386336.45,2.0117,79.9,99.5,99.5,60.8,60.8,60.8,0.7538,-13.9957,-13.9957,-2.2046,-15.5194,-32.1608,-32.1608,11.0197,11.0197
20240403,6695,芯鼎,TWSE,67.0,70.2,66.7,68.7,7578269.0,521045669.0,TWSE_RWD_JSON_MI_INDEX,data/daily_price/daily_price_20240403.csv,65.82,66.625,78.3186,78.3186,68.9949,1.7778,11.165,-9.724,,,3509688.45,2.1592,76.8,99.5,99.5,60.8,60.8,60.8,3.1144,-12.2814,-12.2814,-0.4274,-10.5469,-30.9548,-30.9548,12.9934,12.9934
20240408,6695,芯鼎,TWSE,68.1,68.9,66.4,68.0,3743442.0,252515491.0,TWSE_RWD_JSON_MI_INDEX,data/daily_price/daily_price_20240408.csv,67.06,66.38,78.1467,78.1467,68.912,-1.0189,10.0324,-6.7215,,,3335160.05,1.1224,73.8,99.5,99.5,60.8,60.8,60.8,2.4405,-12.9841,-12.9841,-1.3234,-7.8591,-31.6583,-31.6583,11.8421,11.8421
20240409,6695,芯鼎,TWSE,67.7,69.0,65.4,65.4,2473131.0,164116611.0,TWSE_RWD_CSV_MI_INDEX,data/daily_price/daily_price_20240409.csv,67.4,66.085,77.9333,77.9377,68.6193,-3.8235,2.6688,-8.2749,-16.3683,,3208366.5,0.7708,72.8,99.5,99.5,60.8,60.8,60.8,-1.0365,-16.0821,-16.0868,-4.6915,-10.1648,-34.2714,-34.2714,7.5658,7.5658
20240410,6695,芯鼎,TWSE,65.8,66.1,64.2,64.2,1445585.0,93899924.0,TWSE_RWD_JSON_MI_INDEX,data/daily_price/daily_price_20240410.csv,66.76,65.765,77.7383,77.7161,68.251,-1.8349,-4.7478,-9.0652,-15.415,,3162539.2,0.4571,71.9,99.5,99.5,60.8,60.8,60.8,-2.3797,-17.4153,-17.3917,-5.9355,-10.7093,-35.4774,-35.4774,5.5921,5.5921
20240411,6695,芯鼎,TWSE,64.2,64.2,62.4,62.7,1515363.0,95476142.0,TWSE_RWD_JSON_MI_INDEX,data/daily_price/daily_price_20240411.csv,65.8,65.345,77.4867,77.4778,67.7884,-2.3364,-7.1111,-11.8143,-19.4087,,3158342.4,0.4798,71.8,99.5,99.5,60.8,60.8,60.8,-4.0477,-19.0829,-19.0736,-7.5063,-12.6741,-36.9849,-36.9849,3.125,3.125
20240412,6695,芯鼎,TWSE,62.7,62.9,60.7,61.1,1564142.0,96267254.0,TWSE_RWD_JSON_MI_INDEX,data/daily_price/daily_price_20240412.csv,64.28,65.01,77.15,77.2219,67.2311,-2.5518,-11.0626,-9.882,-24.8462,,3007756.85,0.52,70.2,99.5,99.5,60.7,60.7,60.7,-6.0145,-20.8036,-20.8773,-9.1194,-12.963,-38.593,-38.593,0.659,0.659
20240415,6695,芯鼎,TWSE,60.3,60.5,58.1,58.1,1714701.0,101251556.0,TWSE_RWD_JSON_MI_INDEX,data/daily_price/daily_price_20240415.csv,62.3,64.585,76.7933,76.9277,66.4701,-4.91,-14.5588,-12.7628,-26.9182,,2912182.15,0.5888,70.2,99.5,99.5,58.1,58.1,58.1,-10.041,-24.3424,-24.4745,-12.5923,-17.2365,-41.608,-41.608,0.0,0.0
20240416,6695,芯鼎,TWSE,58.8,59.7,56.5,57.2,4096203.0,237532417.0,TWSE_RWD_JSON_MI_INDEX,data/daily_price/daily_price_20240416.csv,60.66,64.175,76.465,76.6288,65.6976,-1.5491,-12.5382,-12.5382,-25.6177,,3017097.75,1.3577,70.2,99.5,99.5,56.5,56.5,56.5,-10.8687,-25.1945,-25.3544,-12.9345,-18.5185,-42.5126,-42.5126,1.2389,1.2389
20240417,6695,芯鼎,TWSE,57.7,60.9,57.7,59.9,3168466.0,188392504.0,TWSE_RWD_JSON_MI_INDEX,data/daily_price/daily_price_20240417.csv,59.8,63.845,76.055,76.3791,65.2145,4.7203,-6.6978,-9.9248,-29.1124,,3028365.3,1.0463,70.2,99.5,99.5,56.5,56.5,56.5,-6.179,-21.2412,-21.5754,-8.1493,-14.6724,-39.799,-39.799,6.0177,6.0177
20240418,6695,芯鼎,TWSE,59.1,61.0,58.6,59.0,1748669.0,104165121.0,TWSE_RWD_JSON_MI_INDEX,data/daily_price/daily_price_20240418.csv,59.06,63.505,75.6083,76.1235,64.6966,-1.5025,-5.9011,-10.3343,-31.2354,,3020535.8,0.5789,70.2,99.5,99.5,56.5,56.5,56.5,-7.0939,-21.9663,-22.4944,-8.8051,-15.9544,-40.7035,-40.7035,4.4248,4.4248
20240419,6695,芯鼎,TWSE,58.5,58.7,55.5,56.9,1813296.0,103390399.0,TWSE_RWD_JSON_MI_INDEX,data/daily_price/daily_price_20240419.csv,58.22,63.065,75.1667,75.8449,64.0469,-3.5593,-6.874,-13.3942,-31.7746,,3002503.45,0.6039,70.2,99.5,99.5,55.5,55.5,55.5,-9.7756,-24.3016,-24.9785,-11.1589,-18.9459,-42.8141,-42.8141,2.5225,2.5225
20240422,6695,芯鼎,TWSE,57.0,57.6,54.6,54.6,1287174.0,71728476.0,TWSE_RWD_JSON_MI_INDEX,data/daily_price/daily_price_20240422.csv,57.52,62.53,74.5483,75.5414,63.2597,-4.0422,-6.0241,-16.3859,-40.458,,2988026.05,0.4308,70.2,99.5,99.5,54.6,54.6,54.6,-12.6819,-26.7589,-27.7218,-13.6891,-22.2222,-45.1256,-45.1256,0.0,0.0
20240423,6695,芯鼎,TWSE,55.5,56.2,54.6,54.6,744438.0,40993707.0,TWSE_RWD_JSON_MI_INDEX,data/daily_price/daily_price_20240423.csv,57.0,62.035,73.9617,75.2465,62.538,0.0,-4.5455,-15.3488,-39.1982,,2953391.2,0.2521,70.2,99.4,99.5,54.6,54.6,54.6,-11.9852,-26.178,-27.4385,-12.6931,-22.2222,-45.0704,-45.1256,0.0,0.0
20240424,6695,芯鼎,TWSE,55.4,56.5,55.2,55.3,2356600.0,131306254.0,TWSE_RWD_JSON_MI_INDEX,data/daily_price/daily_price_20240424.csv,56.08,61.56,73.4317,74.9694,61.9349,1.2821,-7.6795,-14.6605,-36.5098,,3018472.15,0.7807,70.2,99.4,99.5,54.6,54.6,54.6,-10.1689,-24.6919,-26.2366,-10.7126,-21.2251,-44.3662,-44.4221,1.2821,1.2821
20240425,6695,芯鼎,TWSE,54.3,54.8,53.2,53.4,1147240.0,61896258.0,TWSE_RWD_JSON_MI_INDEX,data/daily_price/daily_price_20240425.csv,54.96,61.065,72.8983,74.674,61.2236,-3.4358,-9.4915,-15.6398,-37.4707,,3007476.2,0.3815,70.2,99.4,99.5,53.2,53.2,53.2,-12.5522,-26.7473,-28.4891,-12.7788,-23.9316,-46.2777,-46.3317,0.3759,0.3759
20240426,6695,芯鼎,TWSE,53.7,55.6,53.7,54.6,1439592.0,78656966.0,TWSE_RWD_JSON_MI_INDEX,data/daily_price/daily_price_20240426.csv,54.5,60.705,72.43,74.4027,60.6716,2.2472,-4.0422,-11.6505,-33.9782,,3015176.1,0.4774,70.2,99.4,99.5,53.2,53.2,53.2,-10.0568,-24.6169,-26.6156,-10.0074,-22.2222,-45.0704,-45.1256,2.6316,2.6316
20240429,6695,芯鼎,TWSE,56.3,56.3,54.3,54.4,683530.0,37559858.0,TWSE_RWD_JSON_MI_INDEX,data/daily_price/daily_price_20240429.csv,54.46,60.335,71.9083,74.136,60.149,-0.3663,-0.3663,-11.9741,-36.5228,,2962579.8,0.2307,70.2,99.4,99.5,53.2,53.2,53.2,-9.8367,-24.3481,-26.6213,-9.5579,-22.5071,-45.2716,-45.3266,2.2556,2.2556
20240430,6695,芯鼎,TWSE,55.3,55.3,53.7,54.5,743785.0,40304440.0,TWSE_RWD_JSON_MI_INDEX,data/daily_price/daily_price_20240430.csv,54.44,59.875,71.3583,73.8776,59.6783,0.1838,-0.1832,-14.4427,-37.7143,,2700523.05,0.2754,70.2,99.4,99.5,53.2,53.2,53.2,-8.977,-23.6249,-26.2294,-8.677,-22.3647,-45.171,-45.2261,2.4436,2.4436
20240502,6695,芯鼎,TWSE,54.5,54.5,53.5,53.8,669436.0,36032734.0,TWSE_RWD_JSON_MI_INDEX,data/daily_price/daily_price_20240502.csv,54.14,59.195,70.7783,73.6169,59.1884,-1.2844,-2.7125,-20.178,-39.2777,,2337274.85,0.2864,70.2,99.4,99.5,53.2,53.2,53.2,-9.1139,-23.988,-26.9189,-9.1038,-23.3618,-45.8753,-45.9296,1.1278,1.1278
20240503,6695,芯鼎,TWSE,54.5,55.0,52.7,52.7,766160.0,40839074.0,TWSE_RWD_JSON_MI_INDEX,data/daily_price/daily_price_20240503.csv,54.0,58.455,70.245,73.3487,58.6477,-2.0446,-1.3109,-21.9259,-37.7804,,2034961.1,0.3765,70.2,99.4,99.5,52.7,52.7,52.7,-9.8452,-24.9769,-28.1514,-10.1414,-24.9288,-46.9819,-47.0352,0.0,0.0
20240506,6695,芯鼎,TWSE,53.1,53.2,51.8,52.2,709744.0,37105521.0,TWSE_RWD_JSON_MI_INDEX,data/daily_price/daily_price_20240506.csv,53.52,57.63,69.705,73.081,58.1104,-0.9488,-4.3956,-24.0175,-38.2979,,1691534.85,0.4196,69.0,99.4,99.5,51.8,51.8,51.8,-9.4222,-25.113,-28.5724,-10.171,-24.3478,-47.4849,-47.5377,0.7722,0.7722
20240507,6695,芯鼎,TWSE,52.6,52.8,51.3,52.0,657061.0,34095249.0,TWSE_RWD_JSON_MI_INDEX,data/daily_price/daily_price_20240507.csv,53.04,56.83,69.13,72.8175,57.6012,-0.3831,-4.4118,-23.5294,-39.8844,,1537215.8,0.4274,69.0,99.4,99.5,51.3,51.3,51.3,-8.499,-24.7794,-28.5886,-9.7241,-24.6377,-47.6861,-47.7387,1.3645,1.3645
20240508,6695,芯鼎,TWSE,52.0,52.7,51.8,52.2,481804.0,25138836.0,TWSE_RWD_JSON_MI_INDEX,data/daily_price/daily_price_20240508.csv,52.58,56.17,68.575,72.563,57.1511,0.3846,-4.2202,-20.1835,-38.9474,,1437649.45,0.3351,66.1,99.4,99.5,51.3,51.3,51.3,-7.0678,-23.879,-28.0625,-8.6632,-21.0287,-47.4849,-47.5377,1.7544,1.7544
20240509,6695,芯鼎,TWSE,52.5,52.5,51.2,51.2,608638.0,31347689.0,TWSE_RWD_JSON_MI_INDEX,data/daily_price/daily_price_20240509.csv,52.06,55.52,67.965,72.3024,56.6552,-1.9157,-4.8327,-20.2492,-41.6856,,1395802.1,0.436,64.2,99.4,99.5,51.2,51.2,51.2,-7.781,-24.6671,-29.1863,-9.6287,-20.2492,-48.4909,-48.5427,0.0,0.0
20240510,6695,芯鼎,TWSE,51.3,51.3,50.0,50.8,860287.0,43385166.0,TWSE_RWD_JSON_MI_INDEX,data/daily_price/daily_price_20240510.csv,51.68,54.925,67.2867,72.0434,56.1672,-0.7813,-3.6053,-18.9793,-44.4809,,1363048.3,0.6311,62.9,99.4,99.5,50.0,50.0,50.0,-7.5102,-24.5021,-29.4869,-9.5558,-19.2369,-48.8934,-48.9447,1.6,1.6
20240513,6695,芯鼎,TWSE,50.8,50.8,49.5,49.5,943703.0,47019081.0,TWSE_RWD_JSON_MI_INDEX,data/daily_price/daily_price_20240513.csv,51.14,54.345,66.5283,71.775,55.6116,-2.5591,-5.1724,-18.9853,-47.8947,,1332026.35,0.7085,61.0,99.4,99.5,49.5,49.5,49.5,-8.9153,-25.5956,-31.0345,-10.9899,-18.8525,-50.2012,-50.2513,0.0,0.0
20240514,6695,芯鼎,TWSE,50.1,52.5,49.65,51.6,1821068.0,93711476.0,TWSE_RWD_JSON_MI_INDEX,data/daily_price/daily_price_20240514.csv,51.06,54.02,65.9633,71.5376,55.2773,4.2424,-0.7692,-11.1876,-39.6491,,1337344.7,1.3617,61.0,92.0,99.5,49.5,49.5,49.5,-4.4798,-21.7747,-27.8701,-6.6525,-15.4098,-43.913,-48.1407,4.2424,4.2424
20240515,6695,芯鼎,TWSE,52.0,54.0,51.7,52.4,2017212.0,106032124.0,TWSE_RWD_JSON_MI_INDEX,data/daily_price/daily_price_20240515.csv,51.1,53.78,65.4083,71.3151,55.0376,1.5504,0.3831,-8.3916,-38.8565,,1233395.15,1.6355,61.0,92.0,99.5,49.5,49.5,49.5,-2.566,-19.8879,-26.5233,-4.7923,-14.0984,-43.0435,-47.3367,5.8586,5.8586
20240516,6695,芯鼎,TWSE,53.5,53.5,51.8,51.8,881338.0,46037819.0,TWSE_RWD_JSON_MI_INDEX,data/daily_price/daily_price_20240516.csv,51.22,53.375,64.7617,71.0908,54.7678,-1.145,1.1719,-13.5225,-42.8256,,1119038.75,0.7876,61.0,91.5,99.5,49.5,49.5,49.5,-2.9508,-20.0144,-27.1354,-5.4188,-15.082,-43.388,-47.9397,4.6465,4.6465
20240517,6695,芯鼎,TWSE,51.8,52.4,50.8,50.8,787173.0,40523771.0,TWSE_RWD_JSON_MI_INDEX,data/daily_price/daily_price_20240517.csv,51.22,52.965,64.18,70.8602,54.4371,-1.9305,0.0,-13.8983,-40.7235,,1070963.95,0.735,58.7,88.5,99.5,49.5,49.5,49.5,-4.0876,-20.8476,-28.3096,-6.6813,-13.4583,-42.5989,-48.9447,2.6263,2.6263
20240520,6695,芯鼎,TWSE,50.9,51.7,50.2,50.6,612508.0,31217621.0,TWSE_RWD_JSON_MI_INDEX,data/daily_price/daily_price_20240520.csv,51.44,52.65,63.5883,70.6326,54.1174,-0.3937,2.2222,-11.0721,-41.2311,,1010924.55,0.6059,57.6,88.5,99.5,49.5,49.5,49.5,-3.8936,-20.4257,-28.3617,-6.4995,-12.1528,-42.8249,-49.1457,2.2222,2.2222
20240521,6695,芯鼎,TWSE,50.6,50.9,49.7,49.75,610412.0,30496323.0,TWSE_RWD_JSON_MI_INDEX,data/daily_price/daily_price_20240521.csv,51.07,52.4075,63.0192,70.4006,53.7534,-1.6798,-3.5853,-8.8828,-40.7032,,977086.45,0.6247,56.5,88.5,99.5,49.5,49.5,49.5,-5.0708,-21.0558,-29.3329,-7.4477,-11.9469,-43.7853,-50.0,0.5051,0.5051
20240522,6695,芯鼎,TWSE,50.0,51.1,49.9,51.0,650291.0,32985923.0,TWSE_RWD_JSON_MI_INDEX,data/daily_price/daily_price_20240522.csv,50.79,52.2275,62.4675,70.1874,53.524,2.5126,-2.6718,-6.5934,-39.3579,,972379.1,0.6688,56.5,88.5,99.5,49.5,49.5,49.5,-2.3503,-18.3575,-27.3373,-4.7156,-9.7345,-42.3729,-48.7437,3.0303,3.0303
20240523,6695,芯鼎,TWSE,51.2,51.2,49.5,49.5,929027.0,46333695.0,TWSE_RWD_JSON_MI_INDEX,data/daily_price/daily_price_20240523.csv,50.33,51.9375,61.9308,69.9625,53.1886,-2.9412,-4.4402,-10.4882,-39.4125,,901000.45,1.0311,56.3,88.5,99.5,49.5,49.5,49.5,-4.6931,-20.0721,-29.2478,-6.935,-12.0782,-44.0678,-50.2513,0.0,0.0
20240524,6695,芯鼎,TWSE,48.55,49.7,48.45,49.3,431442.0,21212619.0,TWSE_RWD_JSON_MI_INDEX,data/daily_price/daily_price_20240524.csv,50.03,51.7325,61.3392,69.7403,52.8646,-0.404,-2.9528,-7.6779,-41.8632,,865210.55,0.4987,56.3,88.5,99.5,48.45,48.45,48.45,-4.7021,-19.6272,-29.3092,-6.7428,-12.4334,-44.2938,-50.4523,1.7544,1.7544
20240527,6695,芯鼎,TWSE,49.5,54.2,49.5,54.2,2205805.0,116267525.0,TWSE_RWD_JSON_MI_INDEX,data/daily_price/daily_price_20240527.csv,50.75,51.7125,60.8608,69.575,52.9759,9.9391,7.1146,-0.7326,-34.62,,903521.2,2.4413,56.3,85.3,99.5,48.45,48.45,48.45,4.8102,-10.9444,-22.0985,2.3107,-3.73,-36.4596,-45.5276,11.8679,11.8679
20240528,6695,芯鼎,TWSE,59.6,59.6,59.6,59.6,1027579.0,61243687.0,TWSE_RWD_JSON_MI_INDEX,data/daily_price/daily_price_20240528.csv,52.72,51.9725,60.4625,69.47,53.5279,9.9631,19.799,9.5588,-28.6228,,920723.65,1.1161,59.6,84.6,99.5,48.45,48.45,48.45,14.676,-1.4265,-14.2076,11.3439,0.0,-29.5508,-40.1005,23.0134,23.0134
20240529,6695,芯鼎,TWSE,65.5,65.5,65.5,65.5,1267008.0,82989015.0,TWSE_RWD_JSON_MI_INDEX,data/daily_price/daily_price_20240529.csv,55.62,52.5225,60.1892,69.4286,54.5255,9.8993,28.4314,20.1835,-20.0244,,946884.8,1.3381,65.5,83.0,99.5,48.45,48.45,48.45,24.7085,8.8236,-5.6585,20.1272,0.0,-21.0843,-34.1709,35.1909,35.1909
20240530,6695,芯鼎,TWSE,72.0,72.0,69.1,70.9,13342058.0,957066176.0,TWSE_RWD_JSON_MI_INDEX,data/daily_price/daily_price_20240530.csv,59.9,53.3775,60.0425,69.4438,55.8901,8.2443,43.2323,31.7844,-11.0414,,1580515.9,8.4416,72.0,80.4,99.5,48.45,48.45,48.45,32.8275,18.083,2.0969,26.8561,-1.5278,-11.8159,-28.7437,46.3364,46.3364
20240531,6695,芯鼎,TWSE,72.8,74.9,67.8,73.0,33448322.0,2389968134.0,TWSE_RWD_JSON_MI_INDEX,data/daily_price/daily_price_20240531.csv,64.64,54.3925,59.9475,69.4801,57.3159,2.9619,48.073,38.5199,-7.2427,,3214624.0,10.405,74.9,79.9,99.5,48.45,48.45,48.45,34.2097,21.7732,5.0661,27.3643,-2.5367,-8.6358,-26.6332,50.6708,50.6708
20240603,6695,芯鼎,TWSE,74.0,74.3,71.3,73.1,13336265.0,975724484.0,TWSE_RWD_JSON_MI_INDEX,data/daily_price/daily_price_20240603.csv,68.42,55.4375,59.8975,69.5167,58.6313,0.137,34.8708,40.0383,-3.9422,,3845950.05,3.4676,74.9,76.8,99.5,48.45,48.45,48.45,31.8602,22.0418,5.1546,24.6775,-2.4032,-4.8177,-26.5327,50.8772,50.8772
20240604,6695,芯鼎,TWSE,72.0,74.1,71.0,72.6,2844721.0,206368517.0,TWSE_RWD_JSON_MI_INDEX,data/daily_price/daily_price_20240604.csv,71.02,56.4675,59.8925,69.5475,59.7953,-0.684,21.8121,39.6154,-0.4115,,3955333.05,0.7192,74.9,74.9,99.5,48.45,48.45,48.45,28.5695,21.2172,4.3891,21.4142,-3.0708,-3.0708,-27.0352,49.8452,49.8452
20240605,6695,芯鼎,TWSE,73.5,73.5,65.4,65.8,3638249.0,247416573.0,TWSE_RWD_JSON_MI_INDEX,data/daily_price/daily_price_20240605.csv,71.08,57.1475,59.8008,69.5104,60.2957,-9.3664,0.458,26.0536,-7.7139,,4113155.3,0.8845,74.9,74.9,99.5,48.45,48.45,48.45,15.1406,10.0319,-5.3379,9.1288,-12.1495,-12.1495,-33.8693,35.8101,35.8101
20240606,6695,芯鼎,TWSE,67.4,67.4,62.0,66.6,2489312.0,161405507.0,TWSE_RWD_JSON_MI_INDEX,data/daily_price/daily_price_20240606.csv,70.22,57.9175,59.7342,69.4819,60.8211,1.2158,-6.0649,30.0781,-5.6657,,4207189.0,0.5917,74.9,74.9,99.5,48.45,48.45,48.45,14.9912,11.494,-4.1476,9.5015,-11.0814,-11.0814,-33.0653,37.4613,37.4613
20240607,6695,芯鼎,TWSE,65.3,67.0,65.0,65.6,961950.0,63319841.0,TWSE_RWD_JSON_MI_INDEX,data/daily_price/daily_price_20240607.csv,68.74,58.6575,59.6425,69.4442,61.2193,-1.5015,-10.137,29.1339,-7.7356,,4212272.15,0.2284,74.9,74.9,99.5,48.45,48.45,48.45,11.8357,9.9887,-5.5356,7.1557,-12.4166,-12.4166,-34.0704,35.3973,35.3973
20240611,6695,芯鼎,TWSE,66.0,66.0,62.2,63.6,1204415.0,76542936.0,TWSE_RWD_JSON_MI_INDEX,data/daily_price/daily_price_20240611.csv,66.84,59.3625,59.5725,69.388,61.4177,-3.0488,-12.9959,28.4848,-6.1947,,4225307.75,0.285,74.9,74.9,99.5,48.45,48.45,48.45,7.1383,6.7607,-8.3415,3.5532,-15.0868,-15.0868,-36.0804,31.2693,31.2693
20240612,6695,芯鼎,TWSE,64.1,69.9,63.9,69.9,2451472.0,166647874.0,TWSE_RWD_JSON_MI_INDEX,data/daily_price/daily_price_20240612.csv,66.3,60.2775,59.6275,69.3929,62.1246,9.9057,-3.719,35.4651,4.955,,4256827.95,0.5759,74.9,74.9,99.5,48.45,48.45,48.45,15.9637,17.2278,0.7308,12.5159,-6.6756,-6.6756,-29.7487,44.2724,44.2724
20240613,6695,芯鼎,TWSE,71.0,71.0,68.0,69.0,2008293.0,139137151.0,TWSE_RWD_JSON_MI_INDEX,data/daily_price/daily_price_20240613.csv,66.94,61.1075,59.6875,69.3892,62.6975,-1.2876,4.8632,31.6794,5.5046,,4256382.0,0.4718,74.9,74.9,99.5,48.45,48.45,48.45,12.9158,15.6021,-0.5608,10.0522,-7.8772,-7.8772,-30.6533,42.4149,42.4149
20240614,6695,芯鼎,TWSE,69.2,72.0,69.2,70.3,1966631.0,139279855.0,TWSE_RWD_JSON_MI_INDEX,data/daily_price/daily_price_20240614.csv,67.68,62.0325,59.7508,69.3977,63.3311,1.8841,5.5556,35.7143,5.7143,,4310646.65,0.4562,74.9,74.9,99.5,48.45,48.45,48.45,13.3277,17.6553,1.3002,11.004,-6.1415,-6.1415,-29.3467,45.098,45.098
20240617,6695,芯鼎,TWSE,70.6,73.7,70.6,73.0,2730000.0,198458994.0,TWSE_RWD_JSON_MI_INDEX,data/daily_price/daily_price_20240617.csv,69.16,63.1425,59.8708,69.431,64.1368,3.8407,11.2805,43.7008,10.9422,,4407788.0,0.6194,74.9,74.9,99.5,48.45,48.45,48.45,15.6115,21.9292,5.1403,13.8192,-2.5367,-2.5367,-26.6332,50.6708,50.6708
20240618,6695,芯鼎,TWSE,74.0,74.0,70.4,71.3,2003237.0,143567684.0,TWSE_RWD_JSON_MI_INDEX,data/daily_price/daily_price_20240618.csv,70.7,64.1775,59.9642,69.4482,64.7337,-2.3288,12.1069,40.9091,8.5236,,4477324.45,0.4474,74.9,74.9,99.5,48.45,48.45,48.45,11.0981,18.9043,2.6665,10.1435,-4.8064,-4.8064,-28.3417,47.162,47.162
20240619,6695,芯鼎,TWSE,70.4,74.3,67.5,68.2,5231921.0,367379640.0,TWSE_RWD_JSON_MI_INDEX,data/daily_price/daily_price_20240619.csv,70.36,65.1,60.0125,69.4368,65.0226,-4.3478,-2.432,37.0854,4.441,,4708399.9,1.1112,74.9,74.9,99.5,48.45,48.45,48.45,4.7619,13.643,-1.7812,4.8866,-8.9453,-8.9453,-31.4573,40.7637,40.7637
20240620,6695,芯鼎,TWSE,68.2,75.0,68.2,75.0,7549745.0,551667135.0,TWSE_RWD_JSON_MI_INDEX,data/daily_price/daily_price_20240620.csv,71.56,66.3,60.1875,69.4869,65.854,9.9707,8.6957,47.0588,16.2791,,5053372.6,1.494,75.0,75.0,99.5,48.45,48.45,48.45,13.1222,24.6106,7.934,13.8882,0.0,0.0,-24.6231,54.7988,54.7988
20240621,6695,芯鼎,TWSE,75.8,82.0,73.0,77.9,30585073.0,2372032061.0,TWSE_RWD_JSON_MI_INDEX,data/daily_price/daily_price_20240621.csv,73.08,67.72,60.4058,69.5621,66.8579,3.8667,10.8108,57.3737,20.216,,6536174.9,4.6794,82.0,82.0,99.5,48.45,48.45,48.45,15.0325,28.9611,11.9863,16.5158,-5.0,-5.0,-21.7085,60.7843,60.7843
20240624,6695,芯鼎,TWSE,77.7,78.9,75.1,75.1,9399219.0,720867672.0,TWSE_RWD_JSON_MI_INDEX,data/daily_price/daily_price_20240624.csv,73.5,69.01,60.6025,69.6111,67.5447,-3.5944,2.8767,52.3327,18.6414,,6984563.75,1.3457,82.0,82.0,99.5,49.5,48.45,48.45,8.8248,23.9223,7.8852,11.1856,-8.4146,-8.4146,-24.5226,55.0052,55.0052
20240625,6695,芯鼎,TWSE,76.0,82.0,74.5,79.5,22490729.0,1767983520.0,TWSE_RWD_JSON_MI_INDEX,data/daily_price/daily_price_20240625.csv,75.14,70.275,60.8975,69.6978,68.541,5.8589,11.5007,46.679,28.6408,,7998809.95,2.8118,82.0,82.0,99.5,59.6,48.45,48.45,13.127,30.5472,14.0638,15.989,-3.0488,-3.0488,-20.1005,64.0867,64.0867
20240626,6695,芯鼎,TWSE,80.6,82.3,77.6,78.0,15244877.0,1216378866.0,TWSE_RWD_JSON_MI_INDEX,data/daily_price/daily_price_20240626.csv,77.1,71.195,61.1675,69.77,69.3292,-1.8868,14.3695,30.8725,26.2136,,8709674.85,1.7503,82.3,82.3,99.5,62.0,48.45,48.45,9.5583,27.5187,11.7959,12.5066,-5.2248,-5.2248,-21.608,60.9907,60.9907
20240627,6695,芯鼎,TWSE,78.0,78.9,75.6,75.6,4318606.0,331979100.0,TWSE_RWD_JSON_MI_INDEX,data/daily_price/daily_price_20240627.csv,77.22,71.7,61.3658,69.8203,69.8518,-3.0769,0.8,15.4198,18.6813,,8862254.75,0.4873,82.3,82.3,99.5,62.0,48.45,48.45,5.4393,23.1956,8.278,8.2291,-8.1409,-8.1409,-24.0201,56.0372,56.0372
20240628,6695,芯鼎,TWSE,75.9,77.5,75.3,75.4,3865518.0,294513863.0,TWSE_RWD_JSON_MI_INDEX,data/daily_price/daily_price_20240628.csv,76.72,71.925,61.4992,69.8679,70.3142,-0.2646,-3.2092,6.347,11.8694,,8388427.75,0.4608,82.3,82.3,99.5,62.0,48.45,48.45,4.8314,22.6033,7.9179,7.233,-8.384,-8.384,-24.2211,55.6244,55.6244
20240701,6695,芯鼎,TWSE,75.4,75.8,72.1,72.2,3857536.0,283306306.0,TWSE_RWD_JSON_MI_INDEX,data/daily_price/daily_price_20240701.csv,76.14,71.885,61.5775,69.8877,70.4713,-4.244,-3.8615,-1.0959,6.963,,6908888.45,0.5583,82.3,82.3,99.5,62.0,48.45,48.45,0.4382,17.2506,3.3086,2.453,-12.2722,-12.2722,-27.4372,49.0196,49.0196
20240702,6695,芯鼎,TWSE,72.2,75.4,72.2,72.4,4656178.0,342558954.0,TWSE_RWD_JSON_MI_INDEX,data/daily_price/daily_price_20240702.csv,74.72,71.85,61.6392,69.9088,70.632,0.277,-8.9308,-0.9576,5.3857,,6474884.1,0.7191,82.3,82.3,99.5,62.0,48.45,48.45,0.7655,17.4578,3.5635,2.5031,-12.0292,-12.0292,-27.2362,49.4324,49.4324
20240703,6695,芯鼎,TWSE,73.1,74.6,72.6,73.6,2759154.0,202605468.0,TWSE_RWD_JSON_MI_INDEX,data/daily_price/daily_price_20240703.csv,73.84,71.9,61.7325,69.9396,70.8794,1.6575,-5.641,1.3774,8.2353,,6470605.75,0.4264,82.3,82.3,99.5,62.0,48.45,48.45,2.3644,19.2241,5.2337,3.8384,-10.5711,-10.5711,-26.0302,51.9092,51.9092
20240704,6695,芯鼎,TWSE,73.6,76.4,73.0,74.5,5347448.0,401051536.0,TWSE_RWD_JSON_MI_INDEX,data/daily_price/daily_price_20240704.csv,73.62,72.335,61.8842,69.9088,71.1811,1.2228,-1.455,13.2219,13.9144,-4.7315,6556065.7,0.8156,82.3,82.3,99.5,62.0,48.45,48.45,2.993,20.3862,6.5675,4.6626,-9.4775,-9.4775,-25.1256,53.7668,53.7668
20240705,6695,芯鼎,TWSE,74.8,75.0,73.0,73.0,2443074.0,179588263.0,TWSE_RWD_JSON_MI_INDEX,data/daily_price/daily_price_20240705.csv,73.14,72.655,62.0308,69.8846,71.3327,-2.0134,-3.183,9.6096,13.7072,-3.8208,6553753.8,0.3728,82.3,82.3,99.5,62.2,48.45,48.45,0.4748,17.6834,4.4579,2.3374,-11.3001,-11.3001,-26.6332,50.6708,50.6708
20240708,6695,芯鼎,TWSE,73.3,73.6,69.1,69.6,2478101.0,174904807.0,TWSE_RWD_JSON_MI_INDEX,data/daily_price/daily_price_20240708.csv,72.62,72.855,62.1458,69.8163,71.1883,-4.6575,-3.6011,6.0976,11.0048,-10.5398,6629561.35,0.3738,82.3,82.3,99.5,62.2,48.45,48.45,-4.4678,11.9946,-0.3097,-2.2311,-15.4313,-15.4313,-30.0503,43.6533,43.6533
20240709,6695,芯鼎,TWSE,70.1,70.7,67.2,70.7,2229135.0,153484517.0,TWSE_RWD_JSON_MI_INDEX,data/daily_price/daily_price_20240709.csv,72.28,73.21,62.3058,69.7279,71.1476,1.5805,-2.3481,11.1635,15.7119,-13.0381,6680797.35,0.3337,82.3,82.3,99.5,63.9,48.45,48.45,-3.4285,13.4725,1.3941,-0.6291,-14.0948,-14.0948,-28.9447,45.9236,45.9236
20240710,6695,芯鼎,TWSE,71.0,73.8,70.1,71.8,3609550.0,260736042.0,TWSE_RWD_JSON_MI_INDEX,data/daily_price/daily_price_20240710.csv,71.92,73.305,62.5342,69.6637,71.2019,1.5559,-2.4457,2.7182,23.58,-9.6855,6738701.25,0.5356,82.3,82.3,99.5,67.2,48.45,48.45,-2.0531,14.8172,3.0665,0.8399,-12.7582,-12.7582,-27.8392,48.194,48.194
20240711,6695,芯鼎,TWSE,70.2,72.4,70.0,70.1,1989342.0,140942815.0,TWSE_RWD_JSON_MI_INDEX,data/daily_price/daily_price_20240711.csv,71.04,73.36,62.7492,69.6071,71.1101,-2.3677,-5.906,1.5942,22.5524,-8.8427,6737753.7,0.2953,82.3,82.3,99.5,67.2,48.45,48.45,-4.4438,11.7146,0.7081,-1.4205,-14.8238,-14.8238,-29.5477,44.6852,44.6852
20240712,6695,芯鼎,TWSE,69.2,71.8,68.7,69.1,2021024.0,142123504.0,TWSE_RWD_JSON_MI_INDEX,data/daily_price/daily_price_20240712.csv,70.26,73.3,62.9025,69.4787,70.9426,-1.4265,-5.3425,-1.707,15.3589,-18.2249,6740473.35,0.2998,82.3,82.3,99.5,67.2,48.45,48.45,-5.7299,9.8525,-0.5451,-2.5973,-16.0389,-16.0389,-30.5528,42.6213,42.6213
20240715,6695,芯鼎,TWSE,70.1,76.0,69.9,76.0,8963906.0,665629525.0,TWSE_RWD_JSON_MI_INDEX,data/daily_price/daily_price_20240715.csv,71.54,73.45,63.1858,69.3971,71.3641,9.9855,9.1954,4.1096,28.8136,-11.4219,7052168.65,1.2711,82.3,82.3,99.5,67.2,48.45,48.45,3.4717,20.2801,9.5147,6.4962,-7.6549,-7.6549,-23.6181,56.8627,56.8627
20240716,6695,芯鼎,TWSE,77.3,78.9,74.5,76.0,29589225.0,2269659238.0,TWSE_RWD_JSON_MI_INDEX,data/daily_price/daily_price_20240716.csv,72.6,73.685,63.5042,69.3354,71.7504,0.0,7.4965,6.5919,33.5677,-8.8729,8431468.05,3.5094,82.3,82.3,99.5,67.2,48.45,48.45,3.1418,19.6772,9.6121,5.9228,-7.6549,-7.6549,-23.6181,56.8627,56.8627
20240717,6695,芯鼎,TWSE,75.4,81.8,75.3,79.2,19677479.0,1562781794.0,TWSE_RWD_JSON_MI_INDEX,data/daily_price/daily_price_20240717.csv,74.08,74.235,63.9142,69.2312,72.3712,4.2105,10.3064,16.129,45.0549,-13.6314,9153745.95,2.1497,82.3,82.3,99.5,67.2,48.45,48.45,6.6882,23.9162,14.3992,9.4358,-3.7667,-3.7667,-20.402,63.4675,63.4675
20240718,6695,芯鼎,TWSE,77.7,78.0,73.1,73.6,8283475.0,623547123.0,TWSE_RWD_JSON_MI_INDEX,data/daily_price/daily_price_20240718.csv,74.78,74.165,64.2308,69.0963,72.4736,-7.0707,4.9929,-1.8667,34.7985,-18.0401,9190432.45,0.9013,82.3,82.3,99.4,67.2,48.45,48.45,-0.7618,14.5867,6.5181,1.5542,-10.5711,-10.5711,-25.9557,51.9092,51.9092
20240719,6695,芯鼎,TWSE,74.1,75.9,71.5,72.6,5599276.0,414000129.0,TWSE_RWD_JSON_MI_INDEX,data/daily_price/daily_price_20240719.csv,75.48,73.9,64.5192,68.9754,72.4841,-1.3587,5.0651,-6.8036,31.2839,-16.6475,7941142.6,0.7051,82.3,82.3,99.4,67.2,48.45,48.45,-1.7591,12.5247,5.2549,0.1599,-11.7861,-11.7861,-26.9618,49.8452,49.8452
20240722,6695,芯鼎,TWSE,72.1,72.9,69.1,70.8,3481996.0,247469507.0,TWSE_RWD_JSON_MI_INDEX,data/daily_price/daily_price_20240722.csv,74.44,73.685,64.8092,68.8537,72.3438,-2.4793,-6.8421,-5.7257,32.5843,-17.096,7645281.45,0.4554,82.3,82.3,99.4,67.2,48.45,48.45,-3.9153,9.2438,2.8266,-2.1339,-13.9733,-13.9733,-28.7726,46.13,46.13
20240723,6695,芯鼎,TWSE,72.6,74.9,72.0,72.0,6706109.0,490306012.0,TWSE_RWD_JSON_MI_INDEX,data/daily_price/daily_price_20240723.csv,73.64,73.31,65.0992,68.7646,72.3151,1.6949,-5.2632,-9.434,31.8681,-12.9383,6856050.45,0.9781,82.3,82.3,99.4,67.2,48.45,48.45,-1.7869,10.6005,4.7051,-0.4358,-12.5152,-12.5152,-27.5654,48.6068,48.6068
20240726,6695,芯鼎,TWSE,69.5,73.6,69.0,71.2,4579443.0,327870990.0,TWSE_RWD_JSON_MI_INDEX,data/daily_price/daily_price_20240726.csv,72.04,72.97,65.3792,68.6438,72.2222,-1.1111,-10.101,-8.7179,30.8824,-16.9195,6322778.75,0.7243,81.8,82.3,99.4,67.2,48.45,48.45,-2.4257,8.9032,3.7239,-1.4154,-12.9584,-13.4872,-28.3702,46.9556,46.9556
20240729,6695,芯鼎,TWSE,72.2,73.2,64.7,65.0,4806544.0,326904829.0,TWSE_RWD_JSON_MI_INDEX,data/daily_price/daily_price_20240729.csv,70.32,72.44,65.5542,68.4562,71.6204,-8.7079,-11.6848,-14.0212,19.2661,-25.7143,6347175.65,0.7573,81.8,82.3,99.4,64.7,48.45,48.45,-10.2706,-0.8454,-5.0488,-9.2437,-20.5379,-21.0207,-34.6076,34.1589,34.1589
20240730,6695,芯鼎,TWSE,64.8,65.9,62.1,65.8,3044367.0,195233393.0,TWSE_RWD_JSON_MI_INDEX,data/daily_price/daily_price_20240730.csv,68.96,71.96,65.7542,68.2662,71.1353,1.2308,-9.3664,-12.7321,22.3048,-25.7336,6306118.1,0.4828,81.8,82.3,99.4,62.1,48.45,48.45,-8.5603,0.0697,-3.6127,-7.5002,-19.5599,-20.0486,-33.8028,35.8101,35.8101
20240731,6695,芯鼎,TWSE,65.0,66.5,64.4,65.4,1231240.0,80342814.0,TWSE_RWD_JSON_MI_INDEX,data/daily_price/daily_price_20240731.csv,67.88,71.62,65.9658,68.1054,70.6574,-0.6079,-7.6271,-9.4183,24.0987,-22.7863,6174803.3,0.1994,81.8,82.3,99.4,62.1,48.45,48.45,-8.6847,-0.8578,-3.9724,-7.4407,-20.0489,-20.5346,-34.2052,34.9845,34.9845
20240801,6695,芯鼎,TWSE,67.3,68.9,66.6,68.5,2924398.0,198857435.0,TWSE_RWD_JSON_MI_INDEX,data/daily_price/daily_price_20240801.csv,67.18,71.425,66.2375,67.9712,70.4776,4.7401,-4.8611,-5.3867,31.2261,-19.0307,6088214.3,0.4803,81.8,82.3,99.4,62.1,48.45,48.45,-4.0952,3.4157,0.7779,-2.806,-16.2592,-16.7679,-31.0865,41.3829,41.3829
20240802,6695,芯鼎,TWSE,66.0,66.6,62.6,63.0,1656776.0,107236223.0,TWSE_RWD_JSON_MI_INDEX,data/daily_price/daily_price_20240802.csv,65.54,70.895,66.4208,67.7754,69.8545,-8.0292,-11.5169,-14.4022,21.1538,-27.1676,6033095.4,0.2746,81.8,82.3,99.4,62.1,48.45,48.45,-11.1362,-5.1502,-7.0459,-9.8125,-22.9829,-23.4508,-36.6197,30.031,30.031
20240805,6695,芯鼎,TWSE,61.0,61.0,56.7,56.7,1253258.0,72238931.0,TWSE_RWD_JSON_MI_INDEX,data/daily_price/daily_price_20240805.csv,63.88,70.005,66.4958,67.5354,68.7583,-10.0,-12.7692,-23.8926,8.6207,-33.6842,5828385.9,0.215,81.8,82.3,99.4,56.7,48.45,48.45,-19.0058,-14.7315,-16.0441,-17.5372,-30.6846,-31.1057,-42.9577,17.0279,17.0279
20240806,6695,芯鼎,TWSE,56.3,59.4,51.1,52.5,3644068.0,197658279.0,TWSE_RWD_JSON_MI_INDEX,data/daily_price/daily_price_20240806.csv,61.22,68.98,66.5175,67.2413,67.4034,-7.4074,-20.2128,-28.0822,2.5391,-40.205,5888435.6,0.6189,81.8,82.3,99.4,51.1,48.45,48.45,-23.891,-21.0734,-21.9229,-22.1108,-35.8191,-36.209,-47.1831,8.3591,8.3591
20240807,6695,芯鼎,TWSE,53.1,57.7,53.1,57.7,1401638.0,78670757.0,TWSE_RWD_JSON_MI_INDEX,data/daily_price/daily_price_20240807.csv,59.68,68.385,66.6325,66.9596,66.5948,9.9048,-11.7737,-17.0977,13.5827,-36.9399,5834612.45,0.2402,81.8,82.3,99.4,51.1,48.45,48.45,-15.6248,-13.4056,-13.8286,-13.3566,-29.4621,-29.8906,-41.9517,19.0918,19.0918
20240808,6695,芯鼎,TWSE,55.9,59.4,55.9,57.8,2058346.0,119584539.0,TWSE_RWD_JSON_MI_INDEX,data/daily_price/daily_price_20240808.csv,57.54,67.74,66.7708,66.6496,65.8619,0.1733,-15.6204,-18.2461,16.7677,-39.1579,5826073.0,0.3533,81.8,82.3,99.4,51.1,48.45,48.45,-14.6738,-13.4353,-13.2778,-12.2406,-29.3399,-29.7691,-41.8511,19.2982,19.2982
20240809,6695,芯鼎,TWSE,59.9,60.9,58.2,58.9,1939301.0,115791818.0,TWSE_RWD_JSON_MI_INDEX,data/daily_price/daily_price_20240809.csv,56.72,67.095,66.8925,66.4279,65.2817,1.9031,-6.5079,-17.9666,14.1473,-31.1111,5742560.55,0.3377,81.8,82.3,92.0,51.1,48.45,48.45,-12.214,-11.9483,-11.3325,-9.7757,-27.9951,-28.4326,-35.9783,21.5686,21.5686
20240812,6695,芯鼎,TWSE,58.8,60.5,58.8,59.9,833571.0,49891050.0,TWSE_RWD_JSON_MI_INDEX,data/daily_price/daily_price_20240812.csv,57.36,66.585,67.0175,66.2129,64.8333,1.6978,5.6437,-14.5506,14.313,-30.105,5684772.0,0.1466,81.8,82.3,92.0,51.1,48.45,48.45,-10.0398,-10.6204,-9.5343,-7.6091,-26.7726,-27.2175,-34.8913,23.6326,23.6326
20240813,6695,芯鼎,TWSE,60.0,60.7,58.7,59.9,918941.0,55125179.0,TWSE_RWD_JSON_MI_INDEX,data/daily_price/daily_price_20240813.csv,58.84,66.125,67.1525,65.9571,64.4221,0.0,14.0952,-13.314,15.6371,-33.8852,5629667.85,0.1632,81.8,82.3,91.5,51.1,48.45,48.45,-9.414,-10.8,-9.1834,-7.0196,-26.7726,-27.2175,-34.5355,23.6326,23.6326
20240814,6695,芯鼎,TWSE,61.6,64.2,61.0,62.3,3531266.0,221706282.0,TWSE_RWD_JSON_MI_INDEX,data/daily_price/daily_price_20240814.csv,59.76,65.44,67.3442,65.7621,64.2453,4.0067,7.9723,-18.0263,22.6378,-27.3046,5358035.85,0.6591,81.8,82.3,88.5,51.1,48.45,48.45,-4.7983,-7.4901,-5.2646,-3.0279,-23.8386,-24.3013,-29.6045,28.5862,28.5862
20240815,6695,芯鼎,TWSE,62.7,63.0,61.5,61.9,1303179.0,81072791.0,TWSE_RWD_JSON_MI_INDEX,data/daily_price/daily_price_20240815.csv,60.58,64.735,67.5325,65.5604,64.0499,-0.6421,7.0934,-18.5526,22.332,-28.1069,3943733.55,0.3304,81.8,82.3,88.5,51.1,48.45,48.45,-4.3794,-8.3404,-5.5833,-3.3565,-24.3276,-24.7874,-30.0565,27.7606,27.7606
20240816,6695,芯鼎,TWSE,63.1,64.5,62.2,63.3,2200279.0,139171854.0,TWSE_RWD_JSON_MI_INDEX,data/daily_price/daily_price_20240816.csv,61.46,63.94,67.7583,65.3888,63.9874,2.2617,7.4703,-20.0758,27.2362,-24.553,3069873.55,0.7167,78.0,82.3,88.5,51.1,48.45,48.45,-1.0009,-6.5798,-3.1944,-1.0742,-18.8462,-23.0863,-28.4746,30.6502,30.6502
20240819,6695,芯鼎,TWSE,64.0,64.4,62.5,62.6,935459.0,59024183.0,TWSE_RWD_JSON_MI_INDEX,data/daily_price/daily_price_20240819.csv,62.0,63.39,67.9517,65.2096,63.8718,-1.1058,4.5075,-14.9457,22.7451,-25.5648,2702472.75,0.3461,75.9,82.3,88.5,51.1,48.45,48.45,-1.2463,-7.8757,-4.0018,-1.9911,-17.5231,-23.9368,-29.2655,29.2054,29.2054
20240820,6695,芯鼎,TWSE,63.4,63.6,62.4,62.8,839959.0,52880813.0,TWSE_RWD_CSV_MI_INDEX,data/daily_price/daily_price_20240820.csv,62.58,62.9,68.1733,65.0521,63.7824,0.3195,4.8414,-13.4986,26.8687,-23.1334,2464506.9,0.3408,74.9,82.3,88.5,51.1,48.45,48.45,-0.159,-7.8819,-3.462,-1.5403,-16.1549,-23.6938,-29.0395,29.6182,29.6182
20240821,6695,芯鼎,TWSE,62.6,63.1,60.6,61.4,1137794.0,70155497.0,TWSE_RWD_JSON_MI_INDEX,data/daily_price/daily_price_20240821.csv,62.4,62.43,68.375,64.8571,63.5839,-2.2293,-1.4446,-13.2768,24.5436,-27.5943,2347296.8,0.4847,74.9,82.3,88.5,51.1,49.5,48.45,-1.6498,-10.2011,-5.3303,-3.4347,-18.024,-25.3949,-30.6215,24.0404,26.7286
20240822,6695,芯鼎,TWSE,61.7,62.1,60.4,60.4,634738.0,38703544.0,TWSE_RWD_JSON_MI_INDEX,data/daily_price/daily_price_20240822.csv,62.1,61.85,68.4783,64.6696,63.3186,-1.6287,-2.4233,-16.1111,11.4391,-27.1411,2043728.25,0.3106,73.6,82.3,85.3,51.1,51.1,48.45,-2.3444,-11.7969,-6.6022,-4.6094,-17.9348,-26.61,-29.1911,18.1996,24.6646
20240823,6695,芯鼎,TWSE,60.1,60.1,58.6,59.8,750644.0,44589321.0,TWSE_RWD_JSON_MI_INDEX,data/daily_price/daily_price_20240823.csv,61.4,61.28,68.4817,64.4721,63.0254,-0.9934,-5.5292,-16.0112,0.3356,-28.3832,1852288.3,0.4053,73.2,82.3,84.6,51.1,51.1,48.45,-2.4151,-12.6774,-7.2467,-5.1176,-18.306,-27.339,-29.3144,17.0254,23.4262
20240826,6695,芯鼎,TWSE,61.1,63.3,60.3,61.4,1337491.0,82905160.0,TWSE_RWD_JSON_MI_INDEX,data/daily_price/daily_price_20240826.csv,61.16,61.1,68.4133,64.3012,62.8899,2.6756,-1.9169,-5.5385,-6.2595,-25.0305,1678835.65,0.7967,68.9,82.3,83.0,51.1,51.1,48.45,0.491,-10.2514,-4.512,-2.3691,-10.8853,-25.3949,-26.0241,20.1566,26.7286
20240827,6695,芯鼎,TWSE,61.2,62.0,60.1,60.9,601686.0,36689805.0,TWSE_RWD_JSON_MI_INDEX,data/daily_price/daily_price_20240827.csv,60.78,60.855,68.2467,64.1446,62.7241,-0.8143,-3.0255,-7.4468,-14.1044,-23.5885,1556701.6,0.3865,68.9,82.3,82.3,51.1,51.1,48.45,0.0739,-10.7649,-5.0582,-2.9081,-11.611,-26.0024,-26.0024,19.1781,25.6966
20240828,6695,芯鼎,TWSE,61.6,61.8,60.2,60.6,466703.0,28463903.0,TWSE_RWD_JSON_MI_INDEX,data/daily_price/daily_price_20240828.csv,60.62,60.615,68.04,63.9938,62.5471,-0.4926,-1.3029,-7.3394,-16.9863,-22.9987,1518474.75,0.3073,68.9,82.3,82.3,51.1,51.1,48.45,-0.0247,-10.9347,-5.3033,-3.113,-12.0464,-26.367,-26.367,18.591,25.0774
20240829,6695,芯鼎,TWSE,59.9,61.1,59.2,59.8,512646.0,30881003.0,TWSE_RWD_JSON_MI_INDEX,data/daily_price/daily_price_20240829.csv,60.5,60.18,67.8183,63.8579,62.3182,-1.3201,-0.9934,-12.7007,-18.1943,-21.4192,1397887.15,0.3667,66.6,82.3,82.3,51.1,51.1,48.45,-0.6314,-11.8233,-6.3546,-4.0408,-10.2102,-27.339,-27.339,17.0254,23.4262
20240830,6695,芯鼎,TWSE,60.2,61.9,59.4,59.4,797598.0,48105012.0,TWSE_RWD_JSON_MI_INDEX,data/daily_price/daily_price_20240830.csv,60.42,60.0,67.5983,63.7454,62.075,-0.6689,-0.6689,-5.7143,-18.1818,-18.5185,1354928.25,0.5887,64.5,82.3,82.3,51.1,51.1,48.45,-1.0,-12.128,-6.8168,-4.3093,-7.907,-27.825,-27.825,16.2427,22.6006
20240902,6695,芯鼎,TWSE,60.3,60.3,58.7,58.7,444154.0,26289805.0,TWSE_RWD_JSON_MI_INDEX,data/daily_price/daily_price_20240902.csv,59.88,60.1,67.48,63.6404,61.7937,-1.1785,-4.3974,3.5273,-10.7903,-17.6718,1314473.05,0.3379,64.5,82.3,82.3,51.1,51.1,48.45,-2.3295,-13.0113,-7.763,-5.0065,-8.9922,-28.6756,-28.6756,14.8728,21.1558
20240903,6695,芯鼎,TWSE,59.1,59.7,57.6,57.6,451203.0,26293477.0,TWSE_RWD_JSON_MI_INDEX,data/daily_price/daily_price_20240903.csv,59.22,60.355,67.33,63.5321,61.4443,-1.8739,-5.4187,9.7143,-13.5135,-18.4136,1154829.8,0.3907,64.5,82.3,82.3,53.1,51.1,48.45,-4.5647,-14.4512,-9.3371,-6.2565,-10.6977,-30.0122,-30.0122,12.7202,18.8854
20240904,6695,芯鼎,TWSE,54.5,55.2,52.5,54.0,801371.0,43499269.0,TWSE_RWD_JSON_MI_INDEX,data/daily_price/daily_price_20240904.csv,57.9,60.17,67.1367,63.3896,60.8239,-6.25,-10.8911,-6.4125,-17.6829,-24.0506,1124816.45,0.7124,64.5,82.3,82.3,52.5,51.1,48.45,-10.2543,-19.5671,-14.8125,-11.2191,-16.2791,-34.3864,-34.3864,5.6751,11.4551
20240905,6695,芯鼎,TWSE,54.7,55.5,53.0,53.0,440723.0,23749814.0,TWSE_RWD_JSON_MI_INDEX,data/daily_price/daily_price_20240905.csv,56.54,59.93,66.96,63.2662,60.1719,-1.8519,-11.3712,-8.3045,-16.6667,-21.8289,1043935.3,0.4222,64.5,82.3,82.3,52.5,51.1,48.45,-11.5635,-20.8483,-16.2271,-11.919,-17.8295,-35.6015,-35.6015,3.7182,9.3911
20240906,6695,芯鼎,TWSE,53.3,54.6,52.7,53.4,550978.0,29481513.0,TWSE_RWD_JSON_MI_INDEX,data/daily_price/daily_price_20240906.csv,55.34,59.655,66.685,63.1562,59.6076,0.7547,-10.101,-9.3379,-23.6052,-19.8198,974519.15,0.5654,64.5,82.3,82.3,52.5,51.1,48.45,-10.4853,-19.922,-15.4478,-10.4141,-17.2093,-35.1154,-35.1154,4.501,10.2167
20240909,6695,芯鼎,TWSE,51.2,53.8,51.2,53.5,316915.0,16687139.0,TWSE_RWD_JSON_MI_INDEX,data/daily_price/daily_price_20240909.csv,54.3,59.335,66.4267,63.0571,59.0986,0.1873,-8.8586,-10.6845,-22.4638,-18.1957,948686.35,0.3341,64.5,82.3,82.3,51.2,51.1,48.45,-9.834,-19.4601,-15.1562,-9.4733,-17.0543,-34.9939,-34.9939,4.6967,10.4231
20240910,6695,芯鼎,TWSE,53.9,54.3,51.3,52.1,573367.0,30054818.0,TWSE_RWD_JSON_MI_INDEX,data/daily_price/daily_price_20240910.csv,53.2,58.945,66.1233,62.9371,58.5154,-2.6168,-9.5486,-13.0217,-25.889,-21.6541,931407.65,0.6156,64.5,82.3,82.3,51.2,51.1,48.45,-11.6125,-21.2078,-17.2189,-10.9636,-19.2248,-36.695,-36.695,1.9569,7.5335
20240911,6695,芯鼎,TWSE,52.7,53.4,52.4,52.8,334321.0,17654430.0,TWSE_RWD_JSON_MI_INDEX,data/daily_price/daily_price_20240911.csv,52.96,58.47,65.7867,62.8288,58.0391,1.3436,-2.2222,-15.2488,-27.6712,-19.7568,771560.4,0.4333,64.5,82.3,82.3,51.2,51.1,48.45,-9.6973,-19.7406,-15.962,-9.0269,-18.1395,-35.8445,-35.8445,3.3268,8.9783
20240912,6695,芯鼎,TWSE,54.3,54.3,53.4,53.6,336886.0,18135346.0,TWSE_RWD_JSON_MI_INDEX,data/daily_price/daily_price_20240912.csv,53.08,58.055,65.4917,62.7279,57.6692,1.5152,1.1321,-13.4087,-24.8247,-18.417,723245.75,0.4658,64.5,82.3,82.3,51.2,51.1,48.45,-7.6738,-18.1575,-14.5516,-7.0561,-16.8992,-34.8724,-34.8724,4.8924,10.6295
20240913,6695,芯鼎,TWSE,53.7,55.2,52.8,54.1,538242.0,28991822.0,TWSE_RWD_JSON_MI_INDEX,data/daily_price/daily_price_20240913.csv,53.22,57.595,65.2567,62.6346,57.3718,0.9328,1.3109,-14.534,-20.6745,-17.1516,640143.9,0.8408,64.4,82.3,82.3,51.2,51.1,48.45,-6.0682,-17.0966,-13.626,-5.7027,-15.9938,-34.2649,-34.2649,5.8708,11.6615
20240916,6695,芯鼎,TWSE,55.0,55.0,53.7,54.6,341887.0,18571864.0,TWSE_RWD_JSON_MI_INDEX,data/daily_price/daily_price_20240916.csv,53.44,57.195,64.9167,62.5521,57.1408,0.9242,2.0561,-12.7796,-27.2,-15.3488,610465.3,0.56,63.6,82.3,82.3,51.2,51.1,48.45,-4.5371,-15.8922,-12.7127,-4.4465,-14.1509,-33.6574,-33.6574,6.8493,12.6935
20240918,6695,芯鼎,TWSE,55.0,55.0,53.1,53.2,464835.0,25125002.0,TWSE_RWD_JSON_MI_INDEX,data/daily_price/daily_price_20240918.csv,53.66,56.715,64.505,62.4554,56.8124,-2.5641,2.1113,-15.2866,-31.7073,-17.9012,591709.1,0.7856,63.3,82.3,82.3,51.2,51.1,48.45,-6.1977,-17.5258,-14.8192,-6.3584,-15.9558,-35.3584,-35.3584,4.1096,9.8039
20240919,6695,芯鼎,TWSE,53.6,55.3,53.6,54.8,401141.0,21900754.0,TWSE_RWD_JSON_MI_INDEX,data/daily_price/daily_price_20240919.csv,54.06,56.385,64.1667,62.3846,56.6447,3.0075,3.7879,-10.7492,-27.0306,-13.4281,554876.45,0.7229,63.3,82.3,82.3,51.2,51.1,48.45,-2.811,-14.5974,-12.1578,-3.2566,-13.4281,-33.4143,-33.4143,7.2407,13.1063
20240920,6695,芯鼎,TWSE,55.3,55.9,54.4,54.5,424703.0,23347265.0,TWSE_RWD_JSON_MI_INDEX,data/daily_price/daily_price_20240920.csv,54.24,56.09,63.75,62.3238,56.466,-0.5474,1.6791,-9.7682,-31.4465,-11.8123,544374.7,0.7802,63.3,82.3,82.3,51.2,51.1,48.45,-2.8347,-14.5098,-12.5534,-3.4817,-13.9021,-33.7789,-33.7789,6.6536,12.4871
20240923,6695,芯鼎,TWSE,55.5,55.9,54.7,55.1,288747.0,15931967.0,TWSE_RWD_JSON_MI_INDEX,data/daily_price/daily_price_20240923.csv,54.44,55.855,63.3683,62.2679,56.3521,1.1009,1.8484,-7.8595,-29.359,-10.8414,521279.85,0.5539,63.3,81.8,82.3,51.2,51.1,48.45,-1.3517,-13.0481,-11.5114,-2.222,-12.9542,-32.6406,-33.0498,7.8278,13.7255
20240924,6695,芯鼎,TWSE,55.7,55.7,53.9,54.2,322712.0,17519444.0,TWSE_RWD_JSON_MI_INDEX,data/daily_price/daily_price_20240924.csv,54.36,55.495,63.0117,62.1888,56.1728,-1.6334,-0.7326,-11.7264,-28.3069,-14.9137,470540.9,0.6858,62.0,81.8,82.3,51.2,51.1,48.45,-2.3335,-13.9842,-12.846,-3.512,-12.5806,-33.7408,-34.1434,6.0665,11.8679
20240925,6695,芯鼎,TWSE,54.4,59.6,54.4,59.6,1727534.0,100832342.0,TWSE_RWD_JSON_MI_INDEX,data/daily_price/daily_price_20240925.csv,55.64,55.43,62.7483,62.1237,56.4584,9.9631,12.0301,-2.1346,-20.9549,-11.5727,526833.3,3.2791,61.9,81.8,82.3,51.2,51.1,48.45,7.523,-5.0174,-4.0625,5.5645,-3.7157,-27.1394,-27.582,16.6341,23.0134
20240926,6695,芯鼎,TWSE,60.5,60.9,57.7,58.0,3092500.0,182551237.0,TWSE_RWD_JSON_MI_INDEX,data/daily_price/daily_price_20240926.csv,56.28,55.3,62.5117,62.0446,56.5869,-2.6846,5.8394,-4.2904,-19.6676,-14.0741,658123.15,4.699,61.9,81.8,82.3,51.2,51.1,48.45,4.8825,-7.2173,-6.5188,2.4973,-6.3005,-29.0954,-29.5261,13.5029,19.711
20240927,6695,芯鼎,TWSE,58.5,62.5,58.4,59.2,3050030.0,184903841.0,TWSE_RWD_JSON_MI_INDEX,data/daily_price/daily_price_20240927.csv,57.22,55.27,62.2917,61.9654,56.8046,2.069,8.6239,-1.0033,-18.232,-13.8282,784992.35,3.8854,62.5,81.8,82.3,51.2,51.1,48.45,7.1105,-4.9632,-4.4628,4.2169,-5.28,-27.6284,-28.068,15.8513,22.1878
20240930,6695,芯鼎,TWSE,58.9,60.5,58.5,58.5,704068.0,41593404.0,TWSE_RWD_JSON_MI_INDEX,data/daily_price/daily_price_20240930.csv,57.9,55.225,62.04,61.8862,56.9459,-1.1824,6.1706,-1.5152,-20.5163,-13.9706,780315.85,0.9023,62.5,81.8,82.3,51.2,51.1,48.45,5.9303,-5.706,-5.4717,2.7291,-6.4,-28.4841,-28.9186,14.4814,20.743
20241001,6695,芯鼎,TWSE,58.6,59.1,57.4,57.7,627121.0,36345067.0,TWSE_RWD_JSON_MI_INDEX,data/daily_price/daily_price_20241001.csv,58.6,55.175,61.76,61.8221,57.0087,-1.3675,6.4576,-1.7036,-22.5503,-11.7737,789464.2,0.7944,62.5,81.8,82.3,51.2,51.1,48.45,4.5763,-6.5738,-6.6677,1.2126,-7.68,-29.4621,-29.8906,12.9159,19.0918
20241004,6695,芯鼎,TWSE,58.1,58.1,56.5,56.8,354940.0,20269648.0,TWSE_RWD_JSON_MI_INDEX,data/daily_price/daily_price_20241004.csv,58.04,55.135,61.49,61.7604,56.9913,-1.5598,-4.698,-1.3889,-22.1918,-11.5265,784651.05,0.4524,62.5,81.8,82.3,51.2,51.1,48.45,3.0199,-7.6273,-8.0317,-0.3357,-9.12,-30.5623,-30.9842,11.1546,17.2343
20241007,6695,芯鼎,TWSE,58.4,58.4,57.0,57.6,319740.0,18375536.0,TWSE_RWD_JSON_MI_INDEX,data/daily_price/daily_price_20241007.csv,57.96,55.315,61.29,61.7179,57.0421,1.4085,-0.6897,6.6667,-17.2414,-8.134,760569.5,0.4204,62.5,81.8,82.3,51.2,51.1,48.45,4.1309,-6.0206,-6.6722,0.9781,-7.84,-29.5844,-30.0122,12.7202,18.8854
20241008,6695,芯鼎,TWSE,57.8,57.8,56.2,57.1,354769.0,20123374.0,TWSE_RWD_JSON_MI_INDEX,data/daily_price/daily_price_20241008.csv,57.54,55.52,61.0633,61.6846,57.0469,-0.8681,-3.5473,7.7358,-19.2362,-6.5466,756271.8,0.4691,62.5,81.8,82.3,51.2,51.1,48.45,2.8458,-6.4905,-7.4323,0.0931,-8.64,-30.1956,-30.6197,11.7417,17.8535
20241009,6695,芯鼎,TWSE,58.2,58.3,55.7,55.9,374686.0,21160851.0,TWSE_RWD_JSON_MI_INDEX,data/daily_price/daily_price_20241009.csv,57.02,55.645,60.7983,61.6662,56.9513,-2.1016,-4.4444,4.6816,-22.1448,-3.7866,747457.2,0.5013,62.5,81.8,82.3,51.2,51.1,48.45,0.4583,-8.0567,-9.3507,-1.846,-10.56,-31.6626,-32.0778,9.3933,15.3767
20241011,6695,芯鼎,TWSE,55.5,58.7,55.0,55.6,832026.0,47050449.0,TWSE_RWD_JSON_MI_INDEX,data/daily_price/daily_price_20241011.csv,56.6,55.75,60.5567,61.6529,56.8387,-0.5367,-3.6395,3.9252,-20.6847,-2.7972,773212.75,1.0761,62.5,81.8,82.3,51.3,51.1,48.45,-0.2691,-8.1852,-9.8177,-2.1793,-11.04,-32.0293,-32.4423,8.8063,14.7575
20241014,6695,芯鼎,TWSE,55.7,57.0,55.3,56.8,349273.0,19681092.0,TWSE_RWD_JSON_MI_INDEX,data/daily_price/daily_price_20241014.csv,56.6,55.985,60.3517,61.6271,56.8355,2.1583,0.0,9.0211,-17.8003,-5.1753,762008.05,0.4584,62.5,81.8,82.3,52.4,51.1,48.45,1.4557,-5.885,-7.8327,-0.0624,-9.12,-30.5623,-30.9842,11.1546,17.2343
20241015,6695,芯鼎,TWSE,56.9,60.6,56.9,57.9,2886693.0,170310769.0,TWSE_RWD_JSON_MI_INDEX,data/daily_price/daily_price_20241015.csv,56.66,56.24,60.05,61.6179,56.9242,1.9366,0.5208,9.6591,-23.8158,-1.8644,889626.65,3.2448,62.5,81.8,82.3,52.8,51.1,48.45,2.9516,-3.5803,-6.0338,1.7142,-7.36,-29.2176,-29.6476,13.3072,19.5046
20241016,6695,芯鼎,TWSE,58.0,59.4,57.6,58.1,1041872.0,60655194.0,TWSE_RWD_JSON_MI_INDEX,data/daily_price/daily_price_20241016.csv,56.86,56.465,59.7517,61.6279,57.0222,0.3454,1.7513,8.3955,-23.5526,2.109,924875.95,1.1265,62.5,81.8,82.3,52.8,51.1,48.45,2.8956,-2.7642,-5.7245,1.8902,-7.04,-28.9731,-29.4046,13.6986,19.9174
20241017,6695,芯鼎,TWSE,58.1,58.8,57.8,58.5,468168.0,27302394.0,TWSE_RWD_JSON_MI_INDEX,data/daily_price/daily_price_20241017.csv,57.38,56.685,59.4067,61.6604,57.1453,0.6885,4.6512,8.1331,-26.1364,7.1429,921372.25,0.5081,62.5,78.0,82.3,53.1,51.1,48.45,3.2019,-1.5262,-5.1255,2.3706,-6.4,-25.0,-28.9186,14.4814,20.743
20241018,6695,芯鼎,TWSE,59.3,59.3,56.3,56.3,600410.0,34338836.0,TWSE_RWD_JSON_MI_INDEX,data/daily_price/daily_price_20241018.csv,57.52,56.77,59.1183,61.6746,57.0749,-3.7607,1.259,3.1136,-23.5054,3.1136,934298.4,0.6426,62.5,75.9,82.3,53.1,51.1,48.45,-0.8279,-4.7673,-8.7144,-1.3577,-9.92,-25.8235,-31.5917,10.1761,16.2023
20241021,6695,芯鼎,TWSE,56.8,61.9,56.8,61.9,3115692.0,188752893.0,TWSE_RWD_JSON_MI_INDEX,data/daily_price/daily_price_20241021.csv,58.54,57.205,58.94,61.7296,57.477,9.9467,8.9789,16.3534,-14.7383,11.9349,1066841.25,2.9205,62.5,74.9,82.3,53.6,51.1,48.45,8.2073,5.0221,0.2761,7.6953,-0.96,-17.3565,-24.7874,21.135,27.7606
20241022,6695,芯鼎,TWSE,62.5,62.9,60.5,60.7,3022475.0,185635012.0,TWSE_RWD_JSON_MI_INDEX,data/daily_price/daily_price_20241022.csv,59.1,57.5,58.7717,61.7904,57.7456,-1.9386,4.8359,10.7664,-14.2655,13.6704,1197907.95,2.5231,62.9,74.9,82.3,53.9,51.1,48.45,5.5652,3.2811,-1.7647,5.1163,-3.4976,-18.9586,-26.2454,18.7867,25.2838
20241023,6695,芯鼎,TWSE,61.5,62.1,59.9,60.0,1224074.0,74474588.0,TWSE_RWD_JSON_MI_INDEX,data/daily_price/daily_price_20241023.csv,59.48,57.775,58.5717,61.8354,57.9334,-1.1532,3.2702,10.0917,-16.6667,9.8901,1237876.5,0.9888,62.9,73.6,82.3,53.9,51.1,48.45,3.8511,2.4386,-2.9682,3.5671,-4.6105,-18.4783,-27.096,17.4168,23.839
20241024,6695,芯鼎,TWSE,60.7,60.7,58.5,58.6,722865.0,42869496.0,TWSE_RWD_JSON_MI_INDEX,data/daily_price/daily_price_20241024.csv,59.5,57.95,58.3617,61.8704,57.989,-2.3333,0.1709,6.3521,-17.6966,7.7206,1259582.4,0.5739,62.9,73.2,82.3,53.9,51.1,48.45,1.1217,0.4084,-5.2859,1.0537,-6.8362,-19.9454,-28.7971,14.6771,20.9494
20241025,6695,芯鼎,TWSE,59.2,59.2,58.2,58.2,296827.0,17331911.0,TWSE_RWD_JSON_MI_INDEX,data/daily_price/daily_price_20241025.csv,59.88,58.15,58.2483,61.9012,58.0066,-0.6826,3.3748,7.3801,-10.4615,6.789,1258288.15,0.2359,62.9,68.9,82.3,54.4,51.1,48.45,0.086,-0.083,-5.9793,0.3335,-7.4722,-15.5298,-29.2831,13.8943,20.1238
20241028,6695,芯鼎,TWSE,58.6,60.7,57.4,59.1,921036.0,54461858.0,TWSE_RWD_JSON_MI_INDEX,data/daily_price/daily_price_20241028.csv,59.32,58.125,58.1367,61.9454,58.0977,1.5464,-4.5234,-0.8389,-10.1824,9.8513,1217963.25,0.7562,62.9,68.9,82.3,55.0,51.1,48.45,1.6774,1.657,-4.5934,1.7252,-6.0413,-14.2235,-28.1896,15.6556,21.9814
20241029,6695,芯鼎,TWSE,59.1,59.1,57.6,58.6,483246.0,28125433.0,TWSE_RWD_JSON_MI_INDEX,data/daily_price/daily_price_20241029.csv,58.9,58.155,58.0233,61.9946,58.1395,-0.846,-3.4596,1.0345,-10.3976,11.1954,1087500.55,0.4444,62.9,68.9,82.3,55.0,51.1,48.45,0.7652,0.9939,-5.4756,0.792,-6.8362,-14.9492,-28.7971,14.6771,20.9494
20241030,6695,芯鼎,TWSE,59.0,59.6,57.7,57.7,523808.0,30685436.0,TWSE_RWD_JSON_MI_INDEX,data/daily_price/daily_price_20241030.csv,58.44,58.08,57.8433,62.0404,58.1029,-1.5358,-3.8333,-2.5338,-15.7664,10.5364,961189.45,0.545,62.9,66.6,82.3,55.0,51.1,48.45,-0.6543,-0.2478,-6.9961,-0.6935,-8.2671,-13.3634,-29.8906,12.9159,19.0918
20241101,6695,芯鼎,TWSE,56.2,58.0,56.2,57.5,287350.0,16434604.0,TWSE_RWD_JSON_MI_INDEX,data/daily_price/daily_price_20241101.csv,58.22,58.03,57.7517,62.0862,58.0527,-0.3466,-1.8771,-1.7094,-8.7302,10.5769,940353.55,0.3056,62.9,64.5,82.3,55.0,51.1,48.45,-0.9133,-0.4358,-7.3869,-0.952,-8.5851,-10.8527,-30.1337,12.5245,18.6791
20241104,6695,芯鼎,TWSE,57.7,58.3,56.2,56.2,282950.0,16071558.0,TWSE_RWD_JSON_MI_INDEX,data/daily_price/daily_price_20241104.csv,57.82,57.955,57.7433,62.1196,57.8983,-2.2609,-3.4364,-2.5997,-0.8818,7.6628,923145.0,0.3065,62.9,64.5,82.3,55.0,51.1,48.45,-3.0282,-2.6727,-9.5293,-2.9332,-10.6518,-12.8682,-31.7132,9.9804,15.9959
20241105,6695,芯鼎,TWSE,56.8,59.7,56.8,57.5,604485.0,35065495.0,TWSE_RWD_JSON_MI_INDEX,data/daily_price/daily_price_20241105.csv,57.5,57.99,57.8267,62.1721,57.8651,2.3132,-2.7073,1.2324,9.5238,12.3047,935622.25,0.6461,62.9,64.5,82.3,55.0,51.2,48.45,-0.845,-0.5649,-7.5148,-0.6309,-8.5851,-10.8527,-30.1337,12.3047,18.6791
20241106,6695,芯鼎,TWSE,57.8,58.3,56.8,56.8,389476.0,22293044.0,TWSE_RWD_JSON_MI_INDEX,data/daily_price/daily_price_20241106.csv,57.14,57.95,57.8117,62.2221,57.7763,-1.2174,-3.0717,-1.3889,-1.5598,11.811,939109.05,0.4147,62.9,64.5,82.3,55.0,51.2,48.45,-1.9845,-1.7499,-8.7141,-1.6899,-9.6979,-11.938,-30.9842,10.9375,17.2343
20241107,6695,芯鼎,TWSE,57.0,59.4,57.0,58.3,672351.0,39347352.0,TWSE_RWD_JSON_MI_INDEX,data/daily_price/daily_price_20241107.csv,57.26,58.01,57.82,62.2954,57.82,2.6408,1.0399,2.1016,0.8651,17.7778,954988.15,0.704,62.9,64.5,82.3,55.0,51.2,48.45,0.4999,0.8302,-6.4137,0.8302,-7.3132,-9.6124,-29.1616,13.8672,20.3302
20241108,6695,芯鼎,TWSE,59.0,59.0,56.5,56.5,613624.0,35104682.0,TWSE_RWD_JSON_MI_INDEX,data/daily_price/daily_price_20241108.csv,57.06,58.04,57.78,62.3362,57.71,-3.0875,-1.7391,1.0733,-4.0747,9.4961,966935.05,0.6346,62.9,64.5,82.3,55.0,51.2,48.45,-2.6533,-2.2153,-9.3625,-2.0966,-10.1749,-12.4031,-31.3487,10.3516,16.6151
20241111,6695,芯鼎,TWSE,56.6,60.6,56.3,59.0,1540533.0,91217418.0,TWSE_RWD_JSON_MI_INDEX,data/daily_price/daily_price_20241111.csv,57.62,58.21,57.765,62.3912,57.8175,4.4248,4.9822,6.1151,-1.5025,12.5954,1002360.4,1.5369,62.9,64.5,82.3,55.3,51.2,48.45,1.3572,2.138,-5.4355,2.0453,-6.2003,-8.5271,-28.3111,15.2344,21.775
20241112,6695,芯鼎,TWSE,58.4,61.4,57.6,60.2,2587157.0,154703474.0,TWSE_RWD_JSON_MI_INDEX,data/daily_price/daily_price_20241112.csv,58.16,58.38,57.77,62.4612,58.016,2.0339,4.6957,5.9859,0.5008,16.2162,1114254.6,2.3219,62.9,64.5,82.3,56.2,51.2,48.45,3.1175,4.2063,-3.6202,3.7644,-4.2925,-6.6667,-26.853,17.5781,24.2518
20241113,6695,芯鼎,TWSE,60.6,62.7,59.3,59.7,4359266.0,265271152.0,TWSE_RWD_JSON_MI_INDEX,data/daily_price/daily_price_20241113.csv,58.74,58.47,57.7267,62.5354,58.1564,-0.8306,5.1056,3.1088,-4.1734,17.5197,1187883.25,3.6698,62.9,64.5,82.3,56.2,51.2,48.45,2.1036,3.4184,-4.5341,2.6543,-5.0874,-7.4419,-27.4605,16.6016,23.2198
20241114,6695,芯鼎,TWSE,59.7,60.8,58.3,58.3,1325044.0,78696989.0,TWSE_RWD_JSON_MI_INDEX,data/daily_price/daily_price_20241114.csv,58.74,58.48,57.6667,62.5996,58.1683,-2.3451,0.0,0.3442,-5.8158,15.2174,1202041.85,1.1023,62.9,64.5,82.3,56.2,51.2,48.45,-0.3078,1.0983,-6.8684,0.2264,-7.3132,-9.6124,-29.1616,13.8672,20.3302
20241115,6695,芯鼎,TWSE,58.8,59.2,56.8,57.0,683711.0,39409914.0,TWSE_RWD_JSON_MI_INDEX,data/daily_price/daily_price_20241115.csv,58.84,58.405,57.5617,62.66,58.071,-2.2298,0.885,-2.5641,-9.9526,14.5729,1212819.0,0.5637,62.9,64.4,82.3,56.2,51.2,48.45,-2.4056,-0.9758,-9.0329,-1.8442,-9.38,-11.4907,-30.7412,11.3281,17.6471
20241118,6695,芯鼎,TWSE,57.0,57.0,55.7,55.7,597586.0,33647363.0,TWSE_RWD_JSON_MI_INDEX,data/daily_price/daily_price_20241118.csv,58.18,58.375,57.4467,62.6992,57.8734,-2.2807,-5.5932,-1.0657,-11.0224,9.2157,1212677.8,0.4928,62.9,63.6,82.3,55.7,51.2,48.45,-4.5824,-3.0405,-11.1631,-3.7554,-11.4467,-12.4214,-32.3208,8.7891,14.9639
20241119,6695,芯鼎,TWSE,55.7,58.0,55.4,57.7,665779.0,37925537.0,TWSE_RWD_CSV_MI_INDEX,data/daily_price/daily_price_20241119.csv,57.68,58.165,57.3617,62.7675,57.8589,3.5907,-4.1528,-6.7851,-8.121,16.5657,1090182.15,0.6107,62.9,63.3,82.3,55.4,51.2,48.45,-0.7994,0.5898,-8.0734,-0.2747,-8.2671,-8.8468,-29.8906,12.6953,19.0918
20241120,6695,芯鼎,TWSE,57.7,58.1,55.9,56.2,602947.0,34152333.0,TWSE_RWD_JSON_MI_INDEX,data/daily_price/daily_price_20241120.csv,56.98,57.94,57.275,62.825,57.7207,-2.5997,-5.8626,-7.4135,-8.4691,13.9959,969205.75,0.6221,62.7,63.3,82.3,55.4,51.2,49.5,-3.0031,-1.8769,-10.5452,-2.6346,-10.3668,-11.2164,-31.7132,9.7656,13.5354
20241121,6695,芯鼎,TWSE,56.2,56.9,55.8,55.9,261052.0,14684876.0,TWSE_RWD_JSON_MI_INDEX,data/daily_price/daily_price_20241121.csv,56.5,57.735,57.2,62.8392,57.569,-0.5338,-4.1166,-6.8333,-7.4503,3.1365,921054.65,0.2834,62.7,63.3,82.3,55.4,51.2,51.1,-3.1783,-2.2727,-11.0427,-2.8991,-10.8453,-11.6904,-32.0778,9.1797,9.3933
20241122,6695,芯鼎,TWSE,56.4,56.9,55.9,55.9,231281.0,13011141.0,TWSE_RWD_JSON_MI_INDEX,data/daily_price/daily_price_20241122.csv,56.28,57.6,57.135,62.8083,57.4299,0.0,-1.9298,-4.6075,-6.5217,-6.2081,896475.45,0.258,62.7,63.3,82.3,55.4,51.2,51.1,-2.9514,-2.1615,-10.9991,-2.6639,-10.8453,-11.6904,-32.0778,9.1797,9.3933
20241125,6695,芯鼎,TWSE,56.0,58.3,56.0,56.7,512658.0,29282291.0,TWSE_RWD_JSON_MI_INDEX,data/daily_price/daily_price_20241125.csv,56.48,57.525,57.0567,62.735,57.3691,1.4311,1.7953,-2.5773,-7.6547,-13.4351,907267.0,0.5651,62.7,62.9,82.3,55.4,51.2,51.1,-1.4342,-0.6251,-9.6198,-1.1662,-9.5694,-9.8569,-31.1057,10.7422,10.9589
20241126,6695,芯鼎,TWSE,56.6,57.2,56.1,56.3,221604.0,12517442.0,TWSE_RWD_JSON_MI_INDEX,data/daily_price/daily_price_20241126.csv,56.2,57.385,56.98,62.6133,57.28,-0.7055,-2.4263,-4.7377,-7.5534,-20.5924,872295.4,0.254,62.7,62.9,82.3,55.4,51.2,51.1,-1.8907,-1.1934,-10.083,-1.7108,-10.2073,-10.4928,-31.5917,9.9609,10.1761
20241127,6695,芯鼎,TWSE,56.5,56.5,53.9,53.9,543281.0,29834530.0,TWSE_RWD_JSON_MI_INDEX,data/daily_price/daily_price_20241127.csv,55.74,57.15,56.8683,62.4542,56.9983,-4.2629,-4.0925,-8.0205,-11.0561,-26.1644,875297.15,0.6207,62.7,62.9,82.3,53.9,51.2,51.1,-5.6868,-5.2197,-13.6967,-5.4358,-14.0351,-14.3084,-34.5079,5.2734,5.4795
20241128,6695,芯鼎,TWSE,54.7,54.7,52.6,53.1,339850.0,18049913.0,TWSE_RWD_JSON_MI_INDEX,data/daily_price/daily_price_20241128.csv,55.18,56.92,56.7567,62.2875,56.6734,-1.4842,-5.0089,-7.9723,-11.204,-27.3598,866099.25,0.3924,62.7,62.9,82.3,52.6,51.2,51.1,-6.7112,-6.4427,-14.7502,-6.3053,-15.311,-15.5803,-35.48,3.7109,3.9139
20241129,6695,芯鼎,TWSE,52.9,54.0,52.8,53.4,242952.0,12980841.0,TWSE_RWD_JSON_MI_INDEX,data/daily_price/daily_price_20241129.csv,54.68,56.715,56.6567,62.1275,56.4007,0.565,-4.4723,-7.1304,-10.101,-26.4463,863879.35,0.2812,62.7,62.9,82.3,52.6,51.2,51.1,-5.845,-5.7481,-14.0477,-5.3203,-14.8325,-15.1033,-35.1154,4.2969,4.501
20241202,6695,芯鼎,TWSE,56.1,58.7,55.6,58.7,1973177.0,114874067.0,TWSE_RWD_JSON_MI_INDEX,data/daily_price/daily_price_20241202.csv,55.08,56.84,56.6567,62.0683,56.5923,9.9251,3.5273,4.4484,0.0,-10.7903,948390.7,2.0806,62.7,62.9,82.3,52.6,51.2,51.1,3.2723,3.6065,-5.4268,3.7244,-6.3796,-6.6773,-28.6756,14.6484,14.8728
20241203,6695,芯鼎,TWSE,59.9,61.5,57.5,59.0,5566468.0,329549788.0,TWSE_RWD_JSON_MI_INDEX,data/daily_price/daily_price_20241203.csv,55.62,56.915,56.68,62.005,56.7929,0.5111,4.7957,2.6087,2.4306,-11.4114,1196489.85,4.6523,62.7,62.9,82.3,52.6,51.2,51.1,3.6634,4.0932,-4.8464,3.8862,-5.9011,-6.2003,-28.3111,15.2344,15.4599
20241204,6695,芯鼎,TWSE,58.8,60.8,58.7,59.6,1531555.0,91448139.0,TWSE_RWD_JSON_MI_INDEX,data/daily_price/daily_price_20241204.csv,56.76,57.055,56.7733,61.955,57.0268,1.0169,10.5751,4.9296,10.3704,-9.1463,1253593.8,1.2217,62.7,62.9,82.3,52.6,51.2,51.1,4.4606,4.9789,-3.8011,4.5122,-4.9442,-5.2464,-27.582,16.4062,16.6341
20241205,6695,芯鼎,TWSE,59.4,59.6,57.9,58.2,747361.0,43683305.0,TWSE_RWD_JSON_MI_INDEX,data/daily_price/daily_price_20241205.csv,57.78,57.05,56.86,61.91,57.1246,-2.349,9.6045,-0.1715,9.8113,-8.4906,1257344.3,0.5944,62.7,62.9,82.3,52.6,51.2,51.1,2.0158,2.3567,-5.9926,1.8825,-7.177,-7.4722,-29.2831,13.6719,13.8943
20241206,6695,芯鼎,TWSE,59.1,64.0,59.0,64.0,4419422.0,278244595.0,TWSE_RWD_JSON_MI_INDEX,data/daily_price/daily_price_20241206.csv,59.9,57.425,57.0367,61.8608,57.6976,9.9656,19.8502,13.2743,19.8502,-8.4406,1447634.2,3.0529,64.0,64.0,82.3,52.6,51.2,51.1,11.4497,12.2085,3.458,10.9232,0.0,0.0,-22.2357,25.0,25.2446
20241209,6695,芯鼎,TWSE,68.5,70.2,67.0,67.5,20229930.0,1378793956.0,TWSE_RWD_JSON_MI_INDEX,data/daily_price/daily_price_20241209.csv,61.66,57.85,57.27,61.8483,58.5144,5.4688,14.9915,14.4068,26.1682,-2.1739,2382104.05,8.4925,70.2,70.2,82.3,52.6,51.3,51.1,16.6811,17.8628,9.1379,15.3562,-3.8462,-3.8462,-17.983,31.5789,32.0939
20241210,6695,芯鼎,TWSE,64.5,69.2,64.0,68.3,11584768.0,778014560.0,TWSE_RWD_JSON_MI_INDEX,data/daily_price/daily_price_20241210.csv,63.52,58.255,57.54,61.8317,59.3299,1.1852,15.7627,13.4551,31.094,-2.845,2831984.6,4.0907,70.2,70.2,82.3,52.6,52.4,51.1,17.2432,18.7,10.4612,15.119,-2.7066,-2.7066,-17.0109,30.3435,33.6595
20241211,6695,芯鼎,TWSE,69.5,70.9,66.0,67.5,17689563.0,1207045422.0,TWSE_RWD_JSON_MI_INDEX,data/daily_price/daily_price_20241211.csv,65.1,58.645,57.785,61.7858,60.0107,-1.1713,13.255,13.0653,27.8409,-7.5342,3498499.45,5.0563,70.9,70.9,82.3,52.6,52.6,51.1,15.0993,16.8123,9.2483,12.4799,-4.7955,-4.7955,-17.983,28.327,32.0939
20241212,6695,芯鼎,TWSE,67.0,68.3,65.0,65.3,3495621.0,232222279.0,TWSE_RWD_JSON_MI_INDEX,data/daily_price/daily_price_20241212.csv,66.52,58.995,57.98,61.7358,60.4515,-3.2593,12.1993,12.0069,21.8284,-8.4151,3607028.3,0.9691,70.9,70.9,82.3,52.6,52.6,51.1,10.6873,12.625,5.7733,8.0205,-7.8984,-7.8984,-20.6561,24.1445,27.7886
20241213,6695,芯鼎,TWSE,64.9,65.9,62.9,63.1,2365045.0,151440801.0,TWSE_RWD_JSON_MI_INDEX,data/daily_price/daily_price_20241213.csv,66.34,59.3,58.13,61.6933,60.6722,-3.3691,-1.4062,10.7018,16.6359,-7.478,3691095.0,0.6407,70.9,70.9,82.3,52.6,52.6,51.1,6.4081,8.5498,2.2801,4.0015,-11.0014,-11.0014,-23.3293,19.962,23.4834
20241216,6695,芯鼎,TWSE,63.4,69.4,63.4,65.2,18030211.0,1220436127.0,TWSE_RWD_JSON_MI_INDEX,data/daily_price/daily_price_20241216.csv,65.88,59.775,58.3067,61.6117,61.0495,3.3281,-3.4074,17.0557,19.4139,-13.0667,4562726.25,3.9516,70.9,70.9,82.3,52.6,52.6,51.1,9.0757,11.8225,5.8241,6.7985,-8.0395,-8.0395,-20.7776,23.9544,27.593
20241217,6695,芯鼎,TWSE,65.0,69.0,64.5,69.0,10882635.0,723002420.0,TWSE_RWD_JSON_MI_INDEX,data/daily_price/daily_price_20241217.csv,66.02,60.34,58.57,61.5375,61.7121,5.8282,1.0249,19.5841,29.6992,-11.4249,5073569.05,2.145,70.9,70.9,82.3,52.6,52.6,51.1,14.352,17.8078,12.1268,11.8096,-2.6798,-2.6798,-16.1604,31.1787,35.0294
20241218,6695,芯鼎,TWSE,68.0,68.2,66.2,66.2,4015654.0,269509048.0,TWSE_RWD_JSON_MI_INDEX,data/daily_price/daily_price_20241218.csv,65.76,60.84,58.76,61.4633,62.0861,-4.058,-1.9259,17.7936,20.8029,-11.8509,5244204.4,0.7657,70.9,70.9,82.3,52.6,52.6,51.1,8.81,12.6617,7.7065,6.6262,-6.6291,-6.6291,-19.5626,25.8555,29.5499
20241219,6695,芯鼎,TWSE,64.5,65.4,63.6,63.6,2281520.0,146683634.0,TWSE_RWD_JSON_MI_INDEX,data/daily_price/daily_price_20241219.csv,65.42,61.225,58.9117,61.3308,62.2122,-3.9275,-2.6034,13.7746,16.6972,-20.0,5345227.8,0.4268,70.9,70.9,82.3,52.6,52.6,51.1,3.8791,7.9582,3.6999,2.2307,-10.2962,-10.2962,-22.7217,20.9125,24.4618
20241220,6695,芯鼎,TWSE,63.8,65.9,62.3,62.8,2297759.0,147127144.0,TWSE_RWD_JSON_MI_INDEX,data/daily_price/daily_price_20241220.csv,65.36,61.57,59.04,61.2042,62.2612,-1.2579,-0.4754,12.3435,13.9746,-19.4872,5448551.7,0.4217,70.9,70.9,81.8,52.6,52.6,51.1,1.9977,6.3686,2.6074,0.8654,-11.4245,-11.4245,-23.2274,19.3916,22.8963
20241223,6695,芯鼎,TWSE,63.4,68.5,63.4,65.2,9139742.0,604753792.0,TWSE_RWD_JSON_MI_INDEX,data/daily_price/daily_price_20241223.csv,65.36,61.995,59.2233,61.1175,62.5061,3.8217,0.0,14.9912,20.2952,-13.7566,5879905.9,1.5544,70.9,70.9,81.8,52.6,52.6,51.1,5.1698,10.0917,6.6798,4.3098,-8.0395,-8.0395,-20.2934,23.9544,27.593
20241224,6695,芯鼎,TWSE,64.9,66.5,63.7,65.0,4493318.0,291637351.0,TWSE_RWD_JSON_MI_INDEX,data/daily_price/daily_price_20241224.csv,64.56,62.43,59.3133,61.0308,62.7139,-0.3067,-5.7971,15.4529,9.0604,-13.7931,6093491.6,0.7374,70.9,70.9,81.8,52.6,52.6,51.1,4.1166,9.5875,6.5035,3.6452,-8.3216,-8.3216,-20.5379,23.5741,27.2016
20241225,6695,芯鼎,TWSE,64.8,67.7,64.4,66.9,4442222.0,295722580.0,TWSE_RWD_JSON_MI_INDEX,data/daily_price/daily_price_20241225.csv,64.7,63.08,59.4617,60.9867,63.0628,2.9231,1.0574,24.1187,15.3448,-7.3407,6288438.65,0.7064,70.9,70.9,81.8,52.6,52.6,51.1,6.0558,12.5095,9.6961,6.0848,-5.6417,-5.6417,-18.2152,27.1863,30.9198
20241226,6695,芯鼎,TWSE,67.5,68.6,66.0,66.2,3522562.0,236005250.0,TWSE_RWD_JSON_MI_INDEX,data/daily_price/daily_price_20241226.csv,65.22,63.735,59.5783,60.935,63.3242,-1.0463,4.0881,24.6704,11.8243,-8.5635,6447574.25,0.5463,70.9,70.9,81.8,52.8,52.6,51.1,3.8676,11.1142,8.6404,4.5414,-6.6291,-6.6291,-19.0709,25.8555,29.5499
20241227,6695,芯鼎,TWSE,66.1,71.0,66.1,67.3,10036689.0,689778294.0,TWSE_RWD_JSON_MI_INDEX,data/daily_price/daily_price_20241227.csv,66.12,64.43,59.725,60.8825,63.6555,1.6616,7.1656,26.03,15.0427,-8.5598,6937261.1,1.4468,71.0,71.0,81.8,55.6,52.6,51.1,4.4544,12.6831,10.5408,5.7253,-5.2113,-5.2113,-17.7262,27.9468,31.7025
20241230,6695,芯鼎,TWSE,67.8,68.6,66.4,66.6,3272998.0,220616380.0,TWSE_RWD_JSON_MI_INDEX,data/daily_price/daily_price_20241230.csv,66.4,64.825,59.8733,60.8167,63.9009,-1.0401,2.1472,13.4583,15.4246,-10.604,7002252.15,0.4674,71.0,71.0,81.8,57.5,52.6,51.1,2.7381,11.2348,9.5095,4.2239,-6.1972,-6.1972,-18.5819,26.616,30.3327
20241231,6695,芯鼎,TWSE,66.3,67.1,65.5,66.1,1678076.0,110990691.0,TWSE_RWD_JSON_MI_INDEX,data/daily_price/daily_price_20241231.csv,66.62,65.18,60.0283,60.7592,64.0842,-0.7508,1.6923,12.0339,16.3732,-9.4521,6807832.55,0.2465,71.0,71.0,81.8,57.9,52.6,51.1,1.4115,10.1147,8.7902,3.1456,-6.9014,-6.9014,-19.1932,25.6654,29.3542
20250102,6695,芯鼎,TWSE,67.0,67.2,64.0,64.0,1491260.0,97501968.0,TWSE_RWD_JSON_MI_INDEX,data/daily_price/daily_price_20250102.csv,66.04,65.4,60.135,60.7125,64.0771,-3.177,-4.3348,7.3826,11.1111,-8.046,6805817.8,0.2191,71.0,71.0,81.8,57.9,52.6,51.1,-2.1407,6.4272,5.4149,-0.1204,-9.8592,-9.8592,-21.7604,21.673,25.2446
20250103,6695,芯鼎,TWSE,64.4,66.7,63.2,63.5,1727439.0,111058528.0,TWSE_RWD_JSON_MI_INDEX,data/daily_price/daily_price_20250103.csv,65.5,65.665,60.2417,60.6525,64.029,-0.7812,-4.0785,9.1065,11.2084,-10.1839,6854821.7,0.252,71.0,71.0,81.8,59.0,52.6,51.1,-3.297,5.4088,4.6948,-0.8263,-10.5634,-10.5634,-22.3716,20.7224,24.2661
20250106,6695,芯鼎,TWSE,64.3,65.3,63.0,64.1,1066461.0,68334537.0,TWSE_RWD_CSV_MI_INDEX,data/daily_price/daily_price_20250106.csv,64.86,65.67,60.3783,60.5883,64.035,0.9449,-4.7548,0.1562,14.6691,-10.7242,6687173.65,0.1595,71.0,71.0,81.8,62.3,52.6,51.1,-2.3907,6.1639,5.7959,0.1016,-9.7183,-9.7183,-21.6381,21.8631,25.4403
20250107,6695,芯鼎,TWSE,64.6,65.4,62.3,62.4,1255779.0,79524066.0,TWSE_RWD_JSON_MI_INDEX,data/daily_price/daily_price_20250107.csv,64.02,65.415,60.4917,60.5242,63.8987,-2.6521,-6.3063,-7.5556,12.2302,-10.9843,5738466.1,0.2188,71.0,71.0,81.8,62.3,52.6,51.1,-4.609,3.1547,3.0993,-2.3454,-12.1127,-12.1127,-23.7164,18.6312,22.1135
20250108,6695,芯鼎,TWSE,62.7,62.7,59.9,60.1,1549315.0,94136303.0,TWSE_RWD_JSON_MI_INDEX,data/daily_price/daily_price_20250108.csv,62.82,65.005,60.5467,60.4492,63.5822,-3.6859,-9.0772,-12.0059,5.8099,-13.0246,5236693.45,0.2959,71.0,71.0,81.8,59.9,52.6,51.1,-7.5456,-0.7377,-0.5776,-5.4766,-15.3521,-15.3521,-26.5281,14.2586,17.6125
20250109,6695,芯鼎,TWSE,60.3,61.0,56.8,57.1,1660964.0,97456482.0,TWSE_RWD_JSON_MI_INDEX,data/daily_price/daily_price_20250109.csv,61.44,64.485,60.5333,60.2917,63.042,-4.9917,-10.7812,-15.4074,-1.3817,-24.8684,4435263.5,0.3745,71.0,71.0,81.8,56.8,52.6,51.1,-11.4523,-5.6718,-5.2937,-9.4254,-19.5775,-19.5775,-30.1956,8.5551,11.7417
20250110,6695,芯鼎,TWSE,57.5,57.7,55.8,56.0,691875.0,39110034.0,TWSE_RWD_JSON_MI_INDEX,data/daily_price/daily_price_20250110.csv,59.94,64.02,60.4983,60.125,62.4551,-1.9264,-11.811,-14.242,-3.6145,-26.3158,4295076.2,0.1611,71.0,71.0,81.8,55.8,52.6,51.1,-12.5273,-7.4355,-6.8607,-10.3356,-21.1268,-21.1268,-31.5403,6.4639,9.589
20250113,6695,芯鼎,TWSE,58.0,59.0,56.4,56.6,1987204.0,114266186.0,TWSE_RWD_JSON_MI_INDEX,data/daily_price/daily_price_20250113.csv,58.44,63.695,60.4667,59.9367,61.9672,1.0714,-11.7005,-10.3011,-3.2479,-28.5354,4276184.15,0.4647,71.0,71.0,78.0,55.8,52.6,51.1,-11.139,-6.3947,-5.567,-8.6614,-20.2817,-20.2817,-27.4359,7.6046,10.7632
20250114,6695,芯鼎,TWSE,57.8,59.0,57.0,59.0,1170868.0,68146709.0,TWSE_RWD_JSON_MI_INDEX,data/daily_price/daily_price_20250114.csv,57.76,63.385,60.5117,59.815,61.7199,4.2403,-5.4487,-9.5092,4.7957,-19.837,3433217.0,0.341,71.0,71.0,75.9,55.8,52.6,51.1,-6.918,-2.4981,-1.3625,-4.4069,-16.9014,-16.9014,-22.2661,12.1673,15.4599
20250115,6695,芯鼎,TWSE,59.0,59.3,58.4,58.6,567450.0,33340420.0,TWSE_RWD_JSON_MI_INDEX,data/daily_price/daily_price_20250115.csv,57.46,62.865,60.4567,59.6983,61.4599,-0.678,-2.4958,-15.0725,-5.3312,-19.2837,2917457.75,0.1945,71.0,71.0,74.9,55.8,52.6,51.1,-6.7844,-3.0711,-1.8398,-4.6534,-17.4648,-17.4648,-21.7623,11.4068,14.6771
20250116,6695,芯鼎,TWSE,59.3,60.4,58.6,59.1,637294.0,37811119.0,TWSE_RWD_JSON_MI_INDEX,data/daily_price/daily_price_20250116.csv,57.86,62.51,60.43,59.6008,61.2633,0.8532,3.5026,-10.7251,-2.6359,-16.5254,2748539.75,0.2319,71.0,71.0,74.9,55.8,52.6,51.1,-5.4551,-2.2009,-0.8403,-3.5311,-16.7606,-16.7606,-21.0948,12.3574,15.6556
20250117,6695,芯鼎,TWSE,45.1,45.1,44.2,44.55,298146.0,13245269.0,TWSE_RWD_JSON_MI_INDEX,data/daily_price/daily_price_20250117.csv,55.57,61.5575,60.1725,59.3721,59.8705,-24.6193,-20.4464,-29.9528,-25.75,-38.125,2649371.05,0.1125,71.0,71.0,73.6,44.2,44.2,44.2,-27.6286,-25.9629,-24.9647,-25.5894,-37.2535,-37.2535,-39.4701,0.7919,0.7919
20250120,6695,芯鼎,TWSE,58.2,58.8,57.8,58.8,434465.0,25371448.0,TWSE_RWD_JSON_MI_INDEX,data/daily_price/daily_price_20250120.csv,56.01,61.3575,60.1758,59.2688,59.7813,31.9865,3.8869,-6.3694,0.3413,-17.4157,2556206.35,0.17,71.0,71.0,73.2,44.2,44.2,44.2,-4.1682,-2.2864,-0.7909,-1.6415,-17.1831,-17.1831,-19.6721,33.0317,33.0317
20250121,6695,芯鼎,TWSE,58.9,59.5,58.4,59.5,337082.0,19930865.0,TWSE_RWD_JSON_MI_INDEX,data/daily_price/daily_price_20250121.csv,56.11,61.0725,60.1975,59.2229,59.7579,1.1905,0.8475,-8.7423,2.2337,-8.4615,2116073.35,0.1593,71.0,71.0,71.0,44.2,44.2,44.2,-2.5748,-1.1587,0.4679,-0.4315,-16.1972,-16.1972,-16.1972,34.6154,34.6154
20250122,6695,芯鼎,TWSE,59.6,60.0,58.7,59.3,393111.0,23241478.0,TWSE_RWD_JSON_MI_INDEX,data/daily_price/daily_price_20250122.csv,56.25,60.7875,60.2008,59.1688,59.7197,-0.3361,1.1945,-8.7692,0.3384,-9.8784,1911063.0,0.2057,71.0,71.0,71.0,44.2,44.2,44.2,-2.447,-1.4964,0.2218,-0.7028,-16.4789,-16.4789,-16.4789,34.1629,34.1629
20250203,6695,芯鼎,TWSE,58.0,59.3,56.6,58.7,591084.0,34199201.0,TWSE_RWD_JSON_MI_INDEX,data/daily_price/daily_price_20250203.csv,56.17,60.3775,60.2025,59.1129,59.6347,-1.0118,-0.6768,-12.2571,0.1706,-10.2446,1718506.1,0.344,71.0,71.0,71.0,44.2,44.2,44.2,-2.7784,-2.4957,-0.6985,-1.5674,-17.3239,-17.3239,-17.3239,32.8054,32.8054
20250204,6695,芯鼎,TWSE,60.2,64.0,60.2,62.9,4830692.0,302434619.0,TWSE_RWD_JSON_MI_INDEX,data/daily_price/daily_price_20250204.csv,59.84,60.2125,60.2892,59.0662,59.9068,7.155,41.1897,-4.9849,9.0121,-8.1752,1783912.6,2.7079,71.0,71.0,71.0,44.2,44.2,44.2,4.4634,4.3305,6.4906,4.9964,-11.4085,-11.4085,-11.4085,42.3077,42.3077
20250205,6695,芯鼎,TWSE,63.9,64.3,62.8,63.5,2942766.0,186789568.0,TWSE_RWD_JSON_MI_INDEX,data/daily_price/daily_price_20250205.csv,60.78,60.0225,60.3892,59.0704,60.2063,0.9539,7.9932,-5.6464,10.4348,0.7937,1429216.45,2.059,68.6,71.0,71.0,44.2,44.2,44.2,5.7937,5.1513,7.4988,5.4707,-7.4344,-10.5634,-10.5634,43.6652,43.6652
20250206,6695,芯鼎,TWSE,63.5,63.5,62.5,62.7,764800.0,48050700.0,TWSE_RWD_JSON_MI_INDEX,data/daily_price/daily_price_20250206.csv,61.42,59.8275,60.4975,59.1204,60.4141,-1.2598,5.3782,-5.8559,11.5658,10.582,1303806.55,0.5866,67.2,71.0,71.0,44.2,44.2,44.2,4.8013,3.6406,6.0547,3.7838,-6.6964,-11.6901,-11.6901,41.8552,41.8552
20250207,6695,芯鼎,TWSE,63.0,63.6,62.5,62.6,689747.0,43388765.0,TWSE_RWD_JSON_MI_INDEX,data/daily_price/daily_price_20250207.csv,62.08,59.6525,60.5825,59.2046,60.5962,-0.1595,5.5649,-5.295,8.8696,19.2381,1254390.1,0.5499,67.2,71.0,71.0,44.2,44.2,44.2,4.9411,3.3302,5.7351,3.3067,-6.8452,-11.831,-11.831,41.629,41.629
20250210,6695,芯鼎,TWSE,62.8,62.8,60.7,61.1,728930.0,44724084.0,TWSE_RWD_JSON_MI_INDEX,data/daily_price/daily_price_20250210.csv,62.56,59.5075,60.6542,59.2329,60.6382,-2.3962,4.0886,-4.5312,7.5704,5.8925,1216273.6,0.5993,66.7,71.0,71.0,44.2,44.2,44.2,2.6761,0.735,3.1521,0.7615,-8.3958,-13.9437,-13.9437,38.2353,38.2353
20250211,6695,芯鼎,TWSE,61.2,62.0,59.3,59.3,1003942.0,60081105.0,TWSE_RWD_JSON_MI_INDEX,data/daily_price/daily_price_20250211.csv,61.84,59.2975,60.6708,59.2454,60.5267,-2.946,-5.7234,-6.6142,1.7153,2.5952,1180098.75,0.8507,65.4,71.0,71.0,44.2,44.2,44.2,0.0042,-2.2595,0.0921,-2.0267,-9.3272,-16.4789,-16.4789,34.1629,34.1629
20250212,6695,芯鼎,TWSE,59.8,61.0,58.5,58.5,1051464.0,62550798.0,TWSE_RWD_JSON_MI_INDEX,data/daily_price/daily_price_20250212.csv,60.84,59.0175,60.7042,59.2421,60.3578,-1.3491,-7.874,-8.7363,3.5398,-0.6791,1179348.9,0.8916,65.4,71.0,71.0,44.2,44.2,44.2,-0.8769,-3.631,-1.2526,-3.078,-10.5505,-17.6056,-17.6056,32.3529,32.3529
20250213,6695,芯鼎,TWSE,59.0,59.5,58.5,58.9,501167.0,29583738.0,TWSE_RWD_JSON_MI_INDEX,data/daily_price/daily_price_20250213.csv,60.08,58.8425,60.7025,59.2338,60.2363,0.6838,-6.0606,-5.609,-0.1695,-1.6694,1141618.3,0.439,64.3,71.0,71.0,44.2,44.2,44.2,0.0977,-2.9694,-0.5634,-2.2185,-8.3981,-17.0423,-17.0423,33.2579,33.2579
20250214,6695,芯鼎,TWSE,58.9,60.2,58.5,59.4,668991.0,39806568.0,TWSE_RWD_JSON_MI_INDEX,data/daily_price/daily_price_20250214.csv,59.44,58.8075,60.6892,59.2296,60.1666,0.8489,-5.1118,-1.1647,-1.3289,-0.8347,1097602.1,0.6095,64.3,71.0,71.0,44.2,44.2,44.2,1.0075,-2.1242,0.2877,-1.2742,-7.6205,-16.338,-16.338,34.3891,34.3891
20250217,6695,芯鼎,TWSE,60.0,61.2,60.0,60.4,685794.0,41445802.0,TWSE_RWD_JSON_MI_INDEX,data/daily_price/daily_price_20250217.csv,59.3,58.9725,60.7008,59.2138,60.1861,1.6835,-1.1457,5.7793,1.1725,-3.0498,1048843.6,0.6539,64.3,71.0,71.0,44.2,44.2,44.2,2.4206,-0.4956,2.0033,0.3554,-6.0653,-14.9296,-14.9296,36.6516,36.6516
20250218,6695,芯鼎,TWSE,60.4,64.5,60.4,62.2,2686044.0,168791689.0,TWSE_RWD_JSON_MI_INDEX,data/daily_price/daily_price_20250218.csv,59.88,59.2825,60.7658,59.2162,60.3539,2.9801,4.8904,11.0714,6.6895,0.4847,1148552.05,2.3386,64.5,71.0,71.0,44.2,44.2,44.2,4.9214,2.3602,5.0387,3.0588,-3.5659,-12.3944,-12.3944,40.724,40.724
20250219,6695,芯鼎,TWSE,62.8,62.8,61.4,61.7,750417.0,46469261.0,TWSE_RWD_JSON_MI_INDEX,data/daily_price/daily_price_20250219.csv,60.52,59.5375,60.8442,59.2029,60.4661,-0.8039,5.4701,9.0106,8.2456,-2.5276,1086712.7,0.6905,64.5,71.0,71.0,44.2,44.2,44.2,3.6322,1.4066,4.2178,2.0407,-4.3411,-13.0986,-13.0986,39.5928,39.5928
20250220,6695,芯鼎,TWSE,62.5,63.5,61.6,61.6,1253054.0,78284114.0,TWSE_RWD_JSON_MI_INDEX,data/daily_price/daily_price_20250220.csv,61.06,59.6675,60.9425,59.1946,60.5606,-0.1621,4.584,4.4068,10.5925,-1.5974,1090822.0,1.1487,64.5,71.0,71.0,44.2,44.2,44.2,3.2388,1.0789,4.0636,1.7163,-4.4961,-13.2394,-13.2394,39.3665,39.3665
20250221,6695,芯鼎,TWSE,62.1,62.1,60.8,61.3,485876.0,29771086.0,TWSE_RWD_CSV_MI_INDEX,data/daily_price/daily_price_20250221.csv,61.44,59.8025,61.0025,59.1821,60.6222,-0.487,3.1987,4.6075,6.2392,-2.3885,1086743.3,0.4471,64.5,71.0,71.0,44.2,44.2,44.2,2.5041,0.4877,3.5786,1.1181,-4.9612,-13.662,-13.662,38.6878,38.6878
20250224,6695,芯鼎,TWSE,61.2,62.5,60.8,62.1,663498.0,41182575.0,TWSE_RWD_JSON_MI_INDEX,data/daily_price/daily_price_20250224.csv,61.78,59.9525,61.1008,59.1879,60.7453,1.3051,2.8146,5.0761,10.4982,1.1401,1088053.5,0.6098,64.5,71.0,71.0,44.2,44.2,44.2,3.582,1.6353,4.9201,2.2301,-3.7209,-12.5352,-12.5352,40.4977,40.4977
20250225,6695,芯鼎,TWSE,62.2,62.2,61.1,61.2,390069.0,23960424.0,TWSE_RWD_JSON_MI_INDEX,data/daily_price/daily_price_20250225.csv,61.58,60.785,61.1892,59.1946,60.7832,-1.4493,-1.6077,37.3737,9.4812,1.3245,1092649.65,0.357,64.5,71.0,71.0,56.6,44.2,44.2,0.6827,0.0177,3.3878,0.6857,-5.1163,-13.8028,-13.8028,38.4615,38.4615
20250226,6695,芯鼎,TWSE,62.1,62.6,61.0,61.1,496738.0,30566562.0,TWSE_RWD_JSON_MI_INDEX,data/daily_price/daily_price_20250226.csv,61.46,60.9,61.2758,59.2054,60.8096,-0.1634,-0.9724,3.9116,9.3023,2.1739,1095763.3,0.4533,64.5,71.0,71.0,56.6,44.2,44.2,0.3284,-0.287,3.2,0.4775,-5.2713,-13.9437,-13.9437,38.2353,38.2353
20250227,6695,芯鼎,TWSE,60.4,64.5,60.4,62.2,2686044.0,168791689.0,TWSE_RWD_JSON_MI_INDEX,data/daily_price/daily_price_20250227.csv,61.58,61.035,61.3675,59.2121,60.9255,1.8003,0.974,4.5378,9.7002,1.3029,1213211.4,2.214,64.5,71.0,71.0,56.6,44.2,44.2,1.9087,1.3566,5.0461,2.0919,-3.5659,-12.3944,-12.3944,40.724,40.724
20250303,6695,芯鼎,TWSE,60.1,60.1,56.7,57.1,1454786.0,84124913.0,TWSE_RWD_JSON_MI_INDEX,data/daily_price/daily_price_20250303.csv,60.74,60.925,61.3808,59.1804,60.6067,-8.1994,-6.8515,-3.7099,1.421,-6.2397,1266295.15,1.1489,64.5,71.0,71.0,56.6,44.2,44.2,-6.2782,-6.9742,-3.5154,-5.786,-11.4729,-19.5775,-19.5775,29.1855,29.1855
20250304,6695,芯鼎,TWSE,57.0,58.7,56.0,58.5,638863.0,36818625.0,TWSE_RWD_JSON_MI_INDEX,data/daily_price/daily_price_20250304.csv,60.02,60.915,61.4575,59.1629,60.4311,2.4518,-5.7971,-0.3407,8.5343,-3.4653,1268684.1,0.5036,64.5,71.0,71.0,56.0,44.2,44.2,-3.9645,-4.8123,-1.1205,-3.1956,-9.3023,-17.6056,-17.6056,32.3529,32.3529
20250305,6695,芯鼎,TWSE,58.5,58.5,57.6,58.3,368382.0,21420627.0,TWSE_RWD_JSON_MI_INDEX,data/daily_price/daily_price_20250305.csv,59.44,60.685,61.5442,59.1504,60.2535,-0.3419,-4.7386,-7.3132,9.7928,-2.5084,1045568.6,0.3523,64.5,71.0,71.0,56.0,44.2,44.2,-3.9301,-5.2713,-1.4377,-3.2422,-9.6124,-17.8873,-17.8873,31.9005,31.9005
20250306,6695,芯鼎,TWSE,58.3,58.8,57.2,57.2,322931.0,18622566.0,TWSE_RWD_JSON_MI_INDEX,data/daily_price/daily_price_20250306.csv,58.66,60.37,61.6075,59.1321,59.9991,-1.8868,-6.383,-9.9213,7.1161,-3.7037,914576.85,0.3531,64.5,71.0,71.0,56.0,44.2,44.2,-5.251,-7.1542,-3.2674,-4.6652,-11.3178,-19.4366,-19.4366,29.4118,29.4118
20250307,6695,芯鼎,TWSE,56.9,57.5,56.4,56.4,394081.0,22348247.0,TWSE_RWD_JSON_MI_INDEX,data/daily_price/daily_price_20250307.csv,57.5,60.055,61.5692,59.1129,59.6992,-1.3986,-9.3248,-10.0478,-3.9182,-3.9182,896040.9,0.4398,64.5,71.0,71.0,56.0,44.2,44.2,-6.0861,-8.3957,-4.5894,-5.5263,-12.5581,-20.5634,-20.5634,27.6018,27.6018
20250310,6695,芯鼎,TWSE,56.8,57.7,56.4,56.7,292719.0,16654786.0,TWSE_RWD_JSON_MI_INDEX,data/daily_price/daily_price_20250310.csv,57.42,59.76,61.5308,59.1054,59.4492,0.5319,-0.7005,-9.4249,-3.8983,-1.5625,876189.5,0.3341,64.5,71.0,71.0,56.0,44.2,44.2,-5.1205,-7.8511,-4.0697,-4.6245,-12.093,-20.1408,-20.1408,28.2805,28.2805
20250311,6695,芯鼎,TWSE,55.2,56.2,53.2,55.7,571135.0,31176522.0,TWSE_RWD_JSON_MI_INDEX,data/daily_price/daily_price_20250311.csv,56.86,59.49,61.4658,59.1196,59.1368,-1.7637,-4.7863,-8.838,-6.5436,3.1481,868299.75,0.6578,64.5,71.0,71.0,53.2,44.2,44.2,-6.3708,-9.3806,-5.7842,-5.8116,-13.6434,-21.5493,-21.5493,26.0181,26.0181
20250312,6695,芯鼎,TWSE,55.7,56.4,55.6,55.6,373309.0,20885861.0,TWSE_RWD_JSON_MI_INDEX,data/daily_price/daily_price_20250312.csv,56.32,59.305,61.4225,59.1412,58.8421,-0.1795,-4.6312,-6.2395,-4.4674,4.9057,836768.1,0.4461,64.5,71.0,71.0,53.2,44.2,44.2,-6.2474,-9.4794,-5.9878,-5.5098,-13.7984,-21.6901,-21.6901,25.7919,25.7919
20250313,6695,芯鼎,TWSE,56.0,56.4,53.9,54.1,598129.0,32819465.0,TWSE_RWD_JSON_MI_INDEX,data/daily_price/daily_price_20250313.csv,55.7,59.085,61.2575,59.1471,58.4469,-2.6978,-5.4196,-7.5214,-15.4687,1.3109,814101.35,0.7347,64.5,71.0,71.0,53.2,44.2,44.2,-8.437,-11.6843,-8.5331,-7.4373,-16.124,-23.8028,-23.8028,22.3982,22.3982
20250314,6695,芯鼎,TWSE,54.1,55.0,54.1,54.6,347195.0,18947513.0,TWSE_RWD_JSON_MI_INDEX,data/daily_price/daily_price_20250314.csv,55.34,58.87,61.0425,59.1562,58.1263,0.9242,-3.1915,-7.3005,-19.1111,2.0561,806402.75,0.4305,64.5,71.0,71.0,53.2,44.2,44.2,-7.2533,-10.5541,-7.7021,-6.0666,-15.3488,-23.0986,-23.0986,23.5294,23.5294
20250317,6695,芯鼎,TWSE,55.0,55.4,54.7,54.9,275929.0,15173029.0,TWSE_RWD_JSON_MI_INDEX,data/daily_price/daily_price_20250317.csv,54.98,58.645,60.8192,59.1796,57.8575,0.5495,-3.1746,-7.5758,-19.6193,5.3743,786749.65,0.3507,64.5,71.0,71.0,53.2,44.2,44.2,-6.3859,-9.7324,-7.2315,-5.1116,-14.8837,-22.6761,-22.6761,24.2081,24.2081
20250318,6695,芯鼎,TWSE,55.4,57.5,55.4,56.5,581326.0,32886489.0,TWSE_RWD_JSON_MI_INDEX,data/daily_price/daily_price_20250318.csv,55.14,58.45,60.6358,59.2104,57.7443,2.9144,1.4363,-6.457,-16.2963,7.0076,781526.25,0.7438,64.5,71.0,71.0,53.2,44.2,44.2,-3.3362,-6.8208,-4.5776,-2.1549,-12.4031,-20.4225,-20.4225,27.8281,27.8281
20250319,6695,芯鼎,TWSE,56.9,56.9,55.1,55.1,379494.0,21097053.0,TWSE_RWD_JSON_MI_INDEX,data/daily_price/daily_price_20250319.csv,55.04,58.095,60.4658,59.2229,57.524,-2.4779,-0.8993,-11.4148,-15.6202,2.7985,666198.75,0.5696,64.5,71.0,71.0,53.2,44.2,44.2,-5.1553,-8.8742,-6.9617,-4.2139,-14.5736,-22.3944,-22.3944,24.6606,24.6606
20250320,6695,芯鼎,TWSE,56.1,56.3,55.4,55.5,294940.0,16452784.0,TWSE_RWD_JSON_MI_INDEX,data/daily_price/daily_price_20250320.csv,55.32,57.785,60.3392,59.2346,57.3553,0.726,2.5878,-10.0486,-12.0444,2.5878,643424.9,0.4584,64.5,71.0,71.0,53.2,44.2,44.2,-3.9543,-8.0199,-6.3047,-3.2348,-13.9535,-21.831,-21.831,25.5656,25.5656
20250321,6695,芯鼎,TWSE,55.5,55.8,54.8,55.0,362982.0,19994616.0,TWSE_RWD_JSON_MI_INDEX,data/daily_price/daily_price_20250321.csv,55.4,57.455,60.1692,59.2379,57.159,-0.9009,0.7326,-10.7143,-15.6442,0.7326,598921.3,0.6061,64.5,71.0,71.0,53.2,44.2,44.2,-4.2729,-8.5911,-7.1541,-3.7772,-14.7287,-22.5352,-22.5352,24.4344,24.4344
20250324,6695,芯鼎,TWSE,55.8,55.8,54.3,54.3,268958.0,14731961.0,TWSE_RWD_JSON_MI_INDEX,data/daily_price/daily_price_20250324.csv,55.28,57.105,59.9242,59.2471,56.9208,-1.2727,-1.0929,-11.4192,-21.3043,2.0677,588075.4,0.4574,64.5,71.0,71.0,53.2,44.2,44.2,-4.912,-9.3855,-8.3499,-4.6043,-15.814,-23.5211,-23.5211,22.8507,22.8507
20250325,6695,芯鼎,TWSE,54.6,55.0,53.3,53.8,449542.0,24235985.0,TWSE_RWD_JSON_MI_INDEX,data/daily_price/daily_price_20250325.csv,54.74,56.69,59.7175,59.2388,56.6607,-0.9208,-4.7788,-13.3655,-18.7311,-1.8248,577377.6,0.7786,64.5,71.0,71.0,53.2,44.2,44.2,-5.0979,-9.9092,-9.1811,-5.0489,-16.5891,-24.2254,-24.2254,21.7195,21.7195
20250326,6695,芯鼎,TWSE,53.8,54.6,53.5,53.7,320493.0,17249589.0,TWSE_RWD_JSON_MI_INDEX,data/daily_price/daily_price_20250326.csv,54.46,56.315,59.5525,59.2321,56.414,-0.1859,-2.5408,-12.2549,-15.566,-1.4679,573898.8,0.5584,64.5,71.0,71.0,53.2,44.2,44.2,-4.6435,-9.8275,-9.3397,-4.8108,-16.7442,-24.3662,-24.3662,21.4932,21.4932
20250327,6695,芯鼎,TWSE,53.6,53.6,52.8,53.3,348890.0,18572716.0,TWSE_RWD_JSON_MI_INDEX,data/daily_price/daily_price_20250327.csv,54.02,55.925,59.3942,59.2171,56.1545,-0.7449,-3.964,-12.766,-15.1274,-3.2668,566506.4,0.6159,64.5,71.0,71.0,52.8,44.2,44.2,-4.6938,-10.2605,-9.9922,-5.0833,-17.3643,-24.9296,-24.9296,20.5882,20.5882
20250328,6695,芯鼎,TWSE,53.1,53.3,50.3,50.5,990733.0,50796362.0,TWSE_RWD_JSON_MI_INDEX,data/daily_price/daily_price_20250328.csv,53.12,55.34,59.1492,59.1862,55.6833,-5.2533,-8.1818,-18.8103,-22.546,-6.8266,481740.85,2.0566,60.1,71.0,71.0,50.3,44.2,44.2,-8.7459,-14.6226,-14.6761,-9.3085,-15.9734,-28.8732,-28.8732,14.2534,14.2534
20250331,6695,芯鼎,TWSE,48.6,48.75,46.35,46.35,1288898.0,61163436.0,TWSE_RWD_JSON_MI_INDEX,data/daily_price/daily_price_20250331.csv,51.53,54.8025,58.8383,59.0758,54.9055,-8.2178,-14.6409,-18.8266,-28.6923,-22.2315,473446.45,2.7224,58.8,71.0,71.0,46.35,44.2,44.2,-15.4236,-21.2248,-21.5415,-15.5822,-21.1735,-34.7183,-34.7183,4.8643,4.8643
20250401,6695,芯鼎,TWSE,47.35,49.75,47.0,49.2,689869.0,33536546.0,TWSE_RWD_JSON_MI_INDEX,data/daily_price/daily_price_20250401.csv,50.61,54.3375,58.5433,59.0025,54.4301,6.1489,-8.5502,-15.8974,-26.4574,-15.1724,475996.75,1.4493,58.8,71.0,71.0,46.35,44.2,44.2,-9.4548,-15.9597,-16.6137,-9.6088,-16.3265,-30.7042,-30.7042,11.3122,11.3122
20250402,6695,芯鼎,TWSE,48.75,49.35,48.25,49.35,364324.0,17826443.0,TWSE_RWD_JSON_MI_INDEX,data/daily_price/daily_price_20250402.csv,49.74,53.89,58.2625,58.9204,54.0067,0.3049,-8.1006,-15.3516,-25.4532,-16.6385,475793.85,0.7657,58.8,71.0,71.0,46.35,44.2,44.2,-8.4246,-15.2971,-16.243,-8.6225,-16.0714,-30.493,-30.493,11.6516,11.6516
20250407,6695,芯鼎,listed,44.45,44.45,44.45,44.45,63923.0,2841354.0,,data/daily_price/20250407.csv,47.97,53.2525,57.8817,58.8033,53.2103,-9.9291,-16.6041,-22.2902,-33.9525,-24.0171,462843.45,0.1381,57.7,68.6,71.0,44.45,44.2,44.2,-16.5297,-23.2054,-24.409,-16.4636,-22.9636,-35.2041,-37.3944,0.5656,0.5656
20250408,6695,芯鼎,listed,40.05,40.05,40.05,40.05,282634.0,11319408.0,,data/daily_price/20250408.csv,45.88,52.435,57.4392,58.6562,52.1136,-9.8988,-20.6931,-28.9894,-39.8649,-30.5893,457271.1,0.6181,57.7,67.2,71.0,40.05,40.05,40.05,-23.6197,-30.2741,-31.7208,-23.1487,-30.5893,-40.4018,-43.5915,0.0,0.0
20250409,6695,芯鼎,listed,36.05,37.1,36.05,36.05,965997.0,34960613.0,,data/daily_price/20250409.csv,43.82,51.4025,56.9383,58.4833,50.775,-9.9875,-22.2222,-36.4198,-45.4614,-36.5317,490935.0,1.9677,57.5,67.2,71.0,36.05,36.05,36.05,-29.8672,-36.6859,-38.3585,-29.0005,-37.3043,-46.3542,-49.2254,0.0,0.0
20250410,6695,芯鼎,listed,38.9,39.65,38.6,39.65,1257667.0,49471634.0,,data/daily_price/20250410.csv,41.91,50.6,56.5325,58.3338,49.8479,9.9861,-19.4106,-28.8151,-38.0469,-31.1632,525261.6,2.3944,57.5,66.7,71.0,36.05,36.05,36.05,-21.6403,-29.8634,-32.0291,-20.458,-31.0435,-40.5547,-44.1549,9.9861,9.9861
20250414,6695,芯鼎,listed,41.0,42.9,39.8,40.5,801890.0,32920180.0,,data/daily_price/20250414.csv,40.14,49.845,56.1492,58.1954,49.0689,2.1438,-17.9331,-27.1583,-36.2205,-29.0718,546690.65,1.4668,57.5,65.4,71.0,36.05,36.05,36.05,-18.7481,-27.8707,-30.4069,-17.463,-29.5652,-38.0734,-42.9577,12.344,12.344
20250415,6695,芯鼎,listed,40.5,43.5,40.5,43.05,519001.0,22077748.0,,data/daily_price/20250415.csv,39.86,49.2925,55.7983,58.0883,48.5673,6.2963,-3.1496,-20.4251,-32.8393,-22.9875,542734.25,0.9563,57.5,65.4,71.0,36.05,36.05,36.05,-12.6642,-22.8472,-25.8887,-11.3602,-25.1304,-34.1743,-39.3662,19.4175,19.4175
20250416,6695,芯鼎,listed,43.2,43.25,41.5,41.65,481658.0,20296745.0,,data/daily_price/20250416.csv,40.18,48.645,55.4525,57.9721,47.9909,-3.252,3.995,-23.7179,-33.2532,-25.0899,549457.4,0.8766,57.5,64.5,71.0,36.05,36.05,36.05,-14.3797,-24.8907,-28.1551,-13.2127,-27.5652,-35.4264,-41.338,15.534,15.534
20250417,6695,芯鼎,listed,40.95,42.45,40.65,41.6,302856.0,12598122.0,,data/daily_price/20250417.csv,41.29,47.98,55.1442,57.8454,47.4583,-0.12,15.3953,-24.2259,-30.782,-26.7606,550803.75,0.5498,57.5,64.5,71.0,36.05,36.05,36.05,-13.2972,-24.5614,-28.0842,-12.3441,-27.6522,-35.5039,-41.4085,15.3953,15.3953
20250418,6695,芯鼎,listed,42.95,42.95,41.2,41.75,193799.0,8083145.0,,data/daily_price/20250418.csv,41.71,47.2425,54.8883,57.7108,46.9826,0.3606,5.2963,-26.1062,-26.8827,-27.8929,531427.4,0.3647,56.9,64.5,71.0,36.05,36.05,36.05,-11.6262,-23.9365,-27.6566,-11.1374,-26.6257,-35.2713,-41.1972,15.8114,15.8114
20250421,6695,芯鼎,listed,41.5,41.95,40.4,40.4,327483.0,13362592.0,,data/daily_price/20250421.csv,41.69,46.5075,54.6283,57.5633,46.4341,-3.2335,-0.2469,-26.6788,-27.8571,-30.4647,528826.85,0.6193,56.3,64.5,71.0,36.05,36.05,36.05,-13.1323,-26.0457,-29.8164,-12.9949,-28.2416,-37.3643,-43.0986,12.0666,12.0666
20250422,6695,芯鼎,listed,39.15,40.85,39.15,39.6,199581.0,7997384.0,,data/daily_price/20250422.csv,41.0,45.7125,54.345,57.4058,45.8646,-1.9802,-8.0139,-28.6486,-30.0353,-32.3077,524058.9,0.3808,55.8,64.5,71.0,36.05,36.05,36.05,-13.3716,-27.1322,-31.0175,-13.6588,-29.0323,-38.6047,-44.2254,9.8474,9.8474
20250423,6695,芯鼎,listed,40.7,41.8,40.7,41.5,358689.0,14821401.0,,data/daily_price/20250423.csv,40.97,45.0375,54.0533,57.2825,45.5009,4.798,-0.3601,-24.5455,-29.661,-26.2877,523844.25,0.6847,55.8,64.5,71.0,36.05,36.05,36.05,-7.8546,-23.224,-27.552,-8.7929,-25.6272,-35.6589,-41.5493,15.1179,15.1179
20250424,6695,芯鼎,listed,41.9,42.3,40.8,40.95,290115.0,11999152.0,,data/daily_price/20250424.csv,40.84,44.37,53.7592,57.1079,45.1216,-1.3253,-1.5625,-24.5856,-30.1195,-33.8449,524902.1,0.5527,55.0,64.5,71.0,36.05,36.05,36.05,-7.7079,-23.8269,-28.2937,-9.2453,-25.5455,-36.5116,-42.3239,13.5922,13.5922
20250425,6695,芯鼎,listed,42.0,43.05,42.0,42.7,444779.0,18952615.0,,data/daily_price/20250425.csv,41.03,43.815,53.4858,56.9579,44.9198,4.2735,2.2754,-20.632,-27.7496,-29.654,524663.95,0.8477,54.6,64.5,71.0,36.05,36.05,36.05,-2.5448,-20.1658,-25.0324,-4.9417,-21.7949,-33.7984,-39.8592,18.4466,18.4466
20250428,6695,芯鼎,listed,42.25,44.5,42.25,43.6,358487.0,15654870.0,,data/daily_price/20250428.csv,41.67,43.31,53.47,56.8212,44.8098,2.1077,7.9208,-18.8082,-2.1324,-27.3333,526563.65,0.6808,53.6,64.5,71.0,36.05,36.05,36.05,0.6696,-18.4589,-23.2681,-2.6999,-18.6567,-32.4031,-38.5915,20.9431,20.9431
20250429,6695,芯鼎,listed,43.9,44.5,43.5,44.35,258749.0,11389884.0,,data/daily_price/20250429.csv,42.62,42.8625,53.2292,56.7025,44.7715,1.7202,11.9949,-16.7917,-24.5748,-24.3174,522056.6,0.4956,53.3,64.5,71.0,36.05,36.05,36.05,3.4704,-16.681,-21.7848,-0.9415,-16.7917,-31.2403,-37.5352,23.0236,23.0236
20250430,6695,芯鼎,listed,44.9,45.35,43.35,43.55,292008.0,12892330.0,,data/daily_price/20250430.csv,43.03,42.515,52.9633,56.5804,44.6697,-1.8038,4.9398,-13.7624,-26.8067,-25.1718,487120.35,0.5995,49.75,64.5,71.0,36.05,36.05,36.05,2.4344,-17.7733,-23.0299,-2.5067,-12.4623,-32.4806,-38.662,20.8044,20.8044
20250502,6695,芯鼎,listed,44.9,45.55,44.6,44.8,308436.0,13885834.0,,data/daily_price/20250502.csv,43.8,42.4375,52.7217,56.4612,44.6806,2.8703,9.4017,-3.3441,-24.4519,-24.1963,438097.25,0.704,49.75,64.5,71.0,36.05,36.05,36.05,5.567,-15.0254,-20.6535,0.2673,-9.9497,-30.5426,-36.9014,24.2718,24.2718
20250505,6695,芯鼎,listed,45.5,45.5,41.5,43.0,444535.0,19149263.0,,data/daily_price/20250505.csv,43.86,42.1275,52.46,56.3312,44.5405,-4.0179,0.7026,-12.6016,-26.7462,-26.6212,425830.55,1.0439,49.35,64.5,71.0,36.05,36.05,36.05,2.0711,-18.0328,-23.6658,-3.4587,-12.8673,-33.3333,-39.4366,19.2788,19.2788
20250506,6695,芯鼎,listed,43.05,43.75,43.0,43.5,184581.0,8022779.0,,data/daily_price/20250506.csv,43.84,41.835,52.1367,56.2129,44.4538,1.1628,-0.2294,-11.8541,-30.8426,-24.6101,416843.4,0.4428,45.55,64.5,71.0,36.05,36.05,36.05,3.9799,-16.5654,-22.6157,-2.1456,-4.5005,-32.5581,-38.7324,20.6657,20.6657
20250507,6695,芯鼎,listed,43.45,43.8,43.15,43.5,179449.0,7788807.0,,data/daily_price/20250507.csv,43.67,41.7875,51.8033,56.0962,44.3743,0.0,-1.9166,-2.1372,-31.4961,-24.3478,422619.7,0.4246,45.55,64.5,71.0,36.05,36.05,36.05,4.0981,-16.0286,-22.4547,-1.9704,-4.5005,-32.5581,-38.7324,20.6657,20.6657
20250508,6695,芯鼎,listed,44.5,47.4,44.5,46.85,3461242.0,160323445.0,,data/daily_price/20250508.csv,44.33,42.1275,51.5392,56.0183,44.5806,7.7011,7.5775,16.9788,-25.2791,-16.637,581550.1,5.9518,47.4,64.5,71.0,36.05,36.05,36.05,11.21,-9.0983,-16.3667,5.0905,-1.1603,-27.3643,-34.0141,29.9584,29.9584
20250509,6695,芯鼎,listed,46.85,46.85,44.35,44.8,1940608.0,88015037.0,,data/daily_price/20250509.csv,44.33,42.565,51.2425,55.9125,44.5989,-4.3757,0.0,24.2718,-28.4345,-22.087,630280.65,3.079,47.4,64.5,71.0,38.6,36.05,36.05,5.2508,-12.5726,-19.8748,0.4509,-5.4852,-30.5426,-36.9014,24.2718,24.2718
20250512,6695,芯鼎,listed,45.55,46.2,45.05,46.2,791051.0,36077858.0,,data/daily_price/20250512.csv,44.97,42.8925,50.9942,55.8242,44.7323,3.125,7.4419,16.5195,-24.3863,-18.662,606949.85,1.3033,47.4,64.5,71.0,39.15,36.05,36.05,7.7111,-9.4014,-17.2401,3.281,-2.5316,-28.3721,-34.9296,28.1553,28.1553
20250513,6695,芯鼎,listed,46.85,46.85,45.4,45.85,473425.0,21802933.0,,data/daily_price/20250513.csv,45.44,43.16,50.77,55.7204,44.8255,-0.7576,5.4023,13.2099,-22.6813,-21.3551,590526.6,0.8017,47.4,64.5,71.0,39.15,36.05,36.05,6.2326,-9.6908,-17.7142,2.2856,-3.27,-28.9147,-35.4225,27.1845,27.1845
20250514,6695,芯鼎,listed,46.4,46.65,45.8,46.4,349547.0,16162293.0,,data/daily_price/20250514.csv,46.02,43.3275,50.5683,55.6362,44.9567,1.1996,6.6667,7.7816,-20.6838,-17.8761,582053.9,0.6005,47.4,64.5,71.0,39.15,36.05,36.05,7.0913,-8.243,-16.6011,3.2104,-2.1097,-28.062,-34.6479,28.7101,28.7101
20250515,6695,芯鼎,listed,46.3,46.5,45.25,45.25,346143.0,15844477.0,,data/daily_price/20250515.csv,45.7,43.5075,50.3408,55.5217,44.9811,-2.4784,-3.4152,8.6435,-23.1749,-23.3051,575278.15,0.6017,47.4,64.5,71.0,39.15,36.05,36.05,4.0051,-10.1127,-18.5003,0.5977,-4.5359,-29.845,-36.2676,25.5201,25.5201
20250516,6695,芯鼎,listed,45.35,48.75,45.2,46.0,4128550.0,196176104.0,,data/daily_price/20250516.csv,45.94,43.7275,50.1175,55.4033,45.066,1.6575,2.6786,10.5769,-22.5589,-23.588,766562.85,5.3858,48.75,64.5,71.0,39.15,36.05,36.05,5.197,-8.2157,-16.9725,2.0724,-5.641,-28.6822,-35.2113,27.6006,27.6006
20250519,6695,芯鼎,listed,46.0,46.1,44.2,44.6,1084121.0,48767755.0,,data/daily_price/20250519.csv,45.62,43.87,49.8542,55.2775,45.0272,-3.0435,-3.4632,6.8263,-26.1589,-25.2931,811078.95,1.3366,48.75,64.5,71.0,39.15,36.05,36.05,1.664,-10.5391,-19.3162,-0.9488,-8.5128,-30.8527,-37.1831,23.7171,23.7171
20250520,6695,芯鼎,listed,45.3,45.7,44.35,44.6,477211.0,21427880.0,,data/daily_price/20250520.csv,45.37,44.08,49.5608,55.1633,44.9916,0.0,-2.7263,10.396,-28.2958,-23.4991,818565.35,0.583,48.75,64.5,71.0,39.15,36.05,36.05,1.1797,-10.0096,-19.1492,-0.8704,-8.5128,-30.8527,-37.1831,23.7171,23.7171
20250522,6695,芯鼎,listed,44.85,44.85,43.3,43.6,500333.0,21874490.0,,data/daily_price/20250522.csv,44.81,44.28,49.2592,55.0517,44.8756,-2.2422,-6.0345,10.101,-29.3355,-23.5088,833602.95,0.6002,48.75,64.5,71.0,40.7,36.05,36.05,-1.5357,-11.4886,-20.8017,-2.8426,-10.5641,-32.4031,-38.5915,20.9431,20.9431
20250523,6695,芯鼎,listed,43.7,44.15,43.4,43.4,312825.0,13664073.0,,data/daily_price/20250523.csv,44.44,44.375,48.9558,54.9492,44.7527,-0.4587,-4.0884,4.5783,-29.5455,-22.0826,831309.75,0.3763,48.75,64.5,71.0,40.8,36.05,36.05,-2.1972,-11.3487,-21.0179,-3.0225,-10.9744,-32.7132,-38.8732,20.3883,20.3883
20250526,6695,芯鼎,listed,43.05,43.2,42.75,43.0,314102.0,13502617.0,,data/daily_price/20250526.csv,43.84,44.4775,48.6508,54.8267,44.6066,-0.9217,-6.5217,5.0061,-29.8532,-25.4766,832509.1,0.3773,48.75,64.5,71.0,41.5,36.05,36.05,-3.3219,-11.6151,-21.571,-3.6017,-11.7949,-33.3333,-39.4366,19.2788,19.2788
20250527,6695,芯鼎,listed,43.3,43.4,42.0,42.0,366231.0,15554193.0,,data/daily_price/20250527.csv,43.32,44.4425,48.3158,54.7083,44.3894,-2.3256,-5.8296,-1.6393,-32.3671,-25.2669,828581.7,0.442,48.75,64.5,71.0,41.5,36.05,36.05,-5.4959,-13.072,-23.2292,-5.3828,-13.8462,-34.8837,-40.8451,16.5049,16.5049
20250528,6695,芯鼎,listed,42.75,43.0,41.6,41.85,361308.0,15256442.0,,data/daily_price/20250528.csv,42.77,44.355,47.9933,54.5912,44.1778,-0.3571,-6.1659,-4.0138,-31.6176,-25.1342,828722.75,0.436,48.75,64.5,71.0,41.5,36.05,36.05,-5.6476,-12.8004,-23.3394,-5.2691,-14.1538,-35.1163,-41.0563,16.0888,16.0888
20250529,6695,芯鼎,listed,42.15,42.4,41.7,41.8,224620.0,9440540.0,,data/daily_price/20250529.csv,42.41,44.2275,47.6717,54.4738,43.9796,-0.1195,-4.1284,-5.7497,-31.5876,-25.2236,827016.3,0.2716,48.75,64.5,71.0,41.5,36.05,36.05,-5.4887,-12.3169,-23.2658,-4.956,-14.2564,-35.1938,-41.1268,15.9501,15.9501
20250602,6695,芯鼎,listed,41.8,41.8,39.8,40.2,441818.0,17850777.0,,data/daily_price/20250602.csv,41.77,44.06,47.305,54.3362,43.6647,-3.8278,-7.3733,-7.6923,-35.3698,-29.1005,834506.8,0.5294,48.75,60.1,71.0,39.8,36.05,36.05,-8.7608,-15.0196,-26.0162,-7.9347,-17.5385,-33.1115,-43.3803,11.5118,11.5118
20250603,6695,芯鼎,listed,40.65,41.45,40.1,40.1,348229.0,14135238.0,,data/daily_price/20250603.csv,41.19,43.825,47.0217,54.2012,43.3676,-0.2488,-6.7442,-10.4911,-29.7723,-28.7744,836496.45,0.4163,48.75,58.8,71.0,39.8,36.05,36.05,-8.4997,-14.7202,-26.0165,-7.5347,-17.7436,-31.8027,-43.5211,11.2344,11.2344
20250604,6695,芯鼎,listed,40.7,41.7,40.7,40.95,302055.0,12443482.0,,data/daily_price/20250604.csv,40.98,43.7225,46.7292,54.0933,43.1661,2.1197,-2.5,-4.7674,-30.0,-24.026,829372.45,0.3642,48.75,58.8,71.0,39.8,36.05,36.05,-6.3411,-12.3674,-24.2975,-5.134,-16.0,-30.3571,-42.3239,13.5922,13.5922
20250605,6695,芯鼎,listed,40.95,43.1,40.95,41.65,1097584.0,46212693.0,,data/daily_price/20250605.csv,40.94,43.63,46.4517,53.9979,43.0398,1.7094,-0.4779,-4.2529,-28.5592,-21.5631,875022.6,1.2543,48.75,58.8,71.0,39.8,36.05,36.05,-4.5382,-10.3369,-22.8674,-3.2291,-14.5641,-29.1667,-41.338,15.534,15.534
20250606,6695,芯鼎,listed,41.65,43.95,41.6,42.2,3764180.0,161209323.0,,data/daily_price/20250606.csv,41.02,43.565,46.2017,53.9046,42.9698,1.3205,0.9569,-2.9885,-26.2238,-20.9738,1054259.15,3.5705,48.75,57.7,71.0,39.8,36.05,36.05,-3.1332,-8.6613,-21.7135,-1.7915,-13.4359,-26.8631,-40.5634,17.0596,17.0596
20250609,6695,芯鼎,listed,42.4,42.75,41.3,41.6,639371.0,26742895.0,,data/daily_price/20250609.csv,41.3,43.3025,45.955,53.7621,42.8557,-1.4218,3.4826,-11.206,-26.2411,-29.1312,913165.6,0.7002,48.75,57.7,71.0,39.8,36.05,36.05,-3.9316,-9.4767,-22.622,-2.93,-14.6667,-27.9029,-41.4085,15.3953,15.3953
20250610,6695,芯鼎,listed,42.0,42.7,41.75,42.65,426535.0,18046401.0,,data/daily_price/20250610.csv,41.81,43.195,45.7208,53.6258,42.8385,2.524,6.3591,-4.7991,-24.7795,-27.7119,837461.95,0.5093,48.75,57.5,71.0,39.8,36.05,36.05,-1.2617,-6.7165,-20.4674,-0.4401,-12.5128,-25.8261,-39.9296,18.3079,18.3079
20250611,6695,芯鼎,listed,43.45,44.2,43.15,44.0,1190058.0,52138870.0,,data/daily_price/20250611.csv,42.42,43.085,45.5258,53.4958,42.9353,3.1653,7.4481,-4.7619,-21.0054,-26.1745,857412.3,1.388,48.75,57.5,71.0,39.8,36.05,36.05,2.1237,-3.3516,-17.7506,2.4798,-9.7436,-23.4783,-38.0282,22.0527,22.0527
20250612,6695,芯鼎,listed,44.15,46.0,43.8,44.7,3592744.0,161431846.0,,data/daily_price/20250612.csv,43.03,43.0275,45.3442,53.3833,43.0824,1.5909,7.3229,-2.5082,-19.6043,-23.1959,1013378.25,3.5453,48.75,57.5,71.0,39.8,36.05,36.05,3.887,-1.4206,-16.266,3.7547,-8.3077,-22.2609,-37.0423,23.9945,23.9945
20250613,6695,芯鼎,listed,43.8,44.2,42.1,42.4,1093455.0,47111099.0,,data/daily_price/20250613.csv,43.07,42.8275,45.1492,53.2033,43.0255,-5.1454,0.4739,-8.6207,-21.6266,-33.75,1050573.65,1.0408,48.75,57.5,71.0,39.8,36.05,36.05,-0.9982,-6.0891,-20.3057,-1.4538,-13.0256,-26.2609,-40.2817,17.6144,17.6144
20250616,6695,芯鼎,listed,42.4,43.1,42.15,42.95,314557.0,13417421.0,,data/daily_price/20250616.csv,43.34,42.7125,44.955,52.9987,43.0192,1.2972,3.2452,-5.0829,-21.337,-36.3704,1048994.35,0.2999,48.75,57.5,71.0,39.8,36.05,36.05,0.556,-4.46,-18.9604,-0.1609,-11.8974,-25.3043,-39.507,19.1401,19.1401
20250617,6695,芯鼎,listed,42.9,44.5,42.9,43.2,1079293.0,47049251.0,,data/daily_price/20250617.csv,43.45,42.5725,44.76,52.7896,43.0343,0.5821,1.2896,-6.087,-21.3115,-36.7496,896531.5,1.2039,46.1,57.5,71.0,39.8,36.05,36.05,1.474,-3.4853,-18.1657,0.3851,-6.2907,-24.8696,-39.1549,19.8336,19.8336
20250618,6695,芯鼎,listed,43.2,44.25,43.1,43.85,499842.0,21897306.0,,data/daily_price/20250618.csv,43.42,42.535,44.5492,52.5925,43.1023,1.5046,-0.3409,-1.6816,-22.3894,-35.037,867317.55,0.5763,46.0,56.9,71.0,39.8,36.05,36.05,3.0916,-1.5694,-16.6231,1.7348,-4.6739,-22.935,-38.2394,21.6366,21.6366
20250619,6695,芯鼎,listed,43.5,44.3,42.1,42.5,493905.0,21217715.0,,data/daily_price/20250619.csv,42.98,42.43,44.3392,52.4025,43.0521,-3.0787,-4.9217,-4.7085,-22.8675,-34.9158,868152.25,0.5689,46.0,56.3,71.0,39.8,36.05,36.05,0.165,-4.148,-18.897,-1.2823,-7.6087,-24.5115,-40.1408,17.8918,17.8918
20250620,6695,芯鼎,listed,43.25,43.25,40.6,41.2,444364.0,18390565.0,,data/daily_price/20250620.csv,42.74,42.31,44.1008,52.22,42.8977,-3.0588,-2.8302,-5.5046,-25.7658,-34.7068,865353.8,0.5135,46.0,55.8,71.0,39.8,36.05,36.05,-2.6235,-6.5777,-21.103,-3.9576,-10.4348,-26.1649,-41.9718,14.2857,14.2857
20250623,6695,芯鼎,listed,40.3,40.85,39.8,40.55,308618.0,12439491.0,,data/daily_price/20250623.csv,42.26,42.1675,43.86,52.0146,42.7021,-1.5777,-5.5879,-6.5668,-26.2727,-37.8067,865143.45,0.3567,46.0,55.8,71.0,39.8,36.05,36.05,-3.8359,-7.5467,-22.0411,-5.0398,-11.8478,-27.3297,-42.8873,12.4827,12.4827
20250624,6695,芯鼎,listed,41.45,44.2,41.45,43.5,1156659.0,49751460.0,,data/daily_price/20250624.csv,42.32,42.1925,43.68,51.8021,42.7686,7.275,0.6944,1.1628,-19.8895,-36.9565,907271.3,1.2749,46.0,55.0,71.0,39.8,36.05,36.05,3.0989,-0.4121,-16.0265,1.7102,-5.4348,-20.9091,-38.7324,20.6657,20.6657
20250625,6695,芯鼎,listed,44.0,45.45,43.75,44.0,4129455.0,184562267.0,,data/daily_price/20250625.csv,42.35,42.2925,43.5167,51.6171,42.8712,1.1494,0.3421,4.7619,-18.2156,-33.5347,1095432.5,3.7697,46.0,54.6,71.0,39.8,36.05,36.05,4.0374,1.1107,-14.7569,2.633,-4.3478,-19.4139,-38.0282,22.0527,22.0527
20250626,6695,芯鼎,listed,45.25,45.45,44.15,44.55,1452263.0,64779745.0,,data/daily_price/20250626.csv,42.76,42.4275,43.3642,51.4583,43.0111,1.25,4.8235,6.4516,-17.0391,-29.9528,1149980.25,1.2629,46.0,53.6,71.0,39.8,36.05,36.05,5.0027,2.7346,-13.4251,3.5779,-3.1522,-16.8843,-37.2535,23.5784,23.5784
20250627,6695,芯鼎,listed,45.0,45.0,43.55,44.55,706290.0,31334938.0,,data/daily_price/20250627.csv,43.43,42.565,43.2183,51.3062,43.1393,0.0,8.1311,6.5789,-16.4165,-29.0605,1174063.75,0.6016,46.0,53.3,71.0,39.8,36.05,36.05,4.6635,3.0813,-13.1685,3.27,-3.1522,-16.4165,-37.2535,23.5784,23.5784
20250630,6695,芯鼎,listed,45.0,45.0,42.75,42.75,504881.0,21910526.0,,data/daily_price/20250630.csv,43.87,42.6925,43.0892,51.1192,43.1069,-4.0404,5.4254,6.3433,-15.3465,-34.4325,1177216.9,0.4289,46.0,49.75,71.0,39.8,36.05,36.05,0.1347,-0.7871,-16.3719,-0.8279,-7.0652,-14.0704,-39.7887,18.5853,18.5853
20250701,6695,芯鼎,listed,42.8,44.0,42.3,42.5,435846.0,18740035.0,,data/daily_price/20250701.csv,43.67,42.8125,43.025,50.9317,43.0563,-0.5848,-2.2989,5.985,-8.3064,-34.6154,1181597.75,0.3689,46.0,49.75,71.0,39.8,36.05,36.05,-0.7299,-1.2202,-16.5549,-1.2921,-7.6087,-14.5729,-40.1408,17.8918,17.8918
20250702,6695,芯鼎,listed,42.05,43.2,41.75,42.55,491852.0,20909225.0,,data/daily_price/20250702.csv,43.38,42.8925,42.9142,50.7288,43.0141,0.1176,-3.2955,3.9072,-13.5163,-36.3976,1191087.6,0.4129,46.0,49.35,71.0,39.8,36.05,36.05,-0.7985,-0.8486,-16.1225,-1.079,-7.5,-13.7791,-40.0704,18.0305,18.0305
20250703,6695,芯鼎,listed,43.2,44.7,42.7,43.0,1460271.0,63631042.0,,data/daily_price/20250703.csv,43.07,42.96,42.8083,50.5354,43.0129,1.0576,-3.4792,3.2413,-12.8673,-35.0453,1209221.95,1.2076,46.0,48.75,71.0,39.8,36.05,36.05,0.0931,0.4477,-14.9112,-0.0301,-6.5217,-11.7949,-39.4366,19.2788,19.2788
20250704,6695,芯鼎,listed,42.9,43.05,41.15,41.2,617275.0,25802871.0,,data/daily_price/20250704.csv,42.4,42.91,42.7542,50.3179,42.8619,-4.186,-7.5196,-2.3697,-7.3116,-38.7816,1051876.7,0.5868,46.0,48.75,68.6,39.8,36.05,36.05,-3.9851,-3.6351,-18.1206,-3.8773,-10.4348,-15.4872,-39.9417,14.2857,14.2857
20250707,6695,芯鼎,listed,41.5,42.2,40.35,40.35,649402.0,26603009.0,,data/daily_price/20250707.csv,41.92,42.8475,42.7592,50.0992,42.6525,-2.0631,-5.614,-3.0048,0.7491,-39.4144,1052378.25,0.6171,46.0,48.75,67.2,39.8,36.05,36.05,-5.8288,-5.6343,-19.4597,-5.3984,-12.2826,-17.2308,-39.9554,11.9279,11.9279
20250708,6695,芯鼎,listed,40.1,40.9,39.55,40.3,498684.0,20040697.0,,data/daily_price/20250708.csv,41.48,42.73,42.83,49.8842,42.4565,-0.1239,-5.1765,-5.51,11.7892,-39.0318,1055985.7,0.4722,46.0,48.75,67.2,39.55,38.6,36.05,-5.6869,-5.9071,-19.2128,-5.0793,-12.3913,-17.3333,-40.0298,4.4041,11.7892
20250709,6695,芯鼎,listed,40.35,41.35,40.3,41.35,230285.0,9383270.0,,data/daily_price/20250709.csv,41.24,42.5975,42.8583,49.6954,42.3643,2.6055,-2.8202,-6.0227,4.2875,-35.3906,1007997.05,0.2285,46.0,48.75,66.7,39.55,39.15,36.05,-2.9286,-3.5193,-16.7931,-2.3942,-10.1087,-15.1795,-38.006,5.6194,14.7018
20250710,6695,芯鼎,listed,41.4,42.0,41.05,41.95,315986.0,13155435.0,,data/daily_price/20250710.csv,41.03,42.46,42.8825,49.5158,42.3298,1.451,-2.4419,-6.1521,3.5802,-33.937,844159.15,0.3743,45.45,48.75,65.4,39.55,39.15,36.05,-1.2011,-2.1745,-15.2796,-0.8972,-7.7008,-13.9487,-35.8563,7.152,16.3662
20250711,6695,芯鼎,listed,43.9,46.1,43.4,46.1,4111334.0,187024020.0,,data/daily_price/20250711.csv,42.01,42.645,42.9333,49.3658,42.644,9.8927,11.8932,8.7264,7.0848,-28.0811,995053.1,4.1318,46.1,48.75,65.4,39.55,39.15,36.05,8.1018,7.3758,-6.6156,8.1044,0.0,-5.4359,-29.5107,17.7522,27.8779
20250714,6695,芯鼎,listed,46.9,47.9,45.0,45.0,8854208.0,409044946.0,,data/daily_price/20250714.csv,42.94,42.7475,42.9892,49.2208,42.8403,-2.3861,11.5242,4.773,8.0432,-27.8846,1422035.65,6.2264,47.9,48.75,64.5,39.55,39.15,36.05,5.2693,4.6775,-8.5753,5.0413,-6.0543,-7.6923,-30.2326,14.9425,24.8266
20250715,6695,芯鼎,listed,44.95,45.15,44.2,44.7,1417023.0,63347704.0,,data/daily_price/20250715.csv,43.82,42.8225,43.0408,49.0925,42.9953,-0.6667,10.9181,3.4722,7.4519,-25.624,1438922.15,0.9848,47.9,48.75,64.5,39.55,39.15,36.05,4.3844,3.8549,-8.9474,3.9649,-6.6806,-8.3077,-30.6977,14.1762,23.9945
20250716,6695,芯鼎,listed,45.4,46.05,44.65,45.3,1838824.0,83244858.0,,data/daily_price/20250716.csv,44.61,42.895,43.1,48.9942,43.1873,1.3423,9.5526,3.3067,8.503,-20.6655,1505871.25,1.2211,47.9,48.75,64.5,39.55,39.15,36.05,5.6067,5.1044,-7.54,4.8919,-5.428,-7.0769,-29.7674,15.7088,25.6588
20250717,6695,芯鼎,listed,45.3,47.85,45.0,46.6,3699146.0,173378166.0,,data/daily_price/20250717.csv,45.54,43.1,43.2033,48.9158,43.4717,2.8698,11.0846,9.6471,15.3465,-16.7857,1666133.3,2.2202,47.9,48.75,64.5,39.55,39.15,36.05,8.1206,7.862,-4.7343,7.1961,-2.714,-4.4103,-27.7519,19.0294,29.2649
20250718,6695,芯鼎,listed,46.9,47.1,46.05,46.05,1371009.0,63799488.0,,data/daily_price/20250718.csv,45.53,43.3425,43.3108,48.8279,43.6866,-1.1803,-0.1085,11.7718,16.2879,-18.6396,1712465.55,0.8006,47.9,48.75,64.5,39.55,39.55,36.05,6.2468,6.3244,-5.6892,5.41,-3.8622,-5.5385,-28.6047,16.4349,27.7393
20250721,6695,芯鼎,listed,46.2,50.0,46.05,48.55,5573878.0,269828314.0,,data/daily_price/20250721.csv,46.24,43.7425,43.4283,48.7408,44.0919,5.4289,7.8889,19.7287,16.988,-17.7119,1975728.55,2.8212,50.0,50.0,64.5,39.55,39.55,36.05,10.9905,11.7934,-0.3915,10.111,-2.9,-2.9,-24.7287,22.756,34.6741
20250722,6695,芯鼎,listed,48.75,51.5,48.25,49.0,10589183.0,523139321.0,,data/daily_price/20250722.csv,47.1,44.0175,43.5625,48.6608,44.5009,0.9269,9.6197,12.6437,19.6581,-16.3823,2447354.75,4.3268,51.5,51.5,64.5,39.55,39.55,36.05,11.3194,12.4821,0.697,10.1102,-4.8544,-4.8544,-24.031,23.8938,35.9223
20250723,6695,芯鼎,listed,49.35,50.5,48.15,49.8,4810928.0,238430967.0,,data/daily_price/20250723.csv,48.0,44.3075,43.6808,48.5833,44.9425,1.6327,9.9338,13.1818,16.6276,-15.736,2481428.4,1.9388,51.5,51.5,64.5,39.55,39.55,36.05,12.3963,14.0088,2.5043,10.8083,-3.301,-3.301,-22.7907,25.9166,38.1415
20250724,6695,芯鼎,listed,50.1,51.3,49.05,49.3,4060930.0,203396761.0,,data/daily_price/20250724.csv,48.54,44.545,43.7758,48.6229,45.3056,-1.004,5.794,10.6622,13.0734,10.6622,2611861.75,1.5548,51.5,51.5,64.5,39.55,39.55,36.05,10.6746,12.6192,1.3925,8.8166,-4.2718,-4.2718,-23.5659,24.6523,36.7545
20250725,6695,芯鼎,listed,48.8,49.0,48.05,48.2,1501597.0,72769682.0,,data/daily_price/20250725.csv,48.97,44.7275,43.84,48.5346,45.5468,-2.2312,4.6688,8.193,8.6809,-18.0272,2651627.1,0.5663,51.5,51.5,64.5,39.55,39.55,36.05,7.7637,9.9453,-0.6894,5.8252,-6.4078,-6.4078,-25.2713,21.871,33.7032
20250728,6695,芯鼎,listed,48.5,49.5,47.8,49.2,1315548.0,64082061.0,,data/daily_price/20250728.csv,49.1,45.05,43.9342,48.4488,45.8512,2.0747,1.3388,15.0877,12.9736,-17.3109,2692160.45,0.4887,51.5,51.5,64.5,39.55,39.55,36.05,9.212,11.9857,1.5506,7.3036,-4.466,-4.466,-23.7209,24.3995,36.4771
20250729,6695,芯鼎,listed,50.2,52.3,49.6,49.6,4901673.0,247998327.0,,data/daily_price/20250729.csv,49.22,45.405,44.0142,48.3679,46.1636,0.813,1.2245,16.7059,10.7143,-16.3575,2915451.8,1.6813,52.3,52.3,64.5,39.55,39.55,36.05,9.2391,12.691,2.5473,7.4439,-5.1625,-5.1625,-23.1008,25.4109,37.5867
20250730,6695,芯鼎,listed,49.6,54.5,49.2,54.5,8021028.0,420936988.0,,data/daily_price/20250730.csv,50.16,46.0025,44.2058,48.3329,46.8583,9.879,9.4378,28.0846,26.7442,-7.155,3291910.6,2.4366,54.5,54.5,64.5,39.55,39.55,36.05,18.4718,23.2869,12.7596,16.308,0.0,0.0,-15.5039,37.8003,51.1789
20250731,6695,芯鼎,listed,55.0,56.6,52.5,52.5,11945521.0,651433424.0,,data/daily_price/20250731.csv,50.8,46.4775,44.3558,48.2462,47.3285,-3.6697,6.4909,22.093,20.6897,-16.5342,3816173.1,3.1302,56.6,56.6,64.5,39.55,39.55,36.05,12.9579,18.361,8.8167,10.9269,-7.2438,-7.2438,-18.6047,32.7434,45.6311
20250801,6695,芯鼎,listed,51.6,53.0,51.3,51.6,2738274.0,142689523.0,,data/daily_price/20250801.csv,51.48,46.9975,44.4908,48.1471,47.6844,-1.7143,7.0539,25.2427,18.6207,-18.7402,3922223.05,0.6981,56.6,56.6,64.5,39.55,39.55,36.05,9.7931,15.9789,7.1716,8.2114,-8.8339,-8.8339,-20.0,30.4678,43.1345
20250804,6695,芯鼎,listed,51.0,51.5,50.4,51.3,1395838.0,71110436.0,,data/daily_price/20250804.csv,51.9,47.545,44.565,48.0521,47.9857,-0.5814,4.2683,27.1375,9.4984,-18.1818,3959544.85,0.3525,56.6,56.6,64.5,39.55,39.55,36.05,7.8978,15.1128,6.7592,6.9068,-9.364,-9.364,-20.4651,29.7092,42.3024
20250805,6695,芯鼎,listed,51.8,52.7,51.1,51.1,1843032.0,95321118.0,,data/daily_price/20250805.csv,52.2,48.085,44.67,47.9562,48.2452,-0.3899,3.0242,26.799,14.0625,-18.3706,4026762.25,0.4577,56.6,56.6,64.5,40.3,39.55,36.05,6.2701,14.3944,6.5555,5.9172,-9.7173,-9.7173,-20.7752,29.2035,41.7476
20250806,6695,芯鼎,listed,51.5,51.9,49.4,50.0,1901660.0,95314130.0,,data/daily_price/20250806.csv,51.3,48.5175,44.7333,47.8637,48.3915,-2.1526,-8.2569,20.919,8.2251,-18.1669,4110331.0,0.4627,56.6,56.6,64.5,41.05,39.55,36.05,3.0556,11.7735,4.4632,3.324,-11.6608,-11.6608,-22.4806,26.4223,38.6963
20250807,6695,芯鼎,listed,50.8,51.9,50.2,50.9,1653724.0,84358374.0,,data/daily_price/20250807.csv,50.98,48.965,44.8175,47.7938,48.6005,1.8,-3.0476,21.3349,11.0142,-14.1653,4177217.9,0.3959,56.6,56.6,64.5,43.4,39.55,36.05,3.9518,13.5717,6.4993,4.7314,-10.0707,-10.0707,-21.0853,28.6979,41.1928
20250808,6695,芯鼎,listed,51.5,51.9,50.8,51.2,981267.0,50292744.0,,data/daily_price/20250808.csv,50.9,49.22,44.8975,47.7329,48.8171,0.5894,-0.7752,11.0629,10.3448,-12.4786,4020714.55,0.2441,56.6,56.6,64.5,44.2,39.55,36.05,4.0228,14.0375,7.2635,4.8812,-9.5406,-9.5406,-20.6202,29.4564,42.025
20250811,6695,芯鼎,listed,50.4,50.5,48.8,49.45,1245074.0,61914337.0,,data/daily_price/20250811.csv,50.53,49.4425,44.9675,47.6542,48.8699,-3.418,-3.6062,9.8889,9.2818,-16.0441,3640257.85,0.342,56.6,56.6,64.5,44.2,39.55,36.05,0.0152,9.9683,3.7685,1.1871,-12.6325,-12.6325,-23.3333,25.0316,37.1706
20250812,6695,芯鼎,listed,49.45,50.7,49.25,49.6,1082498.0,53885895.0,,data/daily_price/20250812.csv,50.23,49.6875,45.0275,47.5725,48.9307,0.3033,-2.9354,10.962,7.8261,-16.4983,3623531.6,0.2987,56.6,56.6,64.5,44.65,39.55,36.05,-0.1761,10.1549,4.2619,1.3678,-12.3675,-12.3675,-23.1008,25.4109,37.5867
20250813,6695,芯鼎,listed,49.45,50.0,47.9,48.3,1898237.0,92891768.0,,data/daily_price/20250813.csv,49.89,49.8375,45.0892,47.4717,48.8782,-2.621,-3.4,6.6225,8.296,-20.0331,3626502.25,0.5234,56.6,56.6,64.5,45.0,39.55,36.05,-3.085,7.1211,1.7449,-1.1829,-14.6643,-14.6643,-25.1163,22.1239,33.9806
20250814,6695,芯鼎,listed,48.35,50.3,48.35,48.9,1729419.0,85478764.0,,data/daily_price/20250814.csv,49.49,49.9525,45.1608,47.3608,48.88,1.2422,-3.9293,4.9356,9.6413,-21.3826,3528015.9,0.4902,56.6,56.6,64.5,46.05,39.55,36.05,-2.107,8.2797,3.2499,0.041,-13.6042,-13.6042,-24.186,23.641,35.6449
20250815,6695,芯鼎,listed,49.2,49.2,47.8,48.0,906919.0,43598401.0,,data/daily_price/20250815.csv,48.85,50.05,45.2342,47.2467,48.8067,-1.8405,-6.25,4.2345,10.0917,-22.2042,3504811.4,0.2588,56.6,56.6,64.5,46.05,39.55,36.05,-4.0959,6.1145,1.5945,-1.6527,-15.1943,-15.1943,-25.5814,21.3654,33.1484
20250818,6695,芯鼎,listed,48.1,48.65,47.6,47.7,709573.0,33995334.0,,data/daily_price/20250818.csv,48.5,50.0075,45.3058,47.1308,48.7144,-0.625,-3.5389,-1.7508,9.9078,-22.5649,3261596.15,0.2176,56.6,56.6,64.5,47.6,39.55,36.05,-4.6143,5.2845,1.2076,-2.0824,-15.7244,-15.7244,-26.0465,20.6068,32.3162
20250819,6695,芯鼎,listed,48.15,48.15,46.75,46.95,727767.0,34295326.0,,data/daily_price/20250819.csv,47.97,49.905,45.3717,47.0112,48.5674,-1.5723,-5.3427,-4.1837,9.186,-23.4095,2768525.35,0.2629,56.6,56.6,64.5,46.75,39.55,36.05,-5.9213,3.4787,-0.1303,-3.3302,-17.0495,-17.0495,-27.2093,18.7105,30.2358
20250820,6695,芯鼎,listed,46.7,47.1,45.65,45.8,837286.0,38692107.0,,data/daily_price/20250820.csv,47.47,49.705,45.435,46.8754,48.3368,-2.4494,-5.176,-8.0321,9.0476,-26.248,2569843.25,0.3258,56.6,56.6,64.5,45.65,39.55,36.05,-7.8564,0.8033,-2.2942,-5.2481,-19.0813,-19.0813,-28.9922,15.8028,27.0458
20250821,6695,芯鼎,listed,46.05,47.35,46.05,47.2,460394.0,21561016.0,,data/daily_price/20250821.csv,47.13,49.6,45.5242,46.7587,48.242,3.0568,-3.4765,-4.2596,12.7838,-22.8758,2389816.45,0.1926,56.6,56.6,64.5,45.65,39.55,36.05,-4.8387,3.6812,0.9437,-2.16,-16.6078,-16.6078,-26.8217,19.3426,30.9293
20250822,6695,芯鼎,listed,46.95,47.7,46.7,47.0,518380.0,24409316.0,,data/daily_price/20250822.csv,46.93,49.54,45.6108,46.6412,48.1385,-0.4237,-2.0833,-2.4896,12.4402,-23.0769,2340655.6,0.2215,56.6,56.6,64.5,45.65,39.55,36.05,-5.1272,3.0457,0.7692,-2.3651,-16.9611,-16.9611,-27.1318,18.8369,30.3745
20250825,6695,芯鼎,listed,47.4,49.05,47.4,48.0,845149.0,40865570.0,,data/daily_price/20250825.csv,46.99,49.48,45.7408,46.5229,48.127,2.1277,0.6289,-2.439,19.403,-22.8296,2317135.65,0.3647,56.6,56.6,60.1,45.65,39.55,36.05,-2.9911,4.9391,3.175,-0.2639,-15.1943,-15.1943,-20.1331,21.3654,33.1484
20250826,6695,芯鼎,listed,51.0,52.8,48.75,52.8,4682932.0,240742487.0,,data/daily_price/20250826.csv,48.16,49.64,45.9525,46.4871,48.5164,10.0,12.4601,6.4516,31.6708,-7.5306,2306198.6,2.0306,56.6,56.6,58.8,45.65,39.55,36.05,6.3658,14.9013,13.5799,8.8291,-6.7138,-6.7138,-10.2041,33.5019,46.4632
20250827,6695,芯鼎,listed,58.0,58.0,52.8,53.5,11105141.0,621396802.0,,data/daily_price/20250827.csv,49.7,49.59,46.1617,46.4454,48.9317,1.3258,16.8122,-1.8349,30.6471,-8.547,2460404.25,4.5135,58.0,58.0,58.8,45.65,39.55,36.05,7.8847,15.897,15.189,9.336,-7.7586,-7.7586,-9.0136,35.2718,48.405
20250828,6695,芯鼎,listed,54.4,55.9,53.5,54.0,7478749.0,409706043.0,,data/daily_price/20250828.csv,51.06,49.665,46.3675,46.4096,49.3541,0.9346,14.4068,2.8571,29.6519,-7.3756,2237065.65,3.3431,58.0,58.0,58.8,45.65,39.55,36.05,8.7285,16.4609,16.3553,9.4135,-6.8966,-6.8966,-8.1633,36.536,49.792
20250829,6695,芯鼎,listed,55.5,56.5,53.0,55.0,4942340.0,272383464.0,,data/daily_price/20250829.csv,52.66,49.835,46.5808,46.3912,49.8246,1.8519,17.0213,6.5891,30.3318,-3.8462,2347268.95,2.1056,58.0,58.0,58.0,45.65,39.55,36.05,10.3642,18.0743,18.5568,10.3873,-5.1724,-5.1724,-5.1724,39.0645,52.5659
20250901,6695,芯鼎,listed,54.7,55.3,51.1,51.5,2553337.0,135277329.0,,data/daily_price/20250901.csv,53.36,49.845,46.7458,46.3504,49.9642,-6.3636,7.2917,0.3899,23.7981,-8.6879,2405143.9,1.0616,58.0,58.0,58.0,45.65,39.55,36.05,3.3203,10.1702,11.1101,3.0738,-11.2069,-11.2069,-11.2069,30.2149,42.8571
20250902,6695,芯鼎,listed,51.8,52.9,50.2,50.6,1342565.0,68844495.0,,data/daily_price/20250902.csv,52.92,49.82,46.8783,46.2996,50.0172,-1.7476,-4.1667,-0.9785,18.6401,-10.7584,2380120.55,0.5641,58.0,58.0,58.0,45.65,39.55,36.05,1.5656,7.939,9.2882,1.1653,-12.7586,-12.7586,-12.7586,27.9393,40.3606
20250903,6695,芯鼎,listed,50.7,53.1,50.7,51.7,1006114.0,52331276.0,,data/daily_price/20250903.csv,52.56,49.905,47.0067,46.2662,50.1574,2.1739,-3.3645,3.4,17.5,-7.1813,2335343.25,0.4308,58.0,58.0,58.0,45.65,39.55,36.05,3.5968,9.9844,11.7445,3.0755,-10.8621,-10.8621,-10.8621,30.7206,43.4119
20250904,6695,芯鼎,listed,52.9,53.3,50.5,50.5,1049096.0,53995933.0,,data/daily_price/20250904.csv,51.86,49.885,47.1033,46.2238,50.186,-2.3211,-6.4815,-0.7859,12.9754,-9.1727,2305111.85,0.4551,58.0,58.0,58.0,45.65,39.55,36.05,1.2328,7.2111,9.2512,0.6258,-12.931,-12.931,-12.931,27.6865,40.0832
20250905,6695,芯鼎,listed,51.3,51.3,49.9,50.3,723442.0,36508570.0,,data/daily_price/20250905.csv,50.92,49.84,47.235,46.1921,50.1955,-0.396,-8.5455,-1.7578,18.6321,-7.024,2292220.6,0.3156,58.0,58.0,58.0,45.65,39.55,36.05,0.923,6.4888,8.8931,0.2083,-13.2759,-13.2759,-13.2759,27.1808,39.5284
20250909,6695,芯鼎,listed,55.4,55.4,53.7,53.7,4243598.0,231217977.0,,data/daily_price/20250909.csv,51.36,50.0525,47.4142,46.1846,50.4875,6.7594,4.2718,8.5945,25.0291,-1.6484,2442146.8,1.7377,58.0,58.0,58.0,45.65,39.55,36.05,7.2873,13.2573,16.2726,6.363,-7.4138,-7.4138,-7.4138,35.7775,48.9598
20250910,6695,芯鼎,listed,53.8,53.8,52.6,52.6,1143366.0,60668960.0,,data/daily_price/20250910.csv,51.76,50.2025,47.5708,46.1654,50.6635,-2.0484,3.9526,6.0484,21.7593,-4.1894,2445190.2,0.4676,58.0,58.0,58.0,45.65,39.55,36.05,4.7757,10.572,13.9381,3.8222,-9.3103,-9.3103,-9.3103,32.9962,45.9085
20250911,6695,芯鼎,listed,52.6,52.8,50.5,50.8,1274527.0,65302847.0,,data/daily_price/20250911.csv,51.58,50.3275,47.6867,46.1179,50.6749,-3.4221,-1.7408,5.176,15.8495,-10.0885,2414004.7,0.528,58.0,58.0,58.0,45.65,39.55,36.05,0.9389,6.5287,10.1524,0.2468,-12.4138,-12.4138,-12.4138,28.445,40.9154
20250917,6695,芯鼎,listed,53.0,54.6,52.6,53.0,2790998.0,149436031.0,,data/daily_price/20250917.csv,52.08,50.5325,47.8617,46.1004,50.8687,4.3307,4.9505,8.3845,24.7059,-3.8113,2467083.65,1.1313,58.0,58.0,58.0,45.65,39.55,36.05,4.883,10.7358,14.9664,4.1899,-8.6207,-8.6207,-8.6207,34.0076,47.018
20250918,6695,芯鼎,listed,53.2,54.3,52.8,53.4,2063300.0,110930143.0,,data/daily_price/20250918.csv,52.7,50.8025,48.065,46.0829,51.0796,0.7547,6.163,11.25,29.6117,-3.7838,2524902.7,0.8172,58.0,58.0,58.0,45.65,39.55,36.05,5.1129,11.0996,15.8781,4.5427,-7.931,-7.931,-7.931,35.019,48.1276
20250919,6695,芯鼎,listed,53.7,53.9,51.6,51.7,1785232.0,93391232.0,,data/daily_price/20250919.csv,52.3,51.0025,48.2508,46.0554,51.1313,-3.1835,-3.7244,8.3857,27.4969,-6.0,2578685.65,0.6923,58.0,58.0,58.0,45.65,39.55,36.05,1.3676,7.1484,12.2561,1.1122,-10.8621,-10.8621,-10.8621,30.7206,43.4119
20250922,6695,芯鼎,listed,51.7,52.0,50.5,50.9,1296431.0,66046408.0,,data/daily_price/20250922.csv,51.96,51.2,48.3742,46.0271,51.112,-1.5474,-3.2319,8.4132,17.0115,-6.2615,2607118.85,0.4973,58.0,58.0,58.0,45.65,39.55,36.05,-0.5859,5.2215,10.5871,-0.4149,-12.2414,-12.2414,-12.2414,28.6979,41.1928
20250923,6695,芯鼎,listed,51.5,53.6,50.7,52.6,1498232.0,78096202.0,,data/daily_price/20250923.csv,52.32,51.54,48.5175,46.0171,51.236,3.3399,3.5433,14.8472,19.5455,-2.2305,2640166.15,0.5675,58.0,58.0,58.0,46.05,39.55,36.05,2.0567,8.4145,14.3054,2.6621,-9.3103,-9.3103,-9.3103,32.9962,45.9085
20250924,6695,芯鼎,listed,52.6,53.5,50.6,52.3,2212920.0,115497421.0,,data/daily_price/20250924.csv,52.18,51.795,48.6467,46.0054,51.3247,-0.5703,-1.3208,10.8051,17.3962,-2.6071,2727792.45,0.8112,58.0,58.0,58.0,46.7,39.55,36.05,0.975,7.5099,13.6823,1.9003,-9.8276,-9.8276,-9.8276,32.2377,45.0763
20250925,6695,芯鼎,listed,52.3,53.2,50.9,51.0,1165442.0,60251552.0,,data/daily_price/20250925.csv,51.7,51.995,48.7542,45.9863,51.2976,-2.4857,-4.4944,8.5106,14.4781,-4.3152,2760145.55,0.4222,58.0,58.0,58.0,47.4,39.55,36.05,-1.9136,4.6064,10.9027,-0.5802,-12.069,-12.069,-12.069,28.9507,41.4702
20250926,6695,芯鼎,listed,51.0,51.1,49.45,50.0,1046438.0,52257431.0,,data/daily_price/20250926.csv,51.36,52.095,48.875,45.9821,51.1895,-1.9608,-3.2882,4.1667,16.9591,-0.9901,2770210.0,0.3777,58.0,58.0,58.0,48.75,39.55,36.05,-4.0215,2.3018,8.738,-2.3237,-13.7931,-13.7931,-13.7931,26.4223,38.6963
20250930,6695,芯鼎,listed,52.9,55.0,52.4,55.0,4877515.0,263626922.0,,data/daily_price/20250930.csv,52.18,52.205,49.0833,46.0542,51.507,10.0,8.055,4.1667,29.4118,18.6624,2779939.15,1.7545,58.0,58.0,58.0,49.45,39.55,36.05,5.3539,12.0543,19.4246,6.7815,-5.1724,-5.1724,-5.1724,39.0645,52.5659
20251001,6695,芯鼎,listed,54.6,55.3,52.8,53.1,10708028.0,578290218.0,,data/daily_price/20251001.csv,52.28,52.185,49.2592,46.0867,51.6398,-3.4545,0.9506,-0.7477,24.7944,7.9268,2760083.5,3.8796,56.5,58.0,58.0,49.45,39.55,36.05,1.7534,7.7972,15.2177,2.8277,-6.0177,-8.4483,-8.4483,34.2604,47.2954
20251002,6695,芯鼎,listed,53.0,53.2,51.4,51.7,2242050.0,116750271.0,,data/daily_price/20251002.csv,52.16,52.07,49.4042,46.1062,51.6448,-2.6365,-1.1472,-4.2593,20.2326,4.7619,2498248.55,0.8974,56.5,58.0,58.0,49.45,39.55,36.05,-0.7106,4.647,12.1323,0.1069,-8.4956,-10.8621,-10.8621,30.7206,43.4119
20251003,6695,芯鼎,listed,51.7,52.4,51.3,51.8,948169.0,49066586.0,,data/daily_price/20251003.csv,52.32,51.91,49.5808,46.1675,51.6577,0.1934,1.5686,-5.8182,25.7282,16.5354,2298540.0,0.4125,55.4,58.0,58.0,49.45,39.55,36.05,-0.2119,4.4759,12.2001,0.2754,-6.4982,-10.6897,-10.6897,30.9735,43.6893
20251007,6695,芯鼎,listed,52.0,52.7,51.6,51.9,614404.0,31996795.0,,data/daily_price/20251007.csv,52.7,51.93,49.7733,46.2662,51.6779,0.1931,3.8,0.7767,28.6245,29.588,2201593.35,0.2791,55.4,58.0,58.0,49.45,39.55,36.05,-0.0578,4.2727,12.1768,0.4297,-6.3177,-10.5172,-10.5172,31.2263,43.9667
20251008,6695,芯鼎,listed,51.1,51.5,50.9,51.3,679349.0,34736123.0,,data/daily_price/20251008.csv,51.96,51.965,49.9567,46.3933,51.6464,-1.1561,-6.7273,1.3834,27.2953,42.3024,2168432.55,0.3133,55.4,58.0,58.0,49.45,40.3,38.6,-1.2797,2.689,10.5762,-0.6708,-7.4007,-11.5517,-11.5517,27.2953,32.9016
20251009,6695,芯鼎,listed,52.0,52.6,51.1,51.9,1275635.0,66166598.0,,data/daily_price/20251009.csv,51.72,51.975,50.1325,46.4954,51.6676,1.1696,-2.2599,0.3868,25.5139,30.8953,2181908.6,0.5846,55.4,58.0,58.0,49.45,41.05,39.15,-0.1443,3.5257,11.6239,0.4499,-6.3177,-10.5172,-10.5172,26.4312,32.567
20251013,6695,芯鼎,listed,49.3,51.5,48.5,50.7,1349845.0,67643744.0,,data/daily_price/20251013.csv,51.52,51.985,50.2783,46.5804,51.5869,-2.3121,-1.9342,0.396,20.8582,25.1852,2196946.05,0.6144,55.4,58.0,58.0,48.5,43.4,39.15,-2.4719,0.8387,8.844,-1.7193,-8.4838,-12.5862,-12.5862,16.8203,29.5019
20251014,6695,芯鼎,listed,51.5,52.9,49.35,49.75,1721807.0,87337669.0,,data/daily_price/20251014.csv,51.11,51.9575,50.3392,46.6362,51.4339,-1.8738,-3.9575,-1.0934,7.9176,15.5633,2246864.3,0.7663,55.4,58.0,58.0,48.5,44.2,39.15,-4.2487,-1.1704,6.6767,-3.2738,-10.1986,-14.2241,-14.2241,12.5566,27.0754
20251016,6695,芯鼎,listed,51.4,52.8,51.3,51.5,1282238.0,66777827.0,,data/daily_price/20251016.csv,51.03,51.8475,50.4475,46.7183,51.4394,3.5176,-0.7707,-4.0968,14.4444,23.6495,2098796.3,0.6109,55.3,58.0,58.0,48.5,44.2,39.15,-0.6702,2.0863,10.2351,0.1179,-6.8716,-11.2069,-11.2069,16.5158,31.5453
20251020,6695,芯鼎,listed,51.1,52.2,50.3,50.7,809352.0,41459300.0,,data/daily_price/20251020.csv,50.91,51.7525,50.5475,46.7942,51.3778,-1.5534,-1.1696,-3.6122,13.4228,21.875,2082095.6,0.3887,55.3,58.0,58.0,48.5,44.65,39.15,-2.0337,0.3017,8.3468,-1.3192,-8.3183,-12.5862,-12.5862,13.5498,29.5019
20251021,6695,芯鼎,listed,52.0,54.5,51.7,51.9,4476111.0,238041987.0,,data/daily_price/20251021.csv,50.91,51.8075,50.6575,46.8787,51.4213,2.3669,0.0,2.1654,14.5695,24.3114,2242174.8,1.9963,55.3,58.0,58.0,48.5,45.0,39.15,0.1785,2.4527,10.7111,0.931,-6.1483,-10.5172,-10.5172,15.3333,32.567
20251022,6695,芯鼎,listed,52.2,52.2,51.3,51.6,657486.0,33964941.0,,data/daily_price/20251022.csv,51.09,51.7375,50.7408,46.9721,51.4362,-0.578,1.7751,-2.6415,10.7296,27.7228,2135499.2,0.3079,55.3,58.0,58.0,48.5,45.65,39.15,-0.2658,1.6932,9.8525,0.3185,-6.6908,-11.0345,-11.0345,13.034,31.8008
20251023,6695,芯鼎,listed,51.3,53.0,51.1,52.1,1633061.0,85328390.0,,data/daily_price/20251023.csv,51.56,51.6725,50.8417,47.0762,51.4915,0.969,4.7236,-2.4345,13.1379,31.5657,2113987.25,0.7725,55.3,58.0,58.0,48.5,45.65,39.55,0.8273,2.475,10.6715,1.1818,-5.7866,-10.1724,-10.1724,14.1292,31.732
20251027,6695,芯鼎,listed,53.0,53.1,51.0,52.3,1366226.0,70806767.0,,data/daily_price/20251027.csv,51.72,51.7025,50.9042,47.1662,51.5589,0.3839,1.5534,1.1605,7.724,26.0241,2093036.95,0.6527,55.3,58.0,58.0,48.5,45.65,39.55,1.1557,2.7421,10.8844,1.4375,-5.425,-9.8276,-9.8276,14.5674,32.2377
20251028,6695,芯鼎,listed,52.4,52.5,51.3,51.6,801394.0,41466937.0,,data/daily_price/20251028.csv,51.9,51.7375,50.9475,47.255,51.5623,-1.3384,1.7751,1.3752,5.3061,26.0073,2068285.1,0.3875,55.3,58.0,58.0,48.5,45.65,39.55,-0.2658,1.2807,9.1948,0.0731,-6.6908,-11.0345,-11.0345,13.034,30.4678
20251029,6695,芯鼎,listed,51.8,52.1,50.0,50.2,1500264.0,76115532.0,,data/daily_price/20251029.csv,51.56,51.6175,50.9542,47.3175,51.4488,-2.7132,-3.2755,-4.5627,0.8032,17.5644,2068386.7,0.7253,55.3,58.0,58.0,48.5,45.65,39.55,-2.7462,-1.4801,6.0918,-2.4272,-9.2224,-13.4483,-13.4483,9.9671,26.9279
20251030,6695,芯鼎,listed,50.3,50.7,49.75,50.0,722857.0,36231426.0,,data/daily_price/20251030.csv,51.24,51.5025,50.9658,47.3708,51.328,-0.3984,-3.1008,-4.3977,1.4199,14.6789,1993883.55,0.3625,55.3,58.0,58.0,48.5,45.65,39.55,-2.9173,-1.8951,5.5502,-2.5874,-9.5841,-13.7931,-13.7931,9.529,26.4223
20251031,6695,芯鼎,listed,50.0,50.4,49.7,49.85,435556.0,21787471.0,,data/daily_price/20251031.csv,50.79,51.445,50.9933,47.4167,51.2049,-0.3,-4.3186,-2.2549,3.4232,12.4014,1957389.25,0.2225,55.3,58.0,58.0,48.5,45.65,39.55,-3.1004,-2.2421,5.1318,-2.646,-9.8553,-14.0517,-14.0517,9.2004,26.043
20251103,6695,芯鼎,TWSE,49.9,50.4,49.1,49.1,467768.0,,,data/daily_price/20251103.csv,50.15,51.4,50.9917,47.4629,51.0295,-1.5045,-6.1185,-1.8,-0.2033,12.744,1928455.75,0.2426,55.3,58.0,58.0,48.5,45.65,39.55,-4.4747,-3.7098,3.4492,-3.7811,-11.2116,-15.3448,-15.3448,7.5575,24.1466
20251104,6695,芯鼎,TWSE,49.2,49.35,48.0,48.05,669491.0,,,data/daily_price/20251104.csv,49.44,51.0525,50.9658,47.49,50.7812,-2.1385,-6.8798,-12.6364,-3.125,7.2545,1718054.55,0.3897,55.3,58.0,58.0,48.0,45.65,39.55,-5.8812,-5.7212,1.1792,-5.3783,-13.1103,-17.1552,-17.1552,5.2574,21.4918
20251105,6695,芯鼎,TWSE,47.05,47.7,46.7,47.0,452624.0,,,data/daily_price/20251105.csv,48.8,50.7475,50.8408,47.5233,50.4661,-2.1852,-6.3745,-11.4878,-13.7615,9.3023,1205284.35,0.3755,54.5,58.0,58.0,46.7,45.65,39.55,-7.3846,-7.5546,-1.1012,-6.8681,-13.7615,-18.9655,-18.9655,2.9573,18.8369
20251106,6695,芯鼎,TWSE,47.5,48.25,47.25,47.9,288293.0,,,data/daily_price/20251106.csv,48.38,50.5575,50.7642,47.56,50.2522,1.9149,-4.2,-7.3501,-8.7619,10.1149,1107596.5,0.2603,54.5,58.0,58.0,46.7,45.65,39.55,-5.2564,-5.6421,0.7149,-4.6809,-12.1101,-17.4138,-17.4138,4.9288,21.1125
20251107,6695,芯鼎,TWSE,48.0,49.4,47.35,47.5,575446.0,,,data/daily_price/20251107.csv,47.91,50.3425,50.6958,47.5933,50.0229,-0.8351,-4.7141,-8.3012,-7.9457,9.1954,1088960.35,0.5284,54.5,58.0,58.0,46.7,45.65,39.55,-5.6463,-6.3039,-0.1961,-5.0435,-12.844,-18.1034,-18.1034,4.0526,20.1011
20251110,6695,芯鼎,TWSE,47.95,48.65,47.05,47.2,529506.0,,,data/daily_price/20251110.csv,47.53,50.1075,50.6275,47.5963,49.7876,-0.6316,-3.8697,-9.0559,-7.9922,0.7471,1084715.45,0.4882,54.5,58.0,58.0,46.7,45.65,39.55,-5.8025,-6.77,-0.8325,-5.1974,-13.3945,-18.6207,-18.6207,3.3954,19.3426
20251111,6695,芯鼎,TWSE,47.1,47.35,46.3,46.45,542655.0,,,data/daily_price/20251111.csv,47.21,49.865,50.55,47.61,49.5095,-1.589,-3.3299,-9.4542,-9.0998,3.683,1077880.75,0.5034,54.5,58.0,58.0,46.3,45.65,39.55,-6.8485,-8.1108,-2.4365,-6.1796,-14.7706,-19.9138,-19.9138,1.7525,17.4463
20251112,6695,芯鼎,TWSE,46.8,47.3,46.7,46.8,242694.0,,,data/daily_price/20251112.csv,47.17,49.61,50.4967,47.615,49.2837,0.7535,-0.4255,-9.8266,-6.4,1.2987,1026233.7,0.2365,54.5,58.0,58.0,46.3,45.65,39.55,-5.6642,-7.3206,-1.7116,-5.0396,-14.1284,-19.3103,-19.3103,2.5192,18.3312
20251113,6695,芯鼎,TWSE,46.9,46.9,45.7,46.15,384858.0,,,data/daily_price/20251113.csv,46.82,49.3825,50.4175,47.6175,49.0226,-1.3889,-3.6534,-8.9744,-9.332,0.6543,977984.35,0.3935,54.5,58.0,58.0,45.7,45.65,39.55,-6.5458,-8.4643,-3.0819,-5.8597,-15.3211,-20.431,-20.431,1.0953,16.6877
20251114,6695,芯鼎,TWSE,45.5,45.75,44.8,44.85,409155.0,,,data/daily_price/20251114.csv,46.29,49.1375,50.3117,47.6046,48.6749,-2.8169,-5.5789,-9.8492,-12.4023,-3.3405,912351.75,0.4485,54.5,58.0,58.0,44.8,44.8,39.55,-8.7255,-10.8557,-5.7864,-7.858,-17.7064,-22.6724,-22.6724,0.1116,13.4008
20251117,6695,芯鼎,TWSE,44.95,44.95,44.0,44.0,438701.0,,,data/daily_price/20251117.csv,45.65,48.7625,50.2208,47.5942,48.2853,-1.8952,-6.7797,-14.5631,-11.0212,-2.7624,870174.9,0.5042,54.5,58.0,58.0,44.0,44.0,39.55,-9.7667,-12.387,-7.5517,-8.8749,-19.2661,-24.1379,-24.1379,0.0,11.2516
20251118,6695,芯鼎,TWSE,44.0,44.15,42.25,42.3,481941.0,,,data/daily_price/20251118.csv,44.82,48.3425,50.0992,47.5633,47.7865,-3.8636,-8.9343,-16.568,-14.7177,-8.0435,853804.35,0.5645,54.5,58.0,58.0,42.25,42.25,39.55,-12.4994,-15.5675,-11.0659,-11.4813,-22.3853,-27.069,-27.069,0.1183,6.9532
20251119,6695,芯鼎,TWSE,42.3,42.7,40.9,41.1,379960.0,,,data/daily_price/20251119.csv,43.68,47.8025,49.9792,47.5342,47.2293,-2.8369,-12.1795,-20.8092,-14.9068,-7.8475,648996.8,0.5855,53.1,58.0,58.0,40.9,40.9,39.55,-14.0212,-17.7657,-13.5359,-12.9778,-22.5989,-29.1379,-29.1379,0.489,3.9191
20251120,6695,芯鼎,TWSE,42.05,43.0,41.65,42.4,284435.0,,,data/daily_price/20251120.csv,42.93,47.3425,49.8708,47.5158,46.8269,3.163,-8.1257,-17.8295,-13.2924,-4.9327,630344.25,0.4512,53.1,58.0,58.0,40.9,40.9,39.55,-10.4399,-14.9804,-10.7666,-9.4537,-20.1507,-26.8966,-26.8966,3.6675,7.2061
20251121,6695,芯鼎,TWSE,41.8,41.9,40.9,41.3,290966.0,,,data/daily_price/20251121.csv,42.22,46.8025,49.7592,47.4967,46.3663,-2.5943,-7.9153,-20.7294,-13.9583,-5.2752,563239.5,0.5166,53.1,58.0,58.0,40.9,40.9,39.55,-11.7569,-17.0002,-13.0465,-10.9267,-22.2222,-28.7931,-28.7931,0.978,4.4248
20251124,6695,芯鼎,TWSE,42.2,42.5,41.6,41.85,147362.0,,,data/daily_price/20251124.csv,41.79,46.28,49.6617,47.4837,45.9899,1.3317,-4.8864,-19.9809,-12.2642,-3.5714,502296.3,0.2934,52.5,58.0,58.0,40.9,40.9,39.55,-9.5722,-15.7298,-11.8646,-9.0018,-20.2857,-27.8448,-27.8448,2.3227,5.8154
20251125,6695,芯鼎,TWSE,42.75,43.15,42.45,42.85,222446.0,,,data/daily_price/20251125.csv,41.9,45.8425,49.5933,47.4825,45.7283,2.3895,1.3002,-16.9574,-8.7327,-0.3488,473348.9,0.4699,52.1,58.0,58.0,40.9,40.9,39.55,-6.5278,-13.5973,-9.7562,-6.2943,-17.7543,-26.1207,-26.1207,4.7677,8.3439
20251126,6695,芯鼎,TWSE,43.35,44.7,43.3,44.15,450319.0,,,data/daily_price/20251126.csv,42.51,45.54,49.5658,47.5004,45.5967,3.0338,7.4209,-12.0518,-3.6026,5.119,420851.65,1.07,50.7,58.0,58.0,40.9,40.9,39.55,-3.0523,-10.9265,-7.0534,-3.1729,-12.9191,-23.8793,-23.8793,7.9462,11.6308
20251127,6695,芯鼎,TWSE,43.9,44.35,43.7,43.9,171390.0,,,data/daily_price/20251127.csv,42.81,45.235,49.5108,47.5175,45.4554,-0.5663,3.5377,-12.2,-6.9915,4.8984,393278.3,0.4358,50.4,58.0,58.0,40.9,40.9,39.55,-2.9513,-11.3325,-7.613,-3.4217,-12.8968,-24.3103,-24.3103,7.335,10.9987
20251128,6695,芯鼎,TWSE,44.25,45.2,44.15,44.35,393499.0,,,data/daily_price/20251128.csv,43.42,44.96,49.4667,47.5388,45.3632,1.0251,7.385,-11.0331,-5.6383,6.1005,391175.45,1.0059,50.4,58.0,58.0,40.9,40.9,39.55,-1.3568,-10.3437,-6.7077,-2.2336,-12.004,-23.5345,-23.5345,8.4352,12.1365
20251201,6695,芯鼎,TWSE,44.6,44.6,43.7,43.7,89811.0,,,data/daily_price/20251201.csv,43.79,44.69,49.395,47.5679,45.2246,-1.4656,4.4205,-10.998,-8.9583,8.7065,372277.6,0.2412,49.4,58.0,58.0,40.9,40.9,39.55,-2.2153,-11.5295,-8.1314,-3.3713,-11.5385,-24.6552,-24.6552,6.846,10.493
20251202,6695,芯鼎,TWSE,43.75,44.1,43.1,43.55,139986.0,,,data/daily_price/20251202.csv,43.93,44.465,49.2408,47.5967,45.0851,-0.3432,1.6336,-9.3652,-17.5189,8.6035,345802.35,0.4048,49.4,58.0,58.0,40.9,40.9,39.55,-2.0578,-11.5571,-8.502,-3.4049,-11.8421,-24.9138,-24.9138,6.4792,10.1138
20251203,6695,芯鼎,TWSE,44.3,44.5,43.6,43.7,114609.0,,,data/daily_price/20251203.csv,43.84,44.3,49.0775,47.6196,44.9697,0.3444,-1.0193,-7.0213,-18.3178,6.7155,328901.6,0.3485,49.4,56.5,58.0,40.9,40.9,39.55,-1.3544,-10.9572,-8.231,-2.8234,-11.5385,-22.6549,-24.6552,6.846,10.493
20251204,6695,芯鼎,TWSE,44.2,45.9,44.1,44.3,511057.0,,,data/daily_price/20251204.csv,43.92,44.12,48.9158,47.6417,44.9139,1.373,0.9112,-7.5157,-17.963,6.3625,340039.8,1.5029,49.4,56.5,58.0,40.9,40.9,39.55,0.408,-9.4363,-7.0142,-1.3667,-10.3239,-21.5929,-23.6207,8.313,12.0101
20251205,6695,芯鼎,TWSE,44.65,44.65,43.65,44.05,168333.0,,,data/daily_price/20251205.csv,43.86,43.9475,48.7333,47.6571,44.8419,-0.5643,-0.6764,-7.2632,-19.9091,4.3839,319684.15,0.5266,48.65,55.4,58.0,40.9,40.9,39.55,0.2332,-9.6101,-7.5688,-1.7659,-9.4553,-20.4874,-24.0517,7.7017,11.378
20251208,6695,芯鼎,TWSE,44.2,45.25,44.2,45.15,244248.0,,,data/daily_price/20251208.csv,44.15,43.845,48.6275,47.6867,44.8675,2.4972,3.3181,-4.3432,-12.3301,8.5337,305421.25,0.7997,47.35,55.4,58.0,40.9,40.9,39.55,2.9764,-7.1513,-5.3194,0.6295,-4.6463,-18.5018,-22.1552,10.3912,14.1593
20251209,6695,芯鼎,TWSE,45.2,45.2,44.2,44.45,139542.0,,,data/daily_price/20251209.csv,44.33,43.745,48.525,47.7017,44.8327,-1.5504,2.0666,-4.3057,-12.1542,4.2204,285265.6,0.4892,47.3,55.4,58.0,40.9,40.9,39.55,1.6116,-8.3977,-6.8167,-0.8537,-6.0254,-19.7653,-23.3621,8.6797,12.3894
20251210,6695,芯鼎,TWSE,44.45,44.95,44.0,44.0,143396.0,,,data/daily_price/20251210.csv,44.39,43.605,48.3967,47.7017,44.7634,-1.0124,0.6865,-5.9829,-14.8936,0.0,280300.7,0.5116,46.9,55.4,58.0,40.9,40.9,39.55,0.9059,-9.0846,-7.76,-1.7053,-6.1834,-20.5776,-24.1379,7.5795,11.2516
20251211,6695,芯鼎,TWSE,44.45,45.8,44.45,44.9,523430.0,,,data/daily_price/20251211.csv,44.51,43.5425,48.3033,47.7033,44.7747,2.0455,1.3544,-2.7086,-11.0891,0.4474,287229.3,1.8223,45.9,55.4,58.0,40.9,40.9,39.55,3.1176,-7.0458,-5.8766,0.2798,-2.1786,-18.9531,-22.5862,9.78,13.5272
20251212,6695,芯鼎,TWSE,45.0,45.9,45.0,45.65,255984.0,,,data/daily_price/20251212.csv,44.83,43.5825,48.2258,47.7304,44.8477,1.6704,3.6322,1.7837,-9.2445,7.6651,279570.75,0.9156,45.9,55.4,58.0,40.9,40.9,39.55,4.7439,-5.3412,-4.3587,1.789,-0.5447,-17.5993,-21.2931,11.6137,15.4235
20251215,6695,芯鼎,TWSE,45.45,47.0,44.65,46.85,334341.0,,,data/daily_price/20251215.csv,45.17,43.725,48.1117,47.7629,45.0145,2.6287,3.7652,6.4773,-12.7561,9.0803,274352.75,1.2187,47.0,55.3,58.0,40.9,40.9,39.55,7.1469,-2.6224,-1.9114,4.0775,-0.3191,-15.2803,-19.2241,14.5477,18.4576
20251216,6695,芯鼎,TWSE,47.0,47.0,45.0,45.85,210695.0,,,data/daily_price/20251216.csv,45.45,43.9025,47.9992,47.785,45.0842,-2.1345,3.1496,8.3924,-12.8327,6.1343,260790.45,0.8079,47.0,55.3,58.0,40.9,40.9,39.55,4.436,-4.4775,-4.0494,1.6987,-2.4468,-17.0886,-20.9483,12.1027,15.9292
20251217,6695,芯鼎,TWSE,45.85,46.75,45.4,45.4,234651.0,,,data/daily_price/20251217.csv,45.73,44.1175,47.9092,47.7979,45.1105,-0.9815,3.1818,10.4623,-10.6299,3.5348,253525.0,0.9256,47.0,55.3,58.0,40.9,40.9,39.55,2.907,-5.2373,-5.0168,0.6418,-3.4043,-17.9024,-21.7241,11.0024,14.7914
20251218,6695,芯鼎,TWSE,45.1,45.1,44.2,44.55,298146.0,,,data/daily_price/20251218.csv,45.66,44.225,47.7683,47.815,45.0638,-1.8722,-0.7795,5.0708,-15.9434,4.8235,254210.55,1.1728,47.0,55.3,58.0,40.9,40.9,39.55,0.7349,-6.7374,-6.8284,-1.1401,-5.2128,-19.4394,-23.1897,8.9242,12.6422
20251219,6695,芯鼎,TWSE,44.7,45.3,44.6,45.15,192348.0,,,data/daily_price/20251219.csv,45.56,44.4175,47.6308,47.8479,45.071,1.3468,-1.0953,9.322,-15.4494,9.5874,249279.65,0.7716,47.0,55.3,58.0,41.6,40.9,39.55,1.6491,-5.2085,-5.6385,0.1754,-3.9362,-18.3544,-22.1552,10.3912,14.1593
20251222,6695,芯鼎,TWSE,45.5,46.45,45.4,45.65,229258.0,,,data/daily_price/20251222.csv,45.32,44.6075,47.53,47.8904,45.1192,1.1074,-2.5614,9.08,-11.7021,12.5771,253374.45,0.9048,47.0,55.3,58.0,42.45,40.9,39.55,2.3371,-3.9554,-4.6782,1.1764,-2.8723,-17.4503,-21.2931,11.6137,15.4235
20251223,6695,芯鼎,TWSE,45.8,48.0,45.35,46.6,913115.0,,,data/daily_price/20251223.csv,45.47,44.795,47.4583,47.9162,45.2426,2.0811,1.6358,8.7515,-8.4479,7.1264,287907.9,3.1716,48.0,55.3,58.0,43.1,40.9,39.55,4.0295,-1.8086,-2.747,3.0002,-2.9167,-15.7324,-19.6552,13.9364,17.8255
20251224,6695,芯鼎,TWSE,46.8,47.5,45.3,45.3,396412.0,,,data/daily_price/20251224.csv,45.45,44.8525,47.3367,47.9271,45.2474,-2.7897,-0.2203,2.6048,-13.8783,2.9545,285212.55,1.3899,48.0,55.3,58.0,43.1,40.9,39.55,0.9977,-4.3025,-5.4814,0.1163,-5.625,-18.0832,-21.8966,10.7579,14.5386
20251226,6695,芯鼎,TWSE,46.3,46.8,45.1,45.25,298277.0,,,data/daily_price/20251226.csv,45.59,44.92,47.2192,47.9329,45.2476,-0.1104,1.5713,3.0752,-13.4799,1.5713,291556.9,1.023,48.0,55.3,58.0,43.1,40.9,39.55,0.7346,-4.1703,-5.5972,0.0053,-5.7292,-18.1736,-21.9828,10.6357,14.4121
20251229,6695,芯鼎,TWSE,45.05,46.25,45.05,45.95,283057.0,,,data/daily_price/20251229.csv,45.75,45.0,47.135,47.9446,45.3061,1.547,1.7719,3.6077,-9.902,3.1425,286034.8,0.9896,48.0,55.3,58.0,43.1,40.9,39.55,2.1111,-2.5141,-4.1602,1.4211,-4.2708,-16.9078,-20.7759,12.3472,16.182
20251230,6695,芯鼎,TWSE,45.8,45.8,45.0,45.5,262002.0,,,data/daily_price/20251230.csv,45.72,45.09,47.06,47.9675,45.3223,-0.9793,-0.3286,4.119,-9.0,6.4327,294644.35,0.8892,48.0,55.3,58.0,43.1,40.9,39.55,0.9093,-3.3149,-5.1441,0.3921,-5.2083,-17.7215,-21.5517,11.2469,15.0442
20251231,6695,芯鼎,TWSE,45.5,46.05,44.8,45.4,257546.0,,,data/daily_price/20251231.csv,45.48,45.1825,46.9,47.9917,45.3288,-0.2198,-2.5751,4.248,-17.4545,6.8235,300522.35,0.857,48.0,55.3,58.0,43.6,40.9,39.55,0.4814,-3.1983,-5.4002,0.1571,-5.4167,-17.9024,-21.7241,11.0024,14.7914
20260102,6695,芯鼎,TWSE,45.4,46.1,45.05,45.05,420232.0,,,data/daily_price/20260102.csv,45.43,45.25,46.7658,48.0125,45.3055,-0.7709,-0.5519,3.0892,-15.1601,5.8754,315803.5,1.3307,48.0,54.5,58.0,43.65,40.9,39.55,-0.442,-3.669,-6.1703,-0.564,-6.1458,-17.3394,-22.3276,10.1467,13.9064
20260105,6695,芯鼎,TWSE,45.25,45.75,43.15,43.6,553384.0,,,data/daily_price/20260105.csv,45.1,45.215,46.6308,48.0175,45.1634,-3.2186,-3.6464,-1.5801,-15.6673,1.3953,317919.85,1.7406,48.0,54.5,58.0,43.15,40.9,39.55,-3.5718,-6.4996,-9.1998,-3.4617,-9.1667,-20.0,-24.8276,6.6015,10.2402
20260106,6695,芯鼎,TWSE,44.05,44.7,43.8,44.2,457422.0,,,data/daily_price/20260106.csv,44.75,45.2225,46.5042,48.0425,45.0831,1.3761,-3.8085,0.3405,-14.6718,7.2816,332374.3,1.3762,48.0,54.5,58.0,43.15,40.9,39.55,-2.261,-4.9548,-7.9981,-1.9589,-7.9167,-18.8991,-23.7931,8.0685,11.7573
20260107,6695,芯鼎,TWSE,44.6,45.6,44.3,44.5,480203.0,,,data/daily_price/20260107.csv,44.55,45.19,46.3808,48.0771,45.0345,0.6787,-2.1978,-1.4396,-14.2582,10.285,344172.05,1.3952,48.0,54.5,58.0,43.15,40.9,39.55,-1.5269,-4.0552,-7.4403,-1.1869,-7.2917,-18.3486,-23.2759,8.802,12.5158
20260108,6695,芯鼎,TWSE,44.5,44.55,43.4,43.6,288330.0,,,data/daily_price/20260108.csv,44.19,45.1475,46.2525,48.1046,44.915,-2.0225,-3.9648,-1.9123,-15.0097,8.1886,351611.45,0.82,48.0,54.5,58.0,43.15,40.9,40.3,-3.4277,-5.7348,-9.3641,-2.9277,-9.1667,-20.0,-24.8276,6.6015,8.1886
20260109,6695,芯鼎,TWSE,43.95,44.0,42.9,43.85,174279.0,,,data/daily_price/20260109.csv,43.95,45.14,46.1183,48.1254,44.8262,0.5734,-2.6637,-0.3409,-15.5106,6.0459,353155.6,0.4935,48.0,54.5,58.0,42.9,40.9,40.9,-2.8578,-4.9185,-8.8839,-2.1778,-8.6458,-19.5413,-24.3966,7.2127,7.2127
20260112,6695,芯鼎,TWSE,43.9,45.15,43.9,44.25,320179.0,,,data/daily_price/20260112.csv,44.08,45.1075,46.0108,48.1446,44.7782,0.9122,1.4908,-1.4477,-12.7219,5.4827,342993.05,0.9335,48.0,54.5,58.0,42.9,40.9,40.9,-1.901,-3.827,-8.0893,-1.1796,-7.8125,-18.8073,-23.7069,8.1907,8.1907
20260113,6695,芯鼎,TWSE,44.25,44.55,42.8,43.55,404121.0,,,data/daily_price/20260113.csv,43.95,45.0025,45.9075,48.1233,44.6759,-1.5819,-1.4706,-4.6002,-12.4623,-5.5315,350399.9,1.1533,48.0,54.5,58.0,42.8,40.9,40.9,-3.2276,-5.1353,-9.5034,-2.5201,-9.2708,-20.0917,-24.9138,6.4792,6.4792
20260114,6695,芯鼎,TWSE,43.55,44.45,43.55,44.3,290662.0,,,data/daily_price/20260114.csv,43.91,44.875,45.7875,48.1175,44.6445,1.7222,-0.4494,-5.4429,-13.9806,-1.5556,348215.95,0.8347,48.0,54.5,58.0,42.8,40.9,40.9,-1.2813,-3.2487,-7.9337,-0.7718,-7.7083,-18.7156,-23.6207,8.313,8.313
20260115,6695,芯鼎,TWSE,44.3,44.5,43.5,43.6,267706.0,,,data/daily_price/20260115.csv,43.91,44.7625,45.6692,48.1083,44.5575,-1.5801,0.0,-4.9073,-14.0039,-2.4609,351066.5,0.7626,48.0,54.5,58.0,42.8,40.9,40.9,-2.597,-4.5308,-9.3712,-2.1489,-9.1667,-20.0,-24.8276,6.6015,6.6015
20260116,6695,芯鼎,TWSE,44.5,44.8,43.65,43.7,322908.0,,,data/daily_price/20260116.csv,43.88,44.6775,45.5325,48.095,44.486,0.2294,-0.3421,-3.7445,-15.7996,-3.532,355479.35,0.9084,48.0,53.1,58.0,42.8,40.9,40.9,-2.1879,-4.0246,-9.1382,-1.7669,-8.9583,-17.7024,-24.6552,6.846,6.846
20260119,6695,芯鼎,TWSE,43.7,45.3,43.6,44.5,546343.0,,,data/daily_price/20260119.csv,43.93,44.675,45.4142,48.0775,44.4872,1.8307,0.565,-0.1122,-13.7597,-4.5064,367889.2,1.4851,48.0,53.1,58.0,42.8,40.9,40.9,-0.3917,-2.013,-7.4411,0.0288,-7.2917,-16.1959,-23.2759,8.802,8.802
20260120,6695,芯鼎,TWSE,44.5,44.75,43.75,44.0,309353.0,,,data/daily_price/20260120.csv,44.02,44.6175,45.2792,48.0604,44.4466,-1.1236,1.0333,-2.5471,-15.547,-4.4517,373739.45,0.8277,48.0,53.1,58.0,42.8,40.9,40.9,-1.384,-2.8251,-8.4486,-1.0048,-8.3333,-17.1375,-24.1379,7.5795,7.5795
20260121,6695,芯鼎,TWSE,43.75,43.8,42.5,42.8,469943.0,,,data/daily_price/20260121.csv,43.72,44.475,45.1208,48.0125,44.3094,-2.7273,-3.386,-6.2432,-18.1644,-11.8435,385773.7,1.2182,48.0,52.5,58.0,42.5,40.9,40.9,-3.7662,-5.1436,-10.8565,-3.4065,-10.8333,-18.4762,-26.2069,4.6455,4.6455
20260122,6695,芯鼎,TWSE,43.2,43.7,42.7,43.2,656543.0,,,data/daily_price/20260122.csv,43.64,44.305,44.9808,47.9642,44.2169,0.9346,-0.9174,-7.2961,-16.2791,-11.8367,372945.1,1.7604,47.5,52.1,58.0,42.5,40.9,40.9,-2.4941,-3.9591,-9.9328,-2.2999,-9.0526,-17.0825,-25.5172,5.6235,5.6235
20260123,6695,芯鼎,TWSE,43.55,46.7,43.55,44.65,1766986.0,,,data/daily_price/20260123.csv,43.83,44.2725,44.8883,47.9212,44.253,3.3565,2.1739,-1.4349,-11.0558,-10.3414,441473.8,4.0025,46.8,50.7,58.0,42.5,40.9,40.9,0.8527,-0.5309,-6.8263,0.8971,-4.594,-11.9329,-23.0172,9.1687,9.1687
20260126,6695,芯鼎,TWSE,45.0,45.55,44.55,45.3,564838.0,,,data/daily_price/20260126.csv,43.99,44.275,44.81,47.8879,44.3403,1.4558,1.7978,0.1105,-9.4,-8.1136,454801.85,1.2419,46.7,50.4,58.0,42.5,40.9,40.9,2.3151,1.0935,-5.4041,2.1645,-2.9979,-10.119,-21.8966,10.7579,10.7579
20260127,6695,芯鼎,TWSE,45.3,45.75,44.8,44.85,346514.0,,,data/daily_price/20260127.csv,44.16,44.22,44.7267,47.86,44.3828,-0.9934,1.9318,-2.3939,-10.0301,-6.9502,457974.7,0.7566,46.7,50.4,58.0,42.5,40.9,40.9,1.4247,0.2757,-6.2892,1.0528,-3.9615,-11.0119,-22.6724,9.6577,9.6577
20260128,6695,芯鼎,TWSE,44.75,45.1,44.45,44.5,269400.0,,,data/daily_price/20260128.csv,44.5,44.17,44.65,47.8208,44.3925,-0.7804,3.972,-2.1978,-9.3686,-9.5528,458344.6,0.5878,46.7,49.4,58.0,42.5,40.9,40.9,0.7471,-0.3359,-6.9443,0.2421,-4.7109,-9.919,-23.2759,8.802,8.802
20260129,6695,芯鼎,TWSE,44.35,44.7,43.35,43.8,354212.0,,,data/daily_price/20260129.csv,44.62,44.09,44.5792,47.7725,44.3431,-1.573,1.3889,-3.5242,-8.845,-11.6935,463177.9,0.7647,46.7,49.4,58.0,42.5,40.9,40.9,-0.6577,-1.7478,-8.3155,-1.2249,-6.2099,-11.336,-24.4828,7.0905,7.0905
20260130,6695,芯鼎,TWSE,43.8,44.0,42.65,42.75,440373.0,,,data/daily_price/20260130.csv,44.24,43.975,44.5083,47.6746,44.2104,-2.3973,-4.2553,-5.1054,-9.0426,-21.5596,464184.95,0.9487,46.7,49.4,58.0,42.5,40.9,40.9,-2.7857,-3.9506,-10.3296,-3.3033,-8.4582,-13.4615,-26.2931,4.5232,4.5232
20260202,6695,芯鼎,TWSE,42.0,42.3,40.9,41.55,362667.0,,,data/daily_price/20260202.csv,43.49,43.8725,44.4025,47.5833,43.9887,-2.807,-8.2781,-4.7018,-13.2568,-20.8571,454649.1,0.7977,46.7,49.4,58.0,40.9,40.9,40.9,-5.2937,-6.4242,-12.6795,-5.5439,-11.0278,-15.8907,-28.3621,1.5892,1.5892
20260203,6695,芯鼎,TWSE,42.15,42.6,41.4,41.75,191949.0,,,data/daily_price/20260203.csv,42.87,43.75,44.3067,47.5012,43.8021,0.4813,-6.9119,-5.543,-12.1053,-19.0891,441375.45,0.4349,46.7,48.65,58.0,40.9,40.9,40.9,-4.5714,-5.7704,-12.1076,-4.685,-10.5996,-14.1829,-28.0172,2.0782,2.0782
20260204,6695,芯鼎,TWSE,41.65,42.9,41.65,42.45,145427.0,,,data/daily_price/20260204.csv,42.46,43.6475,44.2275,47.4275,43.6895,1.6766,-4.6067,-4.6067,-10.0636,-17.2515,424636.65,0.3425,46.7,48.0,58.0,40.9,40.9,40.9,-2.7436,-4.019,-10.495,-2.837,-9.1006,-11.5625,-26.8103,3.7897,3.7897
20260205,6695,芯鼎,TWSE,42.05,43.5,42.05,42.8,213741.0,,,data/daily_price/20260205.csv,42.26,43.6075,44.1667,47.3583,43.6153,0.8245,-2.2831,-1.8349,-7.8579,-16.2427,420907.2,0.5078,46.7,48.0,58.0,40.9,40.9,40.9,-1.8517,-3.0943,-9.6252,-1.8694,-8.3512,-10.8333,-26.2069,4.6455,4.6455
20260206,6695,芯鼎,TWSE,42.8,42.8,40.75,42.0,288404.0,,,data/daily_price/20260206.csv,42.11,43.515,44.0867,47.2917,43.4807,-1.8692,-1.7544,-4.2189,-10.2564,-16.0,426613.45,0.676,46.7,48.0,58.0,40.75,40.75,40.75,-3.4816,-4.7331,-11.1894,-3.4055,-10.0642,-12.5,-27.5862,3.0675,3.0675
20260209,6695,芯鼎,TWSE,42.55,43.85,42.4,42.4,189467.0,,,data/daily_price/20260209.csv,42.28,43.4225,44.0242,47.2208,43.3907,0.9524,2.0457,-4.1808,-8.1257,-16.6994,420077.85,0.451,46.7,48.0,58.0,40.75,40.75,40.75,-2.3548,-3.6893,-10.2091,-2.2831,-9.2077,-11.6667,-26.8966,4.0491,4.0491
20260210,6695,芯鼎,TWSE,42.55,43.1,42.05,42.75,91523.0,,,data/daily_price/20260210.csv,42.48,43.3825,43.9892,47.1504,43.3373,0.8255,2.3952,-1.837,-4.6823,-16.5039,404447.95,0.2263,46.7,48.0,58.0,40.75,40.75,40.75,-1.458,-2.817,-9.3327,-1.3551,-8.4582,-10.9375,-26.2931,4.908,4.908
20260211,6695,芯鼎,TWSE,42.75,42.75,41.65,42.1,294032.0,,,data/daily_price/20260211.csv,42.41,43.2725,43.9575,47.0892,43.2342,-1.5205,-0.8245,-4.9661,-4.3182,-14.8635,404616.45,0.7267,46.7,48.0,58.0,40.75,40.75,40.75,-2.7096,-4.2257,-10.5951,-2.6233,-9.8501,-12.2917,-27.4138,3.3129,3.3129
20260223,6695,芯鼎,TWSE,42.75,43.8,42.1,43.4,329538.0,,,data/daily_price/20260223.csv,42.53,43.2625,43.9758,47.0375,43.248,3.0879,1.4019,-0.4587,2.6005,-12.5,407708.05,0.8083,46.7,48.0,58.0,40.75,40.75,40.75,0.3178,-1.3094,-7.7332,0.3515,-7.0664,-9.5833,-25.1724,6.5031,6.5031
20260224,6695,芯鼎,TWSE,43.4,44.2,42.3,42.4,361285.0,,,data/daily_price/20260224.csv,42.61,43.1975,43.9975,46.9883,43.1773,-2.3041,0.9524,-2.9748,3.163,-12.2153,409626.9,0.882,46.7,48.0,58.0,40.75,40.75,40.75,-1.8462,-3.6309,-9.7648,-1.8003,-9.2077,-11.6667,-26.8966,4.0491,4.0491
20260225,6695,芯鼎,TWSE,42.4,43.35,42.05,42.65,388119.0,,,data/daily_price/20260225.csv,42.66,43.105,44.0017,46.9362,43.1334,0.5896,0.5896,-4.1573,0.5896,-12.7812,401715.7,0.9662,46.7,48.0,58.0,40.75,40.75,40.75,-1.0556,-3.0719,-9.1321,-1.1207,-8.6724,-11.1458,-26.4655,4.6626,4.6626
20260226,6695,芯鼎,TWSE,42.65,44.0,42.4,43.15,440261.0,,,data/daily_price/20260226.csv,42.74,43.0625,44.0325,46.8958,43.1348,1.1723,0.9357,-1.9318,4.4794,-10.1042,408261.1,1.0784,46.7,48.0,58.0,40.75,40.75,40.75,0.2032,-2.0042,-7.9876,0.0353,-7.6017,-10.1042,-25.6034,5.8896,5.8896
20260302,6695,芯鼎,TWSE,43.0,43.15,42.2,42.65,303150.0,,,data/daily_price/20260302.csv,42.85,43.055,44.0458,46.8538,43.0944,-1.1587,1.3064,-0.3505,1.9116,-10.587,399921.45,0.758,46.7,48.0,58.0,40.75,40.75,40.75,-0.9407,-3.169,-8.9721,-1.0311,-8.6724,-11.1458,-26.4655,4.6626,4.6626
20260303,6695,芯鼎,TWSE,42.7,44.15,41.6,41.65,409223.0,,,data/daily_price/20260303.csv,42.5,42.9775,44.0258,46.8096,42.974,-2.3447,-4.0323,-3.588,-2.8005,-11.2886,387555.45,1.0559,46.7,48.0,58.0,40.75,40.75,40.75,-3.0888,-5.3965,-11.0225,-3.0809,-10.8137,-13.2292,-28.1897,2.2086,2.2086
20260304,6695,芯鼎,TWSE,41.15,41.2,39.2,39.2,549360.0,,,data/daily_price/20260304.csv,41.86,42.705,43.9433,46.7546,42.6595,-5.8824,-7.5472,-12.206,-11.2118,-14.4105,326674.15,1.6817,45.75,48.0,58.0,39.2,39.2,39.2,-8.2075,-10.7942,-16.158,-8.1096,-14.3169,-18.3333,-32.4138,0.0,0.0
20260305,6695,芯鼎,TWSE,40.1,41.1,40.1,40.3,300532.0,,,data/daily_price/20260305.csv,41.39,42.455,43.8833,46.6971,42.4629,2.8061,-5.51,-11.0375,-8.2005,-14.6186,313458.85,0.9588,45.75,48.0,58.0,39.2,39.2,39.2,-5.076,-8.1656,-13.6991,-5.0936,-11.9126,-16.0417,-30.5172,2.8061,2.8061
20260306,6695,芯鼎,TWSE,40.3,40.5,39.8,40.3,157465.0,,,data/daily_price/20260306.csv,40.82,42.2275,43.8158,46.6413,42.2826,0.0,-6.6049,-10.1449,-9.1319,-14.2553,304006.4,0.518,45.1,48.0,58.0,39.2,39.2,39.2,-4.5646,-8.0241,-13.5958,-4.689,-10.643,-16.0417,-30.5172,2.8061,2.8061
20260309,6695,芯鼎,TWSE,38.8,38.8,37.15,38.05,337793.0,,,data/daily_price/20260309.csv,39.9,41.905,43.7217,46.5583,41.9299,-5.5831,-10.7855,-14.4944,-12.9291,-20.7292,307426.05,1.0988,44.7,48.0,58.0,37.15,37.15,37.15,-9.1994,-12.9722,-18.2746,-9.2533,-14.877,-20.7292,-34.3966,2.4226,2.4226
20260310,6695,芯鼎,TWSE,38.55,39.8,38.55,39.7,178942.0,,,data/daily_price/20260310.csv,39.51,41.7,43.6575,46.4492,41.7441,4.3364,-4.6819,-9.3607,-8.8404,-24.8106,298662.55,0.5991,44.2,48.0,58.0,37.15,37.15,37.15,-4.7962,-9.0649,-14.5302,-4.8967,-10.181,-17.2917,-31.5517,6.8641,6.8641
20260311,6695,芯鼎,TWSE,39.7,40.75,39.6,40.1,205542.0,,,data/daily_price/20260311.csv,39.69,41.5675,43.5975,46.3375,41.6071,1.0076,2.2959,-6.1988,-8.238,-25.0467,286921.0,0.7164,44.2,48.0,56.5,37.15,37.15,37.15,-3.5304,-8.0222,-13.461,-3.6222,-9.276,-16.4583,-29.0265,7.9408,7.9408
20260312,6695,芯鼎,TWSE,40.3,41.0,39.85,40.2,144632.0,,,data/daily_price/20260312.csv,39.67,41.5,43.5292,46.2225,41.4898,0.2494,-0.2481,-3.2491,-9.2551,-25.5556,276019.25,0.524,44.2,48.0,56.5,37.15,37.15,37.15,-3.1325,-7.6481,-13.0294,-3.1088,-9.0498,-16.25,-28.8496,8.21,8.21
20260313,6695,芯鼎,TWSE,40.15,40.15,39.15,39.95,162429.0,,,data/daily_price/20260313.csv,39.6,41.41,43.4608,46.0971,41.3615,-0.6219,-0.8685,-4.3114,-9.3076,-27.3636,274543.25,0.5916,44.2,48.0,55.4,37.15,37.15,37.15,-3.5257,-8.0782,-13.3351,-3.4126,-9.6154,-16.7708,-27.8881,7.537,7.537
20260316,6695,芯鼎,TWSE,39.95,41.85,39.7,41.6,372167.0,,,data/daily_price/20260316.csv,40.31,41.3675,43.4017,46.0146,41.3814,4.1302,9.3298,-2.0024,-7.8627,-19.2233,285880.25,1.3018,44.2,48.0,55.4,37.15,37.15,37.15,0.562,-4.1511,-9.5939,0.5283,-5.8824,-13.3333,-24.9097,11.9785,11.9785
20260317,6695,芯鼎,TWSE,41.75,43.7,41.75,42.1,449945.0,,,data/daily_price/20260317.csv,40.79,41.3325,43.3625,45.9438,41.4413,1.2019,6.0453,-1.6355,-5.2868,-16.7984,297690.45,1.5115,44.2,48.0,55.4,37.15,37.15,37.15,1.8569,-2.9115,-8.3662,1.5896,-4.7511,-12.2917,-24.0072,13.3244,13.3244
20260318,6695,芯鼎,TWSE,42.55,43.1,42.2,42.4,344417.0,,,data/daily_price/20260318.csv,41.25,41.3525,43.3358,45.8662,41.5212,0.7126,5.7357,0.9524,-3.6364,-17.9884,300491.1,1.1462,44.2,48.0,55.4,37.15,37.15,37.15,2.5331,-2.1595,-7.5573,2.1166,-4.0724,-11.6667,-23.4657,14.1319,14.1319
20260319,6695,芯鼎,TWSE,42.4,42.4,41.0,41.1,359765.0,,,data/daily_price/20260319.csv,41.43,41.2875,43.2725,45.7879,41.4861,-3.066,2.2388,-3.066,-8.4633,-18.6139,309006.0,1.1643,44.2,48.0,55.4,37.15,37.15,37.15,-0.4541,-5.0205,-10.2383,-0.9306,-7.0136,-14.375,-25.8123,10.6326,10.6326
20260320,6695,芯鼎,TWSE,41.35,42.9,41.15,41.65,381637.0,,,data/daily_price/20260320.csv,41.77,41.2325,43.2058,45.7158,41.4997,1.3382,4.2553,-2.5731,-8.7623,-17.1968,323511.7,1.1797,44.2,48.0,55.4,37.15,37.15,37.15,1.0126,-3.601,-8.8937,0.3621,-5.7692,-13.2292,-24.8195,12.1131,12.1131
20260323,6695,芯鼎,TWSE,40.7,41.3,39.9,40.1,300888.0,,,data/daily_price/20260323.csv,41.47,41.1325,43.0933,45.6025,41.3831,-3.7215,-3.6058,-4.7506,-14.4077,-25.3259,323854.5,0.9291,44.2,48.0,55.3,37.15,37.15,37.15,-2.5102,-6.9462,-12.0662,-3.1005,-9.276,-16.4583,-27.4864,7.9408,7.9408
20260324,6695,芯鼎,TWSE,40.9,41.3,39.65,39.65,221000.0,,,data/daily_price/20260324.csv,40.98,40.945,42.99,45.4946,41.2387,-1.1222,-5.8195,-8.6406,-13.5224,-24.6198,318427.6,0.694,44.2,48.0,55.3,37.15,37.15,37.15,-3.1628,-7.7692,-12.8468,-3.8524,-10.2941,-17.3958,-28.3002,6.7295,6.7295
20260325,6695,芯鼎,TWSE,41.0,41.0,40.1,40.4,102804.0,,,data/daily_price/20260325.csv,40.58,40.845,42.9067,45.4079,41.1688,1.8916,-4.717,-4.717,-11.0132,-20.4724,305503.55,0.3365,44.15,48.0,55.3,37.15,37.15,37.15,-1.0895,-5.8421,-11.0287,-1.8674,-8.4938,-15.8333,-26.9439,8.7483,8.7483
20260326,6695,芯鼎,TWSE,40.6,41.7,39.85,39.95,292767.0,,,data/daily_price/20260326.csv,40.35,40.71,42.83,45.2992,41.0672,-1.1139,-2.7981,-6.3306,-10.3255,-24.6226,300735.95,0.9735,44.15,48.0,55.3,37.15,37.15,37.15,-1.8669,-6.7243,-11.8085,-2.7204,-9.513,-16.7708,-27.7577,7.537,7.537
20260327,6695,芯鼎,TWSE,39.75,40.1,39.0,40.05,151786.0,,,data/daily_price/20260327.csv,40.03,40.555,42.745,45.1879,40.9824,0.2503,-3.8415,-7.1842,-11.2957,-25.0,286312.2,0.5301,44.15,48.0,55.3,37.15,37.15,37.15,-1.2452,-6.3048,-11.3701,-2.2752,-9.2865,-16.5625,-27.5769,7.8062,7.8062
20260330,6695,芯鼎,TWSE,39.85,39.85,38.9,39.4,170097.0,,,data/daily_price/20260330.csv,39.89,40.3925,42.6408,45.0854,40.8506,-1.623,-1.7456,-7.6202,-13.6911,-23.7911,279659.55,0.6082,44.15,48.0,55.3,37.15,37.15,37.15,-2.4571,-7.6003,-12.6103,-3.5509,-10.7588,-17.9167,-28.7523,6.0565,6.0565
20260331,6695,芯鼎,TWSE,39.3,39.95,37.8,37.8,290456.0,,,data/daily_price/20260331.csv,39.52,40.2,42.4942,44.9763,40.5964,-4.0609,-4.6658,-9.2437,-18.8841,-25.7367,273721.2,1.0611,43.7,47.5,55.3,37.15,37.15,37.15,-5.9701,-11.0466,-15.9556,-6.8882,-13.5011,-20.4211,-31.6456,1.7497,1.7497
20260401,6695,芯鼎,TWSE,39.15,39.7,38.3,39.25,371870.0,,,data/daily_price/20260401.csv,39.29,40.2025,42.3933,44.865,40.4842,3.836,-2.8465,0.1276,-13.3554,-25.3802,264846.7,1.4041,43.7,46.8,55.3,37.15,37.15,37.15,-2.3693,-7.4147,-12.5153,-3.0485,-10.1831,-16.1325,-29.0235,5.6528,5.6528
20260402,6695,芯鼎,TWSE,39.7,39.7,38.1,38.25,216125.0,,,data/daily_price/20260402.csv,38.95,40.1,42.2767,44.7479,40.298,-2.5478,-4.2553,-5.0868,-15.4696,-26.8642,260626.35,0.8293,43.7,46.7,55.3,37.15,37.15,37.15,-4.6135,-9.5246,-14.5212,-5.0821,-12.4714,-18.0942,-30.8318,2.961,2.961
20260407,6695,芯鼎,TWSE,38.9,38.9,38.1,38.1,139833.0,,,data/daily_price/20260407.csv,38.56,39.99,42.1458,44.6404,40.1148,-0.3922,-4.8689,-5.4591,-17.0838,-25.2941,259744.75,0.5383,43.7,46.7,55.3,37.15,37.15,37.15,-4.7262,-9.5996,-14.6513,-5.0226,-12.8146,-18.4154,-31.1031,2.5572,2.5572
20260408,6695,芯鼎,TWSE,38.45,39.45,38.45,39.45,216004.0,,,data/daily_price/20260408.csv,38.57,40.06,42.045,44.5525,40.0594,3.5433,0.1269,3.6794,-13.2967,-21.1,253655.3,0.8516,43.7,46.7,55.3,37.8,37.15,37.15,-1.5227,-6.172,-11.4528,-1.5213,-9.7254,-15.5246,-28.6618,6.1911,6.1911
20260409,6695,芯鼎,TWSE,39.45,39.45,38.35,38.45,174952.0,,,data/daily_price/20260409.csv,38.7,39.9975,41.9292,44.4146,39.9253,-2.5349,1.7196,-3.1486,-15.3084,-30.0909,253455.8,0.6903,43.7,46.7,55.3,37.8,37.15,37.15,-3.869,-8.2977,-13.4293,-3.6951,-12.0137,-17.666,-30.4702,3.4993,3.4993
20260410,6695,芯鼎,TWSE,38.6,38.9,37.85,37.85,372517.0,,,data/daily_price/20260410.csv,38.42,39.885,41.8092,44.2875,39.7524,-1.5605,-3.5669,-5.611,-15.9822,-28.7194,261804.55,1.4229,43.7,46.7,54.5,37.8,37.15,37.15,-5.1022,-9.4696,-14.5357,-4.7855,-13.3867,-18.9507,-30.5505,1.8843,1.8843
20260413,6695,芯鼎,TWSE,37.9,38.6,37.8,38.45,219669.0,,,data/daily_price/20260413.csv,38.46,39.7975,41.7233,44.1771,39.6438,1.5852,0.5229,-4.3532,-11.8119,-25.6286,265556.4,0.8272,43.7,46.7,54.5,37.8,37.15,37.15,-3.3859,-7.8453,-12.9639,-3.0114,-12.0137,-17.666,-29.4495,3.4993,3.4993
20260414,6695,芯鼎,TWSE,38.5,39.0,38.35,38.6,271591.0,,,data/daily_price/20260414.csv,38.56,39.73,41.63,44.0671,39.5568,0.3901,1.3123,-3.3792,-12.6697,-25.4826,271014.5,1.0021,43.7,46.7,54.5,37.8,37.15,37.15,-2.8442,-7.2784,-12.4063,-2.4189,-11.6705,-17.3448,-29.1743,3.9031,3.9031
20260415,6695,芯鼎,TWSE,39.0,39.3,38.75,38.85,332933.0,,,data/daily_price/20260415.csv,38.44,39.5925,41.5358,43.9583,39.4979,0.6477,-1.5209,-6.6106,-12.6966,-25.1445,269052.8,1.2374,43.7,46.7,54.5,37.8,37.15,37.15,-1.8754,-6.4663,-11.6209,-1.6404,-11.0984,-16.8094,-28.7156,4.576,4.576
20260416,6695,芯鼎,TWSE,38.9,41.1,38.9,40.6,986092.0,,,data/daily_price/20260416.csv,38.87,39.5175,41.4858,43.8692,39.5898,4.5045,5.5917,-3.5629,-6.8807,-20.8577,295860.15,3.333,43.1,46.7,54.5,37.8,37.15,37.15,2.7393,-2.1353,-7.4521,2.5517,-5.8005,-13.0621,-25.5046,9.2867,9.2867
20260417,6695,芯鼎,TWSE,40.6,41.0,39.7,40.4,600127.0,,,data/daily_price/20260417.csv,39.38,39.4175,41.4283,43.7733,39.6573,-0.4926,6.7371,-4.717,-7.8677,-22.158,308645.65,1.9444,42.9,46.7,54.5,37.8,37.15,37.15,2.4925,-2.4822,-7.7064,1.8728,-5.8275,-13.4904,-25.8716,8.7483,8.7483
20260420,6695,芯鼎,TWSE,40.4,43.1,40.4,42.4,1743051.0,,,data/daily_price/20260420.csv,40.17,39.4825,41.3975,43.7042,39.8859,4.9505,10.2731,3.163,-4.1808,-16.3708,377809.95,4.6136,43.1,46.7,54.5,37.8,37.15,37.15,7.3893,2.4216,-2.9841,6.3034,-1.6241,-9.2077,-22.2018,14.1319,14.1319
20260421,6695,芯鼎,TWSE,42.9,45.7,41.65,43.8,2866176.0,,,data/daily_price/20260421.csv,41.21,39.59,41.4017,43.6546,40.212,3.3019,13.4715,5.1621,0.5741,-11.9598,502036.9,5.7091,45.7,46.7,54.5,37.8,37.15,37.15,10.634,5.7928,0.3331,8.9226,-4.1575,-6.2099,-19.633,17.9004,17.9004
20260422,6695,芯鼎,TWSE,44.15,48.15,44.15,45.45,5741120.0,,,data/daily_price/20260422.csv,42.53,39.8575,41.4208,43.6042,40.6485,3.7671,16.9884,13.3416,2.5959,-11.7476,774048.5,7.417,48.15,48.15,54.5,37.8,37.15,37.15,14.0312,9.7274,4.2332,11.8122,-5.6075,-5.6075,-16.6055,22.3419,22.3419
20260423,6695,芯鼎,TWSE,45.7,45.85,41.05,42.2,1613788.0,,,data/daily_price/20260423.csv,42.85,39.985,41.3975,43.5333,40.7778,-7.1507,3.9409,6.4313,-3.211,-16.7653,843687.9,1.9128,48.15,48.15,54.5,37.8,37.15,37.15,5.5396,1.9385,-3.0628,3.4876,-12.3572,-12.3572,-22.5688,13.5935,13.5935
20260424,6695,芯鼎,TWSE,42.2,45.45,42.2,43.25,1490391.0,,,data/daily_price/20260424.csv,43.42,40.1275,41.39,43.4612,40.9838,2.4882,7.0545,7.0545,-1.0297,-16.6667,913067.25,1.6323,48.15,48.15,53.1,37.8,37.15,37.15,7.7814,4.4938,-0.4861,5.5294,-10.1765,-10.1765,-18.5499,16.4199,16.4199
20260427,6695,芯鼎,TWSE,43.3,43.45,41.55,42.2,541124.0,,,data/daily_price/20260427.csv,43.38,40.24,41.3517,43.3829,41.0852,-2.4277,-0.4717,5.632,-5.1685,-18.2171,925485.1,0.5847,48.15,48.15,53.1,37.8,37.15,37.15,4.8708,2.0515,-2.7267,2.7134,-12.3572,-12.3572,-20.5273,13.5935,13.5935
20260428,6695,芯鼎,TWSE,42.2,42.25,41.25,41.4,378336.0,,,data/daily_price/20260428.csv,42.9,40.3075,41.3083,43.2938,41.1114,-1.8957,-5.4795,3.3708,-5.9091,-20.5374,936812.6,0.4039,48.15,48.15,53.1,37.8,37.15,37.15,2.7104,0.2219,-4.3742,0.702,-14.0187,-14.0187,-22.0339,11.4401,11.4401
20260429,6695,芯鼎,TWSE,45.5,45.5,44.2,45.5,4783478.0,,,data/daily_price/20260429.csv,42.91,40.6125,41.3533,43.2371,41.4771,9.9034,0.11,15.4822,6.3084,-13.0019,1167481.65,4.0973,48.15,48.15,52.5,37.8,37.15,37.15,12.0345,10.0274,5.2337,9.699,-5.5036,-5.5036,-13.3333,22.4764,22.4764
20260430,6695,芯鼎,TWSE,46.3,49.95,46.0,46.5,6236826.0,,,data/daily_price/20260430.csv,43.77,41.0475,41.4083,43.1946,41.8957,2.1978,10.1896,23.0159,7.6389,-9.8837,1464800.15,4.2578,49.95,49.95,52.1,37.8,37.15,37.15,13.2834,12.2962,7.6524,10.9899,-6.9069,-6.9069,-10.7486,25.1682,25.1682
20260504,6695,芯鼎,TWSE,46.1,51.1,45.25,50.3,6943133.0,,,data/daily_price/20260504.csv,45.18,41.6,41.5025,43.1954,42.5961,8.172,16.3006,28.1529,12.654,0.1992,1793363.3,3.8716,51.1,51.1,51.1,37.8,37.15,37.15,20.9135,21.1975,16.4475,18.086,-1.5656,-1.5656,-1.5656,35.397,35.397
20260505,6695,芯鼎,TWSE,49.35,51.5,48.8,50.6,3940624.0,,,data/daily_price/20260505.csv,46.86,42.2175,41.5908,43.2004,43.2631,0.5964,19.9052,32.2876,11.6998,1.2,1979588.25,1.9906,51.5,51.5,51.5,37.8,37.15,37.15,19.8555,21.6614,17.1285,16.9589,-1.7476,-1.7476,-1.7476,36.2046,36.2046
20260506,6695,芯鼎,TWSE,51.0,51.0,48.4,48.9,2175456.0,,,data/daily_price/20260506.csv,48.36,42.7575,41.6583,43.1925,43.7328,-3.3597,18.1159,28.3465,9.0301,-1.9057,2081369.4,1.0452,51.5,51.5,51.5,37.8,37.15,37.15,14.3659,17.3835,13.2141,11.8154,-5.0485,-5.0485,-5.0485,31.6285,31.6285
20260507,6695,芯鼎,TWSE,49.1,49.35,47.3,48.15,1912903.0,,,data/daily_price/20260507.csv,48.89,43.1925,41.7192,43.1846,44.1009,-1.5337,5.8242,22.0532,8.2022,-1.9348,2166214.35,0.8831,51.5,51.5,51.5,37.8,37.15,37.15,11.4777,15.4146,11.4981,9.1814,-6.5049,-6.5049,-6.5049,29.6097,29.6097
20260508,6695,芯鼎,TWSE,48.95,52.9,48.55,52.9,7375991.0,,,data/daily_price/20260508.csv,50.17,43.915,41.8708,43.225,44.8342,9.865,13.7634,37.5813,20.7763,10.0937,2526266.3,2.9197,52.9,52.9,52.9,37.8,37.15,37.15,20.46,26.3409,22.3829,17.9904,0.0,0.0,0.0,42.3957,42.3957
20260511,6695,芯鼎,TWSE,52.9,56.5,51.2,54.0,8472671.0,,,data/daily_price/20260511.csv,50.91,44.7225,42.0583,43.2833,45.598,2.0794,7.3559,42.6684,26.3158,14.8936,2931274.0,2.8904,56.5,56.5,56.5,37.8,37.15,37.15,20.7446,28.3931,24.7593,18.4263,-4.4248,-4.4248,-4.4248,45.3567,45.3567
20260512,6695,芯鼎,TWSE,53.1,53.5,51.4,52.0,2811859.0,,,data/daily_price/20260512.csv,51.19,45.4,42.2325,43.3175,46.1315,-3.7037,2.7668,35.2406,25.1504,8.5595,3060883.5,0.9186,56.5,56.5,56.5,38.35,37.15,37.15,14.5374,23.1279,20.0439,12.7213,-7.9646,-7.9646,-7.9646,39.9731,39.9731
20260513,6695,芯鼎,TWSE,52.0,52.6,50.4,50.9,1616185.0,,,data/daily_price/20260513.csv,51.59,46.015,42.385,43.3458,46.5289,-2.1154,4.09,31.8653,21.9162,7.1579,3128113.2,0.5167,56.5,56.5,56.5,38.75,37.15,37.15,10.6161,20.0897,17.4277,9.3945,-9.9115,-9.9115,-9.9115,37.0121,37.0121
20260514,6695,芯鼎,TWSE,51.2,52.0,49.6,50.3,1508412.0,,,data/daily_price/20260514.csv,52.02,46.5875,42.5158,43.3717,46.8431,-1.1788,4.4652,29.4723,18.4923,6.5678,3186887.15,0.4733,56.5,56.5,56.5,38.9,37.15,37.15,7.9689,18.3089,15.9743,7.3797,-10.9735,-10.9735,-10.9735,35.397,35.397
20260515,6695,芯鼎,TWSE,50.7,54.0,50.1,51.9,5297078.0,,,data/daily_price/20260515.csv,51.82,47.1525,42.6675,43.4171,47.2645,3.1809,-1.8904,27.8325,21.2617,11.733,3402436.45,1.5568,56.5,56.5,56.5,39.7,37.15,37.15,10.0684,21.6382,19.5382,9.8075,-8.1416,-8.1416,-8.1416,39.7039,39.7039
20260518,6695,芯鼎,TWSE,51.6,51.7,49.75,51.0,1294910.0,,,data/daily_price/20260518.csv,51.22,47.6825,42.8175,43.4521,47.5758,-1.7341,-5.5556,26.2376,21.4286,8.9744,3437175.6,0.3767,56.5,56.5,56.5,40.4,37.15,37.15,6.9575,19.1102,17.3707,7.1973,-9.7345,-9.7345,-9.7345,37.2813,37.2813
20260519,6695,芯鼎,TWSE,51.0,52.4,48.9,49.35,2257597.0,,,data/daily_price/20260519.csv,50.69,48.03,42.9333,43.4788,47.7237,-3.2353,-5.0962,16.3915,16.3915,6.9339,3462902.9,0.6519,56.5,56.5,56.5,41.05,37.15,37.15,2.7483,14.9457,13.5037,3.4078,-12.6549,-12.6549,-12.6549,32.8398,32.8398
20260520,6695,芯鼎,TWSE,49.5,51.5,49.05,50.6,1342950.0,,,data/daily_price/20260520.csv,50.63,48.37,43.0642,43.5267,47.9634,2.5329,-0.5894,15.5251,18.3626,12.8205,3386741.6,0.3965,56.5,56.5,56.5,41.05,37.15,37.15,4.6103,17.4991,16.2506,5.4972,-10.4425,-10.4425,-10.4425,36.2046,36.2046
20260521,6695,芯鼎,TWSE,51.2,51.9,50.4,51.5,1499684.0,,,data/daily_price/20260521.csv,50.87,48.6725,43.2208,43.5892,48.2581,1.7787,2.3857,13.3113,22.3278,17.0455,3174669.8,0.4724,56.5,56.5,56.5,41.05,37.15,37.15,5.8092,19.1555,18.1486,6.7179,-8.8496,-8.8496,-8.8496,38.6272,38.6272
20260522,6695,芯鼎,TWSE,52.5,56.6,52.1,56.6,7404023.0,412032028.0,TWSE_RWD_JSON_MI_INDEX,data/daily_price/daily_price_20260522.csv,51.81,49.3925,43.4408,43.7083,48.9532,9.9029,9.0559,34.1232,30.4147,33.8061,3464181.55,2.1373,56.6,56.6,56.6,41.25,37.15,37.15,14.5923,30.2922,29.4948,15.6205,0.0,0.0,0.0,52.3553,52.3553
20260525,6695,芯鼎,TWSE,62.2,62.2,62.2,62.2,2024209.0,125905771.0,TWSE_RWD_JSON_MI_INDEX,data/daily_price/daily_price_20260525.csv,54.05,50.34,43.7708,43.8842,50.0571,9.894,21.9608,43.815,46.6981,51.3382,3490872.45,0.5799,62.2,62.2,62.2,41.25,37.15,37.15,23.5598,42.1038,41.7368,24.258,0.0,0.0,0.0,67.4293,67.4293
20260526,6695,芯鼎,TWSE,66.8,68.4,63.5,64.0,12381547.0,818242452.0,TWSE_RWD_JSON_MI_INDEX,data/daily_price/daily_price_20260526.csv,56.98,51.43,44.1267,44.0642,51.219,2.8939,29.6859,51.6588,50.0586,50.9434,4082893.6,3.0325,68.4,68.4,68.4,41.25,37.15,37.15,24.441,45.037,45.2427,24.9535,-6.4327,-6.4327,-6.4327,72.2746,72.2746
20260527,6695,芯鼎,TWSE,65.1,65.3,60.2,60.9,4852967.0,302753091.0,TWSE_RWD_JSON_MI_INDEX,data/daily_price/daily_price_20260527.csv,59.04,52.405,44.4225,44.2275,52.0258,-4.8438,20.3557,47.1014,41.1356,47.4576,4306625.15,1.1269,68.4,68.4,68.4,44.2,37.15,37.15,16.2103,37.0927,37.6971,17.0573,-10.9649,-10.9649,-10.9649,63.93,63.93
20260528,6695,芯鼎,TWSE,61.0,61.8,55.7,57.8,3463337.0,203345636.0,TWSE_RWD_JSON_MI_INDEX,data/daily_price/daily_price_20260528.csv,60.3,53.02,44.675,44.3604,52.507,-5.0903,12.233,27.033,35.5217,38.1123,4240618.1,0.8167,68.4,68.4,68.4,45.25,37.15,37.15,9.0155,29.3788,30.2963,10.0806,-15.4971,-15.4971,-15.4971,55.5855,55.5855
20260529,6695,芯鼎,TWSE,58.8,59.1,56.3,58.2,2327104.0,133985806.0,TWSE_RWD_JSON_MI_INDEX,data/daily_price/daily_price_20260529.csv,60.62,53.605,44.9508,44.4883,52.9814,0.692,2.8269,25.1613,39.7359,35.8226,4045132.0,0.5753,68.4,68.4,68.4,45.25,37.15,37.15,8.572,29.4748,30.8208,9.8499,-14.9123,-14.9123,-14.9123,56.6622,56.6622
20260601,6695,芯鼎,TWSE,58.1,58.5,56.5,57.2,1764565.0,101047310.0,TWSE_RWD_JSON_MI_INDEX,data/daily_price/daily_price_20260601.csv,59.62,53.95,45.2508,44.5971,53.3329,-1.7182,-8.0386,13.7177,45.9184,29.5583,3786203.6,0.4661,68.4,68.4,68.4,47.3,37.15,37.15,6.0241,26.4065,28.2595,7.2508,-16.3743,-16.3743,-16.3743,53.9704,53.9704
20260602,6695,芯鼎,TWSE,57.7,57.8,54.2,55.0,1993599.0,110507987.0,TWSE_RWD_JSON_MI_INDEX,data/daily_price/daily_price_20260602.csv,57.82,54.17,45.4958,44.6896,53.4719,-3.8462,-14.0625,8.6957,36.4764,25.2847,3688852.35,0.5404,68.4,68.4,68.4,47.3,37.15,37.15,1.5322,20.8902,23.0712,2.8578,-19.5906,-19.5906,-19.5906,48.0485,48.0485
20260603,6695,芯鼎,TWSE,56.0,57.9,55.6,57.3,2324641.0,132065993.0,TWSE_RWD_JSON_MI_INDEX,data/daily_price/daily_price_20260603.csv,57.1,54.59,45.7792,44.7975,53.7909,4.1818,-5.9113,17.1779,42.1836,29.1995,3696311.6,0.6289,68.4,68.4,68.4,47.3,37.15,37.15,4.9643,25.1661,27.9089,6.5236,-16.2281,-16.2281,-16.2281,54.2396,54.2396
20260604,6695,芯鼎,TWSE,56.6,56.6,52.8,53.1,2296617.0,123936173.0,TWSE_RWD_JSON_MI_INDEX,data/daily_price/daily_price_20260604.csv,56.16,54.8375,46.03,44.8758,53.7333,-7.3298,-8.1315,10.2804,39.5532,21.5103,3715497.3,0.6181,68.4,68.4,68.4,48.55,37.8,37.15,-3.1685,15.3595,18.3265,-1.1786,-22.3684,-22.3684,-22.3684,40.4762,42.9341
20260605,6695,芯鼎,TWSE,53.2,53.2,50.5,52.8,971018.0,50616505.0,TWSE_RWD_JSON_MI_INDEX,data/daily_price/daily_price_20260605.csv,55.08,54.8325,46.2483,44.9529,53.6555,-0.565,-9.2784,-0.189,32.9975,21.24,3395248.65,0.286,68.4,68.4,68.4,48.9,37.8,37.15,-3.7067,14.1663,17.4562,-1.5945,-22.807,-22.807,-22.807,39.6825,42.1265
20260608,6695,芯鼎,TWSE,47.7,50.3,47.65,49.5,1193591.0,58137384.0,TWSE_RWD_JSON_MI_INDEX,data/daily_price/daily_price_20260608.csv,53.54,54.6075,46.405,45.0012,53.3092,-6.25,-13.4615,-8.3333,23.4414,13.2723,3031294.65,0.3938,68.4,68.4,68.4,47.65,37.8,37.15,-9.3531,6.6695,9.9969,-7.1455,-27.6316,-27.6316,-27.6316,30.9524,33.2436
20260609,6695,芯鼎,TWSE,50.3,52.2,49.8,52.1,607775.0,31062680.0,TWSE_RWD_JSON_MI_INDEX,data/daily_price/daily_price_20260609.csv,52.96,54.6125,46.6033,45.0663,53.2085,5.2525,-5.2727,0.1923,29.602,17.6072,2921090.45,0.2081,68.4,68.4,68.4,47.65,37.8,37.15,-4.6006,11.7946,15.6076,-2.0832,-23.8304,-23.8304,-23.8304,37.8307,40.2423
20260610,6695,芯鼎,TWSE,51.1,55.2,51.1,51.2,1209709.0,64093591.0,TWSE_RWD_JSON_MI_INDEX,data/daily_price/daily_price_20260610.csv,51.74,54.6275,46.7908,45.1258,53.0411,-1.7274,-10.6457,0.5894,28.1602,16.2316,2900766.65,0.417,68.4,68.4,68.4,47.65,37.8,37.15,-6.2743,9.4231,13.4605,-3.4711,-25.1462,-25.1462,-25.1462,35.4497,37.8197
20260611,6695,芯鼎,TWSE,50.0,51.5,48.8,49.55,1060847.0,53023332.0,TWSE_RWD_JSON_MI_INDEX,data/daily_price/daily_price_20260611.csv,51.03,54.59,46.9233,45.1625,52.7502,-3.2227,-6.6855,-1.4911,19.1106,9.7453,2878388.4,0.3686,68.4,68.4,68.4,47.65,37.8,37.15,-9.2325,5.5978,9.7149,-6.0666,-27.5585,-27.5585,-27.5585,31.0847,33.3782
20260612,6695,芯鼎,TWSE,51.0,51.4,50.3,50.3,557687.0,28339165.0,TWSE_RWD_JSON_MI_INDEX,data/daily_price/daily_price_20260612.csv,50.53,54.51,47.06,45.2112,52.546,1.5136,-4.7348,-3.0829,19.4774,13.1609,2641418.85,0.2111,68.4,68.4,68.4,47.65,37.8,37.15,-7.7234,6.8848,11.2555,-4.2743,-26.462,-26.462,-26.462,33.0688,35.397
20260615,6695,芯鼎,TWSE,55.0,55.3,52.4,55.3,1234080.0,67928883.0,TWSE_RWD_JSON_MI_INDEX,data/daily_price/daily_price_20260615.csv,51.69,54.725,47.275,45.3054,52.7755,9.9404,11.7172,8.4314,30.4245,25.6818,2638377.35,0.4677,68.4,68.4,68.4,47.65,37.8,37.15,1.0507,16.9751,22.0605,4.7835,-19.152,-19.152,-19.152,46.2963,48.856
20260616,6695,芯鼎,TWSE,55.0,57.1,52.2,52.6,2529677.0,139066097.0,TWSE_RWD_JSON_MI_INDEX,data/daily_price/daily_price_20260616.csv,51.79,54.8875,47.4667,45.3696,52.7609,-4.8825,0.9597,6.5856,27.9805,17.1492,2651981.35,0.9539,68.4,68.4,68.4,47.65,37.8,37.15,-4.1676,10.8146,15.9367,-0.3049,-23.0994,-23.0994,-23.0994,39.1534,41.5882
20260617,6695,芯鼎,TWSE,53.0,54.7,52.5,54.5,1149614.0,62030841.0,TWSE_RWD_JSON_MI_INDEX,data/daily_price/daily_price_20260617.csv,52.45,55.0825,47.6808,45.4433,52.9058,3.6122,6.4453,7.7075,30.8523,19.3866,2642314.55,0.4351,68.4,68.4,68.4,47.65,37.8,37.15,-1.0575,14.3017,19.9296,3.0133,-20.3216,-20.3216,-20.3216,44.1799,46.7026
20260618,6695,芯鼎,TWSE,54.5,59.2,54.3,58.4,2758613.0,159471999.0,TWSE_RWD_JSON_MI_INDEX,data/daily_price/daily_price_20260618.csv,54.22,55.4275,47.9858,45.5396,53.3636,7.156,17.8607,13.3981,45.6359,24.6531,2705261.0,1.0197,68.4,68.4,68.4,47.65,37.8,37.15,5.3629,21.7026,28.2401,9.4378,-14.6199,-14.6199,-14.6199,54.4974,57.2005
20260622,6695,芯鼎,TWSE,59.0,64.2,59.0,64.2,3573535.0,226167381.0,TWSE_RWD_JSON_MI_INDEX,data/daily_price/daily_price_20260622.csv,57.0,55.8075,48.395,45.6925,54.2667,9.9315,27.6342,13.4276,61.9168,40.0218,2513736.6,1.4216,68.4,68.4,68.4,47.65,37.8,37.15,15.0383,32.6583,40.5045,18.3047,-6.1404,-6.1404,-6.1404,69.8413,72.8129
20260623,6695,芯鼎,TWSE,63.5,66.2,61.8,62.7,7031992.0,447074888.0,TWSE_RWD_JSON_MI_INDEX,data/daily_price/daily_price_20260623.csv,58.48,55.8325,48.7667,45.8367,54.9694,-2.3364,13.3816,0.8039,55.198,38.1057,2764125.75,2.544,68.4,68.4,68.4,47.65,37.8,37.15,12.3002,28.5714,36.7901,14.0634,-8.3333,-8.3333,-8.3333,65.873,68.7752
20260624,6695,芯鼎,TWSE,62.5,68.9,62.2,68.9,12353029.0,837844510.0,TWSE_RWD_JSON_MI_INDEX,data/daily_price/daily_price_20260624.csv,61.74,56.0775,49.2492,46.0396,56.1303,9.8884,30.9886,7.6563,72.4656,54.6577,2762699.85,4.4714,68.9,68.9,68.9,47.65,37.8,37.15,22.8657,39.9008,49.6538,22.75,0.0,0.0,0.0,82.2751,85.4643
20260625,6695,芯鼎,TWSE,68.6,69.0,64.4,64.7,6046032.0,399672071.0,TWSE_RWD_JSON_MI_INDEX,data/daily_price/daily_price_20260625.csv,63.78,56.2675,49.66,46.2025,56.8445,-6.0958,18.7156,6.2397,61.5481,43.3001,2822353.1,2.1422,69.0,69.0,69.0,47.65,37.8,37.15,14.9864,30.2859,40.0357,13.8193,-6.2319,-6.2319,-6.2319,71.164,74.1588
20260626,6695,芯鼎,TWSE,63.6,64.7,59.1,60.3,2519560.0,155039053.0,TWSE_RWD_JSON_MI_INDEX,data/daily_price/daily_price_20260626.csv,64.16,56.3925,50.0083,46.3246,57.1324,-6.8006,3.2534,4.3253,53.0457,32.092,2775164.25,0.9079,69.0,69.0,69.0,47.65,37.8,37.15,6.9291,20.5799,30.1685,5.5443,-12.6087,-12.6087,-12.6087,59.5238,62.3149
