date,stock_id,stock_name,market,open,high,low,close,volume,trading_value,source,source_file,ma5,ma20,ma60,ma120,ema23,return_1d,return_5d,return_20d,return_60d,return_120d,volume_ma20,volume_ratio,high_20,high_60,high_120,low_20,low_60,low_120,distance_to_ma20_pct,distance_to_ma60_pct,distance_to_ma120_pct,distance_to_ema23_pct,distance_to_high_20_pct,distance_to_high_60_pct,distance_to_high_120_pct,distance_to_low_60_pct,distance_to_low_120_pct
20241023,6862,三集瑞-KY,TWSE,260.0,284.0,258.5,259.0,2580016.0,687543061.0,TWSE_RWD_JSON_MI_INDEX,data/daily_price/daily_price_20241023.csv,,,,,,,,,,,,,,,,,,,,,,,,,,,
20241024,6862,三集瑞-KY,TWSE,240.0,242.0,206.5,223.5,1640002.0,369485672.0,TWSE_RWD_JSON_MI_INDEX,data/daily_price/daily_price_20241024.csv,,,,,,-13.7066,,,,,,,,,,,,,,,,,,,,,
20241025,6862,三集瑞-KY,TWSE,218.5,230.5,218.5,227.0,449148.0,100799017.0,TWSE_RWD_JSON_MI_INDEX,data/daily_price/daily_price_20241025.csv,,,,,,1.566,,,,,,,,,,,,,,,,,,,,,
20241028,6862,三集瑞-KY,TWSE,227.0,229.0,218.5,228.0,334279.0,74980401.0,TWSE_RWD_JSON_MI_INDEX,data/daily_price/daily_price_20241028.csv,,,,,,0.4405,,,,,,,,,,,,,,,,,,,,,
20241029,6862,三集瑞-KY,TWSE,228.0,228.0,221.5,226.5,152377.0,34202485.0,TWSE_RWD_JSON_MI_INDEX,data/daily_price/daily_price_20241029.csv,232.8,232.8,232.8,232.8,249.4042,-0.6579,,,,,1031164.4,0.1478,284.0,284.0,284.0,206.5,206.5,206.5,-2.7062,-2.7062,-2.7062,-9.1836,-20.2465,-20.2465,-20.2465,9.6852,9.6852
20241030,6862,三集瑞-KY,TWSE,225.0,228.0,220.0,226.0,176897.0,39547904.0,TWSE_RWD_JSON_MI_INDEX,data/daily_price/daily_price_20241030.csv,226.2,231.6667,231.6667,231.6667,247.4539,-0.2208,-12.7413,,,,888786.5,0.199,284.0,284.0,284.0,206.5,206.5,206.5,-2.446,-2.446,-2.446,-8.6698,-20.4225,-20.4225,-20.4225,9.4431,9.4431
20241101,6862,三集瑞-KY,TWSE,220.0,223.0,211.0,219.0,243177.0,53011918.0,TWSE_RWD_JSON_MI_INDEX,data/daily_price/daily_price_20241101.csv,225.3,229.8571,229.8571,229.8571,245.0827,-3.0973,-2.0134,,,,796556.5714,0.3053,284.0,284.0,284.0,206.5,206.5,206.5,-4.7234,-4.7234,-4.7234,-10.6424,-22.8873,-22.8873,-22.8873,6.0533,6.0533
20241104,6862,三集瑞-KY,TWSE,219.0,219.0,202.0,202.0,294692.0,61075665.0,TWSE_RWD_JSON_MI_INDEX,data/daily_price/daily_price_20241104.csv,220.3,226.375,226.375,226.375,241.4925,-7.7626,-11.0132,,,,733823.5,0.4016,284.0,284.0,284.0,202.0,202.0,202.0,-10.7675,-10.7675,-10.7675,-16.3535,-28.8732,-28.8732,-28.8732,0.0,0.0
20241105,6862,三集瑞-KY,TWSE,202.0,222.0,188.0,222.0,841909.0,175843605.0,TWSE_RWD_JSON_MI_INDEX,data/daily_price/daily_price_20241105.csv,219.1,225.8889,225.8889,225.8889,239.8681,9.901,-2.6316,,,,745833.0,1.1288,284.0,284.0,284.0,188.0,188.0,188.0,-1.7216,-1.7216,-1.7216,-7.4491,-21.831,-21.831,-21.831,18.0851,18.0851
20241106,6862,三集瑞-KY,TWSE,213.5,217.0,205.0,206.0,321843.0,67810472.0,TWSE_RWD_JSON_MI_INDEX,data/daily_price/daily_price_20241106.csv,215.0,223.9,223.9,223.9,237.0458,-7.2072,-9.0508,,,,703434.0,0.4575,284.0,284.0,284.0,188.0,188.0,188.0,-7.9946,-7.9946,-7.9946,-13.0969,-27.4648,-27.4648,-27.4648,9.5745,9.5745
20241107,6862,三集瑞-KY,TWSE,202.0,202.5,193.0,194.5,351954.0,69277714.0,TWSE_RWD_JSON_MI_INDEX,data/daily_price/daily_price_20241107.csv,208.7,221.2273,221.2273,221.2273,233.5003,-5.5825,-13.9381,,,,671481.2727,0.5241,284.0,284.0,284.0,188.0,188.0,188.0,-12.0814,-12.0814,-12.0814,-16.7025,-31.5141,-31.5141,-31.5141,3.4574,3.4574
20241108,6862,三集瑞-KY,TWSE,192.0,194.0,184.0,184.0,478678.0,89776811.0,TWSE_RWD_JSON_MI_INDEX,data/daily_price/daily_price_20241108.csv,201.7,218.125,218.125,218.125,229.3753,-5.3985,-15.9817,,,,655414.3333,0.7303,284.0,284.0,284.0,184.0,184.0,184.0,-15.6447,-15.6447,-15.6447,-19.7821,-35.2113,-35.2113,-35.2113,0.0,0.0
20241111,6862,三集瑞-KY,TWSE,184.0,184.0,174.5,174.5,281380.0,49518033.0,TWSE_RWD_JSON_MI_INDEX,data/daily_price/daily_price_20241111.csv,196.2,214.7692,214.7692,214.7692,224.8023,-5.163,-13.6139,,,,626642.4615,0.449,284.0,284.0,284.0,174.5,174.5,174.5,-18.75,-18.75,-18.75,-22.3762,-38.5563,-38.5563,-38.5563,0.0,0.0
20241112,6862,三集瑞-KY,TWSE,171.5,187.0,171.5,177.0,300785.0,54318909.0,TWSE_RWD_JSON_MI_INDEX,data/daily_price/daily_price_20241112.csv,187.2,212.0714,212.0714,212.0714,220.8188,1.4327,-20.2703,,,,603366.9286,0.4985,284.0,284.0,284.0,171.5,171.5,171.5,-16.5376,-16.5376,-16.5376,-19.8438,-37.6761,-37.6761,-37.6761,3.207,3.207
20241113,6862,三集瑞-KY,TWSE,171.0,178.0,164.0,166.0,412346.0,69723509.0,TWSE_RWD_JSON_MI_INDEX,data/daily_price/daily_price_20241113.csv,179.2,209.0,209.0,209.0,216.2506,-6.2147,-19.4175,,,,590632.2,0.6981,284.0,284.0,284.0,164.0,164.0,164.0,-20.5742,-20.5742,-20.5742,-23.2372,-41.5493,-41.5493,-41.5493,1.2195,1.2195
20241114,6862,三集瑞-KY,TWSE,168.0,171.0,160.0,160.5,167439.0,27305556.0,TWSE_RWD_JSON_MI_INDEX,data/daily_price/daily_price_20241114.csv,172.4,205.9688,205.9688,205.9688,211.6047,-3.3133,-17.4807,,,,564182.625,0.2968,284.0,284.0,284.0,160.0,160.0,160.0,-22.0756,-22.0756,-22.0756,-24.151,-43.4859,-43.4859,-43.4859,0.3125,0.3125
20241115,6862,三集瑞-KY,TWSE,163.0,165.5,155.0,157.0,154988.0,24633192.0,TWSE_RWD_JSON_MI_INDEX,data/daily_price/daily_price_20241115.csv,167.0,203.0882,203.0882,203.0882,207.0543,-2.1807,-14.6739,,,,540112.3529,0.287,284.0,284.0,284.0,155.0,155.0,155.0,-22.6937,-22.6937,-22.6937,-24.1745,-44.7183,-44.7183,-44.7183,1.2903,1.2903
20241118,6862,三集瑞-KY,TWSE,159.0,159.0,143.0,145.5,419367.0,62290451.0,TWSE_RWD_JSON_MI_INDEX,data/daily_price/daily_price_20241118.csv,161.2,199.8889,199.8889,199.8889,201.9248,-7.3248,-16.6189,,,,533404.2778,0.7862,284.0,284.0,284.0,143.0,143.0,143.0,-27.2096,-27.2096,-27.2096,-27.9435,-48.7676,-48.7676,-48.7676,1.7483,1.7483
20241119,6862,三集瑞-KY,TWSE,149.0,152.5,142.0,150.5,248376.0,36689131.0,TWSE_RWD_CSV_MI_INDEX,data/daily_price/daily_price_20241119.csv,155.9,197.2895,197.2895,197.2895,197.6394,3.4364,-14.9718,,,,518402.7895,0.4791,284.0,284.0,284.0,142.0,142.0,142.0,-23.7162,-23.7162,-23.7162,-23.8512,-47.007,-47.007,-47.007,5.9859,5.9859
20241120,6862,三集瑞-KY,TWSE,151.5,154.0,146.5,153.5,237120.0,35434782.0,TWSE_RWD_JSON_MI_INDEX,data/daily_price/daily_price_20241120.csv,153.4,195.1,195.1,195.1,193.9611,1.9934,-7.5301,,,,504338.65,0.4702,284.0,284.0,284.0,142.0,142.0,142.0,-21.3224,-21.3224,-21.3224,-20.8604,-45.9507,-45.9507,-45.9507,8.0986,8.0986
20241121,6862,三集瑞-KY,TWSE,152.5,168.5,152.5,168.5,495987.0,82187406.0,TWSE_RWD_JSON_MI_INDEX,data/daily_price/daily_price_20241121.csv,155.0,190.575,193.8333,193.8333,191.8393,9.772,4.9844,-34.9421,,,400137.2,1.2395,242.0,284.0,284.0,142.0,142.0,142.0,-11.5834,-13.0696,-13.0696,-12.1661,-30.3719,-40.669,-40.669,18.662,18.662
20241122,6862,三集瑞-KY,TWSE,168.5,173.5,164.0,170.5,456194.0,77018076.0,TWSE_RWD_JSON_MI_INDEX,data/daily_price/daily_price_20241122.csv,157.7,187.925,192.7727,192.7727,190.0611,1.1869,8.5987,-23.7136,,,340946.8,1.338,230.5,284.0,284.0,142.0,142.0,142.0,-9.2723,-11.5539,-11.5539,-10.292,-26.0304,-39.9648,-39.9648,20.0704,20.0704
20241125,6862,三集瑞-KY,TWSE,172.0,175.5,168.0,170.5,275027.0,47045435.0,TWSE_RWD_JSON_MI_INDEX,data/daily_price/daily_price_20241125.csv,162.7,185.1,191.8043,191.8043,188.431,0.0,17.1821,-24.8899,,,332240.75,0.8278,229.0,284.0,284.0,142.0,142.0,142.0,-7.8876,-11.1073,-11.1073,-9.5159,-25.5459,-39.9648,-39.9648,20.0704,20.0704
20241126,6862,三集瑞-KY,TWSE,165.5,165.5,158.0,159.5,509460.0,82561136.0,TWSE_RWD_JSON_MI_INDEX,data/daily_price/daily_price_20241126.csv,164.5,181.675,190.4583,190.4583,186.0201,-6.4516,5.9801,-30.0439,,,340999.8,1.494,228.0,284.0,284.0,142.0,142.0,142.0,-12.2059,-16.2546,-16.2546,-14.2566,-30.0439,-43.838,-43.838,12.3239,12.3239
20241127,6862,三集瑞-KY,TWSE,159.5,161.5,152.0,160.5,245965.0,38627308.0,TWSE_RWD_JSON_MI_INDEX,data/daily_price/daily_price_20241127.csv,165.9,178.375,189.26,189.26,183.8934,0.627,4.5603,-29.1391,,,345679.2,0.7115,228.0,284.0,284.0,142.0,142.0,142.0,-10.021,-15.196,-15.196,-12.7212,-29.6053,-43.4859,-43.4859,13.0282,13.0282
20241128,6862,三集瑞-KY,TWSE,158.0,158.0,153.5,156.5,178937.0,27677894.0,TWSE_RWD_JSON_MI_INDEX,data/daily_price/daily_price_20241128.csv,163.5,174.9,188.0,188.0,181.6106,-2.4922,-7.1217,-30.7522,,,345781.2,0.5175,223.0,284.0,284.0,142.0,142.0,142.0,-10.5203,-16.7553,-16.7553,-13.8266,-29.8206,-44.8944,-44.8944,10.2113,10.2113
20241129,6862,三集瑞-KY,TWSE,155.5,166.0,154.5,165.5,208561.0,33523384.0,TWSE_RWD_JSON_MI_INDEX,data/daily_price/daily_price_20241129.csv,162.5,172.225,187.1667,187.1667,180.268,5.7508,-2.9326,-24.4292,,,344050.4,0.6062,222.0,284.0,284.0,142.0,142.0,142.0,-3.9048,-11.5761,-11.5761,-8.1923,-25.4505,-41.7254,-41.7254,16.5493,16.5493
20241202,6862,三集瑞-KY,TWSE,168.0,168.5,162.0,167.5,216446.0,35723411.0,TWSE_RWD_JSON_MI_INDEX,data/daily_price/daily_price_20241202.csv,161.9,170.5,186.4643,186.4643,179.204,1.2085,-1.7595,-17.0792,,,340138.1,0.6363,222.0,284.0,284.0,142.0,142.0,142.0,-1.7595,-10.1705,-10.1705,-6.5311,-24.5495,-41.0211,-41.0211,17.9577,17.9577
20241203,6862,三集瑞-KY,TWSE,168.0,182.5,168.0,182.5,525905.0,91957642.0,TWSE_RWD_JSON_MI_INDEX,data/daily_price/daily_price_20241203.csv,166.5,168.525,186.3276,186.3276,179.4787,8.9552,14.4201,-17.7928,,,324337.9,1.6215,217.0,284.0,284.0,142.0,142.0,142.0,8.2925,-2.0542,-2.0542,1.6834,-15.8986,-35.7394,-35.7394,28.5211,28.5211
20241204,6862,三集瑞-KY,TWSE,183.0,185.5,173.5,183.0,337702.0,60963030.0,TWSE_RWD_JSON_MI_INDEX,data/daily_price/daily_price_20241204.csv,171.0,167.375,186.2167,186.2167,179.7721,0.274,14.0187,-11.165,,,325130.85,1.0387,202.5,284.0,284.0,142.0,142.0,142.0,9.3353,-1.7274,-1.7274,1.7955,-9.6296,-35.5634,-35.5634,28.8732,28.8732
20241205,6862,三集瑞-KY,TWSE,182.0,182.0,177.5,180.0,225703.0,40431827.0,TWSE_RWD_JSON_MI_INDEX,data/daily_price/daily_price_20241205.csv,175.7,166.65,186.0161,186.0161,179.7911,-1.6393,15.016,-7.455,,,318818.3,0.7079,194.0,284.0,284.0,142.0,142.0,142.0,8.0108,-3.2342,-3.2342,0.1162,-7.2165,-36.6197,-36.6197,26.7606,26.7606
20241206,6862,三集瑞-KY,TWSE,179.5,198.0,177.5,196.5,683312.0,131746060.0,TWSE_RWD_JSON_MI_INDEX,data/daily_price/daily_price_20241206.csv,181.9,167.275,186.3438,186.3438,181.1835,9.1667,18.7311,6.7935,,,329050.0,2.0766,198.0,284.0,284.0,142.0,142.0,142.0,17.4712,5.4503,5.4503,8.4536,-0.7576,-30.8099,-30.8099,38.3803,38.3803
20241209,6862,三集瑞-KY,TWSE,196.0,198.0,190.0,193.5,298804.0,57695615.0,TWSE_RWD_JSON_MI_INDEX,data/daily_price/daily_price_20241209.csv,187.1,168.225,186.5606,186.5606,182.2099,-1.5267,15.5224,10.8883,,,329921.2,0.9057,198.0,284.0,284.0,142.0,142.0,142.0,15.0245,3.7196,3.7196,6.1962,-2.2727,-31.8662,-31.8662,36.2676,36.2676
20241210,6862,三集瑞-KY,TWSE,191.5,193.5,185.5,190.0,228513.0,43039915.0,TWSE_RWD_JSON_MI_INDEX,data/daily_price/daily_price_20241210.csv,188.6,168.875,186.6618,186.6618,182.8591,-1.8088,4.1096,7.3446,,,326307.6,0.7003,198.0,284.0,284.0,142.0,142.0,142.0,12.5093,1.7884,1.7884,3.9051,-4.0404,-33.0986,-33.0986,33.8028,33.8028
20241211,6862,三集瑞-KY,TWSE,186.5,190.0,181.0,182.0,147184.0,27141916.0,TWSE_RWD_JSON_MI_INDEX,data/daily_price/daily_price_20241211.csv,188.4,169.675,186.5286,186.5286,182.7875,-4.2105,-0.5464,9.6386,,,313049.5,0.4702,198.0,284.0,284.0,142.0,142.0,142.0,7.2639,-2.4278,-2.4278,-0.4308,-8.0808,-35.9155,-35.9155,28.169,28.169
20241212,6862,三集瑞-KY,TWSE,185.0,186.5,177.0,184.0,158651.0,28827842.0,TWSE_RWD_JSON_MI_INDEX,data/daily_price/daily_price_20241212.csv,189.2,170.85,186.4583,186.4583,182.8885,1.0989,2.2222,14.6417,,,312610.1,0.5075,198.0,284.0,284.0,142.0,142.0,142.0,7.6968,-1.3184,-1.3184,0.6077,-7.0707,-35.2113,-35.2113,29.5775,29.5775
20241213,6862,三集瑞-KY,TWSE,179.5,182.5,175.5,179.5,125200.0,22360147.0,TWSE_RWD_JSON_MI_INDEX,data/daily_price/daily_price_20241213.csv,185.8,171.975,186.2703,186.2703,182.6062,-2.4457,-8.6514,14.3312,,,311120.7,0.4024,198.0,284.0,284.0,142.0,142.0,142.0,4.3756,-3.6346,-3.6346,-1.701,-9.3434,-36.7958,-36.7958,26.4085,26.4085
20241216,6862,三集瑞-KY,TWSE,180.0,180.0,174.0,178.0,110959.0,19557129.0,TWSE_RWD_JSON_MI_INDEX,data/daily_price/daily_price_20241216.csv,182.7,173.6,186.0526,186.0526,182.2223,-0.8357,-8.0103,22.3368,,,295700.3,0.3752,198.0,284.0,284.0,142.0,142.0,142.0,2.5346,-4.3281,-4.3281,-2.3171,-10.101,-37.3239,-37.3239,25.3521,25.3521
20241217,6862,三集瑞-KY,TWSE,179.0,180.0,174.5,179.0,116564.0,20599875.0,TWSE_RWD_JSON_MI_INDEX,data/daily_price/daily_price_20241217.csv,180.5,175.025,185.8718,185.8718,181.9538,0.5618,-5.7895,18.9369,,,289109.7,0.4032,198.0,284.0,284.0,146.5,142.0,142.0,2.2711,-3.6971,-3.6971,-1.6234,-9.596,-36.9718,-36.9718,26.0563,26.0563
20241218,6862,三集瑞-KY,TWSE,176.0,177.0,172.0,174.0,101670.0,17713989.0,TWSE_RWD_JSON_MI_INDEX,data/daily_price/daily_price_20241218.csv,178.9,176.05,185.575,185.575,181.291,-2.7933,-4.3956,13.355,,,282337.2,0.3601,198.0,284.0,284.0,152.0,142.0,142.0,-1.1644,-6.2374,-6.2374,-4.0217,-12.1212,-38.7324,-38.7324,22.5352,22.5352
20241219,6862,三集瑞-KY,TWSE,173.0,176.0,169.0,172.5,77485.0,13354637.0,TWSE_RWD_JSON_MI_INDEX,data/daily_price/daily_price_20241219.csv,176.6,176.25,185.2561,185.2561,180.5584,-0.8621,-6.25,2.3739,,,261412.1,0.2964,198.0,284.0,284.0,152.0,142.0,142.0,-2.1277,-6.8857,-6.8857,-4.463,-12.8788,-39.2606,-39.2606,21.4789,21.4789
20241220,6862,三集瑞-KY,TWSE,172.5,176.0,172.5,173.0,106332.0,18545270.0,TWSE_RWD_JSON_MI_INDEX,data/daily_price/daily_price_20241220.csv,175.3,176.375,184.9643,184.9643,179.9285,0.2899,-3.6212,1.4663,,,243919.0,0.4359,198.0,284.0,284.0,152.0,142.0,142.0,-1.9135,-6.4684,-6.4684,-3.8507,-12.6263,-39.0845,-39.0845,21.831,21.831
20241223,6862,三集瑞-KY,TWSE,174.5,174.5,165.0,167.5,314499.0,52847798.0,TWSE_RWD_JSON_MI_INDEX,data/daily_price/daily_price_20241223.csv,173.2,176.225,184.5581,184.5581,178.8928,-3.1792,-5.8989,-1.7595,,,245892.6,1.279,198.0,284.0,284.0,152.0,142.0,142.0,-4.9511,-9.2427,-9.2427,-6.3685,-15.404,-41.0211,-41.0211,17.9577,17.9577
20241224,6862,三集瑞-KY,TWSE,169.0,172.0,164.0,166.5,240084.0,40092300.0,TWSE_RWD_JSON_MI_INDEX,data/daily_price/daily_price_20241224.csv,170.7,176.575,184.1477,184.1477,177.8601,-0.597,-6.9832,4.3887,,,232423.8,1.033,198.0,284.0,284.0,152.0,142.0,142.0,-5.7058,-9.5835,-9.5835,-6.3871,-15.9091,-41.3732,-41.3732,17.2535,17.2535
20241225,6862,三集瑞-KY,TWSE,168.0,168.0,158.0,163.0,565260.0,91088885.0,TWSE_RWD_JSON_MI_INDEX,data/daily_price/daily_price_20241225.csv,168.5,176.7,183.6778,183.6778,176.6217,-2.1021,-6.3218,1.5576,,,248388.55,2.2757,198.0,284.0,284.0,153.5,142.0,142.0,-7.7533,-11.2576,-11.2576,-7.7124,-17.6768,-42.6056,-42.6056,14.7887,14.7887
20241226,6862,三集瑞-KY,TWSE,163.5,174.5,162.5,173.5,467468.0,78991002.0,TWSE_RWD_JSON_MI_INDEX,data/daily_price/daily_price_20241226.csv,168.7,177.55,183.4565,183.4565,176.3616,6.4417,0.5797,10.8626,,,262815.1,1.7787,198.0,284.0,284.0,154.5,142.0,142.0,-2.281,-5.4272,-5.4272,-1.6226,-12.3737,-38.9085,-38.9085,22.1831,22.1831
20241227,6862,三集瑞-KY,TWSE,171.5,171.5,164.5,166.5,269418.0,45018005.0,TWSE_RWD_JSON_MI_INDEX,data/daily_price/daily_price_20241227.csv,167.4,177.6,183.0957,183.0957,175.5398,-4.0346,-3.7572,0.6042,,,265857.95,1.0134,198.0,284.0,284.0,158.0,142.0,142.0,-6.25,-9.064,-9.064,-5.1497,-15.9091,-41.3732,-41.3732,17.2535,17.2535
20241230,6862,三集瑞-KY,TWSE,165.0,166.5,162.5,164.0,96579.0,15851685.0,TWSE_RWD_JSON_MI_INDEX,data/daily_price/daily_price_20241230.csv,166.7,177.425,182.6979,182.6979,174.5781,-1.5015,-2.0896,-2.0896,,,259864.6,0.3717,198.0,284.0,284.0,158.0,142.0,142.0,-7.5666,-10.2343,-10.2343,-6.0593,-17.1717,-42.2535,-42.2535,15.493,15.493
20241231,6862,三集瑞-KY,TWSE,164.0,166.5,162.5,165.5,44107.0,7232958.0,TWSE_RWD_JSON_MI_INDEX,data/daily_price/daily_price_20241231.csv,166.5,176.575,182.3469,182.3469,173.8216,0.9146,-0.6006,-9.3151,,,235774.7,0.1871,198.0,284.0,284.0,158.0,142.0,142.0,-6.2721,-9.2389,-9.2389,-4.7875,-16.4141,-41.7254,-41.7254,16.5493,16.5493
20250102,6862,三集瑞-KY,TWSE,165.0,167.0,163.0,164.5,61974.0,10206662.0,TWSE_RWD_JSON_MI_INDEX,data/daily_price/daily_price_20250102.csv,166.8,175.65,181.99,181.99,173.0448,-0.6042,0.9202,-10.1093,,,221988.3,0.2792,198.0,284.0,284.0,158.0,142.0,142.0,-6.3479,-9.6104,-9.6104,-4.9379,-16.9192,-42.0775,-42.0775,15.8451,15.8451
20250103,6862,三集瑞-KY,TWSE,167.0,167.0,161.0,165.5,74598.0,12236363.0,TWSE_RWD_JSON_MI_INDEX,data/daily_price/daily_price_20250103.csv,165.2,174.925,181.6667,181.6667,172.4161,0.6079,-4.611,-8.0556,,,214433.05,0.3479,198.0,284.0,284.0,158.0,142.0,142.0,-5.388,-8.8991,-8.8991,-4.0113,-16.4141,-41.7254,-41.7254,16.5493,16.5493
20250106,6862,三集瑞-KY,TWSE,165.5,171.0,165.0,169.5,162177.0,27351712.0,TWSE_RWD_CSV_MI_INDEX,data/daily_price/daily_price_20250106.csv,165.8,173.575,181.4327,181.4327,172.1731,2.4169,1.8018,-13.7405,,,188376.3,0.8609,198.0,284.0,284.0,158.0,142.0,142.0,-2.3477,-6.5769,-6.5769,-1.5526,-14.3939,-40.3169,-40.3169,19.3662,19.3662
20250107,6862,三集瑞-KY,TWSE,168.5,172.0,168.5,169.0,83953.0,14272497.0,TWSE_RWD_JSON_MI_INDEX,data/daily_price/daily_price_20250107.csv,166.8,172.35,181.1981,181.1981,171.9087,-0.295,3.0488,-12.6615,,,177633.75,0.4726,193.5,284.0,284.0,158.0,142.0,142.0,-1.9437,-6.7319,-6.7319,-1.692,-12.6615,-40.493,-40.493,19.0141,19.0141
20250108,6862,三集瑞-KY,TWSE,168.0,170.5,168.0,170.0,68763.0,11649798.0,TWSE_RWD_JSON_MI_INDEX,data/daily_price/daily_price_20250108.csv,167.7,171.35,180.9907,180.9907,171.7496,0.5917,2.719,-10.5263,,,169646.25,0.4053,190.0,284.0,284.0,158.0,142.0,142.0,-0.7879,-6.0725,-6.0725,-1.0187,-10.5263,-40.1408,-40.1408,19.7183,19.7183
20250109,6862,三集瑞-KY,TWSE,169.0,169.0,165.0,165.0,100617.0,16763543.0,TWSE_RWD_JSON_MI_INDEX,data/daily_price/daily_price_20250109.csv,167.8,170.5,180.7,180.7,171.1871,-2.9412,0.304,-9.3407,,,167317.9,0.6014,186.5,284.0,284.0,158.0,142.0,142.0,-3.2258,-8.6884,-8.6884,-3.6143,-11.5282,-41.9014,-41.9014,16.1972,16.1972
20250110,6862,三集瑞-KY,TWSE,162.0,166.0,162.0,163.0,51636.0,8472393.0,TWSE_RWD_JSON_MI_INDEX,data/daily_price/daily_price_20250110.csv,167.3,169.45,180.3839,180.3839,170.5049,-1.2121,-1.5106,-11.413,,,161967.15,0.3188,182.5,284.0,284.0,158.0,142.0,142.0,-3.8064,-9.6372,-9.6372,-4.4016,-10.6849,-42.6056,-42.6056,14.7887,14.7887
20250113,6862,三集瑞-KY,TWSE,161.5,162.0,149.5,153.0,234806.0,36398557.0,TWSE_RWD_JSON_MI_INDEX,data/daily_price/daily_price_20250113.csv,164.0,168.125,179.9035,179.9035,169.0461,-6.135,-9.7345,-14.7632,,,167447.45,1.4023,180.0,284.0,284.0,149.5,142.0,142.0,-8.9963,-14.9544,-14.9544,-9.4922,-15.0,-46.1268,-46.1268,7.7465,7.7465
20250114,6862,三集瑞-KY,TWSE,153.0,157.5,153.0,156.0,60685.0,9489647.0,TWSE_RWD_JSON_MI_INDEX,data/daily_price/daily_price_20250114.csv,161.4,167.025,179.4914,179.4914,167.959,1.9608,-7.6923,-12.3596,,,164933.75,0.3679,180.0,284.0,284.0,149.5,142.0,142.0,-6.6008,-13.0877,-13.0877,-7.1202,-13.3333,-45.0704,-45.0704,9.8592,9.8592
20250115,6862,三集瑞-KY,TWSE,155.0,160.0,155.0,158.5,70333.0,11129446.0,TWSE_RWD_JSON_MI_INDEX,data/daily_price/daily_price_20250115.csv,159.1,166.0,179.1356,179.1356,167.1707,1.6026,-6.7647,-11.4525,,,162622.2,0.4325,177.0,284.0,284.0,149.5,142.0,142.0,-4.5181,-11.5195,-11.5195,-5.1867,-10.452,-44.1901,-44.1901,11.6197,11.6197
20250116,6862,三集瑞-KY,TWSE,162.0,163.0,160.0,160.0,53319.0,8587013.0,TWSE_RWD_JSON_MI_INDEX,data/daily_price/daily_price_20250116.csv,158.1,165.3,178.8167,178.8167,166.5732,0.9464,-3.0303,-8.046,,,160204.65,0.3328,176.0,284.0,284.0,149.5,142.0,142.0,-3.2063,-10.5229,-10.5229,-3.9461,-9.0909,-43.662,-43.662,12.6761,12.6761
20250117,6862,三集瑞-KY,TWSE,158.0,160.5,157.0,158.0,121767.0,19286508.0,TWSE_RWD_JSON_MI_INDEX,data/daily_price/daily_price_20250117.csv,157.1,164.575,177.1333,178.4754,165.8587,-1.25,-3.0675,-8.4058,-38.9961,,162418.75,0.7497,176.0,242.0,284.0,149.5,142.0,142.0,-3.9951,-10.8017,-11.4724,-4.7382,-10.2273,-34.7107,-44.3662,11.2676,11.2676
20250120,6862,三集瑞-KY,TWSE,160.0,161.0,157.5,157.5,32698.0,5213884.0,TWSE_RWD_JSON_MI_INDEX,data/daily_price/daily_price_20250120.csv,158.0,163.8,176.0333,178.1371,165.1622,-0.3165,2.9412,-8.9595,-29.5302,,158737.05,0.206,174.5,230.5,284.0,149.5,142.0,142.0,-3.8462,-10.5283,-11.585,-4.6392,-9.7421,-31.6703,-44.5423,10.9155,10.9155
20250121,6862,三集瑞-KY,TWSE,157.5,159.5,155.5,157.5,50579.0,7947301.0,TWSE_RWD_JSON_MI_INDEX,data/daily_price/daily_price_20250121.csv,158.3,163.3,174.875,177.8095,164.5237,0.0,0.9615,-5.9701,-30.6167,,145541.05,0.3475,174.5,229.0,284.0,149.5,142.0,142.0,-3.5517,-9.9357,-11.4221,-4.2691,-9.7421,-31.2227,-44.5423,10.9155,10.9155
20250122,6862,三集瑞-KY,TWSE,160.0,160.0,156.5,157.0,45396.0,7136813.0,TWSE_RWD_JSON_MI_INDEX,data/daily_price/daily_price_20250122.csv,158.0,162.825,173.6917,177.4844,163.8967,-0.3175,-0.9464,-5.7057,-31.1404,,135806.65,0.3343,174.5,228.0,284.0,149.5,142.0,142.0,-3.5775,-9.6099,-11.5415,-4.2079,-10.0287,-31.1404,-44.7183,10.5634,10.5634
20250203,6862,三集瑞-KY,TWSE,154.0,154.0,149.0,150.5,156851.0,23649679.0,TWSE_RWD_JSON_MI_INDEX,data/daily_price/daily_price_20250203.csv,156.1,162.2,172.425,177.0692,162.7803,-4.1401,-5.9375,-7.6687,-33.5541,,115386.2,1.3594,174.5,228.0,284.0,149.0,142.0,142.0,-7.2133,-12.7157,-15.005,-7.5441,-13.7536,-33.9912,-47.007,5.9859,5.9859
20250204,6862,三集瑞-KY,TWSE,152.0,152.5,150.5,151.0,45974.0,6964266.0,TWSE_RWD_JSON_MI_INDEX,data/daily_price/daily_price_20250204.csv,154.7,161.075,171.175,176.6742,161.7986,0.3322,-4.4304,-12.9683,-33.1858,,94311.5,0.4875,172.0,223.0,284.0,149.0,142.0,142.0,-6.2549,-11.7862,-14.532,-6.6741,-12.2093,-32.287,-46.831,6.338,6.338
20250205,6862,三集瑞-KY,TWSE,153.5,161.0,152.5,158.0,164708.0,25830003.0,TWSE_RWD_JSON_MI_INDEX,data/daily_price/daily_price_20250205.csv,154.8,160.65,170.1583,176.3955,161.482,4.6358,0.3175,-5.1051,-27.8539,,89076.0,1.8491,172.0,222.0,284.0,149.0,142.0,142.0,-1.6495,-7.1453,-10.4286,-2.1563,-8.1395,-28.8288,-44.3662,11.2676,11.2676
20250206,6862,三集瑞-KY,TWSE,160.0,161.0,155.0,157.5,121900.0,19179562.0,TWSE_RWD_JSON_MI_INDEX,data/daily_price/daily_price_20250206.csv,154.8,160.325,169.4167,176.1176,161.1502,-0.3165,0.0,-3.9634,-22.0297,,90342.05,1.3493,172.0,222.0,284.0,149.0,142.0,142.0,-1.762,-7.0339,-10.5711,-2.2651,-8.4302,-29.0541,-44.5423,10.9155,10.9155
20250207,6862,三集瑞-KY,TWSE,158.0,164.0,157.0,158.5,124793.0,20007244.0,TWSE_RWD_JSON_MI_INDEX,data/daily_price/daily_price_20250207.csv,155.1,159.975,168.3583,175.8623,160.9294,0.6349,0.9554,-4.2296,-28.6036,,94376.35,1.3223,172.0,217.0,284.0,149.0,142.0,142.0,-0.922,-5.8556,-9.8727,-1.5096,-7.8488,-26.9585,-44.1901,11.6197,11.6197
20250210,6862,三集瑞-KY,TWSE,158.0,167.0,157.0,164.5,105366.0,17165861.0,TWSE_RWD_JSON_MI_INDEX,data/daily_price/daily_price_20250210.csv,157.9,159.975,167.6667,175.7,161.2269,3.7855,9.3023,0.0,-20.1456,,96545.95,1.0914,172.0,202.5,284.0,149.0,142.0,142.0,2.8286,-1.8887,-6.3745,2.0301,-4.3605,-18.7654,-42.0775,15.8451,15.8451
20250211,6862,三集瑞-KY,TWSE,164.0,164.5,157.5,159.5,165347.0,26601206.0,TWSE_RWD_JSON_MI_INDEX,data/daily_price/daily_price_20250211.csv,159.6,159.675,167.0833,175.4718,161.083,-3.0395,5.6291,-3.6254,-17.9949,,101083.4,1.6357,172.0,198.0,284.0,149.0,142.0,142.0,-0.1096,-4.5387,-9.1022,-0.9827,-7.2674,-19.4444,-43.838,12.3239,12.3239
20250212,6862,三集瑞-KY,TWSE,161.5,161.5,159.5,160.0,61854.0,9942653.0,TWSE_RWD_JSON_MI_INDEX,data/daily_price/daily_price_20250212.csv,160.0,159.2,166.6833,175.2569,160.9928,0.3135,1.2658,-5.6047,-13.0435,,96067.25,0.6439,172.0,198.0,284.0,149.0,142.0,142.0,0.5025,-4.0096,-8.7055,-0.6166,-6.9767,-19.1919,-43.662,12.6761,12.6761
20250213,6862,三集瑞-KY,TWSE,161.5,164.0,161.0,163.0,84257.0,13710953.0,TWSE_RWD_JSON_MI_INDEX,data/daily_price/daily_price_20250213.csv,161.1,158.9,166.4917,175.089,161.16,1.875,3.4921,-3.5503,-6.5903,,96082.45,0.8769,170.5,198.0,284.0,149.0,142.0,142.0,2.5802,-2.0972,-6.9045,1.1417,-4.3988,-17.6768,-42.6056,14.7887,14.7887
20250214,6862,三集瑞-KY,TWSE,162.5,162.5,160.5,160.5,50852.0,8197742.0,TWSE_RWD_JSON_MI_INDEX,data/daily_price/daily_price_20250214.csv,161.5,158.425,166.2167,174.8919,161.105,-1.5337,1.2618,-5.5882,-9.322,,95186.9,0.5342,169.0,198.0,284.0,149.0,142.0,142.0,1.3098,-3.4393,-8.229,-0.3755,-5.0296,-18.9394,-43.4859,13.0282,13.0282
20250217,6862,三集瑞-KY,TWSE,162.0,170.0,162.0,167.0,348619.0,58336185.0,TWSE_RWD_JSON_MI_INDEX,data/daily_price/daily_price_20250217.csv,162.0,158.525,166.2333,174.7867,161.5963,4.0498,1.5198,1.2121,0.6024,,107587.0,3.2403,170.0,198.0,284.0,149.0,142.0,142.0,5.3462,0.4612,-4.455,3.344,-1.7647,-15.6566,-41.1972,17.6056,17.6056
20250218,6862,三集瑞-KY,TWSE,166.5,168.0,164.0,166.5,116774.0,19361772.0,TWSE_RWD_JSON_MI_INDEX,data/daily_price/daily_price_20250218.csv,163.4,158.7,166.3333,174.6776,162.0049,-0.2994,4.3887,2.1472,3.7383,,110843.9,1.0535,170.0,198.0,284.0,149.0,142.0,142.0,4.9149,0.1002,-4.6816,2.7747,-2.0588,-15.9091,-41.3732,17.2535,17.2535
20250219,6862,三集瑞-KY,TWSE,168.0,179.0,167.0,176.5,480189.0,84544980.0,TWSE_RWD_JSON_MI_INDEX,data/daily_price/daily_price_20250219.csv,166.7,159.875,166.6583,174.7013,163.2128,6.006,10.3125,15.3595,12.4204,,123113.05,3.9004,179.0,198.0,284.0,149.0,142.0,142.0,10.3987,5.9053,1.0296,8.141,-1.3966,-10.8586,-37.8521,24.2958,24.2958
20250220,6862,三集瑞-KY,TWSE,176.0,176.0,170.5,174.5,224053.0,38651025.0,TWSE_RWD_JSON_MI_INDEX,data/daily_price/daily_price_20250220.csv,169.0,160.8,167.1417,174.6987,164.1534,-1.1331,7.0552,11.859,19.9313,,131281.45,1.7067,179.0,198.0,284.0,149.0,142.0,142.0,8.5199,4.4025,-0.1137,6.303,-2.514,-11.8687,-38.5563,22.8873,22.8873
20250221,6862,三集瑞-KY,TWSE,173.0,173.5,170.0,172.5,110725.0,19056078.0,TWSE_RWD_CSV_MI_INDEX,data/daily_price/daily_price_20250221.csv,171.4,161.5,167.5083,174.6709,164.849,-1.1461,7.4766,8.8328,14.6179,,133301.05,0.8306,179.0,198.0,284.0,149.0,146.5,142.0,6.8111,2.98,-1.2428,4.6412,-3.6313,-12.8788,-39.2606,17.7474,21.4789
20250224,6862,三集瑞-KY,TWSE,170.0,171.5,168.0,170.5,120185.0,20368799.0,TWSE_RWD_JSON_MI_INDEX,data/daily_price/daily_price_20250224.csv,172.1,162.025,167.7917,174.6188,165.3199,-1.1594,2.0958,6.5625,11.0749,,136644.35,0.8795,179.0,198.0,284.0,149.0,149.0,142.0,5.2307,1.6141,-2.3587,3.1334,-4.7486,-13.8889,-39.9648,14.4295,20.0704
20250225,6862,三集瑞-KY,TWSE,168.5,171.5,168.0,168.0,77988.0,13196184.0,TWSE_RWD_JSON_MI_INDEX,data/daily_price/daily_price_20250225.csv,172.4,162.525,167.7833,174.537,165.5432,-1.4663,0.9009,6.3291,-0.2967,,134455.4,0.58,179.0,198.0,284.0,149.0,149.0,142.0,3.3687,0.1291,-3.7454,1.4841,-6.1453,-15.1515,-40.8451,12.7517,18.3099
20250226,6862,三集瑞-KY,TWSE,167.0,170.0,166.5,167.0,45292.0,7597235.0,TWSE_RWD_JSON_MI_INDEX,data/daily_price/daily_price_20250226.csv,170.5,163.0,167.725,174.4451,165.6646,-0.5952,-5.3824,6.0317,-2.0528,,135085.1,0.3353,179.0,198.0,284.0,149.0,149.0,142.0,2.454,-0.4323,-4.2679,0.8061,-6.7039,-15.6566,-41.1972,12.0805,17.6056
20250227,6862,三集瑞-KY,TWSE,166.5,168.0,164.0,166.5,116774.0,19361772.0,TWSE_RWD_JSON_MI_INDEX,data/daily_price/daily_price_20250227.csv,168.9,163.45,167.6583,174.3494,165.7343,-0.2994,-4.5845,5.7143,-2.346,,138394.85,0.8438,179.0,198.0,284.0,149.0,149.0,142.0,1.866,-0.6909,-4.5021,0.462,-6.9832,-15.9091,-41.3732,11.745,17.2535
20250303,6862,三集瑞-KY,TWSE,160.0,162.5,159.0,159.5,77255.0,12375246.0,TWSE_RWD_JSON_MI_INDEX,data/daily_price/daily_price_20250303.csv,166.3,163.575,167.6583,174.1726,165.2147,-4.2042,-7.5362,1.5924,0.0,,139987.8,0.5519,179.0,198.0,284.0,149.0,149.0,142.0,-2.4912,-4.866,-8.4242,-3.459,-10.8939,-19.4444,-43.838,7.047,12.3239
20250304,6862,三集瑞-KY,TWSE,157.0,160.5,157.0,160.0,70364.0,11187064.0,TWSE_RWD_JSON_MI_INDEX,data/daily_price/daily_price_20250304.csv,164.2,164.05,167.65,174.0059,164.7802,0.3135,-6.1584,6.3123,-0.3115,,135663.45,0.5187,179.0,198.0,284.0,150.5,149.0,142.0,-2.4688,-4.5631,-8.0491,-2.9009,-10.6145,-19.1919,-43.662,7.3826,12.6761
20250305,6862,三集瑞-KY,TWSE,160.0,160.5,159.0,159.5,68860.0,10994702.0,TWSE_RWD_JSON_MI_INDEX,data/daily_price/daily_price_20250305.csv,162.5,164.475,167.7,173.8372,164.3402,-0.3125,-5.0595,5.6291,1.9169,,136807.75,0.5033,179.0,198.0,284.0,152.5,149.0,142.0,-3.0248,-4.8897,-8.2475,-2.9452,-10.8939,-19.4444,-43.838,7.047,12.3239
20250306,6862,三集瑞-KY,TWSE,160.0,161.0,159.0,159.0,46079.0,7353019.0,TWSE_RWD_JSON_MI_INDEX,data/daily_price/daily_price_20250306.csv,160.9,164.525,167.5917,173.6667,163.8951,-0.3135,-4.7904,0.6329,-3.9275,,130876.3,0.3521,179.0,198.0,284.0,155.0,149.0,142.0,-3.3582,-5.1265,-8.4453,-2.9868,-11.1732,-19.697,-44.0141,6.7114,11.9718
20250307,6862,三集瑞-KY,TWSE,157.5,159.0,156.0,156.5,121855.0,19193648.0,TWSE_RWD_JSON_MI_INDEX,data/daily_price/daily_price_20250307.csv,158.9,164.475,167.4083,173.4716,163.2789,-1.5723,-6.006,-0.6349,-6.5672,,130874.05,0.9311,179.0,198.0,284.0,156.0,149.0,142.0,-4.8488,-6.516,-9.7835,-4.1517,-12.5698,-20.9596,-44.8944,5.0336,10.2113
20250310,6862,三集瑞-KY,TWSE,155.5,156.0,154.0,154.5,56993.0,8834138.0,TWSE_RWD_JSON_MI_INDEX,data/daily_price/daily_price_20250310.csv,157.9,164.275,166.9417,173.2584,162.5473,-1.278,-3.1348,-2.5237,-15.3425,,127484.05,0.4471,179.0,198.0,284.0,154.0,149.0,142.0,-5.9504,-7.4527,-10.8268,-4.9507,-13.6872,-21.9697,-45.5986,3.6913,8.8028
20250311,6862,三集瑞-KY,TWSE,152.5,159.0,150.5,159.0,109651.0,17160463.0,TWSE_RWD_JSON_MI_INDEX,data/daily_price/daily_price_20250311.csv,157.7,164.0,166.5417,173.1,162.2517,2.9126,-0.625,-3.3435,-13.1148,,127698.3,0.8587,179.0,198.0,284.0,150.5,149.0,142.0,-3.0488,-4.5284,-8.1456,-2.0041,-11.1732,-19.697,-44.0141,6.7114,11.9718
20250312,6862,三集瑞-KY,TWSE,159.5,163.0,159.0,161.0,65311.0,10558635.0,TWSE_RWD_JSON_MI_INDEX,data/daily_price/daily_price_20250312.csv,158.0,164.075,166.225,172.967,162.1474,1.2579,0.9404,0.9404,-10.5556,,122696.5,0.5323,179.0,198.0,284.0,150.5,149.0,142.0,-1.8741,-3.1433,-6.9187,-0.7076,-10.0559,-18.6869,-43.3099,8.0537,13.3803
20250313,6862,三集瑞-KY,TWSE,163.5,163.5,159.5,159.5,51087.0,8203198.0,TWSE_RWD_JSON_MI_INDEX,data/daily_price/daily_price_20250313.csv,158.1,164.05,165.6083,172.8207,161.9268,-0.9317,0.3145,-0.3125,-18.8295,,122158.15,0.4182,179.0,198.0,284.0,150.5,149.0,142.0,-2.7735,-3.6884,-7.7078,-1.4987,-10.8939,-19.4444,-43.838,7.047,12.3239
20250314,6862,三集瑞-KY,TWSE,158.0,159.5,158.0,159.0,39900.0,6336949.0,TWSE_RWD_JSON_MI_INDEX,data/daily_price/daily_price_20250314.csv,158.6,163.85,165.0333,172.672,161.6829,-0.3135,1.5974,-2.454,-17.8295,,119940.3,0.3327,179.0,193.5,284.0,150.5,149.0,142.0,-2.96,-3.6558,-7.9179,-1.6593,-11.1732,-17.8295,-44.0141,6.7114,11.9718
20250317,6862,三集瑞-KY,TWSE,159.0,161.0,156.0,158.5,121317.0,19149515.0,TWSE_RWD_JSON_MI_INDEX,data/daily_price/daily_price_20250317.csv,159.4,163.75,164.5083,172.5213,161.4176,-0.3145,2.589,-1.2461,-16.5789,,123463.55,0.9826,179.0,190.0,284.0,150.5,149.0,142.0,-3.2061,-3.6523,-8.1273,-1.8075,-11.4525,-16.5789,-44.1901,6.3758,11.6197
20250318,6862,三集瑞-KY,TWSE,159.5,160.5,158.0,160.0,43356.0,6915436.0,TWSE_RWD_JSON_MI_INDEX,data/daily_price/daily_price_20250318.csv,159.6,163.4,164.1417,172.3895,161.2995,0.9464,0.6289,-4.1916,-12.0879,,108200.4,0.4007,179.0,186.5,284.0,150.5,149.0,142.0,-2.0808,-2.5232,-7.1869,-0.8056,-10.6145,-14.2091,-43.662,7.3826,12.6761
20250319,6862,三集瑞-KY,TWSE,161.5,164.0,160.5,161.5,87031.0,14121163.0,TWSE_RWD_JSON_MI_INDEX,data/daily_price/daily_price_20250319.csv,159.7,163.15,163.7667,172.276,161.3162,0.9375,0.3106,-3.003,-12.2283,,106713.25,0.8156,179.0,182.5,284.0,150.5,149.0,142.0,-1.0113,-1.3841,-6.2551,0.1139,-9.7765,-11.5068,-43.1338,8.3893,13.7324
20250320,6862,三集瑞-KY,TWSE,162.5,162.5,159.5,160.5,45923.0,7374374.0,TWSE_RWD_JSON_MI_INDEX,data/daily_price/daily_price_20250320.csv,159.9,162.35,163.45,172.1546,161.2482,-0.6192,0.627,-9.0652,-10.585,,84999.95,0.5403,176.0,180.0,284.0,150.5,149.0,142.0,-1.1395,-1.8048,-6.7699,-0.464,-8.8068,-10.8333,-43.4859,7.7181,13.0282
20250321,6862,三集瑞-KY,TWSE,159.0,159.5,157.5,158.5,37036.0,5874686.0,TWSE_RWD_JSON_MI_INDEX,data/daily_price/daily_price_20250321.csv,159.8,161.55,163.125,172.0153,161.0192,-1.2461,-0.3145,-9.1691,-10.9551,,75649.1,0.4896,173.5,180.0,284.0,150.5,149.0,142.0,-1.888,-2.8352,-7.857,-1.5645,-8.6455,-11.9444,-44.1901,6.3758,11.6197
20250324,6862,三集瑞-KY,TWSE,159.5,160.0,156.0,156.5,37580.0,5899960.0,TWSE_RWD_JSON_MI_INDEX,data/daily_price/daily_price_20250324.csv,159.4,160.75,162.75,171.8586,160.6426,-1.2618,-1.2618,-9.2754,-12.5698,,71991.85,0.522,171.5,179.0,284.0,150.5,149.0,142.0,-2.6439,-3.8402,-8.9368,-2.5788,-8.7464,-12.5698,-44.8944,5.0336,10.2113
20250325,6862,三集瑞-KY,TWSE,157.5,158.5,155.0,157.5,50530.0,7903523.0,TWSE_RWD_JSON_MI_INDEX,data/daily_price/daily_price_20250325.csv,158.9,160.1,162.475,171.715,160.3807,0.639,-1.5625,-7.6246,-9.4828,,68509.1,0.7376,171.5,179.0,284.0,150.5,149.0,142.0,-1.624,-3.062,-8.2783,-1.7962,-8.1633,-12.0112,-44.5423,5.7047,10.9155
20250326,6862,三集瑞-KY,TWSE,158.0,159.0,158.0,158.5,33763.0,5348585.0,TWSE_RWD_JSON_MI_INDEX,data/daily_price/daily_price_20250326.csv,158.3,159.625,162.2417,171.5842,160.224,0.6349,-1.8576,-5.6548,-8.1159,,66297.85,0.5093,170.0,179.0,284.0,150.5,149.0,142.0,-0.7048,-2.3062,-7.6255,-1.076,-6.7647,-11.4525,-44.1901,6.3758,11.6197
20250327,6862,三集瑞-KY,TWSE,157.0,158.5,156.5,157.5,23549.0,3705624.0,TWSE_RWD_JSON_MI_INDEX,data/daily_price/daily_price_20250327.csv,157.7,159.15,161.9833,171.4461,159.997,-0.6309,-1.8692,-5.6886,-8.9595,,65210.7,0.3611,168.0,179.0,284.0,150.5,149.0,142.0,-1.0368,-2.7678,-8.1344,-1.5606,-6.25,-12.0112,-44.5423,5.7047,10.9155
20250328,6862,三集瑞-KY,TWSE,155.0,157.0,153.5,155.5,50773.0,7875422.0,TWSE_RWD_JSON_MI_INDEX,data/daily_price/daily_price_20250328.csv,157.1,158.6,161.7833,171.2913,159.6222,-1.2698,-1.8927,-6.6066,-7.1642,,61910.65,0.8201,164.0,179.0,284.0,150.5,149.0,142.0,-1.9546,-3.8838,-9.219,-2.5825,-5.1829,-13.1285,-45.2465,4.3624,9.507
20250331,6862,三集瑞-KY,TWSE,150.0,152.0,143.0,150.0,160743.0,23840972.0,TWSE_RWD_JSON_MI_INDEX,data/daily_price/daily_price_20250331.csv,155.8,158.125,161.5083,171.0865,158.8204,-3.537,-4.1534,-5.9561,-9.9099,,66085.05,2.4324,164.0,179.0,284.0,143.0,143.0,142.0,-5.1383,-7.1255,-12.3251,-5.5537,-8.5366,-16.2011,-47.1831,4.8951,5.6338
20250401,6862,三集瑞-KY,TWSE,150.0,151.0,149.0,149.5,35671.0,5352875.0,TWSE_RWD_JSON_MI_INDEX,data/daily_price/daily_price_20250401.csv,154.2,157.6,161.2833,170.881,158.0437,-0.3333,-5.0794,-6.5625,-8.2822,,64350.4,0.5543,164.0,179.0,284.0,143.0,143.0,142.0,-5.1396,-7.306,-12.5122,-5.4059,-8.8415,-16.4804,-47.3592,4.5455,5.2817
20250402,6862,三集瑞-KY,TWSE,147.5,151.5,147.5,150.5,54796.0,8218225.0,TWSE_RWD_JSON_MI_INDEX,data/daily_price/daily_price_20250402.csv,152.6,157.15,160.9,170.6887,157.415,0.6689,-5.0473,-5.6426,-13.2565,,63647.2,0.8609,164.0,179.0,284.0,143.0,143.0,142.0,-4.2316,-6.4636,-11.8278,-4.3929,-8.2317,-15.9218,-47.007,5.2448,5.9859
20250407,6862,三集瑞-KY,listed,135.5,135.5,135.5,135.5,51355.0,6958597.0,,data/daily_price/20250407.csv,148.2,155.975,160.3833,170.3598,155.5888,-9.9668,-13.9683,-14.7799,-18.6186,,63911.0,0.8035,164.0,179.0,284.0,135.5,135.5,135.5,-13.1271,-15.5149,-20.4625,-12.9115,-17.378,-24.3017,-52.2887,0.0,0.0
20250408,6862,三集瑞-KY,listed,122.0,124.0,122.0,122.0,160189.0,19567107.0,,data/daily_price/20250408.csv,141.5,154.25,159.6833,169.912,152.7897,-9.9631,-21.5434,-22.0447,-25.6098,,65827.7,2.4335,164.0,179.0,284.0,122.0,122.0,122.0,-20.9076,-23.5988,-28.1981,-20.1517,-25.6098,-31.8436,-57.0423,0.0,0.0
20250409,6862,三集瑞-KY,listed,118.5,118.5,110.0,110.0,111634.0,12397851.0,,data/daily_price/20250409.csv,133.5,152.025,158.7583,169.3624,149.2239,-9.8361,-26.6667,-28.8026,-33.5347,,68559.75,1.6283,164.0,179.0,284.0,110.0,110.0,110.0,-27.6435,-30.7123,-35.0505,-26.2853,-32.9268,-38.5475,-61.2676,0.0,0.0
20250410,6862,三集瑞-KY,listed,121.0,121.0,116.5,121.0,207648.0,24931208.0,,data/daily_price/20250410.csv,127.8,150.125,158.0333,168.9227,146.8719,10.0,-19.0635,-23.8994,-26.4438,,73459.6,2.8267,164.0,179.0,284.0,110.0,110.0,110.0,-19.4005,-23.4339,-28.3696,-17.6153,-26.2195,-32.4022,-57.3944,10.0,10.0
20250414,6862,三集瑞-KY,listed,117.0,123.0,117.0,120.0,159174.0,19137992.0,,data/daily_price/20250414.csv,121.7,148.075,157.275,168.482,144.6326,-0.8264,-20.2658,-25.4658,-27.4924,,78152.75,2.0367,164.0,179.0,284.0,110.0,110.0,110.0,-18.96,-23.7005,-28.7758,-17.0311,-26.8293,-32.9609,-57.7465,9.0909,9.0909
20250415,6862,三集瑞-KY,listed,118.5,126.5,118.5,125.0,153397.0,18817857.0,,data/daily_price/20250415.csv,119.6,146.35,156.5333,168.0938,142.9965,4.1667,-7.7491,-21.6301,-26.2537,,83268.25,1.8422,164.0,179.0,284.0,110.0,110.0,110.0,-14.5883,-20.1448,-25.6367,-12.5853,-23.7805,-30.1676,-55.9859,13.6364,13.6364
20250416,6862,三集瑞-KY,listed,122.0,124.5,120.5,120.5,80090.0,9737545.0,,data/daily_price/20250416.csv,119.3,144.425,155.725,167.6726,141.1218,-3.6,-1.2295,-24.2138,-28.6982,,85277.75,0.9392,164.0,179.0,284.0,110.0,110.0,110.0,-16.5657,-22.62,-28.1337,-14.6128,-26.5244,-32.6816,-57.5704,9.5455,9.5455
20250417,6862,三集瑞-KY,listed,118.5,120.0,117.0,118.5,51744.0,6128592.0,,data/daily_price/20250417.csv,121.0,142.425,154.8667,167.2412,139.2367,-1.6598,7.7273,-25.2366,-30.2941,,81799.1,0.6326,164.0,179.0,284.0,110.0,110.0,110.0,-16.7983,-23.4826,-29.1443,-14.8931,-27.7439,-33.7989,-58.2746,7.7273,7.7273
20250418,6862,三集瑞-KY,listed,118.5,124.5,118.5,122.5,107201.0,13089355.0,,data/daily_price/20250418.csv,121.3,140.55,154.1583,166.8522,137.842,3.3755,1.2397,-23.4375,-25.7576,,84991.35,1.2613,164.0,179.0,284.0,110.0,110.0,110.0,-12.8424,-20.5362,-26.5817,-11.1301,-25.3049,-31.5642,-56.8662,11.3636,11.3636
20250421,6862,三集瑞-KY,listed,121.5,121.5,116.0,116.0,73157.0,8644682.0,,data/daily_price/20250421.csv,120.5,138.275,153.375,166.4138,136.0218,-5.3061,-3.3333,-28.1734,-28.8344,,84297.65,0.8678,162.5,179.0,284.0,110.0,110.0,110.0,-16.1092,-24.3684,-30.2942,-14.7195,-28.6154,-35.1955,-59.1549,5.4545,5.4545
20250422,6862,三集瑞-KY,listed,113.5,116.0,113.0,115.5,46331.0,5310123.0,,data/daily_price/20250422.csv,118.6,136.025,152.75,165.9786,134.3116,-0.431,-7.6,-28.0374,-24.5098,,84318.05,0.5495,160.0,179.0,284.0,110.0,110.0,110.0,-15.0891,-24.3863,-30.4127,-14.006,-27.8125,-35.4749,-59.331,5.0,5.0
20250423,6862,三集瑞-KY,listed,119.0,121.0,118.5,120.0,54587.0,6536132.0,,data/daily_price/20250423.csv,118.5,134.1,152.15,165.589,133.119,3.8961,-0.4149,-24.2902,-23.0769,,85195.6,0.6407,160.0,179.0,284.0,110.0,110.0,110.0,-10.5145,-21.1305,-27.5314,-9.8551,-25.0,-32.9609,-57.7465,9.0909,9.0909
20250424,6862,三集瑞-KY,listed,118.5,119.5,118.0,119.0,19115.0,2263659.0,,data/daily_price/20250424.csv,118.6,132.225,151.4917,165.1975,131.9424,-0.8333,0.4219,-23.9617,-24.9211,,84272.35,0.2268,159.0,179.0,284.0,110.0,110.0,110.0,-10.0019,-21.4478,-27.965,-9.8091,-25.1572,-33.5196,-58.0986,8.1818,8.1818
20250425,6862,三集瑞-KY,listed,120.0,130.5,120.0,130.0,234255.0,29879400.0,,data/daily_price/20250425.csv,120.1,130.85,150.9917,164.9042,131.7806,9.2437,6.1224,-17.4603,-18.75,,93458.6,2.5065,159.0,179.0,284.0,110.0,110.0,110.0,-0.6496,-13.9025,-21.1663,-1.3511,-18.239,-27.3743,-54.2254,18.1818,18.1818
20250428,6862,三集瑞-KY,listed,126.0,128.0,125.5,126.0,78068.0,9859520.0,,data/daily_price/20250428.csv,122.1,129.225,150.4583,163.7958,131.2988,-3.0769,8.6207,-20.5047,-20.2532,-51.3514,95673.85,0.816,158.5,179.0,242.0,110.0,110.0,110.0,-2.4956,-16.2559,-23.075,-4.0357,-20.5047,-29.6089,-47.9339,14.5455,14.5455
20250429,6862,三集瑞-KY,listed,126.0,129.5,126.0,129.5,115883.0,14885464.0,,data/daily_price/20250429.csv,124.9,127.825,149.9917,163.0125,131.1489,2.7778,12.1212,-17.7778,-17.7778,-42.0582,100290.55,1.1555,157.0,179.0,230.5,110.0,110.0,110.0,1.3104,-13.6619,-20.5582,-1.2573,-17.5159,-27.6536,-43.8178,17.7273,17.7273
20250430,6862,三集瑞-KY,listed,132.0,136.5,128.0,128.5,203188.0,26786267.0,,data/daily_price/20250430.csv,126.6,126.475,149.5083,162.1917,130.9282,-0.7722,7.0833,-17.3633,-18.4127,-43.3921,107911.3,1.8829,152.0,179.0,229.0,110.0,110.0,110.0,1.6011,-14.0516,-20.7727,-1.8546,-15.4605,-28.2123,-43.8865,16.8182,16.8182
20250502,6862,三集瑞-KY,listed,131.0,132.5,130.0,130.0,90350.0,11853962.0,,data/daily_price/20250502.csv,128.8,125.475,149.0583,161.375,130.8508,1.1673,9.2437,-13.3333,-17.1975,-42.9825,104391.65,0.8655,151.5,179.0,228.0,110.0,110.0,110.0,3.6063,-12.7858,-19.4423,-0.6502,-14.1914,-27.3743,-42.9825,18.1818,18.1818
20250505,6862,三集瑞-KY,listed,129.5,129.5,122.0,125.5,158737.0,19906938.0,,data/daily_price/20250505.csv,127.9,124.275,148.6417,160.5333,130.4049,-3.4615,-3.4615,-16.0535,-16.6113,-44.5916,110544.95,1.4359,151.5,179.0,228.0,110.0,110.0,110.0,0.9857,-15.5688,-21.8231,-3.7613,-17.1617,-29.8883,-44.9561,14.0909,14.0909
20250506,6862,三集瑞-KY,listed,125.5,130.0,123.0,130.0,72940.0,9326789.0,,data/daily_price/20250506.csv,128.7,123.25,148.2917,159.7333,130.3712,3.5857,3.1746,-13.6213,-13.9073,-42.4779,111452.15,0.6545,136.5,179.0,223.0,110.0,110.0,110.0,5.4767,-12.3349,-18.6144,-0.2847,-4.7619,-27.3743,-41.704,18.1818,18.1818
20250507,6862,三集瑞-KY,listed,143.0,143.0,137.0,139.0,773254.0,109097902.0,,data/daily_price/20250507.csv,130.6,123.425,147.975,159.0667,131.0903,6.9231,7.3359,2.583,-12.0253,-36.5297,147547.1,5.2407,143.0,179.0,222.0,110.0,110.0,110.0,12.619,-6.0652,-12.6153,6.0338,-2.7972,-22.3464,-37.3874,26.3636,26.3636
20250508,6862,三集瑞-KY,listed,140.5,150.0,139.5,143.0,511255.0,74298357.0,,data/daily_price/20250508.csv,133.5,124.475,147.7333,158.575,132.0827,2.8777,11.284,17.2131,-9.2063,-29.2079,165100.4,3.0966,150.0,179.0,222.0,110.0,110.0,110.0,14.8825,-3.204,-9.8219,8.2655,-4.6667,-20.1117,-35.5856,30.0,30.0
20250509,6862,三集瑞-KY,listed,143.5,146.0,140.0,141.5,229240.0,32592967.0,,data/daily_price/20250509.csv,135.8,126.05,147.45,157.9042,132.8675,-1.049,8.8462,28.6364,-10.7256,-36.2613,170980.7,1.3407,150.0,179.0,217.0,113.0,110.0,110.0,12.257,-4.0353,-10.3887,6.4971,-5.6667,-20.9497,-34.7926,28.6364,28.6364
20250512,6862,三集瑞-KY,listed,142.0,144.0,140.0,142.0,231999.0,32813144.0,,data/daily_price/20250512.csv,139.1,127.1,147.075,157.3708,133.6286,0.3534,13.1474,17.3554,-13.6778,-31.068,172198.25,1.3473,150.0,179.0,202.5,113.0,110.0,110.0,11.7231,-3.4506,-9.7673,6.2647,-5.3333,-20.6704,-29.8765,29.0909,29.0909
20250513,6862,三集瑞-KY,listed,146.5,149.5,144.5,146.0,279341.0,40920452.0,,data/daily_price/20250513.csv,142.3,128.4,146.85,156.9667,134.6595,2.8169,12.3077,21.6667,-8.4639,-24.9357,178206.6,1.5675,150.0,179.0,198.0,113.0,110.0,110.0,13.7072,-0.5788,-6.9866,8.4216,-2.6667,-18.4358,-26.2626,32.7273,32.7273
20250514,6862,三集瑞-KY,listed,149.0,150.0,145.5,150.0,195223.0,28824828.0,,data/daily_price/20250514.csv,144.5,129.65,146.6833,156.6833,135.9379,2.7397,7.9137,20.0,-6.25,-18.4783,180297.9,1.0828,150.0,179.0,198.0,113.0,110.0,110.0,15.6961,2.2611,-4.2655,10.3445,0.0,-16.2011,-24.2424,36.3636,36.3636
20250515,6862,三集瑞-KY,listed,149.5,153.0,147.0,150.5,218855.0,32789673.0,,data/daily_price/20250515.csv,146.0,131.15,146.475,156.4833,137.1514,0.3333,5.2448,24.8963,-7.6687,-13.7536,187236.15,1.1689,153.0,179.0,198.0,113.0,110.0,110.0,14.7541,2.7479,-3.8236,9.7328,-1.634,-15.9218,-23.9899,36.8182,36.8182
20250516,6862,三集瑞-KY,listed,151.0,151.0,146.5,148.0,159334.0,23593248.0,,data/daily_price/20250516.csv,147.3,132.625,146.2667,156.2417,138.0554,-1.6611,4.5936,24.8945,-7.7882,-16.3842,192615.65,0.8272,153.0,179.0,198.0,113.0,110.0,110.0,11.5928,1.1851,-5.2749,7.2033,-3.268,-17.3184,-25.2525,34.5455,34.5455
20250519,6862,三集瑞-KY,listed,148.5,148.5,143.5,143.5,107932.0,15703547.0,,data/daily_price/20250519.csv,147.6,133.675,145.875,156.0542,138.5092,-3.0405,1.0563,17.1429,-14.0719,-13.5542,192652.2,0.5602,153.0,179.0,198.0,113.0,110.0,110.0,7.3499,-1.6281,-8.0447,3.6033,-6.2092,-19.8324,-27.5253,30.4545,30.4545
20250520,6862,三集瑞-KY,listed,144.5,146.0,143.5,144.0,64883.0,9374879.0,,data/daily_price/20250520.csv,147.2,135.075,145.5,155.9167,138.9667,0.3484,-1.3699,24.1379,-13.5135,-10.2804,192238.5,0.3375,153.0,179.0,198.0,113.0,110.0,110.0,6.6074,-1.0309,-7.643,3.6219,-5.8824,-19.5531,-27.2727,30.9091,30.9091
20250522,6862,三集瑞-KY,listed,143.0,145.5,143.0,144.5,37871.0,5473443.0,,data/daily_price/20250522.csv,146.1,136.525,144.9667,155.8125,139.4278,0.3472,-3.6667,25.1082,-18.1303,-7.9618,191815.5,0.1974,153.0,176.0,198.0,118.0,110.0,110.0,5.8414,-0.3219,-7.2603,3.6378,-5.5556,-17.8977,-27.0202,31.3636,31.3636
20250523,6862,三集瑞-KY,listed,145.0,145.0,143.5,143.5,30637.0,4411300.0,,data/daily_price/20250523.csv,144.7,137.7,144.45,155.7958,139.7672,-0.692,-4.6512,19.5833,-17.765,-1.3746,190618.0,0.1607,153.0,173.5,198.0,118.0,110.0,110.0,4.2121,-0.6577,-7.8923,2.6707,-6.2092,-17.2911,-27.5253,30.4545,30.4545
20250526,6862,三集瑞-KY,listed,142.5,144.0,142.5,143.5,28958.0,4152990.0,,data/daily_price/20250526.csv,143.8,138.925,143.9667,155.7375,140.0782,0.0,-3.0405,20.5882,-16.8116,-4.6512,191110.15,0.1515,153.0,171.5,198.0,120.0,110.0,110.0,3.2931,-0.3241,-7.8578,2.4427,-6.2092,-16.3265,-27.5253,30.4545,30.4545
20250527,6862,三集瑞-KY,listed,144.5,144.5,140.5,140.5,57306.0,8116075.0,,data/daily_price/20250527.csv,143.2,139.45,143.4667,155.6292,140.1134,-2.0906,-2.0906,8.0769,-17.5953,-8.4691,182262.7,0.3144,153.0,171.5,198.0,122.0,110.0,110.0,0.753,-2.0678,-9.7213,0.2759,-8.1699,-18.0758,-29.0404,27.7273,27.7273
20250528,6862,三集瑞-KY,listed,141.5,142.0,138.5,138.5,77446.0,10856171.0,,data/daily_price/20250528.csv,142.1,140.075,142.975,155.3792,139.9789,-1.4235,-3.8194,9.9206,-17.5595,-17.8042,182231.6,0.425,153.0,170.0,198.0,122.0,110.0,110.0,-1.1244,-3.1299,-10.8632,-1.0565,-9.4771,-18.5294,-30.0505,25.9091,25.9091
20250529,6862,三集瑞-KY,listed,140.0,140.5,138.5,140.0,29140.0,4069030.0,,data/daily_price/20250529.csv,141.2,140.6,142.525,155.125,139.9807,1.083,-3.1142,8.1081,-16.1677,-17.8886,177894.45,0.1638,153.0,168.0,198.0,122.0,110.0,110.0,-0.4267,-1.7716,-9.7502,0.0138,-8.4967,-16.6667,-29.2929,27.2727,27.2727
20250602,6862,三集瑞-KY,listed,140.0,140.0,133.5,134.0,64762.0,8758739.0,,data/daily_price/20250602.csv,139.3,140.875,141.9833,154.8208,139.4823,-4.2857,-6.6202,4.2802,-19.5195,-21.4076,170973.15,0.3788,153.0,164.0,198.0,122.0,110.0,110.0,-4.8802,-5.6227,-13.4483,-3.9305,-12.4183,-18.2927,-32.3232,21.8182,21.8182
20250603,6862,三集瑞-KY,listed,135.0,135.0,132.5,133.0,38994.0,5205148.0,,data/daily_price/20250603.csv,137.2,141.025,141.5417,154.6,138.9421,-0.7463,-7.3171,2.3077,-16.6144,-16.6144,168405.35,0.2315,153.0,164.0,198.0,122.0,110.0,110.0,-5.6905,-6.0347,-13.9715,-4.2767,-13.0719,-18.9024,-32.8283,20.9091,20.9091
20250604,6862,三集瑞-KY,listed,133.0,138.5,133.0,136.0,118388.0,16118106.0,,data/daily_price/20250604.csv,136.3,141.55,141.1417,154.3958,138.6969,2.2556,-3.2028,8.3665,-15.0,-15.2648,166387.9,0.7115,153.0,164.0,198.0,123.0,110.0,110.0,-3.9209,-3.6429,-11.9147,-1.9445,-11.1111,-17.0732,-31.3131,23.6364,23.6364
20250605,6862,三集瑞-KY,listed,137.0,138.5,136.0,137.5,68497.0,9413262.0,,data/daily_price/20250605.csv,136.1,141.925,140.775,154.2375,138.5972,1.1029,-0.722,5.7692,-13.7931,-12.1406,166165.75,0.4122,153.0,164.0,198.0,132.5,110.0,110.0,-3.1178,-2.3264,-10.8518,-0.7916,-10.1307,-16.1585,-30.5556,25.0,25.0
20250606,6862,三集瑞-KY,listed,140.0,140.0,135.0,135.0,55870.0,7626454.0,,data/daily_price/20250606.csv,135.1,141.725,140.375,153.9833,138.2974,-1.8182,-3.5714,-2.8777,-15.0943,-18.429,130296.55,0.4288,153.0,164.0,198.0,132.5,110.0,110.0,-4.7451,-3.829,-12.3282,-2.3843,-11.7647,-17.6829,-31.8182,22.7273,22.7273
20250609,6862,三集瑞-KY,listed,135.0,135.5,133.0,133.5,75928.0,10148021.0,,data/daily_price/20250609.csv,135.0,141.25,139.9917,153.7,137.8976,-1.1111,-0.3731,-6.6434,-14.6965,-20.2985,108530.2,0.6996,153.0,164.0,198.0,132.5,110.0,110.0,-5.4867,-4.6372,-13.1425,-3.1891,-12.7451,-18.5976,-32.5758,21.3636,21.3636
20250610,6862,三集瑞-KY,listed,135.0,137.0,133.5,134.5,110632.0,14969264.0,,data/daily_price/20250610.csv,135.3,140.9,139.6583,153.3,137.6145,0.7491,1.1278,-4.947,-12.945,-26.3014,102599.8,1.0783,153.0,164.0,198.0,132.5,110.0,110.0,-4.5422,-3.6935,-12.2635,-2.2632,-12.0915,-17.9878,-32.0707,22.2727,22.2727
20250611,6862,三集瑞-KY,listed,136.0,137.0,134.5,136.0,93227.0,12683454.0,,data/daily_price/20250611.csv,135.3,140.6,139.275,152.9083,137.48,1.1152,0.0,-4.2254,-14.4654,-25.6831,95661.2,0.9746,153.0,164.0,198.0,132.5,110.0,110.0,-3.2717,-2.3515,-11.0578,-1.0765,-11.1111,-17.0732,-31.3131,23.6364,23.6364
20250612,6862,三集瑞-KY,listed,135.5,141.0,135.5,141.0,194564.0,27071994.0,,data/daily_price/20250612.csv,136.0,140.35,138.9417,152.5833,137.7733,3.6765,2.5455,-3.4247,-12.4224,-21.6667,91422.35,2.1282,153.0,164.0,198.0,132.5,110.0,110.0,0.4631,1.4814,-7.5915,2.342,-7.8431,-14.0244,-28.7879,28.1818,28.1818
20250613,6862,三集瑞-KY,listed,143.5,143.5,133.5,139.0,253197.0,34973326.0,,data/daily_price/20250613.csv,136.8,139.8,138.6,152.1042,137.8755,-1.4184,2.963,-7.3333,-12.8527,-29.2621,94321.05,2.6844,153.0,164.0,198.0,132.5,110.0,110.0,-0.5722,0.2886,-8.6153,0.8156,-9.1503,-15.2439,-29.798,26.3636,26.3636
20250616,6862,三集瑞-KY,listed,137.0,138.5,135.0,137.5,63854.0,8752136.0,,data/daily_price/20250616.csv,137.6,139.15,138.2417,151.6375,137.8442,-1.0791,2.9963,-8.6379,-13.522,-28.9406,86571.0,0.7376,151.0,164.0,193.5,132.5,110.0,110.0,-1.1858,-0.5365,-9.3232,-0.2497,-8.9404,-16.1585,-28.9406,25.0,25.0
20250617,6862,三集瑞-KY,listed,139.0,140.5,138.0,139.0,66221.0,9236444.0,,data/daily_price/20250617.csv,138.5,138.7,137.9167,151.2125,137.9405,1.0909,3.3457,-6.0811,-12.3028,-26.8421,81915.35,0.8084,148.5,164.0,190.0,132.5,110.0,110.0,0.2163,0.7855,-8.0764,0.7681,-6.3973,-15.2439,-26.8421,26.3636,26.3636
20250618,6862,三集瑞-KY,listed,140.5,140.5,137.0,139.0,73488.0,10240767.0,,data/daily_price/20250618.csv,139.1,138.475,137.5667,150.8542,138.0288,0.0,2.2059,-3.1359,-13.125,-23.6264,80193.15,0.9164,146.0,164.0,186.5,132.5,110.0,110.0,0.3791,1.0419,-7.858,0.7036,-4.7945,-15.2439,-25.4692,26.3636,26.3636
20250619,6862,三集瑞-KY,listed,138.0,139.0,136.0,136.0,65017.0,8913494.0,,data/daily_price/20250619.csv,138.1,138.075,137.1417,150.4542,137.8598,-2.1583,-3.5461,-5.5556,-15.7895,-26.087,80199.85,0.8107,145.5,162.5,182.5,132.5,110.0,110.0,-1.5028,-0.8325,-9.607,-1.349,-6.5292,-16.3077,-25.4795,23.6364,23.6364
20250620,6862,三集瑞-KY,listed,135.0,135.0,131.5,132.5,76103.0,10121030.0,,data/daily_price/20250620.csv,136.8,137.475,136.675,150.0625,137.4131,-2.5735,-4.6763,-8.3045,-17.4455,-26.1838,82111.45,0.9268,145.0,160.0,180.0,131.5,110.0,110.0,-3.6188,-3.0547,-11.7035,-3.5754,-8.6207,-17.1875,-26.3889,20.4545,20.4545
20250623,6862,三集瑞-KY,listed,131.0,132.0,126.0,130.5,146116.0,18792720.0,,data/daily_price/20250623.csv,135.4,136.825,136.2083,149.6667,136.837,-1.5094,-5.0909,-9.0592,-17.6656,-26.6854,87885.4,1.6626,144.5,160.0,180.0,126.0,110.0,110.0,-4.6227,-4.1909,-12.8062,-4.6311,-9.6886,-18.4375,-27.5,18.6364,18.6364
20250624,6862,三集瑞-KY,listed,133.0,136.5,133.0,134.5,57638.0,7791383.0,,data/daily_price/20250624.csv,134.5,136.375,135.8417,149.2958,136.6423,3.0651,-3.2374,-6.2718,-14.0575,-24.8603,89319.4,0.6453,144.5,159.0,179.0,126.0,110.0,110.0,-1.3749,-0.9877,-9.9104,-1.5678,-6.9204,-15.4088,-24.8603,22.2727,22.2727
20250625,6862,三集瑞-KY,listed,138.0,147.5,137.0,144.5,658165.0,95567312.0,,data/daily_price/20250625.csv,135.6,136.575,135.625,149.05,137.2971,7.4349,3.9568,2.847,-8.254,-16.954,119362.35,5.514,147.5,159.0,179.0,126.0,110.0,110.0,5.8027,6.5438,-3.0527,5.2462,-2.0339,-9.1195,-19.2737,31.3636,31.3636
20250626,6862,三集瑞-KY,listed,144.0,148.0,142.0,145.0,331751.0,48235458.0,,data/daily_price/20250626.csv,137.4,136.9,135.4,148.8208,137.939,0.346,6.6176,4.6931,-8.5174,-15.942,132077.6,2.5118,148.0,158.5,179.0,126.0,110.0,110.0,5.9167,7.0901,-2.5674,5.1189,-2.027,-8.5174,-18.9944,31.8182,31.8182
20250627,6862,三集瑞-KY,listed,146.0,147.5,142.5,142.5,118238.0,17062914.0,,data/daily_price/20250627.csv,139.4,137.025,135.15,148.5667,138.3191,-1.7241,7.5472,1.7857,-9.5238,-17.6301,136532.5,0.866,148.0,157.0,179.0,126.0,110.0,110.0,3.9956,5.4384,-4.0835,3.0227,-3.7162,-9.2357,-20.3911,29.5455,29.5455
20250630,6862,三集瑞-KY,listed,142.5,142.5,139.0,140.0,87924.0,12331901.0,,data/daily_price/20250630.csv,141.3,137.325,134.8917,148.3375,138.4592,-1.7544,7.2797,4.4776,-9.9678,-16.4179,137690.6,0.6386,148.0,153.0,179.0,126.0,110.0,110.0,1.9479,3.787,-5.6206,1.1129,-5.4054,-8.4967,-21.7877,27.2727,27.2727
20250701,6862,三集瑞-KY,listed,141.5,143.0,140.0,141.5,107126.0,15191235.0,,data/daily_price/20250701.csv,142.7,137.75,134.75,148.1292,138.7126,1.0714,5.2045,6.391,-5.6667,-15.015,141097.2,0.7592,148.0,153.0,179.0,126.0,110.0,110.0,2.7223,5.0093,-4.4753,2.0095,-4.3919,-7.5163,-20.9497,28.6364,28.6364
20250702,6862,三集瑞-KY,listed,135.5,139.0,135.5,137.0,86442.0,11798017.0,,data/daily_price/20250702.csv,141.2,137.8,134.5417,147.9125,138.5698,-3.1802,-5.1903,0.7353,-8.3612,-15.9509,139499.9,0.6197,148.0,153.0,179.0,126.0,110.0,110.0,-0.5806,1.8272,-7.3777,-1.1329,-7.4324,-10.4575,-23.4637,24.5455,24.5455
20250703,6862,三集瑞-KY,listed,137.5,138.5,136.0,138.0,69689.0,9570700.0,,data/daily_price/20250703.csv,139.8,137.825,134.3333,147.6167,138.5224,0.7299,-4.8276,0.3636,-8.3056,-20.4611,139559.5,0.4993,148.0,153.0,179.0,126.0,110.0,110.0,0.127,2.7295,-6.5146,-0.3771,-6.7568,-9.8039,-22.905,25.4545,25.4545
20250704,6862,三集瑞-KY,listed,138.0,138.5,134.0,135.0,64743.0,8821587.0,,data/daily_price/20250704.csv,138.3,137.825,134.325,147.3542,138.2288,-2.1739,-5.2632,0.0,-0.369,-18.9189,140003.15,0.4624,148.0,153.0,179.0,126.0,110.0,110.0,-2.0497,0.5025,-8.384,-2.3359,-8.7838,-11.7647,-24.581,22.7273,22.7273
20250707,6862,三集瑞-KY,listed,135.0,135.5,132.0,135.5,78907.0,10522807.0,,data/daily_price/20250707.csv,137.4,137.925,134.55,147.1167,138.0014,0.3704,-3.2143,1.4981,11.0656,-17.378,140152.1,0.563,148.0,153.0,179.0,126.0,110.0,110.0,-1.7582,0.7061,-7.8962,-1.8126,-8.4459,-11.4379,-24.3017,23.1818,23.1818
20250708,6862,三集瑞-KY,listed,134.0,134.0,130.0,132.5,124341.0,16340284.0,,data/daily_price/20250708.csv,135.6,137.825,134.925,146.8417,137.543,-2.214,-6.3604,-1.487,20.4545,-19.9396,140837.55,0.8829,148.0,153.0,179.0,126.0,113.0,110.0,-3.8636,-1.7973,-9.7668,-3.6665,-10.473,-13.3987,-25.9777,17.2566,20.4545
20250709,6862,三集瑞-KY,listed,127.5,131.0,127.0,130.0,89268.0,11545542.0,,data/daily_price/20250709.csv,134.2,137.525,135.075,146.5542,136.9144,-1.8868,-5.1095,-4.4118,7.438,-20.9726,140639.6,0.6347,148.0,153.0,179.0,126.0,113.0,110.0,-5.4717,-3.7572,-11.2956,-5.0502,-12.1622,-15.0327,-27.3743,15.0442,18.1818
20250710,6862,三集瑞-KY,listed,130.5,135.0,130.5,134.5,95429.0,12778317.0,,data/daily_price/20250710.csv,133.5,137.2,135.3167,146.2958,136.7132,3.4615,-2.5362,-4.6099,12.0833,-18.7311,135682.85,0.7033,148.0,153.0,179.0,126.0,113.0,110.0,-1.9679,-0.6035,-8.063,-1.6189,-9.1216,-12.0915,-24.8603,19.0265,22.2727
20250711,6862,三集瑞-KY,listed,133.5,135.5,132.5,134.0,42318.0,5658507.0,,data/daily_price/20250711.csv,133.3,136.95,135.4667,146.0,136.4871,-0.3717,-0.7407,-3.5971,7.2,-20.944,125138.9,0.3382,148.0,153.0,179.0,126.0,113.0,110.0,-2.1541,-1.0827,-8.2192,-1.8222,-9.4595,-12.4183,-25.1397,18.5841,21.8182
20250714,6862,三集瑞-KY,listed,132.5,132.5,129.0,129.0,91423.0,11908765.0,,data/daily_price/20250714.csv,132.0,136.525,135.6083,145.6667,135.8632,-3.7313,-4.797,-6.1818,7.0539,-23.6686,126517.35,0.7226,148.0,153.0,179.0,126.0,113.0,110.0,-5.5118,-4.8731,-11.4416,-5.0515,-12.8378,-15.6863,-27.933,14.1593,17.2727
20250715,6862,三集瑞-KY,listed,129.5,130.5,128.0,129.5,81773.0,10553097.0,,data/daily_price/20250715.csv,131.4,136.05,135.7917,145.3292,135.3329,0.3876,-2.2642,-6.8345,9.2827,-23.8235,127294.95,0.6424,148.0,153.0,179.0,126.0,113.0,110.0,-4.8144,-4.6333,-10.8919,-4.31,-12.5,-15.3595,-27.6536,14.6018,17.7273
20250716,6862,三集瑞-KY,listed,131.0,134.5,131.0,132.5,67723.0,9009004.0,,data/daily_price/20250716.csv,131.9,135.725,135.9583,145.0583,135.0968,2.3166,1.9231,-4.6763,8.1633,-19.697,127006.7,0.5332,148.0,153.0,179.0,126.0,113.0,110.0,-2.3761,-2.5437,-8.6574,-1.9222,-10.473,-13.3987,-25.9777,17.2566,20.4545
20250717,6862,三集瑞-KY,listed,133.0,135.0,132.5,134.0,105150.0,14088710.0,,data/daily_price/20250717.csv,131.8,135.625,136.2583,144.8167,135.0054,1.1321,-0.3717,-1.4706,15.5172,-17.7914,129013.35,0.815,148.0,153.0,179.0,126.0,113.0,110.0,-1.1982,-1.6574,-7.4692,-0.7447,-9.4595,-12.4183,-25.1397,18.5841,21.8182
20250718,6862,三集瑞-KY,listed,135.5,136.0,133.0,133.0,76830.0,10365411.0,,data/daily_price/20250718.csv,131.6,135.65,136.55,144.65,134.8383,-0.7463,-0.7463,0.3774,15.1515,-13.0719,129049.7,0.5954,148.0,153.0,179.0,126.0,118.0,110.0,-1.9536,-2.5998,-8.0539,-1.3633,-10.1351,-13.0719,-25.6983,12.7119,20.9091
20250721,6862,三集瑞-KY,listed,132.5,133.5,131.0,131.0,74402.0,9800687.0,,data/daily_price/20250721.csv,132.0,135.675,136.7333,144.4417,134.5184,-1.5038,1.5504,0.3831,9.1667,-16.0256,125464.0,0.593,148.0,153.0,179.0,127.0,118.0,110.0,-3.4457,-4.1931,-9.3059,-2.6156,-11.4865,-14.3791,-26.8156,11.0169,19.0909
20250722,6862,三集瑞-KY,listed,131.0,131.0,126.5,127.5,116265.0,14989956.0,,data/daily_price/20250722.csv,131.6,135.325,136.875,144.1833,133.9336,-2.6718,-1.5444,-5.2045,7.1429,-19.5584,128395.35,0.9055,148.0,153.0,179.0,126.5,120.0,110.0,-5.7824,-6.8493,-11.5709,-4.8036,-13.8514,-16.6667,-28.7709,6.25,15.9091
20250723,6862,三集瑞-KY,listed,128.0,131.5,128.0,130.0,56600.0,7353850.0,,data/daily_price/20250723.csv,131.1,134.6,136.875,143.9333,133.6058,1.9608,-1.8868,-10.0346,0.0,-18.75,98317.1,0.5757,148.0,153.0,179.0,126.5,122.0,110.0,-3.4175,-5.0228,-9.6804,-2.6988,-12.1622,-15.0327,-27.3743,6.5574,18.1818
20250724,6862,三集瑞-KY,listed,131.5,133.5,130.5,133.0,64307.0,8494558.0,,data/daily_price/20250724.csv,130.9,134.0,136.9917,143.725,133.5553,2.3077,-0.7463,-8.2759,5.5556,-15.8228,84944.9,0.757,147.5,153.0,179.0,126.5,122.0,110.0,-0.7463,-2.9138,-7.4622,-0.4158,-9.8305,-13.0719,-25.6983,9.0164,20.9091
20250725,6862,三集瑞-KY,listed,132.0,132.5,130.5,131.5,36436.0,4787835.0,,data/daily_price/20250725.csv,130.6,133.45,137.025,143.5083,133.384,-1.1278,-1.1278,-7.7193,1.5444,-16.5079,80854.8,0.4506,143.0,153.0,179.0,126.5,122.0,110.0,-1.4612,-4.0321,-8.3677,-1.4125,-8.042,-14.0523,-26.5363,7.7869,19.5455
20250728,6862,三集瑞-KY,listed,131.5,134.5,131.5,132.0,105282.0,14030540.0,,data/daily_price/20250728.csv,130.8,133.05,137.0833,143.2958,133.2687,0.3802,0.7634,-5.7143,2.7237,-16.1905,81722.7,1.2883,143.0,153.0,179.0,126.5,122.0,110.0,-0.7892,-3.7082,-7.8829,-0.952,-7.6923,-13.7255,-26.257,8.1967,20.0
20250729,6862,三集瑞-KY,listed,132.5,133.0,130.0,130.5,66528.0,8738877.0,,data/daily_price/20250729.csv,131.4,132.5,137.0917,143.075,133.038,-1.1364,2.3529,-7.7739,0.3846,-16.879,79692.8,0.8348,139.0,153.0,179.0,126.5,122.0,110.0,-1.5094,-4.8082,-8.7891,-1.9077,-6.1151,-14.7059,-27.095,6.9672,18.6364
20250730,6862,三集瑞-KY,listed,131.5,143.5,131.5,139.0,1129360.0,159633859.0,,data/daily_price/20250730.csv,133.2,132.6,137.3167,142.9792,133.5348,6.5134,6.9231,1.4599,10.757,-7.6412,131838.7,8.5662,143.5,153.0,179.0,126.5,123.0,110.0,4.8265,1.2259,-2.783,4.0927,-3.1359,-9.1503,-22.3464,13.0081,26.3636
20250731,6862,三集瑞-KY,listed,140.0,146.5,138.5,139.0,919881.0,131358675.0,,data/daily_price/20250731.csv,134.4,132.65,137.4667,142.8792,133.9902,0.0,4.5113,0.7246,6.9231,-7.947,174348.3,5.2761,146.5,153.0,179.0,126.5,126.0,110.0,4.787,1.1154,-2.715,3.7389,-5.1195,-9.1503,-22.3464,10.3175,26.3636
20250801,6862,三集瑞-KY,listed,140.0,150.0,137.0,146.5,660813.0,95239177.0,,data/daily_price/20250801.csv,137.4,133.225,137.5917,142.7833,135.0327,5.3957,11.4068,8.5185,5.3957,-7.2785,204151.8,3.2369,150.0,153.0,179.0,126.5,126.0,110.0,9.9643,6.4745,2.603,8.4922,-2.3333,-4.2484,-18.1564,16.2698,33.1818
20250804,6862,三集瑞-KY,listed,146.5,156.0,146.0,146.0,691970.0,103884546.0,,data/daily_price/20250804.csv,140.2,133.75,137.6417,142.6875,135.9467,-0.3413,10.6061,7.7491,2.0979,-7.3016,234804.95,2.947,156.0,156.0,179.0,126.5,126.0,110.0,9.1589,6.0725,2.3215,7.3951,-6.4103,-6.4103,-18.4358,15.873,32.7273
20250805,6862,三集瑞-KY,listed,146.5,148.0,145.5,147.0,185636.0,27192474.0,,data/daily_price/20250805.csv,143.5,134.475,137.7333,142.5917,136.8678,0.6849,12.6437,10.9434,3.8869,-7.2555,237869.7,0.7804,156.0,156.0,179.0,126.5,126.0,110.0,9.314,6.728,3.0916,7.4029,-5.7692,-5.7692,-17.8771,16.6667,33.6364
20250806,6862,三集瑞-KY,listed,146.5,147.0,142.0,144.0,304664.0,43862903.0,,data/daily_price/20250806.csv,144.5,135.175,137.7667,142.4208,137.4621,-2.0408,3.5971,10.7692,1.4085,-12.462,248639.5,1.2253,156.0,156.0,179.0,126.5,126.0,110.0,6.5286,4.5246,1.1088,4.7561,-7.6923,-7.6923,-19.5531,14.2857,30.9091
20250807,6862,三集瑞-KY,listed,144.0,145.0,139.0,143.5,215733.0,30520844.0,,data/daily_price/20250807.csv,145.4,135.625,137.725,142.2875,137.9653,-0.3472,3.2374,6.6914,-1.7123,-10.0313,254654.7,0.8472,156.0,156.0,179.0,126.5,126.0,110.0,5.8065,4.1931,0.8521,4.0117,-8.0128,-8.0128,-19.8324,13.8889,30.4545
20250808,6862,三集瑞-KY,listed,143.0,147.5,143.0,147.0,183263.0,26643725.0,,data/daily_price/20250808.csv,145.5,136.275,137.675,142.1792,138.7182,2.439,0.3413,9.7015,-2.0,-8.125,261701.95,0.7003,156.0,156.0,179.0,126.5,126.0,110.0,7.8701,6.7732,3.3907,5.9703,-5.7692,-5.7692,-17.8771,16.6667,33.6364
20250811,6862,三集瑞-KY,listed,142.0,142.0,133.0,138.0,463341.0,63223670.0,,data/daily_price/20250811.csv,143.9,136.725,137.4667,141.9708,138.6583,-6.1224,-5.4795,6.9767,-8.3056,-15.3374,280297.85,1.653,156.0,156.0,179.0,126.5,126.0,110.0,0.9325,0.388,-2.7969,-0.4748,-11.5385,-11.5385,-22.905,9.5238,25.4545
20250812,6862,三集瑞-KY,listed,138.0,140.0,137.5,139.0,158104.0,21910022.0,,data/daily_price/20250812.csv,142.3,137.2,137.3167,141.7917,138.6868,0.7246,-5.4422,7.3359,-6.0811,-13.3956,284114.4,0.5565,156.0,156.0,179.0,126.5,126.0,110.0,1.312,1.2259,-1.9689,0.2258,-10.8974,-10.8974,-22.3464,10.3175,26.3636
20250813,6862,三集瑞-KY,listed,142.0,142.5,138.5,139.0,193457.0,27338471.0,,data/daily_price/20250813.csv,141.3,137.525,137.2417,141.5583,138.7129,0.0,-3.4722,4.9057,-3.1359,-16.7665,290401.1,0.6662,156.0,156.0,179.0,126.5,126.0,110.0,1.0725,1.2812,-1.8073,0.207,-10.8974,-10.8974,-22.3464,10.3175,26.3636
20250814,6862,三集瑞-KY,listed,141.5,152.5,141.5,149.5,691460.0,103133951.0,,data/daily_price/20250814.csv,142.5,138.3,137.3333,141.4167,139.6118,7.554,4.1812,11.5672,3.8194,-10.2102,319716.6,2.1627,156.0,156.0,179.0,126.5,126.0,110.0,8.0983,8.8592,5.716,7.0826,-4.1667,-4.1667,-16.4804,18.6508,35.9091
20250815,6862,三集瑞-KY,listed,152.0,153.0,147.5,148.0,356087.0,53469577.0,,data/daily_price/20250815.csv,142.7,139.05,137.3917,141.1792,140.3108,-1.0033,0.6803,11.2782,2.4221,-16.1473,333679.45,1.0672,156.0,156.0,176.0,126.5,126.0,110.0,6.4365,7.7212,4.8313,5.4801,-5.1282,-5.1282,-15.9091,17.4603,34.5455
20250818,6862,三集瑞-KY,listed,148.0,148.0,138.0,139.0,517775.0,72744321.0,,data/daily_price/20250818.csv,142.9,139.45,137.3167,140.8833,140.2016,-6.0811,0.7246,6.1069,-3.1359,-20.3438,355848.1,1.455,156.0,156.0,173.5,126.5,126.0,110.0,-0.3227,1.2259,-1.3368,-0.8571,-10.8974,-10.8974,-19.8847,10.3175,26.3636
20250819,6862,三集瑞-KY,listed,139.0,139.5,135.0,135.0,302918.0,41470324.0,,data/daily_price/20250819.csv,142.1,139.825,137.175,140.5708,139.7681,-2.8777,-2.8777,5.8824,-5.9233,-21.7391,365180.75,0.8295,156.0,156.0,171.5,128.0,126.0,110.0,-3.4507,-1.5856,-3.963,-3.4115,-13.4615,-13.4615,-21.2828,7.1429,22.7273
20250820,6862,三集瑞-KY,listed,138.0,139.0,134.0,134.0,240186.0,32621388.0,,data/daily_price/20250820.csv,141.1,140.025,137.0667,140.2667,139.2875,-0.7407,-3.5971,3.0769,-4.6263,-21.4076,374360.05,0.6416,156.0,156.0,171.5,130.0,126.0,110.0,-4.3028,-2.2374,-4.4677,-3.7961,-14.1026,-14.1026,-21.8659,6.3492,21.8182
20250821,6862,三集瑞-KY,listed,134.5,136.5,134.5,135.0,109347.0,14823414.0,,data/daily_price/20250821.csv,138.2,140.125,137.0083,139.9917,138.9302,0.7463,-9.699,1.5038,-2.5271,-19.6429,376612.05,0.2903,156.0,156.0,170.0,130.0,126.0,110.0,-3.6574,-1.4658,-3.5657,-2.8289,-13.4615,-13.4615,-20.5882,7.1429,22.7273
20250822,6862,三集瑞-KY,listed,135.0,136.0,133.5,134.0,113992.0,15343859.0,,data/daily_price/20250822.csv,135.4,140.25,136.9083,139.7167,138.5193,-0.7407,-9.4595,1.9011,-4.2857,-19.7605,380489.85,0.2996,156.0,156.0,168.0,130.0,126.0,110.0,-4.4563,-2.1243,-4.0916,-3.2626,-14.1026,-14.1026,-20.2381,6.3492,21.8182
20250825,6862,三集瑞-KY,listed,135.5,138.5,135.5,136.0,120430.0,16518300.0,,data/daily_price/20250825.csv,134.8,140.45,136.9417,139.4625,138.3094,1.4925,-2.1583,3.0303,1.4925,-18.3183,381247.25,0.3159,156.0,156.0,164.0,130.0,126.0,110.0,-3.1684,-0.6876,-2.4827,-1.6697,-12.8205,-12.8205,-17.0732,7.9365,23.6364
20250826,6862,三集瑞-KY,listed,135.5,136.5,132.0,133.5,181472.0,24287871.0,,data/daily_price/20250826.csv,134.5,140.6,136.95,139.2458,137.9086,-1.8382,-1.1111,2.2989,0.3759,-16.3009,386994.45,0.4689,156.0,156.0,164.0,131.5,126.0,110.0,-5.0498,-2.5192,-4.1264,-3.1968,-14.4231,-14.4231,-18.5976,5.9524,21.3636
20250827,6862,三集瑞-KY,listed,130.0,137.0,129.5,135.0,617531.0,81930331.0,,data/daily_price/20250827.csv,134.7,140.4,136.9333,139.0375,137.6662,1.1236,0.7463,-2.8777,-0.7353,-15.625,361403.0,1.7087,156.0,156.0,164.0,129.5,126.0,110.0,-3.8462,-1.4119,-2.9039,-1.9367,-13.4615,-13.4615,-17.6829,7.1429,22.7273
20250828,6862,三集瑞-KY,listed,137.0,140.0,135.0,139.5,371997.0,51448958.0,,data/daily_price/20250828.csv,135.6,140.425,136.9667,138.8708,137.819,3.3333,3.3333,0.3597,1.4545,-12.5392,334008.8,1.1137,156.0,156.0,164.0,129.5,126.0,110.0,-0.6587,1.8496,0.4531,1.2197,-10.5769,-10.5769,-14.939,10.7143,26.8182
20250829,6862,三集瑞-KY,listed,144.5,153.0,143.5,150.0,1441274.0,216736262.0,,data/daily_price/20250829.csv,138.8,140.6,137.2167,138.7958,138.8341,7.5269,11.9403,2.3891,11.1111,-5.6604,373031.85,3.8637,156.0,156.0,164.0,129.5,126.0,110.0,6.6856,9.3162,8.0724,8.0426,-3.8462,-3.8462,-8.5366,19.0476,36.3636
20250901,6862,三集瑞-KY,listed,151.0,163.0,149.0,152.0,973478.0,151818644.0,,data/daily_price/20250901.csv,142.0,140.9,137.525,138.7583,139.9313,1.3333,11.7647,4.1096,13.8577,-2.8754,387107.25,2.5148,163.0,163.0,164.0,129.5,126.0,110.0,7.8779,10.5254,9.543,8.6248,-6.7485,-6.7485,-7.3171,20.6349,38.1818
20250902,6862,三集瑞-KY,listed,154.0,156.0,143.0,143.5,446942.0,65712919.0,,data/daily_price/20250902.csv,144.0,140.725,137.675,138.6667,140.2287,-5.5921,7.4906,-2.381,6.6914,-7.1197,400172.55,1.1169,163.0,163.0,164.0,129.5,126.0,110.0,1.9719,4.231,3.4856,2.3329,-11.9632,-11.9632,-12.5,13.8889,30.4545
20250903,6862,三集瑞-KY,listed,144.5,151.5,142.0,148.5,266599.0,39259859.0,,data/daily_price/20250903.csv,146.7,140.95,137.8833,138.5792,140.9179,3.4843,10.0,3.125,9.1912,-6.6038,398269.3,0.6694,163.0,163.0,164.0,129.5,126.0,110.0,5.3565,7.6997,7.159,5.3805,-8.8957,-8.8957,-9.4512,17.8571,35.0
20250904,6862,三集瑞-KY,listed,148.5,150.5,145.0,145.5,251045.0,36998279.0,,data/daily_price/20250904.csv,147.9,141.05,137.9583,138.45,141.2998,-2.0202,4.3011,1.3937,3.1915,-9.6273,400034.9,0.6276,163.0,163.0,164.0,129.5,126.0,110.0,3.1549,5.4666,5.0921,2.9726,-10.7362,-10.7362,-11.2805,15.4762,32.2727
20250905,6862,三集瑞-KY,listed,146.0,153.0,145.0,153.0,305558.0,45964869.0,,data/daily_price/20250905.csv,148.5,141.35,138.1917,138.3958,142.2748,5.1546,2.0,4.0816,10.0719,-4.0752,406149.65,0.7523,163.0,163.0,164.0,129.5,126.0,110.0,8.242,10.7158,10.5525,7.5384,-6.135,-6.135,-6.7073,21.4286,39.0909
20250909,6862,三集瑞-KY,listed,156.0,156.0,144.0,145.0,553798.0,81907763.0,,data/daily_price/20250909.csv,147.1,141.7,138.3167,138.2792,142.5019,-5.2288,-4.6053,5.0725,5.4545,-8.805,410672.5,1.3485,163.0,163.0,164.0,129.5,126.0,110.0,2.3289,4.8319,4.8603,1.753,-11.0429,-11.0429,-11.5854,15.0794,31.8182
20250910,6862,三集瑞-KY,listed,147.0,151.0,147.0,150.0,318180.0,47430021.0,,data/daily_price/20250910.csv,148.4,142.25,138.5,138.2083,143.1267,3.4483,4.5296,7.9137,7.9137,-5.3628,418676.3,0.76,163.0,163.0,164.0,129.5,126.0,110.0,5.4482,8.3032,8.5318,4.8022,-7.9755,-7.9755,-8.5366,19.0476,36.3636
20250911,6862,三集瑞-KY,listed,153.5,153.5,143.0,144.0,337540.0,49589963.0,,data/daily_price/20250911.csv,147.5,142.5,138.5833,138.075,143.1995,-4.0,-3.0303,3.5971,3.5971,-10.0,425880.45,0.7926,163.0,163.0,164.0,129.5,126.0,110.0,1.0526,3.9086,4.2911,0.559,-11.6564,-11.6564,-12.1951,14.2857,30.9091
20250917,6862,三集瑞-KY,listed,144.0,148.5,143.0,143.0,184977.0,26876434.0,,data/daily_price/20250917.csv,147.0,142.175,138.7,137.9208,143.1829,-0.6944,-1.7182,-4.3478,5.1471,-11.4551,400556.3,0.4618,163.0,163.0,163.0,129.5,126.0,110.0,0.5803,3.1002,3.6827,-0.1277,-12.2699,-12.2699,-12.2699,13.4921,30.0
20250918,6862,三集瑞-KY,listed,146.0,157.0,145.5,157.0,849093.0,130988316.0,,data/daily_price/20250918.csv,147.8,142.625,139.1083,137.8917,144.3343,9.7902,2.6144,6.0811,18.4906,-2.1807,425206.6,1.9969,163.0,163.0,163.0,129.5,126.0,110.0,10.0789,12.8617,13.8575,8.7752,-3.681,-3.681,-3.681,24.6032,42.7273
20250919,6862,三集瑞-KY,listed,159.5,171.5,154.0,167.5,1579538.0,258022848.0,,data/daily_price/20250919.csv,152.3,144.05,139.725,137.9667,146.2648,6.6879,15.5172,20.5036,28.3525,5.6782,478294.75,3.3024,171.5,171.5,171.5,129.5,126.5,110.0,16.2791,19.8783,21.4061,14.5183,-2.3324,-2.3324,-2.3324,32.4111,52.2727
20250922,6862,三集瑞-KY,listed,167.0,169.0,163.0,164.0,712485.0,118358232.0,,data/daily_price/20250922.csv,155.1,145.5,140.2167,138.0292,147.7427,-2.0896,9.3333,21.4815,21.9331,4.7923,498773.1,1.4285,171.5,171.5,171.5,129.5,126.5,110.0,12.7148,16.9618,18.8155,11.0038,-4.3732,-4.3732,-4.3732,29.6443,49.0909
20250923,6862,三集瑞-KY,listed,164.0,165.0,160.0,162.0,362846.0,58866146.0,,data/daily_price/20250923.csv,158.7,146.9,140.5083,138.0667,148.9308,-1.2195,12.5,20.8955,12.1107,2.8571,504906.1,0.7186,171.5,171.5,171.5,129.5,126.5,110.0,10.2791,15.2957,17.3346,8.7753,-5.5394,-5.5394,-5.5394,28.0632,47.2727
20250924,6862,三集瑞-KY,listed,164.0,164.5,155.0,164.0,495155.0,78980965.0,,data/daily_price/20250924.csv,162.9,148.35,140.825,138.1125,150.1866,1.2346,14.6853,21.4815,13.1034,3.47,524196.5,0.9446,171.5,171.5,171.5,129.5,126.5,110.0,10.5494,16.4566,18.7438,9.1975,-4.3732,-4.3732,-4.3732,29.6443,49.0909
20250925,6862,三集瑞-KY,listed,167.0,167.0,155.0,155.0,655655.0,104183351.0,,data/daily_price/20250925.csv,162.5,149.4,141.0333,138.0917,150.5877,-5.4878,-1.2739,15.6716,8.7719,-1.5873,551279.65,1.1893,171.5,171.5,171.5,129.5,126.5,110.0,3.7483,9.9031,12.2443,2.93,-9.621,-9.621,-9.621,22.5296,40.9091
20250926,6862,三集瑞-KY,listed,154.5,155.5,148.0,149.0,476006.0,71704105.0,,data/daily_price/20250926.csv,158.8,150.05,141.1833,138.0375,150.4554,-3.871,-11.0448,9.5588,6.4286,-4.1801,569058.45,0.8365,171.5,171.5,171.5,129.5,126.5,110.0,-0.6998,5.5365,7.9417,-0.9673,-13.1195,-13.1195,-13.1195,17.7866,35.4545
20250930,6862,三集瑞-KY,listed,150.0,151.0,149.0,150.0,115878.0,17361905.0,,data/daily_price/20250930.csv,156.0,150.875,141.325,138.0375,150.4174,0.6711,-8.5366,12.3596,6.0071,0.0,565778.75,0.2048,171.5,171.5,171.5,129.5,126.5,110.0,-0.58,6.1383,8.6661,-0.2775,-12.5364,-12.5364,-12.5364,18.5771,36.3636
20251001,6862,三集瑞-KY,listed,152.0,152.5,148.0,148.5,138963.0,20849859.0,,data/daily_price/20251001.csv,153.3,151.55,141.5167,138.0292,150.2577,-1.0,-8.3333,10.0,8.3942,-0.6689,541850.35,0.2565,171.5,171.5,171.5,135.0,126.5,110.0,-2.0125,4.9346,7.586,-1.1698,-13.4111,-13.4111,-13.4111,17.3913,35.0
20251002,6862,三集瑞-KY,listed,151.0,152.0,148.5,150.0,127131.0,19096555.0,,data/daily_price/20251002.csv,150.5,152.075,141.7167,138.025,150.2362,1.0101,-8.5366,7.5269,8.6957,-0.3322,529607.05,0.24,171.5,171.5,171.5,142.0,126.5,110.0,-1.3645,5.845,8.676,-0.1572,-12.5364,-12.5364,-12.5364,18.5771,36.3636
20251003,6862,三集瑞-KY,listed,150.5,161.0,150.5,158.5,406128.0,63479705.0,,data/daily_price/20251003.csv,151.2,152.5,142.1083,138.2167,150.9248,5.6667,2.2581,5.6667,17.4074,16.9742,477849.75,0.8499,171.5,171.5,171.5,142.0,126.5,110.0,3.9344,11.5346,14.675,5.0192,-7.5802,-7.5802,-7.5802,25.2964,44.0909
20251007,6862,三集瑞-KY,listed,162.5,168.0,160.5,162.5,694798.0,114153720.0,,data/daily_price/20251007.csv,153.9,153.025,142.5583,138.5542,151.8894,2.5237,9.0604,6.9079,19.9262,33.1967,463915.75,1.4977,171.5,171.5,171.5,142.0,126.5,110.0,6.1918,13.9884,17.2827,6.9857,-5.2478,-5.2478,-5.2478,28.4585,47.7273
20251008,6862,三集瑞-KY,listed,162.0,163.0,158.5,162.5,297558.0,47797399.0,,data/daily_price/20251008.csv,156.4,153.975,143.0583,138.9917,152.7737,0.0,8.3333,13.2404,22.6415,47.7273,456446.55,0.6519,171.5,171.5,171.5,142.0,126.5,113.0,5.5366,13.59,16.9135,6.3665,-5.2478,-5.2478,-5.2478,28.4585,43.8053
20251009,6862,三集瑞-KY,listed,163.0,169.0,161.0,165.5,547746.0,90600636.0,,data/daily_price/20251009.csv,159.8,154.825,143.65,139.3625,153.8342,1.8462,11.4478,11.4478,27.3077,36.7769,470503.9,1.1642,171.5,171.5,171.5,143.0,126.5,113.0,6.8949,15.2106,18.755,7.5834,-3.4985,-3.4985,-3.4985,30.83,46.4602
20251013,6862,三集瑞-KY,listed,160.0,167.0,160.0,164.0,387043.0,63107179.0,,data/daily_price/20251013.csv,162.6,155.75,144.1417,139.7292,154.6813,-0.9063,9.3333,12.7148,21.9331,36.6667,477303.8,0.8109,171.5,171.5,171.5,143.0,126.5,113.0,5.297,13.777,17.3699,6.0244,-4.3732,-4.3732,-4.3732,29.6443,45.1327
20251014,6862,三集瑞-KY,listed,165.0,166.0,153.5,155.0,537699.0,85049145.0,,data/daily_price/20251014.csv,161.9,155.85,144.4917,139.9792,154.7079,-5.4878,-2.2082,1.3072,15.6716,24.0,488910.85,1.0998,171.5,171.5,171.5,143.0,126.5,113.0,-0.5454,7.2726,10.7308,0.1888,-9.621,-9.621,-9.621,22.5296,37.1681
20251016,6862,三集瑞-KY,listed,158.5,166.0,158.0,162.5,407572.0,66400116.0,,data/daily_price/20251016.csv,161.9,156.725,145.05,140.3292,155.3572,4.8387,0.0,12.069,25.969,34.8548,481599.55,0.8463,171.5,171.5,171.5,143.0,126.5,113.0,3.6848,12.0303,15.7992,4.5976,-5.2478,-5.2478,-5.2478,28.4585,43.8053
20251020,6862,三集瑞-KY,listed,178.0,182.5,177.0,182.5,768613.0,139747359.0,,data/daily_price/20251020.csv,165.9,158.35,145.9333,140.8625,157.6191,12.3077,12.3077,21.6667,40.9266,54.0084,504121.2,1.5247,182.5,182.5,182.5,143.0,126.5,113.0,15.251,25.0571,29.559,15.7854,0.0,0.0,0.0,44.2688,61.5044
20251021,6862,三集瑞-KY,listed,191.5,200.5,189.0,200.5,3493008.0,693840632.0,,data/daily_price/20251021.csv,172.9,161.175,147.0667,141.5125,161.1925,9.863,21.148,39.2361,51.3208,63.6735,661894.6,5.2773,200.5,200.5,200.5,143.0,126.5,113.0,24.3989,36.3327,41.6836,24.3854,0.0,0.0,0.0,58.498,77.4336
20251022,6862,三集瑞-KY,listed,202.0,208.5,198.0,204.5,2747042.0,559203080.0,,data/daily_price/20251022.csv,181.0,164.25,148.2417,142.25,164.8015,1.995,24.6951,43.007,52.6119,76.2931,789997.85,3.4773,208.5,208.5,208.5,145.5,126.5,113.0,24.5053,37.9504,43.761,24.0887,-1.9185,-1.9185,-1.9185,61.6601,80.9735
20251023,6862,三集瑞-KY,listed,204.0,213.0,201.5,204.5,3379633.0,698991026.0,,data/daily_price/20251023.csv,190.9,166.625,149.4333,142.9917,168.1097,0.0,31.9355,30.2548,53.7594,77.0563,916524.85,3.6874,213.0,213.0,213.0,148.0,126.5,118.0,22.7307,36.8503,43.0153,21.6468,-3.9906,-3.9906,-3.9906,61.6601,73.3051
20251027,6862,三集瑞-KY,listed,207.5,208.5,200.0,201.0,1937897.0,395124705.0,,data/daily_price/20251027.csv,198.6,168.3,150.6,143.6667,170.8506,-1.7115,23.6923,20.0,53.4351,67.5,934442.8,2.0739,213.0,213.0,213.0,148.0,126.5,118.0,19.4296,33.4661,39.9072,17.6467,-5.6338,-5.6338,-5.6338,58.8933,70.339
20251028,6862,三集瑞-KY,listed,203.0,219.0,197.0,211.0,2851499.0,606123448.0,,data/daily_price/20251028.csv,204.3,170.65,151.9917,144.4333,174.1963,4.9751,15.6164,28.6585,65.4902,77.3109,1041393.5,2.7382,219.0,219.0,219.0,148.0,128.0,120.0,23.6449,38.8234,46.0882,21.1277,-3.653,-3.653,-3.653,64.8438,75.8333
20251029,6862,三集瑞-KY,listed,213.5,224.0,201.5,201.5,2327432.0,485913297.0,,data/daily_price/20251029.csv,204.5,172.625,153.1833,145.0292,176.4716,-4.5024,0.4988,24.3827,55.0,55.0,1139622.8,2.0423,224.0,224.0,224.0,148.0,129.5,122.0,16.727,31.5417,38.9376,14.1826,-10.0446,-10.0446,-10.0446,55.5985,65.1639
20251030,6862,三集瑞-KY,listed,202.5,207.0,192.5,194.0,1187198.0,235244291.0,,data/daily_price/20251030.csv,202.4,174.125,154.2,145.5958,177.9323,-3.7221,-5.1345,18.2927,45.8647,53.9683,1174224.95,1.011,224.0,224.0,224.0,148.0,129.5,122.0,11.4142,25.8106,33.2456,9.0302,-13.3929,-13.3929,-13.3929,49.8069,59.0164
20251031,6862,三集瑞-KY,listed,195.5,198.5,186.5,190.0,869668.0,166118439.0,,data/daily_price/20251031.csv,199.5,175.875,155.175,146.1,178.938,-2.0619,-7.0905,22.5806,44.4867,46.7181,1184925.6,0.7339,224.0,224.0,224.0,148.0,129.5,122.0,8.0313,22.4424,30.0479,6.182,-15.1786,-15.1786,-15.1786,46.7181,55.7377
20251103,6862,三集瑞-KY,TWSE,189.0,192.5,182.0,185.0,619821.0,,,data/daily_price/20251103.csv,196.3,177.675,156.0583,146.5708,179.4432,-2.6316,-7.9602,24.1611,40.1515,43.9689,1192116.35,0.5199,224.0,224.0,224.0,148.0,129.5,122.0,4.1227,18.5454,26.2188,3.0967,-17.4107,-17.4107,-17.4107,42.8571,51.6393
20251104,6862,三集瑞-KY,TWSE,185.5,186.5,181.0,182.0,362048.0,,,data/daily_price/20251104.csv,190.5,179.275,156.9167,147.0042,179.6562,-1.6216,-13.7441,21.3333,39.4636,40.0,1204424.85,0.3006,224.0,224.0,224.0,148.0,129.5,122.0,1.52,15.9851,23.806,1.3046,-18.75,-18.75,-18.75,40.5405,49.1803
20251105,6862,三集瑞-KY,TWSE,176.0,178.0,168.5,173.0,907538.0,,,data/daily_price/20251105.csv,184.8,180.5,157.4833,147.4,179.1015,-4.9451,-14.1439,16.4983,24.4604,37.8486,1242853.6,0.7302,224.0,224.0,224.0,148.5,129.5,123.0,-4.1551,9.8529,17.3677,-3.4067,-22.7679,-22.7679,-22.7679,33.5907,40.6504
20251106,6862,三集瑞-KY,TWSE,176.0,177.0,170.0,175.0,396793.0,,,data/daily_price/20251106.csv,181.0,181.75,158.0833,147.775,178.7597,1.1561,-9.7938,16.6667,25.8993,34.6154,1256336.7,0.3158,224.0,224.0,224.0,150.5,129.5,126.0,-3.7139,10.7011,18.4233,-2.1032,-21.875,-21.875,-21.875,35.1351,38.8889
20251107,6862,三集瑞-KY,TWSE,172.0,174.0,168.5,168.5,290395.0,,,data/daily_price/20251107.csv,176.7,182.25,158.45,148.0208,177.9048,-3.7143,-11.3158,6.3091,15.0171,21.223,1250550.05,0.2322,224.0,224.0,224.0,153.5,129.5,126.0,-7.5446,6.3427,13.8353,-5.2864,-24.7768,-24.7768,-24.7768,30.1158,33.7302
20251110,6862,三集瑞-KY,TWSE,169.5,170.0,160.5,164.0,583072.0,,,data/daily_price/20251110.csv,172.5,182.325,158.75,148.1958,176.746,-2.6706,-11.3514,0.9231,12.3288,14.6853,1244963.75,0.4683,224.0,224.0,224.0,153.5,129.5,126.0,-10.0507,3.3071,10.6644,-7.2115,-26.7857,-26.7857,-26.7857,26.6409,30.1587
20251111,6862,三集瑞-KY,TWSE,165.0,169.5,164.0,164.5,410793.0,,,data/daily_price/20251111.csv,169.0,182.425,159.0417,148.3875,175.7255,0.3049,-9.6154,1.2308,11.9048,16.2544,1250625.5,0.3285,224.0,224.0,224.0,153.5,129.5,126.0,-9.826,3.432,10.8584,-6.3881,-26.5625,-26.5625,-26.5625,27.027,30.5556
20251112,6862,三集瑞-KY,TWSE,166.5,170.0,164.0,165.0,442404.0,,,data/daily_price/20251112.csv,167.4,182.4,159.3917,148.5792,174.8317,0.304,-4.6243,-0.3021,14.5833,16.1972,1245358.4,0.3552,224.0,224.0,224.0,153.5,129.5,126.0,-9.5395,3.5186,11.0519,-5.6235,-26.3393,-26.3393,-26.3393,27.4131,30.9524
20251113,6862,三集瑞-KY,TWSE,166.5,178.5,165.0,176.5,956937.0,,,data/daily_price/20251113.csv,167.7,183.025,159.9417,148.8333,174.9708,6.9697,0.8571,7.622,22.9965,20.8904,1273853.1,0.7512,224.0,224.0,224.0,153.5,129.5,126.0,-3.5651,10.3527,18.589,0.874,-21.2054,-21.2054,-21.2054,36.2934,40.0794
20251114,6862,三集瑞-KY,TWSE,173.0,177.0,168.5,168.5,594962.0,,,data/daily_price/20251114.csv,167.7,183.7,160.3,148.9875,174.4315,-4.5326,0.0,8.7097,14.6259,12.3333,1276716.25,0.466,224.0,224.0,224.0,158.0,129.5,126.0,-8.2744,5.1154,13.0967,-3.4005,-24.7768,-24.7768,-24.7768,30.1158,33.7302
20251117,6862,三集瑞-KY,TWSE,170.0,172.0,162.5,162.5,360867.0,,,data/daily_price/20251117.csv,167.4,183.7,160.7083,149.0875,173.4372,-3.5608,-0.9146,0.0,17.7536,7.9734,1274381.0,0.2832,224.0,224.0,224.0,160.5,129.5,126.0,-11.5406,1.1149,8.9964,-6.3062,-27.4554,-27.4554,-27.4554,25.4826,28.9683
20251118,6862,三集瑞-KY,TWSE,161.0,171.5,161.0,162.5,482666.0,,,data/daily_price/20251118.csv,167.0,182.7,161.1,149.2083,172.5258,0.0,-1.2158,-10.9589,16.9065,9.7973,1260083.65,0.383,224.0,224.0,224.0,160.5,129.5,126.0,-11.0564,0.869,8.9081,-5.8112,-27.4554,-27.4554,-27.4554,25.4826,28.9683
20251119,6862,三集瑞-KY,TWSE,165.0,171.5,163.0,168.5,536561.0,,,data/daily_price/20251119.csv,167.7,181.1,161.5917,149.4167,172.1903,3.6923,2.1212,-15.9601,21.223,17.4216,1112261.3,0.4824,224.0,224.0,224.0,160.5,129.5,126.0,-6.9575,4.2752,12.7719,-2.1432,-24.7768,-24.7768,-24.7768,30.1158,33.7302
20251120,6862,三集瑞-KY,TWSE,173.5,179.0,168.5,170.5,738494.0,,,data/daily_price/20251120.csv,166.5,179.4,161.9417,149.6375,172.0495,1.1869,-3.3994,-16.6259,14.0468,18.4028,1011833.9,0.7299,224.0,224.0,224.0,160.5,129.5,126.0,-4.961,5.2848,13.942,-0.9006,-23.8839,-23.8839,-23.8839,31.6602,35.3175
20251121,6862,三集瑞-KY,TWSE,166.5,170.5,163.0,163.0,340130.0,,,data/daily_price/20251121.csv,165.4,177.325,162.1917,149.7917,171.2953,-4.3988,-3.2641,-20.2934,10.1351,12.8028,859858.75,0.3956,224.0,224.0,224.0,160.5,129.5,126.0,-8.0784,0.4984,8.8178,-4.8427,-27.2321,-27.2321,-27.2321,25.8687,29.3651
20251124,6862,三集瑞-KY,TWSE,163.5,164.0,159.0,159.5,272012.0,,,data/daily_price/20251124.csv,164.8,175.25,162.5333,149.925,170.3124,-2.1472,-1.8462,-20.6468,14.7482,11.1498,776564.5,0.3503,224.0,224.0,224.0,159.0,129.5,126.0,-8.9872,-1.8663,6.3865,-6.3486,-28.7946,-28.7946,-28.7946,23.166,26.5873
20251125,6862,三集瑞-KY,TWSE,162.5,164.5,158.0,158.5,184213.0,,,data/daily_price/20251125.csv,164.0,172.625,162.925,150.05,169.328,-0.627,-2.4615,-24.8815,17.4074,10.453,643200.2,0.2864,224.0,224.0,224.0,158.0,129.5,126.0,-8.1825,-2.716,5.6315,-6.3947,-29.2411,-29.2411,-29.2411,22.3938,25.7937
20251126,6862,三集瑞-KY,TWSE,161.0,163.0,157.0,160.5,390028.0,,,data/daily_price/20251126.csv,162.4,170.575,163.3667,150.2167,168.5924,1.2618,-4.7478,-20.3474,19.7761,14.2349,546330.0,0.7139,207.0,224.0,224.0,157.0,129.5,126.0,-5.9065,-1.7547,6.8457,-4.8,-22.4638,-28.3482,-28.3482,23.9382,27.381
20251127,6862,三集瑞-KY,TWSE,163.0,169.0,162.0,167.5,361488.0,,,data/daily_price/20251127.csv,161.8,169.25,163.9083,150.4583,168.5013,4.3614,-1.7595,-13.6598,24.0741,20.9386,505044.5,0.7158,198.5,224.0,224.0,157.0,129.5,126.0,-1.034,2.1913,11.3265,-0.5943,-15.6171,-25.2232,-25.2232,29.3436,32.9365
20251128,6862,三集瑞-KY,TWSE,169.5,172.5,164.5,166.5,236479.0,,,data/daily_price/20251128.csv,162.5,168.075,164.45,150.6792,168.3345,-0.597,2.1472,-12.3684,24.2537,18.9286,473385.05,0.4995,192.5,224.0,224.0,157.0,129.5,126.0,-0.9371,1.2466,10.4997,-1.0898,-13.5065,-25.6696,-25.6696,28.5714,32.1429
20251201,6862,三集瑞-KY,TWSE,167.0,170.5,164.0,167.0,212358.0,,,data/daily_price/20251201.csv,164.0,167.175,164.9667,150.9542,168.2233,0.3003,4.7022,-9.7297,22.7941,24.6269,453011.9,0.4688,186.5,224.0,224.0,157.0,129.5,126.0,-0.1047,1.2326,10.6296,-0.7272,-10.4558,-25.4464,-25.4464,28.9575,32.5397
20251202,6862,三集瑞-KY,TWSE,171.0,174.0,168.0,169.0,315340.0,,,data/daily_price/20251202.csv,166.1,166.525,165.5583,151.2542,168.2881,1.1976,6.6246,-7.1429,26.5918,27.0677,450676.5,0.6997,179.0,224.0,224.0,157.0,129.5,126.0,1.4863,2.0788,11.7325,0.423,-5.5866,-24.5536,-24.5536,30.5019,34.127
20251203,6862,三集瑞-KY,TWSE,172.0,184.0,172.0,183.5,1104482.0,,,data/daily_price/20251203.csv,170.7,167.05,166.3667,151.65,169.5557,8.5799,14.3302,6.0694,35.9259,34.9265,460523.7,2.3983,184.0,224.0,224.0,157.0,135.0,126.0,9.8474,10.2985,21.0023,8.224,-0.2717,-18.0804,-18.0804,35.9259,45.6349
20251204,6862,三集瑞-KY,TWSE,178.0,178.0,172.5,173.0,758327.0,,,data/daily_price/20251204.csv,171.8,166.95,166.925,151.9458,169.8427,-5.7221,3.2836,-1.1429,24.0143,25.8182,478600.4,1.5845,184.0,224.0,224.0,157.0,142.0,126.0,3.6238,3.6394,13.8564,1.8589,-5.9783,-22.7679,-22.7679,21.831,37.3016
20251205,6862,三集瑞-KY,TWSE,173.0,173.0,168.0,169.5,212587.0,,,data/daily_price/20251205.csv,172.4,167.0,167.25,152.2333,169.8142,-2.0231,1.8018,0.5935,13.0,25.5556,474710.0,0.4478,184.0,224.0,224.0,157.0,142.0,126.0,1.497,1.3453,11.3422,-0.185,-7.8804,-24.3304,-24.3304,19.3662,34.5238
20251208,6862,三集瑞-KY,TWSE,167.0,168.0,164.0,167.5,128535.0,,,data/daily_price/20251208.csv,172.5,167.175,167.5083,152.5167,169.6213,-1.1799,0.2994,2.1341,10.1974,25.4682,451983.15,0.2844,184.0,224.0,224.0,157.0,142.0,126.0,0.1944,-0.005,9.8241,-1.2506,-8.9674,-25.2232,-25.2232,17.9577,32.9365
20251209,6862,三集瑞-KY,TWSE,169.0,170.0,163.5,164.0,229547.0,,,data/daily_price/20251209.csv,171.5,167.15,167.85,152.7625,169.1529,-2.0896,-2.9586,-0.304,14.2857,21.9331,442920.85,0.5183,184.0,224.0,224.0,157.0,142.0,126.0,-1.8845,-2.2937,7.3562,-3.0463,-10.8696,-26.7857,-26.7857,15.493,30.1587
20251210,6862,三集瑞-KY,TWSE,164.0,168.5,163.5,165.5,152975.0,,,data/daily_price/20251210.csv,167.9,167.175,168.1333,153.0083,168.8485,0.9146,-9.8093,0.303,11.4478,21.6912,428449.4,0.357,184.0,224.0,224.0,157.0,143.0,126.0,-1.0019,-1.5662,8.164,-1.9831,-10.0543,-26.1161,-26.1161,15.7343,31.3492
20251211,6862,三集瑞-KY,TWSE,170.0,173.5,165.0,165.5,230024.0,,,data/daily_price/20251211.csv,166.4,166.625,168.4667,153.2125,168.5694,0.0,-4.3353,-6.2323,13.7457,17.3759,392103.75,0.5866,184.0,224.0,224.0,157.0,143.0,126.0,-0.6752,-1.761,8.0199,-1.8209,-10.0543,-26.1161,-26.1161,15.7343,31.3492
20251212,6862,三集瑞-KY,TWSE,167.0,168.0,162.5,165.0,219241.0,,,data/daily_price/20251212.csv,165.5,166.45,168.6667,153.4292,168.272,-0.3021,-2.6549,-2.0772,7.8431,18.705,373317.7,0.5873,184.0,224.0,224.0,157.0,143.0,126.0,-0.8711,-2.1739,7.5415,-1.9445,-10.3261,-26.3393,-26.3393,15.3846,30.9524
20251215,6862,三集瑞-KY,TWSE,162.5,164.5,161.5,164.0,88230.0,,,data/daily_price/20251215.csv,164.8,166.525,168.9833,153.65,167.916,-0.6061,-2.0896,0.9231,13.1034,19.2727,359685.85,0.2453,184.0,224.0,224.0,157.0,143.0,126.0,-1.5163,-2.949,6.7361,-2.3321,-10.8696,-26.7857,-26.7857,14.6853,30.1587
20251216,6862,三集瑞-KY,TWSE,163.0,163.5,156.0,158.0,261012.0,,,data/daily_price/20251216.csv,163.6,166.3,169.1167,153.8083,167.0897,-3.6585,-3.6585,-2.7692,5.3333,13.6691,348603.15,0.7487,184.0,224.0,224.0,156.0,143.0,126.0,-4.991,-6.5734,2.7253,-5.44,-14.1304,-29.4643,-29.4643,10.4895,25.3968
20251217,6862,三集瑞-KY,TWSE,158.0,161.5,158.0,160.0,99826.0,,,data/daily_price/20251217.csv,162.5,165.875,169.3833,153.9833,166.4989,1.2658,-3.3233,-5.0445,11.1111,15.1079,326766.4,0.3055,184.0,224.0,224.0,156.0,143.0,126.0,-3.5418,-5.5397,3.9073,-3.9032,-13.0435,-28.5714,-28.5714,11.8881,26.9841
20251218,6862,三集瑞-KY,TWSE,158.0,160.5,157.0,158.0,121767.0,,,data/daily_price/20251218.csv,161.0,165.25,169.6333,154.1667,165.7906,-1.25,-4.5317,-7.3314,10.4895,16.1765,295930.05,0.4115,184.0,224.0,224.0,156.0,145.5,126.0,-4.3873,-6.8579,2.4865,-4.6991,-14.1304,-29.4643,-29.4643,8.5911,25.3968
20251219,6862,三集瑞-KY,TWSE,162.0,162.0,157.5,157.5,95769.0,,,data/daily_price/20251219.csv,159.5,164.975,169.6417,154.375,165.0997,-0.3165,-4.5455,-3.3742,0.3185,18.8679,283712.0,0.3376,184.0,224.0,224.0,156.0,148.0,126.0,-4.531,-7.1572,2.0243,-4.6031,-14.4022,-29.6875,-29.6875,6.4189,25.0
20251222,6862,三集瑞-KY,TWSE,158.0,160.5,158.0,159.5,115963.0,,,data/daily_price/20251222.csv,158.6,164.975,169.5083,154.6167,164.6331,1.2698,-2.7439,0.0,-4.7761,22.2222,275909.55,0.4203,184.0,224.0,224.0,156.0,148.0,126.5,-3.3187,-5.9043,3.1583,-3.1179,-13.3152,-28.7946,-28.7946,7.7703,26.087
20251223,6862,三集瑞-KY,TWSE,159.5,162.0,157.0,157.5,170153.0,,,data/daily_price/20251223.csv,158.5,164.925,169.4,154.8083,164.0387,-1.2539,-0.3165,-0.6309,-3.9634,17.1004,275206.55,0.6183,184.0,224.0,224.0,156.0,148.0,126.5,-4.502,-7.0248,1.7387,-3.986,-14.4022,-29.6875,-29.6875,6.4189,24.5059
20251224,6862,三集瑞-KY,TWSE,158.5,162.0,157.0,157.0,186979.0,,,data/daily_price/20251224.csv,157.9,164.75,169.3167,154.9125,163.4521,-0.3175,-1.875,-2.1807,-3.0864,8.6505,265054.1,0.7054,184.0,224.0,224.0,156.0,148.0,126.5,-4.7041,-7.2743,1.3475,-3.9474,-14.6739,-29.9107,-29.9107,6.0811,24.1107
20251226,6862,三集瑞-KY,TWSE,157.0,158.5,154.5,154.5,160197.0,,,data/daily_price/20251226.csv,157.2,164.1,169.1583,154.9917,162.7061,-1.5924,-2.2152,-7.7612,-5.7927,6.5517,254989.55,0.6282,184.0,224.0,224.0,154.5,148.0,126.5,-5.8501,-8.6655,-0.3172,-5.0435,-16.0326,-31.0268,-31.0268,4.3919,22.1344
20251229,6862,三集瑞-KY,TWSE,154.5,156.0,153.0,153.5,154582.0,,,data/daily_price/20251229.csv,156.4,163.45,169.1333,155.0833,161.9389,-0.6472,-2.5397,-7.8078,-0.9677,7.7193,250894.7,0.6161,184.0,224.0,224.0,153.0,148.0,126.5,-6.0875,-9.2432,-1.021,-5.2112,-16.5761,-31.4732,-31.4732,3.7162,21.3439
20251230,6862,三集瑞-KY,TWSE,153.0,153.0,150.0,151.0,178496.0,,,data/daily_price/20251230.csv,154.7,162.65,169.1667,155.175,161.0273,-1.6287,-5.3292,-9.5808,1.3423,7.8571,249201.6,0.7163,184.0,224.0,224.0,150.0,148.0,126.5,-7.1626,-10.7389,-2.6905,-6.2271,-17.9348,-32.5893,-32.5893,2.027,19.3676
20251231,6862,三集瑞-KY,TWSE,152.0,154.0,150.0,152.5,135791.0,,,data/daily_price/20251231.csv,153.7,161.825,169.2083,155.2667,160.3167,0.9934,-3.1746,-9.7633,1.6667,7.7739,240224.15,0.5653,184.0,224.0,224.0,150.0,148.0,126.5,-5.7624,-9.8744,-1.7819,-4.8758,-17.1196,-31.9196,-31.9196,3.0405,20.5534
20260102,6862,三集瑞-KY,TWSE,152.0,167.5,152.0,167.5,896489.0,,,data/daily_price/20260102.csv,155.8,161.025,169.525,155.5208,160.9153,9.8361,6.6879,-8.7193,12.7946,22.2628,229824.5,3.9008,178.0,224.0,224.0,150.0,148.5,126.5,4.0211,-1.1945,7.7026,4.092,-5.8989,-25.2232,-25.2232,12.7946,32.4111
20260105,6862,三集瑞-KY,TWSE,175.0,184.0,175.0,181.0,2346818.0,,,data/daily_price/20260105.csv,161.1,161.425,170.0417,155.8792,162.5891,8.0597,17.1521,4.6243,20.6667,31.1594,309249.05,7.5888,184.0,224.0,224.0,150.0,150.0,126.5,12.1264,6.4445,16.1156,11.3236,-1.6304,-19.1964,-19.1964,20.6667,43.083
20260106,6862,三集瑞-KY,TWSE,181.0,185.0,178.5,183.5,1077260.0,,,data/daily_price/20260106.csv,167.1,162.125,170.4583,156.2833,164.3316,1.3812,19.544,8.2596,15.7729,35.9259,352482.7,3.0562,185.0,224.0,224.0,150.0,150.0,126.5,13.1843,7.6509,17.415,11.6644,-0.8108,-18.0804,-18.0804,22.3333,45.0593
20260107,6862,三集瑞-KY,TWSE,185.0,185.0,176.0,179.5,634816.0,,,data/daily_price/20260107.csv,172.8,162.725,170.7417,156.65,165.5957,-2.1798,18.8742,7.1642,10.4615,32.4723,377796.75,1.6803,185.0,224.0,224.0,150.0,150.0,126.5,10.3088,5.1296,14.5867,8.3966,-2.973,-19.8661,-19.8661,19.6667,41.8972
20260108,6862,三集瑞-KY,TWSE,179.5,179.5,168.5,170.0,504882.0,,,data/daily_price/20260108.csv,176.3,163.025,170.8667,156.9625,165.9627,-5.2925,11.4754,3.6585,4.6154,28.3019,391563.5,1.2894,185.0,224.0,224.0,150.0,150.0,126.5,4.2785,-0.5072,8.3061,2.4327,-8.1081,-24.1071,-24.1071,13.3333,34.3874
20260109,6862,三集瑞-KY,TWSE,166.0,169.5,163.0,165.5,376663.0,,,data/daily_price/20260109.csv,175.9,163.025,170.8667,157.2583,165.9241,-2.6471,-1.194,0.0,0.0,27.3077,402747.9,0.9352,185.0,224.0,224.0,150.0,150.0,126.5,1.5182,-3.1409,5.2408,-0.2556,-10.5405,-26.1161,-26.1161,10.3333,30.83
20260112,6862,三集瑞-KY,TWSE,166.0,176.0,166.0,169.0,387802.0,,,data/daily_price/20260112.csv,173.5,163.2,170.95,157.5458,166.1805,2.1148,-6.6298,2.1148,3.0488,25.6506,410636.8,0.9444,185.0,224.0,224.0,150.0,150.0,126.5,3.5539,-1.1407,7.2704,1.6967,-8.6486,-24.5536,-24.5536,12.6667,33.5968
20260113,6862,三集瑞-KY,TWSE,169.5,174.5,169.5,173.5,409013.0,,,data/daily_price/20260113.csv,171.5,163.625,171.2583,157.875,166.7904,2.6627,-5.4496,5.1515,11.9355,29.4776,420125.4,0.9735,185.0,224.0,224.0,150.0,150.0,126.5,6.0351,1.3089,9.8971,4.0228,-6.2162,-22.5446,-22.5446,15.6667,37.1542
20260114,6862,三集瑞-KY,TWSE,175.0,186.0,175.0,175.5,1006375.0,,,data/daily_price/20260114.csv,170.7,164.2,171.475,158.2625,167.5162,1.1527,-2.2284,7.0122,8.0,36.0465,466032.65,2.1595,186.0,224.0,224.0,150.0,150.0,126.5,6.8819,2.3473,10.8917,4.766,-5.6452,-21.6518,-21.6518,17.0,38.7352
20260115,6862,三集瑞-KY,TWSE,180.5,181.5,172.5,172.5,538300.0,,,data/daily_price/20260115.csv,171.2,164.925,171.3083,158.6208,167.9315,-1.7094,1.4706,9.1772,-5.4795,33.2046,479897.05,1.1217,186.0,224.0,224.0,150.0,150.0,126.5,4.593,0.6956,8.7499,2.7204,-7.2581,-22.9911,-22.9911,15.0,36.3636
20260116,6862,三集瑞-KY,TWSE,174.0,174.0,168.0,170.0,258423.0,,,data/daily_price/20260116.csv,172.1,165.425,170.8,158.9333,168.1039,-1.4493,2.719,6.25,-15.212,28.3019,487826.9,0.5297,186.0,224.0,224.0,150.0,150.0,126.5,2.7656,-0.4684,6.9631,1.1279,-8.6022,-24.1071,-24.1071,13.3333,34.3874
20260119,6862,三集瑞-KY,TWSE,181.0,187.0,178.5,187.0,1152226.0,,,data/daily_price/20260119.csv,175.7,166.875,170.5083,159.375,169.6786,10.0,10.6509,18.3544,-8.5575,39.5522,539349.85,2.1363,187.0,224.0,224.0,150.0,150.0,126.5,12.0599,9.6721,17.3333,10.2084,0.0,-16.5179,-16.5179,24.6667,47.8261
20260120,6862,三集瑞-KY,TWSE,197.0,205.5,195.0,199.0,3738875.0,,,data/daily_price/20260120.csv,180.8,168.95,170.4167,159.925,172.122,6.4171,14.6974,26.3492,-2.6895,49.6241,721505.15,5.182,205.5,224.0,224.0,150.0,150.0,126.5,17.7863,16.7726,24.4333,15.6156,-3.163,-11.1607,-11.1607,32.6667,57.3123
20260121,6862,三集瑞-KY,TWSE,202.0,207.0,187.5,190.5,2108301.0,,,data/daily_price/20260121.csv,183.8,170.5,170.2417,160.4208,173.6535,-4.2714,8.547,19.4357,-5.2239,45.4198,821122.05,2.5676,207.0,224.0,224.0,150.0,150.0,126.5,11.7302,11.8998,18.7502,9.7012,-7.971,-14.9554,-14.9554,27.0,50.5929
20260122,6862,三集瑞-KY,TWSE,195.5,206.0,192.5,198.5,1944812.0,,,data/daily_price/20260122.csv,189.0,172.55,170.0333,161.0125,175.7241,4.1995,15.0725,26.0317,-5.9242,55.6863,909855.0,2.1375,207.0,224.0,224.0,150.0,150.0,128.0,15.0391,16.7418,23.2824,12.9612,-4.1063,-11.3839,-11.3839,32.3333,55.0781
20260123,6862,三集瑞-KY,TWSE,202.0,202.0,187.5,188.5,1009314.0,,,data/daily_price/20260123.csv,192.7,174.125,169.8167,161.5,176.7887,-5.0378,10.8824,20.0637,-6.4516,45.0,950971.75,1.0614,207.0,207.0,224.0,150.0,150.0,129.5,8.2556,11.0021,16.7183,6.6244,-8.9372,-8.9372,-15.8482,25.6667,45.5598
20260126,6862,三集瑞-KY,TWSE,188.5,190.0,185.5,188.0,417660.0,,,data/daily_price/20260126.csv,192.9,175.8,169.7167,161.9583,177.723,-0.2653,0.5348,21.6828,-3.0928,41.3534,963844.9,0.4333,207.0,207.0,224.0,150.0,150.0,129.5,6.9397,10.7729,16.0792,5.7826,-9.1787,-9.1787,-16.0714,25.3333,45.1737
20260127,6862,三集瑞-KY,TWSE,192.0,200.5,189.0,200.0,1119356.0,,,data/daily_price/20260127.csv,193.1,178.125,169.8833,162.5292,179.5794,6.383,0.5025,30.2932,5.2632,52.0913,1012083.6,1.106,207.0,207.0,224.0,150.0,150.0,129.5,12.2807,17.7279,23.0548,11.3713,-3.3816,-3.3816,-10.7143,33.3333,54.4402
20260128,6862,三集瑞-KY,TWSE,202.0,202.0,190.0,190.5,730897.0,,,data/daily_price/20260128.csv,193.1,180.1,169.975,163.0167,180.4895,-4.75,0.0,26.1589,2.973,44.3182,1039703.65,0.703,207.0,207.0,224.0,150.0,150.0,129.5,5.7746,12.0753,16.8592,5.5463,-7.971,-7.971,-14.9554,27.0,47.1042
20260129,6862,三集瑞-KY,TWSE,194.0,201.0,190.5,195.5,1160854.0,,,data/daily_price/20260129.csv,192.5,182.25,170.2,163.5583,181.7403,2.6247,-1.5113,28.1967,7.4176,49.8084,1090956.8,1.0641,207.0,207.0,224.0,152.0,150.0,129.5,7.2702,14.8649,19.5292,7.5711,-5.5556,-5.5556,-12.7232,30.3333,50.9653
20260130,6862,三集瑞-KY,TWSE,195.5,201.0,187.0,200.0,970752.0,,,data/daily_price/20260130.csv,194.8,183.875,170.65,164.0667,183.262,2.3018,6.1008,19.403,15.6069,43.8849,1094669.95,0.8868,207.0,207.0,224.0,163.0,150.0,129.5,8.7695,17.1989,21.9017,9.1334,-3.3816,-3.3816,-10.7143,33.3333,54.4402
20260202,6862,三集瑞-KY,TWSE,193.5,193.5,181.5,187.0,929975.0,,,data/daily_price/20260202.csv,194.6,184.175,170.85,164.4667,183.5735,-6.5,-0.5319,3.3149,6.8571,34.5324,1023827.8,0.9083,207.0,207.0,224.0,163.0,150.0,129.5,1.5339,9.4527,13.7009,1.8666,-9.6618,-9.6618,-16.5179,24.6667,44.4015
20260203,6862,三集瑞-KY,TWSE,194.0,198.0,189.0,189.5,529232.0,,,data/daily_price/20260203.csv,192.5,184.475,171.2,164.825,184.0674,1.3369,-5.25,3.2698,12.4629,29.3515,996426.4,0.5311,207.0,207.0,224.0,163.0,150.0,129.5,2.7239,10.6893,14.9704,2.9514,-8.4541,-8.4541,-15.4018,26.3333,46.332
20260204,6862,三集瑞-KY,TWSE,189.5,191.5,185.5,187.5,338517.0,,,data/daily_price/20260204.csv,191.9,184.875,171.5917,165.1708,184.3534,-1.0554,-1.5748,4.4568,14.3293,28.4247,981611.45,0.3449,207.0,207.0,224.0,163.0,150.0,129.5,1.4199,9.271,13.5188,1.7068,-9.4203,-9.4203,-16.2946,25.0,44.7876
20260205,6862,三集瑞-KY,TWSE,185.0,186.0,177.0,181.0,518382.0,,,data/daily_price/20260205.csv,189.0,185.425,171.8667,165.4542,184.074,-3.4667,-7.4169,6.4706,10.0304,23.1293,982286.45,0.5277,207.0,207.0,224.0,163.0,150.0,129.5,-2.3864,5.3142,9.3959,-1.67,-12.5604,-12.5604,-19.1964,20.6667,39.7683
20260206,6862,三集瑞-KY,TWSE,177.5,177.5,169.0,170.5,492189.0,,,data/daily_price/20260206.csv,183.1,185.675,171.9583,165.675,182.9428,-5.8011,-14.75,3.0211,3.3333,18.4028,988062.75,0.4981,207.0,207.0,224.0,166.0,150.0,129.5,-8.1729,-0.8481,2.9123,-6.8015,-17.6329,-17.6329,-23.8839,13.6667,31.6602
20260209,6862,三集瑞-KY,TWSE,178.5,180.0,172.5,174.0,343698.0,,,data/daily_price/20260209.csv,180.5,185.925,171.9167,165.9292,182.1976,2.0528,-6.9519,2.9586,-1.4164,21.2544,985857.55,0.3486,207.0,207.0,224.0,168.0,150.0,129.5,-6.4139,1.2118,4.864,-4.4993,-15.942,-15.942,-22.3214,16.0,34.3629
20260210,6862,三集瑞-KY,TWSE,175.5,177.0,172.0,174.0,356440.0,,,data/daily_price/20260210.csv,177.4,185.95,172.0083,166.1542,181.5144,0.0,-8.1794,0.2882,3.2641,18.3673,983228.9,0.3625,207.0,207.0,224.0,168.0,150.0,129.5,-6.4265,1.1579,4.722,-4.1399,-15.942,-15.942,-22.3214,16.0,34.3629
20260211,6862,三集瑞-KY,TWSE,175.0,179.5,169.0,170.0,410071.0,,,data/daily_price/20260211.csv,173.9,185.675,172.1333,166.4208,180.5549,-2.2989,-9.3333,-3.1339,4.6154,23.1884,953413.7,0.4301,207.0,207.0,224.0,168.0,150.0,129.5,-8.4422,-1.2393,2.1507,-5.8458,-17.8744,-17.8744,-24.1071,13.3333,31.2741
20260223,6862,三集瑞-KY,TWSE,175.0,187.0,174.0,187.0,592926.0,,,data/daily_price/20260223.csv,175.1,186.4,172.5417,166.8208,181.092,10.0,3.3149,8.4058,15.0769,34.5324,956145.0,0.6201,207.0,207.0,224.0,168.0,150.0,129.5,0.3219,8.3796,12.0963,3.2624,-9.6618,-9.6618,-16.5179,24.6667,44.4015
20260224,6862,三集瑞-KY,TWSE,191.0,205.0,189.5,197.0,1760298.0,,,data/daily_price/20260224.csv,180.4,187.75,173.0167,167.3042,182.4177,5.3476,15.5425,15.8824,16.9139,41.7266,1031238.75,1.707,207.0,207.0,224.0,169.0,150.0,129.5,4.9268,13.8619,17.7496,7.9939,-4.8309,-4.8309,-12.0536,31.3333,52.1236
20260225,6862,三集瑞-KY,TWSE,199.0,208.5,196.0,205.0,1764696.0,,,data/daily_price/20260225.csv,186.6,188.65,173.5917,167.7667,184.2995,4.0609,17.8161,9.6257,20.2346,37.1237,1061862.25,1.6619,208.5,208.5,224.0,169.0,150.0,129.5,8.6668,18.0932,22.1935,11.232,-1.6787,-1.6787,-8.4821,36.6667,58.3012
20260226,6862,三集瑞-KY,TWSE,204.5,225.5,200.0,220.0,2306943.0,,,data/daily_price/20260226.csv,195.8,189.7,174.5417,168.3667,187.2746,7.3171,26.4368,10.5528,34.9693,48.6486,990265.65,2.3296,225.5,225.5,225.5,169.0,150.0,129.5,15.9726,26.0444,30.6672,17.4746,-2.439,-2.439,-2.439,46.6667,69.8842
20260302,6862,三集瑞-KY,TWSE,214.5,238.0,212.0,228.0,2672956.0,,,data/daily_price/20260302.csv,207.4,191.575,175.6833,169.1083,190.6683,3.6364,34.1176,19.685,42.9467,64.0288,1018498.4,2.6244,238.0,238.0,238.0,169.0,150.0,129.5,19.0134,29.779,34.8248,19.5794,-4.2017,-4.2017,-4.2017,52.0,76.0618
20260303,6862,三集瑞-KY,TWSE,228.0,228.0,205.5,205.5,2242660.0,,,data/daily_price/20260303.csv,211.1,191.925,176.4667,169.6958,191.9043,-9.8684,9.893,3.5264,29.653,52.2222,1033390.8,2.1702,238.0,238.0,238.0,169.0,150.0,129.5,7.0731,16.4526,21.099,7.0846,-13.6555,-13.6555,-13.6555,37.0,58.6873
20260304,6862,三集瑞-KY,TWSE,195.5,196.5,185.0,185.0,1567096.0,,,data/daily_price/20260304.csv,208.7,191.75,176.875,170.1208,191.329,-9.9757,-6.0914,-1.8568,15.2648,38.0597,1061279.9,1.4766,238.0,238.0,238.0,169.0,150.0,129.5,-3.5202,4.5936,8.7462,-3.3079,-22.2689,-22.2689,-22.2689,23.3333,42.8571
20260305,6862,三集瑞-KY,TWSE,190.0,194.5,186.5,194.5,1194026.0,,,data/daily_price/20260305.csv,206.6,192.075,177.325,170.6167,191.5932,5.1351,-5.122,3.4574,16.1194,44.0741,1100098.2,1.0854,238.0,238.0,238.0,169.0,150.0,129.5,1.2625,9.6856,13.9982,1.5172,-18.2773,-18.2773,-18.2773,29.6667,50.1931
20260306,6862,三集瑞-KY,TWSE,192.5,197.5,188.5,195.0,620435.0,,,data/daily_price/20260306.csv,201.6,191.825,177.8,171.125,191.8771,0.2571,-11.3636,-2.5,17.1171,45.5224,1075152.15,0.5771,238.0,238.0,238.0,169.0,150.0,129.5,1.6552,9.6738,13.9518,1.6275,-18.0672,-18.0672,-18.0672,30.0,50.5792
20260309,6862,三集瑞-KY,TWSE,175.5,185.0,175.5,184.0,592301.0,,,data/daily_price/20260309.csv,192.8,191.5,178.0833,171.525,191.2207,-5.641,-19.2982,-3.4121,10.1796,35.2941,1068222.35,0.5545,238.0,238.0,238.0,169.0,150.0,129.5,-3.9164,3.3224,7.273,-3.7761,-22.6891,-22.6891,-22.6891,22.6667,42.0849
20260310,6862,三集瑞-KY,TWSE,186.5,188.0,173.5,177.0,991290.0,,,data/daily_price/20260310.csv,187.1,190.575,178.2167,171.8875,190.0356,-3.8043,-13.8686,-9.4629,4.7337,32.5843,1059744.15,0.9354,238.0,238.0,238.0,169.0,150.0,129.5,-7.1232,-0.6827,2.9743,-6.8596,-25.6303,-25.6303,-25.6303,18.0,36.6795
20260311,6862,三集瑞-KY,TWSE,183.5,194.5,183.0,194.5,458800.0,,,data/daily_price/20260311.csv,189.0,190.3,178.4,172.3833,190.4077,9.887,5.1351,-2.75,5.9946,44.0741,1034146.55,0.4437,238.0,238.0,238.0,169.0,150.0,135.0,2.207,9.0247,12.8299,2.1493,-18.2773,-18.2773,-18.2773,29.6667,44.0741
20260312,6862,三集瑞-KY,TWSE,192.5,202.5,190.0,191.0,829697.0,,,data/daily_price/20260312.csv,188.3,190.5,178.7,172.8125,190.457,-1.7995,-1.7995,2.139,10.4046,36.9176,1029132.65,0.8062,238.0,238.0,238.0,169.0,150.0,142.0,0.2625,6.883,10.5244,0.2851,-19.7479,-19.7479,-19.7479,27.3333,34.507
20260313,6862,三集瑞-KY,TWSE,185.5,199.5,183.0,194.0,702645.0,,,data/daily_price/20260313.csv,188.1,190.725,179.1083,173.1792,190.7523,1.5707,-0.5128,2.3747,14.4543,29.3333,1037803.3,0.6771,238.0,238.0,238.0,169.0,150.0,142.0,1.7171,8.3143,12.0227,1.7026,-18.4874,-18.4874,-18.4874,29.3333,36.6197
20260316,6862,三集瑞-KY,TWSE,191.5,209.5,189.5,207.0,1038220.0,,,data/daily_price/20260316.csv,192.7,191.7,179.7667,173.6375,192.1062,6.701,12.5,10.4,23.5821,36.1842,1072788.45,0.9678,238.0,238.0,238.0,169.0,150.0,142.0,7.9812,15.1493,19.2139,7.7529,-13.0252,-13.0252,-13.0252,38.0,45.7746
20260317,6862,三集瑞-KY,TWSE,207.0,217.5,199.0,209.5,2066272.0,,,data/daily_price/20260317.csv,199.2,193.125,180.525,174.1875,193.5557,1.2077,18.3616,15.7459,27.7439,45.993,1150182.95,1.7965,238.0,238.0,238.0,169.0,150.0,142.0,8.479,16.0504,20.2727,8.2376,-11.9748,-11.9748,-11.9748,39.6667,47.5352
20260318,6862,三集瑞-KY,TWSE,212.5,218.5,207.0,209.0,1326829.0,,,data/daily_price/20260318.csv,202.1,195.05,181.25,174.6917,194.8427,-0.2387,7.455,22.5806,26.284,40.7407,1191914.95,1.1132,238.0,238.0,238.0,169.0,150.0,143.0,7.152,15.3103,19.6394,7.266,-12.1849,-12.1849,-12.1849,39.3333,46.1538
20260319,6862,三集瑞-KY,TWSE,207.5,208.0,198.5,200.5,772698.0,,,data/daily_price/20260319.csv,204.0,196.375,181.8333,175.15,195.3142,-4.067,4.9738,15.2299,21.148,37.8007,1213364.95,0.6368,238.0,238.0,238.0,169.0,150.0,143.0,2.1006,10.2658,14.4733,2.6551,-15.7563,-15.7563,-15.7563,33.6667,40.2098
20260320,6862,三集瑞-KY,TWSE,202.0,206.0,192.5,194.0,621534.0,,,data/daily_price/20260320.csv,204.0,197.375,182.3167,175.4917,195.2047,-3.2419,0.0,11.4943,17.5758,26.7974,1226619.65,0.5067,238.0,238.0,238.0,169.0,150.0,143.0,-1.7099,6.4083,10.5466,-0.6171,-18.4874,-18.4874,-18.4874,29.3333,35.6643
20260323,6862,三集瑞-KY,TWSE,187.5,191.5,184.0,184.0,479061.0,,,data/daily_price/20260323.csv,199.4,198.075,182.65,175.8167,194.2709,-5.1546,-11.1111,8.2353,12.1951,26.8966,1230069.15,0.3895,238.0,238.0,238.0,173.5,150.0,143.0,-7.1059,0.7391,4.6545,-5.2869,-22.6891,-22.6891,-22.6891,22.6667,28.6713
20260324,6862,三集瑞-KY,TWSE,189.5,191.0,180.0,181.5,461879.0,,,data/daily_price/20260324.csv,193.8,197.8,183.0417,176.0792,193.2067,-1.3587,-13.3652,-2.9412,14.8734,21.0,1223516.8,0.3775,238.0,238.0,238.0,173.5,150.0,143.0,-8.2406,-0.8422,3.0786,-6.0592,-23.7395,-23.7395,-23.7395,21.0,26.9231
20260325,6862,三集瑞-KY,TWSE,187.5,190.0,184.0,184.5,265876.0,,,data/daily_price/20260325.csv,188.9,197.175,183.45,176.4167,192.4811,1.6529,-11.7225,-6.3452,15.3125,28.125,1148795.7,0.2314,238.0,238.0,238.0,173.5,150.0,143.0,-6.4283,0.5724,4.582,-4.1465,-22.479,-22.479,-22.479,23.0,29.021
20260326,6862,三集瑞-KY,TWSE,185.5,194.0,185.0,185.0,353618.0,,,data/daily_price/20260326.csv,185.8,196.175,183.9,176.7667,191.8577,0.271,-7.7307,-9.7561,17.0886,29.3706,1078241.8,0.328,238.0,238.0,238.0,173.5,150.0,145.5,-5.6964,0.5982,4.6577,-3.5744,-22.2689,-22.2689,-22.2689,23.3333,27.1478
20260327,6862,三集瑞-KY,TWSE,180.5,186.5,180.5,186.0,245819.0,,,data/daily_price/20260327.csv,184.2,194.475,184.375,177.0083,191.3696,0.5405,-4.1237,-15.4545,18.0952,18.4713,975185.6,0.2521,238.0,238.0,238.0,173.5,150.0,148.0,-4.3579,0.8814,5.0798,-2.8059,-21.8487,-21.8487,-21.8487,24.0,25.6757
20260330,6862,三集瑞-KY,TWSE,183.0,183.0,171.0,173.5,718381.0,,,data/daily_price/20260330.csv,182.1,191.75,184.6083,177.0583,189.8804,-6.7204,-5.7065,-23.9035,8.7774,3.5821,877456.85,0.8187,228.0,238.0,238.0,171.0,150.0,148.0,-9.5176,-6.0172,-2.0097,-8.6267,-23.9035,-27.1008,-27.1008,15.6667,17.2297
20260331,6862,三集瑞-KY,TWSE,172.0,174.5,158.5,160.5,925064.0,,,data/daily_price/20260331.csv,177.9,189.5,184.6583,177.0292,187.4321,-7.4928,-11.5702,-21.8978,1.9048,-2.1341,811577.05,1.1398,218.5,238.0,238.0,158.5,150.0,148.0,-15.3034,-13.0827,-9.337,-14.369,-26.5446,-32.563,-32.563,7.0,8.4459
20260401,6862,三集瑞-KY,TWSE,169.5,169.5,161.0,161.5,365383.0,,,data/daily_price/20260401.csv,173.3,188.325,184.7333,177.025,185.2711,0.6231,-12.4661,-12.7027,2.8662,-0.3086,751491.4,0.4862,218.5,238.0,238.0,158.5,150.0,148.0,-14.244,-12.5767,-8.7699,-12.8304,-26.087,-32.1429,-32.1429,7.6667,9.1216
20260402,6862,三集瑞-KY,TWSE,162.0,164.5,157.5,159.5,344848.0,,,data/daily_price/20260402.csv,168.2,186.575,184.8167,176.9875,183.1235,-1.2384,-13.7838,-17.9949,3.2362,-2.7439,709032.5,0.4864,218.5,238.0,238.0,157.5,150.0,148.0,-14.5116,-13.6983,-9.8806,-12.9003,-27.0023,-32.9832,-32.9832,6.3333,7.7703
20260407,6862,三集瑞-KY,TWSE,162.0,162.5,159.0,159.5,163752.0,,,data/daily_price/20260407.csv,162.9,184.8,184.9167,177.025,181.1549,0.0,-14.2473,-18.2051,3.9088,2.9032,686198.35,0.2386,218.5,238.0,238.0,157.5,150.0,148.0,-13.6905,-13.7449,-9.8997,-11.9538,-27.0023,-32.9832,-32.9832,6.3333,7.7703
20260408,6862,三集瑞-KY,TWSE,163.5,170.5,163.5,169.5,300504.0,,,data/daily_price/20260408.csv,162.1,184.075,185.225,177.1958,180.1836,6.2696,-2.3055,-7.8804,12.2517,13.7584,671608.5,0.4474,218.5,238.0,238.0,157.5,150.0,148.0,-7.918,-8.4897,-4.3431,-5.9293,-22.4256,-28.7815,-28.7815,13.0,14.527
20260409,6862,三集瑞-KY,TWSE,170.0,173.5,168.0,171.5,246577.0,,,data/daily_price/20260409.csv,164.3,183.8,185.5417,177.375,179.46,1.1799,6.8536,-3.1073,12.459,14.3333,634372.85,0.3887,218.5,238.0,238.0,157.5,152.0,148.0,-6.6921,-7.5679,-3.3122,-4.4355,-21.5103,-27.9412,-27.9412,12.8289,15.8784
20260410,6862,三集瑞-KY,TWSE,174.5,186.0,174.5,180.5,535575.0,,,data/daily_price/20260410.csv,168.1,183.1,185.7583,177.6417,179.5466,5.2478,11.7647,-7.1979,7.7612,21.5488,638211.6,0.8392,218.5,238.0,238.0,157.5,157.5,148.5,-1.42,-2.8307,1.609,0.531,-17.3913,-24.1597,-24.1597,14.6032,21.5488
20260413,6862,三集瑞-KY,TWSE,185.0,198.5,184.0,198.5,1506859.0,,,data/daily_price/20260413.csv,175.9,183.475,186.05,178.0458,181.1261,9.9723,24.4514,3.9267,9.6685,32.3333,672069.7,2.2421,218.5,238.0,238.0,157.5,157.5,150.0,8.1891,6.6917,11.4881,9.5922,-9.1533,-16.5966,-16.5966,26.0317,32.3333
20260414,6862,三集瑞-KY,TWSE,201.0,203.0,192.0,192.5,1485900.0,,,data/daily_price/20260414.csv,182.5,183.4,186.2,178.3292,182.0739,-3.0227,20.6897,-0.7732,4.9046,21.4511,711232.45,2.0892,218.5,238.0,238.0,157.5,157.5,150.0,4.9618,3.3835,7.9464,5.7263,-11.8993,-19.1176,-19.1176,22.2222,28.3333
20260415,6862,三集瑞-KY,TWSE,198.5,202.0,188.0,189.5,862829.0,,,data/daily_price/20260415.csv,186.5,182.525,186.3667,178.5542,182.6928,-1.5584,11.7994,-8.4541,5.571,16.6154,702462.9,1.2283,218.5,238.0,238.0,157.5,157.5,150.0,3.8214,1.6813,6.1303,3.7261,-13.2723,-20.3782,-20.3782,20.3175,26.3333
20260416,6862,三集瑞-KY,TWSE,197.0,208.0,192.0,194.5,2205820.0,,,data/daily_price/20260416.csv,191.1,181.775,186.775,178.8208,183.6767,2.6385,13.4111,-7.1599,14.4118,19.6923,709440.3,3.1092,218.5,238.0,238.0,157.5,157.5,150.0,7.0004,4.136,8.7681,5.8926,-10.984,-18.2773,-18.2773,23.4921,29.6667
20260417,6862,三集瑞-KY,TWSE,194.5,199.0,188.0,188.5,1096557.0,,,data/daily_price/20260417.csv,192.7,180.75,187.1583,179.0125,184.0786,-3.0848,4.4321,-9.8086,13.8973,13.8973,697926.7,1.5712,208.0,238.0,238.0,157.5,157.5,150.0,4.2877,0.7169,5.2999,2.4019,-9.375,-20.7983,-20.7983,19.6825,25.6667
20260420,6862,三集瑞-KY,TWSE,192.0,197.5,188.5,193.0,648380.0,,,data/daily_price/20260420.csv,191.6,180.375,187.5583,179.2542,184.8221,2.3873,-2.7708,-3.7406,14.2012,17.6829,691710.8,0.9374,208.0,238.0,238.0,157.5,157.5,150.0,6.9993,2.9013,7.6683,4.4247,-7.2115,-18.9076,-18.9076,22.5397,28.6667
20260421,6862,三集瑞-KY,TWSE,194.5,196.5,191.0,191.5,508671.0,,,data/daily_price/20260421.csv,191.4,180.25,187.8583,179.5583,185.3786,-0.7772,-0.5195,-1.2887,10.3746,23.5484,686067.65,0.7414,208.0,238.0,238.0,157.5,157.5,150.0,6.2413,1.9385,6.6506,3.3021,-7.9327,-19.5378,-19.5378,21.5873,27.6667
20260422,6862,三集瑞-KY,TWSE,190.5,195.0,188.5,189.0,666479.0,,,data/daily_price/20260422.csv,191.3,180.5,188.0833,179.7792,185.6804,-1.3055,-0.2639,2.7174,7.6923,16.3077,695438.55,0.9584,208.0,238.0,238.0,157.5,157.5,150.0,4.7091,0.4874,5.129,1.7878,-9.1346,-20.5882,-20.5882,20.0,26.0
20260423,6862,三集瑞-KY,TWSE,192.0,192.0,170.5,172.5,1178910.0,,,data/daily_price/20260423.csv,186.9,180.05,188.0833,179.6958,184.582,-8.7302,-11.3111,-4.9587,0.0,-5.4795,731290.1,1.6121,208.0,238.0,238.0,157.5,157.5,150.0,-4.1933,-8.2853,-4.0045,-6.5456,-17.0673,-27.521,-27.521,9.5238,15.0
20260424,6862,三集瑞-KY,TWSE,177.0,178.0,170.5,174.0,365037.0,,,data/daily_price/20260424.csv,184.0,179.525,188.15,179.475,183.7002,0.8696,-7.6923,-5.6911,2.3529,-13.217,736248.15,0.4958,208.0,238.0,238.0,157.5,157.5,150.0,-3.0776,-7.5206,-3.0506,-5.2804,-16.3462,-26.8908,-26.8908,10.4762,16.0
20260427,6862,三集瑞-KY,TWSE,172.5,172.5,164.0,168.5,487954.0,,,data/daily_price/20260427.csv,179.1,178.7,187.8417,179.175,182.4335,-3.1609,-12.6943,-8.9189,-9.893,-17.6039,742964.95,0.6568,208.0,238.0,238.0,157.5,157.5,150.0,-5.7079,-10.2968,-5.9579,-7.6376,-18.9904,-29.2017,-29.2017,6.9841,12.3333
20260428,6862,三集瑞-KY,TWSE,168.5,181.0,168.5,174.5,524214.0,,,data/daily_price/20260428.csv,175.7,178.125,187.4333,178.925,181.7724,3.5608,-8.8773,-6.1828,-12.3116,-14.6699,756884.7,0.6926,208.0,238.0,238.0,157.5,157.5,150.0,-2.0351,-6.9002,-2.4731,-4.0008,-16.1058,-26.6807,-26.6807,10.7937,16.3333
20260429,6862,三集瑞-KY,TWSE,173.0,173.5,170.5,172.0,231385.0,,,data/daily_price/20260429.csv,172.3,178.05,187.125,178.6833,180.958,-1.4327,-8.9947,-0.8646,-9.7113,-14.4279,732534.9,0.3159,208.0,238.0,238.0,157.5,157.5,150.0,-3.3979,-8.0828,-3.7403,-4.9503,-17.3077,-27.7311,-27.7311,9.2063,14.6667
20260430,6862,三集瑞-KY,TWSE,172.0,174.0,169.5,170.0,231968.0,,,data/daily_price/20260430.csv,171.8,178.525,186.65,178.3417,180.0448,-1.1628,-1.4493,5.919,-14.3577,-19.4313,697880.1,0.3324,208.0,238.0,238.0,157.5,157.5,150.0,-4.7752,-8.9204,-4.6774,-5.5791,-18.2692,-28.5714,-28.5714,7.9365,13.3333
20260504,6862,三集瑞-KY,TWSE,171.0,175.0,169.0,172.5,352242.0,,,data/daily_price/20260504.csv,171.5,179.075,186.3833,178.1,179.4161,1.4706,-0.8621,6.8111,-8.4881,-14.3921,697223.05,0.5052,208.0,238.0,238.0,157.5,157.5,150.0,-3.6716,-7.4488,-3.1443,-3.8548,-17.0673,-27.521,-27.521,9.5238,15.0
20260505,6862,三集瑞-KY,TWSE,172.0,176.0,171.5,174.5,418397.0,,,data/daily_price/20260505.csv,172.7,179.825,186.1583,177.9375,179.0064,1.1594,3.5608,9.4044,-7.1809,-10.0515,700900.5,0.5969,208.0,238.0,238.0,159.0,157.5,150.0,-2.9612,-6.2626,-1.9319,-2.5175,-16.1058,-26.6807,-26.6807,10.7937,16.3333
20260506,6862,三集瑞-KY,TWSE,176.0,176.0,165.5,167.5,571118.0,,,data/daily_price/20260506.csv,171.3,180.225,185.6167,177.75,178.0476,-4.0115,-4.0115,5.0157,-16.25,-11.8421,721268.8,0.7918,208.0,238.0,238.0,163.5,157.5,150.0,-7.0606,-9.7603,-5.7665,-5.924,-19.4712,-29.6218,-29.6218,6.3492,11.6667
20260507,6862,三集瑞-KY,TWSE,169.0,184.0,167.5,184.0,1124377.0,,,data/daily_price/20260507.csv,173.7,180.95,185.5083,177.7417,178.5436,9.8507,6.9767,8.5546,-3.4121,-0.5405,762462.45,1.4747,208.0,238.0,238.0,164.0,157.5,150.0,1.6855,-0.8131,3.521,3.0561,-11.5385,-22.6891,-22.6891,16.8254,22.6667
20260508,6862,三集瑞-KY,TWSE,195.0,198.5,180.5,187.0,2617274.0,,,data/daily_price/20260508.csv,177.1,181.725,185.3667,177.7833,179.2483,1.6304,10.0,9.0379,-4.3478,2.7473,880997.3,2.9708,208.0,238.0,238.0,164.0,157.5,150.0,2.9027,0.8811,5.1842,4.3246,-10.0962,-21.4286,-21.4286,18.7302,24.6667
20260511,6862,三集瑞-KY,TWSE,180.0,180.0,168.5,168.5,1794427.0,,,data/daily_price/20260511.csv,176.3,181.125,184.8417,177.7458,178.3526,-9.893,-2.3188,-6.6482,-15.75,-2.6012,943939.9,1.901,208.0,238.0,238.0,164.0,157.5,150.0,-6.9703,-8.8409,-5.2017,-5.5242,-18.9904,-29.2017,-29.2017,6.9841,12.3333
20260512,6862,三集瑞-KY,TWSE,168.0,168.0,160.5,168.0,866842.0,,,data/daily_price/20260512.csv,175.0,179.6,184.525,177.6875,177.4899,-0.2967,-3.7249,-15.3652,-10.1604,-4.0,911939.05,0.9505,208.0,238.0,238.0,160.5,157.5,150.0,-6.4588,-8.9554,-5.452,-5.3467,-19.2308,-29.4118,-29.4118,6.6667,12.0
20260513,6862,三集瑞-KY,TWSE,157.0,162.0,155.0,161.0,1238732.0,,,data/daily_price/20260513.csv,173.7,178.025,184.05,177.625,176.1157,-4.1667,-3.8806,-16.3636,-15.0396,-4.451,899580.65,1.377,208.0,238.0,238.0,155.0,155.0,150.0,-9.5633,-12.5238,-9.3596,-8.5828,-22.5962,-32.3529,-32.3529,3.871,7.3333
20260514,6862,三集瑞-KY,TWSE,163.5,173.0,161.5,162.0,852526.0,,,data/daily_price/20260514.csv,169.3,176.65,183.625,177.6083,174.9394,0.6211,-11.9565,-14.5119,-13.6,-1.2195,899065.5,0.9482,208.0,238.0,238.0,155.0,155.0,150.0,-8.2932,-11.7767,-8.7881,-7.3965,-22.1154,-31.9328,-31.9328,4.5161,8.0
20260515,6862,三集瑞-KY,TWSE,164.5,171.5,160.0,161.0,881069.0,,,data/daily_price/20260515.csv,164.1,174.975,183.2917,177.5792,173.7778,-0.6173,-13.9037,-17.2237,-11.0497,-2.1277,832827.95,1.0579,199.0,238.0,238.0,155.0,155.0,150.0,-7.9869,-12.1619,-9.3362,-7.353,-19.0955,-32.3529,-32.3529,3.871,7.3333
20260518,6862,三集瑞-KY,TWSE,160.0,172.0,160.0,168.5,772092.0,,,data/daily_price/20260518.csv,164.1,173.975,183.2583,177.6083,173.338,4.6584,0.0,-10.6101,-1.173,2.1212,816604.7,0.9455,198.5,238.0,238.0,155.0,155.0,150.0,-3.147,-8.0533,-5.1283,-2.7911,-15.1134,-29.2017,-29.2017,8.7097,12.3333
20260519,6862,三集瑞-KY,TWSE,166.5,172.0,160.5,161.5,448205.0,,,data/daily_price/20260519.csv,162.8,172.4,183.05,177.4833,172.3515,-4.1543,-3.869,-16.3212,-7.1839,-8.4986,806595.95,0.5557,198.5,238.0,238.0,155.0,155.0,150.0,-6.3225,-11.7727,-9.0055,-6.2961,-18.6398,-32.1429,-32.1429,4.1935,7.6667
20260520,6862,三集瑞-KY,TWSE,162.5,172.5,162.5,166.0,928568.0,,,data/daily_price/20260520.csv,163.8,171.125,182.9167,177.4625,171.8222,2.7864,3.1056,-13.3159,-4.5977,-1.4837,827590.8,1.122,198.5,238.0,238.0,155.0,155.0,150.0,-2.9949,-9.2483,-6.4591,-3.3885,-16.3728,-30.2521,-30.2521,7.0968,10.6667
20260521,6862,三集瑞-KY,TWSE,170.0,182.5,169.0,182.5,1106338.0,,,data/daily_price/20260521.csv,167.9,170.8,183.125,177.6292,172.712,9.9398,12.6543,-3.4392,7.3529,12.3077,849583.75,1.3022,198.5,238.0,238.0,155.0,155.0,150.0,6.8501,-0.3413,2.7421,5.6672,-8.0605,-23.3193,-23.3193,17.7419,21.6667
20260522,6862,三集瑞-KY,TWSE,182.5,194.5,180.0,189.0,2798228.0,521376047.0,TWSE_RWD_JSON_MI_INDEX,data/daily_price/daily_price_20260522.csv,173.5,171.625,183.1583,177.85,174.0693,3.5616,17.3913,9.5652,1.0695,16.3077,930549.65,3.0071,198.5,238.0,238.0,155.0,155.0,150.0,10.1238,3.1894,6.2693,8.5774,-4.7859,-20.5882,-20.5882,21.9355,26.0
20260525,6862,三集瑞-KY,TWSE,197.0,199.0,185.5,185.5,1340812.0,256039168.0,TWSE_RWD_JSON_MI_INDEX,data/daily_price/daily_price_20260525.csv,176.9,172.2,182.9667,177.9917,175.0219,-1.8519,10.089,6.6092,-5.8376,10.089,979338.4,1.3691,199.0,238.0,238.0,155.0,155.0,150.0,7.7236,1.3846,4.2184,5.9867,-6.7839,-22.0588,-22.0588,19.6774,23.6667
20260526,6862,三集瑞-KY,TWSE,188.5,188.5,173.0,181.5,1101741.0,197193629.0,TWSE_RWD_JSON_MI_INDEX,data/daily_price/daily_price_20260526.csv,180.9,172.85,182.575,178.0833,175.5617,-2.1563,12.3839,7.7151,-11.4634,6.4516,1010027.75,1.0908,199.0,238.0,238.0,155.0,155.0,150.0,5.0043,-0.5888,1.9186,3.3824,-8.794,-23.7395,-23.7395,17.0968,21.0
20260527,6862,三集瑞-KY,TWSE,187.5,191.5,182.5,186.0,1115296.0,208410517.0,TWSE_RWD_JSON_MI_INDEX,data/daily_price/daily_price_20260527.csv,184.9,173.425,182.0083,178.275,176.4316,2.4793,12.0482,6.5903,-15.4545,14.1104,1039581.85,1.0728,199.0,238.0,238.0,155.0,155.0,150.0,7.251,2.1931,4.3332,5.4233,-6.5327,-21.8487,-21.8487,20.0,24.0
20260528,6862,三集瑞-KY,TWSE,183.0,204.5,183.0,204.5,4190531.0,842176462.0,TWSE_RWD_JSON_MI_INDEX,data/daily_price/daily_price_20260528.csv,189.3,175.05,181.6167,178.65,178.7706,9.9462,12.0548,18.8953,-10.307,28.2132,1237539.15,3.3862,204.5,228.0,238.0,155.0,155.0,150.0,16.8238,12.5998,14.4696,14.3924,0.0,-10.307,-14.0756,31.9355,36.3333
20260529,6862,三集瑞-KY,TWSE,224.0,224.5,220.5,224.5,1577735.0,353656960.0,TWSE_RWD_JSON_MI_INDEX,data/daily_price/daily_price_20260529.csv,196.4,177.775,181.9333,179.2,182.5814,9.78,18.7831,32.0588,9.2457,41.6404,1304827.5,1.2092,224.5,224.5,238.0,155.0,155.0,150.0,26.2832,23.3968,25.279,22.9588,0.0,0.0,-5.6723,44.8387,49.6667
20260601,6862,三集瑞-KY,TWSE,228.0,245.0,209.5,214.0,5544393.0,1262828129.0,TWSE_RWD_JSON_MI_INDEX,data/daily_price/daily_price_20260601.csv,202.1,179.85,182.4167,179.6458,185.1996,-4.6771,15.3639,24.058,15.6757,33.3333,1564435.05,3.544,245.0,245.0,245.0,155.0,155.0,150.0,18.988,17.3138,19.1233,15.551,-12.6531,-12.6531,-12.6531,38.0645,42.6667
20260602,6862,三集瑞-KY,TWSE,211.5,215.0,193.5,199.5,2597517.0,519729729.0,TWSE_RWD_JSON_MI_INDEX,data/daily_price/daily_price_20260602.csv,205.7,181.1,182.5,179.9125,186.3913,-6.7757,9.9174,14.3266,2.5707,19.1045,1673391.05,1.5522,245.0,245.0,245.0,155.0,155.0,150.0,10.1601,9.3151,10.8872,7.0329,-18.5714,-18.5714,-18.5714,28.7097,33.0
20260603,6862,三集瑞-KY,TWSE,203.0,205.0,192.5,194.5,1249351.0,247071600.0,TWSE_RWD_JSON_MI_INDEX,data/daily_price/daily_price_20260603.csv,207.4,182.45,182.4917,180.1458,187.067,-2.5063,4.5699,16.1194,-0.2564,16.8168,1707302.7,0.7318,245.0,245.0,245.0,155.0,155.0,150.0,6.6045,6.5802,7.9681,3.9734,-20.6122,-20.6122,-20.6122,25.4839,29.6667
20260604,6862,三集瑞-KY,TWSE,192.5,196.0,184.5,186.0,901502.0,169947630.0,TWSE_RWD_JSON_MI_INDEX,data/daily_price/daily_price_20260604.csv,203.7,182.55,182.525,180.3042,186.9781,-4.3702,-9.0465,1.087,1.087,11.3772,1696158.95,0.5315,245.0,245.0,245.0,155.0,155.0,150.0,1.8899,1.9038,3.159,-0.5231,-24.0816,-24.0816,-24.0816,20.0,24.0
20260605,6862,三集瑞-KY,TWSE,187.0,204.5,182.0,204.5,1572063.0,308529825.0,TWSE_RWD_JSON_MI_INDEX,data/daily_price/daily_price_20260605.csv,199.7,183.425,182.9833,180.6,188.4383,9.9462,-8.9087,9.3583,15.5367,21.0059,1643898.4,0.9563,245.0,245.0,245.0,155.0,155.0,150.0,11.4897,11.7588,13.2337,8.5236,-16.5306,-16.5306,-16.5306,31.9355,36.3333
20260608,6862,三集瑞-KY,TWSE,184.5,197.0,184.5,191.5,2059700.0,394703829.0,TWSE_RWD_JSON_MI_INDEX,data/daily_price/daily_price_20260608.csv,195.2,184.575,182.9333,180.6667,188.6934,-6.357,-10.514,13.6499,-1.5424,4.3597,1657162.05,1.2429,245.0,245.0,245.0,155.0,155.0,150.0,3.7519,4.6829,5.9963,1.4874,-21.8367,-21.8367,-21.8367,23.5484,27.6667
20260609,6862,三集瑞-KY,TWSE,201.0,210.5,194.0,203.5,3042329.0,620202836.0,TWSE_RWD_JSON_MI_INDEX,data/daily_price/daily_price_20260609.csv,196.0,186.35,183.1417,180.9208,189.9273,6.2663,2.005,21.131,6.5445,17.6301,1765936.4,1.7228,245.0,245.0,245.0,155.0,155.0,150.0,9.2031,11.1162,12.4801,7.1463,-16.9388,-16.9388,-16.9388,31.2903,35.6667
20260610,6862,三集瑞-KY,TWSE,198.0,219.5,192.0,194.5,4343247.0,909411838.0,TWSE_RWD_JSON_MI_INDEX,data/daily_price/daily_price_20260610.csv,196.0,188.025,183.15,181.1292,190.3084,-4.4226,0.0,20.8075,0.2577,14.7493,1921162.15,2.2607,245.0,245.0,245.0,160.0,155.0,150.0,3.4437,6.1971,7.3819,2.2025,-20.6122,-20.6122,-20.6122,25.4839,29.6667
20260611,6862,三集瑞-KY,TWSE,197.0,201.0,179.5,188.0,2308420.0,438184730.0,TWSE_RWD_JSON_MI_INDEX,data/daily_price/daily_price_20260611.csv,196.4,189.325,182.8333,181.3,190.116,-3.3419,1.0753,16.0494,-9.1787,12.2388,1993956.85,1.1577,245.0,245.0,245.0,160.0,155.0,150.0,-0.6999,2.8259,3.6955,-1.113,-23.2653,-23.2653,-23.2653,21.2903,25.3333
20260612,6862,三集瑞-KY,TWSE,198.5,201.0,190.0,190.0,1335771.0,259247759.0,TWSE_RWD_JSON_MI_INDEX,data/daily_price/daily_price_20260612.csv,193.5,190.775,182.5083,181.5167,190.1063,1.0638,-7.0905,18.0124,-9.3079,15.8537,2016691.95,0.6624,245.0,245.0,245.0,160.0,155.0,150.0,-0.4062,4.1048,4.6736,-0.0559,-22.449,-22.449,-22.449,22.5806,26.6667
20260615,6862,三集瑞-KY,TWSE,196.5,209.0,196.5,202.0,1791027.0,364684359.0,TWSE_RWD_JSON_MI_INDEX,data/daily_price/daily_price_20260615.csv,195.6,192.45,182.3917,181.8208,191.0975,6.3158,5.483,19.8813,-3.3493,22.0544,2067638.7,0.8662,245.0,245.0,245.0,160.5,155.0,150.0,4.9623,10.7507,11.0984,5.7052,-17.551,-17.551,-17.551,30.3226,34.6667
20260616,6862,三集瑞-KY,TWSE,205.0,207.0,188.0,188.0,1622402.0,317967560.0,TWSE_RWD_JSON_MI_INDEX,data/daily_price/daily_price_20260616.csv,192.5,193.775,182.1833,182.0083,190.8393,-6.9307,-7.6167,16.4087,-6.2344,13.5952,2126348.55,0.763,245.0,245.0,245.0,162.5,155.0,150.0,-2.9803,3.1928,3.292,-1.4878,-23.2653,-23.2653,-23.2653,21.2903,25.3333
20260617,6862,三集瑞-KY,TWSE,186.5,206.5,185.0,206.5,1737124.0,348344980.0,TWSE_RWD_JSON_MI_INDEX,data/daily_price/daily_price_20260617.csv,194.9,195.8,182.3917,182.3542,192.1444,9.8404,6.1697,24.3976,6.4433,25.1515,2166776.35,0.8017,245.0,245.0,245.0,169.0,155.0,150.0,5.4648,13.2179,13.2412,7.4713,-15.7143,-15.7143,-15.7143,33.2258,37.6667
20260618,6862,三集瑞-KY,TWSE,227.0,227.0,225.5,227.0,1106835.0,251234045.0,TWSE_RWD_JSON_MI_INDEX,data/daily_price/daily_price_20260618.csv,202.7,198.025,183.1083,182.8792,195.049,9.9274,20.7447,24.3836,23.3696,38.4146,2166801.2,0.5108,245.0,245.0,245.0,173.0,155.0,150.0,14.632,23.9703,24.1257,16.381,-7.3469,-7.3469,-7.3469,46.4516,51.3333
20260622,6862,三集瑞-KY,TWSE,241.0,248.0,223.5,224.0,4010370.0,933346250.0,TWSE_RWD_JSON_MI_INDEX,data/daily_price/daily_price_20260622.csv,209.5,199.775,183.8167,183.4292,197.4616,-1.3216,17.8947,18.5185,23.416,41.7722,2227408.3,1.8005,248.0,248.0,248.0,173.0,155.0,150.0,12.1261,21.8605,22.118,13.4398,-9.6774,-9.6774,-9.6774,44.5161,49.3333
20260623,6862,三集瑞-KY,TWSE,215.0,221.5,202.0,203.5,1913348.0,399740998.0,TWSE_RWD_JSON_MI_INDEX,data/daily_price/daily_price_20260623.csv,209.8,200.675,184.1333,183.7917,197.9648,-9.1518,0.7426,9.7035,10.2981,27.1875,2256035.1,0.8481,248.0,248.0,248.0,173.0,155.0,150.0,1.4077,10.5177,10.7232,2.796,-17.9435,-17.9435,-17.9435,31.2903,35.6667
20260624,6862,三集瑞-KY,TWSE,202.0,205.5,197.0,205.0,1081793.0,218244775.0,TWSE_RWD_JSON_MI_INDEX,data/daily_price/daily_price_20260624.csv,213.2,201.85,184.4667,184.1833,198.5511,0.7371,9.0426,12.9477,10.8108,29.7468,2255037.7,0.4797,248.0,248.0,248.0,179.5,155.0,150.0,1.5606,11.1312,11.3021,3.248,-17.3387,-17.3387,-17.3387,32.2581,36.6667
20260625,6862,三集瑞-KY,TWSE,205.0,210.0,198.0,198.5,1120864.0,226159997.0,TWSE_RWD_JSON_MI_INDEX,data/daily_price/daily_price_20260625.csv,211.6,202.475,184.675,184.525,198.5468,-3.1707,-3.8741,6.7204,6.7204,26.0317,2255316.1,0.497,248.0,248.0,248.0,179.5,155.0,150.0,-1.9632,7.4861,7.5735,-0.0236,-19.9597,-19.9597,-19.9597,28.0645,32.3333
20260626,6862,三集瑞-KY,TWSE,196.5,200.0,186.0,188.0,952390.0,182540782.0,TWSE_RWD_JSON_MI_INDEX,data/daily_price/daily_price_20260626.csv,203.8,201.65,184.9167,184.7625,197.6679,-5.2897,-17.1806,-8.0685,8.3573,17.8683,2093409.05,0.4549,248.0,248.0,248.0,179.5,155.0,150.0,-6.7692,1.6674,1.7522,-4.891,-24.1935,-24.1935,-24.1935,21.2903,25.3333
