date,stock_id,stock_name,market,open,high,low,close,volume,trading_value,source,source_file,ma5,ma20,ma60,ma120,ema23,return_1d,return_5d,return_20d,return_60d,return_120d,volume_ma20,volume_ratio,high_20,high_60,high_120,low_20,low_60,low_120,distance_to_ma20_pct,distance_to_ma60_pct,distance_to_ma120_pct,distance_to_ema23_pct,distance_to_high_20_pct,distance_to_high_60_pct,distance_to_high_120_pct,distance_to_low_60_pct,distance_to_low_120_pct
20240102,8291,尚茂,TPEx,6.5,6.5,6.5,6.5,1000.0,6500.0,TPEX_OTC_QUOTES_NO1430_JSON,data/daily_price/daily_price_20240102.csv,,,,,,,,,,,,,,,,,,,,,,,,,,,
20240103,8291,尚茂,TPEx,5.96,5.96,5.96,5.96,1000.0,5960.0,TPEX_OTC_QUOTES_NO1430_JSON,data/daily_price/daily_price_20240103.csv,,,,,,-8.3077,,,,,,,,,,,,,,,,,,,,,
20240104,8291,尚茂,TPEx,6.42,6.55,6.42,6.55,12000.0,78390.0,TPEX_OTC_QUOTES_NO1430_JSON,data/daily_price/daily_price_20240104.csv,,,,,,9.8993,,,,,,,,,,,,,,,,,,,,,
20240105,8291,尚茂,TPEx,7.14,7.14,6.33,6.5,15000.0,101600.0,TPEX_OTC_QUOTES_NO1430_JSON,data/daily_price/daily_price_20240105.csv,,,,,,-0.7634,,,,,,,,,,,,,,,,,,,,,
20240108,8291,尚茂,TPEx,6.5,6.7,6.2,6.2,17000.0,108200.0,TPEX_OTC_QUOTES_NO1430_JSON,data/daily_price/daily_price_20240108.csv,6.342,6.342,6.342,6.342,6.4438,-4.6154,,,,,9200.0,1.8478,7.14,7.14,7.14,5.96,5.96,5.96,-2.239,-2.239,-2.239,-3.7841,-13.1653,-13.1653,-13.1653,4.0268,4.0268
20240109,8291,尚茂,TPEx,6.0,6.0,6.0,6.0,12000.0,72000.0,TPEX_OTC_QUOTES_NO1430_JSON,data/daily_price/daily_price_20240109.csv,6.242,6.285,6.285,6.285,6.4069,-3.2258,-7.6923,,,,9666.6667,1.2414,7.14,7.14,7.14,5.96,5.96,5.96,-4.5346,-4.5346,-4.5346,-6.3503,-15.9664,-15.9664,-15.9664,0.6711,0.6711
20240110,8291,尚茂,TPEx,5.86,5.86,5.85,5.85,11000.0,64360.0,TPEX_OTC_QUOTES_NO1430_JSON,data/daily_price/daily_price_20240110.csv,6.22,6.2229,6.2229,6.2229,6.3604,-2.5,-1.8456,,,,9857.1429,1.1159,7.14,7.14,7.14,5.85,5.85,5.85,-5.9917,-5.9917,-5.9917,-8.0254,-18.0672,-18.0672,-18.0672,0.0,0.0
20240111,8291,尚茂,TPEx,5.86,5.86,5.86,5.86,9000.0,52740.0,TPEX_OTC_QUOTES_NO1430_JSON,data/daily_price/daily_price_20240111.csv,6.082,6.1775,6.1775,6.1775,6.3187,0.1709,-10.5344,,,,9750.0,0.9231,7.14,7.14,7.14,5.85,5.85,5.85,-5.1396,-5.1396,-5.1396,-7.2601,-17.9272,-17.9272,-17.9272,0.1709,0.1709
20240112,8291,尚茂,TPEx,5.81,5.88,5.81,5.88,2000.0,11690.0,TPEX_OTC_QUOTES_NO1430_JSON,data/daily_price/daily_price_20240112.csv,5.958,6.1444,6.1444,6.1444,6.2822,0.3413,-9.5385,,,,8888.8889,0.225,7.14,7.14,7.14,5.81,5.81,5.81,-4.3038,-4.3038,-4.3038,-6.402,-17.6471,-17.6471,-17.6471,1.2048,1.2048
20240115,8291,尚茂,TPEx,6.15,6.15,5.82,6.12,6000.0,35850.0,TPEX_OTC_QUOTES_NO1430_JSON,data/daily_price/daily_price_20240115.csv,5.942,6.142,6.142,6.142,6.2687,4.0816,-1.2903,,,,8600.0,0.6977,7.14,7.14,7.14,5.81,5.81,5.81,-0.3582,-0.3582,-0.3582,-2.3716,-14.2857,-14.2857,-14.2857,5.3356,5.3356
20240116,8291,尚茂,TPEx,6.48,6.48,6.48,6.48,5000.0,32400.0,TPEX_OTC_QUOTES_NO1430_JSON,data/daily_price/daily_price_20240116.csv,6.038,6.1727,6.1727,6.1727,6.2863,5.8824,8.0,,,,8272.7273,0.6044,7.14,7.14,7.14,5.81,5.81,5.81,4.9779,4.9779,4.9779,3.0817,-9.2437,-9.2437,-9.2437,11.5318,11.5318
20240117,8291,尚茂,TPEx,6.4,6.4,6.4,6.4,21000.0,134400.0,TPEX_OTC_QUOTES_NO1430_JSON,data/daily_price/daily_price_20240117.csv,6.148,6.1917,6.1917,6.1917,6.2958,-1.2346,9.4017,,,,9333.3333,2.25,7.14,7.14,7.14,5.81,5.81,5.81,3.3647,3.3647,3.3647,1.6558,-10.3641,-10.3641,-10.3641,10.1549,10.1549
20240118,8291,尚茂,TPEx,6.49,6.49,6.48,6.48,4000.0,25950.0,TPEX_OTC_QUOTES_NO1430_JSON,data/daily_price/daily_price_20240118.csv,6.272,6.2138,6.2138,6.2138,6.3111,1.25,10.5802,,,,8923.0769,0.4483,7.14,7.14,7.14,5.81,5.81,5.81,4.2832,4.2832,4.2832,2.6761,-9.2437,-9.2437,-9.2437,11.5318,11.5318
20240119,8291,尚茂,TPEx,6.45,6.45,6.45,6.45,3000.0,19350.0,TPEX_OTC_QUOTES_NO1430_JSON,data/daily_price/daily_price_20240119.csv,6.386,6.2307,6.2307,6.2307,6.3227,-0.463,9.6939,,,,8500.0,0.3529,7.14,7.14,7.14,5.81,5.81,5.81,3.5194,3.5194,3.5194,2.0137,-9.6639,-9.6639,-9.6639,11.0155,11.0155
20240122,8291,尚茂,TPEx,6.5,6.5,6.49,6.49,2000.0,12990.0,TPEX_OTC_QUOTES_NO1430_JSON,data/daily_price/daily_price_20240122.csv,6.46,6.248,6.248,6.248,6.3366,0.6202,6.0458,,,,8066.6667,0.2479,7.14,7.14,7.14,5.81,5.81,5.81,3.8732,3.8732,3.8732,2.4204,-9.1036,-9.1036,-9.1036,11.704,11.704
20240123,8291,尚茂,TPEx,6.49,6.49,6.48,6.48,3000.0,19460.0,TPEX_OTC_QUOTES_NO1430_JSON,data/daily_price/daily_price_20240123.csv,6.46,6.2625,6.2625,6.2625,6.3486,-0.1541,0.0,,,,7750.0,0.3871,7.14,7.14,7.14,5.81,5.81,5.81,3.4731,3.4731,3.4731,2.0702,-9.2437,-9.2437,-9.2437,11.5318,11.5318
20240124,8291,尚茂,TPEx,6.0,6.11,6.0,6.0,10000.0,60530.0,TPEX_OTC_QUOTES_NO1430_JSON,data/daily_price/daily_price_20240124.csv,6.38,6.2471,6.2471,6.2471,6.3195,-7.4074,-6.25,,,,7882.3529,1.2687,7.14,7.14,7.14,5.81,5.81,5.81,-3.9548,-3.9548,-3.9548,-5.0562,-15.9664,-15.9664,-15.9664,3.2702,3.2702
20240125,8291,尚茂,TPEx,6.0,6.0,6.0,6.0,9000.0,54000.0,TPEX_OTC_QUOTES_NO1430_JSON,data/daily_price/daily_price_20240125.csv,6.284,6.2333,6.2333,6.2333,6.2929,0.0,-7.4074,,,,7944.4444,1.1329,7.14,7.14,7.14,5.81,5.81,5.81,-3.7433,-3.7433,-3.7433,-4.6544,-15.9664,-15.9664,-15.9664,3.2702,3.2702
20240126,8291,尚茂,TPEx,6.47,6.47,6.45,6.45,16000.0,103480.0,TPEX_OTC_QUOTES_NO1430_JSON,data/daily_price/daily_price_20240126.csv,6.284,6.2447,6.2447,6.2447,6.306,7.5,0.0,,,,8368.4211,1.9119,7.14,7.14,7.14,5.81,5.81,5.81,3.287,3.287,3.287,2.2837,-9.6639,-9.6639,-9.6639,11.0155,11.0155
20240129,8291,尚茂,TPEx,7.09,7.09,7.05,7.08,103000.0,728330.0,TPEX_OTC_QUOTES_NO1430_JSON,data/daily_price/daily_price_20240129.csv,6.402,6.2865,6.2865,6.2865,6.3705,9.7674,9.0909,,,,13100.0,7.8626,7.14,7.14,7.14,5.81,5.81,5.81,12.6223,12.6223,12.6223,11.1374,-0.8403,-0.8403,-0.8403,21.8589,21.8589
20240130,8291,尚茂,TPEx,7.2,7.2,7.05,7.09,14000.0,100240.0,TPEX_OTC_QUOTES_NO1430_JSON,data/daily_price/daily_price_20240130.csv,6.524,6.316,6.3248,6.3248,6.4305,0.1412,9.4136,9.0769,,,13750.0,1.0182,7.2,7.2,7.2,5.81,5.81,5.81,12.2546,12.0991,12.0991,10.2567,-1.5278,-1.5278,-1.5278,22.031,22.031
20240131,8291,尚茂,TPEx,7.19,7.2,7.19,7.2,51000.0,367190.0,TPEX_OTC_QUOTES_NO1430_JSON,data/daily_price/daily_price_20240131.csv,6.764,6.378,6.3645,6.3645,6.4946,1.5515,20.0,20.8054,,,16250.0,3.1385,7.2,7.2,7.2,5.81,5.81,5.81,12.8881,13.1267,13.1267,10.8617,0.0,0.0,0.0,23.9243,23.9243
20240201,8291,尚茂,TPEx,7.2,7.2,7.1,7.1,30000.0,214320.0,TPEX_OTC_QUOTES_NO1430_JSON,data/daily_price/daily_price_20240201.csv,6.984,6.4055,6.3965,6.3965,6.545,-1.3889,18.3333,8.3969,,,17150.0,1.7493,7.2,7.2,7.2,5.81,5.81,5.81,10.8422,10.9978,10.9978,8.4792,-1.3889,-1.3889,-1.3889,22.2031,22.2031
20240202,8291,尚茂,TPEx,7.0,7.1,7.0,7.1,20000.0,141890.0,TPEX_OTC_QUOTES_NO1430_JSON,data/daily_price/daily_price_20240202.csv,7.114,6.4355,6.4258,6.4258,6.5913,0.0,10.0775,9.2308,,,17400.0,1.1494,7.2,7.2,7.2,5.81,5.81,5.81,10.3255,10.4915,10.4915,7.7181,-1.3889,-1.3889,-1.3889,22.2031,22.2031
20240205,8291,尚茂,TPEx,7.47,7.7,7.47,7.7,29000.0,218570.0,TPEX_OTC_QUOTES_NO1430_JSON,data/daily_price/daily_price_20240205.csv,7.238,6.5105,6.4768,6.4768,6.6837,8.4507,8.7571,24.1935,,,18000.0,1.6111,7.7,7.7,7.7,5.81,5.81,5.81,18.2705,18.8859,18.8859,15.2061,0.0,0.0,0.0,32.5301,32.5301
20240215,8291,尚茂,TPEx,8.35,8.35,8.09,8.09,35000.0,286850.0,TPEX_OTC_QUOTES_NO1430_JSON,data/daily_price/daily_price_20240215.csv,7.438,6.615,6.5388,6.5388,6.8009,5.0649,14.1044,34.8333,,,19150.0,1.8277,8.35,8.35,8.35,5.81,5.81,5.81,22.2978,23.7221,23.7221,18.9554,-3.1138,-3.1138,-3.1138,39.2427,39.2427
20240216,8291,尚茂,TPEx,8.6,8.6,7.61,7.61,12000.0,96670.0,TPEX_OTC_QUOTES_NO1430_JSON,data/daily_price/daily_price_20240216.csv,7.52,6.703,6.5785,6.5785,6.8683,-5.9333,5.6944,30.0855,,,19200.0,0.625,8.6,8.6,8.6,5.81,5.81,5.81,13.5313,15.6795,15.6795,10.799,-11.5116,-11.5116,-11.5116,30.9811,30.9811
20240219,8291,尚茂,TPEx,7.6,7.6,6.9,6.92,18000.0,125140.0,TPEX_OTC_QUOTES_NO1430_JSON,data/daily_price/daily_price_20240219.csv,7.484,6.756,6.5907,6.5907,6.8726,-9.067,-2.5352,18.0887,,,19650.0,0.916,8.6,8.6,8.6,5.81,5.81,5.81,2.4275,4.9962,4.9962,0.6897,-19.5349,-19.5349,-19.5349,19.105,19.105
20240220,8291,尚茂,TPEx,6.84,7.05,6.8,7.05,6000.0,41170.0,TPEX_OTC_QUOTES_NO1430_JSON,data/daily_price/daily_price_20240220.csv,7.474,6.8145,6.6066,6.6066,6.8874,1.8786,-0.7042,19.898,,,19850.0,0.3023,8.6,8.6,8.6,5.82,5.81,5.81,3.4559,6.7123,6.7123,2.361,-18.0233,-18.0233,-18.0233,21.3425,21.3425
20240221,8291,尚茂,TPEx,6.61,6.63,6.61,6.63,21000.0,139210.0,TPEX_OTC_QUOTES_NO1430_JSON,data/daily_price/daily_price_20240221.csv,7.26,6.84,6.6073,6.6073,6.8659,-5.9574,-13.8961,8.3333,,,20600.0,1.0194,8.6,8.6,8.6,6.0,5.81,5.81,-3.0702,0.3431,0.3431,-3.4363,-22.907,-22.907,-22.907,14.1136,14.1136
20240222,8291,尚茂,TPEx,6.3,6.7,6.3,6.58,6000.0,38880.0,TPEX_OTC_QUOTES_NO1430_JSON,data/daily_price/daily_price_20240222.csv,6.958,6.845,6.6065,6.6065,6.8421,-0.7541,-18.665,1.5432,,,20650.0,0.2906,8.6,8.6,8.6,6.0,5.81,5.81,-3.8714,-0.4004,-0.4004,-3.8308,-23.4884,-23.4884,-23.4884,13.253,13.253
20240223,8291,尚茂,TPEx,6.41,6.41,6.39,6.4,7000.0,44830.0,TPEX_OTC_QUOTES_NO1430_JSON,data/daily_price/daily_price_20240223.csv,6.716,6.845,6.6,6.6,6.8053,-2.7356,-15.9001,0.0,,,19950.0,0.3509,8.6,8.6,8.6,6.0,5.81,5.81,-6.5011,-3.0303,-3.0303,-5.9552,-25.5814,-25.5814,-25.5814,10.1549,10.1549
20240226,8291,尚茂,TPEx,6.38,7.03,6.38,7.0,24000.0,161980.0,TPEX_OTC_QUOTES_NO1430_JSON,data/daily_price/daily_price_20240226.csv,6.732,6.871,6.6121,6.6121,6.8215,9.375,1.1561,8.0247,,,20950.0,1.1456,8.6,8.6,8.6,6.0,5.81,5.81,1.8775,5.8662,5.8662,2.6168,-18.6047,-18.6047,-18.6047,20.4819,20.4819
20240227,8291,尚茂,TPEx,7.0,7.38,7.0,7.3,5000.0,36360.0,TPEX_OTC_QUOTES_NO1430_JSON,data/daily_price/daily_price_20240227.csv,6.782,6.9135,6.6324,6.6324,6.8614,4.2857,3.5461,13.1783,,,21050.0,0.2375,8.6,8.6,8.6,6.0,5.81,5.81,5.5905,10.0665,10.0665,6.3927,-15.1163,-15.1163,-15.1163,25.6454,25.6454
20240229,8291,尚茂,TPEx,7.65,7.68,7.36,7.36,10000.0,75660.0,TPEX_OTC_QUOTES_NO1430_JSON,data/daily_price/daily_price_20240229.csv,6.928,6.957,6.6531,6.6531,6.9029,0.8219,11.0106,13.4052,,,21450.0,0.4662,8.6,8.6,8.6,6.0,5.81,5.81,5.7927,10.6244,10.6244,6.6215,-14.4186,-14.4186,-14.4186,26.6781,26.6781
20240301,8291,尚茂,TPEx,7.78,7.8,6.82,7.5,21000.0,156700.0,TPEX_OTC_QUOTES_NO1430_JSON,data/daily_price/daily_price_20240301.csv,7.112,7.008,6.6767,6.6767,6.9527,1.9022,13.9818,15.7407,,,22350.0,0.9396,8.6,8.6,8.6,6.0,5.81,5.81,7.0205,12.3315,12.3315,7.8721,-12.7907,-12.7907,-12.7907,29.0878,29.0878
20240304,8291,尚茂,TPEx,8.01,8.18,7.6,8.0,52000.0,409090.0,TPEX_OTC_QUOTES_NO1430_JSON,data/daily_price/daily_price_20240304.csv,7.432,7.108,6.7124,6.7124,7.04,6.6667,25.0,33.3333,,,24450.0,2.1268,8.6,8.6,8.6,6.0,5.81,5.81,12.5492,19.1818,19.1818,13.6371,-6.9767,-6.9767,-6.9767,37.6936,37.6936
20240305,8291,尚茂,TPEx,8.2,8.2,7.62,8.0,13000.0,104170.0,TPEX_OTC_QUOTES_NO1430_JSON,data/daily_price/daily_price_20240305.csv,7.632,7.208,6.7463,6.7463,7.12,0.0,14.2857,33.3333,,,24650.0,0.5274,8.6,8.6,8.6,6.3,5.81,5.81,10.9878,18.5832,18.5832,12.3602,-6.9767,-6.9767,-6.9767,37.6936,37.6936
20240306,8291,尚茂,TPEx,8.1,8.1,8.0,8.0,19000.0,153800.0,TPEX_OTC_QUOTES_NO1430_JSON,data/daily_price/daily_price_20240306.csv,7.772,7.2855,6.7785,6.7785,7.1933,0.0,9.589,24.031,,,24800.0,0.7661,8.6,8.6,8.6,6.3,5.81,5.81,9.8072,18.0209,18.0209,11.2147,-6.9767,-6.9767,-6.9767,37.6936,37.6936
20240307,8291,尚茂,TPEx,7.56,7.56,7.56,7.56,12000.0,90720.0,TPEX_OTC_QUOTES_NO1430_JSON,data/daily_price/daily_price_20240307.csv,7.812,7.3095,6.798,6.798,7.2239,-5.5,2.7174,6.7797,,,20250.0,0.5926,8.6,8.6,8.6,6.3,5.81,5.81,3.427,11.2092,11.2092,4.6533,-12.093,-12.093,-12.093,30.1205,30.1205
20240308,8291,尚茂,TPEx,7.12,7.12,6.9,7.0,6000.0,42260.0,TPEX_OTC_QUOTES_NO1430_JSON,data/daily_price/daily_price_20240308.csv,7.712,7.305,6.8029,6.8029,7.2052,-7.4074,-6.6667,-1.2694,,,19850.0,0.3023,8.6,8.6,8.6,6.3,5.81,5.81,-4.1752,2.8969,2.8969,-2.8479,-18.6047,-18.6047,-18.6047,20.4819,20.4819
20240311,8291,尚茂,TPEx,6.6,6.61,6.6,6.61,8000.0,52820.0,TPEX_OTC_QUOTES_NO1430_JSON,data/daily_price/daily_price_20240311.csv,7.434,7.2755,6.7983,6.7983,7.1556,-5.5714,-17.375,-8.1944,,,17700.0,0.452,8.6,8.6,8.6,6.3,5.81,5.81,-9.1471,-2.7703,-2.7703,-7.6248,-23.1395,-23.1395,-23.1395,13.7694,13.7694
20240314,8291,尚茂,TPEx,6.53,6.53,6.53,6.53,1000.0,6530.0,TPEX_OTC_QUOTES_NO1430_JSON,data/daily_price/daily_price_20240314.csv,7.14,7.247,6.7921,6.7921,7.1035,-1.2103,-18.375,-8.0282,,,16250.0,0.0615,8.6,8.6,8.6,6.3,5.81,5.81,-9.8937,-3.8588,-3.8588,-8.0731,-24.0698,-24.0698,-24.0698,12.3924,12.3924
20240315,8291,尚茂,TPEx,6.58,6.58,6.58,6.58,2000.0,13160.0,TPEX_OTC_QUOTES_NO1430_JSON,data/daily_price/daily_price_20240315.csv,6.856,7.221,6.7873,6.7873,7.0598,0.7657,-17.75,-7.3239,,,15350.0,0.1303,8.6,8.6,8.6,6.3,5.81,5.81,-8.8769,-3.0538,-3.0538,-6.7968,-23.4884,-23.4884,-23.4884,13.253,13.253
20240318,8291,尚茂,TPEx,6.09,6.09,6.08,6.08,2000.0,12170.0,TPEX_OTC_QUOTES_NO1430_JSON,data/daily_price/daily_price_20240318.csv,6.56,7.14,6.7716,6.7716,6.9782,-7.5988,-19.5767,-21.039,,,14000.0,0.1429,8.6,8.6,8.6,6.08,5.81,5.81,-14.8459,-10.2127,-10.2127,-12.8714,-29.3023,-29.3023,-29.3023,4.6472,4.6472
20240319,8291,尚茂,TPEx,6.18,6.18,5.89,5.89,4000.0,24140.0,TPEX_OTC_QUOTES_NO1430_JSON,data/daily_price/daily_price_20240319.csv,6.338,7.03,6.7524,6.7524,6.8875,-3.125,-15.8571,-27.1941,,,12450.0,0.3213,8.6,8.6,8.6,5.89,5.81,5.81,-16.2162,-12.7716,-12.7716,-14.4829,-31.5116,-31.5116,-31.5116,1.3769,1.3769
20240320,8291,尚茂,TPEx,5.98,6.47,5.98,6.47,79000.0,509510.0,TPEX_OTC_QUOTES_NO1430_JSON,data/daily_price/daily_price_20240320.csv,6.31,6.973,6.7464,6.7464,6.8527,9.8472,-2.118,-14.9803,,,15800.0,5.0,8.2,8.6,8.6,5.89,5.81,5.81,-7.2135,-4.0968,-4.0968,-5.5849,-21.0976,-24.7674,-24.7674,11.3597,11.3597
20240321,8291,尚茂,TPEx,6.05,7.11,6.05,7.1,90000.0,634960.0,TPEX_OTC_QUOTES_NO1430_JSON,data/daily_price/daily_price_20240321.csv,6.424,6.982,6.7538,6.7538,6.8733,9.7372,8.7289,2.6012,,,19400.0,4.6392,8.2,8.6,8.6,5.89,5.81,5.81,1.6901,5.1268,5.1268,3.2979,-13.4146,-17.4419,-17.4419,22.2031,22.2031
20240322,8291,尚茂,TPEx,6.83,7.75,6.83,7.16,52000.0,398450.0,TPEX_OTC_QUOTES_NO1430_JSON,data/daily_price/daily_price_20240322.csv,6.54,6.9875,6.762,6.762,6.8972,0.8451,8.8146,1.5603,,,21700.0,2.3963,8.2,8.6,8.6,5.89,5.81,5.81,2.4687,5.8852,5.8852,3.8101,-12.6829,-16.7442,-16.7442,23.2358,23.2358
20240325,8291,尚茂,TPEx,7.7,7.7,6.73,6.73,6000.0,42310.0,TPEX_OTC_QUOTES_NO1430_JSON,data/daily_price/daily_price_20240325.csv,6.67,6.9925,6.7614,6.7614,6.8833,-6.0056,10.6908,1.5083,,,20950.0,0.2864,8.2,8.6,8.6,5.89,5.81,5.81,-3.754,-0.4644,-0.4644,-2.2268,-17.9268,-21.7442,-21.7442,15.8348,15.8348
20240326,8291,尚茂,TPEx,6.32,7.05,6.32,7.05,11000.0,73980.0,TPEX_OTC_QUOTES_NO1430_JSON,data/daily_price/daily_price_20240326.csv,6.902,7.016,6.7671,6.7671,6.8972,4.7548,19.6944,7.1429,,,21200.0,0.5189,8.2,8.6,8.6,5.89,5.81,5.81,0.4846,4.1812,4.1812,2.2158,-14.0244,-18.0233,-18.0233,21.3425,21.3425
20240327,8291,尚茂,TPEx,6.58,7.64,6.58,7.64,3000.0,20800.0,TPEX_OTC_QUOTES_NO1430_JSON,data/daily_price/daily_price_20240327.csv,7.136,7.078,6.7838,6.7838,6.9591,8.3688,18.0835,19.375,,,21000.0,0.1429,8.2,8.6,8.6,5.89,5.81,5.81,7.9401,12.6205,12.6205,9.7847,-6.8293,-11.1628,-11.1628,31.4974,31.4974
20240328,8291,尚茂,TPEx,6.96,8.08,6.96,6.96,50000.0,389620.0,TPEX_OTC_QUOTES_NO1430_JSON,data/daily_price/daily_price_20240328.csv,7.108,7.076,6.7872,6.7872,6.9592,-8.9005,-1.9718,-0.5714,,,22300.0,2.2422,8.2,8.6,8.6,5.89,5.81,5.81,-1.6393,2.5464,2.5464,0.0122,-15.122,-19.0698,-19.0698,19.7935,19.7935
20240329,8291,尚茂,TPEx,6.95,7.15,6.72,6.72,18000.0,123200.0,TPEX_OTC_QUOTES_NO1430_JSON,data/daily_price/daily_price_20240329.csv,7.02,7.047,6.7859,6.7859,6.9392,-3.4483,-6.1453,-7.9452,,,22950.0,0.7843,8.2,8.6,8.6,5.89,5.81,5.81,-4.6403,-0.9715,-0.9715,-3.1592,-18.0488,-21.8605,-21.8605,15.6627,15.6627
20240401,8291,尚茂,TPEx,6.46,6.61,6.46,6.61,3000.0,19680.0,TPEX_OTC_QUOTES_NO1430_JSON,data/daily_price/daily_price_20240401.csv,6.996,7.0095,6.7827,6.7827,6.9118,-1.6369,-1.7831,-10.1902,,,22600.0,0.1327,8.2,8.6,8.6,5.89,5.81,5.81,-5.6994,-2.5466,-2.5466,-4.3663,-19.3902,-23.1395,-23.1395,13.7694,13.7694
20240402,8291,尚茂,TPEx,7.1,7.1,7.08,7.08,10000.0,70980.0,TPEX_OTC_QUOTES_NO1430_JSON,data/daily_price/daily_price_20240402.csv,7.002,6.9885,6.788,6.788,6.9258,7.1104,0.4255,-5.6,,,22050.0,0.4535,8.2,8.6,8.6,5.89,5.81,5.81,1.3093,4.3012,4.3012,2.2264,-13.6585,-17.6744,-17.6744,21.8589,21.8589
20240403,8291,尚茂,TPEx,6.54,6.62,6.54,6.62,6000.0,39640.0,TPEX_OTC_QUOTES_NO1430_JSON,data/daily_price/daily_price_20240403.csv,6.798,6.9195,6.7851,6.7851,6.9003,-6.4972,-13.3508,-17.25,,,19750.0,0.3038,8.2,8.6,8.6,5.89,5.81,5.81,-4.3283,-2.4331,-2.4331,-4.0624,-19.2683,-23.0233,-23.0233,13.9415,13.9415
20240408,8291,尚茂,TPEx,6.62,6.62,6.4,6.4,5000.0,32440.0,TPEX_OTC_QUOTES_NO1430_JSON,data/daily_price/daily_price_20240408.csv,6.686,6.8395,6.7784,6.7784,6.8586,-3.3233,-8.046,-20.0,,,19350.0,0.2584,8.1,8.6,8.6,5.89,5.81,5.81,-6.4259,-5.5831,-5.5831,-6.6869,-20.9877,-25.5814,-25.5814,10.1549,10.1549
20240409,8291,尚茂,TPEx,6.38,6.38,6.33,6.34,14000.0,88860.0,TPEX_OTC_QUOTES_NO1430_JSON,data/daily_price/daily_price_20240409.csv,6.61,6.7565,6.771,6.771,6.8154,-0.9375,-5.6548,-20.75,,,19100.0,0.733,8.08,8.6,8.6,5.89,5.81,5.81,-6.1644,-6.3656,-6.3656,-6.9755,-21.5347,-26.2791,-26.2791,9.1222,9.1222
20240411,8291,尚茂,TPEx,7.13,7.13,7.06,7.06,2000.0,14190.0,TPEX_OTC_QUOTES_NO1430_JSON,data/daily_price/daily_price_20240411.csv,6.7,6.7315,6.7758,6.7758,6.8358,11.3565,6.8079,-6.6138,,,18600.0,0.1075,8.08,8.6,8.6,5.89,5.81,5.81,4.88,4.1938,4.1938,3.2799,-12.6238,-17.907,-17.907,21.5146,21.5146
20240412,8291,尚茂,TPEx,6.51,6.65,6.51,6.59,12000.0,78850.0,TPEX_OTC_QUOTES_NO1430_JSON,data/daily_price/daily_price_20240412.csv,6.602,6.711,6.7773,6.7728,6.8153,-6.6572,-6.9209,-5.8571,1.3846,,18900.0,0.6349,8.08,8.6,8.6,5.89,5.81,5.81,-1.803,-2.7641,-2.6988,-3.3059,-18.4406,-23.3721,-23.3721,13.4251,13.4251
20240415,8291,尚茂,TPEx,6.18,6.18,6.18,6.18,1000.0,6180.0,TPEX_OTC_QUOTES_NO1430_JSON,data/daily_price/daily_price_20240415.csv,6.514,6.6895,6.781,6.7632,6.7624,-6.2215,-6.6465,-6.5053,3.6913,,18550.0,0.0539,8.08,8.6,8.6,5.89,5.81,5.81,-7.6164,-8.863,-8.6235,-8.6119,-23.5149,-28.1395,-28.1395,6.3683,6.3683
20240417,8291,尚茂,TPEx,6.6,6.79,6.6,6.77,8000.0,53520.0,TPEX_OTC_QUOTES_NO1430_JSON,data/daily_price/daily_price_20240417.csv,6.588,6.7015,6.7847,6.7633,6.763,9.5469,5.7812,3.6753,3.3588,,18900.0,0.4233,8.08,8.6,8.6,5.89,5.81,5.81,1.0222,-0.2162,0.0986,0.1035,-16.2129,-21.2791,-21.2791,16.5232,16.5232
20240418,8291,尚茂,TPEx,6.4,6.4,6.16,6.16,18000.0,113980.0,TPEX_OTC_QUOTES_NO1430_JSON,data/daily_price/daily_price_20240418.csv,6.552,6.6805,6.779,6.7539,6.7128,-9.0103,-2.8391,-6.383,-5.2308,,19700.0,0.9137,8.08,8.6,8.6,5.89,5.81,5.81,-7.7913,-9.1311,-8.7935,-8.2344,-23.7624,-28.3721,-28.3721,6.0241,6.0241
20240419,8291,尚茂,TPEx,6.16,6.16,5.98,5.98,6000.0,36060.0,TPEX_OTC_QUOTES_NO1430_JSON,data/daily_price/daily_price_20240419.csv,6.336,6.6755,6.7753,6.742,6.6517,-2.9221,-15.2975,-1.6447,-3.5484,,19900.0,0.3015,8.08,8.6,8.6,5.89,5.81,5.81,-10.4187,-11.7387,-11.3023,-10.098,-25.9901,-30.4651,-30.4651,2.926,2.926
20240422,8291,尚茂,TPEx,6.54,6.54,6.54,6.54,5000.0,32700.0,TPEX_OTC_QUOTES_NO1430_JSON,data/daily_price/daily_price_20240422.csv,6.326,6.708,6.7843,6.7389,6.6424,9.3645,-0.7587,11.0357,9.0,,19950.0,0.2506,8.08,8.6,8.6,5.98,5.81,5.81,-2.5045,-3.6014,-2.9521,-1.5413,-19.0594,-23.9535,-23.9535,12.5645,12.5645
20240423,8291,尚茂,TPEx,6.95,6.95,6.95,6.95,2000.0,13900.0,TPEX_OTC_QUOTES_NO1430_JSON,data/daily_price/daily_price_20240423.csv,6.48,6.732,6.8027,6.7421,6.668,6.2691,12.4595,7.4189,18.8034,,16100.0,0.1242,8.08,8.6,8.6,5.98,5.81,5.81,3.2383,2.1658,3.0838,4.2289,-13.9851,-19.186,-19.186,19.6213,19.6213
20240424,8291,尚茂,TPEx,6.36,6.36,6.35,6.35,14000.0,89030.0,TPEX_OTC_QUOTES_NO1430_JSON,data/daily_price/daily_price_20240424.csv,6.396,6.6945,6.8108,6.7363,6.6415,-8.6331,-6.2038,-10.5634,8.3618,,12300.0,1.1382,8.08,8.6,8.6,5.98,5.81,5.81,-5.146,-6.7662,-5.7349,-4.3893,-21.4109,-26.1628,-26.1628,9.2943,9.2943
20240425,8291,尚茂,TPEx,6.03,6.03,6.03,6.03,1000.0,6030.0,TPEX_OTC_QUOTES_NO1430_JSON,data/daily_price/daily_price_20240425.csv,6.37,6.638,6.8133,6.7261,6.5906,-5.0394,-2.1104,-15.7821,2.551,,9750.0,0.1026,8.08,8.6,8.6,5.98,5.82,5.81,-9.1594,-11.4971,-10.3491,-8.5054,-25.3713,-29.8837,-29.8837,3.6082,3.7866
20240426,8291,尚茂,TPEx,5.81,5.81,5.75,5.76,13000.0,74830.0,TPEX_OTC_QUOTES_NO1430_JSON,data/daily_price/daily_price_20240426.csv,6.326,6.5895,6.8073,6.7123,6.5213,-4.4776,-3.6789,-14.4131,-5.8824,,10100.0,1.2871,8.08,8.6,8.6,5.75,5.75,5.75,-12.5882,-15.3854,-14.1872,-11.6746,-28.7129,-33.0233,-33.0233,0.1739,0.1739
20240429,8291,尚茂,TPEx,5.53,6.25,5.53,6.25,3000.0,18030.0,TPEX_OTC_QUOTES_NO1430_JSON,data/daily_price/daily_price_20240429.csv,6.268,6.5495,6.8035,6.7058,6.4987,8.5069,-4.4343,-11.3475,-3.5494,,9700.0,0.3093,8.08,8.6,8.6,5.53,5.53,5.53,-4.5729,-8.1355,-6.7967,-3.8274,-22.6485,-27.3256,-27.3256,13.0199,13.0199
20240430,8291,尚茂,TPEx,6.43,6.43,5.96,5.96,5000.0,31680.0,TPEX_OTC_QUOTES_NO1430_JSON,data/daily_price/daily_price_20240430.csv,6.07,6.4655,6.7962,6.6954,6.4538,-4.64,-14.2446,-21.9895,-6.875,,9800.0,0.5102,8.08,8.6,8.6,5.53,5.53,5.53,-7.8184,-12.3035,-10.9839,-7.6518,-26.2376,-30.6977,-30.6977,7.7758,7.7758
20240503,8291,尚茂,TPEx,5.65,6.4,5.65,6.4,3000.0,18450.0,TPEX_OTC_QUOTES_NO1430_JSON,data/daily_price/daily_price_20240503.csv,6.08,6.4375,6.7948,6.6914,6.4494,7.3826,0.7874,-8.046,-1.2346,,7450.0,0.4027,7.15,8.6,8.6,5.53,5.53,5.53,-0.5825,-5.8108,-4.3544,-0.7652,-10.4895,-25.5814,-25.5814,15.7324,15.7324
20240506,8291,尚茂,TPEx,6.0,6.13,6.0,6.13,7000.0,42130.0,TPEX_OTC_QUOTES_NO1430_JSON,data/daily_price/daily_price_20240506.csv,6.1,6.408,6.7895,6.6838,6.4227,-4.2188,1.6584,-8.7798,-4.9612,,6900.0,1.0145,7.13,8.6,8.6,5.53,5.53,5.53,-4.3383,-9.7135,-8.2855,-4.5578,-14.0252,-28.7209,-28.7209,10.8499,10.8499
20240507,8291,尚茂,TPEx,6.13,6.13,5.8,5.8,3000.0,17730.0,TPEX_OTC_QUOTES_NO1430_JSON,data/daily_price/daily_price_20240507.csv,6.108,6.3675,6.778,6.672,6.3708,-5.3834,0.6944,-12.2542,-10.6317,,6900.0,0.4348,7.13,8.6,8.6,5.53,5.53,5.53,-8.9124,-14.429,-13.0695,-8.9602,-18.6536,-32.5581,-32.5581,4.8825,4.8825
20240508,8291,尚茂,TPEx,5.66,5.66,5.66,5.66,1000.0,5660.0,TPEX_OTC_QUOTES_NO1430_JSON,data/daily_price/daily_price_20240508.csv,5.99,6.2965,6.7643,6.6587,6.3116,-2.4138,-9.44,-20.0565,-12.6543,,6450.0,0.155,7.13,8.6,8.6,5.53,5.53,5.53,-10.1088,-16.3258,-14.9982,-10.3239,-20.6171,-34.186,-34.186,2.3508,2.3508
20240509,8291,尚茂,TPEx,5.9,6.0,5.9,6.0,8000.0,47600.0,TPEX_OTC_QUOTES_NO1430_JSON,data/daily_price/daily_price_20240509.csv,5.998,6.2655,6.7643,6.6501,6.2856,6.0071,0.6711,-9.3656,0.0,,6550.0,1.2214,7.13,8.6,8.6,5.53,5.53,5.53,-4.2375,-11.2995,-9.7762,-4.5443,-15.8485,-30.2326,-30.2326,8.4991,8.4991
20240510,8291,尚茂,TPEx,6.15,6.15,5.96,5.96,14000.0,85910.0,TPEX_OTC_QUOTES_NO1430_JSON,data/daily_price/daily_price_20240510.csv,5.91,6.2435,6.7637,6.6413,6.2585,-0.6667,-6.875,-6.875,-0.6667,,7000.0,2.0,7.13,8.6,8.6,5.53,5.53,5.53,-4.5407,-11.8821,-10.2583,-4.7695,-16.4095,-30.6977,-30.6977,7.7758,7.7758
20240513,8291,尚茂,TPEx,6.15,6.45,6.1,6.1,22000.0,135100.0,TPEX_OTC_QUOTES_NO1430_JSON,data/daily_price/daily_price_20240513.csv,5.904,6.2315,6.7578,6.6344,6.2453,2.349,-0.4894,-3.7855,-5.4264,,7400.0,2.973,7.13,8.6,8.6,5.53,5.53,5.53,-2.1102,-9.7344,-8.0554,-2.3265,-14.446,-29.0698,-29.0698,10.3074,10.3074
20240515,8291,尚茂,TPEx,5.89,5.89,5.89,5.89,4000.0,23560.0,TPEX_OTC_QUOTES_NO1430_JSON,data/daily_price/daily_price_20240515.csv,5.922,6.173,6.738,6.6251,6.2157,-3.4426,1.5517,-16.5722,-16.8079,,7500.0,0.5333,6.95,8.6,8.6,5.53,5.53,5.53,-4.5845,-12.5853,-11.096,-5.2397,-15.2518,-31.5116,-31.5116,6.5099,6.5099
20240516,8291,尚茂,TPEx,5.66,5.7,5.66,5.7,6000.0,34050.0,TPEX_OTC_QUOTES_NO1430_JSON,data/daily_price/daily_price_20240516.csv,5.93,6.1285,6.7148,6.6137,6.1727,-3.2258,0.7067,-13.5053,-19.6051,,7200.0,0.8333,6.95,8.6,8.6,5.53,5.53,5.53,-6.9919,-15.1133,-13.8153,-7.6581,-17.9856,-33.7209,-33.7209,3.0741,3.0741
20240520,8291,尚茂,TPEx,6.26,6.26,6.26,6.26,1000.0,6260.0,TPEX_OTC_QUOTES_NO1430_JSON,data/daily_price/daily_price_20240520.csv,5.982,6.1325,6.6992,6.6094,6.18,9.8246,4.3333,1.2945,-13.0556,,7200.0,0.1389,6.95,8.6,8.6,5.53,5.53,5.53,2.0791,-6.5555,-5.2863,1.2947,-9.9281,-27.2093,-27.2093,13.2007,13.2007
20240521,8291,尚茂,TPEx,6.23,6.23,5.86,5.86,13000.0,79690.0,TPEX_OTC_QUOTES_NO1430_JSON,data/daily_price/daily_price_20240521.csv,5.962,6.087,6.6785,6.6004,6.1533,-6.3898,-1.6779,-13.4417,-17.4648,,7450.0,1.745,6.95,8.6,8.6,5.53,5.53,5.53,-3.7293,-12.2557,-11.217,-4.7669,-15.6835,-31.8605,-31.8605,5.9675,5.9675
20240522,8291,尚茂,TPEx,5.38,6.44,5.38,6.44,65000.0,414360.0,TPEX_OTC_QUOTES_NO1430_JSON,data/daily_price/daily_price_20240522.csv,6.03,6.101,6.6675,6.5985,6.1772,9.8976,5.5738,4.5455,-9.2958,,9800.0,6.6327,6.95,8.6,8.6,5.38,5.38,5.38,5.5565,-3.4121,-2.4014,4.2542,-7.3381,-25.1163,-25.1163,19.7026,19.7026
20240523,8291,尚茂,TPEx,6.04,7.08,6.04,7.08,108000.0,762210.0,TPEX_OTC_QUOTES_NO1430_JSON,data/daily_price/daily_price_20240523.csv,6.268,6.156,6.6572,6.6041,6.2524,9.9379,20.2037,18.3946,-8.0519,,14900.0,7.2483,7.08,8.6,8.6,5.38,5.38,5.38,15.0097,6.3516,7.2058,13.2357,0.0,-17.6744,-17.6744,31.5985,31.5985
20240524,8291,尚茂,TPEx,7.78,7.78,7.78,7.78,147000.0,1143660.0,TPEX_OTC_QUOTES_NO1430_JSON,data/daily_price/daily_price_20240524.csv,6.684,6.218,6.652,6.6178,6.3797,9.887,36.4912,18.9602,-3.8319,,22000.0,6.6818,7.78,8.6,8.6,5.38,5.38,5.38,25.1206,16.9573,17.5619,21.9486,0.0,-9.5349,-9.5349,44.6097,44.6097
20240527,8291,尚茂,TPEx,8.55,8.55,8.55,8.55,123000.0,1051650.0,TPEX_OTC_QUOTES_NO1430_JSON,data/daily_price/daily_price_20240527.csv,7.142,6.298,6.6677,6.64,6.5606,9.8972,36.5815,23.0216,12.3522,,28050.0,4.385,8.55,8.55,8.6,5.38,5.38,5.38,35.7574,28.2308,28.7651,30.3236,0.0,0.0,-0.5814,58.9219,58.9219
20240528,8291,尚茂,TPEx,9.4,9.4,9.4,9.4,86000.0,808400.0,TPEX_OTC_QUOTES_NO1430_JSON,data/daily_price/daily_price_20240528.csv,7.85,6.4505,6.709,6.6714,6.7972,9.9415,60.4096,48.0315,35.8382,,31650.0,2.7172,9.4,9.4,9.4,5.38,5.38,5.38,45.7251,40.1103,40.9007,38.292,0.0,0.0,0.0,74.7212,74.7212
20240529,8291,尚茂,TPEx,10.3,10.3,10.25,10.3,497000.0,5117950.0,TPEX_OTC_QUOTES_NO1430_JSON,data/daily_price/daily_price_20240529.csv,8.622,6.664,6.7632,6.7121,7.0891,9.5745,59.9379,70.8126,46.0993,,56450.0,8.8043,10.3,10.3,10.3,5.38,5.38,5.38,54.5618,52.2955,53.4534,45.2933,0.0,0.0,0.0,91.4498,91.4498
20240530,8291,尚茂,TPEx,11.3,11.3,11.3,11.3,177000.0,2000100.0,TPEX_OTC_QUOTES_NO1430_JSON,data/daily_price/daily_price_20240530.csv,9.466,6.941,6.841,6.7631,7.44,9.7087,59.6045,96.1806,70.4374,,64650.0,2.7378,11.3,11.3,11.3,5.38,5.38,5.38,62.8007,65.1805,67.0829,51.8814,0.0,0.0,0.0,110.0372,110.0372
20240531,8291,尚茂,TPEx,12.4,12.4,12.4,12.4,224000.0,2777600.0,TPEX_OTC_QUOTES_NO1430_JSON,data/daily_price/daily_price_20240531.csv,10.39,7.2485,6.938,6.8251,7.8533,9.7345,59.383,98.4,88.4498,,75700.0,2.959,12.4,12.4,12.4,5.38,5.38,5.38,71.0699,78.7259,81.6835,57.8944,0.0,0.0,0.0,130.4833,130.4833
20240603,8291,尚茂,TPEx,13.6,13.6,13.6,13.6,296000.0,4025600.0,TPEX_OTC_QUOTES_NO1430_JSON,data/daily_price/daily_price_20240603.csv,11.4,7.6305,7.058,6.8987,8.3322,9.6774,59.0643,128.1879,112.5,,90250.0,3.2798,13.6,13.6,13.6,5.38,5.38,5.38,78.2321,92.6891,97.1387,63.2215,0.0,0.0,0.0,152.7881,152.7881
20240604,8291,尚茂,TPEx,14.95,14.95,14.95,14.95,200000.0,2990000.0,TPEX_OTC_QUOTES_NO1430_JSON,data/daily_price/daily_price_20240604.csv,12.51,8.058,7.1905,6.9853,8.8837,9.9265,59.0426,133.5937,113.5714,,100100.0,1.998,14.95,14.95,14.95,5.38,5.38,5.38,85.5299,107.9132,114.0218,68.2854,0.0,0.0,0.0,177.881,177.881
20240605,8291,尚茂,TPEx,16.4,16.4,13.5,13.5,451000.0,6717200.0,TPEX_OTC_QUOTES_NO1430_JSON,data/daily_price/daily_price_20240605.csv,13.15,8.4265,7.2938,7.0546,9.2684,-9.699,31.068,120.2284,84.9315,,122300.0,3.6877,16.4,16.4,16.4,5.38,5.38,5.38,60.2089,85.0879,91.3652,45.6561,-17.6829,-17.6829,-17.6829,150.9294,150.9294
20240606,8291,尚茂,TPEx,12.3,12.3,12.15,12.15,213000.0,2609850.0,TPEX_OTC_QUOTES_NO1430_JSON,data/daily_price/daily_price_20240606.csv,13.32,8.744,7.3737,7.1082,9.5085,-10.0,7.5221,109.4828,65.0815,,132800.0,1.6039,16.4,16.4,16.4,5.38,5.38,5.38,38.9524,64.7756,70.9291,27.7799,-25.9146,-25.9146,-25.9146,125.8364,125.8364
20240607,8291,尚茂,TPEx,11.6,11.6,11.1,11.6,261000.0,2951650.0,TPEX_OTC_QUOTES_NO1430_JSON,data/daily_price/daily_price_20240607.csv,13.16,9.041,7.442,7.155,9.6828,-4.5267,-6.4516,104.947,54.6667,,145800.0,1.7901,16.4,16.4,16.4,5.38,5.38,5.38,28.3044,55.8721,62.1244,19.7997,-29.2683,-29.2683,-29.2683,115.6134,115.6134
20240611,8291,尚茂,TPEx,11.3,11.3,10.45,10.5,225000.0,2419650.0,TPEX_OTC_QUOTES_NO1430_JSON,data/daily_price/daily_price_20240611.csv,12.54,9.266,7.4837,7.1895,9.7509,-9.4828,-22.7941,75.0,31.25,,156650.0,1.4363,16.4,16.4,16.4,5.38,5.38,5.38,13.3175,40.3056,46.0466,7.6821,-35.9756,-35.9756,-35.9756,95.1673,95.1673
20240612,8291,尚茂,TPEx,10.25,11.55,10.1,11.55,109000.0,1190700.0,TPEX_OTC_QUOTES_NO1430_JSON,data/daily_price/daily_price_20240612.csv,11.86,9.5455,7.5428,7.234,9.9008,10.0,-22.7425,93.7919,44.375,,161400.0,0.6753,16.4,16.4,16.4,5.38,5.38,5.38,20.9994,53.1255,59.6632,16.6567,-29.5732,-29.5732,-29.5732,114.684,114.684
20240613,8291,尚茂,TPEx,12.0,12.7,12.0,12.6,203000.0,2520900.0,TPEX_OTC_QUOTES_NO1430_JSON,data/daily_price/daily_price_20240613.csv,11.68,9.8705,7.6195,7.2882,10.1258,9.0909,-6.6667,106.5574,57.5,,170450.0,1.191,16.4,16.4,16.4,5.38,5.38,5.38,27.6531,65.3652,72.8826,24.4349,-23.1707,-23.1707,-23.1707,134.2007,134.2007
20240614,8291,尚茂,TPEx,12.55,12.55,12.0,12.0,106000.0,1295200.0,TPEX_OTC_QUOTES_NO1430_JSON,data/daily_price/daily_price_20240614.csv,11.65,10.176,7.6935,7.3353,10.282,-4.7619,-1.2346,103.7351,58.7302,,175550.0,0.6038,16.4,16.4,16.4,5.38,5.38,5.38,17.9245,55.9758,63.5925,16.7092,-26.8293,-26.8293,-26.8293,123.0483,123.0483
20240617,8291,尚茂,TPEx,11.9,13.2,11.55,13.2,79000.0,1022200.0,TPEX_OTC_QUOTES_NO1430_JSON,data/daily_price/daily_price_20240617.csv,11.97,10.551,7.7968,7.3934,10.5251,10.0,13.7931,131.5789,88.5714,,179200.0,0.4408,16.4,16.4,16.4,5.38,5.38,5.38,25.1066,69.2995,78.5384,25.4141,-19.5122,-19.5122,-19.5122,145.3532,145.3532
20240618,8291,尚茂,TPEx,13.2,13.2,12.4,12.65,51000.0,654600.0,TPEX_OTC_QUOTES_NO1430_JSON,data/daily_price/daily_price_20240618.csv,12.4,10.8705,7.8975,7.4449,10.7022,-4.1667,20.4762,102.0767,91.3767,,181700.0,0.2807,16.4,16.4,16.4,5.38,5.38,5.38,16.37,60.1773,69.9149,18.1999,-22.8659,-22.8659,-22.8659,135.1301,135.1301
20240619,8291,尚茂,TPEx,12.8,12.8,12.05,12.4,43000.0,530300.0,TPEX_OTC_QUOTES_NO1430_JSON,data/daily_price/daily_price_20240619.csv,12.57,11.1975,7.9953,7.493,10.8437,-1.9763,7.3593,111.6041,89.8928,,183200.0,0.2347,16.4,16.4,16.4,5.38,5.38,5.38,10.739,55.0905,65.4876,14.3522,-24.3902,-24.3902,-24.3902,130.4833,130.4833
20240620,8291,尚茂,TPEx,12.4,13.0,11.8,11.8,34000.0,421600.0,TPEX_OTC_QUOTES_NO1430_JSON,data/daily_price/daily_price_20240620.csv,12.41,11.4655,8.0823,7.5344,10.9234,-4.8387,-6.3492,83.2298,79.3313,,181650.0,0.1872,16.4,16.4,16.4,6.04,5.38,5.38,2.9174,45.9974,56.6145,8.0252,-28.0488,-28.0488,-28.0488,119.3309,119.3309
20240621,8291,尚茂,TPEx,10.85,12.1,10.85,11.55,32000.0,352200.0,TPEX_OTC_QUOTES_NO1430_JSON,data/daily_price/daily_price_20240621.csv,12.32,11.689,8.1735,7.5727,10.9756,-2.1186,-3.75,63.1356,89.9671,,177850.0,0.1799,16.4,16.4,16.4,7.78,5.38,5.38,-1.1892,41.3103,52.5222,5.2334,-29.5732,-29.5732,-29.5732,114.684,114.684
20240624,8291,尚茂,TPEx,10.85,11.25,10.85,11.0,22000.0,242700.0,TPEX_OTC_QUOTES_NO1430_JSON,data/daily_price/daily_price_20240624.csv,11.88,11.85,8.2587,7.605,10.9776,-4.7619,-16.6667,41.3882,86.7572,,171600.0,0.1282,16.4,16.4,16.4,8.55,5.38,5.38,-7.173,33.1934,44.6417,0.2038,-32.9268,-32.9268,-32.9268,104.461,104.461
20240625,8291,尚茂,TPEx,10.4,11.15,10.4,10.8,41000.0,438500.0,TPEX_OTC_QUOTES_NO1430_JSON,data/daily_price/daily_price_20240625.csv,11.51,11.9625,8.3308,7.6349,10.9628,-1.8182,-14.6245,26.3158,66.9243,,167500.0,0.2448,16.4,16.4,16.4,9.4,5.38,5.38,-9.7179,29.6389,41.4564,-1.4853,-34.1463,-34.1463,-34.1463,100.7435,100.7435
20240626,8291,尚茂,TPEx,10.8,11.4,10.8,10.8,38000.0,424200.0,TPEX_OTC_QUOTES_NO1430_JSON,data/daily_price/daily_price_20240626.csv,11.19,12.0325,8.3925,7.6642,10.9493,0.0,-12.9032,14.8936,52.1127,,165100.0,0.2302,16.4,16.4,16.4,10.1,5.38,5.38,-10.2431,28.6863,40.9155,-1.3632,-34.1463,-34.1463,-34.1463,100.7435,100.7435
20240627,8291,尚茂,TPEx,10.9,11.0,10.25,10.5,26000.0,271450.0,TPEX_OTC_QUOTES_NO1430_JSON,data/daily_price/daily_price_20240627.csv,10.93,12.0425,8.4482,7.6902,10.9118,-2.7778,-11.0169,1.9417,46.648,,141550.0,0.1837,16.4,16.4,16.4,10.1,5.38,5.38,-12.8088,24.2873,36.5377,-3.7741,-35.9756,-35.9756,-35.9756,95.1673,95.1673
20240628,8291,尚茂,TPEx,9.57,10.8,9.57,10.8,47000.0,458370.0,TPEX_OTC_QUOTES_NO1430_JSON,data/daily_price/daily_price_20240628.csv,10.78,12.0175,8.516,7.7185,10.9025,2.8571,-6.4935,-4.4248,60.4755,,135050.0,0.348,16.4,16.4,16.4,9.57,5.38,5.38,-10.1311,26.8201,39.9244,-0.9402,-34.1463,-34.1463,-34.1463,100.7435,100.7435
20240701,8291,尚茂,TPEx,10.35,10.95,10.35,10.8,87000.0,942300.0,TPEX_OTC_QUOTES_NO1430_JSON,data/daily_price/daily_price_20240701.csv,10.74,11.9375,8.5785,7.7462,10.894,0.0,-1.8182,-12.9032,53.1915,,128200.0,0.6786,16.4,16.4,16.4,9.57,5.38,5.38,-9.5288,25.8961,39.4229,-0.8625,-34.1463,-34.1463,-34.1463,100.7435,100.7435
20240702,8291,尚茂,TPEx,10.8,10.95,10.4,10.95,15000.0,161100.0,TPEX_OTC_QUOTES_NO1430_JSON,data/daily_price/daily_price_20240702.csv,10.77,11.805,8.6337,7.7748,10.8986,1.3889,1.3889,-19.4853,43.3246,,114150.0,0.1314,16.4,16.4,16.4,9.57,5.38,5.38,-7.2427,26.8291,40.8392,0.4713,-33.2317,-33.2317,-33.2317,103.5316,103.5316
20240703,8291,尚茂,TPEx,10.95,10.95,10.95,10.95,4000.0,43800.0,TPEX_OTC_QUOTES_NO1430_JSON,data/daily_price/daily_price_20240703.csv,10.8,11.605,8.7002,7.8029,10.9029,0.0,1.3889,-26.7559,57.3276,,104350.0,0.0383,16.4,16.4,16.4,9.57,5.38,5.38,-5.6441,25.8597,40.3321,0.4319,-33.2317,-33.2317,-33.2317,103.5316,103.5316
20240705,8291,尚茂,TPEx,10.2,10.25,10.0,10.0,36000.0,365200.0,TPEX_OTC_QUOTES_NO1430_JSON,data/daily_price/daily_price_20240705.csv,10.7,11.43,8.7548,7.8222,10.8277,-8.6758,-4.7619,-25.9259,48.8095,,83600.0,0.4306,13.2,16.4,16.4,9.57,5.38,5.38,-12.5109,14.2226,27.8414,-7.644,-24.2424,-39.0244,-39.0244,85.8736,85.8736
20240708,8291,尚茂,TPEx,9.62,9.63,9.62,9.63,11000.0,105880.0,TPEX_OTC_QUOTES_NO1430_JSON,data/daily_price/daily_price_20240708.csv,10.466,11.304,8.8052,7.8379,10.7279,-3.7,-10.8333,-20.7407,45.6884,,73500.0,0.1497,13.2,16.4,16.4,9.57,5.38,5.38,-14.8089,9.3676,22.8643,-10.2338,-27.0455,-41.2805,-41.2805,78.9963,78.9963
20240709,8291,尚茂,TPEx,9.63,9.63,8.67,8.72,77000.0,673360.0,TPEX_OTC_QUOTES_NO1430_JSON,data/daily_price/daily_price_20240709.csv,10.05,11.16,8.8325,7.8455,10.5605,-9.4496,-19.2593,-24.8276,23.1638,,64300.0,1.1975,13.2,16.4,16.4,8.67,5.38,5.38,-21.8638,-1.2737,11.1463,-17.4285,-33.9394,-46.8293,-46.8293,62.0818,62.0818
20240710,8291,尚茂,TPEx,8.72,8.72,8.21,8.61,33000.0,281860.0,TPEX_OTC_QUOTES_NO1430_JSON,data/daily_price/daily_price_20240710.csv,9.582,11.0655,8.8657,7.8521,10.398,-1.2615,-21.3699,-18.0,30.0604,,54700.0,0.6033,13.2,16.4,16.4,8.21,5.38,5.38,-22.1906,-2.8838,9.6529,-17.1956,-34.7727,-47.5,-47.5,60.0372,60.0372
20240711,8291,尚茂,TPEx,8.65,9.47,8.65,9.47,34000.0,316360.0,TPEX_OTC_QUOTES_NO1430_JSON,data/daily_price/daily_price_20240711.csv,9.286,10.9615,8.9168,7.8658,10.3207,9.9884,-13.516,-18.0087,47.9688,,50950.0,0.6673,13.2,16.4,16.4,8.21,5.38,5.38,-13.6067,6.2036,20.3952,-8.2423,-28.2576,-42.2561,-42.2561,76.0223,76.0223
20240712,8291,尚茂,TPEx,10.1,10.4,10.1,10.4,37000.0,383600.0,TPEX_OTC_QUOTES_NO1430_JSON,data/daily_price/daily_price_20240712.csv,9.366,10.8515,8.9845,7.8871,10.3273,9.8205,4.0,-17.4603,64.0379,,42650.0,0.8675,13.2,16.4,16.4,8.21,5.38,5.38,-4.1607,15.7549,31.8616,0.7042,-21.2121,-36.5854,-36.5854,93.3086,93.3086
20240715,8291,尚茂,TPEx,11.4,11.4,11.4,11.4,48000.0,547200.0,TPEX_OTC_QUOTES_NO1430_JSON,data/daily_price/daily_price_20240715.csv,9.72,10.8215,9.0568,7.9163,10.4167,9.6154,18.3801,-5.0,61.4731,,39750.0,1.2075,13.2,16.4,16.4,8.21,5.38,5.38,5.3458,25.8718,44.0061,9.44,-13.6364,-30.4878,-30.4878,111.8959,111.8959
20240716,8291,尚茂,TPEx,12.5,12.5,11.0,12.1,294000.0,3583650.0,TPEX_OTC_QUOTES_NO1430_JSON,data/daily_price/daily_price_20240716.csv,10.396,10.7665,9.1487,7.963,10.5569,6.1404,38.7615,-8.3333,83.6115,86.1538,50500.0,5.8218,13.2,16.4,16.4,8.21,5.38,5.38,12.3856,32.2597,51.9528,14.6165,-8.3333,-26.2195,-26.2195,124.9071,124.9071
20240717,8291,尚茂,TPEx,12.05,12.05,11.4,11.5,75000.0,875150.0,TPEX_OTC_QUOTES_NO1430_JSON,data/daily_price/daily_price_20240717.csv,10.974,10.709,9.2373,8.0092,10.6355,-4.9587,33.5656,-9.0909,86.0841,92.953,51700.0,1.4507,13.0,16.4,16.4,8.21,5.38,5.38,7.3863,24.4948,43.5855,8.1281,-11.5385,-29.878,-29.878,113.7546,113.7546
20240718,8291,尚茂,TPEx,11.0,11.0,10.9,11.0,9000.0,98700.0,TPEX_OTC_QUOTES_NO1430_JSON,data/daily_price/daily_price_20240718.csv,11.28,10.639,9.3078,8.0462,10.6659,-4.3478,16.1563,-11.2903,62.4815,67.9389,50000.0,0.18,13.0,16.4,16.4,8.21,5.38,5.38,3.3932,18.18,36.7096,3.1324,-15.3846,-32.9268,-32.9268,104.461,104.461
20240719,8291,尚茂,TPEx,10.7,10.7,10.4,10.65,29000.0,306150.0,TPEX_OTC_QUOTES_NO1430_JSON,data/daily_price/daily_price_20240719.csv,11.33,10.5815,9.3827,8.0808,10.6646,-3.1818,2.4038,-9.7458,72.8896,63.8462,49750.0,0.5829,12.5,16.4,16.4,8.21,5.38,5.38,0.6474,13.5072,31.7933,-0.1367,-14.8,-35.061,-35.061,97.9554,97.9554
20240722,8291,尚茂,TPEx,10.65,11.1,10.65,11.0,17000.0,187250.0,TPEX_OTC_QUOTES_NO1430_JSON,data/daily_price/daily_price_20240722.csv,11.25,10.554,9.4663,8.1208,10.6925,3.2864,-3.5088,-4.7619,83.9465,77.4194,49000.0,0.3469,12.5,16.4,16.4,8.21,5.38,5.38,4.2259,16.2013,35.4541,2.8755,-12.0,-32.9268,-32.9268,104.461,104.461
20240723,8291,尚茂,TPEx,11.0,11.15,11.0,11.05,6000.0,66450.0,TPEX_OTC_QUOTES_NO1430_JSON,data/daily_price/daily_price_20240723.csv,11.04,10.5565,9.5415,8.1629,10.7223,0.4545,-8.6777,0.4545,68.9602,84.1667,48200.0,0.1245,12.5,16.4,16.4,8.21,5.38,5.38,4.6748,15.8099,35.3683,3.056,-11.6,-32.622,-32.622,105.3903,105.3903
20240726,8291,尚茂,TPEx,10.35,10.7,10.35,10.7,25000.0,259700.0,TPEX_OTC_QUOTES_NO1430_JSON,data/daily_price/daily_price_20240726.csv,10.88,10.5515,9.604,8.2033,10.7205,-3.1674,-6.9565,-0.9259,53.9568,82.906,47400.0,0.5274,12.5,16.4,16.4,8.21,5.38,5.38,1.4074,11.4119,30.4348,-0.1909,-14.4,-34.7561,-34.7561,98.8848,98.8848
20240729,8291,尚茂,TPEx,10.4,10.6,10.25,10.25,20000.0,209500.0,TPEX_OTC_QUOTES_NO1430_JSON,data/daily_price/daily_price_20240729.csv,10.73,10.524,9.669,8.2399,10.6813,-4.2056,-6.8182,-5.0926,61.4173,74.9147,46500.0,0.4301,12.5,16.4,16.4,8.21,5.38,5.38,-2.6036,6.0089,24.3945,-4.0375,-18.0,-37.5,-37.5,90.5204,90.5204
20240730,8291,尚茂,TPEx,10.25,10.3,10.2,10.3,6000.0,61400.0,TPEX_OTC_QUOTES_NO1430_JSON,data/daily_price/daily_price_20240730.csv,10.66,10.514,9.7402,8.2768,10.6495,0.4878,-3.2864,-1.9048,70.8126,75.1701,45500.0,0.1319,12.5,16.4,16.4,8.21,5.38,5.38,-2.0354,5.7477,24.445,-3.2817,-17.6,-37.1951,-37.1951,91.4498,91.4498
20240731,8291,尚茂,TPEx,9.55,10.65,9.55,10.65,9000.0,88330.0,TPEX_OTC_QUOTES_NO1430_JSON,data/daily_price/daily_price_20240731.csv,10.59,10.5065,9.8217,8.3145,10.6495,3.3981,-3.1818,-1.3889,84.8958,74.0196,43600.0,0.2064,12.5,16.4,16.4,8.21,5.38,5.38,1.3658,8.4337,28.0895,0.0044,-14.8,-35.061,-35.061,97.9554,97.9554
20240801,8291,尚茂,TPEx,10.5,10.6,10.3,10.3,19000.0,199000.0,TPEX_OTC_QUOTES_NO1430_JSON,data/daily_price/daily_price_20240801.csv,10.44,10.4815,9.8892,8.3463,10.6204,-3.2864,-6.7873,-4.6296,64.8,58.9506,40200.0,0.4726,12.5,16.4,16.4,8.21,5.38,5.38,-1.7316,4.1544,23.4075,-3.0168,-17.6,-37.1951,-37.1951,91.4498,91.4498
20240802,8291,尚茂,TPEx,10.3,10.4,10.0,10.4,17000.0,171200.0,TPEX_OTC_QUOTES_NO1430_JSON,data/daily_price/daily_price_20240802.csv,10.38,10.454,9.9632,8.3797,10.602,0.9709,-2.8037,-5.0228,74.4966,62.5,40300.0,0.4218,12.5,16.4,16.4,8.21,5.38,5.38,-0.5165,4.3845,24.1099,-1.9056,-16.8,-36.5854,-36.5854,93.3086,93.3086
20240805,8291,尚茂,TPEx,10.65,10.65,9.58,9.58,24000.0,232060.0,TPEX_OTC_QUOTES_NO1430_JSON,data/daily_price/daily_price_20240805.csv,10.246,10.3855,10.0162,8.4055,10.5169,-7.8846,-6.5366,-12.5114,49.6875,47.8395,41300.0,0.5811,12.5,16.4,16.4,8.21,5.38,5.38,-7.756,-4.3546,13.973,-8.9082,-23.36,-41.5854,-41.5854,78.0669,78.0669
20240806,8291,尚茂,TPEx,10.15,10.15,10.0,10.0,3000.0,30150.0,TPEX_OTC_QUOTES_NO1430_JSON,data/daily_price/daily_price_20240806.csv,10.186,10.3855,10.0807,8.4351,10.4738,4.3841,-2.9126,0.0,63.1321,55.0388,39650.0,0.0757,12.5,16.4,16.4,8.21,5.38,5.38,-3.7119,-0.8002,18.5525,-4.5236,-20.0,-39.0244,-39.0244,85.8736,85.8736
20240807,8291,尚茂,TPEx,11.0,11.0,10.4,10.4,10000.0,109350.0,TPEX_OTC_QUOTES_NO1430_JSON,data/daily_price/daily_price_20240807.csv,10.136,10.424,10.1573,8.4677,10.4676,4.0,-2.3474,7.9958,79.3103,60.2465,39600.0,0.2525,12.5,16.4,16.4,8.21,5.38,5.38,-0.2302,2.3891,22.8201,-0.6462,-16.8,-36.5854,-36.5854,93.3086,93.3086
20240809,8291,尚茂,TPEx,9.36,9.36,9.36,9.36,82000.0,767520.0,TPEX_OTC_QUOTES_NO1430_JSON,data/daily_price/daily_price_20240809.csv,9.948,10.456,10.219,8.4917,10.3753,-10.0,-9.1262,7.3394,65.371,44.4444,39850.0,2.0577,12.5,16.4,16.4,8.21,5.38,5.38,-10.482,-8.4059,10.2257,-9.7861,-25.12,-42.9268,-42.9268,73.9777,73.9777
20240812,8291,尚茂,TPEx,8.66,8.66,8.43,8.43,152000.0,1287640.0,TPEX_OTC_QUOTES_NO1430_JSON,data/daily_price/daily_price_20240812.csv,9.554,10.447,10.2595,8.5119,10.2132,-9.9359,-18.9423,-2.0906,40.5,40.5,45800.0,3.3188,12.5,16.4,16.4,8.43,5.38,5.38,-19.307,-17.8323,-0.9624,-17.46,-32.56,-48.5976,-48.5976,56.6914,56.6914
20240813,8291,尚茂,TPEx,7.7,7.7,7.59,7.59,85000.0,645700.0,TPEX_OTC_QUOTES_NO1430_JSON,data/daily_price/daily_price_20240813.csv,9.156,10.353,10.2867,8.5252,9.9946,-9.9644,-20.7724,-19.8522,27.349,26.5,48350.0,1.758,12.5,16.4,16.4,7.59,5.38,5.38,-26.6879,-26.2152,-10.9695,-24.0592,-39.28,-53.7195,-53.7195,41.0781,41.0781
20240814,8291,尚茂,TPEx,6.94,6.95,6.86,6.95,87000.0,601270.0,TPEX_OTC_QUOTES_NO1430_JSON,data/daily_price/daily_price_20240814.csv,8.546,10.1805,10.3008,8.5293,9.7409,-8.4321,-30.5,-33.1731,13.9344,7.7519,50850.0,1.7109,12.5,16.4,16.4,6.86,5.38,5.38,-31.7322,-32.5297,-18.5165,-28.6514,-44.4,-57.622,-57.622,29.1822,29.1822
20240815,8291,尚茂,TPEx,7.64,7.64,7.64,7.64,59000.0,450760.0,TPEX_OTC_QUOTES_NO1430_JSON,data/daily_price/daily_price_20240815.csv,7.994,9.9925,10.33,8.534,9.5658,9.9281,-26.5385,-32.9825,29.7114,7.9096,51400.0,1.1479,12.5,16.4,16.4,6.86,5.38,5.38,-23.5427,-26.0407,-10.4757,-20.1324,-38.88,-53.4146,-53.4146,42.0074,42.0074
20240816,8291,尚茂,TPEx,8.3,8.4,8.3,8.4,60000.0,500520.0,TPEX_OTC_QUOTES_NO1430_JSON,data/daily_price/daily_price_20240816.csv,7.802,9.8075,10.375,8.5449,9.4687,9.9476,-10.2564,-30.5785,47.3684,18.4767,39700.0,1.5113,12.05,16.4,16.4,6.86,5.38,5.38,-14.3513,-19.0361,-1.6959,-11.2865,-30.2905,-48.7805,-48.7805,56.1338,56.1338
20240819,8291,尚茂,TPEx,8.4,9.18,8.4,9.16,52000.0,464520.0,TPEX_OTC_QUOTES_NO1430_JSON,data/daily_price/daily_price_20240819.csv,7.948,9.6905,10.4233,8.5613,9.443,9.0476,8.6595,-20.3478,46.3259,27.2222,38550.0,1.3489,11.15,16.4,16.4,6.86,5.38,5.38,-5.4744,-12.1202,6.9937,-2.9965,-17.8475,-44.1463,-44.1463,70.2602,70.2602
20240820,8291,尚茂,TPEx,10.0,10.0,9.21,9.9,89000.0,880710.0,TPEX_OTC_QUOTES_NO1430_JSON,data/daily_price/daily_price_20240820.csv,8.41,9.6355,10.4907,8.5846,9.481,8.0786,30.4348,-10.0,68.942,39.4366,42550.0,2.0917,11.15,16.4,16.4,6.86,5.38,5.38,2.7451,-5.6304,15.323,4.4189,-11.2108,-39.6341,-39.6341,84.0149,84.0149
20240821,8291,尚茂,TPEx,10.5,10.5,9.95,9.95,9000.0,90770.0,TPEX_OTC_QUOTES_NO1430_JSON,data/daily_price/daily_price_20240821.csv,9.01,9.6005,10.5492,8.6083,9.5201,0.5051,43.1655,-6.5728,54.5031,40.1408,41550.0,0.2166,11.15,16.4,16.4,6.86,6.04,5.38,3.6404,-5.6798,15.5857,4.5155,-10.7623,-39.3293,-39.3293,64.7351,84.9442
20240822,8291,尚茂,TPEx,8.96,8.96,8.96,8.96,29000.0,259840.0,TPEX_OTC_QUOTES_NO1430_JSON,data/daily_price/daily_price_20240822.csv,9.274,9.4985,10.5805,8.6188,9.4734,-9.9497,17.2775,-18.5455,26.5537,16.3636,42150.0,0.688,11.15,16.4,16.4,6.86,6.86,5.38,-5.6693,-15.3159,3.9584,-5.4198,-19.6413,-45.3659,-45.3659,30.6122,66.5428
20240823,8291,尚茂,TPEx,8.07,8.9,8.07,8.9,21000.0,172280.0,TPEX_OTC_QUOTES_NO1430_JSON,data/daily_price/daily_price_20240823.csv,9.374,9.391,10.5992,8.6256,9.4257,-0.6696,5.9524,-19.457,14.3959,10.0124,42900.0,0.4895,11.0,16.4,16.4,6.86,6.86,5.38,-5.2284,-16.0311,3.1814,-5.5769,-19.0909,-45.7317,-45.7317,29.7376,65.4275
20240826,8291,尚茂,TPEx,8.46,8.46,8.03,8.05,46000.0,374060.0,TPEX_OTC_QUOTES_NO1430_JSON,data/daily_price/daily_price_20240826.csv,9.152,9.2585,10.5908,8.6293,9.311,-9.5506,-12.1179,-24.7664,-5.848,5.7819,43950.0,1.0466,11.0,16.4,16.4,6.86,6.86,5.38,-13.0529,-23.9909,-6.7126,-13.5433,-26.8182,-50.9146,-50.9146,17.3469,49.6283
20240827,8291,尚茂,TPEx,7.88,8.3,7.72,8.23,25000.0,202370.0,TPEX_OTC_QUOTES_NO1430_JSON,data/daily_price/daily_price_20240827.csv,8.818,9.1575,10.5713,8.6402,9.2209,2.236,-16.8687,-19.7073,-12.4468,18.9306,44200.0,0.5656,11.0,16.4,16.4,6.86,6.86,5.38,-10.1283,-22.1479,-4.7472,-10.7466,-25.1818,-49.8171,-49.8171,19.9708,52.974
20240828,8291,尚茂,TPEx,8.23,9.0,8.23,9.0,25000.0,216680.0,TPEX_OTC_QUOTES_NO1430_JSON,data/daily_price/daily_price_20240828.csv,8.628,9.0925,10.5497,8.6564,9.2025,9.356,-9.5477,-12.6214,-12.6214,27.6596,45150.0,0.5537,11.0,16.4,16.4,6.86,6.86,5.38,-1.0173,-14.6892,3.9691,-2.2007,-18.1818,-45.122,-45.122,31.1953,67.2862
20240829,8291,尚茂,TPEx,8.3,9.2,8.3,8.97,13000.0,116290.0,TPEX_OTC_QUOTES_NO1430_JSON,data/daily_price/daily_price_20240829.csv,8.63,9.0085,10.5108,8.6759,9.1831,-0.3333,0.1116,-15.7746,-20.6195,35.2941,45350.0,0.2867,11.0,16.4,16.4,6.86,6.86,5.38,-0.4274,-14.6595,3.3897,-2.3211,-18.4545,-45.3049,-45.3049,30.758,66.7286
20240830,8291,尚茂,TPEx,8.81,9.1,8.81,8.99,8000.0,71830.0,TPEX_OTC_QUOTES_NO1430_JSON,data/daily_price/daily_price_20240830.csv,8.648,8.943,10.454,8.696,9.1671,0.223,1.0112,-12.7184,-27.5,36.6261,44800.0,0.1786,11.0,16.4,16.4,6.86,6.86,5.38,0.5256,-14.0042,3.3809,-1.9314,-18.2727,-45.1829,-45.1829,31.0496,67.1004
20240902,8291,尚茂,TPEx,8.99,9.15,8.99,8.99,6000.0,54130.0,TPEX_OTC_QUOTES_NO1430_JSON,data/daily_price/daily_price_20240902.csv,8.836,8.8725,10.3772,8.7176,9.1523,0.0,11.677,-13.5577,-33.8971,40.4687,44250.0,0.1356,11.0,16.4,16.4,6.86,6.86,5.38,1.3243,-13.3675,3.1249,-1.7733,-18.2727,-45.1829,-45.1829,31.0496,67.1004
20240903,8291,尚茂,TPEx,8.73,8.98,8.26,8.3,12000.0,101950.0,TPEX_OTC_QUOTES_NO1430_JSON,data/daily_price/daily_price_20240903.csv,8.85,8.8085,10.2663,8.7284,9.0813,-7.6752,0.8505,-13.3612,-44.4816,18.5714,43650.0,0.2749,11.0,16.4,16.4,6.86,6.86,5.38,-5.7728,-19.1532,-4.9083,-8.6031,-24.5455,-49.3902,-49.3902,20.9913,54.2751
20240904,8291,尚茂,TPEx,8.3,8.99,7.69,8.99,11000.0,91650.0,TPEX_OTC_QUOTES_NO1430_JSON,data/daily_price/daily_price_20240904.csv,8.848,8.758,10.1912,8.7425,9.0737,8.3133,-0.1111,-10.1,-33.4074,23.1507,44050.0,0.2497,11.0,13.2,16.4,6.86,6.86,5.38,2.649,-11.7864,2.831,-0.9221,-18.2727,-31.8939,-45.1829,31.0496,67.1004
20240905,8291,尚茂,TPEx,8.78,9.16,8.5,8.5,9000.0,80540.0,TPEX_OTC_QUOTES_NO1430_JSON,data/daily_price/daily_price_20240905.csv,8.754,8.663,10.1303,8.752,9.0259,-5.4505,-5.2397,-18.2692,-30.0412,15.4891,44000.0,0.2045,10.5,13.2,16.4,6.86,6.86,5.38,-1.8816,-16.0936,-2.8793,-5.8262,-19.0476,-35.6061,-48.1707,23.9067,57.9926
20240906,8291,尚茂,TPEx,7.79,8.4,7.79,8.02,23000.0,187100.0,TPEX_OTC_QUOTES_NO1430_JSON,data/daily_price/daily_price_20240906.csv,8.56,8.596,10.0707,8.7563,8.942,-5.6471,-10.7898,-14.3162,-30.8621,6.9333,41050.0,0.5603,10.5,13.2,16.4,6.86,6.86,5.38,-6.7008,-20.3628,-8.4092,-10.3113,-23.619,-39.2424,-51.0976,16.9096,49.0706
20240909,8291,尚茂,TPEx,7.86,8.02,7.86,8.02,7000.0,55860.0,TPEX_OTC_QUOTES_NO1430_JSON,data/daily_price/daily_price_20240909.csv,8.366,8.5755,10.0293,8.7565,8.8652,0.0,-10.7898,-4.8636,-23.619,0.25,33800.0,0.2071,10.5,13.2,16.4,6.86,6.86,5.38,-6.4778,-20.0346,-8.4109,-9.5339,-23.619,-39.2424,-51.0976,16.9096,49.0706
20240910,8291,尚茂,TPEx,8.81,8.81,7.86,7.86,6000.0,48670.0,TPEX_OTC_QUOTES_NO1430_JSON,data/daily_price/daily_price_20240910.csv,8.278,8.589,9.9678,8.7553,8.7814,-1.995,-5.3012,3.5573,-31.9481,-1.75,29850.0,0.201,10.5,13.2,16.4,6.86,6.86,5.38,-8.4876,-21.1464,-10.2261,-10.493,-25.1429,-40.4545,-52.0732,14.5773,46.0967
20240911,8291,尚茂,TPEx,7.77,7.79,7.77,7.79,3000.0,23350.0,TPEX_OTC_QUOTES_NO1430_JSON,data/daily_price/daily_price_20240911.csv,8.038,8.631,9.8877,8.7536,8.6988,-0.8906,-13.3482,12.0863,-38.1746,-2.625,25650.0,0.117,10.5,13.2,16.4,7.64,6.86,5.38,-9.7439,-21.215,-11.0079,-10.4476,-25.8095,-40.9848,-52.5,13.5569,44.7955
20240912,8291,尚茂,TPEx,7.99,8.05,7.99,8.05,6000.0,48180.0,TPEX_OTC_QUOTES_NO1430_JSON,data/daily_price/daily_price_20240912.csv,7.948,8.6515,9.8218,8.7577,8.6447,3.3376,-5.2941,5.3665,-32.9167,6.4815,23000.0,0.2609,10.5,13.2,16.4,7.69,6.86,5.38,-6.9526,-18.0397,-8.0805,-6.8799,-23.3333,-39.0152,-50.9146,17.3469,49.6283
20240913,8291,尚茂,TPEx,8.05,8.05,7.91,7.91,2000.0,15960.0,TPEX_OTC_QUOTES_NO1430_JSON,data/daily_price/daily_price_20240913.csv,7.926,8.627,9.7337,8.7652,8.5835,-1.7391,-1.3716,-5.8333,-40.0758,13.0,20100.0,0.0995,10.5,13.2,16.4,7.69,6.86,5.38,-8.3111,-18.7357,-9.7573,-7.8467,-24.6667,-40.0758,-51.7683,15.3061,47.026
20240916,8291,尚茂,TPEx,7.55,7.9,7.55,7.9,4000.0,30930.0,TPEX_OTC_QUOTES_NO1430_JSON,data/daily_price/daily_price_20240916.csv,7.902,8.564,9.6545,8.776,8.5266,-0.1264,-1.4963,-13.7555,-37.5494,19.5159,17700.0,0.226,10.5,13.0,16.4,7.55,6.86,5.38,-7.7534,-18.1729,-9.9818,-7.3483,-24.7619,-39.2308,-51.8293,15.1603,46.8401
20240918,8291,尚茂,TPEx,7.63,7.9,7.63,7.9,12000.0,92390.0,TPEX_OTC_QUOTES_NO1430_JSON,data/daily_price/daily_price_20240918.csv,7.91,8.464,9.5795,8.7874,8.4743,0.0,0.5089,-20.202,-36.2903,20.9801,13850.0,0.8664,10.5,13.0,16.4,7.55,6.86,5.38,-6.6635,-17.5322,-10.0987,-6.7775,-24.7619,-39.2308,-51.8293,15.1603,46.8401
20240919,8291,尚茂,TPEx,8.0,8.0,8.0,8.0,3000.0,24000.0,TPEX_OTC_QUOTES_NO1430_JSON,data/daily_price/daily_price_20240919.csv,7.952,8.3665,9.5162,8.7992,8.4348,1.2658,2.6958,-19.598,-32.2034,21.5805,13550.0,0.2214,9.2,12.5,16.4,7.55,6.86,5.38,-4.3806,-15.9325,-9.0832,-5.155,-13.0435,-36.0,-51.2195,16.6181,48.6989
20240920,8291,尚茂,TPEx,8.19,8.37,8.19,8.37,15000.0,124910.0,TPEX_OTC_QUOTES_NO1430_JSON,data/daily_price/daily_price_20240920.csv,8.016,8.337,9.4632,8.8183,8.4294,4.625,3.9752,-6.5848,-27.5325,37.6645,12850.0,1.1673,9.2,12.5,16.4,7.55,6.86,5.38,0.3958,-11.5518,-5.0841,-0.7049,-9.0217,-33.04,-48.9634,22.0117,55.5762
20240923,8291,尚茂,TPEx,8.35,8.35,7.9,7.9,16000.0,129720.0,TPEX_OTC_QUOTES_NO1430_JSON,data/daily_price/daily_price_20240923.csv,8.014,8.287,9.4115,8.8351,8.3853,-5.6153,-0.1264,-11.236,-28.1818,34.1256,12600.0,1.2698,9.2,12.5,16.4,7.55,6.86,5.38,-4.67,-16.0601,-10.5838,-5.7875,-14.1304,-36.8,-51.8293,15.1603,46.8401
20240924,8291,尚茂,TPEx,7.9,7.91,7.9,7.9,16000.0,126440.0,TPEX_OTC_QUOTES_NO1430_JSON,data/daily_price/daily_price_20240924.csv,8.014,8.2795,9.3632,8.847,8.3449,0.0,0.0,-1.8634,-26.8519,22.102,11100.0,1.4414,9.2,12.5,16.4,7.55,6.86,5.38,-4.5836,-15.6268,-10.7042,-5.3309,-14.1304,-36.8,-51.8293,15.1603,46.8401
20240925,8291,尚茂,TPEx,7.9,8.29,7.9,8.0,9000.0,72290.0,TPEX_OTC_QUOTES_NO1430_JSON,data/daily_price/daily_price_20240925.csv,8.034,8.268,9.3165,8.8545,8.3161,1.2658,1.2658,-2.7947,-25.9259,12.6761,10300.0,0.8738,9.2,12.5,16.4,7.55,6.86,5.38,-3.2414,-14.1308,-9.6505,-3.8013,-13.0435,-36.0,-51.2195,16.6181,48.6989
20240926,8291,尚茂,TPEx,8.0,8.0,7.93,7.93,7000.0,55790.0,TPEX_OTC_QUOTES_NO1430_JSON,data/daily_price/daily_price_20240926.csv,8.02,8.2145,9.2737,8.8609,8.2839,-0.875,-0.875,-11.8889,-24.4762,10.7542,9400.0,0.7447,9.2,12.5,16.4,7.55,6.86,5.38,-3.4634,-14.4891,-10.5059,-4.2726,-13.8043,-36.56,-51.6463,15.5977,47.3978
20240927,8291,尚茂,TPEx,8.35,8.72,8.35,8.72,52000.0,450210.0,TPEX_OTC_QUOTES_NO1430_JSON,data/daily_price/daily_price_20240927.csv,8.09,8.202,9.239,8.8775,8.3203,9.9622,4.1816,-2.7871,-19.2593,29.5691,11350.0,4.5815,9.16,12.5,16.4,7.55,6.86,5.38,6.3155,-5.6175,-1.7741,4.8042,-4.8035,-30.24,-46.8293,27.1137,62.0818
20240930,8291,尚茂,TPEx,8.15,8.39,8.1,8.1,20000.0,164210.0,TPEX_OTC_QUOTES_NO1430_JSON,data/daily_price/daily_price_20240930.csv,8.13,8.1575,9.194,8.8862,8.3019,-7.1101,2.5316,-9.8999,-25.0,14.8936,11950.0,1.6736,9.16,12.5,16.4,7.55,6.86,5.38,-0.7049,-11.8991,-8.8479,-2.4322,-11.5721,-35.2,-50.6098,18.0758,50.5576
20241001,8291,尚茂,TPEx,8.1,8.37,8.1,8.17,14000.0,115970.0,TPEX_OTC_QUOTES_NO1430_JSON,data/daily_price/daily_price_20241001.csv,8.184,8.1165,9.1477,8.8907,8.2909,0.8642,3.4177,-9.1212,-25.3881,6.9372,12350.0,1.1336,9.16,12.5,16.4,7.55,6.86,5.38,0.6592,-10.6876,-8.1059,-1.4586,-10.8079,-34.64,-50.1829,19.0962,51.8587
20241004,8291,尚茂,TPEx,8.17,8.39,8.17,8.21,10000.0,82500.0,TPEX_OTC_QUOTES_NO1430_JSON,data/daily_price/daily_price_20241004.csv,8.226,8.112,9.102,8.9011,8.2842,0.4896,2.625,-1.0843,-25.0228,17.9598,12250.0,0.8163,9.16,12.5,16.4,7.55,6.86,5.38,1.2081,-9.8,-7.764,-0.8955,-10.3712,-34.32,-49.939,19.6793,52.6022
20241007,8291,尚茂,TPEx,8.3,8.35,8.3,8.35,11000.0,91650.0,TPEX_OTC_QUOTES_NO1430_JSON,data/daily_price/daily_price_20241007.csv,8.31,8.08,9.0745,8.9147,8.2897,1.7052,5.2963,-7.119,-16.5,24.256,12250.0,0.898,9.16,12.5,16.4,7.55,6.86,5.38,3.3416,-7.9839,-6.3341,0.7278,-8.8428,-33.2,-49.0854,21.7201,55.2045
20241008,8291,尚茂,TPEx,8.32,8.32,8.32,8.32,1000.0,8320.0,TPEX_OTC_QUOTES_NO1430_JSON,data/daily_price/daily_price_20241008.csv,8.23,8.071,9.0527,8.9289,8.2922,-0.3593,-4.5872,-2.1176,-13.6033,25.8699,11850.0,0.0844,8.81,12.5,16.4,7.55,6.86,5.38,3.0851,-8.0934,-6.8196,0.3353,-5.5619,-33.44,-49.2683,21.2828,54.6468
20241009,8291,尚茂,TPEx,8.32,8.45,7.89,8.4,8000.0,66860.0,TPEX_OTC_QUOTES_NO1430_JSON,data/daily_price/daily_price_20241009.csv,8.29,8.09,9.0473,8.9399,8.3012,0.9615,3.7037,4.7382,-3.6697,18.6441,11100.0,0.7207,8.81,12.5,16.4,7.55,6.86,5.38,3.8319,-7.155,-6.0394,1.1904,-4.6538,-32.8,-48.7805,22.449,56.1338
20241011,8291,尚茂,TPEx,8.39,8.39,8.34,8.34,4000.0,33430.0,TPEX_OTC_QUOTES_NO1430_JSON,data/daily_price/daily_price_20241011.csv,8.324,8.106,9.0428,8.9542,8.3044,-0.7143,2.0808,3.99,-3.1359,25.9819,10950.0,0.3653,8.81,12.5,16.4,7.55,6.86,5.38,2.8868,-7.7723,-6.8599,0.4285,-5.3348,-33.28,-49.1463,21.5743,55.0186
20241014,8291,尚茂,TPEx,7.55,7.56,7.55,7.56,11000.0,83080.0,TPEX_OTC_QUOTES_NO1430_JSON,data/daily_price/daily_price_20241014.csv,8.194,8.091,9.011,8.9639,8.2424,-9.3525,-7.9172,-3.8168,-20.169,18.125,11200.0,0.9821,8.72,12.5,16.4,7.55,6.86,5.38,-6.5628,-16.1025,-15.6619,-8.2789,-13.3028,-39.52,-53.9024,10.2041,40.5204
20241015,8291,尚茂,TPEx,7.33,7.36,7.24,7.24,34000.0,248050.0,TPEX_OTC_QUOTES_NO1430_JSON,data/daily_price/daily_price_20241015.csv,7.972,8.0635,8.9583,8.9714,8.1588,-4.2328,-13.2934,-7.0603,-30.3846,14.1956,12750.0,2.6667,8.72,12.5,16.4,7.24,6.86,5.38,-10.2127,-19.1814,-19.2993,-11.262,-16.9725,-42.08,-55.8537,5.5394,34.5725
20241016,8291,尚茂,TPEx,7.66,7.8,7.66,7.67,13000.0,100470.0,TPEX_OTC_QUOTES_NO1430_JSON,data/daily_price/daily_price_20241016.csv,7.842,8.0445,8.8962,8.9765,8.1181,5.9392,-7.8125,-4.7205,-32.7193,8.6402,13100.0,0.9924,8.72,12.5,16.4,7.24,6.86,5.38,-4.6554,-13.7831,-14.5547,-5.5199,-12.0413,-38.64,-53.2317,11.8076,42.5651
20241017,8291,尚茂,TPEx,8.0,8.0,8.0,8.0,3000.0,24000.0,TPEX_OTC_QUOTES_NO1430_JSON,data/daily_price/daily_price_20241017.csv,7.762,8.049,8.8278,8.9882,8.1083,4.3025,-4.7619,1.1378,-33.8843,21.3961,13150.0,0.2281,8.72,12.05,16.4,7.24,6.86,5.38,-0.6088,-9.3775,-10.9949,-1.3353,-8.2569,-33.61,-51.2195,16.6181,48.6989
20241018,8291,尚茂,TPEx,8.4,8.4,8.01,8.01,10000.0,82440.0,TPEX_OTC_QUOTES_NO1430_JSON,data/daily_price/daily_price_20241018.csv,7.696,8.0545,8.7697,9.0035,8.1001,0.125,-3.9568,1.3924,-30.3478,29.6117,13450.0,0.7435,8.72,11.15,16.4,7.24,6.86,5.38,-0.5525,-8.6624,-11.0346,-1.1121,-8.1422,-28.1614,-51.1585,16.7638,48.8848
20241021,8291,尚茂,TPEx,8.49,8.49,7.76,8.0,6000.0,48990.0,TPEX_OTC_QUOTES_NO1430_JSON,data/daily_price/daily_price_20241021.csv,7.784,8.0595,8.7197,9.0138,8.0917,-0.1248,5.8201,1.2658,-27.2727,18.1684,13150.0,0.4563,8.72,11.15,16.4,7.24,6.86,5.38,-0.7383,-8.2534,-11.2467,-1.1338,-8.2569,-28.2511,-51.2195,16.6181,48.6989
20241023,8291,尚茂,TPEx,7.43,8.0,7.43,8.0,6000.0,45720.0,TPEX_OTC_QUOTES_NO1430_JSON,data/daily_price/daily_price_20241023.csv,7.936,8.0595,8.6755,9.0291,8.0841,0.0,10.4972,0.0,-24.8826,29.8701,13300.0,0.4511,8.72,11.15,16.4,7.24,6.86,5.38,-0.7383,-7.7863,-11.3974,-1.0403,-8.2569,-28.2511,-51.2195,16.6181,48.6989
20241024,8291,尚茂,TPEx,7.98,7.98,7.61,7.61,5000.0,38790.0,TPEX_OTC_QUOTES_NO1430_JSON,data/daily_price/daily_price_20241024.csv,7.924,8.0215,8.619,9.0427,8.0446,-4.875,-0.7823,-9.08,-30.8182,27.2575,12800.0,0.3906,8.72,11.15,16.4,7.24,6.86,5.38,-5.13,-11.7067,-15.8434,-5.4022,-12.7294,-31.7489,-53.5976,10.9329,41.4498
20241025,8291,尚茂,TPEx,7.13,7.6,7.02,7.6,13000.0,92700.0,TPEX_OTC_QUOTES_NO1430_JSON,data/daily_price/daily_price_20241025.csv,7.844,8.0065,8.5615,9.0515,8.0075,-0.1314,-5.0,-3.7975,-31.2217,16.208,12650.0,1.0277,8.72,11.0,16.4,7.02,6.86,5.38,-5.0771,-11.2305,-16.036,-5.0894,-12.844,-30.9091,-53.6585,10.7872,41.2639
20241028,8291,尚茂,TPEx,6.89,7.06,6.89,7.06,7000.0,48500.0,TPEX_OTC_QUOTES_NO1430_JSON,data/daily_price/daily_price_20241028.csv,7.654,7.9645,8.5008,9.0524,7.9286,-7.1053,-11.8602,-10.6329,-34.0187,1.5827,12200.0,0.5738,8.72,11.0,16.4,6.89,6.86,5.38,-11.3566,-16.9493,-22.0098,-10.955,-19.0367,-35.8182,-56.9512,2.9155,31.2268
20241029,8291,尚茂,TPEx,7.06,7.2,6.99,6.99,7000.0,49230.0,TPEX_OTC_QUOTES_NO1430_JSON,data/daily_price/daily_price_20241029.csv,7.452,7.914,8.4465,9.0578,7.8504,-0.9915,-12.625,-12.625,-31.8049,10.0787,12100.0,0.5785,8.72,11.0,16.4,6.89,6.86,5.38,-11.6755,-17.2438,-22.8285,-10.9595,-19.8394,-36.4545,-57.378,1.895,29.9257
20241030,8291,尚茂,TPEx,6.52,6.52,6.52,6.52,3000.0,19560.0,TPEX_OTC_QUOTES_NO1430_JSON,data/daily_price/daily_price_20241030.csv,7.156,7.8435,8.3835,9.0618,7.7395,-6.7239,-18.5,-17.7806,-36.699,8.126,11900.0,0.2521,8.72,11.0,16.4,6.52,6.52,5.38,-16.8738,-22.2282,-28.0499,-15.7568,-25.2294,-40.7273,-60.2439,0.0,21.1896
20241101,8291,尚茂,TPEx,7.11,7.17,7.04,7.17,28000.0,199350.0,TPEX_OTC_QUOTES_NO1430_JSON,data/daily_price/daily_price_20241101.csv,7.068,7.766,8.3255,9.0736,7.692,9.9693,-5.7819,-17.7752,-32.6761,24.4792,10700.0,2.6168,8.49,11.0,16.4,6.52,6.52,5.38,-7.6745,-13.879,-20.9794,-6.7868,-15.5477,-34.8182,-56.2805,9.9693,33.2714
20241104,8291,尚茂,TPEx,7.2,7.37,7.2,7.36,14000.0,101940.0,TPEX_OTC_QUOTES_NO1430_JSON,data/daily_price/daily_price_20241104.csv,7.02,7.729,8.2765,9.0828,7.6644,2.6499,-3.1579,-9.1358,-28.5437,17.76,10400.0,1.3462,8.49,11.0,16.4,6.52,6.52,5.38,-4.7742,-11.0735,-18.968,-3.9712,-13.3098,-33.0909,-55.122,12.8834,36.803
20241105,8291,尚茂,TPEx,7.35,7.35,7.05,7.23,22000.0,157470.0,TPEX_OTC_QUOTES_NO1430_JSON,data/daily_price/daily_price_20241105.csv,7.054,7.682,8.2237,9.0934,7.6282,-1.7663,2.4079,-11.5055,-30.4808,21.3087,10800.0,2.037,8.49,11.0,16.4,6.52,6.52,5.38,-5.8839,-12.083,-20.4919,-5.2198,-14.841,-34.2727,-55.9146,10.8896,34.3866
20241106,8291,尚茂,TPEx,6.57,6.96,6.57,6.96,38000.0,250070.0,TPEX_OTC_QUOTES_NO1430_JSON,data/daily_price/daily_price_20241106.csv,7.048,7.6195,8.18,9.0981,7.5725,-3.7344,-0.4292,-15.2253,-27.3486,8.75,12200.0,3.1148,8.49,11.0,16.4,6.52,6.52,5.38,-8.6554,-14.9144,-23.5004,-8.0884,-18.0212,-36.7273,-57.561,6.7485,29.368
20241107,8291,尚茂,TPEx,6.54,6.78,6.54,6.7,18000.0,119230.0,TPEX_OTC_QUOTES_NO1430_JSON,data/daily_price/daily_price_20241107.csv,7.084,7.537,8.125,9.1028,7.4998,-3.7356,2.7607,-19.7605,-33.0,9.2985,12550.0,1.4343,8.49,11.0,16.4,6.52,6.52,5.38,-11.1052,-17.5385,-26.3965,-10.6641,-21.0836,-39.0909,-59.1463,2.7607,24.5353
20241108,8291,尚茂,TPEx,6.33,6.69,6.33,6.69,2000.0,13020.0,TPEX_OTC_QUOTES_NO1430_JSON,data/daily_price/daily_price_20241108.csv,6.988,7.4555,8.0632,9.1102,7.4323,-0.1493,-6.6946,-19.5913,-35.6731,15.3448,12600.0,0.1587,8.49,10.5,16.4,6.33,6.33,5.38,-10.2676,-17.0301,-26.5662,-9.9875,-21.2014,-36.2857,-59.2073,5.6872,24.3494
20241111,8291,尚茂,TPEx,6.44,6.65,6.4,6.65,12000.0,77420.0,TPEX_OTC_QUOTES_NO1430_JSON,data/daily_price/daily_price_20241111.csv,6.846,7.368,8.018,9.1185,7.3671,-0.5979,-9.6467,-20.8333,-28.953,17.4912,12800.0,0.9375,8.49,10.5,16.4,6.33,6.33,5.38,-9.7448,-17.0616,-27.0713,-9.7339,-21.6726,-36.6667,-59.4512,5.0553,23.6059
20241112,8291,尚茂,TPEx,6.66,6.69,6.66,6.69,14000.0,93300.0,TPEX_OTC_QUOTES_NO1430_JSON,data/daily_price/daily_price_20241112.csv,6.738,7.2855,7.989,9.1242,7.3107,0.6015,-7.4689,-19.7842,-20.6406,11.5,13300.0,1.0526,8.49,10.5,16.4,6.33,6.33,5.38,-8.1738,-16.2599,-26.6789,-8.4901,-21.2014,-36.2857,-59.2073,5.6872,24.3494
20241113,8291,尚茂,TPEx,6.25,6.69,6.25,6.69,7000.0,46390.0,TPEX_OTC_QUOTES_NO1430_JSON,data/daily_price/daily_price_20241113.csv,6.684,7.242,7.974,9.1303,7.259,0.0,-3.8793,-11.5079,-11.8577,12.2483,13100.0,0.5344,8.49,10.5,16.4,6.25,6.25,5.38,-7.6222,-16.1023,-26.7278,-7.838,-21.2014,-36.2857,-59.2073,7.04,24.3494
20241114,8291,尚茂,TPEx,7.19,7.19,7.1,7.1,2000.0,14290.0,TPEX_OTC_QUOTES_NO1430_JSON,data/daily_price/daily_price_20241114.csv,6.764,7.235,7.9765,9.1387,7.2457,6.1286,5.9701,-1.9337,2.1583,16.3934,11500.0,0.1739,8.49,10.5,16.4,6.25,6.25,5.38,-1.8659,-10.9885,-22.3081,-2.011,-16.3722,-32.381,-56.7073,13.6,31.9703
20241115,8291,尚茂,TPEx,6.5,6.63,6.5,6.63,6000.0,39130.0,TPEX_OTC_QUOTES_NO1430_JSON,data/daily_price/daily_price_20241115.csv,6.752,7.183,7.9597,9.1448,7.1944,-6.6197,-0.8969,-13.5593,-13.2199,12.5637,11150.0,0.5381,8.49,10.5,16.4,6.25,6.25,5.38,-7.6987,-16.7051,-27.5,-7.845,-21.9081,-36.8571,-59.5732,6.08,23.2342
20241118,8291,尚茂,TPEx,6.63,6.63,6.63,6.63,5000.0,33150.0,TPEX_OTC_QUOTES_NO1430_JSON,data/daily_price/daily_price_20241118.csv,6.748,7.1145,7.9302,9.1526,7.1474,0.0,-0.3008,-17.125,-21.0714,16.3158,11250.0,0.4444,8.49,10.5,16.4,6.25,6.25,5.38,-6.81,-16.3952,-27.5614,-7.2386,-21.9081,-36.8571,-59.5732,6.08,23.2342
20241120,8291,尚茂,TPEx,6.63,6.63,6.6,6.6,11000.0,72900.0,TPEX_OTC_QUOTES_NO1430_JSON,data/daily_price/daily_price_20241120.csv,6.73,7.044,7.8875,9.1554,7.1018,-0.4525,-1.3453,-17.603,-27.9476,5.4313,11300.0,0.9735,8.49,10.5,16.4,6.25,6.25,5.38,-6.3032,-16.3233,-27.9115,-7.0652,-22.2615,-37.1429,-59.7561,5.6,22.6766
20241121,8291,尚茂,TPEx,6.6,6.6,6.6,6.6,7000.0,46200.0,TPEX_OTC_QUOTES_NO1430_JSON,data/daily_price/daily_price_20241121.csv,6.712,6.974,7.8325,9.1616,7.0599,0.0,-1.3453,-17.5,-33.3333,12.628,11350.0,0.6167,8.0,10.5,16.4,6.25,6.25,5.38,-5.3628,-15.7357,-27.9601,-6.5148,-17.5,-37.1429,-59.7561,5.6,22.6766
20241122,8291,尚茂,TPEx,6.12,6.2,6.12,6.2,7000.0,43110.0,TPEX_OTC_QUOTES_NO1430_JSON,data/daily_price/daily_price_20241122.csv,6.532,6.884,7.77,9.1596,6.9883,-6.0606,-12.6761,-22.5,-37.6884,-3.7267,11400.0,0.614,7.98,9.2,16.4,6.12,6.12,6.04,-9.9361,-20.2059,-32.3113,-11.28,-22.3058,-32.6087,-62.1951,1.3072,2.649
20241125,8291,尚茂,TPEx,6.68,6.82,6.68,6.82,15000.0,102080.0,TPEX_OTC_QUOTES_NO1430_JSON,data/daily_price/daily_price_20241125.csv,6.57,6.8445,7.7343,9.1574,6.9743,10.0,2.8658,-10.3811,-23.8839,-3.6723,11900.0,1.2605,7.6,9.2,16.4,6.12,6.12,6.12,-0.358,-11.8217,-25.5248,-2.2118,-10.2632,-25.8696,-58.4146,11.4379,11.4379
20241126,8291,尚茂,TPEx,6.82,7.39,6.82,7.15,15000.0,108610.0,TPEX_OTC_QUOTES_NO1430_JSON,data/daily_price/daily_price_20241126.csv,6.674,6.822,7.7052,9.1522,6.9889,4.8387,7.8431,-5.9211,-19.6629,-8.0977,12000.0,1.25,7.39,9.2,16.4,6.12,6.12,6.12,4.808,-7.2051,-21.8764,2.305,-3.2476,-22.2826,-56.4024,16.8301,16.8301
20241127,8291,尚茂,TPEx,7.2,7.85,7.2,7.85,19000.0,144200.0,TPEX_OTC_QUOTES_NO1430_JSON,data/daily_price/daily_price_20241127.csv,6.924,6.8615,7.7018,9.1463,7.0607,9.7902,18.9394,11.1898,-2.4845,-8.1871,12600.0,1.5079,7.85,9.2,16.4,6.12,6.12,6.12,14.4065,1.9238,-14.1733,11.1794,0.0,-14.6739,-52.1341,28.268,28.268
20241128,8291,尚茂,TPEx,8.2,8.2,7.85,7.85,16000.0,127800.0,TPEX_OTC_QUOTES_NO1430_JSON,data/daily_price/daily_price_20241128.csv,7.174,6.9045,7.6955,9.1334,7.1264,0.0,18.9394,12.3033,-4.6173,-16.4894,13050.0,1.2261,8.2,9.2,16.4,6.12,6.12,6.12,13.694,2.0077,-14.0519,10.1532,-4.2683,-14.6739,-52.1341,28.268,28.268
20241129,8291,尚茂,TPEx,8.0,8.0,7.15,7.3,7000.0,51050.0,TPEX_OTC_QUOTES_NO1430_JSON,data/daily_price/daily_price_20241129.csv,7.394,6.9435,7.6672,9.1084,7.1409,-7.0064,17.7419,11.9632,-18.8889,-29.1262,13250.0,0.5283,8.2,9.2,16.4,6.12,6.12,6.12,5.1343,-4.7888,-19.8543,2.228,-10.9756,-20.6522,-55.4878,19.281,19.281
20241202,8291,尚茂,TPEx,7.3,7.62,7.3,7.62,4000.0,29840.0,TPEX_OTC_QUOTES_NO1430_JSON,data/daily_price/daily_price_20241202.csv,7.554,6.966,7.6447,9.0778,7.1808,4.3836,11.7302,6.2762,-15.0502,-32.5664,12050.0,0.332,8.2,9.16,16.4,6.12,6.12,6.12,9.3885,-0.3227,-16.0585,6.1159,-7.0732,-16.8122,-53.5366,24.5098,24.5098
20241203,8291,尚茂,TPEx,7.99,7.99,7.99,7.99,9000.0,71910.0,TPEX_OTC_QUOTES_NO1430_JSON,data/daily_price/daily_price_20241203.csv,7.722,6.9975,7.628,9.041,7.2483,4.8556,11.7483,8.5598,-11.1235,-35.5645,11800.0,0.7627,8.2,9.16,16.4,6.12,6.12,6.12,14.1836,4.7457,-11.6248,10.2334,-2.561,-12.7729,-51.2805,30.5556,30.5556
20241204,8291,尚茂,TPEx,7.99,7.99,7.9,7.9,6000.0,47580.0,TPEX_OTC_QUOTES_NO1430_JSON,data/daily_price/daily_price_20241204.csv,7.732,7.031,7.6098,8.9935,7.3026,-1.1264,0.6369,9.2669,-12.1246,-41.9118,11000.0,0.5455,8.2,9.16,16.4,6.12,6.12,6.12,12.3596,3.813,-12.1588,8.1811,-3.6585,-13.7555,-51.8293,29.085,29.085
20241205,8291,尚茂,TPEx,8.0,8.0,7.52,7.52,4000.0,31320.0,TPEX_OTC_QUOTES_NO1430_JSON,data/daily_price/daily_price_20241205.csv,7.666,7.059,7.5968,8.9316,7.3207,-4.8101,-4.2038,8.046,-9.3976,-49.699,9300.0,0.4301,8.2,9.16,16.4,6.12,6.12,6.12,6.5307,-1.0114,-15.8044,2.7226,-8.2927,-17.9039,-54.1463,22.8758,22.8758
20241206,8291,尚茂,TPEx,7.1,7.1,7.1,7.1,1000.0,7100.0,TPEX_OTC_QUOTES_NO1430_JSON,data/daily_price/daily_price_20241206.csv,7.626,7.079,7.5653,8.8782,7.3023,-5.5851,-2.7397,5.9701,-21.0234,-47.4074,8450.0,0.1183,8.2,9.16,13.2,6.12,6.12,6.12,0.2967,-6.1509,-20.0293,-2.7703,-13.4146,-22.4891,-46.2121,16.0131,16.0131
20241209,8291,尚茂,TPEx,6.85,6.85,6.85,6.85,1000.0,6850.0,TPEX_OTC_QUOTES_NO1430_JSON,data/daily_price/daily_price_20241209.csv,7.472,7.087,7.5378,8.8341,7.2646,-3.5211,-10.105,2.3916,-19.4118,-43.6214,8400.0,0.119,8.2,8.81,13.2,6.12,6.12,6.12,-3.3442,-9.1251,-22.4594,-5.7072,-16.4634,-22.2474,-48.1061,11.9281,11.9281
20241211,8291,尚茂,TPEx,6.29,6.31,6.29,6.31,2000.0,12600.0,TPEX_OTC_QUOTES_NO1430_JSON,data/daily_price/daily_price_20241211.csv,7.136,7.07,7.5093,8.79,7.1851,-7.8832,-21.0263,-5.1128,-21.3217,-45.6034,7900.0,0.2532,8.2,8.81,13.2,6.12,6.12,6.12,-10.7496,-15.9712,-28.2139,-12.1788,-23.0488,-28.3768,-52.197,3.1046,3.1046
20241212,8291,尚茂,TPEx,6.89,6.94,6.89,6.94,8000.0,55450.0,TPEX_OTC_QUOTES_NO1430_JSON,data/daily_price/daily_price_20241212.csv,6.944,7.0825,7.4913,8.7603,7.1646,9.9842,-12.1519,3.7369,-13.4663,-33.9048,7600.0,1.0526,8.2,8.81,13.2,6.12,6.12,6.12,-2.012,-7.3596,-20.7793,-3.1353,-15.3659,-21.2259,-47.4242,13.3987,13.3987
20241213,8291,尚茂,TPEx,7.37,7.63,7.37,7.6,20000.0,151270.0,TPEX_OTC_QUOTES_NO1430_JSON,data/daily_price/daily_price_20241213.csv,6.96,7.128,7.487,8.7274,7.2009,9.5101,1.0638,13.6024,-3.3079,-34.1991,8250.0,2.4242,8.2,8.72,13.2,6.12,6.12,6.12,6.6218,1.5093,-12.9181,5.5421,-7.3171,-12.844,-42.4242,24.183,24.183
20241216,8291,尚茂,TPEx,7.6,7.6,6.84,6.84,31000.0,215920.0,TPEX_OTC_QUOTES_NO1430_JSON,data/daily_price/daily_price_20241216.csv,6.908,7.115,7.4712,8.6794,7.1708,-10.0,-3.662,-3.662,-12.1951,-45.7143,9700.0,3.1959,8.2,8.72,13.2,6.12,6.12,6.12,-3.8651,-8.448,-21.1929,-4.6137,-16.5854,-21.5596,-48.1818,11.7647,11.7647
20241217,8291,尚茂,TPEx,6.34,7.16,6.34,7.06,8000.0,53040.0,TPEX_OTC_QUOTES_NO1430_JSON,data/daily_price/daily_price_20241217.csv,6.95,7.1365,7.4547,8.6383,7.1616,3.2164,3.0657,6.4857,-12.2981,-41.1667,9800.0,0.8163,8.2,8.72,13.2,6.12,6.12,6.12,-1.072,-5.2942,-18.2705,-1.4187,-13.9024,-19.0367,-46.5152,15.3595,15.3595
20241218,8291,尚茂,TPEx,6.76,6.97,6.6,6.6,29000.0,194660.0,TPEX_OTC_QUOTES_NO1430_JSON,data/daily_price/daily_price_20241218.csv,7.008,7.135,7.4328,8.5832,7.1148,-6.5156,4.5959,-0.4525,-16.5613,-50.0,11000.0,2.6364,8.2,8.72,13.2,6.12,6.12,6.12,-7.4982,-11.2048,-23.106,-7.2357,-19.5122,-24.3119,-50.0,7.8431,7.8431
20241219,8291,尚茂,TPEx,6.6,6.77,6.31,6.77,16000.0,102690.0,TPEX_OTC_QUOTES_NO1430_JSON,data/daily_price/daily_price_20241219.csv,6.974,7.1435,7.414,8.5343,7.0861,2.5758,-2.4496,2.5758,-14.3038,-46.4822,11250.0,1.4222,8.2,8.72,13.0,6.12,6.12,6.12,-5.2285,-8.6863,-20.6726,-4.4604,-17.439,-22.3624,-47.9231,10.6209,10.6209
20241220,8291,尚茂,TPEx,6.35,6.38,6.34,6.34,32000.0,203170.0,TPEX_OTC_QUOTES_NO1430_JSON,data/daily_price/daily_price_20241220.csv,6.722,7.1305,7.388,8.4838,7.0239,-6.3516,-16.5789,-3.9394,-19.7468,-48.871,12500.0,2.56,8.2,8.72,13.0,6.12,6.12,6.12,-11.0862,-14.1852,-25.2689,-9.7367,-22.6829,-27.2936,-51.2308,3.5948,3.5948
20241223,8291,尚茂,TPEx,5.87,6.79,5.87,5.91,11000.0,72890.0,TPEX_OTC_QUOTES_NO1430_JSON,data/daily_price/daily_price_20241223.csv,6.536,7.116,7.3532,8.4347,6.9311,-6.7823,-13.5965,-4.6774,-26.125,-49.9153,12700.0,0.8661,8.2,8.72,12.5,5.87,5.87,5.87,-16.9477,-19.6265,-29.932,-14.7318,-27.9268,-32.2248,-52.72,0.6814,0.6814
20241224,8291,尚茂,TPEx,6.2,6.5,6.2,6.5,38000.0,246400.0,TPEX_OTC_QUOTES_NO1430_JSON,data/daily_price/daily_price_20241224.csv,6.424,7.1,7.322,8.3926,6.8951,9.9831,-7.932,-4.6921,-22.3417,-43.7229,13850.0,2.7437,8.2,8.72,12.5,5.87,5.87,5.87,-8.4507,-11.2264,-22.5507,-5.7308,-20.7317,-25.4587,-48.0,10.7325,10.7325
20241225,8291,尚茂,TPEx,6.14,6.47,6.14,6.46,8000.0,51090.0,TPEX_OTC_QUOTES_NO1430_JSON,data/daily_price/daily_price_20241225.csv,6.396,7.0655,7.298,8.3548,6.8589,-0.6154,-2.1212,-9.6503,-18.2278,-41.2727,13500.0,0.5926,8.2,8.72,12.5,5.87,5.87,5.87,-8.5698,-11.4826,-22.6787,-5.8156,-21.2195,-25.9174,-48.32,10.0511,10.0511
20241226,8291,尚茂,TPEx,6.11,6.7,6.11,6.54,12000.0,76070.0,TPEX_OTC_QUOTES_NO1430_JSON,data/daily_price/daily_price_20241226.csv,6.35,7.0,7.2753,8.3192,6.8323,1.2384,-3.3973,-16.6879,-17.2152,-39.4444,13150.0,0.9125,8.2,8.72,12.5,5.87,5.87,5.87,-6.5714,-10.1072,-21.3871,-4.2784,-20.2439,-25.0,-47.68,11.414,11.414
20241227,8291,尚茂,TPEx,6.21,6.44,6.21,6.44,10000.0,62890.0,TPEX_OTC_QUOTES_NO1430_JSON,data/daily_price/daily_price_20241227.csv,6.37,6.9295,7.2493,8.2829,6.7996,-1.5291,1.5773,-17.9618,-19.5,-40.3704,12850.0,0.7782,8.0,8.72,12.5,5.87,5.87,5.87,-7.064,-11.1642,-22.2496,-5.2888,-19.5,-26.1468,-48.48,9.7104,9.7104
20241230,8291,尚茂,TPEx,6.42,6.5,6.18,6.5,23000.0,148320.0,TPEX_OTC_QUOTES_NO1430_JSON,data/daily_price/daily_price_20241230.csv,6.488,6.8895,7.2255,8.2496,6.7747,0.9317,9.9831,-10.9589,-18.0328,-38.0952,13650.0,1.685,8.0,8.72,12.5,5.87,5.87,5.87,-5.6535,-10.0408,-21.2081,-4.0541,-18.75,-25.4587,-48.0,10.7325,10.7325
20241231,8291,尚茂,TPEx,6.85,6.85,6.5,6.77,4000.0,26970.0,TPEX_OTC_QUOTES_NO1430_JSON,data/daily_price/daily_price_20241231.csv,6.542,6.847,7.193,8.216,6.7743,4.1538,4.1538,-11.1549,-22.3624,-37.3148,13650.0,0.293,8.0,8.49,12.5,5.87,5.87,5.87,-1.1246,-5.8807,-17.5998,-0.0629,-15.375,-20.2591,-45.84,15.3322,15.3322
20250102,8291,尚茂,TPEx,7.18,7.18,7.1,7.1,4000.0,28560.0,TPEX_OTC_QUOTES_NO1430_JSON,data/daily_price/daily_price_20250102.csv,6.67,6.8025,7.1763,8.1852,6.8014,4.8744,9.9071,-11.1389,-12.3457,-34.2593,13400.0,0.2985,8.0,8.49,12.5,5.87,5.87,5.87,4.3734,-1.0637,-13.2577,4.3901,-11.25,-16.3722,-43.2,20.954,20.954
20250103,8291,尚茂,TPEx,7.15,7.15,7.15,7.15,5000.0,35750.0,TPEX_OTC_QUOTES_NO1430_JSON,data/daily_price/daily_price_20250103.csv,6.792,6.765,7.1593,8.1535,6.8305,0.7042,9.3272,-9.4937,-12.4847,-34.7032,13350.0,0.3745,8.0,8.49,12.5,5.87,5.87,5.87,5.6911,-0.1304,-12.3076,4.6782,-10.625,-15.7833,-42.8,21.8058,21.8058
20250106,8291,尚茂,TPEx,7.7,7.77,7.61,7.77,47000.0,362020.0,TPEX_OTC_QUOTES_NO1430_JSON,data/daily_price/daily_price_20250106.csv,7.058,6.7775,7.152,8.127,6.9088,8.6713,20.6522,3.3245,-5.3593,-29.0411,15500.0,3.0323,7.77,8.49,12.5,5.87,5.87,5.87,14.644,8.6409,-4.3928,12.466,0.0,-8.4806,-37.84,32.368,32.368
20250107,8291,尚茂,TPEx,8.0,8.0,8.0,8.0,151000.0,1208000.0,TPEX_OTC_QUOTES_NO1430_JSON,data/daily_price/daily_price_20250107.csv,7.358,6.8225,7.1462,8.1103,6.9997,2.9601,23.0769,12.6761,-4.1916,-20.0,23000.0,6.5652,8.0,8.49,12.5,5.87,5.87,5.87,17.2591,11.9481,-1.3604,14.2908,0.0,-5.7715,-36.0,36.2862,36.2862
20250108,8291,尚茂,TPEx,8.0,8.0,7.97,7.97,14000.0,111790.0,TPEX_OTC_QUOTES_NO1430_JSON,data/daily_price/daily_price_20250108.csv,7.598,6.8785,7.1403,8.0965,7.0805,-0.375,17.7253,16.3504,-4.2067,-17.2378,23650.0,0.592,8.0,8.49,12.5,5.87,5.87,5.87,15.8683,11.6194,-1.5624,12.5619,-0.375,-6.1249,-36.24,35.7751,35.7751
20250109,8291,尚茂,TPEx,7.26,8.23,7.26,7.32,12000.0,90310.0,TPEX_OTC_QUOTES_NO1430_JSON,data/daily_price/daily_price_20250109.csv,7.642,6.929,7.1223,8.0848,7.1005,-8.1556,3.0986,16.0063,-12.8571,-16.055,24150.0,0.4969,8.23,8.49,12.5,5.87,5.87,5.87,5.6429,2.7753,-9.4601,3.0913,-11.0571,-13.7809,-41.44,24.7019,24.7019
20250110,8291,尚茂,TPEx,7.11,7.72,7.11,7.72,5000.0,37850.0,TPEX_OTC_QUOTES_NO1430_JSON,data/daily_price/daily_price_20250110.csv,7.756,6.968,7.112,8.0774,7.1521,5.4645,7.972,11.2392,-7.4341,-10.3368,24000.0,0.2083,8.23,8.49,12.5,5.87,5.87,5.87,10.7922,8.5489,-4.4249,7.9399,-6.1968,-9.0695,-38.24,31.5162,31.5162
20250113,8291,尚茂,TPEx,7.08,7.09,7.08,7.09,5000.0,35430.0,TPEX_OTC_QUOTES_NO1430_JSON,data/daily_price/daily_price_20250113.csv,7.62,6.9425,7.1042,8.0576,7.147,-8.1606,-8.7516,-6.7105,-6.2169,-25.132,23250.0,0.2151,8.23,8.49,12.5,5.87,5.87,5.87,2.1246,-0.1994,-12.0084,-0.7969,-13.8518,-16.49,-43.28,20.7836,20.7836
20250114,8291,尚茂,TPEx,6.78,7.0,6.78,7.0,7000.0,48560.0,TPEX_OTC_QUOTES_NO1430_JSON,data/daily_price/daily_price_20250114.csv,7.42,6.9505,7.1002,8.0292,7.1347,-1.2694,-12.5,2.3392,-3.3149,-32.6923,22050.0,0.3175,8.23,8.49,12.5,5.87,5.87,5.87,0.7122,-1.4108,-12.8188,-1.888,-14.9453,-17.5501,-44.0,19.2504,19.2504
20250115,8291,尚茂,TPEx,6.59,6.6,6.59,6.6,2000.0,13190.0,TPEX_OTC_QUOTES_NO1430_JSON,data/daily_price/daily_price_20250115.csv,7.146,6.9275,7.0823,7.9892,7.0901,-5.7143,-17.1895,-6.5156,-13.9505,-42.1053,21750.0,0.092,8.23,8.49,12.5,5.87,5.87,5.87,-4.7275,-6.8104,-17.389,-6.9131,-19.8056,-22.2615,-47.2,12.4361,12.4361
20250116,8291,尚茂,TPEx,6.6,6.6,6.6,6.6,6000.0,39600.0,TPEX_OTC_QUOTES_NO1430_JSON,data/daily_price/daily_price_20250116.csv,7.002,6.9275,7.059,7.9434,7.0493,0.0,-9.8361,0.0,-17.5,-45.4545,20600.0,0.2913,8.23,8.49,12.05,5.87,5.87,5.87,-4.7275,-6.5023,-16.9123,-6.3737,-19.8056,-22.2615,-45.2282,12.4361,12.4361
20250117,8291,尚茂,TPEx,6.22,6.23,6.22,6.23,3000.0,18680.0,TPEX_OTC_QUOTES_NO1430_JSON,data/daily_price/daily_price_20250117.csv,6.704,6.9005,7.0293,7.8995,6.981,-5.6061,-19.3005,-7.9764,-22.2222,-45.8261,19950.0,0.1504,8.23,8.49,11.15,5.87,5.87,5.87,-9.7167,-11.3714,-21.1342,-10.7581,-24.3013,-26.6196,-44.1256,6.1329,6.1329
20250120,8291,尚茂,TPEx,6.23,6.23,6.23,6.23,1000.0,6230.0,TPEX_OTC_QUOTES_NO1430_JSON,data/daily_price/daily_price_20250120.csv,6.532,6.895,6.9998,7.8598,6.9184,0.0,-12.1298,-1.735,-22.125,-43.3636,18400.0,0.0543,8.23,8.23,11.15,5.87,5.87,5.87,-9.6447,-10.9979,-20.7354,-9.9508,-24.3013,-24.3013,-44.1256,6.1329,6.1329
20250121,8291,尚茂,TPEx,6.78,6.85,6.78,6.85,12000.0,82060.0,TPEX_OTC_QUOTES_NO1430_JSON,data/daily_price/daily_price_20250121.csv,6.502,6.942,6.9807,7.8281,6.9127,9.9518,-2.1429,15.9052,-14.375,-35.6808,18450.0,0.6504,8.23,8.23,11.15,6.11,5.87,5.87,-1.3253,-1.8718,-12.4945,-0.9076,-16.7679,-16.7679,-38.565,16.6951,16.6951
20250122,8291,尚茂,TPEx,7.0,7.52,7.0,7.52,22000.0,163980.0,TPEX_OTC_QUOTES_NO1430_JSON,data/daily_price/daily_price_20250122.csv,6.686,6.993,6.9792,7.7991,6.9633,9.781,13.9394,15.6923,-1.1827,-31.6364,17650.0,1.2465,8.23,8.23,11.15,6.11,5.87,5.87,7.5361,7.7493,-3.5784,7.9941,-8.627,-8.627,-32.5561,28.109,28.109
20250203,8291,尚茂,TPEx,8.08,8.18,8.0,8.0,15000.0,121960.0,TPEX_OTC_QUOTES_NO1430_JSON,data/daily_price/daily_price_20250203.csv,6.966,7.07,6.9858,7.7737,7.0497,6.383,21.2121,23.839,5.2632,-27.6018,18000.0,0.8333,8.23,8.23,11.0,6.11,5.87,5.87,13.1542,14.5175,2.9115,13.4795,-2.7947,-2.7947,-27.2727,36.2862,36.2862
20250204,8291,尚茂,TPEx,8.0,8.0,7.35,7.35,3000.0,23350.0,TPEX_OTC_QUOTES_NO1430_JSON,data/daily_price/daily_price_20250204.csv,7.19,7.1105,6.9907,7.7458,7.0748,-8.125,17.9775,12.3853,4.1076,-31.3084,17550.0,0.1709,8.23,8.23,11.0,6.18,5.87,5.87,3.3683,5.1402,-5.1093,3.8906,-10.6926,-10.6926,-33.1818,25.2129,25.2129
20250205,8291,尚茂,TPEx,7.02,7.02,6.84,7.02,8000.0,55980.0,TPEX_OTC_QUOTES_NO1430_JSON,data/daily_price/daily_price_20250205.csv,7.348,7.1395,6.9912,7.7188,7.0702,-4.4898,12.6806,9.0062,0.4292,-31.5122,17450.0,0.4585,8.23,8.23,11.0,6.18,5.87,5.87,-1.6738,0.4124,-9.0536,-0.7099,-14.7023,-14.7023,-36.1818,19.5911,19.5911
20250206,8291,尚茂,TPEx,6.53,6.78,6.53,6.78,9000.0,60770.0,TPEX_OTC_QUOTES_NO1430_JSON,data/daily_price/daily_price_20250206.csv,7.334,7.1535,6.9955,7.6895,7.046,-3.4188,-1.0219,4.3077,3.9877,-34.1748,16750.0,0.5373,8.23,8.23,11.0,6.22,5.87,5.87,-5.2212,-3.0806,-11.8278,-3.7753,-17.6185,-17.6185,-38.3636,15.5026,15.5026
20250207,8291,尚茂,TPEx,6.78,7.18,6.78,7.18,6000.0,42670.0,TPEX_OTC_QUOTES_NO1430_JSON,data/daily_price/daily_price_20250207.csv,7.266,7.174,6.9957,7.6606,7.0572,5.8997,-4.5213,6.0561,0.1395,-32.5822,16850.0,0.3561,8.23,8.23,11.0,6.22,5.87,5.87,0.0836,2.635,-6.2735,1.7404,-12.7582,-12.7582,-34.7273,22.3169,22.3169
20250210,8291,尚茂,TPEx,7.18,7.5,7.18,7.5,6000.0,43780.0,TPEX_OTC_QUOTES_NO1430_JSON,data/daily_price/daily_price_20250210.csv,7.166,7.194,6.998,7.6372,7.0941,4.4568,-6.25,5.6338,1.9022,-27.1845,16950.0,0.354,8.23,8.23,11.0,6.22,5.87,5.87,4.2535,7.1735,-1.7971,5.722,-8.87,-8.87,-31.8182,27.7683,27.7683
20250211,8291,尚茂,TPEx,7.5,7.7,7.5,7.5,6000.0,45400.0,TPEX_OTC_QUOTES_NO1430_JSON,data/daily_price/daily_price_20250211.csv,7.196,7.2115,7.0025,7.6131,7.1279,0.0,2.0408,4.8951,3.7344,-27.8846,17000.0,0.3529,8.23,8.23,11.0,6.22,5.87,5.87,4.0006,7.1046,-1.4854,5.2203,-8.87,-8.87,-31.8182,27.7683,27.7683
20250212,8291,尚茂,TPEx,8.02,8.02,7.01,7.01,4000.0,29050.0,TPEX_OTC_QUOTES_NO1430_JSON,data/daily_price/daily_price_20250212.csv,7.194,7.1735,7.0033,7.5917,7.1181,-6.5333,-0.1425,-9.7812,0.7184,-26.8267,14850.0,0.2694,8.23,8.23,11.0,6.22,5.87,5.87,-2.2792,0.0952,-7.6619,-1.5184,-14.8238,-14.8238,-36.2727,19.4208,19.4208
20250213,8291,尚茂,TPEx,7.01,7.01,6.77,6.77,7000.0,48820.0,TPEX_OTC_QUOTES_NO1430_JSON,data/daily_price/daily_price_20250213.csv,7.192,7.112,7.0045,7.5648,7.0891,-3.4237,-0.1475,-15.375,1.0448,-32.3,7650.0,0.915,8.23,8.23,11.0,6.22,5.87,5.87,-4.8088,-3.3478,-10.506,-4.5009,-17.74,-17.74,-38.4545,15.3322,15.3322
20250214,8291,尚茂,TPEx,6.39,6.39,6.39,6.39,1000.0,6390.0,TPEX_OTC_QUOTES_NO1430_JSON,data/daily_price/daily_price_20250214.csv,7.034,7.033,6.9995,7.5313,7.0308,-5.613,-11.0028,-19.8243,-4.4843,-38.5577,7000.0,0.1429,8.23,8.23,10.5,6.22,5.87,5.87,-9.1426,-8.7078,-15.1545,-9.1144,-22.3572,-22.3572,-39.1429,8.8586,8.8586
20250217,8291,尚茂,TPEx,7.02,7.02,7.02,7.02,8000.0,56160.0,TPEX_OTC_QUOTES_NO1430_JSON,data/daily_price/daily_price_20250217.csv,6.938,7.018,7.0057,7.5118,7.0299,9.8592,-6.4,-4.0984,5.5639,-25.0,6800.0,1.1765,8.18,8.23,10.5,6.22,5.87,5.87,0.0285,0.2046,-6.5474,-0.141,-14.1809,-14.7023,-33.1429,19.5911,19.5911
20250218,8291,尚茂,TPEx,7.72,7.72,7.65,7.72,65000.0,501520.0,TPEX_OTC_QUOTES_NO1430_JSON,data/daily_price/daily_price_20250218.csv,6.982,7.018,7.0228,7.5059,7.0874,9.9715,2.9333,0.0,15.3961,-8.4223,9800.0,6.6327,8.18,8.23,10.5,6.22,5.87,5.87,10.0028,9.9271,2.8522,8.9254,-5.6235,-6.1968,-26.4762,31.5162,31.5162
20250219,8291,尚茂,TPEx,7.07,7.13,7.07,7.12,6000.0,42650.0,TPEX_OTC_QUOTES_NO1430_JSON,data/daily_price/daily_price_20250219.csv,7.004,7.0195,7.03,7.502,7.0901,-7.772,1.5692,0.4231,6.4275,-6.1924,9850.0,0.6091,8.18,8.23,10.5,6.22,5.87,5.87,1.4317,1.2802,-5.092,0.4212,-12.9584,-13.4872,-32.1905,21.2947,21.2947
20250220,8291,尚茂,TPEx,7.3,7.59,7.3,7.59,5000.0,37370.0,TPEX_OTC_QUOTES_NO1430_JSON,data/daily_price/daily_price_20250220.csv,7.168,7.049,7.0382,7.5073,7.1318,6.6011,12.1123,8.4286,6.9014,9.2086,9750.0,0.5128,8.18,8.23,10.5,6.22,5.87,5.87,7.6748,7.8406,1.1011,6.4249,-7.2127,-7.7764,-27.7143,29.3015,29.3015
20250221,8291,尚茂,TPEx,7.6,8.0,7.6,8.0,12000.0,95160.0,TPEX_OTC_QUOTES_NO1430_JSON,data/daily_price/daily_price_20250221.csv,7.49,7.119,7.061,7.5103,7.2041,5.4018,25.1956,21.2121,20.6637,4.712,10250.0,1.1707,8.18,8.23,10.5,6.22,5.87,5.87,12.3753,13.2984,6.5199,11.0472,-2.2005,-2.7947,-23.8095,36.2862,36.2862
20250224,8291,尚茂,TPEx,7.24,7.5,7.24,7.5,4000.0,29740.0,TPEX_OTC_QUOTES_NO1430_JSON,data/daily_price/daily_price_20250224.csv,7.586,7.164,7.0755,7.5028,7.2288,-6.25,6.8376,13.6364,13.1222,-10.7143,10150.0,0.3941,8.18,8.23,10.5,6.22,5.87,5.87,4.6901,5.9996,-0.0378,3.7517,-8.313,-8.87,-28.5714,27.7683,27.7683
20250226,8291,尚茂,TPEx,6.61,7.02,6.61,7.02,3000.0,20580.0,TPEX_OTC_QUOTES_NO1430_JSON,data/daily_price/daily_price_20250226.csv,7.446,7.2035,7.0825,7.485,7.2114,-6.4,-9.0674,12.6806,6.3636,-23.3624,10150.0,0.2956,8.18,8.23,10.5,6.23,5.87,5.87,-2.5474,-0.8825,-6.2124,-2.6541,-14.1809,-14.7023,-33.1429,19.5911,19.5911
20250227,8291,尚茂,TPEx,7.02,7.02,7.02,7.02,3000.0,21060.0,TPEX_OTC_QUOTES_NO1430_JSON,data/daily_price/daily_price_20250227.csv,7.426,7.243,7.0895,7.461,7.1954,0.0,-1.4045,12.6806,6.3636,-29.0909,10250.0,0.2927,8.18,8.23,10.5,6.39,5.87,5.87,-3.0788,-0.9803,-5.9107,-2.4383,-14.1809,-14.7023,-33.1429,19.5911,19.5911
20250303,8291,尚茂,TPEx,7.72,7.72,7.02,7.25,23000.0,171100.0,TPEX_OTC_QUOTES_NO1430_JSON,data/daily_price/daily_price_20250303.csv,7.358,7.263,7.107,7.4385,7.2,3.2764,-4.4796,5.8394,16.9355,-27.1357,10800.0,2.1296,8.18,8.23,9.2,6.39,5.87,5.87,-0.179,2.0121,-2.5341,0.6945,-11.3692,-11.9077,-21.1957,23.5094,23.5094
20250304,8291,尚茂,TPEx,7.81,7.81,7.6,7.6,8000.0,61520.0,TPEX_OTC_QUOTES_NO1430_JSON,data/daily_price/daily_price_20250304.csv,7.278,7.267,7.12,7.4272,7.2333,4.8276,-5.0,1.0638,11.437,-15.1786,10100.0,0.7921,8.18,8.23,9.2,6.39,5.87,5.87,4.5824,6.7416,2.327,5.0692,-7.0905,-7.6549,-17.3913,29.4719,29.4719
20250305,8291,尚茂,TPEx,8.2,8.2,7.99,8.03,22000.0,177380.0,TPEX_OTC_QUOTES_NO1430_JSON,data/daily_price/daily_price_20250305.csv,7.384,7.2685,7.1347,7.4199,7.2997,5.6579,7.0667,0.375,12.3077,-9.7753,10450.0,2.1053,8.2,8.23,9.2,6.39,5.87,5.87,10.4767,12.5491,8.2222,10.0043,-2.0732,-2.4301,-12.7174,36.7973,36.7973
20250306,8291,尚茂,TPEx,8.06,8.06,7.99,7.99,9000.0,72300.0,TPEX_OTC_QUOTES_NO1430_JSON,data/daily_price/daily_price_20250306.csv,7.578,7.3005,7.137,7.4194,7.3572,-0.4981,13.8177,8.7075,1.7834,-0.7453,10750.0,0.8372,8.2,8.23,9.2,6.39,5.87,5.87,9.4446,11.9518,7.6904,8.6005,-2.561,-2.9162,-13.1522,36.1158,36.1158
20250307,8291,尚茂,TPEx,7.99,7.99,7.61,7.61,3000.0,23590.0,TPEX_OTC_QUOTES_NO1430_JSON,data/daily_price/daily_price_20250307.csv,7.696,7.33,7.133,7.4142,7.3783,-4.7559,8.4046,8.4046,-3.0573,-7.5334,10500.0,0.2857,8.2,8.23,9.2,6.39,5.87,5.87,3.8199,6.6872,2.6402,3.1402,-7.1951,-7.5334,-17.2826,29.6422,29.6422
20250310,8291,尚茂,TPEx,6.95,7.21,6.95,7.21,3000.0,21170.0,TPEX_OTC_QUOTES_NO1430_JSON,data/daily_price/daily_price_20250310.csv,7.688,7.3515,7.1315,7.3993,7.3643,-5.2562,-0.5517,6.3422,-1.2329,-19.8889,10200.0,0.2941,8.2,8.23,9.2,6.39,5.87,5.87,-1.9248,1.1008,-2.5588,-2.095,-12.0732,-12.3937,-21.6304,22.8279,22.8279
20250311,8291,尚茂,TPEx,7.2,7.2,6.95,6.95,3000.0,21350.0,TPEX_OTC_QUOTES_NO1430_JSON,data/daily_price/daily_price_20250311.csv,7.558,7.34,7.1203,7.3825,7.3298,-3.6061,-8.5526,-3.2033,-8.7927,-22.5195,10050.0,0.2985,8.2,8.23,9.16,6.39,5.87,5.87,-5.3134,-2.3922,-5.8584,-5.181,-15.2439,-15.5529,-24.1266,18.3986,18.3986
20250312,8291,尚茂,TPEx,7.64,7.64,7.33,7.33,86000.0,656730.0,TPEX_OTC_QUOTES_NO1430_JSON,data/daily_price/daily_price_20250312.csv,7.418,7.3315,7.1093,7.3687,7.3298,5.4676,-8.7173,-2.2667,-8.2603,-18.465,14050.0,6.121,8.2,8.23,9.16,6.39,5.87,5.87,-0.0205,3.1039,-0.5247,0.0031,-10.6098,-10.9356,-19.9782,24.8722,24.8722
20250313,8291,尚茂,TPEx,7.48,7.48,7.05,7.45,7000.0,51900.0,TPEX_OTC_QUOTES_NO1430_JSON,data/daily_price/daily_price_20250313.csv,7.31,7.329,7.1018,7.3558,7.3398,1.6371,-6.7584,-0.6667,-5.6962,-17.1301,14100.0,0.4965,8.2,8.23,9.16,6.39,5.87,5.87,1.651,4.9025,1.2802,1.5015,-9.1463,-9.4775,-18.6681,26.9165,26.9165
20250314,8291,尚茂,TPEx,7.0,7.0,6.86,6.86,43000.0,300000.0,TPEX_OTC_QUOTES_NO1430_JSON,data/daily_price/daily_price_20250314.csv,7.16,7.3215,7.0908,7.3438,7.2998,-7.9195,-9.8555,-2.1398,-8.7766,-17.3494,16050.0,2.6791,8.2,8.23,9.16,6.39,5.87,5.87,-6.3034,-3.2554,-6.5883,-6.025,-16.3415,-16.6464,-25.1092,16.8654,16.8654
20250317,8291,尚茂,TPEx,6.86,6.86,6.62,6.85,8000.0,54580.0,TPEX_OTC_QUOTES_NO1430_JSON,data/daily_price/daily_price_20250317.csv,7.088,7.3255,7.0867,7.326,7.2623,-0.1458,-4.9931,1.1817,-3.5211,-23.8042,16100.0,0.4969,8.2,8.23,9.16,6.39,5.87,5.87,-6.491,-3.3396,-6.4974,-5.6776,-16.4634,-16.7679,-25.2183,16.6951,16.6951
20250318,8291,尚茂,TPEx,6.38,6.7,6.38,6.7,25000.0,167180.0,TPEX_OTC_QUOTES_NO1430_JSON,data/daily_price/daily_price_20250318.csv,7.038,7.341,7.0842,7.311,7.2155,-2.1898,-3.5971,4.8513,-2.1898,-21.1765,17300.0,1.4451,8.2,8.23,8.81,6.38,5.87,5.87,-8.7318,-5.4229,-8.3573,-7.1439,-18.2927,-18.5905,-23.9501,14.1397,14.1397
20250319,8291,尚茂,TPEx,7.37,7.37,7.27,7.27,9000.0,66230.0,TPEX_OTC_QUOTES_NO1430_JSON,data/daily_price/daily_price_20250319.csv,7.026,7.3535,7.1002,7.3048,7.22,8.5075,-0.8186,3.5613,15.2139,-9.3516,17350.0,0.5187,8.2,8.23,8.81,6.38,5.87,5.87,-1.1355,2.392,-0.4757,0.6924,-11.3415,-11.6646,-17.4801,23.8501,23.8501
20250320,8291,尚茂,TPEx,7.26,7.26,6.55,6.55,54000.0,356060.0,TPEX_OTC_QUOTES_NO1430_JSON,data/daily_price/daily_price_20250320.csv,6.846,7.295,7.0937,7.2925,7.1642,-9.9037,-12.0805,-15.1554,-5.6196,-18.3292,16800.0,3.2143,8.2,8.23,8.81,6.38,5.87,5.87,-10.2125,-7.6641,-10.1817,-8.5729,-20.122,-20.4131,-25.6527,11.5843,11.5843
20250321,8291,尚茂,TPEx,6.55,6.55,6.2,6.23,15000.0,95760.0,TPEX_OTC_QUOTES_NO1430_JSON,data/daily_price/daily_price_20250321.csv,6.72,7.2505,7.0708,7.2789,7.0863,-4.8855,-9.1837,-12.5,-18.0263,-20.7379,17250.0,0.8696,8.2,8.23,8.72,6.2,5.87,5.87,-14.0749,-11.8916,-14.4103,-12.0842,-24.0244,-24.3013,-28.555,6.1329,6.1329
20250324,8291,尚茂,TPEx,5.86,6.55,5.86,5.91,64000.0,396320.0,TPEX_OTC_QUOTES_NO1430_JSON,data/daily_price/daily_price_20250324.csv,6.532,7.1665,7.0553,7.2632,6.9883,-5.1364,-13.7226,-22.1344,-13.5965,-24.1335,20200.0,3.1683,8.2,8.23,8.72,5.86,5.86,5.86,-17.533,-16.2336,-18.6315,-15.4301,-27.9268,-28.1896,-32.2248,0.8532,0.8532
20250325,8291,尚茂,TPEx,5.8,5.9,5.8,5.9,28000.0,163630.0,TPEX_OTC_QUOTES_NO1430_JSON,data/daily_price/daily_price_20250325.csv,6.372,7.0615,7.036,7.2453,6.8976,-0.1692,-11.9403,-26.25,-16.4306,-26.7081,21000.0,1.3333,8.2,8.23,8.72,5.8,5.8,5.8,-16.4483,-16.1455,-18.5683,-14.4631,-28.0488,-28.3111,-32.3394,1.7241,1.7241
20250326,8291,尚茂,TPEx,5.81,6.27,5.81,6.19,16000.0,96880.0,TPEX_OTC_QUOTES_NO1430_JSON,data/daily_price/daily_price_20250326.csv,6.156,6.996,7.0292,7.231,6.8386,4.9153,-14.8556,-17.4667,-6.2121,-21.7446,21600.0,0.7407,8.2,8.23,8.72,5.8,5.8,5.8,-11.5209,-11.9384,-14.3963,-9.485,-24.5122,-24.7874,-29.0138,6.7241,6.7241
20250327,8291,尚茂,TPEx,5.86,6.18,5.86,6.18,6000.0,36760.0,TPEX_OTC_QUOTES_NO1430_JSON,data/daily_price/daily_price_20250327.csv,6.082,6.954,7.0193,7.2167,6.7838,-0.1616,-5.6489,-11.9658,-8.7149,-21.7722,21750.0,0.2759,8.2,8.23,8.72,5.8,5.8,5.8,-11.1303,-11.9575,-14.3649,-8.9,-24.6341,-24.9089,-29.1284,6.5517,6.5517
20250328,8291,尚茂,TPEx,5.87,5.87,5.87,5.87,12000.0,70440.0,TPEX_OTC_QUOTES_NO1430_JSON,data/daily_price/daily_price_20250328.csv,6.01,6.8965,7.0115,7.1997,6.7076,-5.0162,-5.7785,-16.3818,-7.4132,-25.6962,22200.0,0.5405,8.2,8.23,8.72,5.8,5.8,5.8,-14.8844,-16.2804,-18.4694,-12.4874,-28.4146,-28.6756,-32.6835,1.2069,1.2069
20250331,8291,尚茂,TPEx,5.48,5.49,5.48,5.49,3000.0,16460.0,TPEX_OTC_QUOTES_NO1430_JSON,data/daily_price/daily_price_20250331.csv,5.926,6.8085,7.0045,7.1788,6.6061,-6.4736,-7.1066,-24.2759,-7.1066,-31.375,21200.0,0.1415,8.2,8.23,8.72,5.48,5.48,5.48,-19.3655,-21.6218,-23.5252,-16.8955,-33.0488,-33.2928,-37.0413,0.1825,0.1825
20250401,8291,尚茂,TPEx,5.31,6.01,5.31,6.0,8000.0,46640.0,TPEX_OTC_QUOTES_NO1430_JSON,data/daily_price/daily_price_20250401.csv,5.946,6.7285,6.9962,7.1591,6.5556,9.2896,1.6949,-21.0526,-7.6923,-28.3154,21200.0,0.3774,8.2,8.23,8.72,5.31,5.31,5.31,-10.8271,-14.2387,-16.1904,-8.4756,-26.8293,-27.096,-31.1927,12.9944,12.9944
20250402,8291,尚茂,TPEx,5.53,6.5,5.53,6.5,12000.0,75130.0,TPEX_OTC_QUOTES_NO1430_JSON,data/daily_price/daily_price_20250402.csv,6.008,6.652,6.9968,7.1474,6.551,8.3333,5.0081,-19.0535,0.6192,-17.7215,20700.0,0.5797,8.06,8.23,8.72,5.31,5.31,5.31,-2.285,-7.1008,-9.0581,-0.7784,-19.3548,-21.0207,-25.4587,22.4105,22.4105
20250407,8291,尚茂,otc,133.0,133.0,120.0,120.0,883029.0,110058480.0,,data/daily_price/20250407.csv,28.772,12.2525,8.8878,8.0816,16.0051,1746.1538,1841.7476,1401.8773,1734.8624,1418.9873,64401.45,13.7113,133.0,133.0,133.0,5.31,5.31,5.31,879.392,1250.1603,1384.8575,649.7621,-9.7744,-9.7744,-9.7744,2159.887,2159.887
20260225,8291,尚茂,TPEX,18.8,18.8,15.5,15.6,11000.0,,,data/daily_price/20260225.csv,30.718,12.652,9.0405,8.1449,15.9713,-87.0,165.7581,104.9934,142.236,95.0,64801.45,0.1697,133.0,133.0,133.0,5.31,5.31,5.31,23.3007,72.5568,91.5305,-2.3249,-88.2707,-88.2707,-88.2707,193.7853,193.7853
20260226,8291,尚茂,TPEX,15.15,15.15,14.15,14.6,20000.0,,,data/daily_price/20260226.csv,32.54,13.0215,9.1755,8.2005,15.857,-6.4103,165.9381,102.4965,124.6154,84.111,65651.45,0.3046,133.0,133.0,133.0,5.31,5.31,5.31,12.1223,59.1194,78.0379,-7.9274,-89.0226,-89.0226,-89.0226,174.9529,174.9529
20260302,8291,尚茂,TPEX,15.45,15.45,15.0,15.0,7000.0,,,data/daily_price/20260302.csv,34.34,13.424,9.3127,8.2528,15.7856,2.7397,150.0,115.8273,121.5657,72.0183,65851.45,0.1063,133.0,133.0,133.0,5.31,5.31,5.31,11.7402,61.0709,81.7558,-4.9768,-88.7218,-88.7218,-88.7218,182.4859,182.4859
20260303,8291,尚茂,TPEX,15.0,15.0,15.0,15.0,16000.0,,,data/daily_price/20260303.csv,36.04,13.8075,9.4443,8.3103,15.7202,0.0,130.7692,104.6385,111.2676,85.1852,62351.45,0.2566,133.0,133.0,133.0,5.31,5.31,5.31,8.6366,58.8254,80.4982,-4.5811,-88.7218,-88.7218,-88.7218,182.4859,182.4859
20260304,8291,尚茂,TPEX,15.0,15.0,15.0,15.0,1000.0,,,data/daily_price/20260304.csv,15.04,14.185,9.5752,8.3672,15.6601,0.0,-87.5,101.3423,109.7902,83.5985,62051.45,0.0161,133.0,133.0,133.0,5.31,5.31,5.31,5.7455,56.6552,79.2704,-4.2154,-88.7218,-88.7218,-88.7218,182.4859,182.4859
20260305,8291,尚茂,TPEX,15.0,15.0,15.0,15.0,6000.0,,,data/daily_price/20260305.csv,14.92,14.592,9.6957,8.4238,15.6051,0.0,-3.8462,118.6589,93.0502,82.704,60201.45,0.0997,133.0,133.0,133.0,5.31,5.31,5.31,2.7961,54.7083,78.0662,-3.8778,-88.7218,-88.7218,-88.7218,182.4859,182.4859
20260306,8291,尚茂,TPEX,14.5,14.5,14.5,14.5,1000.0,,,data/daily_price/20260306.csv,14.9,14.9745,9.804,8.4751,15.513,-3.3333,-0.6849,111.6788,81.25,73.6527,59851.45,0.0167,133.0,133.0,133.0,5.31,5.31,5.31,-3.1687,47.8988,71.0898,-6.5302,-89.0977,-89.0977,-89.0977,173.0697,173.0697
20260309,8291,尚茂,TPEX,14.5,14.5,14.5,14.5,1000.0,,,data/daily_price/20260309.csv,14.8,15.3645,9.9128,8.5266,15.4286,0.0,-3.3333,116.4179,81.9322,74.2788,58651.45,0.017,133.0,133.0,133.0,5.31,5.31,5.31,-5.6266,46.275,70.0564,-6.0188,-89.0977,-89.0977,-89.0977,173.0697,173.0697
20260310,8291,尚茂,TPEX,14.5,14.5,14.5,14.5,2000.0,,,data/daily_price/20260310.csv,14.7,15.726,10.0325,8.5774,15.3512,0.0,-3.3333,99.4498,98.0874,72.619,58301.45,0.0343,133.0,133.0,133.0,5.31,5.31,5.31,-7.796,44.5303,69.0486,-5.545,-89.0977,-89.0977,-89.0977,173.0697,173.0697
20260311,8291,尚茂,TPEX,14.5,14.5,13.35,13.35,6000.0,,,data/daily_price/20260311.csv,14.37,16.066,10.1263,8.6192,15.1845,-7.931,-11.0,103.8168,72.9275,60.0719,55901.45,0.1073,133.0,133.0,133.0,5.31,5.31,5.31,-16.9053,31.8345,54.8874,-12.0812,-89.9624,-89.9624,-89.9624,151.4124,151.4124
20260312,8291,尚茂,TPEX,14.15,14.65,14.15,14.65,22000.0,,,data/daily_price/20260312.csv,14.3,16.487,10.2523,8.6782,15.1399,9.7378,-2.3333,135.1525,106.6291,93.7831,56251.45,0.3911,133.0,133.0,133.0,5.31,5.31,5.31,-11.1421,42.8943,68.8128,-3.236,-88.985,-88.985,-88.985,175.8945,175.8945
20260313,8291,尚茂,TPEX,14.65,15.0,13.6,13.7,15000.0,,,data/daily_price/20260313.csv,14.14,16.8765,10.364,8.7321,15.0199,-6.4846,-5.5172,131.8105,95.7143,89.2265,53801.45,0.2788,133.0,133.0,133.0,5.31,5.31,5.31,-18.822,32.1883,56.8927,-8.7879,-89.6992,-89.6992,-89.6992,158.0038,158.0038
20260316,8291,尚茂,TPEX,13.7,13.9,13.25,13.9,8000.0,,,data/daily_price/20260316.csv,14.02,17.2765,10.4857,8.784,14.9266,1.4599,-4.1379,135.5932,110.6061,81.2256,52801.45,0.1515,133.0,133.0,133.0,5.31,5.31,5.31,-19.5439,32.5619,58.2423,-6.8777,-89.5489,-89.5489,-89.5489,161.7702,161.7702
20260317,8291,尚茂,TPEX,13.35,14.15,13.35,13.95,11000.0,,,data/daily_price/20260317.csv,13.91,17.6645,10.6082,8.8336,14.8452,0.3597,-3.7931,125.3635,111.3636,74.375,52551.45,0.2093,133.0,133.0,133.0,5.31,5.31,5.31,-21.0281,31.5025,57.9201,-6.0304,-89.5113,-89.5113,-89.5113,162.7119,162.7119
20260319,8291,尚茂,TPEX,13.95,14.0,13.85,14.0,4000.0,,,data/daily_price/20260319.csv,14.04,18.0555,10.7377,8.8835,14.7748,0.3584,4.8689,126.5372,124.7191,74.7815,52451.45,0.0763,133.0,133.0,133.0,5.31,5.31,5.31,-22.4613,30.3821,57.5955,-5.244,-89.4737,-89.4737,-89.4737,163.6535,163.6535
20260320,8291,尚茂,TPEX,14.0,14.0,14.0,14.0,2000.0,,,data/daily_price/20260320.csv,13.91,18.462,10.8672,8.9335,14.7102,0.0,-4.4369,138.5009,124.7191,75.0,51951.45,0.0385,133.0,133.0,133.0,5.31,5.31,5.31,-24.1686,28.8284,56.7135,-4.8281,-89.4737,-89.4737,-89.4737,163.6535,163.6535
20260325,8291,尚茂,TPEX,14.4,15.15,14.4,15.15,7000.0,,,data/daily_price/20260325.csv,14.2,18.945,11.0055,8.9931,14.7469,8.2143,10.5839,175.9563,121.1679,89.375,52151.45,0.1342,133.0,133.0,133.0,5.31,5.31,5.31,-20.0317,37.6584,68.4628,2.7337,-88.609,-88.609,-88.609,185.3107,185.3107
20260331,8291,尚茂,TPEX,14.4,14.4,14.3,14.4,6000.0,,,data/daily_price/20260331.csv,14.3,19.365,11.1202,9.0497,14.718,-4.9505,3.5971,140.0,91.4894,89.2247,52051.45,0.1153,133.0,133.0,133.0,5.53,5.31,5.31,-25.639,29.4945,59.1219,-2.1604,-89.1729,-89.1729,-89.1729,171.1864,171.1864
20260402,8291,尚茂,TPEX,14.0,14.0,13.25,13.25,4000.0,,,data/daily_price/20260402.csv,14.16,19.7025,11.2077,9.0967,14.5956,-7.9861,-5.0179,103.8462,65.625,74.3421,51651.45,0.0774,133.0,133.0,133.0,13.25,5.31,5.31,-32.7497,18.2226,45.6564,-9.2194,-90.0376,-90.0376,-90.0376,149.5292,149.5292
20260408,8291,尚茂,TPEX,13.2,13.25,13.2,13.25,2000.0,,,data/daily_price/20260408.csv,14.01,14.365,11.306,9.1483,14.4835,0.0,-5.3571,-88.9583,80.2721,87.6771,7600.0,0.2632,18.8,133.0,133.0,13.2,5.31,5.31,-7.7619,17.1944,44.8351,-8.5166,-29.5213,-90.0376,-90.0376,149.5292,149.5292
20260414,8291,尚茂,TPEX,13.25,14.55,13.25,13.4,20000.0,,,data/daily_price/20260414.csv,13.89,14.255,11.4123,9.2018,14.3932,1.1321,-4.2857,-14.1026,90.8832,91.7024,8050.0,2.4845,15.45,133.0,133.0,13.2,5.31,5.31,-5.9979,17.4168,45.6245,-6.9005,-13.2686,-89.9248,-89.9248,152.354,152.354
20260416,8291,尚茂,TPEX,13.6,13.6,13.5,13.5,19000.0,,,data/daily_price/20260416.csv,13.56,14.2,11.5243,9.2599,14.3188,0.7463,-10.8911,-7.5342,99.115,107.0552,8000.0,2.375,15.45,133.0,133.0,13.2,5.31,5.31,-4.9296,17.1434,45.7896,-5.7182,-12.6214,-89.8496,-89.8496,154.2373,154.2373
20260420,8291,尚茂,TPEX,12.2,12.25,12.15,12.15,3000.0,,,data/daily_price/20260420.csv,13.11,14.0575,11.6072,9.3014,14.138,-10.0,-15.625,-19.0,69.2201,69.4561,7800.0,0.3846,15.15,133.0,133.0,12.15,5.31,5.31,-13.5693,4.6767,30.6253,-14.0616,-19.802,-90.8647,-90.8647,128.8136,128.8136
20260421,8291,尚茂,TPEX,12.75,12.8,12.5,12.5,6000.0,,,data/daily_price/20260421.csv,12.96,13.9325,11.6905,9.3442,14.0015,2.8807,-5.6604,-16.6667,66.6667,69.837,7300.0,0.8219,15.15,133.0,133.0,12.15,5.31,5.31,-10.2817,6.9244,33.7721,-10.7241,-17.4917,-90.6015,-90.6015,135.4049,135.4049
20260422,8291,尚茂,TPEX,13.0,13.75,13.0,13.75,33000.0,,,data/daily_price/20260422.csv,13.06,13.87,11.7947,9.3986,13.9806,10.0,3.7736,-8.3333,83.3333,90.1798,8900.0,3.7079,15.15,133.0,133.0,12.15,5.31,5.31,-0.8652,16.5781,46.2986,-1.6493,-9.2409,-89.6617,-89.6617,158.9454,158.9454
20260423,8291,尚茂,TPEX,13.75,13.75,13.75,13.75,3000.0,,,data/daily_price/20260423.csv,13.13,13.8075,11.907,9.4552,13.9614,0.0,2.6119,-8.3333,96.1484,97.5575,8750.0,0.3429,15.15,133.0,133.0,12.15,5.31,5.31,-0.4164,15.4783,45.4231,-1.5139,-9.2409,-89.6617,-89.6617,158.9454,158.9454
20260424,8291,尚茂,TPEX,13.75,15.1,13.75,15.1,18000.0,,,data/daily_price/20260424.csv,13.45,13.8375,12.0458,9.5252,14.0562,9.8182,11.8519,4.1379,123.0428,125.3731,9600.0,1.875,15.15,133.0,133.0,12.15,5.31,5.31,9.1238,25.3545,58.5274,7.4255,-0.33,-88.6466,-88.6466,184.3691,184.3691
20260427,8291,尚茂,TPEX,16.6,16.6,16.6,16.6,32000.0,,,data/daily_price/20260427.csv,14.34,13.9425,12.216,9.6078,14.2682,9.9338,36.6255,14.4828,159.7809,148.1315,11150.0,2.87,16.6,133.0,133.0,12.15,5.31,5.31,19.0604,35.8874,72.7772,16.3424,0.0,-87.5188,-87.5188,212.6177,212.6177
20260428,8291,尚茂,TPEX,18.25,18.25,18.25,18.25,26000.0,,,data/daily_price/20260428.csv,15.49,14.13,12.4032,9.7044,14.6,9.9398,46.0,25.8621,159.9715,174.4361,12350.0,2.1053,18.25,133.0,133.0,12.15,5.31,5.31,29.1578,47.1398,88.0587,24.9996,0.0,-86.2782,-86.2782,243.6911,243.6911
20260429,8291,尚茂,TPEX,20.05,20.05,20.05,20.05,3000.0,,,data/daily_price/20260429.csv,16.75,14.465,12.6087,9.8158,15.0542,9.863,45.8182,50.1873,159.715,199.701,12200.0,0.2459,20.05,133.0,133.0,12.15,5.31,5.31,38.6104,59.0176,104.2636,33.1854,0.0,-84.9248,-84.9248,277.5895,277.5895
20260430,8291,尚茂,TPEX,22.05,22.05,20.1,22.05,110000.0,,,data/daily_price/20260430.csv,18.41,14.835,12.8575,9.9438,15.6372,9.9751,60.3636,50.5119,209.691,229.5964,16600.0,6.6265,22.05,133.0,133.0,12.15,5.31,5.31,48.635,71.4952,121.7473,41.01,0.0,-83.4211,-83.4211,315.2542,315.2542
20260504,8291,尚茂,TPEX,24.25,24.25,24.25,24.25,118000.0,,,data/daily_price/20260504.csv,20.24,15.3625,13.1352,10.0867,16.3549,9.9773,60.596,77.0073,219.4993,241.5493,21750.0,5.4253,24.25,133.0,133.0,12.15,5.31,5.31,57.8519,84.6189,140.4164,48.2734,0.0,-81.7669,-81.7669,356.6855,356.6855
20260505,8291,尚茂,TPEX,26.65,26.65,26.65,26.65,163000.0,,,data/daily_price/20260505.csv,22.25,16.0,13.446,10.2535,17.2128,9.8969,60.5422,91.7266,233.125,301.9608,29500.0,5.5254,26.65,133.0,133.0,12.15,5.31,5.31,66.5625,98.2002,159.9112,54.8262,0.0,-79.9624,-79.9624,401.8832,401.8832
20260506,8291,尚茂,TPEX,29.3,29.3,27.0,29.3,154000.0,,,data/daily_price/20260506.csv,24.46,16.7675,13.8093,10.4424,18.2201,9.9437,60.5479,110.0358,290.6667,341.9306,36650.0,4.2019,29.3,133.0,133.0,12.15,5.31,5.31,74.7428,112.1753,180.5864,60.8113,0.0,-77.9699,-77.9699,451.7891,451.7891
20260507,8291,尚茂,TPEX,32.2,32.2,32.2,32.2,158000.0,,,data/daily_price/20260507.csv,26.89,17.6775,14.229,10.6558,19.3851,9.8976,60.5985,130.0,358.6895,387.8788,44350.0,3.5626,32.2,133.0,133.0,12.15,5.31,5.31,82.1525,126.2984,202.1843,66.107,0.0,-75.7895,-75.7895,506.403,506.403
20260508,8291,尚茂,TPEX,35.4,35.4,35.4,35.4,145000.0,,,data/daily_price/20260508.csv,29.56,18.7475,14.702,10.8958,20.7197,9.9379,60.5442,152.8571,404.2735,436.3636,51500.0,2.8155,35.4,133.0,133.0,12.15,5.31,5.31,88.8252,140.7836,224.8973,70.8521,0.0,-73.3835,-73.3835,566.6667,566.6667
20260511,8291,尚茂,TPEX,38.9,38.9,38.9,38.9,109000.0,,,data/daily_price/20260511.csv,32.49,19.935,15.2295,11.1682,22.2347,9.887,60.4124,156.7657,436.5517,527.4194,56600.0,1.9258,38.9,133.0,133.0,12.15,5.31,5.31,95.1342,155.4253,248.3088,74.9518,0.0,-70.7519,-70.7519,632.58,632.58
20260512,8291,尚茂,TPEX,42.75,42.75,42.75,42.75,61000.0,,,data/daily_price/20260512.csv,35.71,21.3525,15.8153,11.4677,23.9443,9.8972,60.4128,196.875,462.5,526.8328,59350.0,1.0278,42.75,133.0,133.0,12.15,5.31,5.31,100.2107,170.3073,272.7873,78.5393,0.0,-67.8571,-67.8571,705.0847,705.0847
20260513,8291,尚茂,TPEX,47.0,47.0,47.0,47.0,178000.0,,,data/daily_price/20260513.csv,39.25,23.04,16.4648,11.7997,25.8656,9.9415,60.4096,254.717,485.3051,557.3427,68050.0,2.6157,47.0,133.0,133.0,12.15,5.31,5.31,103.9931,185.4569,298.3135,81.7084,0.0,-64.6617,-64.6617,785.1224,785.1224
20260514,8291,尚茂,TPEX,51.7,51.7,51.7,51.7,112000.0,,,data/daily_price/20260514.csv,43.15,24.9625,17.1933,12.1652,28.0185,10.0,60.559,290.1887,547.0588,558.5987,73550.0,1.5228,51.7,133.0,133.0,12.15,5.31,5.31,107.1107,200.6979,324.9839,84.5211,0.0,-61.1278,-61.1278,873.6347,873.6347
20260515,8291,尚茂,TPEX,56.8,56.8,56.8,56.8,153000.0,,,data/daily_price/20260515.csv,47.43,27.1325,18.0132,12.5731,30.4169,9.8646,60.452,323.8806,646.3863,623.5669,80200.0,1.9077,56.8,133.0,133.0,12.15,5.31,5.31,109.343,215.3249,351.7587,86.738,0.0,-57.2932,-57.2932,969.6798,969.6798
20260518,8291,尚茂,TPEX,62.4,62.4,62.4,62.4,148000.0,,,data/daily_price/20260518.csv,52.13,29.5775,18.933,13.0322,33.0822,9.8592,60.4113,362.2222,765.4646,754.7945,86650.0,1.708,62.4,133.0,133.0,12.15,5.31,5.31,110.9712,229.5833,378.8122,88.6211,0.0,-53.0827,-53.0827,1075.1412,1075.1412
20260519,8291,尚茂,TPEX,68.6,68.6,68.6,68.6,162000.0,,,data/daily_price/20260519.csv,57.3,32.4,19.9605,13.5404,36.042,9.9359,60.4678,464.6091,887.0504,800.2625,94600.0,1.7125,68.6,133.0,133.0,12.5,5.31,5.31,111.7284,243.6788,406.6314,90.3334,0.0,-48.4211,-48.4211,1191.9021,1191.9021
20260520,8291,尚茂,TPEX,75.4,75.4,75.4,75.4,180000.0,,,data/daily_price/20260520.csv,62.98,35.545,21.095,14.1022,39.3218,9.9125,60.4255,503.2,928.6494,843.6796,103300.0,1.7425,75.4,133.0,133.0,13.0,5.31,5.31,112.1255,257.4307,434.6696,91.7509,0.0,-43.3083,-43.3083,1319.9623,1319.9623
20260521,8291,尚茂,TPEX,82.9,82.9,82.9,82.9,179000.0,,,data/daily_price/20260521.csv,69.22,39.0025,22.3525,14.7272,42.9534,9.9469,60.3482,502.9091,1012.7517,949.3671,110600.0,1.6184,82.9,133.0,133.0,13.75,5.31,5.31,112.5505,270.8757,462.9053,93.0,0.0,-37.6692,-37.6692,1461.2053,1461.2053
20260522,8291,尚茂,TPEx,91.1,91.1,91.1,91.1,91000.0,388232.0,TPEX_OLD_DAILY_JSON,data/daily_price/daily_price_20260522.csv,76.08,42.87,23.7565,15.4237,46.9656,9.8914,60.3873,562.5455,1227.9883,1111.4362,115000.0,0.7913,91.1,133.0,133.0,13.75,5.31,5.31,112.5029,283.474,490.6507,93.9718,0.0,-31.5038,-31.5038,1615.6309,1615.6309
20260525,8291,尚茂,TPEx,100.0,100.0,100.0,100.0,100000.0,179364.0,TPEX_OLD_DAILY_JSON,data/daily_price/daily_price_20260525.csv,83.6,47.115,25.309,16.1978,51.3851,9.7695,60.2564,562.2517,1359.854,1308.4507,119100.0,0.8396,100.0,133.0,133.0,16.6,5.31,5.31,112.2466,295.1164,517.3665,94.6089,0.0,-24.812,-24.812,1783.2392,1783.2392
20260526,8291,尚茂,TPEx,110.0,110.0,110.0,110.0,110000.0,90475.0,TPEX_OLD_DAILY_JSON,data/daily_price/daily_price_20260526.csv,91.88,51.785,27.0307,17.0574,56.2697,10.0,60.3499,562.6506,1541.791,1505.8394,123000.0,0.8943,110.0,133.0,133.0,18.25,5.31,5.31,112.4167,306.9452,544.8808,95.4871,0.0,-17.2932,-17.2932,1971.5631,1971.5631
20260527,8291,尚茂,TPEx,121.0,121.0,121.0,121.0,121000.0,84860.0,TPEX_OLD_DAILY_JSON,data/daily_price/daily_price_20260527.csv,101.0,56.9225,28.9262,18.0132,61.6639,10.0,60.4775,563.0137,1564.3741,1817.5911,127750.0,0.9472,121.0,133.0,133.0,20.05,5.31,5.31,112.5697,318.3064,571.7309,96.2251,0.0,-9.0226,-9.0226,2178.7194,2178.7194
20260528,8291,尚茂,TPEx,133.0,133.0,133.0,133.0,133000.0,67868.0,TPEX_OLD_DAILY_JSON,data/daily_price/daily_price_20260528.csv,111.02,62.57,31.0337,19.0637,67.6086,9.9174,60.4343,563.3416,1930.5344,1816.4265,134250.0,0.9907,133.0,133.0,133.0,20.1,5.31,5.31,112.5619,328.5668,597.6622,96.7207,0.0,0.0,0.0,2404.7081,2404.7081
20260529,8291,尚茂,TPEx,133.0,133.0,120.0,120.0,125000.0,883029.0,TPEX_OLD_DAILY_JSON,data/daily_price/daily_price_20260529.csv,116.8,67.4675,32.9298,20.0003,71.9745,-9.7744,31.7234,444.2177,1826.1637,1478.9474,135000.0,0.9259,133.0,133.0,133.0,24.25,5.31,5.31,77.8634,264.4112,499.99,66.7257,-9.7744,-9.7744,-9.7744,2159.887,2159.887
20260601,8291,尚茂,TPEx,108.0,108.0,108.0,108.0,108000.0,50840.0,TPEX_OLD_DAILY_JSON,data/daily_price/daily_price_20260601.csv,118.4,71.655,34.6313,20.8433,74.9766,-10.0,8.0,345.3608,1727.4112,1478.9474,134500.0,0.803,133.0,133.0,133.0,26.65,5.31,5.31,50.7222,211.8563,418.1513,44.0449,-18.797,-18.797,-18.797,1933.8983,1933.8983
20260602,8291,尚茂,TPEx,97.2,97.2,97.2,97.2,97.0,33849.0,TPEX_OLD_DAILY_CSV,data/daily_price/daily_price_20260602.csv,115.84,75.1825,36.153,21.5945,76.8286,-10.0,-11.6364,264.728,1547.4576,1276.7705,126354.85,0.0008,133.0,133.0,133.0,27.0,5.31,5.31,29.2854,168.8574,350.1146,26.5154,-26.9173,-26.9173,-26.9173,1730.5085,1730.5085
20260603,8291,尚茂,TPEx,87.5,87.5,87.5,87.5,88000.0,20276.0,TPEX_OLD_DAILY_JSON,data/daily_price/daily_price_20260603.csv,109.14,78.0925,37.5082,22.2687,77.7179,-9.9794,-27.686,198.6348,1313.5703,1225.7576,123054.85,0.7151,133.0,133.0,133.0,32.2,5.31,5.31,12.0466,133.2825,292.9288,12.5867,-34.2105,-34.2105,-34.2105,1547.8343,1547.8343
20260604,8291,尚茂,TPEx,78.8,78.8,78.8,78.8,79000.0,19703.0,TPEX_OLD_DAILY_JSON,data/daily_price/daily_price_20260604.csv,98.3,80.4225,38.7185,22.8689,77.808,-9.9429,-40.7519,144.7205,1175.0809,1063.9586,119104.85,0.6633,133.0,133.0,133.0,35.4,5.31,5.31,-2.0175,103.5203,244.5725,1.2749,-40.7519,-40.7519,-40.7519,1383.9925,1383.9925
20260605,8291,尚茂,TPEx,71.0,71.0,71.0,71.0,71000.0,16205.0,TPEX_OLD_DAILY_JSON,data/daily_price/daily_price_20260605.csv,88.5,82.2025,39.804,23.4078,77.2407,-9.8985,-40.8333,100.565,1109.54,1019.8738,115404.85,0.6152,133.0,133.0,133.0,38.9,5.31,5.31,-13.6279,78.374,203.3183,-8.0796,-46.6165,-46.6165,-46.6165,1237.0998,1237.0998
20260608,8291,尚茂,TPEx,63.9,63.9,63.9,63.9,20000.0,1278000.0,TPEX_OTC_QUOTES_NO1430_JSON,data/daily_price/daily_price_20260608.csv,79.68,83.4525,40.7775,23.891,76.129,-10.0,-40.8333,64.2674,1063.9344,981.2183,110954.85,0.1803,133.0,133.0,133.0,42.75,5.31,5.31,-23.4295,56.7041,167.4647,-16.0635,-51.9549,-51.9549,-51.9549,1103.3898,1103.3898
20260609,8291,尚茂,TPEx,57.6,57.6,57.6,57.6,12000.0,691200.0,TPEX_OTC_QUOTES_NO1430_JSON,data/daily_price/daily_price_20260609.csv,71.76,84.195,41.6375,24.3168,74.5849,-9.8592,-40.7407,34.7368,860.0,786.1538,108504.85,0.1106,133.0,133.0,133.0,47.0,5.53,5.31,-31.5874,38.3368,136.8729,-22.7726,-56.6917,-56.6917,-56.6917,941.5913,984.7458
20260610,8291,尚茂,TPEx,51.9,51.9,51.9,51.9,55000.0,2854500.0,TPEX_OTC_QUOTES_NO1430_JSON,data/daily_price/daily_price_20260610.csv,64.64,84.44,42.3942,24.6955,72.6945,-9.8958,-40.6857,10.4255,698.4615,703.4056,102354.85,0.5373,133.0,133.0,133.0,51.7,12.15,5.31,-38.5362,22.4225,110.1597,-28.6053,-60.9774,-60.9774,-60.9774,327.1605,877.4011
20260611,8291,尚茂,TPEx,46.75,46.75,46.75,46.75,26000.0,1215500.0,TPEX_OTC_QUOTES_NO1430_JSON,data/daily_price/daily_price_20260611.csv,58.23,84.1925,41.1733,25.0306,70.5325,-9.9229,-40.6726,-9.5745,-61.0417,614.8318,98054.85,0.2652,133.0,133.0,133.0,46.75,12.15,5.31,-44.4725,13.5444,86.7715,-33.7185,-64.8496,-64.8496,-64.8496,284.7737,780.4143
20260612,8291,尚茂,TPEx,42.15,46.5,42.15,42.55,891000.0,38204650.0,TPEX_OTC_QUOTES_NO1430_JSON,data/daily_price/daily_price_20260612.csv,52.54,83.48,41.6225,25.3315,68.2006,-8.984,-40.0704,-25.088,172.7564,560.7143,134954.85,6.6022,133.0,133.0,133.0,42.15,12.15,5.31,-49.0297,2.2284,67.9727,-37.6105,-68.0075,-68.0075,-68.0075,250.2058,701.3183
20260615,8291,尚茂,TPEx,38.3,41.75,38.3,39.2,337000.0,13031100.0,TPEX_OTC_QUOTES_NO1430_JSON,data/daily_price/daily_price_20260615.csv,47.6,82.32,42.0325,25.604,65.7839,-7.8731,-38.6541,-37.1795,168.4932,503.0769,144404.85,2.3337,133.0,133.0,133.0,38.3,12.15,5.31,-52.381,-6.7388,53.1011,-40.4109,-70.5263,-70.5263,-70.5263,222.6337,638.2298
20260616,8291,尚茂,TPEx,38.3,40.8,38.3,39.2,189000.0,7457900.0,TPEX_OTC_QUOTES_NO1430_JSON,data/daily_price/daily_price_20260616.csv,43.92,80.85,42.4358,25.8742,63.5685,0.0,-31.9444,-42.8571,161.3333,479.0251,145754.85,1.2967,133.0,133.0,133.0,38.3,12.15,5.31,-51.5152,-7.6252,51.502,-38.3343,-70.5263,-70.5263,-70.5263,222.6337,638.2298
20260617,8291,尚茂,TPEx,39.2,43.1,39.2,43.1,79000.0,3345650.0,TPEX_OTC_QUOTES_NO1430_JSON,data/daily_price/daily_price_20260617.csv,42.16,79.235,42.9042,26.1742,61.8628,9.949,-16.9557,-42.8382,187.3333,507.0423,140704.85,0.5615,133.0,133.0,133.0,38.3,12.15,5.31,-45.6048,0.4564,64.6657,-30.3297,-67.594,-67.594,-67.594,254.7325,711.6761
20260618,8291,尚茂,TPEx,47.4,47.4,47.4,47.4,8000.0,379200.0,TPEX_OTC_QUOTES_NO1430_JSON,data/daily_price/daily_price_20260618.csv,42.29,77.46,43.4442,26.5097,60.6576,9.9768,1.3904,-42.8227,216.0,562.9371,132154.85,0.0605,133.0,133.0,133.0,38.3,12.15,5.31,-38.8071,9.1056,78.8027,-21.8564,-64.3609,-64.3609,-64.3609,290.1235,792.6554
20260622,8291,尚茂,TPEx,52.1,52.1,52.1,52.1,491000.0,25581100.0,TPEX_OTC_QUOTES_NO1430_JSON,data/daily_price/daily_price_20260622.csv,44.2,75.51,44.0625,26.8791,59.9445,9.9156,22.4442,-42.8101,247.3333,570.5277,152154.85,3.227,133.0,133.0,133.0,38.3,12.15,5.31,-31.0025,18.2411,93.831,-13.0862,-60.8271,-60.8271,-60.8271,328.8066,881.1676
20260623,8291,尚茂,TPEx,46.9,49.8,46.9,49.8,318000.0,15039600.0,TPEX_OTC_QUOTES_NO1430_JSON,data/daily_price/daily_price_20260623.csv,46.32,73.0,44.6508,27.2274,59.0991,-4.4146,27.0408,-50.2,243.4483,522.5,163054.85,1.9503,133.0,133.0,133.0,38.3,12.15,5.31,-31.7808,11.5321,82.9039,-15.7347,-62.5564,-62.5564,-62.5564,309.8765,837.8531
20260624,8291,尚茂,TPEx,47.85,47.85,45.5,47.5,54000.0,2517500.0,TPEX_OTC_QUOTES_NO1430_JSON,data/daily_price/daily_price_20260624.csv,47.98,69.875,45.2008,27.5568,58.1325,-4.6185,21.1735,-56.8182,227.5862,495.9849,160254.85,0.337,133.0,133.0,133.0,38.3,12.15,5.31,-32.0215,5.0866,72.371,-18.2901,-64.2857,-64.2857,-64.2857,290.9465,794.5386
20260625,8291,尚茂,TPEx,48.0,48.0,46.1,46.1,82000.0,3839600.0,TPEX_OTC_QUOTES_NO1430_JSON,data/daily_price/daily_price_20260625.csv,48.58,66.13,45.7275,27.88,57.1298,-2.9474,6.9606,-61.9008,217.931,529.7814,158304.85,0.518,133.0,133.0,133.0,38.3,12.15,5.31,-30.2888,0.8146,65.3515,-19.3065,-65.3383,-65.3383,-65.3383,279.4239,768.1733
20260626,8291,尚茂,TPEx,46.1,46.1,44.0,44.0,43000.0,1918650.0,TPEX_OTC_QUOTES_NO1430_JSON,data/daily_price/daily_price_20260626.csv,47.9,61.68,46.2383,28.1823,56.0356,-4.5553,-7.173,-66.9173,229.588,469.9482,153804.85,0.2796,133.0,133.0,133.0,38.3,12.15,5.31,-28.6641,-4.8409,56.1262,-21.4785,-66.9173,-66.9173,-66.9173,262.1399,728.6252
